BDAP,A1,A2,A3,A4,A5
111142930451558302,0.0,0.0,0.0,0.0,0.0
111142930456078402,2.0,9.304816194282946,92.43853820598007,7.623658657073975,102.35297736825869
111142930549694901,0.0,0.0,0.0,0.0,0.0
111242928159168602,0.0,0.0,0.0,0.0,0.0
111342928035516202,3.963855504989624,7.9246302724562465,112.17156186164632,75.09099578857422,657.7443071313863
111442929417157902,2.076923131942749,6.161334261868169,400.8479052823315,127.53485107421875,800.9734723025115
111642930521380602,0.0,0.0,0.0,0.0,0.0
111742930520228201,1.502304196357727,4.0706955900500095,780.8126907839189,125.99991607666016,883.3409347876083
111742930546032201,0.0,0.0,0.0,0.0,0.0
111842930472913601,0.0,0.0,0.0,0.0,0.0
111942930075789802,0.0,0.0,0.0,0.0,0.0
111942930475464201,3.8333332538604736,5.20708593385441,24.94995333644424,12.615226745605469,62.485032829679845
112242929589459502,0.0,0.0,0.0,0.0,0.0
112442930475351402,0.0,0.0,0.0,0.0,0.0
112442930547500901,0.0,0.0,0.0,0.0,0.0
112542930549591602,0.0,0.0,0.0,0.0,0.0
112642930518447902,0.0,0.0,0.0,0.0,0.0
112642930527384301,0.0,0.0,0.0,0.0,0.0
112942930456488402,1.097561001777649,4.193165181769341,7.456733524355301,26.457382202148438,171.91977052538306
112942930511152602,4.76086950302124,5.3067584557502885,65.97583801259145,31.703536987304688,244.11089309358607
112942930520095401,0.0,0.0,0.0,0.0,0.0
112942930526084102,0.0,0.0,0.0,0.0,0.0
112942930546542602,0.0,0.0,0.0,0.0,0.0
113042930446652901,4.011111259460449,11.714614472426973,303.2271362271362,89.73978424072266,1054.315275342745
113042930459198201,0.0,11.825864099270182,22.5492999702115,3.2356109619140625,23.651728780347035
113242929494046101,0.0,0.0,0.0,0.0,0.0
113242929989809401,0.0,0.0,0.0,0.0,0.0
113242930525412901,0.0,0.0,0.0,0.0,0.0
113342930540408502,0.0,0.0,0.0,0.0,0.0
113442928800667002,0.0,0.0,0.0,0.0,0.0
113642930452986502,0.0,0.0,0.0,0.0,0.0
113742928592687902,0.0,0.0,0.0,0.0,0.0
113842930528713802,1.1445783376693726,14.348197735885325,90.90158172231986,95.06126403808594,1190.9004421066525
113942930453012402,0.0,0.0,0.0,0.0,0.0
113942930543093902,0.0,0.0,0.0,0.0,0.0
114042930544217902,0.0,0.0,0.0,0.0,0.0
114242930474451702,0.0,0.0,0.0,0.0,0.0
114342930531636602,0.0,0.0,0.0,0.0,0.0
114442930473232502,0.0,0.0,0.0,0.0,0.0
114542930460128001,0.0,0.0,0.0,0.0,0.0
114642930550556102,0.0,0.0,0.0,0.0,0.0
114742930453726801,0.0,0.0,0.0,0.0,0.0
114742930536446301,0.0,0.0,0.0,0.0,0.0
114842930517178501,2.5726494789123535,6.325856510603882,152.4396836808052,81.63539123535156,740.1252341968734
115042930473371901,0.0,0.0,0.0,0.0,0.0
115142930468670302,0.9024389982223511,6.465244784840542,10.970729576234163,68.86808776855469,530.150068250167
115142930475433101,0.0,0.0,0.0,0.0,0.0
115242928210658501,0.0,0.0,0.0,0.0,0.0
115242930059291902,3.25,16.280132838657924,168.578125,19.414169311523438,195.36158791610174
115242930541272802,0.0,0.0,0.0,0.0,0.0
115242930543567601,0.0,0.0,0.0,0.0,0.0
115642930548436401,0.0,0.0,0.0,0.0,0.0
115742928293162401,0.0,0.0,0.0,0.0,0.0
115742930529898402,0.0,0.0,0.0,0.0,0.0
116142930549453302,0.0,0.0,0.0,0.0,0.0
116242928577698301,0.0,0.0,0.0,0.0,0.0
116242930137942201,0.0,0.0,0.0,0.0,0.0
116242930508328601,0.0,0.0,0.0,0.0,0.0
116342930537140702,0.0,0.0,0.0,0.0,0.0
116442929000220902,3.0,3.0400248745031524,4.9136513157894735,0.8536999225616455,6.080049615157278
116442930516457902,0.0,0.0,0.0,0.0,0.0
116542930525090302,0.0,0.0,0.0,0.0,0.0
116542930529336002,0.0,0.0,0.0,0.0,0.0
116642930529136802,0.0,0.0,0.0,0.0,0.0
116642930539090401,2.411290407180786,3.9793104292590105,61.445892097604656,51.4954833984375,493.43449897433067
116742928739525602,0.0,0.0,0.0,0.0,0.0
116742930532472902,0.0,0.0,0.0,0.0,0.0
116742930546334201,1.5387930870056152,7.295908753301056,1467.0853873239437,146.47532653808594,1692.6507590055255
116842930454465301,4.676470756530762,13.197960245164193,353.9384615384615,40.409523010253906,897.4612996995851
117042930453153601,3.950000047683716,6.332503073770492,70.52065573770491,32.95263671875,253.30011766477492
117042930548083602,0.0,15.879565575879491,0.0,72.60122680664062,587.5439207082737
117142930529346502,0.0,0.0,0.0,0.0,0.0
117242930542099701,0.0,0.0,0.0,0.0,0.0
117442930538907902,3.175438642501831,4.7225961402466625,41.3969223806291,41.00328063964844,269.1879711302192
117642930521238202,0.0,0.0,0.0,0.0,0.0
117742930508207301,0.0,0.0,0.0,0.0,0.0
117742930530612302,0.0,0.0,0.0,0.0,0.0
117842930473510401,4.657534122467041,8.473528460543339,201.43783958602847,55.140647888183594,618.567592266522
118242930535103802,0.0,0.0,0.0,0.0,0.0
118742929012963801,0.0,0.0,0.0,0.0,0.0
118742929424205701,0.0,0.0,0.0,0.0,0.0
118742930461810902,2.799999952316284,9.788675296078821,31.914012738853504,4.253589630126953,48.94337589725567
118742930524063701,3.25,5.776698661212087,28.608385370205173,12.171379089355469,115.53396912710035
118742930527891202,0.0,0.0,0.0,0.0,0.0
118742930530890402,0.0,0.0,0.0,0.0,0.0
118742930533556102,0.0,0.0,0.0,0.0,0.0
118742930534065002,0.0,0.0,0.0,0.0,0.0
118842930455593301,0.0,0.0,0.0,0.0,0.0
119042929528989701,0.0,0.0,0.0,0.0,0.0
119142930531415701,2.0,31.519008385335415,41.031513260530424,9.063464164733887,63.03801920826833
119242930463926601,0.0,0.0,0.0,0.0,0.0
119442930526684402,0.0,0.0,0.0,0.0,0.0
119542930473450501,0.0,0.0,0.0,0.0,0.0
119642930460902801,0.0,0.0,0.0,0.0,0.0
119642930474784802,0.0,0.0,0.0,0.0,0.0
119642930543451002,0.0,0.0,0.0,0.0,0.0
119742930531276501,0.0,0.0,0.0,0.0,0.0
119942930518238201,0.0,0.0,0.0,0.0,0.0
119942930529966301,1.0,7.761226191833941,7.761313868613139,0.5681174397468567,7.761226191833941
121242929321210202,1.7931034564971924,9.370905022872122,1902.297697368421,220.96176147460938,1902.2936391751036
121242930508820902,2.6641221046447754,4.612485862895279,82.06458837230136,68.94932556152344,604.2356289078725
121242930520578002,0.0,0.0,0.0,0.0,0.0
121342930459339902,0.0,0.0,0.0,0.0,0.0
121342930532867601,0.0,0.0,0.0,0.0,0.0
121642928932197502,1.3061224222183228,8.245490847092606,77.17300789662599,105.15940856933594,808.0580947512672
121642930531710102,1.4803920984268188,6.562614100445481,37.50298155024129,70.60063934326172,669.3866153354041
121742928857169102,0.0,0.0,0.0,0.0,0.0
121942930532691902,3.6666667461395264,7.573510094026549,70.8279603876949,20.203876495361328,159.04371719585407
122042930453747502,0.0,0.0,0.0,0.0,0.0
122142930476059801,0.0,0.0,0.0,0.0,0.0
122142930524050702,28.0,2.54412905921681,7.632388835827231,0.9182760715484619,7.632387261854721
122242930516823202,0.0,0.0,0.0,0.0,0.0
122242930542103301,0.0,0.0,0.0,0.0,0.0
122342929604572701,0.0,0.0,0.0,0.0,0.0
122342930478315301,5.590909004211426,18.492465593956954,57.609271523178805,17.15334701538086,406.83423563976163
122342930518922302,0.0,0.0,0.0,0.0,0.0
122342930519827402,0.0,0.0,0.0,0.0,0.0
122642930459111602,2.25,11.76741519161796,62.13496280552604,6.709314823150635,94.13931841956695
122642930550255802,0.0,0.0,0.0,0.0,0.0
122742930457734301,0.0,0.0,0.0,0.0,0.0
122742930471847401,3.9350650310516357,8.36381754142389,188.32993445010925,80.30741119384766,644.0139651885453
122842930473415802,5.0,23.97570821436125,106.68527918781726,15.893595695495605,143.85425091273893
122842930534949401,3.909090995788574,9.558176898539847,38.210152838427945,15.628889083862305,105.13994159448616
122842930544924201,0.0,156.95782727858986,0.0,16.023921966552734,156.95782727858986
122942929194588301,0.0,0.0,0.0,0.0,0.0
123042930475944402,0.0,0.0,0.0,0.0,0.0
123142930463041001,0.0,0.0,0.0,0.0,0.0
123142930474506401,0.0,0.0,0.0,0.0,0.0
123242929642362602,0.0,0.0,0.0,0.0,0.0
123442930527137401,0.0,0.0,0.0,0.0,0.0
123442930543516602,0.0,0.0,0.0,0.0,0.0
123542930548721902,0.0,0.0,0.0,0.0,0.0
123642930526093702,43.14285659790039,16.856299836375367,79.40081120943952,14.206437110900879,117.99410029498524
123642930543678502,2.40816330909729,6.153792748741141,73.01230883998508,96.83683013916016,603.0716643026631
123742930477029802,0.07777778059244156,27.741932017878973,437.9254278728606,70.80072784423828,2496.7738796213143
123742930480013402,0.0,0.0,0.0,0.0,0.0
123842930472867801,0.0,0.0,0.0,0.0,0.0
123942930458498402,0.0,0.0,0.0,0.0,0.0
124242930458525101,0.0,0.0,0.0,0.0,0.0
124242930509420702,0.0,0.0,0.0,0.0,0.0
124342930525826602,0.0,0.0,0.0,0.0,0.0
124342930527986701,0.0,0.0,0.0,0.0,0.0
124542930520334001,1.6666666269302368,2.5159527159361366,10.660848869496231,1.942314863204956,15.095716222984741
124742930477121702,1.1707316637039185,16.984268344709896,71.97326507394767,38.86353302001953,696.3550226691098
124942927917484702,0.0,0.0,0.0,0.0,0.0
125042930526270701,0.0,0.0,0.0,0.0,0.0
125042930531186701,0.0,0.0,0.0,0.0,0.0
125142930542024401,0.2393617033958435,10.973938319394213,197.34538878842676,244.88442993164062,2063.10033848844
125242930523820602,5.262295246124268,20.51044832046649,332.4796320630749,135.71018981933594,1251.1373263946814
125342930454820802,0.0,10.658180712090164,0.0,2.130913019180298,21.316360623719262
125442929568624202,0.0,0.0,0.0,0.0,0.0
125442929765978601,3.153846263885498,9.904965454582786,134.69382391590014,113.51235961914062,1030.1164358171307
125442930529058102,0.0,0.0,0.0,0.0,0.0
125442930531011902,0.0,0.0,0.0,0.0,0.0
125742930453762001,2.25,4.503666849569475,39.55124092520682,5.2786102294921875,54.044001597157006
125742930530905702,0.0,0.0,0.0,0.0,0.0
126142928602946801,0.0,0.0,0.0,0.0,0.0
126142930532118001,0.0,0.0,0.0,0.0,0.0
126442930456035301,0.0,0.0,0.0,0.0,0.0
126442930459684102,0.0,0.0,0.0,0.0,0.0
126542930458708001,0.0,0.0,0.0,0.0,0.0
126542930517020901,1.0,8.248759728351622,8.248091603053435,0.5769364237785339,8.248759728351622
126542930526631202,0.0,0.0,0.0,0.0,0.0
126742930534060501,2.9555554389953613,7.389360343417169,138.30322083921467,44.82188415527344,332.5212173021361
126842930458679802,0.0,0.0,0.0,0.0,0.0
127042930509937601,0.0,0.0,0.0,0.0,0.0
127242930465170502,0.0,0.0,0.0,0.0,0.0
127342930544319402,0.0,0.0,0.0,0.0,0.0
127442930521046502,3.055555582046509,10.033884876179245,73.44811320754717,47.803741455078125,361.2198469054024
127442930526713101,3.1025640964508057,12.81903444840604,94.47651006711409,79.18146514892578,999.8847234254449
127542929927508201,3.125,4.918334563314332,13.652551574375678,3.770383834838867,39.346676639055715
127742930538769502,0.0,0.0,0.0,0.0,0.0
127842930478658501,0.0,0.0,0.0,0.0,0.0
127942930476460801,0.0,0.0,0.0,0.0,0.0
128042930530738002,0.0,0.0,0.0,0.0,0.0
128042930530834301,0.7894737124443054,5.919557849245349,18.36117936117936,76.34727478027344,449.88641519218464
128242930475470402,0.0,0.0,0.0,0.0,0.0
128242930533241301,0.0,0.0,0.0,0.0,0.0
128342930480027202,0.0,0.0,0.0,0.0,0.0
128442930525819801,0.0,0.0,0.0,0.0,0.0
128442930543538501,0.0,0.0,0.0,0.0,0.0
128542930509668001,0.0,0.0,0.0,0.0,0.0
128642930463054502,0.0,0.0,0.0,0.0,0.0
128642930516861302,0.0,0.0,0.0,0.0,0.0
129242930521771901,4.869565010070801,11.909976402635676,101.62277580071175,31.225074768066406,273.9294635867733
129342929605912602,0.0,0.0,0.0,0.0,0.0
129342930475939201,0.0,0.0,0.0,0.0,0.0
129442930457306502,1.84375,15.8212001597514,404.78991596638656,93.57049560546875,1518.835248119023
129542928219724801,4.0,11.6504303416567,11.650717703349283,0.5748704671859741,11.6504303416567
129542930532555102,0.0,0.0,0.0,0.0,0.0
129542930538128702,0.0,90.7791440700569,85.92105263157895,16.507369995117188,90.7791440700569
129642930544823502,1.2083333730697632,29.362907247340427,159.48936170212767,23.49257469177246,704.7097843124511
129742930546105901,5.615384578704834,8.957272884589411,56.49878444084279,17.910600662231445,116.44454796130049
129742930549689001,0.0,0.0,0.0,0.0,0.0
129942930463915001,0.0,0.0,0.0,0.0,0.0
129942930517119002,0.0,0.0,0.0,0.0,0.0
131242930547233301,0.0,0.0,0.0,0.0,0.0
131342930449411402,3.17391300201416,13.526578235574306,321.9172563962983,71.50162506103516,622.2225758444049
131742930464510202,0.0,0.0,0.0,0.0,0.0
131942930456273702,0.0,0.0,0.0,0.0,0.0
132042930544478501,0.0,0.0,0.0,0.0,0.0
132142930516846102,0.0,0.0,0.0,0.0,0.0
132142930543892602,0.0,0.0,0.0,0.0,0.0
132242930544450901,0.0,0.0,0.0,0.0,0.0
132242930546422601,0.0,0.0,0.0,0.0,0.0
132342930477421702,0.0,0.0,0.0,0.0,0.0
132342930525346801,4.5,0.9711284329964582,1.3950903761602345,0.27837538719177246,1.9422569256266793
132442930316683302,0.0,0.0,0.0,0.0,0.0
132642930457432501,2.9245283603668213,9.659875595674487,196.54461667364893,131.8771514892578,1023.9468120244142
132642930528427002,2.192307710647583,20.350476281117583,104.00211864406779,148.10206604003906,1587.3371733629097
133042930530349202,0.0,0.0,0.0,0.0,0.0
133042930549781002,0.0,0.0,0.0,0.0,0.0
133242930477853802,0.0,38.39913059112843,38.39903489235338,1.6710201501846313,38.39913059112843
133342930526510901,0.0,0.0,0.0,0.0,0.0
133442929373095001,0.0,0.0,0.0,0.0,0.0
133742930510374501,0.0,0.0,0.0,0.0,0.0
133842928067730402,13.833333015441895,6.659010410308838,17.296875,3.7502620220184326,39.954062044620514
133942930515980301,0.0,0.0,0.0,0.0,0.0
133942930517455202,4.55555534362793,12.27707174948386,114.87987987987988,37.50994873046875,331.4809297670473
133942930519424601,0.0,0.0,0.0,0.0,0.0
134042929268266502,0.0,0.0,0.0,0.0,0.0
134142930456974502,0.0,0.0,0.0,0.0,0.0
134342930526904002,0.0,0.0,0.0,0.0,0.0
134342930541890202,0.0,0.0,0.0,0.0,0.0
134442928030278202,4.71875,10.15438109405281,122.11046511627907,65.3734359741211,649.880367397338
134442930530421902,0.0,0.0,0.0,0.0,0.0
134542928005472101,0.0,0.0,0.0,0.0,0.0
134542930452103202,0.0,0.0,0.0,0.0,0.0
134542930479743002,0.0,0.0,0.0,0.0,0.0
134542930515885601,0.0,0.0,0.0,0.0,0.0
134642930516950001,0.0,0.0,0.0,0.0,0.0
134642930545090501,0.0,0.0,0.0,0.0,0.0
134942930519119102,0.0,0.0,0.0,0.0,0.0
134942930538026601,0.0,0.0,0.0,0.0,0.0
135042930544385201,0.27941176295280457,8.570109658191887,11.155926352128883,88.61994934082031,582.7674495400164
135142930528286501,0.0,0.0,0.0,0.0,0.0
135242929303665102,0.0,0.0,0.0,0.0,0.0
135442930470672302,3.08695650100708,8.454225614851959,79.55921680993315,16.30529022216797,194.44719977866157
135442930477857901,0.0,0.0,0.0,0.0,0.0
135442930507917802,0.0,0.0,0.0,0.0,0.0
135442930542827201,0.0,0.0,0.0,0.0,0.0
135542928235893302,0.0,0.0,0.0,0.0,0.0
135642930479563102,0.0,0.0,0.0,0.0,0.0
135742930519956701,0.0,0.0,0.0,0.0,0.0
135842928236098401,0.0,0.0,0.0,0.0,0.0
135842930536357601,2.6818182468414307,13.086752647210744,79.71763085399449,22.734766006469727,287.9085557270313
136042930476722802,0.0,0.0,0.0,0.0,0.0
136142930455392102,0.0,0.0,0.0,0.0,0.0
136142930458954702,0.0,78.4096984235778,78.4096739449721,15.048262596130371,78.4096984235778
136242930459147501,0.0,0.0,0.0,0.0,0.0
136242930477909801,0.0,0.0,0.0,0.0,0.0
136442929721382302,0.0,0.0,0.0,0.0,0.0
136542928086560001,0.0,0.0,0.0,0.0,0.0
136542930528454802,3.7916667461395264,4.457076913339121,58.29490740740741,33.802162170410156,213.9396844704946
136642929104783902,1.6666666269302368,1.2641012659300435,3.7926247288503254,0.7863702178001404,3.7923036389133675
136642930473633302,0.0,0.0,0.0,0.0,0.0
136642930516789801,0.0,0.0,0.0,0.0,0.0
136642930523848802,0.0,0.0,0.0,0.0,0.0
136642930529001601,0.0,0.0,0.0,0.0,0.0
136642930529692001,0.0,0.0,0.0,0.0,0.0
136742930447072601,0.0,0.0,0.0,0.0,0.0
136742930524580802,0.0,0.0,0.0,0.0,0.0
136742930529409401,0.0,0.0,0.0,0.0,0.0
136842930473053701,5.599999904632568,9.244038872792494,67.47858719646798,23.943220138549805,184.88077028792426
136842930509823702,0.27272728085517883,5.997957007868902,7.432021128056371,54.21043395996094,527.8201998278424
137142930450130801,0.6634615659713745,3.91259107256609,16.713026860600912,61.55297088623047,406.9094555210138
137142930542063202,3.200000047683716,15.721045873955433,124.51532033426184,26.824459075927734,393.02615670971886
137142930548214702,0.0,0.0,0.0,0.0,0.0
137242930534526902,0.0,0.0,0.0,0.0,0.0
137442928091164701,0.0,0.0,0.0,0.0,0.0
137442930473557502,2.4000000953674316,5.2322142015214625,13.78757375911142,2.9526665210723877,26.16107055565197
137442930517981002,2.5824174880981445,4.464874809985968,34.92446211412535,82.33638763427734,406.3036038333618
137642930535030001,0.0,0.0,0.0,0.0,0.0
137742930541310502,0.0,0.0,0.0,0.0,0.0
137842930529236702,2.153846263885498,37.601410271139706,148.78235294117647,15.525203704833984,488.81834914263555
138042930472490102,0.0,0.0,0.0,0.0,0.0
138042930532021202,0.0,0.0,0.0,0.0,0.0
138242930467934502,0.0,160.4071208424297,50.48080133555926,16.342220306396484,160.4071208424297
138242930516299601,2.0,6.850200206107222,207.77597641857037,27.81070327758789,321.95940741565005
138542930473712401,2.9052631855010986,5.538582678125488,111.41532698610894,56.7741813659668,526.1653306525528
138542930510041202,0.0,0.0,0.0,0.0,0.0
138642930447265701,0.0,0.0,0.0,0.0,0.0
138642930528352101,0.0,0.0,0.0,0.0,0.0
138742930466694401,0.0,0.0,0.0,0.0,0.0
138842930447969802,0.0,0.0,0.0,0.0,0.0
138842930510699801,0.0,0.0,0.0,0.0,0.0
139042930518753001,2.0,21.270149670175908,35.54904051172708,7.50546407699585,42.540298299240405
139242929091334801,0.0,0.0,0.0,0.0,0.0
139242930528119601,2.375,8.633058051842486,69.06502890173411,3.239650011062622,69.06446695052131
139342930529079402,0.0,0.0,0.0,0.0,0.0
139342930536041402,0.0,0.0,0.0,0.0,0.0
139642930470719502,0.0,0.0,0.0,0.0,0.0
139842927994817202,2.9636363983154297,7.600080347021847,143.4068425391591,38.59817123413086,418.00441453010706
139842930508561902,2.5877861976623535,4.88544133225324,143.5704315624555,61.33738708496094,639.9928509113545
139942930542738402,0.0,0.0,0.0,0.0,0.0
141142929230384801,0.0,0.0,0.0,0.0,0.0
141342930533725002,0.0,0.0,0.0,0.0,0.0
141542927945008302,0.0,0.0,0.0,0.0,0.0
141942930527918802,0.0,0.0,0.0,0.0,0.0
142042928242898502,0.0,0.0,0.0,0.0,0.0
142242930521644402,0.0,0.0,0.0,0.0,0.0
142242930527228701,0.0,0.0,0.0,0.0,0.0
142342930479210702,0.0,0.0,0.0,0.0,0.0
142342930543992402,0.0,0.0,0.0,0.0,0.0
142542930456763202,0.0,0.0,0.0,0.0,0.0
142542930510792801,0.0,0.0,0.0,0.0,0.0
142542930528712602,0.0,0.0,0.0,0.0,0.0
142642930466984202,0.0,0.0,0.0,0.0,0.0
142742930454799701,0.0,0.0,0.0,0.0,0.0
142742930545407002,0.0,0.0,0.0,0.0,0.0
142842930526424402,0.0,0.0,0.0,0.0,0.0
142942930519535801,2.3684210777282715,3.216160175628521,47.512486336500466,25.83632469177246,122.21409254876777
142942930526801701,0.0,0.0,0.0,0.0,0.0
142942930544449401,0.0,0.0,0.0,0.0,0.0
143042930462302501,0.0,0.0,0.0,0.0,0.0
143342930519396801,46.5,21.71754729383842,98.65971705137751,21.434152603149414,130.30528667163068
143442930473411701,0.0,0.0,0.0,0.0,0.0
143542930508193002,0.0,0.0,0.0,0.0,0.0
143942930476759202,0.0,0.0,0.0,0.0,0.0
143942930547024101,0.0,0.0,0.0,0.0,0.0
144042930518784002,0.0,0.0,0.0,0.0,0.0
144142930516627302,0.9468085169792175,10.714506690550943,185.84565525622847,76.62377166748047,1007.1636584909527
144242928758061801,0.0,0.0,0.0,0.0,0.0
144342930516888102,0.0,0.0,0.0,0.0,0.0
144342930536405301,4.263157844543457,12.514936873681435,100.77974683544304,34.68531799316406,237.7838081456438
144342930546083402,0.0,0.0,0.0,0.0,0.0
144442930475711802,0.0,0.0,0.0,0.0,0.0
144542930477317802,3.0,5.865773294330487,130.14306538942108,86.52030944824219,662.8323993964873
144642930465883002,0.0,0.0,0.0,0.0,0.0
144642930473806401,4.285714149475098,17.495623442292946,194.579754601227,27.71805191040039,489.8774617376503
144642930532617302,0.0,0.0,0.0,0.0,0.0
144742930542766901,0.0,0.0,0.0,0.0,0.0
144842930530614201,0.0,0.0,0.0,0.0,0.0
144942930519506501,0.0,0.0,0.0,0.0,0.0
145042930473345201,0.0,0.0,0.0,0.0,0.0
145042930516473101,1.0,6.358012550127151,12.311424100156495,1.376286506652832,12.716025386804333
145142930461490302,0.0,0.0,0.0,0.0,0.0
145242930530017602,0.0,0.0,0.0,0.0,0.0
145342929703889902,2.118811845779419,11.649066392010935,275.70716889428917,110.89279174804688,1176.5557101807067
145542930449651701,0.0,0.0,0.0,0.0,0.0
145542930461706001,0.0,0.0,0.0,0.0,0.0
145542930537934402,0.0,0.0,0.0,0.0,0.0
145642930539008501,0.0,0.0,0.0,0.0,0.0
145842930447522202,0.0,0.0,0.0,0.0,0.0
145842930541202802,0.0,0.0,0.0,0.0,0.0
145942929820831802,0.0,0.0,0.0,0.0,0.0
146142930450300301,0.0,0.0,0.0,0.0,0.0
146142930463763601,1.0,0.11330924434040499,0.2266561045648084,0.037990082055330276,0.22661848868080997
146242930520059602,0.0,0.0,0.0,0.0,0.0
146542930451341801,0.0,0.0,0.0,0.0,0.0
146642930536166401,113.33333587646484,9.24876640640566,16.36341900777047,3.951514482498169,27.746299997509464
146642930542554401,0.0,0.0,0.0,0.0,0.0
146742930476644701,0.0,0.0,0.0,0.0,0.0
146742930509457302,0.0,0.0,0.0,0.0,0.0
146842930530364101,0.0,0.0,0.0,0.0,0.0
146842930542607102,0.0,0.0,0.0,0.0,0.0
146942928726482201,0.0,0.0,0.0,0.0,0.0
147042929295093101,0.21875,14.889551782968596,383.058786359711,398.7059631347656,4764.656742301187
147042930517911201,0.0,0.0,0.0,0.0,0.0
147342930463839802,0.0,0.0,0.0,0.0,0.0
147442930452303701,0.0,0.0,0.0,0.0,0.0
147442930533789501,0.0,0.0,0.0,0.0,0.0
147542930462402502,0.0,0.0,0.0,0.0,0.0
147642929372880402,0.0,0.0,0.0,0.0,0.0
147642930528895902,0.0,0.0,0.0,0.0,0.0
147842930535076502,0.0,0.0,0.0,0.0,0.0
148042930511023901,0.0,0.0,0.0,0.0,0.0
148142930539768402,0.0,0.0,0.0,0.0,0.0
148242929249038602,0.0,0.0,0.0,0.0,0.0
148342930537454201,0.0,0.0,0.0,0.0,0.0
148542930479380901,0.0,0.0,0.0,0.0,0.0
148642930479971702,0.0,0.0,0.0,0.0,0.0
148942930528636601,0.0,0.0,0.0,0.0,0.0
149042930519576702,0.0,0.0,0.0,0.0,0.0
149242930469838702,3.545454502105713,5.486923450322392,23.796014067995312,52.70478439331055,422.49310796565493
149242930523100401,0.0,0.0,0.0,0.0,0.0
149242930528314001,0.0,0.0,0.0,0.0,0.0
149242930538102502,0.0,0.0,0.0,0.0,0.0
149342930456788201,0.0,0.0,0.0,0.0,0.0
149542928726666202,0.0,0.0,0.0,0.0,0.0
149642928653501701,0.0,0.0,0.0,0.0,0.0
149642930464155901,0.0,0.0,0.0,0.0,0.0
149842930518260702,0.0,0.0,0.0,0.0,0.0
149842930550702801,0.0,0.0,0.0,0.0,0.0
151342930508974301,0.0,0.0,0.0,0.0,0.0
151542930475519001,0.0,0.0,0.0,0.0,0.0
151742927963730101,0.0,0.0,0.0,0.0,0.0
151842930448135701,0.0,0.0,0.0,0.0,0.0
151842930463750102,2.142857074737549,13.18820397188347,82.46883468834689,2.977109670639038,92.31742490856305
151942930544978002,0.0,0.0,0.0,0.0,0.0
152042930464035102,0.0,0.0,0.0,0.0,0.0
152042930477182301,0.0,0.0,0.0,0.0,0.0
152042930531609501,0.0,0.0,0.0,0.0,0.0
152142930534314602,0.0,0.0,0.0,0.0,0.0
152242930543096402,0.0,0.0,0.0,0.0,0.0
152342928770281901,2.857142925262451,7.7557950670272815,75.28793508936971,38.34670639038086,380.0339434475688
152342930450686901,0.0,0.0,0.0,0.0,0.0
152542930476846501,3.5999999046325684,1.2826567612553843,3.925115970841617,0.6036969423294067,6.413283745605792
153142930542972702,0.0,0.0,0.0,0.0,0.0
153342930458996002,0.0,0.0,0.0,0.0,0.0
153342930475440202,4.095238208770752,7.747039450479684,95.52821670428894,21.236167907714844,162.68782587388657
153442930467893301,0.0,0.0,0.0,0.0,0.0
153642930449164501,0.0,0.0,0.0,0.0,0.0
153642930516703902,0.0,0.0,0.0,0.0,0.0
153842930524916302,10.0,2.2671863753598847,9.068857965451055,1.029837727546692,9.068745267139516
153942930516129101,2.0701754093170166,4.8645129643733185,831.8303529039405,116.12037658691406,831.8317061115771
154142928025264602,0.0,0.0,0.0,0.0,0.0
154142930537343902,0.0,0.0,0.0,0.0,0.0
154342930515951901,0.0,0.0,0.0,0.0,0.0
154342930521332601,2.762500047683716,11.193578796809986,290.3489786912117,124.15853118896484,895.4863338169843
154342930532730101,2.4554455280303955,10.665931663207827,223.5704120960569,94.8278579711914,1077.2590659362359
154342930544862901,0.0,0.0,0.0,0.0,0.0
154442930342690301,3.2201833724975586,4.167295725798225,93.18004692441089,76.71649169921875,454.2352126675164
154542930547669701,0.0,0.0,0.0,0.0,0.0
154642930450207102,0.0,0.0,0.0,0.0,0.0
154642930453645502,2.6145832538604736,5.454058385389391,118.2532355801601,81.49539947509766,523.5895817929951
154742928946604302,0.0,0.0,0.0,0.0,0.0
154842930457094601,0.0,0.0,0.0,0.0,0.0
154942930521003602,2.9350650310516357,7.946976958491236,140.73484130743722,56.52381896972656,611.917190461405
155042930546029701,7.0,20.706904202063107,38.46990291262136,8.31274127960205,62.12071023589199
155142930532843201,0.0,0.0,0.0,0.0,0.0
155342930473738501,0.0,0.0,0.0,0.0,0.0
155442928135508801,5.066666603088379,9.585815598060345,78.70758620689655,45.86489486694336,287.57446947821256
155442930458741801,0.0,0.0,0.0,0.0,0.0
155442930546716402,0.0,0.0,0.0,0.0,0.0
155542930467099901,0.0,0.0,0.0,0.0,0.0
155642930519275401,1.5840708017349243,3.960839281615284,111.7179079704771,79.4966049194336,447.5748281802027
155642930546746501,0.0,0.0,0.0,0.0,0.0
155942930517438602,0.0,0.0,0.0,0.0,0.0
155942930525766602,0.0,0.0,0.0,0.0,0.0
156042930537289702,0.0,0.0,0.0,0.0,0.0
156342930522775202,0.0,0.0,0.0,0.0,0.0
156642929575390702,0.0,0.0,0.0,0.0,0.0
156742930529460202,4.222222328186035,11.30775138180272,89.74739229024944,45.274959564208984,305.3092825614946
156842930516325302,0.0,0.0,0.0,0.0,0.0
156942930521143101,0.0,0.0,0.0,0.0,0.0
157042928932618502,0.0,0.0,0.0,0.0,0.0
157042930474743902,0.0,0.0,0.0,0.0,0.0
157242930550208302,0.0,0.0,0.0,0.0,0.0
157342930469553702,4.877192974090576,24.541121917517007,278.64489795918365,117.3563003540039,1398.84399412765
157442930527548402,3.566666603088379,6.835747466216216,128.98876244665718,89.95620727539062,615.217278141114
157642930523961501,2.3563218116760254,12.171548227163461,128.91875,129.04795837402344,1058.924701815385
157742930545228701,2.866666555404663,3.5022908337253056,111.9725305738476,40.4303092956543,262.6718107666705
157842930467986402,0.0,0.0,0.0,0.0,0.0
157842930474296502,0.0,0.0,0.0,0.0,0.0
157842930529640802,0.0,0.0,0.0,0.0,0.0
157942930475444302,0.0,0.0,0.0,0.0,0.0
158042930463092601,1.3911290168762207,6.122254937636089,438.90963741361355,134.54373168945312,1518.3192314289515
158042930478706402,0.0,0.0,0.0,0.0,0.0
158142929189241902,0.0,0.0,0.0,0.0,0.0
158242927979933702,0.0,0.0,0.0,0.0,0.0
158342930478366301,0.0,0.0,0.0,0.0,0.0
158342930516054701,0.0,0.0,0.0,0.0,0.0
158342930526117801,0.0,0.0,0.0,0.0,0.0
158442930519045901,0.0,0.0,0.0,0.0,0.0
158742930467019501,0.5873016119003296,11.005615234375,71.24870466321244,54.78998565673828,693.3537823672121
158742930533543501,0.0,0.0,0.0,0.0,0.0
158742930541831501,0.0,0.0,0.0,0.0,0.0
158842930544096501,2.892857074737549,13.429906366728922,191.2401280683031,33.23903274536133,376.03738429579437
158942930510998002,0.0,0.0,0.0,0.0,0.0
158942930526499202,0.3723404109477997,9.708981666088766,109.58668515950069,125.3121337890625,912.6442476277874
159142928135435302,0.0,0.0,0.0,0.0,0.0
159142930465136102,0.0,0.0,0.0,0.0,0.0
159342930458732502,2.5999999046325684,8.080253255208333,36.516,3.3741090297698975,40.401267578125
159342930525299201,0.5652173757553101,3.879618613372946,15.85093896713615,46.60936737060547,267.6936793506425
159442930509101502,0.0,0.0,0.0,0.0,0.0
159542930515787101,0.0,0.0,0.0,0.0,0.0
159642929166032802,0.0,0.0,0.0,0.0,0.0
159642930549182602,0.0,0.0,0.0,0.0,0.0
159842930524167302,0.0,0.0,0.0,0.0,0.0
161142930541557502,0.0,0.0,0.0,0.0,0.0
161542929309260302,0.40909090638160706,12.890098720209144,45.994163424124515,22.925209045410156,283.5821631464977
161542930531648401,3.392857074737549,15.530238850911458,229.44895833333334,103.54656982421875,1304.5400760412217
161642930467750602,0.0,0.0,0.0,0.0,0.0
161642930549932401,3.1132075786590576,7.366733112459327,151.9175704989154,96.6326675415039,780.8736959610482
161742930524729901,0.0,0.0,0.0,0.0,0.0
161942930445609901,0.0,0.0,0.0,0.0,0.0
161942930458787802,2.765625,4.919830092405482,82.26432009405886,84.8466567993164,629.7382450274052
161942930533316402,0.0,0.0,0.0,0.0,0.0
162042930527284502,0.0,10.65097331030296,100.48288621646624,59.769508361816406,521.897682578116
162242930545636301,0.0,0.0,0.0,0.0,0.0
162342930453250801,0.0,0.0,0.0,0.0,0.0
162342930454060301,0.0,0.0,0.0,0.0,0.0
162442930530754802,0.11224489659070969,11.055660150231125,181.18613251155625,145.99249267578125,1083.4546407990535
162442930531321102,19.33333396911621,54.92795389048992,151.00864553314122,19.059072494506836,164.78386167146974
162542930549518202,3.3333332538604736,9.691653110854805,64.34679665738162,11.348905563354492,87.22487570249935
162642928676339002,2.6666667461395264,3.5803531253981906,45.96534148827727,7.538236618041992,75.18741562947342
162742930541386401,3.923076868057251,11.72370908690781,158.11267605633802,52.85732650756836,457.2246565385298
163342930450908301,0.0,0.0,0.0,0.0,0.0
163342930473979502,4.5625,24.149546030405407,223.12776412776412,11.793323516845703,386.3927518108846
163442930530935502,0.0,0.0,0.0,0.0,0.0
163442930539694902,5.130434989929199,20.77040311633549,210.19593345656193,52.022850036621094,477.71928510119426
163942930544633802,0.0,247.02578432858442,0.0,12.456978797912598,247.02578432858442
164042930460051801,0.0,0.0,0.0,0.0,0.0
164142930540465502,0.0,0.0,0.0,0.0,0.0
164242930447341201,0.0,0.0,0.0,0.0,0.0
164442929816278102,0.4198473393917084,3.352385424960191,14.859447983014862,75.48738098144531,439.1624915219163
164442930540918602,3.411764621734619,7.651258152173913,160.31634782608697,101.85685729980469,780.4283007743669
164542930519765302,0.0,0.0,0.0,0.0,0.0
164642930461808702,0.0,0.0,0.0,0.0,0.0
164642930463614001,0.0,0.0,0.0,0.0,0.0
164942930533952001,0.0,0.0,0.0,0.0,0.0
165442928043802902,0.0,0.0,0.0,0.0,0.0
165442930517273502,0.0,0.0,0.0,0.0,0.0
165542930460232502,0.0,0.0,0.0,0.0,0.0
165542930549612201,0.0,0.0,0.0,0.0,0.0
165742929341386202,0.0,0.0,0.0,0.0,0.0
165742930508698002,0.0,0.0,0.0,0.0,0.0
165742930532248602,0.0,0.0,0.0,0.0,0.0
165842930012164202,0.0,0.0,0.0,0.0,0.0
165842930455941702,0.0,0.0,0.0,0.0,0.0
165842930518748802,0.0,0.0,0.0,0.0,0.0
166042930524047202,0.0,0.0,0.0,0.0,0.0
166342930527989502,0.12437810748815536,4.930616855621338,55.75390625,173.3123779296875,991.054022197728
166542930474173501,0.0,0.0,0.0,0.0,0.0
166642930509729801,0.0,0.0,0.0,0.0,0.0
166842930477693702,3.0526316165924072,12.044592898531493,96.14791224345365,32.06761932373047,228.84727496385406
166942930446842501,0.0,0.0,0.0,0.0,0.0
166942930516676602,0.0,0.0,0.0,0.0,0.0
167142929091270702,0.0,0.0,0.0,0.0,0.0
167142929091319102,0.0,0.0,0.0,0.0,0.0
167242930473687902,3.350877285003662,7.366141366288055,80.92072322670376,63.425132751464844,419.8700662989315
167242930550454301,0.0,0.0,0.0,0.0,0.0
167342930453887901,0.752212405204773,5.141847910544756,22.374321880650996,99.00472259521484,581.0288065561981
167342930476156602,0.0,0.0,0.0,0.0,0.0
167342930531512902,3.0399999618530273,19.848209827060554,207.4793944491169,34.04362106323242,496.20524156985914
167442930473715802,0.0,0.0,0.0,0.0,0.0
167442930524318301,0.0,0.0,0.0,0.0,0.0
167542929021132401,0.0,0.0,0.0,0.0,0.0
167642929703741002,0.0,0.0,0.0,0.0,0.0
167642929946319602,0.0,0.0,0.0,0.0,0.0
167642930464043701,0.0,0.0,0.0,0.0,0.0
167842930517704901,0.0,0.0,0.0,0.0,0.0
167942930451477101,1.514851450920105,8.700202001284246,98.72465753424657,0.0,878.7204146907754
167942930460089502,0.0,0.0,0.0,0.0,0.0
167942930530333001,2.768115997314453,4.4592144373673035,73.70726114649682,46.17544937133789,307.68579082383724
168142930510642701,0.0,5.613345891172046,0.0,45.59849548339844,353.6407866864027
168242930517025502,0.0,0.0,0.0,0.0,0.0
168342929385464201,0.0,0.0,0.0,0.0,0.0
168342930519986502,3.190476179122925,13.901833863384956,517.2389380530974,97.0174331665039,875.8155681060127
168442927948912302,3.2705881595611572,10.611604061547983,121.3069306930693,103.05073547363281,901.9863222061181
168542929456942701,0.0,0.0,0.0,0.0,0.0
168542930515726001,0.0,0.0,0.0,0.0,0.0
168542930533980102,2.4285714626312256,22.32302454771893,343.95228106974304,30.59675407409668,468.7835022836814
168642930529431702,8.0,45.07951718009479,45.07962085308057,4.3671674728393555,45.07951718009479
168842929687124301,3.125,7.981186382820258,25.091360476663358,7.120614051818848,63.84949288088847
168942930531666302,3.642857074737549,8.276582100490865,146.9075538587401,107.40052795410156,695.2328973587573
168942930549296402,0.0,0.0,0.0,0.0,0.0
169242930452916401,0.0,0.0,0.0,0.0,0.0
169442930525777302,3.185185194015503,7.095904356956374,104.28237920466155,105.69132232666016,766.3576545018182
169542930460793202,0.0,0.0,0.0,0.0,0.0
169542930526167301,0.0,0.0,0.0,0.0,0.0
169542930531102902,0.0,0.0,0.0,0.0,0.0
169642930544551501,0.0,0.0,0.0,0.0,0.0
169742930545230402,4.333333492279053,6.516656896056662,36.79555895865237,11.030675888061523,58.64991538265398
169842930460896602,0.0,0.0,0.0,0.0,0.0
169842930525450402,0.0,0.0,0.0,0.0,0.0
169942928779211601,1.402438998222351,7.797737440004173,137.3856427378965,90.05811309814453,639.4144933460551
171242930451390501,0.0,0.0,0.0,0.0,0.0
171442930537661702,0.0,0.0,0.0,0.0,0.0
171542930474857101,0.0,0.0,0.0,0.0,0.0
171642930528089402,0.0,0.0,0.0,0.0,0.0
171642930545331501,0.0,0.0,0.0,0.0,0.0
171642930548872901,0.0,0.0,0.0,0.0,0.0
171742930469562402,0.0,0.0,0.0,0.0,0.0
171742930547131501,0.0,0.0,0.0,0.0,0.0
171842930464726602,1.3899083137512207,4.624712398204591,410.32822173540336,144.24095153808594,1008.1873216122057
171842930474320601,0.0,0.0,0.0,0.0,0.0
171942930537327601,0.0,0.0,0.0,0.0,0.0
172242930457255402,0.0,0.0,0.0,0.0,0.0
172342930453413201,0.3333333432674408,13.271040935905612,23.81122448979592,102.35328674316406,955.5149435778053
172342930526656302,2.6380951404571533,4.093513378362709,90.47235621521335,60.42962646484375,429.8188967377445
172442930461991502,0.0,0.0,0.0,0.0,0.0
172442930516550001,0.0,0.0,0.0,0.0,0.0
172442930519165302,0.0,0.0,0.0,0.0,0.0
172442930532392601,0.0,0.0,0.0,0.0,0.0
172542930479622601,0.0,0.0,0.0,0.0,0.0
172642930519336001,0.0,0.0,0.0,0.0,0.0
172742930527843301,5.045454502105713,32.522786458333336,334.35,29.027835845947266,715.5013066101075
172942930455034402,0.0,0.0,0.0,0.0,0.0
172942930519421902,2.75,5.160257923753956,15.438607594936709,3.0207104682922363,20.64103154049644
173042930533913101,3.5,5.667884950131728,11.335716974030863,1.5260026454925537,11.335769900263456
173142928932478502,0.0,0.0,0.0,0.0,0.0
173142930531959201,0.0,0.0,0.0,0.0,0.0
173242930458027501,0.0,0.0,0.0,0.0,0.0
173342930511232501,2.5714285373687744,10.436196246105204,57.36950146627566,8.113313674926758,73.05337159724529
173342930526722801,0.0,0.0,0.0,0.0,0.0
173742930479305901,0.0,0.0,0.0,0.0,0.0
173742930534262602,0.0,0.0,0.0,0.0,0.0
173842930533276002,0.0,0.0,0.0,0.0,0.0
174042930461713401,0.0,0.0,0.0,0.0,0.0
174042930516249201,3.5,9.732006543075245,43.093784078516904,12.38573169708252,116.78408001449402
174042930548710301,0.0,0.0,0.0,0.0,0.0
174242929514158301,0.0,4.432073544013309,0.0,67.75489044189453,620.4903132082829
174242930538951702,0.0,0.0,0.0,0.0,0.0
174442930054961402,0.0,0.0,0.0,0.0,0.0
174542930452423502,0.0,0.0,0.0,0.0,0.0
174642929385350302,0.0,0.0,0.0,0.0,0.0
174742928236055201,3.269230842590332,9.586460757693303,149.5681406775278,53.91151428222656,498.49596227661164
174842930469978501,2.4918031692504883,8.038978602878007,250.18470790378007,40.88846206665039,490.3776999011482
174842930478757801,0.0,0.0,0.0,0.0,0.0
174942930455252701,0.0,0.0,0.0,0.0,0.0
174942930529771102,0.0,0.0,0.0,0.0,0.0
175042930541851802,0.5979381203651428,6.588379786036036,58.15869715869716,65.2212142944336,639.0728283306499
175042930546232402,0.0,0.0,0.0,0.0,0.0
175142930455190102,0.0,0.0,0.0,0.0,0.0
175142930480181001,0.0,0.0,0.0,0.0,0.0
175142930529037101,1.0,5.1794129824308754,5.969902073732719,1.3150818347930908,10.358825402325749
175342930454055602,0.0,0.0,0.0,0.0,0.0
175342930457543401,4.46875,8.401646924812471,117.09657759024847,29.389041900634766,268.8527028816606
175342930508312801,0.0,0.0,0.0,0.0,0.0
175442930515676102,0.0,0.0,0.0,0.0,0.0
175442930523935601,3.161290407180786,10.469070977625611,86.99162595952546,34.58584213256836,324.54120089736585
175442930525537602,0.0,0.0,0.0,0.0,0.0
175542930517516502,0.0,0.0,0.0,0.0,0.0
175842930518895102,3.71875,12.981501530346444,340.1190414170357,92.76746368408203,830.8161207453973
175842930522254701,0.0,0.0,0.0,0.0,0.0
176042930544553402,0.0,0.0,0.0,0.0,0.0
176142930480559002,1.5892857313156128,5.101698320060379,749.0945242556735,202.7088623046875,1142.7804161246906
176242930523833802,0.0,0.0,0.0,0.0,0.0
176342929201182702,0.0,0.0,0.0,0.0,0.0
176442928242942002,0.0,0.0,0.0,0.0,0.0
176442930548703702,0.0,0.0,0.0,0.0,0.0
176542930469300802,0.0,0.0,0.0,0.0,0.0
176642930543382501,0.0,0.0,0.0,0.0,0.0
176742930477931002,5.8947367668151855,22.031406439623787,268.5339805825243,21.32718276977539,418.59670576077065
176942930476904801,0.0,0.0,0.0,0.0,0.0
176942930478602102,0.0,0.0,0.0,0.0,0.0
177042930546702502,2.545454502105713,6.49136648124731,37.252260008609554,10.91289234161377,71.40502973040064
177342930462158901,0.0,0.0,0.0,0.0,0.0
177342930530273402,0.0,0.0,0.0,0.0,0.0
177342930546684601,0.0,0.0,0.0,0.0,0.0
177542930508507301,0.0,0.0,0.0,0.0,0.0
177642930453702301,0.0,0.0,0.0,0.0,0.0
177742930456060701,0.0,0.0,0.0,0.0,0.0
177842930460193901,0.0,0.0,0.0,0.0,0.0
178042930479266802,1.75,58.005171654929576,232.02071251035625,16.79825782775879,232.0206813132753
178142930462707102,0.0,0.0,0.0,0.0,0.0
178142930528847201,0.0,0.0,0.0,0.0,0.0
178142930543623401,4.300000190734863,7.540543032470341,102.0795847750865,17.00967025756836,150.81085867323148
178542930476543901,0.0,5.987270876584441,0.0,19.6274356842041,185.60539439520434
178642930459055902,1.2564102411270142,5.0658894714993465,37.89067944250871,35.109825134277344,197.56968333746082
178642930460996501,0.0,0.0,0.0,0.0,0.0
178642930528419301,0.0,0.0,0.0,0.0,0.0
178842928062695402,0.0,0.0,0.0,0.0,0.0
178942930474454801,0.0,0.0,0.0,0.0,0.0
179142930463396901,0.0,0.0,0.0,0.0,0.0
179342928213854001,4.789473533630371,4.95500634421765,47.875,15.71419620513916,94.14511904917973
179342930546197102,0.0,0.0,0.0,0.0,0.0
179542930525133101,0.0,0.0,0.0,0.0,0.0
179842930449428701,0.0,0.0,0.0,0.0,0.0
179842930510259202,0.17073170840740204,6.130278165250944,23.210526315789473,77.42432403564453,754.0241901498092
179842930538524902,3.5102040767669678,4.959028027039961,85.01014596793492,68.20166015625,485.9847552637017
179942930549169901,0.0,0.0,0.0,0.0,0.0
181142929703907301,0.0,0.0,0.0,0.0,0.0
181142930523877701,1.4235293865203857,13.556092702643992,1333.121151936445,217.33023071289062,2304.535697463489
181142930527486402,2.9831931591033936,13.788886170699472,336.4408296055307,99.99272918701172,1640.8774341311382
181242930509374402,0.0,0.0,0.0,0.0,0.0
181342930521827301,3.1489362716674805,6.253990894948756,67.00183016105417,30.554431915283203,293.93757531541684
181442930476085601,3.055555582046509,7.002221510536952,179.70993071593534,74.49504089355469,756.2399244711181
181442930543003101,0.0,0.0,0.0,0.0,0.0
181642930464002802,0.0,0.0,0.0,0.0,0.0
181742930531711401,0.0,0.0,0.0,0.0,0.0
182242930537956102,0.0,0.0,0.0,0.0,0.0
182342929012808301,0.0,0.0,0.0,0.0,0.0
182342930541689202,0.0,0.0,0.0,0.0,0.0
182442930456071301,0.0,0.0,0.0,0.0,0.0
182942930469857701,0.0,0.0,0.0,0.0,0.0
183042930475213801,2.2857143878936768,8.47347438895964,113.76880877742947,81.16405487060547,593.1432016590919
183042930517930602,0.0,0.0,0.0,0.0,0.0
183042930530573402,0.0,0.0,0.0,0.0,0.0
183142930518918701,3.5,15.30877577469711,30.61789375582479,5.07424783706665,30.617553369641193
183542930509064901,0.0,0.0,0.0,0.0,0.0
183642930531972901,0.0,0.0,0.0,0.0,0.0
183742930525710802,7.0,6.805833798363095,13.61111111111111,1.4557117223739624,13.611667039659288
183742930527080001,0.8027210831642151,3.8750114249436782,131.20526856645984,69.37600708007812,569.6266934802223
184142930507781401,4.5,12.369251950306637,68.07647907647907,24.262418746948242,296.8620605358658
184242930458791701,5.125,11.794822889088502,51.360060514372165,18.609716415405273,188.71717084229624
184442930455796202,0.0,0.0,0.0,0.0,0.0
184442930517219702,0.0,0.0,0.0,0.0,0.0
184442930544068301,3.6097559928894043,10.458355911330049,98.13970443349754,38.019779205322266,428.79260164909175
184542930473060602,0.0,0.0,0.0,0.0,0.0
184542930521086801,0.0,0.0,0.0,0.0,0.0
184642930462171501,0.0,0.0,0.0,0.0,0.0
184642930524539701,0.0,0.0,0.0,0.0,0.0
184742929839739802,0.0,0.0,0.0,0.0,0.0
184842929021081301,0.0,0.0,0.0,0.0,0.0
184842930463990202,0.0,0.0,0.0,0.0,0.0
185242930475044302,0.0,0.0,0.0,0.0,0.0
185242930508862201,0.0,0.0,0.0,0.0,0.0
185242930549979501,0.0,0.0,0.0,0.0,0.0
185342930472893601,0.0,0.0,0.0,0.0,0.0
185342930542156801,0.0,0.0,0.0,0.0,0.0
185442930539869301,0.0,0.0,0.0,0.0,0.0
185642930527158702,0.0,0.0,0.0,0.0,0.0
185742930316791302,0.0,0.0,0.0,0.0,0.0
185742930531538401,1.9259259700775146,6.157462462462463,45.71099099099099,16.366409301757812,166.25148441578176
185942930529803701,1.440000057220459,16.158763851539316,68.7893175074184,97.14802551269531,1211.907250480765
186242930525209502,0.0,0.0,0.0,0.0,0.0
186342930457277601,0.0,0.0,0.0,0.0,0.0
186342930526904701,0.0,0.0,0.0,0.0,0.0
186442930519296301,3.5196077823638916,8.4097649031481,155.52006335797253,110.79643249511719,857.7960346024543
186442930549950901,1.8571428060531616,3.1968255136527266,10.459712009803921,2.6653337478637695,22.37777874516506
186542930507655802,0.0,0.0,0.0,0.0,0.0
186742930451038602,0.0,0.0,0.0,0.0,0.0
186842930478135802,0.0,0.0,0.0,0.0,0.0
187042930475738102,0.0,0.0,0.0,0.0,0.0
187242930521653902,0.0,0.0,0.0,0.0,0.0
187442930519530002,0.0,0.0,0.0,0.0,0.0
187642930455584402,0.0,0.0,0.0,0.0,0.0
187642930527571602,0.0,0.0,0.0,0.0,0.0
187742930446810702,0.0,0.0,0.0,0.0,0.0
187742930459631002,0.0,0.0,0.0,0.0,0.0
187742930522129302,3.5,16.219022813151494,32.43780403057679,3.5732815265655518,32.43804630494267
187742930531273002,0.0,0.0,0.0,0.0,0.0
187842930460474102,2.503937005996704,5.360745540504292,134.93347639484978,93.35784912109375,680.8146895361788
187842930463290001,0.0,0.0,0.0,0.0,0.0
187942930524637001,1.6666666269302368,1.0205953105434173,3.061790232738892,0.4679165482521057,3.061785815668989
187942930528980602,0.0,0.0,0.0,0.0,0.0
188242929013166301,0.0,0.0,0.0,0.0,0.0
188242930464850202,0.0,0.0,0.0,0.0,0.0
188242930522584702,4.199999809265137,6.7669447912239695,50.50382490437739,14.577590942382812,101.50417249090258
188342930526586002,0.0,0.0,0.0,0.0,0.0
188442930457576502,2.0,2.984800996227069,8.849829351535837,0.9109861254692078,8.954402679469398
188442930534496402,0.0,0.0,0.0,0.0,0.0
188642929800356701,3.9024391174316406,35.177611264906304,729.9028960817717,77.84928894042969,2884.564028588836
188742928316187402,2.5,30.484230125343405,119.16483516483517,10.037458419799805,121.93691999833662
188742930515997302,0.0,0.0,0.0,0.0,0.0
189142930445491702,0.0,0.0,0.0,0.0,0.0
189242928087944401,0.0,0.0,0.0,0.0,0.0
189442930529519802,0.0,0.0,0.0,0.0,0.0
189442930532402802,0.0,0.0,0.0,0.0,0.0
189542930532566802,0.0,0.0,0.0,0.0,0.0
189742927986105002,3.5975608825683594,7.805903033088235,153.26196078431371,74.31688690185547,640.0840356953939
189742930517890202,0.0,0.0,0.0,0.0,0.0
189942930526846502,0.0,0.0,0.0,0.0,0.0
191142930477001502,0.0,0.0,0.0,0.0,0.0
191242928823204201,0.0,0.0,0.0,0.0,0.0
191342930457253501,0.0,0.0,0.0,0.0,0.0
191342930516577602,0.0,0.0,0.0,0.0,0.0
191342930525032501,3.0,16.462714460784312,127.03294117647059,111.7585220336914,806.6730291389017
191342930539983202,0.0,0.0,0.0,0.0,0.0
191342930541755801,19.0,8.97875519207181,83.66458519179304,10.641687393188477,89.7875489499503
191442930462855702,0.0,0.0,0.0,0.0,0.0
191442930542916701,2.70992374420166,5.832885679154188,167.7981513993597,98.63545989990234,764.1080276379344
191942930462739701,0.0,0.0,0.0,0.0,0.0
191942930517330601,0.0,0.0,0.0,0.0,0.0
192042930472522002,0.0,0.0,0.0,0.0,0.0
192442930528707601,0.0,0.0,0.0,0.0,0.0
192542930545880701,0.0,0.0,0.0,0.0,0.0
192642930462426001,2.7058823108673096,7.248616770983429,44.842459173871276,12.032600402832031,123.22648392058014
192642930466614901,0.0,0.0,0.0,0.0,0.0
192642930517070502,0.0,0.0,0.0,0.0,0.0
193142928888081701,3.9777777194976807,8.900761836803223,175.14304902619207,74.46089935302734,400.5343002531121
193142930516186502,0.0,0.0,0.0,0.0,0.0
193242929947863901,0.0,0.0,0.0,0.0,0.0
193242930529969302,0.0,0.0,0.0,0.0,0.0
193442930518696401,0.0,0.0,0.0,0.0,0.0
193842928176142301,0.0,0.0,0.0,0.0,0.0
193842930534095702,0.0,0.0,0.0,0.0,0.0
193942930458399401,0.0,0.0,0.0,0.0,0.0
194042929309310102,0.0,0.0,0.0,0.0,0.0
194242929166198701,0.0,0.0,0.0,0.0,0.0
194242930531402601,0.0,0.0,0.0,0.0,0.0
194342930525935501,1.0930233001708984,5.78136354341044,79.37216557601583,65.74532318115234,745.7959083925189
194542930544892701,0.0,0.0,0.0,0.0,0.0
194642930461157702,0.0,0.0,0.0,0.0,0.0
194642930462519702,0.0,0.0,0.0,0.0,0.0
194642930545150301,0.0,0.0,0.0,0.0,0.0
194642930546396201,0.0,0.0,0.0,0.0,0.0
194742930533156002,4.7272725105285645,13.287379185053723,84.37068303914045,17.47798728942871,146.1611743730851
194742930548711401,0.0,0.0,0.0,0.0,0.0
194842930528510301,0.0,0.0,0.0,0.0,0.0
194842930532490002,3.2771084308624268,4.574858714340295,123.80774325012736,59.45604705810547,379.71327180089963
195142930450872301,0.0,126.6278721682848,126.62783171521036,23.38857650756836,126.6278721682848
195142930540612502,0.0,0.0,0.0,0.0,0.0
195342928779164901,0.0,0.0,0.0,0.0,0.0
195442930454031802,0.0,0.0,0.0,0.0,0.0
195742929321180801,0.0,0.0,0.0,0.0,0.0
195742929476628902,0.0,0.0,0.0,0.0,0.0
195742930478077902,0.0,0.0,0.0,0.0,0.0
195942930456866702,0.0,0.0,0.0,0.0,0.0
195942930473561901,2.5,1.3082452569302208,3.933339540080067,0.9942226409912109,5.232981192511827
195942930532109202,0.0,0.0,0.0,0.0,0.0
196042930540599302,0.0,0.0,0.0,0.0,0.0
196242930528428102,0.0,0.0,0.0,0.0,0.0
196242930528957301,0.0,0.0,0.0,0.0,0.0
196442930527100201,0.0,0.0,0.0,0.0,0.0
196542930536473202,0.0,0.0,0.0,0.0,0.0
196642930516978601,0.9166666865348816,10.142940195917024,136.5031280869279,106.06207275390625,730.2916722916677
196842930540591201,0.0,0.0,0.0,0.0,0.0
196942929885937002,0.0,0.0,0.0,0.0,0.0
197142928135571602,0.0,0.0,0.0,0.0,0.0
197142930526756002,0.6964285969734192,3.707800175936629,17.82368939960563,73.8860855102539,415.2736296718268
197142930529403302,0.0,0.0,0.0,0.0,0.0
197242930518932201,0.0,0.0,0.0,0.0,0.0
197342930455782501,0.0,0.0,0.0,0.0,0.0
197342930462733702,0.0,0.0,0.0,0.0,0.0
197542929575341802,0.0,0.0,0.0,0.0,0.0
197642930528232101,0.0,0.0,0.0,0.0,0.0
197742930548902501,0.0,0.0,0.0,0.0,0.0
197942929165986602,0.0,0.0,0.0,0.0,0.0
197942930508734101,0.0,0.0,0.0,0.0,0.0
197942930541585801,0.0,0.0,0.0,0.0,0.0
198142930550292001,0.0,0.0,0.0,0.0,0.0
198542930542434002,0.0,0.0,0.0,0.0,0.0
198742930458981302,0.0,0.0,0.0,0.0,0.0
198942930550515102,0.0,0.0,0.0,0.0,0.0
199042930461844201,0.0,0.0,0.0,0.0,0.0
199042930548544802,0.0,0.0,0.0,0.0,0.0
199142930541839502,0.0,0.0,0.0,0.0,0.0
199242930451638001,0.0,0.0,0.0,0.0,0.0
199242930462005002,0.0,0.0,0.0,0.0,0.0
199542930509304402,0.0,0.0,0.0,0.0,0.0
199542930510230901,2.952380895614624,3.750893571740396,25.916821885913855,10.366659164428711,78.768763230205
199642930454548302,0.0,0.0,0.0,0.0,0.0
199742930449773702,0.0,0.0,0.0,0.0,0.0
199842929126793302,0.0,0.0,0.0,0.0,0.0
199942930530867601,4.291666507720947,8.19822438103325,130.91598140865213,99.95127868652344,590.2721495555049
201242930477969001,0.0,0.0,0.0,0.0,0.0
201442930467818102,0.0,0.0,0.0,0.0,0.0
201542929584070601,0.0,0.0,0.0,0.0,0.0
201542930518523202,0.0,0.0,0.0,0.0,0.0
201842927928402701,0.0,0.0,0.0,0.0,0.0
201942930541697001,2.5,21.54665615089852,171.74048625792813,8.801724433898926,172.3732526388027
202142930527320702,0.0,0.0,0.0,0.0,0.0
202442930546098002,0.0,0.0,0.0,0.0,0.0
202542927928301302,0.0,0.0,0.0,0.0,0.0
202542930519452201,1.5308642387390137,25.067797111742426,464.34265734265733,161.72637939453125,2030.491631251671
202642928676362302,0.0,0.0,0.0,0.0,0.0
202642930461705002,0.0,0.0,0.0,0.0,0.0
202642930475655402,0.0,0.0,0.0,0.0,0.0
202742928043675701,0.0,0.0,0.0,0.0,0.0
202842928570580602,0.06578947603702545,8.412027564208554,0.09171075837742504,78.77796173095703,639.3140715762211
203042930545739702,0.0,0.0,0.0,0.0,0.0
203442930479279901,0.0,0.0,0.0,0.0,0.0
203542930446366902,0.0,0.0,0.0,0.0,0.0
203542930476118802,0.0,0.0,0.0,0.0,0.0
203642930519858202,0.0,0.0,0.0,0.0,0.0
203742930456700602,2.0,1.8177433070927433,1.817668548654932,0.1629026234149933,1.8177433070927433
203842930508275702,3.5789473056793213,6.305111082601925,49.61947904869762,16.069841384887695,119.79711236662125
203842930509485801,3.6222221851348877,21.292683346170776,1499.8415492957747,71.64081573486328,1916.341469097043
203842930547535202,0.0,0.0,0.0,0.0,0.0
203942928119349601,0.0,0.0,0.0,0.0,0.0
204042928042145401,0.0,0.0,0.0,0.0,0.0
204042930475363702,0.0,0.0,0.0,0.0,0.0
204042930542899602,0.0,0.0,0.0,0.0,0.0
204342930461193302,0.0,0.0,0.0,0.0,0.0
204542930457014502,0.0,17.035740417296072,0.0,81.8340072631836,817.7155637205187
204542930524947501,0.0,0.0,0.0,0.0,0.0
204642930475134001,0.0,0.0,0.0,0.0,0.0
204842930342747201,4.090909004211426,116.3824749228395,1247.888888888889,31.646617889404297,2560.414580086131
204842930388638301,0.6857143044471741,6.25926568573015,28.080851140047645,74.30219268798828,657.2229110002539
204842930534921901,0.0,0.0,0.0,0.0,0.0
205042930456457801,0.0,0.0,0.0,0.0,0.0
205042930531009601,0.0,0.0,0.0,0.0,0.0
205142930518281701,0.0,0.0,0.0,0.0,0.0
205242930462843402,0.0,0.0,0.0,0.0,0.0
205242930471668002,0.0,0.0,0.0,0.0,0.0
205242930533677402,0.0,0.0,0.0,0.0,0.0
205242930549818802,4.257575988769531,7.348779700413223,144.52603305785124,68.86526489257812,485.0194822335046
205342930534423002,0.0,0.0,0.0,0.0,0.0
205342930549076202,0.0,0.0,0.0,0.0,0.0
205442930451140102,3.4666666984558105,8.971756429458118,942.0341105354058,99.29871368408203,942.0344013425558
205442930526065202,0.0,0.0,0.0,0.0,0.0
205642930474298101,2.0978260040283203,12.164249583633417,208.88224702916816,95.9977035522461,1119.1109169632743
205842928288536202,0.0,0.0,0.0,0.0,0.0
205842928932735101,2.846153736114502,9.521377473702977,256.4811909431271,109.87364196777344,1114.0011608955544
205842930534884102,0.0,0.0,0.0,0.0,0.0
205942930459277902,0.0,0.0,0.0,0.0,0.0
206142930464701102,0.0,519.0016257225434,519.0019267822736,8.988821029663086,519.0016257225434
206242929321374401,2.736842155456543,8.042447313850309,61.47993827160494,19.539047241210938,152.80649857462188
206242929476530502,2.5833332538604736,15.782582893947188,150.52880658436214,55.06419372558594,378.78198834538296
206242930461224402,0.0,0.0,0.0,0.0,0.0
206242930528713001,3.3918919563293457,18.796178790370814,692.7942583732057,0.0,1390.9172627161565
206242930529600601,4.0,7.770733366395024,21.888698262920865,6.5221686363220215,46.62439946210004
206442930526147401,0.0,0.0,0.0,0.0,0.0
206542930541423001,0.0,0.0,0.0,0.0,0.0
206742929927339802,1.4044944047927856,13.441219620935634,45.68613138686131,131.2010040283203,1196.2685201128509
206842930463599601,0.0,0.0,0.0,0.0,0.0
206842930517947502,9.333333015441895,4.280271837233716,12.840639082343301,1.04063081741333,12.840815047561414
207142930449579901,0.0,0.0,0.0,0.0,0.0
207142930510244802,0.0,0.0,0.0,0.0,0.0
207442930507714902,0.0,0.0,0.0,0.0,0.0
207542929839789102,0.0,0.0,0.0,0.0,0.0
207742930475609901,0.0,0.0,0.0,0.0,0.0
207742930533085401,0.0,0.0,0.0,0.0,0.0
208042930515529002,3.04347825050354,9.459758527506729,115.62819650067294,61.20214080810547,435.1488793528417
208042930528313102,0.0,0.0,0.0,0.0,0.0
208042930542384402,0.0,0.0,0.0,0.0,0.0
208142930527700802,0.0,0.0,0.0,0.0,0.0
208342930460922602,0.0,0.0,0.0,0.0,0.0
208442930509150801,0.0,0.0,0.0,0.0,0.0
208442930533643502,0.0,0.0,0.0,0.0,0.0
208542930454276302,0.347457617521286,5.116387934319807,128.21257359125315,104.9050521850586,1207.4675588839389
208642930448971302,3.2330098152160645,5.4710193755085434,96.12550854353132,103.88993072509766,563.5149787362753
208742930459881901,0.0,0.0,0.0,0.0,0.0
208742930526452502,3.2068965435028076,4.012203640407986,137.84259259259258,31.478248596191406,232.70780661407812
209142930342804001,0.0,0.0,0.0,0.0,0.0
209242930452690302,0.0,0.0,0.0,0.0,0.0
209342930470808201,4.55555534362793,6.392020089285714,50.23899796885579,15.721062660217285,115.05635927235184
209642930542527302,0.0,0.0,0.0,0.0,0.0
209742930473717902,0.1195652186870575,10.762923237863431,278.00613496932516,79.03351593017578,990.1889632650616
209742930516270101,0.0,0.0,0.0,0.0,0.0
209942930547042502,0.0,0.0,0.0,0.0,0.0
211142930550015701,4.0545454025268555,14.668049568965516,203.20919540229886,65.77113342285156,806.7427028480618
211242930465105802,0.0,0.0,0.0,0.0,0.0
211542929160935901,0.0,0.0,0.0,0.0,0.0
211642928614409302,0.0,0.0,0.0,0.0,0.0
211642930452905601,0.0,0.0,0.0,0.0,0.0
211642930463091102,0.0,0.0,0.0,0.0,0.0
211642930542496201,0.0,0.0,0.0,0.0,0.0
211742929160847802,0.0,0.0,0.0,0.0,0.0
211742930289750601,0.0,0.0,0.0,0.0,0.0
211742930471091801,0.0,0.0,0.0,0.0,0.0
212042928921270801,7.828571319580078,3.936257605741966,54.50586011342155,20.726526260375977,137.7690194229097
212342930448223102,0.0,0.0,0.0,0.0,0.0
212442930454093601,0.0,0.0,0.0,0.0,0.0
212542930461335402,0.0,0.0,0.0,0.0,0.0
212642930477761102,2.1165049076080322,3.6841388999134073,338.03694616827823,49.03007507324219,379.4663134043068
212842928258040302,0.692307710647583,7.369373798563335,131.4323485768245,112.46737670898438,766.4148533789072
213042930479540402,0.0,0.0,0.0,0.0,0.0
213042930480513401,0.0,0.0,0.0,0.0,0.0
213342930450456101,0.0,0.0,0.0,0.0,0.0
213342930472590701,0.0,0.0,0.0,0.0,0.0
213442930525710701,0.0,0.0,0.0,0.0,0.0
213542930520818802,0.0,0.0,0.0,0.0,0.0
213642930525015001,3.064516067504883,15.856873671020656,173.8955042527339,48.271812438964844,491.56308144468585
213642930529319202,0.0,0.0,0.0,0.0,0.0
213742930448749601,0.0,0.0,0.0,0.0,0.0
213942930527571901,0.0,4.621242683682241,0.0,65.27658081054688,378.9419012730369
213942930549045802,2.909090995788574,7.474394450065631,158.67829796543427,87.20972442626953,739.9650883230228
214042930461938401,3.1818182468414307,4.812173303002125,46.91689691817216,28.068159103393555,158.80171466142286
214042930533285602,0.0,0.0,0.0,0.0,0.0
214242930476777102,0.582524299621582,3.5913338009160163,45.99697809116092,73.53787994384766,369.90739268963597
214342930528543402,5.800000190734863,10.575950726770309,126.87634795111431,40.58926773071289,317.27852478685526
214542930463014801,0.0,0.0,0.0,0.0,0.0
214642930541063701,0.0,0.0,0.0,0.0,0.0
214742930464176902,3.3913042545318604,7.144637127311862,51.07525510204081,21.356830596923828,164.32664803096228
214742930518803202,0.0,8.000206323853929,0.0,20.343278884887695,144.00370999729444
214742930529008801,4.086419582366943,7.906814057874128,145.67863623340656,78.36951446533203,640.4519562942115
214942929249151201,0.24590164422988892,6.701939535841616,26.89325842696629,79.52973175048828,817.636631915357
214942930521792701,0.0,0.0,0.0,0.0,0.0
214942930539115801,0.0,0.0,0.0,0.0,0.0
215242930508075102,0.0,0.0,0.0,0.0,0.0
215242930532660101,0.0,0.0,0.0,0.0,0.0
215342930457772202,2.5,6.760058005459338,34.47168674698795,2.597149610519409,54.08046224203454
215342930535908602,0.0,0.0,0.0,0.0,0.0
215642930509549502,0.0,0.0,0.0,0.0,0.0
215742930515530701,0.0,0.0,0.0,0.0,0.0
215842928087914902,0.0,0.0,0.0,0.0,0.0
215842930474952702,0.0,0.0,0.0,0.0,0.0
215942930472937802,0.0,0.0,0.0,0.0,0.0
215942930534226501,0.0,0.0,0.0,0.0,0.0
216042930517885901,0.0,0.0,0.0,0.0,0.0
216042930525548201,0.0,0.0,0.0,0.0,0.0
216042930549546702,3.53125,9.100847215954673,180.53870838347373,110.99433898925781,873.6813048757897
216142930529762501,0.0,0.0,0.0,0.0,0.0
216142930533879302,0.0,0.0,0.0,0.0,0.0
216242930462445402,1.545454502105713,10.295584914921466,62.13591623036649,98.56009674072266,906.0114873141144
216242930539128802,0.0,0.0,0.0,0.0,0.0
216342930464379001,0.0,0.0,0.0,0.0,0.0
216542930527751801,0.0,0.0,0.0,0.0,0.0
216742930473831902,0.0,0.0,0.0,0.0,0.0
216742930527214301,0.0,0.0,0.0,0.0,0.0
217142928739711201,0.0,0.0,0.0,0.0,0.0
217142930464930701,0.0,0.0,0.0,0.0,0.0
217242930462792202,0.0,0.0,0.0,0.0,0.0
217242930523998102,0.0,0.0,0.0,0.0,0.0
217342930452353601,0.0,0.0,0.0,0.0,0.0
217342930461880202,0.0,0.0,0.0,0.0,0.0
217342930474375302,0.0,0.0,0.0,0.0,0.0
217442930510769402,0.015810277312994003,4.0562673981530875,6.240965462061609,162.15423583984375,1026.235683314243
217642930478744201,43.0,0.0035424352944184866,0.0034061879080329264,0.0005793804302811623,0.0035424352944184866
217742930478248501,0.0,0.0,0.0,0.0,0.0
217842930542664701,3.4787232875823975,5.025245710251955,82.96785403996525,65.83484649658203,472.373103829546
218142930548310601,0.0,0.0,0.0,0.0,0.0
218442927995017401,0.0,0.0,0.0,0.0,0.0
218542930447738002,0.0,0.0,0.0,0.0,0.0
218642930516546502,3.1379311084747314,5.561089940292053,186.22865316169379,0.0,645.0864102186861
218742928694273101,0.0,113.82151262302096,0.0,19.273792266845703,113.82151262302096
218842929013215201,0.0,0.0,0.0,0.0,0.0
218942930515688402,2.8916666507720947,4.11452728244878,94.04293809938972,64.72439575195312,493.7432722873083
219142930460880402,3.41304349899292,4.769364597486413,219.39021739130436,18.42828941345215,219.39078352140345
219142930540645401,0.0,0.0,0.0,0.0,0.0
219342930184422702,0.0,0.0,0.0,0.0,0.0
219342930461496201,0.0,0.0,0.0,0.0,0.0
219342930479864602,0.0,0.0,0.0,0.0,0.0
219642930519637602,2.2857143878936768,13.342914813336375,46.46593673965937,11.600553512573242,93.40040369335462
219742930532576901,0.0,0.0,0.0,0.0,0.0
219742930533665601,0.0,0.0,0.0,0.0,0.0
219842930546832202,0.0,0.0,0.0,0.0,0.0
219942930478109202,0.0,0.0,0.0,0.0,0.0
219942930526327501,0.0,0.0,0.0,0.0,0.0
221142930546480202,4.039473533630371,8.15943649373882,142.65414430530709,100.04478454589844,620.1171830324595
221242930525006201,0.0,0.0,0.0,0.0,0.0
221542930460197101,1.3970588445663452,5.290647486102452,76.15274314214464,97.29805755615234,719.5280346858531
221542930530640802,2.8518519401550293,6.567574905563187,120.15604395604396,103.00253295898438,709.2980972755742
221542930541745402,0.0,0.0,0.0,0.0,0.0
221642930455184701,0.0,0.0,0.0,0.0,0.0
221642930525763302,0.0,0.0,0.0,0.0,0.0
221742930526945402,0.0,0.0,0.0,0.0,0.0
221742930548772001,0.0,0.0,0.0,0.0,0.0
221842930543068801,0.0,0.0,0.0,0.0,0.0
221842930548629802,0.0,0.0,0.0,0.0,0.0
222242930544009002,1.0333333015441895,12.636882648601398,68.06153846153846,17.731990814208984,379.1064900351571
222342930530148102,0.0,0.0,0.0,0.0,0.0
222442930529814102,0.0,0.0,0.0,0.0,0.0
222542930509430901,0.0,0.0,0.0,0.0,0.0
222542930542764902,0.0,0.0,0.0,0.0,0.0
222642930457658001,0.0,0.0,0.0,0.0,0.0
222742930520958001,0.0,0.0,0.0,0.0,0.0
222842930519131302,3.1041667461395264,8.710393839186434,208.05337286879168,62.21387481689453,418.0989105798652
222942930524801801,4.4666666984558105,7.109949498373102,44.6056399132321,12.319091796875,106.64923712674553
223042930446533101,2.517730474472046,4.667098175021987,135.71873350923482,83.32421875,658.0608329933992
223142930524586801,0.0,0.0,0.0,0.0,0.0
223242929687182701,0.0,0.0,0.0,0.0,0.0
223242930515474901,0.0,0.0,0.0,0.0,0.0
223242930522271402,0.7961165308952332,4.94547981300229,63.22287074035828,71.82351684570312,509.38442061592144
223542930509711401,0.0,0.0,0.0,0.0,0.0
223542930524943702,0.0,0.0,0.0,0.0,0.0
223742929259310802,1.6024096012115479,7.2276818304917105,48.30595327807084,97.83599853515625,599.8975956333968
223942930510424802,0.0,0.0,0.0,0.0,0.0
224042928592854201,0.0,0.0,0.0,0.0,0.0
224042930519163101,4.9285712242126465,9.688536161991419,155.61157024793388,110.51936340332031,678.1975448127014
224242930455491302,0.0,0.0,0.0,0.0,0.0
224342928021699402,0.0,0.0,0.0,0.0,0.0
224342930465361801,3.25,8.28333445367272,33.133205863607394,4.829973220825195,33.13333832039964
224442930059407701,0.0,0.0,0.0,0.0,0.0
224442930465045101,2.7849462032318115,15.277464136336953,360.9542119166422,111.65497589111328,1420.8041139719667
224542930521392801,0.0,0.0,0.0,0.0,0.0
224542930535872302,0.0,0.0,0.0,0.0,0.0
224942930459667401,0.0,0.0,0.0,0.0,0.0
225042929800207601,0.0,0.0,0.0,0.0,0.0
225442930536192201,0.0,0.0,0.0,0.0,0.0
225542930526813002,0.0,0.0,0.0,0.0,0.0
225642928823251301,2.0,12.190327285805626,23.74584398976982,3.527470350265503,36.57098086227846
225742930542785202,0.0,0.0,0.0,0.0,0.0
225942930518197202,0.0,0.0,0.0,0.0,0.0
226142930510564702,5.460317611694336,19.34774460565476,391.8095238095238,89.29853057861328,1218.9078917846794
226242930530711402,0.0,0.0,0.0,0.0,0.0
226442930530900801,0.0,0.0,0.0,0.0,0.0
226542930518849501,3.4358973503112793,6.071815939731593,95.74415168677666,58.38148498535156,473.60165715599203
226642930455066701,0.0,1.296249366447035,1.296249366447035,0.07345297187566757,1.296249366447035
226642930474481301,1.8636363744735718,7.751241852396972,808.3488225399495,162.03269958496094,1364.2185424470708
226642930541254802,0.0,0.0,0.0,0.0,0.0
226942930525434501,0.0,0.0,0.0,0.0,0.0
227042927979772501,0.39743590354919434,11.496791294642858,174.7382378100941,124.1075439453125,896.7497417981855
227042929704188102,0.0,0.0,0.0,0.0,0.0
227042930459882702,1.8819444179534912,6.126824374222637,608.2840485074627,87.01228332519531,882.2627531598456
227142930477466802,0.0,0.0,0.0,0.0,0.0
227242929127079502,0.0,0.0,0.0,0.0,0.0
227342929501640302,2.933333396911621,5.504904730361596,45.04488778054863,11.656702995300293,82.57357167603072
227442930456397101,0.0,0.0,0.0,0.0,0.0
227442930476092802,0.0,0.0,0.0,0.0,0.0
227442930537540601,0.0,0.0,0.0,0.0,0.0
227542930142494701,0.0,0.0,0.0,0.0,0.0
227742929321159702,0.0,0.0,0.0,0.0,0.0
227742930541985201,5.25,90.43448567101585,163.07735321528426,43.99083709716797,361.7379378774737
227842930515700502,0.0,0.0,0.0,0.0,0.0
228042930508088301,3.2621359825134277,6.883867086532155,165.8933297326492,69.34801483154297,709.0383202462399
228042930509501002,0.0,0.0,0.0,0.0,0.0
228442930532044401,0.0,0.0,0.0,0.0,0.0
228442930535190902,0.0,0.0,0.0,0.0,0.0
228542930474401902,3.091953992843628,15.281045236895162,154.88824884792626,119.61367797851562,1329.4509020686698
228742929800041902,0.0,0.0,0.0,0.0,0.0
228742930458562502,0.0,0.0,0.0,0.0,0.0
228842930530653801,0.0,0.0,0.0,0.0,0.0
228942930461646102,0.0,0.0,0.0,0.0,0.0
229142930460413102,0.0,0.0,0.0,0.0,0.0
229242929765863102,0.0,0.0,0.0,0.0,0.0
229242930464650702,3.9259259700775146,6.361587169036529,95.59034076979651,15.629514694213867,171.76285192176798
229342930448175602,0.0,0.0,0.0,0.0,0.0
229542930477542801,0.0,0.0,0.0,0.0,0.0
229842928130723801,0.0,0.0,0.0,0.0,0.0
229842930473204002,0.0,0.0,0.0,0.0,0.0
229942929839807701,0.0,0.0,0.0,0.0,0.0
231142929604407702,0.0,0.0,0.0,0.0,0.0
231242930518258301,0.0,0.0,0.0,0.0,0.0
231442930468593002,0.0,0.0,0.0,0.0,0.0
231442930518389502,0.0,0.0,0.0,0.0,0.0
231542930471698101,3.5,61.60702528919518,123.21388136844696,14.783574104309082,123.21405057839036
231542930515932502,0.0,0.0,0.0,0.0,0.0
231542930531937402,0.0,0.0,0.0,0.0,0.0
231742930475459301,2.945945978164673,10.171166758186901,257.9664536741214,93.29281616210938,1128.9995137647318
231942930516452801,0.0,0.0,0.0,0.0,0.0
231942930527300101,0.8888888955116272,13.936534654845545,186.76759228281477,64.60773468017578,752.5728564500091
232042930546849802,0.0,0.0,0.0,0.0,0.0
232342930480521002,0.0,0.0,0.0,0.0,0.0
232442930455043601,0.0,0.0,0.0,0.0,0.0
232442930532909002,0.0,0.0,0.0,0.0,0.0
232542930522580802,0.0,0.0,0.0,0.0,0.0
232542930530980201,3.233644962310791,3.927722386980642,62.28257790368272,63.889923095703125,420.2662743972764
232742930531694702,0.0,0.0,0.0,0.0,0.0
232942930545939201,0.0,0.0,0.0,0.0,0.0
233042930530581602,2.25,14.209493625383436,34.40490797546012,5.401620864868164,56.83797525043136
233142930519507601,0.0,0.0,0.0,0.0,0.0
233142930545192801,0.0,0.0,0.0,0.0,0.0
233142930548538502,3.3333332538604736,7.095177117825607,49.12251655629139,17.38628387451172,127.71319214608232
233242930448797601,0.0,0.0,0.0,0.0,0.0
233342930543064402,0.0,0.0,0.0,0.0,0.0
233442930516186401,0.0,0.0,0.0,0.0,0.0
233442930543210202,0.0,0.0,0.0,0.0,0.0
233542930464095302,0.0,0.0,0.0,0.0,0.0
233542930475867401,0.0,0.0,0.0,0.0,0.0
233742930548685602,0.0,0.0,0.0,0.0,0.0
233842930530354701,0.0,0.0,0.0,0.0,0.0
234042930476811801,3.090909004211426,4.240420577775186,14.949253731343283,5.423454761505127,46.64462637830137
234042930480240401,138.0,13.443141723680911,26.886305835154207,3.4983160495758057,26.886283027590714
234042930480645902,0.7313432693481445,5.034123107197267,144.4092147176954,101.3097915649414,674.5724992427595
234142930463876201,5.400000095367432,6.177712489132535,16.938948995363216,4.29477071762085,30.88856235132704
234142930516208801,0.0,0.0,0.0,0.0,0.0
234342930459315401,0.0,136.63776020816653,136.6377101681345,21.659561157226562,136.63776020816653
234342930534636802,0.0,0.0,0.0,0.0,0.0
234442930519488502,0.0,0.0,0.0,0.0,0.0
234942930447392501,0.0,0.0,0.0,0.0,0.0
234942930528080102,0.0,0.0,0.0,0.0,0.0
235042928235935102,0.0,0.0,0.0,0.0,0.0
235042930459852101,0.0,0.0,0.0,0.0,0.0
235142930524357902,0.0,0.0,0.0,0.0,0.0
235142930532587302,5.0,2.754884560523568,2.7549721559268097,0.32895627617836,2.754884560523568
235142930547606802,0.0,0.0,0.0,0.0,0.0
235442929488789901,2.46616530418396,10.36972113271668,453.300899427637,142.95497131347656,1379.172927358164
235442930544367302,0.0,0.0,0.0,0.0,0.0
235542930546451802,4.969696998596191,7.630851467611336,422.39608636977056,57.378334045410156,503.6361874208437
235642930220797901,3.5319149494171143,6.165929742238464,128.0026576467746,70.07627868652344,579.5973789572687
235642930469364202,0.0,0.0,0.0,0.0,0.0
235642930479363401,0.0,0.0,0.0,0.0,0.0
235642930522798702,2.6693549156188965,3.7920211059432676,77.85665539137143,61.89434814453125,470.21062815954093
235842929839691602,0.0,0.0,0.0,0.0,0.0
235942930455679801,2.1666667461395264,16.10236224304402,99.7799003322259,109.78561401367188,869.5275849060363
236042930457786301,0.0,0.0,0.0,0.0,0.0
236042930547778101,1.4772727489471436,4.6829810049019605,378.4247549019608,157.72390747070312,1030.255833199211
236142930544684002,0.0,0.0,0.0,0.0,0.0
236242930471200901,0.0,0.0,0.0,0.0,0.0
236242930474371601,0.0,0.0,0.0,0.0,0.0
236342930546254302,0.0,0.0,0.0,0.0,0.0
236442930449556802,5.625,9.458284910747489,41.57642246188174,9.288947105407715,75.66628122666637
236642930530457701,0.0,0.0,0.0,0.0,0.0
236642930543830802,2.8015873432159424,6.18771076127409,158.95343595478133,110.670654296875,779.6515390864915
236742930543645202,0.0,0.0,0.0,0.0,0.0
237142930537923602,5.846153736114502,24.12259818412162,91.3018018018018,17.471721649169922,313.5937861537074
237142930541491901,0.0,0.0,0.0,0.0,0.0
237442928235852702,2.6842105388641357,5.281067647549183,41.22453317772591,7.977273941040039,100.34028307490843
237642930510191802,0.0,0.0,0.0,0.0,0.0
237642930536276402,0.0,0.0,0.0,0.0,0.0
237742930540437102,0.0,0.0,0.0,0.0,0.0
237742930543536302,0.0,0.0,0.0,0.0,0.0
238042929765913402,0.0,0.0,0.0,0.0,0.0
238042930508527402,0.0,0.0,0.0,0.0,0.0
238142930518014401,0.0,0.0,0.0,0.0,0.0
238242930459729901,2.4285714626312256,5.326991170098129,91.47505502567866,25.37079429626465,261.0225664727931
238242930479484202,0.0,0.0,0.0,0.0,0.0
238342930549815502,0.0,0.0,0.0,0.0,0.0
238442930451793002,0.0,0.0,0.0,0.0,0.0
238742930478203001,0.0,0.0,0.0,0.0,0.0
238742930547727901,0.0,0.0,0.0,0.0,0.0
239242930462518401,3.9871795177459717,11.826170832777482,184.9007470651014,80.87449645996094,922.4413590532993
239242930463967601,0.0,0.0,0.0,0.0,0.0
239242930528882101,0.0,0.0,0.0,0.0,0.0
239242930549135202,2.7142856121063232,21.202711987401187,128.35177865612647,28.415435791015625,148.4189878169727
239342930518492102,0.30000001192092896,12.23817593211076,295.4318678649502,97.16385650634766,1590.9628847357078
239442929921990602,4.307692527770996,9.813197376357056,46.393244873341374,16.38477325439453,127.57156854314309
239442930531431601,4.125,12.237526419082126,168.7342995169082,63.72609329223633,587.4012588500976
239542930541650302,0.0,183.21095052083334,183.21166666666667,10.001443862915039,183.21095052083334
239842930456653101,2.7249999046325684,5.161853593232616,104.75033112582781,43.14166259765625,412.9482967686179
239842930527482101,5.153846263885498,3.4817002633850285,16.04340201665936,7.675569534301758,45.2621046034509
239942930455010102,0.0,0.0,0.0,0.0,0.0
239942930541439502,0.0,0.0,0.0,0.0,0.0
241142928603062201,0.0,0.0,0.0,0.0,0.0
241142928726332101,0.0,0.0,0.0,0.0,0.0
241142930465417902,0.0,0.0,0.0,0.0,0.0
241142930524075202,0.0,0.0,0.0,0.0,0.0
241242930534408101,0.0,0.0,0.0,0.0,0.0
241442930516032402,0.0,0.0,0.0,0.0,0.0
241442930528886802,0.0,0.0,0.0,0.0,0.0
241542930547557702,0.0,0.0,0.0,0.0,0.0
241742930474208501,3.8315789699554443,11.432297848664689,338.05712166172106,116.55770874023438,1086.0683258803733
241842930515814201,0.0,0.0,0.0,0.0,0.0
241942930509935501,0.0,0.0,0.0,0.0,0.0
241942930548691901,0.0,0.0,0.0,0.0,0.0
242242930528340102,3.3333332538604736,8.298243108785377,12.3624213836478,4.352476596832275,24.894728798536384
242342930522564602,2.5999999046325684,4.90223662863722,58.21634917312121,10.072021484375,73.53354808798589
242542928159125602,0.0,0.0,0.0,0.0,0.0
242942930508408802,0.0,0.0,0.0,0.0,0.0
242942930520106201,1.692307710647583,2.7157489182974848,35.30465444287729,4.65784215927124,35.30473471113814
243042930316903701,0.0,0.0,0.0,0.0,0.0
243142930454432801,2.1549296379089355,6.7173465379156525,395.6131386861314,105.30081939697266,953.8631826471915
243342930517752501,0.0,0.0,0.0,0.0,0.0
243342930544502102,0.0,0.0,0.0,0.0,0.0
243442930475280302,0.0,0.0,0.0,0.0,0.0
243442930550673002,0.0,0.0,0.0,0.0,0.0
243542930453927802,2.6554622650146484,5.5457587922046185,104.1500427646316,93.0498046875,659.9453200806097
243642930459961602,3.3902440071105957,8.651773004992993,171.97967764540996,46.12948989868164,709.4453660267253
243642930510568001,0.0,0.0,0.0,0.0,0.0
243742930531152501,0.0,0.34686756260347684,0.693598233995585,0.12380976974964142,0.6937351252069537
243842930460171001,0.0,0.0,0.0,0.0,0.0
244042930472452202,0.0,0.0,0.0,0.0,0.0
244042930544339501,0.0,30.575129563737622,0.0,3.261357545852661,30.575129563737622
244142930476425802,3.0,6.877694272293272,6.877715487035739,0.5739889144897461,6.877694272293272
244242929462816302,0.0,0.0,0.0,0.0,0.0
244342929341449002,0.0,0.0,0.0,0.0,0.0
244342929801781202,0.0,0.0,0.0,0.0,0.0
244342930459751502,0.0,0.0,0.0,0.0,0.0
244342930460159502,0.5375000238418579,10.462669414709945,133.54327808471456,116.20521545410156,837.0135246506493
244342930474676602,0.0,0.0,0.0,0.0,0.0
244342930520360501,0.0,0.0,0.0,0.0,0.0
244442930459439302,0.0,0.0,0.0,0.0,0.0
244442930462294302,0.0,0.0,0.0,0.0,0.0
244442930524266402,0.0,0.0,0.0,0.0,0.0
244542930518141302,0.0,0.0,0.0,0.0,0.0
244742928663965702,0.0,0.0,0.0,0.0,0.0
244742930523922102,0.0,0.0,0.0,0.0,0.0
244742930529662601,0.0,0.0,0.0,0.0,0.0
244842928789946301,0.0,0.0,0.0,0.0,0.0
244842930462669801,0.0,0.0,0.0,0.0,0.0
244942930458206101,0.0,0.0,0.0,0.0,0.0
244942930480466202,0.0,0.0,0.0,0.0,0.0
245042930448990901,0.0,0.0,0.0,0.0,0.0
245642930524900701,0.0,0.0,0.0,0.0,0.0
245942930459583802,0.0,0.0,0.0,0.0,0.0
245942930474260601,5.305084705352783,9.958662918558456,302.69466515323495,73.80252838134766,587.5611304993256
246042930508095402,0.0,0.0,0.0,0.0,0.0
246042930546071401,0.0,0.0,0.0,0.0,0.0
246142930548556802,7.0,12.039944903581267,12.039944903581267,0.876187264919281,12.039944903581267
246242930453999001,0.0,0.0,0.0,0.0,0.0
246642929820806302,0.0,0.0,0.0,0.0,0.0
246842930535479401,0.0,0.0,0.0,0.0,0.0
246942930453237002,0.0,0.0,0.0,0.0,0.0
246942930525049001,0.0,0.0,0.0,0.0,0.0
247042930471770102,0.0,0.0,0.0,0.0,0.0
247042930477042902,5.099999904632568,27.206871859774665,157.89281364190012,10.6181001663208,272.06871540102105
247042930548138301,0.0,0.0,0.0,0.0,0.0
247142928726194001,1.5,3.7143913367138444,5.204824080534237,0.9389238953590393,7.428782868097778
247142930521840402,47.57143020629883,13.798802283397354,80.13358941527956,12.024203300476074,96.59161349112185
247142930527309001,3.3529412746429443,6.334912236131985,64.32217516054106,17.205141067504883,107.6935082743249
247442930516618101,0.0,0.0,0.0,0.0,0.0
247542930455305002,0.0,0.0,0.0,0.0,0.0
247542930525796802,3.142857074737549,4.0194526991565995,13.503093694755451,3.54036283493042,28.136168289830845
247642930515817802,0.0,0.0,0.0,0.0,0.0
247642930526681902,0.0,0.0,0.0,0.0,0.0
247842930455165602,0.0,0.0,0.0,0.0,0.0
247842930531104201,0.0,0.0,0.0,0.0,0.0
247942930516274002,0.0,0.0,0.0,0.0,0.0
248142930538291001,0.0,0.0,0.0,0.0,0.0
248242930509840102,0.0,0.0,0.0,0.0,0.0
248442930477943401,0.0,0.0,0.0,0.0,0.0
248442930530739201,0.0,0.0,0.0,0.0,0.0
248842930460261002,1.6785714626312256,4.28448213197829,239.93132476739035,37.38925552368164,239.93100607706796
248842930476112602,0.0,0.0,0.0,0.0,0.0
248942930464579101,0.0,0.0,0.0,0.0,0.0
249142930461593201,1.621761679649353,5.223046192731426,351.86553361099914,91.7852783203125,1008.0478973706436
249242930518300002,0.0,0.0,0.0,0.0,0.0
249342930507773402,0.0,0.0,0.0,0.0,0.0
249542930530366302,0.0,5.503032952085232,0.0,117.28087615966797,1001.5519838227042
249642930527520802,0.0,0.0,0.0,0.0,0.0
249642930539463702,0.0,0.0,0.0,0.0,0.0
249842929000335401,1.6703296899795532,8.012561389514515,673.8268268268268,99.75225830078125,1458.2861676584628
249842930519587202,0.0,0.0,0.0,0.0,0.0
249942930532822402,0.0,0.0,0.0,0.0,0.0
251242930474606902,0.0,92.34751409216773,92.34731012658227,9.287153244018555,92.34751409216773
251342928108622702,0.0,0.0,0.0,0.0,0.0
251342930012280301,3.085714340209961,7.291137621285627,88.55366889023651,36.12381362915039,255.18980662374994
251342930517654102,0.0,0.0,0.0,0.0,0.0
251442930476629802,0.0,0.0,0.0,0.0,0.0
251542930535989801,0.0,0.0,0.0,0.0,0.0
251642930546482101,2.4375,7.36501625319081,91.13848117421826,9.68897533416748,117.84025815465911
251742930542242702,0.0,0.0,0.0,0.0,0.0
251842930470777901,1.7582417726516724,9.6047755658903,133.44288162936076,74.13177490234375,874.0345923055875
251942930447639201,8.11111068725586,0.867998381740929,15.625199362041467,2.175168514251709,15.62397129664961
252342930543445002,0.0,0.0,0.0,0.0,0.0
252442928725940202,2.9752066135406494,3.4507217452273173,64.88264121235977,56.740997314453125,417.5373189060126
252442930465818002,0.5,69.17414439808239,132.8465909090909,5.114539623260498,138.34829087690875
252442930528910601,0.0,0.0,0.0,0.0,0.0
252542928683993102,0.0,0.0,0.0,0.0,0.0
252542930480707601,1.454545497894287,15.23292670815678,121.82627118644068,22.51997184753418,167.56219353110103
252742928030399201,1.2047244310379028,5.205890042736975,45.18433429811867,86.84355926513672,661.1480439150903
252742929118680102,1.0,27.748788345627922,27.748830514573587,1.3931124210357666,27.748788345627922
252742930449925801,0.0,0.0,0.0,0.0,0.0
252742930454283301,0.0,0.0,0.0,0.0,0.0
252742930548077501,0.0,0.0,0.0,0.0,0.0
252742930549312001,0.0,0.0,0.0,0.0,0.0
252842930457281702,3.444444417953491,16.605658008576587,52.260908817333735,17.6212100982666,298.9018507666736
252842930473606302,4.0,1.9002157325789526,1.9003530796390742,0.1596045345067978,1.9002157325789526
252842930515912101,0.0,0.0,0.0,0.0,0.0
253042930460311801,0.0,0.0,0.0,0.0,0.0
253342928921105802,0.0,0.0,0.0,0.0,0.0
253342930478229202,3.4077670574188232,5.358040512771876,100.39868487607487,67.3819580078125,551.8781831319728
253342930533526902,0.0,0.0,0.0,0.0,0.0
253542930460951801,0.0,0.0,0.0,0.0,0.0
253542930473454802,0.0,0.0,0.0,0.0,0.0
253642930474121701,2.689655065536499,3.9301199429084797,64.60858981046775,65.33677673339844,455.8938917830973
253642930517892002,2.613861322402954,3.737915849426675,94.05962582981292,56.6055908203125,377.52949545612233
253842930456207201,0.0,0.0,0.0,0.0,0.0
253842930462375002,0.0,0.0,0.0,0.0,0.0
253842930546890301,0.0,0.0,0.0,0.0,0.0
254042930520816602,0.0,0.0,0.0,0.0,0.0
254142930454477502,1.534883737564087,11.171336383110937,126.55468341182628,0.0,480.3674543172137
254142930519710602,0.0,0.0,0.0,0.0,0.0
254142930541858601,0.0,0.0,0.0,0.0,0.0
254242930466965302,0.0,0.0,0.0,0.0,0.0
254242930530851801,0.0,0.0,0.0,0.0,0.0
254342930461275701,0.0,0.0,0.0,0.0,0.0
254442930456754501,2.6930692195892334,4.6451391589246676,386.7578611064402,68.02579498291016,469.1590532628713
254442930525539801,0.0,0.0,0.0,0.0,0.0
254642929249216101,0.0,0.0,0.0,0.0,0.0
254642930549295101,0.0,0.0,0.0,0.0,0.0
255042930547075401,0.0,0.0,0.0,0.0,0.0
255142930436090001,0.0,0.0,0.0,0.0,0.0
255142930463688201,3.3333332538604736,9.88411711031228,38.651905434015525,12.282817840576172,88.95705173145151
255242927945047202,5.018518447875977,9.294786857836174,131.32386363636363,65.56416320800781,501.9184823144566
255342929021009101,82.0,26.39512195121951,26.39512195121951,1.1168030500411987,26.39512195121951
255342930449499902,0.8014184236526489,6.520080249982246,180.39102336481784,114.22135162353516,919.331318450223
255442930516645202,1.773809552192688,7.737240024602451,39.41501564129301,85.7002944946289,649.9281479673416
255642930463932702,0.0,0.0,0.0,0.0,0.0
255742930534123101,1.1428571939468384,6.019532308604336,94.90216802168021,91.52584838867188,674.1875992345939
256042930518170701,3.8125,13.754291549719326,150.86287089013632,91.61239624023438,880.2746178230096
256142930528386001,0.0,0.0,0.0,0.0,0.0
256242930463635002,0.0,0.0,0.0,0.0,0.0
256242930532496001,234.0,1.0116055237799084,1.0116279069767442,0.15594851970672607,1.0116055237799084
256342930459586501,0.0,0.0,0.0,0.0,0.0
256442930546114502,2.5199999809265137,7.033784977388355,89.7784058790277,90.47371673583984,703.378512356226
256742930518989901,2.7377049922943115,3.5342063974147204,82.02535341118623,111.99102783203125,431.17318762044783
256742930523892702,0.0,0.0,0.0,0.0,0.0
256742930528824702,0.37288135290145874,6.314822303921568,192.2518250377074,103.29026794433594,745.1490303929647
256842928043839301,0.0,0.0,0.0,0.0,0.0
257042928210580802,1.0,24.39532160354873,61.05296610169491,6.770999431610107,97.58129042285984
257042930459363701,0.0,5.1730244084980415,0.0,41.12435531616211,253.4781964293912
257042930460144001,0.0,80.84305517895879,80.84273318872017,10.231289863586426,80.84305517895879
257442930527639402,1.1578947305679321,8.834218884416861,26.518004178444144,78.41232299804688,671.4006079666383
257542930531992402,0.0,0.0,0.0,0.0,0.0
257642930474949601,0.0,0.0,0.0,0.0,0.0
257742930463712801,0.0,0.0,0.0,0.0,0.0
257742930541837301,0.0,0.0,0.0,0.0,0.0
257842930448633102,0.0,0.0,0.0,0.0,0.0
257842930474322902,2.8888888359069824,21.406511252675227,134.4036918138042,26.86166000366211,192.65860438053463
257842930525994302,0.0,0.0,0.0,0.0,0.0
257842930534388801,0.0,0.0,0.0,0.0,0.0
258242930521159301,2.931034564971924,6.324224889674768,136.052835207351,74.78073120117188,733.610074636971
258242930532428802,0.0,0.0,0.0,0.0,0.0
258342930457933401,2.142857074737549,14.657147228602515,63.018375241779495,13.780097961425781,102.60002879985758
258542930477109202,0.0,0.0,0.0,0.0,0.0
258542930528680001,0.0,0.0,0.0,0.0,0.0
258642929800141202,0.0,0.0,0.0,0.0,0.0
258742930449263202,0.0,0.0,0.0,0.0,0.0
258842930524132401,0.0,0.0,0.0,0.0,0.0
258942930455643301,0.0,0.0,0.0,0.0,0.0
259142930428343602,0.0,0.0,0.0,0.0,0.0
259242930521374202,0.0,0.0,0.0,0.0,0.0
259242930526590001,0.0,0.0,0.0,0.0,0.0
259242930542989201,0.0,0.0,0.0,0.0,0.0
259342927979570502,0.0,0.0,0.0,0.0,0.0
259542930549929202,1.0,0.6486290600539611,0.6484819734345351,0.041032835841178894,0.6486290600539611
259642929034814401,0.0,0.0,0.0,0.0,0.0
259642930546744502,1.9629629850387573,9.181179671695887,65.53405259608901,64.52793884277344,743.6755691468917
259742930544586602,3.8214285373687744,5.004485432456234,64.9229291204099,44.29465866088867,280.2511818948513
259942930526882402,3.0757575035095215,4.624297644704433,50.67669172932331,44.96452713012695,305.2036467298251
261142930455927801,0.0,0.0,0.0,0.0,0.0
261142930526174002,0.10256410390138626,6.219592692354516,6.720172875578281,39.480289459228516,242.56412384427026
261242930519812601,2.7064220905303955,12.225395746962977,106.38218279984574,134.3025360107422,1332.5681153903172
261342930550042501,0.0,0.0,0.0,0.0,0.0
261442930531207501,0.0,0.0,0.0,0.0,0.0
261542929903230801,13.0,68.74816255364807,121.99484978540772,15.322379112243652,137.4963200777897
261542930527398002,0.0,0.0,0.0,0.0,0.0
261642930534151601,0.0,0.0,0.0,0.0,0.0
261642930541661902,0.0,0.0,0.0,0.0,0.0
261742928043880601,0.0,0.0,0.0,0.0,0.0
262242930462873701,0.0,0.0,0.0,0.0,0.0
262342930459644301,0.0,0.0,0.0,0.0,0.0
262342930541339301,0.0,0.0,0.0,0.0,0.0
262442930520993002,0.0,0.0,0.0,0.0,0.0
262542930537165501,0.0,0.0,0.0,0.0,0.0
262842930541577902,0.0,0.0,0.0,0.0,0.0
263042930458424401,2.1226415634155273,9.290591800406872,67.22965641952983,89.32504272460938,984.8027601474879
263242930458255702,0.0,0.0,0.0,0.0,0.0
263442930466846301,0.0,0.0,0.0,0.0,0.0
263442930521798901,0.0,0.0,0.0,0.0,0.0
263542930524815602,0.0,0.0,0.0,0.0,0.0
263642930517146502,4.426666736602783,13.002058699324325,227.5547652916074,100.15480041503906,975.1544482005949
263742930474811502,0.0,0.0,0.0,0.0,0.0
263942930474844501,0.0,0.0,0.0,0.0,0.0
264042930457452702,3.4000000953674316,10.118991242151827,213.3236301369863,67.9552001953125,708.3294244150048
264142928135731901,1.0,0.14622961098907836,0.14619883040935672,0.018149055540561676,0.14622961098907836
264142929197899901,3.7333333492279053,2.766142441629606,31.457698009318086,24.031726837158203,124.47641009306918
264242930469660601,0.0,0.0,0.0,0.0,0.0
264242930472909102,0.0,0.0,0.0,0.0,0.0
264442930528585602,0.0,0.0,0.0,0.0,0.0
264542929991113002,0.0,0.0,0.0,0.0,0.0
264642930550424401,0.0,0.0,0.0,0.0,0.0
264642930550565001,0.0,0.0,0.0,0.0,0.0
264742928243059901,0.0,0.0,0.0,0.0,0.0
264742929373243501,3.9342105388641357,9.431870600469283,157.11902730375428,73.76419830322266,716.8221764454663
264742930458813402,0.0,0.0,0.0,0.0,0.0
264842930468130001,0.0,0.0,0.0,0.0,0.0
264842930471898001,0.0,0.0,0.0,0.0,0.0
264942930461356002,0.0,0.0,0.0,0.0,0.0
265142930474007702,0.0,0.0,0.0,0.0,0.0
265342930525067001,0.0,0.0,0.0,0.0,0.0
265342930543016301,0.0,0.0,0.0,0.0,0.0
265842929476646701,0.0,0.0,0.0,0.0,0.0
265842930534545802,0.0,0.0,0.0,0.0,0.0
265842930543162202,0.0,0.0,0.0,0.0,0.0
266042930454985302,5.052631378173828,30.255643763462572,397.8513731825525,73.2225341796875,1724.571745963397
266042930524204401,0.0,0.0,0.0,0.0,0.0
266042930541519002,0.0,0.0,0.0,0.0,0.0
266142928265489802,5.0,31.938086310946463,48.89866156787763,8.777299880981445,63.87617075466061
266442930454746502,0.0,0.0,0.0,0.0,0.0
266442930476981601,0.0,0.0,0.0,0.0,0.0
266542930469002501,0.0,0.0,0.0,0.0,0.0
266642930455716702,0.0,0.0,0.0,0.0,0.0
266742930526545901,0.0,0.0,0.0,0.0,0.0
266942930451361702,4.237500190734863,17.973302670252885,250.33318544809228,95.0961685180664,1437.8641711203736
266942930458448002,0.0,0.0,0.0,0.0,0.0
266942930546957102,3.3132529258728027,4.564585576546594,82.58903680501174,45.810272216796875,378.8606130335605
267042930522688401,0.0,0.0,0.0,0.0,0.0
267042930528033102,22.5,0.8494142948446651,3.3572474377745243,0.34261754155158997,3.3976572519863684
267142930451551001,3.4375,7.283784111484739,109.05838445052103,24.177961349487305,233.08108365788587
267142930480320402,0.0,0.0,0.0,0.0,0.0
267342929197690602,0.0,0.0,0.0,0.0,0.0
267342930470650002,3.8979592323303223,6.623502247012147,136.07954545454547,57.53937530517578,324.55160858638607
267342930528504901,0.0,0.0,0.0,0.0,0.0
267442930449858502,0.0,0.0,0.0,0.0,0.0
267442930519167501,3.7283949851989746,69.95821948121922,1123.088669950739,141.30325317382812,5666.6157173570155
267542930528558402,0.0,0.0,0.0,0.0,0.0
267542930536388401,0.0,0.0,0.0,0.0,0.0
267642929269363301,2.6666667461395264,4.485662869751908,58.3593893129771,20.504194259643555,107.65591212614802
267742930530602901,3.923076868057251,5.964618515493886,542.7803883960681,67.76631927490234,542.7802776440932
268042930458333202,0.0,0.0,0.0,0.0,0.0
268142930316798501,3.769230842590332,5.956930026537621,41.74679987511708,29.483556747436523,154.88017525555304
268242930476680702,0.0,0.0,0.0,0.0,0.0
268642930459538102,0.0,0.0,0.0,0.0,0.0
268742930518171302,3.0,7.356353719451783,7.35667107001321,0.4072767198085785,7.356353719451783
268842930465034701,0.0,0.0,0.0,0.0,0.0
268842930547504902,2.4375,5.239732728387318,37.85948905109489,11.038311004638672,167.67144170446988
268942930468831801,3.799999952316284,5.173993672650741,104.595625269823,76.35981750488281,439.78946783285653
269142930517279701,0.0,0.0,0.0,0.0,0.0
269542930465015202,0.0,0.0,0.0,0.0,0.0
269642930464550602,2.0,13.641744578881207,139.4110622250157,19.77783203125,190.9844303382859
269742930448412001,2.1343283653259277,4.0663142105183665,138.9741420976317,42.22475051879883,272.44306585482207
269742930461248501,0.0,0.0,0.0,0.0,0.0
269942928130694402,3.0,2.358721931429016,8.420921544209216,2.980073928833008,18.869775937889166
269942929155481702,0.0,0.0,0.0,0.0,0.0
269942930526785002,0.0,0.0,0.0,0.0,0.0
269942930526875602,0.0,0.0,0.0,0.0,0.0
269942930529106301,0.0,0.0,0.0,0.0,0.0
271142930462946402,0.0,0.0,0.0,0.0,0.0
271242928684109501,0.0,0.0,0.0,0.0,0.0
271442930543173501,2.7142856121063232,19.548223759299965,95.0760906323977,13.076066970825195,136.8375648702364
271442930548182901,0.0,0.0,0.0,0.0,0.0
271542928099579202,0.0,0.0,0.0,0.0,0.0
271542930519868601,1.8200000524520874,9.044339314661384,1808.8683957732949,202.7650604248047,1808.8678941483915
271642930459031202,3.60606050491333,3.6989604480858467,38.947505800464036,17.351301193237305,122.06569506120792
271642930462452902,0.0,0.0,0.0,0.0,0.0
271742930475173801,0.0,0.0,0.0,0.0,0.0
271742930508828202,0.0,0.0,0.0,0.0,0.0
271942930459908702,0.0,0.0,0.0,0.0,0.0
272042930519339402,3.3333332538604736,3.667044506087981,69.5725844461901,30.702449798583984,187.01927726967355
272042930529516901,2.3421051502227783,3.9984955470422645,127.42280548727301,38.88897705078125,303.8856623594166
272242928845210701,0.0,0.0,0.0,0.0,0.0
272242930476204301,0.0,0.0,0.0,0.0,0.0
272342930526128902,0.0,0.0,0.0,0.0,0.0
272442930461241502,2.5757575035095215,6.132222328581527,338.04750235626767,85.77191162109375,809.4533289169614
272842930460178202,0.0,0.0,0.0,0.0,0.0
272842930531914801,0.0,0.0,0.0,0.0,0.0
272942930522697701,0.0,0.0,0.0,0.0,0.0
273042930515730901,0.0,0.0,0.0,0.0,0.0
273042930524748101,0.0,0.0,0.0,0.0,0.0
273142930470689702,2.75,10.134356587485083,40.53729116945107,7.588289737701416,40.53742729678643
273142930533768001,2.6666667461395264,9.80963398678792,97.17227179135209,41.334720611572266,294.2890236042261
273442930546731802,0.0,0.0,0.0,0.0,0.0
273542929989589602,0.0,0.0,0.0,0.0,0.0
273542930453669902,0.0,0.0,0.0,0.0,0.0
273542930542605502,0.0,0.0,0.0,0.0,0.0
273642930508767101,0.0,0.0,0.0,0.0,0.0
273642930533961901,0.0,0.0,0.0,0.0,0.0
273742930475146401,1.0,0.388261186784136,0.38816738816738816,0.0577363595366478,0.388261186784136
273842930518582102,0.0,0.0,0.0,0.0,0.0
274042928043842102,0.0,0.0,0.0,0.0,0.0
274042930533205801,0.0,0.0,0.0,0.0,0.0
274142930469864701,0.0,0.0,0.0,0.0,0.0
274242930457202402,2.8405797481536865,6.871690194818038,47.3828125,69.57508087158203,474.14661367350743
274242930457849201,0.0,0.0,0.0,0.0,0.0
274242930545682101,3.5,9.057050945378151,18.11409634276246,2.6329832077026367,18.11410137063188
274342930547205401,3.5405404567718506,5.361494565928601,65.11139028475712,23.685348510742188,198.375300440956
274542930448087501,0.0,0.0,0.0,0.0,0.0
274642930509549001,3.1926605701446533,4.079195529973697,95.51589099145174,71.78681182861328,444.63232344421624
274742930507794401,0.0,0.0,0.0,0.0,0.0
274942930473043401,0.0,0.0,0.0,0.0,0.0
275042928135390702,1.3523809909820557,3.1909106769392976,44.454957134955755,55.54558181762695,335.04562920173714
275042930517825101,1.875,7.184926077322738,111.29156479217603,67.32103729248047,574.7940710482795
275242929861334501,0.0,0.0,0.0,0.0,0.0
275242930464028901,0.0,0.0,0.0,0.0,0.0
275442929613423202,0.9615384340286255,7.292053453325774,63.38851095993953,15.391047477722168,189.59339112723674
275442930464639801,4.102941036224365,19.29701285057578,401.69390787518574,134.7600860595703,1312.1968330077573
275442930527084202,0.0,0.0,0.0,0.0,0.0
275542930545852601,0.0,0.0,0.0,0.0,0.0
275742930548107602,0.0,0.0,0.0,0.0,0.0
275842928021779401,0.0,0.0,0.0,0.0,0.0
275842930519335401,0.0,0.0,0.0,0.0,0.0
275942930479575502,0.0,0.0,0.0,0.0,0.0
276042930464092201,0.0,0.0,0.0,0.0,0.0
276242930472097402,0.0,0.0,0.0,0.0,0.0
276642928042242301,0.0,0.0,0.0,0.0,0.0
276642929649295001,0.0,0.0,0.0,0.0,0.0
276742930527201601,2.8279569149017334,9.96341450309491,178.7024300779459,109.0676040649414,926.5975483864177
276842929104948101,0.0,0.0,0.0,0.0,0.0
276842930525970802,0.0,0.0,0.0,0.0,0.0
276842930549490302,0.0,0.0,0.0,0.0,0.0
277242930457175502,0.0,0.0,0.0,0.0,0.0
277242930516254902,0.0,0.0,0.0,0.0,0.0
277442930454145502,1.491735577583313,5.726985842083032,193.04133478155924,151.89759826660156,1385.9305543298742
277542930456323102,0.0,0.0,0.0,0.0,0.0
277542930473742702,0.0,0.0,0.0,0.0,0.0
277542930531233702,0.0,0.0,0.0,0.0,0.0
277642929969542602,0.0,0.0,0.0,0.0,0.0
277742930525180201,0.0,0.0,0.0,0.0,0.0
277742930547603701,0.0,0.0,0.0,0.0,0.0
277842930518285201,2.8181817531585693,10.424282717220155,46.501002004008015,16.466537475585938,114.6671148748477
278042930509677102,3.0,14.512960823524535,29.148541114058354,2.7711808681488037,72.56480201296212
278242930455278201,0.0,0.0,0.0,0.0,0.0
278342928932688301,0.0,0.0,0.0,0.0,0.0
278442930473949402,0.0,0.0,0.0,0.0,0.0
278642930515756102,0.0,0.0,0.0,0.0,0.0
278742930460003702,0.0,0.0,0.0,0.0,0.0
278842930477822401,0.0,0.0,0.0,0.0,0.0
278842930516981202,2.822580575942993,35.83154189086645,789.8807947019867,124.70797729492188,2221.5555674571865
278842930524592002,0.0,48.75172548359451,48.75220372184133,8.35096549987793,48.75172548359451
278942930525158501,3.4639174938201904,4.434257344080649,107.05666588290619,62.37491989135742,430.12294722040656
279142928086601001,0.0,0.0,0.0,0.0,0.0
279442930473480502,0.0,0.0,0.0,0.0,0.0
279642930453807602,0.0,0.0,0.0,0.0,0.0
279642930541353202,4.487804889678955,15.611830018939393,177.8121212121212,44.071807861328125,640.0850285246878
279742930525071701,0.0,15.258833635892117,20.65228215767635,7.990531921386719,61.03533130186722
279942930518740602,4.5714287757873535,22.44069311476397,195.35067437379575,28.522062301635742,314.16969685931195
281142929642567301,0.0,0.0,0.0,0.0,0.0
281142930529025802,0.0,0.0,0.0,0.0,0.0
281342929684635902,0.0,0.0,0.0,0.0,0.0
281342930453948401,0.0,0.0,0.0,0.0,0.0
281342930534319302,1.9176470041275024,12.294679473659542,124.51181102362204,73.7026138305664,1045.0477992395001
281842930455480101,0.0,0.0,0.0,0.0,0.0
281842930478686702,0.0,0.0,0.0,0.0,0.0
281942930477643701,1.4497991800308228,5.221598105195192,1300.1777093473727,134.44125366210938,1300.1779755963414
282042930457742102,0.0,0.0,0.0,0.0,0.0
282142930550607302,3.6105263233184814,6.52491597487511,130.74904496032912,75.88982391357422,619.86701657436
282342930530675901,0.0,0.0,0.0,0.0,0.0
282442930450635301,0.0,0.0,0.0,0.0,0.0
282442930508133501,0.0,0.0,0.0,0.0,0.0
282542930524809801,0.0,0.0,0.0,0.0,0.0
282642930469586102,0.0,0.0,0.0,0.0,0.0
283142930479193502,0.0,0.0,0.0,0.0,0.0
283242930527502002,8.071428298950195,5.028675061436326,70.40140845070422,12.004137992858887,70.40144891694118
283342928005313202,0.0,0.0,0.0,0.0,0.0
283342930528881501,0.0,0.0,0.0,0.0,0.0
283442930458935102,1.68478262424469,6.470297582213578,46.903111739745405,90.77826690673828,595.2673731512531
283442930510207402,0.0,0.0,0.0,0.0,0.0
283542930519666102,0.0,0.0,0.0,0.0,0.0
283642928757851802,0.0,0.0,0.0,0.0,0.0
283742930536990002,3.7249999046325684,25.68848400297619,519.3952380952381,89.89729309082031,2055.0787156575066
283742930550168602,0.0,0.0,0.0,0.0,0.0
283842930477529801,0.0,0.0,0.0,0.0,0.0
283842930509256702,0.0,0.0,0.0,0.0,0.0
283842930519159102,0.0,0.0,0.0,0.0,0.0
283842930532141702,0.0,0.0,0.0,0.0,0.0
284042930450482202,0.0,0.0,0.0,0.0,0.0
284142927921591502,0.0,0.0,0.0,0.0,0.0
284142930469310702,0.0,0.0,0.0,0.0,0.0
284142930517593401,0.0,0.0,0.0,0.0,0.0
284142930545369602,0.0,0.0,0.0,0.0,0.0
284242930457062102,0.0,0.0,0.0,0.0,0.0
284242930542269101,0.0,0.0,0.0,0.0,0.0
284342929118646901,0.0,0.0,0.0,0.0,0.0
284342930542910402,0.0,129.77346510600708,129.77340989399292,12.350072860717773,129.77346510600708
284542930289309602,0.0,0.0,0.0,0.0,0.0
284642930462574802,0.0,0.0,0.0,0.0,0.0
284842929331811301,0.0,0.0,0.0,0.0,0.0
284942930474896701,0.0,0.0,0.0,0.0,0.0
284942930526933301,0.0,0.0,0.0,0.0,0.0
285042930530335901,0.0,0.0,0.0,0.0,0.0
285242929529038501,0.0,0.0,0.0,0.0,0.0
285342930477471501,77.0,12.101362179487179,12.100961538461538,1.2015234231948853,12.101362179487179
285342930477479902,0.0,0.0,0.0,0.0,0.0
285642929025477601,0.0,0.0,0.0,0.0,0.0
285642930536209902,4.0,10.461031282620041,167.96381350034795,106.05095672607422,951.9538633635912
285842930543680701,4.3086419105529785,6.371540402982574,110.14691689008043,88.45576477050781,516.0947933125432
285942930466952001,0.0,0.0,0.0,0.0,0.0
286042930529533502,0.0,5.926350191949744,0.0,154.3419647216797,1374.9132313231303
286142930461326201,3.0,1.571204514332057,2.7145288236545415,0.35683661699295044,3.1424091325316423
286242930509415601,0.0,0.0,0.0,0.0,0.0
286342927982837101,0.0,0.0,0.0,0.0,0.0
286342930526716102,0.0,0.0,0.0,0.0,0.0
286542930471697302,0.4868420958518982,5.177737253168288,22.83554376657825,74.26414489746094,393.50803208287897
286542930524444701,0.0,0.0,0.0,0.0,0.0
286742930519788302,0.0,0.0,0.0,0.0,0.0
286742930533445401,0.0,0.0,0.0,0.0,0.0
286942928570832201,0.0,0.0,0.0,0.0,0.0
286942928684064701,0.0,0.0,0.0,0.0,0.0
287142930538503402,0.0,0.0,0.0,0.0,0.0
287142930546935102,0.0,0.0,0.0,0.0,0.0
287242930472712401,4.666666507720947,1.858405629644818,3.775575790037493,0.6978449821472168,5.575216888934453
287242930478058801,0.0,0.0,0.0,0.0,0.0
287442929424281301,2.5,2.1081610152881223,4.216326930615445,0.42314186692237854,4.216322107139357
287542930449605602,0.0,0.0,0.0,0.0,0.0
287542930471836801,0.0,0.0,0.0,0.0,0.0
287842930464915402,0.0,0.0,0.0,0.0,0.0
287942929309212902,0.0,0.0,0.0,0.0,0.0
287942930465536202,0.0,0.0,0.0,0.0,0.0
288042930543019902,0.0,0.0,0.0,0.0,0.0
288042930543246201,0.0,0.0,0.0,0.0,0.0
288242930469467601,0.0,0.0,0.0,0.0,0.0
288242930547391702,2.1979167461395264,5.078190654486927,51.875565166109695,75.4691162109375,487.50629514201535
288442930541622001,0.0,0.0,0.0,0.0,0.0
288742930522472501,0.0,0.0,0.0,0.0,0.0
288842930452286102,0.0,0.0,0.0,0.0,0.0
288842930460077201,3.0357143878936768,12.656279131355932,163.41830508474575,20.04100799560547,354.3758262194617
288842930547629101,0.0,0.0,0.0,0.0,0.0
288842930549622001,0.0,0.0,0.0,0.0,0.0
288942930516013801,0.0,0.0,0.0,0.0,0.0
289042930527326901,0.0,0.0,0.0,0.0,0.0
289042930547054202,0.0,0.0,0.0,0.0,0.0
289142930458890701,3.8888888359069824,8.028434252067502,53.47697809566384,10.615875244140625,72.2559061949947
289342930451844602,0.0,0.0,0.0,0.0,0.0
289442930462773001,0.0,0.0,0.0,0.0,0.0
289542930473308102,0.0,0.0,0.0,0.0,0.0
289642930545972401,0.0,0.0,0.0,0.0,0.0
289742930530455002,0.0,0.0,0.0,0.0,0.0
289842930516115902,2.200000047683716,10.531476119831547,77.20275650842267,16.126859664916992,105.31476310040648
289942930511244801,2.4336283206939697,4.307801803372211,240.36389452332656,62.69802474975586,486.78162439686776
291542930469697801,0.0,0.0,0.0,0.0,0.0
291642930542641001,0.0,0.0,0.0,0.0,0.0
291742930142600201,0.0,0.0,0.0,0.0,0.0
291942930446774202,0.0,0.0,0.0,0.0,0.0
291942930533612102,0.0,0.0,0.0,0.0,0.0
292042930517688202,0.0,0.0,0.0,0.0,0.0
292142930479925101,3.288135528564453,7.860257599329823,69.71440880804212,55.18206024169922,463.7552014151391
292242930515574002,0.0,0.0,0.0,0.0,0.0
292442930460041502,0.0,0.0,0.0,0.0,0.0
292442930462885501,0.0,0.0,0.0,0.0,0.0
292942929456669102,0.0,0.0,0.0,0.0,0.0
293142930517194901,2.711864471435547,16.738869271627287,318.2118902439024,64.63571166992188,987.593286598601
293242930526249502,0.0,0.0,0.0,0.0,0.0
293242930531600502,0.0,0.0,0.0,0.0,0.0
293242930550733201,3.0,1.4086471417147761,6.017943516929318,3.3159141540527344,18.312413594636816
293342930508080601,0.0,0.0,0.0,0.0,0.0
293342930508994302,0.0,0.0,0.0,0.0,0.0
293642930164668102,0.0,0.0,0.0,0.0,0.0
293642930446861002,5.458333492279053,4.375554513459158,55.453960396039605,35.490318298339844,210.02661981098723
293742930524691402,0.0,0.0,0.0,0.0,0.0
294142930461696302,0.0,0.0,0.0,0.0,0.0
294342930527502601,0.6162790656089783,10.377943735015982,129.15396909962706,123.52206420898438,892.5031847681971
294742929721498401,1.8333333730697632,10.561303027182866,51.874194997753484,6.774437427520752,63.3678175780665
294742930517719501,0.0,0.0,0.0,0.0,0.0
294742930542542101,2.8217053413391113,7.138731159314543,260.0517011340894,106.51510620117188,920.8963032271005
294942930446267502,2.8205127716064453,4.968324748961219,126.55831024930748,106.220703125,581.2939897785557
294942930455870402,3.1666667461395264,15.39402519320724,81.47264592231035,8.350432395935059,92.36415374116585
294942930531762002,1.5617977380752563,11.998601317539194,133.2788353863382,117.96707916259766,1067.875492928944
295442930453856202,5.0,26.790166856193142,372.6920923722883,110.7157974243164,1473.4591136262331
295542928159286201,0.0,0.0,0.0,0.0,0.0
295542930480599701,0.0,0.0,0.0,0.0,0.0
295542930538104301,0.0,0.0,0.0,0.0,0.0
295742930474957402,0.0,0.0,0.0,0.0,0.0
295742930524433702,0.0,0.0,0.0,0.0,0.0
295842930532647602,0.0,0.0,0.0,0.0,0.0
295942930515960302,0.0,0.0,0.0,0.0,0.0
295942930516742801,0.0,0.0,0.0,0.0,0.0
296242930455377601,0.0,0.0,0.0,0.0,0.0
296342930508236301,0.0,0.0,0.0,0.0,0.0
296342930517781701,0.0,0.0,0.0,0.0,0.0
296442930519883402,2.3333332538604736,24.643982971999055,136.28922495274102,11.93309497833252,295.72780489425804
296542930474349602,0.0,0.0,0.0,0.0,0.0
296642929820997201,0.0,0.0,0.0,0.0,0.0
296742927980095501,2.4719998836517334,5.94648309502532,172.34405719392313,94.82574462890625,743.3103895366352
296742930529195101,0.0,0.0,0.0,0.0,0.0
296842930458231501,1.5137615203857422,7.906690864492177,143.50570140546273,111.63172149658203,861.8293036809621
296842930475425901,0.0,0.0,0.0,0.0,0.0
297142930453227601,0.0,0.0,0.0,0.0,0.0
297142930460015402,3.3399999141693115,10.348598095992429,109.70572745227123,28.11023712158203,517.429902303368
297142930544064501,0.0,0.0,0.0,0.0,0.0
297142930548160502,0.0,0.0,0.0,0.0,0.0
297242930550572001,0.0,0.0,0.0,0.0,0.0
297442930464887802,0.0,0.0,0.0,0.0,0.0
297742930468887502,0.0,0.0,0.0,0.0,0.0
297942930447564901,0.0,0.0,0.0,0.0,0.0
297942930472700202,3.057142972946167,4.984673300694786,101.25823905558288,23.91866111755371,174.4635679786333
297942930473282202,0.0,0.0,0.0,0.0,0.0
298042930524275601,0.0,0.0,0.0,0.0,0.0
298242930477089302,0.0,0.0,0.0,0.0,0.0
298242930510235002,3.843137264251709,13.759154935666851,224.68760376314333,86.1845932006836,701.716893711734
298342930447643102,0.0,0.0,0.0,0.0,0.0
298342930544433301,0.0,0.0,0.0,0.0,0.0
298342930548585002,3.3047618865966797,4.960287713958534,142.06726133076182,95.27429962158203,520.8302224480198
298542930475335702,0.0,0.0,0.0,0.0,0.0
298542930528293701,0.0,0.0,0.0,0.0,0.0
298842930529840402,5.5,42.93679576487567,63.799289520426285,7.6850175857543945,85.87358979518206
299042929197945001,0.0,0.0,0.0,0.0,0.0
299242930449084201,0.0,0.0,0.0,0.0,0.0
299442930462151402,0.0,0.0,0.0,0.0,0.0
299542930517598002,0.0,0.0,0.0,0.0,0.0
299642930472921601,0.0,0.0,0.0,0.0,0.0
299642930524834302,6.0,3.4622755722460656,6.924577968526466,0.9101811051368713,6.924550948900214
299742930528227402,0.0,0.0,0.0,0.0,0.0
299742930545005402,0.0,0.0,0.0,0.0,0.0
301242930459796901,0.0,0.0,0.0,0.0,0.0
301542930508533601,0.0,0.0,0.0,0.0,0.0
301542930528796002,227.0,30.70397841217412,30.70398332743502,7.106269836425781,30.70397841217412
301642930479679501,0.0,0.0,0.0,0.0,0.0
301642930524385402,0.0,0.0,0.0,0.0,0.0
301842930461762701,0.0,0.0,0.0,0.0,0.0
301842930544711402,0.0,0.0,0.0,0.0,0.0
301942929839855901,0.0,48.30744339247882,0.0,8.254057884216309,48.30744339247882
301942930474861802,0.0,0.0,0.0,0.0,0.0
302042930474602301,0.0,0.0,0.0,0.0,0.0
302142930528684002,3.8089888095855713,7.1475685425216895,146.3673437581173,65.81484985351562,636.1336248008312
302142930534298101,3.473684310913086,11.722952966751066,113.15991471215352,27.193927764892578,222.73609804751268
302542930466332502,0.0,0.0,0.0,0.0,0.0
302542930541058901,0.26829269528388977,12.93336634119381,96.86219602063375,73.06977844238281,1060.5359870303441
302542930544385002,0.0,0.0,0.0,0.0,0.0
302542930550807001,0.0,0.0,0.0,0.0,0.0
302842930457098302,0.0,0.0,0.0,0.0,0.0
302942930517101002,0.0,0.0,0.0,0.0,0.0
303142930474287802,3.3333332538604736,70.02177447378872,200.26528991262907,32.55876541137695,210.06532342136617
303142930522970002,1.485714316368103,5.845405851842287,43.582644628099175,74.68955993652344,613.7676057352508
303242930525631102,0.0,0.0,0.0,0.0,0.0
303442929946432702,3.5428571701049805,8.510771798804313,87.97655517349172,41.91449737548828,297.8770033111048
303642928077879902,0.0,0.0,0.0,0.0,0.0
303742930463339901,0.0,0.0,0.0,0.0,0.0
303742930466476901,0.0,0.0,0.0,0.0,0.0
303742930474687902,4.0,13.942053543893914,96.32236842105263,12.748075485229492,111.53643170783394
303942927963809701,0.0,0.0,0.0,0.0,0.0
303942930465122701,4.0,14.197890117095154,14.197990543735225,1.6852484941482544,14.197890117095154
304042930476111801,0.0,0.0,0.0,0.0,0.0
304142930516774902,0.0,0.0,0.0,0.0,0.0
304142930548522101,0.0,0.0,0.0,0.0,0.0
304542929249094801,0.0,0.0,0.0,0.0,0.0
304542930461310101,0.0,0.0,0.0,0.0,0.0
304542930546424301,0.0,0.0,0.0,0.0,0.0
304742930530586601,3.204545497894287,5.049265160891089,127.10761614623,60.61232376098633,444.3353140884016
304842930517668701,0.0,0.0,0.0,0.0,0.0
304842930519811202,0.0,0.0,0.0,0.0,0.0
305142930508959602,0.7288135886192322,3.778614282385834,25.422180801491145,68.21891021728516,445.8764805778379
305442928726076102,0.0,0.0,0.0,0.0,0.0
305442930454598402,0.0,0.0,0.0,0.0,0.0
305442930471191902,0.0,0.0,0.0,0.0,0.0
305542930529910201,2.866666555404663,4.737108145051485,19.128669900434005,10.469637870788574,71.05662352622251
305742930528768702,7.0,83.01057762390671,83.01064139941691,10.33267593383789,83.01057762390671
306242930537512101,0.0,1.7295069342491611,0.0,0.2626478374004364,1.7295069342491611
306442930473335602,0.0,0.0,0.0,0.0,0.0
306442930517138902,0.0,0.0,0.0,0.0,0.0
306542930533804102,0.0,0.0,0.0,0.0,0.0
306642930462906002,0.0,0.0,0.0,0.0,0.0
306642930479796202,2.653846263885498,8.673342359981014,272.82207756983996,84.06060791015625,1127.5345399523933
306842930453555401,0.0,0.0,0.0,0.0,0.0
306842930480406501,0.0,0.0,0.0,0.0,0.0
306942930550479101,0.0,0.0,0.0,0.0,0.0
307042930532334402,0.0,123.91347536857245,123.91352031643294,21.62111473083496,123.91347536857245
307142929091435101,0.0,0.0,0.0,0.0,0.0
307142930458079601,0.0,0.0,0.0,0.0,0.0
307142930474623902,0.0,0.0,0.0,0.0,0.0
307242930515916901,0.0,0.0,0.0,0.0,0.0
307342930509616201,0.0,0.0,0.0,0.0,0.0
307342930534097002,0.0,0.0,0.0,0.0,0.0
307442930479630902,0.0,0.0,0.0,0.0,0.0
307442930509778802,0.0,0.0,0.0,0.0,0.0
307542930524280301,3.0,3.5103990823977655,3.5103590411107497,0.4976767301559448,3.5103990823977655
307742930544301201,0.0,0.0,0.0,0.0,0.0
307842928636919901,0.0,0.0,0.0,0.0,0.0
308042930455771602,0.0,0.0,0.0,0.0,0.0
308142930466652001,0.0,0.0,0.0,0.0,0.0
308142930478039102,2.6857142448425293,5.005571971246838,79.68918315726826,83.15665435791016,525.5850809582499
308142930529668602,0.0,0.0,0.0,0.0,0.0
308142930532520002,0.0,0.0,0.0,0.0,0.0
308242930544806301,0.0,0.0,0.0,0.0,0.0
308342929901445701,3.857142925262451,16.88077818273672,156.5796766743649,62.92786407470703,590.8272602765536
308342930080355601,0.0,0.0,0.0,0.0,0.0
308342930546970002,8.5,6.207904151496764,48.22977346278317,14.697542190551758,124.15807863500898
308542930477019402,13.0,11.775323577425374,70.65373134328358,6.996565341949463,70.65194173784398
308742930465134201,0.0,0.0,0.0,0.0,0.0
308842930547509501,0.0,0.0,0.0,0.0,0.0
308942929843657702,0.0,0.0,0.0,0.0,0.0
308942930464926901,0.0,0.0,0.0,0.0,0.0
308942930541987802,0.0,0.0,0.0,0.0,0.0
309042930531011002,0.0,0.0,0.0,0.0,0.0
309142929118744101,110.0,2.2745509347515904,4.550898203592815,0.5041375756263733,4.549101869503181
309142930464369601,0.0,0.0,0.0,0.0,0.0
309442930462659701,0.0,0.0,0.0,0.0,0.0
309542930530726202,2.347222328186035,4.9505765082986315,174.141803980952,64.9112777709961,712.8830142708754
309742930510620701,0.0,0.0,0.0,0.0,0.0
309942930545580002,0.0,0.0,0.0,0.0,0.0
311442930542281902,3.0,17.90997379881317,140.15160796324656,5.547717571258545,143.2797861376729
311542930446688901,0.0,0.0,0.0,0.0,0.0
311542930455740902,0.0,0.0,0.0,0.0,0.0
311642930475115902,0.0,0.0,0.0,0.0,0.0
311842930517670502,0.0,12.379446640316205,0.0,1.6494314670562744,24.75889328063241
311942930455638502,0.0,0.0,0.0,0.0,0.0
312042930480484602,9.0,13.468586170414351,88.42849924204144,20.827869415283203,148.15445123627188
312042930543741001,0.0,0.0,0.0,0.0,0.0
312142929704156101,0.0,0.0,0.0,0.0,0.0
312142930446570101,0.0,0.0,0.0,0.0,0.0
312242930543752601,0.0,0.0,0.0,0.0,0.0
312442930454121202,4.0,17.630219305945694,310.0062421972534,125.71080017089844,1604.3499092557158
312542930528071701,0.0,0.0,0.0,0.0,0.0
312642930456892002,2.0810811519622803,4.908922697368421,61.4703947368421,20.63393783569336,181.63013089330573
312642930515697601,0.0,0.0,0.0,0.0,0.0
312842930542735201,0.0,0.0,0.0,0.0,0.0
313042928021659402,0.0,0.0,0.0,0.0,0.0
313042930517111502,0.0,0.0,0.0,0.0,0.0
313142930516351402,0.0,0.0,0.0,0.0,0.0
313442930521399602,0.0,0.0,0.0,0.0,0.0
313442930533729502,0.0,0.0,0.0,0.0,0.0
313542930477137801,0.0,0.0,0.0,0.0,0.0
313542930525965001,0.0,0.0,0.0,0.0,0.0
313542930540390402,0.0,0.0,0.0,0.0,0.0
313642930460297502,0.0,0.0,0.0,0.0,0.0
313742930453968502,0.0,0.0,0.0,0.0,0.0
313742930525229401,0.0,0.0,0.0,0.0,0.0
313942930475403102,0.0,0.0,0.0,0.0,0.0
314042930466352302,0.0,0.0,0.0,0.0,0.0
314042930543493001,0.0,0.0,0.0,0.0,0.0
314242930527104402,0.0,0.0,0.0,0.0,0.0
314542930452521402,0.0,0.0,0.0,0.0,0.0
314642930525598602,0.0,0.0,0.0,0.0,0.0
314742930457973501,0.0,0.0,0.0,0.0,0.0
314742930461770301,0.0,0.0,0.0,0.0,0.0
314742930543917201,0.0,0.0,0.0,0.0,0.0
314942930524836901,0.0,0.0,0.0,0.0,0.0
315442930531999501,0.0,0.0,0.0,0.0,0.0
315542930519478501,0.0,0.0,0.0,0.0,0.0
315542930529561302,0.0,0.0,0.0,0.0,0.0
315642930530192301,0.0,0.0,0.0,0.0,0.0
315842930530136202,0.0,0.0,0.0,0.0,0.0
316642930462545502,2.1666667461395264,4.612568218355144,51.78429602888087,10.34321403503418,83.02622760202911
316642930469409301,2.884955644607544,4.118880547310284,59.36351913578745,62.419891357421875,465.4334899170237
316642930530285002,0.0,0.0,0.0,0.0,0.0
316742930528486302,2.3611111640930176,3.1444918224299063,34.7676261682243,16.513683319091797,113.20170059318185
316842930524674801,0.0,0.0,0.0,0.0,0.0
316842930534404902,0.0,0.0,0.0,0.0,0.0
317042930448374701,0.0,0.0,0.0,0.0,0.0
317042930461574402,0.0,0.0,0.0,0.0,0.0
317142930448776802,0.0,0.0,0.0,0.0,0.0
317242930351294101,0.0,0.0,0.0,0.0,0.0
317242930448551201,4.789473533630371,12.298729915456798,175.34206798866856,48.049896240234375,701.0275808501851
317242930509868302,0.0,0.0,0.0,0.0,0.0
317242930541173401,0.0,0.0,0.0,0.0,0.0
317342930545988302,4.285714149475098,25.15430221870725,131.76060191518468,29.76303482055664,352.16021872545235
317442930478135302,0.0,0.0,0.0,0.0,0.0
317442930515782902,0.0,0.0,0.0,0.0,0.0
317542930447869902,0.0,0.0,0.0,0.0,0.0
317642930460503501,0.0,0.0,0.0,0.0,0.0
317642930516056901,0.0,4.303028362119237,0.0,14.629632949829102,129.09084938464912
317642930525366102,0.0,0.0,0.0,0.0,0.0
317642930534374702,97.0,0.02141081464446206,0.02113113735239279,0.002523136790841818,0.02141081464446206
317742930447601401,0.0,0.0,0.0,0.0,0.0
317742930519615102,0.0,0.0,0.0,0.0,0.0
317942930545716001,0.0,0.0,0.0,0.0,0.0
318042930473003702,0.0,0.0,0.0,0.0,0.0
318042930474158602,0.0,0.0,0.0,0.0,0.0
318142930545846502,0.0,0.0,0.0,0.0,0.0
318242930051124302,0.0,0.0,0.0,0.0,0.0
318242930445751301,0.48235294222831726,19.415208666590495,322.6563071297989,0.0,1650.2926757932798
318442930451906402,0.0,0.0,0.0,0.0,0.0
318442930472979202,0.0,0.0,0.0,0.0,0.0
318542929194731901,0.0,0.0,0.0,0.0,0.0
318742930519035401,0.0,0.0,0.0,0.0,0.0
318942930462878702,0.0,0.0,0.0,0.0,0.0
319142930459262201,0.0,0.0,0.0,0.0,0.0
319142930473924202,0.0,0.0,0.0,0.0,0.0
319242930541495002,0.0,0.0,0.0,0.0,0.0
319342930472134402,0.0,0.0,0.0,0.0,0.0
319442930529431002,0.0,0.0,0.0,0.0,0.0
319542927897875801,10.0,0.08434223943969937,0.0843285623119701,0.01584659516811371,0.08434223943969937
319542930476446802,2.989473581314087,34.23218513257576,543.3017676767677,84.875732421875,3252.0575890974565
319742930534511301,0.0,0.0,0.0,0.0,0.0
319942930521968101,0.0,0.0,0.0,0.0,0.0
321142929177982401,0.0,0.0,0.0,0.0,0.0
321242930519562901,0.0,0.0,0.0,0.0,0.0
321342930549425202,1.0,7.730052399263432,7.729636048526863,0.7590470910072327,7.730052399263432
321842930538717302,1.7575757503509521,13.39564964657738,107.93333333333334,44.800315856933594,442.0564530962989
322042930475107601,0.0,0.0,0.0,0.0,0.0
322042930475841301,0.0,0.0,0.0,0.0,0.0
322142930541473402,0.0,0.0,0.0,0.0,0.0
322442930518961301,0.0,0.0,0.0,0.0,0.0
322542930547495002,0.0,0.0,0.0,0.0,0.0
322642929537342401,0.0,0.0,0.0,0.0,0.0
322742930519716202,3.588235378265381,11.784189502198492,329.97989949748745,31.804439544677734,600.9936449641558
322742930530703601,3.3720929622650146,32.75049838362069,479.9747126436782,65.97390747070312,1408.271440676985
322842930476696802,0.0,0.0,0.0,0.0,0.0
323042929488733102,0.0,0.0,0.0,0.0,0.0
323042930546015301,3.25,3.5112806658878504,13.96099146688338,3.2060911655426025,14.04512200942615
323142930521426302,0.0,0.0,0.0,0.0,0.0
323342930509386901,0.1221374049782753,5.305813560002966,22.97626582278481,89.24070739746094,695.0615827222414
323342930527679301,0.0,0.0,0.0,0.0,0.0
323342930528370002,0.0,0.0,0.0,0.0,0.0
323442927975082002,0.0,0.0,0.0,0.0,0.0
323742930456266901,0.0,5.434771087152153,0.0,74.75300598144531,451.0860024491423
323742930477129001,0.0,0.0,0.0,0.0,0.0
323742930516063802,0.0,0.0,0.0,0.0,0.0
323842930542709901,2.3203883171081543,6.057853111629095,66.60259275815825,63.09101486206055,623.9588920288718
323942930517140201,0.0,0.0,0.0,0.0,0.0
324042930516101402,3.5360825061798096,18.76494439474334,280.15301085883516,104.81974792480469,1820.199516733213
324142929467067101,0.0,0.0,0.0,0.0,0.0
324342930453507201,0.0,0.0,0.0,0.0,0.0
324442930473115401,0.0,0.0,0.0,0.0,0.0
324442930545607801,0.0,0.0,0.0,0.0,0.0
324542930516684901,0.0,0.0,0.0,0.0,0.0
324542930529308002,2.7142856121063232,3.6391006819473386,33.16638252194229,17.348308563232422,101.89482156437154
324742930529490902,0.0,0.0,0.0,0.0,0.0
324842930536416901,0.0,0.0,0.0,0.0,0.0
324942930516603101,0.0,0.0,0.0,0.0,0.0
325842927959121701,0.0,0.0,0.0,0.0,0.0
325942930456155801,0.0,0.0,0.0,0.0,0.0
325942930509005302,0.0,0.0,0.0,0.0,0.0
326242929348469101,0.27317073941230774,9.390933388157896,331.8008097165992,259.4983215332031,1925.1414035812563
326242930475913001,0.0,0.0,0.0,0.0,0.0
326242930479798102,3.952380895614624,10.17535851326743,99.45993756503643,28.65835952758789,213.68251996233857
326242930532815501,0.0,0.0,0.0,0.0,0.0
326742930545741002,0.0,0.0,0.0,0.0,0.0
326942930462396301,2.8852458000183105,6.142565456081081,157.44756756756757,96.56614685058594,749.3929931805585
327042930518364901,2.3877551555633545,12.01117075748167,353.61867721236285,41.61199951171875,588.54735150922
327042930543509002,0.0,0.0,0.0,0.0,0.0
327142928822976102,0.0,0.0,0.0,0.0,0.0
327142930531769601,4.337662220001221,15.556115739922207,402.1732673267327,129.33534240722656,1197.8209494923938
327242930480443201,0.0,0.0,0.0,0.0,0.0
327342930519145801,0.0,0.0,0.0,0.0,0.0
327442930468325001,0.0,0.0,0.0,0.0,0.0
327442930518731202,0.0,0.0,0.0,0.0,0.0
327842930545368201,0.0,0.0,0.0,0.0,0.0
327942930472483502,0.0,0.0,0.0,0.0,0.0
328142930525625702,8.25,3.4112107096965505,13.644855194227539,2.0691678524017334,13.644842935313086
328142930530120601,3.0,0.8302894976363598,1.9700090631951883,0.3044408857822418,2.4908683973609236
328442930531385702,0.0,0.0,0.0,0.0,0.0
328642930476288101,0.0,0.0,0.0,0.0,0.0
328742930447855701,0.0,0.0,0.0,0.0,0.0
328742930516958201,0.0,0.0,0.0,0.0,0.0
328842930458449401,0.0,0.0,0.0,0.0,0.0
329042930528042701,0.0,0.0,0.0,0.0,0.0
329142930476959202,0.0,0.0,0.0,0.0,0.0
329142930539175902,0.0,0.0,0.0,0.0,0.0
329242929307482901,2.220339059829712,9.417057671282798,124.9103498542274,37.76976013183594,555.6064050746729
329342930450180801,0.0,0.0,0.0,0.0,0.0
329442930539290901,0.0,0.0,0.0,0.0,0.0
329542930459791702,1.954545497894287,8.409112799657533,32.23215573179524,87.7618408203125,740.00190998963
329742928108713902,0.0,0.0,0.0,0.0,0.0
329742930510530302,0.0,0.0,0.0,0.0,0.0
331342928577536302,1.5028902292251587,5.0384534470578455,720.5722517730496,114.81627655029297,871.6524763754073
331342930530428001,0.0,0.0,0.0,0.0,0.0
331542930458358102,0.0,0.0,0.0,0.0,0.0
331542930518042601,5.44444465637207,15.138842640027322,101.45537340619308,13.96286392211914,136.24957853501394
331642930342522902,0.0,0.0,0.0,0.0,0.0
331642930475173601,0.0,0.0,0.0,0.0,0.0
331642930515500302,1.3090908527374268,6.9118499848392965,634.1646452395391,0.0,1140.4552933244433
331742930456837602,0.0,0.0,0.0,0.0,0.0
331842930532015701,2.440476179122925,2.6323167434643597,74.85194658642091,37.79901885986328,221.11461147805545
331942930518709902,0.0,0.0,0.0,0.0,0.0
332042930456928601,3.2173912525177,23.217814432627435,232.1686656671664,33.59258270263672,534.009725716518
332342930517243401,0.0,0.0,0.0,0.0,0.0
332542930464905401,0.0,0.0,0.0,0.0,0.0
332742930527107102,0.0,0.0,0.0,0.0,0.0
332842930458384002,0.0,0.0,0.0,0.0,0.0
332842930526526402,4.714285850524902,11.2190297314578,145.81074168797954,53.3976936340332,392.66605341424315
333042929921931502,0.0,0.0,0.0,0.0,0.0
333042930525878601,3.9000000953674316,12.878663458218233,139.55294659300185,106.62957763671875,772.7198106526889
333042930526610301,3.017857074737549,4.865845411301632,79.90056093829679,40.672786712646484,272.4873385042758
333142930538263901,0.0,0.0,0.0,0.0,0.0
333242929703991002,0.0,0.0,0.0,0.0,0.0
333342930544586401,1.7567567825317383,23.654017857142858,2625.5960591133003,159.31585693359375,2625.5959686584806
333542930452004602,0.0,0.0,0.0,0.0,0.0
333542930532226401,0.0,0.0,0.0,0.0,0.0
333742928623643602,0.0,0.0,0.0,0.0,0.0
333742930447710401,0.0,0.0,0.0,0.0,0.0
333842930525494501,0.0,0.0,0.0,0.0,0.0
334042930480420201,0.0,0.0,0.0,0.0,0.0
334142930518709202,0.0,0.0,0.0,0.0,0.0
334342930517250501,0.0,0.0,0.0,0.0,0.0
334542928757944602,1.827957034111023,12.614403298442065,229.91438308526915,101.95313262939453,1173.1394812063509
334642930463735102,0.0,0.0,0.0,0.0,0.0
334742930464407302,0.0,0.0,0.0,0.0,0.0
334742930550062701,0.0,0.0,0.0,0.0,0.0
334842930540429202,0.0,0.0,0.0,0.0,0.0
334942930519074702,0.0,0.0,0.0,0.0,0.0
335042930456163602,0.0,0.0,0.0,0.0,0.0
335242930549567202,3.5757575035095215,5.813005521581388,111.25643327348892,108.15092468261719,575.4875191375212
335642930473582201,0.0,0.0,0.0,0.0,0.0
335742928811707801,0.0,0.0,0.0,0.0,0.0
335842930479885101,0.0,0.0,0.0,0.0,0.0
335842930547547102,3.7391304969787598,66.76055952113309,782.3812949640288,92.66180419921875,3070.9856195278303
336042930529221701,0.0,0.0,0.0,0.0,0.0
336142930480247501,7.333333492279053,9.951061765939597,29.724384787472037,3.8273327350616455,29.853186103428236
336342928855703402,0.0,0.0,0.0,0.0,0.0
336342930479111802,0.0,0.0,0.0,0.0,0.0
336542928235791602,5.75,4.738761438190608,8.896869244935543,2.6861469745635986,18.955045959567496
336642930547172801,5.857142925262451,8.90965583753882,50.13664596273292,5.24898099899292,62.36759240286691
336842928235971801,0.0,0.0,0.0,0.0,0.0
336942930511301301,0.0,0.0,0.0,0.0,0.0
337042930478901701,0.0,0.0,0.0,0.0,0.0
337042930532277601,0.0,0.0,0.0,0.0,0.0
337142930476072102,2.0229885578155518,9.329360460299576,201.47401908801697,48.18626022338867,811.654389624631
337342930456181701,0.0,0.0,0.0,0.0,0.0
337442930525066402,0.0,0.0,0.0,0.0,0.0
337542930462685102,1.7999999523162842,18.601969511163734,64.32070365358592,5.783445358276367,93.00985059492966
337642930543341001,0.0,0.0,0.0,0.0,0.0
337742930526684701,0.0,0.0,0.0,0.0,0.0
337842930452940302,0.0,0.0,0.0,0.0,0.0
337842930477414902,0.0,0.0,0.0,0.0,0.0
337942929800508901,0.0,0.0,0.0,0.0,0.0
338042928845019702,19.799999237060547,2.5743189269358866,12.871606994171524,1.8076881170272827,12.871594277031713
338042930541162002,0.0,0.0,0.0,0.0,0.0
338242930461890002,0.0,0.0,0.0,0.0,0.0
338442930521976001,1.5288461446762085,4.710193814597064,112.80467345715998,74.33224487304688,489.8601653437332
338742930455466002,0.0,0.0,0.0,0.0,0.0
338842930548855501,0.0,0.0,0.0,0.0,0.0
338942930517342702,0.0,0.0,0.0,0.0,0.0
338942930543405802,0.0,0.0,0.0,0.0,0.0
339042930474793701,0.0,0.0,0.0,0.0,0.0
339042930545527902,3.566666603088379,12.751646877033181,1147.6499674690956,70.25531768798828,1147.6482257979524
339242930220743401,0.0,0.0,0.0,0.0,0.0
339442930523968302,0.0,0.0,0.0,0.0,0.0
339642930480766401,4.5714287757873535,13.9972080078125,171.964,44.39464569091797,293.94137730407715
339642930525423102,0.0,0.0,0.0,0.0,0.0
339742930526997301,7.4285712242126465,6.214879401648277,87.008173273396,11.408684730529785,87.00831208867577
339842927963711401,3.0,1.1671103028198884,1.1663747810858143,0.10298960655927658,1.1671103028198884
339842930447217001,0.0,0.0,0.0,0.0,0.0
339842930550330402,0.0,0.0,0.0,0.0,0.0
339942930532939901,0.0,0.0,0.0,0.0,0.0
341142929417399601,0.0,0.0,0.0,0.0,0.0
341242930518833102,0.0,0.0,0.0,0.0,0.0
341242930523112101,0.0,0.0,0.0,0.0,0.0
341342930456359501,2.754098415374756,7.352845875239463,65.82311621966794,78.53279876708984,448.5235883413147
341342930477720902,0.0,0.0,0.0,0.0,0.0
341442930475907401,3.799999952316284,8.255278065758294,37.80663507109005,6.738452434539795,41.27639047342454
341442930519841401,0.0,0.0,0.0,0.0,0.0
341442930538862202,4.385714054107666,16.661225182183223,126.08893515764426,96.49152374267578,1166.2857883142474
341442930546207101,2.75,11.098323417698733,63.37557603686636,13.153239250183105,133.17988268241356
341542930550753601,1.5,5.920475456147626,677.634252539913,222.7841033935547,1409.0731685700912
341642930529403602,3.2608695030212402,10.969297276670952,107.64074550128535,33.278377532958984,252.2938472372707
341742930469756902,0.0,0.0,0.0,0.0,0.0
341742930548656502,1.600000023841858,30.758250919963203,88.4590616375345,8.906661987304688,153.7912594287244
341842930524241201,2.0833332538604736,5.983197766405035,51.73865082732287,25.129806518554688,143.5967451032731
341942930459636002,3.4210526943206787,4.199935869246556,30.201583113456465,10.640308380126953,79.79878171609316
342042928560914101,1.1884057521820068,15.745398708507775,88.17942583732058,92.34454345703125,1086.4324822037984
342242930460756801,0.0,0.0,0.0,0.0,0.0
342442930479952501,2.4728682041168213,7.910221061877806,134.17763029474918,89.14468383789062,1020.4184723779044
342542930456553701,2.4000000953674316,8.247412250090058,21.969740634005763,4.080601215362549,41.237060546875
342542930508067702,0.0,0.0,0.0,0.0,0.0
342642930541899602,0.0,0.0,0.0,0.0,0.0
342642930546268701,0.0,0.0,0.0,0.0,0.0
342742930540958102,0.0,0.0,0.0,0.0,0.0
342842930534602701,2.722222328186035,4.885902497659007,171.608117841965,94.77928924560547,527.6774803687265
343042930519223402,0.0,0.0,0.0,0.0,0.0
343142930525678801,0.0,0.0,0.0,0.0,0.0
343242929400142802,0.0,0.0,0.0,0.0,0.0
343242929800157201,0.0,8.36893654544608,294.87930713354444,88.12224578857422,1004.2723743652227
343342930464798602,2.5714285373687744,10.666214585101867,57.89473684210526,27.509262084960938,373.31750222094394
343342930466774202,0.0,0.0,0.0,0.0,0.0
343442930548167501,0.0,0.0,0.0,0.0,0.0
343542930548828801,0.0,0.0,0.0,0.0,0.0
343642930531569302,1.4943820238113403,5.015825528027164,56.61510128913444,80.21263885498047,446.4084537674709
343642930544262102,0.0,0.0,0.0,0.0,0.0
343742928912076802,0.0,0.0,0.0,0.0,0.0
343842930527264502,0.0,0.0,0.0,0.0,0.0
343842930546595402,2.611940383911133,4.781035625884017,26.775176803394626,38.04900360107422,320.3293979067445
343942930548932901,0.0,0.0,0.0,0.0,0.0
344042930455560502,0.0,0.0,0.0,0.0,0.0
344042930528869902,0.0,0.0,0.0,0.0,0.0
344142930479051402,0.0,60.261511891007125,88.46182360870402,36.086387634277344,180.78452965530522
344242930508956602,0.0,0.0,0.0,0.0,0.0
344542930518632701,0.0,0.0,0.0,0.0,0.0
344642930531930701,0.0,0.0,0.0,0.0,0.0
344742930474743902,0.0,0.0,0.0,0.0,0.0
344842930453546402,2.8492064476013184,4.925457877131733,112.37809744892675,55.35429763793945,620.6076999970571
345142930452588901,0.0,0.0,0.0,0.0,0.0
345242930101315801,2.671755790710449,7.084512227615111,303.4450765486152,71.90815734863281,928.071082942594
345242930475998202,0.0,0.0,0.0,0.0,0.0
345242930478022802,2.3185839653015137,7.076914022783991,211.85146501525094,71.6899185180664,799.6912746734436
345242930535683001,0.0,0.0,0.0,0.0,0.0
345342929544053901,0.0,0.0,0.0,0.0,0.0
345342930466643601,0.0,0.0,0.0,0.0,0.0
345342930478327301,1.943750023841858,4.376845550151592,111.855482566953,98.13770294189453,700.2953131831373
345842930527032402,0.0,0.0,0.0,0.0,0.0
345842930527886501,0.0,0.0,0.0,0.0,0.0
345942929091386401,0.0,0.0,0.0,0.0,0.0
346042930463684402,0.0,0.0,0.0,0.0,0.0
346442930545956501,0.0,0.0,0.0,0.0,0.0
346542930473729001,0.0,0.0,0.0,0.0,0.0
346542930526196101,3.0370371341705322,8.715323738761239,146.82951423576424,61.02397155761719,941.2549259407775
346542930534670102,0.0,0.0,0.0,0.0,0.0
346542930543801102,0.0,0.0,0.0,0.0,0.0
346742930473292901,0.0,0.0,0.0,0.0,0.0
346842930518058602,3.7936508655548096,8.758996098052037,103.24284140969164,80.96955108642578,551.8167670361271
346942928923773502,0.0,0.0,0.0,0.0,0.0
346942930545787402,0.0,0.0,0.0,0.0,0.0
347042930542852202,0.0,0.0,0.0,0.0,0.0
347142930518996802,3.1607143878936768,3.988647700713593,94.49767522812601,58.443603515625,446.72853536213876
347142930542876001,0.0,0.0,0.0,0.0,0.0
347242930518420401,0.0,0.0,0.0,0.0,0.0
347342930541527202,0.0,0.0,0.0,0.0,0.0
347342930543230401,0.0,0.0,0.0,0.0,0.0
347942928176065301,1.7857142686843872,9.354407290914716,59.70073218521192,61.609867095947266,785.7702049899743
347942930470091601,0.0,0.0,0.0,0.0,0.0
348142930525884202,0.0,0.0,0.0,0.0,0.0
348242930472143502,0.0,0.0,0.0,0.0,0.0
348342930459843702,0.0,0.0,0.0,0.0,0.0
348542928242444802,0.0,48.18007706255666,0.0,5.840610504150391,48.18007706255666
348542930458368601,0.0,0.0,0.0,0.0,0.0
348642930463647301,2.0,2.406954169793941,4.81386462882096,0.8082852959632874,4.813908206323349
348642930474443601,0.0,0.0,0.0,0.0,0.0
348742930550264202,0.0,0.0,0.0,0.0,0.0
348842930446522602,0.0,0.0,0.0,0.0,0.0
348842930448305701,0.0,0.0,0.0,0.0,0.0
349042930522319202,6.117647171020508,10.211850100511695,65.12982456140351,20.397205352783203,173.6014531542683
349042930528256602,0.0,0.0,0.0,0.0,0.0
349042930539087601,0.0,11.936312675476074,0.0,26.175655364990234,202.91730779223144
349342930462812102,0.0,0.0,0.0,0.0,0.0
349442930516840901,0.0,0.0,0.0,0.0,0.0
349442930542073801,0.0,0.0,0.0,0.0,0.0
349542930463037902,0.0,0.0,0.0,0.0,0.0
349542930464233001,0.0,0.0,0.0,0.0,0.0
349742930530005702,0.0,0.0,0.0,0.0,0.0
349842930526868801,0.0,0.0,0.0,0.0,0.0
349842930537161802,0.0,0.0,0.0,0.0,0.0
349942930453287002,0.0,0.0,0.0,0.0,0.0
351142930518610302,0.0,0.0,0.0,0.0,0.0
351242929197737002,0.0,0.0,0.0,0.0,0.0
351342930458841902,0.2857142984867096,18.590038865413725,0.9132189707366297,42.008819580078125,390.3908095720678
351542930472807902,0.0,0.0,0.0,0.0,0.0
351542930542392001,0.0,0.0,0.0,0.0,0.0
351542930542888401,0.0,0.0,0.0,0.0,0.0
351842930473013801,0.0,0.0,0.0,0.0,0.0
351842930516795801,0.0,0.0,0.0,0.0,0.0
351942930478868202,3.1111111640930176,5.730706969953638,37.664051355206844,6.9518141746521,51.57636299078883
352042930457340302,0.0,0.0,0.0,0.0,0.0
352042930537324302,2.0,4.076368933588761,12.884857135702301,4.685426235198975,36.68731898390742
352142930462425302,0.0,0.0,0.0,0.0,0.0
352342930460748201,0.0,0.0,0.0,0.0,0.0
352442930453460201,1.7999999523162842,17.384601328477636,62.437012720558066,11.754210472106934,86.9230100485356
352542930469163501,0.0,0.0,0.0,0.0,0.0
352642930459600202,0.0,0.0,0.0,0.0,0.0
352642930478847701,0.0,0.0,0.0,0.0,0.0
352642930531604201,0.0,0.0,0.0,0.0,0.0
352842930534654102,0.0,0.0,0.0,0.0,0.0
352942930524844002,0.0,0.0,0.0,0.0,0.0
353342930537832101,0.0,0.0,0.0,0.0,0.0
353542929613487101,0.0,0.0,0.0,0.0,0.0
353542930462492101,0.0,0.0,0.0,0.0,0.0
353742929989757001,0.0,0.0,0.0,0.0,0.0
353742930449690102,0.0,0.0,0.0,0.0,0.0
353842930476422401,0.0,0.0,0.0,0.0,0.0
354142930466805102,0.0,0.0,0.0,0.0,0.0
354442927929225802,0.0,0.0,0.0,0.0,0.0
354642930520764501,0.9333333373069763,11.419875904500635,300.74681933842237,135.05332946777344,856.4906982803391
354742930516887001,0.0,0.0,0.0,0.0,0.0
354742930525620201,0.0,0.0,0.0,0.0,0.0
354842930508660902,2.25,13.856955852934044,141.37342386032978,21.21990394592285,166.28347319520643
354842930519368602,3.931034564971924,9.457586034679577,83.25704613446702,35.90641784667969,274.26999516908324
355142930548645401,0.0,0.0,0.0,0.0,0.0
355242930526529902,0.0,0.0,0.0,0.0,0.0
355342930468737802,0.0,0.0,0.0,0.0,0.0
355442928697224902,0.0,0.0,0.0,0.0,0.0
355642930479523202,0.0,0.0,0.0,0.0,0.0
355942930525937802,0.0,0.0,0.0,0.0,0.0
355942930529354002,0.0,0.0,0.0,0.0,0.0
356242930460398301,4.040816307067871,10.004070702827796,273.1293431397413,40.931339263916016,490.1994485741426
356542930508363702,0.0,0.0,0.0,0.0,0.0
356542930547187501,0.0,0.0,0.0,0.0,0.0
356942930453980302,0.0,0.0,0.0,0.0,0.0
357242930474146102,0.0,0.0,0.0,0.0,0.0
357742930453737101,0.0,0.0,0.0,0.0,0.0
357742930516969102,0.0,0.0,0.0,0.0,0.0
357842929626479301,4.716980934143066,14.317076864121836,238.2626582278481,80.11922454833984,758.8050961298279
357942929642451502,0.0,0.0,0.0,0.0,0.0
357942930184642001,0.0,0.0,0.0,0.0,0.0
357942930530778202,0.0,0.0,0.0,0.0,0.0
358142930544582002,2.3235294818878174,17.708603547228964,172.873786407767,55.03718185424805,1204.1850758061826
358242930460895502,0.0,0.0,0.0,0.0,0.0
358442928258216002,0.0,0.0,0.0,0.0,0.0
358642929321259402,2.0,9.116321529006573,45.58139534883721,5.816876411437988,45.58160838560099
358742930549587401,0.0,0.0,0.0,0.0,0.0
358842930464104801,3.222222328186035,4.0523216206254835,42.47215777262181,28.590557098388672,182.35447055023027
359042930531360101,0.0,0.0,0.0,0.0,0.0
359042930533227901,0.0,0.0,0.0,0.0,0.0
359242930534008902,3.16304349899292,7.454957253235644,134.33710205296043,61.32439422607422,685.8560431907306
359342930547018002,0.0,0.0,0.0,0.0,0.0
359542928823136501,0.0,0.0,0.0,0.0,0.0
359542930510540501,0.0,0.0,0.0,0.0,0.0
359542930546652401,0.0,0.0,0.0,0.0,0.0
359542930547704001,0.9635627269744873,4.884509902751423,382.90360531309295,177.91961669921875,1206.473903504721
359642930460549701,0.0,0.0,0.0,0.0,0.0
359642930474938401,0.0,0.0,0.0,0.0,0.0
359642930543976301,0.0,0.0,0.0,0.0,0.0
359742930529177501,0.0,0.0,0.0,0.0,0.0
359942929703939902,0.0,0.0,0.0,0.0,0.0
359942930456560502,0.0,0.0,0.0,0.0,0.0
359942930456840101,0.0,0.0,0.0,0.0,0.0
359942930524706101,0.0,0.0,0.0,0.0,0.0
361142927975121802,3.9589040279388428,5.192671883661308,48.73725055432372,66.80077362060547,379.0650596581647
361342930462349102,0.0,0.0,0.0,0.0,0.0
361342930477354902,0.0,0.0,0.0,0.0,0.0
361342930480586502,0.0,0.0,0.0,0.0,0.0
361542930508297202,0.0,0.0,0.0,0.0,0.0
361642930480458002,0.0,0.0,0.0,0.0,0.0
361642930526437301,0.0,0.0,0.0,0.0,0.0
361942930525512301,0.0,0.0,0.0,0.0,0.0
361942930530406602,3.142857074737549,6.075031305244549,22.80161068552347,7.6590895652771,42.52521856124779
361942930532111701,0.0,0.0,0.0,0.0,0.0
362042930544823201,3.954545497894287,6.08722842344724,60.140694568121106,26.05269432067871,133.91902969102188
362242930460297302,3.313953399658203,9.70326728062914,101.54801324503312,100.54469299316406,834.4809702078238
362242930547052601,0.0,0.0,0.0,0.0,0.0
362442930465016701,3.4000000953674316,3.851644169817616,10.52846975088968,2.6281189918518066,19.258220577579376
362442930549738201,0.0,0.0,0.0,0.0,0.0
362642930463508202,4.44444465637207,17.55811752507716,180.81172839506172,52.471778869628906,632.092232586425
362642930510624401,2.6666667461395264,7.3678245117592205,44.206796518856194,5.217670440673828,44.206946691140764
362742930460187602,4.0,15.673694349315069,116.92602739726027,13.164529800415039,188.08433648375072
362742930528277302,2.6339285373687744,4.680797447450616,48.874050312341716,96.16361236572266,524.2493320550747
362842930531219902,0.0,0.0,0.0,0.0,0.0
363242930533930601,0.0,0.0,0.0,0.0,0.0
363542930480759601,2.0843372344970703,4.108334833059097,100.21445221445221,34.97846221923828,340.99178450466854
363642929704205701,0.0,0.0,0.0,0.0,0.0
363642930533345502,0.0,0.0,0.0,0.0,0.0
363742929725351301,3.5,6.546552725100902,186.64767331433998,97.06100463867188,641.5621833162628
363742930461833501,0.0,0.0,0.0,0.0,0.0
363842930473755601,0.0,0.0,0.0,0.0,0.0
363942927929319102,0.0,0.0,0.0,0.0,0.0
364142930476434801,0.0,0.0,0.0,0.0,0.0
364242930539775901,0.0,0.0,0.0,0.0,0.0
364242930543965801,0.0,0.0,0.0,0.0,0.0
364442930550625301,0.0,0.0,0.0,0.0,0.0
364542930546529701,0.0,0.0,0.0,0.0,0.0
364742929013050002,5.5,7.950774208828349,29.30028676771815,4.477921962738037,47.70464725330295
364742930533039701,0.0,0.0,0.0,0.0,0.0
364842930545377702,4.7272725105285645,26.530232113028955,86.17000742390498,20.068246841430664,291.832537667346
364942930464560301,35.0,19.34798015591779,53.82565556343019,10.524359703063965,96.73990077958895
365342929696795902,0.0,0.0,0.0,0.0,0.0
365442930462918502,0.0,0.0,0.0,0.0,0.0
365542930453482901,4.800000190734863,6.789313624299616,31.715718077263343,4.903609275817871,33.94656826549137
365542930528183702,0.0,0.0,0.0,0.0,0.0
365542930545595702,0.0,0.0,0.0,0.0,0.0
365642930475386902,6.176470756530762,17.030435399288518,203.55789990186457,106.05928802490234,868.5521722630734
365742929197782602,0.0,0.0,0.0,0.0,0.0
365742930451079301,0.0,0.0,0.0,0.0,0.0
366042930480305402,3.0,6.476718626160553,6.476675724637682,0.6332992911338806,6.476718626160553
366042930524678302,0.0,0.0,0.0,0.0,0.0
366342929230173202,0.0,0.0,0.0,0.0,0.0
366342930461666002,0.0,0.0,0.0,0.0,0.0
366442930475860401,0.0,0.0,0.0,0.0,0.0
366642930516534001,0.0,0.0,0.0,0.0,0.0
366742930548750902,0.0,0.0,0.0,0.0,0.0
366842930476474902,0.0,0.0,0.0,0.0,0.0
366842930544745901,0.0,0.0,0.0,0.0,0.0
366942929424165902,3.690476179122925,11.225212111590265,152.5765595463138,40.5368537902832,471.4589224672948
366942930543596502,0.0,0.0,0.0,0.0,0.0
367342930531717502,4.266666889190674,13.05984157986111,331.1077943615257,103.62298583984375,979.4881133044735
367442930453595802,1.6619718074798584,13.111429101009207,62.23796033994334,67.2605972290039,930.911447122482
367542930545579601,2.5999999046325684,5.511523669279074,19.156645569620252,3.1357028484344482,27.557619263854207
367642930538319801,0.0,0.0,0.0,0.0,0.0
367742928043720302,4.5,20.220444953304597,63.0367816091954,10.89474868774414,121.32266386185569
367742930529880302,0.0,0.0,0.0,0.0,0.0
367842930518636802,0.0,0.0,0.0,0.0,0.0
368042930532028402,2.9813084602355957,6.095671629942567,100.03026286724099,74.83743286132812,652.2368811920618
368042930542122402,0.0,0.0,0.0,0.0,0.0
368042930549846802,0.0,0.0,0.0,0.0,0.0
368142930457605901,0.0,0.0,0.0,0.0,0.0
368142930529370002,0.0,0.0,0.0,0.0,0.0
368142930530685501,0.0,0.0,0.0,0.0,0.0
368342930525229002,3.378378391265869,4.991534985644684,32.46737428223421,21.745275497436523,184.68679051410018
368442930519901401,0.0,0.0,0.0,0.0,0.0
368542930472747002,0.07547169923782349,16.69978727802925,22.870473537604457,80.74497985839844,885.0887031502047
368542930529988102,2.720930337905884,3.8078530331726355,117.98025711662075,48.03812026977539,327.4753645776352
368642929385436301,0.0,0.0,0.0,0.0,0.0
368642930533408402,1.8416666984558105,3.3196127297994975,110.94774366258741,66.46595001220703,398.35353126059044
368742930461061301,0.0,0.0,0.0,0.0,0.0
368742930523579301,0.0,0.0,0.0,0.0,0.0
368942929160959801,0.0,0.0,0.0,0.0,0.0
368942930452764802,0.0,0.0,0.0,0.0,0.0
369042930528159301,3.0161290168762207,26.170847039473685,171.90283400809716,94.4098892211914,1622.592552010347
369042930543856402,0.0,0.0,0.0,0.0,0.0
369442929476744201,3.8620688915252686,11.222018299932065,227.52173913043478,120.75990295410156,976.3155793065611
369442930454635702,0.0,0.0,0.0,0.0,0.0
369642930447472302,0.0,0.0,0.0,0.0,0.0
369742928305303001,0.0,0.0,0.0,0.0,0.0
369742930529632401,0.0,0.0,0.0,0.0,0.0
369842930184265802,5.5,94.7956464987715,167.68427518427518,23.81818389892578,189.59128339987714
369842930519868001,0.0,0.0,0.0,0.0,0.0
369842930530305702,0.0,0.0,0.0,0.0,0.0
369942930462320502,0.0,0.0,0.0,0.0,0.0
371142930531876202,2.409090995788574,6.558947528946411,411.87730358874876,63.426727294921875,721.4842361497371
371242930477195101,0.0,0.0,0.0,0.0,0.0
371242930527151002,0.0,0.0,0.0,0.0,0.0
371342929649371201,0.0,0.0,0.0,0.0,0.0
371342930447099902,0.0,0.0,0.0,0.0,0.0
371542930453662501,0.0,0.0,0.0,0.0,0.0
372042929493873702,4.070588111877441,12.4837646484375,302.937106918239,77.90535736083984,1061.120006729222
372042930465107002,0.0,0.0,0.0,0.0,0.0
372242930460591101,5.185714244842529,14.057493290500975,196.7491216655823,111.81844329833984,984.0245520190286
372242930525378602,0.0,0.0,0.0,0.0,0.0
372442930453370702,0.0,0.0,0.0,0.0,0.0
372542930550452801,0.0,0.0,0.0,0.0,0.0
372642930456949402,0.0,0.0,0.0,0.0,0.0
372642930549216101,3.6607143878936768,9.502856850701072,103.46362605663113,46.55503463745117,532.1599997216589
372842930470223101,0.0,0.0,0.0,0.0,0.0
372842930518254302,0.0,0.0,0.0,0.0,0.0
372842930526986302,3.4166667461395264,5.752602392711172,24.053133514986374,5.253011226654053,69.03122579694119
373042929735805402,0.0,0.0,0.0,0.0,0.0
373042930537235601,0.0,0.0,0.0,0.0,0.0
373042930545550402,0.0,0.0,0.0,0.0,0.0
373142930476026202,0.0,0.0,0.0,0.0,0.0
373142930520861102,0.0,0.0,0.0,0.0,0.0
373242930529193902,0.0,0.0,0.0,0.0,0.0
373242930533335102,2.453237295150757,5.414722578183493,183.829464954213,111.80072021484375,752.6464588431343
373642929543954001,0.0,0.0,0.0,0.0,0.0
373642930526412302,0.0,0.0,0.0,0.0,0.0
373742930508176902,0.0,0.0,0.0,0.0,0.0
373742930510758901,0.0,0.0,0.0,0.0,0.0
374042930527670901,3.526315689086914,10.69498148977656,94.99831365935918,19.788576126098633,203.20465556204218
374142930449654802,3.25,7.938708110180948,201.8858153078203,63.061946868896484,698.6063420117993
374142930516963102,0.0,0.0,0.0,0.0,0.0
374242930464914402,0.0,0.0,0.0,0.0,0.0
374442930475103502,0.0,0.0,0.0,0.0,0.0
374442930476794701,0.0,0.0,0.0,0.0,0.0
374442930520343301,0.0,0.0,0.0,0.0,0.0
374442930534586502,3.7272727489471436,8.37677431778169,62.53646881287727,14.516558647155762,92.14451616774622
374642929424230501,0.0,0.0,0.0,0.0,0.0
374642930521895602,0.0,0.0,0.0,0.0,0.0
374742930449722201,0.0,0.0,0.0,0.0,0.0
374842930429014701,2.153846263885498,1.9741459771038221,11.700827000447028,3.3512940406799316,25.66389688381831
374842930550442702,1.5,27.578446283284023,53.70177514792899,3.913224220275879,55.15689430011095
374942930517445901,0.0,0.0,0.0,0.0,0.0
375042930524971302,0.0,0.0,0.0,0.0,0.0
375642928135615002,2.7407407760620117,7.50499252507716,123.91358024691358,11.298380851745605,202.6347915649414
375842930456000201,0.0,0.0,0.0,0.0,0.0
375842930457831501,0.0,0.0,0.0,0.0,0.0
375842930469730202,0.0,0.0,0.0,0.0,0.0
376242930521159901,0.0,0.0,0.0,0.0,0.0
376342930526305002,0.0,0.0,0.0,0.0,0.0
376542930449361902,0.0,0.0,0.0,0.0,0.0
376542930459222301,0.0,0.0,0.0,0.0,0.0
376542930517808302,0.0,0.0,0.0,0.0,0.0
376642930474478102,0.0,0.0,0.0,0.0,0.0
376642930510212301,0.0,0.0,0.0,0.0,0.0
376842929025362102,2.8863637447357178,4.145764350366636,67.15013748854263,62.43275833129883,364.8272763784603
376842929303779501,0.0,0.0,0.0,0.0,0.0
376842930454741401,0.0,0.0,0.0,0.0,0.0
376942929400309801,2.8867924213409424,8.699062731139053,89.11158072696534,57.415077209472656,461.0503443817113
377042930452844201,0.0,0.0,0.0,0.0,0.0
377342930546095002,3.8809523582458496,10.061395629320277,135.36221198156682,32.39657974243164,422.57860560966526
377642930450262401,0.0,0.0,0.0,0.0,0.0
377742930529740002,0.0,0.0,0.0,0.0,0.0
377842930527632401,0.0,0.0,0.0,0.0,0.0
378042930531933202,4.054054260253906,7.343706317522744,107.60121304018196,79.914306640625,543.4342635402722
378142930534621701,3.5,10.55073848651473,39.3734076433121,6.540259838104248,42.20295467498196
378242930480468501,0.0,0.0,0.0,0.0,0.0
378442927994754502,0.0,0.0,0.0,0.0,0.0
378542930455525302,3.7204301357269287,5.584065385001338,74.76291142627777,95.89923095703125,519.3180716741458
378542930527331202,3.0,12.410385198082489,34.62083936324168,4.559216499328613,62.05192510712509
378642930517357601,1.0666667222976685,5.45334102553676,18.775536759921927,40.046539306640625,245.40033780248737
378642930548795902,3.5,9.537637877454118,19.075330772513873,1.8772984743118286,19.075275338108195
378742930508361701,0.0,0.0,0.0,0.0,0.0
378842930534603702,0.0,0.0,0.0,0.0,0.0
379042928021898801,0.0,0.0,0.0,0.0,0.0
379042930529748301,0.0,0.0,0.0,0.0,0.0
379142930462597802,0.0,0.0,0.0,0.0,0.0
379442930464406301,1.0,0.06630443920087793,0.06640793445450625,0.00837700441479683,0.06630443920087793
379442930525877202,0.0,0.0,0.0,0.0,0.0
379642930518465202,0.0,0.0,0.0,0.0,0.0
379942930458861702,2.4285714626312256,3.6208912134774534,51.41344367505489,12.359216690063477,76.03871660662591
379942930538220701,0.3196721374988556,7.797248364825581,9.28093023255814,130.61643981933594,951.2643557189232
381142928258160401,0.0,0.0,0.0,0.0,0.0
381142930455402501,0.5,3.8020236304279966,2.8867924528301887,2.614929676055908,22.812142324500556
381142930517571901,0.0,0.0,0.0,0.0,0.0
381242930530479402,0.0,0.0,0.0,0.0,0.0
381242930533425301,20.5,7.455616465336134,16.21344537815126,2.406707525253296,44.7336967724712
381342930464663802,0.0,0.0,0.0,0.0,0.0
381342930537371202,0.0,0.0,0.0,0.0,0.0
381342930545549801,3.0833332538604736,8.926172880613558,137.94736842105263,22.63254165649414,214.2281488553883
381442928592554802,0.0,0.0,0.0,0.0,0.0
381542930511082102,0.0,0.0,0.0,0.0,0.0
381642928726286801,0.0,0.0,0.0,0.0,0.0
381642930462800901,0.0,0.0,0.0,0.0,0.0
381842930473491101,0.0,0.0,0.0,0.0,0.0
381842930523905901,3.055555582046509,13.9437060546875,240.8425,25.05670166015625,250.98670917510987
382042930478418501,0.0,0.0,0.0,0.0,0.0
382242930508843601,0.0,0.0,0.0,0.0,0.0
382342930527765702,0.5405405163764954,10.582613241792929,72.93131313131313,73.41368103027344,783.1133519856617
382442929816333701,1.399999976158142,3.925435120869917,11.183918669131238,3.4720687866210938,19.627176337674012
382442930542936301,0.0,0.0,0.0,0.0,0.0
382542930547749401,3.125,6.388707325556507,89.57054794520548,0.0,255.54827995761616
382742930459525601,0.0,0.0,0.0,0.0,0.0
382742930529938201,0.0,0.0,0.0,0.0,0.0
382742930543048902,0.0,0.0,0.0,0.0,0.0
382742930545121801,0.0,0.0,0.0,0.0,0.0
382942930452010801,0.0,0.0,0.0,0.0,0.0
382942930519235701,0.0,0.0,0.0,0.0,0.0
382942930527975702,0.0,128.2373516110797,23.739400791407576,9.383835792541504,128.2373516110797
383042928022064701,0.0,71.87278496168582,0.0,9.58876895904541,71.87278496168582
383242928021739302,2.555555582046509,5.406413046798631,23.228543499511243,4.533901691436768,48.657716418850804
383242930526777101,3.0420167446136475,10.134040434925275,202.3887629388778,92.74545288085938,1205.9507784246457
383442930517005701,0.0,0.0,0.0,0.0,0.0
383442930541590302,0.0,0.0,0.0,0.0,0.0
383542930478274501,0.0,0.0,0.0,0.0,0.0
383642930531412502,4.5,9.55200399102671,18.352253756260435,2.6599419116973877,19.104007438612967
383642930541252702,3.271186351776123,29.902956081081083,252.02162162162162,99.6214599609375,1764.2744596739074
383742930522503801,2.873786449432373,5.154043027250837,113.38550537381805,58.8696403503418,530.8664553823128
383842929166292701,0.0,0.0,0.0,0.0,0.0
384042930476955701,0.0,0.0,0.0,0.0,0.0
384142930474020702,0.0,0.0,0.0,0.0,0.0
384342930531682701,0.0,0.0,0.0,0.0,0.0
384442930531919902,2.91304349899292,4.413399752041405,19.1438469152095,15.386290550231934,101.50819554544447
384542930531852601,2.7238094806671143,6.167819552951389,93.83845029239767,93.33731079101562,647.6210433662983
384642929231919301,0.0,0.0,0.0,0.0,0.0
384742930465311101,0.0,0.0,0.0,0.0,0.0
384942928967210401,0.0,0.0,0.0,0.0,0.0
384942930541042402,0.0,0.0,0.0,0.0,0.0
385042930518965302,0.35211268067359924,26.802702588155515,14.289330922242314,145.933349609375,1902.9919480455433
385042930542465302,0.0,0.0,0.0,0.0,0.0
385242930460781901,0.0,0.0,0.0,0.0,0.0
385342930533430402,1.8648648262023926,10.955174560546874,133.356875,111.85029602050781,810.6829226613045
385442928043678802,0.0,0.0,0.0,0.0,0.0
385542929501805001,0.0,0.0,0.0,0.0,0.0
385542930518312701,0.0,0.0,0.0,0.0,0.0
385642930453262502,0.9894737005233765,8.84970184866025,61.93496357960458,112.48882293701172,840.7217033517225
385842930137776202,1.7380952835083008,4.9969539187040555,180.8118443875444,91.5261001586914,629.6161872179775
386042930464980502,2.758333444595337,6.125014195568021,179.69205245694423,0.0,735.0016779880762
386142929047985301,0.0,0.0,0.0,0.0,0.0
386142930517200602,0.0,0.0,0.0,0.0,0.0
386142930533884901,3.08695650100708,6.660857067579598,83.68653121072477,23.88857650756836,153.19970818229135
386342930509658701,0.0,0.0,0.0,0.0,0.0
386342930522489501,0.0,0.0,0.0,0.0,0.0
386642930508954301,0.0,0.0,0.0,0.0,0.0
386642930545910101,2.9000000953674316,5.426503573600973,16.745336577453365,7.089470386505127,54.26503645377921
386742930517778002,0.0,0.0,0.0,0.0,0.0
386742930524873801,0.0,0.0,0.0,0.0,0.0
386942930516833302,35.66666793823242,18.474532054136976,31.670625494853525,7.141049861907959,55.423594615993665
386942930535033502,0.0,0.0,0.0,0.0,0.0
387142929070047801,0.0,0.0,0.0,0.0,0.0
387142930545653001,0.0,0.0,0.0,0.0,0.0
387242928779095702,0.0,0.0,0.0,0.0,0.0
387542930460935401,0.0,2.417183311883084,0.0,1.416434645652771,9.668733579922566
387542930517584202,0.0,0.0,0.0,0.0,0.0
387542930524891601,0.0,0.0,0.0,0.0,0.0
387642930454143201,0.0,0.0,0.0,0.0,0.0
387742930508649701,0.0,0.0,0.0,0.0,0.0
387742930547812502,0.0,0.0,0.0,0.0,0.0
387942928025304302,0.0,0.0,0.0,0.0,0.0
388042930518093902,18.0,0.3286385989599952,0.32865347798340777,0.058795616030693054,0.3286385989599952
388042930524151601,3.222222328186035,7.623183327501217,30.84225900681597,14.549057006835938,137.2173019602329
388542930544726801,18.83333396911621,28.20275704225352,279.7670985915493,17.010570526123047,338.4330903526629
388842930464829801,0.5,11.225707835639986,178.15620592383638,141.242919921875,1010.3137335985773
388942930453069001,0.0,0.0,0.0,0.0,0.0
388942930480651502,0.0,0.0,0.0,0.0,0.0
389042930537878602,0.0,0.0,0.0,0.0,0.0
389142930509577502,4.432432651519775,7.256278417541325,56.029405515658866,33.24347686767578,268.48230365877504
389142930524417401,0.0,0.0,0.0,0.0,0.0
389242929417183102,0.0,0.0,0.0,0.0,0.0
389242930540877902,3.6315789222717285,5.7752429096638656,29.657219251336898,18.88846778869629,109.7296183190517
389342930335195702,0.0,0.0,0.0,0.0,0.0
389342930480540002,3.7333333492279053,13.208155395900322,125.22909967845659,18.13361930847168,198.1223369978632
389542930520053202,3.0,31.289307810005322,31.28951569984034,3.296475648880005,31.289307810005322
389842930524519702,1.5932203531265259,5.332410367049834,44.088656387665196,46.594181060791016,314.61221041658376
389942930447477901,2.9036145210266113,7.186282325915013,168.022952853598,73.33255767822266,596.4614391823856
389942930454321801,0.0,0.0,0.0,0.0,0.0
391242930472753802,0.0,0.0,0.0,0.0,0.0
391442930534416501,2.883720874786377,19.58351394095595,206.56607310215557,86.1727066040039,1684.1822242021783
391542930477955601,0.0,0.0,0.0,0.0,0.0
391642930516707901,3.1022727489471436,5.801024471321948,99.11807423345886,74.5125503540039,510.4901559849206
391642930523212602,7.67391300201416,15.602720164152618,588.681455190772,114.3962173461914,717.7251236381633
391742930516466402,0.0,0.0,0.0,0.0,0.0
391742930525043601,0.0,0.0,0.0,0.0,0.0
391842930517761402,0.0,0.0,0.0,0.0,0.0
392042929704089602,0.0,0.0,0.0,0.0,0.0
392542930545437602,3.7272727489471436,7.670267569918592,93.59348739495799,44.086666107177734,337.4917736293889
392642929843823801,3.2772276401519775,7.553758405037324,153.35145402397097,68.24820709228516,762.9296196391898
392642930464602801,0.0,0.0,0.0,0.0,0.0
392642930473037902,0.0,0.0,0.0,0.0,0.0
392642930477428701,0.0,0.0,0.0,0.0,0.0
392942930516888401,0.0,0.0,0.0,0.0,0.0
393042930517697601,4.5,6.875202625292512,8.893525741029642,2.179150342941284,13.750405250585024
393042930542269002,0.0,0.0,0.0,0.0,0.0
393042930546631302,0.0,0.0,0.0,0.0,0.0
393142930544519301,0.0,0.0,0.0,0.0,0.0
393142930547471501,1.625,3.918026595165505,19.08815331010453,3.5101420879364014,31.344212016992866
393242929766133401,0.0,0.0,0.0,0.0,0.0
393242930467765502,0.0,0.0,0.0,0.0,0.0
393242930476399502,2.0,5.631905233656373,5.6320630749014455,0.7211889624595642,5.631905233656373
393342930527369802,0.0,0.0,0.0,0.0,0.0
393542930480018402,0.0,0.0,0.0,0.0,0.0
393742930520197501,0.0,0.0,0.0,0.0,0.0
393742930545799702,0.0,0.0,0.0,0.0,0.0
394042929514211502,0.0,0.0,0.0,0.0,0.0
394042930459453101,6.233333110809326,6.864061377514368,176.37835249042146,29.88398551940918,205.9218395879899
394442928121460502,2.75,15.063912955551771,60.25544959128065,6.746668338775635,60.25565381790702
394442930510586502,0.0,0.0,0.0,0.0,0.0
394542930458628602,0.0,0.0,0.0,0.0,0.0
394542930461458602,0.0,0.0,0.0,0.0,0.0
394842928269821601,0.0,0.0,0.0,0.0,0.0
394942930455046402,2.5714285373687744,4.8990161225891455,16.96008073559094,5.002050876617432,34.293112396151265
395242930457477202,0.0,0.0,0.0,0.0,0.0
395242930527336501,0.0,0.0,0.0,0.0,0.0
395442930465144201,0.0,0.0,0.0,0.0,0.0
395542930452254701,0.0,0.0,0.0,0.0,0.0
395642930474569001,1.4814814329147339,14.056798033526757,363.455190199871,34.33518600463867,379.53354570498243
395642930479548602,0.0,0.0,0.0,0.0,0.0
395942928191430301,4.9285712242126465,11.550226579632675,88.99342105263158,15.532236099243164,161.70317716765823
396042929762471102,0.0,0.0,0.0,0.0,0.0
396042930508149701,0.0,0.0,0.0,0.0,0.0
396142929020966702,0.0,0.0,0.0,0.0,0.0
396142930508118401,2.93137264251709,4.354935176014103,86.89342832218668,69.79972839355469,444.20339931544606
396242930474193301,0.0,0.0,0.0,0.0,0.0
396242930530884601,1.7142857313156128,4.855309736454239,18.582818641212803,3.9798903465270996,33.98716784674823
396242930540908902,0.0,2.98806401261586,0.0,59.34072494506836,349.60349277020975
396442930549904601,4.111111164093018,8.298370618796525,61.6833746898263,24.203033447265625,149.37066986614067
396742930534244302,0.0,0.0,0.0,0.0,0.0
396842928607154801,0.0,0.0,0.0,0.0,0.0
396842930527885301,2.866666555404663,7.9923702310199385,62.48568507157464,16.67817497253418,119.88555172567231
396942930477809802,0.0,0.0,0.0,0.0,0.0
396942930516506501,2.3544304370880127,13.483483915596485,94.63382899628253,83.99515533447266,1065.1952344102206
396942930529685301,0.0,0.0,0.0,0.0,0.0
396942930546900402,0.0714285746216774,11.595695431204277,40.48902644907147,87.66553497314453,1136.378203906165
397042930476226001,0.0,0.0,0.0,0.0,0.0
397242930538647501,0.0,0.0,0.0,0.0,0.0
397642930475479502,0.0,0.0,0.0,0.0,0.0
397842930476469701,0.0,0.0,0.0,0.0,0.0
397842930529378901,0.0,0.0,0.0,0.0,0.0
398342930477370602,90.0,62.88652482269504,55.148936170212764,4.436422348022461,125.77304964539007
398342930509659302,0.0,0.0,0.0,0.0,0.0
398542928779258801,0.0,0.0,0.0,0.0,0.0
398642930464486202,0.0,0.0,0.0,0.0,0.0
398742930474713601,2.6265060901641846,8.693790381065401,99.03713080168777,95.82683563232422,721.5845729393295
398742930527440801,0.0,0.0,0.0,0.0,0.0
398942928695745901,0.0,0.0,0.0,0.0,0.0
398942930516805102,2.5,13.593316525829081,1684.5744897959185,206.562744140625,1930.2508903690748
399042930516875102,0.0,0.0,0.0,0.0,0.0
399042930533094102,3.1710526943206787,13.091359675480769,49.808076923076925,96.37694549560547,994.9433303480882
399242930463225402,3.935483932495117,13.533180251227805,201.2769172648281,37.99998474121094,419.5285786425883
399342929373145101,5.0,3.455059391875554,3.4550656887241074,0.2947162091732025,3.455059391875554
399642927979893401,0.0,0.0,0.0,0.0,0.0
399642930527611501,3.592592477798462,5.1083907781862745,113.7359477124183,36.39279556274414,275.8530991117939
399742930528621802,4.757575988769531,11.079975219899222,124.53465346534654,68.18370056152344,731.2783503660555
399742930542355302,0.0,0.0,0.0,0.0,0.0
399842930477787802,0.0,0.0,0.0,0.0,0.0
399842930518555101,0.0,0.0,0.0,0.0,0.0
401442930456696401,4.066666603088379,11.61092514185007,125.65680880330123,84.30430603027344,870.8193858879961
401442930533792802,0.0,0.0,0.0,0.0,0.0
401542930528130801,0.0,0.0,0.0,0.0,0.0
401642930471936801,0.0,0.0,0.0,0.0,0.0
401742928921383502,0.0,0.0,0.0,0.0,0.0
401942930466958002,2.692307710647583,13.230867346938776,246.68408163265306,34.0930290222168,344.0025513691805
402142930516212601,3.384615421295166,7.423381999915024,116.28348062542489,56.03778839111328,482.5198459843241
402142930525329602,0.0,0.0,0.0,0.0,0.0
402242930220850201,0.0,0.0,0.0,0.0,0.0
402542930529279302,0.0,0.0,0.0,0.0,0.0
402642930511105501,0.0,0.0,0.0,0.0,0.0
402742930476771901,0.0,0.0,0.0,0.0,0.0
402742930528567501,0.0,0.0,0.0,0.0,0.0
402742930538104702,0.0,16.3897458747898,0.0,76.1183853149414,983.3847291972071
402842928726872901,3.277777671813965,7.360068382640543,172.39206343562208,83.18804931640625,794.8874061605362
402842930543174502,0.7228915691375732,6.6482768982095495,6.86525198938992,80.04649353027344,551.8069622074894
403042930510952501,0.0,0.0,0.0,0.0,0.0
403242930464977002,0.0,0.0,0.0,0.0,0.0
403342930479456202,0.0,0.0,0.0,0.0,0.0
403442928135526702,0.0,0.0,0.0,0.0,0.0
403542930459240401,0.0,0.0,0.0,0.0,0.0
403642930457403402,0.0,0.0,0.0,0.0,0.0
403642930549127701,1.615384578704834,8.943818543989336,60.95007270964614,18.25251007080078,116.26964418898493
404042930534149001,4.265305995941162,48.551106770833336,560.5713470319635,70.43550872802734,2379.004217095571
404142930516623201,1.7840908765792847,3.4345805112998318,296.9569904548007,39.789756774902344,302.2430888180784
404142930543207202,2.1769912242889404,6.450623184898355,89.37366892545982,82.61676025390625,728.920387418734
404342928592736402,2.7142856121063232,5.834480605014535,23.545348837209303,6.585050582885742,40.84136341893396
404342929161928001,0.0,0.0,0.0,0.0,0.0
404342930530378302,0.0,0.0,0.0,0.0,0.0
404342930530450502,0.0,0.0,0.0,0.0,0.0
404542928009669402,0.0,0.0,0.0,0.0,0.0
404542930516805801,5.290322780609131,8.832126734371869,64.23462232017631,28.206069946289062,273.7959179550535
404742930534327401,0.0,0.0,0.0,0.0,0.0
404942928243018501,4.625,14.135022567006086,104.81835205992509,15.489988327026367,226.16035474998674
404942930462232801,4.109589099884033,13.892900844449226,154.2065404475043,106.31239318847656,1014.1817732792919
405242929965425402,0.0,0.0,0.0,0.0,0.0
405242930075763902,0.0,0.0,0.0,0.0,0.0
405242930542378301,3.195122003555298,4.091615652083864,58.62834565383635,22.105121612548828,167.75623891744388
405342930516793902,0.0,0.0,0.0,0.0,0.0
405442930463122202,3.174757242202759,5.20780348922501,96.11715904492108,87.50022888183594,536.403753067983
405642929034787301,0.0,0.0,0.0,0.0,0.0
405642930454048701,0.0,0.0,0.0,0.0,0.0
405742930435843402,0.0,0.0,0.0,0.0,0.0
405742930547082702,0.0,0.0,0.0,0.0,0.0
405942930463724801,0.0,0.0,0.0,0.0,0.0
406042930527059902,0.0,0.0,0.0,0.0,0.0
406142930253488602,0.0,0.0,0.0,0.0,0.0
406142930465603601,0.0,0.0,0.0,0.0,0.0
406142930480624702,0.0,0.0,0.0,0.0,0.0
406142930519779901,0.0,0.0,0.0,0.0,0.0
406242930448090402,0.0,0.0,0.0,0.0,0.0
406242930457494901,2.6666667461395264,4.837627461509016,50.54984688669615,10.108016014099121,72.56441398898369
406242930532467501,0.0,0.0,0.0,0.0,0.0
406542930547152702,2.9000000953674316,4.453816962309667,38.286827195467424,26.045013427734375,178.15268300545452
406642930549402802,0.0,0.0,0.0,0.0,0.0
406742930453129401,0.0,0.0,0.0,0.0,0.0
406842930476564801,2.0,3.7794141602376983,7.558798999165972,1.2945630550384521,7.558828116855191
406842930550301202,0.0,0.0,0.0,0.0,0.0
407042930462689801,0.0,0.0,0.0,0.0,0.0
407042930516282502,0.0,0.0,0.0,0.0,0.0
407142930456439801,4.0,17.39101003954974,17.39093398235473,2.5090692043304443,17.39101003954974
407142930461291902,0.0,0.0,0.0,0.0,0.0
407242930448943101,3.230769157409668,12.489908581992056,49.736622073578594,10.574542045593262,162.36881531361354
407342930458624101,0.0,0.0,0.0,0.0,0.0
407342930463113101,0.0,0.0,0.0,0.0,0.0
407442929091989401,0.0,0.0,0.0,0.0,0.0
407442930545205401,0.0,0.0,0.0,0.0,0.0
407642930469038001,0.0,0.0,0.0,0.0,0.0
407742930465061701,5.392857074737549,11.159003089153172,114.62618083670715,79.43287658691406,624.9041419305943
407742930544345001,3.25,5.4005768271788055,19.585924713584287,2.771148920059204,21.60230690913973
407942930473018401,0.0,0.0,0.0,0.0,0.0
408042930479169602,0.0,0.0,0.0,0.0,0.0
408242930522563502,5.666666507720947,15.451502306707974,139.2198275862069,24.6788330078125,231.77253948081415
408242930526666201,0.0,0.0,0.0,0.0,0.0
408342930477095702,0.0,0.0,0.0,0.0,0.0
408342930534809402,0.0,0.0,0.0,0.0,0.0
408842930457682702,0.0,0.0,0.0,0.0,0.0
408842930529595802,0.0,0.0,0.0,0.0,0.0
409142930517800302,2.8490567207336426,12.394368212308347,150.46507666098807,33.08478546142578,656.9015295948243
409242930459718201,0.0,6.959466407164071,0.0,60.55869674682617,821.2170313146003
409242930471121901,0.0,0.0,0.0,0.0,0.0
409242930530387301,0.0,0.0,0.0,0.0,0.0
409242930538171502,0.0,0.0,0.0,0.0,0.0
409342930474059602,2.8494622707366943,8.529316800860173,75.08221644328866,89.27825164794922,793.2264521576495
409342930526145602,0.0,0.0,0.0,0.0,0.0
409542930342586901,0.0,0.0,0.0,0.0,0.0
409542930472605301,1.4074074029922485,9.675090504489543,422.762703067421,115.81596374511719,1044.9097380223084
409542930532421802,0.0,0.0,0.0,0.0,0.0
409642930479184301,0.0,0.0,0.0,0.0,0.0
409742930518180302,3.9777777194976807,10.283644482285863,135.3941504178273,47.39276885986328,462.76399333895415
411142930479404701,3.3529412746429443,3.0834472008662135,21.086206896551722,10.284093856811523,52.41860051876038
411342930458816501,2.5922329425811768,2.9892303428678493,33.6962028478641,46.20304489135742,307.8907291654405
411342930550028202,0.0,0.0,0.0,0.0,0.0
411442930515834401,0.0,0.0,0.0,0.0,0.0
411842928042083402,13.0,127.62453684643886,102.9230135858378,20.849279403686523,127.62453684643886
411942928213938501,0.0,0.0,0.0,0.0,0.0
412042930449031401,3.365384578704834,9.613294198895028,177.41546961325966,72.84616088867188,499.8913060688841
412142930453103101,0.0,0.0,0.0,0.0,0.0
412142930530157001,2.581818103790283,4.635324941948445,88.08662074723439,76.93193054199219,509.8857407097129
412242930518214602,0.0,0.0,0.0,0.0,0.0
412342930289588601,0.0,0.0,0.0,0.0,0.0
412342930289643401,0.0,0.0,0.0,0.0,0.0
412342930532782902,0.0,0.0,0.0,0.0,0.0
412442930508733902,1.5,13.137144619360901,2224.4936379410065,131.76300048828125,2496.057556991842
412542930544672702,0.0,0.0,0.0,0.0,0.0
412642930534747002,0.0,0.0,0.0,0.0,0.0
412742930460627101,0.0,0.0,0.0,0.0,0.0
412942930474369302,0.0,0.0,0.0,0.0,0.0
412942930474631602,0.0,0.0,0.0,0.0,0.0
413042930474117101,0.0,0.0,0.0,0.0,0.0
413042930548763702,0.38461539149284363,8.326266456899859,117.43926149024217,97.59942626953125,974.1731908499576
413242930480593002,0.0,0.0,0.0,0.0,0.0
413342930468101401,0.0,0.0,0.0,0.0,0.0
413342930526388702,0.0,0.0,0.0,0.0,0.0
413942928707726702,2.25,9.628802411245191,63.90223854494579,13.34511947631836,115.54562593548812
413942930457365502,0.8333333134651184,10.317655285493828,114.59423868312757,48.052120208740234,433.34152873082417
414042930526910902,0.0,0.0,0.0,0.0,0.0
414042930531468302,0.0,0.0,0.0,0.0,0.0
414142930458203501,0.125,8.205239963673622,0.7997019374068555,59.42227554321289,459.49343071246824
414342930507824901,4.44444465637207,8.010574195498512,53.61369047619048,46.6588134765625,360.4758444922311
414342930510733001,0.0,0.0,0.0,0.0,0.0
414442930548842301,3.5365853309631348,5.407663770370136,49.242546740778174,34.63081741333008,221.71422112741033
414542930521761901,0.0,0.0,0.0,0.0,0.0
414642930550599801,0.0,0.0,0.0,0.0,0.0
414842930447360602,0.0,0.0,0.0,0.0,0.0
414942930465336301,0.0,0.0,0.0,0.0,0.0
415042930470615302,0.0,0.0,0.0,0.0,0.0
415142930516126502,0.0,0.0,0.0,0.0,0.0
415242930544952501,0.0,0.0,0.0,0.0,0.0
415342928086441102,2.327272653579712,11.826950705693188,312.7572653644593,50.162593841552734,650.4822939617853
415642930459931101,0.6666666865348816,22.98509761007683,38.40425531914894,16.567459106445312,275.8211644310196
415642930475389902,1.1678831577301025,4.675062327670183,37.30493503062724,61.73514175415039,640.4835474370756
415742930478104002,0.0,0.0,0.0,0.0,0.0
415942930466888101,0.0,6.814667275648317,0.0,13.000259399414062,102.22001060645509
416142930454167201,0.0,0.0,0.0,0.0,0.0
416242930455137601,0.0,0.0,0.0,0.0,0.0
416442929626364102,2.6770832538604736,9.740413055595512,248.76524741081704,97.26969909667969,935.0796883542464
416442930473063501,0.0,0.0,0.0,0.0,0.0
416842930450242402,0.0,0.0,0.0,0.0,0.0
416842930518543801,0.0,0.0,0.0,0.0,0.0
416842930543259501,0.0,0.0,0.0,0.0,0.0
417042930452964302,0.0,0.0,0.0,0.0,0.0
417042930452976501,1.7291666269302368,4.0794885774836915,39.533976624082634,72.68584442138672,391.6309043908126
417042930524389801,0.0,0.0,0.0,0.0,0.0
417142930459672401,41.0,0.5744130371739624,1.1488095238095237,0.13562823832035065,1.1488260743479248
417342930449522002,0.0,0.0,0.0,0.0,0.0
417542930525139002,0.0,0.0,0.0,0.0,0.0
418042930544336502,0.0,0.0,0.0,0.0,0.0
418342930508967902,1.0347826480865479,8.351067054215369,103.12956975876648,83.20204162597656,960.3726807703162
418342930516375702,0.0,0.0,0.0,0.0,0.0
418442930528735301,0.0,0.0,0.0,0.0,0.0
418442930530225202,0.0,0.0,0.0,0.0,0.0
418642930452678002,0.0,0.0,0.0,0.0,0.0
418842930480448501,0.0,0.0,0.0,0.0,0.0
419042930534507802,0.0,0.0,0.0,0.0,0.0
419142930510250002,0.0,0.0,0.0,0.0,0.0
419142930528931202,2.379310369491577,10.251289682539683,65.5059163059163,46.44240188598633,297.28739410499475
419342930464253801,0.0,0.0,0.0,0.0,0.0
419342930464733702,0.0,0.0,0.0,0.0,0.0
419342930511050901,0.0,0.0,0.0,0.0,0.0
419442930446618101,0.0,0.0,0.0,0.0,0.0
419442930510332601,0.0,0.0,0.0,0.0,0.0
419542930460743402,1.1888889074325562,15.408140013818027,283.17431972789115,131.99110412597656,1386.7326603227732
419642928135481802,2.585714340209961,6.810849278992685,141.49436147516002,54.46581268310547,476.75944841420346
419742930510455002,0.0,18.261074939634355,0.0,2.569256067276001,18.261074939634355
419742930526312002,1.5,3.568484068555562,20.331417062630766,7.869384288787842,57.09574749814697
419742930544479201,2.4893617630004883,6.793207908163265,135.7910592808552,87.8353500366211,638.5615599375541
419942930519726001,3.8620688915252686,7.054543677532547,130.86452400325467,83.66071319580078,613.7452846353281
419942930534902402,0.0,0.0,0.0,0.0,0.0
421142930524863402,0.0,0.0,0.0,0.0,0.0
421342930476293502,0.0,0.0,0.0,0.0,0.0
421542930478606501,0.0,0.0,0.0,0.0,0.0
421542930542662602,0.0,0.0,0.0,0.0,0.0
421742930472103102,0.0,0.0,0.0,0.0,0.0
421742930478809101,0.0,0.0,0.0,0.0,0.0
421742930527837001,0.0,0.0,0.0,0.0,0.0
421742930545929201,0.0,0.0,0.0,0.0,0.0
421842930464510002,0.0,0.0,0.0,0.0,0.0
421842930464512601,0.0,0.0,0.0,0.0,0.0
421842930530493601,0.0,0.0,0.0,0.0,0.0
421942930525619301,0.0,0.0,0.0,0.0,0.0
422042929012799102,4.333333492279053,19.755762987012986,124.68701298701299,38.337181091308594,414.87102901904615
422242930462962702,2.625,12.274318275269138,135.77591706539076,22.715879440307617,196.38909715594667
422242930464839802,0.0,0.0,0.0,0.0,0.0
422242930519309302,0.0,0.0,0.0,0.0,0.0
422342929348291702,3.142857074737549,4.304525202158614,85.30789010691568,64.97624969482422,482.106828416599
422342930528770702,0.0,72.92843231162196,72.92848020434228,0.0,72.92843231162196
422342930536281502,0.0,0.0,0.0,0.0,0.0
422442930532646302,0.0,0.0,0.0,0.0,0.0
422542929800558901,0.0,0.0,0.0,0.0,0.0
422642930533379302,1.2899999618530273,51.810625,968.43,128.99261474609375,5181.062695879937
422842930455013301,0.0,0.0,0.0,0.0,0.0
422942930517743102,0.0,0.0,0.0,0.0,0.0
423042930220628402,3.4761905670166016,5.114149305555555,36.807256235827666,14.502615928649902,107.39713211448826
423142930472510701,2.21276593208313,2.599700357984412,35.296719231466376,23.428129196166992,122.185913203483
423142930529658201,0.0,0.0,0.0,0.0,0.0
423342930462033501,0.0,0.0,0.0,0.0,0.0
423342930528595001,2.2857143878936768,3.127719482395507,26.6779349821795,17.866315841674805,87.57614782085969
423342930541522601,1.6333333253860474,9.158569548974695,102.64019778941245,19.765398025512695,274.75709096077503
423442930510727701,0.0,0.0,0.0,0.0,0.0
423742930476657202,0.0,0.0,0.0,0.0,0.0
423742930532899201,0.0,0.0,0.0,0.0,0.0
423842929307319302,0.0,0.0,0.0,0.0,0.0
423842930008236502,0.0,0.0,0.0,0.0,0.0
423842930456507002,0.0,0.0,0.0,0.0,0.0
423842930461862401,0.0,0.0,0.0,0.0,0.0
423942930473588601,0.0,0.0,0.0,0.0,0.0
424042930527942301,0.0,0.0,0.0,0.0,0.0
424442930526962502,4.0,11.32293674284141,59.283700440528634,7.839344024658203,67.93761986551831
424542930476618101,3.3738317489624023,5.443323890549673,249.12401844171703,73.88172912597656,582.4356700092293
424542930544796702,0.0,0.0,0.0,0.0,0.0
424842930455850101,3.073394536972046,6.393965104931592,176.44956326814562,91.80107116699219,696.9422004495069
424842930525167202,0.0,0.0,0.0,0.0,0.0
424842930531682102,0.0,0.0,0.0,0.0,0.0
424942930478216002,0.0,0.0,0.0,0.0,0.0
424942930522432801,0.0,0.0,0.0,0.0,0.0
425042927982774902,2.7096774578094482,7.957412361623616,374.1078228782288,163.5177764892578,986.719150728458
425042930527812502,0.0,0.0,0.0,0.0,0.0
425142930476491301,0.0,0.0,0.0,0.0,0.0
425142930517641001,3.4848484992980957,6.645504378735935,116.31434599156118,54.20780563354492,438.60326987882206
425142930532447901,0.0,0.0,0.0,0.0,0.0
425342930452771101,0.0,0.0,0.0,0.0,0.0
425342930473661602,0.0,0.0,0.0,0.0,0.0
425442930517412402,0.0,0.0,0.0,0.0,0.0
425442930547332502,0.0,0.0,0.0,0.0,0.0
425542930467542701,2.0634920597076416,3.4329964426335726,57.99707602339181,90.92877197265625,432.5575575636683
425942930461917102,2.7837836742401123,5.483131340413142,142.50435209022925,74.86957550048828,608.6275795083925
425942930525262001,0.0,0.0,0.0,0.0,0.0
426242930508104501,0.0,0.0,0.0,0.0,0.0
426242930541919002,0.0,0.0,0.0,0.0,0.0
426442929249040201,0.0,0.0,0.0,0.0,0.0
426442930508858402,4.0,16.707321014621968,107.66333808844507,40.07356262207031,233.90250372421838
426542928728354801,0.0,0.0,0.0,0.0,0.0
426542930525179902,0.0,8.154422452120382,0.0,48.79069900512695,407.7211143121402
426642930476601002,0.0,0.0,0.0,0.0,0.0
426742930534010201,3.1917808055877686,6.194368633877205,180.81882486088844,67.99810791015625,452.1889172969399
426842928030317302,4.199999809265137,6.681312523228444,49.531219028741326,9.982503890991211,66.8131262757497
426842930531351102,0.8799999952316284,15.75695762273265,133.41640378548897,69.04393005371094,787.847851389214
426942930534675001,0.0,0.0,0.0,0.0,0.0
427042929467119401,0.0,0.0,0.0,0.0,0.0
427042930472219801,3.319999933242798,5.058933922455969,67.90606653620353,46.56385803222656,379.42003757099815
427142929346284802,0.0,0.0,0.0,0.0,0.0
427142929816392201,3.0625,6.095467481148492,134.62810739144845,57.788700103759766,585.1649030113915
427142930455661602,0.0,0.0,0.0,0.0,0.0
427142930519082401,0.0,0.0,0.0,0.0,0.0
427242930508481601,0.0,28.31215605345912,28.311949685534593,4.749823570251465,28.31215605345912
427242930549574301,0.0,0.0,0.0,0.0,0.0
427342930454849801,0.0,0.0,0.0,0.0,0.0
427442930475405802,0.0,0.0,0.0,0.0,0.0
427542930524283402,0.0,0.0,0.0,0.0,0.0
427642930450569802,2.555555582046509,5.1849412020905925,24.681620209059233,6.064673900604248,46.664471350480454
427642930532071401,0.0,0.0,0.0,0.0,0.0
427642930546508501,0.0,0.0,0.0,0.0,0.0
427842930511054402,31.85714340209961,3.490434091903188,15.511145671332297,3.940260887145996,24.433038263632387
427942928225066301,1.7471264600753784,8.15845188400601,104.14703271187598,136.3339385986328,709.7853150469663
428042930534754302,0.0,0.0,0.0,0.0,0.0
428342930530081502,0.0,0.0,0.0,0.0,0.0
428442930475850102,0.0,0.0,0.0,0.0,0.0
428442930533635001,0.0,0.0,0.0,0.0,0.0
428542930545389202,0.0,0.0,0.0,0.0,0.0
428742930455226301,0.0,0.0,0.0,0.0,0.0
428842930515464502,1.1559633016586304,8.122636884490845,131.206565430996,105.89458465576172,885.3673844961462
428942930452187902,1.5247524976730347,3.8444142174039384,12.59072883905374,58.600406646728516,388.2858418094856
429042930524070901,4.0,51.125181116854634,93.98496240601504,14.291908264160156,102.2503634574718
429142930549347602,0.0,0.0,0.0,0.0,0.0
429342928269818402,4.5,15.695613311331133,27.473414008067472,5.160377025604248,31.391227577618874
429342929417543301,4.142857074737549,12.109387283805031,69.96522382537921,15.661686897277832,84.7657103995416
429342930530952502,2.107438087463379,12.735624694160505,516.318834275772,167.79762268066406,1541.0105433138415
429442930526423701,0.0,0.0,0.0,0.0,0.0
429542930463343201,0.0,0.0,0.0,0.0,0.0
429542930534678901,0.0,0.0,0.0,0.0,0.0
429742930480276102,0.0,0.0,0.0,0.0,0.0
429842929411157202,0.0,0.0,0.0,0.0,0.0
431142928242857102,0.0,0.0,0.0,0.0,0.0
431142930528814302,0.0,0.0,0.0,0.0,0.0
431342928188537602,2.3333332538604736,3.5599573647103657,21.3594351732991,1.536601185798645,21.359743394961864
431342930436036701,3.3529412746429443,10.50668294376419,252.4103146286085,113.98414611816406,1071.6816556044612
431442930460324301,0.0,0.0,0.0,0.0,0.0
431642930546311502,0.0,0.0,0.0,0.0,0.0
431742930460715902,0.0,0.0,0.0,0.0,0.0
431742930528369702,4.657142639160156,8.50098675862819,160.72389791183295,89.58272552490234,595.0690838842547
431842930517103301,0.0,0.0,0.0,0.0,0.0
431942930461501701,2.4666666984558105,6.701288249282125,48.402010050251256,8.16893196105957,100.51932436908139
432042930475664902,2.809523820877075,8.504689847858753,148.87903831705484,50.66170120239258,357.19697533255675
432242930450432502,0.0,0.0,0.0,0.0,0.0
432342930529109301,1.8113207817077637,5.6979438542250564,284.01653587443946,54.51603698730469,301.991028509867
432442929687010202,0.0,0.0,0.0,0.0,0.0
432642930529775401,0.0,0.0,0.0,0.0,0.0
432642930544091501,19.799999237060547,2.4786345970812182,37.17920988744206,4.812335014343262,37.1795186939631
432742930464778202,0.0,0.0,0.0,0.0,0.0
432942928887199501,0.0,0.0,0.0,0.0,0.0
433042930454629101,0.0,0.0,0.0,0.0,0.0
433042930523638701,4.0,21.438215706364513,109.45515911282546,14.887362480163574,192.94394703702272
433242930479913101,0.0,0.0,0.0,0.0,0.0
433242930517302902,0.0,0.0,0.0,0.0,0.0
433242930526829102,1.8333333730697632,2.1607269480406486,25.928795155564835,5.469585418701172,25.928723384984362
433542930468923802,0.0,0.0,0.0,0.0,0.0
433542930546801001,0.0,0.0,0.0,0.0,0.0
433642930456624001,0.0,0.0,0.0,0.0,0.0
433742930524402901,4.644067764282227,14.604675615906086,125.3505291005291,103.03687286376953,861.6758635340544
434242930550216202,3.857142925262451,6.838285817078263,114.88236697685517,16.940616607666016,143.60400049477653
434342928577579702,0.0,0.0,0.0,0.0,0.0
434442930476749802,3.2941176891326904,13.038806542522831,124.65570776255707,87.10874938964844,1108.2985583301004
434542929543902501,3.3333332538604736,14.457054718791722,35.5130173564753,3.439507007598877,43.37116220064252
434542930478188502,0.0,131.5565368466773,0.0,10.368499755859375,131.5565368466773
434542930516168402,2.700000047683716,4.300989296372819,39.450413223140494,6.620626449584961,43.00989177973584
434542930534207102,0.0,0.0,0.0,0.0,0.0
434642930525286701,158.0,1.6613773956091413,1.661531490711373,0.23546583950519562,1.6613773956091413
434642930537432001,3.6666667461395264,16.917568229794934,34.37555287494974,5.120834827423096,50.7527046893848
435142930542793802,0.0,0.0,0.0,0.0,0.0
435242930531846502,0.8815789222717285,3.1949125735753143,19.211005083385356,46.92970275878906,242.81334907071104
435242930532869402,2.0303030014038086,4.228003571037653,44.556917688266196,16.685077667236328,139.52412106168248
435342929013116401,0.0,0.0,0.0,0.0,0.0
435442930460426002,0.0,0.0,0.0,0.0,0.0
435442930518610701,0.0,207.4582321113074,45.53003533568904,18.10968017578125,207.4582321113074
435742930543774002,0.0,0.0,0.0,0.0,0.0
435842930478161502,0.0,0.0,0.0,0.0,0.0
435842930510965401,0.0,0.0,0.0,0.0,0.0
435942930527914001,1.0,29.12989066559446,29.129902264010887,4.315515518188477,29.12989066559446
436242930547456902,0.0,0.0,0.0,0.0,0.0
436342928726782501,0.0,0.0,0.0,0.0,0.0
436442930475111001,0.0,0.0,0.0,0.0,0.0
436542930542212901,0.0,0.0,0.0,0.0,0.0
436642930516141202,0.0,17.62412374905589,17.624244712990937,0.6463416814804077,17.62412374905589
436842930473132001,0.0,0.0,0.0,0.0,0.0
436942930531863101,0.0,0.0,0.0,0.0,0.0
437142930549638801,0.0,0.0,0.0,0.0,0.0
437442930458940101,0.539130449295044,3.6980330933020946,23.917254685777287,71.13268280029297,425.273787194497
437642929456777302,0.0,0.0,0.0,0.0,0.0
437642929703857301,5.590909004211426,22.17914434946084,361.3496027241771,111.6012191772461,975.8823316143265
437642930541280602,0.0,0.0,0.0,0.0,0.0
437642930542057902,0.0,0.0,0.0,0.0,0.0
437842930531739502,0.0,0.0,0.0,0.0,0.0
438042930524689201,0.5789473652839661,9.126723459115613,102.73913043478261,94.85538482666016,693.6309505922521
438242930467080401,2.4769229888916016,3.583614594853805,70.89396557683003,85.3622817993164,465.8699051592059
438242930510427602,0.0,0.0,0.0,0.0,0.0
438442930516910302,0.0,0.0,0.0,0.0,0.0
438542928614385802,0.0,0.0,0.0,0.0,0.0
438542930008180002,0.0,0.0,0.0,0.0,0.0
438542930528147302,0.0,0.0,0.0,0.0,0.0
438742930529846001,93.0,10.828486973947896,29.513426853707415,4.42462682723999,32.485462800601205
439242930508921102,0.0,0.0,0.0,0.0,0.0
439442930530243202,0.0,0.0,0.0,0.0,0.0
439642930518496702,0.0,0.0,0.0,0.0,0.0
439742929704304201,1.5555555820465088,24.85818793402778,223.72444444444446,30.579336166381836,223.72368808322483
439742930468869302,0.0,0.0,0.0,0.0,0.0
439742930534365702,0.0,0.0,0.0,0.0,0.0
439942928197140001,0.0,0.0,0.0,0.0,0.0
439942929575556101,0.0,0.0,0.0,0.0,0.0
441242928932386902,3.0,58.16229272959184,58.1625850340136,4.691354274749756,58.16229272959184
441242930516479301,0.0,0.0,0.0,0.0,0.0
441342930455691402,0.36000001430511475,14.518333596760597,104.7495183044316,49.59720230102539,362.9583481754641
441342930538665302,0.0,0.0,0.0,0.0,0.0
441442930546173402,5.833333492279053,20.398385297832466,109.02542372881356,31.56829261779785,367.17094140879647
441542930528341302,0.0,0.0,0.0,0.0,0.0
441642930543933102,0.0,0.0,0.0,0.0,0.0
441742930543287101,0.0,0.0,0.0,0.0,0.0
441842930450618302,1.0,15.02718886300555,126.79064234734338,127.3607406616211,1277.3110827476992
441842930519782902,0.0,0.0,0.0,0.0,0.0
442042930522229201,0.0,0.0,0.0,0.0,0.0
442142930450340102,1.0,5.202156967385219,5.202239641657335,0.9670552015304565,5.202156967385219
442242928232687101,0.0,0.0,0.0,0.0,0.0
442242930456507901,3.0,5.132558876811594,7.55768115942029,1.4416924715042114,10.265117470561595
442342928210699901,3.46052622795105,5.990144169089976,85.61683202189532,60.307926177978516,455.25096560715406
442442930537131802,3.576923131942749,7.709764383606991,97.23093220338983,84.90531158447266,400.90776071710104
442542930464754601,0.0,0.0,0.0,0.0,0.0
442642930472517502,0.0,0.0,0.0,0.0,0.0
442642930516534602,0.0,0.0,0.0,0.0,0.0
442742930521986601,0.0,0.0,0.0,0.0,0.0
442742930541026901,0.0,0.0,0.0,0.0,0.0
442842930460244201,0.0,0.0,0.0,0.0,0.0
443042929544004001,0.0,0.0,0.0,0.0,0.0
443042930544171201,0.0,0.0,0.0,0.0,0.0
443142930530546101,0.8582677245140076,6.739784650386923,50.972678458622866,73.94465637207031,855.9526450445738
443142930531245401,1.4736841917037964,2.9973285453723433,113.89857801119754,14.567221641540527,113.89848451397496
443242928932549701,3.75,39.24730698529412,101.71470588235294,13.60562801361084,313.9784398696002
443642928242815302,0.0,0.0,0.0,0.0,0.0
443642930533744301,0.0,0.0,0.0,0.0,0.0
443742930527623402,0.0,0.0,0.0,0.0,0.0
443942930454346501,0.0,0.0,0.0,0.0,0.0
443942930515762202,0.0,0.0,0.0,0.0,0.0
444042930540957902,0.0,0.0,0.0,0.0,0.0
444042930547155601,0.0,0.0,0.0,0.0,0.0
444142930531489501,0.0,0.0,0.0,0.0,0.0
444342929025526601,0.0,0.0,0.0,0.0,0.0
444342930453038602,0.0,0.0,0.0,0.0,0.0
444442930521385601,0.0,0.0,0.0,0.0,0.0
444642930473703801,2.5,0.8783301855303511,1.7480964467005076,0.2835247814655304,1.7566603452421081
444642930527844202,2.474074125289917,6.756587188189507,106.10149546457465,124.91597747802734,912.1392604181889
444642930534681902,0.0,0.0,0.0,0.0,0.0
445042930530644301,0.0,0.0,0.0,0.0,0.0
445042930538085702,0.0,0.0,0.0,0.0,0.0
445242928258168502,0.0,0.0,0.0,0.0,0.0
445442930509399801,1.4816327095031738,4.0438662956621005,930.5490410958904,166.2801513671875,990.747231740037
445442930533671402,0.0,0.0,0.0,0.0,0.0
445542930184431601,0.0,0.0,0.0,0.0,0.0
445542930521743101,3.9710144996643066,7.878007103629417,412.82521489971344,73.25532531738281,543.5824993002836
445642930526329602,0.0,0.0,0.0,0.0,0.0
445742929118695701,0.7599999904632568,8.083372682005495,57.42101648351648,74.96436309814453,606.2529260647166
445742930525116902,2.4102563858032227,9.077335395117462,105.94950911640954,84.762451171875,708.0321703853313
446042930461902202,0.0,0.0,0.0,0.0,0.0
446042930480613802,0.0,0.0,0.0,0.0,0.0
446342930516040102,0.0,0.0,0.0,0.0,0.0
446542930079741302,0.0,0.0,0.0,0.0,0.0
446542930454596401,1.5056179761886597,22.200030470748082,436.4271099744245,77.90179443359375,1975.802664832386
446642930527472202,0.0,0.0,0.0,0.0,0.0
446942930447130201,0.0,17.525585318669265,17.525469168900806,3.156555652618408,17.525585318669265
447042928757899402,0.0,0.0,0.0,0.0,0.0
447142930477449802,0.0,0.0,0.0,0.0,0.0
447142930543077802,0.0,0.0,0.0,0.0,0.0
447242930464320602,2.6500000953674316,3.0153768651535042,30.90870531205817,9.070932388305664,60.307536224383725
447242930465702601,0.0,0.0,0.0,0.0,0.0
447342930520081202,0.0,0.0,0.0,0.0,0.0
447342930545466902,0.0,0.0,0.0,0.0,0.0
447442930459006701,0.0,0.0,0.0,0.0,0.0
447742930527213302,0.0,0.0,0.0,0.0,0.0
447842929222943602,0.0,0.0,0.0,0.0,0.0
447842930509520701,0.0,0.0,0.0,0.0,0.0
447942930459258802,4.030769348144531,10.38594494835805,232.22245762711864,112.16580200195312,675.0864376944337
448042928636802302,1.7419354915618896,5.094789120283314,70.65826751911746,82.71784973144531,631.7538783147668
448242930159026302,3.444444417953491,9.893709581347856,77.31518039482641,7.424068450927734,89.04338477792344
448442930533817702,4.573529243469238,3.630863660048267,246.8979815708644,34.10839080810547,246.89872464897235
448642930531059601,3.356435537338257,4.461184121432307,85.7080095636581,81.62015533447266,450.5795935494274
448642930537036702,0.0,0.0,0.0,0.0,0.0
448742930530409801,0.0,0.0,0.0,0.0,0.0
448742930542480601,0.0,0.0,0.0,0.0,0.0
448942929424332001,0.0,0.0,0.0,0.0,0.0
448942930460387202,1.6883116960525513,29.547233198600384,341.85714285714283,112.38158416748047,2275.136913446846
449042930480604502,0.0,0.0,0.0,0.0,0.0
449142930220905101,1.375,4.022457973729135,21.92443095599393,6.4570441246032715,64.35932937008477
449342930472986802,0.0,0.0,0.0,0.0,0.0
449542930529138102,3.6987950801849365,8.12615711404009,121.72033880404706,65.33313751220703,674.4710249457953
449542930541325102,0.0,0.0,0.0,0.0,0.0
449842930012267802,0.0,0.0,0.0,0.0,0.0
449942928143339102,0.0,0.0,0.0,0.0,0.0
451342928303933502,1.7615385055541992,9.725564125951777,237.2218274111675,97.69892883300781,1264.3233098218889
451342929091219502,0.0,0.0,0.0,0.0,0.0
451342929118629102,2.840708017349243,4.848236150638692,109.47276457740419,0.0,547.8507046807774
451542930462958501,0.0,0.0,0.0,0.0,0.0
451642930515849801,0.0,9.816853549141966,225.23026521060842,93.17430114746094,893.3336972297633
451642930516655801,0.0,0.0,0.0,0.0,0.0
451742930546667901,1.5,9.400827993478426,18.801698642602563,2.466029167175293,18.801655986956852
451842930530890901,0.0,0.0,0.0,0.0,0.0
451842930539712002,0.0,0.0,0.0,0.0,0.0
452042928113086902,0.0,0.0,0.0,0.0,0.0
452042929606028501,0.0,0.0,0.0,0.0,0.0
452042930474775901,0.0,0.0,0.0,0.0,0.0
452042930529364501,0.0,0.0,0.0,0.0,0.0
452142930534008702,3.7096774578094482,6.040566036052752,97.35578899292076,84.11805725097656,561.7726380164614
452142930540910401,3.5199999809265137,6.209994182180851,75.82446808510639,0.0,155.24986053832035
452242930543963002,0.0,0.0,0.0,0.0,0.0
452342930452739702,0.0,40.41180976066897,11.219723183391004,0.0,40.41180976066897
452342930540695301,0.03125,9.276405644018496,9.152744630071599,38.276058197021484,296.844989421544
452442930519503202,2.4000000953674316,18.01511808206107,80.99196464443551,13.52306079864502,90.075590017954
452542929012692802,0.0,0.0,0.0,0.0,0.0
452842930477818401,0.0,0.0,0.0,0.0,0.0
453142929766029601,0.0,0.0,0.0,0.0,0.0
453142930458014602,0.0,0.0,0.0,0.0,0.0
453142930460223101,1.0,0.3096860374179748,0.30957282552753473,0.041987765580415726,0.3096860374179748
453142930509752902,0.0,0.0,0.0,0.0,0.0
453242930549785802,0.0,0.0,0.0,0.0,0.0
453342930528236201,0.0,0.0,0.0,0.0,0.0
453442930510558902,0.0,0.0,0.0,0.0,0.0
453542930451520802,4.366666793823242,7.614016575651876,50.83623055809698,22.59589385986328,228.42050311201118
453642930536070902,0.0,0.0,0.0,0.0,0.0
453642930550812901,0.0,0.0,0.0,0.0,0.0
453742930460363401,0.0,0.0,0.0,0.0,0.0
453942928878217602,0.0,0.0,0.0,0.0,0.0
454242930477045102,0.0,0.0,0.0,0.0,0.0
454342930542587602,1.5041322708129883,5.56154268096485,1345.894017397479,129.59591674804688,1345.8932977251784
454442930458915501,0.040816325694322586,5.65793008445482,4.182916781104092,0.0,554.4771345694357
454442930539269601,0.0,0.0,0.0,0.0,0.0
454842930525563501,2.3333332538604736,1.88124762970267,8.916626213592233,2.6287076473236084,16.931228316408916
454942930543521201,0.0,0.0,0.0,0.0,0.0
455042930478737701,0.0,0.0,0.0,0.0,0.0
455042930544365902,0.0,0.0,0.0,0.0,0.0
455142930449806501,3.133333444595337,7.363419933431953,37.24908424908425,14.272547721862793,110.451300824451
455142930473987601,0.0,0.0,0.0,0.0,0.0
455142930475151802,0.0,0.0,0.0,0.0,0.0
455142930517384102,0.0,0.0,0.0,0.0,0.0
455242930508988402,0.0,0.0,0.0,0.0,0.0
455242930525565202,0.0,0.0,0.0,0.0,0.0
455542930543803602,0.0,0.0,0.0,0.0,0.0
455642930534616002,0.0,0.0,0.0,0.0,0.0
455742930464265902,0.0,0.0,0.0,0.0,0.0
455842928153642502,0.0,0.0,0.0,0.0,0.0
455842929927453401,3.625,23.477390503654636,227.28232069438099,15.364598274230957,375.63825106544544
455942930543789701,0.0,0.0,0.0,0.0,0.0
456042930456447502,0.0,0.0,0.0,0.0,0.0
456242929514231701,2.566176414489746,4.750383397023331,197.15697134723683,0.0,646.052114609098
456342930536247302,5.666666507720947,12.059230688305036,38.91100702576112,4.343408584594727,72.35538641686183
456342930544849801,0.0,0.0,0.0,0.0,0.0
456442930460584501,2.4000000953674316,37.41620852623457,171.1888888888889,21.328014373779297,187.08104865933643
456542930453086802,0.0,0.0,0.0,0.0,0.0
456542930535531102,0.0,0.0,0.0,0.0,0.0
456742929213571201,2.890756368637085,5.71775066397478,123.97469338400414,118.65504455566406,680.4123262229783
456842930461438101,0.0,0.0,0.0,0.0,0.0
456842930477211101,0.0,0.0,0.0,0.0,0.0
457142930456083901,5.829268455505371,21.91821158506016,263.03208556149735,55.85088348388672,898.6466816376875
457142930456139802,0.0,0.0,0.0,0.0,0.0
457142930525741002,0.0,0.0,0.0,0.0,0.0
457242930460414301,0.0,0.0,0.0,0.0,0.0
457542930525267002,0.0,0.0,0.0,0.0,0.0
457742930540380202,0.0,0.0,0.0,0.0,0.0
457842930454640301,0.0,0.0,0.0,0.0,0.0
457842930539063701,0.0,0.0,0.0,0.0,0.0
457942930459386202,0.0,0.0,0.0,0.0,0.0
457942930474542201,3.65116286277771,8.248098349439113,89.84011352885526,28.27782440185547,354.66823966104545
457942930531665701,0.0,0.0,0.0,0.0,0.0
458042930542087302,2.5934066772460938,16.52327171750663,371.00663129973475,82.03411102294922,1503.6177672580952
458142930478821701,1.595588207244873,12.121431916966428,149.0537170263789,735.248291015625,1648.5147930982303
458242930524238502,0.0,0.0,0.0,0.0,0.0
458342930515579901,3.4000000953674316,11.142271800501883,93.00250941028858,28.335590362548828,389.9794929628839
458442930457513502,0.0,0.0,0.0,0.0,0.0
458542930454771202,0.0,0.0,0.0,0.0,0.0
458842929605961902,0.0,0.0,0.0,0.0,0.0
458842930456663701,0.0,0.0,0.0,0.0,0.0
459042930546001801,0.0,0.0,0.0,0.0,0.0
459142930463034701,0.0,0.0,0.0,0.0,0.0
459242930454477302,0.0,0.0,0.0,0.0,0.0
459242930516648702,2.357142925262451,5.914009538134081,52.059732526236786,8.614474296569824,82.79613473537138
459442930468001301,0.0,0.0,0.0,0.0,0.0
459542930463913602,0.0,0.0,0.0,0.0,0.0
459742930530104301,0.0,0.0,0.0,0.0,0.0
459742930534620601,0.0,0.0,0.0,0.0,0.0
459842930469084801,0.0,0.0,0.0,0.0,0.0
459842930475160701,0.0,0.0,0.0,0.0,0.0
459842930477617001,0.0,0.0,0.0,0.0,0.0
459842930509910101,0.0,0.0,0.0,0.0,0.0
459842930526608101,0.0,0.0,0.0,0.0,0.0
461142930540984802,0.0,0.0,0.0,0.0,0.0
461242930531454902,0.0,0.0,0.0,0.0,0.0
461242930532147401,0.0,0.0,0.0,0.0,0.0
461442928235811802,0.0,0.0,0.0,0.0,0.0
461742930456999102,0.0,0.0,0.0,0.0,0.0
461742930519807502,0.0,0.0,0.0,0.0,0.0
461742930549960301,4.400000095367432,16.683150010757316,210.2461273666093,73.58491516113281,1167.8204432075488
461842929550832801,0.0,0.0,0.0,0.0,0.0
461842930455301401,0.0,0.0,0.0,0.0,0.0
462042930475984002,0.0,0.0,0.0,0.0,0.0
462342927979813301,0.0,0.0,0.0,0.0,0.0
462342928855343602,3.1034483909606934,3.604402688535678,67.49340547852553,52.1851921081543,313.5830394430992
462442930516228901,1.674418568611145,7.186030397173489,83.58966861598441,73.85018157958984,617.9986260285851
462542930518806401,2.8965516090393066,2.8549222692778686,331.15036366335164,49.544918060302734,331.1709666275493
462742930459340401,0.0,0.0,0.0,0.0,0.0
462742930542168801,0.0,0.0,0.0,0.0,0.0
462842930525650701,0.0,0.0,0.0,0.0,0.0
463042930545892301,0.0,0.0,0.0,0.0,0.0
463242930452818801,0.0,0.0,0.0,0.0,0.0
463242930517357101,2.9473683834075928,9.53221774477991,324.9125282167043,95.19539642333984,905.5606943479241
463242930541785001,1.692307710647583,10.421183080717165,10.40668202764977,23.996292114257812,270.95076952908994
463342928232635702,0.0,0.0,0.0,0.0,0.0
463342930449213002,0.0,0.0,0.0,0.0,0.0
463342930478795301,2.809523820877075,8.694406364836931,57.277905374368395,9.967132568359375,182.58253696986608
463342930545461902,0.0,0.0,0.0,0.0,0.0
463442930549415502,1.692307710647583,6.671661343320135,95.48110126943956,40.08824920654297,346.92640062766037
463542928021859501,0.0,0.0,0.0,0.0,0.0
463542928932642301,0.0,0.0,0.0,0.0,0.0
463542930142380002,0.0,0.0,0.0,0.0,0.0
463542930468513501,0.0,0.0,0.0,0.0,0.0
463542930515915102,0.0,0.0,0.0,0.0,0.0
463742930457863702,0.0,0.0,0.0,0.0,0.0
463842928091046702,3.5675675868988037,6.254828997520206,129.6710751898114,66.6753921508789,462.857350489803
463942928119476901,0.0,0.0,0.0,0.0,0.0
463942929331512802,2.6461539268493652,6.751482637591105,58.968230237338815,69.66084289550781,438.8463942845544
463942930540578001,0.0,0.0,0.0,0.0,0.0
464242930478339501,0.0,0.0,0.0,0.0,0.0
464442930451305101,0.0,0.0,0.0,0.0,0.0
464742928878383001,3.939393997192383,7.932248134644017,110.38711423930698,34.60162353515625,261.7641908431866
464842928168330801,2.784482717514038,5.335666500960247,70.10980812046432,72.14772033691406,618.9372955951403
464942930458282102,0.20430107414722443,20.123864324651727,168.83858267716536,0.0,1871.5194181304207
465042930548323001,13.0,786.8020304568528,634.5177664974619,92.3487548828125,786.8020304568528
465142930459723502,0.0,0.0,0.0,0.0,0.0
465242930476132702,0.0,0.0,0.0,0.0,0.0
465342930534731001,0.0,0.0,0.0,0.0,0.0
465442930525456901,3.5,9.197998046875,25.941123188405797,8.883038520812988,73.58398589535037
465442930545557502,0.0,0.0,0.0,0.0,0.0
465742930536585001,0.0,0.0,0.0,0.0,0.0
465842930460001301,0.0,0.0,0.0,0.0,0.0
465842930528454901,0.0,0.0,0.0,0.0,0.0
466042928166732401,3.0,4.541771871225845,15.16280193236715,1.6729447841644287,22.708859868441227
466142930526490301,0.0,0.0,0.0,0.0,0.0
466242930455505001,3.79347825050354,9.55386634941848,149.2853427725204,88.78890991210938,878.9556626667998
466242930525743701,2.5714285373687744,22.59903438093542,94.670465337132,13.518122673034668,158.1932362613515
466342930457832802,0.0,40.62813701763692,0.0,6.825504779815674,40.62813701763692
466342930461729302,2.6261682510375977,13.63974449282787,306.3524590163934,83.05503845214844,1459.45271544007
466542930519226202,7.5,16.72235610384187,370.9643652561247,79.508544921875,769.2283816390685
466642930524025601,0.0,0.0,0.0,0.0,0.0
466642930525797101,0.0,0.0,0.0,0.0,0.0
466842930545666201,0.0,0.0,0.0,0.0,0.0
466942930458474701,0.0,0.0,0.0,0.0,0.0
467042930458964601,0.0,0.0,0.0,0.0,0.0
467042930546302601,0.0,70.93430077420325,70.93445580276608,8.879100799560547,70.93430077420325
467142928570715002,0.0,0.0,0.0,0.0,0.0
467142930529166402,5.666666507720947,23.316351430934244,37.93584603047314,6.728428363800049,69.9490527265437
467142930541650701,0.0,0.0,0.0,0.0,0.0
467142930542033202,0.0,0.0,0.0,0.0,0.0
467142930549650102,0.0,115.88852074032738,19.264880952380953,20.07423973083496,115.88852074032738
467542930544167502,0.0,0.0,0.0,0.0,0.0
467642930475072302,0.0,0.0,0.0,0.0,0.0
468042930449809502,4.0,0.7661062054929481,0.7663716814159292,0.08026993274688721,0.7661062054929481
468042930473361702,0.125,7.828063626386322,261.15850277264326,257.3056945800781,1628.237260694204
468042930474736401,0.0,0.0,0.0,0.0,0.0
468042930518820101,0.0,0.0,0.0,0.0,0.0
468042930529448601,0.0,0.0,0.0,0.0,0.0
468242930509685501,0.0,0.0,0.0,0.0,0.0
468342930448583102,0.0,0.0,0.0,0.0,0.0
468442930460274501,0.0,0.0,0.0,0.0,0.0
468442930474428202,0.0,0.0,0.0,0.0,0.0
468642928800830101,0.0,0.0,0.0,0.0,0.0
468742929127193901,0.0,0.0,0.0,0.0,0.0
468942930461994101,0.0,0.0,0.0,0.0,0.0
468942930529548902,0.0,0.0,0.0,0.0,0.0
469142930479823702,0.0,0.0,0.0,0.0,0.0
469142930532768202,0.0,0.0,0.0,0.0,0.0
469242930456536202,0.0,0.0,0.0,0.0,0.0
469242930464238102,0.0,0.0,0.0,0.0,0.0
469342930460128602,3.3442623615264893,3.903449184384164,55.09496954658245,49.78600311279297,238.11041197270163
469442930476395602,0.0,0.0,0.0,0.0,0.0
469442930477083301,0.0,0.0,0.0,0.0,0.0
469542930534434102,4.849999904632568,5.208798955780229,43.36078431372549,16.796052932739258,104.17597660239225
469542930541619202,0.875,29.03518975128645,113.93481989708405,29.83959197998047,464.56302366412115
469642930530191302,0.0,0.0,0.0,0.0,0.0
469742930465097501,0.0,0.0,0.0,0.0,0.0
469742930471751402,0.0,0.0,0.0,0.0,0.0
469742930524778402,0.0,0.0,0.0,0.0,0.0
469842930547519201,0.0,0.0,0.0,0.0,0.0
471142930475783801,0.0,0.0,0.0,0.0,0.0
471142930508056702,1.5,11.576270015038924,23.152158527954708,2.7383310794830322,23.152540030077848
471242928890508701,0.0,8.244819178645653,0.0,13.162405014038086,181.38601539751878
471242930517623201,0.0,0.0,0.0,0.0,0.0
471442930519177702,1.7272727489471436,5.090701116684655,47.35125588697017,3.9797048568725586,55.9977126188892
471442930532511302,0.0,0.0,0.0,0.0,0.0
471642929346172602,0.0,0.0,0.0,0.0,0.0
471642930518281602,3.192307710647583,12.36269282839825,115.52464228934817,25.34762191772461,321.4300137627485
471642930530253501,0.0,0.0,0.0,0.0,0.0
471742930459609601,0.0,0.0,0.0,0.0,0.0
471942930509142702,0.0,81.61970778496543,9.623511041713138,15.189438819885254,81.61970778496543
471942930548031302,0.0,0.0,0.0,0.0,0.0
472042930464677601,0.0,0.0,0.0,0.0,0.0
472142930468182101,0.0,0.0,0.0,0.0,0.0
472142930475906602,0.0,0.0,0.0,0.0,0.0
472142930518773901,0.0,0.0,0.0,0.0,0.0
472142930532073701,0.0,0.0,0.0,0.0,0.0
472242930480688601,0.0,0.0,0.0,0.0,0.0
472442929189265702,0.0,102.24620185115931,102.24607329842932,7.999029159545898,102.24620185115931
472442930516125302,0.0,0.0,0.0,0.0,0.0
472442930526224901,3.576923131942749,6.004622016306917,118.32865920907516,56.428409576416016,468.3605249686487
472442930533753802,3.3333332538604736,77.91120932294879,233.733497840839,14.144974708557129,233.7336243541795
472542930523904701,0.0,0.0,0.0,0.0,0.0
472542930528826501,0.0,0.0,0.0,0.0,0.0
472742930528923302,0.0,0.0,0.0,0.0,0.0
472842930524195801,0.0,0.0,0.0,0.0,0.0
472842930529543301,0.0,0.0,0.0,0.0,0.0
472842930533150401,0.0,0.0,0.0,0.0,0.0
472942930480232901,2.607142925262451,5.612335434276795,127.15029599740818,67.75698852539062,628.5815858783362
472942930525044502,0.0,0.0,0.0,0.0,0.0
473042930452072501,0.0,0.0,0.0,0.0,0.0
473142930458053402,0.031578946858644485,7.441469386282535,62.83627204030227,78.8494873046875,706.9396248824651
473142930532079502,3.13043475151062,4.320378090911876,68.20603015075378,24.056047439575195,198.73739116550414
473642929189480701,0.0,0.0,0.0,0.0,0.0
473742930453944302,0.0,0.0,0.0,0.0,0.0
473742930525907602,0.0,0.0,0.0,0.0,0.0
474042930462750101,0.0,0.0,0.0,0.0,0.0
474142930476260601,0.0,0.0,0.0,0.0,0.0
474142930545496402,0.0,0.0,0.0,0.0,0.0
474242928759826901,0.0,0.0,0.0,0.0,0.0
474342927929265602,0.0,0.0,0.0,0.0,0.0
474442930463813901,2.125,8.590977339490651,30.641240757798304,7.700109481811523,68.72781788933942
474742928592599302,0.0,0.0,0.0,0.0,0.0
474742930523946102,0.0,0.0,0.0,0.0,0.0
474742930545769002,0.0,0.0,0.0,0.0,0.0
474942930448140102,0.0,0.0,0.0,0.0,0.0
474942930480281202,32.29999923706055,25.989905001849113,180.85724852071007,23.87091827392578,259.89903611403247
474942930522669201,0.0,0.0,0.0,0.0,0.0
475042930549926102,3.368932008743286,5.025449277976132,99.55120806025629,92.38893127441406,517.6212813653417
475142930465272501,4.333333492279053,8.614159119750807,25.842408860175357,4.478394985198975,25.842477471915377
475142930527132602,0.0,0.0,0.0,0.0,0.0
475342930533480402,0.0,0.0,0.0,0.0,0.0
475342930545136301,0.0,0.0,0.0,0.0,0.0
475442930472575302,3.4000000953674316,30.35345145089286,88.20571428571428,11.7868070602417,151.76726004464285
475742930461738401,3.7959184646606445,11.70068610784643,280.0235057085292,61.742557525634766,573.3336270265941
475942930516528102,0.0,0.0,0.0,0.0,0.0
476142930470075602,0.0,0.0,0.0,0.0,0.0
476142930475967801,2.558823585510254,6.5304452493048535,89.17896865520729,29.660125732421875,222.03513093761293
476142930527268702,0.0,0.0,0.0,0.0,0.0
476242930528458102,0.0,0.0,0.0,0.0,0.0
476342930515666102,0.0,0.0,0.0,0.0,0.0
476342930519796601,2.952380895614624,6.599050697373467,42.41794478527607,13.356444358825684,138.58007172426562
476442928043634301,0.0,0.0,0.0,0.0,0.0
476442930537266702,4.285714149475098,7.867990944602273,83.42828282828283,46.73706817626953,330.4556146949229
476542930460255501,0.0,0.0,0.0,0.0,0.0
476542930469712102,0.0,0.0,0.0,0.0,0.0
476642930454569401,0.0,0.0,0.0,0.0,0.0
476642930543979702,0.0,0.0,0.0,0.0,0.0
476742930465546201,0.0,0.0,0.0,0.0,0.0
476942930455668701,0.0,0.0,0.0,0.0,0.0
476942930460860902,0.0,0.0,0.0,0.0,0.0
476942930540885102,0.0,0.0,0.0,0.0,0.0
477042930542571901,0.0,0.0,0.0,0.0,0.0
477242930476480602,1.4555555582046509,8.017867161283558,139.01543624161073,100.68339538574219,721.6080162240355
477342930525142301,3.3090908527374268,12.106005603730367,128.6544502617801,76.82209014892578,665.8303429169181
477342930528510302,0.0,0.0,0.0,0.0,0.0
477442930476772902,0.0,0.0,0.0,0.0,0.0
477542927917445902,0.0,0.0,0.0,0.0,0.0
477542930455038201,0.41860464215278625,4.308198425711955,41.90851627812139,41.616294860839844,185.25253366006106
478042929000168302,0.0,0.0,0.0,0.0,0.0
478142928664127601,1.7000000476837158,7.709270374768304,189.2955282669138,121.10137939453125,770.9270001005751
478142930455427601,1.9090908765792847,2.62536002205802,13.18006993006993,2.741706132888794,28.878960048844974
478142930524314602,0.0,0.0,0.0,0.0,0.0
478242929417495501,1.9393939971923828,1.9837314013113652,19.07856982739296,11.965469360351562,65.46313613841576
478542930459497102,0.0,0.0,0.0,0.0,0.0
478642930509156802,0.0,0.0,0.0,0.0,0.0
478742930520008402,5.4285712242126465,50.537944072001686,262.7027027027027,22.791099548339844,707.5312192514539
478842930456813102,0.0,0.0,0.0,0.0,0.0
478842930539445902,0.0,0.0,0.0,0.0,0.0
479042929762446002,1.5,29.136696288552013,58.27391531625719,7.27548360824585,58.273392577104026
479142930544767301,0.0,0.0,0.0,0.0,0.0
479242928592717301,3.777777671813965,7.57172201033701,112.10214041424894,65.93348693847656,545.1639829335918
479242930531187502,0.0,0.0,0.0,0.0,0.0
479342930540753401,0.0,0.0,0.0,0.0,0.0
479542930517473801,0.0,0.0,0.0,0.0,0.0
479542930544388701,0.0,0.0,0.0,0.0,0.0
479642929056654202,3.292452812194824,7.665179052162302,169.42186423156443,90.1248550415039,812.5090062766959
479642930474220501,2.86956524848938,5.323618535822855,66.1336189028603,44.978721618652344,367.32967512176333
481142930475809902,0.0,0.0,0.0,0.0,0.0
481242929456826602,0.0,0.0,0.0,0.0,0.0
481242930451908901,0.0,0.0,0.0,0.0,0.0
481242930531757002,0.0,0.0,0.0,0.0,0.0
481342930459210702,0.0,0.0,0.0,0.0,0.0
481442929372930702,0.0,0.0,0.0,0.0,0.0
481442930520024901,0.0,0.0,0.0,0.0,0.0
481542930531340702,4.083333492279053,23.422247574792653,220.3649289099526,37.692264556884766,843.2009540756732
481642928135551001,0.0,0.0,0.0,0.0,0.0
481642928988313701,2.0,3.0034095177283655,6.006538461538462,1.0730279684066772,6.006819035456731
481842928748805202,0.0,0.0,0.0,0.0,0.0
481842930453811401,0.0,0.0,0.0,0.0,0.0
482542930460807101,0.3414634168148041,16.106069203969593,131.47702702702702,52.68977737426758,660.3488522722914
482642930450734601,0.0,0.0,0.0,0.0,0.0
482642930452915102,0.0,0.0,0.0,0.0,0.0
482642930549279601,0.0,0.0,0.0,0.0,0.0
482742930509292102,0.0,0.0,0.0,0.0,0.0
482742930542291101,0.0,0.0,0.0,0.0,0.0
482842928210538302,0.9440000057220459,3.863250255044208,106.3791090455679,86.17179107666016,482.9062964273564
483042929346456101,0.0,0.0,0.0,0.0,0.0
483142930461766602,0.0,0.0,0.0,0.0,0.0
483142930477796401,0.0,0.0,0.0,0.0,0.0
483342930462087002,0.0,0.0,0.0,0.0,0.0
483342930545459401,5.079999923706055,19.32010197539986,162.17246175243395,26.757680892944336,483.00254825623875
483442930464676302,0.0,0.0,0.0,0.0,0.0
483442930474998302,3.132075548171997,6.2137401296725585,164.6956244566792,70.62539672851562,658.6564403479772
483442930545936002,0.0,0.0,0.0,0.0,0.0
483542930480032801,3.139785051345825,7.8781139808096565,61.82688004339866,71.97895050048828,732.6645913137341
483642930475599001,0.0,0.0,0.0,0.0,0.0
483742930523610901,2.839080572128296,16.74874936304484,171.51740357478835,103.60909271240234,1457.1412371315153
483842930469690901,0.0,0.0,0.0,0.0,0.0
484042930520073202,0.0,0.0,0.0,0.0,0.0
484142928135303102,0.0,0.0,0.0,0.0,0.0
484142930463468802,0.0,0.0,0.0,0.0,0.0
484142930528446901,3.5,9.60027835097225,53.544865302815474,12.275446891784668,76.80222532424169
484342930479147702,0.0,0.0,0.0,0.0,0.0
484342930531945101,0.0,0.0,0.0,0.0,0.0
484342930533303902,0.0,0.0,0.0,0.0,0.0
484342930543059601,0.0,0.0,0.0,0.0,0.0
484542928130607802,0.0,0.0,0.0,0.0,0.0
484542929606003201,0.0,0.0,0.0,0.0,0.0
484542930539665602,0.0,0.0,0.0,0.0,0.0
484842930465435302,0.0,0.0,0.0,0.0,0.0
485142930531284002,6.060606002807617,20.21657770330256,667.1420454545455,46.732181549072266,667.1470437673005
485342930532723502,0.0,0.0,0.0,0.0,0.0
485442930518017002,0.0,0.0,0.0,0.0,0.0
485542930527680002,0.0,0.0,0.0,0.0,0.0
485742930509804102,0.0,0.0,0.0,0.0,0.0
485742930524663902,3.5306122303009033,20.79066363324176,397.0967032967033,70.98880767822266,1018.7424886682531
485942930543984301,3.125,1.716383385188731,8.440371991247265,1.9939982891082764,13.731066733011792
486042928726241301,0.0,0.0,0.0,0.0,0.0
486042930519717701,0.0,0.0,0.0,0.0,0.0
486042930528603402,0.0,0.0,0.0,0.0,0.0
486242930517171402,3.9259259700775146,4.875643476248245,66.96884178265866,72.11366271972656,394.92713515381905
486442930534310301,0.0,0.0,0.0,0.0,0.0
486542930464426302,3.7142856121063232,16.383075420673077,101.30082417582418,13.464766502380371,114.68152472737071
486542930515998601,0.0,0.0,0.0,0.0,0.0
486942930462033301,0.0,0.0,0.0,0.0,0.0
486942930472886702,0.0,0.0,0.0,0.0,0.0
486942930508703401,3.7419354915618896,4.961535765269705,96.66880799428979,59.39752960205078,461.42282270263064
487042930539321401,0.0,0.0,0.0,0.0,0.0
487042930550701502,4.099999904632568,4.32665332183126,33.30171073094868,7.572644233703613,43.26653215834487
487142930459698301,0.0,0.0,0.0,0.0,0.0
487142930510011501,0.0,0.0,0.0,0.0,0.0
487242930477163901,3.7604167461395264,8.687910420920735,303.7936699461667,122.0927734375,834.039372418129
487342930526627602,0.0,0.0,0.0,0.0,0.0
487542930524247701,2.265486717224121,3.7516546766189065,47.38589610181702,59.38038635253906,423.93699196617246
487642929606077601,0.3303571343421936,7.160586235971825,375.9417382999045,227.2184600830078,1603.9713137604103
488242930530102402,0.0,0.0,0.0,0.0,0.0
488442930479218601,4.222222328186035,33.64237985961123,163.8322534197264,15.644643783569336,302.78141416655416
488542930464707902,0.0,0.0,0.0,0.0,0.0
488642930527052801,0.0,0.0,0.0,0.0,0.0
488642930543643901,0.7200000286102295,7.583956866197183,392.1434058898848,146.20460510253906,1516.7914005830864
488742930458242901,0.0,0.0,0.0,0.0,0.0
488842930530153101,0.0,0.0,0.0,0.0,0.0
488942930477242701,0.0,0.0,0.0,0.0,0.0
489042930480486501,0.0,0.0,0.0,0.0,0.0
489142930460620301,0.0,0.0,0.0,0.0,0.0
489242930532832001,1.0,1.4946958374678556,2.9892665474060824,0.2711604833602905,2.9893916749357112
489342930137664202,0.0,0.0,0.0,0.0,0.0
489442930526872502,3.8965516090393066,3.1604003223720993,79.42186189544312,25.045469284057617,183.30322001998172
489542930456386201,0.0,0.0,0.0,0.0,0.0
489542930475798102,4.3684210777282715,4.643071935060339,35.17759237187128,12.003335952758789,88.2183662751008
489642928042122902,0.0,0.0,0.0,0.0,0.0
489942930465090901,0.0,2.568586404194522,2.765149881388829,0.6802344918251038,5.137172808389044
489942930509169701,0.0,0.0,0.0,0.0,0.0
491142930509202201,0.0,0.0,0.0,0.0,0.0
491642930546620901,0.0,9.874810286959777,0.0,65.18596649169922,671.4871277211312
491642930546647202,0.0,0.0,0.0,0.0,0.0
491842930510073702,0.0,0.0,0.0,0.0,0.0
492442930546128301,0.0,0.0,0.0,0.0,0.0
492842930316851101,0.0,0.0,0.0,0.0,0.0
492942928623687402,4.42307710647583,14.519434988839286,106.46142857142857,24.432960510253906,377.5052978515625
492942929501728001,3.2909090518951416,6.436475702375514,103.26724531749657,45.162113189697266,354.0061710260948
492942930452864802,1.851063847541809,5.620929399561501,528.366785079929,74.83961486816406,528.3673714016089
493042930456094501,0.0,0.0,0.0,0.0,0.0
493042930526748301,0.0,0.0,0.0,0.0,0.0
493142930475772302,0.0,0.0,0.0,0.0,0.0
493142930480139801,0.0,0.0,0.0,0.0,0.0
493142930515680001,0.0,0.0,0.0,0.0,0.0
493142930524205602,0.0,0.0,0.0,0.0,0.0
493242928890484801,0.0,0.0,0.0,0.0,0.0
493242929649304202,0.0,0.0,0.0,0.0,0.0
493242930453365101,0.0,0.0,0.0,0.0,0.0
493442930510933301,0.0,0.0,0.0,0.0,0.0
493842930454422501,0.0,0.0,0.0,0.0,0.0
493842930458372701,4.0,0.7302092299911378,1.4602510460251046,0.1284894496202469,1.4604184316070288
494042930525265502,2.6636364459991455,4.7005128679391435,41.235163263684754,0.0,517.0564164794864
494042930533700802,0.0,0.0,0.0,0.0,0.0
494542930520051801,0.0,0.0,0.0,0.0,0.0
494542930526270702,3.5402297973632812,7.326891748332791,82.2501626545218,99.03167724609375,637.4395637109284
494842929189434001,2.238095283508301,7.041778893849206,92.70031746031746,41.531063079833984,295.754704851423
494842930458101002,0.0,0.858546229703708,1.7169840532590184,0.28487882018089294,1.717092459407416
494942930527841402,0.0,0.0,0.0,0.0,0.0
495042930461272602,8.029411315917969,22.177170881723715,237.92176039119803,82.6725082397461,754.0237944018652
495242930523127401,0.0,0.0,0.0,0.0,0.0
495242930543124302,3.451612949371338,10.093466312387926,77.43574417214585,31.294252395629883,312.89744036139234
495342930475809001,2.6091954708099365,12.504080250776934,235.40331491712706,98.9117431640625,1087.8549980564012
495442930462856202,3.644444465637207,9.75161014370516,128.41305090536386,91.7330551147461,877.6449256560727
495542930526511702,0.0,0.0,0.0,0.0,0.0
495742930516585401,1.5333333015441895,16.034647223121762,127.53419689119171,120.20777893066406,1202.5985185267393
495842930477300401,0.24390244483947754,7.697166072512136,207.4,82.44739532470703,631.1676085481366
495842930532802501,0.0,0.0,0.0,0.0,0.0
495942930458591402,0.0,0.0,0.0,0.0,0.0
495942930536112302,0.0,0.0,0.0,0.0,0.0
496042930477707602,0.0,0.0,0.0,0.0,0.0
496142929194472102,0.0,0.0,0.0,0.0,0.0
496142930477137102,3.263157844543457,4.261637992298946,38.5393839156502,10.37004280090332,80.97112273696732
496142930536425402,0.0,0.0,0.0,0.0,0.0
496542930515960801,0.0,0.0,0.0,0.0,0.0
496542930526051401,0.0,0.0,0.0,0.0,0.0
496642930459468201,0.0,0.0,0.0,0.0,0.0
496642930543573801,0.0,0.0,0.0,0.0,0.0
496842930471698401,3.4000000953674316,30.398364871231156,138.28442211055275,15.85357666015625,151.9918204302764
497142929704040602,4.147058963775635,9.057558358433734,186.10341365461846,35.59105682373047,307.9569768790739
497142930458518502,0.0,0.0,0.0,0.0,0.0
497142930465289301,0.0,0.0,0.0,0.0,0.0
497142930521572401,2.9787232875823975,12.524631189652922,153.5213987473904,46.950340270996094,588.6576658619222
497242930524416802,0.0,0.0,0.0,0.0,0.0
497342930545824601,0.0,0.0,0.0,0.0,0.0
497442928304094101,0.0,0.0,0.0,0.0,0.0
497442930480371302,0.0,0.0,0.0,0.0,0.0
497542930526277002,0.0,0.0,0.0,0.0,0.0
497642928726688401,3.78947377204895,7.869863186591276,148.56098546042003,60.22383499145508,448.58219905026704
497642929013014901,0.0,0.0,0.0,0.0,0.0
497942930474576401,0.0,0.0,0.0,0.0,0.0
498142930526916802,4.566666603088379,12.829134090488527,189.4485566247224,71.25333404541016,769.7480023523157
498442930448451801,0.0,0.0,0.0,0.0,0.0
498742930476930701,0.0,0.0,0.0,0.0,0.0
498742930535870002,3.305555582046509,7.292700982862903,174.67845993756504,92.8897933959961,787.6116908090296
498942930455821102,2.5182480812072754,7.721600093064263,326.96355799373043,108.57463836669922,1057.8592421567553
498942930509485002,0.0,0.0,0.0,0.0,0.0
499042930470319801,0.0,0.0,0.0,0.0,0.0
499142930456531901,0.0,0.0,0.0,0.0,0.0
499242930548738301,0.0,0.0,0.0,0.0,0.0
499342928759319702,2.927834987640381,3.5691822442951113,80.91554328406691,46.170814514160156,346.21068946165525
499342929816166302,0.0,0.0,0.0,0.0,0.0
499442929684697002,0.0,0.0,0.0,0.0,0.0
499742930529461601,0.0,0.0,0.0,0.0,0.0
499942928726148601,3.5208332538604736,6.743959398361917,95.20404573438874,34.8118782043457,323.71006122008686
499942930478076302,2.6198346614837646,6.005170771533542,191.50061232820792,115.37157440185547,726.625685225313
501242930542373002,0.0,0.0,0.0,0.0,0.0
501342930530242201,0.0,0.0,0.0,0.0,0.0
501442928865230702,0.0,0.0,0.0,0.0,0.0
501442929743318701,1.6666666269302368,2.3412249389395705,7.023809523809524,0.7872859835624695,7.023674880002103
501942928159244701,0.0,0.0,0.0,0.0,0.0
502142930454972402,0.9130434989929199,5.805373679353361,134.36863543788186,54.34462356567383,400.570802910022
502242930519922101,0.0,0.0,0.0,0.0,0.0
502342930462673302,0.0,0.0,0.0,0.0,0.0
502342930526203701,0.0,0.0,0.0,0.0,0.0
502442930518077802,0.0,11.034584900155602,0.0,77.3460922241211,960.0089188282915
502442930530766202,0.0,0.0,0.0,0.0,0.0
502742930470765201,0.0,0.0,0.0,0.0,0.0
503042929331684901,0.0,0.0,0.0,0.0,0.0
503142930507893702,3.577777862548828,6.290848944274294,79.4343853820598,35.95756912231445,283.0882002697435
503342929284336901,0.0,0.0,0.0,0.0,0.0
503342930510069202,0.0,0.0,0.0,0.0,0.0
503442930457501602,0.0,0.0,0.0,0.0,0.0
503442930542795201,0.0,0.0,0.0,0.0,0.0
503542930544768701,0.0,0.0,0.0,0.0,0.0
503542930548255301,0.0,0.0,0.0,0.0,0.0
503642930289255802,0.0,0.0,0.0,0.0,0.0
503642930453436801,0.0,0.0,0.0,0.0,0.0
503642930474418101,0.0,0.0,0.0,0.0,0.0
503742930525386401,0.0,0.0,0.0,0.0,0.0
503942930478925301,4.666666507720947,16.444727103531857,185.0775623268698,115.11294555664062,1036.017802024482
503942930528397202,1.026737928390503,9.978673272523997,819.9624781849913,152.73580932617188,1866.0118423424933
503942930549548401,2.663461446762085,9.314278865206068,183.2379981884058,90.31742858886719,968.6850202135417
504042930542576202,7.0,11.837376688294492,21.26101694915254,1.2712087631225586,23.67475399728549
504142930451421902,3.8064515590667725,7.491715697158082,58.85301953818828,21.438453674316406,232.24317934839172
504342930526925301,3.2795698642730713,8.160048649640991,81.22767624020888,90.37657165527344,758.8845141099576
504642930530044501,0.0,0.0,0.0,0.0,0.0
504642930538397802,3.763157844543457,7.7027923717248905,179.90673736743605,63.11660385131836,585.4122204367102
504842930464703201,1.704081654548645,5.5198121876584345,33.72050409212718,66.7181167602539,540.9415834888729
504942930451255101,0.0,0.0,0.0,0.0,0.0
504942930544768102,0.0,0.0,0.0,0.0,0.0
505142928247005002,0.0,0.0,0.0,0.0,0.0
505242930517313502,0.0,0.0,0.0,0.0,0.0
505242930543535301,2.7207207679748535,4.4444469521397005,69.70412848981351,56.229644775390625,493.3336188456667
505342930478257402,0.0,0.0,0.0,0.0,0.0
505342930532382802,6.142857074737549,56.51379754920515,386.0757002271007,55.34583282470703,395.59659319407643
505542930457376602,0.0,0.0,0.0,0.0,0.0
505642930531559201,4.769230842590332,15.977870396205358,94.91596638655462,20.65140151977539,207.71231100964948
505742930454327802,0.0,0.0,0.0,0.0,0.0
505842930526220202,0.0,0.0,0.0,0.0,0.0
505942930528910001,0.0,0.0,0.0,0.0,0.0
506042929166340601,2.1764705181121826,5.721815446339017,43.839919759277834,84.89847564697266,486.3543210620507
506142930545523801,0.0,0.0,0.0,0.0,0.0
506242930535157402,0.0,0.0,0.0,0.0,0.0
506442930460633701,2.366666555404663,3.051134394292142,41.33765826096055,69.3930892944336,366.13613886582226
506442930463838902,2.4782607555389404,4.361158035975584,174.71537271625067,51.67567825317383,300.919910985434
506442930519662001,0.0,0.0,0.0,0.0,0.0
506442930539820501,0.0,0.0,0.0,0.0,0.0
506542929012850302,0.0,0.0,0.0,0.0,0.0
506642930510412501,0.0,0.0,0.0,0.0,0.0
506642930542825801,0.009523809887468815,7.4517635409976455,1.0792121601370157,63.321311950683594,782.4351745573618
506742930463954401,2.9549548625946045,9.168529610082578,150.53689397975492,92.14361572265625,1017.7067462228116
506842930476150901,0.0,0.0,0.0,0.0,0.0
506842930543581002,16.0,21.26228086561783,21.26228086561783,1.5906329154968262,21.26228086561783
506942930473639902,3.426229476928711,38.63526473162194,314.6137689614936,155.6647186279297,2356.751215343854
507242930478677602,0.0,0.0,0.0,0.0,0.0
507342930452489501,0.0,0.0,0.0,0.0,0.0
507442928025464301,4.375,10.296112762721238,145.5557522123894,104.9432601928711,741.3201367977446
507442930534261702,0.0,0.0,0.0,0.0,0.0
507442930538366402,0.0,0.0,0.0,0.0,0.0
507542930459442602,0.0,0.0,0.0,0.0,0.0
507542930465039802,0.0,0.0,0.0,0.0,0.0
507642930462577801,0.0,0.0,0.0,0.0,0.0
507642930475155102,0.0,0.0,0.0,0.0,0.0
507642930539035801,2.696969747543335,2.8888871968268677,18.26602543618585,14.546036720275879,95.33327404994237
507742930453695202,0.0,0.0,0.0,0.0,0.0
507742930476257801,0.0,0.0,0.0,0.0,0.0
507742930522315701,0.0,0.0,0.0,0.0,0.0
507842930477223801,0.0,0.0,0.0,0.0,0.0
507842930515435302,0.0,0.0,0.0,0.0,0.0
507842930520627202,0.31578946113586426,11.460177719783884,370.162219850587,210.61544799804688,1741.9470818498219
507942930524452702,0.0,0.0,0.0,0.0,0.0
508042930460964002,2.6776859760284424,7.392488257285276,200.6180981595092,91.67655181884766,894.4910567845303
508542930520963101,0.0,0.0,0.0,0.0,0.0
508642930461811801,0.0,0.0,0.0,0.0,0.0
508642930477069102,0.0,0.0,0.0,0.0,0.0
508942930526551501,0.0,0.0,0.0,0.0,0.0
509042930526340202,2.735849142074585,8.317200637612107,95.98385650224215,42.31184387207031,440.8116390020858
509042930533248102,0.0,0.0,0.0,0.0,0.0
509342930474233502,4.5471696853637695,21.2520325583134,422.4174641148325,104.10628509521484,1126.357737856048
509342930516309802,0.0,0.0,0.0,0.0,0.0
509542930448255401,0.0,0.0,0.0,0.0,0.0
509542930541584802,2.6666667461395264,6.854333742046659,69.71261930010604,42.99458694458008,390.69701306438145
509542930544989402,0.0,2.9018549474630557,0.0,42.06037521362305,258.2650946994213
509642928052225901,0.0,0.0,0.0,0.0,0.0
509642930450791502,0.0,0.0,0.0,0.0,0.0
509642930520079401,0.0,0.0,0.0,0.0,0.0
509842930528199402,0.0,0.0,0.0,0.0,0.0
509942930458318801,2.799999952316284,9.528437049154988,36.4517724649629,5.831757068634033,47.6421847425997
509942930516833901,4.019230842590332,11.328352599932249,136.5873015873016,70.70564270019531,589.0743471810949
511242929721432102,0.0,0.0,0.0,0.0,0.0
511242930527800702,0.0,0.0,0.0,0.0,0.0
511342929613283702,0.0,0.0,0.0,0.0,0.0
511342930541133801,0.0,0.0,0.0,0.0,0.0
511742930476524002,0.0,0.0,0.0,0.0,0.0
511942930549594601,0.0,0.0,0.0,0.0,0.0
512042930474491802,0.0,0.0,0.0,0.0,0.0
512142930450743102,0.0,0.0,0.0,0.0,0.0
512142930510216902,0.0,0.0,0.0,0.0,0.0
512242930456751602,0.0,0.0,0.0,0.0,0.0
512242930517231702,0.0,0.0,0.0,0.0,0.0
512242930532860401,0.0,0.0,0.0,0.0,0.0
512342930524586101,0.0,0.0,0.0,0.0,0.0
512442930533583302,3.528571367263794,9.529205228365385,107.19076923076923,52.556793212890625,667.0443674241579
512542930034890302,0.0,0.0,0.0,0.0,0.0
512542930447428101,0.6625000238418579,5.807365732374817,18.045464068719884,86.75981140136719,464.5892532900297
512542930475376202,0.008097166195511818,4.623511034191368,2.5891835673426935,167.2315673828125,1142.007280716472
512642930457716302,6.111111164093018,14.412557148612668,58.63565022421525,13.472424507141113,129.71301385853857
512742930537291401,0.0,0.0,0.0,0.0,0.0
512942930466301102,0.0,0.0,0.0,0.0,0.0
513042930464313501,0.0,0.0,0.0,0.0,0.0
513142930464625601,0.0,0.0,0.0,0.0,0.0
513242930478886801,3.5352113246917725,6.720798038114768,149.2587637925984,80.53849792480469,477.1766519272416
513242930526360602,3.799999952316284,7.77359761886184,65.28547648772368,58.068485260009766,466.4158412569818
513342930456017302,0.0,0.0,0.0,0.0,0.0
513542930532871401,0.0,0.0,0.0,0.0,0.0
513742929664075601,0.0,0.0,0.0,0.0,0.0
513842930529817001,0.0,0.0,0.0,0.0,0.0
513842930547240801,2.6380951404571533,7.759844870645492,272.4965163934426,96.85012817382812,814.7836725782175
514042930450771701,0.0,0.0,0.0,0.0,0.0
514042930480452202,0.0,0.0,0.0,0.0,0.0
514142930543922802,0.0,0.0,0.0,0.0,0.0
514242930474094101,0.0,0.0,0.0,0.0,0.0
514242930529829401,0.0,0.0,0.0,0.0,0.0
514342928021819501,4.743589878082275,13.738748301630435,188.50434782608696,52.01816177368164,535.8111877173617
514342930516646901,0.0,0.0,0.0,0.0,0.0
514342930544960202,0.0,0.0,0.0,0.0,0.0
514342930547228702,0.0,0.0,0.0,0.0,0.0
514442930477650702,0.0,0.0,0.0,0.0,0.0
514642930517490501,0.0,0.0,0.0,0.0,0.0
514942930450840302,0.0,0.0,0.0,0.0,0.0
515042930519916902,0.0,0.0,0.0,0.0,0.0
515042930548602902,0.0,0.0,0.0,0.0,0.0
515142930476508902,2.0764706134796143,5.320832290832666,904.5418734987991,144.99908447265625,904.5414681578942
515242930464587302,0.0,0.0,0.0,0.0,0.0
515442930527986401,5.5,4.0406460753091045,13.477831897090047,5.800267696380615,40.40645987901862
515542930461758002,0.0,0.0,0.0,0.0,0.0
515542930522168902,0.0,24.01049553621878,0.0,4.789219379425049,24.01049553621878
515642930516671402,0.0,0.0,0.0,0.0,0.0
515642930545201102,0.0,0.0,0.0,0.0,0.0
515742929303612002,1.1208791732788086,5.083933366680708,46.86731255265375,48.138877868652344,462.63791849317926
515742930508268002,3.5411765575408936,7.207117566616118,61.79793110918544,74.29187774658203,612.6049908383054
515742930516762801,0.0,0.0,0.0,0.0,0.0
515742930519307902,0.0,0.0,0.0,0.0,0.0
515842930509301901,0.0,0.0,0.0,0.0,0.0
515942930475211801,0.0,0.0,0.0,0.0,0.0
516142930459157302,0.0,0.0,0.0,0.0,0.0
516242929991282201,5.25,21.802613313533058,87.2107438016529,4.94246768951416,87.21045501961196
516242930526581001,0.0,0.0,0.0,0.0,0.0
516342930518380501,0.0,0.0,0.0,0.0,0.0
516542930462044701,13.0,4.118699083503055,11.198574338085539,1.8851858377456665,16.474796085396513
516542930545901402,0.0,0.0,0.0,0.0,0.0
516642930538134302,0.0,0.0,0.0,0.0,0.0
516942930536217702,0.0,0.0,0.0,0.0,0.0
517042930456397402,0.0,0.0,0.0,0.0,0.0
517542930447311702,0.0,0.0,0.0,0.0,0.0
517542930543913501,0.0,0.0,0.0,0.0,0.0
517642930456732001,0.0,0.0,0.0,0.0,0.0
517742929083253102,0.0416666679084301,5.998063696172249,2.503987240829346,25.67469024658203,143.95352787096914
517742930459785702,0.0,0.0,0.0,0.0,0.0
517842930545188702,0.0,0.5007933194154488,0.0,0.0762939453125,0.5007933194154488
517942930509245701,0.0,0.0,0.0,0.0,0.0
518142930464255502,0.0,0.0,0.0,0.0,0.0
518242929696964301,0.0,0.0,0.0,0.0,0.0
518242930460910601,0.021978022530674934,12.384944910465926,13.40681502086231,81.58098602294922,1127.0299737529729
518242930480673301,0.3229813575744629,5.001853902072193,67.60665478312536,111.70100402832031,805.2985056890169
518242930524234402,0.0,0.0,0.0,0.0,0.0
518242930534219002,0.0,0.0,0.0,0.0,0.0
518542930531123101,0.0,0.0,0.0,0.0,0.0
518642930518090401,0.0,0.0,0.0,0.0,0.0
518842930459553101,0.0,0.0,0.0,0.0,0.0
518842930547093602,0.0,0.0,0.0,0.0,0.0
518942930456292602,3.7142856121063232,8.808649236505682,57.79090909090909,4.594644069671631,61.660543684525926
519142930450171602,0.0,0.0,0.0,0.0,0.0
519142930454298802,0.0,0.0,0.0,0.0,0.0
519242930535055702,0.0,0.0,0.0,0.0,0.0
519542930470388902,0.0,0.0,0.0,0.0,0.0
519542930528475701,0.0,0.0,0.0,0.0,0.0
519742930461844302,0.0,0.0,0.0,0.0,0.0
519842930451311602,0.0,9.448803837435234,0.0,37.08335876464844,311.81052722832084
519842930473770402,0.0,0.0,0.0,0.0,0.0
519842930527443702,0.0,0.0,0.0,0.0,0.0
521242930456422201,3.625,5.916375771969492,49.321544276457885,23.645299911499023,236.65503744166304
521342929543705902,0.0,0.0,0.0,0.0,0.0
521442930446384001,6.066666603088379,1.8671332780704941,21.11046511627907,3.340344190597534,28.007000062632006
521442930516243902,0.0,0.0,0.0,0.0,0.0
521442930550695802,0.0,0.0,0.0,0.0,0.0
521642929820882502,0.0,0.0,0.0,0.0,0.0
521642930466537502,4.014285564422607,13.349429550991264,259.21639784946234,88.9331283569336,934.4600957798701
521642930529911802,0.1547619104385376,22.614063536140584,6.760389036251105,114.25922393798828,1899.5813252493726
521742929248984702,0.0,0.0,0.0,0.0,0.0
521742930289474802,3.487804889678955,12.96870561920091,228.6014012497633,41.6527099609375,531.7169287590744
521742930476572201,0.0,0.0,0.0,0.0,0.0
521842930464664801,0.0,0.0,0.0,0.0,0.0
521942930518970902,0.0,0.0,0.0,0.0,0.0
522042930476800702,0.0,0.0,0.0,0.0,0.0
522142930469906601,0.0,0.0,0.0,0.0,0.0
522142930516375802,0.0,0.0,0.0,0.0,0.0
522242930459711202,7.0,25.550242594484168,25.55022131426626,2.182464122772217,25.550242594484168
522342930544686501,3.9268293380737305,8.085276010874155,68.22804054054055,42.31953048706055,331.4963218242199
522642930515876402,26.0,8.227033535788923,30.854440961337513,4.676305770874023,65.81626566505233
522742930531960302,0.0,0.0,0.0,0.0,0.0
523042930525975001,0.0,0.0,0.0,0.0,0.0
523042930539813501,8.5,0.5746901676423039,1.1495167708925527,0.1450941562652588,1.1493803352846077
523242930476453102,0.0,0.0,0.0,0.0,0.0
523242930533811701,0.0,0.0,0.0,0.0,0.0
523242930549913201,0.0,0.0,0.0,0.0,0.0
523342930527468302,0.0,0.0,0.0,0.0,0.0
523442930464798501,0.0,0.0,0.0,0.0,0.0
523442930543257102,0.0,0.0,0.0,0.0,0.0
523542930517232102,0.0,0.0,0.0,0.0,0.0
523542930542853201,0.0,0.0,0.0,0.0,0.0
523742930476968902,3.8214285373687744,10.58530558921539,184.1996364737958,53.96065902709961,592.7770945801225
523742930530552602,3.2985074520111084,5.677573497332469,159.03948942959713,50.15593338012695,380.3974371515616
523942930477531001,3.25,6.022894166331109,39.88080994017487,8.343426704406738,48.18315223521809
523942930545877502,0.0,0.0,0.0,0.0,0.0
524042930530774101,3.2083332538604736,13.954055847153612,128.71489061397318,48.564491271972656,334.89734603533657
524242930532164301,0.0,0.0,0.0,0.0,0.0
524342930456612601,3.6666667461395264,6.167383641600971,20.140812613705275,7.76422643661499,55.506450945944984
524442927921789101,2.9115045070648193,4.7005606857913085,171.11316850016337,67.22394561767578,531.1633757646405
524442930457683001,0.0,0.0,0.0,0.0,0.0
524542929644301002,0.0,0.0,0.0,0.0,0.0
524542930448041102,0.0,0.0,0.0,0.0,0.0
524542930453022401,0.0,0.0,0.0,0.0,0.0
524542930510187201,4.333333492279053,41.03710064269747,123.1117734724292,12.385127067565918,123.11129756194113
524542930517113001,0.0,0.0,0.0,0.0,0.0
524642929946600601,0.0,0.0,0.0,0.0,0.0
524642930507929602,0.0,0.0,0.0,0.0,0.0
524742930524493501,0.0,0.0,0.0,0.0,0.0
524742930524888502,0.0,0.0,0.0,0.0,0.0
524842930468636502,0.0,0.0,0.0,0.0,0.0
524842930525479102,0.0,0.0,0.0,0.0,0.0
524842930532705901,0.0,0.0,0.0,0.0,0.0
524942930528164202,0.0,0.0,0.0,0.0,0.0
525242930456243101,3.8888888359069824,5.650604385307346,22.43608195902049,5.263711452484131,50.85544075191408
525242930476598501,0.0,0.0,0.0,0.0,0.0
525542929991226701,0.0,0.0,0.0,0.0,0.0
525542930519128501,0.0,0.0,0.0,0.0,0.0
525642930457580101,2.120370388031006,7.865795832625009,91.77007795614057,71.65962219238281,849.5059560674824
525642930515445502,0.0,0.0,0.0,0.0,0.0
525742930462141902,0.0,0.0,0.0,0.0,0.0
525842930515830002,0.0,0.0,0.0,0.0,0.0
525942929013002102,0.0,0.0,0.0,0.0,0.0
525942930534269801,0.0,0.0,0.0,0.0,0.0
526142930525745102,2.1666667461395264,19.67645975724723,106.5349988215885,8.997800827026367,118.05875865856264
526242930448845701,2.3333332538604736,7.471812383890658,109.796974522293,9.848058700561523,112.07718350274801
526342930527313402,0.0,0.0,0.0,0.0,0.0
526442930528398402,3.5392158031463623,9.525269325657895,162.61157894736843,132.98483276367188,971.5774249046727
526442930545311801,0.0,0.0,0.0,0.0,0.0
526742927905068101,0.0,0.0,0.0,0.0,0.0
526942930453045801,0.0,0.0,0.0,0.0,0.0
526942930507933602,6.0,0.14384119909720358,0.2875536480686695,0.0,0.28768239819440716
527342930456726202,0.0,0.0,0.0,0.0,0.0
527342930533695601,0.0,0.0,0.0,0.0,0.0
527442930528109502,0.0,0.0,0.0,0.0,0.0
527542930452604902,0.0,0.0,0.0,0.0,0.0
527542930455826401,0.0,0.0,0.0,0.0,0.0
527542930530669502,4.0,48.930392795138886,100.47407407407407,7.787422180175781,146.79118200231483
527742930508942102,0.0,0.0,0.0,0.0,0.0
527742930539602001,0.0,0.0,0.0,0.0,0.0
527842930519336902,0.0,0.0,0.0,0.0,0.0
527942930509473501,0.0,0.0,0.0,0.0,0.0
527942930519957502,0.0,0.0,0.0,0.0,0.0
527942930527946202,0.0,0.0,0.0,0.0,0.0
528042930531882502,0.0,0.0,0.0,0.0,0.0
528642930532677102,3.7538461685180664,11.002394735996917,104.62410071942446,107.59512329101562,715.155652671593
528842930448825702,0.0,0.0,0.0,0.0,0.0
528842930474056201,0.3384615480899811,8.848863544365285,8.647668393782384,75.4427261352539,575.176102699764
528842930537470801,0.0,0.0,0.0,0.0,0.0
528942930517857701,0.0,0.0,0.0,0.0,0.0
529042930452799502,2.8399999141693115,5.848631928199517,48.84847570178086,20.294288635253906,146.21579218731162
529142930528514802,3.0,5.516707066591272,66.42735497605109,25.749473571777344,215.15158095874958
529242930549000602,0.0,0.0,0.0,0.0,0.0
529342930474315402,0.0,0.0,0.0,0.0,0.0
529342930527717402,0.5742574334144592,7.942144244394959,145.44369654334733,87.30693817138672,802.1565448149561
529442930477183002,0.0,0.0,0.0,0.0,0.0
529442930526829101,0.0,0.0,0.0,0.0,0.0
529542928990317602,4.599999904632568,6.498380742521367,22.83089133089133,4.035848140716553,32.49190405728034
529642930518469401,0.0,0.0,0.0,0.0,0.0
529742930460107701,3.5,8.684380961063734,17.368940754039496,2.0640745162963867,17.36876122014099
529742930532663702,0.0,0.0,0.0,0.0,0.0
529842928135420501,0.0,0.0,0.0,0.0,0.0
531142929684609602,2.4000000953674316,2.0256423632984757,10.054806601990677,2.002204656600952,10.128212077950776
531142930526117402,0.0,0.0,0.0,0.0,0.0
531342930519090202,0.058252427726984024,6.539976861066879,80.00979911807937,134.6473846435547,1347.2352081996912
531342930521353802,0.004032257944345474,3.022578842172221,2.0496906805028936,137.13739013671875,749.5995456569567
531342930534825402,0.0,0.0,0.0,0.0,0.0
531442930509846501,2.767441749572754,3.4295382881894465,90.87845381455605,67.66483306884766,442.4104303917732
531442930549950602,0.1875,3.934129506576238,82.6878826985914,64.36187744140625,440.62249826582996
531542930461010801,0.0,0.0,0.0,0.0,0.0
531542930542068501,0.0,0.0,0.0,0.0,0.0
531642930509346502,0.0,0.0,0.0,0.0,0.0
531742930478634302,0.0,0.0,0.0,0.0,0.0
531742930525753001,0.0,0.0,0.0,0.0,0.0
532042930548155202,0.0,0.0,0.0,0.0,0.0
532242930478188602,0.0,0.0,0.0,0.0,0.0
532242930542455601,0.0,0.0,0.0,0.0,0.0
532442930459984001,3.8333332538604736,11.76410607821342,154.071948261924,84.07173919677734,847.0156590208086
532442930472851202,1.0,5.844217151848937,11.688434303697875,1.32571542263031,11.68843411161241
532542929118531402,3.7333333492279053,7.499853913865128,38.90849413168888,9.757037162780762,112.49780627968346
532542930543483502,0.0,0.0,0.0,0.0,0.0
532642930524212001,0.0,0.0,0.0,0.0,0.0
532642930527773702,2.4845361709594727,11.13088215196793,178.5795918367347,87.55390167236328,1079.6955639118355
532742930508593502,0.0,0.0,0.0,0.0,0.0
533042928257856601,0.0,0.0,0.0,0.0,0.0
533042930464310102,0.0,0.0,0.0,0.0,0.0
533242930464522301,4.034482955932617,17.98921855370603,309.1256281407035,43.542503356933594,521.6873361273626
533342929269151302,0.0,0.0,0.0,0.0,0.0
533342930461618601,0.0,0.0,0.0,0.0,0.0
533442929501754601,0.0,0.0,0.0,0.0,0.0
533642930461272401,3.375,8.38560345076107,98.57287822878229,29.321998596191406,268.3392996682452
533742930528841102,0.0,0.0,0.0,0.0,0.0
533842930450656002,0.07692307978868484,9.152286268789556,81.13544303797468,194.46267700195312,1546.7364275990126
533842930532705502,2.0,4.926729176017355,14.287851585876721,3.680692434310913,24.63364485735525
534142930462567801,0.0,0.0,0.0,0.0,0.0
534142930464536002,0.0,0.0,0.0,0.0,0.0
534242930449890701,0.0,0.0,0.0,0.0,0.0
534342929528923002,0.0,0.0,0.0,0.0,0.0
534342930472965901,0.0,0.0,0.0,0.0,0.0
534442928293182001,0.0,0.0,0.0,0.0,0.0
534642930541733801,0.0,0.0,0.0,0.0,0.0
534742928716216301,0.0,0.0,0.0,0.0,0.0
534842928887104802,0.0,0.0,0.0,0.0,0.0
534842930454500201,0.0,0.0,0.0,0.0,0.0
534942930460349701,0.0,0.0,0.0,0.0,0.0
535042930544297801,0.0,0.0,0.0,0.0,0.0
535142930542720502,2.7727272510528564,17.066994398584907,305.51924528301885,109.14092254638672,1126.421664768435
535442930509897502,0.0,0.0,0.0,0.0,0.0
535642929346340802,3.625,9.131055403787142,82.8559239577876,48.716514587402344,438.29064790428635
535742930508737102,0.0,0.0,0.0,0.0,0.0
535742930547538701,0.0,8.497668754763719,0.0,50.2661247253418,603.3344974372445
535842930475256801,0.0,0.0,0.0,0.0,0.0
535942930480358302,0.0,0.0,0.0,0.0,0.0
536042930524260402,0.0,0.0,0.0,0.0,0.0
536242930479479502,0.0,0.0,0.0,0.0,0.0
536242930531045102,0.0,0.0,0.0,0.0,0.0
536442930518004201,0.0,0.0,0.0,0.0,0.0
536642928030238702,0.0,0.0,0.0,0.0,0.0
536742930477969701,0.0,0.0,0.0,0.0,0.0
536842928096602302,0.0,0.0,0.0,0.0,0.0
536842930517065202,2.4252872467041016,15.940098053599375,955.697965571205,117.92906188964844,1386.7885878677473
536942930521186501,0.0,0.0,0.0,0.0,0.0
536942930546660802,0.0,0.0,0.0,0.0,0.0
537042930459870402,3.642857074737549,5.51947945863383,77.92914055364848,80.35275268554688,463.6362905159029
537042930475994501,0.0,0.0,0.0,0.0,0.0
537042930515757301,0.0,0.0,0.0,0.0,0.0
537242930472882002,5.166666507720947,9.861764775302115,59.17220543806646,6.346286296844482,59.170589343298595
537442930462553302,0.0,0.0,0.0,0.0,0.0
537742930537487701,0.0,0.0,0.0,0.0,0.0
537842930472684901,0.0,112.34094827586208,0.0,13.303576469421387,112.34094827586208
537842930539585501,0.0,0.0,0.0,0.0,0.0
538242930527708102,0.0,0.0,0.0,0.0,0.0
538742930051294101,288.0,2.4925224327018944,2.4925224327018944,0.3794335722923279,2.4925224327018944
538742930544730402,0.0,0.0,0.0,0.0,0.0
538842930458550301,0.0,0.0,0.0,0.0,0.0
538942928601996601,0.0,0.0,0.0,0.0,0.0
539142930531965102,2.5238094329833984,4.602079754840725,407.02373516552154,80.28984069824219,579.8620448739434
539142930533963502,0.0,0.0,0.0,0.0,0.0
539242930080248202,0.0,0.0,0.0,0.0,0.0
539242930452638301,0.0,0.0,0.0,0.0,0.0
539342930460514101,0.0,0.0,0.0,0.0,0.0
539342930534180401,0.0,0.0,0.0,0.0,0.0
539442930457747202,0.0,0.0,0.0,0.0,0.0
539542930524258101,2.819672107696533,6.404747158055404,155.78640422817568,105.43623352050781,781.3791394071195
539542930529863002,0.0,0.0,0.0,0.0,0.0
539642930547018201,0.0,0.0,0.0,0.0,0.0
539742930456462402,0.0,0.0,0.0,0.0,0.0
539742930542241701,0.0,0.0,0.0,0.0,0.0
539842930509501001,2.2333333492279053,7.222604203975645,27.20401146131805,30.414451599121094,216.67812709863003
539842930544496001,2.9344263076782227,4.5407769481132885,92.12230561805472,48.57223129272461,553.9748013522295
539942928887267601,0.0,0.0,0.0,0.0,0.0
541342930547951202,0.0,0.0,0.0,0.0,0.0
541442930463825901,0.0,0.0,0.0,0.0,0.0
541542930479667301,0.0,0.0,0.0,0.0,0.0
541542930538712902,0.0,0.0,0.0,0.0,0.0
541642930526968002,0.0,0.0,0.0,0.0,0.0
541642930549264901,2.1818182468414307,4.286362405727998,41.91747693841935,8.711150169372559,94.29997074999318
541742930456042502,0.0,0.0,0.0,0.0,0.0
541742930475975601,0.0,0.0,0.0,0.0,0.0
541742930544290302,0.0,0.0,0.0,0.0,0.0
541842930473594102,0.0,0.0,0.0,0.0,0.0
541942930465491901,0.0,0.0,0.0,0.0,0.0
541942930516487601,0.0,0.0,0.0,0.0,0.0
542042930527285602,0.0,0.0,0.0,0.0,0.0
542042930541493402,0.0,0.0,0.0,0.0,0.0
542142930451723601,0.0,0.0,0.0,0.0,0.0
542142930461059702,0.0,0.0,0.0,0.0,0.0
542142930550147302,2.799999952316284,5.26634464410328,49.08736915561759,31.45111656188965,184.32206460083603
542242930460488801,312.0,0.5743311347336065,0.5744262295081968,0.08903996646404266,0.5743311347336065
542342930463533802,0.0,0.0,0.0,0.0,0.0
542442930459874901,5.0,7.959185112847222,7.958024691358025,1.0173585414886475,7.959185112847222
542642930475186901,0.0,0.0,0.0,0.0,0.0
542842930515348302,0.0,0.0,0.0,0.0,0.0
542942928269661402,0.550000011920929,17.045150972067557,127.16035634743875,92.65868377685547,1022.7090502457877
542942930467896902,0.0,0.0,0.0,0.0,0.0
543042930517155302,0.0,0.0,0.0,0.0,0.0
543142930510592802,1.2190476655960083,5.315901737381823,22.12747788960049,80.66476440429688,558.1696831248598
543142930519755302,3.309859037399292,12.242574247828784,121.89131513647642,98.95126342773438,869.2227516496152
543242930461378502,0.0,0.0,0.0,0.0,0.0
543242930463811702,0.0,0.0,0.0,0.0,0.0
543242930519274302,0.0,0.0,0.0,0.0,0.0
543242930531815101,0.0,0.0,0.0,0.0,0.0
543242930542042201,2.6363637447357178,9.341688907575314,91.79818660427026,44.973262786865234,308.27572540791977
543442930541462601,0.0,0.0,0.0,0.0,0.0
543542930467923101,3.0,36.137461487676056,36.13732394366197,6.550130367279053,36.137461487676056
543742928086481802,0.0,0.0,0.0,0.0,0.0
543742929568598802,3.976470470428467,6.225120710311334,66.53261289077577,95.9798355102539,529.1352538757307
543842930470748101,0.0,0.0,0.0,0.0,0.0
543942929861115802,0.3469387888908386,3.445049361848609,73.7127524360966,130.48355102539062,675.2296495255803
543942930454431102,0.0,0.0,0.0,0.0,0.0
544042930546906902,3.125,8.512219102479914,57.90482076637824,10.874385833740234,68.09775221627781
544142930477290902,1.6279069185256958,5.532401905392768,237.893391521197,28.855873107910156,237.8932898894807
544142930527736401,0.0,20.731316100360036,20.731323132313232,2.3101253509521484,20.731316100360036
544342930461160202,0.0,5.388833792638659,0.039395718785031765,67.7296142578125,474.21737669839536
544442930534290402,0.0,0.0,0.0,0.0,0.0
544842929091483101,3.7592592239379883,6.566404951955029,63.44749667700487,53.081329345703125,354.58586836389384
544842930472859602,0.0,0.0,0.0,0.0,0.0
545142927968949301,0.0,0.0,0.0,0.0,0.0
545142930525857501,0.0,0.0,0.0,0.0,0.0
545242930452170201,0.0,0.0,0.0,0.0,0.0
545442930516399001,0.0,0.0,0.0,0.0,0.0
545442930549864302,0.0,0.0,0.0,0.0,0.0
545542929704005801,2.2761905193328857,8.082860886735881,97.44500134252215,101.686767578125,848.7003665679273
545542930518725601,3.689655065536499,10.974624912987272,72.94351630867143,36.10126876831055,318.2641287494863
545742930518330102,0.0,0.0,0.0,0.0,0.0
545842930462759002,0.0,0.0,0.0,0.0,0.0
545842930521406102,3.051948070526123,6.930504671063794,156.38479809976246,74.53904724121094,533.6488697037763
545842930528948202,0.0,0.0,0.0,0.0,0.0
545942930531461501,0.0,0.0,0.0,0.0,0.0
546142930543021401,3.183486223220825,6.143228184147645,175.5339872979941,95.2800064086914,669.6118505315152
546442930463560202,2.8416666984558105,5.339286911675529,115.99734116988525,96.65729522705078,640.7144504144617
546642930527206702,0.0,0.0,0.0,0.0,0.0
546842930522448401,0.0,0.0,0.0,0.0,0.0
547042930474978302,0.0,0.0,0.0,0.0,0.0
547042930517487202,0.0,0.0,0.0,0.0,0.0
547042930531498801,3.620689630508423,7.4129586940623025,64.21315623023403,28.46531867980957,214.97581044968587
547642930532282601,0.0,0.0,0.0,0.0,0.0
547742930526035202,0.0,0.0,0.0,0.0,0.0
547742930538261001,0.0,0.0,0.0,0.0,0.0
548142928074373402,0.0,0.0,0.0,0.0,0.0
548242930550008501,1.2337661981582642,7.237890994910038,649.3361742424242,143.6168212890625,1114.635193386877
548342930527872802,0.0,65.40913347791798,65.40904311251315,2.6694185733795166,65.40913347791798
548542928790834402,0.0,0.0,0.0,0.0,0.0
548642929800443002,0.0,0.0,0.0,0.0,0.0
548842930519045702,0.0,0.0,0.0,0.0,0.0
548842930524558501,0.5555555820465088,11.835175643801717,220.56739617972315,106.36247253417969,1065.165782724029
548842930531426702,0.029999999329447746,8.781651390255906,177.70009842519684,90.47339630126953,878.1651676688607
548942930459670202,0.0,0.0,0.0,0.0,0.0
548942930468881502,2.2142856121063232,17.552554539271764,192.48660714285714,26.076589584350586,245.7357622214726
549842930531368902,0.0,0.0,0.0,0.0,0.0
551142930012217002,0.0,0.0,0.0,0.0,0.0
551142930534783602,0.0,0.0,0.0,0.0,0.0
551142930546057701,0.0,0.0,0.0,0.0,0.0
551242930516939202,1.3170732259750366,5.05097435758831,25.863073561544063,63.12631607055664,414.1799061630038
551242930525237102,0.0,0.0,0.0,0.0,0.0
551342930475628502,0.0,0.0,0.0,0.0,0.0
551342930510981301,0.0,0.0,0.0,0.0,0.0
551442930461046401,0.0,0.0,0.0,0.0,0.0
551542930510651401,0.0,0.0,0.0,0.0,0.0
551642930462492502,0.0,0.0,0.0,0.0,0.0
551742930537219302,0.0,0.0,0.0,0.0,0.0
551842930474095401,0.0,0.0,0.0,0.0,0.0
551942930461508601,0.0,0.0,0.0,0.0,0.0
552042930517985101,0.005025125574320555,10.610004568028486,0.3545727136431784,165.2742462158203,2111.390838520057
552142930517714802,0.0,0.0,0.0,0.0,0.0
552242928021779802,0.0,0.0,0.0,0.0,0.0
552442930517302801,0.0,0.0,0.0,0.0,0.0
552542930469038101,5.736842155456543,6.401181457586825,49.21058434399118,15.701360702514648,121.62244541984145
552642930476017702,0.0,0.0,0.0,0.0,0.0
552742930511122301,0.0,0.0,0.0,0.0,0.0
552742930519002501,0.0,0.0,0.0,0.0,0.0
552842930520109302,0.0,0.0,0.0,0.0,0.0
552842930526058302,3.247706413269043,4.147334586929193,97.58820331611851,99.34506225585938,452.0594695740078
552842930534076701,0.0,0.0,0.0,0.0,0.0
553042930522335502,0.0,0.0,0.0,0.0,0.0
553142927979773102,0.0,0.0,0.0,0.0,0.0
553142930519641901,0.0,0.0,0.0,0.0,0.0
553142930525095601,0.0,0.0,0.0,0.0,0.0
553442930447528101,0.0,0.0,0.0,0.0,0.0
553442930457344001,0.0,0.0,0.0,0.0,0.0
553642930530697802,0.0,0.0,0.0,0.0,0.0
553742928726828901,3.83146071434021,16.740311611254064,234.102383531961,107.24915313720703,1489.8877271650156
553942930537403801,0.0,0.0,0.0,0.0,0.0
554042930531433001,3.683333396911621,9.06587237967177,70.3777410012412,63.12049865722656,543.9523690070732
554142930459817702,0.0,0.0,0.0,0.0,0.0
554242930542090802,0.0,0.0,0.0,0.0,0.0
554242930543050701,0.0,0.0,0.0,0.0,0.0
554342930457428302,0.0,0.0,0.0,0.0,0.0
554442929583904102,0.0,0.0,0.0,0.0,0.0
554442930480398002,0.0,0.0,0.0,0.0,0.0
554542928560706302,0.0,0.0,0.0,0.0,0.0
554542928683902002,0.0,0.0,0.0,0.0,0.0
554542930523931701,0.0,0.0,0.0,0.0,0.0
554642930527272401,3.2686567306518555,5.769047168684295,73.94647977062759,52.78992462158203,386.5261796293231
554842930541292702,0.0,0.0,0.0,0.0,0.0
554942928088031901,0.0,0.0,0.0,0.0,0.0
554942930477615202,0.0,0.0,0.0,0.0,0.0
554942930525147302,0.0,0.0,0.0,0.0,0.0
555042930460461801,0.0,0.0,0.0,0.0,0.0
555142929726669102,0.0,0.0,0.0,0.0,0.0
555142930521219102,2.6484375,8.267587709318871,238.37501655533558,72.63099670410156,1058.2511920198122
555542929774131802,0.5333333611488342,10.330986037444585,14.827739075364155,19.9666748046875,154.9647951228774
556042930456816801,0.0,3.1028972311084213,3.9969450688800507,126.5880355834961,744.6953197389427
556342930477631501,0.0,0.0,0.0,0.0,0.0
556442930454854102,1.5,12.664149866426442,25.32803180914513,4.001408576965332,25.328299732852884
556742930508706002,0.0,0.0,0.0,0.0,0.0
556742930527870101,0.0,0.0,0.0,0.0,0.0
556742930538894801,0.0,0.0,0.0,0.0,0.0
556742930544434101,2.2857143878936768,7.841866166901525,38.02387267904509,8.113128662109375,54.89306122554708
556842930548802901,0.0,0.0,0.0,0.0,0.0
557042930543946701,0.0,0.0,0.0,0.0,0.0
557142930527185802,0.0,0.0,0.0,0.0,0.0
557142930548186002,0.0,0.0,0.0,0.0,0.0
557242928726103501,3.2857143878936768,7.364346049577328,75.81929046563192,26.713594436645508,206.2016957022927
557242930515969802,0.0,0.0,0.0,0.0,0.0
557342930519016702,0.0,0.0,0.0,0.0,0.0
557442930461953502,1.786163568496704,7.04889637936828,638.4121863799284,106.55638122558594,1120.7745157595605
557842930459073502,0.0,0.0,0.0,0.0,0.0
557942930462279901,0.0,0.0,0.0,0.0,0.0
557942930533494001,0.0,0.0,0.0,0.0,0.0
558042930452454801,0.0,0.0,0.0,0.0,0.0
558142930464202002,0.0,93.06427829898493,0.0,8.388899803161621,93.06427829898493
558142930542231401,4.064102649688721,14.659517961657908,146.90396559961778,107.0958251953125,1143.4424127286209
558342930459575501,0.0,0.0,0.0,0.0,0.0
558442930469720701,0.0,0.0,0.0,0.0,0.0
558442930509513301,0.0,0.0,0.0,0.0,0.0
558542930457990002,0.0,0.0,0.0,0.0,0.0
558842930447952101,0.0,0.0,0.0,0.0,0.0
558842930527041001,0.0,0.0,0.0,0.0,0.0
559042929514327501,0.0,0.0,0.0,0.0,0.0
559042930459904901,0.0,0.0,0.0,0.0,0.0
559042930540567602,0.0,0.0,0.0,0.0,0.0
559142930449974901,4.93055534362793,5.0358869139070395,105.44094182107621,50.463069915771484,362.5838529733913
559342930474453902,0.0,0.0,0.0,0.0,0.0
559442928242647001,0.0,0.0,0.0,0.0,0.0
559442930531483002,4.777777671813965,11.6897109987136,74.17892644135189,21.40627098083496,105.20740264296573
559542930523324601,0.0,0.0,0.0,0.0,0.0
559642930035056801,0.0,0.0,0.0,0.0,0.0
559642930456132201,0.0,0.0,0.0,0.0,0.0
559742930525871201,0.0,0.0,0.0,0.0,0.0
559842930517085602,0.0,5.591525048324742,0.0,7.550727367401123,55.915248803848435
561142930458888302,0.0,0.0,0.0,0.0,0.0
561242930460817802,4.0,9.98160205341113,132.8168761220826,96.33573913574219,678.7489166249493
561342930508219601,0.0,0.0,0.0,0.0,0.0
561542928897699201,0.0,0.0,0.0,0.0,0.0
561542930473946302,0.0,0.0,0.0,0.0,0.0
561742930458343901,0.0,0.0,0.0,0.0,0.0
561742930527745402,1.1739130020141602,8.033629486526268,98.32201086956522,84.15992736816406,554.3204196406448
561842930508624602,3.3333332538604736,18.863171111372182,82.28195488721805,6.723719120025635,113.17902116130169
562142930457999401,0.0,0.0,0.0,0.0,0.0
562242930516762201,0.0,8.497893229166667,8.498133333333334,1.1705646514892578,8.497893229166667
562542927901384601,0.0,0.0,0.0,0.0,0.0
562542930524733502,1.1191710233688354,6.9019580078125,1017.77675,105.02213287353516,1332.0778693106174
562642929859057801,0.0,0.0,0.0,0.0,0.0
562642930533395402,1.5384615659713745,9.649877827536612,27.422594142259413,8.087919235229492,125.44841460702808
562742928592805401,0.0,0.0,0.0,0.0,0.0
562842930535224101,1.5666667222976685,5.971422829581994,36.57556270096463,27.513809204101562,179.1426770667171
562942930400107802,0.0,0.0,0.0,0.0,0.0
562942930472538801,3.0973451137542725,6.442806918873259,152.6614260102055,92.5486068725586,728.0371753217565
562942930524087901,1.9405940771102905,6.042158784020764,107.27497194163861,76.08617401123047,610.2580553390897
563042930447412502,0.0,0.0,0.0,0.0,0.0
563242930523466202,3.692307710647583,6.780499243372991,86.89605510331872,28.054073333740234,264.43946016359814
563342930517166701,0.0,0.0,0.0,0.0,0.0
563442930478766302,0.0,0.0,0.0,0.0,0.0
563842930518338801,3.8888888359069824,17.38945890134011,196.80406654343807,41.39264678955078,313.01026266383593
563842930519687902,0.0,0.0,0.0,0.0,0.0
563942929879951101,0.0,0.0,0.0,0.0,0.0
563942930518265001,2.9166667461395264,1.8114272009428622,15.757626310772164,3.6267452239990234,21.73712581765436
564042930467698902,3.5,4.074674841475813,11.582191780821917,2.644432306289673,24.44804821275685
564042930474130202,0.0,0.0,0.0,0.0,0.0
564042930545302301,2.5116279125213623,10.542585487111973,129.810051736881,110.8211898803711,906.6623330831704
564142930473610102,0.0,5.978296372336094,30.867064838695082,79.53631591796875,567.938170994306
564142930541405401,0.0,90.61047548867515,107.3059261557555,30.441469192504883,181.22096067328576
564242930479823502,0.0,0.0,0.0,0.0,0.0
564242930548268301,4.0,107.74003366406804,107.73990077958895,14.621695518493652,107.74003366406804
564442930461651601,0.0,0.0,0.0,0.0,0.0
564542930474770502,3.642857074737549,7.566467838211309,179.5159478071765,82.29580688476562,635.5832869760279
564542930518717701,0.0,0.0,0.0,0.0,0.0
564642930546316601,0.0,0.0,0.0,0.0,0.0
564842930451772701,0.304964542388916,3.3723885799994373,5.790569435066397,65.19815063476562,475.5067983657799
564942930476944301,3.252631664276123,8.02861703127765,157.99469120509644,108.20624542236328,762.7186494070204
564942930510791302,0.0,23.568475225044207,23.568397363767883,3.3422772884368896,23.568475225044207
564942930545163102,0.0,0.0,0.0,0.0,0.0
565042929230337001,0.0,0.0,0.0,0.0,0.0
565142930531312102,3.2941176891326904,7.645928574057715,207.64946996466432,110.84774780273438,779.8846923459686
565242929417347501,0.0,0.0,0.0,0.0,0.0
565542930466898901,0.0,13.388837469668855,135.57750499571796,119.51722717285156,856.8856196924853
565742930510705701,3.3333332538604736,27.143597952927216,240.79113924050634,19.152912139892578,325.7231597176081
565742930510970501,5.333333492279053,7.874683072107919,129.12965838509317,55.688167572021484,330.7366877609158
565742930533556001,0.0,0.0,0.0,0.0,0.0
565842930455500602,0.0,0.0,0.0,0.0,0.0
565942930532283302,2.1666667461395264,3.885179335503218,14.552369806904622,3.499234676361084,23.31107672729849
566042930480045402,0.0,0.0,0.0,0.0,0.0
566242930517841701,0.0,0.0,0.0,0.0,0.0
566342930464201901,3.9200000762939453,3.723772920143649,66.47797580020266,12.25910758972168,93.09432021413507
566342930534237701,0.0,0.0,0.0,0.0,0.0
566842928663876202,0.0,0.0,0.0,0.0,0.0
566842930455650202,0.20000000298023224,4.989463749014584,76.80909210353435,103.56523132324219,473.99906560115693
566842930471587602,0.0,0.0,0.0,0.0,0.0
566842930521696602,0.0,0.0,0.0,0.0,0.0
566842930527942301,0.0,0.0,0.0,0.0,0.0
566842930546245201,0.0,0.0,0.0,0.0,0.0
566942930474848802,4.900000095367432,4.49591081481666,31.467915504184933,11.943979263305664,89.91821964426599
567042930474703002,0.0,0.0,0.0,0.0,0.0
567242930525117701,1.5,5.891337234536499,11.782945736434108,1.2638193368911743,11.782674469072997
567242930534208901,0.0,0.0,-64.66646329062436,0.0,0.0
567242930538634301,0.0,0.0,0.0,0.0,0.0
567342930478576802,1.4074074029922485,6.0623920501736634,55.57263666565992,75.89295196533203,491.05373755800366
567442929268241802,0.0,0.0,0.0,0.0,0.0
567442930519118001,2.777777671813965,3.6108477011494253,27.92567049808429,21.177412033081055,129.9905231095822
567542930477190301,0.0,0.0,0.0,0.0,0.0
567742930536589701,0.0,0.0,0.0,0.0,0.0
567842930533979901,0.0,0.0,0.0,0.0,0.0
567942930449203501,2.640000104904175,5.589162850456826,77.55159441060552,12.97724723815918,139.72907152384337
567942930477467801,1.0,1.1651683885683617,2.2572118609955725,0.3773861229419708,2.3303367689473826
568142930509898301,0.0,0.0,0.0,0.0,0.0
568242930474081501,0.0,0.0,0.0,0.0,0.0
568542928888035401,0.0,0.0,0.0,0.0,0.0
568642930448284102,0.0,0.0,0.0,0.0,0.0
568642930517970701,0.0,0.0,0.0,0.0,0.0
568642930549098001,2.3478260040283203,7.995236534614452,90.32880698351116,22.571277618408203,183.89044695612762
568742930508158102,0.0,0.0,0.0,0.0,0.0
568842930508896801,2.5714285373687744,1.3801296937471168,5.378594494848532,1.9503612518310547,9.660907474349466
568842930526668401,0.0,0.0,0.0,0.0,0.0
568842930535912902,0.0,0.0,0.0,0.0,0.0
568942930521809401,0.0,0.0,0.0,0.0,0.0
569042929989643102,0.0,0.0,0.0,0.0,0.0
569042930474384601,3.8499999046325684,9.188514873242044,112.74315321983715,13.623300552368164,183.77030354124983
569042930522915601,0.0,0.0,0.0,0.0,0.0
569042930532748602,0.0,0.0,0.0,0.0,0.0
569142930524772701,0.0,0.0,0.0,0.0,0.0
569242930448533202,0.0,0.0,0.0,0.0,0.0
569242930518886302,0.0,0.0,0.0,0.0,0.0
569242930520724301,0.0,0.0,0.0,0.0,0.0
569242930544909101,0.0,0.0,0.0,0.0,0.0
569342930546613702,0.0,0.0,0.0,0.0,0.0
569442930455416802,0.0,0.0,0.0,0.0,0.0
569442930534471901,0.0,0.0,0.0,0.0,0.0
569742930520040302,0.0,0.0,0.0,0.0,0.0
571142930478703301,0.0,0.0,0.0,0.0,0.0
571242930462540901,0.0,0.0,0.0,0.0,0.0
571442928168238301,3.6666667461395264,10.499369661850022,17.352385045122475,4.827177047729492,31.498108565884184
571442930518125902,0.0,0.0,0.0,0.0,0.0
571542928191310502,0.0,0.0,0.0,0.0,0.0
571642930517592301,0.0,0.0,0.0,0.0,0.0
571642930525404001,0.0,0.0,0.0,0.0,0.0
571642930529436001,2.4000000953674316,5.439476651696868,141.5616947732272,29.45729637145996,217.57906652817965
571842930449526801,0.0,0.0,0.0,0.0,0.0
571942930519538402,0.0,0.0,0.0,0.0,0.0
572042930477638502,3.6913580894470215,5.379974420499819,124.0200108656284,93.72724151611328,435.7779393802299
572242930476538501,0.0,0.0,0.0,0.0,0.0
572442930520255801,0.0,0.0,0.0,0.0,0.0
572542930519030002,0.0,0.0,0.0,0.0,0.0
572642930456622302,5.44444465637207,17.28273175392316,185.2900432900433,49.94273376464844,466.6337674954237
572642930468538502,3.6842105388641357,11.104767465475224,248.4778229082047,88.97311401367188,1054.9528604896354
572742930509858301,0.0,0.0,0.0,0.0,0.0
572742930525592201,0.0,0.0,0.0,0.0,0.0
573042929681101202,0.0,0.0,0.0,0.0,0.0
573042930464326101,2.753246784210205,3.0616224169675736,49.78136284008437,36.206031799316406,235.74493586479636
573242930529251302,0.0,0.0,0.0,0.0,0.0
573342929456888301,3.0,3.5326921894417977,38.35190555095278,17.367713928222656,102.44807053876497
573542930474819301,0.0,0.0,0.0,0.0,0.0
573642930517772902,0.0,0.0,0.0,0.0,0.0
573742930451856301,3.0,13.756635180749129,13.75659532105525,1.55433988571167,13.756635180749129
573842929155647901,0.0,0.0,0.0,0.0,0.0
573842930453679001,0.0,0.0,0.0,0.0,0.0
573842930464965301,0.0,0.0,0.0,0.0,0.0
573842930542908001,1.25,12.452048779285875,19.189907636855146,7.356424331665039,49.80819599712773
574042930462561401,0.0,102.78686052123552,102.78700128700129,14.096546173095703,102.78686052123552
574142930464398002,0.0,0.0,0.0,0.0,0.0
574142930517773901,0.0,0.0,0.0,0.0,0.0
574642930461515002,0.0,0.0,0.0,0.0,0.0
574642930461999801,0.0,0.0,0.0,0.0,0.0
574942930517405201,0.0,0.0,0.0,0.0,0.0
575342930459315802,0.0,0.0,0.0,0.0,0.0
575542930456924902,0.0,0.0,0.0,0.0,0.0
575742929649255602,5.1724138259887695,11.274497439278704,171.68891069676152,29.010360717773438,326.9604313581802
575742930543431602,0.0,0.0,0.0,0.0,0.0
575942929642387902,0.0,0.0,0.0,0.0,0.0
575942930519477602,0.0,0.0,0.0,0.0,0.0
575942930530011001,0.0,0.0,0.0,0.0,0.0
576142929047937501,0.0,0.0,0.0,0.0,0.0
576242930508191701,0.0,0.0,0.0,0.0,0.0
576342929644467501,3.3085105419158936,22.931220453708253,305.5442043222004,68.93831634521484,2155.5346659564784
577042930529391901,0.0,0.0,0.0,0.0,0.0
577342930460467902,4.431034564971924,6.359487753941486,120.38575574554866,65.90161895751953,368.8502915669856
577642930456314401,0.0,0.0,0.0,0.0,0.0
577642930542833502,0.0,0.0,0.0,0.0,0.0
577842930517373302,0.0,0.0,0.0,0.0,0.0
577842930525195102,0.0,0.0,0.0,0.0,0.0
578242930461628901,3.1089107990264893,4.181086433763428,93.35871088276507,76.94979095458984,422.2897355348248
578342930453531001,0.0,0.0,0.0,0.0,0.0
578442930477795202,0.0,0.0,0.0,0.0,0.0
578542930449771801,3.7826087474823,5.870320793182521,176.73513346387716,0.0,540.0695005124173
578542930477348802,0.0,0.0,0.0,0.0,0.0
578542930538582801,3.6500000953674316,8.215446520982312,111.51072638313887,94.05078887939453,657.2357065892103
578642928247046702,0.0,0.0,0.0,0.0,0.0
578642930450407501,0.0,0.0,0.0,0.0,0.0
578742930456531402,3.186046600341797,8.008837606359158,190.89072995969548,66.44535064697266,344.3800283176612
578842930544158201,0.0,0.0,0.0,0.0,0.0
578942930527274801,0.0,0.0,0.0,0.0,0.0
579142930524604301,0.0,0.0,0.0,0.0,0.0
579142930543145301,4.0,18.05728824013158,162.5155263157895,15.627680778503418,162.51558529502466
579342930462972902,0.0,0.0,0.0,0.0,0.0
579342930530210801,0.0,0.0,0.0,0.0,0.0
579542930533839801,4.014492988586426,30.262561779242176,281.6338550247117,144.1836700439453,2088.116745865522
579742930464612902,3.3333332538604736,27.419463641826923,59.57692307692308,8.092985153198242,82.25838951697716
579842929543736402,0.0,0.0,0.0,0.0,0.0
581142928021939101,0.0,0.0,0.0,0.0,0.0
581142929514065002,10.0,24.473813020068526,24.473813020068526,4.454446315765381,24.473813020068526
581142930456597102,0.0,0.0,0.0,0.0,0.0
581142930550197802,0.0,0.0,0.0,0.0,0.0
581342930458767201,0.0,0.0,0.0,0.0,0.0
581342930517552302,0.0,0.0,0.0,0.0,0.0
581342930542448702,4.558139324188232,20.94925139671148,347.7630813953488,56.979400634765625,900.8178329745004
581542930464865602,0.0,0.0,0.0,0.0,0.0
581542930519191201,0.0,0.0,0.0,0.0,0.0
581542930531076401,0.0,0.0,0.0,0.0,0.0
581842930541975902,0.0,0.0,0.0,0.0,0.0
581942930529283101,0.0,0.0,0.0,0.0,0.0
582142930517224801,0.0,0.0,0.0,0.0,0.0
582142930517408502,0.0,4.891784658179631,0.0,73.62751007080078,352.208492204946
582342930449478601,0.0,0.0,0.0,0.0,0.0
582442930543160701,0.0,0.0,0.0,0.0,0.0
582442930544226302,0.0,0.0,0.0,0.0,0.0
582742930465726302,0.0,0.0,0.0,0.0,0.0
582842930220790102,0.0,0.0,0.0,0.0,0.0
582842930527808601,0.0,0.0,0.0,0.0,0.0
582842930538678201,6.0,47.98919420498084,74.24329501915709,3.029762029647827,95.97838840996168
582942930480100701,2.482142925262451,4.867383768449832,103.9843988987458,48.69620895385742,272.57349112654504
582942930527405202,0.0,0.0,0.0,0.0,0.0
583142930542128701,3.0,1.6199182528201665,1.620035046728972,0.1401841789484024,1.6199182528201665
583242930458535402,0.0,0.0,0.0,0.0,0.0
583342930515495901,0.0,0.0,0.0,0.0,0.0
583442930447834902,0.0,0.0,0.0,0.0,0.0
583442930515472902,0.0,185.09981355932203,102.68094915254237,21.784807205200195,185.09981355932203
583542930452714702,0.0,0.0,0.0,0.0,0.0
583642930534574102,0.4000000059604645,8.911727262877662,36.49975235264983,74.55585479736328,802.0554105504543
583742930462041502,0.0,0.0,0.0,0.0,0.0
583742930524576502,0.0,0.0,0.0,0.0,0.0
583742930549754102,0.0,0.0,0.0,0.0,0.0
583842930523464402,0.0,221.70113950276243,92.27466456195738,23.9161434173584,221.70113950276243
584042930474517201,0.0,0.0,0.0,0.0,0.0
584042930515521701,0.0,0.0,0.0,0.0,0.0
584042930525849001,0.0,0.0,0.0,0.0,0.0
584142930509593402,0.0,0.0,0.0,0.0,0.0
584242930527056502,0.0,0.0,0.0,0.0,0.0
584342929439542302,0.0,0.0,0.0,0.0,0.0
584442930456661802,0.0,0.0,0.0,0.0,0.0
584542930460728101,2.8981480598449707,3.985666345215926,53.63917708610446,56.5147705078125,430.4519558878056
584642929069856702,0.0,0.0,0.0,0.0,0.0
584742930548988402,3.153846263885498,5.473237716359575,51.60625348967058,15.87608528137207,142.30418451374166
584842930532016401,4.029411792755127,4.6587555843761255,29.66501620453727,20.755443572998047,158.39768815444106
584842930549536902,0.0,0.0,0.0,0.0,0.0
584942929166082202,3.638554334640503,5.598127831668216,131.91375464684015,63.2291374206543,464.64461648012184
585042929816225002,2.809523820877075,7.70780824407391,62.378680800942284,38.592342376708984,323.7279429755868
585042930524706102,0.0,0.0,0.0,0.0,0.0
585142929494098001,3.5,10.941703708692529,26.715927750410508,2.4917304515838623,43.76681583698943
585142930455279902,0.0,0.0,0.0,0.0,0.0
585342930476207401,0.0,0.0,0.0,0.0,0.0
585342930525444502,0.0,0.0,0.0,0.0,0.0
585542930470647202,0.0,0.0,0.0,0.0,0.0
585642930015479602,6.5,72.96154820497974,145.9229878401853,14.176168441772461,145.92309188621888
585642930507653402,0.0,0.0,0.0,0.0,0.0
585742930455366802,0.0,0.0,0.0,0.0,0.0
585942930469500002,0.0,0.0,0.0,0.0,0.0
586142929321228501,0.0,0.0,0.0,0.0,0.0
586242930528427301,0.0,0.0,0.0,0.0,0.0
586342930521266002,1.5333333015441895,6.5894124587609975,129.47976539589442,114.32855987548828,790.729518143103
586342930546496302,0.0,0.0,0.0,0.0,0.0
586442930515845701,2.6666667461395264,9.29352256616257,42.67202268431002,4.6757402420043945,55.761135344093674
586442930542132202,3.25,5.371105302070131,34.96535699197296,7.5420942306518555,42.96884293227846
586542930542625602,0.0,0.0,0.0,0.0,0.0
586642930459044301,2.670212745666504,5.5725705721851595,83.29073033707866,58.4393424987793,523.8216274838322
586642930509511902,0.0,0.0,0.0,0.0,0.0
586642930547111102,0.0,0.0,0.0,0.0,0.0
586742930472476902,0.0,0.0,0.0,0.0,0.0
586742930473877602,0.0,0.0,0.0,0.0,0.0
586742930539668202,3.799999952316284,14.335344094471237,54.86186703410265,10.59487533569336,71.67672139219363
586842930526323702,0.0,0.0,0.0,0.0,0.0
587042930509703002,3.0,17.58412067436733,258.42638036809814,36.42208480834961,527.5236151701102
587142930461747102,0.0,0.0,0.0,0.0,0.0
587742928281527002,0.0,0.0,0.0,0.0,0.0
587742930460346402,0.0,0.0,0.0,0.0,0.0
587742930472337201,0.0,0.0,0.0,0.0,0.0
587942929417447601,0.0,0.0,0.0,0.0,0.0
587942930524650302,0.0,0.0,0.0,0.0,0.0
587942930529959002,0.0,0.0,0.0,0.0,0.0
588042929417233502,0.0,0.0,0.0,0.0,0.0
588042930534336502,3.6867470741271973,18.66390718908923,289.9639389736477,94.01044464111328,1549.1043471088576
588142929231894901,0.0,0.0,0.0,0.0,0.0
588142930449937102,0.0,0.0,0.0,0.0,0.0
588142930529250001,0.0,0.0,0.0,0.0,0.0
588142930534105601,0.0,0.0,0.0,0.0,0.0
588242930462767202,0.0,0.0,0.0,0.0,0.0
588242930510749901,0.0,0.0,0.0,0.0,0.0
588642930455895302,0.0,0.0,0.0,0.0,0.0
588642930473831901,2.9000000953674316,3.3888859333560317,25.68514801806322,41.102989196777344,169.4442971567041
588642930543710601,0.0,0.0,0.0,0.0,0.0
588642930546161702,0.0,0.0,0.0,0.0,0.0
588742930541310501,0.0,0.0,0.0,0.0,0.0
588842930526032001,0.0,0.0,0.0,0.0,0.0
588842930530071501,5.2272725105285645,11.26584067759647,113.75862068965517,39.18675231933594,247.84849754342892
588842930531093601,0.0,0.0,0.0,0.0,0.0
588942930454522301,2.0,16.634834035683014,184.10507880910683,111.10162353515625,1164.43840296757
588942930460786702,0.0,0.0,0.0,0.0,0.0
588942930509288502,0.0,0.0,0.0,0.0,0.0
589142930533897302,0.0,0.0,0.0,0.0,0.0
589242930509826302,0.0,0.0,0.0,0.0,0.0
589342930458575501,0.0,0.0,0.0,0.0,0.0
589342930543595001,0.0,0.0,0.0,0.0,0.0
589642930477663402,0.0,0.0,0.0,0.0,0.0
589642930522282001,0.0,0.0,0.0,0.0,0.0
589742930477775701,0.0,0.0,0.0,0.0,0.0
589842930532627701,0.0,0.0,0.0,0.0,0.0
589942930461929202,2.275861978530884,3.4565496490216354,61.15836780146357,48.81040954589844,400.9597728702243
591142930517656102,2.9636363983154297,3.814240545506672,98.36321934945788,37.89671325683594,209.78323266053485
591242930459409302,36.5,1.1007085140209365,2.201375543643168,0.3798256516456604,2.2014170754506854
591242930525928101,0.0,0.0,0.0,0.0,0.0
591442930460881901,0.0,0.0,0.0,0.0,0.0
591442930542682902,0.0,0.0,0.0,0.0,0.0
591542929861064502,0.28169015049934387,4.279952028093776,12.930922617760285,58.665077209472656,303.87659032895823
591642929696689202,0.0,0.0,0.0,0.0,0.0
591642930520245202,0.0,0.0,0.0,0.0,0.0
591742930528396801,0.0,0.0,0.0,0.0,0.0
591842930466935302,0.0,156.7478966346154,156.7474358974359,10.652549743652344,156.7478966346154
591942930475826602,0.0,0.0,0.0,0.0,0.0
592142930449312802,2.9242424964904785,7.821279393564357,113.63118811881188,45.03522872924805,516.2044402612711
592242930477337602,0.0,0.0,0.0,0.0,0.0
592342929488844701,0.0,0.0,0.0,0.0,0.0
592342930459708602,0.0,0.0,0.0,0.0,0.0
592442930463877002,0.0,0.0,0.0,0.0,0.0
592542929272083201,0.0,0.0,0.0,0.0,0.0
592542930458683501,1.881355881690979,6.105058480572227,62.35016556291391,98.27850341796875,720.3969021639293
592542930471919401,0.0,0.0,0.0,0.0,0.0
592542930473120501,0.0,0.0,0.0,0.0,0.0
592642930456067102,0.0,0.0,0.0,0.0,0.0
592842930526388301,0.0,0.0,0.0,0.0,0.0
593042930472567801,0.0,0.0,0.0,0.0,0.0
593042930525941702,0.0,0.0,0.0,0.0,0.0
593242930475730801,1.5964912176132202,5.076155564979123,1157.361633031779,165.96746826171875,1157.3634432393585
593342930477133702,0.0,0.0,0.0,0.0,0.0
593342930550723402,5.190476417541504,19.202178843292124,247.05128205128204,33.15746307373047,403.2457425323598
593442930515371502,0.0,0.0,0.0,0.0,0.0
593442930549666501,0.0,0.0,0.0,0.0,0.0
593542929061068602,0.0,0.0,0.0,0.0,0.0
593542930521351902,4.594594478607178,15.313143028846154,198.39076923076922,89.82339477539062,1133.1725388394868
593542930527158301,0.0,0.0,0.0,0.0,0.0
593742930508002202,5.0,42.09752910262206,84.19439421338156,14.486714363098145,84.19505737746171
593742930521614202,0.0,0.0,0.0,0.0,0.0
593942930528641901,2.6691176891326904,3.444664601170416,100.3764459422534,74.42790222167969,468.47439236705645
594142930457190501,0.0,0.0,0.0,0.0,0.0
594442930508177201,0.0,0.0,0.0,0.0,0.0
594542930541697702,4.55555534362793,9.944707961309524,78.39147286821705,14.126648902893066,89.5023741399991
594642930449328501,0.0,0.0,0.0,0.0,0.0
594642930515594001,0.0,0.0,0.0,0.0,0.0
594642930531581601,0.0,0.0,0.0,0.0,0.0
595342930546098901,0.0,0.0,0.0,0.0,0.0
595642930465653401,0.0,0.0,0.0,0.0,0.0
595642930532404801,0.0,0.0,0.0,0.0,0.0
595942930518746201,0.0,0.0,0.0,0.0,0.0
596042930526196402,17.0,37.23981373690338,42.062863795110594,3.063138723373413,74.47962747380676
596142930529081401,0.0,0.0,0.0,0.0,0.0
596142930531579402,3.0512821674346924,7.112884369439501,102.72348754448399,35.65390396118164,277.40248517888296
596142930546348202,0.0,0.0,0.0,0.0,0.0
596242930523059101,0.0,0.0,0.0,0.0,0.0
596342928865348301,0.0,0.0,0.0,0.0,0.0
596342930458865101,4.366666793823242,4.152803233395339,30.026917605864973,20.707942962646484,124.58409849284371
596342930519682902,0.0,0.0,0.0,0.0,0.0
596342930530862902,0.0,0.0,0.0,0.0,0.0
596442930460384102,0.0,0.0,0.0,0.0,0.0
596442930475623901,0.0,0.0,0.0,0.0,0.0
596542928666175601,3.066037654876709,11.267523032302092,232.76281468001213,86.94136047363281,1194.3574906124431
596542930459563002,0.0,0.0,0.0,0.0,0.0
596542930459823601,0.0,0.0,0.0,0.0,0.0
596542930478696401,2.344444513320923,5.224706424689441,84.42722117202268,59.83543014526367,470.2235808984157
596842930531387001,0.0,0.0,0.0,0.0,0.0
597042930457165401,0.0,0.0,0.0,0.0,0.0
597242930449725302,5.199999809265137,7.892645991450256,27.067300658376006,3.978982925415039,39.463229600059435
597542930525509602,0.0,0.0,0.0,0.0,0.0
597542930540997201,0.0,0.0,0.0,0.0,0.0
597842927910570102,0.0,0.0,0.0,0.0,0.0
598042930480248302,5.315789699554443,12.8487060546875,157.39833333333334,30.69936180114746,244.12541251977285
598342930464702101,0.0,0.0,0.0,0.0,0.0
598542930461791302,3.58208966255188,14.938234875549623,219.36934673366835,82.68854522705078,1000.861759516462
598542930475870101,0.0,0.0,0.0,0.0,0.0
598542930533871601,4.958333492279053,6.800659296950048,67.95581171950047,18.693647384643555,163.21582809946608
598642929013099802,0.0,0.0,0.0,0.0,0.0
598642930477505101,0.0,0.0,0.0,0.0,0.0
598742930519103702,9.0,12.714410237939639,12.714828897338403,0.9221509099006653,12.714410237939639
598742930532516401,0.0,0.0,0.0,0.0,0.0
598942930524473502,0.0,0.0,0.0,0.0,0.0
598942930528649802,0.0,0.0,0.0,0.0,0.0
599242930479376201,3.370370388031006,10.317774086378737,122.31627906976745,29.51300621032715,278.57990001032124
599242930523902202,0.0,0.0,0.0,0.0,0.0
599242930530515602,0.0,0.0,0.0,0.0,0.0
599442930455207201,0.0,0.0,0.0,0.0,0.0
599442930479292302,0.0,0.0,0.0,0.0,0.0
599542930517704302,0.0,0.0,0.0,0.0,0.0
599642930529222701,0.0,0.0,0.0,0.0,0.0
599742930537896002,3.8764045238494873,14.945968763926025,1330.1942959001783,87.49749755859375,1330.1912731168104
599742930543267201,0.0,0.0,0.0,0.0,0.0
599842930469507701,2.049999952316284,3.57518854647806,379.82520207852195,83.4161605834961,572.0301711300505
599942930477494401,0.0,0.0,0.0,0.0,0.0
599942930517386201,3.0933332443237305,5.812849800413131,103.4189370254578,57.87713623046875,435.9637225825321
601142930530304601,0.0,0.0,0.0,0.0,0.0
601142930532628902,0.0,0.0,0.0,0.0,0.0
601342930534500301,0.0,0.0,0.0,0.0,0.0
601542930548744701,2.6785714626312256,4.613016097272029,96.26280737704919,19.81252098083496,129.16444627965083
601742929704138702,0.0,0.0,0.0,0.0,0.0
601842930531541802,0.0,0.0,0.0,0.0,0.0
601942930477296302,0.0,0.0,0.0,0.0,0.0
601942930545625601,0.0,0.0,0.0,0.0,0.0
602042930459604702,0.0,0.0,0.0,0.0,0.0
602042930533617202,0.0,0.0,0.0,0.0,0.0
602142930459145702,0.0,0.0,0.0,0.0,0.0
602142930463647002,0.0,0.0,0.0,0.0,0.0
602442930461109002,0.0,0.0,0.0,0.0,0.0
602442930476369502,0.0,0.0,0.0,0.0,0.0
602442930543862902,0.0,0.0,0.0,0.0,0.0
602542930516182701,0.0,0.0,0.0,0.0,0.0
602642930517270801,0.0,0.0,0.0,0.0,0.0
602742928923797302,0.0,0.0,0.0,0.0,0.0
602842930465367401,0.0,0.0,0.0,0.0,0.0
602842930550309601,0.0,0.0,0.0,0.0,0.0
603042930517565201,0.0,0.0,0.0,0.0,0.0
603042930517800901,2.704545497894287,3.2235809606836296,58.480931943592886,21.70659637451172,141.83755957195908
603142930464879901,285.0,0.0007102731323045135,0.0007102731323045135,9.455403051106259e-05,0.0007102731323045135
603142930536135501,0.0,0.0,0.0,0.0,0.0
603242929528873402,0.0,0.0,0.0,0.0,0.0
603242930453273701,0.0,0.0,0.0,0.0,0.0
603442930540543902,0.0,0.0,0.0,0.0,0.0
603542930459425401,0.0,0.0,0.0,0.0,0.0
603542930461122101,0.0,0.0,0.0,0.0,0.0
603642930473938801,0.0,0.0,0.0,0.0,0.0
603742930532254401,0.0,0.0,0.0,0.0,0.0
603942928288395502,0.0,0.0,0.0,0.0,0.0
604042930533456501,0.0,0.0,0.0,0.0,0.0
604442930516714501,0.0,0.0,0.0,0.0,0.0
604442930524119801,0.0,0.0,0.0,0.0,0.0
604542930549186401,0.0,0.0,0.0,0.0,0.0
604742930527736902,0.0,0.0,0.0,0.0,0.0
604942930455731001,5.7272725105285645,21.399287471064813,285.5432098765432,31.442554473876953,470.7843144970176
604942930518583101,0.0,0.0,0.0,0.0,0.0
605042930463498402,0.0,0.0,0.0,0.0,0.0
605142928043599202,0.0,0.0,0.0,0.0,0.0
605242928247165901,2.5,3.6205288813664365,7.240384615384615,0.5939717292785645,7.241057616013747
605242929514279101,0.0,0.0,0.0,0.0,0.0
605442930523496602,0.0,0.0,0.0,0.0,0.0
605542930518208001,0.0,0.0,0.0,0.0,0.0
605642930462346002,0.0,0.0,0.0,0.0,0.0
605842927909613602,2.592592477798462,6.86454347976399,52.203988814111426,18.340234756469727,185.34267902535456
605842929488900701,0.0,0.0,0.0,0.0,0.0
606042930459235902,0.47999998927116394,4.052376806786069,81.99648667226762,76.949462890625,506.54710426945337
606042930524723102,1.5555555820465088,5.162384691127695,19.503316749585405,39.244781494140625,232.30730262047814
606042930533821802,0.0,0.0,0.0,0.0,0.0
606142930530396101,0.0,0.0,0.0,0.0,0.0
606242930529461702,0.0,0.0,0.0,0.0,0.0
606342930473257802,0.0,0.0,0.0,0.0,0.0
606342930520935601,0.0,0.0,0.0,0.0,0.0
606342930525324901,2.885714292526245,2.4246698530473716,29.909763142692086,17.87978744506836,84.86344595500873
606442930266044402,17.538461685180664,24.09290020282452,313.20552884615387,24.208459854125977,313.20771474104663
606442930509031902,0.0,0.0,0.0,0.0,0.0
606542930474426001,0.0,0.0,0.0,0.0,0.0
606542930508410601,0.0,0.0,0.0,0.0,0.0
606742930451742602,3.1235954761505127,4.6761235806162835,94.15953637391632,58.00932693481445,416.17499824195727
607042929816234301,0.0,0.0,0.0,0.0,0.0
607042930523355301,3.9577465057373047,12.646623983649034,157.90314510364547,82.14443969726562,897.9103196234768
607342928096763401,0.0,0.0,0.0,0.0,0.0
607342930517964902,1.7834395170211792,12.443895477609535,1470.5805412371135,210.9474639892578,1953.691522943912
607542930518974101,3.3608248233795166,6.50710908574554,121.79830023561091,85.26751708984375,631.189557848776
607642930454021201,0.0,0.0,0.0,0.0,0.0
607642930463621501,0.0,0.0,0.0,0.0,0.0
607642930468169701,0.0,0.0,0.0,0.0,0.0
607642930537271102,0.0,0.0,0.0,0.0,0.0
607742930533867501,0.0,0.0,0.0,0.0,0.0
608142929309521301,0.0,0.0,0.0,0.0,0.0
608242929166128302,2.5416667461395264,4.496213239800751,61.36407501922284,9.16358470916748,107.90911479517925
608342930460180901,2.3111112117767334,6.5440895398816235,97.04453213077791,95.04194641113281,588.9680782554518
608342930466842201,0.0,0.0,0.0,0.0,0.0
608442930450561601,7.625,2.7408272839435326,53.10317915758063,12.160457611083984,65.77985425073682
608442930544190202,0.0,0.0,0.0,0.0,0.0
608642930550485002,3.5053763389587402,5.865547526645042,47.69694161260426,81.44253540039062,545.495905101023
608742930527235302,0.0,0.0,0.0,0.0,0.0
608842930448699501,0.0,0.0,0.0,0.0,0.0
608942930519744202,0.0,0.0,0.0,0.0,0.0
609142930478083502,0.0,0.0,0.0,0.0,0.0
609142930545018002,0.0,0.0,0.0,0.0,0.0
609242930475241401,0.0,0.0,0.0,0.0,0.0
609342930519980402,0.0,0.0,0.0,0.0,0.0
609442929613635201,0.0,0.0,0.0,0.0,0.0
609542928176021402,0.0,0.0,0.0,0.0,0.0
609742930471752701,0.0,0.0,0.0,0.0,0.0
609942930510039901,0.0,0.0,0.0,0.0,0.0
609942930528550401,0.0,0.0,0.0,0.0,0.0
611142930519056902,0.0,0.0,0.0,0.0,0.0
611242930456564601,0.0,0.0,0.0,0.0,0.0
611242930544170802,0.0,0.0,0.0,0.0,0.0
611442929236057902,0.0,0.0,0.0,0.0,0.0
611442930536252502,0.0,0.0,0.0,0.0,0.0
611542928135643301,0.0,0.0,0.0,0.0,0.0
611542930463206002,0.0,0.0,0.0,0.0,0.0
611542930465552501,0.0,0.0,0.0,0.0,0.0
611842930525086802,0.0,0.0,0.0,0.0,0.0
611842930528062002,3.8208954334259033,8.655246929942937,101.86921653300432,81.7911148071289,579.9015361322877
611942930458139602,2.2571427822113037,10.652132241575162,349.2112836046952,108.4984130859375,1491.2985640886561
611942930516991901,20.85714340209961,35.810654648789416,250.66666666666666,19.15806007385254,250.67458996472058
611942930525522002,0.0,0.0,0.0,0.0,0.0
612142929514163102,0.0,0.0,0.0,0.0,0.0
612342928108786601,2.1789474487304688,6.835605775901943,186.5850138760407,79.17111206054688,649.3825366077547
612342930457889302,1.3773584365844727,6.173560426946272,59.58201754385965,29.637420654296875,327.1986940924536
612342930543404502,0.0,0.0,0.0,0.0,0.0
612442930473165602,0.0,0.0,0.0,0.0,0.0
612542928601833902,0.0,0.0,0.0,0.0,0.0
612742930457760601,0.0,0.0,0.0,0.0,0.0
612742930473475701,0.0,0.0,0.0,0.0,0.0
612742930509766401,0.0,0.0,0.0,0.0,0.0
612942930464604802,0.0,0.0,0.0,0.0,0.0
613142930522255301,0.0,0.0,0.0,0.0,0.0
613142930527786601,0.0,0.0,0.0,0.0,0.0
613142930541713601,0.0,0.0,0.0,0.0,0.0
613242930469281302,0.0,0.0,0.0,0.0,0.0
613342930527812301,0.0,0.0,0.0,0.0,0.0
613642930458178401,0.0,0.0,0.0,0.0,0.0
613742930531180301,0.0,3.2260399371442126,0.0,60.06828308105469,338.7341953473028
613842930474030501,0.0,0.0,0.0,0.0,0.0
613842930529166701,0.0,0.0,0.0,0.0,0.0
613842930530935001,0.0,0.0,0.0,0.0,0.0
614042930510485702,0.0,0.0,0.0,0.0,0.0
614142930449855601,0.0,0.0,0.0,0.0,0.0
614142930545162802,0.0,27.31719335069038,51.17107418675403,14.689130783081055,109.26877340276152
614242930526869301,0.0,0.0,0.0,0.0,0.0
614342930316630702,3.903225898742676,12.690819373497597,101.99615384615385,52.638206481933594,393.4154143150036
614442930529223002,0.0,0.0,0.0,0.0,0.0
614642930460835202,1.0627615451812744,6.103908013544018,200.00764730271342,154.88919067382812,1458.8340881612314
614942930520133301,3.2580645084381104,4.491593289050681,40.28774583963691,18.195585250854492,139.23939181975626
615042930535854102,0.0,0.0,0.0,0.0,0.0
615242930529026902,0.0,0.0,0.0,0.0,0.0
615242930534894001,0.0,0.0,0.0,0.0,0.0
615542930453514002,0.0,0.0,0.0,0.0,0.0
615542930472245601,2.8701298236846924,4.56554010285804,71.87085427135679,56.0816535949707,351.5465714023341
615542930472598101,0.0,0.0,0.0,0.0,0.0
615542930524160001,0.0,0.0,0.0,0.0,0.0
615642928791241702,0.0,0.0,0.0,0.0,0.0
615642930453924201,1.0,10.137417150525854,10.137306456324861,1.323484182357788,10.137417150525854
615642930548013602,2.8518519401550293,10.74049277516593,134.3230088495575,43.084320068359375,579.9866244991268
615742930472569902,0.0,0.0,0.0,0.0,0.0
615742930517542101,0.0,0.0,0.0,0.0,0.0
615842930452120801,3.0,3.7972196971545706,7.378886231636488,1.2645879983901978,11.391659409215514
615842930464614501,0.0,0.0,0.0,0.0,0.0
615842930540550801,0.0,0.0,0.0,0.0,0.0
616142930535327501,0.0,0.0,0.0,0.0,0.0
616342928009789001,0.0,0.0,0.0,0.0,0.0
616342930540564901,0.0,0.0,0.0,0.0,0.0
616542930525105801,0.0,0.0,0.0,0.0,0.0
616842929189316902,3.2857143878936768,11.367827569054308,204.23970037453182,50.84428405761719,477.44876389735646
616842930524612002,2.8181817531585693,8.039571795886076,236.1679324894515,103.1823501586914,972.7881967942926
616942930507685202,0.0,0.0,0.0,0.0,0.0
617242930472545102,0.0,0.0,0.0,0.0,0.0
617542930461420101,0.0,0.0,0.0,0.0,0.0
617742930535217001,3.0,11.249413213842335,11.249534450651769,1.8497008085250854,11.249413213842335
617942930460510202,1.0,0.0261328121026357,0.026041666666666668,0.003265825565904379,0.0261328121026357
618042930451043001,0.0,0.0,0.0,0.0,0.0
618042930525354301,0.0,0.0,0.0,0.0,0.0
618342930517732602,2.6240601539611816,9.88803038135232,308.68212824010914,81.47478485107422,1315.1080597491089
618442930479187302,0.0,0.0,0.0,0.0,0.0
618642930476813602,0.0,0.0,0.0,0.0,0.0
618842930525478901,0.008510638028383255,4.90533909540806,5.098622924260835,199.03211975097656,1152.7546646122798
619042930458308802,0.0,0.0,0.0,0.0,0.0
619442930456902601,3.615384578704834,6.537893984183047,57.45700245700246,37.413719177246094,254.9778591221615
619642930461679002,0.0,0.0,0.0,0.0,0.0
619642930467832502,0.0,0.0,0.0,0.0,0.0
619842930518854401,0.0,0.0,0.0,0.0,0.0
621242930519112201,0.0,0.0,0.0,0.0,0.0
621342930458041402,0.0,0.0,0.0,0.0,0.0
621342930460442702,0.0,0.0,0.0,0.0,0.0
621442930509631801,0.0,0.0,0.0,0.0,0.0
621442930533515701,0.0,0.0,0.0,0.0,0.0
621442930542426801,0.2769230902194977,17.380195536445537,33.46928746928747,96.63092041015625,1129.7127592819427
621842928305365001,0.0,0.0,0.0,0.0,0.0
621942930527380301,0.671875,9.23675128243814,64.11406155703078,53.09286880493164,591.1520763436354
622142930525597202,0.0,0.0,0.0,0.0,0.0
622342930454373401,0.0,0.0,0.0,0.0,0.0
622342930530575101,0.0,0.0,0.0,0.0,0.0
622542930524635402,0.0,0.0,0.0,0.0,0.0
623042930453137202,0.0,0.0,0.0,0.0,0.0
623042930474490501,2.594339609146118,6.639770680147059,64.39741176470588,99.02674865722656,703.8157142737894
623042930476919301,2.581818103790283,6.805203319888829,152.04284164859,39.71331787109375,374.2861784233706
623142930537296402,3.9078948497772217,12.974322632655202,197.38422818791946,62.12386703491211,986.0485436940353
623342930473502501,2.5098040103912354,9.690559395581777,224.86169045005488,124.35442352294922,988.4370260803943
623742930507962602,0.0,0.0,0.0,0.0,0.0
623742930536195201,0.0,11.268270450786952,0.8467153284671532,72.65084075927734,608.4865932046932
623942928258542701,0.0,4.264243493623933,4.2645461598138095,0.4683610200881958,4.264243493623933
623942930530823901,0.0,0.0,0.0,0.0,0.0
624142929684805401,0.0,0.0,0.0,0.0,0.0
624142930451687501,0.0,0.0,0.0,0.0,0.0
624242930455754701,0.0,0.0,0.0,0.0,0.0
624242930475530502,2.295301914215088,3.7558620900304085,83.10920938314509,60.207828521728516,559.6234418918732
624342930529722402,0.0,0.0,0.0,0.0,0.0
624342930532757901,0.0,0.0,0.0,0.0,0.0
624442928726031502,0.0,0.0,0.0,0.0,0.0
624442930464003901,0.0,0.0,0.0,0.0,0.0
624542930530514701,3.784313678741455,4.067311978170117,40.21429813880675,35.90976333618164,207.4329156981445
624742930142486002,0.0,0.0,0.0,0.0,0.0
624742930530714801,2.7750000953674316,6.087010147270115,135.1912643678161,110.96118927001953,730.4411947281059
624942930479378202,2.2661290168762207,7.128539168375535,159.22111269614837,85.00995635986328,883.9388850262434
624942930509974501,0.0,0.0,0.0,0.0,0.0
625042930475269601,0.0,0.0,0.0,0.0,0.0
625142930460858601,0.0,0.0,0.0,0.0,0.0
625342929466954002,0.0,0.0,0.0,0.0,0.0
625442930530055402,0.20000000298023224,2.507067490401191,0.47351512302147,16.48447036743164,75.21202584072222
625542930533010301,0.0,0.0,0.0,0.0,0.0
625742930470569001,0.0,0.0,0.0,0.0,0.0
625842930518152502,0.0,0.0,0.0,0.0,0.0
626142930480164301,0.0,0.0,0.0,0.0,0.0
626142930540691101,1.8809523582458496,6.120802206888686,120.19270072992701,70.41699981689453,514.1473929433057
626142930545055902,0.0,0.0,0.0,0.0,0.0
626442930541959602,0.0,0.0,0.0,0.0,0.0
626642930534157502,0.0,0.0,0.0,0.0,0.0
626742930469978402,0.0,0.0,0.0,0.0,0.0
626742930547755901,0.0,0.0,0.0,0.0,0.0
626942930531391002,2.6041667461395264,4.810846552958015,122.94274809160305,31.39804458618164,230.9206303851295
626942930550762501,0.0,5.856791191639522,93.45363735070575,73.6506118774414,532.9680014963388
627142930477846402,3.878048896789551,8.267391271758498,103.68695175438596,49.427955627441406,338.9630400841696
627142930519283702,0.0,0.0,0.0,0.0,0.0
627242930521030802,0.0,0.0,0.0,0.0,0.0
627242930530633202,0.0,0.0,0.0,0.0,0.0
627742930535001801,0.0,0.0,0.0,0.0,0.0
627742930542430902,0.0,0.0,0.0,0.0,0.0
627842930454353502,1.1194030046463013,6.362363312600321,43.48282504012841,55.950050354003906,426.278326570318
627842930455116302,3.411764621734619,3.3988327205882354,19.453411764705884,10.170089721679688,57.78015518996295
627842930527026502,0.0,0.0,0.0,0.0,0.0
627942930468002802,0.0,0.0,0.0,0.0,0.0
628042930476683502,0.0,0.0,0.0,0.0,0.0
628242930463571801,0.26153847575187683,5.429090096853324,5.160886482828625,62.663169860839844,352.89085273310286
628242930528148101,14.0,0.5159225195153753,0.5158493633161745,0.07495998591184616,0.5159225195153753
628442930546282602,0.0,0.0,0.0,0.0,0.0
628542930529940802,0.0,0.0,0.0,0.0,0.0
628742930447174202,0.0,0.0,0.0,0.0,0.0
629142930462199101,0.1538461595773697,5.581312730238512,33.6013986013986,56.75989532470703,362.78531678549416
629342930476512301,0.0,0.0,0.0,0.0,0.0
629342930509172202,0.0,0.0,0.0,0.0,0.0
629442930454891802,0.0,0.0,0.0,0.0,0.0
629442930546221601,0.0,0.0,0.0,0.0,0.0
629542930524103602,0.0,0.0,0.0,0.0,0.0
629942930465575701,0.0,0.0,0.0,0.0,0.0
631342930544564001,2.0505051612854004,7.083094408885542,97.04626506024097,60.474300384521484,701.2263457580934
631442930453559201,3.4390244483947754,3.566790838253169,46.50130230942872,36.95802307128906,292.4768426063512
631442930465223901,0.0,0.0,0.0,0.0,0.0
631442930478758802,0.0,0.0,0.0,0.0,0.0
631442930534697501,0.2403433471918106,6.871558925254204,226.67911615174032,230.84593200683594,1601.0731569348156
631442930544035201,0.0,0.0,0.0,0.0,0.0
631542930137891201,0.0,0.0,0.0,0.0,0.0
631642930515728402,0.0,0.0,0.0,0.0,0.0
631742929269314901,0.0,0.0,0.0,0.0,0.0
631842930544615602,0.0,0.0,0.0,0.0,0.0
631842930546616102,0.0,0.0,0.0,0.0,0.0
632142929417331502,0.0,0.0,0.0,0.0,0.0
632142930475451901,2.7272727489471436,8.832156236668089,53.75085324232082,12.912520408630371,97.15371806304202
632142930529489601,3.2058823108673096,4.936920468952309,53.1631419939577,25.059823989868164,167.85529213132764
632242928242485402,0.0,0.0,0.0,0.0,0.0
632242928726267002,0.0,0.0,0.0,0.0,0.0
632242930528090201,1.336734652519226,7.888168158094047,66.91174920969442,86.13285064697266,773.040504565118
632542930460063802,0.0,0.0,0.0,0.0,0.0
632742928602899402,0.0,0.0,0.0,0.0,0.0
632742930471641102,0.0,0.0,0.0,0.0,0.0
632842930545035902,0.0,0.0,0.0,0.0,0.0
633042930524124402,0.0,0.0,0.0,0.0,0.0
633142930479439902,0.0,0.0,0.0,0.0,0.0
633142930480181601,0.0,0.0,0.0,0.0,0.0
633142930546696501,0.0,0.0,0.0,0.0,0.0
633742930519064501,0.0,0.0,0.0,0.0,0.0
634042930454923601,0.0,0.0,0.0,0.0,0.0
634142930378995901,0.0,0.0,0.0,0.0,0.0
634242930480300802,0.0,0.0,0.0,0.0,0.0
634342930517827402,0.0,0.0,0.0,0.0,0.0
634342930538918502,0.0,22.180159549445953,0.0,3.500196695327759,22.180159549445953
634442928570877701,0.0,0.0,0.0,0.0,0.0
634442928601879102,0.0,0.0,0.0,0.0,0.0
634442930509229101,0.0,0.0,0.0,0.0,0.0
634542930516387001,0.0,0.0,0.0,0.0,0.0
634542930518933602,3.182795763015747,6.820547994269341,122.31839541547278,66.82845306396484,634.3109509915677
634542930547167301,2.0,2.001327246142848,2.001256913021619,0.1635180115699768,2.001327246142848
635042930475778201,0.0,8.708725723997404,0.0,83.22052764892578,687.9893415157188
635242930466868001,0.0,0.0,0.0,0.0,0.0
635242930523886601,2.4193549156188965,2.5741841235587652,46.21423258120506,9.87302303314209,79.79970472408175
635342930529573401,0.0,10.378038194444445,10.377926421404682,1.2506135702133179,10.378038194444445
635442930450110302,0.0,0.0,0.0,0.0,0.0
635442930457627902,3.0,7.112197551978008,144.59858442871587,106.38771057128906,810.7905375882757
635542930533071202,2.1818182468414307,4.124345581879616,54.023730944523024,16.53992462158203,90.7356021682665
635842930448036901,0.0,0.0,0.0,0.0,0.0
635942930457087702,0.0,0.0,0.0,0.0,0.0
636142930528352101,0.0,0.0,0.0,0.0,0.0
636342930526638701,0.0,0.0,0.0,0.0,0.0
636442930460092501,0.0,0.0,0.0,0.0,0.0
636442930520175701,0.0,0.0,0.0,0.0,0.0
636542930536561801,0.0,0.0,0.0,0.0,0.0
636742928865301501,0.0,0.0,0.0,0.0,0.0
636742929020918202,0.0,0.0,0.0,0.0,0.0
636842930510820302,0.0,0.0,0.0,0.0,0.0
636842930525655902,3.8275861740112305,7.9503311755380475,38.97463489623367,34.437522888183594,230.55961013860406
636942930472736801,0.0,0.0,0.0,0.0,0.0
637142930511097902,0.0,0.0,0.0,0.0,0.0
637542930466070001,0.0,0.0,0.0,0.0,0.0
637642930474869901,0.0,0.0,0.0,0.0,0.0
637642930550717001,0.0,0.0,0.0,0.0,0.0
637742930532452802,0.0,0.0,0.0,0.0,0.0
637842928603015501,0.0,0.0,0.0,0.0,0.0
637842930510482502,0.0,0.0,0.0,0.0,0.0
637942930548982002,3.0,1.4926245601711219,1.4927095990279466,0.2523164451122284,1.4926245601711219
638042930450992201,4.0,0.04263969009781619,0.04238921001926782,0.003081310074776411,0.04263969009781619
638042930509034601,273.0,44.94115583581282,44.941033270219094,8.215088844299316,44.94115583581282
638042930529760102,0.0,0.0,0.0,0.0,0.0
638042930538055401,0.0,0.0,0.0,0.0,0.0
638142930447921202,0.0,0.0,0.0,0.0,0.0
638142930450063801,3.17391300201416,13.297489131323594,106.29709986916703,16.89781379699707,305.8422449363978
638142930455866601,0.0,0.0,0.0,0.0,0.0
638142930540569102,3.0,7.5627342861711195,7.5628197839681635,1.3600900173187256,7.5627342861711195
638242930455311801,0.0,0.0,0.0,0.0,0.0
638242930533781801,1.3641618490219116,8.80001370168886,1117.985384865216,208.83639526367188,1522.4023685111517
638542930476079201,0.0,0.0,0.0,0.0,0.0
638642930519829201,0.0,0.0,0.0,0.0,0.0
638742930527718701,0.0,0.0,0.0,0.0,0.0
638842930452336902,0.0,0.0,0.0,0.0,0.0
639042930529309401,3.5999999046325684,4.337116026409324,48.991982145809224,22.80133056640625,130.11348221372583
639142930518547302,0.0,0.0,0.0,0.0,0.0
639142930529139001,0.0,0.0,0.0,0.0,0.0
639342930454898101,0.0,0.0,0.0,0.0,0.0
639342930461614402,0.0,0.0,0.0,0.0,0.0
639342930465207602,0.0,0.0,0.0,0.0,0.0
639442928988290801,0.0,0.0,0.0,0.0,0.0
639442930538235001,0.0,0.0,0.0,0.0,0.0
639542930532563901,0.0,0.0,0.0,0.0,0.0
639642930530084702,0.0,0.0,0.0,0.0,0.0
641142930477278001,0.0,0.0,0.0,0.0,0.0
641242930464771301,0.0,0.0,0.0,0.0,0.0
641242930528742302,0.0,0.0,0.0,0.0,0.0
641242930548136302,6.800000190734863,4.445453026829145,8.099513579246048,2.80029034614563,22.227265134145725
641342930545059402,0.0,0.0,0.0,0.0,0.0
641442929528823102,0.0,0.0,0.0,0.0,0.0
641442930464779301,0.0,0.0,0.0,0.0,0.0
641442930524145502,0.0,0.0,0.0,0.0,0.0
641742930516236501,0.0,0.0,0.0,0.0,0.0
641842928570742801,5.809523582458496,25.328792354783598,328.1640091116173,103.7745132446289,1063.8093122512714
641942930474911501,0.0,0.0,0.0,0.0,0.0
641942930534201702,0.0,0.0,0.0,0.0,0.0
642042930525103802,0.0,0.0,0.0,0.0,0.0
642142930542004602,56.0,1.3805630124619896,4.141789748045178,0.4999339282512665,4.141688994963618
642242930456211802,0.0,0.0,0.0,0.0,0.0
642342930453637401,0.0,0.0,0.0,0.0,0.0
642342930457120101,0.0,0.0,0.0,0.0,0.0
642542930456223802,0.0,0.0,0.0,0.0,0.0
642642930474766001,0.0,129.12566702241196,129.12557808609037,7.023147106170654,129.12566702241196
642742930526624501,0.0,0.0,0.0,0.0,0.0
643142930459533201,0.0,0.0,0.0,0.0,0.0
643142930519928302,3.622950792312622,6.093457923503636,75.02312138728324,56.1545524597168,371.70092949270645
643242929821047101,0.0,0.0,0.0,0.0,0.0
643442930550034201,0.0,0.0,0.0,0.0,0.0
643742930454947202,3.5,33.76564433787129,171.78217821782178,7.77815055847168,202.59386874661587
643742930476853602,0.0,0.0,0.0,0.0,0.0
643742930524019802,167.5,17.197463710699797,34.393509127789045,2.178104877471924,34.39492742139959
643742930542962201,3.034482717514038,5.5350078813430565,41.1694773625038,24.24245834350586,160.51522496100873
643942930525309802,4.199999809265137,4.6264627834915615,43.62821250479478,10.061798095703125,69.39694165872531
644142930446451802,0.0,0.0,0.0,0.0,0.0
644142930474924401,3.4042553901672363,4.67827520810956,74.27862513426423,45.120243072509766,219.87893405836456
644642930474099402,0.9459459185600281,9.45640625,182.2551724137931,78.75225067138672,699.7740424373233
644642930510593801,3.7160494327545166,8.117851915571077,302.44617912900577,59.444053649902344,657.5459755660083
644742929681216001,0.0,0.0,0.0,0.0,0.0
644742930477479302,0.0,0.0,0.0,0.0,0.0
644942930511287101,0.0,0.0,0.0,0.0,0.0
644942930516721002,5.55555534362793,13.47128349098653,124.66006339144215,29.89201545715332,242.483108181961
645042930468804501,70.0,23.38890890473301,91.01941747572816,11.563140869140625,93.55563102648097
645242930524530001,0.0,0.0,0.0,0.0,0.0
645342930532493602,0.0,0.0,0.0,0.0,0.0
645542930453093001,3.9166667461395264,20.556856511962167,171.5919881305638,20.642126083374023,246.68228426743687
645742930461298301,0.0,0.0,0.0,0.0,0.0
646142930516997802,0.0,0.0,0.0,0.0,0.0
646442930476673001,3.75,8.195824198820153,46.71224489795918,7.3955912590026855,65.56659337257852
646442930515735902,2.5401458740234375,5.916656375820161,203.3792126453922,117.77119445800781,810.5819367312902
646742928967163401,0.0,0.0,0.0,0.0,0.0
646742930464184902,4.44444465637207,7.40486325892557,52.34599610031601,32.135868072509766,199.9313100305569
646742930527254501,0.0,0.0,0.0,0.0,0.0
647042929800407201,0.0,0.0,0.0,0.0,0.0
647042930457784202,0.0,0.0,0.0,0.0,0.0
647142930520231302,0.0,0.0,0.0,0.0,0.0
647242930515716702,0.0,0.0,0.0,0.0,0.0
647242930529731001,0.0,0.0,0.0,0.0,0.0
647542927963609202,2.4594595432281494,7.881465402545981,490.925068119891,113.97776794433594,1166.4568815634102
647642930462303702,4.047618865966797,6.5616643437010955,93.0131455399061,16.67178726196289,137.79495731168697
647942930515080402,2.4482758045196533,20.230652954013678,160.528437724982,128.77951049804688,1173.377887149094
648042930528529302,2.642857074737549,10.784660135360962,65.27439839572193,42.530113220214844,301.9704861411436
648342930459509102,1.8207547664642334,4.5091626353962555,18.086109296755932,77.79267120361328,477.9712515280134
648342930463022901,2.417475700378418,7.783336175450043,112.6176636317803,97.28158569335938,801.6836052916116
648342930527411001,0.0,0.0,0.0,0.0,0.0
648342930534785301,0.0,0.0,0.0,0.0,0.0
648342930547014502,0.0,0.0,0.0,0.0,0.0
648442930449073502,0.0,0.0,0.0,0.0,0.0
648442930526664902,0.0,0.0,0.0,0.0,0.0
648442930547127301,0.0,0.0,0.0,0.0,0.0
648642930531693201,0.0,0.0,0.0,0.0,0.0
648742930454987101,0.0,0.0,0.0,0.0,0.0
648742930478797202,0.0,0.0,0.0,0.0,0.0
648742930524846701,0.0,0.0,0.0,0.0,0.0
648842930460023301,0.0,0.0,0.0,0.0,0.0
648942929567799701,0.0,0.0,0.0,0.0,0.0
648942930449110702,0.0,0.0,0.0,0.0,0.0
649042930527078002,0.0,0.0,0.0,0.0,0.0
649142930518226402,1.4387351274490356,4.696383949158404,1188.1851971408807,117.72854614257812,1188.18510034661
649342930117707001,7.756756782531738,11.556432653356481,237.95634920634922,31.34678840637207,427.58801104404307
649442930480047802,0.0,0.0,0.0,0.0,0.0
649642930467947801,0.0,0.0,0.0,0.0,0.0
649742930539647002,2.669902801513672,12.66102686808118,329.5608856088561,108.07058715820312,1304.085825552008
649942930476139101,0.0,36.45903913551402,73.45443925233644,25.096370697021484,291.6723135832314
649942930479236002,0.0,0.0,0.0,0.0,0.0
651142930450359001,0.0,0.0,0.0,0.0,0.0
651342928887918302,0.0,0.0,0.0,0.0,0.0
651442930479445702,0.0,0.0,0.0,0.0,0.0
651642930515551701,0.0,0.0,0.0,0.0,0.0
651742930533814901,0.0,0.0,0.0,0.0,0.0
651842930526320601,1.9740259647369385,3.8486117380569094,265.2504350852767,126.21158599853516,592.6861821415945
651942930454825201,0.0,0.0,0.0,0.0,0.0
651942930478231102,0.0,0.0,0.0,0.0,0.0
652142930447137102,2.382352828979492,7.606425888417353,111.81481481481481,63.069393157958984,517.2369404336225
652142930509584901,0.0,0.0,0.0,0.0,0.0
652442930515802601,5.947368621826172,20.39664182211859,195.15656229180547,40.157554626464844,387.5361905183735
652542930454752501,0.0,0.0,0.0,0.0,0.0
652542930546548902,0.0,0.0,0.0,0.0,0.0
652642930533782602,0.0,0.0,0.0,0.0,0.0
652842930516145901,3.4891304969787598,13.61250519843156,253.80640050697085,107.50687408447266,1252.3505046923653
652842930529521401,0.0,0.0,0.0,0.0,0.0
653042927963768501,0.0,88.17388063233624,88.17379780386217,0.0,88.17388063233624
653042930542015202,0.0,0.0,0.0,0.0,0.0
653142930459478902,1.5076923370361328,13.80980279004416,376.58048976314734,82.27479553222656,897.6371507143123
653142930479524002,12.11111068725586,5.929539836201691,19.73538647342995,8.833686828613281,53.36585935141154
653342930508972101,0.0,0.0,0.0,0.0,0.0
653342930533725301,2.754901885986328,8.342442464817399,239.8508955571063,120.07958984375,850.9291063860201
653542930529153902,0.0,0.0,0.0,0.0,0.0
653642930462867801,0.0,0.0,0.0,0.0,0.0
653742930510384802,0.0,0.0,0.0,0.0,0.0
653842929400256501,0.0,0.0,0.0,0.0,0.0
653842929696743002,3.3333332538604736,3.9582507002651384,6.9904208005473825,1.5042327642440796,11.874751933747435
653842930453388901,1.451612949371338,7.889676207049763,151.48056872037915,89.40833282470703,733.7398454530544
653842930473075901,1.7560975551605225,10.517926638011152,147.56846344485749,23.23271369934082,431.2349918086585
653942930509065402,3.4838709831237793,12.953941974325337,152.13643178410794,29.032943725585938,401.5721923195976
654042930449629701,0.0,0.0,0.0,0.0,0.0
654042930470916901,0.3857142925262451,7.070857491080217,82.80905511811024,59.73957824707031,494.9600312522077
654242930542632701,1.616279125213623,7.5375897632725835,75.26402535657687,98.83153533935547,648.2327314150126
654342930546863601,0.0,0.0,0.0,0.0,0.0
654542930474824902,1.7349398136138916,11.581903589095154,169.52734548688306,73.4504623413086,961.2979949811873
654542930477661102,8.0,33.50836546650265,33.50832702498108,5.692433834075928,33.50836546650265
654642930453465602,0.0,0.0,0.0,0.0,0.0
654642930454790701,0.0,0.0,0.0,0.0,0.0
654642930460302701,0.0,0.0,0.0,0.0,0.0
654942930509543701,0.0,0.0,0.0,0.0,0.0
655042930472188302,0.0,0.0,0.0,0.0,0.0
655042930479484502,0.0,0.0,0.0,0.0,0.0
655142928726124202,0.0,0.0,0.0,0.0,0.0
655342930509983701,0.0,0.0,0.0,0.0,0.0
655342930543181102,0.0,0.0,0.0,0.0,0.0
655442930469818502,2.5172414779663086,9.525628243456678,127.80649819494585,79.81526184082031,828.7296501923985
655442930510824702,0.0,0.0,0.0,0.0,0.0
655842928887872002,0.0,0.0,0.0,0.0,0.0
655842930523085001,3.25,7.891052154034691,176.09826546003018,83.91666412353516,789.105195257634
656042930475018502,0.0,0.0,0.0,0.0,0.0
656242930456953401,0.0,0.0,0.0,0.0,0.0
656242930473377402,0.0,0.0,0.0,0.0,0.0
656342930342691002,0.0,0.0,0.0,0.0,0.0
656442930472250401,3.670212745666504,6.017321129530584,134.99859798525287,67.80877685546875,565.6282043187638
656542928592761601,0.0,0.0,0.0,0.0,0.0
656542930543599602,0.0,0.0,0.0,0.0,0.0
656642930474235001,2.532710313796997,9.232375020538942,238.88892540256327,78.95272827148438,987.8641529891822
656642930517305401,0.0,0.0,0.0,0.0,0.0
656742928789992001,0.0,0.0,0.0,0.0,0.0
656842930475431902,0.0,0.0,0.0,0.0,0.0
657242928887312101,0.0,0.0,0.0,0.0,0.0
657342930541170002,0.0,0.0,0.0,0.0,0.0
657442930477734402,1.0,10.50005239069206,63.86105150214592,12.654223442077637,147.000728656294
657742930465781302,0.0,0.0,0.0,0.0,0.0
657742930474796002,0.0,0.0,0.0,0.0,0.0
657742930532598501,0.0,0.0,0.0,0.0,0.0
658142930473567902,0.0,0.0,0.0,0.0,0.0
658142930546394001,0.0,0.0,0.0,0.0,0.0
658642929303719501,4.294117450714111,6.052434854233227,76.419595314164,24.2047061920166,205.78278862977223
658942930456879602,0.0,4.456779065202842,0.0,56.213897705078125,387.739766964606
658942930479038602,0.0,0.0,0.0,0.0,0.0
659142928232753901,0.0,0.0,0.0,0.0,0.0
659142930532505601,0.0,69.43705578745487,69.43682310469315,8.376986503601074,69.43705578745487
659542930519222201,0.0,0.0,0.0,0.0,0.0
659742930464854101,1.7873563766479492,5.383113884018036,936.6615230460922,137.65760803222656,936.6617970256863
659742930544352401,0.0,0.0,0.0,0.0,0.0
659842930534373901,0.0,0.0,0.0,0.0,0.0
659942929259428501,0.0,0.0,0.0,0.0,0.0
659942930461469101,0.0,0.0,0.0,0.0,0.0
659942930519363301,0.0,0.0,0.0,0.0,0.0
661142930533758202,0.0,0.0,0.0,0.0,0.0
661242930541930402,0.0,0.0,0.0,0.0,0.0
661342930531787402,2.6666667461395264,1.8556348208823978,5.53555589539685,0.9689768552780151,5.566904630659552
661542930458841401,2.3478260040283203,5.799142132234727,30.044139140602162,21.641950607299805,133.38026773229186
661542930526107101,1.4297188520431519,5.166958497016777,401.2856805293006,161.9673614501953,1286.5727118697644
661642928062746602,0.0,0.0,0.0,0.0,0.0
662142928255461701,0.0,0.0,0.0,0.0,0.0
662142930529150601,0.0,0.0,0.0,0.0,0.0
662242930517506301,0.0,8.112451768147897,0.0,16.763198852539062,178.47393453590257
662342930463195201,0.0,0.0,0.0,0.0,0.0
662342930464993502,3.8181817531585693,5.409365012673573,71.80780251267358,17.107263565063477,119.0060344222676
662542930461143901,0.0,0.0,0.0,0.0,0.0
662542930525213101,0.0,0.0,0.0,0.0,0.0
662742929621897902,0.0,0.0,0.0,0.0,0.0
662742930474015002,0.05511811003088951,2.806586410236809,8.848571331498658,60.143836975097656,356.4364581458192
662942930534037001,0.0,0.0,0.0,0.0,0.0
663042930479679601,0.0,4.945497490235567,15.311607469791285,6.427584648132324,49.45497333792471
663042930524347201,0.0,0.0,0.0,0.0,0.0
663142929839447601,0.0,0.0,0.0,0.0,0.0
663342930451105601,0.0,0.0,0.0,0.0,0.0
663542930529957101,3.0,9.243772219036698,9.243669724770642,0.8648955821990967,9.243772219036698
663642930480208101,0.0,0.0,0.0,0.0,0.0
663742930515497202,1.6371681690216064,7.681008914369035,305.957051961824,99.21783447265625,867.9540213797783
663842930455452701,0.0,0.0,0.0,0.0,0.0
664042930448245002,0.0,0.0,0.0,0.0,0.0
664042930459310502,0.0,0.0,0.0,0.0,0.0
664042930542970902,0.0,0.0,0.0,0.0,0.0
664242930518346602,0.0,0.0,0.0,0.0,0.0
664642930528521401,2.75,2.6670719378560945,8.1146408839779,1.6260271072387695,10.668287667121676
664742929309406402,0.0,0.0,0.0,0.0,0.0
664742930179843902,0.0,0.0,0.0,0.0,0.0
664742930518939202,0.0,0.0,0.0,0.0,0.0
664742930532198301,7.615384578704834,6.61199951171875,40.511574074074076,7.434500694274902,85.95599434699541
664942930450522402,0.0,0.0,0.0,0.0,0.0
665142930474649402,0.0,0.0,0.0,0.0,0.0
665242930463609802,0.0,0.0,0.0,0.0,0.0
665342930460685202,3.588235378265381,12.191629378522029,91.97079918032787,26.404193878173828,207.25770656398086
665342930528787802,0.0,0.0,0.0,0.0,0.0
665642930550842201,0.0,0.0,0.0,0.0,0.0
665742930527645201,0.0,0.0,0.0,0.0,0.0
665842929380279101,0.0,0.0,0.0,0.0,0.0
665842930471889901,0.0,0.0,0.0,0.0,0.0
665842930528854901,0.0,0.0,0.0,0.0,0.0
665942929400362701,3.682539701461792,38.66956645939626,468.57142857142856,85.94908142089844,2436.1827723639353
665942930515546002,0.4545454680919647,14.932853243998345,15.552980132450331,73.56166076660156,1149.8296776007344
665942930524702001,0.0,0.0,0.0,0.0,0.0
665942930543219101,0.0,0.0,0.0,0.0,0.0
666042930475028101,3.457627058029175,7.596955425762077,113.02609144923792,75.74522399902344,448.220358837239
666042930525712202,0.0,0.0,0.0,0.0,0.0
666142930462109402,0.0,0.0,0.0,0.0,0.0
666142930464828901,0.0,0.0,0.0,0.0,0.0
666142930533023602,0.0,0.0,0.0,0.0,0.0
666242928113204401,0.0,0.0,0.0,0.0,0.0
666242930516082801,0.0,0.0,0.0,0.0,0.0
666242930525492302,0.0,0.0,0.0,0.0,0.0
666342930519029801,0.9753086566925049,5.933860485071916,550.543658288537,164.66220092773438,961.2854082462799
666342930544643602,0.0,0.0,0.0,0.0,0.0
666442930480433801,0.0,0.0,0.0,0.0,0.0
666442930546688702,0.0,0.0,0.0,0.0,0.0
666942930531738801,3.0327868461608887,7.942389832357773,79.02546724173341,53.57904815673828,484.4857582512223
667042929885514702,5.757575988769531,35.43514571290944,205.27437379576108,82.84492492675781,1169.359817440202
667042930450950202,0.0,0.0,0.0,0.0,0.0
667142927966337801,0.0,0.0,0.0,0.0,0.0
667142930518229601,0.0,0.0,0.0,0.0,0.0
667242930457538102,0.0,0.0,0.0,0.0,0.0
667342928113248801,0.0,0.0,0.0,0.0,0.0
667442930464212402,0.0,0.0,0.0,0.0,0.0
667442930515645402,0.0,58.073268423507464,58.07313432835821,6.780128479003906,58.073268423507464
667442930549503402,0.0,0.0,0.0,0.0,0.0
667942930528227902,0.0,0.0,0.0,0.0,0.0
667942930530965901,0.0,0.0,0.0,0.0,0.0
668042928091088502,0.0,0.0,0.0,0.0,0.0
668142930526970101,0.0,0.0,0.0,0.0,0.0
668242930533365502,3.459183692932129,8.063624133864073,152.59904663619835,85.40730285644531,790.2351852346505
668442930532995202,0.0,0.0,0.0,0.0,0.0
668642930527433401,0.0,0.0,0.0,0.0,0.0
668642930544536701,0.11363636702299118,5.573382183370731,5.230366492146596,86.91289520263672,490.4576155786888
668742928235978602,0.0,0.0,0.0,0.0,0.0
668842930538829901,0.0,0.0,0.0,0.0,0.0
668942930527960502,0.0,0.0,0.0,0.0,0.0
668942930529847002,4.119999885559082,9.93093797637195,109.45982783357245,69.0311508178711,496.5469133645253
669142930289529202,0.0,0.0,0.0,0.0,0.0
669142930450104201,19.83333396911621,8.626584025723847,51.75965130759651,8.447997093200684,51.75950248214703
669242930527333102,0.0,0.0,0.0,0.0,0.0
669242930529373802,0.0,0.0,0.0,0.0,0.0
669342930526060301,0.0,0.0,0.0,0.0,0.0
669442930474293901,0.0,130.3555889423077,-93.77692307692308,0.0,130.3555889423077
669642930539906702,4.276923179626465,6.4270146139284074,81.84549487532507,74.8597183227539,417.75593922848327
669842930542477401,0.0,0.0,0.0,0.0,0.0
671142930534395002,0.0,0.0,0.0,0.0,0.0
671242930455919502,0.0,0.0,0.0,0.0,0.0
671542930478300201,0.0,0.0,0.0,0.0,0.0
671642928739595002,4.21875,7.32410966336814,63.28751821272462,30.866840362548828,234.37150708606603
671742930528968102,0.0,0.0,0.0,0.0,0.0
671842927929385701,0.0,0.0,0.0,0.0,0.0
671942930546143302,0.0,0.0,0.0,0.0,0.0
672042929801894901,3.6516854763031006,7.098430278740612,143.4578278451762,88.40296936035156,631.760275789522
672142928726429701,0.0,0.0,0.0,0.0,0.0
672142929373030202,0.0,0.0,0.0,0.0,0.0
672442930530787602,2.5,5.678269159226191,14.222069597069597,4.776943683624268,22.713076636904763
672542930080417901,2.954545497894287,6.1745721726190474,38.28645256552233,18.88748550415039,135.84058191257898
672742930531909101,0.0,0.0,0.0,0.0,0.0
673042930517612002,0.0,0.0,0.0,0.0,0.0
673042930529893101,2.8082191944122314,5.092147698539052,60.938377973403256,66.27247619628906,371.72678939522285
673142930477769301,0.0,0.0,0.0,0.0,0.0
673142930516487402,3.4352941513061523,4.7635613145277125,97.92159513349104,61.38837814331055,404.9027100331318
673242930461406401,0.0,0.0,0.0,0.0,0.0
673342930467794802,0.0,0.0,0.0,0.0,0.0
673342930518841002,0.0,0.0,0.0,0.0,0.0
673342930534726802,0.0,0.0,0.0,0.0,0.0
673442930531133301,0.1770833283662796,9.16804886403819,10.169377652050919,89.71011352539062,880.1326643567443
673542930463546502,0.0,0.0,0.0,0.0,0.0
673742930533903301,3.6666667461395264,9.426138241875604,89.85866856532574,33.717411041259766,254.50573018086695
673842930475061702,2.7428572177886963,4.670230829069802,67.8097417945726,35.46596145629883,326.91617227514433
674042930461682601,0.0,120.39114821156774,146.66438356164383,27.946107864379883,240.78230236872147
674142930516069702,0.0,0.0,0.0,0.0,0.0
674242930435870002,3.2717392444610596,11.228489797399929,210.3445318084346,78.49546813964844,1033.0210814063596
674242930473017302,0.0,0.0,0.0,0.0,0.0
674342930457227401,5.5217390060424805,6.8548845364089575,59.451454723765934,26.82588005065918,157.66234115620537
674342930524419701,0.0,0.0,0.0,0.0,0.0
674542930458635101,0.0,0.0,0.0,0.0,0.0
674542930480126701,0.0,0.0,0.0,0.0,0.0
674742930528798301,0.0,0.0,0.0,0.0,0.0
675142930451155701,0.0,0.0,0.0,0.0,0.0
675142930540256901,0.0,0.0,0.0,0.0,0.0
675242928055989402,0.0,0.0,0.0,0.0,0.0
675342930525185901,0.9900990128517151,4.730993142985612,50.767769784172664,88.12248992919922,477.8303337396306
675442930516295301,0.0,0.0,0.0,0.0,0.0
675542930448864102,0.0,10.504404050760819,63.182358535425585,93.54341888427734,1050.440365825332
675642929321111502,0.0,0.0,0.0,0.0,0.0
675642930451386202,0.0,0.0,0.0,0.0,0.0
675642930524949302,0.0,0.0,0.0,0.0,0.0
675742930526577702,0.0,0.0,0.0,0.0,0.0
675742930528981401,0.0,0.0,0.0,0.0,0.0
675842930459007402,21.66666603088379,15.03659030123874,90.2195945945946,13.315231323242188,90.21953916807432
675942930475206502,5.0,40.2726323756502,203.82704811443432,32.07136535644531,442.99895287800206
676142929194519602,0.0,0.0,0.0,0.0,0.0
676142930524860502,0.0,0.0,0.0,0.0,0.0
676242930220737602,0.0,0.0,0.0,0.0,0.0
676242930469479001,0.0,0.0,0.0,0.0,0.0
676242930473283902,0.0,0.0,0.0,0.0,0.0
676242930542299602,0.0,0.0,0.0,0.0,0.0
676342930012382501,0.0,0.0,0.0,0.0,0.0
676442930461411002,0.0,0.0,0.0,0.0,0.0
676442930464954101,0.0,0.0,0.0,0.0,0.0
676442930546368201,0.0,0.0,0.0,0.0,0.0
676542930477748601,0.0,0.0,0.0,0.0,0.0
676542930517857402,0.0,0.0,0.0,0.0,0.0
676742930475025802,0.0,0.0,0.0,0.0,0.0
676842930545340301,0.0,11.192480997223013,84.94588436342923,97.0386962890625,1141.6330560332722
676942930479197201,0.8289473652839661,11.911812523225567,180.72686733556299,86.3979263305664,905.2977422503724
676942930533687801,25.714284896850586,4.88003809905755,34.16031682374173,5.516860485076904,34.16026766333189
677042930478874701,3.6020407676696777,5.0746149256216695,76.5317051509769,84.86994171142578,497.3122509897073
677142930527521402,2.6666667461395264,9.49186436672968,16.1192438563327,4.2980475425720215,28.475593690926274
677242928932243302,0.0,0.0,0.0,0.0,0.0
677242928988167902,0.0,0.0,0.0,0.0,0.0
677242930517222601,98.0,4.58354706459857,9.16688829787234,0.0,9.167094372688457
677242930544609802,0.0,0.0,0.0,0.0,0.0
677242930547631701,0.0,0.0,0.0,0.0,0.0
677742930447987101,0.0,0.0,0.0,0.0,0.0
677742930519472901,0.0,0.0,0.0,0.0,0.0
677842930461361101,0.0,0.0,0.0,0.0,0.0
677942930525818002,2.8455283641815186,7.472242827287269,176.60315289746632,96.0424575805664,919.0858941652241
678142930479964501,0.0,0.0,0.0,0.0,0.0
678142930521363801,0.0,0.0,0.0,0.0,0.0
678242930530196802,0.0,0.0,0.0,0.0,0.0
678542930476045002,0.0,0.0,0.0,0.0,0.0
678642930458165102,0.0,0.0,0.0,0.0,0.0
678742930222068601,0.0,0.0,0.0,0.0,0.0
678742930462308501,0.0,0.0,0.0,0.0,0.0
678742930528119502,0.0,0.0,0.0,0.0,0.0
678842930547371802,2.200000047683716,3.669074633855586,9.228882833787466,1.2529098987579346,18.345373302324592
679042928030516801,0.0,0.0,0.0,0.0,0.0
679142930464344202,3.3333332538604736,1.4673107464266808,2.7493382742191637,0.6045407652854919,4.401932255435457
679242930478303301,0.3472222089767456,6.168462065077319,30.42680412371134,58.00619125366211,444.12927396059854
679342930519642702,17.0,112.92831688596492,112.92825814536342,10.046121597290039,112.92831688596492
679442930456249102,5.0,14.198472802062868,45.38231827111984,10.945335388183594,85.19083335891453
679442930546701301,0.0,185.3440768828452,185.34309623430963,9.99326229095459,185.3440768828452
679742929946486602,0.6296296119689941,10.738018924574089,62.63708399366086,38.8976936340332,289.92651444569634
679942930541716201,0.0,0.0,0.0,0.0,0.0
681142930454118401,0.0,5.621544687140598,0.0,87.57138061523438,646.4776251946392
681342930534908101,0.0,0.0,0.0,0.0,0.0
681442930464803501,0.0,0.0,0.0,0.0,0.0
681742930510597001,0.7884615659713745,10.150234462978604,33.510510510510514,52.09027862548828,527.8121889876173
682042930525009502,0.0,38.873782116050805,38.87355658198614,0.0,38.873782116050805
682442928121580101,0.0,0.0,0.0,0.0,0.0
682442930509273402,0.0,0.0,0.0,0.0,0.0
682542930478153201,0.0,0.0,0.0,0.0,0.0
682542930521194702,0.0,0.0,0.0,0.0,0.0
682542930523950602,0.0,0.0,0.0,0.0,0.0
682542930531441302,3.2857143878936768,11.194805215587873,67.38918476034412,21.957515716552734,156.7272755936588
682642930545320202,0.0,0.0,0.0,0.0,0.0
682842928064987401,0.0,0.0,0.0,0.0,0.0
682842930526003901,0.0,0.0,0.0,0.0,0.0
683042930455966702,0.0,0.0,0.0,0.0,0.0
683142930518339501,0.0,0.0,0.0,0.0,0.0
683342930517481102,0.0,0.0,0.0,0.0,0.0
683342930549650701,0.0,0.0,0.0,0.0,0.0
683442930464374402,0.0,0.0,0.0,0.0,0.0
683542930530462101,0.0,0.0,0.0,0.0,0.0
683642929780713401,0.0,0.0,0.0,0.0,0.0
683742930461427702,0.0,0.0,0.0,0.0,0.0
683842930531713201,1.0,3.630624871504934,3.6307565789473686,0.32260429859161377,3.630624871504934
684142930516547701,0.0,0.0,0.0,0.0,0.0
684342930519896201,0.0,0.0,0.0,0.0,0.0
684342930526179301,5.567567348480225,15.21868064990942,158.92898550724638,70.57324981689453,563.0912038167318
684342930538673401,0.01515151560306549,20.302734375,267.6042471042471,123.23234558105469,1339.980433217347
684342930549015902,0.0,0.0,0.0,0.0,0.0
684742928878191202,0.0,0.0,0.0,0.0,0.0
684942930529277701,0.0,0.0,0.0,0.0,0.0
685042930523351301,0.0,0.0,0.0,0.0,0.0
685142930474884601,0.0,0.0,0.0,0.0,0.0
685142930523762602,0.0,0.0,0.0,0.0,0.0
685142930546857301,0.0,0.0,0.0,0.0,0.0
685242928725986102,0.0,0.0,0.0,0.0,0.0
685542930545717101,0.0,0.0,0.0,0.0,0.0
685642930473229702,0.03669724613428116,7.219815966109155,47.97686116700201,110.1813735961914,786.9599374496421
685642930480066702,0.0,0.0,0.0,0.0,0.0
686142928159082502,4.333333492279053,32.480044157608695,270.60869565217394,20.958263397216797,292.32040124423264
686142930516730902,0.0,0.0,0.0,0.0,0.0
686242930478176701,0.0,0.0,0.0,0.0,0.0
686242930534114102,3.119999885559082,15.223301079437023,136.89885496183206,51.52654266357422,761.1650359466786
686442930474073202,0.0,0.0,0.0,0.0,0.0
686442930536461201,3.3142857551574707,10.80541693120705,232.32118314908874,105.47974395751953,1134.568733937925
686442930544290302,0.5833333134651184,19.424367538118528,378.6018411967779,89.33428955078125,1398.5544804368935
686542930549153402,2.444444417953491,4.224045157560766,15.675521617552162,4.421090126037598,38.0164067922138
686642930530558201,3.0333333015441895,19.1020540975829,173.05193767479025,48.35302734375,573.0616100401198
686742930460247802,0.0,0.0,0.0,0.0,0.0
686742930471518302,0.0,0.0,0.0,0.0,0.0
686742930480404201,2.365079402923584,4.5624033835681015,92.21916592724047,52.39528274536133,574.8628266172908
686742930530161202,0.0,0.0,0.0,0.0,0.0
686942930508038502,0.0,0.0,0.0,0.0,0.0
687042930454546001,0.0,0.0,0.0,0.0,0.0
687142930472558801,0.0,0.0,0.0,0.0,0.0
687242930525582202,0.0,0.0,0.0,0.0,0.0
687342930521812002,2.8333332538604736,17.428833795362902,106.61290322580645,32.74100112915039,313.7189974015759
687442930545692702,3.0493826866149902,8.225976937490769,155.99128636833555,67.30970764160156,666.3041378182369
687542930516092602,0.0,0.0,0.0,0.0,0.0
687742930448383602,0.0,0.0,0.0,0.0,0.0
687842930528045202,0.0,0.0,0.0,0.0,0.0
687942930478920301,0.0,0.0,0.0,0.0,0.0
688042930519267601,0.0,0.0,0.0,0.0,0.0
688242930479600701,0.4901960790157318,14.069179620266782,162.83648881239242,62.85698318481445,717.5281430833721
688242930479708301,7.0,1.5177569021791495,2.879239465570401,0.5549708604812622,3.035513867087134
688342930454573002,0.0,0.0,0.0,0.0,0.0
688442930478551502,0.0,0.0,0.0,0.0,0.0
688542930547601101,0.0,0.0,0.0,0.0,0.0
688742928087825902,0.0,0.0,0.0,0.0,0.0
688842930462822501,0.0,0.0,0.0,0.0,0.0
689042929230287301,0.0,0.0,0.0,0.0,0.0
689142930539934701,0.0,0.0,0.0,0.0,0.0
689242930533588202,0.0,0.0,0.0,0.0,0.0
689442930543590601,0.0,0.0,0.0,0.0,0.0
689542930547519802,0.0,0.0,0.0,0.0,0.0
689642930516857701,0.0,0.0,0.0,0.0,0.0
689842929800307001,0.0,0.0,0.0,0.0,0.0
689842930445443202,0.0,0.0,0.0,0.0,0.0
689842930531065801,1.7333333492279053,7.415122214108515,85.52688860435339,47.68743896484375,333.6804915781058
691142930454716601,0.0,0.0,0.0,0.0,0.0
691142930459899401,0.0,0.0,0.0,0.0,0.0
691142930477836702,4.0,5.405110380886033,26.20336669699727,7.748585224151611,48.645991845169966
691142930520228202,0.0,0.0,0.0,0.0,0.0
691142930545181902,0.0,0.0,0.0,0.0,0.0
691242930471865101,0.0,0.0,0.0,0.0,0.0
691242930519659401,0.0,0.0,0.0,0.0,0.0
691242930521321801,1.5314685106277466,5.629245866458051,126.56968876860623,94.70401000976562,804.9821817026409
691242930545521202,7.0,12.803052051957831,12.803212851405622,1.6114331483840942,12.803052051957831
691742930461913501,0.0,0.0,0.0,0.0,0.0
691742930480379601,0.0,0.0,0.0,0.0,0.0
691842930446404902,0.0,0.0,0.0,0.0,0.0
691942930460283802,3.5,4.951690120659532,105.60853898231055,94.6883544921875,505.07240979539745
691942930461252602,2.3925232887268066,7.387570355523161,112.06025267249757,77.85941314697266,790.4700135366021
691942930544112801,0.0,0.0,0.0,0.0,0.0
692042930455091602,0.0,0.0,0.0,0.0,0.0
692042930476840302,0.0,0.0,0.0,0.0,0.0
692042930526194602,0.0,0.0,0.0,0.0,0.0
692142930465080401,0.0,0.0,0.0,0.0,0.0
692242928258200901,0.0,0.0,0.0,0.0,0.0
692242930461896101,0.0,0.0,0.0,0.0,0.0
692242930478049202,1.7263681888580322,5.700571891810589,1135.788221970555,147.79708862304688,1145.8149146183162
692342930460767302,0.0,0.0,0.0,0.0,0.0
692342930530025502,0.0,0.0,0.0,0.0,0.0
692442930461132602,0.0,0.0,0.0,0.0,0.0
692542930461026101,0.0,0.0,0.0,0.0,0.0
692542930464877602,0.0,0.0,0.0,0.0,0.0
692642930474182301,0.0,0.0,0.0,0.0,0.0
692742930515987001,0.0,0.0,0.0,0.0,0.0
692942930479854902,0.0,0.0,0.0,0.0,0.0
693342928042043202,0.0,0.0,0.0,0.0,0.0
693342930521784902,0.0,0.0,0.0,0.0,0.0
693442930478861301,0.0,0.0,0.0,0.0,0.0
693642930542975801,0.0,0.0,0.0,0.0,0.0
693642930549537501,0.0,0.0,0.0,0.0,0.0
693842930526783301,0.0,12.557256039386521,2.345622119815668,50.96659851074219,690.6490869972563
693942930517351702,0.0,0.0,0.0,0.0,0.0
694042930471569902,0.0,0.0,0.0,0.0,0.0
694342930515665501,0.0,153.46296625854214,13.110478359908884,0.0,153.46296625854214
694342930533946902,3.0,7.104621745720399,7.104612458392772,1.0112078189849854,7.104621745720399
694542930474143501,2.3012049198150635,8.653882391951345,119.6231884057971,76.7071762084961,718.2722089700324
694542930527930802,0.0,0.0,0.0,0.0,0.0
694642930542427401,0.0,0.0,0.0,0.0,0.0
694842928181430002,0.0,0.0,0.0,0.0,0.0
694842930547250201,0.0,0.0,0.0,0.0,0.0
694942930509632101,0.0,0.0,0.0,0.0,0.0
695042930476106001,0.0,0.0,0.0,0.0,0.0
695142930529650002,3.2272727489471436,16.442509735760705,239.59785932721712,52.44596481323242,723.4704488235147
695242930446942902,1.6428571939468384,32.956235284674655,182.04794520547946,42.92124938964844,922.774555297747
695242930468155102,0.0,0.0,0.0,0.0,0.0
695342930458421202,3.9069766998291016,15.878361785070929,140.31682053591533,37.007083892822266,682.7695400183921
695642929248923802,4.255319118499756,6.4037306966065035,75.93642069430162,35.362159729003906,300.97533505078155
695842930524152402,0.0,0.0,0.0,0.0,0.0
696042930517018501,0.0,0.0,0.0,0.0,0.0
696142928633821702,3.5,2.1281989515924375,2.361375459967009,0.6650402545928955,4.256397655357823
696642930474802301,0.7699999809265137,5.00079122133444,113.65305593026875,62.355926513671875,500.0791267916735
696642930541606002,0.0,0.0,0.0,0.0,0.0
696642930544942101,16.5,18.982488682092555,75.93024815560027,6.200013160705566,75.92995227222711
696842928030437801,0.0,0.0,0.0,0.0,0.0
696942930473808002,3.972972869873047,17.172123405090066,127.83624454148472,40.5513916015625,635.3685630273611
697042930473910301,0.0,0.0,0.0,0.0,0.0
697242930479552002,0.0,0.0,0.0,0.0,0.0
697342929012746502,0.0,0.0,0.0,0.0,0.0
697342930534528301,0.0,0.0,0.0,0.0,0.0
697442930527780301,0.5625,8.069432438054733,69.98520710059172,35.84973907470703,387.33277082058805
697642930537356401,3.1724138259887695,4.309983141381251,70.42096800128638,17.52652359008789,124.9895113334527
697742930508268501,0.0,0.0,0.0,0.0,0.0
697942930448206801,1.875,8.922026744863604,214.12914364640883,17.02499008178711,214.12864865519066
697942930532346202,0.0,0.0,0.0,0.0,0.0
697942930534180601,0.0,0.0,0.0,0.0,0.0
698142930476799201,0.0,0.0,0.0,0.0,0.0
698142930519445901,0.0,0.0,0.0,0.0,0.0
698442930520214102,2.3684210777282715,10.133087940705128,686.56,130.9761505126953,1155.1720354087536
698542928135348302,0.0,0.0,0.0,0.0,0.0
698542930517150901,2.0,4.656952595025304,4.656961343813934,1.2239418029785156,9.313905190050608
698642930472207101,0.6800000071525574,8.63378036261136,122.78841870824053,44.85007858276367,431.68900699571674
698642930518661301,0.0,0.0,0.0,0.0,0.0
698642930527561602,0.0,0.0,0.0,0.0,0.0
698842930453783402,0.0,0.0,0.0,0.0,0.0
698942930522124802,0.53125,5.8380334191881165,31.239320920043813,71.01084899902344,560.451198289585
699142928159330601,0.0,0.0,0.0,0.0,0.0
699742930449276401,0.0,0.0,0.0,0.0,0.0
699742930529576902,3.78947377204895,6.500153045438473,86.90106082036775,38.770755767822266,247.00582393878253
699742930529711202,0.0,0.0,0.0,0.0,0.0
699842928265614001,0.0,0.0,0.0,0.0,0.0
699842929800132601,1.0,7.443367743607464,7.443400138217001,1.4926332235336304,14.886735487214928
699842930526989702,2.7142856121063232,3.7772282635836993,35.13077640165135,8.72089672088623,52.88119725079904
699942930472631801,0.0,0.0,0.0,0.0,0.0
701442930518355201,0.0,0.0,0.0,0.0,0.0
701542930477281501,0.0,0.0,0.0,0.0,0.0
701542930525900501,0.0,0.0,0.0,0.0,0.0
701642928043515102,0.0,0.0,0.0,0.0,0.0
701642930527873402,0.0,0.0,0.0,0.0,0.0
701742930453720802,0.0,0.0,0.0,0.0,0.0
701742930526291201,0.0,0.0,0.0,0.0,0.0
701742930526811201,0.0,0.0,0.0,0.0,0.0
701942930508392401,0.25,13.54907822027439,187.74296435272046,64.05947875976562,704.5520660228622
702142930534562902,0.0,0.0,0.0,0.0,0.0
702242930521210002,0.36250001192092896,11.372063920454545,13.300363636363636,103.39453125,909.7651212671453
702442930463800001,2.653225898742676,4.878493401550564,220.8629574734922,96.77574157714844,604.9331895721474
702542930464549202,0.0,0.0,0.0,0.0,0.0
702542930469787202,5.416666507720947,15.743807164634147,134.93360433604337,38.006996154785156,377.8513568991891
702742930465685701,4.833333492279053,3.7914905386697364,63.67894474863116,11.229450225830078,68.24682917958056
702742930472798502,1.4412955045700073,3.937389974124035,484.2679222872656,131.12193298339844,972.5353465091184
702942930457151702,0.0,0.0,0.0,0.0,0.0
703042930532533001,0.0,0.0,0.0,0.0,0.0
703242930461794801,0.0,0.0,0.0,0.0,0.0
703242930527544401,0.0,0.0,0.0,0.0,0.0
703342930472057401,0.0,0.0,0.0,0.0,0.0
703342930542327302,0.0,9.690593332484148,43.23550724637681,9.010727882385254,77.52474641108859
703542930447435902,0.0,0.0,0.0,0.0,0.0
703542930529683202,0.0,0.0,0.0,0.0,0.0
703642929467003402,0.0,9.481891107880031,9.48192496293762,1.172133445739746,9.481891107880031
703742929341560901,3.451923131942749,4.675686570777112,89.86206896551724,97.82048034667969,486.271416006576
703842930465284901,0.0,0.0,0.0,0.0,0.0
703942930456878301,0.0,0.0,0.0,0.0,0.0
704042930480086002,2.582677125930786,3.426854490620331,61.20297714570306,65.33487701416016,435.21053531960484
704042930516438602,4.4285712242126465,3.454791832350923,12.699600798403194,3.806858539581299,24.183543024424782
704142929091942401,2.3082191944122314,8.79343001173419,250.59535573122528,78.25373840332031,1283.840787763181
704342930462932901,0.47999998927116394,16.729652204146998,244.2832097100472,81.06961822509766,836.4826354723241
704342930464054902,0.0,0.0,0.0,0.0,0.0
704442930446654802,0.0,0.0,0.0,0.0,0.0
704542930546364601,0.0,0.0,0.0,0.0,0.0
704842930473832701,0.0,0.0,0.0,0.0,0.0
704842930518386102,0.0,0.0,0.0,0.0,0.0
704842930543354302,0.0,0.0,0.0,0.0,0.0
704942930550367501,0.0,0.0,0.0,0.0,0.0
705042930517986502,0.0,0.0,0.0,0.0,0.0
705042930520388601,0.0,0.0,0.0,0.0,0.0
705042930542945301,0.0,0.0,0.0,0.0,0.0
705142930446317302,0.0,0.0,0.0,0.0,0.0
705142930511073702,0.0,0.0,0.0,0.0,0.0
705142930518615901,0.0,0.0,0.0,0.0,0.0
705342928043798601,3.5625,26.714964246662063,187.41804788213628,24.336090087890625,427.4394317121137
705342929013067401,3.9610390663146973,16.1891768740214,211.87891440501045,107.68055725097656,1246.566595374169
705342930474395702,0.0,0.0,0.0,0.0,0.0
705542930478356501,0.0,0.0,0.0,0.0,0.0
705542930543915002,0.0,0.0,0.0,0.0,0.0
705642930467932701,0.0,0.0,0.0,0.0,0.0
705642930523995501,0.0,0.0,0.0,0.0,0.0
705842930446977101,0.0,0.0,0.0,0.0,0.0
705842930539803201,0.0,0.0,0.0,0.0,0.0
706142929047821502,5.0,9.804680452641753,9.804123711340207,1.2231261730194092,9.804680452641753
706342930476820301,0.0,0.0,0.0,0.0,0.0
706542930549790602,1.8627450466156006,7.058612223010404,266.15376300499935,108.76261138916016,1079.9676342610974
706642929449864401,0.0,0.0,0.0,0.0,0.0
706742930461573101,0.0,0.0,0.0,0.0,0.0
706742930509540002,0.0,0.0,0.0,0.0,0.0
706842930534709802,0.0,0.0,0.0,0.0,0.0
706942930524806002,4.806451797485352,5.140774306962452,63.15613182063749,39.07113265991211,318.7279953400165
707242930509951101,0.0,0.0,0.0,0.0,0.0
707242930533645202,0.0,0.0,0.0,0.0,0.0
707342928043758401,0.0,0.0,0.0,0.0,0.0
707342930464718201,0.0,0.0,0.0,0.0,0.0
707442930447015301,0.0,0.0,0.0,0.0,0.0
707542930534451302,2.414285659790039,4.61786963019762,308.0179253599765,43.35415267944336,323.2508801945931
707642930519538401,0.0,0.0,0.0,0.0,0.0
707642930544005001,0.0,0.0,0.0,0.0,0.0
707742930524510001,0.0,0.0,0.0,0.0,0.0
707842930455442102,0.0,0.0,0.0,0.0,0.0
707842930524286802,0.8787878751754761,5.732163764669436,126.88176980829506,59.46555709838867,567.4842199885434
707842930543553902,0.0,0.0,0.0,0.0,0.0
708242930527684101,4.5714287757873535,8.732802202912415,36.81859410430839,8.163079261779785,61.12961410557061
708242930532709102,0.0,0.0,0.0,0.0,0.0
708342930456371102,0.0,0.0,0.0,0.0,0.0
708442930518563602,0.0,0.0,0.0,0.0,0.0
708542929644415901,0.0,0.0,0.0,0.0,0.0
708642930508236301,4.188405990600586,18.68997872710987,251.50517515923568,92.66573333740234,1289.608549843928
708742930529787502,0.0,0.0,0.0,0.0,0.0
708942930545115602,0.0,0.0,0.0,0.0,0.0
709142930454722902,0.0,0.0,0.0,0.0,0.0
709142930529107902,0.0,0.0,0.0,0.0,0.0
709342930462657202,0.0,0.0,0.0,0.0,0.0
709342930463189902,0.0,0.0,0.0,0.0,0.0
709342930523776902,17.615385055541992,7.17540048021789,93.27981651376147,13.555728912353516,93.28020573318551
709342930543115601,0.0,0.0,0.0,0.0,0.0
709442929476579602,5.0,33.774623222858196,107.44017725258493,12.6715087890625,135.09849469453934
709442930480607601,0.0,0.0,0.0,0.0,0.0
709542928119272102,0.0,0.0,0.0,0.0,0.0
709542930527752701,0.0,0.0,0.0,0.0,0.0
709742929321275401,0.0,0.0,0.0,0.0,0.0
709742930463751901,0.0,0.0,0.0,0.0,0.0
709842930457914302,0.0,0.0,0.0,0.0,0.0
711142928043716701,0.0,0.0,0.0,0.0,0.0
711142928623619902,0.0,0.0,0.0,0.0,0.0
711142930529725002,0.0,0.0,0.0,0.0,0.0
711542930534089201,0.0,0.0,0.0,0.0,0.0
711842930537906902,3.142857074737549,4.6584294016768295,45.801219512195125,17.175588607788086,130.43602424249417
711942930467776401,0.0,0.0,0.0,0.0,0.0
711942930530934902,2.230769157409668,4.774356016507953,21.757220594390958,6.832586288452148,62.066626221827256
712142930518571101,0.0,0.0,0.0,0.0,0.0
712142930547855301,1.9747898578643799,44.056412581559066,935.032967032967,170.833251953125,5242.712968826294
712342930544714301,3.278688430786133,19.81363590836247,357.16317016317015,80.13648223876953,1208.6318259216966
712442930521584402,0.5,23.421836487676057,43.50422535211268,94.98554992675781,1217.9354469675413
712542930529577101,0.0,0.0,0.0,0.0,0.0
712542930531904702,3.263157844543457,5.795978234435798,41.349416342412454,20.48868751525879,110.12358691738737
712542930547080001,3.0222222805023193,7.677959583280537,64.36441966548404,43.6688117980957,345.50817984587275
712942929303552002,0.0,0.0,0.0,0.0,0.0
712942930459172101,0.0,0.0,0.0,0.0,0.0
713042930460573101,0.0,0.0,0.0,0.0,0.0
713042930547421102,0.0,0.0,0.0,0.0,0.0
713342930479106802,0.0,0.0,0.0,0.0,0.0
713342930515708601,0.8799999952316284,5.926346546608065,45.65653555820421,69.11463165283203,444.4760010923523
713542930457938602,3.1408450603485107,14.734362814728163,104.89483065953654,113.8937759399414,1046.1397171900235
713542930543641801,0.0,0.0,0.0,0.0,0.0
713642930520847002,3.0,5.732417721021848,208.7401392111369,96.55719757080078,682.1577299137218
713842928716168701,0.0,0.0,0.0,0.0,0.0
713842930455618501,0.0,0.0,0.0,0.0,0.0
713842930546729101,0.0,0.0,0.0,0.0,0.0
714042930508735101,0.0,0.0,0.0,0.0,0.0
714242930509730002,0.0,0.0,0.0,0.0,0.0
714242930519201201,0.0,0.0,0.0,0.0,0.0
714342930474663402,0.0,0.0,0.0,0.0,0.0
714442930532459401,0.0,0.0,0.0,0.0,0.0
714542930476876001,1.558823585510254,6.29837916841443,151.6788590604027,103.96187591552734,642.4346809055982
714542930509917201,2.4285714626312256,3.248999478849858,35.14476885644769,11.077024459838867,68.2289901015629
714642928243104701,0.0,0.0,0.0,0.0,0.0
714742930546759701,0.0,0.0,0.0,0.0,0.0
715042930457003501,0.0,0.0,0.0,0.0,0.0
715042930476333602,0.0,0.0,0.0,0.0,0.0
715042930526729701,0.0,119.62869889548303,40.40784701615562,9.755645751953125,119.62869889548303
715242930535188001,0.0,0.0,0.0,0.0,0.0
715242930541662702,0.0,0.0,0.0,0.0,0.0
715342930530796402,173.0,31.505918898286357,63.01183277417281,9.348457336425781,63.01183779657271
715542930516326301,3.5999999046325684,11.967043167372882,30.72677966101695,4.261450290679932,59.83521260924258
715642930458588702,0.0,0.0,0.0,0.0,0.0
715842930453973101,5.916666507720947,14.266631544682017,84.35438596491228,15.477201461791992,171.19957425301536
715942930462479201,0.0,112.67776288146838,75.46749226006192,18.524024963378906,112.67776288146838
715942930517913801,3.25,12.984029777048741,50.966122121049814,8.156410217285156,51.936118274559995
716042930452054202,2.7252748012542725,9.993076479971641,232.7674583481035,126.82764434814453,909.3699726590194
716142930474628101,0.0,0.0,0.0,0.0,0.0
716242930455354902,0.0,0.0,0.0,0.0,0.0
716342930453440202,3.346153736114502,5.24003374270428,64.03579766536966,33.76025390625,272.48175305021414
716342930547575302,0.0,0.0,0.0,0.0,0.0
716342930548795201,2.846153736114502,3.5047338325699133,36.76470588235294,5.270049095153809,45.56153966798847
716542930524372901,0.0,0.0,0.0,0.0,0.0
716542930538702501,0.0,0.0,0.0,0.0,0.0
716842930527589702,0.0,0.0,0.0,0.0,0.0
716942930510570001,2.5740740299224854,15.040320428527227,211.39009900990098,47.64914321899414,812.1772858496939
716942930548060802,0.0,0.0,0.0,0.0,0.0
717042930524936602,2.153846263885498,3.5008300571055746,19.306500215238916,7.071194171905518,45.51079101168386
717142930142250702,0.0,0.0,0.0,0.0,0.0
717142930448680702,0.0,0.0,0.0,0.0,0.0
717342930462710901,3.8586957454681396,10.469772666309012,180.53121342177135,68.90363311767578,963.2190669845241
717342930516923801,0.0,0.0,0.0,0.0,0.0
717442930526366001,0.0,0.0,0.0,0.0,0.0
717642929528798602,0.0,0.0,0.0,0.0,0.0
717642930474342302,1.0,5.600455602010091,5.600260416666667,0.5570391416549683,5.600455602010091
717942929704056301,0.0,55.33196504237288,55.3317191283293,5.230190753936768,55.33196504237288
717942930545697601,3.153846263885498,7.906407617034474,93.13841734134239,49.45948791503906,513.9165084133512
718042930542624402,0.0,0.0,0.0,0.0,0.0
718042930542813302,3.8474576473236084,16.435172013410433,255.43897637795277,91.24884033203125,969.6751958469706
718242930547462902,0.0,0.0,0.0,0.0,0.0
718442930464314901,3.0,5.623853657963937,145.3610818933133,82.83596801757812,652.3670494589745
718942930448650001,0.0,0.0,0.0,0.0,0.0
719042930517652301,0.0,0.0,0.0,0.0,0.0
719042930532077502,4.4571428298950195,8.50954646776406,54.093004115226336,74.41058349609375,595.668267455971
719042930546226002,0.0,0.0,0.0,0.0,0.0
719142930508420101,0.0,0.0,0.0,0.0,0.0
719142930528578601,0.0,0.0,0.0,0.0,0.0
719342929575458001,0.0,0.0,0.0,0.0,0.0
719642930457602102,0.0,0.0,0.0,0.0,0.0
719642930515572502,0.0,0.0,0.0,0.0,0.0
719642930522915302,2.8108108043670654,5.330412619783799,63.53058912386707,66.85933685302734,394.4505230105535
719642930529291802,2.8888888359069824,4.157291854106686,15.746641074856045,4.6229472160339355,37.4156279560853
719742930478003601,0.0,0.0,0.0,0.0,0.0
721342930461532101,0.5897436141967773,9.409661494055785,59.21902149062643,39.586029052734375,366.9767986658669
721342930476968801,0.0,0.0,0.0,0.0,0.0
721642930525564601,0.0,0.0,0.0,0.0,0.0
721742930464967901,0.0,0.0,0.0,0.0,0.0
721942929155598201,0.0,0.0,0.0,0.0,0.0
721942930537211101,0.0,0.0,0.0,0.0,0.0
722042930460960701,1.3157894611358643,10.947736901430348,45.29145936981758,51.97626876831055,624.0209957394829
722042930532045801,0.0,0.0,0.0,0.0,0.0
722042930545968602,0.10000000149011612,5.710377652481447,8.452844774273347,67.39771270751953,571.0377725213121
722242930463139302,0.0,0.0,0.0,0.0,0.0
722542930531607802,0.0,0.0,0.0,0.0,0.0
722742929861282501,2.474074125289917,3.6423315126160625,115.57677175680638,61.305641174316406,491.7147565164402
722742930508588502,0.0,0.0,0.0,0.0,0.0
722842930456337501,0.0,0.0,0.0,0.0,0.0
722942930518085401,0.0,0.0,0.0,0.0,0.0
723042930142431802,4.242424011230469,10.108927960440564,150.00104275286756,64.76746368408203,667.1892662525674
723142929505807502,0.0,0.0,0.0,0.0,0.0
723342930479511702,0.0,0.0,0.0,0.0,0.0
723342930519547602,0.0,0.0,0.0,0.0,0.0
723342930522941101,2.2962963581085205,6.583999708141581,113.77801840822956,40.3203010559082,355.5359947449398
723342930548142402,0.0,0.0,0.0,0.0,0.0
723442930454249601,0.0,0.0,0.0,0.0,0.0
723442930529973901,3.4285714626312256,16.559640522875817,115.6844070961718,20.798789978027344,347.75246710470077
723642930526466502,0.0,0.0,0.0,0.0,0.0
723742930543772201,0.0,109.7562283153431,109.75636083269083,30.20581817626953,109.7562283153431
723942928577741801,0.0,0.0,0.0,0.0,0.0
724042930455904601,1.6045197248458862,4.830555277594651,296.67969485778866,72.29930877685547,855.0082858759797
724142930534294101,0.0,0.0,0.0,0.0,0.0
724142930536224301,0.0,0.0,0.0,0.0,0.0
724242928955424601,0.0,0.0,0.0,0.0,0.0
724242929621924102,0.0,0.0,0.0,0.0,0.0
724242930452538101,5.8222222328186035,13.157238290632506,188.01601281024818,67.68431091308594,592.0757044600524
724242930460547301,0.0,0.0,0.0,0.0,0.0
724342930479595301,0.0,0.0,0.0,0.0,0.0
724542930470416402,1.4653465747833252,5.700939038916602,47.830263494499874,80.63274383544922,575.794818900619
724542930518199302,0.0,0.0,0.0,0.0,0.0
724542930543143101,0.0,0.0,0.0,0.0,0.0
724642930518447602,0.0,0.0,0.0,0.0,0.0
724742930510510502,0.0,0.0,0.0,0.0,0.0
724742930541235102,0.0,0.0,0.0,0.0,0.0
724842930543942001,0.0,0.0,0.0,0.0,0.0
724942929331638002,0.0,0.0,0.0,0.0,0.0
725042930477408302,0.0,0.0,0.0,0.0,0.0
725142930454394001,0.0,0.0,0.0,0.0,0.0
725142930518660101,0.0,0.0,0.0,0.0,0.0
725442930528155802,0.0,0.0,0.0,0.0,0.0
725542929230123302,0.0,0.0,0.0,0.0,0.0
725542930523879402,0.0,9.409397377971551,0.0,82.26538848876953,940.9397387471129
725642930527444301,0.0,0.0,0.0,0.0,0.0
725842930474771402,2.149606227874756,4.021675100870432,94.85175446550005,83.77030944824219,510.752737596273
726042927901222702,0.0,0.0,0.0,0.0,0.0
726042927945167401,0.0,0.0,0.0,0.0,0.0
726042930525993201,0.0,0.0,0.0,0.0,0.0
726042930548509302,0.0,0.0,0.0,0.0,0.0
726142930466752102,0.0,0.0,0.0,0.0,0.0
726342929331582102,0.0,0.0,0.0,0.0,0.0
726342930479757802,3.4897959232330322,5.291793961721628,109.98795938538952,32.01691818237305,259.29789783931267
726442930511203801,0.0,0.0,0.0,0.0,0.0
726542930527959101,0.0,0.0,0.0,0.0,0.0
726542930530133101,0.0,0.0,0.0,0.0,0.0
726642930537169902,0.0,0.0,0.0,0.0,0.0
726742930335253302,2.4000000953674316,7.1430454299671835,241.51133651551314,23.571083068847656,357.15226826861254
726742930446891001,0.0,0.0,0.0,0.0,0.0
726942930544834401,0.0,0.0,0.0,0.0,0.0
727142930454666401,0.0,0.0,0.0,0.0,0.0
727142930516918701,2.8333332538604736,7.435884093533487,60.41062355658199,14.27214527130127,178.46121306315857
727542928577623102,0.0,0.0,0.0,0.0,0.0
727542930509628102,2.8981480598449707,6.013891807381573,97.21497390606183,108.96590423583984,649.5003176070944
727542930526079601,0.0,0.0,0.0,0.0,0.0
727642930520165201,0.4285714328289032,3.935825808389465,11.014531143570725,33.256778717041016,247.95701916930733
727642930524987001,0.0,0.0,0.0,0.0,0.0
727642930544262202,0.0,0.0,0.0,0.0,0.0
727742930458207302,0.0,0.0,0.0,0.0,0.0
727942930478773002,0.0,0.0,0.0,0.0,0.0
728042930518785901,0.0,0.0,0.0,0.0,0.0
728142930541764201,0.0,0.0,0.0,0.0,0.0
728242930448434602,0.0,0.0,0.0,0.0,0.0
728242930519752501,0.0,0.0,0.0,0.0,0.0
728442930520123101,0.0,0.0,0.0,0.0,0.0
728442930529061501,4.5,3.7598223323622357,11.600237013628284,5.565845012664795,37.5982227268931
728442930545119902,0.0,0.0,0.0,0.0,0.0
728542930522298301,0.0,0.0,0.0,0.0,0.0
728642930529333901,0.0,0.0,0.0,0.0,0.0
728742930522733101,0.0,0.0,0.0,0.0,0.0
728742930525038602,4.25,6.845760892456009,15.371022089105203,5.646995544433594,27.383043935440845
728842930460376401,0.0,0.0,0.0,0.0,0.0
728842930549897002,0.0,0.0,0.0,0.0,0.0
728942930459500901,0.0,0.0,0.0,0.0,0.0
728942930508830501,0.0,0.0,0.0,0.0,0.0
728942930523743302,0.0,0.0,0.0,0.0,0.0
729442928202993902,6.519999980926514,17.6110269421729,158.34312416555406,42.88872528076172,440.27568647261455
729642930509316501,0.0,0.0,0.0,0.0,0.0
729742930473396301,0.0,0.0,0.0,0.0,0.0
729842928664038701,0.0,0.0,0.0,0.0,0.0
729942930528741801,0.0,0.0,0.0,0.0,0.0
729942930531735002,3.068965435028076,7.575523339749759,61.17805582290664,25.53021240234375,219.69017759438773
729942930538749302,2.8235294818878174,6.509172480396679,46.990036900369006,15.66087532043457,110.65592852377803
731342930509055901,0.0,0.0,0.0,0.0,0.0
731342930529588602,1.7586207389831543,7.724992025205945,79.58022922636103,70.33123779296875,448.0495413271951
731542929861231001,0.0,0.0,0.0,0.0,0.0
731642930474993502,0.0,0.0,0.0,0.0,0.0
731842930529884101,0.49152541160583496,10.815615068855932,193.06440677966103,149.60760498046875,1276.2425265209822
732242930455101101,1.3194444179534912,21.299743194808844,213.01499250374812,107.0005874633789,1533.5815500919966
732342930527132002,0.0,0.0,0.0,0.0,0.0
732442930462972101,0.0,0.0,0.0,0.0,0.0
732542930475142002,0.0,0.0,0.0,0.0,0.0
732642930509335302,0.0,0.0,0.0,0.0,0.0
732742930531854702,0.0,0.0,0.0,0.0,0.0
732942930460657301,2.450000047683716,2.6304831348876627,16.327306567402285,9.0341157913208,52.6096631805493
733042930527487301,0.0,0.0,0.0,0.0,0.0
733342930510619002,0.0,0.0,0.0,0.0,0.0
733542929012617102,0.0,0.0,0.0,0.0,0.0
733642930466511702,0.0,0.0,0.0,0.0,0.0
733642930507971802,0.0,0.0,0.0,0.0,0.0
733742930515525102,5.214285850524902,17.84293682391827,321.2298076923077,54.571746826171875,499.6022524907039
733742930546339002,0.0,0.0,0.0,0.0,0.0
733842929800091802,0.0,0.0,0.0,0.0,0.0
734242930457519401,0.0,0.0,0.0,0.0,0.0
734342930549901602,0.0,35.71430730174081,35.7143778207608,5.195804595947266,35.71430730174081
734442930534817002,0.0,0.0,0.0,0.0,0.0
734742930076008601,0.0,0.0,0.0,0.0,0.0
734742930543673001,0.0,0.0,0.0,0.0,0.0
734842930479746102,2.2153847217559814,2.127952047989085,138.31688219243088,31.33968734741211,138.31688873515265
734942930518880301,0.0,0.0,0.0,0.0,0.0
735042930545828002,0.0,0.0,0.0,0.0,0.0
735142930522300602,0.0,0.0,0.0,0.0,0.0
735142930522899001,0.0,0.0,0.0,0.0,0.0
735342930472325001,271.0,1.2828581797699297,1.2827667057444314,0.26026278734207153,1.2828581797699297
735342930520929801,0.0,0.0,0.0,0.0,0.0
735442929800456501,0.0,0.0,0.0,0.0,0.0
735442930475264201,0.0,0.0,0.0,0.0,0.0
735542930460016202,0.925000011920929,5.357930443853368,44.883622428398546,54.47435760498047,428.6344244442625
735642928015149902,2.9180328845977783,22.049318188298358,233.8102189781022,86.4855728149414,1345.008460330267
735742930524567701,0.0,0.0,0.0,0.0,0.0
735742930533007802,0.0,0.0,0.0,0.0,0.0
735942930521494601,0.0,0.0,0.0,0.0,0.0
736042930543201701,0.0,0.0,0.0,0.0,0.0
736142928096645402,3.0,7.26675755607221,7.266593727206419,0.7260540127754211,7.26675755607221
736142930467949601,0.0,0.0,0.0,0.0,0.0
736242930538538202,0.0,0.0,0.0,0.0,0.0
736342930518400701,0.0,0.0,0.0,0.0,0.0
736442930477504102,0.0,0.0,0.0,0.0,0.0
736442930515792202,0.0,0.0,0.0,0.0,0.0
736442930549875302,0.0,0.0,0.0,0.0,0.0
736642930446691002,3.0,10.88639061243971,33.31189710610933,5.542407512664795,65.31834323306559
736742930546638901,0.0,0.0,0.0,0.0,0.0
736942930542401802,5.0,7.293644121038316,36.189214758751184,11.838845252990723,87.52373001546147
737142930543350701,0.0,0.0,0.0,0.0,0.0
737142930549156801,0.0,0.0,0.0,0.0,0.0
737242928633983801,0.0,0.0,0.0,0.0,0.0
737542929476623601,0.7786259651184082,6.290787522810219,418.6715328467153,87.01568603515625,824.0931568044815
737542930531384801,0.0,0.0,0.0,0.0,0.0
737742930453612901,1.39130437374115,17.680820555124225,754.4223602484471,157.2870635986328,1626.6354728935669
737742930526022401,3.07608699798584,6.8020408315692436,125.00273149412729,89.06776428222656,625.7877700548295
737942930097616401,0.23076923191547394,13.558237358648162,147.97943973271651,92.6973648071289,1410.0567327568997
738042930527178102,0.0,8.449353817185894,0.0,121.91795349121094,1013.9224553145353
738142930451961401,0.0,0.0,0.0,0.0,0.0
738142930533054302,0.0,0.0,0.0,0.0,0.0
738242930540616501,0.0,0.0,0.0,0.0,0.0
738242930543621201,3.038461446762085,3.9464216020249783,81.58085475021657,81.54936218261719,410.42784028214385
738342930473904902,0.0,0.0,0.0,0.0,0.0
738442930524781601,0.0,0.0,0.0,0.0,0.0
738542930474153702,3.6315789222717285,21.23555237080628,151.35064935064935,11.423246383666992,403.4754961022051
738642930477169202,0.0,0.0,0.0,0.0,0.0
738642930527516801,0.0,0.0,0.0,0.0,0.0
738742930544018201,0.0,0.0,0.0,0.0,0.0
738842930544021902,0.0,0.0,0.0,0.0,0.0
739042930473663702,0.0,0.0,0.0,0.0,0.0
739142930525380301,0.0,0.0,0.0,0.0,0.0
739242928653524301,0.0,0.0,0.0,0.0,0.0
739242930475291601,0.0,0.0,0.0,0.0,0.0
739242930521845301,3.390000104904175,12.137172154017858,259.4099378881988,85.06783294677734,1213.7172461563016
739342930534811301,0.0,0.0,0.0,0.0,0.0
739542930518662002,0.0,0.0,0.0,0.0,0.0
739842930528586602,0.0,0.0,0.0,0.0,0.0
739942930474247801,0.0,0.0,0.0,0.0,0.0
739942930475675602,0.0,0.0,0.0,0.0,0.0
739942930509665302,0.0,69.99485010518934,69.99509116409537,6.462767124176025,69.99485010518934
741142930450133202,0.0,0.0,0.0,0.0,0.0
741242930464967602,0.0,0.0,0.0,0.0,0.0
741342930471659901,0.0,0.0,0.0,0.0,0.0
741342930507683502,0.0,0.0,0.0,0.0,0.0
741542930473974002,0.0,0.0,0.0,0.0,0.0
741642930526223702,0.0,0.0,0.0,0.0,0.0
741642930532255502,0.0,128.14724925149702,128.14730538922154,7.500376224517822,128.14724925149702
741842930534899702,0.0,0.0,0.0,0.0,0.0
741942930460427001,0.0,0.0,0.0,0.0,0.0
742142927988856202,0.0,0.0,0.0,0.0,0.0
742342930453758302,2.6086957454681396,6.436394434611794,63.26637622529952,88.11526489257812,592.1483003026649
742542930471723202,0.0,0.0,0.0,0.0,0.0
742742930471636501,0.0,0.0,0.0,0.0,0.0
742742930510071001,0.0,0.0,0.0,0.0,0.0
742942930184370202,0.0,0.0,0.0,0.0,0.0
742942930465440001,3.3421051502227783,4.901037444108687,50.5188679245283,27.85089874267578,186.23942371434384
743142930464727701,0.0,0.0,0.0,0.0,0.0
743242930536606001,3.592592477798462,8.896004126082252,65.33636363636364,29.299423217773438,240.1921122761516
743442930541434601,0.0,0.0,0.0,0.0,0.0
743542930524091302,4.550000190734863,15.45180955573694,191.76865671641792,20.74452781677246,309.03618957391427
743542930544765102,2.3333332538604736,43.0719236381323,366.38677042801555,30.674192428588867,387.64731955324163
743542930547574501,0.0,0.0,0.0,0.0,0.0
743842930456424802,0.0,0.0,0.0,0.0,0.0
743942930479775402,0.0,0.0,0.0,0.0,0.0
743942930522308902,0.0,0.0,0.0,0.0,0.0
744042929543889402,3.222222328186035,8.434629166301681,155.32866152768045,80.69482421875,607.2933177811412
744042930532707001,0.0,0.0,0.0,0.0,0.0
744142930521176202,0.0,0.0,0.0,0.0,0.0
744142930534687902,1.6875,9.67049068933611,101.00254452926208,20.888750076293945,154.72784953632484
744642930462634201,0.0,0.0,0.0,0.0,0.0
744742930475299301,0.0,0.0,0.0,0.0,0.0
744842929800342902,0.0,0.0,0.0,0.0,0.0
744942930472424402,0.0,0.0,0.0,0.0,0.0
745042930456188002,0.0,139.44596036585367,26.283739837398375,19.946264266967773,139.44596036585367
745042930478192601,0.0,0.0,0.0,0.0,0.0
745242930526604202,0.0,0.0,0.0,0.0,0.0
745342930451956402,0.0,0.0,0.0,0.0,0.0
745442930200242001,2.9795918464660645,7.443466171490148,161.54285714285714,71.80355072021484,729.4596954323094
745642928091208001,0.0,0.0,0.0,0.0,0.0
745642930454699602,0.0,0.0,0.0,0.0,0.0
745842930461008802,0.0,0.0,0.0,0.0,0.0
745842930543313301,0.0,0.0,0.0,0.0,0.0
746042930142328302,3.0,8.807575815750301,8.807575077381093,0.9254387021064758,8.807575815750301
746042930476625101,0.0,0.0,0.0,0.0,0.0
746142930460295001,3.180952310562134,4.123222790719607,64.65717249834952,73.45065307617188,432.93838064353287
746142930524520202,0.0,0.0,0.0,0.0,0.0
746242930463776001,0.0,0.0,0.0,0.0,0.0
746342930457665402,0.0,0.0,0.0,0.0,0.0
746342930463878801,0.0,0.0,0.0,0.0,0.0
746642927966216502,0.0,0.0,0.0,0.0,0.0
746742929372946401,0.0,0.0,0.0,0.0,0.0
746742930469050901,0.0,0.0,0.0,0.0,0.0
746742930477841502,0.0,0.0,0.0,0.0,0.0
746742930530543702,0.0,0.0,0.0,0.0,0.0
746742930543821902,8.375,10.262791837082482,37.36287207452852,11.128508567810059,82.1023333652863
747042930524642501,0.0,0.0,0.0,0.0,0.0
747242930477155201,0.0,0.0,0.0,0.0,0.0
747442930467088501,3.2178218364715576,12.642596334586466,213.17924812030074,114.15528869628906,1276.9022704412705
747742930541866701,1.0,0.14954788655333875,0.14957654723127037,0.02584834024310112,0.14954788655333875
748042930531543202,0.0,0.0,0.0,0.0,0.0
748242930454229802,0.0,4.865708053132519,0.0,59.73796463012695,496.30223259379994
748242930518778501,0.0,0.0,0.0,0.0,0.0
748342928967256601,0.0,0.0,0.0,0.0,0.0
748342930464625102,0.0,0.0,0.0,0.0,0.0
748342930546884901,0.0,0.0,0.0,0.0,0.0
748542930454194802,0.0,0.0,0.0,0.0,0.0
748542930459519002,2.75,1.186158091542571,3.841009743135518,0.5290088057518005,4.744632474292792
748542930509083001,0.0,0.0,0.0,0.0,0.0
748542930524919801,0.0,0.0,0.0,0.0,0.0
748942928979759201,0.0,0.0,0.0,0.0,0.0
748942930524024102,0.0,0.0,0.0,0.0,0.0
748942930528259001,3.0,30.925504519174474,174.11241217798596,107.28856658935547,1020.541684510278
749042930535188201,0.0,0.0,0.0,0.0,0.0
749142930533508002,2.5163934230804443,5.627273561417847,101.07864148201962,77.69097137451172,686.5273646980412
749142930545493601,0.0,0.0,0.0,0.0,0.0
749342928043475002,0.0,0.0,0.0,0.0,0.0
751142930473745402,0.0,0.0,0.0,0.0,0.0
751142930535995802,0.0,0.0,0.0,0.0,0.0
751242930462920302,0.0,0.0,0.0,0.0,0.0
751242930540585502,0.0,0.0,0.0,0.0,0.0
751342930468117401,2.4166667461395264,4.355661624735066,121.6493837820865,63.32135772705078,627.2152805341844
751542930516435202,0.0,0.0,0.0,0.0,0.0
751542930536437302,4.177215099334717,9.211848164380081,143.17439024390245,95.4030990600586,727.7360288871982
751742930473859501,0.0,0.0,0.0,0.0,0.0
751842930476377802,0.0,0.0,0.0,0.0,0.0
752042930469315501,0.0,0.0,0.0,0.0,0.0
752142930526027902,0.0,0.0,0.0,0.0,0.0
752442930525788701,0.0,0.0,0.0,0.0,0.0
752842930473388502,0.0,70.58469539375929,38.72395575367344,22.143274307250977,141.16939078751858
753142930528832802,0.0,0.0,0.0,0.0,0.0
753242927904948402,0.0,0.0,0.0,0.0,0.0
753242930475495502,0.0,0.0,0.0,0.0,0.0
753242930525301802,0.0,0.0,0.0,0.0,0.0
753342930458410102,0.0,0.0,0.0,0.0,0.0
753342930517172002,0.0,0.0,0.0,0.0,0.0
753442930458177702,0.0,0.0,0.0,0.0,0.0
753442930546984902,4.0,10.346572883961278,53.50235478806908,10.49463176727295,82.77257933085156
753742930508107502,3.0303030014038086,6.686631633000861,41.61308840413318,26.143203735351562,220.65883918087738
753842929284173502,0.0,0.0,0.0,0.0,0.0
753942930458126802,0.0,0.0,0.0,0.0,0.0
754042930474411501,0.0,0.0,0.0,0.0,0.0
754142930510380702,0.0,0.0,0.0,0.0,0.0
754242930539056601,0.0,0.0,0.0,0.0,0.0
754242930546328902,3.4285714626312256,5.79194264816675,57.65896534404822,16.56678009033203,121.630793128404
754342930508346001,0.0,0.0,0.0,0.0,0.0
754542930450506301,0.0,0.0,0.0,0.0,0.0
754542930521328001,0.0,0.0,0.0,0.0,0.0
754542930534566901,0.0,0.0,0.0,0.0,0.0
754642930411668402,1.0,21.877205773774364,21.877141169521558,2.8677432537078857,21.877205773774364
754642930448728702,0.0,0.0,0.0,0.0,0.0
754642930468904202,0.0,0.0,0.0,0.0,0.0
754742930509141001,0.0,0.0,0.0,0.0,0.0
754742930519092101,0.0,0.0,0.0,0.0,0.0
754842929194568002,0.0,0.0,0.0,0.0,0.0
754842930531037201,0.0,0.0,0.0,0.0,0.0
754942929091873102,2.799999952316284,5.293151230810499,28.084516342027072,8.050365447998047,52.93151195547533
754942930510146201,0.0,0.0,0.0,0.0,0.0
754942930519302201,2.36956524848938,9.097109652148207,370.6484036263303,98.12510681152344,1255.4011121034905
754942930537316102,0.5,13.191242705934688,5.4488172493196565,4.03359842300415,26.38248500300921
755042930463252802,1.6944444179534912,6.860903351141331,46.01709567751335,46.207984924316406,246.9925267386749
755142930525235801,2.0999999046325684,7.172090397828014,39.14397163120567,9.499154090881348,71.72090211692431
755342930469345301,4.818181991577148,10.64203442353644,63.93130227001195,19.200613021850586,117.06237283430931
755342930538800701,0.0,0.0,0.0,0.0,0.0
755442930475572701,0.0,0.0,0.0,0.0,0.0
755542930526175202,0.0,0.0,0.0,0.0,0.0
755642930446488302,0.0,0.0,0.0,0.0,0.0
755842930447690702,0.0,0.0,0.0,0.0,0.0
756242930458599801,0.0,0.0,0.0,0.0,0.0
756442928726364102,0.0,0.0,0.0,0.0,0.0
756642930480195101,0.0,0.0,0.0,0.0,0.0
756742930543284001,0.0,0.0,0.0,0.0,0.0
756942930532631301,1.0,5.268706424302789,31.25461789206809,96.96977996826172,542.6767488514889
757042930456484001,6.0,33.179684377498,70.30055955235811,12.9780912399292,99.539056254996
757042930526438702,0.0,0.0,0.0,0.0,0.0
757142930515607701,1.065573811531067,9.340007442412805,56.74778761061947,59.64345932006836,569.7404826043609
757442930466583202,0.0,0.0,0.0,0.0,0.0
757542930529923202,0.0,0.0,0.0,0.0,0.0
757742928757969001,0.0,0.0,0.0,0.0,0.0
757842928258270602,5.153846263885498,3.3668153440797486,13.967126623376624,6.349250316619873,43.768599572119776
758042928602853002,4.199999809265137,12.404703465599455,58.513351498637604,24.8989200592041,248.09406236445872
758042930474086402,2.200000047683716,10.233708138629284,59.04548286604361,13.091642379760742,102.33708534790348
758142930530827302,0.0,0.0,0.0,0.0,0.0
758242930159219901,3.230769157409668,14.781520222197898,87.21015761821366,16.534543991088867,192.1597728829459
758242930459609201,0.0,0.0,0.0,0.0,0.0
758242930524619902,0.0,0.0,0.0,0.0,0.0
758342930532955101,0.0,0.0,0.0,0.0,0.0
758542930538871101,0.0,0.0,0.0,0.0,0.0
758742930509973401,0.0,0.0,0.0,0.0,0.0
758842930516754702,0.0,0.0,0.0,0.0,0.0
759142930517837001,3.5374999046325684,15.072461209144645,377.5813630041725,101.25906372070312,1205.7968622401295
759442928967092902,5.4285712242126465,38.03803740530303,220.31151515151515,21.615095138549805,266.26626901337596
759442930475081701,0.0,0.0,0.0,0.0,0.0
759742930475779602,0.0,0.0,0.0,0.0,0.0
759742930518516101,110.0,1.9632781898351412,3.9269972451790633,0.24287138879299164,3.9265563796702825
759742930531826402,3.0641026496887207,4.304673578354298,74.98993710691823,56.648292541503906,335.7645341281371
759842930342859001,0.0,0.0,0.0,0.0,0.0
761142930529910401,3.232558250427246,5.582293141735325,42.98208032955716,37.34114074707031,240.03861369674163
761342929839451902,3.8305084705352783,7.124305910135307,86.29135818228237,46.87269592285156,420.33406336367784
761342930534268601,0.0,0.0,0.0,0.0,0.0
761442929901274502,0.0,0.0,0.0,0.0,0.0
761442930456868501,2.3499999046325684,9.16048867051566,83.35653274280291,101.21562194824219,1099.2586223827966
761442930509005001,0.0,0.0,0.0,0.0,0.0
761642929372779502,0.0,0.0,0.0,0.0,0.0
761742928878266802,0.0,0.0,0.0,0.0,0.0
761742930516272301,0.007968127727508545,7.771852415240727,0.4878308002975874,131.98387145996094,1950.734953497685
761842930539848401,0.0,0.0,0.0,0.0,0.0
762142930519940701,0.0,0.0,0.0,0.0,0.0
762242929309570201,0.0,0.0,0.0,0.0,0.0
762242930460430702,1.9157894849777222,7.998884917120081,112.94470454257876,96.51167297363281,759.8940475132742
762242930536443802,0.0,362.586877394636,337.15019157088125,21.157150268554688,362.586877394636
762442930475939001,0.0,0.0,0.0,0.0,0.0
762742930459418802,0.0,0.0,0.0,0.0,0.0
762742930459632601,0.0,0.0,0.0,0.0,0.0
762942930455609302,0.0,0.0,0.0,0.0,0.0
762942930549462102,0.0,0.0,0.0,0.0,0.0
763342930012331001,1.1972477436065674,6.0452533348870245,744.6382119234696,181.15902709960938,1317.8651534377611
763442930459100501,0.0,0.0,0.0,0.0,0.0
763442930520624602,0.0,0.0,0.0,0.0,0.0
763742930468785601,0.0,0.0,0.0,0.0,0.0
763742930522540202,3.3958332538604736,5.541229620212462,130.89272103658536,91.89696502685547,531.9580495887799
763742930549198901,1.8387097120285034,20.460494247568445,46.8328530259366,55.30905532836914,634.27533425103
763942928739548802,2.03125,8.149495167960838,138.84841323430115,128.16278076171875,782.3515543580297
763942930527556701,0.0,0.0,0.0,0.0,0.0
764142930542767902,0.0,0.0,0.0,0.0,0.0
764242930531902702,0.0,0.0,0.0,0.0,0.0
764342929735780202,0.0,0.0,0.0,0.0,0.0
764642930543133502,11.199999809265137,6.965919921875,34.832,3.6744580268859863,34.82959948730469
764742930550657701,0.0,0.0,0.0,0.0,0.0
764842930458088902,0.0,0.0,0.0,0.0,0.0
764842930524609801,0.0,0.0,0.0,0.0,0.0
764942930451690902,0.0,0.0,0.0,0.0,0.0
764942930476892201,0.0,0.0,0.0,0.0,0.0
765242928990481001,0.0,0.0,0.0,0.0,0.0
765342930451224102,0.0,0.0,0.0,0.0,0.0
765342930532594302,0.0,0.0,0.0,0.0,0.0
765442930450956601,0.0,0.0,0.0,0.0,0.0
765442930461657301,0.0,0.0,0.0,0.0,0.0
765542930544129601,0.0,0.0,0.0,0.0,0.0
765642929456721202,3.8979592323303223,15.830106921073718,300.2717948717949,58.32706832885742,775.6752410509647
765642930541715502,0.0,0.0,0.0,0.0,0.0
765742930454226601,0.0,0.0,0.0,0.0,0.0
765742930468090501,0.0,0.0,0.0,0.0,0.0
765942930479079402,0.0,0.0,0.0,0.0,0.0
766042930526573601,2.7289719581604004,6.256976647366264,87.24267267882763,98.1469955444336,669.4964887302756
766242930524092001,0.0,0.0,0.0,0.0,0.0
766442930461358101,0.0,0.0,0.0,0.0,0.0
766442930542604801,0.0,0.0,0.0,0.0,0.0
766542927975285601,0.0,0.0,0.0,0.0,0.0
766542930525683902,0.0,0.0,0.0,0.0,0.0
766542930544795501,0.0555555559694767,6.379679428706133,13.365037717284356,107.49259948730469,689.0053732231743
766642929456991301,0.0,0.0,0.0,0.0,0.0
766642930533177401,0.0,0.0,0.0,0.0,0.0
766842930480172401,3.170212745666504,7.5358524596291865,105.79744816586921,77.86378479003906,708.3701021853817
766842930546929202,0.0,0.0,0.0,0.0,0.0
766942930532052102,6.0,11.759173680865576,26.753968253968253,2.540431499481201,35.27752055819072
766942930533452502,0.0,0.0,0.0,0.0,0.0
767042928789923501,0.0,0.0,0.0,0.0,0.0
767142930545023602,0.0,0.0,0.0,0.0,0.0
767342930474126302,0.0,0.0,0.0,0.0,0.0
767742930527127401,0.0,0.0,0.0,0.0,0.0
767942930517197501,0.0,71.1171685835351,71.11723163841808,8.57945442199707,71.1171685835351
768142928607058202,0.0,0.0,0.0,0.0,0.0
768142929012910901,0.0,0.0,0.0,0.0,0.0
768142930479507402,0.0,0.0,0.0,0.0,0.0
768342930549072102,0.0,0.0,0.0,0.0,0.0
768442929543790002,0.0,0.0,0.0,0.0,0.0
768442930453312102,4.195121765136719,7.2448623223514215,88.17866371354744,41.44001007080078,297.0393680081063
768442930516932402,0.0,0.0,0.0,0.0,0.0
768742930459748301,0.0,0.0,0.0,0.0,0.0
768742930519976801,0.0,0.0,0.0,0.0,0.0
768742930532593301,0.0,0.0,0.0,0.0,0.0
768742930546262102,0.0,0.0,0.0,0.0,0.0
768942930477568501,0.0,0.0,0.0,0.0,0.0
769042929721548401,0.0,0.0,0.0,0.0,0.0
769042930454948301,0.0,11.718655684104627,0.0,100.00840759277344,714.8379878896178
769042930510266802,0.0,0.0,0.0,0.0,0.0
769142930524552902,0.0,0.0,0.0,0.0,0.0
769242930465461002,3.5,8.193302345488043,71.73414905450501,14.45254135131836,114.70623507727771
769342930515814002,0.0,0.0,0.0,0.0,0.0
769542930449226601,0.0,0.0,0.0,0.0,0.0
769542930478713902,0.907216489315033,5.301767086924024,39.32386563489272,78.29176330566406,514.2714102007409
769742929839403502,0.0,47.90180422212524,47.90181104080297,7.6139140129089355,47.90180422212524
769742930524787902,0.0,0.0,0.0,0.0,0.0
769742930529503102,0.0,0.0,0.0,0.0,0.0
769942930533553002,0.0,0.0,0.0,0.0,0.0
771242930517918102,0.0,0.0,0.0,0.0,0.0
771242930549734802,0.0,0.0,0.0,0.0,0.0
771442927975242201,0.0,0.0,0.0,0.0,0.0
771442930531741101,0.0,0.0,0.0,0.0,0.0
771542930475690702,0.0,0.0,0.0,0.0,0.0
771542930530420301,0.0,0.0,0.0,0.0,0.0
771642929269267201,0.0,0.0,0.0,0.0,0.0
771742930526615202,4.875,19.957790573024948,243.56964656964658,87.20880889892578,957.9739286200668
771842928932571602,0.0,0.0,0.0,0.0,0.0
772042930518296002,0.0,0.0,0.0,0.0,0.0
772142930460642302,2.5579710006713867,4.704468500363109,220.78828370854515,96.33493041992188,649.2166725252881
772442927901338901,5.833333492279053,2.955428431229384,27.13936228697086,5.792491436004639,53.19771055627354
772442930525244601,0.0,0.0,0.0,0.0,0.0
772442930529133601,0.0,0.0,0.0,0.0,0.0
772842930524188301,0.0,0.0,0.0,0.0,0.0
772842930533471901,2.576923131942749,8.104467936664278,191.49474689589303,123.81633758544922,842.8646482820155
772842930534651101,0.0,0.0,0.0,0.0,0.0
772842930545597801,0.0,0.0,0.0,0.0,0.0
773042930474939502,0.0,0.0,0.0,0.0,0.0
773042930517042102,0.0,0.0,0.0,0.0,0.0
773142928258122402,0.0,0.0,0.0,0.0,0.0
773142930455877401,4.0,13.548326535054512,134.51786795881284,35.414669036865234,487.73976837888335
773442930476283801,0.0,0.0,0.0,0.0,0.0
773542930466500401,0.0,0.0,0.0,0.0,0.0
773742927963650802,0.0,0.0,0.0,0.0,0.0
773842930475318301,3.7173912525177,7.84611749525095,89.28234353129375,53.066017150878906,360.9213985803723
773842930542881302,2.5,16.234550856082375,16.371647509578544,1.167505145072937,32.469099841355366
773942930457397801,3.0,21.556375361544266,106.76760563380282,20.03325653076172,194.00738463987048
773942930524179501,5.25,30.127790689686755,120.511265799597,12.255924224853516,120.51116257985666
773942930535252001,0.0,0.0,0.0,0.0,0.0
773942930545339702,0.0,0.0,0.0,0.0,0.0
774142930473192902,3.7647058963775635,11.69133735670194,74.1252204585538,25.62271499633789,198.7527349125561
774442930473346201,4.470588207244873,35.132754970544916,266.87776141384387,26.533113479614258,597.2568475894619
774442930516563901,0.0,0.0,0.0,0.0,0.0
774642930478609202,0.0,0.0,0.0,0.0,0.0
774842930509319202,0.0,0.0,0.0,0.0,0.0
774942930528725202,0.0,0.0,0.0,0.0,0.0
775042930549875901,2.213740348815918,6.358058641673193,122.84168624380058,105.97069549560547,832.9056916531866
775242930477103701,1.0,1.3900206447203298,1.3900143420580853,0.21034198999404907,1.3900206447203298
775342930515885902,0.0,0.0,0.0,0.0,0.0
775342930533707102,0.0,0.0,0.0,0.0,0.0
775342930536044501,0.0,0.0,0.0,0.0,0.0
775342930544529802,0.0,0.0,0.0,0.0,0.0
775442928247207701,2.205479383468628,4.965245812999113,535.0155279503106,121.98672485351562,724.9258848437188
775542930509392802,0.0,0.0,0.0,0.0,0.0
775742930451514601,0.0,0.0,0.0,0.0,0.0
775742930469338602,0.0,0.0,0.0,0.0,0.0
775742930531576201,0.0,0.0,0.0,0.0,0.0
775842930545108101,0.0,0.0,0.0,0.0,0.0
776142929439514102,0.0,0.0,0.0,0.0,0.0
776142930543691701,3.123711347579956,2.703038181751718,155.04401228249745,44.803070068359375,262.1947099266214
776342930466918701,0.0,0.0,0.0,0.0,0.0
776342930479367001,0.0,0.0,0.0,0.0,0.0
776342930520595402,0.0,0.0,0.0,0.0,0.0
776342930529182402,0.0,14.141056624003783,14.14102390922599,2.0616307258605957,14.141056624003783
776342930531140302,2.9666666984558105,9.102564913818648,59.12998814697748,31.736875534057617,273.0769483300359
776342930543786801,0.0,0.0,0.0,0.0,0.0
776542930531824101,0.0,0.0,0.0,0.0,0.0
776642928021818302,0.0,0.0,0.0,0.0,0.0
776642930515873301,0.0,0.0,0.0,0.0,0.0
776742930480086601,0.0,0.0,0.0,0.0,0.0
776742930523716602,0.0,0.0,0.0,0.0,0.0
776842930528938501,0.0,0.0,0.0,0.0,0.0
776842930536068502,0.0,0.0,0.0,0.0,0.0
776942930524452701,0.0,0.0,0.0,0.0,0.0
777242930450063302,2.8333332538604736,5.624715951772837,33.74793956043956,6.785713195800781,33.74829638135302
777342930534776602,0.0,0.0,0.0,0.0,0.0
777442930516602301,4.793103218078613,21.157753346214157,220.10752688172042,62.48512649536133,613.5748420018022
777442930527433102,0.0,0.0,0.0,0.0,0.0
777442930530250002,0.0,0.0,0.0,0.0,0.0
777642930519773301,0.0,0.0,0.0,0.0,0.0
777742930479628601,0.0,0.0,0.0,0.0,0.0
777842930472830402,0.0,0.0,0.0,0.0,0.0
777842930516503902,0.0,0.0,0.0,0.0,0.0
777842930526744102,2.9759035110473633,10.500864453665283,211.6496081143384,0.0,871.5717494458083
778242930531554001,0.0,0.0,0.0,0.0,0.0
778242930543394801,0.0,0.0,0.0,0.0,0.0
778342930548631302,0.0,0.0,0.0,0.0,0.0
778442929331751501,0.0,0.0,0.0,0.0,0.0
778442930454922102,0.0,0.0,0.0,0.0,0.0
778542930519394202,4.181818008422852,7.3896726292470385,92.37520806814844,53.699317932128906,487.7183748635748
778642930528102201,4.130434989929199,12.51626247829861,155.47222222222223,97.27996063232422,863.6221363885062
778842929946433101,2.142857074737549,11.786374709133216,76.61876090750437,29.632858276367188,247.5138644748264
779142928067753302,3.3529412746429443,4.5339078441232585,53.317186463171865,36.02354049682617,231.229302844862
779142930454007402,0.0,0.0,0.0,0.0,0.0
779342930475595301,0.0,0.0,0.0,0.0,0.0
779342930528311502,3.6666667461395264,12.521924198400923,49.16320474777448,9.543856620788574,75.13154841019617
779542930525824701,2.5714285373687744,5.636627190286989,18.25062885890693,7.143540382385254,39.45638910376886
779742930518126701,0.0,0.0,0.0,0.0,0.0
779742930550836101,2.5188679695129395,5.960561242010541,87.91433056739179,75.19591522216797,631.8194739005309
779842930528013401,0.0,0.0,0.0,0.0,0.0
779942928242605201,0.0,0.0,0.0,0.0,0.0
779942930525768601,0.0,0.0,0.0,0.0,0.0
781242930528004102,0.17105263471603394,13.058405763446567,182.38924274593063,217.05596923828125,1984.8777638575075
781542929613319202,0.0,0.0,0.0,0.0,0.0
781742930545603602,0.0,0.0,0.0,0.0,0.0
781842930478569102,2.3432836532592773,8.315770241947344,142.00301514928665,69.89046478271484,557.156596524485
782042930519983001,0.0,0.0,0.0,0.0,0.0
782142930509565602,0.0,0.0,0.0,0.0,0.0
782242930463891102,3.1020407676696777,22.651234429003456,124.14746543778801,93.13777923583984,1109.9104977752756
782342930464471102,0.0,0.0,0.0,0.0,0.0
782642930460611001,0.0,0.0,0.0,0.0,0.0
782642930526694301,0.0,0.0,0.0,0.0,0.0
782742929069883302,0.0,0.0,0.0,0.0,0.0
782742930518665902,0.0,0.0,0.0,0.0,0.0
782742930548055602,44.0,0.04138621917137733,0.08333333333333333,0.009272358380258083,0.08277243834275466
782842930472211801,1.162264108657837,5.194608983726573,828.7222734560107,184.3750457763672,1376.5714055599242
782842930523338101,0.4000000059604645,16.068533069417786,13.097248880358284,100.34477233886719,1365.825260262419
782942928855295402,0.0,0.0,0.0,0.0,0.0
782942930550273902,0.0,0.0,0.0,0.0,0.0
783142930475311202,0.0,0.0,0.0,0.0,0.0
783142930524033101,0.0,0.0,0.0,0.0,0.0
783242930435923402,0.0,0.0,0.0,0.0,0.0
783442930457873101,77.0,11.680032733224223,11.680851063829786,0.8257783055305481,11.680032733224223
783442930475894501,0.0,0.0,0.0,0.0,0.0
783442930534528202,3.6021504402160645,5.4883822057803835,110.39135779122542,62.11942672729492,510.4195368271913
783442930546572802,0.0,0.0,0.0,0.0,0.0
783742930458253801,0.0,0.0,0.0,0.0,0.0
783742930521498701,0.0,0.0,0.0,0.0,0.0
783842930548599002,0.0,0.0,0.0,0.0,0.0
783942930449037902,3.5,6.486884057720018,59.433939259587675,19.179658889770508,207.58028967567938
783942930474252402,2.274509906768799,8.23865733647203,178.31268107867172,62.4605598449707,420.1715160231296
783942930531632201,4.742856979370117,9.646425924618859,109.07509881422925,69.21601867675781,675.2497762058631
784642929501690802,2.6666667461395264,4.669544112907951,34.624597175836406,8.563485145568848,56.034527466657146
784842930534724801,0.0,0.0,0.0,0.0,0.0
784842930545061101,0.0,0.0,0.0,0.0,0.0
784942930476591601,0.0,0.0,0.0,0.0,0.0
784942930529549701,0.0,0.0,0.0,0.0,0.0
785042930462606001,0.0,0.0,0.0,0.0,0.0
785242928042281901,0.0,0.0,0.0,0.0,0.0
785342930474536401,0.0,0.0,0.0,0.0,0.0
785342930523919402,0.0,0.0,0.0,0.0,0.0
785342930524892802,0.0,0.0,0.0,0.0,0.0
785542930528001701,0.0,0.0,0.0,0.0,0.0
785642930532277002,0.0,0.0,0.0,0.0,0.0
785742930184537101,5.121212005615234,27.526254973796583,348.53416149068323,116.4790267944336,1816.7327369251607
785742930184590001,0.0,0.0,0.0,0.0,0.0
785842930446725402,0.0,0.0,0.0,0.0,0.0
785842930465005902,0.25,3.844349690399836,22.058542576419214,49.715728759765625,338.30277885307913
785842930519421901,0.0,0.0,0.0,0.0,0.0
785942930548106801,2.453125,5.056347203088747,97.84957463263727,43.94101333618164,647.2124492447227
786042930549165502,5.0,5.131130834069493,5.13133097762073,0.4462428689002991,5.131130834069493
786442930469601302,0.0,0.0,0.0,0.0,0.0
786442930542702602,0.0,0.0,0.0,0.0,0.0
786542930473755202,3.0,61.66618599873578,61.66624525916561,6.838872909545898,61.66618599873578
786542930544320802,0.0,0.0,0.0,0.0,0.0
786642928135690801,0.0,0.0,0.0,0.0,0.0
786642929800291402,0.0,0.0,0.0,0.0,0.0
786642930474830401,0.0,0.0,0.0,0.0,0.0
786742930477382902,0.0,0.0,0.0,0.0,0.0
787142929346398801,0.0,0.0,0.0,0.0,0.0
787442930518450901,0.0,17.617598393278303,0.0,131.4817352294922,1215.6143510512586
787642930534343202,0.0,0.0,0.0,0.0,0.0
787742928258284701,0.0,0.0,0.0,0.0,0.0
787742930476743501,0.0,0.0,0.0,0.0,0.0
787942930463685102,0.0,0.0,0.0,0.0,0.0
788042929331622001,0.0,0.0,0.0,0.0,0.0
788042930545910402,3.3010752201080322,5.686820571388933,102.38465197399715,89.01927947998047,528.8743154786744
788142930480566001,0.0,0.0,0.0,0.0,0.0
788342928988192502,0.0,0.0,0.0,0.0,0.0
788342930516599802,0.0,0.0,0.0,0.0,0.0
788542930530225502,0.0,0.0,0.0,0.0,0.0
788642928099739401,0.0,0.0,0.0,0.0,0.0
788742930545224501,0.0,0.0,0.0,0.0,0.0
788842930457949001,0.0,0.0,0.0,0.0,0.0
789142930474951301,0.0,0.0,0.0,0.0,0.0
789242930473443202,1.0,3.0148563658791865,3.014695830485304,0.47173231840133667,3.0148563658791865
789242930510920601,0.0,0.0,0.0,0.0,0.0
789342928664009802,0.0,0.0,0.0,0.0,0.0
789342930530039601,2.7272727489471436,3.3210147813362476,11.313075369996481,4.038599967956543,36.53116133865452
789542930516170601,1.0,2.057326125100624,4.114577044341584,0.948116660118103,8.229304565912827
789642930521356701,4.123287677764893,9.873543223092808,604.6326530612245,78.7864990234375,720.7686320435549
789642930546785901,0.0,0.0,0.0,0.0,0.0
789842929761637902,0.0,0.0,0.0,0.0,0.0
791242930459821801,0.0,11.227585504885994,76.51758957654724,33.337135314941406,505.2413518803127
791242930473795302,0.0,0.0,0.0,0.0,0.0
791242930477581001,4.875,9.952206824071842,51.225650916104144,8.721250534057617,79.61765541657877
791442930527242601,0.0,0.0,0.0,0.0,0.0
791642930550280802,3.4886362552642822,5.3947758239874135,101.2638373406487,86.95000457763672,474.74028842741967
791942928759342702,0.0,0.0,0.0,0.0,0.0
791942929346145902,0.0,0.0,0.0,0.0,0.0
791942930464434002,0.0,0.0,0.0,0.0,0.0
791942930477646801,0.0,0.0,0.0,0.0,0.0
792042929389319801,0.0,326.32740825688074,326.3272171253823,0.0,326.32740825688074
792042930459871802,2.875,6.264029327850969,32.50222371402199,19.462312698364258,150.3366990309889
792142930474135901,0.0,0.0,0.0,0.0,0.0
792142930523805202,0.0,0.0,0.0,0.0,0.0
792142930540998802,0.0,0.0,0.0,0.0,0.0
792142930544740501,2.6666667461395264,2.5965707553019968,14.057670842118318,2.635469436645508,23.36913720951414
792642930463270101,0.0,0.0,0.0,0.0,0.0
792942930475742502,0.0,0.0,0.0,0.0,0.0
792942930527241002,1.301204800605774,7.160800345068238,71.28933002481389,56.77896499633789,594.3464149848995
793042930528322601,0.0,0.0,0.0,0.0,0.0
793142930460010501,0.0,0.0,0.0,0.0,0.0
793542930515407802,0.0,70.44933622190567,0.0,8.558505058288574,70.44933622190567
793542930531525801,0.0,0.0,0.0,0.0,0.0
793742930479837702,3.858823537826538,6.29352003079607,100.65558245514099,80.9955825805664,534.9491881965674
793742930529081301,49.5,12.077420497904127,72.46431642304385,4.911566257476807,72.46452225269374
793842930454257301,0.0,0.0,0.0,0.0,0.0
793842930479910501,3.7750000953674316,7.378801804812834,58.73567608861727,35.65467834472656,295.1520863395324
793942930462395002,0.0,0.0,0.0,0.0,0.0
794242930534591401,0.0,0.0,0.0,0.0,0.0
794442930447904801,0.0,0.0,0.0,0.0,0.0
794542930101290201,0.0,0.0,0.0,0.0,0.0
794542930532969201,0.0,0.0,0.0,0.0,0.0
794642930546989801,0.11363636702299118,6.000625428289261,3.017736214124476,75.08255004882812,528.0550259046115
794742930479829901,0.0,0.0,0.0,0.0,0.0
794842930529842901,0.0,0.0,0.0,0.0,0.0
794942930516814001,3.304877996444702,4.784540440171641,86.90100579424949,47.56063461303711,392.3323190646757
795142930524750802,0.0,0.0,0.0,0.0,0.0
795142930526088701,1.3666666746139526,13.295310912093496,125.75493612078978,42.472251892089844,398.8593311730716
795142930532308602,2.769230842590332,8.142595804549785,67.74940447832302,28.8898983001709,317.56123782916546
795342930450598901,0.0,0.0,0.0,0.0,0.0
795442928823159701,0.0,0.0,0.0,0.0,0.0
795442930458219802,0.0,0.0,0.0,0.0,0.0
795642930464761502,4.104650974273682,7.975051218312937,197.5118881118881,84.9003677368164,685.8543932481246
795742927975326001,0.0,12.226230304621849,190.8621848739496,126.24248504638672,904.7410743113926
795942930523988901,0.0,0.0,0.0,0.0,0.0
796042929457044501,0.0,0.0,0.0,0.0,0.0
796042930525061902,0.0,0.0,0.0,0.0,0.0
796142930476360402,0.0,0.0,0.0,0.0,0.0
796242929514115302,4.0,7.1963749040838945,12.866754767385682,1.296996831893921,14.3927499191818
796242930508282101,0.0,0.0,0.0,0.0,0.0
796442930519745301,1.8541666269302368,7.623971824611824,249.33442818751865,147.06536865234375,1097.851930799396
796442930543616402,1.7592592239379883,8.781056081823174,205.9961559582647,103.61721801757812,948.3540615050365
796542930534869402,0.0,0.0,0.0,0.0,0.0
796742930468079202,0.0,0.0,0.0,0.0,0.0
796742930548112102,0.0,0.0,0.0,0.0,0.0
797042930533526401,0.0,0.0,0.0,0.0,0.0
797242930519193302,0.0,0.0,0.0,0.0,0.0
797242930525539302,0.0,0.0,0.0,0.0,0.0
797242930530108302,0.0,0.0,0.0,0.0,0.0
797642930457443801,0.0,0.0,0.0,0.0,0.0
797742930476311902,0.0,0.0,0.0,0.0,0.0
797842930450324201,0.0,0.0,0.0,0.0,0.0
797942930460336502,0.0,0.0,0.0,0.0,0.0
797942930522003401,0.0,0.0,0.0,0.0,0.0
798142929259265402,0.0,0.0,0.0,0.0,0.0
798242930543941802,2.0,5.14768657809255,20.248958943500718,7.723221302032471,66.91992657606235
798342929194635601,2.9275362491607666,33.29405473126751,715.4257703081232,218.41250610351562,2297.289710645916
798342930447675001,0.0,0.0,0.0,0.0,0.0
798342930545453401,1.3661972284317017,6.787800873366794,21.617590822179732,64.76301574707031,481.9338530813379
798442930529701001,3.0940170288085938,7.013988286040807,297.40416991860855,124.32449340820312,820.6366266205314
798542930460582702,0.0,0.0,0.0,0.0,0.0
798642930517286101,0.0,0.0,0.0,0.0,0.0
798742930289645702,0.0,0.0,0.0,0.0,0.0
798742930477310602,2.9824562072753906,13.295819048060292,182.08005930318754,101.56693267822266,1515.7234162890766
798742930519398002,0.0,0.0,0.0,0.0,0.0
798842930464854601,0.0,0.0,0.0,0.0,0.0
798842930529034001,0.0,0.0,0.0,0.0,0.0
798842930532926501,3.357142925262451,6.838410552679418,45.627884919380335,22.305742263793945,191.4755030103473
799042930536547301,0.0,0.0,0.0,0.0,0.0
799142930461449601,0.0,0.0,0.0,0.0,0.0
799142930464148602,3.3684210777282715,7.875420317557763,38.15135617814488,19.551198959350586,149.6329855158308
799142930508440501,0.0,0.0,0.0,0.0,0.0
799242929055602502,0.0,0.0,0.0,0.0,0.0
799342930542861401,2.6666667461395264,3.957153668091168,77.67250712250713,49.080101013183594,261.172140410551
799442930478913201,0.0,0.0,0.0,0.0,0.0
799542930545858902,4.011904716491699,9.047619140625,121.1605,69.41596221923828,760.0000038909913
799642930466424101,0.0,0.0,0.0,0.0,0.0
799742930462511801,0.0,0.0,0.0,0.0,0.0
799942929166177302,0.0,0.0,0.0,0.0,0.0
801242930456743501,0.0,0.0,0.0,0.0,0.0
801242930508147801,0.0,0.0,0.0,0.0,0.0
801242930532614201,0.0,0.0,0.0,0.0,0.0
801342930471544502,0.0,0.0,0.0,0.0,0.0
801342930517927201,0.0,0.0,0.0,0.0,0.0
801342930543387302,2.1666667461395264,3.0838029095176434,10.172952411783749,2.9202544689178467,18.502817615176838
801342930545082102,0.0,0.0,0.0,0.0,0.0
801442930454081002,0.0,0.0,0.0,0.0,0.0
801442930454206002,0.0,0.0,0.0,0.0,0.0
801442930461586702,0.9175257682800293,6.193338961743246,135.236442516269,81.81648254394531,600.7538840320777
801542930516330302,4.166666507720947,9.385402404155927,48.847938144329895,8.831642150878906,168.93724505762054
801742930476306102,0.0,0.0,0.0,0.0,0.0
801942930454879602,0.0,0.0,0.0,0.0,0.0
801942930517639202,0.0,0.0,0.0,0.0,0.0
801942930532113802,0.0,0.0,0.0,0.0,0.0
801942930533183301,0.0,0.0,0.0,0.0,0.0
802142929118570801,4.090909004211426,5.009835283251231,28.442167487684728,27.5665340423584,165.32456901456334
802142930472974701,3.5,5.505732831585236,11.011683483802443,1.8443944454193115,11.011465922480749
802342930544949602,0.2800000011920929,11.60931368715878,42.66515013648772,67.94017791748047,580.4656990752424
803342930510992002,0.0,0.0,0.0,0.0,0.0
803342930534987401,0.0,0.0,0.0,0.0,0.0
803442930521940801,2.75,4.330626221328806,17.098667350076884,2.16985821723938,17.322504040646223
803542930532680301,0.0,0.0,0.0,0.0,0.0
803742930445520301,3.9189188480377197,7.159585907869289,105.276869364278,64.8873291015625,529.8093534580798
803742930526737802,0.0,0.0,0.0,0.0,0.0
803742930547269501,2.4188034534454346,5.300724293140611,132.23316850513504,69.55990600585938,620.1847189045593
803842930451807801,3.5,5.300184218424212,108.71428571428571,73.47911071777344,530.0184199901466
804042930519203602,0.0,3.7855761317710708,0.0,2.789055109024048,18.92788055541268
804042930530337202,0.0,0.0,0.0,0.0,0.0
804042930536220601,0.0,0.0,0.0,0.0,0.0
804242930474631801,2.840425491333008,8.588339802588251,398.2007376185458,107.52220153808594,807.3039419349553
804242930529420801,1.0,8.591224233945939,8.591533180778033,0.6215444803237915,8.591224233945939
804342928210622202,0.0,0.0,0.0,0.0,0.0
804342930476485601,0.0,0.0,0.0,0.0,0.0
804642930473426902,0.0,0.0,0.0,0.0,0.0
804642930476514001,2.803149700164795,11.278828530055087,384.32448963058977,104.63556671142578,1432.4111567065845
804642930480351502,0.0,0.0,0.0,0.0,0.0
804842930456788302,0.0,0.0,0.0,0.0,0.0
804842930466678301,0.0,0.0,0.0,0.0,0.0
805042930477888801,0.0,0.0,0.0,0.0,0.0
805042930508791002,0.0,0.0,0.0,0.0,0.0
805142930461169201,0.0,0.0,0.0,0.0,0.0
805142930475602602,0.0,0.0,0.0,0.0,0.0
805142930526343601,2.875,5.138451907164833,32.79563677046429,18.76882553100586,123.32284160360969
805242930480563402,0.0,0.0,0.0,0.0,0.0
805242930516737201,0.3380281627178192,4.6581139098735065,52.04310142890607,59.44023895263672,330.7260960953999
805342928242527202,4.349999904632568,20.61146782219973,189.18758434547908,35.57592010498047,412.22935633073774
805342930474260902,0.0,0.0,0.0,0.0,0.0
805542930550087701,3.0,8.083747498585058,37.636481241914616,5.155929088592529,48.50248455723692
805642927975205602,0.0,0.0,0.0,0.0,0.0
805642930462133301,1.3666666746139526,19.162270997231936,65.18181818181819,94.49724578857422,1149.7363051078814
805642930478159602,3.6190476417541504,2.7292515239540944,16.830111902339777,11.917793273925781,57.31428205736535
805642930542344202,2.970588207244873,9.162427942961164,122.47339805825243,93.82463073730469,934.5676789307826
805742930458053401,0.0,0.0,0.0,0.0,0.0
805842930164781701,0.0,0.0,0.0,0.0,0.0
805842930477843401,0.0,0.0,0.0,0.0,0.0
805842930509185101,0.0,0.0,0.0,0.0,0.0
805942930516763002,0.0,0.0,0.0,0.0,0.0
806042930470171401,0.0,0.0,0.0,0.0,0.0
806042930547047701,0.0,0.0,0.0,0.0,0.0
806142930528568802,0.0,0.0,0.0,0.0,0.0
806242928025344402,0.0,0.0,0.0,0.0,0.0
806442930184475602,0.0,0.0,0.0,0.0,0.0
806442930453834601,0.0,0.0,0.0,0.0,0.0
806742930461542102,0.0,0.0,0.0,0.0,0.0
806842928042203701,0.0,0.0,0.0,0.0,0.0
806842930548733102,0.0,0.0,0.0,0.0,0.0
806942930541666101,0.0,0.0,0.0,0.0,0.0
807142930541357101,3.7349398136138916,13.171076305275832,214.6199649737303,102.17827606201172,1093.1993147988662
807242930524016601,0.0,0.0,0.0,0.0,0.0
807442930532775301,0.0,0.0,0.0,0.0,0.0
807642930479770802,0.0,0.0,0.0,0.0,0.0
807642930526525601,3.2525253295898438,5.558484120079541,127.91535228453925,81.14545440673828,550.2899127649367
807642930529617301,0.0,0.0,0.0,0.0,0.0
807742930472778202,0.0,0.0,0.0,0.0,0.0
807842928887149302,0.0,0.0,0.0,0.0,0.0
807842929456879002,0.0,0.0,0.0,0.0,0.0
807842929494157501,0.0,0.0,0.0,0.0,0.0
807842929839905601,0.0,0.0,0.0,0.0,0.0
807842930507639202,3.9210526943206787,10.781745158450704,155.71629778672033,31.984941482543945,409.70631866762096
807942930476863901,0.0,0.0,0.0,0.0,0.0
808042928311037201,2.5250000953674316,7.61049798321382,91.23008474576271,78.89617156982422,913.2597427322158
808242930453213402,0.0,0.0,0.0,0.0,0.0
808242930518812602,0.0,0.0,0.0,0.0,0.0
808342930525211902,0.0,0.0,0.0,0.0,0.0
808342930526709602,0.0,0.0,0.0,0.0,0.0
808342930542401702,0.0,0.0,0.0,0.0,0.0
808542928633733802,0.0,0.0,0.0,0.0,0.0
808542928726620402,0.0,0.0,0.0,0.0,0.0
808542930524760302,0.0,0.0,0.0,0.0,0.0
809142930544794502,0.0,0.0,0.0,0.0,0.0
809242929843198402,3.8490567207336426,27.562045721622564,269.0271587743733,103.13436126708984,1460.7883688706208
809242930518498701,0.0,0.0,0.0,0.0,0.0
809542930479730101,0.0,0.0,0.0,0.0,0.0
809742930533538002,0.0,0.0,0.0,0.0,0.0
809942929321324301,3.350877285003662,9.88917658161315,206.4,71.38096618652344,563.6830690844708
809942930526801502,0.0,0.0,0.0,0.0,0.0
811142930462068801,1.5213675498962402,9.664716190980545,843.3722058085735,336.91650390625,2261.5435366242205
811142930472130002,3.8059701919555664,10.009624940134099,670.6490421455939,53.57706832885742,670.6448758881668
811142930519659602,26.0,0.09358087625859529,0.18712071600087318,0.020570218563079834,0.18716175251719058
811242930531975002,0.0,0.0,0.0,0.0,0.0
811442930463711802,0.0,0.0,0.0,0.0,0.0
811542930534954201,3.5999999046325684,14.998731766320047,65.47313691507799,10.379334449768066,74.99365690405052
811642930476767801,0.0,0.0,0.0,0.0,0.0
811942928166711001,0.0,0.0,0.0,0.0,0.0
812142930460560902,0.0,0.0,0.0,0.0,0.0
812442930464460202,0.0,0.0,0.0,0.0,0.0
812442930527667102,1.6944444179534912,21.737546340520378,103.50363901018923,77.36262512207031,782.5516589690851
812642930516099601,0.0,0.0,0.0,0.0,0.0
812942930462104402,0.0,0.0,0.0,0.0,0.0
812942930543424902,0.0,0.0,0.0,0.0,0.0
813042930517057001,0.0,0.0,0.0,0.0,0.0
813142930516301902,0.0,0.0,0.0,0.0,0.0
813342930538496902,3.344444513320923,20.799337420886076,405.72911392405064,149.72581481933594,1871.9403424685515
813442930534812601,0.0,0.0,0.0,0.0,0.0
813742930449674101,2.303703784942627,4.79334763982877,94.38101097098328,79.28215789794922,647.1019056332511
813842930464787802,0.0,0.0,0.0,0.0,0.0
813842930525574102,0.0,0.0,0.0,0.0,0.0
814042930528019102,0.0,0.0,0.0,0.0,0.0
814242928664083701,0.0,0.0,0.0,0.0,0.0
814342930462456201,0.0,0.0,0.0,0.0,0.0
814342930476834602,2.1946308612823486,14.942466295974155,1978.8836978131212,180.1812286376953,2226.4274774971113
814442930453336502,8.0,16.097236724343677,41.61575178997613,7.561624526977539,48.291709396131665
814742930509403102,3.5416667461395264,7.646342956367075,144.42687319884726,48.253944396972656,367.02444619335427
814842930510356101,0.0,0.0,0.0,0.0,0.0
814842930515938701,0.0,0.0,0.0,0.0,0.0
815042930508138902,0.0,0.0,0.0,0.0,0.0
815042930547570001,0.0,0.0,0.0,0.0,0.0
815142930464010802,0.0,0.0,0.0,0.0,0.0
815142930534968402,0.0,0.0,0.0,0.0,0.0
815442930516584202,0.0,0.0,0.0,0.0,0.0
815442930549748702,3.0365853309631348,16.090464114310645,285.0523560209424,96.36730194091797,1319.4180115138881
815542930478218101,0.0,0.0,0.0,0.0,0.0
815742927979933901,4.440000057220459,10.42390532065426,100.34650805832693,81.06314086914062,521.1952506304702
815742930455532001,0.0,0.0,0.0,0.0,0.0
815742930542317802,2.777777671813965,10.037696781015038,85.27548036758563,22.204357147216797,180.67854257773237
815842930464087702,3.813953399658203,8.12690990930316,68.07413793103449,49.7132682800293,349.4571209923632
815942930474266901,4.534883499145508,4.324295828683035,41.14803571428571,39.34764099121094,185.94472449166435
816142930464457301,2.1544716358184814,5.475131466384863,100.69645732689212,101.73907470703125,673.4411441446695
816242928108698401,0.0,0.0,0.0,0.0,0.0
816442930400204201,2.799999952316284,8.650412488339553,1124.5605306799337,121.9816665649414,1124.5536669814962
816542930516310401,0.0,0.0,0.0,0.0,0.0
816642930479262802,0.0,0.0,0.0,0.0,0.0
816742930454170502,3.3636362552642822,6.365826349077767,38.61914257228315,20.267318725585938,140.04818499100173
816742930474717402,0.0,0.0,0.0,0.0,0.0
817142928663921402,0.0,0.0,0.0,0.0,0.0
817242928932412501,0.0,0.0,0.0,0.0,0.0
817242930342472002,0.0,0.0,0.0,0.0,0.0
817342929417378502,2.0,11.84515850360577,17.782805429864254,2.1545159816741943,23.69031700721154
817342930517381702,0.0,0.0,0.0,0.0,0.0
817342930530317902,0.0,0.0,0.0,0.0,0.0
817442930531891001,0.0,0.0,0.0,0.0,0.0
817542930478283502,0.0,0.0,0.0,0.0,0.0
817642930474595001,0.0,0.0,0.0,0.0,0.0
817742928196979602,0.0,0.0,0.0,0.0,0.0
817742930446571202,2.75,3.559740473287621,16.760926958052213,3.836076498031616,28.477923070136036
817742930534934501,2.125,0.4296644896437014,2.0436175080067103,0.5268083810806274,3.437315798467555
817942929493986702,0.0,0.0,0.0,0.0,0.0
817942929800191402,3.4838709831237793,6.996263896183473,60.07731092436975,75.05429077148438,650.652554514161
818142930522942502,0.0,0.0,0.0,0.0,0.0
818242930534831802,0.0,0.0,0.0,0.0,0.0
818342930518628202,0.0,0.0,0.0,0.0,0.0
818342930529817502,0.0,0.0,0.0,0.0,0.0
818342930532790801,0.0,0.0,0.0,0.0,0.0
818642930446433501,0.0,0.0,0.0,0.0,0.0
819142930541095801,0.0,0.0,0.0,0.0,0.0
819242930453621202,0.0,0.0,0.0,0.0,0.0
819242930531787001,0.0,0.0,0.0,0.0,0.0
819342930534641502,2.909090995788574,4.776493344591521,34.79767103347889,5.989827632904053,52.54142614639482
819442928030479102,0.0,0.0,0.0,0.0,0.0
819442930462741302,0.0,0.0,0.0,0.0,0.0
819542930454647602,0.0,0.0,0.0,0.0,0.0
819642930524373201,0.0,0.0,0.0,0.0,0.0
819642930550470702,1.0,14.907523073894787,14.907500291613204,2.201556444168091,14.907523073894787
819742930475517901,2.6666667461395264,41.69501496191513,102.62513601741023,16.04197120666504,125.08503850992928
819742930476177601,0.0,0.0,0.0,0.0,0.0
821242930455582301,0.0,0.0,0.0,0.0,0.0
821542930460498902,0.0,0.0,0.0,0.0,0.0
821642930480059302,0.0,0.0,0.0,0.0,0.0
821942930530217601,0.0,0.0,0.0,0.0,0.0
821942930537341902,0.0,0.0,0.0,0.0,0.0
822042930543471402,0.0,0.0,0.0,0.0,0.0
822342930455951801,0.0,0.0,0.0,0.0,0.0
822442928789829102,0.0,0.0,0.0,0.0,0.0
822442930464350402,0.0,0.0,0.0,0.0,0.0
822442930533126101,0.0,0.0,0.0,0.0,0.0
822542930518122602,0.0,0.0,0.0,0.0,0.0
822542930550422301,0.0,0.0,0.0,0.0,0.0
822742930537489702,0.0,0.0,0.0,0.0,0.0
822942930517948001,4.028985500335693,7.728288760945318,145.62187276626162,99.62014770507812,533.2519194931538
822942930544325501,0.0,0.0,0.0,0.0,0.0
823142929022556501,0.0,0.0,0.0,0.0,0.0
823342930446736401,0.2735042870044708,3.3033229880136985,8.596335171677637,69.56666564941406,386.488800992153
823342930466729101,0.0,0.0,0.0,0.0,0.0
823442930461957001,0.0,0.0,0.0,0.0,0.0
823542928281571202,0.0,0.0,0.0,0.0,0.0
823542930448997102,0.0,0.0,0.0,0.0,0.0
823642930519878201,0.0,0.0,0.0,0.0,0.0
823742930522802202,0.0,0.0,0.0,0.0,0.0
823842930452734401,0.0,0.0,0.0,0.0,0.0
824242930518683202,0.0,0.0,0.0,0.0,0.0
824442930516415402,1.3902438879013062,12.457234889075533,156.60889712696942,100.65885162353516,1021.4932643971695
824442930527155301,0.0,0.0,0.0,0.0,0.0
824542929380254101,0.0,0.0,0.0,0.0,0.0
824542930464352301,3.2602739334106445,11.491054145502973,269.05562438057484,96.69109344482422,838.8469739163477
824542930550604002,0.0,0.0,0.0,0.0,0.0
824942930461485102,3.2772276401519775,5.136914119961753,96.31391585760518,87.54810333251953,518.828335603312
824942930534355601,0.0,0.0,0.0,0.0,0.0
825042930527969201,0.25,16.460682456543246,101.90785754663652,72.62409210205078,526.7418376778128
825342930517966301,0.0,0.0,0.0,0.0,0.0
825342930528662702,0.0,0.0,0.0,0.0,0.0
825442930458105101,0.0,0.0,0.0,0.0,0.0
825442930516566802,0.0,0.0,0.0,0.0,0.0
825442930525679301,3.75,7.373533792335894,20.354748603351954,3.758110523223877,29.49413448738652
825542930537831702,0.0,89.12150841129903,89.12162648434689,12.002544403076172,89.12150841129903
825642930475638602,2.200000047683716,4.481893703451321,64.76247696560196,10.959835052490234,112.0473438855764
825742930478649902,4.035087585449219,6.714120287413991,69.35779816513761,52.526405334472656,382.7048722013421
825942929761688202,3.2340426445007324,6.963134656487483,145.56358962896738,96.7132797241211,654.5346563536646
825942930463971702,0.0,0.0,0.0,0.0,0.0
826142928119230302,0.0,0.0,0.0,0.0,0.0
826242930510359201,2.8761062622070312,6.400492768946116,138.03079333912322,72.23271179199219,723.2556891936674
826342929021034101,0.0,0.0,0.0,0.0,0.0
826342930475486701,2.230769157409668,5.992141957829102,30.623376623376622,10.010472297668457,77.89784586612562
826442930515901101,0.0,0.0,0.0,0.0,0.0
826542930464180701,2.2352941036224365,5.171861791309738,30.678990081154193,13.078598976135254,87.9216500945302
826542930469923401,1.5,5.7498399504497,11.499666888740839,1.5454235076904297,11.499680226203365
826542930479871801,0.0,0.0,0.0,0.0,0.0
827042930522281002,0.0,0.0,0.0,0.0,0.0
827142929604523301,0.0,0.0,0.0,0.0,0.0
827142930530486801,4.139240741729736,12.539421116274658,190.04855842185128,112.60844421386719,990.6142563306146
827242928197098401,0.0,0.0,0.0,0.0,0.0
827442930457227302,0.0,0.0,0.0,0.0,0.0
827642930544739202,0.0,0.0,0.0,0.0,0.0
827842930517436002,0.0,0.0,0.0,0.0,0.0
828042930452839902,2.7752809524536133,9.237685075154163,71.23741007194245,91.81090545654297,822.1539491220221
828242930549987701,2.318840503692627,3.888449183816399,60.53140825342097,62.68958282470703,536.6060016462328
828442930466467401,2.7708332538604736,4.58848974309816,112.58813905930471,68.26847839355469,440.4950322188239
828442930476132101,0.0,0.0,0.0,0.0,0.0
828542930452138102,0.0,0.0,0.0,0.0,0.0
828542930528993801,0.0,0.0,0.0,0.0,0.0
828642930475053801,5.300000190734863,1.8113717888745104,12.207190822607723,2.835597276687622,18.113718196140965
828642930480325302,2.119999885559082,6.16842624307266,93.83423645320197,23.449005126953125,154.21065509307562
828842930531300102,0.0,0.0,0.0,0.0,0.0
829042930475597601,4.095238208770752,43.16112706801471,262.8,34.37805938720703,906.3836517558378
829342930536253801,0.0,0.0,0.0,0.0,0.0
829342930545907002,0.0,0.0,0.0,0.0,0.0
829442930452869901,31.0,9.715402043825161,9.715078630897317,0.9592019319534302,9.715402043825161
829442930508923701,0.0,0.0,0.0,0.0,0.0
829442930534169102,0.0,0.0,0.0,0.0,0.0
829742930529086402,0.0,0.0,0.0,0.0,0.0
829742930530184901,334.0,0.00419075447488066,0.004222150048717116,0.0006793423090130091,0.00419075447488066
829842928213735102,0.0,0.0,0.0,0.0,0.0
831142930289817501,0.0,0.0,0.0,0.0,0.0
831242930453786301,0.0,0.0,0.0,0.0,0.0
831242930531796201,0.0,0.0,0.0,0.0,0.0
831542930518419202,0.0,0.0,0.0,0.0,0.0
832042930511109702,0.0,0.0,0.0,0.0,0.0
832242930474068801,3.7204301357269287,4.955112461630178,150.90547705421244,55.08576583862305,460.8254498271971
832342930523521702,0.0,0.0,0.0,0.0,0.0
832442929613539201,0.0,0.0,0.0,0.0,0.0
832642930475823402,0.0,0.0,0.0,0.0,0.0
832642930520792801,0.0,0.0,0.0,0.0,0.0
832742930459978602,0.08403361588716507,7.258495430670026,9.390272024597515,59.26626205444336,863.7609618692317
833042929126817802,0.0,0.0,0.0,0.0,0.0
833042930525249402,5.94444465637207,7.7269380545910495,89.25185185185185,16.511375427246094,139.08488979575074
833142930542841402,3.857142925262451,9.28891822103208,190.21696918531026,32.262657165527344,260.08971731549025
833342930544656502,0.0,0.0,0.0,0.0,0.0
833442930527530001,0.0,0.0,0.0,0.0,0.0
833542930446907502,0.4029850661754608,13.623353605157046,307.2156196943973,52.30453109741211,912.764666934572
833642930474043501,0.0,0.0,0.0,0.0,0.0
833642930479236101,0.0,0.0,0.0,0.0,0.0
833742930509863801,0.0,0.0,0.0,0.0,0.0
833742930539239902,0.0,0.0,0.0,0.0,0.0
833742930547538101,0.0,0.0,0.0,0.0,0.0
833842930476862502,1.3333333730697632,12.539732525728988,37.61921097770154,5.716736316680908,37.619198693896514
833942930463710902,0.0,16.227561748133297,0.0,152.40899658203125,1379.3427816914245
834042930458153801,4.535714149475098,8.23723240417296,77.71827794561933,30.618268966674805,230.64251110921094
834242929800241602,0.0,0.0,0.0,0.0,0.0
834442927928420801,0.0,8.845995151728296,0.0,15.648235321044922,176.91990497257933
834442930515364402,0.0,0.0,0.0,0.0,0.0
834442930517835102,2.640000104904175,4.343614598967267,21.638650657518582,14.121960639953613,108.59036476043649
834442930525675402,0.0,0.0,0.0,0.0,0.0
834442930531819002,0.0,0.0,0.0,0.0,0.0
834742930532099001,0.0,0.0,0.0,0.0,0.0
834842930542858001,3.5238094329833984,7.215523841705448,112.65206679441555,42.4752311706543,303.05200830016304
834942930526462301,0.0,0.0,0.0,0.0,0.0
835042930480274002,0.0,0.0,0.0,0.0,0.0
835242930450010401,0.0,0.0,0.0,0.0,0.0
835242930522282001,3.2962963581085205,8.582547281212213,67.73579201934703,28.04412841796875,231.72876974749306
835342930450913802,0.0,0.0,0.0,0.0,0.0
835342930524987902,0.0,0.0,0.0,0.0,0.0
835342930541093701,0.0,0.0,0.0,0.0,0.0
835542930480626901,0.0,0.0,0.0,0.0,0.0
836042929800256801,0.0,0.0,0.0,0.0,0.0
836042930522772702,0.0,0.0,0.0,0.0,0.0
836042930528204101,0.0,0.0,0.0,0.0,0.0
836142930474183802,0.0,0.0,0.0,0.0,0.0
836342930524210302,0.0,0.0,0.0,0.0,0.0
836642930454674902,0.0,0.0,0.0,0.0,0.0
836642930477249101,0.0,0.0,0.0,0.0,0.0
836642930530434802,0.0,0.0,0.0,0.0,0.0
836642930545490301,0.0,0.0,0.0,0.0,0.0
836842928015410501,2.3645832538604736,3.3543314395768933,115.44638717156106,50.149627685546875,322.0158265775654
836842930525650601,0.0,0.0,0.0,0.0,0.0
837042930479968701,0.0,0.0,0.0,0.0,0.0
837242930518141601,0.0,0.0,0.0,0.0,0.0
837442930528264801,2.0,3.821052985345375,16.383819013436646,2.994654417037964,22.92631887374153
837442930529264402,0.0,0.0,0.0,0.0,0.0
837542930542795001,1.7946428060531616,7.622926217150422,506.0184349872524,109.5309066772461,853.7677573035525
837742928967046502,2.411764621734619,8.987289008065737,134.56528324750076,28.16381072998047,305.56783176573504
837742930470022902,0.0,0.0,0.0,0.0,0.0
837942928676524701,0.0,0.0,0.0,0.0,0.0
837942930464892901,0.0,0.0,0.0,0.0,0.0
837942930529605302,0.0,0.0,0.0,0.0,0.0
838042928665736602,3.0964913368225098,6.7388223261250735,194.7261835184103,83.36853790283203,768.2257209612848
838142930465161002,2.3333332538604736,2.7742769024147096,63.74641854969724,25.673439025878906,174.77944974909153
838142930515602502,0.0,0.0,0.0,0.0,0.0
838242930470782301,0.0,0.0,0.0,0.0,0.0
838542930519555902,0.0,0.0,0.0,0.0,0.0
838642930475790101,0.0,0.0,0.0,0.0,0.0
838642930477805401,0.0,0.0,0.0,0.0,0.0
838942930465195502,2.943089485168457,4.708057844218222,74.73562107298211,66.39521789550781,579.0911232343095
839142930463661901,0.0,0.0,0.0,0.0,0.0
839242928607176801,0.0,0.0,0.0,0.0,0.0
839442930521478501,0.0,0.0,0.0,0.0,0.0
839542930008406001,0.0,0.0,0.0,0.0,0.0
839542930289421302,0.0,0.0,0.0,0.0,0.0
839542930463726301,0.0,0.0,0.0,0.0,0.0
839542930526547302,0.0,0.0,0.0,0.0,0.0
839642930467637102,3.246575355529785,5.303243776226598,37.14267269205939,94.44235229492188,387.1368091403476
839842930462171301,0.0,0.0,0.0,0.0,0.0
841342928096721201,0.0,0.0,0.0,0.0,0.0
841442930507801702,0.0,0.0,0.0,0.0,0.0
841442930526434201,0.0,0.0,0.0,0.0,0.0
841542930529205201,0.0,0.0,0.0,0.0,0.0
841642930459290601,0.0,0.0,0.0,0.0,0.0
841642930524385902,1.1610169410705566,5.750178440006091,51.914983250431426,100.73757934570312,678.5210481972733
841942929428305502,0.0,0.0,0.0,0.0,0.0
841942930480076802,0.0,0.0,0.0,0.0,0.0
842042928932295402,0.0,0.0,0.0,0.0,0.0
842142930477007101,0.0,0.0,0.0,0.0,0.0
842142930521528501,3.8125,6.600111831184373,67.75169857936999,24.45688819885254,211.2035768495952
842142930548550901,0.0,0.0,0.0,0.0,0.0
842242930533564601,2.4604315757751465,4.768969699822016,188.03012048192772,77.64219665527344,662.8867576889702
842342930459389101,0.0,0.0,0.0,0.0,0.0
842442930479262601,0.0,0.0,0.0,0.0,0.0
842542930543771002,0.0,0.0,0.0,0.0,0.0
842642929946490901,3.125,6.74379167959057,95.10545905707195,56.34476852416992,431.6026864063651
842642930459093802,0.0,0.0,0.0,0.0,0.0
842742930518445901,0.0,0.0,0.0,0.0,0.0
842742930545257801,0.0,0.0,0.0,0.0,0.0
842842930548514102,0.0,0.0,0.0,0.0,0.0
842942930546835001,0.0,0.0,0.0,0.0,0.0
843042930523606401,0.0,0.0,0.0,0.0,0.0
843142930469340002,0.0,0.0,0.0,0.0,0.0
843242930459766502,0.08955223858356476,9.477662090819909,0.3242461792647666,112.07820129394531,635.0033373015324
843242930476303802,0.0,0.0,0.0,0.0,0.0
843342930541339502,0.0,0.0,0.0,0.0,0.0
843642930529697002,0.5,9.41507711038961,15.65141676505313,3.1872000694274902,18.830153644296043
843842930515847702,0.0,0.0,0.0,0.0,0.0
843942930509736802,0.0,0.0,0.0,0.0,0.0
844142930547098901,0.0,0.0,0.0,0.0,0.0
844542930527015502,0.0,0.0,0.0,0.0,0.0
844842930546514402,0.0,0.0,0.0,0.0,0.0
844942928645857101,0.0,0.0,0.0,0.0,0.0
845142930520139101,0.0,0.0,0.0,0.0,0.0
845142930544417302,0.0,0.0,0.0,0.0,0.0
845342930460613302,2.9166667461395264,6.218806920628496,97.29997056226082,61.60315704345703,298.50274576900773
845442929613374502,0.0,0.0,0.0,0.0,0.0
845542930480631502,4.2580647468566895,6.024448822890494,71.42546063651591,26.951231002807617,186.75791973963854
845542930518553602,0.0,0.0,0.0,0.0,0.0
845542930524548902,0.0,0.0,0.0,0.0,0.0
845542930534184502,0.0,0.0,0.0,0.0,0.0
845642930546189602,0.0,0.0,0.0,0.0,0.0
845842930543021502,0.0,0.0,0.0,0.0,0.0
845942930457810901,0.0,0.0,0.0,0.0,0.0
845942930464815502,0.0,0.0,0.0,0.0,0.0
845942930476179902,0.0,0.0,0.0,0.0,0.0
846042930508914502,0.0,0.0,0.0,0.0,0.0
846042930519367002,0.0,0.0,0.0,0.0,0.0
846142930457038902,0.0,0.0,0.0,0.0,0.0
846142930469593202,1.0,3.0505025070372978,3.050527797325827,0.3270477056503296,3.0505025070372978
846242930519827402,0.0,0.0,0.0,0.0,0.0
846342930455537002,0.0,0.0,0.0,0.0,0.0
846442930470857401,0.0,0.0,0.0,0.0,0.0
846442930475489401,0.0,0.0,0.0,0.0,0.0
846942930475716502,0.0,0.0,0.0,0.0,0.0
847042930473780002,0.0,0.0,0.0,0.0,0.0
847142930522181302,1.5,11.752245207238413,23.059245102723363,3.720893383026123,23.504491172677525
847142930526473901,0.0,0.0,0.0,0.0,0.0
847242930461347501,0.0,0.0,0.0,0.0,0.0
847342928979715101,4.833333492279053,23.738856760138603,124.53388090349075,9.596420288085938,142.43314031017388
847342930454310101,2.92380952835083,5.901365409992719,119.0641305666788,67.01195526123047,619.6433904845945
847342930461386002,2.0,1.0784848696225648,2.155844155844156,0.23541362583637238,2.1569697392451297
847642930531798302,0.0,0.0,0.0,0.0,0.0
847642930532420301,0.0,0.0,0.0,0.0,0.0
847642930549235901,0.0,0.0,0.0,0.0,0.0
847742930520009601,0.0,6.0324728260869565,0.0,19.656766891479492,241.29891428671968
847842930548089302,1.5634920597076416,7.14263235108531,100.90863200403837,120.20941162109375,899.9716627305352
847942930474001102,3.1600000858306885,3.7173948597269724,91.90275975940558,44.39789581298828,278.8046158238224
847942930550687401,0.0,0.0,0.0,0.0,0.0
848142930518599101,0.0,0.0,0.0,0.0,0.0
848142930546877402,0.0,0.0,0.0,0.0,0.0
848542929272107001,0.8415841460227966,5.602828889050593,47.464436917866216,83.14595794677734,565.8857094436052
848642930474098702,0.0,0.0,0.0,0.0,0.0
848642930515458801,0.0,0.0,0.0,0.0,0.0
848742930474465301,3.340425491333008,5.735572416458361,51.85212472043152,92.19318389892578,539.1438159307764
848742930527002601,0.0,0.0,0.0,0.0,0.0
848842929417283102,0.0,0.0,0.0,0.0,0.0
848842930453571002,0.0,0.0,0.0,0.0,0.0
848842930523664101,0.0,0.0,0.0,0.0,0.0
849142930453075102,0.0,0.0,0.0,0.0,0.0
849342930509788702,0.7777777910232544,27.61919407894737,198.84,102.57714080810547,994.2909966719778
849342930543236502,0.0,0.0,0.0,0.0,0.0
849442930515789602,0.0,0.0,0.0,0.0,0.0
849442930516675901,3.303370714187622,14.126933607690935,119.41898643825839,87.8651123046875,1257.297102442135
849442930530919102,0.0,0.0,0.0,0.0,0.0
849542930508064101,4.27142858505249,13.318006069789126,117.15679242576388,64.5492935180664,932.2604140348849
849542930508937701,2.640625,4.263638940342361,61.434849259070006,44.869544982910156,272.87287667166777
849642928281688101,0.0,0.0,0.0,0.0,0.0
849642930510091802,0.0,0.0,0.0,0.0,0.0
849742928232592202,0.0,0.0,0.0,0.0,0.0
849742930465173101,26.83333396911621,9.82356451303681,19.519018404907975,8.181124687194824,58.9413863574069
849942930541466401,5.916666507720947,8.895343516607705,73.53459119496856,9.658231735229492,106.74411874447229
851142930456979301,0.0,0.0,0.0,0.0,0.0
851142930516500302,0.0,0.0,0.0,0.0,0.0
851242930464994401,0.0,3.8322048125960597,7.626798938102557,70.70169067382812,364.0594614249327
851342930532811802,0.0,0.0,0.0,0.0,0.0
851342930533843601,0.0,0.0,0.0,0.0,0.0
851442928197867501,0.0,0.0,0.0,0.0,0.0
851442930517556402,0.0,0.0,0.0,0.0,0.0
851442930541819701,0.0,0.0,0.0,0.0,0.0
851542930473554901,0.0,201.10744210847045,251.8180987202925,39.973548889160156,402.2148842169409
851542930479652201,0.0,0.0,0.0,0.0,0.0
851642929800393702,0.0,0.0,0.0,0.0,0.0
851842930548226801,10.133333206176758,6.2492453835227275,167.81461675579322,25.912988662719727,187.4773611758907
851942928168167902,0.0,0.0,0.0,0.0,0.0
851942930524132701,2.4242424964904785,3.1272063078703702,41.39655172413793,43.906982421875,206.39561364866915
852042930451607302,0.0,0.0,0.0,0.0,0.0
852042930472169702,0.0,0.0,0.0,0.0,0.0
852042930473437401,0.0,0.0,0.0,0.0,0.0
852042930475570301,2.125,4.715590715597696,21.956314535345513,4.804438591003418,37.724726015656024
852242930460969701,3.165137529373169,6.459491423434051,157.1057538625466,83.25257110595703,704.0845591404076
852342929373045201,2.690476179122925,20.587113242574258,570.139603960396,57.96388626098633,864.6587924919506
852542930473401302,4.3684210777282715,21.93245675223214,279.81904761904764,52.02919387817383,833.4333279564268
852542930524117702,0.0,0.0,0.0,0.0,0.0
852642930524078902,0.0,0.0,0.0,0.0,0.0
852742930511203801,0.0,0.0,0.0,0.0,0.0
852842930459571501,0.0,0.0,0.0,0.0,0.0
852842930525394302,0.0,0.0,0.0,0.0,0.0
852942930473536101,0.0,0.0,0.0,0.0,0.0
852942930478392801,0.0,0.0,0.0,0.0,0.0
852942930509739101,0.0,0.0,0.0,0.0,0.0
852942930530305401,0.0,0.0,0.0,0.0,0.0
853042930509911702,2.904761791229248,22.505776182841238,331.96127783155856,21.590309143066406,472.62129310393726
853342930477740601,0.0,0.0,0.0,0.0,0.0
853342930477883601,3.5876288414001465,13.184978500621328,187.16357885223678,163.2150421142578,1278.9429172321084
853442930200179101,0.0,0.0,0.0,0.0,0.0
853442930517536102,3.0550458431243896,6.488778148479819,123.9327275904246,74.94380950927734,707.2768341169769
853442930544397802,0.0,0.0,0.0,0.0,0.0
853442930546952402,0.0,0.0,0.0,0.0,0.0
853542930075840502,0.0,0.0,0.0,0.0,0.0
853642930526406301,0.0,0.0,0.0,0.0,0.0
853842928633866502,0.0,0.0,0.0,0.0,0.0
853842930523791502,0.0,0.0,0.0,0.0,0.0
854042930477061502,2.868852376937866,5.7490608269792345,172.37913692407528,107.15739440917969,701.3854094241673
854042930520187702,3.385964870452881,4.459642567398902,55.180562489598934,42.45561599731445,254.19963477355785
854242930547722102,0.0,0.0,0.0,0.0,0.0
854442930534463402,0.7297297120094299,6.406190438373571,177.49608640406606,68.3072509765625,711.0871174297672
854642928000561902,3.230769157409668,38.446183007689896,206.95291902071563,25.849687576293945,499.80036614963416
854742930470528401,0.0,0.0,0.0,0.0,0.0
854742930534326101,0.0,0.0,0.0,0.0,0.0
854742930541679401,0.0,0.0,0.0,0.0,0.0
854742930547269101,0.0,0.0,0.0,0.0,0.0
855042930479722302,0.2298850566148758,6.565983126019576,7.350570962479608,74.00775146484375,571.2405122952982
855142930531636301,2.4000000953674316,56.084131891993955,145.98590130916415,39.23965072631836,280.42065749307653
855442930454874201,0.0,0.0,0.0,0.0,0.0
855742929922100201,4.109090805053711,3.1572409422629812,37.91113407388272,32.63888931274414,173.64824805903945
855842930526750501,0.0,0.0,0.0,0.0,0.0
856242927949032701,0.0,0.0,0.0,0.0,0.0
856442930545553601,0.0,0.0,0.0,0.0,0.0
856542930530007901,0.0,0.0,0.0,0.0,0.0
856642930519891202,0.0,0.0,0.0,0.0,0.0
856742930458761302,0.0,0.0,0.0,0.0,0.0
856742930465409602,0.0,0.0,0.0,0.0,0.0
857242930476276902,0.0,0.0,0.0,0.0,0.0
857242930508670402,20.0,26.9902821306465,26.990468296726068,3.6644034385681152,26.9902821306465
857242930524371102,0.0,0.0,0.0,0.0,0.0
857442930518866601,0.0,0.0,0.0,0.0,0.0
857542930465260501,0.0,0.0,0.0,0.0,0.0
857742930525646702,1.4810127019882202,7.537684512966138,204.25482211744534,148.92408752441406,1190.9541055417296
857742930530769201,0.0,0.0,0.0,0.0,0.0
857842930460536701,4.25,4.868541723806912,26.980800877674163,3.7155532836914062,38.94833204946345
858042929155550101,3.2962963581085205,8.234203537075505,95.1231936416185,16.00350570678711,222.3235045912638
858042930462066802,0.0,0.0,0.0,0.0,0.0
858342930463483402,0.0,0.0,0.0,0.0,0.0
858342930472058502,0.0,0.0,0.0,0.0,0.0
858542930464169701,0.0,0.0,0.0,0.0,0.0
858542930468014502,5.41304349899292,19.946708763872945,151.96747034060468,41.40412139892578,917.5486161195132
858642929649204902,0.0,0.0,0.0,0.0,0.0
858742929303831001,0.0,0.0,0.0,0.0,0.0
858742929493932302,0.0,0.0,0.0,0.0,0.0
858742930449379501,2.0,12.71385141016713,40.71970752089136,10.331843376159668,63.56925926527273
858842930455930602,0.0,0.0,0.0,0.0,0.0
858842930477463802,0.0,0.0,0.0,0.0,0.0
858842930522413401,5.5,7.593183781943862,15.186426476749057,2.84266996383667,15.186367563887725
859042930546815401,0.0,0.0,0.0,0.0,0.0
859142930456578101,0.0,0.0,0.0,0.0,0.0
859142930459286302,3.2682926654815674,8.180943844092154,182.5036496350365,89.1551742553711,670.8373669516432
859342930455322901,2.055999994277954,4.658442852163443,47.13970879477795,82.62376403808594,582.3053595172132
859442930540607101,0.0,0.0,0.0,0.0,0.0
859642930457644301,3.0,6.486149671052631,9.072,1.4840946197509766,12.972298930921053
861342930509458601,0.0,0.0,0.0,0.0,0.0
861342930510892602,0.0,114.49968434343434,17.86868686868687,15.519712448120117,114.49968434343434
861642930478205701,2.457446813583374,7.513118322805076,143.1634839310666,67.07451629638672,706.2331313802633
861942928636897801,0.6504064798355103,13.55960931259984,510.8306709265176,133.24945068359375,1667.831928500733
862242930534647301,0.0,0.0,0.0,0.0,0.0
862242930535062302,0.0,0.0,0.0,0.0,0.0
862342930473319301,1.4649122953414917,6.4784532606025875,171.18179957425906,84.01457214355469,738.5436590908981
862542930542401601,0.0,0.0,0.0,0.0,0.0
862642930449976702,3.1238937377929688,10.403484816212268,1068.3630314832847,146.2930450439453,1175.5937587959509
862742930526496102,1.692307710647583,39.64116026448363,153.23828715365238,74.85353088378906,515.3350783340877
863042930476428201,0.0,0.0,0.0,0.0,0.0
863242930524324202,0.0,0.0,0.0,0.0,0.0
863242930531653402,7.0,5.354367611717329,23.6858924395947,3.9372406005859375,32.12620592402247
863742930468804801,0.0,0.0,0.0,0.0,0.0
864042930479321901,0.0,0.0,0.0,0.0,0.0
864242930548351701,0.0,0.0,0.0,0.0,0.0
864342930509826301,2.738461494445801,5.673737540335813,140.81114635747102,73.79254913330078,737.5858767160413
864342930530677902,0.0,13.455866780960065,0.0,2.159850835800171,13.455866780960065
864542930477405101,3.3235294818878174,6.849165685644977,88.90372907153728,61.32837677001953,465.7432883275698
864842930448018302,0.0,0.0,0.0,0.0,0.0
864942930448335102,0.0,0.0,0.0,0.0,0.0
865242930471612302,0.0,0.0,0.0,0.0,0.0
865342930446606702,0.0,0.0,0.0,0.0,0.0
865342930530172102,2.1208791732788086,9.591731634138194,211.0349303302157,95.01317596435547,872.8475736387587
865542930459456602,0.0,0.0,0.0,0.0,0.0
865742930528998502,0.0,0.0,0.0,0.0,0.0
865942930463814801,2.5915493965148926,9.32817755044843,203.4278307174888,67.234619140625,662.3006043722811
865942930470030902,4.566666603088379,12.655307307892004,94.3104880581516,34.864627838134766,379.65920841300226
866042927917644201,3.615384578704834,7.649811511903297,52.415600393700785,15.949352264404297,99.44754854337437
866042928912051802,13.55555534362793,3.389789590288688,30.506677140612727,3.308471202850342,30.508106840003315
866042930464056401,3.5,39.58560381847725,145.37140204271122,21.888858795166016,158.3424125536792
866042930532465602,0.0,0.0,0.0,0.0,0.0
866242930525769601,0.0,0.0,0.0,0.0,0.0
866442929761753701,1.0,0.5852764346735264,0.5853658536585366,0.039582472294569016,0.5852764346735264
866442930517624802,0.0,0.0,0.0,0.0,0.0
866442930545178801,2.972972869873047,10.50250755702116,92.07941742236878,85.48670959472656,777.1855583175194
866542930528633702,0.0,0.0,0.0,0.0,0.0
866642930533055601,3.5,5.090643943352843,15.367056856187292,2.9520745277404785,20.362575569280413
867142930454378502,0.0,0.0,0.0,0.0,0.0
867142930510401702,0.0,0.0,0.0,0.0,0.0
867142930546069701,0.0,0.0,0.0,0.0,0.0
867342928255449102,0.0,0.0,0.0,0.0,0.0
867342930518913702,0.0,0.0,0.0,0.0,0.0
867342930524194302,0.0,0.0,0.0,0.0,0.0
867342930538873202,0.0,0.0,0.0,0.0,0.0
867542930474478802,0.0,105.41206624605678,52.96608832807571,11.576971054077148,105.41206624605678
867642930516478102,3.5,2.883596180015552,12.55583203732504,4.302676200866699,23.06876867599843
867642930541363401,0.0,0.0,0.0,0.0,0.0
867842930461437102,0.0,0.0,0.0,0.0,0.0
867942930533916401,1.6363636255264282,10.334623116856678,113.6814332247557,9.5120210647583,113.6808552695408
868042930470817501,0.0,0.0,0.0,0.0,0.0
868242930531074002,0.0,0.0,0.0,0.0,0.0
868342930477434601,4.285714149475098,3.347985031228659,12.571135898019577,8.14931869506836,46.871789513268176
868442930461389001,4.375,10.941645586426654,50.250447227191415,11.629756927490234,87.53316761214747
868542930547589402,0.0,0.0,0.0,0.0,0.0
868642930515771301,0.0,0.0,0.0,0.0,0.0
868842930528247102,0.0,0.0,0.0,0.0,0.0
868942930452894801,1.5088495016098022,5.49192720582471,885.5073690812167,169.24598693847656,1241.1754941053994
868942930460670501,0.0,0.0,0.0,0.0,0.0
869542930478570501,0.0,0.0,0.0,0.0,0.0
869542930509071702,1.0,8.520815405356675,8.520849724626279,1.7151883840560913,8.520815405356675
869542930530863101,0.0,0.0,0.0,0.0,0.0
869542930542513401,3.627659559249878,3.734050963143113,63.03353956366004,67.11005401611328,351.00078680782354
869642930468064501,0.0,0.0,0.0,0.0,0.0
869642930541881202,0.0,0.0,0.0,0.0,0.0
869642930544401701,0.0,0.0,0.0,0.0,0.0
869742930542034002,0.0,140.77080195783134,37.45933734939759,23.931846618652344,140.77080195783134
869842930517944101,0.0,0.0,0.0,0.0,0.0
869942930464423201,0.0,0.0,0.0,0.0,0.0
869942930529109802,0.0,0.0,0.0,0.0,0.0
869942930543346502,0.0,0.0,0.0,0.0,0.0
871142930450013702,6.0,10.827601713292738,21.636029411764707,2.1907949447631836,21.655202977797565
871142930480719401,0.0,0.0,0.0,0.0,0.0
871242930523367401,0.0,0.0,0.0,0.0,0.0
871342930521539001,0.0,0.0,0.0,0.0,0.0
871342930525209801,3.232142925262451,9.414274328000234,293.93108894673725,80.24734497070312,1054.3987126018324
871342930534708502,3.240506410598755,6.502962573206442,174.51098096632504,66.1559066772461,513.7340270247676
871442930450821301,0.0,0.0,0.0,0.0,0.0
871542929309376301,0.0,0.0,0.0,0.0,0.0
871542930475100402,0.0,0.0,0.0,0.0,0.0
871842930471544702,0.0,0.0,0.0,0.0,0.0
871842930473777201,2.414893627166748,4.509355784947074,122.06351183063512,57.92207336425781,423.8794510890063
871842930477164102,0.0,0.0,0.0,0.0,0.0
871842930546587302,0.0,0.0,0.0,0.0,0.0
871942930522152902,3.8305084705352783,5.766978904469035,117.93768996960486,39.9234733581543,340.2517444210574
872042930531248002,0.0,0.0,0.0,0.0,0.0
872142928191352102,3.689655065536499,5.534608601616042,127.5214485151028,56.39940643310547,321.0073047292264
872142930517248702,0.0,0.0,0.0,0.0,0.0
872142930525374001,0.0,0.0,0.0,0.0,0.0
872242930535099602,2.8411214351654053,12.224531453274068,614.1786643538595,132.95677185058594,1308.0248341390804
872542930526772802,4.0,17.26493503736413,17.264673913043477,0.0,17.26493503736413
872642930471804901,3.174603223800659,4.6740607620114325,63.02224625366909,34.77622604370117,294.46583327056635
872842930463802702,0.0,0.0,0.0,0.0,0.0
872942930518030701,0.1860465109348297,74.5749932650862,669.8965517241379,82.76744079589844,3206.7246093092294
873042930475504502,0.0,0.0,0.0,0.0,0.0
873142929400229701,0.0,0.0,0.0,0.0,0.0
873142930528481601,7.0,16.131966145833335,16.13199404761905,2.1819605827331543,16.131966145833335
873442930525416502,0.0,42.375598491218234,42.37593423019432,2.9608447551727295,42.375598491218234
873442930531294301,0.0,0.0,0.0,0.0,0.0
873542930530923201,0.0,0.0,0.0,0.0,0.0
873842930463851302,0.0,0.0,0.0,0.0,0.0
873942930478273401,3.8070175647735596,8.810331441309332,163.3700107874865,84.3585205078125,502.1889057756113
873942930524006502,0.0,0.0,0.0,0.0,0.0
873942930524909502,0.0,0.0,0.0,0.0,0.0
873942930528998602,0.0,0.0,0.0,0.0,0.0
874042930452220201,0.0,0.0,0.0,0.0,0.0
874042930472430802,0.0,0.0,0.0,0.0,0.0
874042930508878001,0.0,0.0,0.0,0.0,0.0
874142930549247501,3.545454502105713,10.833824198082011,138.61904761904762,34.52286148071289,357.5161931375978
874242930457617401,0.0,0.0,0.0,0.0,0.0
874242930461871701,0.0,0.0,0.0,0.0,0.0
874242930524490802,0.0,0.0,0.0,0.0,0.0
874542930051179802,3.0649349689483643,7.4741643772893775,180.8989010989011,90.05625915527344,575.5106342937484
874642930467125901,0.0,0.0,0.0,0.0,0.0
874642930524115201,1.1235954761505127,6.856304918736787,59.059196617336156,93.67064666748047,610.2111174668788
874842928176254401,0.0,0.0,0.0,0.0,0.0
874842930456115302,1.970588207244873,8.53811327254149,42.31013128560812,94.35664367675781,870.8875326364974
874842930531525802,0.0,0.0,0.0,0.0,0.0
875142928823088002,0.0,0.0,0.0,0.0,0.0
875142930518232402,0.5090909004211426,11.197059569431921,206.04328223624887,121.43050384521484,1231.676530647106
875242929166244901,0.0,0.0,0.0,0.0,0.0
875242930265176101,0.0,0.0,0.0,0.0,0.0
875442930534879301,0.9399999976158142,19.421147629310344,517.4827586206897,151.35910034179688,1942.11468119128
875542930476089902,2.778761148452759,7.36727565554841,160.33161833489243,109.74494934082031,832.5021740455735
875642930535245501,0.0,0.0,0.0,0.0,0.0
875942930532537202,4.099999904632568,10.105181312383937,58.6949860724234,11.391655921936035,101.05181471064009
876042930516405702,0.0,0.0,0.0,0.0,0.0
876142930516358702,0.0,0.0,0.0,0.0,0.0
876142930520974101,0.0,0.0,0.0,0.0,0.0
876142930526299101,0.0,0.0,0.0,0.0,0.0
876242930517852801,3.472527503967285,7.74770533487259,120.08884993932857,114.88946533203125,705.0412071143679
876242930524959801,3.877192974090576,10.683948433716708,179.64164648910412,0.0,608.9850473169408
876342929194683901,0.0,0.0,0.0,0.0,0.0
876342930533438402,52.0,56.76855895196506,56.76855895196506,8.808781623840332,56.76855895196506
876642928623805201,3.15625,11.561096930005501,147.75412541254124,31.19047737121582,369.9550969844604
876642930527818202,0.0,0.0,0.0,0.0,0.0
876642930532431701,0.0,0.0,0.0,0.0,0.0
876942930455630201,0.0,0.0,0.0,0.0,0.0
876942930476500202,5.306122303009033,9.24158622804752,110.9194214876033,70.18267059326172,452.8377215642246
877042930520595202,0.0,0.0,0.0,0.0,0.0
877242930452789102,0.0,0.0,0.0,0.0,0.0
877342930533611101,0.0,0.0,0.0,0.0,0.0
877442930517084701,0.0,0.0,0.0,0.0,0.0
877442930517549801,0.0,0.0,0.0,0.0,0.0
877442930541810301,0.0,0.0,0.0,0.0,0.0
877642930474762901,0.0,0.0,0.0,0.0,0.0
877642930509111001,0.0,0.0,0.0,0.0,0.0
877642930536051902,0.0,0.0,0.0,0.0,0.0
877842930530796501,0.0,0.0,0.0,0.0,0.0
877942930509116701,0.0,0.0,0.0,0.0,0.0
878042930550394601,3.3246753215789795,21.343201474096798,239.58214042263123,109.618408203125,1643.4265197462669
878142930522432301,0.0,0.0,0.0,0.0,0.0
878242930289535201,0.0,0.0,0.0,0.0,0.0
878342930534037002,1.675675630569458,10.544682829244218,28.390298928369994,100.64384460449219,780.3065178059483
878442930457568501,3.0,3.5495911458333333,3.5493333333333332,0.5047398805618286,3.5495911458333333
878442930464591201,0.0,0.0,0.0,0.0,0.0
878542930093539401,0.0,0.0,0.0,0.0,0.0
878642930453062702,0.0,0.0,0.0,0.0,0.0
878642930472689301,0.0,0.0,0.0,0.0,0.0
878642930541630601,4.529411792755127,10.591977979316086,175.49590163934425,44.8327751159668,540.1908596969041
878742929309357202,0.0,0.0,0.0,0.0,0.0
878742930447545202,0.0,0.0,0.0,0.0,0.0
878742930461545401,2.7580645084381104,29.035282691976583,244.07988980716254,102.05352020263672,1800.18756187192
878842930547963502,0.0,0.0,0.0,0.0,0.0
878942930477741302,2.8064515590667725,12.239643297697368,167.16764132553607,28.215892791748047,379.42895001417014
879142929012644202,0.0,0.0,0.0,0.0,0.0
879142929861272302,2.799999952316284,7.043462804896923,15.331084009162385,4.676458835601807,35.21731499179719
879142930545722802,0.0,0.0,0.0,0.0,0.0
879242930473936201,0.0,0.0,0.0,0.0,0.0
879242930525474302,0.0,0.0,0.0,0.0,0.0
879342930550665702,0.0,0.0,0.0,0.0,0.0
879542930447227302,0.0,0.0,0.0,0.0,0.0
879542930471811501,0.0,0.0,0.0,0.0,0.0
879542930542044901,0.0,0.0,0.0,0.0,0.0
879742930524472601,0.0,0.0,0.0,0.0,0.0
879742930530521802,0.0,0.0,0.0,0.0,0.0
879842930460504202,3.2621359825134277,8.878504443507097,111.3828252269025,93.59166717529297,914.4859641760705
879942930446940201,0.0,0.0,0.0,0.0,0.0
879942930459835002,1.7083333730697632,18.7567020843388,248.60135135135135,90.06581115722656,900.3216830202051
881242930450290802,2.6557376384735107,42.804236070165096,435.2169811320755,88.86711883544922,2611.058494082037
881342930524302201,0.0,0.0,0.0,0.0,0.0
881342930534866401,0.0,0.0,0.0,0.0,0.0
881442930538844801,0.0,0.0,0.0,0.0,0.0
881542930448893901,2.57851243019104,6.404188970744117,98.03962264150944,81.70875549316406,774.9068431580903
881542930537459101,0.0,0.0,0.0,0.0,0.0
881642930453490402,0.0,0.0,0.0,0.0,0.0
881842930548693302,0.0,0.0,0.0,0.0,0.0
881942930458473002,0.0,0.0,0.0,0.0,0.0
882042930451587001,0.0,0.0,0.0,0.0,0.0
882042930460138902,1.100000023841858,18.01201878521649,6.801601423487544,19.05927848815918,360.2403773062311
882042930518036902,0.0,0.0,0.0,0.0,0.0
882242927979733302,0.0,0.0,0.0,0.0,0.0
882342930532789302,0.0,0.0,0.0,0.0,0.0
882442930534443801,0.0,0.0,0.0,0.0,0.0
882742928832350602,0.0,0.0,0.0,0.0,0.0
882742930474333401,3.50649356842041,8.08967808682067,148.05968262884426,63.42438507080078,622.905225480311
882742930476653301,2.7014925479888916,5.153651962844654,108.52071284465366,100.8174057006836,690.5893515878663
882742930480113002,0.0,0.0,0.0,0.0,0.0
882842930517036602,0.0,0.0,0.0,0.0,0.0
882842930530281801,0.0,0.0,0.0,0.0,0.0
882942930528952802,0.0,0.0,0.0,0.0,0.0
883042927979653202,0.0,0.0,0.0,0.0,0.0
883042930464210701,0.0,0.0,0.0,0.0,0.0
883042930533976102,0.0,0.0,0.0,0.0,0.0
883142928108880501,0.0,0.0,0.0,0.0,0.0
883142930540240101,0.0,0.0,0.0,0.0,0.0
883342928845045702,0.0,0.0,0.0,0.0,0.0
883342930516084201,0.0,0.0,0.0,0.0,0.0
883342930522943101,1.5668202638626099,3.057250305319619,631.1914768263944,126.2853775024414,663.4232990753903
883542930509244801,0.0,0.0,0.0,0.0,0.0
883842928634028901,3.5,41.19663783482143,82.39495798319328,3.3542702198028564,82.39327772124474
883842930530746501,0.0,0.0,0.0,0.0,0.0
883942930520327901,132.0,0.039968652037617555,0.039968652037617555,0.005164258647710085,0.039968652037617555
884242930530802101,0.0,0.0,0.0,0.0,0.0
884442928697249802,0.0,0.0,0.0,0.0,0.0
884542930508371602,1.1375000476837158,6.298339679842229,162.8804968110104,61.51258850097656,503.8671886371102
884642930472927902,0.0,0.0,0.0,0.0,0.0
884642930550779101,0.0,0.0,0.0,0.0,0.0
884742930528071801,0.0,0.0,0.0,0.0,0.0
884842930528175701,0.0,0.0,0.0,0.0,0.0
884942928726710702,0.0,0.0,0.0,0.0,0.0
885042930464006301,1.59183669090271,8.366902827188444,123.128503665373,122.71636199951172,819.9564424941847
885142930477436202,0.0,0.0,0.0,0.0,0.0
885242930520068101,2.549999952316284,7.626952408519809,68.0942773294204,49.021278381347656,457.61712525018595
885442929543839302,0.0,0.0,0.0,0.0,0.0
885642930511258901,0.0,0.0,0.0,0.0,0.0
885742929613518902,0.0,0.0,0.0,0.0,0.0
885942928726169702,0.0,0.0,0.0,0.0,0.0
885942930450228701,0.0,0.0,0.0,0.0,0.0
885942930460737202,0.0,0.0,0.0,0.0,0.0
886142930477536701,0.0,0.0,0.0,0.0,0.0
886242930534854202,0.0,0.0,0.0,0.0,0.0
886242930541392601,0.0,0.0,0.0,0.0,0.0
886342930547993002,0.0,0.0,0.0,0.0,0.0
886442930461291402,0.0,195.20996586134453,195.21008403361344,18.12701416015625,195.20996586134453
886442930479641201,0.0,0.0,0.0,0.0,0.0
886442930526393201,0.0,0.0,0.0,0.0,0.0
886542930453863001,31.799999237060547,40.63205417607224,130.9255079006772,31.45762062072754,203.16027088036117
886742930453000701,0.0,0.0,0.0,0.0,0.0
886742930479942201,3.6666667461395264,3.8781215861692266,9.485169491525424,0.7602927684783936,11.634364370572365
886742930509750502,0.0,0.0,0.0,0.0,0.0
886742930516418501,4.0,13.797323917238423,13.797598627787307,0.7993457317352295,13.797323917238423
886942930525439601,0.0,0.0,0.0,0.0,0.0
887042930519802501,0.0,0.0,0.0,0.0,0.0
887142927963846701,1.8235293626785278,9.549112157883988,111.37472766884531,79.90129852294922,811.6745036131416
887342930475309002,0.0,0.0,0.0,0.0,0.0
887542930532755102,0.0,0.0,0.0,0.0,0.0
887642930460145701,0.0,0.0,0.0,0.0,0.0
887842930519240601,0.0,0.0,0.0,0.0,0.0
887842930521675302,0.0,0.0,0.0,0.0,0.0
887842930524419802,0.0,0.0,0.0,0.0,0.0
887942930461968101,0.0,0.0,0.0,0.0,0.0
888042930480079302,5.599999904632568,4.116865031339176,41.16877293110477,4.8860907554626465,41.168650445576546
888142930464421702,3.376237630844116,10.252760093630725,206.39312977099237,109.44656372070312,1035.5287980620794
888442930544244301,0.0,0.0,0.0,0.0,0.0
888542928602970201,0.24242424964904785,8.109992380413557,170.46403737703722,79.92337036132812,802.889230588735
888542929372994801,0.0,0.0,0.0,0.0,0.0
888742930460589802,0.0,0.0,0.0,0.0,0.0
888742930515417702,0.0,0.0,0.0,0.0,0.0
888842930523174002,1.0,0.39774017473589035,0.3979871912168344,0.04376284405589104,0.39774017473589035
888842930525252101,0.0,0.0,0.0,0.0,0.0
888842930534199202,0.0,0.0,0.0,0.0,0.0
888942930456231601,0.0,0.0,0.0,0.0,0.0
889142930540539802,0.0,0.0,0.0,0.0,0.0
889342930468765601,4.416666507720947,13.129717461107091,213.55475156777618,99.6113052368164,945.3396519536392
889342930477304901,4.900000095367432,7.431837171423736,66.0081227436823,33.74489974975586,222.95510830173424
889742930527794902,0.0,0.0,0.0,0.0,0.0
889742930538694302,0.0,0.0,0.0,0.0,0.0
891142929197828702,0.0,0.0,0.0,0.0,0.0
891142930524308901,0.0,0.0,0.0,0.0,0.0
891142930524983002,0.0,0.0,0.0,0.0,0.0
891142930526397302,2.5409836769104004,13.327857427319794,189.20589406610912,125.2706527709961,1625.9985601597693
891142930533040802,2.488095283508301,7.782377756186548,108.4746192893401,106.8814468383789,653.7197563551404
891242930480126701,0.0,0.0,0.0,0.0,0.0
891342930518678402,0.0,0.0,0.0,0.0,0.0
891442930474265002,0.0,0.0,0.0,0.0,0.0
891442930519394501,0.0,0.0,0.0,0.0,0.0
891642928099619102,0.0,0.0,0.0,0.0,0.0
891642930545936502,7.0,43.23407714633797,43.234054751325786,4.071333408355713,43.23407714633797
891742930542655002,0.0,0.0,0.0,0.0,0.0
891842930529493501,0.0,0.0,0.0,0.0,0.0
891842930536029501,0.0,0.0,0.0,0.0,0.0
891942928074491401,0.0,0.0,0.0,0.0,0.0
891942930534585101,0.0,0.0,0.0,0.0,0.0
892342930479133402,0.0,4.60899900528924,160.84961402839988,84.73060607910156,516.2078854709134
892442930459069701,0.0,0.0,0.0,0.0,0.0
892442930528126802,0.0,0.0,0.0,0.0,0.0
892442930545085002,1.6749999523162842,16.88417536095728,675.3639240506329,51.61464309692383,675.3669910943961
892742930547903302,1.8239436149597168,8.360959248115964,235.4052599200246,108.5359878540039,1187.256177892248
893142927975166402,0.0,0.0,0.0,0.0,0.0
893142930455255102,2.6987950801849365,16.626639539930554,146.0388888888889,123.19144439697266,1380.0110721492767
893342930528780001,0.0,0.0,0.0,0.0,0.0
893442930545531201,0.17241379618644714,25.392542510029177,28.11743253099927,118.31523895263672,1472.7675131165486
893642928077920702,0.2986425459384918,11.842860463978074,654.1922474549726,424.3150329589844,2617.2721188380183
893642929424116302,0.0,0.0,0.0,0.0,0.0
893742930463306101,0.0,0.0,0.0,0.0,0.0
893842930527186101,0.0,0.0,0.0,0.0,0.0
894042930477690402,0.0,0.0,0.0,0.0,0.0
894342930184380301,0.0,0.0,0.0,0.0,0.0
894442930463609702,0.0,0.0,0.0,0.0,0.0
894742930518898001,0.0,0.0,0.0,0.0,0.0
894742930521856602,0.0,0.0,0.0,0.0,0.0
894942928210492902,0.0,0.0,0.0,0.0,0.0
895042930546773801,0.0,0.0,0.0,0.0,0.0
895342927982896301,0.0,0.0,0.0,0.0,0.0
895542930447808001,0.0,0.0,0.0,0.0,0.0
895742930457228602,0.0,0.0,0.0,0.0,0.0
895742930530491102,3.3333332538604736,3.5050869831996683,8.282356194690266,1.5263103246688843,10.515261152149302
896042930535044301,3.1818182468414307,21.414436265777688,130.81514657980455,18.269309997558594,235.55880732334398
896142930453359302,2.1600000858306885,8.782010344734571,312.55351747949936,102.62408447265625,878.2010398637543
896242930449464402,0.0,0.0,0.0,0.0,0.0
896242930528754401,4.067567348480225,6.240283626379038,89.69838455476753,52.786346435546875,461.7809751580511
896242930539614902,0.0,0.0,0.0,0.0,0.0
896342930538899601,0.0,0.0,0.0,0.0,0.0
896342930546451101,0.0,0.0,0.0,0.0,0.0
896442930459265001,0.0,0.0,0.0,0.0,0.0
896542928119391301,3.5581395626068115,9.270176399886878,180.44570135746605,66.74347686767578,797.2352011149825
896642930521106401,3.9156627655029297,11.974294630642955,142.29329685362518,88.06404113769531,993.8664510317279
896742927944985902,0.0,0.0,0.0,0.0,0.0
896842930460665702,0.0,0.0,0.0,0.0,0.0
896842930522097502,0.0,0.0,0.0,0.0,0.0
896842930529787402,0.0,0.0,0.0,0.0,0.0
897042930455342701,5.2272725105285645,3.941585520799247,37.167539267015705,11.887596130371094,86.71488185702819
897042930460206502,0.0,0.0,0.0,0.0,0.0
897242930545432902,1.711111068725586,6.826431352986612,82.03681771369722,90.24110412597656,614.3788355115329
897242930547626402,0.0,0.0,0.0,0.0,0.0
897642930523595201,0.0,0.0,0.0,0.0,0.0
897842930459772701,0.0,0.0,0.0,0.0,0.0
897942929946658301,0.0,0.0,0.0,0.0,0.0
897942930478722601,1.1170213222503662,3.414915951088223,64.76888661043016,66.22806549072266,321.0020920437958
898142930472063702,0.0,0.0,0.0,0.0,0.0
898242929118597101,0.0,0.0,0.0,0.0,0.0
898542930460696001,0.0,0.0,0.0,0.0,0.0
898642928878430201,0.0,0.0,0.0,0.0,0.0
898642929269102702,3.0,37.9122314453125,204.9325810185185,22.378273010253906,303.29785721390334
898642930457963402,5.5714287757873535,16.225750833157004,247.01565806178587,111.33312225341797,1022.2222549787175
898642930464550601,0.0,0.0,0.0,0.0,0.0
898642930515610702,0.0,0.0,0.0,0.0,0.0
898642930525899401,4.08695650100708,8.984921126880986,48.769767441860466,36.02248001098633,206.65318499368126
898642930526253401,1.0545454025268555,4.2056217744105275,78.28470795421191,84.10009765625,462.6183971850656
898742930527914001,4.0,9.149283636010052,37.572762087123024,21.57699966430664,146.38853265589765
898942930534781701,0.0,0.0,0.0,0.0,0.0
899142930458916502,0.0,0.0,0.0,0.0,0.0
899142930520949702,0.0,0.0,0.0,0.0,0.0
899442930477602002,0.0,0.0,0.0,0.0,0.0
899542930479072802,0.0,0.0,0.0,0.0,0.0
899542930518010302,2.952380895614624,4.656722056714794,81.28085443037975,26.513322830200195,195.58232722101332
899542930529210902,0.0,0.0,0.0,0.0,0.0
899642929259359502,3.1666667461395264,5.321844698920637,80.97115729129344,16.794586181640625,127.72427126243096
899642930538859901,4.0,14.577646891276041,137.38541666666666,17.14971351623535,291.55292936166126
899742929012951802,3.4095237255096436,7.600952515015015,162.3734984984985,76.56660461425781,798.1000349161264
899742930519645701,3.5333333015441895,5.136302544395265,52.78487627986348,62.47414779663086,462.2672136403595
901242928823042002,0.0,0.0,0.0,0.0,0.0
901242930509448502,0.0,0.0,0.0,0.0,0.0
901342930543043201,0.0,0.0,0.0,0.0,0.0
901442928087989501,0.0,0.0,0.0,0.0,0.0
901542930540856402,0.0,0.0,0.0,0.0,0.0
901742930453905802,0.0,0.0,0.0,0.0,0.0
901842930462787701,0.0,0.0,0.0,0.0,0.0
901942928175981702,0.0,220.4905223134991,184.44582593250445,17.279809951782227,220.4905223134991
902042930476478901,0.0,0.0,0.0,0.0,0.0
902442930542582601,0.0,0.0,0.0,0.0,0.0
902542930463173102,0.0,0.0,0.0,0.0,0.0
902642930517698402,0.0,0.0,0.0,0.0,0.0
902742928109525001,0.0,0.0,0.0,0.0,0.0
902742930453899501,1.6341463327407837,4.417822816839926,39.73190936408674,27.45058822631836,181.1307376368044
902742930519255402,0.0,0.0,0.0,0.0,0.0
902842930524465902,0.0,8.31334319612873,68.3955223880597,162.2339630126953,1504.7151213145078
903142930518312801,0.0,0.0,0.0,0.0,0.0
903142930518862702,0.0,0.0,0.0,0.0,0.0
903342930466703601,4.9210524559021,31.186302329009433,125.64779874213836,69.21337127685547,1185.079455426279
903442930527707601,3.0,29.76712615473441,29.767205542725172,2.289790391921997,29.76712615473441
903542930447094901,0.0,0.0,0.0,0.0,0.0
903742929488676902,0.0,0.0,0.0,0.0,0.0
903842930509351502,1.840000033378601,5.859403459165687,20.550411280846063,22.512544631958008,146.4850824376251
903942930475834401,0.0,0.0,0.0,0.0,0.0
904042929922159801,0.0,0.0,0.0,0.0,0.0
904042930465200202,0.0,0.0,0.0,0.0,0.0
904042930548901001,0.0,66.33373014591942,66.33367768595042,4.012585163116455,66.33373014591942
904142929735970401,0.0,0.0,0.0,0.0,0.0
904142930515785701,0.0,0.0,0.0,0.0,0.0
904342930466563902,0.0,0.0,0.0,0.0,0.0
904642930462924201,0.0,0.0,0.0,0.0,0.0
904642930524324701,0.0,0.0,0.0,0.0,0.0
904642930526554502,0.0,0.0,0.0,0.0,0.0
904742930459111701,0.0,0.0,0.0,0.0,0.0
904742930527109901,6.5,7.18203982223537,28.124784853700515,4.553738594055176,43.09223801420806
905042930460852201,2.6771652698516846,6.830343586387435,178.07853403141362,105.59889221191406,867.4536295606204
905142930446820001,0.0,0.0,0.0,0.0,0.0
905242930463572302,0.0,0.0,0.0,0.0,0.0
905342930475284702,0.0,0.0,0.0,0.0,0.0
905342930518946001,3.7959184646606445,4.5738434667673715,65.10187311178248,32.471778869628906,224.11833393465716
905542930510527201,2.507462739944458,23.211324214404893,90.21134593993325,88.41549682617188,1555.1587097132963
906042928191142702,0.0,0.0,0.0,0.0,0.0
906142930464080001,0.0,0.0,0.0,0.0,0.0
906142930467844802,2.0806450843811035,13.750939689567925,323.2183729077462,145.3663787841797,1705.1165534806837
906142930530048102,0.0,0.0,0.0,0.0,0.0
906142930545816502,0.0,0.0,0.0,0.0,0.0
906242930524307702,2.507936477661133,4.892253412662993,85.81279105867743,79.73692321777344,616.4239166802184
906342930525706801,3.0,1.6085102546800714,2.762282091917591,0.203226700425148,3.2170206060878073
906442930220683002,4.0,28.794072909147157,44.44322986490667,6.35164737701416,57.58814742961741
906442930517855702,0.0,0.0,0.0,0.0,0.0
906542930532165101,0.0,0.0,0.0,0.0,0.0
906642930533847202,0.0,0.0,0.0,0.0,0.0
906642930543050002,0.0,0.0,0.0,0.0,0.0
906742930466029301,0.0,0.0,0.0,0.0,0.0
906742930543871702,4.013888835906982,13.640335327891533,295.0154952960708,93.33101654052734,982.1041325546458
906842930453354501,0.0,0.0,0.0,0.0,0.0
906942930459183502,0.0,0.0,0.0,0.0,0.0
907042930546299502,0.0,0.0,0.0,0.0,0.0
907142930530076001,0.0,0.0,0.0,0.0,0.0
907442930509708802,0.0,0.0,0.0,0.0,0.0
907542930479797202,3.090909004211426,4.484258873654536,57.15052110029045,30.653060913085938,147.98054526879932
907542930542775001,0.0,0.0,0.0,0.0,0.0
907842929230221302,0.0,0.0,0.0,0.0,0.0
907942930456347202,0.0,0.0,0.0,0.0,0.0
908142930480102102,0.0,0.0,0.0,0.0,0.0
908142930527591102,0.0,0.0,0.0,0.0,0.0
908342930476180501,0.0,0.0,0.0,0.0,0.0
908342930535016301,2.629213571548462,12.993982712765957,149.02893617021277,137.36996459960938,1156.464493583517
908442930453832802,0.0,13.142185801630434,0.0,69.86669921875,893.6686331840183
908642930541948102,0.0,0.0,0.0,0.0,0.0
908742930473883801,0.0,0.0,0.0,0.0,0.0
908942930479161202,2.853210926055908,3.7019869195292623,82.16734021853016,72.31475830078125,403.51658038496345
909342930456023901,3.2933332920074463,4.8690985643291,81.90237437879624,41.394432067871094,365.1823817308757
909342930459358202,0.260869562625885,16.26407269021739,221.8095652173913,102.3609619140625,1122.2210177346935
909742930342632902,0.0,0.0,0.0,0.0,0.0
909942930476421402,2.7422680854797363,9.473922025240384,62.707692307692305,114.68370056152344,918.9704300080355
911142930462634802,0.0,0.0,0.0,0.0,0.0
911242929047773602,3.299999952316284,16.63576242822489,83.17880062640096,16.113113403320312,166.35761631340054
911242930462622402,0.0,0.0,0.0,0.0,0.0
911342930462867102,0.0,0.0,0.0,0.0,0.0
911342930475753101,0.0,0.0,0.0,0.0,0.0
911342930517880701,0.0,0.0,0.0,0.0,0.0
911442930448484202,0.6704545617103577,5.872379778485285,118.1379713797138,71.36719512939453,516.76940793822
911442930460199502,0.0,0.0,0.0,0.0,0.0
911442930475919801,0.0,0.0,0.0,0.0,0.0
911542930517724801,0.0,0.0,0.0,0.0,0.0
911642930475045702,0.0,0.0,0.0,0.0,0.0
911742928832515201,0.0,0.0,0.0,0.0,0.0
911742930457471501,0.0,0.0,0.0,0.0,0.0
911842930461864202,3.1066665649414062,5.929339551005634,78.37679015454346,49.41328430175781,444.70046970955406
911942930472953102,0.0,0.0,0.0,0.0,0.0
911942930516869201,0.0,0.0,0.0,0.0,0.0
912142928726384801,0.0,0.0,0.0,0.0,0.0
912242930548239401,2.444444417953491,3.106583627121874,19.55114485912809,4.809207439422607,27.959252387315814
912342930525341802,0.0,0.0,0.0,0.0,0.0
912442929400197302,2.75,5.551586290908516,25.232752084912814,6.829568862915039,66.61903326975929
912542929861386501,0.0,0.0,0.0,0.0,0.0
912542930515904602,0.0,0.0,0.0,0.0,0.0
912742930455090201,0.02259887009859085,6.970616469109196,21.118620689655174,200.9238739013672,1233.7991539032157
912742930532192501,4.551281929016113,11.61136589105339,221.12063492063493,97.28104400634766,905.6865353715024
913042930509519302,2.8913042545318604,16.207505728246467,1011.6572438162544,134.2256622314453,1491.090566065623
913142929197853301,0.0,0.0,0.0,0.0,0.0
913142930480500101,0.0,0.0,0.0,0.0,0.0
913442930530963902,0.0,0.0,0.0,0.0,0.0
913642930448600901,0.0,0.0,0.0,0.0,0.0
913842930478057302,3.879310369491577,14.053075396825397,216.87012987012986,78.7376480102539,815.0783484873145
914142930517074001,0.0,0.0,0.0,0.0,0.0
914242930473594801,0.0,0.0,0.0,0.0,0.0
914542930547475602,0.0,0.0,0.0,0.0,0.0
914642930227350201,3.4285714626312256,37.74175815750736,149.09519136408244,34.522674560546875,264.19231045678976
914642930476804802,0.9320987462997437,21.996363450473826,1845.6462093862815,148.44117736816406,3563.4108495944674
914742930547647501,0.0,0.0,0.0,0.0,0.0
914842930520222101,0.0,0.0,0.0,0.0,0.0
915042930475554401,2.6315789222717285,4.999427719980226,96.42189466115406,42.19986343383789,284.96738789455725
915142930544348802,3.4210526943206787,9.458602278199914,67.9755993150685,21.599740982055664,179.71344762019916
915242928305203602,1.600000023841858,4.654481819757912,67.76635985373849,72.78312683105469,395.6309445495038
915242930480492201,3.0370371341705322,5.572436648521192,71.87447601304146,25.600955963134766,150.45578677386644
915242930508811001,0.0,0.0,0.0,0.0,0.0
915242930509816702,0.0,0.0,0.0,0.0,0.0
915442929269199002,0.0,0.0,0.0,0.0,0.0
915542930465206901,4.333333492279053,6.0235950558684594,13.627906976744185,1.397193193435669,18.070784812749817
915542930529604401,0.0,0.0,0.0,0.0,0.0
915642927968928601,0.0,0.0,0.0,0.0,0.0
915942930477582201,0.0,0.0,0.0,0.0,0.0
916042928932341102,0.0,0.0,0.0,0.0,0.0
916142930544186502,0.0,134.4983251891551,77.60277427490543,13.998878479003906,134.4983251891551
916442930465386302,0.0,0.0,0.0,0.0,0.0
916442930477521901,0.09638553857803345,6.756994181274777,21.49950445986125,89.27745056152344,560.8305076413868
916442930519516402,0.0,0.0,0.0,0.0,0.0
916442930531058302,0.0,0.0,0.0,0.0,0.0
916542930458707102,0.29729729890823364,12.674331025449101,16.31811377245509,59.268531799316406,468.95026569023815
916942930453882902,0.0,0.0,0.0,0.0,0.0
916942930466486402,0.0,0.0,0.0,0.0,0.0
917142930472598802,0.0,0.0,0.0,0.0,0.0
917142930530393302,1.8861788511276245,3.0827532143300194,37.30839846172931,59.1237678527832,379.1786572257621
917342928932595901,0.0,0.0,0.0,0.0,0.0
917342930463979101,3.40625,14.738997625883393,255.25159010600706,107.26846313476562,1414.9437974343452
917642930465328001,2.1979167461395264,5.342819626266892,47.53692084942085,66.61783599853516,512.9107011061838
917842930548096601,0.0,0.0,0.0,0.0,0.0
918142929012861401,0.0,0.0,0.0,0.0,0.0
918142930253656501,0.0,0.0,0.0,0.0,0.0
918242930474581902,0.0,0.0,0.0,0.0,0.0
918342927979693102,0.0,0.0,0.0,0.0,0.0
918342930454501102,4.430379867553711,7.326900385907438,142.2852383464283,74.27297973632812,578.8251287404778
918342930520974002,3.7903225421905518,10.83093691111809,671.5163316582915,96.00257110595703,671.5180618661133
918442930455977001,0.0,0.0,0.0,0.0,0.0
918542929467168701,0.0,0.0,0.0,0.0,0.0
918542930475106301,0.0,0.0,0.0,0.0,0.0
918542930542991502,1.7295918464660645,8.124823479025835,792.5366422816927,105.34141540527344,1592.4653947359855
918642929197993601,0.0,0.0,0.0,0.0,0.0
918642930549125002,0.0,0.0,0.0,0.0,0.0
918642930550643602,1.3518518209457397,10.117005375803858,76.67917113254734,62.30620193481445,546.3183061201771
918742930460371302,0.0,0.0,0.0,0.0,0.0
918742930508026202,0.0,0.0,0.0,0.0,0.0
918742930531152201,0.0,0.0,0.0,0.0,0.0
918942930478364602,3.6956522464752197,14.017362950211865,110.12782485875707,54.668365478515625,322.3993416468976
919042930469010301,0.0,0.0,0.0,0.0,0.0
919242930520752401,0.0,0.0,0.0,0.0,0.0
919242930531509301,0.0,0.0,0.0,0.0,0.0
919442930472211202,0.0,0.0,0.0,0.0,0.0
919442930509887001,4.666666507720947,32.76345170454545,80.81363636363636,13.509604454040527,98.29035289417614
919642928043962401,0.0,0.0,0.0,0.0,0.0
921142929091778602,0.0,0.0,0.0,0.0,0.0
921142929389126502,0.0,0.0,0.0,0.0,0.0
921242930458500401,0.0,0.0,0.0,0.0,0.0
921242930530092101,0.0,0.0,0.0,0.0,0.0
921642928078039601,4.385964870452881,18.07018377130682,221.51363636363635,63.13888931274414,1030.0004986242814
921642930446965202,0.0,0.0,0.0,0.0,0.0
921642930450707002,1.3636363744735718,0.8666160428096206,3.5606207565470416,1.9732872247695923,9.53277635250591
921642930518061601,0.0,0.0,0.0,0.0,0.0
921642930540510502,0.0,0.0,0.0,0.0,0.0
921742930454453502,0.0,0.0,0.0,0.0,0.0
921742930463066401,1.4810127019882202,5.905652434674351,318.136078782453,48.49329376220703,466.5465301028724
921742930540525702,0.0,0.0,0.0,0.0,0.0
921842930461837502,3.799999952316284,2.3658177403794256,7.348445595854923,2.2169814109802246,11.829088799076377
921842930472659001,0.0,0.0,0.0,0.0,0.0
921942930550317201,0.0,0.0,0.0,0.0,0.0
922142929348263902,0.0,0.0,0.0,0.0,0.0
922142930517340901,0.0,0.0,0.0,0.0,0.0
922142930526841101,0.0,0.0,0.0,0.0,0.0
922342930469190301,0.0,0.0,0.0,0.0,0.0
922442930460481302,0.0,0.0,0.0,0.0,0.0
922642930534558601,0.0,0.0,0.0,0.0,0.0
922842930454476201,0.0,0.0,0.0,0.0,0.0
923342930520845202,3.117647171020508,5.6707459115111565,37.20396664412892,16.547489166259766,96.40267829473744
923542930532841602,0.0,0.0,0.0,0.0,0.0
923642929013263801,3.896103858947754,6.116305755256648,88.67532467532467,64.53124237060547,470.95556154174426
923642929649319001,0.0,0.0,0.0,0.0,0.0
923642930464565102,0.0,0.0,0.0,0.0,0.0
923742930532311502,0.0,0.0,0.0,0.0,0.0
923742930549712601,0.0,0.0,0.0,0.0,0.0
924042930457907601,0.0,0.0,0.0,0.0,0.0
924042930534125702,0.21176470816135406,8.945425982236612,22.994749737486874,84.14418029785156,760.3612006050246
924042930545163801,0.3499999940395355,7.215452293609435,131.15615286158348,91.92308044433594,865.8542661675589
924142930176829802,0.0,0.0,0.0,0.0,0.0
924442930537866702,0.0,0.0,0.0,0.0,0.0
924742930448499801,3.4242424964904785,7.100026388750464,129.11572089989036,78.36561584472656,702.9026046711592
924842930521817802,2.537735939025879,5.1721303975700845,89.08631501291036,76.30799865722656,548.2458227256794
925142930462707702,4.545454502105713,13.427964738497712,193.17081850533808,53.43830871582031,590.8304393450258
925142930521019702,0.0,0.0,0.0,0.0,0.0
925142930525855502,0.0,0.0,0.0,0.0,0.0
925242930472946001,3.5892856121063232,13.325708883217132,206.5770252324037,57.08150863647461,746.2397104189848
925342930480199601,0.0,0.0,0.0,0.0,0.0
925442930508489802,2.9629628658294678,11.676965169842065,151.4610177989471,33.38630676269531,315.2780488171533
925542930447262202,0.0,0.0,0.0,0.0,0.0
925542930462223801,0.0,0.0,0.0,0.0,0.0
925542930542927902,0.07476635277271271,5.295198451450893,14.909642857142858,94.7059097290039,566.5862347816463
925642930507931001,0.0,0.0,0.0,0.0,0.0
925642930529789801,3.127659559249878,8.196801261947432,109.73118279569893,46.51610565185547,385.2496714529313
925742930478150301,0.0,0.0,0.0,0.0,0.0
926142928130770801,0.0,0.0,0.0,0.0,0.0
926142929531151402,0.0,0.0,0.0,0.0,0.0
926142930519148602,0.0,0.0,0.0,0.0,0.0
926142930521247202,2.0416667461395264,7.681914693782026,102.74477729601892,16.19204330444336,184.3659472497467
926242930469504601,0.0,0.0,0.0,0.0,0.0
926242930478959302,0.0,0.0,0.0,0.0,0.0
926342930528966201,3.9583332538604736,13.603061003989362,80.08765957446809,19.21504783630371,326.4734698202255
926542930526227901,0.0,0.0,0.0,0.0,0.0
926642929118794501,0.0,0.0,0.0,0.0,0.0
926642930455989802,0.0,0.0,0.0,0.0,0.0
926842928979692001,0.0,0.0,0.0,0.0,0.0
926842930544877601,0.0,0.0,0.0,0.0,0.0
926942930478740102,0.0,0.0,0.0,0.0,0.0
927042930528664701,2.4285714626312256,2.1671708927108484,6.884097964815454,3.0128462314605713,15.170195727892768
927142930480317501,0.0,0.0,0.0,0.0,0.0
927142930546284601,0.0,0.0,0.0,0.0,0.0
927242930159107402,0.0,0.0,0.0,0.0,0.0
927342928726214702,0.0,0.0,0.0,0.0,0.0
927342930526498301,1.9137930870056152,3.6746095633740556,32.41006269088571,63.43450927734375,426.25471311887156
927342930534838401,0.0,0.0,0.0,0.0,0.0
927442930542870102,0.0,0.0,0.0,0.0,0.0
927542930445557601,0.0,0.0,0.0,0.0,0.0
927642930476937502,0.0,0.0,0.0,0.0,0.0
927742930528484302,0.0,0.0,0.0,0.0,0.0
927742930541695301,0.0,0.0,0.0,0.0,0.0
927842930453178501,0.0,0.0,0.0,0.0,0.0
927842930459752401,0.0,0.0,0.0,0.0,0.0
927942930457708901,0.0,0.0,0.0,0.0,0.0
928142930460844002,0.0,0.0,0.0,0.0,0.0
928242928932525602,0.0,0.0,0.0,0.0,0.0
928242930479349501,4.382352828979492,10.02804771138977,340.9555908009516,54.230960845947266,340.9536309329221
928642928932432602,0.0,0.0,0.0,0.0,0.0
928742929613586801,0.0,0.0,0.0,0.0,0.0
928742930455807701,0.0,0.0,0.0,0.0,0.0
928842930532139901,0.0,0.0,0.0,0.0,0.0
928942930531496402,0.0,0.0,0.0,0.0,0.0
929042929321017602,2.552941083908081,16.064505148388687,111.12117724432753,118.01655578613281,1365.4829475919653
929042930543566302,1.7659574747085571,10.083950597660223,52.81078331637843,69.32577514648438,473.945682898179
929242930464682202,0.0,0.0,0.0,0.0,0.0
929242930542184601,0.0,0.0,0.0,0.0,0.0
929342930454829702,0.0,0.0,0.0,0.0,0.0
929342930526001302,2.133333444595337,9.28178939309577,90.5,31.026479721069336,278.4536800087162
929542930516026601,1.5854922533035278,9.595427270311761,1710.180444024563,221.99110412597656,1851.917519210643
929542930534858701,0.0,0.0,0.0,0.0,0.0
929642929389152602,0.0,0.0,0.0,0.0,0.0
929642930525318801,1.0930233001708984,12.360182856497337,113.34398782343987,107.63912963867188,1062.9757258968266
929642930528741302,0.2469135820865631,9.02882190120545,10.939203354297694,93.50249481201172,731.3345532387308
929742930465057902,2.7456140518188477,4.4669951789463935,104.30508893280633,65.7934341430664,509.23744998524785
929842930458129101,0.0,0.0,0.0,0.0,0.0
931242930476050402,0.0,0.0,0.0,0.0,0.0
931442930515638602,0.0,0.0,0.0,0.0,0.0
931742930463661702,0.07865168899297714,17.40034226190476,240.09238095238095,148.9524688720703,1548.6304561869304
931842930528286902,0.0,0.0,0.0,0.0,0.0
931942928791257601,0.0,0.0,0.0,0.0,0.0
932042927963688202,3.375,16.970638971259124,161.5211678832117,47.513126373291016,407.2953377382599
932042930457131901,17.75,15.059975228658537,52.6219512195122,9.874890327453613,60.23990270102896
932042930480780201,7.0,15.385078765846384,15.384787472035795,0.8411043882369995,15.385078765846384
932342930459475501,0.0,0.0,0.0,0.0,0.0
932442928716053102,0.0,0.0,0.0,0.0,0.0
932542928932360901,0.0,0.0,0.0,0.0,0.0
932542930527348602,4.230769157409668,15.135847077546297,104.18888888888888,11.980134010314941,196.76601199397334
932642930454303502,0.0,0.0,0.0,0.0,0.0
932742930455556601,0.0,0.0,0.0,0.0,0.0
932742930519252302,0.0,0.0,0.0,0.0,0.0
932942930550179502,0.0,0.0,0.0,0.0,0.0
933042928956248401,3.9759035110473633,15.444840874663376,179.01795332136444,118.70061492919922,1281.9218539472542
933042930457014801,0.0,0.0,0.0,0.0,0.0
933142930540993801,0.0,0.0,0.0,0.0,0.0
933242930449161502,3.909090995788574,9.967856728041863,149.4303599374022,23.890228271484375,328.93927985774894
933242930537963601,0.0,0.0,0.0,0.0,0.0
933342930525591301,4.052631378173828,7.944135726880877,47.10783699059561,20.243755340576172,150.93858393845514
933342930527377502,0.0,0.0,0.0,0.0,0.0
933442930530951801,0.0,0.0,0.0,0.0,0.0
933542929696803401,0.0,0.0,0.0,0.0,0.0
933642930454959501,0.0,0.0,0.0,0.0,0.0
933742930472953802,0.0,0.0,0.0,0.0,0.0
933742930528937901,0.0,0.0,0.0,0.0,0.0
933742930538047201,0.0,0.0,0.0,0.0,0.0
933842930474197002,5.363636493682861,10.458207401916058,91.22262773722628,19.042905807495117,115.04027782843932
933842930518159301,0.05747126415371895,3.897900075023084,0.44829178208679593,48.1778450012207,339.1173037267458
933842930524928301,2.8529412746429443,9.372554088671043,70.35734563520226,40.267826080322266,318.66682840188906
933942929839568101,2.25,5.546122390529532,20.85132382892057,2.810323715209961,22.184489543471948
933942930509091501,0.0,0.0,0.0,0.0,0.0
934142930518525302,0.0,0.0,0.0,0.0,0.0
934142930530981902,0.0,0.0,0.0,0.0,0.0
934342930531028502,0.0,0.0,0.0,0.0,0.0
934542929155433302,0.0,0.0,0.0,0.0,0.0
934542930517681201,0.0,0.0,0.0,0.0,0.0
934642930477461301,0.0,0.0,0.0,0.0,0.0
935142930463786502,0.0,0.0,0.0,0.0,0.0
935142930541222702,0.0,0.0,0.0,0.0,0.0
935242930460078602,0.0,0.0,0.0,0.0,0.0
935342927959101101,0.0,0.0,0.0,0.0,0.0
935442928592643802,0.0,0.0,0.0,0.0,0.0
935642930452402301,0.0,0.0,0.0,0.0,0.0
935642930515567401,0.0,0.0,0.0,0.0,0.0
935742930520382601,0.0,0.0,0.0,0.0,0.0
935742930541781601,0.0,0.0,0.0,0.0,0.0
935842928811545302,0.0,0.0,0.0,0.0,0.0
935842930460463801,0.0,0.0,0.0,0.0,0.0
935842930534066701,0.0,0.0,0.0,0.0,0.0
935942929514180801,0.0,0.0,0.0,0.0,0.0
936042930546719001,0.0,7.117753812799043,123.28133971291867,113.48040771484375,590.7735751282905
936142930476343402,0.0,0.0,0.0,0.0,0.0
936342930527599201,0.0,0.0,0.0,0.0,0.0
936442930525946601,0.0,0.0,0.0,0.0,0.0
936542930457068901,0.0,0.0,0.0,0.0,0.0
936642930544230002,0.0,0.0,0.0,0.0,0.0
936842930526253202,0.0,0.0,0.0,0.0,0.0
936942930523966801,0.0,0.0,0.0,0.0,0.0
937042930527302401,0.0,0.0,0.0,0.0,0.0
937142930544141601,0.0,0.0,0.0,0.0,0.0
937342929197877702,0.0,0.0,0.0,0.0,0.0
937342930480526801,0.0,0.0,0.0,0.0,0.0
937442928855459801,0.0,0.0,0.0,0.0,0.0
937442930453112102,0.0,0.0,0.0,0.0,0.0
937442930475637001,3.6046512126922607,6.213370229200323,64.14232633279482,39.65785598754883,267.1749067204834
937442930516024602,2.8989899158477783,9.31250335588488,243.19072164948454,98.83973693847656,921.9378503802716
937442930542739702,0.0,0.0,0.0,0.0,0.0
937542930526897101,0.7916666865348816,20.212733525815217,341.5173913043478,78.11611938476562,1455.3168683145357
937542930526985101,0.7977527976036072,8.957624043763591,161.05265610438025,99.61344909667969,797.2285200561118
937642930454191101,0.0,0.0,0.0,0.0,0.0
937642930473170801,3.799999952316284,21.184465986208405,144.2556917688266,47.09247589111328,635.5339934855125
937742928592898001,0.0,0.0,0.0,0.0,0.0
937842930459924202,0.0,0.0,0.0,0.0,0.0
937842930461638902,0.0,0.0,0.0,0.0,0.0
938142930515723001,0.0,0.0,0.0,0.0,0.0
938142930526940802,0.0,0.0,0.0,0.0,0.0
938242928197772002,2.6355931758880615,14.961505901702786,262.9206304531382,155.5963897705078,1765.4576401558857
938342929816265001,0.0,0.0,0.0,0.0,0.0
938442930454105402,0.0,0.0,0.0,0.0,0.0
938542930462120901,0.0,0.0,0.0,0.0,0.0
938742930518999702,3.3333332538604736,6.9808496397975075,20.942679127725857,3.9378466606140137,20.942548615167446
938842930474976401,0.0,0.0,0.0,0.0,0.0
938842930543152902,0.0,0.0,0.0,0.0,0.0
939042930548332801,0.0,0.0,0.0,0.0,0.0
939242930446771801,28.299999237060547,36.21875,167.36171875,27.43438720703125,362.1875
939242930479992301,0.0,0.0,0.0,0.0,0.0
939242930509041702,0.0,0.0,0.0,0.0,0.0
939242930548211701,0.0,0.0,0.0,0.0,0.0
939242930548652701,0.0,0.6234475218219522,0.0,0.11120102554559708,0.6234475218219522
939342929765966202,0.0,0.0,0.0,0.0,0.0
939342930473934202,0.0,0.0,0.0,0.0,0.0
939342930523241902,0.0,0.0,0.0,0.0,0.0
939442930452957201,4.166666507720947,7.529965922817394,88.94268577140953,81.77203369140625,632.5171632216955
939442930528608801,0.0,0.0,0.0,0.0,0.0
939542930451272102,0.0,0.0,0.0,0.0,0.0
939642930451471602,0.0,0.0,0.0,0.0,0.0
939842929704106701,1.9763779640197754,3.3827089067476805,344.9506993491206,61.14030075073242,429.6040461535038
939842930507810401,0.0,0.0,0.0,0.0,0.0
939842930517522401,0.0,0.0,0.0,0.0,0.0
939942930476165701,0.0,0.0,0.0,0.0,0.0
939942930542289402,0.0,0.0,0.0,0.0,0.0
941142930534431501,2.686046600341797,9.138369278169014,113.67005310551835,133.29672241210938,785.8997625595591
941142930545872602,0.0,0.0,0.0,0.0,0.0
941142930548990301,0.0,20.557112068965516,0.0,40.43760299682617,349.4709056985789
941242930474424202,0.0,0.0,0.0,0.0,0.0
941342930461458301,0.0,0.0,0.0,0.0,0.0
941442930479692801,2.8333332538604736,18.693712128616106,224.3244722439406,11.950881004333496,224.32453679852043
941542928255482301,0.0,0.0,0.0,0.0,0.0
941542930462060502,0.0,0.0,0.0,0.0,0.0
941542930470118401,0.0,0.0,0.0,0.0,0.0
941542930529255201,0.0,0.0,0.0,0.0,0.0
941942927910731901,0.0,0.0,0.0,0.0,0.0
941942930461589102,0.0,0.0,0.0,0.0,0.0
942042930032274901,0.0,0.0,0.0,0.0,0.0
942142930447592902,0.0,0.0,0.0,0.0,0.0
942342930518833601,0.0,0.0,0.0,0.0,0.0
942442930453329401,1.5625,8.123748650431862,129.98003838771592,20.189388275146484,129.9799814762401
942442930457807202,0.0,0.0,0.0,0.0,0.0
942442930460632602,3.433962345123291,5.062050700399172,88.63217031342401,35.487701416015625,268.28870072638335
942642929012902302,0.0,0.0,0.0,0.0,0.0
942742930466822802,0.0,0.0,0.0,0.0,0.0
942742930519720902,0.0,0.0,0.0,0.0,0.0
942842930477915801,3.3392856121063232,6.954605551326976,125.17417279411765,48.62773895263672,389.457917080206
942942930547137602,0.0,0.0,0.0,0.0,0.0
943142930509444401,0.0,0.0,0.0,0.0,0.0
943342930509329501,0.0,0.0,0.0,0.0,0.0
943342930544199401,0.0,0.0,0.0,0.0,0.0
943542930464139501,0.0,0.0,0.0,0.0,0.0
943642930479213902,0.0,50.37108575358239,50.37154554759468,1.030826449394226,50.37108575358239
943742928087871102,0.0,0.0,0.0,0.0,0.0
943842930529052702,0.0,0.0,0.0,0.0,0.0
944142930542121701,0.2631579041481018,12.161627782534246,71.44458281444582,106.49590301513672,924.2836665347089
944242930342578102,0.0,0.0,0.0,0.0,0.0
944242930445392502,0.0,0.0,0.0,0.0,0.0
944242930472298301,0.0,0.0,0.0,0.0,0.0
944242930474047102,0.0,0.0,0.0,0.0,0.0
944442930542017101,0.3372093141078949,9.355939777495584,14.256772673733805,77.39517211914062,804.6108221766244
944542930529336601,0.0,0.0,0.0,0.0,0.0
944642929346227102,0.0,0.0,0.0,0.0,0.0
944742930546665502,0.0,0.0,0.0,0.0,0.0
944842930465235601,0.0,0.0,0.0,0.0,0.0
944942930520025202,0.0,0.0,0.0,0.0,0.0
944942930538226902,0.0,0.0,0.0,0.0,0.0
945242930518057601,0.0,0.0,0.0,0.0,0.0
945342928042164101,0.0,0.0,0.0,0.0,0.0
945442930461182102,2.950000047683716,5.382730273164203,28.834276327797042,32.07829284667969,322.9638026358692
945442930518184901,0.0,0.0,0.0,0.0,0.0
945542930463901201,0.0,3.5218521778821072,0.0,67.14303588867188,316.96670678486475
945542930546254701,0.0,0.0,0.0,0.0,0.0
945642930159053002,0.0,0.0,0.0,0.0,0.0
945642930478660402,0.0,0.0,0.0,0.0,0.0
945842930451087302,0.0,0.0,0.0,0.0,0.0
945842930476731902,0.0,0.0,0.0,0.0,0.0
945942930521806602,0.0,0.0,0.0,0.0,0.0
945942930526366102,0.0,4.101032184792907,0.0,30.476816177368164,196.84953875456492
946042930519863902,0.0,0.0,0.0,0.0,0.0
946142930477236001,0.0,0.0,0.0,0.0,0.0
946242930509212701,5.235294342041016,38.704346511331806,268.03004838298955,99.29320526123047,657.9738817401961
946242930531513302,0.0,0.0,0.0,0.0,0.0
946542930465158901,3.5858585834503174,11.016626570502561,215.89756722151088,103.33330535888672,1090.6459689810395
946842930473857801,0.0,0.0,0.0,0.0,0.0
946842930476230701,0.0,0.0,0.0,0.0,0.0
946942930530661002,1.649999976158142,9.070769327549847,29.346625766871167,13.888496398925781,181.4153928756714
946942930537237702,0.0,0.0,0.0,0.0,0.0
947242930475971002,4.25,21.766925817331064,87.06757413709285,15.122251510620117,87.06770421882597
947842930527354601,0.0,0.0,0.0,0.0,0.0
947942930473102701,0.0,0.0,0.0,0.0,0.0
948042930467962102,1.4285714626312256,8.642453844681842,65.77795527156549,112.8871078491211,846.9604624188619
948042930532359001,6.25,13.828330287749814,44.19319022945966,2.8931937217712402,55.313323319531825
948042930532892601,0.0,0.0,0.0,0.0,0.0
948142930480739001,0.0,0.0,0.0,0.0,0.0
948242930452569402,0.0,0.0,0.0,0.0,0.0
948442928758016001,11.296296119689941,7.167672715175027,193.5276073619632,21.241374969482422,193.52717233022514
948442930476324001,14.0,9.401144244269885,18.80206435944141,1.5523171424865723,18.80228878500683
948442930547843002,2.7682926654815674,8.925356003131022,193.39836223506742,59.844120025634766,731.879174692323
948542930465223801,0.0,0.0,0.0,0.0,0.0
948642930510240601,0.0,0.0,0.0,0.0,0.0
948842930479969002,0.0,0.0,0.0,0.0,0.0
948942928932458401,0.0,0.0,0.0,0.0,0.0
948942930516425501,5.0,35.61799741717136,58.542037762736015,11.062101364135742,71.23599344273245
949042929022389002,0.0,0.0,0.0,0.0,0.0
949042930521017201,4.530303001403809,12.188112325573814,166.0813771517997,70.69445037841797,804.4154097680693
949142930529305901,1.75,2.275399591504913,7.722938144329897,1.4870185852050781,9.101598090732221
949242930460437801,0.0,0.0,0.0,0.0,0.0
949242930517862002,3.555555582046509,4.771754673549107,28.782623626373628,5.330469608306885,42.945790689070144
949342930517533902,5.1052632331848145,16.55294583538386,110.99081364829397,37.23907470703125,314.5059764091111
949442930530844502,0.0,0.0,0.0,0.0,0.0
949642930473528401,0.0,0.0,0.0,0.0,0.0
949642930475075602,0.0,0.0,0.0,0.0,0.0
949742930475932202,0.0,0.0,0.0,0.0,0.0
951142930454404802,0.0,0.0,0.0,0.0,0.0
951242930522972602,0.0,0.0,0.0,0.0,0.0
951342930534067702,0.0,0.0,0.0,0.0,0.0
951642928153700201,0.0,12.243883532359394,18.17171918627842,114.12994384765625,1212.1444654841323
951642930545898901,0.0,0.0,0.0,0.0,0.0
951742930547731801,0.0,0.0,0.0,0.0,0.0
951742930548683601,0.0,0.0,0.0,0.0,0.0
951842928005351602,0.5652173757553101,5.758664829079609,44.96568368156572,40.27251052856445,264.8985840061675
951842930480654401,0.0,0.0,0.0,0.0,0.0
951942930531831401,0.0,0.0,0.0,0.0,0.0
952042930529873001,0.0,0.0,0.0,0.0,0.0
952042930534458201,0.0,0.0,0.0,0.0,0.0
952342928832402902,0.0,0.0,0.0,0.0,0.0
952442930522661301,0.0,0.0,0.0,0.0,0.0
952642930466446201,0.0,0.0,0.0,0.0,0.0
952742930519006401,0.0,0.0,0.0,0.0,0.0
953042930474364501,4.231884002685547,25.083437733441237,203.87649402390437,82.92373657226562,1730.7571368820638
953042930529477401,0.0,0.0,0.0,0.0,0.0
953142930462837201,0.0,0.0,0.0,0.0,0.0
953242930538614501,0.0,0.0,0.0,0.0,0.0
953342930524863801,3.1764705181121826,5.109356058054957,39.235632183908045,12.280713081359863,86.85905118920337
953442930451189902,0.0,0.0,0.0,0.0,0.0
953442930515440001,2.676767587661743,5.3546821918223735,473.680902693521,75.6302490234375,530.1135415817516
953542930454383101,3.1111111640930176,31.25977260044643,131.11785714285713,17.344364166259766,281.3379650115967
953542930455845302,2.9285714626312256,13.833863676264045,268.6566011235955,152.42117309570312,1162.044512112489
953642930540523101,0.0,0.0,0.0,0.0,0.0
953942930458602702,0.0,0.0,0.0,0.0,0.0
954042930521132401,0.0,0.0,0.0,0.0,0.0
954142930453395402,0.0,0.0,0.0,0.0,0.0
954242929843369301,4.5,14.256068992189086,19.124974639886386,4.6891255378723145,28.51213877688172
954242930528200102,0.0,0.0,0.0,0.0,0.0
954342930467802401,0.0,0.0,0.0,0.0,0.0
954442930547976801,0.0,0.0,0.0,0.0,0.0
954542930452237002,0.1875,6.515774170211714,133.52295211713493,115.96575164794922,729.7666789840982
954542930480346202,0.0,0.0,0.0,0.0,0.0
954542930546452101,0.0,0.0,0.0,0.0,0.0
955342928159200301,0.0,0.0,0.0,0.0,0.0
955342930473324302,0.0,0.0,0.0,0.0,0.0
955542930480227901,0.0,0.0,0.0,0.0,0.0
955642930531170101,4.636363506317139,13.07046166115312,70.66691871455576,19.177967071533203,143.77508224170015
955742930539644702,0.0,0.0,0.0,0.0,0.0
956042929141354202,0.0,0.0,0.0,0.0,0.0
956142929309425801,5.0,7.385010983283977,333.2365960099751,62.40473556518555,465.25569310509354
956342930479677001,4.719298362731934,5.371305958324711,138.02317880794703,42.658992767333984,306.1644372750592
956542930473319301,0.0,0.0,0.0,0.0,0.0
956542930525395202,0.0,0.0,0.0,0.0,0.0
956542930541439401,0.0,0.0,0.0,0.0,0.0
956842930450876002,0.0,0.0,0.0,0.0,0.0
956842930527651202,0.0,0.0,0.0,0.0,0.0
956842930532920901,0.0,0.0,0.0,0.0,0.0
956942928043638902,0.0,0.0,0.0,0.0,0.0
956942930479612601,0.0,0.0,0.0,0.0,0.0
956942930526853301,3.8977272510528564,8.531034558675524,646.1859903381643,60.049278259277344,750.7310599401569
957142930548126201,0.0,0.0,0.0,0.0,0.0
957442930455747502,2.5639097690582275,5.745383187533711,102.77562028047466,113.47635650634766,764.1359371724895
957642928954607202,2.848484754562378,10.327832374505713,217.6836555360281,95.74104309082031,1022.4554447432184
957842930530259601,4.0,10.127535101404057,50.32069032761311,10.813579559326172,101.27534765758305
957942930479052102,25.785715103149414,24.520833333333332,247.67866323907455,48.77444839477539,343.2916595079803
958242930542525701,4.043478488922119,7.197850559593549,104.57315397410864,66.47582244873047,496.6516870007715
958442930462254801,0.0,0.0,0.0,0.0,0.0
958542928258080802,0.0,0.0,0.0,0.0,0.0
958742930518895201,0.0,0.0,0.0,0.0,0.0
958942930527515102,4.815789699554443,4.5209301286633305,33.249268958346875,23.236570358276367,171.79534910324605
959042930526136701,0.0,0.0,0.0,0.0,0.0
959442930546133502,0.0,0.0,0.0,0.0,0.0
959742930537123502,0.0,0.0,0.0,0.0,0.0
959942930543369201,3.5,79.71252399744027,247.84897610921502,10.660527229309082,318.85008265784984
961142930351069302,2.944444417953491,6.623524756493507,40.8,12.188031196594238,119.22344503031148
961142930461546202,0.0,0.0,0.0,0.0,0.0
961142930517747501,0.0,0.0,0.0,0.0,0.0
961242930455161301,0.0,0.0,0.0,0.0,0.0
961242930464261901,0.0,0.0,0.0,0.0,0.0
961442930467759901,0.0,0.0,0.0,0.0,0.0
961442930518773602,0.0,0.0,0.0,0.0,0.0
961442930532689401,0.0,0.0,0.0,0.0,0.0
961542929346340301,5.909090995788574,20.704333147321428,113.87428571428572,16.948501586914062,227.7476603480748
961942929839471701,0.0,0.0,0.0,0.0,0.0
961942930515553502,3.0,4.484371214874031,8.921423537702607,0.6602922677993774,8.968742349099072
962142930530993302,0.0,0.0,0.0,0.0,0.0
962342930452810602,2.0,7.27271840581015,60.47765673299121,67.44442749023438,778.1808610032728
962342930468882301,0.0,0.0,0.0,0.0,0.0
962342930508053501,3.8947367668151855,6.348257496444374,32.82743362831859,15.394563674926758,120.61689441243254
962442928210611301,0.0,0.0,0.0,0.0,0.0
962542930463322701,3.927710771560669,4.096792507313336,340.03417533432395,39.867958068847656,340.03377970455307
962642930469208602,0.0,0.0,0.0,0.0,0.0
962742929456836401,0.0,0.0,0.0,0.0,0.0
962842930531880501,0.0,0.0,0.0,0.0,0.0
962942927979853501,0.0,0.0,0.0,0.0,0.0
962942930460668301,3.2413792610168457,8.501895727478715,120.11260642680583,121.92357635498047,739.6649171283892
963042930532763301,0.0,0.0,0.0,0.0,0.0
963342928043761402,0.0,0.0,0.0,0.0,0.0
963342930518326502,0.0,0.0,0.0,0.0,0.0
963442928683947202,0.0,0.0,0.0,0.0,0.0
963442930510408502,0.0,0.0,0.0,0.0,0.0
963442930516942101,0.0,0.0,0.0,0.0,0.0
963642929658219501,0.0,0.0,0.0,0.0,0.0
963642930509821701,0.0555555559694767,8.61063126632606,158.69103411186234,107.78863525390625,929.9481695792979
963742930449124201,0.0,0.0,0.0,0.0,0.0
963842930450989202,0.0,0.0,0.0,0.0,0.0
963842930527426602,0.0,0.0,0.0,0.0,0.0
963842930531766301,0.0,0.0,0.0,0.0,0.0
963842930546998002,0.0,0.0,0.0,0.0,0.0
963942930460038501,0.0,0.0,0.0,0.0,0.0
964042930464943902,0.0,0.0,0.0,0.0,0.0
964142930516904502,1.0,12.233515795702841,195.1675163874727,109.78968811035156,1003.1482702812311
964142930517458502,0.0,0.0,0.0,0.0,0.0
964242930529017801,0.0,0.0,0.0,0.0,0.0
964342930516445401,4.0,49.83856284781678,1893.835616438356,132.2601318359375,1893.8653494282944
964442930451204401,0.0,0.0,0.0,0.0,0.0
964442930468841802,7.916666507720947,22.9426765625,124.3976,34.928829193115234,275.312118560791
964442930516029901,0.05882352963089943,4.800527230852601,0.06551059730250482,7.369421482086182,81.6089599771077
964542930534829601,3.2195122241973877,15.258878755364806,278.95622317596565,98.6529769897461,1251.2280206311925
964642930447303601,0.0,0.0,0.0,0.0,0.0
964642930508199002,0.0,0.0,0.0,0.0,0.0
964742928265489001,0.0,0.0,0.0,0.0,0.0
965042930523449702,0.0,0.0,0.0,0.0,0.0
965042930527584901,0.0,0.0,0.0,0.0,0.0
965242930478938802,0.0,0.0,0.0,0.0,0.0
965242930545341502,0.0,0.0,0.0,0.0,0.0
965442929269076802,0.0,0.0,0.0,0.0,0.0
965442930466459402,0.0,0.0,0.0,0.0,0.0
965542930518402902,3.3499999046325684,3.8121234853022483,47.84942867674162,12.305615425109863,76.24247246618162
965542930519327801,0.0,0.0,0.0,0.0,0.0
965642930507931901,0.0,0.0,0.0,0.0,0.0
965642930550576402,0.0,0.0,0.0,0.0,0.0
965842930462978301,0.0,0.0,0.0,0.0,0.0
965942930456290901,0.0,0.0,0.0,0.0,0.0
965942930479991401,0.0,0.0,0.0,0.0,0.0
966042930523863102,0.0,0.0,0.0,0.0,0.0
966242930458293601,1.6235294342041016,6.768434029571281,1150.6314049586776,92.75273895263672,1150.633788956985
966242930507778301,0.0,0.0,0.0,0.0,0.0
966242930537487801,0.0,0.0,0.0,0.0,0.0
966542930452374102,0.0,0.0,0.0,0.0,0.0
966642930509129402,0.0,0.0,0.0,0.0,0.0
966842930546828601,2.5535714626312256,8.303980647690553,206.02803649496295,82.10566711425781,930.0458375163641
967142930464488001,0.0,0.0,0.0,0.0,0.0
967142930547103301,0.0,0.0,0.0,0.0,0.0
967242930460534302,0.0,0.0,0.0,0.0,0.0
967242930472745001,0.0,0.0,0.0,0.0,0.0
967342930528042701,0.0,0.0,0.0,0.0,0.0
967442930520025701,0.0,0.0,0.0,0.0,0.0
967842930463013002,0.0,0.0,0.0,0.0,0.0
967842930542203001,0.0,0.0,0.0,0.0,0.0
968142930475744302,3.1785714626312256,8.438726286382536,92.31947331947332,78.12842559814453,472.5686778321666
968142930477114302,0.0,0.0,0.0,0.0,0.0
968242930522030001,0.0,0.0,0.0,0.0,0.0
968342930475811501,4.599999904632568,10.808092485549134,40.04624277456647,13.30862045288086,108.08092499661308
968442930465095302,0.0,0.0,0.0,0.0,0.0
968542930461923801,0.0,0.0,0.0,0.0,0.0
968542930529489202,0.0,0.0,0.0,0.0,0.0
968542930532377101,0.02083333395421505,5.143472897861794,25.55060668836934,90.13006591796875,493.77341089336153
968642930464498502,0.0,0.0,0.0,0.0,0.0
968742929476694201,0.0,0.0,0.0,0.0,0.0
969142928602042001,0.0,0.0,0.0,0.0,0.0
969242930522298301,0.0,0.0,0.0,0.0,0.0
969342930519945302,3.3442623615264893,9.518067683358762,208.4527027027027,80.35215759277344,580.6021254530344
969342930533498502,0.036363635212183,8.652294698915526,5.015525114155251,96.21329498291016,951.7524209044295
969442928865184902,2.230769157409668,2.536793137080165,15.759030418250951,5.122274875640869,32.97831122684841
969542928213898601,0.0,0.0,0.0,0.0,0.0
969742930530626001,0.0,0.0,0.0,0.0,0.0
969842930524830001,2.3684210777282715,14.075885973478618,75.78947368421052,17.702009201049805,267.4418449950846
969942930469259302,0.0,0.0,0.0,0.0,0.0
971242930533584501,0.0,0.0,0.0,0.0,0.0
971542930543396901,0.0,0.0,0.0,0.0,0.0
971642930528796401,0.0,0.0,0.0,0.0,0.0
971842928119434301,3.799999952316284,3.9124472321974326,10.136308068459657,3.110830545425415,19.56223664598535
971942930462817402,0.0,0.0,0.0,0.0,0.0
972142930534486401,0.0,0.0,0.0,0.0,0.0
972242930466527502,0.0,0.0,0.0,0.0,0.0
972342930456637902,2.3977272510528564,6.210217773017834,220.03803180060163,16.97281837463379,546.49918161875
972442930463760402,0.0,0.0,0.0,0.0,0.0
972542928779048802,0.0,0.0,0.0,0.0,0.0
972642928168076602,0.0,0.0,0.0,0.0,0.0
972842930545512801,0.0,0.0,0.0,0.0,0.0
973142930549041502,0.0,0.0,0.0,0.0,0.0
973242930455705001,4.0,11.810164152817919,143.33526011560693,47.634708404541016,590.5082216174616
973242930523546102,0.0,0.0,0.0,0.0,0.0
973342930468039502,0.0,0.0,0.0,0.0,0.0
973442930476837301,0.0,0.0,0.0,0.0,0.0
973542930517808201,0.0,0.0,0.0,0.0,0.0
973642930459367202,0.0,0.0,0.0,0.0,0.0
973742930459430801,0.0,0.0,0.0,0.0,0.0
973742930459958501,0.0,0.0,0.0,0.0,0.0
973842930533953702,0.0,0.0,0.0,0.0,0.0
974142930460705201,0.0,0.0,0.0,0.0,0.0
974342930474992301,0.0,0.0,0.0,0.0,0.0
974342930526845102,0.0,0.0,0.0,0.0,0.0
974342930550376201,2.8207547664642334,3.660578221450617,87.31806958473625,72.85889434814453,388.02128082472336
974542928135600801,0.0,0.0,0.0,0.0,0.0
974642930459633401,3.2068965435028076,5.341029616408519,97.1190706679574,84.64983367919922,464.66956797781666
974742930478575402,0.0,0.0,0.0,0.0,0.0
974742930529994401,0.0,0.0,0.0,0.0,0.0
974742930550060201,0.0,0.0,0.0,0.0,0.0
974942930457040201,0.0,0.0,0.0,0.0,0.0
974942930543725101,0.0,0.0,0.0,0.0,0.0
975042930510541501,0.0,0.0,0.0,0.0,0.0
975242930453297801,0.0,0.0,0.0,0.0,0.0
975242930461071801,2.803278684616089,9.783840281891786,136.41192733017377,93.39735412597656,596.8142358499681
975842928932504301,0.0,0.0,0.0,0.0,0.0
975842929372830602,5.43137264251709,1.5895349726429033,81.06639578908486,9.95008373260498,81.06628689654526
975842930459401601,4.599999904632568,3.4418537196828356,9.330348258706467,2.527027130126953,17.209268780608674
975942930550236302,0.0,0.0,0.0,0.0,0.0
976042930510456402,0.0,0.0,0.0,0.0,0.0
976142930517873802,2.366666555404663,6.459588021178027,139.4162806088683,13.662464141845703,193.78763748461802
976342930474245901,3.933333396911621,7.123341243462291,81.45067273525771,24.855976104736328,213.7002356248963
976542930455330202,0.0,0.0,0.0,0.0,0.0
976642928236013301,0.0,0.0,0.0,0.0,0.0
976642930525848502,0.0,0.0,0.0,0.0,0.0
976742930515539501,124.0,0.44938532173030865,0.8987049849210573,0.19716478884220123,0.8987706434606173
976842930528358801,0.0,0.0,0.0,0.0,0.0
976942929166149801,0.0,0.0,0.0,0.0,0.0
976942929649420101,0.0,0.0,0.0,0.0,0.0
976942930517612501,0.0,0.0,0.0,0.0,0.0
976942930544036701,3.715909004211426,6.144176057382214,56.54487155725248,54.22290802001953,540.6874895518274
977042929761804101,0.0,0.0,0.0,0.0,0.0
977042929766082001,0.0,0.0,0.0,0.0,0.0
977042930453187802,0.0,0.0,0.0,0.0,0.0
977042930455229602,0.0,0.0,0.0,0.0,0.0
977042930520193801,1.7945204973220825,5.23872721274245,37.71323348882887,70.95616912841797,382.4270994967042
977242930456572102,0.6521739363670349,20.027768342391305,221.24860646599777,93.09867858886719,921.2773335349467
977442930530523401,0.0,0.0,0.0,0.0,0.0
977542929575506301,2.75,2.929321409487011,13.409569220651102,3.493091344833374,23.43457077287287
977542930452687101,0.0,0.0,0.0,0.0,0.0
977542930475079801,0.0,0.0,0.0,0.0,0.0
977742930517508802,0.0,96.78038656365125,96.78039295947606,0.0,96.78038656365125
977842930530993101,0.0,0.0,0.0,0.0,0.0
978042930473153201,0.0,0.0,0.0,0.0,0.0
978042930477375602,0.0,0.0,0.0,0.0,0.0
978042930534141902,0.0,0.0,0.0,0.0,0.0
978242930518591502,0.0,0.0,0.0,0.0,0.0
978342930537191602,0.0,0.0,0.0,0.0,0.0
978442930517492601,3.2448978424072266,9.48686618628156,264.6490891658677,124.62040710449219,929.7128587419821
978542930508391901,3.2090909481048584,5.761313930988135,148.30923248053392,83.05927276611328,633.7445474553206
978842930400230701,0.0,0.0,0.0,0.0,0.0
978842930528686002,0.0,0.0,0.0,0.0,0.0
978942930532049202,3.5,53.05309410310734,94.8271186440678,6.310445785522461,106.10618489583334
979142930452654002,4.699999809265137,12.948142915189125,123.67375886524823,27.680219650268555,258.96285883585614
979242930527183501,0.0,0.0,0.0,0.0,0.0
979442930462990301,0.0,0.0,0.0,0.0,0.0
979442930509263301,2.0933332443237305,5.395960286003632,85.60574102528287,59.49767303466797,404.69703995626986
979442930524665801,0.0,0.0,0.0,0.0,0.0
979442930525011102,0.0,0.0,0.0,0.0,0.0
979542928748781302,0.0,0.0,0.0,0.0,0.0
979542930454523202,0.0,0.0,0.0,0.0,0.0
979642930533659501,0.0,0.0,0.0,0.0,0.0
979642930535500002,0.0,0.0,0.0,0.0,0.0
979742930142546301,0.0,0.0,0.0,0.0,0.0
979742930523962802,0.0,0.0,0.0,0.0,0.0
979842930522363902,0.0,0.0,0.0,0.0,0.0
979942930544406401,0.0,0.0,0.0,0.0,0.0
981142928030358901,0.0,0.0,0.0,0.0,0.0
981242930533902402,0.0,0.0,0.0,0.0,0.0
981342928887221701,0.0,0.0,0.0,0.0,0.0
981542930534375901,0.0,0.0,0.0,0.0,0.0
981742930459941402,0.0,0.0,0.0,0.0,0.0
981742930548355901,0.0,0.0,0.0,0.0,0.0
981942930469934001,3.625,7.488621258547751,301.6356050069541,45.32965087890625,359.4538220169923
981942930529053301,0.0,0.0,0.0,0.0,0.0
982142930455207302,0.0,0.0,0.0,0.0,0.0
982142930544994001,0.0,0.0,0.0,0.0,0.0
982242930289696801,3.5833332538604736,7.349652409957627,49.140338983050846,13.697989463806152,88.19582548497087
982242930460539502,0.0,0.0,0.0,0.0,0.0
982542930479890101,0.0,0.0,0.0,0.0,0.0
982642930544558602,0.0,0.0,0.0,0.0,0.0
983042930460799001,0.0,0.0,0.0,0.0,0.0
983042930466731102,0.0,0.0,0.0,0.0,0.0
983242930451643002,0.0,0.0,0.0,0.0,0.0
983342929259477301,0.0,0.0,0.0,0.0,0.0
983342930459033601,3.230769157409668,2.205360488715944,14.506907137375288,4.58839750289917,28.669685220315834
983542930453502302,0.0,0.0,0.0,0.0,0.0
983642928131153402,0.0,0.0,0.0,0.0,0.0
983842930526950101,0.0,7.941472085674158,15.88314606741573,1.454970121383667,15.882944171348315
984142929194564701,2.807692289352417,4.9441976869832125,128.49887246304183,0.0,128.54914588517218
984142930475337102,0.0,0.0,0.0,0.0,0.0
984142930540765001,1.5517241954803467,5.412410971908995,156.95980366144866,15.423596382141113,156.959915764359
984342930458719601,0.0,101.32694079917428,52.917723385432026,16.05723762512207,101.32694079917428
984442930473622301,1.355555534362793,3.530938063694423,15.092238689547582,24.220191955566406,158.89220833592407
984442930508716301,0.0,0.0,0.0,0.0,0.0
984742930461979802,0.0,0.0,0.0,0.0,0.0
984742930524745701,0.0,0.0,0.0,0.0,0.0
984842930464541401,0.0,0.0,0.0,0.0,0.0
984842930522944902,0.0,0.0,0.0,0.0,0.0
984942930471672501,1.7678571939468384,16.758734661599863,133.6413043478261,89.94791412353516,938.489140894102
985042930200071502,0.0,0.0,0.0,0.0,0.0
985142928043557302,0.0,0.0,0.0,0.0,0.0
985142930453584501,0.05128205195069313,5.872024254528366,9.203007518796992,22.925193786621094,229.00894110331532
985242928800758901,0.0,0.0,0.0,0.0,0.0
985242930524502401,0.0,0.0,0.0,0.0,0.0
985342930474563601,0.0,0.0,0.0,0.0,0.0
985442927963764302,0.0,0.0,0.0,0.0,0.0
985442930524342302,0.0,0.0,0.0,0.0,0.0
985542930469752901,0.0,0.0,0.0,0.0,0.0
985642930461590101,0.0,0.0,0.0,0.0,0.0
985642930550518002,0.0,0.0,0.0,0.0,0.0
985742930534538501,0.0,0.0,0.0,0.0,0.0
986042930008347601,0.2073170691728592,7.933071981139778,18.92619203135206,89.46849060058594,650.5119062799944
986042930528538801,0.0,0.0,0.0,0.0,0.0
986142929613470602,0.0,0.0,0.0,0.0,0.0
986142930459552302,0.0,133.8176591981132,62.15408805031446,20.642658233642578,133.8176591981132
986442929331698002,0.0,0.0,0.0,0.0,0.0
986642930473804201,4.733333110809326,8.057667736781518,132.03552715147666,66.13729858398438,604.3250592941328
986642930473913701,0.0,0.0,0.0,0.0,0.0
986742930540662901,1.9249999523162842,9.537336400913722,762.9880167765128,94.66085815429688,762.9869151559684
986942930538931002,0.0,0.0,0.0,0.0,0.0
987142928113131802,4.436363697052002,16.326263202420016,392.9466776045939,110.39302062988281,897.9444460051288
987242930522519402,0.0,0.0,0.0,0.0,0.0
987342930447013802,3.4347825050354004,8.150783763212317,83.69117647058823,44.46554183959961,562.4040842477013
987342930543887301,3.0,3.371919933414882,29.353028064992614,6.091615200042725,57.32263685505359
987342930546530302,0.0,0.0,0.0,0.0,0.0
987442930540724001,0.0,0.0,0.0,0.0,0.0
987542930462842201,0.0,0.0,0.0,0.0,0.0
987642930463086101,0.0,0.0,0.0,0.0,0.0
987842930520131102,0.0,0.0,0.0,0.0,0.0
987842930521523001,0.0,0.0,0.0,0.0,0.0
987942930516014102,0.0,0.0,0.0,0.0,0.0
988342930518856902,3.375,5.0534361451775744,22.34362750920537,7.331302642822266,40.42748817183765
988442930454093302,2.3740458488464355,6.07095565512979,132.13399258343634,106.90087127685547,795.2951872138364
988442930541634602,5.199999809265137,24.713966709792995,86.64331210191082,10.545774459838867,123.5698304388933
988542930526469502,4.142857074737549,54.49430230753311,192.63245033112582,27.48697853088379,381.46009705398257
988542930534748501,0.0,0.0,0.0,0.0,0.0
988842930463926802,0.0,0.0,0.0,0.0,0.0
988842930464065702,0.0,0.0,0.0,0.0,0.0
988842930532545401,0.0,0.0,0.0,0.0,0.0
988942930454690401,0.0,0.0,0.0,0.0,0.0
989242930473765001,0.0,0.0,0.0,0.0,0.0
989542930524500402,0.0,0.0,0.0,0.0,0.0
989542930533468702,0.0,0.0,0.0,0.0,0.0
989842930461754501,0.0,0.0,0.0,0.0,0.0
989842930464132602,0.0,0.0,0.0,0.0,0.0
989942930456260802,0.0,0.0,0.0,0.0,0.0
991242930479098802,0.0,0.0,0.0,0.0,0.0
991342930540098101,0.0,0.0,0.0,0.0,0.0
991542930463664001,0.0,0.0,0.0,0.0,0.0
991542930518643601,0.0,0.0,0.0,0.0,0.0
991742930463945202,0.0,0.0,0.0,0.0,0.0
991842928825498401,0.0,0.0,0.0,0.0,0.0
991842930537303401,7.0,40.330324545128086,40.33038065597319,6.002652645111084,40.330324545128086
991942930511125502,0.0,0.0,0.0,0.0,0.0
992342930480155301,0.0,0.0,0.0,0.0,0.0
992542930480099201,0.0,0.0,0.0,0.0,0.0
992542930525733701,0.0,0.0,0.0,0.0,0.0
992642930459466402,0.0,0.0,0.0,0.0,0.0
992642930477821202,0.0,0.0,0.0,0.0,0.0
993042930464585401,0.0,0.0,0.0,0.0,0.0
993042930510029501,0.3333333432674408,9.126047574556791,25.205528846153847,79.9571762084961,793.9661326954284
993042930544697301,0.0,0.0,0.0,0.0,0.0
993142930475756501,0.0,0.0,0.0,0.0,0.0
993142930522642001,0.0,0.0,0.0,0.0,0.0
993142930528831101,0.0,0.0,0.0,0.0,0.0
993242930533153901,0.0,0.0,0.0,0.0,0.0
993242930550348701,3.034482717514038,4.949313765958074,52.621841554382755,26.140100479125977,287.06020869017107
993342927924660101,0.0,0.0,0.0,0.0,0.0
993442930474715502,0.0,0.0,0.0,0.0,0.0
993542929118579602,3.0,3.024571346865265,5.9545171339563865,0.8392552137374878,9.073713736370717
993542930477441201,0.0,0.0,0.0,0.0,0.0
993642930516157402,0.0,0.0,0.0,0.0,0.0
993842929550806601,4.44444465637207,3.1889940073058876,11.33212457337884,4.768117904663086,28.700946534452992
993842930464478901,0.0,0.0,0.0,0.0,0.0
994042930473777501,0.0,0.0,0.0,0.0,0.0
994142930447787902,0.0,0.0,0.0,0.0,0.0
994142930465080302,1.9552239179611206,13.424966325431035,62.76034482758621,70.81279754638672,899.4727351020123
994142930528868802,0.0,0.0,0.0,0.0,0.0
994342929861219802,0.0,0.0,0.0,0.0,0.0
994442929341356902,0.0,0.0,0.0,0.0,0.0
994442930527397301,0.0,0.0,0.0,0.0,0.0
994742930545699501,0.0,0.0,0.0,0.0,0.0
994842930524179102,0.0,0.0,0.0,0.0,0.0
994942930459951601,0.6000000238418579,21.897614528315728,535.2816901408451,106.01319885253906,1313.856867053699
994942930515618002,4.17307710647583,18.3392728917739,232.34191176470588,62.98086166381836,953.6421718036427
995042930164891701,0.0,0.0,0.0,0.0,0.0
995242930475545801,0.0,0.0,0.0,0.0,0.0
995242930476650102,0.0,0.0,0.0,0.0,0.0
995342930544702302,5.0,17.125925559235792,17.125960061443934,2.3089592456817627,17.125925559235792
995442930480700601,0.0,0.0,0.0,0.0,0.0
995642930452472602,3.242424249649048,4.151005103213405,116.02511386904015,70.82250213623047,410.94950054057597
995642930542493302,2.085106372833252,8.593332078313253,112.40313253012049,98.6606216430664,807.7732542407944
995842930518515201,3.49350643157959,5.696322795966331,139.14254481853956,56.42515182495117,438.6168495302488
995842930539241201,0.0,0.0,0.0,0.0,0.0
995942930477593501,0.0,0.0,0.0,0.0,0.0
995942930529939201,3.092592477798462,7.196696780429772,151.3772027660049,69.51966857910156,777.243231784793
996042930476708302,2.75,9.935004435794454,73.95862676056338,15.267529487609863,119.22005232958726
996142930517008302,1.0,6.345760649785483,6.346011131725417,0.7630664110183716,6.345760649785483
996142930534753101,0.0,0.0,0.0,0.0,0.0
996242930516143801,4.333333492279053,0.6557789634289525,1.9672377517282837,0.26401302218437195,1.9673369820138733
996642930531987401,7.0,86.46575051683402,86.46603662138216,11.07063102722168,86.46575051683402
996742930528624701,0.0,0.0,0.0,0.0,0.0
996842930454202601,0.0,0.0,0.0,0.0,0.0
996842930527901802,0.0,0.0,0.0,0.0,0.0
996942930456686002,0.0,0.0,0.0,0.0,0.0
997042930525912602,0.0,0.0,0.0,0.0,0.0
997042930535548801,0.0,0.0,0.0,0.0,0.0
997042930547202501,0.0,0.0,0.0,0.0,0.0
997142930448340801,2.090909004211426,7.664563752251238,61.42503376857272,12.39938735961914,84.31019838486841
997142930533991201,0.0,0.0,0.0,0.0,0.0
997442930528682401,0.0,0.0,0.0,0.0,0.0
997442930541550202,0.0,0.0,0.0,0.0,0.0
997542927924780301,0.0,0.0,0.0,0.0,0.0
997542930465068602,3.4000000953674316,23.73266913472706,109.32491289198606,30.758888244628906,237.32670212235047
997542930480726001,0.0,0.0,0.0,0.0,0.0
997642930458651301,0.0,0.0,0.0,0.0,0.0
998242930519613301,0.0,0.0,0.0,0.0,0.0
998242930520997601,0.0,0.0,0.0,0.0,0.0
998342930480337001,0.0,0.0,0.0,0.0,0.0
998342930516629202,0.0,0.0,0.0,0.0,0.0
998542930468052601,0.0,0.0,0.0,0.0,0.0
998542930473876202,0.0,0.0,0.0,0.0,0.0
998642930289367002,8.0,2.2685518858862705,6.805737704918033,0.5852057933807373,6.80565583393222
998642930455141602,3.2295081615448,4.4548566690144895,58.98194572217111,34.97591018676758,271.74624375147675
998642930528189201,0.0,0.0,0.0,0.0,0.0
998642930550792801,0.0,0.0,0.0,0.0,0.0
998742930477922401,0.0,0.0,0.0,0.0,0.0
998942930519365201,0.0,0.0,0.0,0.0,0.0
998942930542691102,0.0,0.0,0.0,0.0,0.0
999142930447758201,2.97560977935791,5.069610044574533,109.61738598102234,59.09553146362305,415.7080380930461
999142930478783801,0.0,0.0,0.0,0.0,0.0
999242930508250202,0.0,0.0,0.0,0.0,0.0
999342930468853301,0.0,0.0,0.0,0.0,0.0
999442928311744002,0.0,0.0,0.0,0.0,0.0
999442930549845202,0.0,0.0,0.0,0.0,0.0
999542930479245001,0.0,0.0,0.0,0.0,0.0
999742930289423701,0.0,0.0,0.0,0.0,0.0
999842928912241201,0.0,0.0,0.0,0.0,0.0
999842930521939101,1.7999999523162842,6.136207340394233,16.045601647543396,5.221965789794922,30.68103799486062
999842930529623202,0.0,0.0,0.0,0.0,0.0
999942930461543701,77.0,36.34153177566705,36.34106728538283,2.032231330871582,36.34153177566705
999942930462720301,0.0,0.0,0.0,0.0,0.0
999942930526263601,0.0,0.0,0.0,0.0,0.0
