BDAP,A1,A2,A3,A4,A5
111142930451558302,2.0,16.26231839364035,33.69572368421053,1.9653087854385376,48.78695651941132
111142930456078402,0.0,0.0,0.0,0.0,0.0
111142930549694901,0.0,0.0,0.0,0.0,0.0
111242928159168602,0.0,0.0,0.0,0.0,0.0
111342928035516202,0.0,0.0,0.0,0.0,0.0
111442929417157902,4.128205299377441,9.622994879900775,254.36011616650532,90.1778335571289,750.5936336886617
111642930521380602,0.0,0.0,0.0,0.0,0.0
111742930520228201,3.629629611968994,5.444488771662918,70.56813070511973,39.35979461669922,294.0024010579664
111742930546032201,0.0,0.0,0.0,0.0,0.0
111842930472913601,0.0,0.0,0.0,0.0,0.0
111942930075789802,0.0,0.0,0.0,0.0,0.0
111942930475464201,3.75,11.02295567583382,30.66951433586893,8.056276321411133,44.09182178905793
112242929589459502,0.0,0.0,0.0,0.0,0.0
112442930475351402,0.0,0.0,0.0,0.0,0.0
112442930547500901,0.0,0.0,0.0,0.0,0.0
112542930549591602,0.0,0.0,0.0,0.0,0.0
112642930518447902,0.0,0.0,0.0,0.0,0.0
112642930527384301,0.0,0.0,0.0,0.0,0.0
112942930456488402,3.7948718070983887,9.059820713141026,86.54884004884005,80.70272827148438,706.6660099355583
112942930511152602,1.6122448444366455,7.172066112885634,37.905772826425675,39.41455841064453,351.4312496310121
112942930520095401,0.0,0.0,0.0,0.0,0.0
112942930526084102,0.0,0.0,0.0,0.0,0.0
112942930546542602,0.0,0.0,0.0,0.0,0.0
113042930446652901,2.732558250427246,10.384670835149667,89.34408602150538,102.29889678955078,893.0816783366166
113042930459198201,0.0,0.0,0.0,0.0,0.0
113242929494046101,0.0,0.0,0.0,0.0,0.0
113242929989809401,0.0,0.0,0.0,0.0,0.0
113242930525412901,0.0,0.0,0.0,0.0,0.0
113342930540408502,0.0,0.0,0.0,0.0,0.0
113442928800667002,0.0,0.0,0.0,0.0,0.0
113642930452986502,0.0,0.0,0.0,0.0,0.0
113742928592687902,0.0,0.0,0.0,0.0,0.0
113842930528713802,0.0,0.0,0.0,0.0,0.0
113942930453012402,0.0,0.0,0.0,0.0,0.0
113942930543093902,0.0,0.0,0.0,0.0,0.0
114042930544217902,0.0,0.0,0.0,0.0,0.0
114242930474451702,0.0,0.0,0.0,0.0,0.0
114342930531636602,0.0,0.0,0.0,0.0,0.0
114442930473232502,0.0,0.0,0.0,0.0,0.0
114542930460128001,4.0,6.2055441426489635,6.205699481865285,0.7168900370597839,6.2055441426489635
114642930550556102,0.0,0.0,0.0,0.0,0.0
114742930453726801,0.0,0.0,0.0,0.0,0.0
114742930536446301,0.0,0.0,0.0,0.0,0.0
114842930517178501,0.0,0.0,0.0,0.0,0.0
115042930473371901,0.0,0.0,0.0,0.0,0.0
115142930468670302,4.285714149475098,15.674640949769053,154.65496535796765,73.3310546875,548.6124171796627
115142930475433101,0.0,0.0,0.0,0.0,0.0
115242928210658501,0.0,0.0,0.0,0.0,0.0
115242930059291902,0.0,0.0,0.0,0.0,0.0
115242930541272802,4.086206912994385,7.7937873957959845,110.76730010756543,87.34925079345703,452.03965494512187
115242930543567601,0.0,0.0,0.0,0.0,0.0
115642930548436401,0.0,0.0,0.0,0.0,0.0
115742928293162401,0.0,0.0,0.0,0.0,0.0
115742930529898402,0.0,0.0,0.0,0.0,0.0
116142930549453302,0.0,0.0,0.0,0.0,0.0
116242928577698301,0.0,0.0,0.0,0.0,0.0
116242930137942201,0.0,0.0,0.0,0.0,0.0
116242930508328601,0.0,0.0,0.0,0.0,0.0
116342930537140702,0.0,0.0,0.0,0.0,0.0
116442929000220902,0.0,0.0,0.0,0.0,0.0
116442930516457902,0.0,0.0,0.0,0.0,0.0
116542930525090302,0.0,0.0,0.0,0.0,0.0
116542930529336002,0.0,0.0,0.0,0.0,0.0
116642930529136802,2.0,1.4790335209411982,1.4790433925049309,0.11144650727510452,1.4790335209411982
116642930539090401,0.0,0.0,0.0,0.0,0.0
116742928739525602,0.0,0.0,0.0,0.0,0.0
116742930532472902,0.0,0.0,0.0,0.0,0.0
116742930546334201,0.0,0.0,0.0,0.0,0.0
116842930454465301,0.0,0.0,0.0,0.0,0.0
117042930453153601,6.333333492279053,9.422383650097466,39.62936972059779,8.197290420532227,84.80145005888564
117042930548083602,5.916666507720947,43.11901461693548,304.51612903225805,34.287635803222656,517.4281702841482
117142930529346502,0.0,0.0,0.0,0.0,0.0
117242930542099701,0.0,0.0,0.0,0.0,0.0
117442930538907902,0.0,0.0,0.0,0.0,0.0
117642930521238202,0.0,0.0,0.0,0.0,0.0
117742930508207301,0.0,0.0,0.0,0.0,0.0
117742930530612302,0.0,0.0,0.0,0.0,0.0
117842930473510401,3.7906975746154785,8.17066612319592,111.7722088586596,33.9156608581543,351.3386423643172
118242930535103802,0.0,0.0,0.0,0.0,0.0
118742929012963801,0.0,0.0,0.0,0.0,0.0
118742929424205701,0.0,0.0,0.0,0.0,0.0
118742930461810902,0.0,0.0,0.0,0.0,0.0
118742930524063701,0.0,0.0,0.0,0.0,0.0
118742930527891202,0.0,0.0,0.0,0.0,0.0
118742930530890402,0.0,0.0,0.0,0.0,0.0
118742930533556102,0.0,0.0,0.0,0.0,0.0
118742930534065002,0.0,0.0,0.0,0.0,0.0
118842930455593301,0.0,0.0,0.0,0.0,0.0
119042929528989701,0.0,0.0,0.0,0.0,0.0
119142930531415701,0.0,0.0,0.0,0.0,0.0
119242930463926601,0.0,0.0,0.0,0.0,0.0
119442930526684402,0.0,0.0,0.0,0.0,0.0
119542930473450501,0.0,0.0,0.0,0.0,0.0
119642930460902801,0.0,0.0,0.0,0.0,0.0
119642930474784802,0.0,0.0,0.0,0.0,0.0
119642930543451002,0.0,0.5589714924538849,0.5589714924538849,0.048098258674144745,0.5589714924538849
119742930531276501,0.0,0.0,0.0,0.0,0.0
119942930518238201,0.0,0.0,0.0,0.0,0.0
119942930529966301,0.0,0.0,0.0,0.0,0.0
121242929321210202,0.0,10.590663569375563,0.0,4.327040195465088,52.95331905767443
121242930508820902,3.0180180072784424,8.889061590159162,161.96700310559007,101.52887725830078,986.685868047039
121242930520578002,0.0,0.0,0.0,0.0,0.0
121342930459339902,0.0,0.0,0.0,0.0,0.0
121342930532867601,0.0,0.0,0.0,0.0,0.0
121642928932197502,3.079545497894287,7.042516956909501,106.28802102891476,64.47698211669922,619.7414823522078
121642930531710102,1.5714285373687744,5.231830193822992,30.20280621218517,3.197911262512207,36.62281218121218
121742928857169102,0.0,0.0,0.0,0.0,0.0
121942930532691902,4.226666450500488,8.12450726433157,91.11386417389346,69.4784164428711,609.3380307260834
122042930453747502,0.0,0.0,0.0,0.0,0.0
122142930476059801,0.0,0.0,0.0,0.0,0.0
122142930524050702,0.0,0.0,0.0,0.0,0.0
122242930516823202,0.0,0.0,0.0,0.0,0.0
122242930542103301,0.0,0.0,0.0,0.0,0.0
122342929604572701,0.0,0.0,0.0,0.0,0.0
122342930478315301,0.0,0.0,0.0,0.0,0.0
122342930518922302,0.0,0.0,0.0,0.0,0.0
122342930519827402,0.0,0.0,0.0,0.0,0.0
122642930459111602,0.0,0.0,0.0,0.0,0.0
122642930550255802,0.0,0.0,0.0,0.0,0.0
122742930457734301,0.0,0.0,0.0,0.0,0.0
122742930471847401,0.0,0.0,0.0,0.0,0.0
122842930473415802,0.0,0.0,0.0,0.0,0.0
122842930534949401,0.0,0.0,0.0,0.0,0.0
122842930544924201,3.407407522201538,16.026425568953805,91.11548913043478,83.14517211914062,865.426942103151
122942929194588301,0.0,0.0,0.0,0.0,0.0
123042930475944402,0.0,0.0,0.0,0.0,0.0
123142930463041001,0.0,0.0,0.0,0.0,0.0
123142930474506401,0.0,0.0,0.0,0.0,0.0
123242929642362602,0.0,0.0,0.0,0.0,0.0
123442930527137401,0.0,0.0,0.0,0.0,0.0
123442930543516602,0.0,0.0,-0.13031914893617022,0.0,0.0
123542930548721902,0.0,0.0,0.0,0.0,0.0
123642930526093702,3.7142856121063232,6.135208058245305,101.32394366197182,20.310569763183594,214.73227735808197
123642930543678502,2.7386362552642822,7.104209617332176,92.32523148148148,93.4640121459961,625.1704659821662
123742930477029802,0.0,0.0,0.0,0.0,0.0
123742930480013402,4.342857360839844,6.847297491220962,100.45894111291194,37.58378601074219,239.655416862698
123842930472867801,0.0,0.0,0.0,0.0,0.0
123942930458498402,0.0,0.0,0.0,0.0,0.0
124242930458525101,0.0,0.0,0.0,0.0,0.0
124242930509420702,0.0,0.0,0.0,0.0,0.0
124342930525826602,0.0,0.0,0.0,0.0,0.0
124342930527986701,0.0,0.0,0.0,0.0,0.0
124542930520334001,0.0,0.0,0.0,0.0,0.0
124742930477121702,0.0,0.0,0.0,0.0,0.0
124942927917484702,250.0,244.10435855263157,244.10350877192982,11.84734058380127,244.10435855263157
125042930526270701,0.0,0.0,0.0,0.0,0.0
125042930531186701,0.0,0.0,0.0,0.0,0.0
125142930542024401,1.5,10.858151870029822,81.15506958250496,30.706411361694336,282.31194319404574
125242930523820602,2.180327892303467,14.965586920204403,67.75471698113208,112.42778015136719,912.9008102416992
125342930454820802,0.0,0.0,0.0,0.0,0.0
125442929568624202,0.0,0.0,0.0,0.0,0.0
125442929765978601,4.800000190734863,15.201942411656118,280.3115330520394,86.24903106689453,760.097127847363
125442930529058102,0.0,0.0,0.0,0.0,0.0
125442930531011902,0.0,0.0,0.0,0.0,0.0
125742930453762001,0.0,0.0,0.0,0.0,0.0
125742930530905702,0.0,0.0,0.0,0.0,0.0
126142928602946801,0.0,0.0,0.0,0.0,0.0
126142930532118001,0.0,0.0,0.0,0.0,0.0
126442930456035301,0.0,0.0,0.0,0.0,0.0
126442930459684102,0.0,0.0,0.0,0.0,0.0
126542930458708001,0.0,0.0,0.0,0.0,0.0
126542930517020901,2.4000000953674316,14.37574059394613,77.48953974895397,6.212149620056152,143.75740185342573
126542930526631202,0.0,0.0,0.0,0.0,0.0
126742930534060501,0.12820513546466827,6.114845206779435,11.547416089504528,56.13434600830078,476.9579307584605
126842930458679802,0.0,0.0,0.0,0.0,0.0
127042930509937601,0.0,0.0,0.0,0.0,0.0
127242930465170502,0.0,0.0,0.0,0.0,0.0
127342930544319402,0.0,0.0,0.0,0.0,0.0
127442930521046502,0.0,0.0,0.0,0.0,0.0
127442930526713101,31.66666603088379,11.399799005276668,34.199657729606386,2.7672624588012695,34.19939534458785
127542929927508201,3.604395627975464,11.30634842519685,170.46119235095614,89.3153076171875,1028.8776803161484
127742930538769502,2.0,3.4924984802773773,11.363832853025936,1.0017648935317993,17.462493181915722
127842930478658501,0.0,0.0,0.0,0.0,0.0
127942930476460801,0.0,0.0,0.0,0.0,0.0
128042930530738002,0.0,0.0,0.0,0.0,0.0
128042930530834301,1.313725471496582,4.78876898364486,34.107289719626166,37.163902282714844,244.22721552911204
128242930475470402,6.5,3.2911940406474574,6.582089552238806,0.9877756834030151,6.582388013815471
128242930533241301,0.0,0.0,0.0,0.0,0.0
128342930480027202,0.0,0.0,0.0,0.0,0.0
128442930525819801,0.0,0.0,0.0,0.0,0.0
128442930543538501,5.0,43.16729213169643,59.02321428571429,8.255616188049316,86.33458775111608
128542930509668001,0.0,0.0,0.0,0.0,0.0
128642930463054502,0.0,0.0,0.0,0.0,0.0
128642930516861302,0.0,0.0,0.0,0.0,0.0
129242930521771901,4.615384578704834,16.050543619791668,133.77777777777777,18.107070922851562,208.65706810845268
129342929605912602,8.0,5.677259623507546,5.677292182924082,0.9619727730751038,5.677259623507546
129342930475939201,0.0,0.0,0.0,0.0,0.0
129442930457306502,2.781609296798706,26.89311974789916,151.3361344537815,129.07672119140625,2339.7014079630876
129542928219724801,0.0,0.0,0.0,0.0,0.0
129542930532555102,0.0,0.0,0.0,0.0,0.0
129542930538128702,1.2711864709854126,8.853852969792438,59.268346923647144,83.6870346069336,522.3773226727371
129642930544823502,0.0,0.0,0.0,0.0,0.0
129742930546105901,0.0,0.0,0.0,0.0,0.0
129742930549689001,0.0,0.0,0.0,0.0,0.0
129942930463915001,0.0,0.0,0.0,0.0,0.0
129942930517119002,0.0,0.0,0.0,0.0,0.0
131242930547233301,0.0,0.0,0.0,0.0,0.0
131342930449411402,3.6607143878936768,13.229546304313603,212.18576826196474,57.19157791137695,740.8545665116394
131742930464510202,4.690140724182129,35.88075459614225,1202.9517781796262,93.18828582763672,2547.5335658776467
131942930456273702,0.0,0.0,0.0,0.0,0.0
132042930544478501,0.0,0.0,0.0,0.0,0.0
132142930516846102,0.30000001192092896,3.093144938804173,12.580738362760835,4.236721515655518,30.93145070940878
132142930543892602,3.4285714626312256,6.424507544006706,96.60368818105616,56.407901763916016,539.6586136490981
132242930544450901,0.0,0.0,0.0,0.0,0.0
132242930546422601,0.0,0.0,0.0,0.0,0.0
132342930477421702,0.0,0.0,0.0,0.0,0.0
132342930525346801,2.797752857208252,6.839285157711009,42.98092507168682,84.39496612548828,608.6963691872554
132442930316683302,0.0,14.92255893401568,0.0,83.71733856201172,955.0438125673487
132642930457432501,23.600000381469727,8.960578246437823,59.58160621761658,12.460273742675781,134.40867102166737
132642930528427002,2.7313432693481445,19.46215712761564,303.68502202643174,89.91170501708984,1303.9645653737275
133042930530349202,0.0,0.0,0.0,0.0,0.0
133042930549781002,0.0,0.0,0.0,0.0,0.0
133242930477853802,0.0,0.0,0.0,0.0,0.0
133342930526510901,0.0,0.0,0.0,0.0,0.0
133442929373095001,0.0,0.0,0.0,0.0,0.0
133742930510374501,0.0,0.0,0.0,0.0,0.0
133842928067730402,0.0,0.0,0.0,0.0,0.0
133942930515980301,4.333333492279053,27.79240307867731,158.08361839604714,20.274600982666016,333.50883638736457
133942930517455202,0.0,0.0,0.0,0.0,0.0
133942930519424601,0.0,0.0,0.0,0.0,0.0
134042929268266502,0.0,0.0,0.0,0.0,0.0
134142930456974502,4.905660152435303,28.31264310990841,391.4804329725229,77.9372787475586,1500.5701136910648
134342930526904002,0.0,0.0,0.0,0.0,0.0
134342930541890202,3.066666603088379,11.401388089950771,208.14383561643837,32.00931930541992,342.0416391577623
134442928030278202,0.0,0.0,0.0,0.0,0.0
134442930530421902,0.7878788113594055,25.382507023552957,150.14778325123152,62.11228942871094,1675.2454662792788
134542928005472101,0.7215189933776855,10.54848674192267,29.608050847457626,58.35763931274414,833.3304264574906
134542930452103202,0.0,0.0,0.0,0.0,0.0
134542930479743002,0.0,0.0,0.0,0.0,0.0
134542930515885601,0.0,0.0,0.0,0.0,0.0
134642930516950001,0.0,0.0,0.0,0.0,0.0
134642930545090501,0.0,0.0,0.0,0.0,0.0
134942930519119102,0.0,0.0,0.0,0.0,0.0
134942930538026601,0.0,0.0,0.0,0.0,0.0
135042930544385201,4.096774101257324,9.664892334593205,106.71009975062344,41.10835647583008,299.61166610146995
135142930528286501,0.0,0.0,0.0,0.0,0.0
135242929303665102,0.0,0.0,0.0,0.0,0.0
135442930470672302,0.0,0.0,0.0,0.0,0.0
135442930477857901,0.0,0.0,0.0,0.0,0.0
135442930507917802,0.0,0.0,0.0,0.0,0.0
135442930542827201,0.0,0.0,0.0,0.0,0.0
135542928235893302,0.0,0.0,0.0,0.0,0.0
135642930479563102,0.0,0.0,0.0,0.0,0.0
135742930519956701,0.0,0.0,0.0,0.0,0.0
135842928236098401,0.0,0.0,0.0,0.0,0.0
135842930536357601,4.44444465637207,19.277846827651516,51.2969696969697,10.787474632263184,173.5006212639086
136042930476722802,0.0,0.0,0.0,0.0,0.0
136142930455392102,0.0,0.0,0.0,0.0,0.0
136142930458954702,5.0,5.176462995398933,12.166474955557879,2.800015449523926,15.529389190434488
136242930459147501,0.0,0.0,0.0,0.0,0.0
136242930477909801,0.0,0.0,0.0,0.0,0.0
136442929721382302,0.0,0.0,0.0,0.0,0.0
136542928086560001,0.0,0.0,0.0,0.0,0.0
136542930528454802,0.0,0.0,0.0,0.0,0.0
136642929104783902,3.857142925262451,4.619699110199355,30.182037857430526,6.425960063934326,32.33789418927614
136642930473633302,0.0,0.0,0.0,0.0,0.0
136642930516789801,0.0,0.0,0.0,0.0,0.0
136642930523848802,0.0,0.0,0.0,0.0,0.0
136642930529001601,0.0,0.0,0.0,0.0,0.0
136642930529692001,0.0,0.0,0.0,0.0,0.0
136742930447072601,2.495575189590454,4.306020012950845,91.88634416140843,71.63202667236328,486.5802580638867
136742930524580802,0.0,0.0,0.0,0.0,0.0
136742930529409401,4.904761791229248,8.760709112191446,127.01377726750862,38.49341583251953,367.9497872669032
136842930473053701,0.0,0.0,0.0,0.0,0.0
136842930509823702,1.4196428060531616,6.434473114690555,48.4073172832594,61.5252799987793,720.6609830648905
137142930450130801,0.0,0.0,0.0,0.0,0.0
137142930542063202,0.0,0.0,0.0,0.0,0.0
137142930548214702,0.0,0.0,0.0,0.0,0.0
137242930534526902,0.0,0.0,0.0,0.0,0.0
137442928091164701,0.0,0.0,0.0,0.0,0.0
137442930473557502,3.409090995788574,6.954953189314718,33.508176660362665,16.942134857177734,153.0089664711731
137442930517981002,3.220339059829712,5.821924683349007,43.06300693546491,43.1539192199707,343.4935578440084
137642930535030001,0.0,0.0,0.0,0.0,0.0
137742930541310502,0.0,0.0,0.0,0.0,0.0
137842930529236702,5.142857074737549,139.93480490572625,697.8603351955308,25.94530487060547,979.5436288844273
138042930472490102,0.0,0.0,0.0,0.0,0.0
138042930532021202,0.0,0.0,0.0,0.0,0.0
138242930467934502,0.0,0.0,0.0,0.0,0.0
138242930516299601,0.0,0.0,0.0,0.0,0.0
138542930473712401,3.697674512863159,9.074903305026625,177.35033080522834,83.32840728759766,780.4416845868591
138542930510041202,0.0,0.0,0.0,0.0,0.0
138642930447265701,0.0,0.0,0.0,0.0,0.0
138642930528352101,0.0,0.0,0.0,0.0,0.0
138742930466694401,0.0,0.0,0.0,0.0,0.0
138842930447969802,0.0,0.0,0.0,0.0,0.0
138842930510699801,0.0,0.0,0.0,0.0,0.0
139042930518753001,0.0,0.0,0.0,0.0,0.0
139242929091334801,0.0,0.0,0.0,0.0,0.0
139242930528119601,0.0,0.0,0.0,0.0,0.0
139342930529079402,0.0,0.0,0.0,0.0,0.0
139342930536041402,0.0,0.0,0.0,0.0,0.0
139642930470719502,0.0,0.0,0.0,0.0,0.0
139842927994817202,3.17391300201416,8.837831631912175,159.7314126394052,74.73970794677734,813.0805183564863
139842930508561902,3.7647058963775635,9.36925828313253,112.52694293658149,76.99751281738281,796.386958853892
139942930542738402,0.0,0.0,0.0,0.0,0.0
141142929230384801,0.0,0.0,0.0,0.0,0.0
141342930533725002,0.0,0.0,0.0,0.0,0.0
141542927945008302,0.0,0.0,0.0,0.0,0.0
141942930527918802,0.0,0.0,0.0,0.0,0.0
142042928242898502,0.0,0.0,0.0,0.0,0.0
142242930521644402,0.0,0.0,0.0,0.0,0.0
142242930527228701,0.0,0.0,0.0,0.0,0.0
142342930479210702,0.0,0.0,0.0,0.0,0.0
142342930543992402,0.0,0.0,0.0,0.0,0.0
142542930456763202,0.0,0.0,0.0,0.0,0.0
142542930510792801,7.038461685180664,12.575814626186709,89.94050632911393,39.171382904052734,326.97117760573764
142542930528712602,0.0,0.0,0.0,0.0,0.0
142642930466984202,0.0,0.0,0.0,0.0,0.0
142742930454799701,0.0,0.0,0.0,0.0,0.0
142742930545407002,0.0,0.0,0.0,0.0,0.0
142842930526424402,0.0,0.0,0.0,0.0,0.0
142942930519535801,3.5,9.66011012108506,18.04595242170118,3.681974172592163,19.320220576437617
142942930526801701,0.0,0.0,0.0,0.0,0.0
142942930544449401,3.944444417953491,6.013934192518248,107.40102189781022,25.658992767333984,216.50163969833486
143042930462302501,0.0,0.0,0.0,0.0,0.0
143342930519396801,1.4722222089767456,6.668550597589886,57.133148952983014,67.49264526367188,480.13562956990484
143442930473411701,0.0,0.0,0.0,0.0,0.0
143542930508193002,0.0,0.0,0.0,0.0,0.0
143942930476759202,0.0,0.0,0.0,0.0,0.0
143942930547024101,0.0,0.0,0.0,0.0,0.0
144042930518784002,0.0,0.0,0.0,0.0,0.0
144142930516627302,1.4594594240188599,10.0099052618011,88.35311640696608,33.243194580078125,370.3664811310639
144242928758061801,0.0,0.0,0.0,0.0,0.0
144342930516888102,0.0,0.0,0.0,0.0,0.0
144342930536405301,0.145454540848732,8.733098459928229,2.6373205741626795,63.941856384277344,480.32039371107186
144342930546083402,0.0,0.0,0.0,0.0,0.0
144442930475711802,0.0,0.0,0.0,0.0,0.0
144542930477317802,3.528090000152588,6.585180684911401,87.79910333048676,93.21900939941406,586.0810852816327
144642930465883002,0.0,0.0,0.0,0.0,0.0
144642930473806401,0.0,0.0,0.0,0.0,0.0
144642930532617302,0.0,0.0,0.0,0.0,0.0
144742930542766901,0.0,0.0,0.0,0.0,0.0
144842930530614201,0.0,0.0,0.0,0.0,0.0
144942930519506501,0.0,0.0,0.0,0.0,0.0
145042930473345201,0.0,0.0,0.0,0.0,0.0
145042930516473101,0.0,0.0,0.0,0.0,0.0
145142930461490302,0.3956044018268585,13.069651029748284,215.88558352402745,97.27265167236328,1189.3382123613248
145242930530017602,0.0,0.0,0.0,0.0,0.0
145342929703889902,3.2249999046325684,16.39184890441684,138.83367839889578,45.008724212646484,655.6739349891762
145542930449651701,0.0,0.0,0.0,0.0,0.0
145542930461706001,0.0,0.0,0.0,0.0,0.0
145542930537934402,0.0,0.0,0.0,0.0,0.0
145642930539008501,0.0,0.0,0.0,0.0,0.0
145842930447522202,0.0,0.0,0.0,0.0,0.0
145842930541202802,0.0,0.0,0.0,0.0,0.0
145942929820831802,0.0,0.0,0.0,0.0,0.0
146142930450300301,0.48230087757110596,12.31801127990638,627.8259361997226,241.69822692871094,2783.8706842194715
146142930463763601,0.0,0.0,0.0,0.0,0.0
146242930520059602,0.0,0.0,0.0,0.0,0.0
146542930451341801,0.0,0.0,0.0,0.0,0.0
146642930536166401,0.0,0.0,0.0,0.0,0.0
146642930542554401,3.8533332347869873,7.350050101201097,124.91112945750885,61.76027297973633,551.2537341075825
146742930476644701,0.0,0.0,0.0,0.0,0.0
146742930509457302,0.0,0.0,0.0,0.0,0.0
146842930530364101,0.0,0.0,0.0,0.0,0.0
146842930542607102,0.0,0.0,0.0,0.0,0.0
146942928726482201,0.0,0.0,0.0,0.0,0.0
147042929295093101,2.4298245906829834,6.435202817876738,81.81791935226123,56.934547424316406,733.6131501612092
147042930517911201,0.0,0.0,0.0,0.0,0.0
147342930463839802,0.0,0.0,0.0,0.0,0.0
147442930452303701,3.450000047683716,4.855397503428955,149.17643797239327,73.48477172851562,485.53976419233834
147442930533789501,0.0,0.0,0.0,0.0,0.0
147542930462402502,3.0,8.639903846153846,17.279807692307692,1.976496696472168,17.279808631310097
147642929372880402,0.0,0.0,0.0,0.0,0.0
147642930528895902,0.0,0.0,0.0,0.0,0.0
147842930535076502,0.0,0.0,0.0,0.0,0.0
148042930511023901,4.0,5.156500138441402,6.641361256544503,1.0085196495056152,10.313000276882804
148142930539768402,0.0,0.0,0.0,0.0,0.0
148242929249038602,0.0,0.0,0.0,0.0,0.0
148342930537454201,0.0,0.0,0.0,0.0,0.0
148542930479380901,0.0,0.0,0.0,0.0,0.0
148642930479971702,0.0,0.0,0.0,0.0,0.0
148942930528636601,0.0,0.0,0.0,0.0,0.0
149042930519576702,0.0,0.0,0.0,0.0,0.0
149242930469838702,0.0,8.560415030501169,0.6428988895382817,0.0,479.3832300209567
149242930523100401,0.0,0.0,0.0,0.0,0.0
149242930528314001,0.0,0.0,0.0,0.0,0.0
149242930538102502,0.0,0.0,0.0,0.0,0.0
149342930456788201,1.163265347480774,7.360846336499321,33.11886024423338,51.18377685546875,360.6814580247069
149542928726666202,4.800000190734863,7.013140042472864,23.819608305804625,6.799272060394287,35.06570021236432
149642928653501701,0.0,0.0,0.0,0.0,0.0
149642930464155901,0.0,0.0,0.0,0.0,0.0
149842930518260702,0.0,0.0,0.0,0.0,0.0
149842930550702801,0.0,0.0,0.0,0.0,0.0
151342930508974301,0.0,0.0,0.0,0.0,0.0
151542930475519001,0.0,0.0,0.0,0.0,0.0
151742927963730101,0.0,0.0,0.0,0.0,0.0
151842930448135701,0.0,0.0,0.0,0.0,0.0
151842930463750102,0.0,0.0,0.0,0.0,0.0
151942930544978002,0.0,0.0,0.0,0.0,0.0
152042930464035102,0.0,0.0,0.0,0.0,0.0
152042930477182301,0.0,0.0,0.0,0.0,0.0
152042930531609501,0.0,0.0,0.0,0.0,0.0
152142930534314602,0.0,0.0,0.0,0.0,0.0
152242930543096402,0.0,0.0,0.0,0.0,0.0
152342928770281901,3.745098114013672,8.318219251113918,104.40980247325408,40.07421112060547,424.2291868677439
152342930450686901,0.0,0.0,0.0,0.0,0.0
152542930476846501,0.0,0.0,0.0,0.0,0.0
153142930542972702,0.0,0.0,0.0,0.0,0.0
153342930458996002,0.0,0.0,0.0,0.0,0.0
153342930475440202,0.0,0.0,0.0,0.0,0.0
153442930467893301,0.0,0.0,0.0,0.0,0.0
153642930449164501,0.0,0.0,0.0,0.0,0.0
153642930516703902,0.0,0.0,0.0,0.0,0.0
153842930524916302,3.9487178325653076,7.173519355586462,133.34816875289755,74.06575012207031,559.5344983836153
153942930516129101,3.9365079402923584,5.483854076697185,74.31628951459665,41.75550079345703,345.4828126729101
154142928025264602,0.0,0.0,0.0,0.0,0.0
154142930537343902,0.0,0.0,0.0,0.0,0.0
154342930515951901,0.0,0.0,0.0,0.0,0.0
154342930521332601,2.6309523582458496,9.14860334398539,133.82636058303714,86.42293548583984,768.4826875531717
154342930532730101,2.4851484298706055,9.424158959231598,234.60948567908838,83.41035461425781,951.8400839972136
154342930544862901,3.5,32.574838143807874,119.05555555555556,8.76426887512207,130.2993537761547
154442930342690301,0.5555555820465088,4.945713160744168,7.539915345998622,75.17627716064453,400.6027637428744
154542930547669701,3.941176414489746,14.664502187714481,161.3273850377488,24.46754264831543,249.29652598530933
154642930450207102,0.0,0.0,0.0,0.0,0.0
154642930453645502,0.0,8.523132922233641,0.00034258307639602604,87.77852630615234,528.4342372313719
154742928946604302,0.0,0.0,0.0,0.0,0.0
154842930457094601,0.0,0.0,0.0,0.0,0.0
154942930521003602,4.253520965576172,13.609217120273794,137.9651890482399,71.0726318359375,966.2544117627274
155042930546029701,0.0,0.0,0.0,0.0,0.0
155142930532843201,0.0,0.0,0.0,0.0,0.0
155342930473738501,0.0,0.0,0.0,0.0,0.0
155442928135508801,1.3902438879013062,7.950648194764097,46.096279248177986,39.582828521728516,325.97657088150595
155442930458741801,0.0,0.0,0.0,0.0,0.0
155442930546716402,0.0,0.0,0.0,0.0,0.0
155542930467099901,0.0,0.0,0.0,0.0,0.0
155642930519275401,0.0,0.0,0.0,0.0,0.0
155642930546746501,0.0,0.0,0.0,0.0,0.0
155942930517438602,0.0,0.0,0.0,0.0,0.0
155942930525766602,0.0,0.0,0.0,0.0,0.0
156042930537289702,3.9677419662475586,12.009706466973439,103.165890027959,33.18828582763672,372.30090122987264
156342930522775202,0.0,0.0,0.0,0.0,0.0
156642929575390702,0.0,0.0,0.0,0.0,0.0
156742930529460202,0.0,0.0,0.0,0.0,0.0
156842930516325302,0.0,0.0,0.0,0.0,0.0
156942930521143101,0.0,0.0,0.0,0.0,0.0
157042928932618502,0.0,0.0,0.0,0.0,0.0
157042930474743902,0.0,0.0,0.0,0.0,0.0
157242930550208302,0.0,0.0,0.0,0.0,0.0
157342930469553702,0.0,0.0,0.0,0.0,0.0
157442930527548402,3.845238208770752,6.856727025908661,90.00743142818538,78.48908996582031,575.9650728810464
157642930523961501,2.5,13.321583873820755,26.643495531281033,2.6452982425689697,26.64316774764151
157742930545228701,0.0,0.0,0.0,0.0,0.0
157842930467986402,0.0,0.0,0.0,0.0,0.0
157842930474296502,0.0,0.0,0.0,0.0,0.0
157842930529640802,0.0,0.0,0.0,0.0,0.0
157942930475444302,0.0,0.0,0.0,0.0,0.0
158042930463092601,0.0,0.0,0.0,0.0,0.0
158042930478706402,0.0,0.0,0.0,0.0,0.0
158142929189241902,0.0,0.0,0.0,0.0,0.0
158242927979933702,0.0,0.0,0.0,0.0,0.0
158342930478366301,0.0,0.0,0.0,0.0,0.0
158342930516054701,0.0,0.0,0.0,0.0,0.0
158342930526117801,0.0,0.0,0.0,0.0,0.0
158442930519045901,0.0,0.0,0.0,0.0,0.0
158742930467019501,3.5862069129943848,31.35828637295082,105.43169398907104,86.88446807861328,1818.7806223051143
158742930533543501,0.0,0.0,0.0,0.0,0.0
158742930541831501,0.0,0.0,0.0,0.0,0.0
158842930544096501,0.0,0.0,0.0,0.0,0.0
158942930510998002,0.0,0.0,0.0,0.0,0.0
158942930526499202,0.0,0.0,0.0,0.0,0.0
159142928135435302,0.0,0.0,0.0,0.0,0.0
159142930465136102,0.0,0.0,0.0,0.0,0.0
159342930458732502,4.789473533630371,17.118563005224765,196.16403785488959,49.35568618774414,650.5053952289304
159342930525299201,6.75,8.867986729587011,114.25535939470366,57.80785369873047,390.1914039457882
159442930509101502,0.0,0.0,0.0,0.0,0.0
159542930515787101,0.0,0.0,0.0,0.0,0.0
159642929166032802,0.0,0.0,0.0,0.0,0.0
159642930549182602,0.0,0.0,0.0,0.0,0.0
159842930524167302,0.0,0.0,0.0,0.0,0.0
161142930541557502,0.0,0.0,0.0,0.0,0.0
161542929309260302,0.0,0.0,0.0,0.0,0.0
161542930531648401,0.0,0.0,0.0,0.0,0.0
161642930467750602,0.0,0.0,0.0,0.0,0.0
161642930549932401,1.890625,11.342683539564943,1143.718789407314,259.0135498046875,2177.7951786288095
161742930524729901,0.0,0.0,0.0,0.0,0.0
161942930445609901,0.0,0.0,0.0,0.0,0.0
161942930458787802,3.507692337036133,6.305590077668791,55.94778825235678,44.72929382324219,409.86335602686023
161942930533316402,0.0,0.0,0.0,0.0,0.0
162042930527284502,5.199999809265137,8.97570616636253,30.586131386861314,5.226882457733154,44.87853130702555
162242930545636301,0.0,0.0,0.0,0.0,0.0
162342930453250801,0.0,0.0,0.0,0.0,0.0
162342930454060301,0.0,0.0,0.0,0.0,0.0
162442930530754802,0.4637681245803833,13.234479131066301,175.05946684894053,194.79708862304688,1826.3581466942069
162442930531321102,3.1666667461395264,10.720246841210681,115.60026212319791,71.11156463623047,771.8577828113561
162542930549518202,0.0,0.0,0.0,0.0,0.0
162642928676339002,0.0,0.0,0.0,0.0,0.0
162742930541386401,0.04651162773370743,22.161206877633425,19.894662921348313,107.8411636352539,1905.8637515560965
163342930450908301,0.0,0.0,0.0,0.0,0.0
163342930473979502,3.0714285373687744,44.25580922719595,492.29459459459457,93.26563262939453,3097.906706072833
163442930530935502,0.0,0.0,0.0,0.0,0.0
163442930539694902,3.538461446762085,26.974991044623362,159.3569868995633,30.327651977539062,350.6748698871729
163942930544633802,0.0,0.0,0.0,0.0,0.0
164042930460051801,0.0,0.0,0.0,0.0,0.0
164142930540465502,0.0,0.0,0.0,0.0,0.0
164242930447341201,0.0,0.0,0.0,0.0,0.0
164442929816278102,0.0,0.0,0.0,0.0,0.0
164442930540918602,0.0,5.813359445765399,0.0,54.79181671142578,453.4420290587605
164542930519765302,0.0,0.0,0.0,0.0,0.0
164642930461808702,0.0,0.0,0.0,0.0,0.0
164642930463614001,0.0,0.0,0.0,0.0,0.0
164942930533952001,3.5806450843811035,10.443994219230206,204.82657690619055,92.48920440673828,971.2914451633734
165442928043802902,0.0,0.0,0.0,0.0,0.0
165442930517273502,0.0,0.0,0.0,0.0,0.0
165542930460232502,0.0,0.0,0.0,0.0,0.0
165542930549612201,0.0,0.0,0.0,0.0,0.0
165742929341386202,0.0,0.0,0.0,0.0,0.0
165742930508698002,0.0,0.0,0.0,0.0,0.0
165742930532248602,0.0,0.0,0.0,0.0,0.0
165842930012164202,0.0,0.0,0.0,0.0,0.0
165842930455941702,0.0,0.0,0.0,0.0,0.0
165842930518748802,6.625,33.54567117295507,222.0552995391705,46.96613693237305,536.7307424413443
166042930524047202,0.0,0.0,0.0,0.0,0.0
166342930527989502,0.0,0.0,0.0,0.0,0.0
166542930474173501,3.411764621734619,5.062908108151683,55.5562362956275,55.011695861816406,344.2777360856848
166642930509729801,0.0,0.0,0.0,0.0,0.0
166842930477693702,0.0,0.0,0.0,0.0,0.0
166942930446842501,0.0,0.0,0.0,0.0,0.0
166942930516676602,0.0,0.0,0.0,0.0,0.0
167142929091270702,0.0,0.0,0.0,0.0,0.0
167142929091319102,0.0,0.0,0.0,0.0,0.0
167242930473687902,0.0,0.0,0.0,0.0,0.0
167242930550454301,0.0,0.0,0.0,0.0,0.0
167342930453887901,0.0,0.0,0.0,0.0,0.0
167342930476156602,0.0,0.0,0.0,0.0,0.0
167342930531512902,4.651162624359131,13.000995982776988,272.4285037878788,40.108131408691406,559.042818822644
167442930473715802,0.0,0.0,0.0,0.0,0.0
167442930524318301,0.0,0.0,0.0,0.0,0.0
167542929021132401,0.0,0.0,0.0,0.0,0.0
167642929703741002,0.0,0.0,0.0,0.0,0.0
167642929946319602,0.0,0.0,0.0,0.0,0.0
167642930464043701,0.0,0.0,0.0,0.0,0.0
167842930517704901,5.058823585510254,12.095709859913793,298.75586206896554,75.74990844726562,822.5083013968632
167942930451477101,0.0,0.0,0.0,0.0,0.0
167942930460089502,0.0,0.0,0.0,0.0,0.0
167942930530333001,5.67307710647583,8.877894572143832,141.1602184797451,65.8494873046875,461.65052800688574
168142930510642701,0.0,0.0,0.0,0.0,0.0
168242930517025502,0.0,0.0,0.0,0.0,0.0
168342929385464201,0.0,0.0,0.0,0.0,0.0
168342930519986502,0.0,0.0,0.0,0.0,0.0
168442927948912302,4.199999809265137,7.272620824137239,63.18860353130016,35.40752410888672,327.26793686344763
168542929456942701,0.0,0.0,0.0,0.0,0.0
168542930515726001,0.0,0.0,0.0,0.0,0.0
168542930533980102,0.0,0.0,0.0,0.0,0.0
168642930529431702,0.0,0.0,0.0,0.0,0.0
168842929687124301,0.0,0.0,0.0,0.0,0.0
168942930531666302,3.0714285373687744,4.650803202577673,23.984160828510507,8.668089866638184,65.11124416680151
168942930549296402,0.0,0.0,0.0,0.0,0.0
169242930452916401,0.0,0.0,0.0,0.0,0.0
169442930525777302,2.1666667461395264,1.6945956883343742,4.139667421344368,1.4065462350845337,10.167573748804552
169542930460793202,0.0,0.0,0.0,0.0,0.0
169542930526167301,0.0,0.0,0.0,0.0,0.0
169542930531102902,0.0,0.0,0.0,0.0,0.0
169642930544551501,0.0,0.0,0.0,0.0,0.0
169742930545230402,0.0,0.0,0.0,0.0,0.0
169842930460896602,0.0,0.0,0.0,0.0,0.0
169842930525450402,0.0,0.0,0.0,0.0,0.0
169942928779211601,0.0,0.0,0.0,0.0,0.0
171242930451390501,0.0,0.0,0.0,0.0,0.0
171442930537661702,0.0,0.0,0.0,0.0,0.0
171542930474857101,1.8666666746139526,6.140316073130062,63.74940447832301,24.63312339782715,184.2094789516818
171642930528089402,0.0,0.0,0.0,0.0,0.0
171642930545331501,0.0,0.0,0.0,0.0,0.0
171642930548872901,0.0,0.0,0.0,0.0,0.0
171742930469562402,0.0,0.0,0.0,0.0,0.0
171742930547131501,0.0,0.0,0.0,0.0,0.0
171842930464726602,4.5714287757873535,5.43210602489802,58.69694557755447,30.68121910095215,228.14845951297795
171842930474320601,0.0,0.0,0.0,0.0,0.0
171942930537327601,0.0,0.0,0.0,0.0,0.0
172242930457255402,4.666666507720947,16.09292650091659,191.97525206232814,54.03749084472656,675.9029139056324
172342930453413201,0.0,0.0,0.0,0.0,0.0
172342930526656302,1.673076868057251,3.707525282390423,83.86117011005986,0.0,192.79130910791287
172442930461991502,0.0,0.0,0.0,0.0,0.0
172442930516550001,0.0,0.0,0.0,0.0,0.0
172442930519165302,0.0,0.0,0.0,0.0,0.0
172442930532392601,0.0,26.454083396178984,26.453996983408747,2.1559884548187256,26.454083396178984
172542930479622601,0.0,0.0,0.0,0.0,0.0
172642930519336001,0.0,0.0,0.0,0.0,0.0
172742930527843301,5.649122714996338,33.316505046206224,451.28793774319064,68.16533660888672,1899.0406917059931
172942930455034402,0.0,0.0,0.0,0.0,0.0
172942930519421902,4.863636493682861,9.743754056582162,163.82467929138667,86.1595687866211,643.08775634218
173042930533913101,3.96875,6.271870379864556,58.01602441816101,27.819007873535156,200.69984092552303
173142928932478502,0.0,0.0,0.0,0.0,0.0
173142930531959201,0.0,0.0,0.0,0.0,0.0
173242930458027501,3.325000047683716,5.277335666709778,127.67886704604243,26.130176544189453,211.09342444232877
173342930511232501,0.0,0.0,0.0,0.0,0.0
173342930526722801,0.0,0.0,0.0,0.0,0.0
173742930479305901,0.0,0.0,0.0,0.0,0.0
173742930534262602,0.0,0.0,0.0,0.0,0.0
173842930533276002,0.0,0.0,0.0,0.0,0.0
174042930461713401,0.0,0.0,0.0,0.0,0.0
174042930516249201,3.2602739334106445,9.404601214683218,109.10616438356165,72.68412017822266,686.5359030140045
174042930548710301,0.0,0.0,0.0,0.0,0.0
174242929514158301,2.590909004211426,4.656728752012721,51.52245896053397,9.996594429016113,102.4480297957751
174242930538951702,0.0,0.0,0.0,0.0,0.0
174442930054961402,0.0,0.0,0.0,0.0,0.0
174542930452423502,0.0,0.0,0.0,0.0,0.0
174642929385350302,0.0,0.0,0.0,0.0,0.0
174742928236055201,4.7183098793029785,12.607536168564428,157.33871432689537,99.8478012084961,895.1350411981147
174842930469978501,0.970588207244873,8.331786014573991,24.84170403587444,20.091676712036133,283.280731026688
174842930478757801,0.0,0.0,0.0,0.0,0.0
174942930455252701,0.0,0.0,0.0,0.0,0.0
174942930529771102,0.0,0.0,0.0,0.0,0.0
175042930541851802,0.0,9.069572092216706,0.002628504672897196,79.04371643066406,607.6613431469859
175042930546232402,3.0,8.449977634501481,37.19506416584403,6.328718185424805,50.69986744586007
175142930455190102,0.0,0.0,0.0,0.0,0.0
175142930480181001,0.0,0.0,0.0,0.0,0.0
175142930529037101,2.732283353805542,5.804713463173352,204.15035937862277,82.00931549072266,737.1986303190165
175342930454055602,0.0,0.0,0.0,0.0,0.0
175342930457543401,0.0,0.0,0.0,0.0,0.0
175342930508312801,1.9791666269302368,6.104619041190991,31.648873804381363,45.66341781616211,293.0217103908107
175442930515676102,0.0,0.0,0.0,0.0,0.0
175442930523935601,0.0,0.0,0.0,0.0,0.0
175442930525537602,0.0,0.0,0.0,0.0,0.0
175542930517516502,0.0,0.0,0.0,0.0,0.0
175842930518895102,3.729729652404785,13.239041626908397,131.14558342420938,91.6370620727539,979.6891171154825
175842930522254701,0.0,0.0,0.0,0.0,0.0
176042930544553402,0.0,0.0,0.0,0.0,0.0
176142930480559002,1.0,18.294523145746886,18.29460580912863,2.8753435611724854,18.294523145746886
176242930523833802,0.0,0.0,0.0,0.0,0.0
176342929201182702,0.0,0.0,0.0,0.0,0.0
176442928242942002,0.0,0.0,0.0,0.0,0.0
176442930548703702,0.0,0.0,0.0,0.0,0.0
176542930469300802,0.0,0.0,0.0,0.0,0.0
176642930543382501,0.0,0.0,0.0,0.0,0.0
176742930477931002,0.0,0.0,0.0,0.0,0.0
176942930476904801,0.0,0.0,0.0,0.0,0.0
176942930478602102,0.0,0.0,0.0,0.0,0.0
177042930546702502,0.0,0.0,0.0,0.0,0.0
177342930462158901,0.0,0.0,0.0,0.0,0.0
177342930530273402,0.0,0.0,0.0,0.0,0.0
177342930546684601,4.453333377838135,13.13219572368421,310.1985792702615,78.45911407470703,984.9146392595626
177542930508507301,0.0,0.0,0.0,0.0,0.0
177642930453702301,3.75789475440979,7.336100578164889,126.91388430027865,73.1534423828125,696.9295713589509
177742930456060701,0.0,0.0,0.0,0.0,0.0
177842930460193901,0.0,0.0,0.0,0.0,0.0
178042930479266802,0.0,0.0,0.0,0.0,0.0
178142930462707102,0.0,0.0,0.0,0.0,0.0
178142930528847201,0.0,0.0,0.0,0.0,0.0
178142930543623401,0.0,0.0,0.0,0.0,0.0
178542930476543901,0.0,0.0,0.0,0.0,0.0
178642930459055902,4.666666507720947,4.661021732268336,12.274483970136144,1.9939016103744507,13.98306562568621
178642930460996501,0.0,0.0,0.0,0.0,0.0
178642930528419301,0.0,0.0,0.0,0.0,0.0
178842928062695402,0.0,0.0,0.0,0.0,0.0
178942930474454801,0.0,0.0,0.0,0.0,0.0
179142930463396901,0.0,0.0,0.0,0.0,0.0
179342928213854001,0.0,0.0,0.0,0.0,0.0
179342930546197102,0.0,0.0,0.0,0.0,0.0
179542930525133101,0.0,0.0,0.0,0.0,0.0
179842930449428701,0.0,0.0,0.0,0.0,0.0
179842930510259202,0.9066666960716248,10.615837805195557,106.89817171950938,81.46382141113281,796.1878645966875
179842930538524902,0.0,0.0,0.0,0.0,0.0
179942930549169901,0.0,0.0,0.0,0.0,0.0
181142929703907301,0.0,0.0,0.0,0.0,0.0
181142930523877701,9.333333015441895,34.26288882488479,96.39516129032258,5.917819023132324,102.78866309943837
181142930527486402,0.9117646813392639,14.85656994047619,187.75190476190477,79.72285461425781,1515.3700988537357
181242930509374402,0.0,0.0,0.0,0.0,0.0
181342930521827301,2.75,7.187856587136929,33.80115404564315,11.662250518798828,115.00570438115923
181442930476085601,0.0,0.0,0.0,0.0,0.0
181442930543003101,0.0,0.0,0.0,0.0,0.0
181642930464002802,0.0,0.0,0.0,0.0,0.0
181742930531711401,0.0,0.0,0.0,0.0,0.0
182242930537956102,0.0,0.0,0.0,0.0,0.0
182342929012808301,0.0,0.0,0.0,0.0,0.0
182342930541689202,0.0,0.0,0.0,0.0,0.0
182442930456071301,0.0,0.0,0.0,0.0,0.0
182942930469857701,0.0,0.0,0.0,0.0,0.0
183042930475213801,3.6744186878204346,10.007520131420105,132.39332748024583,37.141231536865234,430.3233806603409
183042930517930602,0.0,0.0,0.0,0.0,0.0
183042930530573402,0.0,0.0,0.0,0.0,0.0
183142930518918701,0.0,0.0,0.0,0.0,0.0
183542930509064901,0.0,0.0,0.0,0.0,0.0
183642930531972901,0.0,0.0,0.0,0.0,0.0
183742930525710802,0.0,0.0,0.0,0.0,0.0
183742930527080001,0.0,0.0,0.0,0.0,0.0
184142930507781401,0.0,0.0,0.0,0.0,0.0
184242930458791701,0.0,0.0,0.0,0.0,0.0
184442930455796202,0.0,0.0,0.0,0.0,0.0
184442930517219702,0.0,0.0,0.0,0.0,0.0
184442930544068301,0.0,0.0,0.0,0.0,0.0
184542930473060602,0.0,0.0,0.0,0.0,0.0
184542930521086801,0.0,0.0,0.0,0.0,0.0
184642930462171501,0.0,0.0,0.0,0.0,0.0
184642930524539701,0.0,0.0,0.0,0.0,0.0
184742929839739802,0.0,0.0,0.0,0.0,0.0
184842929021081301,0.0,0.0,0.0,0.0,0.0
184842930463990202,0.0,0.0,0.0,0.0,0.0
185242930475044302,0.0,0.0,0.0,0.0,0.0
185242930508862201,0.0,0.0,0.0,0.0,0.0
185242930549979501,0.0,0.0,0.0,0.0,0.0
185342930472893601,0.707317054271698,9.173031357429336,17.4755538579068,81.31378173828125,752.1885807395801
185342930542156801,0.0,0.0,0.0,0.0,0.0
185442930539869301,0.0,0.0,0.0,0.0,0.0
185642930527158702,0.0,0.0,0.0,0.0,0.0
185742930316791302,0.0,0.0,0.0,0.0,0.0
185742930531538401,3.9135801792144775,9.331335652877085,208.36976506639428,58.20442581176758,755.8382112292855
185942930529803701,0.1184210553765297,15.205823167335115,24.877005347593585,88.33455657958984,1155.6425550124225
186242930525209502,0.0,0.0,0.0,0.0,0.0
186342930457277601,0.0,0.0,0.0,0.0,0.0
186342930526904701,0.0,0.0,0.0,0.0,0.0
186442930519296301,2.3663365840911865,5.482187566470505,37.875779920589906,82.81670379638672,553.7009607781353
186442930549950901,0.0,0.0,0.0,0.0,0.0
186542930507655802,0.0,0.0,0.0,0.0,0.0
186742930451038602,0.0,0.0,0.0,0.0,0.0
186842930478135802,0.0,0.0,0.0,0.0,0.0
187042930475738102,0.0,0.0,0.0,0.0,0.0
187242930521653902,0.0,0.0,0.0,0.0,0.0
187442930519530002,0.0,0.0,0.0,0.0,0.0
187642930455584402,0.0,0.0,0.0,0.0,0.0
187642930527571602,0.0,0.0,0.0,0.0,0.0
187742930446810702,0.0,0.0,0.0,0.0,0.0
187742930459631002,0.0,0.0,0.0,0.0,0.0
187742930522129302,0.0,0.0,0.0,0.0,0.0
187742930531273002,0.0,0.0,0.0,0.0,0.0
187842930460474102,3.2525253295898438,7.4955807677567705,191.12008175779255,98.923583984375,742.0625006705446
187842930463290001,0.0,0.0,0.0,0.0,0.0
187942930524637001,0.0,0.0,0.0,0.0,0.0
187942930528980602,0.0,0.0,0.0,0.0,0.0
188242929013166301,0.0,0.0,0.0,0.0,0.0
188242930464850202,0.0,0.0,0.0,0.0,0.0
188242930522584702,0.0,0.0,0.0,0.0,0.0
188342930526586002,0.0,0.0,0.0,0.0,0.0
188442930457576502,4.230769157409668,24.40732957542194,210.62869198312237,28.664220809936523,317.2952735353623
188442930534496402,0.0,0.0,0.0,0.0,0.0
188642929800356701,0.0,0.0,0.0,0.0,0.0
188742928316187402,1.5,15.200054462139423,30.032967032967033,1.7836099863052368,30.400109259636846
188742930515997302,0.0,0.0,0.0,0.0,0.0
189142930445491702,0.0,0.0,0.0,0.0,0.0
189242928087944401,0.0,0.0,0.0,0.0,0.0
189442930529519802,0.0,0.0,0.0,0.0,0.0
189442930532402802,0.0,0.0,0.0,0.0,0.0
189542930532566802,0.0,0.0,0.0,0.0,0.0
189742927986105002,3.826923131942749,12.749473126073884,155.00687285223367,87.32164764404297,662.9726107816925
189742930517890202,6.0,2.4598709607907865,2.4597026604068857,0.2997438311576843,2.4598709607907865
189942930526846502,0.0,0.0,0.0,0.0,0.0
191142930477001502,0.0,0.0,0.0,0.0,0.0
191242928823204201,0.0,0.0,0.0,0.0,0.0
191342930457253501,0.0,0.0,0.0,0.0,0.0
191342930516577602,0.0,0.0,0.0,0.0,0.0
191342930525032501,0.0,0.0,0.0,0.0,0.0
191342930539983202,3.2727272510528564,10.784038516431691,42.33995234312947,15.921751022338867,118.62442616530124
191342930541755801,0.0,0.0,0.0,0.0,0.0
191442930462855702,0.0,0.0,0.0,0.0,0.0
191442930542916701,0.8999999761581421,5.91708264663624,68.38869168356997,58.624629974365234,532.5374293556239
191942930462739701,0.0,0.0,0.0,0.0,0.0
191942930517330601,0.0,0.0,0.0,0.0,0.0
192042930472522002,0.0,0.0,0.0,0.0,0.0
192442930528707601,0.0,0.0,0.0,0.0,0.0
192542930545880701,0.0,0.0,0.0,0.0,0.0
192642930462426001,3.588235378265381,9.510685542343387,102.58442897654035,16.666032791137695,161.68165359044696
192642930466614901,0.0,0.0,0.0,0.0,0.0
192642930517070502,1.2894736528396606,48.12427508126478,589.4468085106383,39.21482467651367,1828.722422047428
193142928888081701,2.8815789222717285,6.8912611555062995,56.70858609426038,77.00784301757812,523.7358393702505
193142930516186502,0.0,0.0,0.0,0.0,0.0
193242929947863901,0.0,0.0,0.0,0.0,0.0
193242930529969302,0.0,0.0,0.0,0.0,0.0
193442930518696401,0.0,0.0,0.0,0.0,0.0
193842928176142301,0.0,0.0,0.0,0.0,0.0
193842930534095702,0.0,0.0,0.0,0.0,0.0
193942930458399401,0.0,0.0,0.0,0.0,0.0
194042929309310102,0.0,0.0,0.0,0.0,0.0
194242929166198701,0.0,0.0,0.0,0.0,0.0
194242930531402601,0.0,0.0,0.0,0.0,0.0
194342930525935501,0.2613636255264282,14.056435444045384,39.827279405762795,108.04316711425781,1236.966327954016
194542930544892701,0.0,0.0,0.0,0.0,0.0
194642930461157702,0.0,0.0,0.0,0.0,0.0
194642930462519702,0.0,0.0,0.0,0.0,0.0
194642930545150301,0.0,0.0,0.0,0.0,0.0
194642930546396201,0.0,0.0,0.0,0.0,0.0
194742930533156002,0.0,0.0,0.0,0.0,0.0
194742930548711401,0.0,0.0,0.0,0.0,0.0
194842930528510301,0.0,0.0,0.0,0.0,0.0
194842930532490002,0.0,0.0,0.0,0.0,0.0
195142930450872301,0.5858585834503174,5.603985280558483,12.767755532139093,93.40814971923828,554.7945620939779
195142930540612502,0.0,0.0,0.0,0.0,0.0
195342928779164901,0.0,0.0,0.0,0.0,0.0
195442930454031802,0.0,0.0,0.0,0.0,0.0
195742929321180801,0.0,0.0,0.0,0.0,0.0
195742929476628902,0.0,0.0,0.0,0.0,0.0
195742930478077902,0.0,0.0,0.0,0.0,0.0
195942930456866702,0.0,0.0,0.0,0.0,0.0
195942930473561901,2.5098040103912354,2.2363843839092605,14.271529689343295,22.183088302612305,114.05560729356436
195942930532109202,0.0,0.0,0.0,0.0,0.0
196042930540599302,3.375,6.737105287577771,21.25339366515837,0.0,53.896843957685235
196242930528428102,3.418604612350464,16.391798551502145,292.6955855303495,39.14780044555664,704.8473431805319
196242930528957301,0.0,0.0,0.0,0.0,0.0
196442930527100201,0.0,0.0,0.0,0.0,0.0
196542930536473202,0.0,0.0,0.0,0.0,0.0
196642930516978601,0.0,0.0,0.0,0.0,0.0
196842930540591201,0.0,0.0,0.0,0.0,0.0
196942929885937002,4.099999904632568,15.892123998137953,88.36528497409327,11.362051963806152,158.92124124635686
197142928135571602,0.0,0.0,0.0,0.0,0.0
197142930526756002,2.186046600341797,3.574557369225651,47.563145554781066,18.389657974243164,153.7059709145145
197142930529403302,2.0,9.559125770564439,183.19707185513388,76.50114440917969,1261.8046109782458
197242930518932201,0.0,0.0,0.0,0.0,0.0
197342930455782501,0.0,0.0,0.0,0.0,0.0
197342930462733702,0.0,117.17699790413705,117.17696373245853,5.738836288452148,117.17699790413705
197542929575341802,0.0,0.0,0.0,0.0,0.0
197642930528232101,0.0,0.0,0.0,0.0,0.0
197742930548902501,0.0,0.0,0.0,0.0,0.0
197942929165986602,0.0,0.0,0.0,0.0,0.0
197942930508734101,0.0,0.0,0.0,0.0,0.0
197942930541585801,0.0,0.0,0.0,0.0,0.0
198142930550292001,0.0,0.0,0.0,0.0,0.0
198542930542434002,0.0,0.0,0.0,0.0,0.0
198742930458981302,0.0,0.0,0.0,0.0,0.0
198942930550515102,0.0,0.0,0.0,0.0,0.0
199042930461844201,1.0,0.6185873505105071,0.6187525815778604,0.0,0.6185873505105071
199042930548544802,0.0,0.0,0.0,0.0,0.0
199142930541839502,0.0,0.0,0.0,0.0,0.0
199242930451638001,5.714285850524902,30.815800582419733,368.9279561472201,50.412689208984375,1294.2635988461009
199242930462005002,0.0,0.0,0.0,0.0,0.0
199542930509304402,0.0,0.0,0.0,0.0,0.0
199542930510230901,0.6511628031730652,8.528878850259225,32.1612076852699,68.1023178100586,733.4835762826652
199642930454548302,0.0,0.0,0.0,0.0,0.0
199742930449773702,0.0,0.0,0.0,0.0,0.0
199842929126793302,0.0,0.0,0.0,0.0,0.0
199942930530867601,0.0,0.0,0.0,0.0,0.0
201242930477969001,0.0,0.0,0.0,0.0,0.0
201442930467818102,0.0,0.0,0.0,0.0,0.0
201542929584070601,0.0,0.0,0.0,0.0,0.0
201542930518523202,0.0,0.0,0.0,0.0,0.0
201842927928402701,0.0,0.0,0.0,0.0,0.0
201942930541697001,0.0,0.0,0.0,0.0,0.0
202142930527320702,0.0,0.0,0.0,0.0,0.0
202442930546098002,0.0,0.0,0.0,0.0,0.0
202542927928301302,5.25,27.583254541919977,69.08016400395871,0.0,110.33302148133748
202542930519452201,0.0,21.945532535601266,0.0,73.42318725585938,1448.4051934544045
202642928676362302,0.0,0.0,0.0,0.0,0.0
202642930461705002,0.0,0.0,0.0,0.0,0.0
202642930475655402,0.0,0.0,0.0,0.0,0.0
202742928043675701,0.0,0.0,0.0,0.0,0.0
202842928570580602,0.0,0.0,0.0,0.0,0.0
203042930545739702,0.0,0.0,0.0,0.0,0.0
203442930479279901,0.0,0.0,0.0,0.0,0.0
203542930446366902,0.0,0.0,0.0,0.0,0.0
203542930476118802,0.0,0.0,0.0,0.0,0.0
203642930519858202,0.0,0.0,0.0,0.0,0.0
203742930456700602,2.944444417953491,5.143168829471753,83.65164703874382,21.216432571411133,185.1540775395107
203842930508275702,0.0,0.0,0.0,0.0,0.0
203842930509485801,0.6000000238418579,29.28144457127609,69.14800759013282,73.33221435546875,1756.8866501723114
203842930547535202,0.0,0.0,0.0,0.0,0.0
203942928119349601,0.0,0.0,0.0,0.0,0.0
204042928042145401,0.0,0.0,0.0,0.0,0.0
204042930475363702,0.0,0.0,0.0,0.0,0.0
204042930542899602,0.0,0.0,0.0,0.0,0.0
204342930461193302,0.0,0.0,0.0,0.0,0.0
204542930457014502,6.0,14.363164803523036,107.18428184281842,18.586084365844727,201.08431109503357
204542930524947501,0.0,0.0,0.0,0.0,0.0
204642930475134001,0.0,0.0,0.0,0.0,0.0
204842930342747201,0.0,0.0,0.0,0.0,0.0
204842930388638301,0.0,0.0,0.0,0.0,0.0
204842930534921901,0.0,0.0,0.0,0.0,0.0
205042930456457801,0.0,0.0,0.0,0.0,0.0
205042930531009601,0.0,0.0,0.0,0.0,0.0
205142930518281701,0.0,0.0,0.0,0.0,0.0
205242930462843402,78.33333587646484,38.286337948409766,93.02403846153847,12.79233169555664,114.85901673446746
205242930471668002,0.0,0.0,0.0,0.0,0.0
205242930533677402,0.0,0.0,0.0,0.0,0.0
205242930549818802,0.0,0.0,0.0,0.0,0.0
205342930534423002,0.0,0.0,0.0,0.0,0.0
205342930549076202,0.0,0.0,0.0,0.0,0.0
205442930451140102,0.0,0.0,0.0,0.0,0.0
205442930526065202,0.0,0.0,0.0,0.0,0.0
205642930474298101,0.0,20.342689342513577,393.70248254460824,115.35520935058594,1525.7016756640005
205842928288536202,0.0,0.0,0.0,0.0,0.0
205842928932735101,2.654761791229248,9.750509413299502,78.18843355036384,46.83460998535156,819.0427646132914
205842930534884102,0.0,0.0,0.0,0.0,0.0
205942930459277902,0.0,0.0,0.0,0.0,0.0
206142930464701102,0.0,0.0,0.0,0.0,0.0
206242929321374401,0.0,0.0,0.0,0.0,0.0
206242929476530502,0.0,0.0,0.0,0.0,0.0
206242930461224402,0.0,0.0,0.0,0.0,0.0
206242930528713001,0.0,0.0,0.0,0.0,0.0
206242930529600601,0.0,0.0,0.0,0.0,0.0
206442930526147401,0.0,0.0,0.0,0.0,0.0
206542930541423001,0.0,0.0,0.0,0.0,0.0
206742929927339802,0.0,0.0,0.0,0.0,0.0
206842930463599601,5.25,18.038324988287656,49.86038884984774,6.629705429077148,72.15330132569103
206842930517947502,0.0,0.0,0.0,0.0,0.0
207142930449579901,0.0,0.0,0.0,0.0,0.0
207142930510244802,0.0,0.0,0.0,0.0,0.0
207442930507714902,0.0,0.0,0.0,0.0,0.0
207542929839789102,0.0,0.0,0.0,0.0,0.0
207742930475609901,0.0,0.0,0.0,0.0,0.0
207742930533085401,0.0,0.0,0.0,0.0,0.0
208042930515529002,4.400000095367432,9.938307383362677,22.289084507042254,7.082345485687256,49.69153837821853
208042930528313102,0.0,0.0,0.0,0.0,0.0
208042930542384402,0.0,0.0,0.0,0.0,0.0
208142930527700802,0.0,0.0,0.0,0.0,0.0
208342930460922602,0.0,0.0,0.0,0.0,0.0
208442930509150801,0.0,0.0,0.0,0.0,0.0
208442930533643502,0.0,0.0,0.0,0.0,0.0
208542930454276302,0.0,10.387867305343105,0.0,90.2161636352539,903.744461262178
208642930448971302,3.6419754028320312,4.832731465890503,80.82295776003079,64.34416198730469,391.45124115178163
208742930459881901,0.0,0.0,0.0,0.0,0.0
208742930526452502,0.0,0.0,0.0,0.0,0.0
209142930342804001,0.0,0.0,0.0,0.0,0.0
209242930452690302,0.0,0.0,0.0,0.0,0.0
209342930470808201,0.0,0.0,0.0,0.0,0.0
209642930542527302,0.0,0.0,0.0,0.0,0.0
209742930473717902,3.4387755393981934,11.221969352809618,188.013698630137,83.08277130126953,1099.7529809368966
209742930516270101,0.0,0.0,0.0,0.0,0.0
209942930547042502,0.0,0.0,0.0,0.0,0.0
211142930550015701,3.6184210777282715,27.059913244912792,299.7953488372093,76.5508041381836,2056.553418243763
211242930465105802,2.0821917057037354,15.965579772769175,95.1401179941003,54.19811248779297,1165.4873201263338
211542929160935901,0.0,0.0,0.0,0.0,0.0
211642928614409302,0.0,0.0,0.0,0.0,0.0
211642930452905601,0.0,0.0,0.0,0.0,0.0
211642930463091102,0.0,0.0,0.0,0.0,0.0
211642930542496201,0.0,0.0,0.0,0.0,0.0
211742929160847802,0.0,0.0,0.0,0.0,0.0
211742930289750601,0.0,0.0,0.0,0.0,0.0
211742930471091801,0.0,0.0,0.0,0.0,0.0
212042928921270801,0.0,0.0,0.0,0.0,0.0
212342930448223102,0.0,0.0,0.0,0.0,0.0
212442930454093601,0.0,0.0,0.0,0.0,0.0
212542930461335402,0.0,0.0,0.0,0.0,0.0
212642930477761102,0.0,0.0,0.0,0.0,0.0
212842928258040302,0.0,0.0,0.0,0.0,0.0
213042930479540402,0.0,0.0,0.0,0.0,0.0
213042930480513401,0.0,0.0,0.0,0.0,0.0
213342930450456101,0.0,0.0,0.0,0.0,0.0
213342930472590701,0.0,0.0,0.0,0.0,0.0
213442930525710701,0.0,0.0,0.0,0.0,0.0
213542930520818802,0.0,0.0,0.0,0.0,0.0
213642930525015001,0.0,0.0,0.0,0.0,0.0
213642930529319202,0.0,0.0,0.0,0.0,0.0
213742930448749601,0.0,0.0,0.0,0.0,0.0
213942930527571901,3.2608695030212402,5.784027310075431,67.99935344827587,62.65438461303711,399.097889946247
213942930549045802,0.0,9.585531562535923,0.0,79.16130065917969,718.9148564942199
214042930461938401,0.0,0.0,0.0,0.0,0.0
214042930533285602,0.0,0.0,0.0,0.0,0.0
214242930476777102,0.0,0.0,0.0,0.0,0.0
214342930528543402,3.762711763381958,7.776375978760315,148.87171792948237,51.21010971069336,458.8061815563754
214542930463014801,0.0,0.0,0.0,0.0,0.0
214642930541063701,0.0,0.0,0.0,0.0,0.0
214742930464176902,0.0,0.0,0.0,0.0,0.0
214742930518803202,1.7058823108673096,6.432106925256131,36.24122943185346,0.0,218.69162671486808
214742930529008801,0.0,0.0,0.0,0.0,0.0
214942929249151201,2.617391347885132,5.433243177563364,71.58225806451613,68.96585845947266,624.8229689984827
214942930521792701,0.0,0.0,0.0,0.0,0.0
214942930539115801,4.553191661834717,6.0923742550780595,94.06614067483633,57.79347610473633,286.34157656750784
215242930508075102,0.0,0.0,0.0,0.0,0.0
215242930532660101,0.0,0.0,0.0,0.0,0.0
215342930457772202,4.360655784606934,23.849919569993723,286.9761456371626,0.0,1454.8450227918224
215342930535908602,0.0,0.0,0.0,0.0,0.0
215642930509549502,17.0,3.2631443678085774,12.757322175732218,1.0230214595794678,13.05257747123431
215742930515530701,0.0,0.0,0.0,0.0,0.0
215842928087914902,0.0,0.0,0.0,0.0,0.0
215842930474952702,0.0,0.0,0.0,0.0,0.0
215942930472937802,0.0,0.0,0.0,0.0,0.0
215942930534226501,0.0,0.0,0.0,0.0,0.0
216042930517885901,0.0,0.0,0.0,0.0,0.0
216042930525548201,0.0,0.0,0.0,0.0,0.0
216042930549546702,0.0,0.0,0.0,0.0,0.0
216142930529762501,0.0,0.0,0.0,0.0,0.0
216142930533879302,0.0,0.0,0.0,0.0,0.0
216242930462445402,0.0,0.0,0.0,0.0,0.0
216242930539128802,4.633333206176758,8.736557904411764,74.88315874294923,55.957298278808594,524.1934583434936
216342930464379001,0.0,0.0,0.0,0.0,0.0
216542930527751801,6.0,2.3873800017297047,2.3874538745387452,0.24733026325702667,2.3873800017297047
216742930473831902,0.0,0.0,0.0,0.0,0.0
216742930527214301,0.0,0.0,0.0,0.0,0.0
217142928739711201,0.0,0.0,0.0,0.0,0.0
217142930464930701,0.0,0.0,0.0,0.0,0.0
217242930462792202,0.0,0.0,0.0,0.0,0.0
217242930523998102,0.0,0.0,0.0,0.0,0.0
217342930452353601,0.0,0.0,0.0,0.0,0.0
217342930461880202,0.0,0.0,0.0,0.0,0.0
217342930474375302,0.0,0.0,0.0,0.0,0.0
217442930510769402,0.0,0.0,0.0,0.0,0.0
217642930478744201,0.0,0.0,0.0,0.0,0.0
217742930478248501,0.0,0.0,0.0,0.0,0.0
217842930542664701,2.3333332538604736,4.225541973833736,15.886797400856668,3.440513849258423,25.353251729180627
218142930548310601,0.0,0.0,0.0,0.0,0.0
218442927995017401,0.0,0.0,0.0,0.0,0.0
218542930447738002,0.0,0.0,0.0,0.0,0.0
218642930516546502,0.0,0.0,0.0,0.0,0.0
218742928694273101,0.0,12.718191705336427,0.0,84.79716491699219,572.3186238724782
218842929013215201,0.0,0.0,0.0,0.0,0.0
218942930515688402,3.0,4.151255934834216,57.899459995304305,45.210166931152344,311.34418648384496
219142930460880402,0.0,0.0,0.0,0.0,0.0
219142930540645401,0.0,0.0,0.0,0.0,0.0
219342930184422702,0.0,0.0,0.0,0.0,0.0
219342930461496201,0.0,0.0,0.0,0.0,0.0
219342930479864602,0.0,0.0,0.0,0.0,0.0
219642930519637602,0.0,0.0,0.0,0.0,0.0
219742930532576901,0.0,0.0,0.0,0.0,0.0
219742930533665601,2.8979592323303223,4.810644232345868,76.91386095321381,88.64550018310547,471.4431391842354
219842930546832202,0.0,0.0,0.0,0.0,0.0
219942930478109202,0.0,0.0,0.0,0.0,0.0
219942930526327501,0.0,0.0,0.0,0.0,0.0
221142930546480202,0.0,0.0,0.0,0.0,0.0
221242930525006201,1.6818181276321411,23.330239207474225,67.97938144329896,31.511083602905273,513.2652520473295
221542930460197101,5.157894611358643,18.251859890391312,181.89284982585536,32.67951965332031,346.78534622051706
221542930530640802,3.4175825119018555,5.165105547223773,52.457589285714285,77.6858139038086,470.0245967965041
221542930541745402,0.0,0.0,0.0,0.0,0.0
221642930455184701,4.588235378265381,8.544234141209476,66.56907730673316,13.372700691223145,145.25198482313655
221642930525763302,0.0,0.0,0.0,0.0,0.0
221742930526945402,0.0,0.0,0.0,0.0,0.0
221742930548772001,0.0,0.0,0.0,0.0,0.0
221842930543068801,0.0,0.0,0.0,0.0,0.0
221842930548629802,0.0,0.0,0.0,0.0,0.0
222242930544009002,4.2727274894714355,25.25694982233965,205.5612244897959,25.47324562072754,555.6528648906129
222342930530148102,0.0,0.0,0.0,0.0,0.0
222442930529814102,0.0,0.0,0.0,0.0,0.0
222542930509430901,0.0,0.0,0.0,0.0,0.0
222542930542764902,0.0,0.0,0.0,0.0,0.0
222642930457658001,0.0,0.0,0.0,0.0,0.0
222742930520958001,4.930232524871826,8.606791233821525,94.1716621253406,35.456947326660156,370.09203768945844
222842930519131302,0.3655914068222046,11.447946394596652,11.728310502283104,155.50650024414062,1064.6590273826635
222942930524801801,0.0,0.0,0.0,0.0,0.0
223042930446533101,0.0,0.0,0.0,0.0,0.0
223142930524586801,0.0,0.0,0.0,0.0,0.0
223242929687182701,0.0,0.0,0.0,0.0,0.0
223242930515474901,0.0,0.0,0.0,0.0,0.0
223242930522271402,0.0,0.0,0.0,0.0,0.0
223542930509711401,0.0,0.0,0.0,0.0,0.0
223542930524943702,3.1212120056152344,21.99226833887657,230.56171470805617,16.721588134765625,725.744873227319
223742929259310802,0.0,9.636751622793515,20.261904761904763,71.4922866821289,616.7521279809511
223942930510424802,0.0,0.0,0.0,0.0,0.0
224042928592854201,0.0,0.0,0.0,0.0,0.0
224042930519163101,0.0,0.0,0.0,0.0,0.0
224242930455491302,0.0,0.0,0.0,0.0,0.0
224342928021699402,4.369565010070801,11.349260381586767,165.7622820919176,72.51664733886719,522.0659752617547
224342930465361801,0.0,0.0,0.0,0.0,0.0
224442930059407701,0.0,0.0,0.0,0.0,0.0
224442930465045101,0.0,0.0,0.0,0.0,0.0
224542930521392801,0.0,0.0,0.0,0.0,0.0
224542930535872302,0.0,0.0,0.0,0.0,0.0
224942930459667401,0.0,0.0,0.0,0.0,0.0
225042929800207601,0.0,0.0,0.0,0.0,0.0
225442930536192201,0.0,0.0,0.0,0.0,0.0
225542930526813002,0.0,0.0,0.0,0.0,0.0
225642928823251301,0.0,0.0,0.0,0.0,0.0
225742930542785202,0.0,0.0,0.0,0.0,0.0
225942930518197202,0.0,0.0,0.0,0.0,0.0
226142930510564702,0.0,0.0,0.0,0.0,0.0
226242930530711402,0.0,0.0,0.0,0.0,0.0
226442930530900801,0.0,0.0,0.0,0.0,0.0
226542930518849501,1.3902438879013062,9.76369602205183,25.693295292439373,78.22911834716797,800.6231106237973
226642930455066701,0.0,0.0,0.0,0.0,0.0
226642930474481301,0.0,0.0,0.0,0.0,0.0
226642930541254802,0.0,0.0,0.0,0.0,0.0
226942930525434501,0.0,0.0,0.0,0.0,0.0
227042927979772501,4.685714244842529,10.839154253949175,138.6831501831502,42.6498908996582,379.3703865149082
227042929704188102,0.0,0.0,0.0,0.0,0.0
227042930459882702,0.0,0.0,0.0,0.0,0.0
227142930477466802,0.0,0.0,0.0,0.0,0.0
227242929127079502,0.0,0.0,0.0,0.0,0.0
227342929501640302,3.965116262435913,5.263638221530388,99.65852130325814,70.82190704345703,452.6728713100118
227442930456397101,0.0,0.0,0.0,0.0,0.0
227442930476092802,0.0,0.0,0.0,0.0,0.0
227442930537540601,0.0,0.0,0.0,0.0,0.0
227542930142494701,0.0,0.0,0.0,0.0,0.0
227742929321159702,0.0,0.0,0.0,0.0,0.0
227742930541985201,3.6111111640930176,5.695817551487059,39.99701343952215,10.040668487548828,102.52471476090139
227842930515700502,0.0,0.0,0.0,0.0,0.0
228042930508088301,2.411764621734619,4.213242320542721,28.185213978972307,6.05178165435791,71.62512040727847
228042930509501002,0.0,0.0,0.0,0.0,0.0
228442930532044401,0.7528089880943298,18.78114963657877,49.093982420554426,176.69097900390625,1671.5222838210286
228442930535190902,0.0,0.0,0.0,0.0,0.0
228542930474401902,0.0,0.0,0.0,0.0,0.0
228742929800041902,0.0,0.0,0.0,0.0,0.0
228742930458562502,0.0,0.0,0.0,0.0,0.0
228842930530653801,0.0,0.0,0.0,0.0,0.0
228942930461646102,0.0,0.0,0.0,0.0,0.0
229142930460413102,0.0,0.0,0.0,0.0,0.0
229242929765863102,0.0,0.0,0.0,0.0,0.0
229242930464650702,2.5,5.298741330723753,42.58108108108108,5.108211040496826,52.98741172108482
229342930448175602,0.0,0.0,0.0,0.0,0.0
229542930477542801,2.3333332538604736,4.715282966259529,11.286902286902286,1.6636005640029907,14.145849067968209
229842928130723801,0.0,0.0,0.0,0.0,0.0
229842930473204002,0.875,19.529008999433106,65.92517006802721,27.5280818939209,312.4641318915923
229942929839807701,0.0,0.0,0.0,0.0,0.0
231142929604407702,0.0,0.0,0.0,0.0,0.0
231242930518258301,0.0,0.0,0.0,0.0,0.0
231442930468593002,3.307692289352417,5.9883506752686015,32.38819158550055,10.099721908569336,77.8485579940255
231442930518389502,0.0,0.0,0.0,0.0,0.0
231542930471698101,0.0,0.0,0.0,0.0,0.0
231542930515932502,0.0,0.0,0.0,0.0,0.0
231542930531937402,0.0,0.0,0.0,0.0,0.0
231742930475459301,0.0,0.0,0.0,0.0,0.0
231942930516452801,0.0,1.1775058665772713,0.0,0.0,2.3550117331545426
231942930527300101,0.0,0.0,0.0,0.0,0.0
232042930546849802,0.0,0.0,0.0,0.0,0.0
232342930480521002,0.0,0.0,0.0,0.0,0.0
232442930455043601,0.0,0.0,0.0,0.0,0.0
232442930532909002,0.0,0.0,0.0,0.0,0.0
232542930522580802,0.0,0.0,0.0,0.0,0.0
232542930530980201,3.3529412746429443,3.6539383447940033,18.199031991500412,8.480047225952148,62.116950578974404
232742930531694702,0.0,0.0,0.0,0.0,0.0
232942930545939201,3.0,10.835291998170524,224.55752212389382,48.83256530761719,693.4586884022733
233042930530581602,0.0,0.0,0.0,0.0,0.0
233142930519507601,0.0,0.0,0.0,0.0,0.0
233142930545192801,0.0,0.0,0.0,0.0,0.0
233142930548538502,0.0,0.0,0.0,0.0,0.0
233242930448797601,0.0,0.0,0.0,0.0,0.0
233342930543064402,0.0,0.0,-3.1750101200917555,0.0,0.0
233442930516186401,0.0,0.0,0.0,0.0,0.0
233442930543210202,0.0,0.0,0.0,0.0,0.0
233542930464095302,0.0,0.0,0.0,0.0,0.0
233542930475867401,0.0,0.0,0.0,0.0,0.0
233742930548685602,0.0,0.0,0.0,0.0,0.0
233842930530354701,0.0,0.0,0.0,0.0,0.0
234042930476811801,0.0,0.0,0.0,0.0,0.0
234042930480240401,0.0,0.0,0.0,0.0,0.0
234042930480645902,0.0,9.204073764714316,198.20667739212158,128.7099609375,819.162556282957
234142930463876201,0.0,0.0,0.0,0.0,0.0
234142930516208801,0.0,0.0,0.0,0.0,0.0
234342930459315401,0.0,0.0,0.0,0.0,0.0
234342930534636802,0.0,0.0,0.0,0.0,0.0
234442930519488502,4.634920597076416,20.952127232142857,195.296,110.9635238647461,1319.9839957449776
234942930447392501,0.0,0.0,0.0,0.0,0.0
234942930528080102,3.5,79.68892415364583,148.075,6.311784267425537,159.3778523763021
235042928235935102,0.0,0.0,0.0,0.0,0.0
235042930459852101,0.0,0.0,0.0,0.0,0.0
235142930524357902,0.0,0.0,0.0,0.0,0.0
235142930532587302,3.0,6.1128031838389125,11.43765690376569,1.4652049541473389,12.225606367677825
235142930547606802,0.0,0.0,0.0,0.0,0.0
235442929488789901,2.04347825050354,11.149891566744483,40.02292020373515,53.618202209472656,512.8949957109469
235442930544367302,0.0,0.0,0.0,0.0,0.0
235542930546451802,0.0,0.0,0.0,0.0,0.0
235642930220797901,0.0,0.0,0.0,0.0,0.0
235642930469364202,0.0,0.0,0.0,0.0,0.0
235642930479363401,0.0,0.0,0.0,0.0,0.0
235642930522798702,3.148648738861084,7.2797646775517935,49.51989641232946,62.96272277832031,538.7025705022364
235842929839691602,0.0,0.0,0.0,0.0,0.0
235942930455679801,0.0,0.0,0.0,0.0,0.0
236042930457786301,0.0,0.0,0.0,0.0,0.0
236042930547778101,3.207547187805176,3.752569583101164,39.59522040614166,31.61791229248047,198.88619209882822
236142930544684002,0.0,0.0,0.0,0.0,0.0
236242930471200901,0.0,0.0,0.0,0.0,0.0
236242930474371601,0.0,0.0,0.0,0.0,0.0
236342930546254302,0.0,0.0,0.0,0.0,0.0
236442930449556802,4.0714287757873535,11.408926246279762,162.14583333333334,76.9295883178711,958.3498208621191
236642930530457701,0.0,0.0,0.0,0.0,0.0
236642930543830802,1.6521738767623901,5.527654817443306,47.80955383035827,29.73430824279785,254.27211370818057
236742930543645202,0.0,0.0,0.0,0.0,0.0
237142930537923602,4.0,35.83408703926282,98.8974358974359,11.552806854248047,250.83861209184695
237142930541491901,0.0,0.0,0.0,0.0,0.0
237442928235852702,0.0,0.0,0.0,0.0,0.0
237642930510191802,0.0,0.0,0.0,0.0,0.0
237642930536276402,0.0,0.0,0.0,0.0,0.0
237742930540437102,0.0,0.0,0.0,0.0,0.0
237742930543536302,0.0,0.0,0.0,0.0,0.0
238042929765913402,0.0,0.0,0.0,0.0,0.0
238042930508527402,0.0,0.0,0.0,0.0,0.0
238142930518014401,0.0,0.0,0.0,0.0,0.0
238242930459729901,2.5714285373687744,18.756104925588627,229.51043980453133,95.17696380615234,1444.2201126603643
238242930479484202,0.0,0.0,0.0,0.0,0.0
238342930549815502,0.0,0.0,0.0,0.0,0.0
238442930451793002,0.0,0.0,0.0,0.0,0.0
238742930478203001,0.0,0.0,0.0,0.0,0.0
238742930547727901,0.0,0.0,0.0,0.0,0.0
239242930462518401,3.224489688873291,9.461076169524668,50.676293622142,43.30784606933594,463.59272229944037
239242930463967601,0.0,0.0,0.0,0.0,0.0
239242930528882101,0.0,0.0,0.0,0.0,0.0
239242930549135202,0.0,0.0,0.0,0.0,0.0
239342930518492102,0.0,0.0,0.0,0.0,0.0
239442929921990602,0.0,0.0,0.0,0.0,0.0
239442930531431601,0.0,0.0,0.0,0.0,0.0
239542930541650302,0.0,0.0,0.0,0.0,0.0
239842930456653101,0.0,0.0,0.0,0.0,0.0
239842930527482101,0.0,0.0,0.0,0.0,0.0
239942930455010102,0.0,0.0,0.0,0.0,0.0
239942930541439502,0.0,0.0,0.0,0.0,0.0
241142928603062201,0.0,0.0,0.0,0.0,0.0
241142928726332101,0.0,0.0,0.0,0.0,0.0
241142930465417902,0.0,0.0,0.0,0.0,0.0
241142930524075202,0.0,0.0,0.0,0.0,0.0
241242930534408101,0.0,0.0,0.0,0.0,0.0
241442930516032402,0.0,0.0,0.0,0.0,0.0
241442930528886802,0.0,0.0,0.0,0.0,0.0
241542930547557702,0.0,0.0,0.0,0.0,0.0
241742930474208501,0.0,7.891207255860922,0.000792016473942658,41.999454498291016,441.9075994440215
241842930515814201,0.0,0.0,0.0,0.0,0.0
241942930509935501,0.0,0.0,0.0,0.0,0.0
241942930548691901,0.0,0.0,0.0,0.0,0.0
242242930528340102,0.0,0.0,0.0,0.0,0.0
242342930522564602,0.0,0.0,0.0,0.0,0.0
242542928159125602,0.0,0.0,0.0,0.0,0.0
242942930508408802,0.0,0.0,0.0,0.0,0.0
242942930520106201,0.0,0.0,0.0,0.0,0.0
243042930316903701,0.0,0.0,0.0,0.0,0.0
243142930454432801,0.0,0.0,0.0,0.0,0.0
243342930517752501,0.0,0.0,0.0,0.0,0.0
243342930544502102,0.0,0.0,0.0,0.0,0.0
243442930475280302,0.0,0.0,0.0,0.0,0.0
243442930550673002,0.0,0.0,0.0,0.0,0.0
243542930453927802,2.9139785766601562,5.559265781725775,90.28640515851693,44.575992584228516,517.0117072075172
243642930459961602,2.8333332538604736,15.078309041727538,104.27392257121987,81.1895751953125,1357.0478359749059
243642930510568001,0.0,0.0,0.0,0.0,0.0
243742930531152501,0.0,0.0,0.0,0.0,0.0
243842930460171001,0.0,0.0,0.0,0.0,0.0
244042930472452202,0.0,0.0,0.0,0.0,0.0
244042930544339501,5.888888835906982,12.298881563505901,127.931330472103,38.489044189453125,332.06980871770514
244142930476425802,1.1136363744735718,8.150438922583364,108.29674035219183,61.20545959472656,717.2386290406234
244242929462816302,0.0,0.0,0.0,0.0,0.0
244342929341449002,0.0,23.150975459039547,0.0,115.05361938476562,1458.5114192639367
244342929801781202,0.0,0.0,0.0,0.0,0.0
244342930459751502,0.0,0.0,0.0,0.0,0.0
244342930460159502,0.0,0.0,0.0,0.0,0.0
244342930474676602,0.0,0.0,0.0,0.0,0.0
244342930520360501,3.6136362552642822,6.155556325485941,48.73782789205511,27.893390655517578,270.8444823412473
244442930459439302,0.0,0.0,0.0,0.0,0.0
244442930462294302,0.0,0.0,0.0,0.0,0.0
244442930524266402,328.0,1.1490584104691988,1.1490584104691988,0.0900217667222023,1.1490584104691988
244542930518141302,4.333333492279053,2.5916875077428148,4.657086223984143,0.8282475471496582,7.775062160284007
244742928663965702,0.0,0.0,0.0,0.0,0.0
244742930523922102,4.0,47.19638296274039,47.2,3.4261345863342285,47.19638296274039
244742930529662601,0.0,0.0,0.0,0.0,0.0
244842928789946301,0.0,0.0,0.0,0.0,0.0
244842930462669801,0.0,0.0,0.0,0.0,0.0
244942930458206101,0.0,0.0,0.0,0.0,0.0
244942930480466202,0.0,0.0,0.0,0.0,0.0
245042930448990901,0.0,0.0,0.0,0.0,0.0
245642930524900701,0.0,0.0,0.0,0.0,0.0
245942930459583802,4.093023300170898,8.441654544011849,176.23487092678798,65.68756866455078,725.9822680498753
245942930474260601,0.0,0.0,0.0,0.0,0.0
246042930508095402,0.0,0.0,0.0,0.0,0.0
246042930546071401,0.0,0.0,0.0,0.0,0.0
246142930548556802,1.75,11.866941629768393,19.984468664850137,3.4946303367614746,47.46776651907357
246242930453999001,0.0,0.0,0.0,0.0,0.0
246642929820806302,0.0,0.0,0.0,0.0,0.0
246842930535479401,0.0,0.0,0.0,0.0,0.0
246942930453237002,0.0,0.0,0.0,0.0,0.0
246942930525049001,0.0,0.0,0.0,0.0,0.0
247042930471770102,0.0,0.0,0.0,0.0,0.0
247042930477042902,0.0,0.0,0.0,0.0,0.0
247042930548138301,0.0,0.0,0.0,0.0,0.0
247142928726194001,3.322580575942993,7.470412513116474,169.69790136411333,76.18099975585938,694.7483687666005
247142930521840402,0.0,0.0,0.0,0.0,0.0
247142930527309001,0.0,0.0,0.0,0.0,0.0
247442930516618101,0.0,0.0,0.0,0.0,0.0
247542930455305002,0.0,0.0,0.0,0.0,0.0
247542930525796802,0.0,0.0,0.0,0.0,0.0
247642930515817802,0.0,0.0,0.0,0.0,0.0
247642930526681902,0.0,0.0,0.0,0.0,0.0
247842930455165602,0.0,12.094689024615612,0.0,115.29508972167969,858.7229212620497
247842930531104201,0.0,0.0,0.0,0.0,0.0
247942930516274002,0.0,0.0,0.0,0.0,0.0
248142930538291001,0.0,0.0,0.0,0.0,0.0
248242930509840102,0.0,0.0,0.0,0.0,0.0
248442930477943401,0.0,0.0,0.0,0.0,0.0
248442930530739201,3.970588207244873,8.120263126309357,80.43069134078212,71.6512451171875,552.1779116380482
248842930460261002,0.0,0.0,0.0,0.0,0.0
248842930476112602,0.0,0.0,0.0,0.0,0.0
248942930464579101,0.0,0.0,0.0,0.0,0.0
249142930461593201,0.792792797088623,5.388307475456931,50.95604867897213,73.4199447631836,598.1021492813447
249242930518300002,0.0,0.0,0.0,0.0,0.0
249342930507773402,0.0,0.0,0.0,0.0,0.0
249542930530366302,2.4561402797698975,12.141227060475444,76.0637408568443,68.38150024414062,692.0499711789058
249642930527520802,0.0,0.0,0.0,0.0,0.0
249642930539463702,0.0,0.0,0.0,0.0,0.0
249842929000335401,0.0,0.0,0.0,0.0,0.0
249842930519587202,0.0,0.0,0.0,0.0,0.0
249942930532822402,4.069767475128174,8.039891854149506,69.43307248764415,34.631221771240234,345.71535435382776
251242930474606902,0.1803278625011444,14.6497265625,16.476153846153846,113.27449798583984,893.6332814898858
251342928108622702,0.0,0.0,0.0,0.0,0.0
251342930012280301,0.0,0.0,0.0,0.0,0.0
251342930517654102,0.0,0.0,0.0,0.0,0.0
251442930476629802,0.0,0.0,0.0,0.0,0.0
251542930535989801,1.0,4.483202302054073,4.48314606741573,0.6019971370697021,4.483202302054073
251642930546482101,1.9333332777023315,11.1905702103016,115.28125,57.48802947998047,671.4341944400654
251742930542242702,0.0,0.0,0.0,0.0,0.0
251842930470777901,0.0,0.0,0.0,0.0,0.0
251942930447639201,0.0,0.0,0.0,0.0,0.0
252342930543445002,5.2727274894714355,12.380556211366759,65.53846153846153,20.734819412231445,136.1861114501953
252442928725940202,0.0,0.0,0.0,0.0,0.0
252442930465818002,3.8235294818878174,31.581771459334934,701.224358974359,61.848731994628906,1610.6703159541655
252442930528910601,0.0,0.0,0.0,0.0,0.0
252542928683993102,0.0,0.0,0.0,0.0,0.0
252542930480707601,0.0,0.0,0.0,0.0,0.0
252742928030399201,1.3658536672592163,9.003234418767507,55.47824463118581,34.73981475830078,369.13261440786437
252742929118680102,0.0,0.0,0.0,0.0,0.0
252742930449925801,0.0,0.0,0.0,0.0,0.0
252742930454283301,0.0,0.0,0.0,0.0,0.0
252742930548077501,0.0,0.0,0.0,0.0,0.0
252742930549312001,0.0,0.0,0.0,0.0,0.0
252842930457281702,4.770270347595215,17.503492302281963,169.52016255079712,64.93949127197266,1295.2584554440307
252842930473606302,5.103448390960693,16.82269699979625,141.4963325183374,39.80107498168945,487.85820712436964
252842930515912101,0.0,0.0,0.0,0.0,0.0
253042930460311801,0.0,0.0,0.0,0.0,0.0
253342928921105802,0.0,0.0,0.0,0.0,0.0
253342930478229202,0.0,6.3958321210781115,0.0,65.70425415039062,486.08323044506557
253342930533526902,0.0,0.0,0.0,0.0,0.0
253542930460951801,0.0,0.0,0.0,0.0,0.0
253542930473454802,0.0,0.0,0.0,0.0,0.0
253642930474121701,5.893617153167725,10.20267680042722,147.147146780592,69.50959014892578,479.52580276223847
253642930517892002,0.553398072719574,5.671364149359054,13.724146431652903,68.921875,584.1505056066429
253842930456207201,0.0,0.0,0.0,0.0,0.0
253842930462375002,0.0,0.0,0.0,0.0,0.0
253842930546890301,0.0,0.0,0.0,0.0,0.0
254042930520816602,0.0,0.0,0.0,0.0,0.0
254142930454477502,0.0,0.0,0.0,0.0,0.0
254142930519710602,0.0,0.0,0.0,0.0,0.0
254142930541858601,4.5714287757873535,15.109580784367207,81.15211970074813,16.3373966217041,211.53413803024483
254242930466965302,0.0,0.0,0.0,0.0,0.0
254242930530851801,0.0,0.0,0.0,0.0,0.0
254342930461275701,4.39393949508667,9.541200119003461,51.33160237388724,40.11989974975586,314.85960997176807
254442930456754501,3.417475700378418,6.348418710787731,200.2746601603346,87.96121215820312,653.8871224404379
254442930525539801,0.0,4.1460102982954545,0.0,20.73668670654297,132.6723268890381
254642929249216101,0.0,0.0,0.0,0.0,0.0
254642930549295101,0.0,0.0,0.0,0.0,0.0
255042930547075401,0.0,0.0,0.0,0.0,0.0
255142930436090001,4.25,6.506063565340909,44.416666666666664,9.284330368041992,78.07275834517046
255142930463688201,2.0,1.9365971025796238,3.873160737567517,0.2628716826438904,3.87319429610379
255242927945047202,4.0,6.347702687294021,9.826741996233523,1.3260033130645752,12.695405144700448
255342929021009101,0.0,0.0,0.0,0.0,0.0
255342930449499902,2.5,7.192737688778091,253.06684008960184,86.34508514404297,748.0447294801825
255442930516645202,0.0,0.0,0.0,0.0,0.0
255642930463932702,0.0,0.0,0.0,0.0,0.0
255742930534123101,3.52439022064209,9.004088605651106,127.75293475293475,104.52693176269531,738.3352814821998
256042930518170701,2.75,5.364358459876863,14.131622516556291,2.5740745067596436,21.457433839507452
256142930528386001,0.0,0.0,0.0,0.0,0.0
256242930463635002,0.0,0.0,0.0,0.0,0.0
256242930532496001,0.0,0.0,0.0,0.0,0.0
256342930459586501,0.0,0.0,0.0,0.0,0.0
256442930546114502,3.125,13.868759040501446,199.86943105110896,64.23091888427734,554.7503810010743
256742930518989901,0.0,0.0,0.0,0.0,0.0
256742930523892702,0.0,0.0,0.0,0.0,0.0
256742930528824702,2.2333333492279053,6.511459586959205,76.05282972289082,66.88980102539062,586.0313490639422
256842928043839301,7.666666507720947,7.277729187296132,16.341099720410064,2.277946710586548,21.833187106826653
257042928210580802,0.0,0.0,0.0,0.0,0.0
257042930459363701,4.79104471206665,7.32747611872926,110.17528791723599,70.34770202636719,490.9409133937939
257042930460144001,131.5,87.24813041907514,174.49595375722544,22.915319442749023,174.49626196712427
257442930527639402,0.6301369667053223,7.370917725311601,8.73387207231886,53.39360427856445,538.0769800591544
257542930531992402,0.0,0.0,0.0,0.0,0.0
257642930474949601,4.333333492279053,13.105890143407533,34.00684931506849,2.0495152473449707,39.317669594124574
257742930463712801,0.0,0.0,0.0,0.0,0.0
257742930541837301,0.0,0.0,0.0,0.0,0.0
257842930448633102,0.0,0.0,0.0,0.0,0.0
257842930474322902,0.0,0.0,0.0,0.0,0.0
257842930525994302,0.0,0.0,0.0,0.0,0.0
257842930534388801,6.823529243469238,17.328936298076922,152.4180995475113,50.618560791015625,294.5919230327347
258242930521159301,2.7589285373687744,7.487969531738587,305.7040650406504,76.87396240234375,838.6525954047913
258242930532428802,0.0,0.0,0.0,0.0,0.0
258342930457933401,0.0,0.0,0.0,0.0,0.0
258542930477109202,0.0,0.0,0.0,0.0,0.0
258542930528680001,0.0,80.79110152487962,80.79101123595505,4.038333415985107,80.79110152487962
258642929800141202,0.0,0.0,0.0,0.0,0.0
258742930449263202,0.0,0.0,0.0,0.0,0.0
258842930524132401,0.0,0.0,0.0,0.0,0.0
258942930455643301,0.0,0.0,0.0,0.0,0.0
259142930428343602,0.0,0.0,0.0,0.0,0.0
259242930521374202,0.0,0.0,0.0,0.0,0.0
259242930526590001,0.0,0.0,0.0,0.0,0.0
259242930542989201,0.0,0.0,0.0,0.0,0.0
259342927979570502,2.75,9.768562934674614,46.508445106805766,9.168636322021484,117.22275849070883
259542930549929202,3.799999952316284,13.661382952800095,76.85396975425331,0.0,273.227650287246
259642929034814401,0.0,0.0,0.0,0.0,0.0
259642930546744502,0.0,0.0,0.0,0.0,0.0
259742930544586602,0.0,0.0,0.0,0.0,0.0
259942930526882402,0.0,0.0,0.0,0.0,0.0
261142930455927801,0.0,0.0,0.0,0.0,0.0
261142930526174002,0.0,0.0,0.0,0.0,0.0
261242930519812601,0.0,0.0,0.0,0.0,0.0
261342930550042501,0.0,0.0,0.0,0.0,0.0
261442930531207501,0.0,0.0,0.0,0.0,0.0
261542929903230801,6.5714287757873535,8.572263698841223,50.72090729783037,5.303799629211426,60.005846764679255
261542930527398002,0.0,0.0,0.0,0.0,0.0
261642930534151601,0.0,0.0,0.0,0.0,0.0
261642930541661902,0.0,0.0,0.0,0.0,0.0
261742928043880601,0.0,0.0,0.0,0.0,0.0
262242930462873701,0.0,0.0,0.0,0.0,0.0
262342930459644301,0.0,0.0,0.0,0.0,0.0
262342930541339301,0.0,0.0,0.0,0.0,0.0
262442930520993002,0.0,0.0,0.0,0.0,0.0
262542930537165501,0.0,0.0,0.0,0.0,0.0
262842930541577902,0.0,0.0,0.0,0.0,0.0
263042930458424401,3.4606740474700928,10.938557493093922,186.90722836095765,75.97911834716797,973.5316441528925
263242930458255702,0.0,0.0,0.0,0.0,0.0
263442930466846301,0.0,0.0,0.0,0.0,0.0
263442930521798901,0.0,0.0,0.0,0.0,0.0
263542930524815602,0.0,0.0,0.0,0.0,0.0
263642930517146502,0.0,0.0,0.0,0.0,0.0
263742930474811502,3.0,8.65697760042639,46.755834829443444,8.979958534240723,95.22674950919844
263942930474844501,0.0,0.0,0.0,0.0,0.0
264042930457452702,4.25,10.148966572825747,66.26745635910224,9.960655212402344,121.78759773711016
264142928135731901,0.0,0.0,0.0,0.0,0.0
264142929197899901,0.0,0.0,0.0,0.0,0.0
264242930469660601,0.0,0.0,0.0,0.0,0.0
264242930472909102,0.0,0.0,0.0,0.0,0.0
264442930528585602,0.0,0.0,0.0,0.0,0.0
264542929991113002,0.0,0.0,0.0,0.0,0.0
264642930550424401,0.0,0.0,0.0,0.0,0.0
264642930550565001,0.0,0.0,0.0,0.0,0.0
264742928243059901,0.0,0.0,0.0,0.0,0.0
264742929373243501,4.648148059844971,10.274714118461358,115.23609802073516,49.094459533691406,554.8345864710102
264742930458813402,0.0,0.0,0.0,0.0,0.0
264842930468130001,0.0,0.0,0.0,0.0,0.0
264842930471898001,0.0,0.0,0.0,0.0,0.0
264942930461356002,0.0,0.0,0.0,0.0,0.0
265142930474007702,0.0,0.0,0.0,0.0,0.0
265342930525067001,0.0,0.0,0.0,0.0,0.0
265342930543016301,0.0,0.0,0.0,0.0,0.0
265842929476646701,0.0,0.0,0.0,0.0,0.0
265842930534545802,0.0,0.0,0.0,0.0,0.0
265842930543162202,0.0,0.0,0.0,0.0,0.0
266042930454985302,0.0,0.0,0.0,0.0,0.0
266042930524204401,0.0,0.0,0.0,0.0,0.0
266042930541519002,0.0,0.0,0.0,0.0,0.0
266142928265489802,0.0,0.0,0.0,0.0,0.0
266442930454746502,0.0,0.0,0.0,0.0,0.0
266442930476981601,0.0,0.0,0.0,0.0,0.0
266542930469002501,0.0,0.0,0.0,0.0,0.0
266642930455716702,0.0,0.0,0.0,0.0,0.0
266742930526545901,0.0,0.0,0.0,0.0,0.0
266942930451361702,0.10526315867900848,17.172049961692597,5.872701555869873,80.41070556640625,978.8068542390542
266942930458448002,2.7721519470214844,22.38779746338912,189.55648535564853,0.0,1768.635940385164
266942930546957102,3.4387755393981934,7.915701818949189,219.4065716873919,87.46475219726562,775.7387633737167
267042930522688401,0.0,0.0,0.0,0.0,0.0
267042930528033102,0.0,0.0,0.0,0.0,0.0
267142930451551001,0.0,0.0,0.0,0.0,0.0
267142930480320402,0.0,0.0,0.0,0.0,0.0
267342929197690602,0.0,0.0,0.0,0.0,0.0
267342930470650002,0.0,0.0,0.0,0.0,0.0
267342930528504901,0.0,0.0,0.0,0.0,0.0
267442930449858502,3.1666667461395264,4.065531582100921,23.10998810939358,3.841080904006958,24.393189819190788
267442930519167501,4.846153736114502,84.42177055481284,634.620320855615,18.853649139404297,1097.483045873795
267542930528558402,0.0,0.0,0.0,0.0,0.0
267542930536388401,0.0,0.0,0.0,0.0,0.0
267642929269363301,0.0,0.0,0.0,0.0,0.0
267742930530602901,0.0,0.0,0.0,0.0,0.0
268042930458333202,0.0,0.0,0.0,0.0,0.0
268142930316798501,4.182926654815674,7.619486030944365,150.3543370210037,72.46492767333984,624.7978501141749
268242930476680702,0.0,0.0,0.0,0.0,0.0
268642930459538102,0.0,0.0,0.0,0.0,0.0
268742930518171302,5.2580647468566895,20.40648091768494,171.3130779392338,32.280914306640625,632.6009277950977
268842930465034701,169.0,123.62901595454049,123.62900229483117,24.39423942565918,123.62901595454049
268842930547504902,3.313725471496582,12.403471206814473,253.27421109902068,35.2202262878418,632.5770449965252
268942930468831801,4.315789699554443,5.484360219594595,110.54945945945946,80.61930847167969,416.8113652244774
269142930517279701,0.0,0.0,0.0,0.0,0.0
269542930465015202,0.0,0.0,0.0,0.0,0.0
269642930464550602,0.0,0.0,0.0,0.0,0.0
269742930448412001,3.3473684787750244,5.555737970084221,142.09416306000702,80.13216400146484,527.7951136807808
269742930461248501,0.0,0.0,0.0,0.0,0.0
269942928130694402,4.125,3.2168967340225563,74.18621553884712,11.861835479736328,77.2055238384352
269942929155481702,0.0,0.0,0.0,0.0,0.0
269942930526785002,0.0,0.0,0.0,0.0,0.0
269942930526875602,0.0,0.0,0.0,0.0,0.0
269942930529106301,0.0,0.0,0.0,0.0,0.0
271142930462946402,0.0,0.0,0.0,0.0,0.0
271242928684109501,0.0,0.0,0.0,0.0,0.0
271442930543173501,0.0,0.0,0.0,0.0,0.0
271442930548182901,0.0,0.0,0.0,0.0,0.0
271542928099579202,0.0,0.0,0.0,0.0,0.0
271542930519868601,2.3064515590667725,6.750263602082188,37.25123694337548,41.598846435546875,418.51635287213026
271642930459031202,1.476190447807312,3.6917605257336676,27.53428697832178,19.651208877563477,155.0539395245562
271642930462452902,0.0,0.0,0.0,0.0,0.0
271742930475173801,0.0,0.0,0.0,0.0,0.0
271742930508828202,3.0,7.3257500944788365,57.79355024474518,8.441679954528809,95.23474776610976
271942930459908702,4.0,1.44750575567585,1.4476699770817418,0.17515353858470917,1.44750575567585
272042930519339402,0.0,0.0,0.0,0.0,0.0
272042930529516901,2.6470587253570557,3.3250968300549917,43.89162436548224,11.52236270904541,113.05329619535134
272242928845210701,0.0,0.0,0.0,0.0,0.0
272242930476204301,0.0,0.0,0.0,0.0,0.0
272342930526128902,0.0,0.0,0.0,0.0,0.0
272442930461241502,1.9743589162826538,5.421944920020767,77.51977848101266,56.343101501464844,634.367561505188
272842930460178202,0.0,0.0,0.0,0.0,0.0
272842930531914801,0.0,0.0,0.0,0.0,0.0
272942930522697701,0.0,0.0,0.0,0.0,0.0
273042930515730901,0.0,0.0,0.0,0.0,0.0
273042930524748101,0.0,0.0,0.0,0.0,0.0
273142930470689702,0.0,0.0,0.0,0.0,0.0
273142930533768001,0.0,0.0,0.0,0.0,0.0
273442930546731802,0.0,0.0,0.0,0.0,0.0
273542929989589602,0.0,0.0,0.0,0.0,0.0
273542930453669902,0.0,0.0,0.0,0.0,0.0
273542930542605502,0.0,0.0,0.0,0.0,0.0
273642930508767101,0.0,0.0,0.0,0.0,0.0
273642930533961901,0.0,0.0,0.0,0.0,0.0
273742930475146401,0.0,0.0,0.0,0.0,0.0
273842930518582102,0.0,0.0,0.0,0.0,0.0
274042928043842102,0.0,0.0,0.0,0.0,0.0
274042930533205801,3.65116286277771,5.345757406054059,64.7864768683274,65.45298767089844,459.73514165265783
274142930469864701,0.0,0.0,0.0,0.0,0.0
274242930457202402,4.439393997192383,9.049366012816504,136.16963634469104,89.7535629272461,597.2581833695028
274242930457849201,0.0,0.0,0.0,0.0,0.0
274242930545682101,96.0,23.767082590612002,23.767082590612002,2.8454129695892334,23.767082590612002
274342930547205401,0.0,0.0,0.0,0.0,0.0
274542930448087501,0.0,0.0,0.0,0.0,0.0
274642930509549001,3.6875,11.044017917734882,205.64899713467048,150.9290313720703,883.5214255006042
274742930507794401,0.0,0.0,0.0,0.0,0.0
274942930473043401,0.0,0.0,0.0,0.0,0.0
275042928135390702,2.5145630836486816,4.224991789339188,58.698387561186294,73.0999984741211,435.1741614113091
275042930517825101,4.111111164093018,8.578747930651307,87.09071117561683,27.635055541992188,231.62620120332272
275242929861334501,98.0,74.28811289888849,148.57619218357834,13.906295776367188,148.5762271983686
275242930464028901,0.0,0.0,0.0,0.0,0.0
275442929613423202,0.0,0.0,0.0,0.0,0.0
275442930464639801,4.985714435577393,18.49431712962963,433.40592592592594,114.02135467529297,1294.6021836400914
275442930527084202,0.0,0.0,0.0,0.0,0.0
275542930545852601,0.0,0.0,0.0,0.0,0.0
275742930548107602,0.0,0.0,0.0,0.0,0.0
275842928021779401,0.0,0.0,0.0,0.0,0.0
275842930519335401,0.0,0.0,0.0,0.0,0.0
275942930479575502,0.0,0.0,0.0,0.0,0.0
276042930464092201,0.0,0.0,0.0,0.0,0.0
276242930472097402,0.0,0.0,0.0,0.0,0.0
276642928042242301,0.0,0.0,0.0,0.0,0.0
276642929649295001,0.0,0.0,0.0,0.0,0.0
276742930527201601,2.75,9.382397061477382,70.86838306063522,59.12757110595703,713.0622000965049
276842929104948101,0.0,0.0,0.0,0.0,0.0
276842930525970802,0.0,0.0,0.0,0.0,0.0
276842930549490302,0.0,0.0,0.0,0.0,0.0
277242930457175502,0.0,0.0,0.0,0.0,0.0
277242930516254902,0.0,0.0,0.0,0.0,0.0
277442930454145502,3.6741573810577393,6.013763587785096,64.77326503232102,54.361366271972656,535.2249561137202
277542930456323102,0.0,0.0,0.0,0.0,0.0
277542930473742702,0.0,0.0,0.0,0.0,0.0
277542930531233702,0.0,0.0,0.0,0.0,0.0
277642929969542602,3.75,6.785802229134267,23.93602226880339,3.0788562297821045,27.143208916537066
277742930525180201,3.045454502105713,5.814679163644423,104.22888459058672,16.243671417236328,127.92294467886673
277742930547603701,0.0,0.0,0.0,0.0,0.0
277842930518285201,0.0,0.0,0.0,0.0,0.0
278042930509677102,0.0,0.0,0.0,0.0,0.0
278242930455278201,0.0,0.0,0.0,0.0,0.0
278342928932688301,0.0,0.0,0.0,0.0,0.0
278442930473949402,0.0,0.0,0.0,0.0,0.0
278642930515756102,0.0,0.0,0.0,0.0,0.0
278742930460003702,0.0,0.0,0.0,0.0,0.0
278842930477822401,0.0,0.0,0.0,0.0,0.0
278842930516981202,4.181818008422852,28.86744676438053,222.07079646017698,48.313575744628906,952.6257776616245
278842930524592002,0.7118644118309021,11.905179068268186,21.90445168295331,91.26918029785156,702.4055711909821
278942930525158501,0.0,0.0,0.0,0.0,0.0
279142928086601001,0.0,0.0,0.0,0.0,0.0
279442930473480502,0.0,0.0,0.0,0.0,0.0
279642930453807602,6.25,7.849539035183566,54.823076923076925,20.17009162902832,125.59262174592985
279642930541353202,172.0,326.0506139217134,326.0502215657312,18.49860382080078,326.0506139217134
279742930525071701,0.0,0.0,0.0,0.0,0.0
279942930518740602,0.0,0.0,0.0,0.0,0.0
281142929642567301,0.0,0.0,0.0,0.0,0.0
281142930529025802,0.0,0.0,0.0,0.0,0.0
281342929684635902,0.0,0.0,0.0,0.0,0.0
281342930453948401,0.0,0.0,0.0,0.0,0.0
281342930534319302,3.222222328186035,20.02332153837998,120.47667514843087,3.394291639328003,180.20989155466017
281842930455480101,0.0,0.0,0.0,0.0,0.0
281842930478686702,0.0,0.0,0.0,0.0,0.0
281942930477643701,0.0,0.0,0.0,0.0,0.0
282042930457742102,0.0,0.0,0.0,0.0,0.0
282142930550607302,5.800000190734863,7.238880546825059,35.12523971873002,3.946446418762207,36.19440369653773
282342930530675901,0.0,0.0,0.0,0.0,0.0
282442930450635301,0.0,0.0,0.0,0.0,0.0
282442930508133501,0.0,0.0,0.0,0.0,0.0
282542930524809801,3.95652174949646,5.464130911151018,37.81272447408928,20.692556381225586,125.6750095368084
282642930469586102,0.0,0.0,0.0,0.0,0.0
283142930479193502,0.0,0.0,0.0,0.0,0.0
283242930527502002,0.0,0.0,0.0,0.0,0.0
283342928005313202,0.0,0.0,0.0,0.0,0.0
283342930528881501,0.0,0.0,0.0,0.0,0.0
283442930458935102,3.8947367668151855,5.272064403161927,21.785742111414102,11.584249496459961,100.16922419901839
283442930510207402,0.0,0.0,0.0,0.0,0.0
283542930519666102,0.0,0.0,0.0,0.0,0.0
283642928757851802,0.0,0.0,0.0,0.0,0.0
283742930536990002,3.7422680854797363,20.245129194415984,576.781762295082,78.6254653930664,1963.777446105832
283742930550168602,0.0,0.0,0.0,0.0,0.0
283842930477529801,0.0,0.0,0.0,0.0,0.0
283842930509256702,2.4390244483947754,21.94582325146092,167.73411249086925,145.84454345703125,1799.5575420025755
283842930519159102,2.625,10.97795362596388,43.73051948051948,0.0,87.82362975083389
283842930532141702,0.0,0.0,0.0,0.0,0.0
284042930450482202,3.2567567825317383,7.888148701227532,178.0403331871986,0.0,583.7229766728636
284142927921591502,0.0,0.0,0.0,0.0,0.0
284142930469310702,0.0,0.0,0.0,0.0,0.0
284142930517593401,0.0,0.0,0.0,0.0,0.0
284142930545369602,0.0,0.0,0.0,0.0,0.0
284242930457062102,0.0,0.0,0.0,0.0,0.0
284242930542269101,0.0,0.0,0.0,0.0,0.0
284342929118646901,0.0,0.0,0.0,0.0,0.0
284342930542910402,0.0,24.212528561827956,24.21247311827957,1.8213014602661133,24.212528561827956
284542930289309602,0.0,0.0,0.0,0.0,0.0
284642930462574802,0.0,0.0,0.0,0.0,0.0
284842929331811301,0.0,0.0,0.0,0.0,0.0
284942930474896701,0.0,0.0,0.0,0.0,0.0
284942930526933301,3.538461446762085,4.824180134704802,43.61051850115266,18.535058975219727,188.14302618357405
285042930530335901,0.0,0.0,0.0,0.0,0.0
285242929529038501,0.0,0.0,0.0,0.0,0.0
285342930477471501,2.5,5.271827659026015,8.55668358714044,1.270172119140625,10.54365531805203
285342930477479902,0.0,0.0,0.0,0.0,0.0
285642929025477601,2.0,15.718976702008929,152.80994897959184,34.896541595458984,675.9160104673736
285642930536209902,0.359375,14.340230437814975,7.500359971202304,85.20689392089844,917.7747723529286
285842930543680701,0.0,0.0,0.0,0.0,0.0
285942930466952001,0.0,0.0,0.0,0.0,0.0
286042930529533502,3.4848484992980957,24.91630541526375,461.0760942760943,208.10752868652344,2466.7142107808363
286142930461326201,4.147058963775635,6.791286662473517,70.19427966101695,22.257797241210938,230.90375046810863
286242930509415601,0.0,0.0,0.0,0.0,0.0
286342927982837101,0.0,0.0,0.0,0.0,0.0
286342930526716102,0.0,0.0,0.0,0.0,0.0
286542930471697302,4.0,9.959252725507765,9.959378733572281,0.7938244342803955,9.959252725507765
286542930524444701,0.0,0.0,0.0,0.0,0.0
286742930519788302,0.0,0.0,0.0,0.0,0.0
286742930533445401,0.0,0.0,0.0,0.0,0.0
286942928570832201,0.0,0.0,0.0,0.0,0.0
286942928684064701,0.0,0.0,0.0,0.0,0.0
287142930538503402,0.0,0.0,0.0,0.0,0.0
287142930546935102,0.0,0.0,0.0,0.0,0.0
287242930472712401,0.0,0.0,0.0,0.0,0.0
287242930478058801,0.0,0.0,0.0,0.0,0.0
287442929424281301,3.298969030380249,5.184393851347612,103.90693083919051,57.55422592163086,502.8862158863841
287542930449605602,0.0,0.0,0.0,0.0,0.0
287542930471836801,0.0,0.0,0.0,0.0,0.0
287842930464915402,0.0,0.0,0.0,0.0,0.0
287942929309212902,3.8333332538604736,15.121720761802575,60.23862660944206,6.743368148803711,90.73032540906652
287942930465536202,0.0,0.0,0.0,0.0,0.0
288042930543019902,0.0,0.0,0.0,0.0,0.0
288042930543246201,0.0,0.0,0.0,0.0,0.0
288242930469467601,0.0,0.0,0.0,0.0,0.0
288242930547391702,326.0,0.20629297770368826,0.20629297770368826,0.032495394349098206,0.20629297770368826
288442930541622001,0.0,0.0,0.0,0.0,0.0
288742930522472501,4.469387531280518,6.149940223568389,143.74056877539175,35.60615158081055,301.34707573706004
288842930452286102,0.0,0.0,0.0,0.0,0.0
288842930460077201,2.5054945945739746,27.202925996302383,774.8890714872638,113.42224884033203,2475.4661685000115
288842930547629101,0.0,0.0,0.0,0.0,0.0
288842930549622001,0.0,0.0,0.0,0.0,0.0
288942930516013801,0.0,0.0,0.0,0.0,0.0
289042930527326901,0.0,0.0,0.0,0.0,0.0
289042930547054202,0.0,0.0,0.0,0.0,0.0
289142930458890701,0.0,0.0,0.0,0.0,0.0
289342930451844602,0.0,0.0,0.0,0.0,0.0
289442930462773001,0.0,0.0,0.0,0.0,0.0
289542930473308102,0.0,0.0,0.0,0.0,0.0
289642930545972401,0.0,0.0,0.0,0.0,0.0
289742930530455002,0.0,0.0,0.0,0.0,0.0
289842930516115902,4.588235378265381,8.29730476684157,83.59207853757617,62.71733093261719,564.2167071056431
289942930511244801,0.0,0.0,0.0,0.0,0.0
291542930469697801,0.0,0.0,0.0,0.0,0.0
291642930542641001,7.0,0.2594706798131811,0.2594706798131811,0.043981973081827164,0.2594706798131811
291742930142600201,0.0,0.0,0.0,0.0,0.0
291942930446774202,0.0,0.0,0.0,0.0,0.0
291942930533612102,0.0,0.0,0.0,0.0,0.0
292042930517688202,0.0,0.0,0.0,0.0,0.0
292142930479925101,0.13861386477947235,7.483602710682348,18.08835536547434,79.51943969726562,755.8438614419608
292242930515574002,4.305084705352783,10.277911931818181,140.56,76.83402252197266,606.3968136642918
292442930460041502,0.0,0.0,0.0,0.0,0.0
292442930462885501,0.0,0.0,0.0,0.0,0.0
292942929456669102,0.0,0.0,0.0,0.0,0.0
293142930517194901,0.8360655903816223,14.63991970486111,59.092013888888886,61.514286041259766,893.0350576308039
293242930526249502,0.0,0.0,0.0,0.0,0.0
293242930531600502,0.0,0.0,0.0,0.0,0.0
293242930550733201,0.0,0.0,0.0,0.0,0.0
293342930508080601,2.25,5.376475890837104,31.4534942182001,19.10811996459961,107.52952143773174
293342930508994302,0.0,0.0,0.0,0.0,0.0
293642930164668102,0.0,0.0,0.0,0.0,0.0
293642930446861002,2.5681817531585693,10.368978531634221,89.6501024590164,65.05728149414062,456.235069950615
293742930524691402,0.0,0.0,0.0,0.0,0.0
294142930461696302,0.0,0.0,0.0,0.0,0.0
294342930527502601,0.0,0.0,0.0,0.0,0.0
294742929721498401,1.5882352590560913,7.887132813743435,85.5868215820468,94.36306762695312,804.4875499331304
294742930517719501,0.0,0.0,0.0,0.0,0.0
294742930542542101,0.8924731016159058,8.867228273656742,57.39835728952772,71.03995513916016,824.6522301312264
294942930446267502,3.944444417953491,6.544681869975595,92.94674131495837,54.13157653808594,353.4128228361977
294942930455870402,0.0,0.0,0.0,0.0,0.0
294942930531762002,2.273972511291504,11.681935020335326,60.59760956175299,76.49845886230469,852.7812140092432
295442930453856202,0.0,0.0,0.0,0.0,0.0
295542928159286201,0.0,0.0,0.0,0.0,0.0
295542930480599701,0.0,0.0,0.0,0.0,0.0
295542930538104301,0.0,0.0,0.0,0.0,0.0
295742930474957402,0.0,0.0,0.0,0.0,0.0
295742930524433702,3.597014904022217,6.934319355241905,101.71632951311437,46.12360382080078,464.5993954168724
295842930532647602,0.0,0.0,0.0,0.0,0.0
295942930515960302,0.0,0.0,0.0,0.0,0.0
295942930516742801,0.0,0.0,0.0,0.0,0.0
296242930455377601,0.0,0.0,0.0,0.0,0.0
296342930508236301,0.0,0.0,0.0,0.0,0.0
296342930517781701,0.0,0.0,0.0,0.0,0.0
296442930519883402,1.5,29.710032393292682,34.312638580931264,2.1047933101654053,59.42006695191242
296542930474349602,3.3333332538604736,19.033150032169857,60.135274248029596,14.759564399719238,114.19889987886039
296642929820997201,0.0,0.0,0.0,0.0,0.0
296742927980095501,2.5405404567718506,10.299431425112418,90.13628502248358,66.17057037353516,762.157938706178
296742930529195101,0.0,0.0,0.0,0.0,0.0
296842930458231501,1.9448819160461426,4.298054580511198,155.0985316655955,66.68700408935547,545.8529467370298
296842930475425901,0.0,0.0,0.0,0.0,0.0
297142930453227601,0.0,0.0,0.0,0.0,0.0
297142930460015402,2.25,14.357047060362875,118.2330774598744,61.410789489746094,1263.4201453432534
297142930544064501,0.0,0.0,0.0,0.0,0.0
297142930548160502,0.0,0.0,0.0,0.0,0.0
297242930550572001,0.0,0.0,0.0,0.0,0.0
297442930464887802,0.0,0.0,0.0,0.0,0.0
297742930468887502,0.0,0.0,0.0,0.0,0.0
297942930447564901,0.0,0.0,0.0,0.0,0.0
297942930472700202,0.0,0.0,0.0,0.0,0.0
297942930473282202,0.0,0.0,0.0,0.0,0.0
298042930524275601,0.0,0.0,0.0,0.0,0.0
298242930477089302,0.0,0.0,0.0,0.0,0.0
298242930510235002,2.0,8.423220636946134,9.414711844772661,1.9662798643112183,16.846441273892268
298342930447643102,0.0,0.0,0.0,0.0,0.0
298342930544433301,0.0,0.0,0.0,0.0,0.0
298342930548585002,0.6086956262588501,5.73954744129658,47.06253190403267,77.40144348144531,528.0383542670834
298542930475335702,0.0,0.0,0.0,0.0,0.0
298542930528293701,0.0,0.0,0.0,0.0,0.0
298842930529840402,0.0,0.0,0.0,0.0,0.0
299042929197945001,0.0,0.0,0.0,0.0,0.0
299242930449084201,0.0,0.0,0.0,0.0,0.0
299442930462151402,0.0,0.0,0.0,0.0,0.0
299542930517598002,0.0,0.0,0.0,0.0,0.0
299642930472921601,0.0,0.0,0.0,0.0,0.0
299642930524834302,2.3134329319000244,5.962359836994935,62.36706325833431,51.3627815246582,399.47809635611276
299742930528227402,0.0,0.0,0.0,0.0,0.0
299742930545005402,1.3636363744735718,13.818677060539752,161.43471918307804,138.4081573486328,1368.0489942342108
301242930459796901,0.0,0.0,0.0,0.0,0.0
301542930508533601,3.8979592323303223,10.183207837198418,145.7287853577371,75.89434814453125,498.9771648540275
301542930528796002,12.84615421295166,14.436398793322446,32.881763745236796,43.402610778808594,187.67317892623842
301642930479679501,0.0,0.0,0.0,0.0,0.0
301642930524385402,0.0,0.0,0.0,0.0,0.0
301842930461762701,0.0,0.0,0.0,0.0,0.0
301842930544711402,0.0,0.0,0.0,0.0,0.0
301942929839855901,0.0,0.0,0.0,0.0,0.0
301942930474861802,0.0,0.0,0.0,0.0,0.0
302042930474602301,0.0,0.0,0.0,0.0,0.0
302142930528684002,3.8918919563293457,7.07923189539273,126.65665236051503,0.0,523.8631498787616
302142930534298101,0.0,0.0,0.0,0.0,0.0
302542930466332502,0.0,0.0,0.0,0.0,0.0
302542930541058901,0.0,0.0,0.0,0.0,0.0
302542930544385002,0.0,0.0,0.0,0.0,0.0
302542930550807001,0.0,0.0,0.0,0.0,0.0
302842930457098302,2.142857074737549,4.314300963113156,22.867386726974967,6.940954685211182,60.400213831050955
302942930517101002,0.0,0.0,0.0,0.0,0.0
303142930474287802,0.0,0.0,0.0,0.0,0.0
303142930522970002,0.2584269642829895,5.552131846125186,6.533697632058288,78.98499298095703,494.1397188795898
303242930525631102,0.0,0.0,0.0,0.0,0.0
303442929946432702,5.199999809265137,16.14203659657819,89.94979213303486,33.80965042114258,242.1305541797
303642928077879902,0.0,0.0,0.0,0.0,0.0
303742930463339901,0.0,0.0,0.0,0.0,0.0
303742930466476901,0.0,0.0,0.0,0.0,0.0
303742930474687902,4.413793087005615,10.08133110581189,76.44897959183673,28.558555603027344,292.3586085775624
303942927963809701,0.0,0.0,0.0,0.0,0.0
303942930465122701,0.0,0.0,0.0,0.0,0.0
304042930476111801,0.0,0.0,0.0,0.0,0.0
304142930516774902,0.0,0.0,0.0,0.0,0.0
304142930548522101,0.0,0.0,0.0,0.0,0.0
304542929249094801,0.0,0.0,0.0,0.0,0.0
304542930461310101,0.0,0.0,0.0,0.0,0.0
304542930546424301,0.0,0.0,0.0,0.0,0.0
304742930530586601,0.0,0.0,0.0,0.0,0.0
304842930517668701,0.0,0.0,0.0,0.0,0.0
304842930519811202,3.0,13.927790541150284,13.92780652147756,1.805274248123169,13.927790541150284
305142930508959602,1.1206896305084229,5.624727117567675,76.05660077796301,66.00401306152344,652.4683210508136
305442928726076102,3.9512195587158203,19.070314328768728,212.11610486891385,82.81558227539062,781.8828694204266
305442930454598402,0.0,0.0,0.0,0.0,0.0
305442930471191902,0.0,0.0,0.0,0.0,0.0
305542930529910201,0.0,0.0,0.0,0.0,0.0
305742930528768702,0.0,0.0,0.0,0.0,0.0
306242930537512101,0.0,0.0,0.0,0.0,0.0
306442930473335602,0.0,0.0,0.0,0.0,0.0
306442930517138902,0.0,0.0,0.0,0.0,0.0
306542930533804102,0.0,0.0,0.0,0.0,0.0
306642930462906002,0.0,0.0,0.0,0.0,0.0
306642930479796202,0.0,0.0,0.0,0.0,0.0
306842930453555401,0.0,0.0,0.0,0.0,0.0
306842930480406501,0.0,0.0,0.0,0.0,0.0
306942930550479101,0.0,0.0,0.0,0.0,0.0
307042930532334402,0.0,0.0,0.0,0.0,0.0
307142929091435101,0.0,0.0,0.0,0.0,0.0
307142930458079601,0.0,0.0,0.0,0.0,0.0
307142930474623902,0.0,0.0,0.0,0.0,0.0
307242930515916901,0.0,0.0,0.0,0.0,0.0
307342930509616201,0.0,0.0,0.0,0.0,0.0
307342930534097002,0.0,0.0,0.0,0.0,0.0
307442930479630902,0.0,0.0,0.0,0.0,0.0
307442930509778802,1.4285714626312256,11.98369014924545,129.55304039059033,36.728126525878906,503.3149954249369
307542930524280301,0.0,6.9874550347412185,0.0,27.620922088623047,195.6487438712395
307742930544301201,0.0,0.0,0.0,0.0,0.0
307842928636919901,0.0,0.0,0.0,0.0,0.0
308042930455771602,0.0,0.0,0.0,0.0,0.0
308142930466652001,0.0,0.0,0.0,0.0,0.0
308142930478039102,0.0,0.0,0.0,0.0,0.0
308142930529668602,0.0,0.0,0.0,0.0,0.0
308142930532520002,0.0,0.0,0.0,0.0,0.0
308242930544806301,0.0,0.0,0.0,0.0,0.0
308342929901445701,1.173076868057251,18.672404606614627,70.71569433032046,100.21428680419922,970.9650321339816
308342930080355601,0.0,0.0,0.0,0.0,0.0
308342930546970002,3.875,11.254436188811189,78.04965034965035,28.999683380126953,270.10646451936736
308542930477019402,0.0,0.0,0.0,0.0,0.0
308742930465134201,0.0,0.0,0.0,0.0,0.0
308842930547509501,0.0,0.0,0.0,0.0,0.0
308942929843657702,0.0,0.0,0.0,0.0,0.0
308942930464926901,0.0,0.0,0.0,0.0,0.0
308942930541987802,0.0,0.0,0.0,0.0,0.0
309042930531011002,0.0,0.0,0.0,0.0,0.0
309142929118744101,0.0,0.0,0.0,0.0,0.0
309142930464369601,0.0,0.0,0.0,0.0,0.0
309442930462659701,6.603773593902588,14.986608324023988,195.3988711194732,103.30465698242188,794.2902354314881
309542930530726202,0.0,0.0,0.0,0.0,0.0
309742930510620701,0.0,0.0,0.0,0.0,0.0
309942930545580002,0.0,2.375604937153478,0.0,0.026632552966475487,2.375604937153478
311442930542281902,4.410714149475098,37.999940389362656,443.20825852782764,87.1962890625,2127.9965658410447
311542930446688901,0.0,0.0,0.0,0.0,0.0
311542930455740902,0.0,0.0,0.0,0.0,0.0
311642930475115902,0.0,0.0,0.0,0.0,0.0
311842930517670502,0.0,0.0,0.0,0.0,0.0
311942930455638502,0.0,0.0,0.0,0.0,0.0
312042930480484602,0.4166666567325592,12.207219226819248,156.18133802816902,130.57859802246094,1464.8663433420827
312042930543741001,0.0,0.0,0.0,0.0,0.0
312142929704156101,0.0,0.0,0.0,0.0,0.0
312142930446570101,0.0,0.0,0.0,0.0,0.0
312242930543752601,0.0,0.0,0.0,0.0,0.0
312442930454121202,5.186440467834473,13.760165259092252,177.34476641040806,59.8012580871582,811.8497777179738
312542930528071701,0.0,0.0,0.0,0.0,0.0
312642930456892002,4.045454502105713,5.4307499205666865,27.999401913875598,13.951332092285156,119.47649507659474
312642930515697601,0.0,0.0,0.0,0.0,0.0
312842930542735201,0.0,0.0,0.0,0.0,0.0
313042928021659402,0.0,0.0,0.0,0.0,0.0
313042930517111502,0.0,0.0,0.0,0.0,0.0
313142930516351402,0.0,0.0,0.0,0.0,0.0
313442930521399602,0.0,0.0,0.0,0.0,0.0
313442930533729502,0.0,0.0,0.0,0.0,0.0
313542930477137801,0.0,0.0,0.0,0.0,0.0
313542930525965001,4.0227274894714355,9.208566519942508,248.26316924182538,70.85482025146484,810.3538532505179
313542930540390402,0.0,0.0,0.0,0.0,0.0
313642930460297502,0.0,0.0,0.0,0.0,0.0
313742930453968502,0.0,0.0,0.0,0.0,0.0
313742930525229401,0.0,0.0,0.0,0.0,0.0
313942930475403102,0.0,0.0,0.0,0.0,0.0
314042930466352302,0.0,0.0,0.0,0.0,0.0
314042930543493001,0.0,0.0,0.0,0.0,0.0
314242930527104402,0.0,0.0,0.0,0.0,0.0
314542930452521402,0.0,0.0,0.0,0.0,0.0
314642930525598602,0.0,0.0,0.0,0.0,0.0
314742930457973501,4.0,5.117015169722036,36.51169982860124,19.72517967224121,127.92537318456456
314742930461770301,0.0,0.0,0.0,0.0,0.0
314742930543917201,0.0,0.0,0.0,0.0,0.0
314942930524836901,0.0,0.0,0.0,0.0,0.0
315442930531999501,0.0,0.0,0.0,0.0,0.0
315542930519478501,0.0,0.0,0.0,0.0,0.0
315542930529561302,0.0,0.0,0.0,0.0,0.0
315642930530192301,0.0,0.0,0.0,0.0,0.0
315842930530136202,0.0,0.0,0.0,0.0,0.0
316642930462545502,168.0,119.38798178303655,119.3880037488285,15.264335632324219,119.38798178303655
316642930469409301,3.8499999046325684,6.196871177954441,75.61173113183509,62.798683166503906,495.74969464816587
316642930530285002,0.0,0.0,0.0,0.0,0.0
316742930528486302,0.0,0.0,0.0,0.0,0.0
316842930524674801,0.0,0.0,0.0,0.0,0.0
316842930534404902,2.846153736114502,6.121433960455,88.31492677412517,13.035600662231445,159.15728115821534
317042930448374701,0.0,0.0,0.0,0.0,0.0
317042930461574402,0.0,0.0,0.0,0.0,0.0
317142930448776802,0.0,0.0,0.0,0.0,0.0
317242930351294101,0.0,0.0,0.0,0.0,0.0
317242930448551201,0.0,0.0,0.0,0.0,0.0
317242930509868302,0.0,0.0,0.0,0.0,0.0
317242930541173401,0.0,0.0,0.0,0.0,0.0
317342930545988302,0.0,0.0,0.0,0.0,0.0
317442930478135302,0.0,0.0,0.0,0.0,0.0
317442930515782902,0.0,0.0,0.0,0.0,0.0
317542930447869902,0.0,0.0,0.0,0.0,0.0
317642930460503501,0.0,0.0,0.0,0.0,0.0
317642930516056901,3.307692289352417,8.2792528801158,44.48730964467005,13.125593185424805,107.63028779005641
317642930525366102,0.0,0.0,0.0,0.0,0.0
317642930534374702,2.867647171020508,13.677862405936455,119.28227424749164,89.90222930908203,930.0946558005037
317742930447601401,0.0,0.0,0.0,0.0,0.0
317742930519615102,3.1875,17.11408104232595,103.2126582278481,17.69036865234375,273.8252916939651
317942930545716001,0.0,0.0,0.0,0.0,0.0
318042930473003702,5.59375,64.3909717504529,693.8550724637681,38.62825393676758,2060.5111798272615
318042930474158602,0.0,0.0,0.0,0.0,0.0
318142930545846502,0.0,0.0,0.0,0.0,0.0
318242930051124302,0.0,0.0,0.0,0.0,0.0
318242930445751301,3.0,34.50341695781574,34.50310559006211,2.583432674407959,34.50341695781574
318442930451906402,0.0,0.0,0.0,0.0,0.0
318442930472979202,0.0,0.0,0.0,0.0,0.0
318542929194731901,135.0,251.11605634652508,251.1158301158301,26.07416343688965,251.11605634652508
318742930519035401,0.0,0.0,0.0,0.0,0.0
318942930462878702,2.711538553237915,5.107945910876274,50.46394837744319,74.75566864013672,531.2263798896963
319142930459262201,0.0,0.0,0.0,0.0,0.0
319142930473924202,0.0,0.0,0.0,0.0,0.0
319242930541495002,3.2647058963775635,22.668610026041666,143.44666666666666,73.91218566894531,770.7327201334635
319342930472134402,0.0,0.0,0.0,0.0,0.0
319442930529431002,0.0,0.0,0.0,0.0,0.0
319542927897875801,0.0,0.0,0.0,0.0,0.0
319542930476446802,3.366197109222412,31.95944875437063,264.406993006993,161.20823669433594,2269.1207658047024
319742930534511301,4.119999885559082,12.342233053067835,70.95731707317073,0.0,308.55582464032057
319942930521968101,0.0,0.0,0.0,0.0,0.0
321142929177982401,5.0,2.311873204354105,2.3118239921337267,0.2232617735862732,2.311873204354105
321242930519562901,0.0,0.0,0.0,0.0,0.0
321342930549425202,0.0,0.0,0.0,0.0,0.0
321842930538717302,0.0,0.0,0.0,0.0,0.0
322042930475107601,0.0,0.0,0.0,0.0,0.0
322042930475841301,3.857142925262451,11.592287315278101,59.09948801489411,13.40340518951416,81.1460096160839
322142930541473402,0.0,0.0,0.0,0.0,0.0
322442930518961301,0.0,0.0,0.0,0.0,0.0
322542930547495002,0.0,0.0,0.0,0.0,0.0
322642929537342401,3.194690227508545,4.25345779948169,149.4260802170122,83.19960021972656,480.6407225471531
322742930519716202,2.857142925262451,29.708090863269796,710.0175953079179,81.91094970703125,3327.306319776518
322742930530703601,3.095890522003174,34.40188419117647,471.074168797954,95.1928482055664,2511.337484407303
322842930476696802,0.0,0.0,0.0,0.0,0.0
323042929488733102,0.0,0.0,0.0,0.0,0.0
323042930546015301,3.094339609146118,4.364862360823407,59.90201967892284,0.0,462.675400441672
323142930521426302,0.0,0.0,0.0,0.0,0.0
323342930509386901,3.0,5.819077654582698,5.819359756097561,0.9696906208992004,5.819077654582698
323342930527679301,0.0,0.0,0.0,0.0,0.0
323342930528370002,0.0,0.0,0.0,0.0,0.0
323442927975082002,0.0,0.0,0.0,0.0,0.0
323742930456266901,0.0,0.0,0.0,0.0,0.0
323742930477129001,0.574999988079071,7.102015904017857,29.049107142857142,40.05699920654297,284.08062518007904
323742930516063802,0.0,0.0,0.0,0.0,0.0
323842930542709901,3.4949495792388916,7.7184866686614475,198.9585948114123,56.29407501220703,764.1301888569967
323942930517140201,0.0,0.0,0.0,0.0,0.0
324042930516101402,3.8375000953674316,20.067640640927625,303.6085626911315,103.24311065673828,1605.4113281474322
324142929467067101,0.0,0.0,0.0,0.0,0.0
324342930453507201,0.0,0.0,0.0,0.0,0.0
324442930473115401,0.0,0.0,0.0,0.0,0.0
324442930545607801,0.0,0.0,0.0,0.0,0.0
324542930516684901,0.0,0.0,0.0,0.0,0.0
324542930529308002,0.0,0.0,0.0,0.0,0.0
324742930529490902,0.0,0.0,0.0,0.0,0.0
324842930536416901,0.0,0.0,0.0,0.0,0.0
324942930516603101,0.0,0.0,0.0,0.0,0.0
325842927959121701,0.0,0.0,0.0,0.0,0.0
325942930456155801,0.0,0.0,0.0,0.0,0.0
325942930509005302,4.857142925262451,7.88861552832812,80.39155370177268,48.80058288574219,331.32184822260194
326242929348469101,0.0,0.0,0.0,0.0,0.0
326242930475913001,0.0,0.0,0.0,0.0,0.0
326242930479798102,0.0,0.0,0.0,0.0,0.0
326242930532815501,5.4285712242126465,8.217666532745673,32.0173116089613,7.37652587890625,57.52366610214327
326742930545741002,0.0,0.0,0.0,0.0,0.0
326942930462396301,0.0,0.0,0.0,0.0,0.0
327042930518364901,0.0,0.0,0.0,0.0,0.0
327042930543509002,6.241379261016846,8.149822844933595,62.704377766847024,41.15857696533203,236.34486272824086
327142928822976102,1.0810810327529907,12.447659391756032,51.71152815013405,102.51512908935547,921.1267627705837
327142930531769601,4.317073345184326,13.07838265257771,324.43366186504926,104.22674560546875,1072.4273403755546
327242930480443201,0.0,0.0,0.0,0.0,0.0
327342930519145801,0.0,0.0,0.0,0.0,0.0
327442930468325001,0.0,0.0,0.0,0.0,0.0
327442930518731202,0.0,0.0,0.0,0.0,0.0
327842930545368201,0.0,0.0,0.0,0.0,0.0
327942930472483502,0.0,0.0,0.0,0.0,0.0
328142930525625702,0.0,0.0,0.0,0.0,0.0
328142930530120601,0.0,0.0,0.0,0.0,0.0
328442930531385702,0.0,0.0,0.0,0.0,0.0
328642930476288101,0.0,0.0,0.0,0.0,0.0
328742930447855701,0.0,0.0,0.0,0.0,0.0
328742930516958201,0.0,0.0,0.0,0.0,0.0
328842930458449401,0.0,0.0,0.0,0.0,0.0
329042930528042701,0.0,0.0,0.0,0.0,0.0
329142930476959202,0.0,0.0,0.0,0.0,0.0
329142930539175902,0.0,0.0,0.0,0.0,0.0
329242929307482901,2.3611111640930176,13.73593204792693,346.9417077175698,0.0,1483.4806896641924
329342930450180801,0.0,0.0,0.0,0.0,0.0
329442930539290901,0.0,0.0,0.0,0.0,0.0
329542930459791702,3.4666666984558105,11.314296374576111,152.7347400150716,94.13256072998047,848.5722547135321
329742928108713902,0.0,0.0,0.0,0.0,0.0
329742930510530302,0.0,0.0,0.0,0.0,0.0
331342928577536302,1.0,26.3921654666587,26.391969407265773,3.034970283508301,26.3921654666587
331342930530428001,0.0,0.0,0.0,0.0,0.0
331542930458358102,0.0,0.0,0.0,0.0,0.0
331542930518042601,0.0,0.0,0.0,0.0,0.0
331642930342522902,0.0,0.0,0.0,0.0,0.0
331642930475173601,0.0,0.0,0.0,0.0,0.0
331642930515500302,0.0,13.447229278893241,0.0,60.18742370605469,968.200536650067
331742930456837602,0.0,0.0,0.0,0.0,0.0
331842930532015701,3.4000000953674316,2.5943923420956554,9.908579773640014,2.004767417907715,12.971961567862358
331942930518709902,0.0,0.0,0.0,0.0,0.0
332042930456928601,2.0,68.56105059276206,68.56073211314475,3.712571144104004,68.56105059276206
332342930517243401,0.0,0.0,0.0,0.0,0.0
332542930464905401,0.0,0.0,0.0,0.0,0.0
332742930527107102,0.0,0.0,0.0,0.0,0.0
332842930458384002,0.0,0.0,0.0,0.0,0.0
332842930526526402,0.0,10.412316399651605,0.0,37.244266510009766,260.30790390839445
333042929921931502,0.0,0.0,0.0,0.0,0.0
333042930525878601,0.0,0.0,0.0,0.0,0.0
333042930526610301,3.8470587730407715,9.317057291666666,200.98680872653475,91.01237487792969,791.9499089218286
333142930538263901,0.0,0.0,0.0,0.0,0.0
333242929703991002,0.0,0.0,0.0,0.0,0.0
333342930544586401,0.0,0.0,0.0,0.0,0.0
333542930452004602,0.0,0.0,0.0,0.0,0.0
333542930532226401,0.0,0.0,0.0,0.0,0.0
333742928623643602,0.0,0.0,0.0,0.0,0.0
333742930447710401,0.0,0.0,0.0,0.0,0.0
333842930525494501,0.0,0.0,0.0,0.0,0.0
334042930480420201,0.0,0.0,0.0,0.0,0.0
334142930518709202,0.0,0.0,0.0,0.0,0.0
334342930517250501,0.0,0.0,0.0,0.0,0.0
334542928757944602,0.0,0.0,0.0,0.0,0.0
334642930463735102,5.0,7.932626667704927,20.31672117531018,5.964319229125977,39.663132305587865
334742930464407302,0.0,0.0,0.0,0.0,0.0
334742930550062701,0.0,0.0,0.0,0.0,0.0
334842930540429202,0.0,0.0,0.0,0.0,0.0
334942930519074702,0.0,0.0,0.0,0.0,0.0
335042930456163602,0.0,0.0,0.0,0.0,0.0
335242930549567202,2.3690476417541504,8.581346852127172,47.350869167429096,110.13763427734375,720.833132144408
335642930473582201,0.0,0.0,0.0,0.0,0.0
335742928811707801,0.0,0.0,0.0,0.0,0.0
335842930479885101,0.0,0.0,0.0,0.0,0.0
335842930547547102,0.0,44.71828035543893,0.0,13.187199592590332,581.3376304684705
336042930529221701,0.0,0.0,0.0,0.0,0.0
336142930480247501,0.0,0.0,0.0,0.0,0.0
336342928855703402,0.0,0.0,0.0,0.0,0.0
336342930479111802,0.0,0.0,0.0,0.0,0.0
336542928235791602,0.0,0.0,0.0,0.0,0.0
336642930547172801,0.0,0.0,0.0,0.0,0.0
336842928235971801,0.0,0.0,-0.28468400075915734,0.0,0.0
336942930511301301,4.94444465637207,7.8304741028305065,77.45546445018533,31.43330192565918,140.94853220089865
337042930478901701,0.0,0.0,0.0,0.0,0.0
337042930532277601,0.0,0.0,0.0,0.0,0.0
337142930476072102,0.0,0.0,0.0,0.0,0.0
337342930456181701,0.0,0.0,0.0,0.0,0.0
337442930525066402,0.0,0.0,0.0,0.0,0.0
337542930462685102,0.0,0.0,0.0,0.0,0.0
337642930543341001,0.0,0.0,0.0,0.0,0.0
337742930526684701,3.2337663173675537,8.76851210735896,111.89944830040933,62.5128288269043,675.1754073132653
337842930452940302,0.0,0.0,0.0,0.0,0.0
337842930477414902,0.0,0.0,0.0,0.0,0.0
337942929800508901,0.0,0.0,0.0,0.0,0.0
338042928845019702,4.522387981414795,7.83135401176522,105.20136459062282,75.16127014160156,524.7007032438456
338042930541162002,0.0,0.0,0.0,0.0,0.0
338242930461890002,4.0,1.285123433348312,1.2850890903407315,0.17882892489433289,1.285123433348312
338442930521976001,3.768115997314453,5.9084818767879845,127.49586776859505,62.98423767089844,407.68526596971475
338742930455466002,0.0,0.0,0.0,0.0,0.0
338842930548855501,0.0,0.0,0.0,0.0,0.0
338942930517342702,0.0,0.0,0.0,0.0,0.0
338942930543405802,0.0,0.0,0.0,0.0,0.0
339042930474793701,0.0,0.0,0.0,0.0,0.0
339042930545527902,0.0,0.0,0.0,0.0,0.0
339242930220743401,0.0,0.0,0.0,0.0,0.0
339442930523968302,0.0,0.0,0.0,0.0,0.0
339642930480766401,0.0,0.0,0.0,0.0,0.0
339642930525423102,0.0,0.0,0.0,0.0,0.0
339742930526997301,0.0,0.0,0.0,0.0,0.0
339842927963711401,0.0,0.0,0.0,0.0,0.0
339842930447217001,0.0,0.0,0.0,0.0,0.0
339842930550330402,0.0,0.0,0.0,0.0,0.0
339942930532939901,0.0,0.0,0.0,0.0,0.0
341142929417399601,0.0,0.0,0.0,0.0,0.0
341242930518833102,0.0,0.0,0.0,0.0,0.0
341242930523112101,0.0,0.0,0.0,0.0,0.0
341342930456359501,3.60606050491333,5.543190214512712,106.0122033898305,24.980825424194336,182.92527334439552
341342930477720902,0.0,0.0,0.0,0.0,0.0
341442930475907401,0.0,0.0,0.0,0.0,0.0
341442930519841401,0.0,0.0,0.0,0.0,0.0
341442930538862202,0.0,0.0,0.0,0.0,0.0
341442930546207101,0.0,0.0,0.0,0.0,0.0
341542930550753601,3.2178218364715576,6.299206723916762,93.38472063854049,81.79183959960938,636.2198910155345
341642930529403602,0.0,0.0,0.0,0.0,0.0
341742930469756902,0.0,0.0,0.0,0.0,0.0
341742930548656502,0.0,0.0,0.0,0.0,0.0
341842930524241201,0.0,0.0,0.0,0.0,0.0
341942930459636002,0.0,0.0,0.0,0.0,0.0
342042928560914101,0.0,0.0,0.0,0.0,0.0
342242930460756801,0.0,0.0,0.0,0.0,0.0
342442930479952501,3.0526316165924072,7.353668144801428,213.75524319500224,73.95027923583984,838.3181191384393
342542930456553701,0.0,0.0,0.0,0.0,0.0
342542930508067702,0.0,0.0,0.0,0.0,0.0
342642930541899602,0.0,0.0,0.0,0.0,0.0
342642930546268701,0.0,0.0,0.0,0.0,0.0
342742930540958102,0.0,0.0,0.0,0.0,0.0
342842930534602701,3.9285714626312256,4.327864248299945,66.6906451020033,51.73306655883789,302.95049389399406
343042930519223402,0.0,0.0,0.0,0.0,0.0
343142930525678801,0.0,0.0,0.0,0.0,0.0
343242929400142802,0.0,0.0,0.0,0.0,0.0
343242929800157201,0.0,9.471803263476474,0.0,0.0,1089.2573446131776
343342930464798602,0.0,0.0,0.0,0.0,0.0
343342930466774202,3.933333396911621,14.477109493911719,129.30593607305937,22.412206649780273,217.15665114125522
343442930548167501,5.294117450714111,11.843392142660043,65.58388520971303,0.0,201.33766091580424
343542930548828801,4.304878234863281,7.895193388967803,109.5596590909091,90.67817687988281,647.4058798479311
343642930531569302,0.0,0.0,0.0,0.0,0.0
343642930544262102,5.0,14.471015918703008,50.32406015037594,7.782266139984131,101.297106731655
343742928912076802,5.166666507720947,44.31058380839822,859.78531701891,122.69868469238281,2924.4983970739686
343842930527264502,0.0,0.0,0.0,0.0,0.0
343842930546595402,2.9058823585510254,7.21786538633919,141.3371100752958,58.465545654296875,613.5185612352658
343942930548932901,0.0,0.0,0.0,0.0,0.0
344042930455560502,0.0,0.0,0.0,0.0,0.0
344042930528869902,0.0,0.0,0.0,0.0,0.0
344142930479051402,0.0,0.0,0.0,0.0,0.0
344242930508956602,0.0,0.0,0.0,0.0,0.0
344542930518632701,0.0,0.0,0.0,0.0,0.0
344642930531930701,0.0,0.0,0.0,0.0,0.0
344742930474743902,0.0,0.0,0.0,0.0,0.0
344842930453546402,1.9247311353683472,6.966388434012615,102.15445172246483,59.05892562866211,647.8741188667516
345142930452588901,0.0,0.0,0.0,0.0,0.0
345242930101315801,0.012048192322254181,17.807121740853056,329.6149215976106,96.30763244628906,1477.9910757287662
345242930475998202,0.0,0.0,0.0,0.0,0.0
345242930478022802,0.7553191781044006,6.171495480161769,47.347085287642386,47.780696868896484,580.120583828641
345242930535683001,0.0,0.0,0.0,0.0,0.0
345342929544053901,0.0,0.0,0.0,0.0,0.0
345342930466643601,0.0,0.0,0.0,0.0,0.0
345342930478327301,2.5360825061798096,7.007292646495262,132.88879598662209,78.48277282714844,679.7073649360716
345842930527032402,2.0,59.57517649036306,59.57507844016136,2.7271976470947266,59.57517649036306
345842930527886501,0.0,0.0,0.0,0.0,0.0
345942929091386401,0.0,0.0,0.0,0.0,0.0
346042930463684402,0.0,0.0,0.0,0.0,0.0
346442930545956501,0.0,8.045658404288059,0.0,4.014715671539307,40.228290869361025
346542930473729001,0.0,0.0,0.0,0.0,0.0
346542930526196101,0.0,0.0,0.0,0.0,0.0
346542930534670102,0.0,0.0,0.0,0.0,0.0
346542930543801102,0.0,0.0,0.0,0.0,0.0
346742930473292901,0.0,0.0,0.0,0.0,0.0
346842930518058602,1.75,2.039366627484031,5.17374024130589,0.9500223398208618,8.157466382147827
346942928923773502,0.0,0.0,0.0,0.0,0.0
346942930545787402,0.0,0.0,0.0,0.0,0.0
347042930542852202,0.0,0.0,0.0,0.0,0.0
347142930518996802,3.3563218116760254,6.635506711699474,72.42643680999778,0.0,577.2890822596589
347142930542876001,0.0,0.0,0.0,0.0,0.0
347242930518420401,0.0,0.0,0.0,0.0,0.0
347342930541527202,0.0,0.0,0.0,0.0,0.0
347342930543230401,0.0,0.0,0.0,0.0,0.0
347942928176065301,2.263157844543457,7.629594432894991,46.004061110036744,21.515644073486328,289.92460141481524
347942930470091601,0.0,0.0,0.0,0.0,0.0
348142930525884202,0.0,0.0,0.0,0.0,0.0
348242930472143502,0.0,0.0,0.0,0.0,0.0
348342930459843702,0.0,0.0,0.0,0.0,0.0
348542928242444802,1.7777777910232544,8.483692089160838,100.66099809281627,73.40316772460938,610.8258363174467
348542930458368601,0.0,0.0,0.0,0.0,0.0
348642930463647301,0.0,0.0,0.0,0.0,0.0
348642930474443601,0.0,0.0,0.0,0.0,0.0
348742930550264202,0.0,0.0,0.0,0.0,0.0
348842930446522602,0.0,0.0,0.0,0.0,0.0
348842930448305701,0.0,0.0,0.0,0.0,0.0
349042930522319202,0.0,0.0,0.0,0.0,0.0
349042930528256602,0.0,0.0,0.0,0.0,0.0
349042930539087601,0.0,0.0,0.0,0.0,0.0
349342930462812102,0.0,0.0,0.0,0.0,0.0
349442930516840901,0.0,0.0,0.0,0.0,0.0
349442930542073801,0.0,0.0,0.0,0.0,0.0
349542930463037902,0.0,0.0,0.0,0.0,0.0
349542930464233001,0.0,0.0,0.0,0.0,0.0
349742930530005702,0.0,0.0,0.0,0.0,0.0
349842930526868801,0.0,0.0,0.0,0.0,0.0
349842930537161802,0.0,0.0,0.0,0.0,0.0
349942930453287002,0.0,0.0,0.0,0.0,0.0
351142930518610302,0.0,0.0,0.0,0.0,0.0
351242929197737002,0.0,0.0,0.0,0.0,0.0
351342930458841902,5.388888835906982,11.483248197115385,121.5614236509759,40.435142517089844,413.39694515188853
351542930472807902,0.0,0.0,0.0,0.0,0.0
351542930542392001,0.0,0.0,0.0,0.0,0.0
351542930542888401,0.0,0.0,0.0,0.0,0.0
351842930473013801,2.6666667461395264,8.263478522753193,14.852075729927007,2.3818507194519043,24.790436013771668
351842930516795801,0.0,0.0,0.0,0.0,0.0
351942930478868202,0.0,0.0,0.0,0.0,0.0
352042930457340302,0.0,0.0,0.0,0.0,0.0
352042930537324302,1.8333333730697632,2.197513187758767,9.732054671521924,1.631646990776062,13.185079443191313
352142930462425302,0.0,0.0,0.0,0.0,0.0
352342930460748201,0.0,0.0,0.0,0.0,0.0
352442930453460201,0.0,0.0,0.0,0.0,0.0
352542930469163501,0.0,0.0,0.0,0.0,0.0
352642930459600202,0.0,0.0,0.0,0.0,0.0
352642930478847701,0.0,0.0,0.0,0.0,0.0
352642930531604201,0.6122449040412903,13.982374704226501,44.51174934725849,52.00312805175781,685.1363447739624
352842930534654102,0.0,0.0,0.0,0.0,0.0
352942930524844002,2.384615421295166,4.8198679412189485,43.90410167533218,6.208195209503174,62.65828168440388
353342930537832101,0.0,0.0,0.0,0.0,0.0
353542929613487101,3.185185194015503,8.107723513922116,174.86071238702817,14.93076229095459,218.9085291001088
353542930462492101,0.0,0.0,0.0,0.0,0.0
353742929989757001,0.0,0.0,0.0,0.0,0.0
353742930449690102,0.0,0.0,0.0,0.0,0.0
353842930476422401,0.0,0.0,0.0,0.0,0.0
354142930466805102,3.5,8.256653140809444,20.072512647554806,9.488039016723633,66.05322361689326
354442927929225802,0.0,0.0,0.0,0.0,0.0
354642930520764501,0.0,0.0,0.0,0.0,0.0
354742930516887001,0.0,0.0,0.0,0.0,0.0
354742930525620201,0.0,0.0,0.0,0.0,0.0
354842930508660902,0.0,0.0,0.0,0.0,0.0
354842930519368602,3.095238208770752,2.567278443736142,11.412121212121212,6.677253246307373,53.9128477154356
355142930548645401,0.0,0.0,0.0,0.0,0.0
355242930526529902,0.0,0.0,0.0,0.0,0.0
355342930468737802,78.0,0.0675789829363068,0.0675789829363068,0.009470663964748383,0.0675789829363068
355442928697224902,0.0,0.0,0.0,0.0,0.0
355642930479523202,0.0,0.0,0.0,0.0,0.0
355942930525937802,0.0,0.0,0.0,0.0,0.0
355942930529354002,4.119999885559082,10.04081626457254,108.12227979274611,26.952892303466797,251.0204048571809
356242930460398301,0.019920319318771362,8.828711339495737,162.97500735077918,163.6126251220703,2216.0065031424583
356542930508363702,0.0,0.0,0.0,0.0,0.0
356542930547187501,0.0,0.0,0.0,0.0,0.0
356942930453980302,0.0,0.0,0.0,0.0,0.0
357242930474146102,0.0,0.0,0.0,0.0,0.0
357742930453737101,0.0,0.0,0.0,0.0,0.0
357742930516969102,0.0,0.0,0.0,0.0,0.0
357842929626479301,8.0,29.805648209212663,29.805194805194805,3.0168349742889404,29.805648209212663
357942929642451502,0.0,0.0,0.0,0.0,0.0
357942930184642001,0.0,0.0,0.0,0.0,0.0
357942930530778202,0.0,0.0,0.0,0.0,0.0
358142930544582002,3.2705881595611572,23.732387609649123,259.07719298245615,93.51899719238281,2017.2529231824374
358242930460895502,2.545454502105713,1.7990234903014328,6.025209516085429,2.116180658340454,19.789257941616004
358442928258216002,0.0,0.0,0.0,0.0,0.0
358642929321259402,0.0,0.0,0.0,0.0,0.0
358742930549587401,0.0,0.0,0.0,0.0,0.0
358842930464104801,0.0,0.0,0.0,0.0,0.0
359042930531360101,0.0,0.0,0.0,0.0,0.0
359042930533227901,0.0,0.0,0.0,0.0,0.0
359242930534008902,0.0,39.34737187706817,0.003639973527465255,54.7275276184082,511.5158400005414
359342930547018002,0.0,0.0,0.0,0.0,0.0
359542928823136501,0.0,0.0,0.0,0.0,0.0
359542930510540501,0.0,0.0,0.0,0.0,0.0
359542930546652401,0.0,0.0,0.0,0.0,0.0
359542930547704001,0.0,0.0,0.0,0.0,0.0
359642930460549701,0.0,0.0,0.0,0.0,0.0
359642930474938401,3.7407407760620117,5.620544086724255,40.77790406910662,38.17069625854492,303.5093730547559
359642930543976301,0.0,0.0,0.0,0.0,0.0
359742930529177501,0.0,0.0,0.0,0.0,0.0
359942929703939902,0.7922077775001526,10.681606784606966,36.8726974284151,93.52635192871094,822.4837120759015
359942930456560502,0.0,0.0,0.0,0.0,0.0
359942930456840101,0.0,0.0,0.0,0.0,0.0
359942930524706101,0.0,0.0,0.0,0.0,0.0
361142927975121802,3.75,5.62555163082958,36.77015836117972,29.208763122558594,202.5198538903665
361342930462349102,0.0,0.0,0.0,0.0,0.0
361342930477354902,0.0,0.0,0.0,0.0,0.0
361342930480586502,0.0,0.0,0.0,0.0,0.0
361542930508297202,3.375,11.495751160092807,45.23758700696056,13.103471755981445,91.96600950732308
361642930480458002,0.0,0.0,0.0,0.0,0.0
361642930526437301,0.0,0.0,0.0,0.0,0.0
361942930525512301,0.0,0.0,0.0,0.0,0.0
361942930530406602,0.0,0.0,0.0,0.0,0.0
361942930532111701,0.0,0.0,0.0,0.0,0.0
362042930544823201,0.0,0.0,0.0,0.0,0.0
362242930460297302,3.892307758331299,9.969733973176645,280.0843170320405,74.60444641113281,648.0326932598326
362242930547052601,0.0,0.0,0.0,0.0,0.0
362442930465016701,0.0,0.0,0.0,0.0,0.0
362442930549738201,0.0,0.0,0.0,0.0,0.0
362642930463508202,0.0,0.0,0.0,0.0,0.0
362642930510624401,0.0,0.0,0.0,0.0,0.0
362742930460187602,0.0,0.0,0.0,0.0,0.0
362742930528277302,0.0,0.0,0.0,0.0,0.0
362842930531219902,0.0,0.0,0.0,0.0,0.0
363242930533930601,0.0,0.0,0.0,0.0,0.0
363542930480759601,0.0,0.0,0.0,0.0,0.0
363642929704205701,0.0,0.0,0.0,0.0,0.0
363642930533345502,0.0,0.0,0.0,0.0,0.0
363742929725351301,4.446808338165283,7.499047459368725,101.02861445783132,54.768104553222656,352.45522572237803
363742930461833501,0.0,0.0,0.0,0.0,0.0
363842930473755601,0.0,0.0,0.0,0.0,0.0
363942927929319102,0.0,0.0,0.0,0.0,0.0
364142930476434801,0.0,0.0,0.0,0.0,0.0
364242930539775901,0.0,0.0,0.0,0.0,0.0
364242930543965801,0.0,0.0,0.0,0.0,0.0
364442930550625301,0.0,0.0,0.0,0.0,0.0
364542930546529701,0.0,0.0,0.0,0.0,0.0
364742929013050002,0.0,0.0,0.0,0.0,0.0
364742930533039701,0.0,0.0,0.0,0.0,0.0
364842930545377702,0.0,0.0,0.0,0.0,0.0
364942930464560301,0.0,0.0,0.0,0.0,0.0
365342929696795902,0.0,0.0,0.0,0.0,0.0
365442930462918502,0.0,0.0,0.0,0.0,0.0
365542930453482901,0.0,0.0,0.0,0.0,0.0
365542930528183702,0.0,0.0,0.0,0.0,0.0
365542930545595702,0.6363636255264282,8.206290804724178,79.07824726134585,23.923267364501953,361.0767912463123
365642930475386902,0.0,0.0,0.0,0.0,0.0
365742929197782602,0.0,0.0,0.0,0.0,0.0
365742930451079301,3.875,6.712327425373134,86.37074626865672,42.057071685791016,268.4930929807407
366042930480305402,0.0,0.0,0.0,0.0,0.0
366042930524678302,0.0,0.0,0.0,0.0,0.0
366342929230173202,0.0,0.0,0.0,0.0,0.0
366342930461666002,2.5999999046325684,7.237016799132948,26.037309511297952,8.394889831542969,36.1850849364764
366442930475860401,0.0,0.0,0.0,0.0,0.0
366642930516534001,0.0,0.0,0.0,0.0,0.0
366742930548750902,0.0,0.0,0.0,0.0,0.0
366842930476474902,0.0,0.0,0.0,0.0,0.0
366842930544745901,0.0,0.0,0.0,0.0,0.0
366942929424165902,4.5714287757873535,21.202133943065864,58.4378478664193,12.01229190826416,148.4149339778525
366942930543596502,0.0,0.0,0.0,0.0,0.0
367342930531717502,4.185184955596924,11.44923077207623,175.2405303030303,58.668155670166016,618.2584434265101
367442930453595802,2.0,48.06182751684132,576.7425149700599,51.47636032104492,576.7419175930365
367542930545579601,0.0,0.0,0.0,0.0,0.0
367642930538319801,0.0,0.0,0.0,0.0,0.0
367742928043720302,0.0,0.0,0.0,0.0,0.0
367742930529880302,0.0,0.0,0.0,0.0,0.0
367842930518636802,0.0,0.0,0.0,0.0,0.0
368042930532028402,3.2637362480163574,7.888875602324263,100.89183673469388,69.99748992919922,717.8876566326808
368042930542122402,0.0,0.0,0.0,0.0,0.0
368042930549846802,0.0,0.0,0.0,0.0,0.0
368142930457605901,0.0,0.0,0.0,0.0,0.0
368142930529370002,0.0,0.0,0.0,0.0,0.0
368142930530685501,0.0,0.0,0.0,0.0,0.0
368342930525229002,0.0,0.0,0.0,0.0,0.0
368442930519901401,0.0,0.0,0.0,0.0,0.0
368542930472747002,0.0,0.0,0.0,0.0,0.0
368542930529988102,4.043478488922119,7.461993652192438,86.32615432290052,49.44385528564453,343.25170692275987
368642929385436301,0.0,0.0,0.0,0.0,0.0
368642930533408402,2.5862069129943848,3.466964981474402,103.09477460522834,64.3649673461914,402.16793573318773
368742930461061301,0.0,0.0,0.0,0.0,0.0
368742930523579301,0.0,0.0,0.0,0.0,0.0
368942929160959801,0.0,0.0,0.0,0.0,0.0
368942930452764802,0.0,0.0,0.0,0.0,0.0
369042930528159301,0.0,0.0,0.0,0.0,0.0
369042930543856402,0.0,9.20421939098697,0.00048262548262548264,66.88722229003906,478.61940028291184
369442929476744201,0.0,0.0,0.0,0.0,0.0
369442930454635702,0.0,0.0,0.0,0.0,0.0
369642930447472302,0.0,0.0,0.0,0.0,0.0
369742928305303001,0.0,0.0,0.0,0.0,0.0
369742930529632401,0.0,0.0,0.0,0.0,0.0
369842930184265802,4.199999809265137,11.338429941295903,166.5141242937853,55.7889404296875,453.5372002380716
369842930519868001,0.0,0.0,0.0,0.0,0.0
369842930530305702,0.0,0.0,0.0,0.0,0.0
369942930462320502,0.0,0.0,0.0,0.0,0.0
371142930531876202,3.8656716346740723,17.048940215552246,328.14834867352465,88.60848236083984,1142.279027836608
371242930477195101,0.0,0.0,0.0,0.0,0.0
371242930527151002,0.0,0.0,0.0,0.0,0.0
371342929649371201,0.0,0.0,0.0,0.0,0.0
371342930447099902,0.0,0.0,0.0,0.0,0.0
371542930453662501,0.0,0.0,0.0,0.0,0.0
372042929493873702,0.0,0.0,0.0,0.0,0.0
372042930465107002,0.0,0.0,0.0,0.0,0.0
372242930460591101,0.0,0.0,0.0,0.0,0.0
372242930525378602,0.0,0.0,0.0,0.0,0.0
372442930453370702,0.0,0.0,0.0,0.0,0.0
372542930550452801,0.0,0.0,0.0,0.0,0.0
372642930456949402,6.294117450714111,5.098330094510277,48.23573825503356,21.660160064697266,173.34322870337724
372642930549216101,2.834951400756836,10.57392045678542,319.21849744405165,82.47106170654297,1089.1138360082914
372842930470223101,0.0,0.0,0.0,0.0,0.0
372842930518254302,4.375,29.561240945282567,150.1455938697318,23.58920669555664,236.48992405449295
372842930526986302,0.0,0.0,0.0,0.0,0.0
373042929735805402,0.0,0.0,0.0,0.0,0.0
373042930537235601,0.0,0.0,0.0,0.0,0.0
373042930545550402,0.0,0.0,0.0,0.0,0.0
373142930476026202,0.0,0.0,0.0,0.0,0.0
373142930520861102,0.0,0.0,0.0,0.0,0.0
373242930529193902,0.0,0.0,0.0,0.0,0.0
373242930533335102,0.0,5.867797707100592,0.0,57.32037353515625,451.82043011795133
373642929543954001,0.0,0.0,0.0,0.0,0.0
373642930526412302,3.9594595432281494,8.088641092700062,92.121105681124,53.96808624267578,598.5594400241015
373742930508176902,0.0,0.0,0.0,0.0,0.0
373742930510758901,0.0,0.0,0.0,0.0,0.0
374042930527670901,0.0,0.0,0.0,0.0,0.0
374142930449654802,4.1688313484191895,13.104211998259267,211.05959451157077,70.05855560302734,1009.0243510164835
374142930516963102,0.0,0.0,0.0,0.0,0.0
374242930464914402,0.0,0.0,0.0,0.0,0.0
374442930475103502,0.0,0.0,0.0,0.0,0.0
374442930476794701,0.0,0.0,0.0,0.0,0.0
374442930520343301,0.0,0.0,0.0,0.0,0.0
374442930534586502,0.0,0.0,0.0,0.0,0.0
374642929424230501,0.0,0.0,0.0,0.0,0.0
374642930521895602,0.0,0.0,0.0,0.0,0.0
374742930449722201,0.0,0.0,0.0,0.0,0.0
374842930429014701,0.0,0.0,0.0,0.0,0.0
374842930550442702,0.0,0.0,0.0,0.0,0.0
374942930517445901,3.972972869873047,7.217657225920447,115.9559500328731,82.03715515136719,534.1066568940192
375042930524971302,0.0,0.0,0.0,0.0,0.0
375642928135615002,0.0,0.0,0.0,0.0,0.0
375842930456000201,0.0,0.0,0.0,0.0,0.0
375842930457831501,6.5714287757873535,69.23507524165203,560.9244288224957,34.49996566772461,969.2910975773012
375842930469730202,0.0,0.0,0.0,0.0,0.0
376242930521159901,1.295454502105713,8.33249780096995,132.72765310003803,96.12161254882812,733.2598224228532
376342930526305002,0.0,0.0,0.0,0.0,0.0
376542930449361902,0.0,0.0,0.0,0.0,0.0
376542930459222301,0.0,0.0,0.0,0.0,0.0
376542930517808302,0.0,0.0,0.0,0.0,0.0
376642930474478102,0.0,0.0,0.0,0.0,0.0
376642930510212301,0.0,0.0,0.0,0.0,0.0
376842929025362102,0.0,0.0,0.0,0.0,0.0
376842929303779501,0.0,0.0,0.0,0.0,0.0
376842930454741401,0.0,4.92357523482659,4.923699421965318,0.39327096939086914,4.92357523482659
376942929400309801,4.422222137451172,7.639154251453489,77.37209302325581,45.573062896728516,343.7619529262809
377042930452844201,0.0,0.0,0.0,0.0,0.0
377342930546095002,3.5217392444610596,12.302612062002982,107.57952286282305,28.40008544921875,282.9600663535875
377642930450262401,0.0,0.0,0.0,0.0,0.0
377742930529740002,0.0,0.0,0.0,0.0,0.0
377842930527632401,0.0,0.0,0.0,0.0,0.0
378042930531933202,4.84375,9.069226202506064,61.892481810832656,39.46434020996094,290.2152288000528
378142930534621701,3.0609755516052246,7.857142978244358,147.63454861111111,88.56089782714844,644.2857125968569
378242930480468501,0.0,0.0,0.0,0.0,0.0
378442927994754502,0.0,0.0,0.0,0.0,0.0
378542930455525302,2.174757242202759,5.5962832401761515,101.2710027100271,73.7970199584961,576.4171611349111
378542930527331202,0.0,0.0,0.0,0.0,0.0
378642930517357601,0.0,0.0,0.0,0.0,0.0
378642930548795902,6.224999904632568,12.946147013102376,189.12036420164335,43.383426666259766,517.8458742755481
378742930508361701,0.0,0.0,0.0,0.0,0.0
378842930534603702,0.0,0.0,0.0,0.0,0.0
379042928021898801,0.0,0.0,0.0,0.0,0.0
379042930529748301,0.0,0.0,0.0,0.0,0.0
379142930462597802,0.0,0.0,0.0,0.0,0.0
379442930464406301,0.0,0.0,0.0,0.0,0.0
379442930525877202,0.0,0.0,0.0,0.0,0.0
379642930518465202,0.0,0.0,0.0,0.0,0.0
379942930458861702,0.8082191944122314,8.05639131969344,27.288454643241305,79.87347412109375,588.1165779916648
379942930538220701,0.0,0.0,0.0,0.0,0.0
381142928258160401,0.0,0.0,0.0,0.0,0.0
381142930455402501,0.0,0.0,0.0,0.0,0.0
381142930517571901,0.0,0.0,0.0,0.0,0.0
381242930530479402,0.0,0.0,0.0,0.0,0.0
381242930533425301,0.0,0.0,0.0,0.0,0.0
381342930464663802,0.0,0.0,0.0,0.0,0.0
381342930537371202,0.0,0.0,0.0,0.0,0.0
381342930545549801,0.0,0.0,0.0,0.0,0.0
381442928592554802,0.0,0.0,0.0,0.0,0.0
381542930511082102,2.5,8.244591022359915,30.353448275862068,2.48398494720459,32.978363212497754
381642928726286801,0.0,0.0,0.0,0.0,0.0
381642930462800901,0.0,0.0,0.0,0.0,0.0
381842930473491101,0.0,0.0,0.0,0.0,0.0
381842930523905901,1.3970588445663452,17.216162109375,68.15882352941176,106.7719955444336,1170.6990715363447
382042930478418501,0.0,0.0,0.0,0.0,0.0
382242930508843601,0.0,0.0,0.0,0.0,0.0
382342930527765702,0.0,0.0,0.0,0.0,0.0
382442929816333701,0.0,0.0,0.0,0.0,0.0
382442930542936301,0.0,0.0,0.0,0.0,0.0
382542930547749401,4.096774101257324,7.4056759735488615,73.31227038941954,27.737497329711914,229.57595781260426
382742930459525601,4.199999809265137,9.508119059859938,34.481991996442865,0.0,47.5405951907445
382742930529938201,0.0,0.0,0.0,0.0,0.0
382742930543048902,224.0,78.39166004765687,78.39173947577443,7.813018321990967,78.39166004765687
382742930545121801,0.0,0.0,0.0,0.0,0.0
382942930452010801,0.0,0.0,0.0,0.0,0.0
382942930519235701,0.0,0.0,0.0,0.0,0.0
382942930527975702,9.193548202514648,25.808112214399575,186.8788522848034,0.0,800.0514490693079
383042928022064701,0.0,0.0,0.0,0.0,0.0
383242928021739302,0.0,0.0,0.0,0.0,0.0
383242930526777101,0.40740740299224854,7.424068614161132,59.65540041871884,88.09320068359375,801.7994268878532
383442930517005701,0.0,0.0,0.0,0.0,0.0
383442930541590302,0.0,0.0,0.0,0.0,0.0
383542930478274501,1.8854166269302368,6.367410532218597,907.9804241435563,171.40316772460938,1222.5427870460896
383642930531412502,0.0,0.0,0.0,0.0,0.0
383642930541252702,5.039999961853027,23.879092854299362,191.11146496815286,26.886072158813477,596.9773304933195
383742930522503801,0.0,0.0,0.0,0.0,0.0
383842929166292701,0.0,0.0,-0.05229098482594466,0.0,0.0
384042930476955701,0.0,0.0,0.0,0.0,0.0
384142930474020702,0.0,0.0,0.0,0.0,0.0
384342930531682701,0.0,0.0,0.0,0.0,0.0
384442930531919902,1.0,0.320974401525549,0.32112375533428167,0.035517942160367966,0.320974401525549
384542930531852601,1.9894737005233765,7.770230913765823,80.74092827004219,96.82806396484375,738.171974980479
384642929231919301,3.5,20.687829107258587,41.37567509181249,1.4435551166534424,41.37565821451717
384742930465311101,0.0,0.0,0.0,0.0,0.0
384942928967210401,0.0,0.0,0.0,0.0,0.0
384942930541042402,0.0,0.0,0.0,0.0,0.0
385042930518965302,1.54347825050354,12.357391633064516,2842.198064516129,224.44729614257812,2842.200047671903
385042930542465302,0.0,0.0,0.0,0.0,0.0
385242930460781901,3.5,41.503087064567204,260.45109078114007,20.03728675842285,332.02469591520605
385342930533430402,3.3333332538604736,13.516913217107524,75.5221573342494,6.6639275550842285,81.10148014132815
385442928043678802,0.0,0.0,0.0,0.0,0.0
385542929501805001,0.0,0.0,0.0,0.0,0.0
385542930518312701,0.0,0.0,0.0,0.0,0.0
385642930453262502,0.7454545497894287,6.0007057907375065,13.368081676518,50.03788757324219,330.0388110010679
385842930137776202,3.189873456954956,9.012885934188839,99.86092143473824,0.0,712.017966050217
386042930464980502,3.0612244606018066,10.199423661674665,181.85222571570412,46.91791915893555,499.77175274586494
386142929047985301,0.0,0.0,0.0,0.0,0.0
386142930517200602,0.0,0.0,0.0,0.0,0.0
386142930533884901,5.040816307067871,7.825247496812918,124.138956761925,0.0,383.43710881379815
386342930509658701,0.0,0.0,0.0,0.0,0.0
386342930522489501,0.0,0.0,0.0,0.0,0.0
386642930508954301,0.0,0.0,0.0,0.0,0.0
386642930545910101,0.0,0.0,0.0,0.0,0.0
386742930517778002,0.0,0.0,0.0,0.0,0.0
386742930524873801,0.0,0.0,0.0,0.0,0.0
386942930516833302,0.0,0.0,0.0,0.0,0.0
386942930535033502,0.0,0.0,0.0,0.0,0.0
387142929070047801,0.0,0.0,0.0,0.0,0.0
387142930545653001,0.0,0.0,0.0,0.0,0.0
387242928779095702,0.0,0.0,0.0,0.0,0.0
387542930460935401,0.0,0.0,0.0,0.0,0.0
387542930517584202,0.0,0.0,0.0,0.0,0.0
387542930524891601,0.0,0.0,0.0,0.0,0.0
387642930454143201,0.0,0.0,0.0,0.0,0.0
387742930508649701,0.0,0.0,0.0,0.0,0.0
387742930547812502,0.0,0.0,0.0,0.0,0.0
387942928025304302,0.0,0.0,0.0,0.0,0.0
388042930518093902,0.0,0.0,0.0,0.0,0.0
388042930524151601,0.0,0.0,0.0,0.0,0.0
388542930544726801,0.0,0.0,0.0,0.0,0.0
388842930464829801,0.0,0.0,0.0,0.0,0.0
388942930453069001,0.0,0.0,0.0,0.0,0.0
388942930480651502,0.0,0.0,0.0,0.0,0.0
389042930537878602,0.0,0.0,0.0,0.0,0.0
389142930509577502,0.0,0.0,0.0,0.0,0.0
389142930524417401,0.0,0.0,0.0,0.0,0.0
389242929417183102,0.0,0.0,0.0,0.0,0.0
389242930540877902,0.0,0.0,0.0,0.0,0.0
389342930335195702,0.0,0.0,0.0,0.0,0.0
389342930480540002,0.0,0.0,0.0,0.0,0.0
389542930520053202,0.0,0.0,0.0,0.0,0.0
389842930524519702,0.0,0.0,0.0,0.0,0.0
389942930447477901,1.0555555820465088,4.864514179625199,27.351834130781498,31.08785629272461,262.68376348090896
389942930454321801,0.0,0.0,0.0,0.0,0.0
391242930472753802,0.4444444477558136,9.212892760340743,12.511661807580175,9.474538803100586,82.91603662251731
391442930534416501,0.0,0.0,0.0,0.0,0.0
391542930477955601,0.0,0.0,0.0,0.0,0.0
391642930516707901,0.0,0.0,0.0,0.0,0.0
391642930523212602,0.0,0.0,0.0,0.0,0.0
391742930516466402,0.0,0.0,0.0,0.0,0.0
391742930525043601,3.0,3.8554438787453185,6.41498127340824,1.098479151725769,7.710887635572721
391842930517761402,0.0,0.0,0.0,0.0,0.0
392042929704089602,0.0,0.0,0.0,0.0,0.0
392542930545437602,3.08695650100708,12.713635958158052,75.42548076923077,26.78042984008789,584.8272356264866
392642929843823801,0.01075268816202879,7.343746892835126,4.334559627736791,62.138343811035156,682.9684459881919
392642930464602801,0.0,0.0,0.0,0.0,0.0
392642930473037902,3.8205127716064453,4.291230875302966,42.471057884231534,53.903072357177734,334.71601830257595
392642930477428701,0.0,0.0,0.0,0.0,0.0
392942930516888401,0.0,0.0,0.0,0.0,0.0
393042930517697601,2.7272727489471436,5.201421440972222,126.70617283950617,85.68656921386719,572.156367213834
393042930542269002,0.0,0.0,0.0,0.0,0.0
393042930546631302,0.0,0.0,0.0,0.0,0.0
393142930544519301,0.0,0.0,0.0,0.0,0.0
393142930547471501,6.666666507720947,7.823147728329613,22.146949404761905,6.353834629058838,46.93888800484793
393242929766133401,0.0,0.0,0.0,0.0,0.0
393242930467765502,0.0,0.0,0.0,0.0,0.0
393242930476399502,0.0,0.0,0.0,0.0,0.0
393342930527369802,0.0,0.0,0.0,0.0,0.0
393542930480018402,0.0,0.0,0.0,0.0,0.0
393742930520197501,0.0,0.0,0.0,0.0,0.0
393742930545799702,3.0,11.131819300141972,21.184821889519878,3.548905372619629,33.39545739626355
394042929514211502,0.0,0.0,0.0,0.0,0.0
394042930459453101,0.0,0.0,0.0,0.0,0.0
394442928121460502,0.0,0.0,0.0,0.0,0.0
394442930510586502,0.0,0.0,0.0,0.0,0.0
394542930458628602,0.0,0.0,0.0,0.0,0.0
394542930461458602,0.0,0.0,0.0,0.0,0.0
394842928269821601,0.0,0.0,0.0,0.0,0.0
394942930455046402,0.0,0.0,0.0,0.0,0.0
395242930457477202,2.875,6.145712880135607,19.564446831364126,4.289312362670898,49.16570311893582
395242930527336501,0.0,0.0,0.0,0.0,0.0
395442930465144201,0.0,0.0,0.0,0.0,0.0
395542930452254701,0.0,0.0,0.0,0.0,0.0
395642930474569001,0.0,0.0,0.0,0.0,0.0
395642930479548602,0.0,0.0,0.0,0.0,0.0
395942928191430301,0.0,0.0,0.0,0.0,0.0
396042929762471102,0.0,0.0,0.0,0.0,0.0
396042930508149701,0.0,0.0,0.0,0.0,0.0
396142929020966702,0.0,0.0,0.0,0.0,0.0
396142930508118401,1.1090909242630005,6.106753424284261,55.74821973550356,45.23924255371094,335.8714441843564
396242930474193301,0.0,0.0,0.0,0.0,0.0
396242930530884601,2.25,12.222362123518103,44.27298942646588,3.825836181640625,48.889450684376
396242930540908902,5.384615421295166,4.98904661737634,37.123019049143586,20.430065155029297,129.71521216902863
396442930549904601,0.0,0.0,0.0,0.0,0.0
396742930534244302,0.0,0.0,0.0,0.0,0.0
396842928607154801,0.0,0.0,0.0,0.0,0.0
396842930527885301,5.0,21.960783673926013,54.711217183770884,3.170311212539673,65.88235014776626
396942930477809802,0.0,0.0,0.0,0.0,0.0
396942930516506501,4.243243217468262,19.990334981229264,230.2778068796927,87.16722869873047,1479.2848160751873
396942930529685301,0.0,0.0,0.0,0.0,0.0
396942930546900402,1.9016393423080444,14.004216864557549,112.35643564356435,57.19184494018555,854.2572653627042
397042930476226001,0.0,0.0,0.0,0.0,0.0
397242930538647501,0.0,0.0,0.0,0.0,0.0
397642930475479502,0.0,0.0,0.0,0.0,0.0
397842930476469701,0.0,0.0,0.0,0.0,0.0
397842930529378901,0.0,0.0,0.0,0.0,0.0
398342930477370602,0.0,0.0,0.0,0.0,0.0
398342930509659302,0.0,0.0,0.0,0.0,0.0
398542928779258801,0.0,0.0,0.0,0.0,0.0
398642930464486202,0.0,0.0,0.0,0.0,0.0
398742930474713601,4.317073345184326,11.459336763790958,232.09000414765657,128.51715087890625,939.6656248772208
398742930527440801,0.0,0.0,0.0,0.0,0.0
398942928695745901,0.0,0.0,0.0,0.0,0.0
398942930516805102,0.043478261679410934,15.637026566362794,1.049443757725587,104.3108901977539,1438.6064535548867
399042930516875102,0.0,0.0,0.0,0.0,0.0
399042930533094102,0.0,12.24723788387716,0.0,80.30635070800781,918.5428376832988
399242930463225402,280.0,1.650784024325284,1.6507575757575759,0.0,1.650784024325284
399342929373145101,0.0,0.0,0.0,0.0,0.0
399642927979893401,0.0,0.0,0.0,0.0,0.0
399642930527611501,0.0,0.0,0.0,0.0,0.0
399742930528621802,0.0,0.0,0.0,0.0,0.0
399742930542355302,0.0,0.0,0.0,0.0,0.0
399842930477787802,0.0,0.0,0.0,0.0,0.0
399842930518555101,0.0,0.0,0.0,0.0,0.0
401442930456696401,0.0,0.0,0.0,0.0,0.0
401442930533792802,0.0,0.0,0.0,0.0,0.0
401542930528130801,229.0,156.66774061382597,156.66746126340882,17.428075790405273,156.66774061382597
401642930471936801,0.0,0.0,0.0,0.0,0.0
401742928921383502,0.0,0.0,0.0,0.0,0.0
401942930466958002,0.0,0.0,0.0,0.0,0.0
402142930516212601,2.835164785385132,9.359810627880185,84.7605529953917,92.99971008300781,851.7427740628818
402142930525329602,0.0,0.0,0.0,0.0,0.0
402242930220850201,0.0,0.0,0.0,0.0,0.0
402542930529279302,0.0,0.0,0.0,0.0,0.0
402642930511105501,0.0,0.0,0.0,0.0,0.0
402742930476771901,0.0,0.0,0.0,0.0,0.0
402742930528567501,0.0,0.0,0.0,0.0,0.0
402742930538104702,0.0,0.0,0.0,0.0,0.0
402842928726872901,1.5,9.25121747933266,19.824636217409196,3.617225408554077,37.004869625088844
402842930543174502,5.333333492279053,9.711569300779152,26.029554003224074,6.874011039733887,58.26941523072798
403042930510952501,0.0,0.0,0.0,0.0,0.0
403242930464977002,0.0,0.0,0.0,0.0,0.0
403342930479456202,0.0,0.0,0.0,0.0,0.0
403442928135526702,0.0,0.0,0.0,0.0,0.0
403542930459240401,0.0,0.0,0.0,0.0,0.0
403642930457403402,0.0,0.0,0.0,0.0,0.0
403642930549127701,0.0,0.0,0.0,0.0,0.0
404042930534149001,0.0,0.0,0.0,0.0,0.0
404142930516623201,3.4749999046325684,8.520111678800733,168.04356798899335,71.69770812988281,681.6088992798719
404142930543207202,0.0,0.0,0.0,0.0,0.0
404342928592736402,1.3428571224212646,4.1024041765058845,38.254258284298544,20.50336456298828,143.584141534266
404342929161928001,4.660377502441406,7.802850548621125,101.02847873107426,67.35865020751953,413.55106496776534
404342930530378302,0.0,0.0,0.0,0.0,0.0
404342930530450502,0.0,0.0,0.0,0.0,0.0
404542928009669402,0.0,0.0,0.0,0.0,0.0
404542930516805801,0.0,0.0,0.0,0.0,0.0
404742930534327401,0.0,0.0,0.0,0.0,0.0
404942928243018501,1.7173912525177002,13.192495271491698,77.93733261917515,66.36922454833984,1213.7096003519384
404942930462232801,1.9210525751113892,11.57612972122302,98.67805755395683,35.49944305419922,439.8929325007706
405242929965425402,0.0,0.0,0.0,0.0,0.0
405242930075763902,0.0,0.0,0.0,0.0,0.0
405242930542378301,0.0,0.0,0.0,0.0,0.0
405342930516793902,0.0,0.0,0.0,0.0,0.0
405442930463122202,1.5909091234207153,5.826652834733823,45.36047096709268,75.39105224609375,512.74545000784
405642929034787301,4.099999904632568,23.091527993546844,112.19694072657744,12.118623733520508,230.915277251322
405642930454048701,0.0,0.0,0.0,0.0,0.0
405742930435843402,0.0,0.0,0.0,0.0,0.0
405742930547082702,0.0,0.0,0.0,0.0,0.0
405942930463724801,0.0,0.0,0.0,0.0,0.0
406042930527059902,0.0,0.0,0.0,0.0,0.0
406142930253488602,3.8235294818878174,3.616677749788613,12.234310409620443,8.023992538452148,61.48351964767783
406142930465603601,0.0,0.0,0.0,0.0,0.0
406142930480624702,0.0,0.0,0.0,0.0,0.0
406142930519779901,0.0,0.0,0.0,0.0,0.0
406242930448090402,0.0,0.0,0.0,0.0,0.0
406242930457494901,0.0,0.0,0.0,0.0,0.0
406242930532467501,3.880000114440918,12.897392832777442,106.85809581564584,42.88116455078125,322.4348258393833
406542930547152702,0.0,0.0,0.0,0.0,0.0
406642930549402802,0.0,0.0,0.0,0.0,0.0
406742930453129401,0.0,0.0,0.0,0.0,0.0
406842930476564801,0.0,0.0,0.0,0.0,0.0
406842930550301202,0.0,0.0,0.0,0.0,0.0
407042930462689801,0.0,0.0,0.0,0.0,0.0
407042930516282502,0.0,0.0,0.0,0.0,0.0
407142930456439801,2.5789473056793213,4.652318472006062,133.7686762778506,40.33597183227539,353.5762091195443
407142930461291902,0.0,0.0,0.0,0.0,0.0
407242930448943101,0.0,0.0,0.0,0.0,0.0
407342930458624101,0.0,0.0,0.0,0.0,0.0
407342930463113101,0.0,0.0,0.0,0.0,0.0
407442929091989401,0.0,0.0,0.0,0.0,0.0
407442930545205401,0.0,0.0,0.0,0.0,0.0
407642930469038001,0.0,0.0,0.0,0.0,0.0
407742930465061701,0.0,0.0,0.0,0.0,0.0
407742930544345001,6.0,7.883510044642857,13.09347442680776,1.8583983182907104,15.767019443411044
407942930473018401,0.0,0.0,0.0,0.0,0.0
408042930479169602,0.0,0.0,0.0,0.0,0.0
408242930522563502,0.0,0.0,0.0,0.0,0.0
408242930526666201,0.0,0.0,0.0,0.0,0.0
408342930477095702,0.0,0.0,0.0,0.0,0.0
408342930534809402,0.0,0.0,0.0,0.0,0.0
408842930457682702,0.0,0.0,0.0,0.0,0.0
408842930529595802,0.0,0.0,0.0,0.0,0.0
409142930517800302,0.0,0.0,0.0,0.0,0.0
409242930459718201,1.381818175315857,13.887504516790806,357.96899907915747,95.12519836425781,1527.6254676123503
409242930471121901,0.0,0.0,0.0,0.0,0.0
409242930530387301,0.0,0.0,0.0,0.0,0.0
409242930538171502,0.0,0.0,0.0,0.0,0.0
409342930474059602,0.0,0.0,0.0,0.0,0.0
409342930526145602,0.0,0.0,0.0,0.0,0.0
409542930342586901,0.0,0.0,0.0,0.0,0.0
409542930472605301,0.0,3.143995094539184e-05,5.2399916160134143e-05,3.269390845161979e-06,3.143995094539184e-05
409542930532421802,4.393442630767822,5.6112812300447,90.31979565772669,64.73485565185547,342.2881673479141
409642930479184301,0.0,0.0,0.0,0.0,0.0
409742930518180302,0.0,0.0,0.0,0.0,0.0
411142930479404701,0.0,3.4132722462322693,11.195744680851064,8.788743019104004,44.372539514852754
411342930458816501,0.0,0.0,0.0,0.0,0.0
411342930550028202,0.0,0.0,0.0,0.0,0.0
411442930515834401,0.0,0.0,0.0,0.0,0.0
411842928042083402,0.0,0.0,0.0,0.0,0.0
411942928213938501,3.790123462677002,11.52330676020408,168.00857142857143,0.0,933.3878797912598
412042930449031401,3.777777671813965,6.312404592213753,107.58182949595519,40.13270568847656,340.8698375633064
412142930453103101,0.0,0.0,0.0,0.0,0.0
412142930530157001,3.0,4.509289788536449,91.84045631608235,25.29425811767578,207.42732089832882
412242930518214602,0.0,0.0,0.0,0.0,0.0
412342930289588601,0.0,0.0,0.0,0.0,0.0
412342930289643401,0.0,0.0,0.0,0.0,0.0
412342930532782902,0.0,0.0,0.0,0.0,0.0
412442930508733902,0.0,0.0,0.0,0.0,0.0
412542930544672702,0.0,0.0,0.0,0.0,0.0
412642930534747002,0.0,0.0,0.0,0.0,0.0
412742930460627101,0.0,0.0,0.0,0.0,0.0
412942930474369302,0.0,0.0,0.0,0.0,0.0
412942930474631602,0.0,0.0,0.0,0.0,0.0
413042930474117101,0.0,0.0,-0.33863301098180626,0.0,0.0
413042930548763702,2.0,7.532614378947722,96.87160663889262,61.434322357177734,677.935276586704
413242930480593002,0.0,0.0,0.0,0.0,0.0
413342930468101401,4.758620738983154,22.55445529513889,284.94666666666666,36.68627166748047,654.0792046780057
413342930526388702,0.0,0.0,0.0,0.0,0.0
413942928707726702,5.109375,11.14355104484571,164.33977619532044,69.0960693359375,713.187300802692
413942930457365502,0.0,0.0,0.0,0.0,0.0
414042930526910902,0.0,0.0,0.0,0.0,0.0
414042930531468302,0.0,0.0,0.0,0.0,0.0
414142930458203501,0.0,0.0,0.0,0.0,0.0
414342930507824901,0.0,0.31565656565656564,0.31565656565656564,0.0,0.31565656565656564
414342930510733001,0.0,0.0,0.0,0.0,0.0
414442930548842301,4.0,2.961877821932212,12.946066303809996,2.985980272293091,17.77126702219469
414542930521761901,0.0,0.0,0.0,0.0,0.0
414642930550599801,0.0,0.0,0.0,0.0,0.0
414842930447360602,0.0,0.0,0.0,0.0,0.0
414942930465336301,0.0,0.0,0.0,0.0,0.0
415042930470615302,0.0,0.0,0.0,0.0,0.0
415142930516126502,0.0,0.0,0.0,0.0,0.0
415242930544952501,0.0,0.0,0.0,0.0,0.0
415342928086441102,3.1509432792663574,9.354770088093966,265.0501868659904,81.66876983642578,991.6056423034505
415642930459931101,0.0,0.0,0.0,0.0,0.0
415642930475389902,0.02380952425301075,6.302448752037053,195.3648397518369,72.8835678100586,794.1085290381112
415742930478104002,3.200000047683716,34.691826179427686,85.19644238205723,9.652473449707031,173.45913646724551
415942930466888101,0.0,0.0,0.0,0.0,0.0
416142930454167201,0.0,0.0,0.0,0.0,0.0
416242930455137601,4.636363506317139,12.671198275605988,58.45152091254753,27.6273250579834,278.76636821326196
416442929626364102,3.2150537967681885,14.039308526440879,227.55971479500892,117.85437774658203,1305.6556521147684
416442930473063501,0.0,0.0,0.0,0.0,0.0
416842930450242402,3.46601939201355,6.081907934221582,194.07286040091225,75.71481323242188,626.4365167852468
416842930518543801,0.0,0.0,0.0,0.0,0.0
416842930543259501,0.0,0.0,0.0,0.0,0.0
417042930452964302,99.0,1.165141032428018,1.1651248843663276,0.1123821958899498,1.165141032428018
417042930452976501,1.6136363744735718,4.7768298662330695,35.54365026149926,22.798439025878906,210.18052132928662
417042930524389801,0.0,0.0,0.0,0.0,0.0
417142930459672401,4.171428680419922,8.41956220862471,137.80519480519482,59.119808197021484,589.3693414129815
417342930449522002,0.0,0.0,0.0,0.0,0.0
417542930525139002,0.0,0.0,0.0,0.0,0.0
418042930544336502,0.0,0.0,0.0,0.0,0.0
418342930508967902,0.0,0.0,0.0,0.0,0.0
418342930516375702,0.0,0.0,0.0,0.0,0.0
418442930528735301,1.5,4.3272851898088485,8.652920962199312,0.6210976243019104,8.654570379617697
418442930530225202,0.0,0.0,0.0,0.0,0.0
418642930452678002,0.0,0.0,0.0,0.0,0.0
418842930480448501,4.266666889190674,7.49425988071093,124.72480785653288,0.0,224.8277867109118
419042930534507802,0.0,0.0,0.0,0.0,0.0
419142930510250002,0.0,0.0,0.0,0.0,0.0
419142930528931202,3.5833332538604736,9.831894351609579,49.776086267047255,85.36028289794922,589.9136668787356
419342930464253801,0.0,0.0,0.0,0.0,0.0
419342930464733702,0.0,0.0,0.0,0.0,0.0
419342930511050901,0.0,0.0,0.0,0.0,0.0
419442930446618101,0.0,0.0,0.0,0.0,0.0
419442930510332601,0.0,0.0,0.0,0.0,0.0
419542930460743402,26.0,151.08934942911512,151.0894386298763,7.689838409423828,151.08934942911512
419642928135481802,0.0,0.0,0.0,0.0,0.0
419742930510455002,0.0,0.0,0.0,0.0,0.0
419742930526312002,0.0,7.490213969332221,19.917649862948398,0.0,786.4724592980879
419742930544479201,2.4512195587158203,8.290038390399173,87.03957329662767,75.29849243164062,679.7831557949329
419942930519726001,0.0,0.0,0.0,0.0,0.0
419942930534902402,0.0,0.0,0.0,0.0,0.0
421142930524863402,0.0,0.0,0.0,0.0,0.0
421342930476293502,0.0,0.0,0.0,0.0,0.0
421542930478606501,0.0,0.0,0.0,0.0,0.0
421542930542662602,4.599999904632568,15.551349338202987,123.96485061511423,39.495506286621094,388.7837238010078
421742930472103102,3.36956524848938,8.622080677119229,107.42356995175741,52.26506423950195,396.6157059837752
421742930478809101,0.0,0.0,0.0,0.0,0.0
421742930527837001,0.0,0.0,0.0,0.0,0.0
421742930545929201,3.5714285373687744,6.815750397932715,29.775742807734634,0.0,47.71025362990784
421842930464510002,0.0,0.0,0.0,0.0,0.0
421842930464512601,0.0,0.0,0.0,0.0,0.0
421842930530493601,0.0,0.0,0.0,0.0,0.0
421942930525619301,0.0,0.0,0.0,0.0,0.0
422042929012799102,0.0,0.0,0.0,0.0,0.0
422242930462962702,0.0,0.0,0.0,0.0,0.0
422242930464839802,0.0,0.0,0.0,0.0,0.0
422242930519309302,3.5862069129943848,4.468141253680079,25.35721295387635,17.161623001098633,129.57609781521694
422342929348291702,0.0,12.224675374069301,0.0,93.24893188476562,843.5026054578958
422342930528770702,0.0,0.0,0.0,0.0,0.0
422342930536281502,0.0,0.0,0.0,0.0,0.0
422442930532646302,0.0,0.0,0.0,0.0,0.0
422542929800558901,0.0,0.0,0.0,0.0,0.0
422642930533379302,0.0,0.0,0.0,0.0,0.0
422842930455013301,0.0,0.0,0.0,0.0,0.0
422942930517743102,0.0,0.0,0.0,0.0,0.0
423042930220628402,0.0,0.0,0.0,0.0,0.0
423142930472510701,0.0,0.0,0.0,0.0,0.0
423142930529658201,0.0,0.0,0.0,0.0,0.0
423342930462033501,0.0,0.0,0.0,0.0,0.0
423342930528595001,0.0,0.0,0.0,0.0,0.0
423342930541522601,195.0,0.2789155934153197,0.27884919380335127,0.026033174246549606,0.2789155934153197
423442930510727701,0.0,0.0,0.0,0.0,0.0
423742930476657202,0.0,0.0,0.0,0.0,0.0
423742930532899201,0.0,0.0,0.0,0.0,0.0
423842929307319302,0.0,0.0,0.0,0.0,0.0
423842930008236502,0.0,0.0,0.0,0.0,0.0
423842930456507002,0.0,0.0,0.0,0.0,0.0
423842930461862401,0.0,0.0,0.0,0.0,0.0
423942930473588601,0.0,0.0,0.0,0.0,0.0
424042930527942301,0.0,0.0,0.0,0.0,0.0
424442930526962502,1.9058823585510254,17.64567626127396,101.0033821871477,126.39649200439453,1499.882492482595
424542930476618101,3.275861978530884,7.991527012509041,77.83697825809472,22.02634048461914,231.75429001084967
424542930544796702,0.0,0.0,0.0,0.0,0.0
424842930455850101,0.0,0.0,0.0,0.0,0.0
424842930525167202,0.0,0.0,0.0,0.0,0.0
424842930531682102,0.0,0.0,0.0,0.0,0.0
424942930478216002,0.0,0.0,0.0,0.0,0.0
424942930522432801,21.428571701049805,22.350179465226553,172.12486828240253,8.726865768432617,312.90252306087
425042927982774902,2.8518519401550293,6.773452744497346,75.07695910084296,112.07538604736328,731.5328986274798
425042930527812502,0.0,0.0,0.0,0.0,0.0
425142930476491301,0.0,0.0,0.0,0.0,0.0
425142930517641001,0.0,0.0,0.0,0.0,0.0
425142930532447901,0.0,0.0,0.0,0.0,0.0
425342930452771101,0.0,11.550097566409844,67.03771849126035,87.81570434570312,762.3064676967365
425342930473661602,0.0,0.0,0.0,0.0,0.0
425442930517412402,0.0,0.0,0.0,0.0,0.0
425442930547332502,0.0,0.0,0.0,0.0,0.0
425542930467542701,3.4252872467041016,4.41791683436665,66.19058710693979,72.17852020263672,384.3587654627553
425942930461917102,4.337662220001221,7.170598323170732,108.25186136071888,43.382198333740234,552.1360758799797
425942930525262001,0.0,0.0,0.0,0.0,0.0
426242930508104501,0.0,0.0,0.0,0.0,0.0
426242930541919002,0.0,0.0,0.0,0.0,0.0
426442929249040201,0.0,0.0,0.0,0.0,0.0
426442930508858402,3.8813560009002686,10.220404990554156,205.35113350125945,93.37023162841797,603.0038671402247
426542928728354801,0.0,0.0,0.0,0.0,0.0
426542930525179902,0.0,9.711122159090909,0.0,55.10685348510742,980.8233363649773
426642930476601002,3.1785714626312256,10.566743490540045,102.42909625275533,16.118314743041992,295.8688144739348
426742930534010201,0.0,0.0,0.0,0.0,0.0
426842928030317302,6.083333492279053,21.1922459850784,120.39605462822458,53.834964752197266,254.30694925851392
426842930531351102,5.0731706619262695,12.390775107663428,146.03886925795052,45.197181701660156,508.0217702211845
426942930534675001,0.0,0.0,0.0,0.0,0.0
427042929467119401,0.0,0.0,0.0,0.0,0.0
427042930472219801,4.666666507720947,8.05076960548379,109.67345671345174,0.0,531.3508043555706
427142929346284802,0.0,0.0,0.0,0.0,0.0
427142929816392201,0.0,0.0,0.0,0.0,0.0
427142930455661602,0.0,0.0,0.0,0.0,0.0
427142930519082401,0.0,0.0,0.0,0.0,0.0
427242930508481601,0.0,0.0,0.0,0.0,0.0
427242930549574301,3.117647171020508,9.268795182507704,101.63981986252666,85.96788024902344,630.2780568627617
427342930454849801,0.0,0.0,0.0,0.0,0.0
427442930475405802,0.0,0.0,0.0,0.0,0.0
427542930524283402,0.0,0.0,0.0,0.0,0.0
427642930450569802,3.7142856121063232,13.90437027462753,78.44607516121859,7.665491104125977,97.3305947454553
427642930532071401,0.20000000298023224,11.725755982042122,28.558574652124857,10.972357749938965,351.7726876042579
427642930546508501,0.0,0.0,0.0,0.0,0.0
427842930511054402,8.11111068725586,13.774687109157865,113.93718732629239,35.49216842651367,247.94437580204064
427942928225066301,0.0,0.0,0.0,0.0,0.0
428042930534754302,0.0,0.0,0.0,0.0,0.0
428342930530081502,0.0,0.0,0.0,0.0,0.0
428442930475850102,0.0,0.0,0.0,0.0,0.0
428442930533635001,0.0,0.0,0.0,0.0,0.0
428542930545389202,0.0,0.0,0.0,0.0,0.0
428742930455226301,0.0,0.0,0.0,0.0,0.0
428842930515464502,0.3644859790802002,13.066332713667169,95.82103413654619,117.86246490478516,1398.0976287217504
428942930452187902,0.0,0.0,0.0,0.0,0.0
429042930524070901,0.0,0.0,0.0,0.0,0.0
429142930549347602,0.0,0.0,0.0,0.0,0.0
429342928269818402,0.0,0.0,0.0,0.0,0.0
429342929417543301,0.0,0.0,0.0,0.0,0.0
429342930530952502,0.0,0.0,0.0,0.0,0.0
429442930526423701,0.0,0.0,0.0,0.0,0.0
429542930463343201,0.0,0.0,0.0,0.0,0.0
429542930534678901,0.0,0.0,0.0,0.0,0.0
429742930480276102,0.0,0.0,0.0,0.0,0.0
429842929411157202,0.0,0.0,0.0,0.0,0.0
431142928242857102,0.0,0.0,0.0,0.0,0.0
431142930528814302,0.0,0.0,0.0,0.0,0.0
431342928188537602,0.0,11.2288113317757,109.1588785046729,14.40947437286377,190.88979364680353
431342930436036701,108.66666412353516,1.6357050486877849,4.206449351559762,0.29946666955947876,4.907115180827508
431442930460324301,0.0,0.0,0.0,0.0,0.0
431642930546311502,0.0,0.0,0.0,0.0,0.0
431742930460715902,0.0,0.0,0.0,0.0,0.0
431742930528369702,0.0,0.0,0.0,0.0,0.0
431842930517103301,0.0,0.0,0.0,0.0,0.0
431942930461501701,4.985294342041016,14.498626441925218,164.5640413683373,80.67108154296875,985.9065500773792
432042930475664902,0.0,0.0,0.0,0.0,0.0
432242930450432502,4.625,9.615950356946193,98.75204531151668,61.22368240356445,461.56561499200126
432342930529109301,0.0,0.0,0.0,0.0,0.0
432442929687010202,0.0,0.0,0.0,0.0,0.0
432642930529775401,0.0,0.0,0.0,0.0,0.0
432642930544091501,2.340425491333008,6.428051386314865,45.04799063597347,75.13672637939453,604.2368272207605
432742930464778202,0.0,0.0,0.0,0.0,0.0
432942928887199501,0.0,0.0,0.0,0.0,0.0
433042930454629101,0.0,0.0,0.0,0.0,0.0
433042930523638701,4.75,11.59666556171649,38.8900675024108,3.9365503787994385,46.386662011436236
433242930479913101,0.0,0.0,0.0,0.0,0.0
433242930517302902,0.0,0.0,0.0,0.0,0.0
433242930526829102,0.0,0.0,0.0,0.0,0.0
433542930468923802,0.0,0.0,0.0,0.0,0.0
433542930546801001,0.0,0.0,0.0,0.0,0.0
433642930456624001,0.0,0.0,0.0,0.0,0.0
433742930524402901,0.0,0.0,0.0,0.0,0.0
434242930550216202,0.0,0.0,0.0,0.0,0.0
434342928577579702,0.0,0.0,0.0,0.0,0.0
434442930476749802,4.621621608734131,16.297198583209326,125.10317460317461,64.41238403320312,1205.9927167135572
434542929543902501,0.0,0.0,0.0,0.0,0.0
434542930478188502,0.0,49.06633970957833,49.066322256352976,4.074439525604248,49.06633970957833
434542930516168402,0.0,0.0,0.0,0.0,0.0
434542930534207102,0.0,0.0,0.0,0.0,0.0
434642930525286701,0.0,0.0,0.0,0.0,0.0
434642930537432001,4.083333492279053,12.89077196451475,179.15220179563917,35.67814254760742,464.0677859341808
435142930542793802,0.0,0.0,0.0,0.0,0.0
435242930531846502,0.0,0.0,0.0,0.0,0.0
435242930532869402,0.0,0.0,0.0,0.0,0.0
435342929013116401,0.0,0.0,0.0,0.0,0.0
435442930460426002,0.0,0.0,0.0,0.0,0.0
435442930518610701,5.020833492279053,19.36460398204291,233.4402985074627,67.55550384521484,929.5009816582523
435742930543774002,0.0,0.0,0.0,0.0,0.0
435842930478161502,0.0,0.0,0.0,0.0,0.0
435842930510965401,0.0,0.0,0.0,0.0,0.0
435942930527914001,0.0,0.0,0.0,0.0,0.0
436242930547456902,0.0,0.0,0.0,0.0,0.0
436342928726782501,0.0,0.0,0.0,0.0,0.0
436442930475111001,0.0,0.0,0.0,0.0,0.0
436542930542212901,0.0,0.0,0.0,0.0,0.0
436642930516141202,2.769230842590332,17.374994355130056,83.9949421965318,9.63012409210205,225.8749199134077
436842930473132001,0.0,0.0,0.0,0.0,0.0
436942930531863101,0.0,0.0,0.0,0.0,0.0
437142930549638801,0.0,0.0,0.0,0.0,0.0
437442930458940101,0.0,0.0,0.0,0.0,0.0
437642929456777302,0.0,0.0,0.0,0.0,0.0
437642929703857301,1.296296238899231,13.774722450657896,52.89598997493734,40.601200103759766,371.91751274548676
437642930541280602,0.0,0.0,0.0,0.0,0.0
437642930542057902,0.0,0.0,0.0,0.0,0.0
437842930531739502,0.0,0.0,0.0,0.0,0.0
438042930524689201,3.866666555404663,6.022330101152197,61.78670953912111,53.187034606933594,361.33981667505327
438242930467080401,3.3663365840911865,5.735623403867201,112.09631521342575,77.7130126953125,579.2979800168984
438242930510427602,0.0,0.0,0.0,0.0,0.0
438442930516910302,18.933332443237305,3.312915168957436,11.746136306055233,9.523698806762695,49.693729127120875
438542928614385802,3.0,9.883037366365132,39.5328947368421,3.966641902923584,39.53214908064457
438542930008180002,0.0,0.0,0.0,0.0,0.0
438542930528147302,0.0,0.0,0.0,0.0,0.0
438742930529846001,0.0,0.0,0.0,0.0,0.0
439242930508921102,0.0,0.0,0.0,0.0,0.0
439442930530243202,0.0,0.0,0.0,0.0,0.0
439642930518496702,0.0,0.0,0.0,0.0,0.0
439742929704304201,2.7662336826324463,9.838332994529864,96.25724423418096,76.79701232910156,757.5516071590285
439742930468869302,0.0,0.0,0.0,0.0,0.0
439742930534365702,0.0,0.0,0.0,0.0,0.0
439942928197140001,4.583333492279053,34.23302112926137,261.96590909090907,25.44664192199707,410.79624678871846
439942929575556101,3.0,5.948699119118293,10.539138082673702,1.382926106452942,17.846097185565593
441242928932386902,0.0,0.0,0.0,0.0,0.0
441242930516479301,0.0,0.0,0.0,0.0,0.0
441342930455691402,5.025640964508057,14.12698765538674,164.95911602209944,56.35660171508789,550.9525390540697
441342930538665302,0.0,0.0,0.0,0.0,0.0
441442930546173402,4.333333492279053,33.34902600918226,59.06375606375607,7.87858772277832,100.0470766740298
441542930528341302,0.0,0.0,0.0,0.0,0.0
441642930543933102,0.0,0.0,0.0,0.0,0.0
441742930543287101,0.0,0.0,0.0,0.0,0.0
441842930450618302,4.265305995941162,12.953605620355079,223.24029727497935,61.16657638549805,634.7266797653217
441842930519782902,0.0,0.0,0.0,0.0,0.0
442042930522229201,0.0,0.0,0.0,0.0,0.0
442142930450340102,0.0,0.0,0.0,0.0,0.0
442242928232687101,0.0,0.0,0.0,0.0,0.0
442242930456507901,3.3125,4.044517113555521,28.551654809774202,7.925708293914795,64.71227619561698
442342928210699901,0.0,0.0,0.0,0.0,0.0
442442930537131802,0.0,0.0,0.0,0.0,0.0
442542930464754601,0.0,0.0,0.0,0.0,0.0
442642930472517502,5.579999923706055,7.840868072313385,134.3841698841699,61.67129135131836,392.0434097562517
442642930516534602,0.0,0.0,0.0,0.0,0.0
442742930521986601,3.4949495792388916,6.0295842193469324,101.94067613349672,66.27831268310547,596.9288353912765
442742930541026901,2.5,5.255985857944932,7.001281854073732,2.236868381500244,21.02394283091063
442842930460244201,0.0,0.0,0.0,0.0,0.0
443042929544004001,0.0,0.0,0.0,0.0,0.0
443042930544171201,0.0,0.0,0.0,0.0,0.0
443142930530546101,3.555555582046509,9.783282605070047,78.28652434956638,27.3386287689209,352.1981828319303
443142930531245401,4.56944465637207,8.048790114507568,140.80518969923335,74.44953918457031,579.5128700251848
443242928932549701,0.0,0.0,0.0,0.0,0.0
443642928242815302,0.0,0.0,0.0,0.0,0.0
443642930533744301,0.0,0.0,0.0,0.0,0.0
443742930527623402,0.0,0.0,0.0,0.0,0.0
443942930454346501,0.0,0.0,0.0,0.0,0.0
443942930515762202,4.684210300445557,3.0374674056960655,28.057933419801124,9.038663864135742,57.711880840164625
444042930540957902,0.0,0.0,0.0,0.0,0.0
444042930547155601,0.0,0.0,0.0,0.0,0.0
444142930531489501,0.0,0.0,0.0,0.0,0.0
444342929025526601,0.0,0.0,0.0,0.0,0.0
444342930453038602,0.0,0.0,0.0,0.0,0.0
444442930521385601,0.0,0.0,0.0,0.0,0.0
444642930473703801,0.0,0.0,0.0,0.0,0.0
444642930527844202,0.07352941483259201,4.413665393731893,4.667105609691862,38.10770034790039,300.1292492572904
444642930534681902,0.0,0.0,0.0,0.0,0.0
445042930530644301,0.0,0.0,0.0,0.0,0.0
445042930538085702,0.0,0.0,0.0,0.0,0.0
445242928258168502,0.0,0.0,0.0,0.0,0.0
445442930509399801,4.199999809265137,6.829485012460772,71.67601993723463,33.86227798461914,239.03197766142577
445442930533671402,0.0,0.0,0.0,0.0,0.0
445542930184431601,0.0,0.0,0.0,0.0,0.0
445542930521743101,2.642857074737549,8.95137025423209,50.74877330716389,73.7611083984375,501.2767435509978
445642930526329602,0.0,0.0,0.0,0.0,0.0
445742929118695701,2.83561635017395,11.210731945590393,153.89072240557388,82.0366439819336,818.3834433225122
445742930525116902,0.0,11.27162935074416,0.0,79.22998809814453,743.9275265904234
446042930461902202,0.0,0.0,0.0,0.0,0.0
446042930480613802,0.0,0.0,0.0,0.0,0.0
446342930516040102,0.0,0.0,0.0,0.0,0.0
446542930079741302,0.0,0.0,0.0,0.0,0.0
446542930454596401,2.555555582046509,8.115576473283179,47.49074074074074,2.0162293910980225,73.04018576351213
446642930527472202,0.0,0.0,0.0,0.0,0.0
446942930447130201,0.0,0.0,0.0,0.0,0.0
447042928757899402,0.0,0.0,0.0,0.0,0.0
447142930477449802,0.0,0.0,0.0,0.0,0.0
447142930543077802,0.0,0.15465371262168937,0.15466739666027923,0.023934287950396538,0.15465371262168937
447242930464320602,0.0,0.0,0.0,0.0,0.0
447242930465702601,0.0,0.0,0.0,0.0,0.0
447342930520081202,0.0,0.0,0.0,0.0,0.0
447342930545466902,0.0,0.0,0.0,0.0,0.0
447442930459006701,0.0,0.0,0.0,0.0,0.0
447742930527213302,0.0,0.0,0.0,0.0,0.0
447842929222943602,0.0,0.0,0.0,0.0,0.0
447842930509520701,0.0,0.0,0.0,0.0,0.0
447942930459258802,0.0,0.0,0.0,0.0,0.0
448042928636802302,1.872340440750122,5.4738092475902045,42.082193565194736,42.6490592956543,257.2690452211953
448242930159026302,2.5,19.09300872532232,153.04995970991135,0.0,1107.3945510950327
448442930533817702,3.9195401668548584,10.16704012784091,189.28613636363636,106.40496826171875,884.5324641288411
448642930531059601,3.221153736114502,5.203806574938291,138.45603208886146,66.49295043945312,541.1959026069488
448642930537036702,0.0,0.0,0.0,0.0,0.0
448742930530409801,0.0,0.0,0.0,0.0,0.0
448742930542480601,3.5,7.075213030282818,12.016008537886872,1.913295865058899,14.150426581676895
448942929424332001,0.0,0.0,0.0,0.0,0.0
448942930460387202,3.594202995300293,35.83826571377841,230.20454545454547,103.73332977294922,2472.840305987271
449042930480604502,0.0,0.0,0.0,0.0,0.0
449142930220905101,18.571428298950195,108.33729153678304,271.75436408977555,106.35165405273438,758.3610310162095
449342930472986802,0.0,0.0,0.0,0.0,0.0
449542930529138102,4.482758522033691,8.713153210710079,50.0366818105334,22.32044219970703,252.68144697214686
449542930541325102,4.166666507720947,5.964286863443305,35.69419537517697,12.67354965209961,71.57144441686034
449842930012267802,1.0,5.634243104516006,5.634146341463414,0.7742165327072144,5.634243104516006
449942928143339102,0.0,0.0,0.0,0.0,0.0
451342928303933502,0.0,0.0,0.0,0.0,0.0
451342929091219502,0.0,0.0,0.0,0.0,0.0
451342929118629102,3.2169811725616455,8.78270916724678,383.1825965889314,91.67341613769531,930.9671918869683
451542930462958501,0.0,0.0,0.0,0.0,0.0
451642930515849801,0.0,0.0,0.0,0.0,0.0
451642930516655801,3.931034564971924,6.992784699829286,35.69650986342944,26.908830642700195,202.7907577914063
451742930546667901,2.3191490173339844,8.35916145752446,145.33413573536262,88.81187438964844,785.7612006857929
451842930530890901,0.0,0.0,0.0,0.0,0.0
451842930539712002,0.0,0.0,0.0,0.0,0.0
452042928113086902,0.0,0.0,0.0,0.0,0.0
452042929606028501,0.0,0.0,0.0,0.0,0.0
452042930474775901,0.0,0.0,0.0,0.0,0.0
452042930529364501,4.364864826202393,7.802525496141125,122.1752572583609,70.70258331298828,577.3869118934078
452142930534008702,0.0,0.0,0.0,0.0,0.0
452142930540910401,0.0,0.0,0.0,0.0,0.0
452242930543963002,0.0,0.0,0.0,0.0,0.0
452342930452739702,0.0,1.733479543238828,1.733558178752108,0.0891948863863945,1.733479543238828
452342930540695301,0.0,0.0,0.0,0.0,0.0
452442930519503202,0.0,0.0,0.0,0.0,0.0
452542929012692802,0.0,0.0,0.0,0.0,0.0
452842930477818401,0.0,0.0,0.0,0.0,0.0
453142929766029601,0.0,0.0,0.0,0.0,0.0
453142930458014602,0.0,0.0,0.0,0.0,0.0
453142930460223101,0.0,0.0,0.0,0.0,0.0
453142930509752902,0.0,0.0,0.0,0.0,0.0
453242930549785802,0.0,0.0,0.0,0.0,0.0
453342930528236201,0.0,0.0,0.0,0.0,0.0
453442930510558902,0.0,0.0,0.0,0.0,0.0
453542930451520802,0.0,0.0,0.0,0.0,0.0
453642930536070902,0.0,0.0,0.0,0.0,0.0
453642930550812901,0.0,0.0,0.0,0.0,0.0
453742930460363401,0.0,0.0,0.0,0.0,0.0
453942928878217602,0.0,0.0,0.0,0.0,0.0
454242930477045102,0.0,0.0,0.0,0.0,0.0
454342930542587602,0.0,0.0,0.0,0.0,0.0
454442930458915501,0.6891891956329346,9.468610814382966,23.59994206257242,94.10867309570312,700.6771985647438
454442930539269601,0.0,0.0,0.0,0.0,0.0
454842930525563501,3.2448978424072266,5.438620127365606,90.20282501371366,77.84676361083984,532.9847497326851
454942930543521201,0.0,0.0,0.0,0.0,0.0
455042930478737701,2.0,17.630103240424077,17.629958960328317,1.0382167100906372,17.630103240424077
455042930544365902,0.0,0.0,0.0,0.0,0.0
455142930449806501,1.1333333253860474,6.945465517241379,76.81186206896551,82.79470825195312,625.0918906292093
455142930473987601,0.0,0.0,0.0,0.0,0.0
455142930475151802,0.0,0.0,0.0,0.0,0.0
455142930517384102,20.66666603088379,19.880289451868972,78.30225080385853,9.986462593078613,119.2817365149593
455242930508988402,0.0,0.0,0.0,0.0,0.0
455242930525565202,0.0,0.0,0.0,0.0,0.0
455542930543803602,0.0,0.0,0.0,0.0,0.0
455642930534616002,0.0,0.0,0.0,0.0,0.0
455742930464265902,0.0,0.0,0.0,0.0,0.0
455842928153642502,0.0,0.0,0.0,0.0,0.0
455842929927453401,0.0,0.0,0.0,0.0,0.0
455942930543789701,0.0,0.0,0.0,0.0,0.0
456042930456447502,0.0,0.0,0.0,0.0,0.0
456242929514231701,2.0999999046325684,5.084702793552697,203.38814097210624,18.074525833129883,203.3881221610038
456342930536247302,0.0,0.0,0.0,0.0,0.0
456342930544849801,0.0,0.0,0.0,0.0,0.0
456442930460584501,3.409090995788574,10.369344772746745,179.340644276902,84.84282684326172,912.5023389924789
456542930453086802,0.0,0.0,0.0,0.0,0.0
456542930535531102,0.0,0.0,0.0,0.0,0.0
456742929213571201,0.7866666913032532,6.838179069974215,10.595180937138792,66.43743896484375,512.8634105949303
456842930461438101,0.0,0.0,0.0,0.0,0.0
456842930477211101,0.0,0.0,0.0,0.0,0.0
457142930456083901,0.0,0.0,0.0,0.0,0.0
457142930456139802,0.0,0.0,0.0,0.0,0.0
457142930525741002,3.4000000953674316,9.677829729587542,32.63860830527497,1.5520762205123901,48.3891470038931
457242930460414301,0.0,0.0,0.0,0.0,0.0
457542930525267002,0.0,0.0,0.0,0.0,0.0
457742930540380202,0.0,0.0,0.0,0.0,0.0
457842930454640301,0.0,0.0,0.0,0.0,0.0
457842930539063701,2.277777671813965,16.762900390625,71.032,103.41939544677734,1206.9288331260682
457942930459386202,0.0,0.0,0.0,0.0,0.0
457942930474542201,0.0,0.0,0.0,0.0,0.0
457942930531665701,0.0,0.0,0.0,0.0,0.0
458042930542087302,3.5789473056793213,20.120164509911895,271.80616740088107,83.0654067993164,1529.1325081777643
458142930478821701,0.0,0.0,0.0,0.0,0.0
458242930524238502,0.0,0.0,0.0,0.0,0.0
458342930515579901,0.0,0.0,0.0,0.0,0.0
458442930457513502,0.0,0.0,0.0,0.0,0.0
458542930454771202,0.0,0.0,0.0,0.0,0.0
458842929605961902,0.0,0.0,0.0,0.0,0.0
458842930456663701,0.0,0.0,0.0,0.0,0.0
459042930546001801,0.0,0.0,0.0,0.0,0.0
459142930463034701,0.0,0.0,0.0,0.0,0.0
459242930454477302,0.0,0.0,0.0,0.0,0.0
459242930516648702,4.024096488952637,8.467146144643031,130.78021535306183,73.67472839355469,702.7731027097392
459442930468001301,0.0,0.0,0.0,0.0,0.0
459542930463913602,0.0,0.0,0.0,0.0,0.0
459742930530104301,0.0,0.0,0.0,0.0,0.0
459742930534620601,0.0,0.0,0.0,0.0,0.0
459842930469084801,0.0,0.0,0.0,0.0,0.0
459842930475160701,3.5757575035095215,57.867777010289636,982.2926829268292,43.09584426879883,1909.6365738845452
459842930477617001,0.0,0.0,0.0,0.0,0.0
459842930509910101,0.0,0.0,0.0,0.0,0.0
459842930526608101,0.0,0.0,0.0,0.0,0.0
461142930540984802,0.0,0.0,0.0,0.0,0.0
461242930531454902,0.0,0.0,0.0,0.0,0.0
461242930532147401,0.0,0.0,0.0,0.0,0.0
461442928235811802,0.0,0.0,0.0,0.0,0.0
461742930456999102,0.0,0.0,0.0,0.0,0.0
461742930519807502,0.0,0.0,0.0,0.0,0.0
461742930549960301,4.223880767822266,16.59724854000994,311.2544731610338,69.53865051269531,1112.0155913730264
461842929550832801,0.0,0.0,0.0,0.0,0.0
461842930455301401,0.0,0.0,0.0,0.0,0.0
462042930475984002,0.0,0.0,0.0,0.0,0.0
462342927979813301,0.0,0.0,0.0,0.0,0.0
462342928855343602,0.0,0.0,0.0,0.0,0.0
462442930516228901,5.400000095367432,15.780617417529989,126.62813522355508,13.903521537780762,157.80617274426842
462542930518806401,3.5058822631835938,6.984894968683972,64.5134319348023,78.84681701660156,593.7160640109747
462742930459340401,0.0,0.0,0.0,0.0,0.0
462742930542168801,0.0,0.0,0.0,0.0,0.0
462842930525650701,0.0,0.0,0.0,0.0,0.0
463042930545892301,0.0,0.0,0.0,0.0,0.0
463242930452818801,0.0,0.0,0.0,0.0,0.0
463242930517357101,0.0,0.0,0.0,0.0,0.0
463242930541785001,0.0,0.0,0.0,0.0,0.0
463342928232635702,0.0,0.0,0.0,0.0,0.0
463342930449213002,0.0,0.0,0.0,0.0,0.0
463342930478795301,0.0,0.0,0.0,0.0,0.0
463342930545461902,0.0,0.0,0.0,0.0,0.0
463442930549415502,0.0,0.0,0.0,0.0,0.0
463542928021859501,0.0,0.0,0.0,0.0,0.0
463542928932642301,0.0,0.0,0.0,0.0,0.0
463542930142380002,0.0,0.0,0.0,0.0,0.0
463542930468513501,0.0,0.0,0.0,0.0,0.0
463542930515915102,0.0,0.0,0.0,0.0,0.0
463742930457863702,4.096153736114502,12.243717912946428,153.26071428571427,60.569766998291016,636.6733276312692
463842928091046702,4.404761791229248,4.993539919969512,51.00219512195122,31.837377548217773,209.72868609172542
463942928119476901,0.0,0.0,0.0,0.0,0.0
463942929331512802,4.800000190734863,7.762573312464019,68.44540395317597,52.56820297241211,310.50293085786024
463942930540578001,0.0,0.0,0.0,0.0,0.0
464242930478339501,0.0,0.0,0.0,0.0,0.0
464442930451305101,2.373913049697876,6.0147912219850586,147.366154702798,91.90953063964844,691.7010028437834
464742928878383001,0.0,0.0,0.0,0.0,0.0
464842928168330801,3.0,5.9085881068551185,84.0034727045423,14.74979019165039,206.8005756156149
464942930458282102,3.125,53.41683041751183,671.6649763353618,58.823829650878906,854.6692761156187
465042930548323001,0.0,0.0,0.0,0.0,0.0
465142930459723502,0.0,0.0,0.0,0.0,0.0
465242930476132702,0.0,0.0,0.0,0.0,0.0
465342930534731001,0.7621145248413086,5.292631936588738,183.2948717948718,141.88539123535156,1201.4274034859727
465442930525456901,4.322580814361572,9.635891894035533,112.80304568527919,34.80101013183594,298.71263787129203
465442930545557502,0.0,0.0,0.0,0.0,0.0
465742930536585001,0.0,0.0,0.0,0.0,0.0
465842930460001301,0.0,0.0,0.0,0.0,0.0
465842930528454901,0.0,0.0,0.0,0.0,0.0
466042928166732401,2.5789473056793213,12.810019466931942,70.21734357848518,17.939912796020508,243.39037827995293
466142930526490301,92.0,17.075749862410568,17.075729223995598,2.7917091846466064,17.075749862410568
466242930455505001,0.0,0.0,0.0,0.0,0.0
466242930525743701,0.0,0.0,0.0,0.0,0.0
466342930457832802,0.0,0.0,0.0,0.0,0.0
466342930461729302,12.0,35.65583093869732,418.58045977011494,31.465417861938477,677.4607571568982
466542930519226202,3.4395604133605957,17.804898043291285,293.519877675841,114.37953186035156,1620.2456880038667
466642930524025601,0.0,0.0,0.0,0.0,0.0
466642930525797101,0.0,0.0,0.0,0.0,0.0
466842930545666201,0.0,0.0,0.0,0.0,0.0
466942930458474701,0.0,0.0,0.0,0.0,0.0
467042930458964601,0.0,0.0,0.0,0.0,0.0
467042930546302601,3.8658535480499268,10.347223652768623,183.20698747528016,92.78072357177734,848.4723259832173
467142928570715002,0.0,0.0,0.0,0.0,0.0
467142930529166402,0.0,0.0,0.0,0.0,0.0
467142930541650701,0.0,0.0,0.0,0.0,0.0
467142930542033202,0.0,0.0,0.0,0.0,0.0
467142930549650102,0.0,0.0,0.0,0.0,0.0
467542930544167502,0.0,0.0,0.0,0.0,0.0
467642930475072302,0.0,0.0,0.0,0.0,0.0
468042930449809502,0.0,0.0,0.0,0.0,0.0
468042930473361702,2.200000047683716,25.63299159356725,4.848187134502924,19.83576011657715,128.16496072334155
468042930474736401,0.0,0.0,0.0,0.0,0.0
468042930518820101,0.0,0.0,0.0,0.0,0.0
468042930529448601,0.0,0.0,0.0,0.0,0.0
468242930509685501,0.0,0.0,0.0,0.0,0.0
468342930448583102,0.0,0.0,0.0,0.0,0.0
468442930460274501,0.0,0.0,0.0,0.0,0.0
468442930474428202,0.0,0.0,0.0,0.0,0.0
468642928800830101,0.0,0.0,0.0,0.0,0.0
468742929127193901,0.0,0.0,0.0,0.0,0.0
468942930461994101,0.0,0.0,0.0,0.0,0.0
468942930529548902,0.0,0.0,0.0,0.0,0.0
469142930479823702,0.0,0.0,0.0,0.0,0.0
469142930532768202,0.0,0.0,0.0,0.0,0.0
469242930456536202,0.0,0.0,0.0,0.0,0.0
469242930464238102,0.0,0.0,0.0,0.0,0.0
469342930460128602,0.0,0.0,0.0,0.0,0.0
469442930476395602,0.0,0.0,0.0,0.0,0.0
469442930477083301,0.0,0.0,0.0,0.0,0.0
469542930534434102,0.0,0.0,0.0,0.0,0.0
469542930541619202,2.9010989665985107,19.690422344924812,951.0526315789474,71.51606750488281,1791.8284240840073
469642930530191302,0.0,0.0,0.0,0.0,0.0
469742930465097501,0.0,0.0,0.0,0.0,0.0
469742930471751402,0.0,0.0,0.0,0.0,0.0
469742930524778402,0.0,0.0,0.0,0.0,0.0
469842930547519201,0.0,0.0,0.0,0.0,0.0
471142930475783801,0.0,0.0,0.0,0.0,0.0
471142930508056702,0.0,0.0,0.0,0.0,0.0
471242928890508701,4.385964870452881,14.687710602843428,133.3777695716396,61.58759689331055,837.1995352487269
471242930517623201,0.0,0.0,0.0,0.0,0.0
471442930519177702,0.0,0.0,0.0,0.0,0.0
471442930532511302,0.0,0.0,0.0,0.0,0.0
471642929346172602,0.0,0.0,0.0,0.0,0.0
471642930518281602,0.0,0.0,0.0,0.0,0.0
471642930530253501,0.0,0.0,0.0,0.0,0.0
471742930459609601,0.0,0.0,0.0,0.0,0.0
471942930509142702,0.0,0.0,0.0,0.0,0.0
471942930548031302,0.0,0.0,0.0,0.0,0.0
472042930464677601,0.0,0.0,0.0,0.0,0.0
472142930468182101,0.0,0.0,0.0,0.0,0.0
472142930475906602,0.0,0.0,0.0,0.0,0.0
472142930518773901,0.0,0.0,0.0,0.0,0.0
472142930532073701,0.0,0.0,0.0,0.0,0.0
472242930480688601,0.0,0.0,0.0,0.0,0.0
472442929189265702,0.0,0.0,0.0,0.0,0.0
472442930516125302,0.0,0.0,0.0,0.0,0.0
472442930526224901,3.0333333015441895,6.5613692269076305,132.00369477911647,61.67210388183594,590.5232263820909
472442930533753802,0.0,0.0,0.0,0.0,0.0
472542930523904701,0.0,0.0,0.0,0.0,0.0
472542930528826501,0.0,0.0,0.0,0.0,0.0
472742930528923302,0.0,0.0,0.0,0.0,0.0
472842930524195801,0.0,0.0,0.0,0.0,0.0
472842930529543301,0.0,0.0,0.0,0.0,0.0
472842930533150401,0.0,0.0,0.0,0.0,0.0
472942930480232901,3.625,3.5809310893388338,17.620699332098557,0.0,28.64744932447987
472942930525044502,0.0,0.0,0.0,0.0,0.0
473042930452072501,0.0,0.0,0.0,0.0,0.0
473142930458053402,0.0,0.0,0.0,0.0,0.0
473142930532079502,0.0,0.0,0.0,0.0,0.0
473642929189480701,0.0,0.0,0.0,0.0,0.0
473742930453944302,0.0,0.0,0.0,0.0,0.0
473742930525907602,0.0,0.0,0.0,0.0,0.0
474042930462750101,0.0,0.0,0.0,0.0,0.0
474142930476260601,0.0,0.0,0.0,0.0,0.0
474142930545496402,0.0,0.0,0.0,0.0,0.0
474242928759826901,0.0,0.0,0.0,0.0,0.0
474342927929265602,0.0,0.0,0.0,0.0,0.0
474442930463813901,4.3378376960754395,9.655278137128072,143.94142302716688,69.11954498291016,714.4905629699628
474742928592599302,0.0,0.0,0.0,0.0,0.0
474742930523946102,0.0,0.0,0.0,0.0,0.0
474742930545769002,0.0,0.0,0.0,0.0,0.0
474942930448140102,0.0,0.0,0.0,0.0,0.0
474942930480281202,0.0,0.0,0.0,0.0,0.0
474942930522669201,0.0,0.0,0.0,0.0,0.0
475042930549926102,2.700000047683716,4.39418091367713,29.724835416467894,59.69257354736328,351.53447239536126
475142930465272501,0.0,0.0,0.0,0.0,0.0
475142930527132602,0.0,0.0,0.0,0.0,0.0
475342930533480402,0.0,0.0,0.0,0.0,0.0
475342930545136301,0.0,0.0,0.0,0.0,0.0
475442930472575302,0.8266666531562805,13.330647090900998,34.603988603988604,66.79762268066406,999.7985793980438
475742930461738401,5.041666507720947,9.203826891618197,98.41233901121728,26.671884536743164,220.89185407739186
475942930516528102,0.0,0.0,0.0,0.0,0.0
476142930470075602,0.0,0.0,0.0,0.0,0.0
476142930475967801,0.0,0.0,0.0,0.0,0.0
476142930527268702,0.0,0.0,0.0,0.0,0.0
476242930528458102,0.0,0.0,0.0,0.0,0.0
476342930515666102,0.0,0.0,0.0,0.0,0.0
476342930519796601,0.0,0.0,0.0,0.0,0.0
476442928043634301,0.0,0.0,0.0,0.0,0.0
476442930537266702,0.0,0.0,0.0,0.0,0.0
476542930460255501,0.0,0.0,0.0,0.0,0.0
476542930469712102,0.0,0.0,0.0,0.0,0.0
476642930454569401,0.0,0.0,0.0,0.0,0.0
476642930543979702,0.0,0.0,0.0,0.0,0.0
476742930465546201,4.7746477127075195,11.850078968351324,212.5204448806019,76.4936294555664,841.355584885507
476942930455668701,0.0,0.0,0.0,0.0,0.0
476942930460860902,0.0,0.0,0.0,0.0,0.0
476942930540885102,0.0,0.0,0.0,0.0,0.0
477042930542571901,0.0,0.0,0.0,0.0,0.0
477242930476480602,0.3488371968269348,6.488301385309279,9.320962199312715,38.42584991455078,278.99696193839264
477342930525142301,0.0,0.0,0.0,0.0,0.0
477342930528510302,0.0,0.0,0.0,0.0,0.0
477442930476772902,0.0,0.0,0.0,0.0,0.0
477542927917445902,0.0,0.0,0.0,0.0,0.0
477542930455038201,1.0352941751480103,7.074174348181302,43.15238704177323,83.45655822753906,601.3048385182169
478042929000168302,0.0,0.0,0.0,0.0,0.0
478142928664127601,0.2222222238779068,7.117212036117165,17.906806819638508,89.08784484863281,896.7686997477083
478142930455427601,3.444444417953491,10.305283766526442,151.69423076923076,89.83609771728516,834.7279966996266
478142930524314602,0.0,0.0,0.0,0.0,0.0
478242929417495501,0.0,0.0,0.0,0.0,0.0
478542930459497102,0.0,0.0,0.0,0.0,0.0
478642930509156802,0.0,0.0,0.0,0.0,0.0
478742930520008402,0.0,0.0,0.0,0.0,0.0
478842930456813102,0.0,0.0,0.0,0.0,0.0
478842930539445902,0.0,0.0,0.0,0.0,0.0
479042929762446002,0.0,0.0,0.0,0.0,0.0
479142930544767301,0.0,0.0,0.0,0.0,0.0
479242928592717301,2.6785714626312256,7.720983327646345,61.65673339399454,77.62017822265625,648.5626224162617
479242930531187502,3.9375,6.429444276048185,28.043178973717147,13.94083309173584,102.87110913769622
479342930540753401,1.5714285373687744,2.5627041361416363,17.938827838827837,2.8455870151519775,17.93892814813225
479542930517473801,0.0,0.0,0.0,0.0,0.0
479542930544388701,0.0,0.0,0.0,0.0,0.0
479642929056654202,0.8888888955116272,9.183772382164486,36.36294215746511,79.98704528808594,743.8855807842535
479642930474220501,0.0,8.116707033036123,191.7434842249657,92.16706848144531,657.4532637295972
481142930475809902,0.0,0.0,0.0,0.0,0.0
481242929456826602,0.0,0.0,0.0,0.0,0.0
481242930451908901,0.0,0.0,0.0,0.0,0.0
481242930531757002,0.0,0.0,0.0,0.0,0.0
481342930459210702,0.0,0.0,0.0,0.0,0.0
481442929372930702,0.0,0.0,0.0,0.0,0.0
481442930520024901,0.0,0.0,0.0,0.0,0.0
481542930531340702,2.909090995788574,26.68903622989766,127.53801169590643,10.414299011230469,293.5794110214501
481642928135551001,0.0,0.0,0.0,0.0,0.0
481642928988313701,0.0,0.0,0.0,0.0,0.0
481842928748805202,0.0,0.0,0.0,0.0,0.0
481842930453811401,0.0,0.0,0.0,0.0,0.0
482542930460807101,1.0158730745315552,18.70672485001791,91.22922636103152,85.62725830078125,1178.523641504326
482642930450734601,0.0,0.0,0.0,0.0,0.0
482642930452915102,0.0,0.0,0.0,0.0,0.0
482642930549279601,0.0,0.0,0.0,0.0,0.0
482742930509292102,0.0,0.0,0.0,0.0,0.0
482742930542291101,4.011494159698486,6.308168478972881,104.53858247085026,57.115570068359375,548.8106676659171
482842928210538302,0.0,0.0,0.0,0.0,0.0
483042929346456101,0.0,0.0,0.0,0.0,0.0
483142930461766602,0.0,0.0,0.0,0.0,0.0
483142930477796401,0.0,0.0,0.0,0.0,0.0
483342930462087002,0.0,0.0,0.0,0.0,0.0
483342930545459401,0.0,0.0,0.0,0.0,0.0
483442930464676302,0.0,0.0,0.0,0.0,0.0
483442930474998302,4.151515007019043,8.391992075956596,112.89063392347231,26.77424430847168,276.93573956623
483442930545936002,0.0,0.0,0.0,0.0,0.0
483542930480032801,3.644444465637207,6.342139642427672,112.27099101648157,51.25191879272461,570.7925544992956
483642930475599001,0.0,0.0,0.0,0.0,0.0
483742930523610901,0.9868420958518982,15.82058184940497,115.51347567378369,83.79379272460938,1202.3642581836887
483842930469690901,3.299999952316284,5.9777528185532685,45.04358353510896,7.182147026062012,59.77752813380798
484042930520073202,0.0,0.0,0.0,0.0,0.0
484142928135303102,0.0,0.0,0.0,0.0,0.0
484142930463468802,0.0,0.0,0.0,0.0,0.0
484142930528446901,0.0,0.2068680182043856,0.2068680182043856,0.0,0.2068680182043856
484342930479147702,0.0,0.0,0.0,0.0,0.0
484342930531945101,0.0,0.0,0.0,0.0,0.0
484342930533303902,0.0,0.0,0.0,0.0,0.0
484342930543059601,0.0,0.0,0.0,0.0,0.0
484542928130607802,2.1022727489471436,7.36450813830521,47.018851441445584,62.243690490722656,648.0766876854235
484542929606003201,0.0,0.0,0.0,0.0,0.0
484542930539665602,0.0,0.0,0.0,0.0,0.0
484842930465435302,5.0,4.697203670095645,4.697171953485172,0.6792506575584412,4.697203670095645
485142930531284002,0.0,0.0,0.0,0.0,0.0
485342930532723502,0.0,0.0,0.0,0.0,0.0
485442930518017002,0.0,0.0,0.0,0.0,0.0
485542930527680002,0.0,0.0,0.0,0.0,0.0
485742930509804102,0.0,0.0,0.0,0.0,0.0
485742930524663902,3.7931034564971924,12.627708026632762,98.75802997858672,25.50718879699707,366.2035461482961
485942930543984301,315.0,2.6652452025586353,2.6652452025586353,0.34317976236343384,2.6652452025586353
486042928726241301,0.0,0.0,0.0,0.0,0.0
486042930519717701,5.358974456787109,19.526757162541596,297.01830282861897,72.76318359375,761.5435490155974
486042930528603402,0.0,0.0,0.0,0.0,0.0
486242930517171402,3.384615421295166,6.998763246976714,114.80522320854239,48.49087142944336,363.93569086080475
486442930534310301,0.0,0.0,0.0,0.0,0.0
486542930464426302,0.0,0.0,0.0,0.0,0.0
486542930515998601,0.0,0.0,0.0,0.0,0.0
486942930462033301,0.0,0.0,0.0,0.0,0.0
486942930472886702,0.0,0.0,0.0,0.0,0.0
486942930508703401,3.3113207817077637,6.158941414238461,148.9864670116252,93.75606536865234,652.8477676293799
487042930539321401,0.0,0.0,0.0,0.0,0.0
487042930550701502,0.0,0.0,0.0,0.0,0.0
487142930459698301,2.4941177368164062,5.042803101396851,51.23186823186823,60.93417739868164,428.63827312308325
487142930510011501,0.0,0.0,0.0,0.0,0.0
487242930477163901,5.576271057128906,12.351221949589899,103.03603354529537,108.13346862792969,728.7220723576924
487342930526627602,0.0,0.0,0.0,0.0,0.0
487542930524247701,4.416666507720947,4.186221805181833,14.04623287671233,6.914045810699463,50.23466096543364
487642929606077601,2.0,5.9964421528948,5.996629754453539,0.9579449892044067,5.9964421528948
488242930530102402,0.0,0.0,0.0,0.0,0.0
488442930479218601,0.0,0.0,0.0,0.0,0.0
488542930464707902,0.0,0.0,0.0,0.0,0.0
488642930527052801,0.0,0.0,0.0,0.0,0.0
488642930543643901,3.1186439990997314,13.112517458100559,332.18854748603354,58.11069107055664,773.638506212714
488742930458242901,0.0,0.0,0.0,0.0,0.0
488842930530153101,0.0,0.0,0.0,0.0,0.0
488942930477242701,0.0,0.0,0.0,0.0,0.0
489042930480486501,0.0,0.0,0.0,0.0,0.0
489142930460620301,0.0,0.0,0.0,0.0,0.0
489242930532832001,0.0,0.0,0.0,0.0,0.0
489342930137664202,0.0,0.0,0.0,0.0,0.0
489442930526872502,0.0,0.0,0.0,0.0,0.0
489542930456386201,0.0,0.0,0.0,0.0,0.0
489542930475798102,0.0,0.0,0.0,0.0,0.0
489642928042122902,0.0,0.0,0.0,0.0,0.0
489942930465090901,2.700000047683716,10.45980426230478,33.03857075248462,7.240330696105957,104.59804283100115
489942930509169701,0.0,0.0,0.0,0.0,0.0
491142930509202201,0.0,0.0,0.0,0.0,0.0
491642930546620901,0.0,0.0,0.0,0.0,0.0
491642930546647202,0.0,0.0,0.0,0.0,0.0
491842930510073702,0.0,0.0,0.0,0.0,0.0
492442930546128301,0.0,0.0,0.0,0.0,0.0
492842930316851101,2.0138888359069824,17.557775188840157,130.30701754385964,109.50621032714844,1264.1597941140217
492942928623687402,0.0,0.0,0.0,0.0,0.0
492942929501728001,0.0,0.0,0.0,0.0,0.0
492942930452864802,0.0,0.0,0.0,0.0,0.0
493042930456094501,0.0,0.0,0.0,0.0,0.0
493042930526748301,0.0,0.0,0.0,0.0,0.0
493142930475772302,3.4347825050354004,6.757310250505286,122.45024875621891,45.039894104003906,310.8362678793532
493142930480139801,0.0,0.0,0.0,0.0,0.0
493142930515680001,0.0,0.0,0.0,0.0,0.0
493142930524205602,4.8108110427856445,7.2326793620070156,63.29266832064334,30.415695190429688,267.60912637141905
493242928890484801,0.0,0.0,0.0,0.0,0.0
493242929649304202,0.0,0.0,0.0,0.0,0.0
493242930453365101,0.0,0.0,0.0,0.0,0.0
493442930510933301,0.0,0.0,0.0,0.0,0.0
493842930454422501,0.0,0.0,0.0,0.0,0.0
493842930458372701,0.0,0.0,0.0,0.0,0.0
494042930525265502,1.837499976158142,8.182324095602144,53.126182219419924,76.03424072265625,654.5859145011758
494042930533700802,0.0,0.0,0.0,0.0,0.0
494542930520051801,0.0,0.0,0.0,0.0,0.0
494542930526270702,0.0,0.0,0.0,0.0,0.0
494842929189434001,3.6279070377349854,12.711099394011407,301.3946768060836,104.39083862304688,1093.1545110100576
494842930458101002,0.0,0.0,0.0,0.0,0.0
494942930527841402,0.0,0.0,0.0,0.0,0.0
495042930461272602,0.0,0.0,0.0,0.0,0.0
495242930523127401,0.0,0.0,0.0,0.0,0.0
495242930543124302,0.0,0.0,0.0,0.0,0.0
495342930475809001,0.0,0.0,0.0,0.0,0.0
495442930462856202,5.043478488922119,12.400355701572847,104.5864238410596,30.385133743286133,285.2081775791598
495542930526511702,0.0,0.0,0.0,0.0,0.0
495742930516585401,7.1777777671813965,18.007848263068517,289.67572356763145,71.59597778320312,810.3531562277923
495842930477300401,0.0,0.0,0.0,0.0,0.0
495842930532802501,0.0,0.0,0.0,0.0,0.0
495942930458591402,0.0,0.0,0.0,0.0,0.0
495942930536112302,0.0,0.0,0.0,0.0,0.0
496042930477707602,0.0,0.0,0.0,0.0,0.0
496142929194472102,0.0,0.0,0.0,0.0,0.0
496142930477137102,0.0,0.0,0.0,0.0,0.0
496142930536425402,0.0,0.0,0.0,0.0,0.0
496542930515960801,0.0,0.0,0.0,0.0,0.0
496542930526051401,3.75,6.767645962175163,76.23613193403298,107.05152130126953,541.4116838846965
496642930459468201,0.0,0.0,0.0,0.0,0.0
496642930543573801,0.0,0.0,0.0,0.0,0.0
496842930471698401,0.0,0.0,0.0,0.0,0.0
497142929704040602,0.0,0.0,0.0,0.0,0.0
497142930458518502,0.0,0.0,0.0,0.0,0.0
497142930465289301,0.0,0.0,0.0,0.0,0.0
497142930521572401,0.0,0.0,0.0,0.0,0.0
497242930524416802,0.0,0.0,0.0,0.0,0.0
497342930545824601,0.0,2.0068714896000173,0.0,0.526777982711792,4.01374306374724
497442928304094101,0.0,0.0,0.0,0.0,0.0
497442930480371302,0.0,0.0,0.0,0.0,0.0
497542930526277002,0.0,0.0,0.0,0.0,0.0
497642928726688401,0.0,0.0,0.0,0.0,0.0
497642929013014901,0.0,0.0,0.0,0.0,0.0
497942930474576401,0.0,0.0,0.0,0.0,0.0
498142930526916802,0.0,0.0,0.0,0.0,0.0
498442930448451801,3.014925479888916,4.896674248900831,69.71568148510015,44.31340026855469,328.07716235173405
498742930476930701,0.0,0.0,0.0,0.0,0.0
498742930535870002,0.0,0.0,0.0,0.0,0.0
498942930455821102,0.0,0.0,0.0,0.0,0.0
498942930509485002,0.0,0.0,0.0,0.0,0.0
499042930470319801,0.0,0.0,0.0,0.0,0.0
499142930456531901,0.0,0.0,0.0,0.0,0.0
499242930548738301,0.0,0.0,0.0,0.0,0.0
499342928759319702,3.0,3.2138540792785233,9.130536912751678,1.463631510734558,12.855415825555788
499342929816166302,0.0,0.0,0.0,0.0,0.0
499442929684697002,29.14285659790039,0.0490910791871147,0.34363754350775766,0.05739560350775719,0.34363754395784285
499742930529461601,0.0,0.0,0.0,0.0,0.0
499942928726148601,3.857142925262451,9.43142810435022,89.04581497797356,13.536150932312012,132.03998851356002
499942930478076302,0.0,0.0,0.0,0.0,0.0
501242930542373002,0.0,0.0,0.0,0.0,0.0
501342930530242201,0.0,0.0,0.0,0.0,0.0
501442928865230702,0.0,0.0,0.0,0.0,0.0
501442929743318701,0.8125,7.223737892909357,36.69122807017544,41.36993408203125,346.73941467463624
501942928159244701,0.0,0.0,0.0,0.0,0.0
502142930454972402,0.0,0.0,0.0,0.0,0.0
502242930519922101,0.0,0.0,0.0,0.0,0.0
502342930462673302,0.0,0.0,0.0,0.0,0.0
502342930526203701,1.8852459192276,12.487604685491645,77.15038560411311,93.15596008300781,761.743907443049
502442930518077802,0.0,0.0,0.0,0.0,0.0
502442930530766202,0.0,0.0,0.0,0.0,0.0
502742930470765201,0.0,0.0,0.0,0.0,0.0
503042929331684901,0.0,0.0,0.0,0.0,0.0
503142930507893702,0.0,0.0,0.0,0.0,0.0
503342929284336901,0.0,0.0,0.0,0.0,0.0
503342930510069202,0.0,0.0,0.0,0.0,0.0
503442930457501602,0.0,0.0,0.0,0.0,0.0
503442930542795201,0.0,0.0,0.0,0.0,0.0
503542930544768701,0.0,0.0,0.0,0.0,0.0
503542930548255301,0.0,0.0,0.0,0.0,0.0
503642930289255802,0.0,0.0,0.0,0.0,0.0
503642930453436801,0.0,0.0,0.0,0.0,0.0
503642930474418101,0.0,0.0,0.0,0.0,0.0
503742930525386401,0.0,0.0,0.0,0.0,0.0
503942930478925301,0.0,0.0,0.0,0.0,0.0
503942930528397202,1.0,3.87161848770171,3.871868978805395,0.3480537533760071,3.87161848770171
503942930549548401,0.0,0.0,0.0,0.0,0.0
504042930542576202,0.0,0.0,0.0,0.0,0.0
504142930451421902,0.0,0.0,0.0,0.0,0.0
504342930526925301,1.0227272510528564,8.504827694605725,25.62516878206859,77.22679138183594,748.4248502887393
504642930530044501,0.0,0.0,0.0,0.0,0.0
504642930538397802,0.0,0.0,0.0,0.0,0.0
504842930464703201,3.3499999046325684,5.717634248798508,148.61638332974678,40.841163635253906,343.05806559297326
504942930451255101,0.0,0.0,0.0,0.0,0.0
504942930544768102,0.0,0.0,0.0,0.0,0.0
505142928247005002,0.0,0.0,0.0,0.0,0.0
505242930517313502,0.0,0.0,0.0,0.0,0.0
505242930543535301,1.2469135522842407,6.404598305901076,37.35808518658123,55.79153823852539,518.7724466430495
505342930478257402,0.0,0.0,0.0,0.0,0.0
505342930532382802,0.0,0.0,0.0,0.0,0.0
505542930457376602,0.0,0.0,0.0,0.0,0.0
505642930531559201,0.0,0.0,0.0,0.0,0.0
505742930454327802,0.0,0.0,0.0,0.0,0.0
505842930526220202,0.0,0.0,0.0,0.0,0.0
505942930528910001,0.0,0.0,0.0,0.0,0.0
506042929166340601,0.0,0.0,0.0,0.0,0.0
506142930545523801,0.0,0.0,0.0,0.0,0.0
506242930535157402,0.0,0.0,0.0,0.0,0.0
506442930460633701,2.692307710647583,4.114445713678078,56.902144772117964,44.50924301147461,374.4145447551454
506442930463838902,3.28125,6.008665869555787,222.8218809647753,92.43560791015625,576.8318963289964
506442930519662001,2.0,4.592405655128732,15.978362092577376,3.7896668910980225,27.554434148098338
506442930539820501,0.0,0.0,0.0,0.0,0.0
506542929012850302,0.0,0.0,0.0,0.0,0.0
506642930510412501,0.0,0.0,0.0,0.0,0.0
506642930542825801,0.0,0.0,0.0,0.0,0.0
506742930463954401,1.7313432693481445,8.171850473314967,66.00012813941568,46.34709930419922,547.513993291107
506842930476150901,0.0,0.0,0.0,0.0,0.0
506842930543581002,3.5742573738098145,8.746580283030234,155.12325500214698,67.23832702636719,883.4046209729222
506942930473639902,0.0,0.0,0.0,0.0,0.0
507242930478677602,0.0,0.0,0.0,0.0,0.0
507342930452489501,4.17391300201416,6.399930678035572,58.60254372019078,21.86458969116211,147.19840942467718
507442928025464301,0.0,0.0,0.0,0.0,0.0
507442930534261702,0.0,0.0,0.0,0.0,0.0
507442930538366402,0.0,0.0,0.0,0.0,0.0
507542930459442602,0.0,0.0,0.0,0.0,0.0
507542930465039802,0.0,0.0,0.0,0.0,0.0
507642930462577801,2.5999999046325684,2.8086843271611888,14.434826654660062,4.019694805145264,28.086843862451985
507642930475155102,0.0,0.0,0.0,0.0,0.0
507642930539035801,0.0,0.0,0.0,0.0,0.0
507742930453695202,0.0,0.0,0.0,0.0,0.0
507742930476257801,0.0,0.0,0.0,0.0,0.0
507742930522315701,0.0,0.0,0.0,0.0,0.0
507842930477223801,0.0,0.0,0.0,0.0,0.0
507842930515435302,0.0,0.0,0.0,0.0,0.0
507842930520627202,0.0,0.0,0.0,0.0,0.0
507942930524452702,0.0,0.0,0.0,0.0,0.0
508042930460964002,2.677419424057007,11.682476540187679,74.14851081191351,35.87440490722656,362.1567796125844
508542930520963101,0.0,0.0,0.0,0.0,0.0
508642930461811801,0.0,0.0,0.0,0.0,0.0
508642930477069102,0.0,0.0,0.0,0.0,0.0
508942930526551501,0.0,0.0,0.0,0.0,0.0
509042930526340202,4.818181991577148,12.955917238250493,201.15846456692913,51.93622589111328,570.0603668933778
509042930533248102,0.0,0.0,0.0,0.0,0.0
509342930474233502,0.5476190447807312,15.503476389401772,37.85081240768095,116.11256408691406,1302.2919668425839
509342930516309802,0.0,0.0,0.0,0.0,0.0
509542930448255401,0.0,0.0,0.0,0.0,0.0
509542930541584802,0.0,0.0,0.0,0.0,0.0
509542930544989402,0.0,0.0,0.0,0.0,0.0
509642928052225901,0.0,0.0,0.0,0.0,0.0
509642930450791502,3.4905660152435303,9.850036579825895,117.09668695064232,64.22268676757812,522.0519489523041
509642930520079401,0.0,0.0,0.0,0.0,0.0
509842930528199402,0.0,0.0,0.0,0.0,0.0
509942930458318801,0.0,0.0,0.0,0.0,0.0
509942930516833901,0.0,0.0,0.0,0.0,0.0
511242929721432102,0.0,0.0,0.0,0.0,0.0
511242930527800702,0.0,0.0,0.0,0.0,0.0
511342929613283702,0.0,0.0,0.0,0.0,0.0
511342930541133801,0.0,0.0,0.0,0.0,0.0
511742930476524002,0.0,0.0,0.0,0.0,0.0
511942930549594601,0.0,0.0,0.0,0.0,0.0
512042930474491802,0.0,0.0,0.0,0.0,0.0
512142930450743102,0.0,0.0,0.0,0.0,0.0
512142930510216902,0.0,0.0,0.0,0.0,0.0
512242930456751602,0.0,0.0,0.0,0.0,0.0
512242930517231702,0.0,0.0,0.0,0.0,0.0
512242930532860401,0.0,0.0,0.0,0.0,0.0
512342930524586101,0.0,0.0,0.0,0.0,0.0
512442930533583302,4.754716873168945,17.341296916519042,256.6209034543844,66.42034912109375,919.0887284502717
512542930034890302,0.0,0.0,0.0,0.0,0.0
512542930447428101,0.0,0.0,0.0,0.0,0.0
512542930475376202,0.0,0.0,0.0,0.0,0.0
512642930457716302,6.0,15.204801598373724,67.23214285714286,9.686807632446289,106.43360963159678
512742930537291401,0.0,0.0,0.0,0.0,0.0
512942930466301102,3.0,7.6667010520963705,7.6667083854818525,1.5881340503692627,7.6667010520963705
513042930464313501,0.0,0.0,0.0,0.0,0.0
513142930464625601,0.0,0.0,0.0,0.0,0.0
513242930478886801,0.1428571492433548,6.560927610444961,3.000826945707834,29.23723602294922,183.70596935165082
513242930526360602,3.548387050628662,7.89044819777943,58.05524861878453,26.07041358947754,244.60390424748658
513342930456017302,0.0,0.0,0.0,0.0,0.0
513542930532871401,0.0,0.0,0.0,0.0,0.0
513742929664075601,0.0,0.0,0.0,0.0,0.0
513842930529817001,0.0,0.0,0.0,0.0,0.0
513842930547240801,2.108433723449707,7.487442180215618,85.51608391608391,71.83008575439453,621.457706724736
514042930450771701,0.0,0.0,0.0,0.0,0.0
514042930480452202,0.0,0.0,0.0,0.0,0.0
514142930543922802,0.0,0.0,0.0,0.0,0.0
514242930474094101,0.0,0.0,0.0,0.0,0.0
514242930529829401,0.0,0.0,0.0,0.0,0.0
514342928021819501,0.0,0.0,0.0,0.0,0.0
514342930516646901,0.0,0.0,0.0,0.0,0.0
514342930544960202,0.0,0.0,0.0,0.0,0.0
514342930547228702,0.0,0.0,0.0,0.0,0.0
514442930477650702,0.0,0.0,0.0,0.0,0.0
514642930517490501,0.0,0.0,0.0,0.0,0.0
514942930450840302,0.0,0.0,0.0,0.0,0.0
515042930519916902,0.0,0.0,0.0,0.0,0.0
515042930548602902,0.0,0.0,0.0,0.0,0.0
515142930476508902,3.923076868057251,8.755716463414634,52.592358860651544,13.237717628479004,113.82431027670881
515242930464587302,0.0,0.0,0.0,0.0,0.0
515442930527986401,2.5714285373687744,5.077379821895839,28.412003038743986,51.67909240722656,462.04155810992006
515542930461758002,0.0,0.0,0.0,0.0,0.0
515542930522168902,0.0,0.0,0.0,0.0,0.0
515642930516671402,0.0,0.0,0.0,0.0,0.0
515642930545201102,0.0,0.0,0.0,0.0,0.0
515742929303612002,3.3111112117767334,6.12994329178051,62.98383424408014,29.246219635009766,275.84744996103865
515742930508268002,0.0,0.0,0.0,0.0,0.0
515742930516762801,0.0,0.0,0.0,0.0,0.0
515742930519307902,0.0,0.0,0.0,0.0,0.0
515842930509301901,0.0,0.0,0.0,0.0,0.0
515942930475211801,0.0,0.0,0.0,0.0,0.0
516142930459157302,0.0,0.0,0.0,0.0,0.0
516242929991282201,3.445945978164673,21.469139362203663,204.66810344827587,90.68502807617188,1588.716286389992
516242930526581001,3.090909004211426,14.788853886648745,96.65770609318996,21.451385498046875,325.35477138163793
516342930518380501,0.0,0.0,0.0,0.0,0.0
516542930462044701,3.4166667461395264,8.496918876216096,55.08018867924528,9.720489501953125,101.96302888978202
516542930545901402,0.0,0.0,0.0,0.0,0.0
516642930538134302,0.0,0.0,0.0,0.0,0.0
516942930536217702,0.0,0.0,0.0,0.0,0.0
517042930456397402,0.0,0.0,0.0,0.0,0.0
517542930447311702,0.0,0.0,0.0,0.0,0.0
517542930543913501,0.0,0.0,0.0,0.0,0.0
517642930456732001,0.0,0.0,0.0,0.0,0.0
517742929083253102,5.485714435577393,10.980201559489403,132.5266538214515,84.15145874023438,384.30705209289823
517742930459785702,0.0,0.0,0.0,0.0,0.0
517842930545188702,3.642857074737549,7.949191340185318,117.83285354444044,80.68954467773438,667.7321000293074
517942930509245701,0.0,0.0,0.0,0.0,0.0
518142930464255502,0.0,0.0,0.0,0.0,0.0
518242929696964301,0.0,0.0,0.0,0.0,0.0
518242930460910601,0.0,0.0,0.0,0.0,0.0
518242930480673301,4.538461685180664,7.037912726478067,47.5886840432295,37.39683532714844,274.47858814547493
518242930524234402,0.0,0.0,0.0,0.0,0.0
518242930534219002,2.4949495792388916,4.199851102004416,48.07796840496008,62.31544876098633,415.78526704251027
518542930531123101,0.0,0.0,0.0,0.0,0.0
518642930518090401,0.0,0.0,0.0,0.0,0.0
518842930459553101,4.0,1.2121212121212122,1.2121212121212122,0.15806971490383148,2.4242424242424243
518842930547093602,0.0,0.0,0.0,0.0,0.0
518942930456292602,0.0,0.0,0.0,0.0,0.0
519142930450171602,0.0,0.0,0.0,0.0,0.0
519142930454298802,0.0,0.0,0.0,0.0,0.0
519242930535055702,0.0,0.0,0.0,0.0,0.0
519542930470388902,0.0,0.0,0.0,0.0,0.0
519542930528475701,0.0,0.0,0.0,0.0,0.0
519742930461844302,0.0,0.0,0.0,0.0,0.0
519842930451311602,0.0,12.497304878982844,0.0,65.65757751464844,649.859849021014
519842930473770402,0.0,0.0,0.0,0.0,0.0
519842930527443702,0.0,0.0,0.0,0.0,0.0
521242930456422201,0.0,0.0,0.0,0.0,0.0
521342929543705902,0.0,0.0,0.0,0.0,0.0
521442930446384001,0.0,0.0,0.0,0.0,0.0
521442930516243902,0.0,0.0,0.0,0.0,0.0
521442930550695802,0.0,0.0,0.0,0.0,0.0
521642929820882502,0.0,0.0,0.0,0.0,0.0
521642930466537502,5.666666507720947,20.293715439833605,90.84902597402598,0.0,121.76228822980609
521642930529911802,0.0714285746216774,18.243784298780486,0.7892682926829269,74.75695037841797,1277.0648814131573
521742929248984702,0.0,0.0,0.0,0.0,0.0
521742930289474802,0.5070422291755676,15.494990596064815,198.9562114197531,73.76436614990234,1100.1443583376613
521742930476572201,0.0,0.0,0.0,0.0,0.0
521842930464664801,0.0,0.0,0.0,0.0,0.0
521942930518970902,0.0,0.0,0.0,0.0,0.0
522042930476800702,4.480000019073486,10.476867012355639,108.8491847826087,32.823577880859375,261.92167060271555
522142930469906601,0.0,0.0,0.0,0.0,0.0
522142930516375802,0.0,0.0,0.0,0.0,0.0
522242930459711202,0.0,0.0,0.0,0.0,0.0
522342930544686501,0.0,0.0,0.0,0.0,0.0
522642930515876402,0.0,0.0,0.0,0.0,0.0
522742930531960302,0.0,0.0,0.0,0.0,0.0
523042930525975001,0.0,0.0,0.0,0.0,0.0
523042930539813501,3.274193525314331,12.547225637872733,103.7347064248386,81.71406555175781,777.9279933227893
523242930476453102,0.0,0.0,0.0,0.0,0.0
523242930533811701,0.0,0.0,0.0,0.0,0.0
523242930549913201,0.0,0.0,0.0,0.0,0.0
523342930527468302,0.0,0.0,0.0,0.0,0.0
523442930464798501,0.0,0.0,0.0,0.0,0.0
523442930543257102,4.309091091156006,10.840841976130926,161.43279686820355,84.54838562011719,596.2463194393707
523542930517232102,0.0,0.0,0.0,0.0,0.0
523542930542853201,0.0,0.0,0.0,0.0,0.0
523742930476968902,3.1063830852508545,6.040992182331538,51.18703336168604,24.061199188232422,283.92663884557226
523742930530552602,3.5714285373687744,8.363456245254365,84.35573272589218,31.21364974975586,175.63257650434744
523942930477531001,2.7916667461395264,5.417224193899106,72.07504970178927,18.91127586364746,130.01337865143125
523942930545877502,0.0,0.0,0.0,0.0,0.0
524042930530774101,0.0,0.0,0.0,0.0,0.0
524242930532164301,0.0,0.0,0.0,0.0,0.0
524342930456612601,0.025974025949835777,6.465373634745354,0.9669321747525947,59.79241180419922,497.8337568595678
524442927921789101,3.9318182468414307,6.771367255642172,137.26962494548627,49.54660415649414,595.8803120129918
524442930457683001,0.0,0.0,0.0,0.0,0.0
524542929644301002,0.0,0.0,0.0,0.0,0.0
524542930448041102,4.4146342277526855,7.422973113364361,66.26063829787235,30.613798141479492,304.3418973699529
524542930453022401,0.0,0.0,0.0,0.0,0.0
524542930510187201,1.137930989265442,14.715005165289256,42.6297520661157,96.11096954345703,853.4702790378539
524542930517113001,3.0,2.7712467698592778,2.771177117711771,0.1786031574010849,2.7712467698592778
524642929946600601,0.0,0.0,0.0,0.0,0.0
524642930507929602,0.0,0.0,0.0,0.0,0.0
524742930524493501,0.0,0.0,0.0,0.0,0.0
524742930524888502,0.0,0.0,0.0,0.0,0.0
524842930468636502,0.0,0.0,0.0,0.0,0.0
524842930525479102,0.0,0.0,0.0,0.0,0.0
524842930532705901,0.0,0.0,0.0,0.0,0.0
524942930528164202,0.0,0.0,0.0,0.0,0.0
525242930456243101,3.529411792755127,8.01717404098229,85.75458776951474,0.0,408.875874248364
525242930476598501,3.0,10.513700819507088,34.21971649484536,6.796568870544434,84.10960789316708
525542929991226701,0.0,0.0,0.0,0.0,0.0
525542930519128501,0.0,0.0,0.0,0.0,0.0
525642930457580101,0.0,0.0,0.0,0.0,0.0
525642930515445502,0.0,0.0,0.0,0.0,0.0
525742930462141902,0.0,0.0,0.0,0.0,0.0
525842930515830002,0.0,0.0,0.0,0.0,0.0
525942929013002102,0.0,0.0,0.0,0.0,0.0
525942930534269801,0.0,0.0,0.0,0.0,0.0
526142930525745102,3.884615421295166,11.166103411348399,136.4524459895704,0.0,290.31869275699574
526242930448845701,0.0,10.189933929623086,0.0,16.62265968322754,203.7986854175797
526342930527313402,0.0,0.0,0.0,0.0,0.0
526442930528398402,0.0,0.0,0.0,0.0,0.0
526442930545311801,0.0,0.0,0.0,0.0,0.0
526742927905068101,0.0,0.0,0.0,0.0,0.0
526942930453045801,0.0,0.0,0.0,0.0,0.0
526942930507933602,0.0,0.0,0.0,0.0,0.0
527342930456726202,0.0,0.0,0.0,0.0,0.0
527342930533695601,0.0,0.0,0.0,0.0,0.0
527442930528109502,3.857142925262451,3.1500868488285145,16.48753738783649,7.307715892791748,44.10121627914109
527542930452604902,0.0,0.0,0.0,0.0,0.0
527542930455826401,0.0,0.0,0.0,0.0,0.0
527542930530669502,0.0,0.0,0.0,0.0,0.0
527742930508942102,0.0,0.0,0.0,0.0,0.0
527742930539602001,0.0,27.17523835834704,0.0,7.998056888580322,190.22666409141138
527842930519336902,0.0,0.0,0.0,0.0,0.0
527942930509473501,0.0,0.0,0.0,0.0,0.0
527942930519957502,0.0,0.0,0.0,0.0,0.0
527942930527946202,0.0,0.0,0.0,0.0,0.0
528042930531882502,1.4929577112197876,8.44103577651243,64.33869808880586,47.444671630859375,599.313545335588
528642930532677102,5.199999809265137,9.410091302963261,65.58594797532851,19.28081512451172,141.15137347269712
528842930448825702,0.0,0.0,0.0,0.0,0.0
528842930474056201,0.0,0.0,0.0,0.0,0.0
528842930537470801,0.0,0.0,0.0,0.0,0.0
528942930517857701,0.0,0.0,0.0,0.0,0.0
529042930452799502,0.0,0.0,0.0,0.0,0.0
529142930528514802,0.0,0.0,0.0,0.0,0.0
529242930549000602,4.810344696044922,8.315276570281641,63.911385883565174,74.51067352294922,482.2860292188699
529342930474315402,0.0,0.0,0.0,0.0,0.0
529342930527717402,3.892857074737549,9.44708713679609,137.69375160709694,87.17017364501953,793.5553477029563
529442930477183002,0.0,0.0,0.0,0.0,0.0
529442930526829101,0.0,0.0,0.0,0.0,0.0
529542928990317602,0.0,0.0,0.0,0.0,0.0
529642930518469401,0.0,0.0,0.0,0.0,0.0
529742930460107701,0.0,0.0,0.0,0.0,0.0
529742930532663702,0.0,0.0,0.0,0.0,0.0
529842928135420501,0.0,0.0,0.0,0.0,0.0
531142929684609602,0.0,0.0,0.0,0.0,0.0
531142930526117402,0.0,0.0,0.0,0.0,0.0
531342930519090202,3.454545497894287,9.790016775803942,173.8874481327801,93.4496841430664,969.2116335358362
531342930521353802,0.4237288236618042,6.796440235038466,8.98201618543311,69.651123046875,400.9899735318779
531342930534825402,0.0,0.0,0.0,0.0,0.0
531442930509846501,0.0,0.0,0.0,0.0,0.0
531442930549950602,0.0,0.0,0.0,0.0,0.0
531542930461010801,0.0,0.0,0.0,0.0,0.0
531542930542068501,0.0,0.0,0.0,0.0,0.0
531642930509346502,0.0,0.0,0.0,0.0,0.0
531742930478634302,0.0,0.0,0.0,0.0,0.0
531742930525753001,0.0,0.0,0.0,0.0,0.0
532042930548155202,0.0,0.0,0.0,0.0,0.0
532242930478188602,272.0,89.82073080708662,89.82047244094488,9.91234302520752,89.82073080708662
532242930542455601,0.0,0.0,0.0,0.0,0.0
532442930459984001,5.857142925262451,22.25755675302335,392.42618849040866,80.12931060791016,1246.4232232075517
532442930472851202,0.0,0.0,0.0,0.0,0.0
532542929118531402,0.0,8.783522556260419,74.64586034450824,55.41552734375,632.4136420481512
532542930543483502,0.0,0.0,0.0,0.0,0.0
532642930524212001,0.0,0.0,0.0,0.0,0.0
532642930527773702,4.0625,15.46839499764964,222.1034158570981,64.26219177246094,989.9773038877884
532742930508593502,0.0,0.0,0.0,0.0,0.0
533042928257856601,0.0,0.0,0.0,0.0,0.0
533042930464310102,0.0,0.0,0.0,0.0,0.0
533242930464522301,0.0,0.0,0.0,0.0,0.0
533342929269151302,0.0,0.0,0.0,0.0,0.0
533342930461618601,0.0,0.0,0.0,0.0,0.0
533442929501754601,0.0,0.0,0.0,0.0,0.0
533642930461272401,0.0,0.0,0.0,0.0,0.0
533742930528841102,0.0,0.0,0.0,0.0,0.0
533842930450656002,4.130434989929199,13.956076685153583,99.5877133105802,69.1623764038086,641.9795398282516
533842930532705502,0.0,0.0,0.0,0.0,0.0
534142930462567801,0.0,0.0,0.0,0.0,0.0
534142930464536002,0.0,0.0,0.0,0.0,0.0
534242930449890701,0.0,0.0,0.0,0.0,0.0
534342929528923002,0.0,0.0,0.0,0.0,0.0
534342930472965901,0.0,0.0,0.0,0.0,0.0
534442928293182001,0.0,0.0,0.0,0.0,0.0
534642930541733801,3.1666667461395264,6.236442851244918,17.163414634146342,4.537309169769287,37.41865828909525
534742928716216301,0.0,0.0,0.0,0.0,0.0
534842928887104802,0.0,0.0,0.0,0.0,0.0
534842930454500201,0.0,0.2644967574549485,0.0,0.23469696938991547,1.8514772245910007
534942930460349701,0.0,0.0,0.0,0.0,0.0
535042930544297801,0.0,0.0,0.0,0.0,0.0
535142930542720502,5.0615386962890625,26.387068953501338,350.8813559322034,86.09074401855469,1715.1594947181995
535442930509897502,0.0,0.0,0.0,0.0,0.0
535642929346340802,0.0,0.0,0.0,0.0,0.0
535742930508737102,0.0,0.0,0.0,0.0,0.0
535742930547538701,0.0,0.0,0.0,0.0,0.0
535842930475256801,0.0,0.0,0.0,0.0,0.0
535942930480358302,0.0,0.0,0.0,0.0,0.0
536042930524260402,0.0,0.0,0.0,0.0,0.0
536242930479479502,0.0,0.0,0.0,0.0,0.0
536242930531045102,0.0,0.0,0.0,0.0,0.0
536442930518004201,0.0,0.0,0.0,0.0,0.0
536642928030238702,0.0,0.0,0.0,0.0,0.0
536742930477969701,0.0,0.0,0.0,0.0,0.0
536842928096602302,0.0,0.0,0.0,0.0,0.0
536842930517065202,0.0,0.0,0.0,0.0,0.0
536942930521186501,0.0,0.0,0.0,0.0,0.0
536942930546660802,0.0,0.0,0.0,0.0,0.0
537042930459870402,0.0,0.0,0.0,0.0,0.0
537042930475994501,0.0,0.0,0.0,0.0,0.0
537042930515757301,0.0,0.0,0.0,0.0,0.0
537242930472882002,0.0,0.0,0.0,0.0,0.0
537442930462553302,0.0,0.0,0.0,0.0,0.0
537742930537487701,0.0,0.0,0.0,0.0,0.0
537842930472684901,8.470588684082031,12.57411675913838,190.3976128310332,44.147178649902344,427.5199803398955
537842930539585501,0.0,0.0,0.0,0.0,0.0
538242930527708102,0.0,0.0,0.0,0.0,0.0
538742930051294101,0.0,0.0,0.0,0.0,0.0
538742930544730402,0.0,0.0,0.0,0.0,0.0
538842930458550301,0.0,0.0,0.0,0.0,0.0
538942928601996601,0.0,0.0,0.0,0.0,0.0
539142930531965102,0.0,0.0,0.0,0.0,0.0
539142930533963502,0.0,0.0,0.0,0.0,0.0
539242930080248202,0.0,0.0,0.0,0.0,0.0
539242930452638301,0.0,0.0,0.0,0.0,0.0
539342930460514101,3.5,36.223613823784724,559.0333333333333,49.75230026245117,1086.7084503889084
539342930534180401,0.0,0.0,0.0,0.0,0.0
539442930457747202,3.3888888359069824,9.461072493467633,118.40323668240055,15.969135284423828,170.29930062785957
539542930524258101,3.7701148986816406,8.36187862542792,143.67763408139976,90.19821166992188,727.4834122626942
539542930529863002,0.0,0.0,0.0,0.0,0.0
539642930547018201,0.0,0.0,0.0,0.0,0.0
539742930456462402,0.0,0.0,0.0,0.0,0.0
539742930542241701,0.0,0.0,0.0,0.0,0.0
539842930509501001,0.0,0.0,0.0,0.0,0.0
539842930544496001,0.6703296899795532,9.908113405927036,27.09294819548137,74.0730209350586,901.638341827885
539942928887267601,0.0,4.96540990415117,72.91260118136076,54.24120330810547,392.26737573670493
541342930547951202,0.0,0.0,0.0,0.0,0.0
541442930463825901,3.4827585220336914,6.943765606951145,53.8929129578039,19.71353530883789,201.36920990075254
541542930479667301,0.0,0.0,0.0,0.0,0.0
541542930538712902,4.800000190734863,25.752922600689406,48.56023222060958,6.660347938537598,128.76461300344704
541642930526968002,1.9224138259887695,8.55872112771739,110.07369196757553,0.0,992.8116781337347
541642930549264901,2.0,5.059831290409483,49.061691810344826,8.217795372009277,86.0171296021034
541742930456042502,0.0,0.0,0.0,0.0,0.0
541742930475975601,0.0,0.0,0.0,0.0,0.0
541742930544290302,0.0,0.0,0.0,0.0,0.0
541842930473594102,0.0,0.0,0.0,0.0,0.0
541942930465491901,7.9259257316589355,22.074030401641004,189.63209076175042,58.46711349487305,595.9988279790894
541942930516487601,0.0,0.0,0.0,0.0,0.0
542042930527285602,0.0,0.0,0.0,0.0,0.0
542042930541493402,0.0,0.0,0.0,0.0,0.0
542142930451723601,6.0,5.748724209027941,40.961962902089695,13.291069030761719,86.23085986798178
542142930461059702,0.0,0.0,0.0,0.0,0.0
542142930550147302,3.3580245971679688,4.568442267763062,67.14195814429972,48.27903366088867,370.0438142537757
542242930460488801,0.0,0.0,0.0,0.0,0.0
542342930463533802,0.0,0.0,0.0,0.0,0.0
542442930459874901,0.0,0.0,0.0,0.0,0.0
542642930475186901,0.0,0.0,0.0,0.0,0.0
542842930515348302,2.125,7.034814096715328,48.441605839416056,5.708677768707275,56.278512996478675
542942928269661402,0.0,0.0,0.0,0.0,0.0
542942930467896902,2.5,4.193892397098627,11.542117771322946,1.8377304077148438,16.775569201586016
543042930517155302,0.0,0.0,0.0,0.0,0.0
543142930510592802,3.385542154312134,9.27182015017594,129.28619302949062,58.10785675048828,769.5610801246786
543142930519755302,0.0,0.0,0.0,0.0,0.0
543242930461378502,0.0,0.0,0.0,0.0,0.0
543242930463811702,0.0,0.0,0.0,0.0,0.0
543242930519274302,0.0,0.0,0.0,0.0,0.0
543242930531815101,0.0,0.0,0.0,0.0,0.0
543242930542042201,0.0,0.0,0.0,0.0,0.0
543442930541462601,0.0,0.0,0.0,0.0,0.0
543542930467923101,0.0,0.0,0.0,0.0,0.0
543742928086481802,0.0,0.0,0.0,0.0,0.0
543742929568598802,2.25,3.4580730827487245,9.86875,4.417882442474365,27.664585494995116
543842930470748101,0.0,0.0,0.0,0.0,0.0
543942929861115802,0.0,0.0,0.0,0.0,0.0
543942930454431102,0.0,0.0,0.0,0.0,0.0
544042930546906902,0.0,0.0,0.0,0.0,0.0
544142930477290902,0.0,0.0,0.0,0.0,0.0
544142930527736401,0.0,0.0,0.0,0.0,0.0
544342930461160202,0.0,0.0,0.0,0.0,0.0
544442930534290402,0.0,0.0,0.0,0.0,0.0
544842929091483101,2.357142925262451,6.814717153786878,65.69440774988992,13.456724166870117,95.40604144305922
544842930472859602,5.0,7.669904798497268,115.33770491803278,32.23595428466797,207.0874304516068
545142927968949301,0.0,0.0,0.0,0.0,0.0
545142930525857501,0.0,0.0,0.0,0.0,0.0
545242930452170201,0.0,0.0,0.0,0.0,0.0
545442930516399001,0.0,0.0,0.0,0.0,0.0
545442930549864302,0.0,0.0,0.0,0.0,0.0
545542929704005801,0.0,0.0,0.0,0.0,0.0
545542930518725601,2.195122003555298,20.066221783449933,106.0,81.99222564697266,822.7151009676808
545742930518330102,0.0,0.0,0.0,0.0,0.0
545842930462759002,0.0,0.0,0.0,0.0,0.0
545842930521406102,2.753424644470215,7.161888054177337,36.594590268886044,81.04350280761719,522.8178418754158
545842930528948202,0.0,0.0,0.0,0.0,0.0
545942930531461501,0.0,0.0,0.0,0.0,0.0
546142930543021401,0.5666666626930237,4.3053001637457955,21.860211246828346,32.8525390625,258.31800966988186
546442930463560202,0.9887640476226807,6.136836895596128,23.994382304258416,65.62387084960938,546.1785004110604
546642930527206702,0.0,0.0,0.0,0.0,0.0
546842930522448401,0.0,0.0,0.0,0.0,0.0
547042930474978302,0.0,0.0,0.0,0.0,0.0
547042930517487202,0.0,0.0,0.0,0.0,0.0
547042930531498801,0.0,0.0,0.0,0.0,0.0
547642930532282601,0.0,0.0,0.0,0.0,0.0
547742930526035202,0.0,0.0,0.0,0.0,0.0
547742930538261001,0.0,0.0,0.0,0.0,0.0
548142928074373402,0.0,0.0,0.0,0.0,0.0
548242930550008501,0.0,0.0,0.0,0.0,0.0
548342930527872802,0.0,0.0,0.0,0.0,0.0
548542928790834402,0.0,0.0,0.0,0.0,0.0
548642929800443002,0.0,0.0,0.0,0.0,0.0
548842930519045702,0.0,0.0,0.0,0.0,0.0
548842930524558501,0.0,0.0,0.0,0.0,0.0
548842930531426702,0.0,0.0,0.0,0.0,0.0
548942930459670202,0.0,0.0,0.0,0.0,0.0
548942930468881502,0.30000001192092896,10.166677089747537,17.857142857142858,28.961536407470703,305.0002977343028
549842930531368902,0.0,0.0,0.0,0.0,0.0
551142930012217002,4.931034564971924,9.08190802444795,124.10567823343848,0.0,263.3753324562819
551142930534783602,0.0,0.0,0.0,0.0,0.0
551142930546057701,0.0,0.0,0.0,0.0,0.0
551242930516939202,0.0,0.0,0.0,0.0,0.0
551242930525237102,0.0,0.0,0.0,0.0,0.0
551342930475628502,0.0,0.0,0.0,0.0,0.0
551342930510981301,0.0,0.0,0.0,0.0,0.0
551442930461046401,0.0,0.0,0.0,0.0,0.0
551542930510651401,0.0,0.0,0.0,0.0,0.0
551642930462492502,4.090909004211426,16.008836726730987,70.35187287173666,11.76118278503418,176.0972078275013
551742930537219302,0.0,0.0,0.0,0.0,0.0
551842930474095401,0.0,0.0,0.0,0.0,0.0
551942930461508601,0.0,0.0,0.0,0.0,0.0
552042930517985101,2.954545497894287,13.089939429402834,163.8153846153846,44.57895278930664,575.9573261307319
552142930517714802,2.853658437728882,7.906136100066269,159.90192180251822,64.67261505126953,648.3031349308527
552242928021779802,0.0,0.0,0.0,0.0,0.0
552442930517302801,0.0,0.0,0.0,0.0,0.0
552542930469038101,0.0,0.0,0.0,0.0,0.0
552642930476017702,0.0,0.0,0.0,0.0,0.0
552742930511122301,0.0,0.0,0.0,0.0,0.0
552742930519002501,0.0,0.0,0.0,0.0,0.0
552842930520109302,0.0,0.0,0.0,0.0,0.0
552842930526058302,0.0,0.0,0.0,0.0,0.0
552842930534076701,0.0,0.0,0.0,0.0,0.0
553042930522335502,2.0,1.7084316070095715,1.7084650509308044,0.2551930248737335,1.7084316070095715
553142927979773102,0.0,0.0,0.0,0.0,0.0
553142930519641901,0.0,0.0,0.0,0.0,0.0
553142930525095601,0.0,0.0,0.0,0.0,0.0
553442930447528101,0.0,0.0,0.0,0.0,0.0
553442930457344001,0.0,0.0,0.0,0.0,0.0
553642930530697802,0.0,0.0,0.0,0.0,0.0
553742928726828901,0.0,0.0,0.0,0.0,0.0
553942930537403801,0.0,0.0,0.0,0.0,0.0
554042930531433001,4.92307710647583,7.08550922439759,61.815394912985276,32.63653564453125,276.3348571164541
554142930459817702,0.0,0.0,0.0,0.0,0.0
554242930542090802,0.0,0.0,0.0,0.0,0.0
554242930543050701,6.625,9.985066383992166,114.44444444444444,55.70026397705078,399.40264783897294
554342930457428302,0.0,0.0,0.0,0.0,0.0
554442929583904102,0.0,0.0,0.0,0.0,0.0
554442930480398002,0.0,0.0,0.0,0.0,0.0
554542928560706302,0.0,0.0,0.0,0.0,0.0
554542928683902002,0.0,0.0,0.0,0.0,0.0
554542930523931701,3.0,6.2179935502251755,17.406854130052725,3.1674067974090576,37.307961194083646
554642930527272401,0.0,8.11505031779661,0.0,59.06769943237305,681.6642145952128
554842930541292702,2.1363637447357178,13.678648349139962,123.8407163053723,109.80480194091797,902.790800664472
554942928088031901,0.0,0.0,0.0,0.0,0.0
554942930477615202,0.0,0.0,0.0,0.0,0.0
554942930525147302,0.5972222089767456,6.6515583644484355,9.567066830513282,49.84955596923828,478.912228750973
555042930460461801,0.0,0.0,0.0,0.0,0.0
555142929726669102,0.0,0.0,0.0,0.0,0.0
555142930521219102,3.222222328186035,15.2332042826379,139.63605678680645,72.11614990234375,1096.7907528161454
555542929774131802,3.6285715103149414,11.242334973526704,113.74647022713322,28.872121810913086,393.481711086135
556042930456816801,4.666666507720947,5.77136939107258,35.502372444496515,18.826087951660156,103.88465166362865
556342930477631501,0.0,0.0,0.0,0.0,0.0
556442930454854102,0.0,0.0,0.0,0.0,0.0
556742930508706002,0.0,0.0,0.0,0.0,0.0
556742930527870101,0.0,0.0,0.0,0.0,0.0
556742930538894801,0.0,0.0,0.0,0.0,0.0
556742930544434101,0.0,0.0,0.0,0.0,0.0
556842930548802901,0.0,0.0,0.0,0.0,0.0
557042930543946701,0.0,0.0,0.0,0.0,0.0
557142930527185802,0.0,0.0,0.0,0.0,0.0
557142930548186002,0.0,0.0,0.0,0.0,0.0
557242928726103501,0.0,0.0,0.0,0.0,0.0
557242930515969802,0.0,0.0,0.0,0.0,0.0
557342930519016702,0.0,0.0,0.0,0.0,0.0
557442930461953502,6.4285712242126465,21.68454258050203,105.2738336713996,13.626605033874512,151.79180276804956
557842930459073502,0.0,0.0,0.0,0.0,0.0
557942930462279901,0.0,0.0,0.0,0.0,0.0
557942930533494001,0.0,0.0,0.0,0.0,0.0
558042930452454801,0.0,0.0,0.0,0.0,0.0
558142930464202002,0.0,0.0,0.0,0.0,0.0
558142930542231401,4.5333333015441895,10.381916713100544,109.7518573551263,0.0,155.7287469479399
558342930459575501,0.0,0.0,0.0,0.0,0.0
558442930469720701,0.0,0.0,0.0,0.0,0.0
558442930509513301,0.0,0.0,0.0,0.0,0.0
558542930457990002,0.0,0.0,0.0,0.0,0.0
558842930447952101,0.0,0.0,0.0,0.0,0.0
558842930527041001,0.0,0.0,0.0,0.0,0.0
559042929514327501,0.0,0.0,0.0,0.0,0.0
559042930459904901,0.0,0.0,0.0,0.0,0.0
559042930540567602,0.0,0.0,0.0,0.0,0.0
559142930449974901,4.223684310913086,7.321513118360859,105.95595875009693,65.53627014160156,556.4349754543797
559342930474453902,0.0,0.0,0.0,0.0,0.0
559442928242647001,0.0,0.0,0.0,0.0,0.0
559442930531483002,0.0,0.0,0.0,0.0,0.0
559542930523324601,0.0,0.0,0.0,0.0,0.0
559642930035056801,0.0,0.0,0.0,0.0,0.0
559642930456132201,6.157894611358643,12.74081017517301,88.69411764705882,19.700075149536133,242.07539577814123
559742930525871201,0.0,0.0,0.0,0.0,0.0
559842930517085602,0.0,0.0,0.0,0.0,0.0
561142930458888302,0.0,0.0,0.0,0.0,0.0
561242930460817802,0.3529411852359772,8.553619701557093,31.796940448005827,64.31377410888672,581.6461517661892
561342930508219601,236.0,9.191584449063326,9.19159963288884,0.8377251029014587,9.191584449063326
561542928897699201,0.0,0.0,0.0,0.0,0.0
561542930473946302,0.0,0.0,0.0,0.0,0.0
561742930458343901,0.0,0.0,0.0,0.0,0.0
561742930527745402,4.06779670715332,7.0203122172116315,120.58252895752896,36.50293731689453,414.1984276210019
561842930508624602,0.0,0.0,0.0,0.0,0.0
562142930457999401,0.0,0.0,0.0,0.0,0.0
562242930516762201,0.5428571701049805,8.613257769808744,40.65573770491803,38.948829650878906,301.4640293475709
562542927901384601,5.0,8.130155111399615,8.13016165507999,1.6575965881347656,8.130155111399615
562542930524733502,3.4680850505828857,13.359459212662337,179.93350649350648,85.15076446533203,1255.7891454424177
562642929859057801,0.0,0.0,0.0,0.0,0.0
562642930533395402,3.8641974925994873,19.359202372521246,272.10764872521247,79.04658508300781,1568.0954546963526
562742928592805401,0.0,0.0,0.0,0.0,0.0
562842930535224101,0.0,0.0,0.0,0.0,0.0
562942930400107802,0.0,0.0,0.0,0.0,0.0
562942930472538801,3.59183669090271,6.543347470840075,138.89630528586838,63.40644073486328,641.2480370975235
562942930524087901,4.566666603088379,25.045674467118307,264.8942498347654,64.94080352783203,751.3702713486696
563042930447412502,1.0,36.59429068216463,73.1890243902439,4.788427352905273,73.18858017339939
563242930523466202,4.192307472229004,7.875883184491632,56.60476581758422,21.405384063720703,204.7729664288533
563342930517166701,0.0,0.0,0.0,0.0,0.0
563442930478766302,0.0,0.0,0.0,0.0,0.0
563842930518338801,4.833333492279053,13.31386962337018,175.24716553287982,51.61600112915039,479.29930093985837
563842930519687902,0.0,0.0,0.0,0.0,0.0
563942929879951101,0.0,0.0,0.0,0.0,0.0
563942930518265001,0.0,0.0,0.0,0.0,0.0
564042930467698902,0.0,0.0,0.0,0.0,0.0
564042930474130202,0.0,0.0,0.0,0.0,0.0
564042930545302301,0.0,0.0,0.0,0.0,0.0
564142930473610102,0.0,13.792933869002637,238.95330115204885,139.80015563964844,979.2983166725866
564142930541405401,3.4000000953674316,6.4358155321682275,70.80812076202777,19.914167404174805,128.71630515473328
564242930479823502,0.0,0.0,0.0,0.0,0.0
564242930548268301,0.0,0.0,0.0,0.0,0.0
564442930461651601,0.0,0.0,0.0,0.0,0.0
564542930474770502,3.6470587253570557,9.800880572738908,154.84505119453925,37.88345718383789,333.22994413929183
564542930518717701,0.0,0.0,0.0,0.0,0.0
564642930546316601,0.0,0.0,0.0,0.0,0.0
564842930451772701,0.0,0.0,0.0,0.0,0.0
564942930476944301,0.0,6.458237671114832,0.0,72.7660903930664,613.5326136975441
564942930510791302,0.0,0.0,0.0,0.0,0.0
564942930545163102,0.0,0.0,0.0,0.0,0.0
565042929230337001,0.0,0.0,0.0,0.0,0.0
565142930531312102,0.7669903039932251,6.28790970883006,46.43279569892473,92.5996322631836,647.6547044216333
565242929417347501,0.0,0.0,0.0,0.0,0.0
565542930466898901,0.0,0.0,0.0,0.0,0.0
565742930510705701,3.25,41.90938720703125,473.8,47.155494689941406,1005.8253331502278
565742930510970501,0.0,0.0,0.0,0.0,0.0
565742930533556001,0.0,0.0,0.0,0.0,0.0
565842930455500602,0.0,0.0,0.0,0.0,0.0
565942930532283302,0.0,0.0,0.0,0.0,0.0
566042930480045402,0.0,0.0,0.0,0.0,0.0
566242930517841701,0.0,0.0,0.0,0.0,0.0
566342930464201901,4.473684310913086,13.742857438472575,270.51445756539016,90.07416534423828,1044.4571907861043
566342930534237701,0.0,0.0,0.0,0.0,0.0
566842928663876202,5.65625,14.160658900750144,93.72562031159839,32.56313705444336,453.1410959533234
566842930455650202,2.49350643157959,8.083275859335362,149.26623541349568,0.0,622.4122345586761
566842930471587602,0.0,0.0,0.0,0.0,0.0
566842930521696602,0.0,0.0,0.0,0.0,0.0
566842930527942301,0.0,0.0,0.0,0.0,0.0
566842930546245201,0.0,0.0,0.0,0.0,0.0
566942930474848802,0.0,0.0,0.0,0.0,0.0
567042930474703002,0.0,0.0,0.0,0.0,0.0
567242930525117701,0.0,0.0,0.0,0.0,0.0
567242930534208901,2.799999952316284,4.150583960652834,14.080769230769231,2.0492379665374756,20.752919006347657
567242930538634301,0.0,0.0,0.0,0.0,0.0
567342930478576802,0.0,0.0,0.0,0.0,0.0
567442929268241802,0.0,0.0,0.0,0.0,0.0
567442930519118001,4.314285755157471,5.133640208207982,33.176494183714404,29.533042907714844,179.6774128792614
567542930477190301,0.0,0.0,0.0,0.0,0.0
567742930536589701,0.0,0.0,0.0,0.0,0.0
567842930533979901,0.0,8569.29793814433,0.0,98.32492065429688,8569.29793814433
567942930449203501,0.0,0.0,0.0,0.0,0.0
567942930477467801,3.076923131942749,7.449991367403315,38.25345303867403,11.100764274597168,96.84988979950795
568142930509898301,3.5,9.508957615767317,19.017986988136244,2.498134136199951,19.017914484070033
568242930474081501,0.0,0.0,0.0,0.0,0.0
568542928888035401,0.0,0.0,0.0,0.0,0.0
568642930448284102,1.5774648189544678,8.472618643986857,88.2429706601467,0.0,601.5559147004685
568642930517970701,0.0,0.0,0.0,0.0,0.0
568642930549098001,0.0,0.0,0.0,0.0,0.0
568742930508158102,0.0,0.0,0.0,0.0,0.0
568842930508896801,0.0,0.0,0.0,0.0,0.0
568842930526668401,0.0,0.0,0.0,0.0,0.0
568842930535912902,0.0,0.0,0.0,0.0,0.0
568942930521809401,0.0,0.0,0.0,0.0,0.0
569042929989643102,0.0,0.0,0.0,0.0,0.0
569042930474384601,0.0,0.0,0.0,0.0,0.0
569042930522915601,0.0,0.0,0.0,0.0,0.0
569042930532748602,0.0,0.0,0.0,0.0,0.0
569142930524772701,5.0,18.99917255523067,24.574398960363872,7.900344371795654,37.99834637954841
569242930448533202,0.0,0.0,0.0,0.0,0.0
569242930518886302,0.0,0.0,0.0,0.0,0.0
569242930520724301,0.0,0.0,0.0,0.0,0.0
569242930544909101,0.0,0.0,0.0,0.0,0.0
569342930546613702,0.0,0.0,0.0,0.0,0.0
569442930455416802,4.069767475128174,9.737008692365835,162.99168556311415,87.7074966430664,837.3827361868322
569442930534471901,4.833333492279053,7.398621891874238,38.3792893224177,10.767831802368164,88.78346009778552
569742930520040302,0.0,0.0,0.0,0.0,0.0
571142930478703301,0.0,0.0,0.0,0.0,0.0
571242930462540901,1.5694444179534912,5.880446475495993,25.710550518985677,50.90249252319336,423.39215344340175
571442928168238301,0.0,0.0,0.0,0.0,0.0
571442930518125902,0.0,0.0,0.0,0.0,0.0
571542928191310502,2.7701148986816406,12.249885110294118,98.69117647058823,64.09877014160156,1065.7400164744433
571642930517592301,0.0,0.0,0.0,0.0,0.0
571642930525404001,0.0,0.0,0.0,0.0,0.0
571642930529436001,0.0,0.0,0.0,0.0,0.0
571842930449526801,0.0,0.0,0.0,0.0,0.0
571942930519538402,0.0,0.0,0.0,0.0,0.0
572042930477638502,3.799999952316284,4.546804021773183,51.53696741854637,20.08796501159668,136.40412566297334
572242930476538501,0.0,0.0,0.0,0.0,0.0
572442930520255801,0.0,0.0,0.0,0.0,0.0
572542930519030002,2.0,22.738878980562447,32.8560794044665,5.991913795471191,45.47775715338089
572642930456622302,0.0,0.0,0.0,0.0,0.0
572642930468538502,0.0,0.0,0.0,0.0,0.0
572742930509858301,0.0,0.0,0.0,0.0,0.0
572742930525592201,0.0,0.0,0.0,0.0,0.0
573042929681101202,0.0,0.0,0.0,0.0,0.0
573042930464326101,0.0,0.0,0.0,0.0,0.0
573242930529251302,0.0,0.0,0.0,0.0,0.0
573342929456888301,4.166666507720947,5.302163641467065,32.9185628742515,9.316933631896973,63.62596533617336
573542930474819301,0.0,0.0,0.0,0.0,0.0
573642930517772902,0.0,0.0,0.0,0.0,0.0
573742930451856301,0.0,0.0,0.0,0.0,0.0
573842929155647901,0.0,0.0,0.0,0.0,0.0
573842930453679001,0.0,0.0,0.0,0.0,0.0
573842930464965301,5.352941036224365,14.809506356265743,192.0352644836272,31.120485305786133,251.7616143598965
573842930542908001,0.0,0.0,0.0,0.0,0.0
574042930462561401,28.0,1.3145285977589174,3.943679599499374,0.485566109418869,3.943585869666184
574142930464398002,0.0,0.0,0.0,0.0,0.0
574142930517773901,0.0,0.0,0.0,0.0,0.0
574642930461515002,0.0,0.0,0.0,0.0,0.0
574642930461999801,0.0,0.0,0.0,0.0,0.0
574942930517405201,0.0,0.0,0.0,0.0,0.0
575342930459315802,0.0,0.0,0.0,0.0,0.0
575542930456924902,0.0,0.0,0.0,0.0,0.0
575742929649255602,0.0,0.0,0.0,0.0,0.0
575742930543431602,0.0,0.0,0.0,0.0,0.0
575942929642387902,0.0,0.0,0.0,0.0,0.0
575942930519477602,0.0,0.0,0.0,0.0,0.0
575942930530011001,0.0,0.0,0.0,0.0,0.0
576142929047937501,0.0,0.0,0.0,0.0,0.0
576242930508191701,0.0,0.0,0.0,0.0,0.0
576342929644467501,5.046875,47.933520291758846,680.816371681416,86.09322357177734,3067.7453986395776
577042930529391901,0.0,0.0,0.0,0.0,0.0
577342930460467902,0.0,0.0,0.0,0.0,0.0
577642930456314401,0.0,0.0,0.0,0.0,0.0
577642930542833502,0.0,0.0,0.0,0.0,0.0
577842930517373302,0.0,0.0,0.0,0.0,0.0
577842930525195102,0.0,0.0,0.0,0.0,0.0
578242930461628901,0.0,1.137915339098771,1.137915339098771,0.1916128695011139,1.137915339098771
578342930453531001,0.0,0.0,0.0,0.0,0.0
578442930477795202,0.0,0.0,0.0,0.0,0.0
578542930449771801,2.669565200805664,3.6416538766214477,61.14526190711952,57.64927291870117,418.7901882266205
578542930477348802,0.0,0.0,0.0,0.0,0.0
578542930538582801,4.013698577880859,7.919788690187912,113.5484308407594,67.67206573486328,578.1445587229147
578642928247046702,0.0,0.0,0.0,0.0,0.0
578642930450407501,0.0,0.0,0.0,0.0,0.0
578742930456531402,0.0,0.0,0.0,0.0,0.0
578842930544158201,0.0,0.0,0.0,0.0,0.0
578942930527274801,0.0,0.0,0.0,0.0,0.0
579142930524604301,0.0,0.0,0.0,0.0,0.0
579142930543145301,0.0,0.0,0.0,0.0,0.0
579342930462972902,0.0,0.0,0.0,0.0,0.0
579342930530210801,0.0,0.0,0.0,0.0,0.0
579542930533839801,1.1888889074325562,15.854485298170195,89.09876543209876,65.15886688232422,1426.9037393934932
579742930464612902,3.25,13.939936429430917,84.82332955832389,44.09373092651367,278.79873421670084
579842929543736402,0.0,0.0,0.0,0.0,0.0
581142928021939101,3.617647171020508,29.175182711693548,163.55555555555554,39.04640579223633,991.9562177213717
581142929514065002,0.0,0.0,0.0,0.0,0.0
581142930456597102,165.0,28.60462401586116,28.604620424113556,3.5812652111053467,28.60462401586116
581142930550197802,0.0,0.0,0.0,0.0,0.0
581342930458767201,0.0,0.0,0.0,0.0,0.0
581342930517552302,0.0,0.0,0.0,0.0,0.0
581342930542448702,0.0,0.0,0.0,0.0,0.0
581542930464865602,3.5,18.630820760921555,135.51020408163265,17.384605407714844,409.878061644885
581542930519191201,0.0,0.0,0.0,0.0,0.0
581542930531076401,0.0,0.0,0.0,0.0,0.0
581842930541975902,0.0,0.0,0.0,0.0,0.0
581942930529283101,0.0,0.0,0.0,0.0,0.0
582142930517224801,0.0,0.0,0.0,0.0,0.0
582142930517408502,0.0,3.323535124615322,0.0,27.581342697143555,172.8238214629346
582342930449478601,0.0,0.0,0.0,0.0,0.0
582442930543160701,0.0,0.0,0.0,0.0,0.0
582442930544226302,0.0,0.0,0.0,0.0,0.0
582742930465726302,0.0,0.0,0.0,0.0,0.0
582842930220790102,0.0,0.0,0.0,0.0,0.0
582842930527808601,0.0,0.0,0.0,0.0,0.0
582842930538678201,0.0,0.0,0.0,0.0,0.0
582942930480100701,0.0,0.0,0.0,0.0,0.0
582942930527405202,0.0,0.0,0.0,0.0,0.0
583142930542128701,0.0,0.0,0.0,0.0,0.0
583242930458535402,0.0,0.0,0.0,0.0,0.0
583342930515495901,0.0,0.0,0.0,0.0,0.0
583442930447834902,0.0,0.0,0.0,0.0,0.0
583442930515472902,3.621951103210449,9.486503083073588,98.52161539503997,0.0,777.8932380174812
583542930452714702,0.0,0.0,0.0,0.0,0.0
583642930534574102,2.7261905670166016,12.145223644476113,145.58740499457113,92.06929016113281,1020.1987669506757
583742930462041502,0.0,0.0,0.0,0.0,0.0
583742930524576502,0.0,0.0,0.0,0.0,0.0
583742930549754102,0.0,0.0,0.0,0.0,0.0
583842930523464402,0.0,0.0,0.0,0.0,0.0
584042930474517201,0.0,0.0,0.0,0.0,0.0
584042930515521701,0.0,0.0,0.0,0.0,0.0
584042930525849001,0.0,0.0,0.0,0.0,0.0
584142930509593402,0.0,0.0,0.0,0.0,0.0
584242930527056502,0.0,0.0,0.0,0.0,0.0
584342929439542302,0.0,0.0,0.0,0.0,0.0
584442930456661802,0.0,0.0,0.0,0.0,0.0
584542930460728101,3.3529412746429443,5.313386732360627,52.21968641114982,61.69247817993164,451.63788516214083
584642929069856702,0.0,0.0,0.0,0.0,0.0
584742930548988402,4.8125,6.383929978755482,306.42839912280704,32.410160064697266,306.4286453079759
584842930532016401,0.0,0.0,0.0,0.0,0.0
584842930549536902,0.0,0.0,0.0,0.0,0.0
584942929166082202,0.0,0.0,0.0,0.0,0.0
585042929816225002,0.0,0.0,0.0,0.0,0.0
585042930524706102,0.0,0.0,0.0,0.0,0.0
585142929494098001,0.0,0.0,0.0,0.0,0.0
585142930455279902,1.0,1.8400220005384693,1.8400120216389502,0.1517084836959839,1.8400220005384693
585342930476207401,0.0,0.0,0.0,0.0,0.0
585342930525444502,0.0,0.0,0.0,0.0,0.0
585542930470647202,0.0,0.0,0.0,0.0,0.0
585642930015479602,0.0,0.0,0.0,0.0,0.0
585642930507653402,0.0,0.0,0.0,0.0,0.0
585742930455366802,0.0,0.0,0.0,0.0,0.0
585942930469500002,0.0,0.0,0.0,0.0,0.0
586142929321228501,0.0,0.0,0.0,0.0,0.0
586242930528427301,0.0,0.0,0.0,0.0,0.0
586342930521266002,2.745901584625244,8.429666940789474,224.5425837320574,145.72024536132812,1028.4193577311637
586342930546496302,2.25,2.949297307476701,8.595473337537664,1.9199750423431396,11.797189366766519
586442930515845701,3.540816307067871,9.895550073859853,193.47852862849533,67.88575744628906,969.7639370001903
586442930542132202,0.0,0.0,0.0,0.0,0.0
586542930542625602,2.896103858947754,28.225560897435898,381.65299145299144,65.18403625488281,2173.3682347876393
586642930459044301,5.733333110809326,9.75147228422619,39.94833333333333,15.819877624511719,146.27208228701636
586642930509511902,0.0,0.0,0.0,0.0,0.0
586642930547111102,0.0,0.0,0.0,0.0,0.0
586742930472476902,0.0,0.0,0.0,0.0,0.0
586742930473877602,0.0,0.0,0.0,0.0,0.0
586742930539668202,0.0,0.0,0.0,0.0,0.0
586842930526323702,0.0,0.0,0.0,0.0,0.0
587042930509703002,0.0,0.0,0.0,0.0,0.0
587142930461747102,0.0,0.0,0.0,0.0,0.0
587742928281527002,0.0,0.0,0.0,0.0,0.0
587742930460346402,0.0,0.0,0.0,0.0,0.0
587742930472337201,0.0,0.0,0.0,0.0,0.0
587942929417447601,0.0,0.0,0.0,0.0,0.0
587942930524650302,0.0,0.0,0.0,0.0,0.0
587942930529959002,0.0,0.0,0.0,0.0,0.0
588042929417233502,0.0,0.0,0.0,0.0,0.0
588042930534336502,0.3333333432674408,18.197602302797378,33.51814516129032,79.12073516845703,1474.005762398243
588142929231894901,0.0,0.0,0.0,0.0,0.0
588142930449937102,4.5,5.727727765079148,23.104803493449783,3.448857545852661,34.366367401167466
588142930529250001,0.0,0.0,0.0,0.0,0.0
588142930534105601,0.0,0.0,0.0,0.0,0.0
588242930462767202,1.75,46.97759971309631,131.88028802880288,28.036800384521484,375.82079243080557
588242930510749901,0.0,0.0,0.0,0.0,0.0
588642930455895302,0.0,0.0,0.0,0.0,0.0
588642930473831901,2.747572898864746,3.4014726893397285,60.10695083742699,71.311767578125,350.3516841335545
588642930543710601,0.0,0.0,0.0,0.0,0.0
588642930546161702,0.0,0.0,0.0,0.0,0.0
588742930541310501,0.0,0.0,0.0,0.0,0.0
588842930526032001,0.0,0.0,0.0,0.0,0.0
588842930530071501,0.0,0.0,0.0,0.0,0.0
588842930531093601,4.047618865966797,9.86117217614262,135.72466960352423,19.296127319335938,207.08461348075699
588942930454522301,0.13432836532592773,11.384811197916667,3.1533333333333333,77.25572967529297,762.7823682276407
588942930460786702,0.0,0.0,0.0,0.0,0.0
588942930509288502,0.0,0.0,0.0,0.0,0.0
589142930533897302,0.0,0.0,0.0,0.0,0.0
589242930509826302,0.0,0.0,0.0,0.0,0.0
589342930458575501,0.0,0.0,0.0,0.0,0.0
589342930543595001,0.0,0.0,0.0,0.0,0.0
589642930477663402,0.0,0.0,0.0,0.0,0.0
589642930522282001,0.0,13.668639508928571,13.668571428571429,1.059037208557129,13.668639508928571
589742930477775701,0.0,0.0,0.0,0.0,0.0
589842930532627701,0.0,0.0,0.0,0.0,0.0
589942930461929202,3.7804877758026123,13.907958295402823,174.01875284478834,131.1472930908203,1140.452626767547
591142930517656102,4.2682929039001465,5.492588807697873,122.91187961221242,79.29759979248047,450.3922844667232
591242930459409302,0.0,0.0,0.0,0.0,0.0
591242930525928101,3.7058823108673096,9.534760810959508,95.16619718309859,16.162506103515625,162.0909316371864
591442930460881901,0.0,0.0,0.0,0.0,0.0
591442930542682902,0.0,0.0,0.0,0.0,0.0
591542929861064502,1.7536232471466064,8.528211175616836,57.429935858420336,0.0,588.4465815991831
591642929696689202,0.0,0.0,0.0,0.0,0.0
591642930520245202,0.0,0.0,0.0,0.0,0.0
591742930528396801,0.0,0.0,0.0,0.0,0.0
591842930466935302,0.0,13.193826757052529,13.19325551232166,1.0882600545883179,13.193826757052529
591942930475826602,0.0,0.0,0.0,0.0,0.0
592142930449312802,2.5211267471313477,15.196708319698953,185.38743455497382,90.83519744873047,1078.966279919651
592242930477337602,0.0,0.0,0.0,0.0,0.0
592342929488844701,0.0,0.0,0.0,0.0,0.0
592342930459708602,0.0,0.0,0.0,0.0,0.0
592442930463877002,0.0,0.0,0.0,0.0,0.0
592542929272083201,0.0,0.0,0.0,0.0,0.0
592542930458683501,0.1690140813589096,10.883694059487292,4.648553900087642,95.19999694824219,772.7422480487071
592542930471919401,0.0,0.0,0.0,0.0,0.0
592542930473120501,0.0,0.0,0.0,0.0,0.0
592642930456067102,0.0,0.0,0.0,0.0,0.0
592842930526388301,0.0,0.0,0.0,0.0,0.0
593042930472567801,0.0,0.0,0.0,0.0,0.0
593042930525941702,0.0,0.0,0.0,0.0,0.0
593242930475730801,2.7564103603363037,7.113449393303458,69.17470335773794,75.9604721069336,554.8490633079723
593342930477133702,0.0,0.0,0.0,0.0,0.0
593342930550723402,7.360000133514404,39.5142877473304,291.678391959799,56.15309524536133,987.8571814148869
593442930515371502,0.0,0.0,0.0,0.0,0.0
593442930549666501,0.0,0.0,0.0,0.0,0.0
593542929061068602,3.34375,9.580485103472883,96.25271170313987,39.792877197265625,306.57552665815706
593542930521351902,0.0,0.0,0.0,0.0,0.0
593542930527158301,0.0,0.0,0.0,0.0,0.0
593742930508002202,0.0,0.0,0.0,0.0,0.0
593742930521614202,0.0,0.0,0.0,0.0,0.0
593942930528641901,2.747368335723877,5.591409581556503,56.72513210345787,70.76065063476562,531.1839077179388
594142930457190501,0.0,0.0,0.0,0.0,0.0
594442930508177201,0.0,0.0,0.0,0.0,0.0
594542930541697702,0.0,0.0,0.0,0.0,0.0
594642930449328501,0.0,0.0,0.0,0.0,0.0
594642930515594001,0.0,0.0,0.0,0.0,0.0
594642930531581601,0.0,0.0,0.0,0.0,0.0
595342930546098901,0.0,0.0,0.0,0.0,0.0
595642930465653401,0.0,0.0,0.0,0.0,0.0
595642930532404801,0.0,0.9802319882372161,0.9802319882372161,0.17153838276863098,0.9802319882372161
595942930518746201,4.411764621734619,10.757041091608002,143.37939977769545,66.93119812011719,731.4788141183475
596042930526196402,0.0,0.0,0.0,0.0,0.0
596142930529081401,0.0,0.0,0.0,0.0,0.0
596142930531579402,0.0,0.0,0.0,0.0,0.0
596142930546348202,0.0,0.0,0.0,0.0,0.0
596242930523059101,0.0,0.0,0.0,0.0,0.0
596342928865348301,0.0,0.0,0.0,0.0,0.0
596342930458865101,3.7555556297302246,5.699497236989368,95.8617795187465,83.25936889648438,512.9547606193358
596342930519682902,0.0,0.0,0.0,0.0,0.0
596342930530862902,0.0,0.0,0.0,0.0,0.0
596442930460384102,0.0,0.0,0.0,0.0,0.0
596442930475623901,0.0,0.0,0.0,0.0,0.0
596542928666175601,0.0,14.291166476117887,0.0,78.09510803222656,1343.3696589476372
596542930459563002,0.0,0.0,0.0,0.0,0.0
596542930459823601,0.0,0.0,0.0,0.0,0.0
596542930478696401,3.505154609680176,7.424271462411495,84.73691517423296,85.87552642822266,720.1543282356988
596842930531387001,0.0,0.0,0.0,0.0,0.0
597042930457165401,0.0,0.0,0.0,0.0,0.0
597242930449725302,3.0,5.9075370669319485,5.907357987037743,0.0,5.9075370669319485
597542930525509602,1.75,65.76323908025569,236.01704545454547,18.56346893310547,263.052959095348
597542930540997201,2.875,8.305486250717978,64.40953475014359,14.316320419311523,199.3316735054555
597842927910570102,0.0,0.0,0.0,0.0,0.0
598042930480248302,0.0,0.0,0.0,0.0,0.0
598342930464702101,0.0,0.0,0.0,0.0,0.0
598542930461791302,0.0,0.0,0.0,0.0,0.0
598542930475870101,0.0,0.0,0.0,0.0,0.0
598542930533871601,5.195121765136719,7.473857045710355,70.50775387693847,32.82868576049805,306.4281299907366
598642929013099802,0.0,17.039760387838253,0.0,94.90882873535156,869.0277587590328
598642930477505101,0.0,0.0,0.0,0.0,0.0
598742930519103702,0.0,0.0,0.0,0.0,0.0
598742930532516401,0.0,0.0,0.0,0.0,0.0
598942930524473502,0.0,0.0,0.0,0.0,0.0
598942930528649802,0.0,0.0,0.0,0.0,0.0
599242930479376201,2.951923131942749,6.023998057909605,83.69782082324456,60.626380920410156,626.4957693917411
599242930523902202,0.0,0.0,0.0,0.0,0.0
599242930530515602,0.0,0.0,0.0,0.0,0.0
599442930455207201,0.0,0.0,0.0,0.0,0.0
599442930479292302,0.0,0.0,0.0,0.0,0.0
599542930517704302,0.0,0.0,0.0,0.0,0.0
599642930529222701,4.037974834442139,8.999931325868564,266.757360122785,89.58570861816406,710.994556844825
599742930537896002,4.199999809265137,15.764990144452117,117.95764272559853,9.023310661315918,157.64990481662926
599742930543267201,0.0,0.0,0.0,0.0,0.0
599842930469507701,3.6315789222717285,7.0260938185206845,146.67153924864786,93.91874694824219,533.9831233309682
599942930477494401,0.0,0.0,0.0,0.0,0.0
599942930517386201,3.9800000190734863,6.1325699947667465,97.68086124401914,27.41014289855957,306.62848863647315
601142930530304601,0.0,0.0,0.0,0.0,0.0
601142930532628902,0.0,0.0,0.0,0.0,0.0
601342930534500301,0.0,0.0,0.0,0.0,0.0
601542930548744701,0.0,0.0,0.0,0.0,0.0
601742929704138702,0.0,0.0,0.0,0.0,0.0
601842930531541802,0.0,0.0,0.0,0.0,0.0
601942930477296302,0.0,0.0,0.0,0.0,0.0
601942930545625601,0.0,0.0,0.0,0.0,0.0
602042930459604702,3.765432119369507,6.817983999624625,154.70904237570903,67.24860382080078,552.2566832732391
602042930533617202,0.0,0.0,0.0,0.0,0.0
602142930459145702,0.0,0.0,0.0,0.0,0.0
602142930463647002,0.0,0.0,0.0,0.0,0.0
602442930461109002,2.828125,5.571168840802691,136.0376728135921,92.74706268310547,713.1096123288033
602442930476369502,0.0,0.0,0.0,0.0,0.0
602442930543862902,0.0,0.0,0.0,0.0,0.0
602542930516182701,4.886363506317139,9.582455615538736,80.07836153161175,49.45237350463867,421.6280532116775
602642930517270801,0.0,0.0,0.0,0.0,0.0
602742928923797302,0.0,0.0,0.0,0.0,0.0
602842930465367401,0.0,0.0,0.0,0.0,0.0
602842930550309601,0.0,0.0,0.0,0.0,0.0
603042930517565201,0.0,0.0,0.0,0.0,0.0
603042930517800901,0.0,0.0,0.0,0.0,0.0
603142930464879901,0.0,0.0,0.0,0.0,0.0
603142930536135501,0.0,0.0,0.0,0.0,0.0
603242929528873402,0.0,0.0,0.0,0.0,0.0
603242930453273701,0.0,0.0,0.0,0.0,0.0
603442930540543902,0.0,0.0,0.0,0.0,0.0
603542930459425401,0.0,0.0,0.0,0.0,0.0
603542930461122101,0.0,0.0,0.0,0.0,0.0
603642930473938801,0.0,0.0,-67.2855871886121,0.0,0.0
603742930532254401,10.199999809265137,25.00928544069935,87.90483056957463,17.569448471069336,125.0464250912491
603942928288395502,0.0,0.0,0.0,0.0,0.0
604042930533456501,3.3012049198150635,17.86064453125,318.89142857142855,84.94476318359375,1482.4334861537388
604442930516714501,0.0,0.0,0.0,0.0,0.0
604442930524119801,0.0,0.0,0.0,0.0,0.0
604542930549186401,0.0,0.0,0.0,0.0,0.0
604742930527736902,0.0,0.0,0.0,0.0,0.0
604942930455731001,0.0,0.0,0.0,0.0,0.0
604942930518583101,2.25,12.176063090020229,44.412677006068776,3.1677610874176025,48.704251578106565
605042930463498402,0.0,0.0,0.0,0.0,0.0
605142928043599202,0.0,0.0,0.0,0.0,0.0
605242928247165901,0.0,0.0,0.0,0.0,0.0
605242929514279101,0.0,0.0,0.0,0.0,0.0
605442930523496602,0.0,0.0,0.0,0.0,0.0
605542930518208001,0.0,0.0,0.0,0.0,0.0
605642930462346002,0.0,0.0,0.0,0.0,0.0
605842927909613602,0.0,0.0,0.0,0.0,0.0
605842929488900701,0.0,0.0,0.0,0.0,0.0
606042930459235902,3.7066667079925537,7.778796151846074,56.93492311121016,88.14203643798828,583.4097184811116
606042930524723102,0.0,0.0,0.0,0.0,0.0
606042930533821802,1.307692289352417,4.905213585639462,63.76782363977486,6.729162693023682,63.76777747215667
606142930530396101,0.0,0.0,0.0,0.0,0.0
606242930529461702,6.7727274894714355,21.88193815022068,409.3455233291299,70.45508575439453,962.8052988491323
606342930473257802,0.0,0.0,0.0,0.0,0.0
606342930520935601,0.0,0.0,0.0,0.0,0.0
606342930525324901,7.666666507720947,5.074364898951178,17.272939156035328,4.595828056335449,30.44618864499318
606442930266044402,0.0,0.0,0.0,0.0,0.0
606442930509031902,0.0,19.337330196652374,0.0,179.42420959472656,1856.3836431578784
606542930474426001,0.0,0.0,0.0,0.0,0.0
606542930508410601,0.0,0.0,0.0,0.0,0.0
606742930451742602,0.0,0.0,0.0,0.0,0.0
607042929816234301,0.0,0.0,0.0,0.0,0.0
607042930523355301,0.0,0.0,0.0,0.0,0.0
607342928096763401,0.0,0.0,0.0,0.0,0.0
607342930517964902,0.0,0.0,0.0,0.0,0.0
607542930518974101,0.0,0.0,0.0,0.0,0.0
607642930454021201,0.0,0.0,0.0,0.0,0.0
607642930463621501,0.0,0.0,0.0,0.0,0.0
607642930468169701,3.9268293380737305,9.886119948689704,157.5909090909091,50.16148376464844,405.330932916206
607642930537271102,8.0,13.439400950929151,66.46457607433217,11.41970157623291,107.5152034958896
607742930533867501,0.0,0.0,0.0,0.0,0.0
608142929309521301,0.0,0.0,0.0,0.0,0.0
608242929166128302,3.0,6.984187237317232,242.8601669330492,67.58769226074219,817.1499118301589
608342930460180901,0.0,0.0,0.0,0.0,0.0
608342930466842201,0.0,0.0,0.0,0.0,0.0
608442930450561601,0.0,0.0,0.0,0.0,0.0
608442930544190202,0.0,0.0,0.0,0.0,0.0
608642930550485002,0.0,0.0,0.0,0.0,0.0
608742930527235302,0.0,0.0,0.0,0.0,0.0
608842930448699501,4.0821919441223145,17.058126920436717,220.36192468619248,100.72186279296875,1245.2432418757403
608942930519744202,0.0,0.0,0.0,0.0,0.0
609142930478083502,0.0,0.0,0.0,0.0,0.0
609142930545018002,0.0,0.0,0.0,0.0,0.0
609242930475241401,0.0,22.123157701994245,0.0,2.110703945159912,22.123157701994245
609342930519980402,5.352941036224365,10.968200075269934,72.69767441860465,18.211475372314453,186.45940255960357
609442929613635201,0.0,0.0,0.0,0.0,0.0
609542928176021402,0.0,0.0,0.0,0.0,0.0
609742930471752701,0.0,0.0,0.0,0.0,0.0
609942930510039901,0.0,0.0,0.0,0.0,0.0
609942930528550401,0.0,0.0,0.0,0.0,0.0
611142930519056902,0.0,0.0,0.0,0.0,0.0
611242930456564601,0.0,0.0,0.0,0.0,0.0
611242930544170802,0.0,0.0,0.0,0.0,0.0
611442929236057902,0.0,0.0,0.0,0.0,0.0
611442930536252502,0.0,0.0,0.0,0.0,0.0
611542928135643301,0.0,0.0,0.0,0.0,0.0
611542930463206002,0.0,0.0,0.0,0.0,0.0
611542930465552501,0.0,0.0,0.0,0.0,0.0
611842930525086802,0.0,0.0,0.0,0.0,0.0
611842930528062002,5.028985500335693,8.596348466885539,189.5466926070039,85.63960266113281,593.1480322961831
611942930458139602,3.27368426322937,13.950710377109704,308.87004219409283,97.79837799072266,1325.3174610701292
611942930516991901,0.0,0.0,0.0,0.0,0.0
611942930525522002,0.0,0.0,0.0,0.0,0.0
612142929514163102,0.0,0.0,0.0,0.0,0.0
612342928108786601,4.9375,11.919678922522873,269.88806696515474,83.7105484008789,762.8594371163708
612342930457889302,0.0,0.0,0.0,0.0,0.0
612342930543404502,0.0,0.0,0.0,0.0,0.0
612442930473165602,0.0,0.0,0.0,0.0,0.0
612542928601833902,0.0,0.0,0.0,0.0,0.0
612742930457760601,2.444444417953491,20.071910858154297,116.17578125,69.86598205566406,1264.5304150036536
612742930473475701,0.0,0.0,0.0,0.0,0.0
612742930509766401,0.0,0.0,0.0,0.0,0.0
612942930464604802,2.7448978424072266,6.952668452648115,174.97881508078996,58.59550476074219,681.3614836084993
613142930522255301,0.0,0.0,0.0,0.0,0.0
613142930527786601,0.0,0.0,0.0,0.0,0.0
613142930541713601,0.0,0.0,0.0,0.0,0.0
613242930469281302,0.0,0.0,0.0,0.0,0.0
613342930527812301,0.0,0.0,0.0,0.0,0.0
613642930458178401,0.0,0.0,0.0,0.0,0.0
613742930531180301,0.0,0.0,0.0,0.0,0.0
613842930474030501,0.0,0.0,0.0,0.0,0.0
613842930529166701,0.0,0.0,0.0,0.0,0.0
613842930530935001,0.0,0.0,0.0,0.0,0.0
614042930510485702,0.0,0.0,0.0,0.0,0.0
614142930449855601,0.07407407462596893,5.012027875452021,21.985335544323018,31.449562072753906,270.6495052366074
614142930545162802,0.0,0.0,0.0,0.0,0.0
614242930526869301,0.0,0.0,0.0,0.0,0.0
614342930316630702,3.680000066757202,6.592628229677287,83.91721132897604,39.57693862915039,329.6314060693213
614442930529223002,0.0,0.0,0.0,0.0,0.0
614642930460835202,2.3009707927703857,7.172830522306855,172.18070366340226,71.47319030761719,738.8015674264987
614942930520133301,0.0,0.0,0.0,0.0,0.0
615042930535854102,0.0,0.0,0.0,0.0,0.0
615242930529026902,0.0,0.0,0.0,0.0,0.0
615242930534894001,0.0,0.0,0.0,0.0,0.0
615542930453514002,0.0,0.0,0.0,0.0,0.0
615542930472245601,3.419753074645996,8.359695466162009,160.12577639751552,101.3987045288086,677.1353199921286
615542930472598101,3.9852941036224365,17.809485458746188,105.85518292682927,90.45703125,1211.044990632592
615542930524160001,0.0,0.0,0.0,0.0,0.0
615642928791241702,4.833333492279053,41.42371544471154,292.4974358974359,28.329050064086914,497.0845897185497
615642930453924201,0.0,0.0,0.0,0.0,0.0
615642930548013602,0.0,0.0,0.0,0.0,0.0
615742930472569902,0.0,0.0,0.0,0.0,0.0
615742930517542101,0.0,0.0,0.0,0.0,0.0
615842930452120801,0.0,0.0,0.0,0.0,0.0
615842930464614501,0.0,0.0,0.0,0.0,0.0
615842930540550801,0.0,0.0,0.0,0.0,0.0
616142930535327501,0.0,0.0,0.0,0.0,0.0
616342928009789001,0.0,0.0,0.0,0.0,0.0
616342930540564901,3.218181848526001,11.240814114032359,105.37305538270068,79.8626937866211,618.244785415659
616542930525105801,0.0,0.0,0.0,0.0,0.0
616842929189316902,5.142857074737549,15.716288639948917,105.22115384615384,28.653398513793945,330.04206774784967
616842930524612002,3.0094339847564697,8.46494979033326,108.55749282719047,88.14751434326172,897.2846396957058
616942930507685202,128.0,224.1971164903404,224.196872125115,24.87504768371582,224.1971164903404
617242930472545102,0.0,0.0,0.0,0.0,0.0
617542930461420101,0.0,0.0,0.0,0.0,0.0
617742930535217001,0.0,0.0,0.0,0.0,0.0
617942930460510202,0.0,0.0,0.0,0.0,0.0
618042930451043001,0.0,0.0,0.0,0.0,0.0
618042930525354301,0.0,0.0,0.0,0.0,0.0
618342930517732602,3.2365591526031494,15.919771504649654,167.24307958477507,84.91999053955078,1480.5386983878059
618442930479187302,0.0,0.0,0.0,0.0,0.0
618642930476813602,0.0,0.0,0.0,0.0,0.0
618842930525478901,0.0,0.8852094890690652,3.5836134453781514,1.334763526916504,8.852094560510972
619042930458308802,0.0,0.0,0.0,0.0,0.0
619442930456902601,0.0,0.0,0.0,0.0,0.0
619642930461679002,0.0,0.0,0.0,0.0,0.0
619642930467832502,0.0,0.0,0.0,0.0,0.0
619842930518854401,0.0,0.0,0.0,0.0,0.0
621242930519112201,0.0,0.0,0.0,0.0,0.0
621342930458041402,6.666666507720947,8.427034555755046,55.57298136645963,27.533315658569336,151.68662143494032
621342930460442702,0.0,0.0,0.0,0.0,0.0
621442930509631801,0.0,0.0,0.0,0.0,0.0
621442930533515701,0.0,0.0,0.0,0.0,0.0
621442930542426801,0.0,0.0,0.0,0.0,0.0
621842928305365001,0.0,0.0,0.0,0.0,0.0
621942930527380301,0.0,0.0,0.0,0.0,0.0
622142930525597202,0.0,0.0,0.0,0.0,0.0
622342930454373401,0.0,0.0,0.0,0.0,0.0
622342930530575101,0.0,0.0,0.0,0.0,0.0
622542930524635402,0.0,0.0,0.0,0.0,0.0
623042930453137202,4.126984119415283,14.935427181772623,392.9942726231386,81.87299346923828,940.9319249652369
623042930474490501,0.0,0.0,0.0,0.0,0.0
623042930476919301,4.650793552398682,9.82591869212963,183.80751964085297,79.00953674316406,619.0328788029492
623142930537296402,3.1666667461395264,23.83545197740113,165.85499058380415,32.15965270996094,572.0508564950832
623342930473502501,3.5945944786071777,14.532551072399068,148.37849378881987,92.93510437011719,1075.4087770207327
623742930507962602,0.0,0.0,0.0,0.0,0.0
623742930536195201,4.333333492279053,11.907536844808266,140.96613545816734,36.43742370605469,428.67133404249216
623942928258542701,0.0,0.0,0.0,0.0,0.0
623942930530823901,0.0,0.0,0.0,0.0,0.0
624142929684805401,0.0,0.0,0.0,0.0,0.0
624142930451687501,0.0,0.0,0.0,0.0,0.0
624242930455754701,0.0,0.0,0.0,0.0,0.0
624242930475530502,0.0,6.471214429696341,12.893059222934742,45.49304962158203,433.57135096751085
624342930529722402,0.0,0.0,0.0,0.0,0.0
624342930532757901,0.0,0.0,0.0,0.0,0.0
624442928726031502,0.0,0.0,0.0,0.0,0.0
624442930464003901,0.0,0.0,0.0,0.0,0.0
624542930530514701,7.0,6.662987098472881,6.662980516061085,0.7499386668205261,6.662987098472881
624742930142486002,0.0,0.0,0.0,0.0,0.0
624742930530714801,3.6666667461395264,7.846268491339224,116.09416414787259,33.529640197753906,211.84923892807223
624942930479378202,0.0,0.0,0.0,0.0,0.0
624942930509974501,0.0,0.0,0.0,0.0,0.0
625042930475269601,0.0,0.0,0.0,0.0,0.0
625142930460858601,0.0,0.0,0.0,0.0,0.0
625342929466954002,0.0,0.0,0.0,0.0,0.0
625442930530055402,0.0,0.0,0.0,0.0,0.0
625542930533010301,0.0,0.0,0.0,0.0,0.0
625742930470569001,0.0,0.0,0.0,0.0,0.0
625842930518152502,0.0,0.0,0.0,0.0,0.0
626142930480164301,0.0,0.0,0.0,0.0,0.0
626142930540691101,4.0,5.907948998369182,48.40232722143865,20.60040855407715,159.5146312343721
626142930545055902,0.0,0.0,0.0,0.0,0.0
626442930541959602,0.0,0.0,0.0,0.0,0.0
626642930534157502,0.0,0.0,0.0,0.0,0.0
626742930469978402,5.599999904632568,15.982620804398149,108.92037037037036,15.075636863708496,159.82620035807292
626742930547755901,0.0,0.0,0.0,0.0,0.0
626942930531391002,0.0,0.0,0.0,0.0,0.0
626942930550762501,0.0,0.0,0.0,0.0,0.0
627142930477846402,0.0,0.0,0.0,0.0,0.0
627142930519283702,0.0,0.0,0.0,0.0,0.0
627242930521030802,0.0,0.0,0.0,0.0,0.0
627242930530633202,0.0,0.0,0.0,0.0,0.0
627742930535001801,0.0,0.0,0.0,0.0,0.0
627742930542430902,0.0,0.0,0.0,0.0,0.0
627842930454353502,0.0,0.0,0.0,0.0,0.0
627842930455116302,0.0,0.0,0.0,0.0,0.0
627842930527026502,0.0,0.0,0.0,0.0,0.0
627942930468002802,0.0,0.0,0.0,0.0,0.0
628042930476683502,0.0,0.0,0.0,0.0,0.0
628242930463571801,0.0,0.0,0.0,0.0,0.0
628242930528148101,0.0,0.0,0.0,0.0,0.0
628442930546282602,0.0,0.0,0.0,0.0,0.0
628542930529940802,4.0217390060424805,14.029620800142974,167.89746732026143,55.19158935546875,645.3625651652517
628742930447174202,0.0,0.0,0.0,0.0,0.0
629142930462199101,5.25,26.925316512709642,94.45283018867924,12.277578353881836,107.70126537906799
629342930476512301,0.0,0.0,0.0,0.0,0.0
629342930509172202,0.0,0.0,0.0,0.0,0.0
629442930454891802,0.0,0.0,0.0,0.0,0.0
629442930546221601,0.0,0.0,0.0,0.0,0.0
629542930524103602,0.0,0.0,0.0,0.0,0.0
629942930465575701,0.0,0.0,0.0,0.0,0.0
631342930544564001,57.25,97.50947180916977,322.5085501858736,31.59395408630371,390.03788530049565
631442930453559201,0.0,0.0,0.0,0.0,0.0
631442930465223901,0.0,0.0,0.0,0.0,0.0
631442930478758802,0.0,0.0,0.0,0.0,0.0
631442930534697501,2.3333332538604736,6.234449191143993,17.800574204946997,2.33650541305542,18.70334757343198
631442930544035201,0.0,0.0,0.0,0.0,0.0
631542930137891201,0.0,0.0,0.0,0.0,0.0
631642930515728402,2.7647058963775635,7.894457427252816,64.250563204005,22.294635772705078,134.2057771398666
631742929269314901,0.0,0.0,0.0,0.0,0.0
631842930544615602,0.0,0.0,0.0,0.0,0.0
631842930546616102,0.0,0.0,0.0,0.0,0.0
632142929417331502,0.0,0.0,0.0,0.0,0.0
632142930475451901,0.0,0.0,0.0,0.0,0.0
632142930529489601,0.0,0.0,0.0,0.0,0.0
632242928242485402,0.0,0.0,0.0,0.0,0.0
632242928726267002,0.0,0.0,0.0,0.0,0.0
632242930528090201,0.0,0.0,0.0,0.0,0.0
632542930460063802,1.0,0.2591344908007256,0.2591344908007256,0.0351148396730423,0.2591344908007256
632742928602899402,0.0,0.0,0.0,0.0,0.0
632742930471641102,0.0,0.0,0.0,0.0,0.0
632842930545035902,1.0,4.300195729834401,15.482051282051282,5.091920852661133,38.70176097592737
633042930524124402,0.0,0.0,0.0,0.0,0.0
633142930479439902,0.0,0.0,0.0,0.0,0.0
633142930480181601,0.0,0.0,0.0,0.0,0.0
633142930546696501,0.0,0.0,0.0,0.0,0.0
633742930519064501,0.0,0.0,0.0,0.0,0.0
634042930454923601,0.0,0.0,0.0,0.0,0.0
634142930378995901,3.0,8.59662414227844,73.1005291005291,33.17781448364258,257.8987219270575
634242930480300802,0.0,0.0,0.0,0.0,0.0
634342930517827402,0.0,0.0,0.0,0.0,0.0
634342930538918502,0.0,0.0,0.0,0.0,0.0
634442928570877701,0.0,0.0,0.0,0.0,0.0
634442928601879102,0.06172839552164078,5.886351425438597,5.5352046783625735,57.11974334716797,476.794479623538
634442930509229101,0.0,0.0,0.0,0.0,0.0
634542930516387001,0.0,0.0,0.0,0.0,0.0
634542930518933602,0.0,0.0,0.0,0.0,0.0
634542930547167301,0.0,0.0,0.0,0.0,0.0
635042930475778201,1.5,9.434701047828456,11.00373599003736,1.603662371635437,18.869402095656913
635242930466868001,0.0,0.0,0.0,0.0,0.0
635242930523886601,5.875,3.8262420602891636,14.802638966872543,3.257617712020874,30.609936002531057
635342930529573401,0.0,0.0,0.0,0.0,0.0
635442930450110302,0.0,0.0,0.0,0.0,0.0
635442930457627902,3.4827585220336914,5.0595368861901004,58.98472880463402,17.81609344482422,146.72657173843746
635542930533071202,1.8064515590667725,7.359282854861168,278.3313948726349,106.62020111083984,684.4133138119984
635842930448036901,0.0,0.0,0.0,0.0,0.0
635942930457087702,0.0,0.0,0.0,0.0,0.0
636142930528352101,0.0,0.0,0.0,0.0,0.0
636342930526638701,0.0,0.0,0.0,0.0,0.0
636442930460092501,0.0,0.0,0.0,0.0,0.0
636442930520175701,0.0,0.0,0.0,0.0,0.0
636542930536561801,0.0,0.0,0.0,0.0,0.0
636742928865301501,0.0,0.0,0.0,0.0,0.0
636742929020918202,0.0,0.0,0.0,0.0,0.0
636842930510820302,3.5,33.220482373519914,108.34015069967707,22.171024322509766,132.88193264767222
636842930525655902,3.7272727489471436,7.826570548592033,46.38296703296703,13.353452682495117,86.09227670522837
636942930472736801,0.0,0.0,0.0,0.0,0.0
637142930511097902,6.0,15.433056843231327,31.275933609958507,5.571422576904297,46.29917052969398
637542930466070001,0.0,0.0,0.0,0.0,0.0
637642930474869901,0.0,0.0,0.0,0.0,0.0
637642930550717001,0.0,0.0,0.0,0.0,0.0
637742930532452802,0.0,0.0,0.0,0.0,0.0
637842928603015501,0.0,0.0,0.0,0.0,0.0
637842930510482502,0.0,0.0,0.0,0.0,0.0
637942930548982002,0.0,0.0,0.0,0.0,0.0
638042930450992201,0.0,0.0,0.0,0.0,0.0
638042930509034601,22.33333396911621,0.2801001412527902,0.5467687074829932,0.0,1.680600890834856
638042930529760102,0.0,0.0,0.0,0.0,0.0
638042930538055401,0.0,0.0,0.0,0.0,0.0
638142930447921202,0.0,0.0,0.0,0.0,0.0
638142930450063801,3.6315789222717285,17.016458136722896,107.79709802996344,14.284637451171875,323.3127147930614
638142930455866601,0.0,30.11898072002924,106.3859649122807,12.436994552612305,271.07081541541027
638142930540569102,0.0,0.0,0.0,0.0,0.0
638242930455311801,0.0,0.0,0.0,0.0,0.0
638242930533781801,4.757575988769531,12.992955451018023,206.359479305741,74.97122192382812,857.5350918941728
638542930476079201,2.5,4.770334007532863,104.23609579621622,32.75282669067383,314.84205110484305
638642930519829201,0.0,0.0,0.0,0.0,0.0
638742930527718701,0.0,0.0,0.0,0.0,0.0
638842930452336902,0.0,0.0,0.0,0.0,0.0
639042930529309401,0.0,0.0,0.0,0.0,0.0
639142930518547302,0.0,0.0,0.0,0.0,0.0
639142930529139001,0.0,0.0,0.0,0.0,0.0
639342930454898101,0.0,0.0,0.0,0.0,0.0
639342930461614402,0.0,0.0,0.0,0.0,0.0
639342930465207602,0.0,0.0,0.0,0.0,0.0
639442928988290801,0.0,0.0,0.0,0.0,0.0
639442930538235001,0.0,0.0,0.0,0.0,0.0
639542930532563901,2.04347825050354,3.145170444023309,29.711350897553025,7.339940071105957,72.338919284176
639642930530084702,0.0,0.0,0.0,0.0,0.0
641142930477278001,0.0,0.0,0.0,0.0,0.0
641242930464771301,0.0,0.0,0.0,0.0,0.0
641242930528742302,0.0,0.0,0.0,0.0,0.0
641242930548136302,0.0,0.0,0.0,0.0,0.0
641342930545059402,0.0,0.0,0.0,0.0,0.0
641442929528823102,0.0,0.0,0.0,0.0,0.0
641442930464779301,0.0,0.0,0.0,0.0,0.0
641442930524145502,0.0,0.0,0.0,0.0,0.0
641742930516236501,0.0,0.0,0.0,0.0,0.0
641842928570742801,21.5,96.40385404236277,557.4319809069212,45.55546951293945,964.038562201088
641942930474911501,0.0,0.0,0.0,0.0,0.0
641942930534201702,0.0,0.0,0.0,0.0,0.0
642042930525103802,0.0,0.0,0.0,0.0,0.0
642142930542004602,0.0,0.0,0.0,0.0,0.0
642242930456211802,0.0,0.0,0.0,0.0,0.0
642342930453637401,0.0,0.0,0.0,0.0,0.0
642342930457120101,0.0,0.0,0.0,0.0,0.0
642542930456223802,0.0,0.0,0.0,0.0,0.0
642642930474766001,0.0,0.0,0.0,0.0,0.0
642742930526624501,0.0,0.0,0.0,0.0,0.0
643142930459533201,0.0,0.0,0.0,0.0,0.0
643142930519928302,1.7122641801834106,6.935791760089686,1470.3874439461883,160.01931762695312,1470.3879107600692
643242929821047101,0.0,0.0,0.0,0.0,0.0
643442930550034201,0.0,0.0,0.0,0.0,0.0
643742930454947202,0.0,0.0,0.0,0.0,0.0
643742930476853602,0.0,0.0,0.0,0.0,0.0
643742930524019802,0.0,0.0,0.0,0.0,0.0
643742930542962201,0.0,0.0,0.0,0.0,0.0
643942930525309802,0.0,0.0,0.0,0.0,0.0
644142930446451802,0.0,0.0,0.0,0.0,0.0
644142930474924401,2.964601755142212,4.773268734627313,85.08533846647417,80.69874572753906,539.3793447211189
644642930474099402,4.409090995788574,8.717174572617624,67.05901116427432,21.237041473388672,191.77784398031767
644642930510593801,2.1194028854370117,16.300096503178928,91.43687556766575,68.9770278930664,1092.1064706225486
644742929681216001,0.0,0.0,0.0,0.0,0.0
644742930477479302,0.0,0.0,0.0,0.0,0.0
644942930511287101,0.0,0.0,0.0,0.0,0.0
644942930516721002,0.0,0.0,0.0,0.0,0.0
645042930468804501,0.0,0.0,0.0,0.0,0.0
645242930524530001,0.0,0.0,0.0,0.0,0.0
645342930532493602,0.0,0.0,0.0,0.0,0.0
645542930453093001,0.0,0.0,0.0,0.0,0.0
645742930461298301,0.0,0.0,0.0,0.0,0.0
646142930516997802,0.0,0.0,0.0,0.0,0.0
646442930476673001,0.0,0.0,0.0,0.0,0.0
646442930515735902,3.6666667461395264,7.762670474371898,44.207196029776675,14.420907020568848,93.15204819142079
646742928967163401,0.0,0.0,0.0,0.0,0.0
646742930464184902,0.0,0.0,0.0,0.0,0.0
646742930527254501,4.083333492279053,3.7452823269751763,23.698840725806452,6.131789207458496,44.94338701617333
647042929800407201,0.0,0.0,0.0,0.0,0.0
647042930457784202,0.0,0.0,0.0,0.0,0.0
647142930520231302,0.0,0.0,0.0,0.0,0.0
647242930515716702,0.0,0.0,0.0,0.0,0.0
647242930529731001,12.6875,15.131705013736264,82.13186813186813,23.7961483001709,242.10728833544385
647542927963609202,2.7419354915618896,8.376868059756308,67.82665053577601,52.28496551513672,519.365799189644
647642930462303702,0.0,0.0,0.0,0.0,0.0
647942930515080402,0.0,5.99687136938069,0.0,38.45423126220703,353.81541794556586
648042930528529302,0.0,0.0,0.0,0.0,0.0
648342930459509102,2.1666667461395264,3.9311380652308907,22.90877272214068,3.7567780017852783,23.586829493973692
648342930463022901,7.5,0.20203033604907322,0.4040772354354852,0.042887989431619644,0.40406067209814645
648342930527411001,1.8817204236984253,14.22773957755272,101.83906770255273,70.36369323730469,1323.1798052856582
648342930534785301,0.0,0.0,0.0,0.0,0.0
648342930547014502,6.0,6.703600251582994,8.93939393939394,2.137894630432129,13.407200503165988
648442930449073502,0.0,0.0,0.0,0.0,0.0
648442930526664902,0.0,0.0,0.0,0.0,0.0
648442930547127301,0.0,0.0,0.0,0.0,0.0
648642930531693201,0.0,0.0,0.0,0.0,0.0
648742930454987101,0.0,0.0,0.0,0.0,0.0
648742930478797202,0.0,0.0,0.0,0.0,0.0
648742930524846701,4.800000190734863,11.637181527481006,30.025641025641026,7.221029281616211,58.18590670999525
648842930460023301,0.0,0.0,0.0,0.0,0.0
648942929567799701,0.0,0.0,0.0,0.0,0.0
648942930449110702,0.0,0.0,0.0,0.0,0.0
649042930527078002,0.0,0.0,0.0,0.0,0.0
649142930518226402,3.350515365600586,6.963730345536226,126.44566048556682,68.77362060546875,675.4818455530749
649342930117707001,0.0,0.0,0.0,0.0,0.0
649442930480047802,0.0,0.0,0.0,0.0,0.0
649642930467947801,0.0,0.0,0.0,0.0,0.0
649742930539647002,2.0545454025268555,10.480172523516291,102.05197827773468,95.2641830444336,1152.818954265053
649942930476139101,0.0,0.0,0.0,0.0,0.0
649942930479236002,0.0,0.0,0.0,0.0,0.0
651142930450359001,3.125,4.950135233568972,15.842567825754681,5.324192047119141,39.60108322126063
651342928887918302,0.0,0.0,0.0,0.0,0.0
651442930479445702,0.0,0.0,0.0,0.0,0.0
651642930515551701,0.0,0.0,0.0,0.0,0.0
651742930533814901,0.0,0.0,0.0,0.0,0.0
651842930526320601,0.0,0.0,0.0,0.0,0.0
651942930454825201,0.0,0.0,0.0,0.0,0.0
651942930478231102,0.0,0.0,0.0,0.0,0.0
652142930447137102,0.0,0.0,0.0,0.0,0.0
652142930509584901,0.0,0.0,0.0,0.0,0.0
652442930515802601,2.799999952316284,12.87072241156964,85.4355195283714,0.0,772.2433423946777
652542930454752501,0.0,0.0,0.0,0.0,0.0
652542930546548902,0.0,0.0,0.0,0.0,0.0
652642930533782602,1.5,9.644717615472343,29.660900969397453,4.279198169708252,38.57887046188937
652842930516145901,0.8857142925262451,15.72489093739039,44.67064188004209,92.20896911621094,1100.742323638263
652842930529521401,1.784313678741455,5.730760843266096,40.810105949470255,46.981109619140625,292.26880683214955
653042927963768501,0.0,14.977716651036085,14.977849231868525,0.0,14.977716651036085
653042930542015202,0.0,0.0,0.0,0.0,0.0
653142930459478902,0.0,0.0,0.0,0.0,0.0
653142930479524002,4.1052632331848145,4.698215679045928,36.26560531439698,33.95866394042969,178.53219901943328
653342930508972101,0.0,0.0,0.0,0.0,0.0
653342930533725301,2.4133334159851074,7.438104265945748,121.05278592375366,72.33142852783203,557.857824987447
653542930529153902,0.0,0.0,0.0,0.0,0.0
653642930462867801,0.0,0.0,0.0,0.0,0.0
653742930510384802,0.0,0.0,0.0,0.0,0.0
653842929400256501,0.0,0.0,0.0,0.0,0.0
653842929696743002,0.0,0.0,0.0,0.0,0.0
653842930453388901,0.0,0.0,0.0,0.0,0.0
653842930473075901,0.0,0.0,0.0,0.0,0.0
653942930509065402,0.0,0.0,0.0,0.0,0.0
654042930449629701,5.142857074737549,17.381516849884715,64.47167325428195,8.00527572631836,121.67061859251483
654042930470916901,0.0,0.0,0.0,0.0,0.0
654242930542632701,0.0,0.0,0.0,0.0,0.0
654342930546863601,4.0,6.340567610716445,118.80370818218461,42.0439338684082,336.0500750497482
654542930474824902,0.0,0.0,0.0,0.0,0.0
654542930477661102,0.0,0.0,0.0,0.0,0.0
654642930453465602,0.0,0.0,0.0,0.0,0.0
654642930454790701,0.0,0.0,0.0,0.0,0.0
654642930460302701,0.0,0.0,0.0,0.0,0.0
654942930509543701,0.0,0.0,0.0,0.0,0.0
655042930472188302,0.0,0.0,0.0,0.0,0.0
655042930479484502,0.0,0.0,0.0,0.0,0.0
655142928726124202,0.0,0.0,0.0,0.0,0.0
655342930509983701,0.0,0.0,0.0,0.0,0.0
655342930543181102,0.0,0.0,0.0,0.0,0.0
655442930469818502,4.5333333015441895,15.238114826165594,127.0008038585209,19.577322006225586,228.5717271884538
655442930510824702,0.0,0.0,0.0,0.0,0.0
655842928887872002,0.0,0.0,0.0,0.0,0.0
655842930523085001,0.0,9.61086813751618,0.0,76.08185577392578,941.8650582453761
656042930475018502,0.0,0.0,0.0,0.0,0.0
656242930456953401,0.0,0.0,0.0,0.0,0.0
656242930473377402,0.0,0.0,0.0,0.0,0.0
656342930342691002,0.0,0.0,0.0,0.0,0.0
656442930472250401,3.395061731338501,8.080952057649556,133.28650464834277,79.62309265136719,654.5570951413993
656542928592761601,4.666666507720947,22.28063558983376,256.78005115089513,121.79451751708984,1671.0476140951562
656542930543599602,0.0,0.0,0.0,0.0,0.0
656642930474235001,0.0,0.0,0.0,0.0,0.0
656642930517305401,1.7272727489471436,19.101616633176274,14.796008869179602,12.247814178466797,210.11777327171714
656742928789992001,0.0,0.0,0.0,0.0,0.0
656842930475431902,0.0,0.0,0.0,0.0,0.0
657242928887312101,0.0,0.0,0.0,0.0,0.0
657342930541170002,0.0,0.0,0.0,0.0,0.0
657442930477734402,2.931623935699463,15.527222158931576,291.24901850813234,133.9650421142578,1816.6849862990323
657742930465781302,0.0,0.0,0.0,0.0,0.0
657742930474796002,0.0,0.0,0.0,0.0,0.0
657742930532598501,0.0,0.0,0.0,0.0,0.0
658142930473567902,0.0,0.0,0.0,0.0,0.0
658142930546394001,0.0,0.0,0.0,0.0,0.0
658642929303719501,2.4848484992980957,5.7369679046282664,70.25910931174089,23.719236373901367,189.31994298682918
658942930456879602,0.0,0.0,0.0,0.0,0.0
658942930479038602,0.0,0.0,0.0,0.0,0.0
659142928232753901,0.0,0.0,0.0,0.0,0.0
659142930532505601,0.0,0.0,0.0,0.0,0.0
659542930519222201,3.9767441749572754,8.819895490483686,110.38609044075558,34.32723617553711,379.2555092002026
659742930464854101,0.0,0.0,0.0,0.0,0.0
659742930544352401,0.0,0.0,0.0,0.0,0.0
659842930534373901,0.0,0.0,0.0,0.0,0.0
659942929259428501,0.0,0.0,0.0,0.0,0.0
659942930461469101,0.0,0.0,0.0,0.0,0.0
659942930519363301,0.0,0.0,0.0,0.0,0.0
661142930533758202,4.066666603088379,9.881595678222887,73.70990083425153,21.102445602416992,148.22393925644442
661242930541930402,0.0,0.0,0.0,0.0,0.0
661342930531787402,0.0,0.0,0.0,0.0,0.0
661542930458841401,3.6666667461395264,11.677582215836527,16.56449553001277,4.687582492828369,35.03274540030332
661542930526107101,4.698113441467285,10.747566044633775,109.01220752797559,63.82623291015625,569.6209775162131
661642928062746602,0.0,0.0,0.0,0.0,0.0
662142928255461701,0.0,0.0,0.0,0.0,0.0
662142930529150601,0.0,0.0,0.0,0.0,0.0
662242930517506301,0.5595238208770752,10.159113204425113,54.036308623298034,66.52790069580078,853.3655377155713
662342930463195201,0.0,0.0,0.0,0.0,0.0
662342930464993502,0.0,0.0,0.0,0.0,0.0
662542930461143901,0.0,0.0,0.0,0.0,0.0
662542930525213101,0.0,0.0,0.0,0.0,0.0
662742929621897902,0.0,0.0,0.0,0.0,0.0
662742930474015002,0.0,0.0,0.0,0.0,0.0
662942930534037001,0.0,0.0,0.0,0.0,0.0
663042930479679601,0.0,0.0,0.0,0.0,0.0
663042930524347201,0.0,0.0,0.0,0.0,0.0
663142929839447601,0.0,0.0,0.0,0.0,0.0
663342930451105601,0.0,0.0,0.0,0.0,0.0
663542930529957101,0.0,0.0,0.0,0.0,0.0
663642930480208101,3.0,11.97981448933869,11.980222496909764,0.6036733388900757,11.97981448933869
663742930515497202,0.0,0.0,0.0,0.0,0.0
663842930455452701,0.0,0.0,0.0,0.0,0.0
664042930448245002,0.0,0.0,0.0,0.0,0.0
664042930459310502,0.0,0.0,0.0,0.0,0.0
664042930542970902,0.0,0.0,0.0,0.0,0.0
664242930518346602,4.869565010070801,14.81890025617446,268.9259064634787,81.38898468017578,1022.5041469507823
664642930528521401,0.0,0.0,0.0,0.0,0.0
664742929309406402,0.0,0.0,0.0,0.0,0.0
664742930179843902,0.0,0.0,0.0,0.0,0.0
664742930518939202,0.0,0.0,0.0,0.0,0.0
664742930532198301,5.0,9.727153518655864,52.64399817434961,12.84709358215332,165.36161169729402
664942930450522402,0.0,0.0,0.0,0.0,0.0
665142930474649402,0.0,0.0,0.0,0.0,0.0
665242930463609802,0.0,0.0,0.0,0.0,0.0
665342930460685202,5.849056720733643,12.655156055174563,128.61221945137157,83.01536560058594,670.7232678534681
665342930528787802,0.0,0.0,0.0,0.0,0.0
665642930550842201,0.0,0.0,0.0,0.0,0.0
665742930527645201,1.6637930870056152,6.014282527475349,61.46507806080526,41.25046157836914,697.656753607431
665842929380279101,0.0,0.0,0.0,0.0,0.0
665842930471889901,0.0,0.0,0.0,0.0,0.0
665842930528854901,0.0,0.0,0.0,0.0,0.0
665942929400362701,1.314814805984497,43.128955078125,29.541666666666668,87.15540313720703,2328.963662815094
665942930515546002,1.4333332777023315,17.809426799296784,79.30539609644087,104.02749633789062,1602.8483865091366
665942930524702001,0.0,0.0,0.0,0.0,0.0
665942930543219101,0.0,0.0,0.0,0.0,0.0
666042930475028101,0.0,0.0,0.0,0.0,0.0
666042930525712202,0.0,0.0,0.0,0.0,0.0
666142930462109402,0.0,0.0,0.0,0.0,0.0
666142930464828901,0.0,0.0,0.0,0.0,0.0
666142930533023602,0.0,0.0,0.0,0.0,0.0
666242928113204401,0.0,0.0,0.0,0.0,0.0
666242930516082801,0.0,0.0,0.0,0.0,0.0
666242930525492302,0.0,0.0,0.0,0.0,0.0
666342930519029801,0.0,0.0,0.0,0.0,0.0
666342930544643602,0.0,0.0,0.0,0.0,0.0
666442930480433801,0.0,0.0,0.0,0.0,0.0
666442930546688702,0.0,0.0,0.0,0.0,0.0
666942930531738801,1.2604166269302368,11.42439966251298,217.38234683281414,124.54840850830078,1096.7423410243334
667042929885514702,0.0,0.0,0.0,0.0,0.0
667042930450950202,3.5,80.15932781776685,158.61797752808988,7.222765922546387,160.31865220659233
667142927966337801,0.0,0.0,0.0,0.0,0.0
667142930518229601,0.0,0.0,0.0,0.0,0.0
667242930457538102,0.0,0.0,0.0,0.0,0.0
667342928113248801,2.805555582046509,3.1689088163284365,52.422487291358124,14.475847244262695,114.08071744808605
667442930464212402,0.0,0.0,0.0,0.0,0.0
667442930515645402,0.0,0.0,0.0,0.0,0.0
667442930549503402,0.0,0.0,0.0,0.0,0.0
667942930528227902,0.0,0.0,0.0,0.0,0.0
667942930530965901,286.0,0.7829627309740056,0.7829627309740056,0.08773470669984818,0.7829627309740056
668042928091088502,0.0,0.0,0.0,0.0,0.0
668142930526970101,0.0,0.0,0.0,0.0,0.0
668242930533365502,0.0,0.0,0.0,0.0,0.0
668442930532995202,0.0,0.0,0.0,0.0,0.0
668642930527433401,0.0,0.0,0.0,0.0,0.0
668642930544536701,0.0,0.0,0.0,0.0,0.0
668742928235978602,0.0,0.0,0.0,0.0,0.0
668842930538829901,0.0,0.0,0.0,0.0,0.0
668942930527960502,0.0,0.0,0.0,0.0,0.0
668942930529847002,0.0,0.0,0.0,0.0,0.0
669142930289529202,0.0,0.0,0.0,0.0,0.0
669142930450104201,5.809523582458496,6.742734689175603,39.30026809651474,22.853958129882812,141.59742740907234
669242930527333102,0.0,0.0,0.0,0.0,0.0
669242930529373802,0.0,0.0,0.0,0.0,0.0
669342930526060301,0.0,0.0,0.0,0.0,0.0
669442930474293901,0.0,0.0,0.0,0.0,0.0
669642930539906702,0.0,0.0,0.0,0.0,0.0
669842930542477401,0.0,0.0,0.0,0.0,0.0
671142930534395002,0.0,0.0,0.0,0.0,0.0
671242930455919502,0.0,0.0,0.0,0.0,0.0
671542930478300201,0.0,0.0,0.0,0.0,0.0
671642928739595002,0.0,0.0,0.0,0.0,0.0
671742930528968102,0.0,0.0,0.0,0.0,0.0
671842927929385701,0.0,0.0,0.0,0.0,0.0
671942930546143302,0.0,0.0,0.0,0.0,0.0
672042929801894901,3.634920597076416,9.036199676755803,110.66470761093153,71.56151580810547,569.2805722550788
672142928726429701,0.0,0.0,0.0,0.0,0.0
672142929373030202,0.0,0.0,0.0,0.0,0.0
672442930530787602,0.0,0.0,0.0,0.0,0.0
672542930080417901,0.0,0.0,0.0,0.0,0.0
672742930531909101,0.0,0.0,0.0,0.0,0.0
673042930517612002,0.0,0.0,0.0,0.0,0.0
673042930529893101,0.06172839552164078,8.195859430036984,4.057062345896442,73.8998031616211,663.8646402281747
673142930477769301,0.0,0.0,0.0,0.0,0.0
673142930516487402,2.4558823108673096,10.162085183287797,88.51329690346084,65.48820495605469,691.0217686053834
673242930461406401,0.0,0.0,0.0,0.0,0.0
673342930467794802,0.0,0.0,0.0,0.0,0.0
673342930518841002,0.0,0.0,0.0,0.0,0.0
673342930534726802,0.0,0.0,0.0,0.0,0.0
673442930531133301,0.0,0.0,0.0,0.0,0.0
673542930463546502,0.0,0.0,0.0,0.0,0.0
673742930533903301,3.0,7.760803501552599,7.760798768018985,0.804512619972229,7.760803501552599
673842930475061702,0.0,0.0,0.0,0.0,0.0
674042930461682601,0.5899999737739563,13.982694481382978,216.32510638297873,139.49612426757812,1398.269437979536
674142930516069702,0.0,0.0,0.0,0.0,0.0
674242930435870002,3.5238094329833984,13.740019523142383,193.719800747198,55.32154083251953,865.6211824777365
674242930473017302,0.0,0.0,0.0,0.0,0.0
674342930457227401,4.916666507720947,8.631433029543883,77.47028334485141,58.398677825927734,414.30878020486256
674342930524419701,0.0,0.0,0.0,0.0,0.0
674542930458635101,0.0,0.0,0.0,0.0,0.0
674542930480126701,2.715447187423706,22.02681334864217,491.73375931842384,68.04827880859375,2709.2980752768226
674742930528798301,6.140350818634033,6.592423133877941,79.01274493290663,60.020347595214844,375.7681081723768
675142930451155701,0.0,0.0,0.0,0.0,0.0
675142930540256901,0.0,0.0,0.0,0.0,0.0
675242928055989402,0.0,0.0,0.0,0.0,0.0
675342930525185901,5.6315789222717285,8.89469197127705,77.19134396355354,76.01741027832031,506.9974388522276
675442930516295301,0.0,0.0,0.0,0.0,0.0
675542930448864102,1.7314814329147339,9.275998406987066,169.52929241694142,65.07106018066406,1001.807819874372
675642929321111502,0.0,0.0,0.0,0.0,0.0
675642930451386202,0.0,0.0,0.0,0.0,0.0
675642930524949302,0.5555555820465088,18.830359825721153,0.49230769230769234,9.502180099487305,169.47323174109826
675742930526577702,0.0,0.0,0.0,0.0,0.0
675742930528981401,0.0,0.0,0.0,0.0,0.0
675842930459007402,3.646341562271118,6.01732739640962,137.68804335553799,68.20637512207031,493.4208319494575
675942930475206502,0.0,0.0,0.0,0.0,0.0
676142929194519602,0.0,0.0,0.0,0.0,0.0
676142930524860502,0.0,0.0,0.0,0.0,0.0
676242930220737602,0.0,0.0,0.0,0.0,0.0
676242930469479001,0.0,0.0,0.0,0.0,0.0
676242930473283902,0.0,0.0,0.0,0.0,0.0
676242930542299602,0.0,0.0,0.0,0.0,0.0
676342930012382501,0.0,0.0,0.0,0.0,0.0
676442930461411002,0.0,0.0,0.0,0.0,0.0
676442930464954101,0.0,0.0,0.0,0.0,0.0
676442930546368201,0.0,0.0,0.0,0.0,0.0
676542930477748601,0.0,0.0,0.0,0.0,0.0
676542930517857402,8.878787994384766,29.994239229368933,420.3621359223301,54.00772476196289,989.8099239016042
676742930475025802,0.0,0.0,0.0,0.0,0.0
676842930545340301,3.3333332538604736,13.264757228866317,188.00032765399737,32.11515808105469,477.53125807935885
676942930479197201,0.0,0.0,0.0,0.0,0.0
676942930533687801,0.0,0.0,0.0,0.0,0.0
677042930478874701,0.0,0.0,0.0,0.0,0.0
677142930527521402,0.0,0.0,0.0,0.0,0.0
677242928932243302,0.0,0.0,0.0,0.0,0.0
677242928988167902,0.0,0.0,0.0,0.0,0.0
677242930517222601,0.0,0.0,0.0,0.0,0.0
677242930544609802,0.0,0.0,0.0,0.0,0.0
677242930547631701,0.0,0.0,0.0,0.0,0.0
677742930447987101,0.0,0.0,0.0,0.0,0.0
677742930519472901,0.0,0.0,0.0,0.0,0.0
677842930461361101,0.0,0.0,0.0,0.0,0.0
677942930525818002,7.5789475440979,7.8508752574286556,110.98927492043114,21.840105056762695,298.3332558579123
678142930479964501,0.0,0.0,0.0,0.0,0.0
678142930521363801,0.0,0.0,0.0,0.0,0.0
678242930530196802,0.0,0.0,0.0,0.0,0.0
678542930476045002,2.5714285373687744,12.15624698901593,170.18705035971223,7.999330520629883,170.18746135903777
678642930458165102,4.80555534362793,9.807346765961396,148.9992576095026,79.71392822265625,706.1290001060903
678742930222068601,0.0,0.0,0.0,0.0,0.0
678742930462308501,0.0,0.0,0.0,0.0,0.0
678742930528119502,0.0,0.0,0.0,0.0,0.0
678842930547371802,0.0,0.0,0.0,0.0,0.0
679042928030516801,0.0,0.0,0.0,0.0,0.0
679142930464344202,0.0,0.0,0.0,0.0,0.0
679242930478303301,5.166666507720947,9.379726710464015,64.9090909090909,16.354854583740234,112.55671839858546
679342930519642702,0.0,0.0,0.0,0.0,0.0
679442930456249102,0.0,0.0,0.0,0.0,0.0
679442930546701301,4.384615421295166,23.539026916751013,190.74696356275302,0.0,612.0147024552349
679742929946486602,4.6307692527771,11.665321295988475,109.90780141843972,76.7097396850586,758.2458677630052
679942930541716201,0.0,0.0,0.0,0.0,0.0
681142930454118401,3.4285714626312256,5.550924481198315,32.193477921672645,0.0,38.85646990179216
681342930534908101,0.0,0.0,0.0,0.0,0.0
681442930464803501,0.0,0.0,0.0,0.0,0.0
681742930510597001,2.454545497894287,4.709684826078869,20.510204081632654,5.004683017730713,51.80653120546925
682042930525009502,0.0,0.0,0.0,0.0,0.0
682442928121580101,0.0,0.0,0.0,0.0,0.0
682442930509273402,0.0,0.0,0.0,0.0,0.0
682542930478153201,0.0,0.0,0.0,0.0,0.0
682542930521194702,0.0,0.0,0.0,0.0,0.0
682542930523950602,3.5853657722473145,5.8262399187209155,56.24619544711357,29.08650779724121,238.87583221907647
682542930531441302,5.338709831237793,8.847585552157916,121.22036595067621,77.98057556152344,548.5503161968271
682642930545320202,0.0,0.0,0.0,0.0,0.0
682842928064987401,0.0,0.0,0.0,0.0,0.0
682842930526003901,0.0,0.0,0.0,0.0,0.0
683042930455966702,0.0,0.0,0.0,0.0,0.0
683142930518339501,0.0,0.0,0.0,0.0,0.0
683342930517481102,0.0,0.0,0.0,0.0,0.0
683342930549650701,1.483146071434021,11.571578987289218,1023.9821154828819,88.24981689453125,1029.8705461182396
683442930464374402,0.0,0.0,0.0,0.0,0.0
683542930530462101,0.0,0.0,0.0,0.0,0.0
683642929780713401,0.0,0.0,0.0,0.0,0.0
683742930461427702,0.0,0.0,0.0,0.0,0.0
683842930531713201,0.0,0.0,0.0,0.0,0.0
684142930516547701,0.0,0.0,0.0,0.0,0.0
684342930519896201,0.0,0.0,0.0,0.0,0.0
684342930526179301,0.0,17.724654683616404,0.0,118.64331817626953,1063.4793199098299
684342930538673401,4.7727274894714355,14.65738417227057,202.95569620253164,80.4502182006836,967.3873832693583
684342930549015902,0.0,0.0,0.0,0.0,0.0
684742928878191202,0.0,0.0,0.0,0.0,0.0
684942930529277701,0.0,0.0,0.0,0.0,0.0
685042930523351301,2.5,6.986374257729564,36.9156050955414,8.397866249084473,55.89099331671518
685142930474884601,0.0,0.0,0.0,0.0,0.0
685142930523762602,0.0,0.0,0.0,0.0,0.0
685142930546857301,0.0,0.0,0.0,0.0,0.0
685242928725986102,0.0,0.0,0.0,0.0,0.0
685542930545717101,0.0,0.0,0.0,0.0,0.0
685642930473229702,0.014492753893136978,8.05428519870924,1.1092391304347826,68.00458526611328,555.7456770938376
685642930480066702,0.0,0.0,0.0,0.0,0.0
686142928159082502,0.0,0.0,0.0,0.0,0.0
686142930516730902,0.0,0.0,0.0,0.0,0.0
686242930478176701,0.0,0.0,0.0,0.0,0.0
686242930534114102,1.7623761892318726,12.109697430445674,122.25527426160338,0.0,1223.0794330146243
686442930474073202,0.0,0.0,0.0,0.0,0.0
686442930536461201,5.361111164093018,10.446431352609206,103.04925241864557,36.518306732177734,376.0715275129521
686442930544290302,0.0,0.006191116964512205,0.006729475100942127,0.0,0.006191116964512205
686542930549153402,3.477612018585205,9.832621486963026,59.73316948065826,65.71444702148438,658.7856184719822
686642930530558201,0.0,0.0,0.0,0.0,0.0
686742930460247802,0.0,0.0,0.0,0.0,0.0
686742930471518302,0.0,0.0,0.0,0.0,0.0
686742930480404201,3.4526314735412598,5.414031717536546,99.34810415714938,46.14260482788086,514.3330278252837
686742930530161202,0.0,0.0,0.0,0.0,0.0
686942930508038502,0.0,0.0,0.0,0.0,0.0
687042930454546001,0.0,0.0,0.0,0.0,0.0
687142930472558801,0.0,0.0,0.0,0.0,0.0
687242930525582202,0.0,0.0,0.0,0.0,0.0
687342930521812002,0.0,0.0,0.0,0.0,0.0
687442930545692702,4.599999904632568,2.87497588920608,9.135560527737058,1.268664002418518,14.374879295337937
687542930516092602,0.0,0.0,0.0,0.0,0.0
687742930448383602,0.0,0.0,0.0,0.0,0.0
687842930528045202,0.0,0.0,0.0,0.0,0.0
687942930478920301,0.0,0.0,0.0,0.0,0.0
688042930519267601,0.0,0.0,0.0,0.0,0.0
688242930479600701,0.9452054500579834,16.01957608221058,42.808383233532936,69.4654769897461,1169.4290515229611
688242930479708301,0.0,0.0,0.0,0.0,0.0
688342930454573002,0.0,0.0,0.0,0.0,0.0
688442930478551502,0.0,0.0,0.0,0.0,0.0
688542930547601101,2.197530746459961,7.442887058528686,82.75200493522517,90.16120910644531,602.8738672055263
688742928087825902,0.0,0.0,0.0,0.0,0.0
688842930462822501,0.0,0.0,0.0,0.0,0.0
689042929230287301,0.0,0.0,0.0,0.0,0.0
689142930539934701,0.0,0.0,0.0,0.0,0.0
689242930533588202,0.0,0.0,0.0,0.0,0.0
689442930543590601,0.0,0.0,0.0,0.0,0.0
689542930547519802,0.0,0.0,0.0,0.0,0.0
689642930516857701,0.0,0.0,0.0,0.0,0.0
689842929800307001,0.0,0.0,0.0,0.0,0.0
689842930445443202,0.0,0.0,0.0,0.0,0.0
689842930531065801,3.2100000381469727,8.110277834377145,145.27590940288263,93.2235336303711,811.0278022415276
691142930454716601,0.0,0.0,0.0,0.0,0.0
691142930459899401,0.0,0.0,0.0,0.0,0.0
691142930477836702,86.0,5.837679653744599,17.513202112337975,2.10282039642334,17.51303943005881
691142930520228202,0.0,0.0,0.0,0.0,0.0
691142930545181902,0.0,0.0,0.0,0.0,0.0
691242930471865101,0.0,0.0,0.0,0.0,0.0
691242930519659401,0.0,0.0,0.0,0.0,0.0
691242930521321801,1.6165413856506348,5.671924831221007,60.271040424121935,76.38551330566406,754.3659788236624
691242930545521202,0.0,0.0,0.0,0.0,0.0
691742930461913501,0.0,0.0,0.0,0.0,0.0
691742930480379601,0.0,0.0,0.0,0.0,0.0
691842930446404902,0.0,0.0,0.0,0.0,0.0
691942930460283802,0.0,0.0,0.0,0.0,0.0
691942930461252602,3.8863637447357178,9.17355780554128,188.63172319287426,0.0,807.2730847339427
691942930544112801,0.0,0.0,0.0,0.0,0.0
692042930455091602,0.0,0.0,0.0,0.0,0.0
692042930476840302,0.0,0.0,0.0,0.0,0.0
692042930526194602,0.0,0.0,0.0,0.0,0.0
692142930465080401,0.0,0.0,0.0,0.0,0.0
692242928258200901,0.0,0.0,0.0,0.0,0.0
692242930461896101,0.0,0.0,0.0,0.0,0.0
692242930478049202,5.0,4.883714162960999,7.580939947780679,1.8545013666152954,14.651142170161554
692342930460767302,0.0,0.0,0.0,0.0,0.0
692342930530025502,0.0,0.0,0.0,0.0,0.0
692442930461132602,0.0,0.0,0.0,0.0,0.0
692542930461026101,0.0,0.0,0.0,0.0,0.0
692542930464877602,0.0,0.0,0.0,0.0,0.0
692642930474182301,5.96363639831543,15.151761886815516,117.88265971316818,94.68144989013672,833.3469039141122
692742930515987001,0.0,0.0,0.0,0.0,0.0
692942930479854902,0.0,0.0,0.0,0.0,0.0
693342928042043202,0.0,0.0,0.0,0.0,0.0
693342930521784902,0.0,0.0,0.0,0.0,0.0
693442930478861301,0.0,0.0,0.0,0.0,0.0
693642930542975801,0.0,0.0,0.0,0.0,0.0
693642930549537501,0.0,0.0,0.0,0.0,0.0
693842930526783301,0.0,0.0,0.0,0.0,0.0
693942930517351702,0.0,0.0,0.0,0.0,0.0
694042930471569902,0.0,0.0,0.0,0.0,0.0
694342930515665501,0.0,0.0,0.0,0.0,0.0
694342930533946902,7.800000190734863,10.00562840949085,56.75551384326607,21.67437171936035,150.0844233641318
694542930474143501,1.6666666269302368,10.465383688862307,44.31738437001595,34.71656799316406,219.7730630634314
694542930527930802,0.0,0.0,0.0,0.0,0.0
694642930542427401,0.0,0.0,0.0,0.0,0.0
694842928181430002,0.0,0.0,0.0,0.0,0.0
694842930547250201,1.875,6.129178150054665,47.63265306122449,4.5691986083984375,49.03342528940985
694942930509632101,0.0,0.0,0.0,0.0,0.0
695042930476106001,0.0,0.0,0.0,0.0,0.0
695142930529650002,0.0,0.0,0.0,0.0,0.0
695242930446942902,0.0,0.0,0.0,0.0,0.0
695242930468155102,0.0,0.0,0.0,0.0,0.0
695342930458421202,0.0,0.0,0.0,0.0,0.0
695642929248923802,0.0,0.0,0.0,0.0,0.0
695842930524152402,0.0,0.0,0.0,0.0,0.0
696042930517018501,0.0,0.0,0.0,0.0,0.0
696142928633821702,4.108108043670654,5.051523033634341,45.696636565894515,63.40778732299805,373.81269993349576
696642930474802301,6.192307472229004,7.615723509177394,58.00419230872591,25.287431716918945,198.0088020269964
696642930541606002,0.0,0.0,0.0,0.0,0.0
696642930544942101,0.0,0.0,0.0,0.0,0.0
696842928030437801,0.0,0.0,0.0,0.0,0.0
696942930473808002,5.112903118133545,17.593991159260515,291.2048846675712,61.0045280456543,1090.8274379675877
697042930473910301,0.0,0.0,0.0,0.0,0.0
697242930479552002,3.9166667461395264,9.221179122444969,61.339622641509436,6.827870845794678,110.65415092054403
697342929012746502,0.0,0.0,0.0,0.0,0.0
697342930534528301,0.0,0.0,0.0,0.0,0.0
697442930527780301,0.0,0.0,0.0,0.0,0.0
697642930537356401,0.0,0.0,0.0,0.0,0.0
697742930508268501,1.7435897588729858,12.99484959231714,211.0245633187773,31.90359115600586,506.79913292597473
697942930448206801,3.0,37.03361171315492,37.03354692800603,1.332777976989746,37.03361171315492
697942930532346202,0.0,0.0,0.0,0.0,0.0
697942930534180601,0.0,0.0,0.0,0.0,0.0
698142930476799201,0.0,0.0,0.0,0.0,0.0
698142930519445901,0.0,0.0,0.0,0.0,0.0
698442930520214102,3.1881186962127686,8.885674298128341,280.175935828877,90.15437316894531,897.453065518772
698542928135348302,0.0,0.0,0.0,0.0,0.0
698542930517150901,0.0,0.0,0.0,0.0,0.0
698642930472207101,0.0,0.0,0.0,0.0,0.0
698642930518661301,0.0,0.0,0.0,0.0,0.0
698642930527561602,0.0,0.0,0.0,0.0,0.0
698842930453783402,0.0,0.0,0.0,0.0,0.0
698942930522124802,4.5,8.480433091286306,103.865836791148,36.54621887207031,373.13904972313844
699142928159330601,0.0,0.0,0.0,0.0,0.0
699742930449276401,0.0,0.0,0.0,0.0,0.0
699742930529576902,7.0,1.4346462246364156,2.869300139718024,0.4480568468570709,2.869292449272831
699742930529711202,2.7058823108673096,7.530993972378277,64.8004280363831,12.035919189453125,128.02689707323853
699842928265614001,0.0,0.0,0.0,0.0,0.0
699842929800132601,0.0,0.0,0.0,0.0,0.0
699842930526989702,0.0,0.0,0.0,0.0,0.0
699942930472631801,4.105882167816162,7.284174990982687,106.14956716896441,85.10106658935547,619.1548567805851
701442930518355201,3.5416667461395264,8.193660053453947,88.45394736842105,39.95733642578125,393.29567076908916
701542930477281501,0.0,0.0,0.0,0.0,0.0
701542930525900501,0.0,0.0,0.0,0.0,0.0
701642928043515102,0.0,0.0,0.0,0.0,0.0
701642930527873402,0.5,28.183018476113507,33.51724137931034,11.937494277954102,281.83017248394845
701742930453720802,0.0,0.0,0.0,0.0,0.0
701742930526291201,0.0,0.0,0.0,0.0,0.0
701742930526811201,0.0,0.0,0.0,0.0,0.0
701942930508392401,2.0,7.159210397012578,15.735849056603774,1.797702670097351,21.47763144695034
702142930534562902,0.0,0.0,0.0,0.0,0.0
702242930521210002,0.0,0.0,0.0,0.0,0.0
702442930463800001,3.3205127716064453,4.881674748537337,55.35374816266536,52.36783218383789,380.77061563857876
702542930464549202,0.0,0.0,0.0,0.0,0.0
702542930469787202,0.0,0.0,0.0,0.0,0.0
702742930465685701,0.0,0.0,0.0,0.0,0.0
702742930472798502,3.0,13.286070030448021,22.985645933014354,3.1900107860565186,26.572138701609397
702942930457151702,0.0,0.0,0.0,0.0,0.0
703042930532533001,0.0,0.0,0.0,0.0,0.0
703242930461794801,0.0,0.0,0.0,0.0,0.0
703242930527544401,0.0,0.0,0.0,0.0,0.0
703342930472057401,0.0,0.0,0.0,0.0,0.0
703342930542327302,0.0,13.721918741861979,0.0,82.49382781982422,699.8178738355637
703542930447435902,0.0,0.0,0.0,0.0,0.0
703542930529683202,0.0,0.0,0.0,0.0,0.0
703642929467003402,0.0,0.0,0.0,0.0,0.0
703742929341560901,2.807692289352417,3.4307036572573946,28.7374543037554,0.0,89.19829928625379
703842930465284901,0.0,0.0,0.0,0.0,0.0
703942930456878301,0.0,0.0,0.0,0.0,0.0
704042930480086002,3.338235378265381,4.71968147601442,74.41834970385904,34.5204963684082,320.93833224982063
704042930516438602,3.5,9.235677270845335,121.98963133640552,77.45243835449219,591.0833534029772
704142929091942401,0.0,0.0,0.0,0.0,0.0
704342930462932901,3.1341464519500732,13.767852192540323,188.13629032258063,94.75016784667969,1128.9638840260045
704342930464054902,0.0,0.0,0.0,0.0,0.0
704442930446654802,0.0,0.0,0.0,0.0,0.0
704542930546364601,0.0,0.0,0.0,0.0,0.0
704842930473832701,0.0,0.0,0.0,0.0,0.0
704842930518386102,0.0,0.0,0.0,0.0,0.0
704842930543354302,0.0,0.0,0.0,0.0,0.0
704942930550367501,0.0,0.0,0.0,0.0,0.0
705042930517986502,0.0,0.0,0.0,0.0,0.0
705042930520388601,0.0,0.0,0.0,0.0,0.0
705042930542945301,0.0,0.0,0.0,0.0,0.0
705142930446317302,0.0,0.0,0.0,0.0,0.0
705142930511073702,0.0,0.0,0.0,0.0,0.0
705142930518615901,0.0,0.0,0.0,0.0,0.0
705342928043798601,0.0,0.0,0.0,0.0,0.0
705342929013067401,0.0,0.0,0.0,0.0,0.0
705342930474395702,0.0,0.0,0.0,0.0,0.0
705542930478356501,0.0,0.0,0.0,0.0,0.0
705542930543915002,0.0,0.0,0.0,0.0,0.0
705642930467932701,0.0,0.0,0.0,0.0,0.0
705642930523995501,0.0,0.0,0.0,0.0,0.0
705842930446977101,0.0,0.0,0.0,0.0,0.0
705842930539803201,2.3333332538604736,6.607799991457581,19.82339158449673,3.155599594116211,19.823401070776995
706142929047821502,0.0,0.0,0.0,0.0,0.0
706342930476820301,0.0,0.0,0.0,0.0,0.0
706542930549790602,3.0,7.213460148759165,26.14692611393119,2.7941677570343018,28.853840491762284
706642929449864401,0.0,0.0,0.0,0.0,0.0
706742930461573101,0.0,0.0,0.0,0.0,0.0
706742930509540002,0.0,0.0,0.0,0.0,0.0
706842930534709802,0.0,0.0,0.0,0.0,0.0
706942930524806002,4.300000190734863,7.340613863300161,109.6670252824099,52.15119552612305,367.0307031665328
707242930509951101,0.0,0.0,0.0,0.0,0.0
707242930533645202,0.0,0.0,0.0,0.0,0.0
707342928043758401,0.0,0.0,0.0,0.0,0.0
707342930464718201,0.0,0.0,0.0,0.0,0.0
707442930447015301,0.0,0.0,0.0,0.0,0.0
707542930534451302,0.0,0.0,0.0,0.0,0.0
707642930519538401,0.0,0.0,0.0,0.0,0.0
707642930544005001,0.0,0.0,0.0,0.0,0.0
707742930524510001,0.0,0.0,0.0,0.0,0.0
707842930455442102,0.0,0.0,0.0,0.0,0.0
707842930524286802,3.6315789222717285,5.654001044676021,141.31593066446553,47.191341400146484,537.1301202190219
707842930543553902,0.0,0.0,0.0,0.0,0.0
708242930527684101,0.0,0.0,0.0,0.0,0.0
708242930532709102,0.0,0.0,0.0,0.0,0.0
708342930456371102,0.0,0.0,0.0,0.0,0.0
708442930518563602,0.0,0.0,0.0,0.0,0.0
708542929644415901,0.0,0.0,0.0,0.0,0.0
708642930508236301,0.0,0.0,0.0,0.0,0.0
708742930529787502,0.0,0.0,0.0,0.0,0.0
708942930545115602,0.0,0.0,0.0,0.0,0.0
709142930454722902,0.0,0.0,0.0,0.0,0.0
709142930529107902,0.0,0.0,0.0,0.0,0.0
709342930462657202,0.0,0.0,0.0,0.0,0.0
709342930463189902,0.0,0.0,-0.42947947088129185,0.0,0.0
709342930523776902,0.0,0.0,0.0,0.0,0.0
709342930543115601,0.0,0.0,0.0,0.0,0.0
709442929476579602,0.0,0.0,0.0,0.0,0.0
709442930480607601,0.0,0.0,0.0,0.0,0.0
709542928119272102,0.0,0.0,0.0,0.0,0.0
709542930527752701,0.0,0.0,0.0,0.0,0.0
709742929321275401,0.0,0.0,0.0,0.0,0.0
709742930463751901,0.0,1.6913319238900635,0.0,0.0,1.6913319238900635
709842930457914302,3.6666667461395264,2.7652740334808814,10.249387831983425,5.191473007202148,33.1832891682069
711142928043716701,0.0,0.0,0.0,0.0,0.0
711142928623619902,0.0,0.0,0.0,0.0,0.0
711142930529725002,0.0,0.0,0.0,0.0,0.0
711542930534089201,0.0,0.0,0.0,0.0,0.0
711842930537906902,4.333333492279053,7.559118248137417,153.5139072847682,33.962867736816406,272.1282467204214
711942930467776401,0.0,0.0,0.0,0.0,0.0
711942930530934902,0.0,0.0,0.0,0.0,0.0
712142930518571101,0.0,0.0,0.0,0.0,0.0
712142930547855301,0.0,53.09373256138393,0.0,137.17434692382812,4512.967322167896
712342930544714301,2.9000000953674316,16.009261191952927,194.93893129770993,42.1101188659668,640.3704515704671
712442930521584402,1.8039215803146362,24.354351056374586,159.54485049833886,43.935035705566406,1242.0719347000122
712542930529577101,0.0,0.0,0.0,0.0,0.0
712542930531904702,0.0,0.0,0.0,0.0,0.0
712542930547080001,4.199999809265137,81.98039832979852,409.9024390243902,59.460289001464844,409.90200614726933
712942929303552002,0.0,0.0,0.0,0.0,0.0
712942930459172101,0.0,0.0,0.0,0.0,0.0
713042930460573101,0.0,0.0,0.0,0.0,0.0
713042930547421102,0.0,0.0,0.0,0.0,0.0
713342930479106802,0.0,0.0,0.0,0.0,0.0
713342930515708601,0.0,0.0,0.0,0.0,0.0
713542930457938602,0.0,0.0,0.0,0.0,0.0
713542930543641801,0.0,0.0,0.0,0.0,0.0
713642930520847002,2.512195110321045,4.110534784362623,39.78680749107623,21.16522789001465,168.53192201047054
713842928716168701,0.0,0.0,0.0,0.0,0.0
713842930455618501,0.0,0.0,0.0,0.0,0.0
713842930546729101,0.0,51.413021269907794,51.41296451522772,3.110698699951172,51.413021269907794
714042930508735101,0.0,0.0,0.0,0.0,0.0
714242930509730002,4.941176414489746,18.01011713951167,263.2628992628993,66.65469360351562,918.51599411033
714242930519201201,0.0,0.0,0.0,0.0,0.0
714342930474663402,0.0,0.0,0.0,0.0,0.0
714442930532459401,5.25,9.887906655559453,59.358470712030865,15.96552848815918,118.65487999516343
714542930476876001,0.13953489065170288,5.269939797113961,2.7109028120374936,93.24563598632812,453.2148302025239
714542930509917201,0.0,0.0,0.0,0.0,0.0
714642928243104701,0.0,0.0,0.0,0.0,0.0
714742930546759701,0.0,0.0,0.0,0.0,0.0
715042930457003501,0.0,0.0,0.0,0.0,0.0
715042930476333602,0.0,0.0,0.0,0.0,0.0
715042930526729701,0.13461539149284363,10.505598320503848,2.148705388383485,47.19856262207031,546.2911149406033
715242930535188001,0.0,0.0,0.0,0.0,0.0
715242930541662702,0.0,0.0,0.0,0.0,0.0
715342930530796402,101.0,27.398938511191215,54.79786654371699,8.225244522094727,54.7978789871322
715542930516326301,0.0,0.0,0.0,0.0,0.0
715642930458588702,0.0,0.0,0.0,0.0,0.0
715842930453973101,0.0,0.0,0.0,0.0,0.0
715942930462479201,0.6235294342041016,5.249571980584233,15.539652745190052,81.41058349609375,446.21362791235936
715942930517913801,0.0,0.0,0.0,0.0,0.0
716042930452054202,1.0985915660858154,7.457878064523633,22.9296613323409,62.80009078979492,529.5093478084631
716142930474628101,0.0,0.0,0.0,0.0,0.0
716242930455354902,0.0,6.301258808415908,0.0,52.9971809387207,409.5818254172515
716342930453440202,0.0,0.0,0.0,0.0,0.0
716342930547575302,0.0,0.0,0.0,0.0,0.0
716342930548795201,3.777777671813965,14.179353604771784,116.44688796680498,52.64729309082031,510.45670310372634
716542930524372901,0.0,0.0,0.0,0.0,0.0
716542930538702501,0.0,0.0,0.0,0.0,0.0
716842930527589702,7.777777671813965,45.45317523165658,168.59152798789714,25.582550048828125,409.0785720986786
716942930510570001,2.4772727489471436,20.436820557186802,103.08389261744966,57.39763259887695,899.2201322303789
716942930548060802,0.0,0.0,0.0,0.0,0.0
717042930524936602,0.0,0.0,0.0,0.0,0.0
717142930142250702,0.0,0.0,0.0,0.0,0.0
717142930448680702,0.0,0.0,0.0,0.0,0.0
717342930462710901,1.6935484409332275,10.810347794045995,48.212824010914055,49.440093994140625,670.2415641557169
717342930516923801,0.0,0.0,0.0,0.0,0.0
717442930526366001,0.0,0.0,0.0,0.0,0.0
717642929528798602,0.0,0.0,0.0,0.0,0.0
717642930474342302,4.3086419105529785,11.796215327099116,210.89520202020202,122.99019622802734,955.4934237460898
717942929704056301,0.145454540848732,19.084942170818504,7.149466192170818,85.10227966308594,1049.671821520931
717942930545697601,3.9636363983154297,7.271793845221606,117.29556786703601,38.98458480834961,399.9486550962496
718042930542624402,0.0,0.0,0.0,0.0,0.0
718042930542813302,0.2266666740179062,13.777466910226005,16.302455357142858,87.1143569946289,1033.3099952254977
718242930547462902,0.0,0.0,0.0,0.0,0.0
718442930464314901,3.0526316165924072,8.870620882035437,202.30405002977963,129.29421997070312,1011.25076328707
718942930448650001,0.0,0.0,0.0,0.0,0.0
719042930517652301,0.0,0.0,0.0,0.0,0.0
719042930532077502,0.046875,9.151771202718676,0.9248752298397689,67.28604125976562,585.7133272290387
719042930546226002,0.0,0.0,0.0,0.0,0.0
719142930508420101,0.0,0.0,0.0,0.0,0.0
719142930528578601,0.0,0.0,0.0,0.0,0.0
719342929575458001,3.8405797481536865,10.251438822492164,227.8228840125392,94.315673828125,707.3492871287474
719642930457602102,0.0,0.0,0.0,0.0,0.0
719642930515572502,0.0,0.0,0.0,0.0,0.0
719642930522915302,0.0,0.0,0.0,0.0,0.0
719642930529291802,0.0,0.0,0.0,0.0,0.0
719742930478003601,0.0,0.0,0.0,0.0,0.0
721342930461532101,0.0,0.0,0.0,0.0,0.0
721342930476968801,0.0,0.0,0.0,0.0,0.0
721642930525564601,0.0,17.616963477210987,17.616963477210987,1.3320561647415161,17.616963477210987
721742930464967901,0.0,0.0,0.0,0.0,0.0
721942929155598201,0.0,0.0,0.0,0.0,0.0
721942930537211101,0.0,0.0,0.0,0.0,0.0
722042930460960701,0.0,0.0,0.0,0.0,0.0
722042930532045801,3.0,5.936547175891824,22.485320425128908,3.5976479053497314,23.746188563873023
722042930545968602,0.0,0.0,0.0,0.0,0.0
722242930463139302,3.5999999046325684,7.441512320805522,23.77958131067961,6.903024196624756,37.207561455884026
722542930531607802,0.0,0.0,0.0,0.0,0.0
722742929861282501,0.4736842215061188,5.2365776008002465,8.058992510516056,40.17158126831055,298.4849325521085
722742930508588502,0.0,0.0,0.0,0.0,0.0
722842930456337501,0.0,0.0,0.0,0.0,0.0
722942930518085401,0.0,0.0,0.0,0.0,0.0
723042930142431802,0.0,0.0,0.0,0.0,0.0
723142929505807502,0.0,0.0,0.0,0.0,0.0
723342930479511702,0.0,0.0,0.0,0.0,0.0
723342930519547602,0.0,0.0,0.0,0.0,0.0
723342930522941101,2.2142856121063232,5.156965692145761,50.167247386759584,9.06850814819336,72.1975210856616
723342930548142402,0.0,0.0,0.0,0.0,0.0
723442930454249601,0.0,0.0,0.0,0.0,0.0
723442930529973901,0.0,0.0,0.0,0.0,0.0
723642930526466502,0.0,0.0,0.0,0.0,0.0
723742930543772201,2.0,3.0708220266595387,3.070658237262923,0.5118107199668884,3.0708220266595387
723942928577741801,0.0,0.0,0.0,0.0,0.0
724042930455904601,4.203703880310059,8.93608549520335,70.56226636040175,42.808837890625,482.54863069470133
724142930534294101,0.0,0.0,0.0,0.0,0.0
724142930536224301,0.0,0.0,0.0,0.0,0.0
724242928955424601,0.0,0.0,0.0,0.0,0.0
724242929621924102,0.0,0.0,0.0,0.0,0.0
724242930452538101,2.545454502105713,8.803192190134908,37.75632377740303,41.66328048706055,387.34047123875223
724242930460547301,0.0,0.0,0.0,0.0,0.0
724342930479595301,3.879310369491577,5.540424140028095,66.63990817829855,26.89017105102539,321.3446129279918
724542930470416402,2.091953992843628,6.592729400241576,51.18248265609515,65.97471618652344,573.5674786330067
724542930518199302,0.0,0.0,0.0,0.0,0.0
724542930543143101,0.0,0.0,0.0,0.0,0.0
724642930518447602,0.0,0.0,0.0,0.0,0.0
724742930510510502,0.12903225421905518,19.84182224025974,15.53061224489796,126.90398406982422,1230.1930206702239
724742930541235102,0.0,0.0,0.0,0.0,0.0
724842930543942001,0.0,0.0,0.0,0.0,0.0
724942929331638002,0.0,0.0,0.0,0.0,0.0
725042930477408302,0.0,0.0,0.0,0.0,0.0
725142930454394001,0.0,0.0,0.0,0.0,0.0
725142930518660101,0.0,0.0,0.0,0.0,0.0
725442930528155802,0.0,0.0,0.0,0.0,0.0
725542929230123302,0.0,0.0,0.0,0.0,0.0
725542930523879402,0.0,0.0,0.0,0.0,0.0
725642930527444301,0.0,0.0,0.0,0.0,0.0
725842930474771402,7.111111164093018,9.618772201126898,34.43978441940225,10.93973445892334,86.56895210681039
726042927901222702,0.0,0.0,0.0,0.0,0.0
726042927945167401,0.0,0.0,0.0,0.0,0.0
726042930525993201,0.0,0.0,0.0,0.0,0.0
726042930548509302,2.625,6.263901202867846,23.90985015966593,7.7025837898254395,50.111208423529234
726142930466752102,0.0,0.0,0.0,0.0,0.0
726342929331582102,0.0,0.0,0.0,0.0,0.0
726342930479757802,0.0,0.0,0.0,0.0,0.0
726442930511203801,0.0,0.0,0.0,0.0,0.0
726542930527959101,3.5,16.089495860646473,50.44484629294756,14.29493236541748,128.71596945474636
726542930530133101,0.0,0.0,0.0,0.0,0.0
726642930537169902,0.0,0.0,0.0,0.0,0.0
726742930335253302,0.0,0.0,0.0,0.0,0.0
726742930446891001,0.0,0.0,0.0,0.0,0.0
726942930544834401,0.0,0.0,0.0,0.0,0.0
727142930454666401,0.0,0.0,0.0,0.0,0.0
727142930516918701,0.0,0.0,0.0,0.0,0.0
727542928577623102,2.642857074737549,6.95500411348225,59.22704427602712,30.830530166625977,194.7401094805638
727542930509628102,0.0,3.6288234509772437,0.0,10.164200782775879,72.57646602323283
727542930526079601,0.0,0.0,0.0,0.0,0.0
727642930520165201,4.2727274894714355,5.676807163599336,31.40880977523005,15.417474746704102,124.88976254350263
727642930524987001,0.0,0.0,0.0,0.0,0.0
727642930544262202,0.0,0.0,0.0,0.0,0.0
727742930458207302,5.150000095367432,21.038640324519232,86.65538461538462,35.855655670166016,420.77280174842247
727942930478773002,0.0,0.0,0.0,0.0,0.0
728042930518785901,0.0,0.0,0.0,0.0,0.0
728142930541764201,1.0,0.5529708520179372,0.5529708520179372,0.09035177528858185,0.5529708520179372
728242930448434602,0.0,0.0,0.0,0.0,0.0
728242930519752501,0.0,0.0,0.0,0.0,0.0
728442930520123101,0.0,0.0,0.0,0.0,0.0
728442930529061501,1.3333333730697632,5.343616377291995,24.01577287066246,38.16176986694336,240.46272950518394
728442930545119902,0.0,0.0,0.0,0.0,0.0
728542930522298301,1.0526316165924072,12.447327793435013,42.06366047745358,18.870248794555664,236.49922994213964
728642930529333901,0.0,0.0,0.0,0.0,0.0
728742930522733101,0.0,0.0,0.0,0.0,0.0
728742930525038602,0.0,0.0,0.0,0.0,0.0
728842930460376401,0.0,0.0,0.0,0.0,0.0
728842930549897002,0.0,0.0,0.0,0.0,0.0
728942930459500901,0.0,0.0,0.0,0.0,0.0
728942930508830501,0.0,0.0,0.0,0.0,0.0
728942930523743302,0.0,0.0,0.0,0.0,0.0
729442928202993902,2.8611111640930176,10.935999794257498,96.02852962692026,37.098026275634766,393.69599054220737
729642930509316501,4.0,18.97836860009225,18.97859778597786,2.9210457801818848,18.97836860009225
729742930473396301,0.0,0.0,0.0,0.0,0.0
729842928664038701,0.0,0.0,0.0,0.0,0.0
729942930528741801,0.0,0.0,0.0,0.0,0.0
729942930531735002,0.0,0.0,0.0,0.0,0.0
729942930538749302,0.0,0.0,0.0,0.0,0.0
731342930509055901,0.0,0.0,0.0,0.0,0.0
731342930529588602,0.0,0.0,0.0,0.0,0.0
731542929861231001,0.0,0.0,0.0,0.0,0.0
731642930474993502,0.0,0.0,0.0,0.0,0.0
731842930529884101,0.0,0.0,0.0,0.0,0.0
732242930455101101,0.8709677457809448,20.45189236817997,73.11074918566776,75.11398315429688,1268.017286716921
732342930527132002,0.0,0.0,0.0,0.0,0.0
732442930462972101,0.0,0.0,0.0,0.0,0.0
732542930475142002,0.0,0.0,0.0,0.0,0.0
732642930509335302,0.0,0.0,0.0,0.0,0.0
732742930531854702,4.0,20.61138848873756,184.66422210581456,96.51142883300781,824.4555785237587
732942930460657301,0.0,0.0,0.0,0.0,0.0
733042930527487301,0.0,0.0,0.0,0.0,0.0
733342930510619002,0.0,0.0,0.0,0.0,0.0
733542929012617102,0.0,0.0,0.0,0.0,0.0
733642930466511702,0.0,0.0,0.0,0.0,0.0
733642930507971802,0.0,0.0,0.0,0.0,0.0
733742930515525102,0.0,0.0,0.0,0.0,0.0
733742930546339002,0.0,0.0,0.0,0.0,0.0
733842929800091802,0.0,0.0,0.0,0.0,0.0
734242930457519401,0.0,0.0,0.0,0.0,0.0
734342930549901602,0.0,6.390822589806241,170.95610425240054,201.62179565429688,1437.9350943763234
734442930534817002,0.0,0.0,0.0,0.0,0.0
734742930076008601,0.0,0.0,0.0,0.0,0.0
734742930543673001,0.0,0.0,0.0,0.0,0.0
734842930479746102,0.0,0.0,0.0,0.0,0.0
734942930518880301,0.0,0.0,0.0,0.0,0.0
735042930545828002,0.0,0.0,0.0,0.0,0.0
735142930522300602,0.0,0.0,0.0,0.0,0.0
735142930522899001,0.0,0.0,0.0,0.0,0.0
735342930472325001,0.0,0.0,0.0,0.0,0.0
735342930520929801,0.0,0.0,0.0,0.0,0.0
735442929800456501,0.0,0.0,0.0,0.0,0.0
735442930475264201,0.0,0.0,0.0,0.0,0.0
735542930460016202,4.583333492279053,5.619013959569354,37.986497545008184,8.867900848388672,67.42816938159899
735642928015149902,6.0,62.26394418569711,38.47596153846154,3.0488626956939697,62.26394418569711
735742930524567701,0.0,0.0,0.0,0.0,0.0
735742930533007802,0.0,0.0,0.0,0.0,0.0
735942930521494601,0.0,0.0,0.0,0.0,0.0
736042930543201701,0.0,0.0,0.0,0.0,0.0
736142928096645402,0.0,0.0,0.0,0.0,0.0
736142930467949601,0.0,0.0,0.0,0.0,0.0
736242930538538202,0.0,0.0,0.0,0.0,0.0
736342930518400701,0.0,0.0,0.0,0.0,0.0
736442930477504102,0.0,0.0,0.0,0.0,0.0
736442930515792202,0.0,110.82595646437994,43.20844327176781,9.836715698242188,110.82595646437994
736442930549875302,0.0,0.0,0.0,0.0,0.0
736642930446691002,0.0,0.0,0.0,0.0,0.0
736742930546638901,0.0,0.0,0.0,0.0,0.0
736942930542401802,0.0,0.0,0.0,0.0,0.0
737142930543350701,0.0,0.0,0.0,0.0,0.0
737142930549156801,0.0,0.0,0.0,0.0,0.0
737242928633983801,0.0,0.0,0.0,0.0,0.0
737542929476623601,1.0,6.309102376302083,16.15705128205128,2.2063727378845215,18.927307715782753
737542930531384801,0.0,0.0,0.0,0.0,0.0
737742930453612901,29.0,44.91476112947123,302.91912908242614,30.341524124145508,404.2328430460549
737742930526022401,2.9000000953674316,5.165244552711696,15.476352308128009,6.864333152770996,51.6524441442757
737942930097616401,0.0,0.0,0.0,0.0,0.0
738042930527178102,2.7916667461395264,8.938011177753545,126.94474736459469,80.79318237304688,643.5367879586755
738142930451961401,0.0,0.0,0.0,0.0,0.0
738142930533054302,0.0,0.0,0.0,0.0,0.0
738242930540616501,0.0,0.0,0.0,0.0,0.0
738242930543621201,4.0,18.701616419729934,18.70157539384846,3.764920473098755,18.701616419729934
738342930473904902,0.0,0.0,0.0,0.0,0.0
738442930524781601,0.0,0.0,0.0,0.0,0.0
738542930474153702,0.0,0.0,0.0,0.0,0.0
738642930477169202,0.0,0.0,0.0,0.0,0.0
738642930527516801,0.0,0.0,0.0,0.0,0.0
738742930544018201,0.0,0.0,0.0,0.0,0.0
738842930544021902,0.0,0.0,0.0,0.0,0.0
739042930473663702,0.0,0.0,0.0,0.0,0.0
739142930525380301,0.0,0.0,0.0,0.0,0.0
739242928653524301,0.0,0.0,0.0,0.0,0.0
739242930475291601,0.0,0.0,0.0,0.0,0.0
739242930521845301,0.0,0.0,0.0,0.0,0.0
739342930534811301,0.0,0.0,0.0,0.0,0.0
739542930518662002,0.0,0.0,0.0,0.0,0.0
739842930528586602,0.0,0.0,0.0,0.0,0.0
739942930474247801,0.0,0.0,0.0,0.0,0.0
739942930475675602,0.0,0.0,0.0,0.0,0.0
739942930509665302,0.0,15.853569843447385,15.853453841187862,1.2767586708068848,15.853569843447385
741142930450133202,0.0,0.0,0.0,0.0,0.0
741242930464967602,0.0,0.0,0.0,0.0,0.0
741342930471659901,0.0,0.0,0.0,0.0,0.0
741342930507683502,0.0,0.0,0.0,0.0,0.0
741542930473974002,0.0,0.0,0.0,0.0,0.0
741642930526223702,3.2567567825317383,13.867382007640797,62.58516483516483,140.36566162109375,1026.186275276509
741642930532255502,1.9255318641662598,11.746870676676432,821.1360677083334,169.42303466796875,2208.411725918452
741842930534899702,0.0,0.0,0.0,0.0,0.0
741942930460427001,0.0,0.0,0.0,0.0,0.0
742142927988856202,0.0,0.0,0.0,0.0,0.0
742342930453758302,0.0,0.0,0.0,0.0,0.0
742542930471723202,0.0,0.0,0.0,0.0,0.0
742742930471636501,0.0,0.0,0.0,0.0,0.0
742742930510071001,0.0,0.0,0.0,0.0,0.0
742942930184370202,0.0,0.0,0.0,0.0,0.0
742942930465440001,0.0,0.0,0.0,0.0,0.0
743142930464727701,0.0,0.0,0.0,0.0,0.0
743242930536606001,0.0,0.0,0.0,0.0,0.0
743442930541434601,0.0,0.0,0.0,0.0,0.0
743542930524091302,0.0,0.0,0.0,0.0,0.0
743542930544765102,0.0,0.0,0.0,0.0,0.0
743542930547574501,0.0,0.0,0.0,0.0,0.0
743842930456424802,0.0,0.0,0.0,0.0,0.0
743942930479775402,0.0,0.0,0.0,0.0,0.0
743942930522308902,0.0,0.0,0.0,0.0,0.0
744042929543889402,7.5,38.561408780364374,53.6582995951417,3.176616907119751,77.12281756072875
744042930532707001,1.0714285373687744,4.906886371422046,22.649411287048316,42.43993377685547,206.08922128991
744142930521176202,0.0,0.0,0.0,0.0,0.0
744142930534687902,3.4000000953674316,12.520570165786385,46.042723004694835,7.581813812255859,62.60285206109705
744642930462634201,1.3035714626312256,5.328059270022558,35.94486556790701,39.27103042602539,298.3713104932114
744742930475299301,0.0,0.0,0.0,0.0,0.0
744842929800342902,0.0,0.0,0.0,0.0,0.0
744942930472424402,0.0,0.0,0.0,0.0,0.0
745042930456188002,5.9268293380737305,23.537461524415694,175.57929883138564,101.73956298828125,965.035895244108
745042930478192601,0.0,0.0,0.0,0.0,0.0
745242930526604202,3.4225351810455322,5.578761593121121,70.7156761331578,58.201847076416016,396.09207371067276
745342930451956402,0.0,0.0,0.0,0.0,0.0
745442930200242001,0.19354838132858276,10.51167141398841,55.41622760800843,97.31937408447266,977.585427007478
745642928091208001,0.0,0.0,0.0,0.0,0.0
745642930454699602,0.0,0.0,0.0,0.0,0.0
745842930461008802,0.0,10.310807791506718,10.310748560460652,0.6528667211532593,10.310807791506718
745842930543313301,0.0,0.0,0.0,0.0,0.0
746042930142328302,2.3333332538604736,5.570298225205253,15.28457621750676,4.013756275177002,50.13268414580389
746042930476625101,0.0,0.0,0.0,0.0,0.0
746142930460295001,1.75,5.878718616915916,22.96711894622165,5.9290008544921875,47.029747677992226
746142930524520202,0.0,0.0,0.0,0.0,0.0
746242930463776001,0.0,0.0,0.0,0.0,0.0
746342930457665402,0.0,0.0,0.0,0.0,0.0
746342930463878801,0.0,0.0,0.0,0.0,0.0
746642927966216502,0.0,0.0,0.0,0.0,0.0
746742929372946401,0.0,0.0,0.0,0.0,0.0
746742930469050901,2.132075548171997,8.132651395767672,57.89644304367402,49.761146545410156,431.0305317885164
746742930477841502,3.909090995788574,14.65543117001324,106.36010591350397,0.0,483.62923139759846
746742930530543702,0.0,0.0,0.0,0.0,0.0
746742930543821902,0.0,0.0,0.0,0.0,0.0
747042930524642501,0.0,0.0,0.0,0.0,0.0
747242930477155201,0.0,0.0,0.0,0.0,0.0
747442930467088501,3.9350650310516357,12.567449501352264,123.49357674104124,74.93849182128906,967.6936335225134
747742930541866701,0.0,0.0,0.0,0.0,0.0
748042930531543202,0.0,0.0,0.0,0.0,0.0
748242930454229802,26.899999618530273,3.6192171968467166,36.19217683292935,3.8933253288269043,36.19217248965954
748242930518778501,0.0,0.0,0.0,0.0,0.0
748342928967256601,0.0,0.0,0.0,0.0,0.0
748342930464625102,3.4124999046325684,15.50824894317209,283.972602739726,0.0,1240.6598612641635
748342930546884901,0.0,0.0,0.0,0.0,0.0
748542930454194802,0.0,0.0,0.0,0.0,0.0
748542930459519002,0.0,0.0,0.0,0.0,0.0
748542930509083001,0.0,0.0,0.0,0.0,0.0
748542930524919801,3.3684210777282715,11.074085530693727,210.40758609216437,30.713533401489258,210.4076254487216
748942928979759201,0.0,0.0,0.0,0.0,0.0
748942930524024102,0.0,0.0,0.0,0.0,0.0
748942930528259001,0.0,0.0,0.0,0.0,0.0
749042930535188201,0.0,0.0,0.0,0.0,0.0
749142930533508002,0.0,0.0,0.0,0.0,0.0
749142930545493601,0.0,0.0,0.0,0.0,0.0
749342928043475002,0.0,0.0,0.0,0.0,0.0
751142930473745402,0.0,0.0,0.0,0.0,0.0
751142930535995802,0.0,0.0,0.0,0.0,0.0
751242930462920302,0.0,0.0,0.0,0.0,0.0
751242930540585502,0.0,0.0,0.0,0.0,0.0
751342930468117401,0.0,0.0,0.0,0.0,0.0
751542930516435202,0.0,0.0,0.0,0.0,0.0
751542930536437302,4.166666507720947,6.237133962646382,42.28314512756169,15.106534004211426,112.26841433982578
751742930473859501,0.0,0.0,0.0,0.0,0.0
751842930476377802,0.0,0.0,0.0,0.0,0.0
752042930469315501,0.0,0.0,0.0,0.0,0.0
752142930526027902,0.0,0.0,0.0,0.0,0.0
752442930525788701,0.0,0.0,0.0,0.0,0.0
752842930473388502,3.3026316165924072,7.276864282490974,132.38738031706168,60.935951232910156,553.0416861914181
753142930528832802,0.0,0.0,0.0,0.0,0.0
753242927904948402,0.0,0.0,0.0,0.0,0.0
753242930475495502,0.0,0.0,0.0,0.0,0.0
753242930525301802,0.0,0.0,0.0,0.0,0.0
753342930458410102,2.0,3.0770708424176356,6.154208194905869,0.5129387974739075,6.154141684835271
753342930517172002,0.0,0.0,0.0,0.0,0.0
753442930458177702,0.0,0.0,0.0,0.0,0.0
753442930546984902,0.0,0.0,0.0,0.0,0.0
753742930508107502,3.6388888359069824,7.468480685631483,54.56436851738865,33.09312057495117,268.86530846251884
753842929284173502,0.0,0.0,0.0,0.0,0.0
753942930458126802,0.0,0.0,0.0,0.0,0.0
754042930474411501,0.0,0.0,0.0,0.0,0.0
754142930510380702,0.0,0.0,0.0,0.0,0.0
754242930539056601,0.1066666692495346,14.296855264819804,48.42472212866285,129.20022583007812,1072.2641473065405
754242930546328902,4.9782609939575195,9.950935521224203,113.28564727954972,61.47462463378906,457.74303434557135
754342930508346001,0.0,0.0,0.0,0.0,0.0
754542930450506301,0.0,0.0,0.0,0.0,0.0
754542930521328001,0.0,0.0,0.0,0.0,0.0
754542930534566901,0.0,0.0,0.0,0.0,0.0
754642930411668402,0.0,0.0,0.0,0.0,0.0
754642930448728702,0.0,0.0,0.0,0.0,0.0
754642930468904202,0.0,0.0,0.0,0.0,0.0
754742930509141001,0.0,0.0,0.0,0.0,0.0
754742930519092101,0.0,0.0,0.0,0.0,0.0
754842929194568002,0.0,0.0,0.0,0.0,0.0
754842930531037201,0.0,0.0,0.0,0.0,0.0
754942929091873102,0.0,0.0,0.0,0.0,0.0
754942930510146201,0.0,0.0,0.0,0.0,0.0
754942930519302201,3.419753074645996,10.86556896439709,157.8981288981289,131.9604949951172,880.1110929818262
754942930537316102,0.0,0.0,0.0,0.0,0.0
755042930463252802,0.0,0.0,0.0,0.0,0.0
755142930525235801,3.230769157409668,8.010828099778047,75.05165456012914,8.811744689941406,104.14076686732898
755342930469345301,0.0,0.0,0.0,0.0,0.0
755342930538800701,0.0,0.0,0.0,0.0,0.0
755442930475572701,0.0,0.0,0.0,0.0,0.0
755542930526175202,0.0,0.0,0.0,0.0,0.0
755642930446488302,0.0,0.0,0.0,0.0,0.0
755842930447690702,0.0,0.0,0.0,0.0,0.0
756242930458599801,0.0,0.0,0.0,0.0,0.0
756442928726364102,0.0,7.06294564801661,236.33231340837068,168.797119140625,1723.3587002717215
756642930480195101,0.0,0.0,0.0,0.0,0.0
756742930543284001,0.0,0.0,0.0,0.0,0.0
756942930532631301,0.0,0.0,0.0,0.0,0.0
757042930456484001,0.0,0.0,0.0,0.0,0.0
757042930526438702,0.0,0.0,0.0,0.0,0.0
757142930515607701,2.5609755516052246,7.749215853416313,39.48146186440678,31.723003387451172,317.7178429425773
757442930466583202,0.0,0.0,0.0,0.0,0.0
757542930529923202,0.0,0.0,0.0,0.0,0.0
757742928757969001,0.0,0.0,0.0,0.0,0.0
757842928258270602,0.0,0.0,0.0,0.0,0.0
758042928602853002,4.92307710647583,11.295774168361417,180.34398605461942,64.63179779052734,587.3802379051798
758042930474086402,0.0,0.0,0.0,0.0,0.0
758142930530827302,0.0,0.0,0.0,0.0,0.0
758242930159219901,0.0,0.0,0.0,0.0,0.0
758242930459609201,4.754716873168945,9.296225500981654,140.08685938663598,50.61192321777344,492.69995447754997
758242930524619902,0.0,0.0,0.0,0.0,0.0
758342930532955101,0.0,0.0,0.0,0.0,0.0
758542930538871101,1.4285714626312256,1.6922535406901569,4.976361726200097,1.610493779182434,11.845774508609281
758742930509973401,0.0,0.0,0.0,0.0,0.0
758842930516754702,0.0,0.0,0.0,0.0,0.0
759142930517837001,0.0,0.0,0.0,0.0,0.0
759442928967092902,0.0,0.0,0.0,0.0,0.0
759442930475081701,2.029411792755127,20.052633659024153,219.31853785900782,82.21528625488281,1363.5790879769986
759742930475779602,0.0,0.0,0.0,0.0,0.0
759742930518516101,0.0,0.0,0.0,0.0,0.0
759742930531826402,8.090909004211426,4.769139680424269,69.80699054737305,24.252674102783203,157.38161110432495
759842930342859001,0.0,0.0,0.0,0.0,0.0
761142930529910401,0.0,0.0,0.0,0.0,0.0
761342929839451902,0.0,0.0,0.0,0.0,0.0
761342930534268601,0.0,0.0,0.0,0.0,0.0
761442929901274502,0.0,0.0,0.0,0.0,0.0
761442930456868501,0.0,0.0,0.0,0.0,0.0
761442930509005001,0.0,0.0,0.0,0.0,0.0
761642929372779502,0.0,0.0,0.0,0.0,0.0
761742928878266802,0.0,0.0,0.0,0.0,0.0
761742930516272301,5.043478488922119,12.557965777396031,213.2549612840367,60.51311492919922,866.4996143026319
761842930539848401,0.0,0.0,0.0,0.0,0.0
762142930519940701,0.0,0.0,0.0,0.0,0.0
762242929309570201,0.0,0.0,0.0,0.0,0.0
762242930460430702,0.0,15.778719660194175,0.0,80.83637237548828,741.5998328150283
762242930536443802,0.0,0.0,0.0,0.0,0.0
762442930475939001,0.0,0.0,0.0,0.0,0.0
762742930459418802,6.875,9.353254088842771,56.32493329380374,9.826558113098145,74.82603280724997
762742930459632601,0.0,0.0,0.0,0.0,0.0
762942930455609302,0.0,0.0,0.0,0.0,0.0
762942930549462102,0.0,0.0,0.0,0.0,0.0
763342930012331001,3.230769157409668,4.281016699552294,22.506738668882118,5.715332984924316,55.65321580395082
763442930459100501,0.0,0.0,0.0,0.0,0.0
763442930520624602,0.0,0.0,0.0,0.0,0.0
763742930468785601,2.1954023838043213,3.684857897066262,23.235912999494182,62.37548828125,320.5826538381157
763742930522540202,0.23529411852359772,8.167304042694111,14.417566741389852,0.0,555.3767003583548
763742930549198901,0.75,20.959425673861684,41.707903780068726,0.0,754.5393491659787
763942928739548802,3.3809523582458496,8.47780607910937,91.29804924848098,37.15992736816406,356.06785777616244
763942930527556701,0.0,0.0,0.0,0.0,0.0
764142930542767902,0.0,0.0,0.0,0.0,0.0
764242930531902702,0.0,0.0,0.0,0.0,0.0
764342929735780202,0.0,0.0,0.0,0.0,0.0
764642930543133502,0.0,0.0,0.0,0.0,0.0
764742930550657701,0.0,0.0,0.0,0.0,0.0
764842930458088902,0.0,0.0,0.0,0.0,0.0
764842930524609801,0.0,0.0,0.0,0.0,0.0
764942930451690902,0.0,0.0,0.0,0.0,0.0
764942930476892201,0.0,0.0,0.0,0.0,0.0
765242928990481001,0.0,0.0,0.0,0.0,0.0
765342930451224102,0.0,0.0,0.0,0.0,0.0
765342930532594302,0.0,0.0,0.0,0.0,0.0
765442930450956601,0.0,0.0,0.0,0.0,0.0
765442930461657301,3.923076868057251,5.882433880878541,124.04443621551565,55.99235153198242,458.8298406708662
765542930544129601,0.0,0.0,0.0,0.0,0.0
765642929456721202,0.0,0.0,0.0,0.0,0.0
765642930541715502,0.0,0.0,0.0,0.0,0.0
765742930454226601,0.0,0.0,0.0,0.0,0.0
765742930468090501,0.0,0.0,0.0,0.0,0.0
765942930479079402,0.0,0.0,0.0,0.0,0.0
766042930526573601,3.41791033744812,7.126020024783801,80.67011179076144,63.70496368408203,477.44332235127507
766242930524092001,0.0,0.0,0.0,0.0,0.0
766442930461358101,0.0,0.0,0.0,0.0,0.0
766442930542604801,0.0,0.0,0.0,0.0,0.0
766542927975285601,0.0,0.0,0.0,0.0,0.0
766542930525683902,0.0,0.0,0.0,0.0,0.0
766542930544795501,3.8507461547851562,7.593389339639014,186.0194376952447,55.088035583496094,508.7570857942125
766642929456991301,0.0,0.0,0.0,0.0,0.0
766642930533177401,0.0,0.0,0.0,0.0,0.0
766842930480172401,0.0,0.0,0.0,0.0,0.0
766842930546929202,3.0582523345947266,5.375669407822577,128.255297679112,70.11286163330078,553.6939439794899
766942930532052102,4.107142925262451,20.80569847879956,396.773127753304,47.319759368896484,1165.1191628998072
766942930533452502,0.0,0.0,0.0,0.0,0.0
767042928789923501,0.0,0.0,0.0,0.0,0.0
767142930545023602,0.0,0.0,0.0,0.0,0.0
767342930474126302,0.0,0.0,0.0,0.0,0.0
767742930527127401,2.75,3.931033884985207,21.3293063773833,18.16136932373047,78.6206754123906
767942930517197501,4.151515007019043,7.2809686337835196,62.16187120767273,33.15750503540039,240.27197062532878
768142928607058202,0.0,0.0,0.0,0.0,0.0
768142929012910901,0.0,0.0,0.0,0.0,0.0
768142930479507402,4.413793087005615,11.605732513142524,201.18504672897197,55.72796630859375,673.1324858264388
768342930549072102,0.0,0.0,0.0,0.0,0.0
768442929543790002,0.0,0.0,0.0,0.0,0.0
768442930453312102,0.0,0.0,0.0,0.0,0.0
768442930516932402,0.0,0.0,0.0,0.0,0.0
768742930459748301,0.0,0.0,0.0,0.0,0.0
768742930519976801,0.0,0.0,0.0,0.0,0.0
768742930532593301,0.0,0.0,0.0,0.0,0.0
768742930546262102,0.0,0.0,0.0,0.0,0.0
768942930477568501,0.0,0.0,0.0,0.0,0.0
769042929721548401,0.0,0.0,0.0,0.0,0.0
769042930454948301,2.9629628658294678,7.883127925255295,144.01928895612707,73.13542175292969,638.5333764195983
769042930510266802,0.0,0.0,0.0,0.0,0.0
769142930524552902,0.0,0.0,0.0,0.0,0.0
769242930465461002,1.0,12.34901356830942,18.11353711790393,2.6599557399749756,24.69802835503743
769342930515814002,0.0,0.0,0.0,0.0,0.0
769542930449226601,0.0,0.0,0.0,0.0,0.0
769542930478713902,1.4406780004501343,9.943669593184978,78.12508113120074,93.91239929199219,586.6765042095865
769742929839403502,0.0,0.0,0.0,0.0,0.0
769742930524787902,0.0,0.0,0.0,0.0,0.0
769742930529503102,0.0,0.0,0.0,0.0,0.0
769942930533553002,0.0,0.0,0.0,0.0,0.0
771242930517918102,0.0,0.0,0.0,0.0,0.0
771242930549734802,0.0,0.0,0.0,0.0,0.0
771442927975242201,0.0,0.0,0.0,0.0,0.0
771442930531741101,0.0,0.0,0.0,0.0,0.0
771542930475690702,3.385714292526245,5.708893015823203,129.9524312896406,47.32658004760742,399.62251643449
771542930530420301,0.0,0.0,0.0,0.0,0.0
771642929269267201,0.0,0.0,0.0,0.0,0.0
771742930526615202,6.38095235824585,19.95874754173062,125.35226400613968,34.731380462646484,419.13369053963595
771842928932571602,0.0,0.0,0.0,0.0,0.0
772042930518296002,2.200000047683716,7.263560918153678,27.633284777858705,5.212684154510498,36.31780482415118
772142930460642302,3.649350643157959,4.768979718857693,80.48905331441314,42.45547103881836,367.21142416195624
772442927901338901,0.0,0.0,0.0,0.0,0.0
772442930525244601,0.0,0.0,0.0,0.0,0.0
772442930529133601,4.378378391265869,12.067783917682927,182.84682926829268,93.23283386230469,893.0160030569681
772842930524188301,0.0,0.0,0.0,0.0,0.0
772842930533471901,0.9642857313156128,12.14261974726958,97.46430474160896,44.50565719604492,339.9933615731761
772842930534651101,0.0,0.0,0.0,0.0,0.0
772842930545597801,0.0,0.0,0.0,0.0,0.0
773042930474939502,2.8888888359069824,13.689165780193518,344.8360923292143,65.48896789550781,1232.0249188512764
773042930517042102,0.0,0.0,0.0,0.0,0.0
773142928258122402,0.0,0.0,0.0,0.0,0.0
773142930455877401,1.0,0.384362784737441,0.38435603506405935,0.024843916296958923,0.384362784737441
773442930476283801,2.117647171020508,6.522175131126587,55.45345557122708,14.974979400634766,110.87698102770807
773542930466500401,0.0,0.0,0.0,0.0,0.0
773742927963650802,0.0,0.0,0.0,0.0,0.0
773842930475318301,0.0,0.0,0.0,0.0,0.0
773842930542881302,0.0,0.0,0.0,0.0,0.0
773942930457397801,3.2682926654815674,13.03108408459236,185.6807297605473,0.0,1068.5489157260213
773942930524179501,0.0,0.0,0.0,0.0,0.0
773942930535252001,0.0,0.0,0.0,0.0,0.0
773942930545339702,0.0,0.0,0.0,0.0,0.0
774142930473192902,7.837209224700928,21.76927998118157,195.3941605839416,109.63221740722656,936.0790011552128
774442930473346201,0.0,0.0,0.0,0.0,0.0
774442930516563901,0.0,0.0,0.0,0.0,0.0
774642930478609202,0.0,0.0,0.0,0.0,0.0
774842930509319202,0.0,0.0,0.0,0.0,0.0
774942930528725202,0.0,0.0,0.0,0.0,0.0
775042930549875901,0.0,8.966963082007103,255.46369854005,93.5810546875,986.3659046719486
775242930477103701,0.25,3.8433928043735226,3.1947044917257683,13.47792911529541,92.24142515791223
775342930515885902,0.0,0.0,0.0,0.0,0.0
775342930533707102,0.0,0.0,0.0,0.0,0.0
775342930536044501,0.0,0.0,0.0,0.0,0.0
775342930544529802,0.0,0.0,0.0,0.0,0.0
775442928247207701,0.0,0.0,0.0,0.0,0.0
775542930509392802,0.0,0.0,0.0,0.0,0.0
775742930451514601,0.0,0.0,0.0,0.0,0.0
775742930469338602,0.0,0.0,0.0,0.0,0.0
775742930531576201,0.0,0.0,0.0,0.0,0.0
775842930545108101,0.0,0.0,0.0,0.0,0.0
776142929439514102,0.0,0.0,0.0,0.0,0.0
776142930543691701,0.0,0.0,0.0,0.0,0.0
776342930466918701,0.0,0.0,0.0,0.0,0.0
776342930479367001,0.0,0.0,-0.12585476360280237,0.0,0.0
776342930520595402,0.0,0.0,0.0,0.0,0.0
776342930529182402,11.952381134033203,5.250522914585415,108.50563721992293,15.484575271606445,110.26098523058972
776342930531140302,0.0,0.0,0.0,0.0,0.0
776342930543786801,0.0,0.0,0.0,0.0,0.0
776542930531824101,0.0,0.0,0.0,0.0,0.0
776642928021818302,0.0,0.0,0.0,0.0,0.0
776642930515873301,0.0,0.0,0.0,0.0,0.0
776742930480086601,0.0,0.0,0.0,0.0,0.0
776742930523716602,0.0,0.0,0.0,0.0,0.0
776842930528938501,0.0,0.0,0.0,0.0,0.0
776842930536068502,0.0,0.0,0.0,0.0,0.0
776942930524452701,0.0,0.0,0.0,0.0,0.0
777242930450063302,0.0,0.0,0.0,0.0,0.0
777342930534776602,0.0,0.0,0.0,0.0,0.0
777442930516602301,0.0,0.0,0.0,0.0,0.0
777442930527433102,3.8888888359069824,9.456600765306122,146.21479591836734,49.50239181518555,425.5470234150789
777442930530250002,0.0,0.0,0.0,0.0,0.0
777642930519773301,4.068965435028076,5.497235614459712,56.232042473454094,20.883602142333984,159.4198389666889
777742930479628601,0.0,0.0,0.0,0.0,0.0
777842930472830402,0.0,0.0,0.0,0.0,0.0
777842930516503902,0.0,0.0,0.0,0.0,0.0
777842930526744102,0.0,0.0,0.0,0.0,0.0
778242930531554001,0.0,0.0,0.0,0.0,0.0
778242930543394801,0.0,0.0,0.0,0.0,0.0
778342930548631302,4.666666507720947,38.15549997952162,103.956749672346,12.637025833129883,114.46649865866645
778442929331751501,0.0,0.0,0.0,0.0,0.0
778442930454922102,0.0,0.0,0.0,0.0,0.0
778542930519394202,0.0,0.0,0.0,0.0,0.0
778642930528102201,0.0,17.780797991071427,0.0,105.32219696044922,1102.4094824785504
778842929946433101,4.204819202423096,7.634401984841896,127.57846182518482,80.74553680419922,633.6553528852002
779142928067753302,0.0,0.0,0.0,0.0,0.0
779142930454007402,0.0,0.0,0.0,0.0,0.0
779342930475595301,0.0,0.0,0.0,0.0,0.0
779342930528311502,0.0,0.0,0.0,0.0,0.0
779542930525824701,0.0,0.0,0.0,0.0,0.0
779742930518126701,0.0,0.0,0.0,0.0,0.0
779742930550836101,2.653846263885498,5.469114508848767,49.73423906566559,0.0,142.19697696762566
779842930528013401,0.0,0.0,0.0,0.0,0.0
779942928242605201,0.0,0.0,0.0,0.0,0.0
779942930525768601,0.0,0.0,0.0,0.0,0.0
781242930528004102,0.0,21.755352492559524,0.0,81.79319763183594,739.6819893731011
781542929613319202,0.0,0.0,0.0,0.0,0.0
781742930545603602,0.0,0.0,0.0,0.0,0.0
781842930478569102,0.0,0.0,0.0,0.0,0.0
782042930519983001,0.0,0.0,0.0,0.0,0.0
782142930509565602,0.0,0.0,0.0,0.0,0.0
782242930463891102,2.0,23.767860090228872,106.09389671361502,86.51811981201172,1188.393052150386
782342930464471102,0.0,0.0,0.0,0.0,0.0
782642930460611001,3.846153736114502,9.113429765091558,106.8639044072005,34.76858901977539,355.4237671466735
782642930526694301,0.0,0.0,0.0,0.0,0.0
782742929069883302,0.0,0.0,0.0,0.0,0.0
782742930518665902,0.0,0.0,0.0,0.0,0.0
782742930548055602,0.0,0.0,0.0,0.0,0.0
782842930472211801,0.0,0.0,0.0,0.0,0.0
782842930523338101,2.8333332538604736,21.250281454694324,203.59679767103347,80.94300842285156,1275.0169219217619
782942928855295402,0.0,0.0,0.0,0.0,0.0
782942930550273902,0.0,0.0,0.0,0.0,0.0
783142930475311202,0.0,0.0,0.0,0.0,0.0
783142930524033101,0.0,0.0,0.0,0.0,0.0
783242930435923402,0.0,0.0,0.0,0.0,0.0
783442930457873101,0.0,0.0,0.0,0.0,0.0
783442930475894501,0.0,0.0,0.0,0.0,0.0
783442930534528202,3.3299999237060547,5.6264590476113465,87.99589222757706,59.80030059814453,562.645921695987
783442930546572802,0.0,0.0,0.0,0.0,0.0
783742930458253801,0.0,0.0,0.0,0.0,0.0
783742930521498701,0.0,91.1410495923913,91.1403162055336,4.119560718536377,91.1410495923913
783842930548599002,0.0,0.0,0.0,0.0,0.0
783942930449037902,0.8571428656578064,7.979428029052492,96.44844283041708,59.010162353515625,726.127982539969
783942930474252402,2.0,3.3780033402108063,5.981454005934718,0.9988152980804443,6.756006559679464
783942930531632201,0.0,0.0,0.0,0.0,0.0
784642929501690802,0.0,0.0,0.0,0.0,0.0
784842930534724801,4.050000190734863,31.126889608739837,178.29918699186993,0.0,622.5378161856798
784842930545061101,0.0,0.0,0.0,0.0,0.0
784942930476591601,0.0,0.0,0.0,0.0,0.0
784942930529549701,0.0,0.0,0.0,0.0,0.0
785042930462606001,0.0,0.0,0.0,0.0,0.0
785242928042281901,0.0,0.0,0.0,0.0,0.0
785342930474536401,0.0,0.0,0.0,0.0,0.0
785342930523919402,0.0,0.0,0.0,0.0,0.0
785342930524892802,1.625,20.877596079192546,59.54409937888199,88.87903594970703,835.1038456697642
785542930528001701,0.0,0.0,0.0,0.0,0.0
785642930532277002,0.0,285.1622844827586,285.16275862068966,9.249043464660645,285.1622844827586
785742930184537101,3.0,21.55292217548077,195.40384615384616,99.04829406738281,1336.2812212185981
785742930184590001,0.0,0.0,0.0,0.0,0.0
785842930446725402,0.0,0.0,0.0,0.0,0.0
785842930465005902,0.0,0.0,0.0,0.0,0.0
785842930519421901,0.0,0.0,0.0,0.0,0.0
785942930548106801,1.0,1.1778880348342293,1.1778673835125448,0.0738416463136673,1.1778880348342293
786042930549165502,0.0,0.0,0.0,0.0,0.0
786442930469601302,0.0,0.0,0.0,0.0,0.0
786442930542702602,0.0,0.0,0.0,0.0,0.0
786542930473755202,0.0,0.0,0.0,0.0,0.0
786542930544320802,0.0,0.0,-0.1644917205833973,0.0,0.0
786642928135690801,0.0,0.0,0.0,0.0,0.0
786642929800291402,0.0,0.0,0.0,0.0,0.0
786642930474830401,0.0,0.0,0.0,0.0,0.0
786742930477382902,4.290322780609131,6.520059184202727,47.114107883817425,34.49336242675781,202.12183908350593
787142929346398801,0.0,0.0,0.0,0.0,0.0
787442930518450901,0.0,0.0,0.0,0.0,0.0
787642930534343202,0.0,0.0,0.0,0.0,0.0
787742928258284701,0.0,0.0,0.0,0.0,0.0
787742930476743501,0.0,0.0,0.0,0.0,0.0
787942930463685102,0.0,0.0,0.0,0.0,0.0
788042929331622001,3.090909004211426,3.3155825417762763,7.213679301685998,5.633089542388916,36.4714073209433
788042930545910402,4.099999904632568,5.979984719022017,60.36226318484383,57.2601432800293,418.5989103797435
788142930480566001,0.0,0.0,0.0,0.0,0.0
788342928988192502,0.0,0.0,0.0,0.0,0.0
788342930516599802,0.0,0.0,0.0,0.0,0.0
788542930530225502,1.6666666269302368,15.817751801972685,47.452959028831565,3.2711384296417236,47.453253831414784
788642928099739401,3.454545497894287,2.292016880953197,14.970259713561296,4.13180685043335,25.212185012920898
788742930545224501,0.0,0.0,0.0,0.0,0.0
788842930457949001,0.0,0.0,0.0,0.0,0.0
789142930474951301,7.136363506317139,32.21535692401961,310.2686274509804,45.170658111572266,708.7378381467333
789242930473443202,0.0,0.0,0.0,0.0,0.0
789242930510920601,0.0,0.0,0.0,0.0,0.0
789342928664009802,0.0,0.0,0.0,0.0,0.0
789342930530039601,4.619999885559082,10.109473762744368,216.76763664116163,60.87664031982422,505.4736808561415
789542930516170601,0.0,0.0,0.0,0.0,0.0
789642930521356701,2.2317073345184326,7.5614169824110125,48.433815350389324,75.61073303222656,620.0361920569975
789642930546785901,0.0,0.0,0.0,0.0,0.0
789842929761637902,0.0,0.0,0.0,0.0,0.0
791242930459821801,1.0,1.2587316689554304,1.2586638085030368,0.09317438304424286,1.2587316689554304
791242930473795302,0.0,0.0,0.0,0.0,0.0
791242930477581001,0.0,0.0,0.0,0.0,0.0
791442930527242601,0.0,0.0,0.0,0.0,0.0
791642930550280802,0.40697672963142395,4.887091315171295,7.6322966905039085,80.30268859863281,420.28985232758123
791942928759342702,0.0,0.0,0.0,0.0,0.0
791942929346145902,0.0,0.0,0.0,0.0,0.0
791942930464434002,0.0,0.0,0.0,0.0,0.0
791942930477646801,0.0,0.0,0.0,0.0,0.0
792042929389319801,0.0,0.0,0.0,0.0,0.0
792042930459871802,0.0,0.0,0.0,0.0,0.0
792142930474135901,0.0,0.0,0.0,0.0,0.0
792142930523805202,0.0,0.0,0.0,0.0,0.0
792142930540998802,3.9113924503326416,9.483527515854473,70.47619047619048,72.68093872070312,749.1986831644667
792142930544740501,0.0,0.0,0.0,0.0,0.0
792642930463270101,0.0,0.0,0.0,0.0,0.0
792942930475742502,0.0,0.0,0.0,0.0,0.0
792942930527241002,3.3917524814605713,6.062496045304986,152.109086307264,57.100242614746094,588.0620986874756
793042930528322601,3.299999952316284,4.259997924632723,23.241446971221574,6.239913463592529,42.59997877956612
793142930460010501,0.0,0.0,0.0,0.0,0.0
793542930515407802,3.6842105388641357,9.51296105269772,149.53987935656838,80.4817886352539,722.985037560757
793542930531525801,0.0,0.0,0.0,0.0,0.0
793742930479837702,3.3499999046325684,5.821478239528796,146.38057167114758,56.08433532714844,465.71826986411645
793742930529081301,0.0,0.0,0.0,0.0,0.0
793842930454257301,0.0,0.0,0.0,0.0,0.0
793842930479910501,0.0,0.0,0.0,0.0,0.0
793942930462395002,0.0,0.0,0.0,0.0,0.0
794242930534591401,0.0,0.0,0.0,0.0,0.0
794442930447904801,0.0,0.0,0.0,0.0,0.0
794542930101290201,0.0,0.0,0.0,0.0,0.0
794542930532969201,0.0,0.0,0.0,0.0,0.0
794642930546989801,2.572815418243408,6.897837167082395,60.63694882523335,78.52429962158203,710.477248445676
794742930479829901,0.0,0.0,0.0,0.0,0.0
794842930529842901,0.0,0.0,0.0,0.0,0.0
794942930516814001,0.0,0.0,0.0,0.0,0.0
795142930524750802,0.0,0.0,0.0,0.0,0.0
795142930526088701,0.0,0.0,0.0,0.0,0.0
795142930532308602,2.367088556289673,13.338172213753387,255.13929539295393,79.21511840820312,1053.7156065753159
795342930450598901,0.0,0.0,0.0,0.0,0.0
795442928823159701,0.0,0.0,0.0,0.0,0.0
795442930458219802,0.0,0.0,0.0,0.0,0.0
795642930464761502,0.0,0.0,0.0,0.0,0.0
795742927975326001,8.0,4.07469433029263,8.204479768786127,1.3682153224945068,12.224082461671333
795942930523988901,0.0,0.0,0.0,0.0,0.0
796042929457044501,0.0,0.0,0.0,0.0,0.0
796042930525061902,0.0,0.0,0.0,0.0,0.0
796142930476360402,0.0,0.0,0.0,0.0,0.0
796242929514115302,0.0,0.0,0.0,0.0,0.0
796242930508282101,0.0,0.0,0.0,0.0,0.0
796442930519745301,0.34375,9.393031153993856,6.8531490015360985,29.55818748474121,300.57698837256834
796442930543616402,0.029126213863492012,6.800503690886407,10.284695817490494,66.5772705078125,700.4518664542713
796542930534869402,0.0,0.0,0.0,0.0,0.0
796742930468079202,0.0,0.0,0.0,0.0,0.0
796742930548112102,0.0,0.0,0.0,0.0,0.0
797042930533526401,4.800000190734863,13.987344016638225,161.96587030716722,71.98318481445312,489.55703162496
797242930519193302,0.0,0.0,0.0,0.0,0.0
797242930525539302,0.0,0.0,0.0,0.0,0.0
797242930530108302,0.0,0.0,0.0,0.0,0.0
797642930457443801,5.3255815505981445,20.91553426972518,332.2836879432624,74.87176513671875,899.3679420525301
797742930476311902,0.0,0.0,0.0,0.0,0.0
797842930450324201,0.0,0.0,0.0,0.0,0.0
797942930460336502,0.0,0.0,0.0,0.0,0.0
797942930522003401,0.0,0.0,0.0,0.0,0.0
798142929259265402,0.0,0.0,0.0,0.0,0.0
798242930543941802,3.3142857551574707,7.182282549972988,159.08736898973527,68.30644226074219,754.1396648190589
798342929194635601,0.0,0.0,0.0,0.0,0.0
798342930447675001,0.0,0.0,0.0,0.0,0.0
798342930545453401,0.0,10.89697952377813,0.0,78.34845733642578,795.4795107432391
798442930529701001,0.0,4.0174658232068765,0.00023710729104919976,0.0,381.65924501501036
798542930460582702,0.0,0.0,0.0,0.0,0.0
798642930517286101,0.0,0.0,0.0,0.0,0.0
798742930289645702,0.0,0.0,-0.5614536545528788,0.0,0.0
798742930477310602,0.0,18.196381623873258,18.19639442775198,0.9753663539886475,18.196381623873258
798742930519398002,0.0,0.0,0.0,0.0,0.0
798842930464854601,0.0,0.0,0.0,0.0,0.0
798842930529034001,5.857142925262451,13.082264458955224,48.75,15.845925331115723,183.15169809825386
798842930532926501,1.0,5.630845105027001,5.630876747141042,0.6269703507423401,5.630845105027001
799042930536547301,0.0,0.0,0.0,0.0,0.0
799142930461449601,0.0,0.0,0.0,0.0,0.0
799142930464148602,0.0,0.0,0.0,0.0,0.0
799142930508440501,0.0,0.0,0.0,0.0,0.0
799242929055602502,3.8656716346740723,6.200440844846087,58.21943531620951,53.367088317871094,415.4295441404482
799342930542861401,4.717391490936279,6.816687931414305,71.43985901013365,60.82181167602539,313.56763239420883
799442930478913201,0.0,0.0,0.0,0.0,0.0
799542930545858902,5.088889122009277,13.43905717980618,196.96595075955997,43.26776123046875,604.7575700219355
799642930466424101,0.0,0.0,0.0,0.0,0.0
799742930462511801,0.0,0.0,0.0,0.0,0.0
799942929166177302,0.0,0.0,0.0,0.0,0.0
801242930456743501,0.0,0.0,0.0,0.0,0.0
801242930508147801,0.0,0.0,0.0,0.0,0.0
801242930532614201,0.0,0.0,0.0,0.0,0.0
801342930471544502,0.0,0.0,0.0,0.0,0.0
801342930517927201,0.0,0.0,0.0,0.0,0.0
801342930543387302,0.0,0.0,0.0,0.0,0.0
801342930545082102,0.0,0.0,0.0,0.0,0.0
801442930454081002,0.0,0.0,0.0,0.0,0.0
801442930454206002,0.0,0.0,0.0,0.0,0.0
801442930461586702,0.0,0.0,0.0,0.0,0.0
801542930516330302,0.0,62.19522901825467,98.753339269813,7.01043176651001,124.39045414028695
801742930476306102,0.0,0.0,0.0,0.0,0.0
801942930454879602,0.0,0.0,0.0,0.0,0.0
801942930517639202,0.0,0.0,0.0,0.0,0.0
801942930532113802,0.0,0.0,0.0,0.0,0.0
801942930533183301,0.0,0.22487537014868952,0.0,0.2478065937757492,2.47362903221961
802142929118570801,3.5,22.495949907426457,141.3665912363711,55.43703842163086,494.91088289607336
802142930472974701,0.0,0.0,0.0,0.0,0.0
802342930544949602,0.0,0.0,0.0,0.0,0.0
803342930510992002,0.0,0.0,0.0,0.0,0.0
803342930534987401,2.461538553237915,27.590950603557815,317.1238881829733,10.95539665222168,358.68236947938175
803442930521940801,3.0,2.735494419642857,2.7354285714285713,0.3224073052406311,2.735494419642857
803542930532680301,0.0,0.0,0.0,0.0,0.0
803742930445520301,3.0999999046325684,6.469318487456599,36.76231111545797,8.134970664978027,64.69318492232199
803742930526737802,0.0,0.0,0.0,0.0,0.0
803742930547269501,2.8118813037872314,6.744126095314735,73.34821173104434,70.88880157470703,681.1567426290635
803842930451807801,3.5789473056793213,5.865542371873301,52.02045948885264,13.650087356567383,111.44530415288646
804042930519203602,0.0,0.0,0.0,0.0,0.0
804042930530337202,1.8166667222976685,19.52847552773179,81.07064017660043,102.3283920288086,1171.7085852549303
804042930536220601,0.0,0.0,0.0,0.0,0.0
804242930474631801,2.65116286277771,5.730570897667543,28.398423127463865,57.219966888427734,492.82908074357664
804242930529420801,0.0,0.0,0.0,0.0,0.0
804342928210622202,5.0,9.343645500414299,35.446969696969695,2.7791547775268555,37.37458362001361
804342930476485601,4.2093024253845215,4.802054275495574,51.07979054980676,41.17742156982422,206.48833663991795
804642930473426902,0.0,0.0,0.0,0.0,0.0
804642930476514001,0.0,0.0,0.0,0.0,0.0
804642930480351502,0.0,0.0,0.0,0.0,0.0
804842930456788302,0.0,0.0,0.0,0.0,0.0
804842930466678301,0.0,0.0,0.0,0.0,0.0
805042930477888801,0.0,0.0,0.0,0.0,0.0
805042930508791002,0.0,0.0,0.0,0.0,0.0
805142930461169201,0.0,0.0,0.0,0.0,0.0
805142930475602602,0.0,0.0,0.0,0.0,0.0
805142930526343601,0.0,0.0,0.0,0.0,0.0
805242930480563402,0.0,0.0,0.0,0.0,0.0
805242930516737201,0.13698630034923553,7.800874046636659,31.141535383845962,92.9304428100586,569.4638220359457
805342928242527202,0.0,14.985362063172044,0.0,8.552194595336914,179.82435432898956
805342930474260902,0.0,0.0,0.0,0.0,0.0
805542930550087701,0.0,0.0,0.0,0.0,0.0
805642927975205602,0.0,0.0,0.0,0.0,0.0
805642930462133301,1.204081654548645,19.101856904871322,53.53186274509804,70.56175231933594,935.9909997079886
805642930478159602,0.0,0.0,0.0,0.0,0.0
805642930542344202,0.0,0.0,0.0,0.0,0.0
805742930458053401,0.0,0.0,0.0,0.0,0.0
805842930164781701,0.0,0.0,0.0,0.0,0.0
805842930477843401,0.0,0.0,0.0,0.0,0.0
805842930509185101,0.0,0.0,0.0,0.0,0.0
805942930516763002,0.0,0.0,0.0,0.0,0.0
806042930470171401,0.0,0.0,0.0,0.0,0.0
806042930547047701,3.576923131942749,15.092010452017345,192.8657616892911,49.060585021972656,392.3922691287678
806142930528568802,0.0,0.0,0.0,0.0,0.0
806242928025344402,0.0,0.0,0.0,0.0,0.0
806442930184475602,0.0,0.0,0.0,0.0,0.0
806442930453834601,0.0,0.0,0.0,0.0,0.0
806742930461542102,0.0,0.0,0.0,0.0,0.0
806842928042203701,0.0,0.0,0.0,0.0,0.0
806842930548733102,0.0,0.0,0.0,0.0,0.0
806942930541666101,0.0,0.0,0.0,0.0,0.0
807142930541357101,2.2580645084381104,11.176532451923077,103.88846153846154,31.842453002929688,346.47251705756554
807242930524016601,0.0,0.0,0.0,0.0,0.0
807442930532775301,0.0,0.0,0.0,0.0,0.0
807642930479770802,0.0,0.0,0.0,0.0,0.0
807642930526525601,3.357142925262451,4.316958643598852,18.76153390718222,8.273445129394531,60.437421166050406
807642930529617301,0.0,0.0,0.0,0.0,0.0
807742930472778202,0.0,0.0,0.0,0.0,0.0
807842928887149302,0.0,0.0,0.0,0.0,0.0
807842929456879002,0.0,0.0,0.0,0.0,0.0
807842929494157501,0.0,0.0,0.0,0.0,0.0
807842929839905601,0.0,0.0,0.0,0.0,0.0
807842930507639202,0.0,0.0,0.0,0.0,0.0
807942930476863901,0.0,0.0,0.0,0.0,0.0
808042928311037201,0.0,0.0,0.0,0.0,0.0
808242930453213402,0.0,0.0,0.0,0.0,0.0
808242930518812602,0.0,0.0,0.0,0.0,0.0
808342930525211902,3.8181817531585693,18.736342668000745,113.48622486969471,12.257102012634277,206.09977159944827
808342930526709602,0.0,0.0,0.0,0.0,0.0
808342930542401702,0.0,0.0,0.0,0.0,0.0
808542928633733802,0.0,0.0,0.0,0.0,0.0
808542928726620402,0.0,0.0,0.0,0.0,0.0
808542930524760302,2.1666667461395264,6.223197921123948,10.266951932677221,2.076625347137451,37.33918797247183
809142930544794502,0.0,0.0,0.0,0.0,0.0
809242929843198402,0.0,0.0,0.0,0.0,0.0
809242930518498701,0.0,0.0,0.0,0.0,0.0
809542930479730101,0.0,0.0,0.0,0.0,0.0
809742930533538002,0.0,0.0,0.0,0.0,0.0
809942929321324301,0.0,0.0,0.0,0.0,0.0
809942930526801502,0.0,0.0,0.0,0.0,0.0
811142930462068801,0.0,0.0,0.0,0.0,0.0
811142930472130002,0.0,0.0,0.0,0.0,0.0
811142930519659602,4.337500095367432,8.571968251214434,141.70187369882026,73.55567932128906,685.757434183686
811242930531975002,0.0,0.0,0.0,0.0,0.0
811442930463711802,0.0,0.0,0.0,0.0,0.0
811542930534954201,1.808823585510254,7.009277629461674,26.519114491905597,56.48942947387695,476.6308727201161
811642930476767801,0.0,0.0,0.0,0.0,0.0
811942928166711001,4.275000095367432,6.351357414992953,138.93816067653276,84.54065704345703,508.10859273503246
812142930460560902,0.0,0.0,0.0,0.0,0.0
812442930464460202,4.210526466369629,6.937135501471693,50.17635270541082,10.801459312438965,131.80557130095
812442930527667102,0.0,0.0,0.0,0.0,0.0
812642930516099601,0.0,0.0,0.0,0.0,0.0
812942930462104402,0.0,0.0,0.0,0.0,0.0
812942930543424902,0.0,0.0,0.0,0.0,0.0
813042930517057001,0.0,0.0,0.0,0.0,0.0
813142930516301902,0.0,0.0,0.0,0.0,0.0
813342930538496902,0.0,0.0,0.0,0.0,0.0
813442930534812601,0.0,0.0,0.0,0.0,0.0
813742930449674101,0.0,0.0,0.0,0.0,0.0
813842930464787802,0.0,0.0,0.0,0.0,0.0
813842930525574102,0.0,0.0,0.0,0.0,0.0
814042930528019102,0.0,0.0,0.0,0.0,0.0
814242928664083701,0.0,0.0,0.0,0.0,0.0
814342930462456201,0.0,0.0,0.0,0.0,0.0
814342930476834602,2.6470587253570557,20.028434868612077,47.961672473867594,88.86833953857422,1021.4501932921726
814442930453336502,0.0,0.0,0.0,0.0,0.0
814742930509403102,0.125,11.916362010912309,12.201730239874164,70.50447082519531,953.3089751357222
814842930510356101,0.0,0.0,0.0,0.0,0.0
814842930515938701,0.0,0.0,0.0,0.0,0.0
815042930508138902,0.0,0.0,0.0,0.0,0.0
815042930547570001,3.6885244846343994,16.378432093732275,245.4872376630743,73.01606750488281,999.0843913986544
815142930464010802,0.0,0.0,0.0,0.0,0.0
815142930534968402,0.0,0.0,0.0,0.0,0.0
815442930516584202,0.0,0.0,0.0,0.0,0.0
815442930549748702,0.0,0.0,0.0,0.0,0.0
815542930478218101,0.0,0.0,0.0,0.0,0.0
815742927979933901,0.0,0.0,0.0,0.0,0.0
815742930455532001,0.0,0.0,0.0,0.0,0.0
815742930542317802,1.0,7.106469035388128,30.02027397260274,75.54830169677734,604.0498793503574
815842930464087702,1.0,4.563785293212113,12.268617791944363,1.890445351600647,13.691356049866236
815942930474266901,118.5,3.029752864394077,6.059411337209302,1.150566577911377,6.059505728788154
816142930464457301,0.0,0.0,0.0,0.0,0.0
816242928108698401,0.0,0.0,0.0,0.0,0.0
816442930400204201,4.9210524559021,13.28792261872856,171.08576329331046,53.75590515136719,504.94104936642265
816542930516310401,0.0,0.0,0.0,0.0,0.0
816642930479262802,3.0,12.605884673435785,50.17343578485181,10.209451675415039,88.24119458999382
816742930454170502,0.0,0.0,0.0,0.0,0.0
816742930474717402,0.0,0.0,0.0,0.0,0.0
817142928663921402,0.0,0.0,0.0,0.0,0.0
817242928932412501,0.0,0.0,0.0,0.0,0.0
817242930342472002,0.0,0.0,0.0,0.0,0.0
817342929417378502,0.0,0.0,0.0,0.0,0.0
817342930517381702,0.0,0.0,0.0,0.0,0.0
817342930530317902,0.0,0.0,0.0,0.0,0.0
817442930531891001,0.0,0.0,0.0,0.0,0.0
817542930478283502,0.0,0.0,0.0,0.0,0.0
817642930474595001,0.0,0.0,0.0,0.0,0.0
817742928196979602,0.0,0.0,0.0,0.0,0.0
817742930446571202,0.0,6.9132780947092085,0.0,44.59114456176758,400.97013256815603
817742930534934501,0.0,0.0,0.0,0.0,0.0
817942929493986702,0.0,0.0,0.0,0.0,0.0
817942929800191402,0.0,0.0,0.0,0.0,0.0
818142930522942502,0.0,0.0,0.0,0.0,0.0
818242930534831802,9.25,6.006670065879301,21.884762424904423,2.9269676208496094,24.0266797968366
818342930518628202,0.0,0.0,0.0,0.0,0.0
818342930529817502,0.0,0.0,0.0,0.0,0.0
818342930532790801,0.0,0.0,0.0,0.0,0.0
818642930446433501,0.0,0.0,0.0,0.0,0.0
819142930541095801,0.0,0.0,0.0,0.0,0.0
819242930453621202,0.0,0.0,0.0,0.0,0.0
819242930531787001,0.0,0.0,0.0,0.0,0.0
819342930534641502,0.0,0.0,0.0,0.0,0.0
819442928030479102,0.0,0.0,0.0,0.0,0.0
819442930462741302,0.0,0.0,0.0,0.0,0.0
819542930454647602,0.0,0.0,0.0,0.0,0.0
819642930524373201,357.0,0.48845160840136764,0.48845160840136764,0.057567473500967026,0.48845160840136764
819642930550470702,7.5333333015441895,1.5031813518870032,8.856744082179544,3.163013458251953,22.547720578165126
819742930475517901,0.0,0.0,0.0,0.0,0.0
819742930476177601,0.0,0.0,0.0,0.0,0.0
821242930455582301,0.0,0.0,0.0,0.0,0.0
821542930460498902,0.0,0.053963234845329736,0.1,0.017294051125645638,0.21585293377147002
821642930480059302,0.0,0.0,0.0,0.0,0.0
821942930530217601,0.0,0.0,0.0,0.0,0.0
821942930537341902,0.0,0.0,0.0,0.0,0.0
822042930543471402,0.0,0.0,0.0,0.0,0.0
822342930455951801,0.0,0.0,0.0,0.0,0.0
822442928789829102,0.0,0.0,0.0,0.0,0.0
822442930464350402,3.8378379344940186,17.463413592896174,100.94535519125684,56.440773010253906,646.1462898462848
822442930533126101,0.0,0.0,0.0,0.0,0.0
822542930518122602,0.0,0.0,0.0,0.0,0.0
822542930550422301,0.0,0.0,0.0,0.0,0.0
822742930537489702,0.0,0.0,0.0,0.0,0.0
822942930517948001,0.0,0.0,0.0,0.0,0.0
822942930544325501,0.0,0.0,0.0,0.0,0.0
823142929022556501,0.0,0.0,0.0,0.0,0.0
823342930446736401,0.0,0.0,0.0,0.0,0.0
823342930466729101,0.0,0.0,0.0,0.0,0.0
823442930461957001,214.0,29.872257254464287,29.872857142857143,3.3961119651794434,29.872257254464287
823542928281571202,0.0,0.0,0.0,0.0,0.0
823542930448997102,0.0,0.0,0.0,0.0,0.0
823642930519878201,0.0,0.0,0.0,0.0,0.0
823742930522802202,0.0,0.0,0.0,0.0,0.0
823842930452734401,0.0,0.0,0.0,0.0,0.0
824242930518683202,0.0,0.0,0.0,0.0,0.0
824442930516415402,0.0,0.0,0.0,0.0,0.0
824442930527155301,0.0,0.0,0.0,0.0,0.0
824542929380254101,0.0,0.0,0.0,0.0,0.0
824542930464352301,0.0,0.0,0.0,0.0,0.0
824542930550604002,0.0,0.0,0.0,0.0,0.0
824942930461485102,0.0,0.0,0.0,0.0,0.0
824942930534355601,0.0,0.0,0.0,0.0,0.0
825042930527969201,0.0,0.0,0.0,0.0,0.0
825342930517966301,0.0,0.0,0.0,0.0,0.0
825342930528662702,4.847457408905029,11.158399312686706,153.33905899925318,72.8502426147461,658.3455643258583
825442930458105101,0.0,0.0,0.0,0.0,0.0
825442930516566802,0.0,0.0,0.0,0.0,0.0
825442930525679301,0.0,0.0,0.0,0.0,0.0
825542930537831702,0.0,0.0,0.0,0.0,0.0
825642930475638602,0.9615384340286255,10.654167875798027,176.47724898432966,75.3431396484375,1108.0335205692138
825742930478649902,1.2000000476837158,3.8192432457569176,10.029601029601029,2.2458817958831787,19.096216150232262
825942929761688202,0.0,0.0,0.0,0.0,0.0
825942930463971702,4.079999923706055,3.4744047842754058,19.801683704149127,16.41257095336914,86.86012144794108
826142928119230302,0.0,0.0,0.0,0.0,0.0
826242930510359201,0.0,0.0,0.0,0.0,0.0
826342929021034101,0.05747126415371895,6.765441918877144,4.106003191065018,71.71009826660156,588.5934218203921
826342930475486701,0.0,0.0,0.0,0.0,0.0
826442930515901101,0.0,0.0,0.0,0.0,0.0
826542930464180701,4.16417932510376,7.484908355069177,134.2653662962123,63.53519821166992,501.48885796404824
826542930469923401,4.199999809265137,18.391162109375,91.82720588235294,24.752838134765625,183.91161813174978
826542930479871801,0.0,0.0,0.0,0.0,0.0
827042930522281002,0.0,0.0,0.0,0.0,0.0
827142929604523301,0.0,0.0,0.0,0.0,0.0
827142930530486801,4.199999809265137,11.933381859541877,157.8071950534008,21.75037384033203,238.66763142858616
827242928197098401,0.0,0.0,0.0,0.0,0.0
827442930457227302,0.0,0.0,0.0,0.0,0.0
827642930544739202,0.0,0.0,0.0,0.0,0.0
827842930517436002,0.0,0.0,0.0,0.0,0.0
828042930452839902,0.06578947603702545,15.994920646619496,9.776100628930818,118.10436248779297,1215.6139953037477
828242930549987701,3.254237174987793,4.813609803082191,66.50230593607306,34.16673278808594,284.0029744816262
828442930466467401,0.6339285969734192,4.975387593542129,127.619955654102,76.21546173095703,557.2434092314439
828442930476132101,0.8275862336158752,25.273351892248378,54.97402597402598,34.018898010253906,732.9272124055144
828542930452138102,2.9189188480377197,4.388314595635862,65.39119096889247,15.351080894470215,162.36764305202158
828542930528993801,10.5,0.02977364739778067,0.05982215036378335,0.008724876679480076,0.059547293253646515
828642930475053801,0.0,0.0,0.0,0.0,0.0
828642930480325302,3.307692289352417,6.040561983242868,28.597071446604392,10.090737342834473,78.52730430289068
828842930531300102,0.0,0.0,0.0,0.0,0.0
829042930475597601,4.833333492279053,111.98205977879213,117.75280898876404,26.963916778564453,671.8923696453652
829342930536253801,0.0,0.0,0.0,0.0,0.0
829342930545907002,0.0,0.0,0.0,0.0,0.0
829442930452869901,0.0,0.0,0.0,0.0,0.0
829442930508923701,0.0,0.0,0.0,0.0,0.0
829442930534169102,0.0,0.0,0.0,0.0,0.0
829742930529086402,0.0,0.0,0.0,0.0,0.0
829742930530184901,0.0,0.0,0.0,0.0,0.0
829842928213735102,0.0,0.0,0.0,0.0,0.0
831142930289817501,1.8333333730697632,10.644114604617899,52.601280479498705,68.75369262695312,702.5115779590386
831242930453786301,0.0,0.0,0.0,0.0,0.0
831242930531796201,0.0,0.0,0.0,0.0,0.0
831542930518419202,0.0,0.0,0.0,0.0,0.0
832042930511109702,0.0,0.0,0.0,0.0,0.0
832242930474068801,0.0,0.0,0.0,0.0,0.0
832342930523521702,0.0,0.0,0.0,0.0,0.0
832442929613539201,0.0,0.0,0.0,0.0,0.0
832642930475823402,0.0,0.0,0.0,0.0,0.0
832642930520792801,0.0,0.0,0.0,0.0,0.0
832742930459978602,3.75,8.295891312977426,87.08527165050211,10.69412899017334,132.7342659319412
833042929126817802,0.0,0.0,0.0,0.0,0.0
833042930525249402,0.0,0.0,0.0,0.0,0.0
833142930542841402,5.3125,10.912903418395196,165.86724890829694,53.1995735168457,698.4258175379324
833342930544656502,6.0,3.821805625798552,3.8219761499148213,0.599461019039154,3.821805625798552
833442930527530001,0.0,0.0,0.0,0.0,0.0
833542930446907502,0.0,0.0,0.0,0.0,0.0
833642930474043501,0.0,0.0,0.0,0.0,0.0
833642930479236101,0.0,0.0,0.0,0.0,0.0
833742930509863801,0.0,0.0,0.0,0.0,0.0
833742930539239902,0.0,0.0,0.0,0.0,0.0
833742930547538101,0.0,0.0,0.0,0.0,0.0
833842930476862502,0.0,0.0,0.0,0.0,0.0
833942930463710902,0.0,0.0,0.0,0.0,0.0
834042930458153801,0.0,0.0,0.0,0.0,0.0
834242929800241602,3.3943662643432617,11.085982048305636,126.371293580971,94.52872467041016,787.1047180911623
834442927928420801,5.659574508666992,26.760173886914714,443.82775919732444,70.564208984375,1257.7282021308822
834442930515364402,0.0,0.0,0.0,0.0,0.0
834442930517835102,0.0,0.0,0.0,0.0,0.0
834442930525675402,0.0,0.0,0.0,0.0,0.0
834442930531819002,1.0,7.814936536718042,7.8150498640072525,1.2044792175292969,7.814936536718042
834742930532099001,0.0,0.0,0.0,0.0,0.0
834842930542858001,0.0,0.0,0.0,0.0,0.0
834942930526462301,2.2727272510528564,23.216533230027547,238.2520661157025,47.88939666748047,510.76374862082406
835042930480274002,4.5,22.014665664994812,41.948114839156,6.338717937469482,44.02932997881356
835242930450010401,0.0,0.0,0.0,0.0,0.0
835242930522282001,0.0,0.0,0.0,0.0,0.0
835342930450913802,0.0,0.0,0.0,0.0,0.0
835342930524987902,0.0,0.0,0.0,0.0,0.0
835342930541093701,0.0,0.0,0.0,0.0,0.0
835542930480626901,0.0,0.0,0.0,0.0,0.0
836042929800256801,0.0,0.0,0.0,0.0,0.0
836042930522772702,0.0,0.0,0.0,0.0,0.0
836042930528204101,0.0,0.0,0.0,0.0,0.0
836142930474183802,0.0,0.0,0.0,0.0,0.0
836342930524210302,0.0,0.0,0.0,0.0,0.0
836642930454674902,0.0,0.0,0.0,0.0,0.0
836642930477249101,0.0,0.0,0.0,0.0,0.0
836642930530434802,0.0,0.0,0.0,0.0,0.0
836642930545490301,0.0,0.0,0.0,0.0,0.0
836842928015410501,2.964601755142212,5.079818228646354,171.28301698301698,48.64661407470703,574.0194560734066
836842930525650601,0.0,0.0,0.0,0.0,0.0
837042930479968701,0.0,0.0,0.0,0.0,0.0
837242930518141601,4.085106372833252,8.855310599355484,80.68482207697895,53.5976676940918,416.19961290768117
837442930528264801,0.0,0.0,0.0,0.0,0.0
837442930529264402,0.0,0.0,0.0,0.0,0.0
837542930542795001,0.0,0.0,0.0,0.0,0.0
837742928967046502,0.0,0.0,0.0,0.0,0.0
837742930470022902,0.0,0.0,0.0,0.0,0.0
837942928676524701,0.0,0.0,0.0,0.0,0.0
837942930464892901,0.0,0.0,0.0,0.0,0.0
837942930529605302,0.0,0.0,0.0,0.0,0.0
838042928665736602,0.0,0.0,0.0,0.0,0.0
838142930465161002,0.0,0.0,0.0,0.0,0.0
838142930515602502,0.0,0.0,0.0,0.0,0.0
838242930470782301,0.0,0.0,0.0,0.0,0.0
838542930519555902,0.0,10.375690524193548,0.0,72.08763122558594,767.8011074566584
838642930475790101,0.0,0.0,0.0,0.0,0.0
838642930477805401,0.0,0.0,0.0,0.0,0.0
838942930465195502,5.199999809265137,9.815624230485103,89.24993843880817,83.59717559814453,588.9374605398172
839142930463661901,0.0,0.0,0.0,0.0,0.0
839242928607176801,3.146341562271118,5.2867422544476526,32.98472429210134,21.425533294677734,216.75643653699075
839442930521478501,0.0,0.0,0.0,0.0,0.0
839542930008406001,0.0,0.0,0.0,0.0,0.0
839542930289421302,3.777777671813965,5.093366760061587,17.148524778000574,5.320416450500488,45.84030133009435
839542930463726301,0.0,0.0,0.0,0.0,0.0
839542930526547302,0.0,0.0,0.0,0.0,0.0
839642930467637102,0.0,0.0,0.0,0.0,0.0
839842930462171301,0.0,0.0,0.0,0.0,0.0
841342928096721201,0.0,0.0,0.0,0.0,0.0
841442930507801702,0.0,0.0,0.0,0.0,0.0
841442930526434201,3.700000047683716,20.087726364487327,191.96082949308754,14.729229927062988,200.87725859083886
841542930529205201,0.0,0.0,0.0,0.0,0.0
841642930459290601,0.0,0.0,0.0,0.0,0.0
841642930524385902,0.0,0.0,0.0,0.0,0.0
841942929428305502,0.0,0.0,0.0,0.0,0.0
841942930480076802,0.0,0.0,0.0,0.0,0.0
842042928932295402,0.0,0.0,0.0,0.0,0.0
842142930477007101,0.0,0.0,0.0,0.0,0.0
842142930521528501,2.066666603088379,10.553075918879534,48.454015544041454,13.179459571838379,158.2961396726302
842142930548550901,0.0,0.0,0.0,0.0,0.0
842242930533564601,2.41121506690979,8.662138076109544,109.10316164464895,112.22412872314453,926.8487976825041
842342930459389101,0.0,0.0,0.0,0.0,0.0
842442930479262601,0.0,0.0,0.0,0.0,0.0
842542930543771002,110.0,7.9927348359144545,7.99283607248209,0.9451021552085876,7.9927348359144545
842642929946490901,0.0,0.0,0.0,0.0,0.0
842642930459093802,165.0,270.89663648753896,270.8964174454829,0.0,270.89663648753896
842742930518445901,0.0,0.0,0.0,0.0,0.0
842742930545257801,0.0,0.0,0.0,0.0,0.0
842842930548514102,0.0,0.0,0.0,0.0,0.0
842942930546835001,0.0,0.0,0.0,0.0,0.0
843042930523606401,0.0,0.0,0.0,0.0,0.0
843142930469340002,0.0,0.0,0.0,0.0,0.0
843242930459766502,1.2916666269302368,6.574361426869109,36.61610968294773,86.49150085449219,473.35402279995196
843242930476303802,0.0,0.0,0.0,0.0,0.0
843342930541339502,3.5,3.251809017595308,15.818475073313783,3.5250840187072754,26.014472971270163
843642930529697002,0.0,0.0,0.0,0.0,0.0
843842930515847702,0.0,0.0,0.0,0.0,0.0
843942930509736802,0.0,0.0,0.0,0.0,0.0
844142930547098901,0.0,0.0,0.0,0.0,0.0
844542930527015502,4.155172348022461,19.98273776096723,297.54545454545456,74.82262420654297,1158.998778175854
844842930546514402,0.0,0.0,0.0,0.0,0.0
844942928645857101,0.0,0.0,0.0,0.0,0.0
845142930520139101,0.0,0.0,0.0,0.0,0.0
845142930544417302,0.0,0.0,0.0,0.0,0.0
845342930460613302,3.064516067504883,7.517373286579534,26.557220274147273,0.0,466.0771453609351
845442929613374502,0.0,0.0,0.0,0.0,0.0
845542930480631502,0.0,0.0,0.0,0.0,0.0
845542930518553602,0.0,0.0,0.0,0.0,0.0
845542930524548902,4.0,5.170902792293757,7.7212931995540695,0.9352007508277893,10.341806128936733
845542930534184502,0.0,0.0,0.0,0.0,0.0
845642930546189602,0.0,0.0,0.0,0.0,0.0
845842930543021502,0.0,0.0,0.0,0.0,0.0
845942930457810901,0.0,0.0,0.0,0.0,0.0
845942930464815502,0.0,0.0,0.0,0.0,0.0
845942930476179902,0.0,0.0,0.0,0.0,0.0
846042930508914502,0.0,0.0,0.0,0.0,0.0
846042930519367002,0.0,0.0,0.0,0.0,0.0
846142930457038902,9.0,21.600905772379914,21.600436681222707,2.5238845348358154,21.600905772379914
846142930469593202,0.0,0.0,0.0,0.0,0.0
846242930519827402,2.3333332538604736,6.30743671875,18.6394,2.7179555892944336,18.922309814453126
846342930455537002,0.0,0.0,0.0,0.0,0.0
846442930470857401,7.930232524871826,5.348751605882804,44.73201411259396,33.08208084106445,229.996312375046
846442930475489401,0.0,0.0,0.0,0.0,0.0
846942930475716502,0.0,0.0,0.0,0.0,0.0
847042930473780002,0.0,0.0,0.0,0.0,0.0
847142930522181302,0.0,0.0,0.0,0.0,0.0
847142930526473901,0.0,0.0,0.0,0.0,0.0
847242930461347501,3.5,7.298659197384679,19.82990115321252,3.4833362102508545,29.194638197268844
847342928979715101,2.384615421295166,15.923606178977273,136.45909090909092,91.25519561767578,1242.0412947226655
847342930454310101,0.0,0.0,0.0,0.0,0.0
847342930461386002,0.0,0.0,0.0,0.0,0.0
847642930531798302,0.0,0.0,0.0,0.0,0.0
847642930532420301,0.0,0.0,0.0,0.0,0.0
847642930549235901,0.0,0.0,0.0,0.0,0.0
847742930520009601,0.0,0.0,0.0,0.0,0.0
847842930548089302,0.0,12.964294159893498,0.0,97.33351135253906,907.5006097421518
847942930474001102,0.0,0.0,0.0,0.0,0.0
847942930550687401,4.599999904632568,9.858737969839344,69.4328584419521,23.98101806640625,147.88107160583849
848142930518599101,0.0,0.0,0.0,0.0,0.0
848142930546877402,0.0,0.0,0.0,0.0,0.0
848542929272107001,0.0,0.0,0.0,0.0,0.0
848642930474098702,0.0,0.0,0.0,0.0,0.0
848642930515458801,0.0,0.0,0.0,0.0,0.0
848742930474465301,1.659999966621399,3.4922066953316953,44.554765291607396,26.750383377075195,174.61033075900679
848742930527002601,0.0,0.0,0.0,0.0,0.0
848842929417283102,0.0,0.0,0.0,0.0,0.0
848842930453571002,0.0,0.0,0.0,0.0,0.0
848842930523664101,0.0,0.0,0.0,0.0,0.0
849142930453075102,0.0,0.0,0.0,0.0,0.0
849342930509788702,3.086538553237915,10.924653732535672,271.0927467300832,72.89047241210938,1136.1639773338218
849342930543236502,0.0,0.0,0.0,0.0,0.0
849442930515789602,0.0,0.0,0.0,0.0,0.0
849442930516675901,0.0,0.0,0.0,0.0,0.0
849442930530919102,0.0,0.0,0.0,0.0,0.0
849542930508064101,1.9777777194976807,25.902539879707113,237.82292289300656,27.226734161376953,1165.6143076292997
849542930508937701,1.1578947305679321,8.440501047922924,51.948448448448445,80.3931655883789,641.4780579606096
849642928281688101,0.0,0.0,0.0,0.0,0.0
849642930510091802,0.0,0.0,0.0,0.0,0.0
849742928232592202,0.0,0.0,0.0,0.0,0.0
849742930465173101,0.0,47.948997738486845,95.89736842105263,12.495064735412598,95.89799547697369
849942930541466401,0.0,0.0,0.0,0.0,0.0
851142930456979301,0.0,0.0,0.0,0.0,0.0
851142930516500302,0.0,0.0,0.0,0.0,0.0
851242930464994401,4.644067764282227,4.479857107447121,80.43287309048179,50.48201370239258,264.31157056313145
851342930532811802,0.0,0.0,0.0,0.0,0.0
851342930533843601,0.0,0.0,0.0,0.0,0.0
851442928197867501,0.0,0.0,0.0,0.0,0.0
851442930517556402,0.0,0.0,0.0,0.0,0.0
851442930541819701,0.0,0.0,0.0,0.0,0.0
851542930473554901,0.0,0.0,0.0,0.0,0.0
851542930479652201,0.0,0.0,0.0,0.0,0.0
851642929800393702,0.0,0.0,0.0,0.0,0.0
851842930548226801,2.444444417953491,9.475471591616841,52.5146985550573,74.05498504638672,596.9546876307679
851942928168167902,0.0,0.0,0.0,0.0,0.0
851942930524132701,4.333333492279053,5.654687997928617,111.38432122370936,50.716861724853516,288.38908349420706
852042930451607302,0.0,0.0,0.0,0.0,0.0
852042930472169702,0.0,0.0,0.0,0.0,0.0
852042930473437401,0.0,0.0,0.0,0.0,0.0
852042930475570301,163.0,91.30846162185603,166.22463139635732,17.37386703491211,182.6169300195143
852242930460969701,0.0,0.0,0.0,0.0,0.0
852342929373045201,6.2093024253845215,16.98864070134365,186.5613463626493,44.94972610473633,730.5115450549462
852542930473401302,0.0,0.0,0.0,0.0,0.0
852542930524117702,1.0,3.591959462564333,3.5919655256923453,0.37880221009254456,3.591959462564333
852642930524078902,0.0,0.0,0.0,0.0,0.0
852742930511203801,0.0,0.0,0.0,0.0,0.0
852842930459571501,3.8333332538604736,8.298383375922771,96.72960439144425,27.76287841796875,248.95150659212035
852842930525394302,0.0,0.0,0.0,0.0,0.0
852942930473536101,0.0,0.0,0.0,0.0,0.0
852942930478392801,0.0,0.0,0.0,0.0,0.0
852942930509739101,0.0,0.0,0.0,0.0,0.0
852942930530305401,0.0,0.0,0.0,0.0,0.0
853042930509911702,0.0,0.0,0.0,0.0,0.0
853342930477740601,0.0,0.0,0.0,0.0,0.0
853342930477883601,0.0,0.0,0.0,0.0,0.0
853442930200179101,0.0,0.0,0.0,0.0,0.0
853442930517536102,2.25,10.198982053554088,37.231889687317924,4.898128509521484,40.795928498707276
853442930544397802,1.1875,9.94099151421778,91.68944099378882,17.295175552368164,159.0558700291411
853442930546952402,0.0,0.0,0.0,0.0,0.0
853542930075840502,1.9166666269302368,7.702334515040579,114.92625264643613,93.98040008544922,739.4240958860581
853642930526406301,0.0,0.0,0.0,0.0,0.0
853842928633866502,0.0,0.0,0.0,0.0,0.0
853842930523791502,0.0,0.0,0.0,0.0,0.0
854042930477061502,3.41304349899292,6.228040873816205,150.80050859347597,29.629594802856445,286.48987708063305
854042930520187702,0.0,0.0,0.0,0.0,0.0
854242930547722102,0.0,0.0,0.0,0.0,0.0
854442930534463402,0.0,0.0,0.0,0.0,0.0
854642928000561902,0.0,0.0,0.0,0.0,0.0
854742930470528401,0.0,0.0,0.0,0.0,0.0
854742930534326101,0.0,0.0,0.0,0.0,0.0
854742930541679401,0.0,0.0,0.0,0.0,0.0
854742930547269101,3.7428572177886963,9.23415675830976,186.61898868458275,69.96556091308594,646.3909654205894
855042930479722302,0.0,0.0,0.0,0.0,0.0
855142930531636301,41.0,0.13262599469496023,0.13262599469496023,0.0,0.13262599469496023
855442930454874201,0.0,0.0,0.0,0.0,0.0
855742929922100201,0.0,0.0,0.0,0.0,0.0
855842930526750501,0.0,0.0,0.0,0.0,0.0
856242927949032701,5.2727274894714355,8.785909744169572,64.55710549258936,30.822708129882812,289.93501350416136
856442930545553601,0.0,0.0,0.0,0.0,0.0
856542930530007901,3.525773286819458,5.807234718891084,125.39305869074492,76.7153091430664,563.3017944396215
856642930519891202,0.0,0.0,0.0,0.0,0.0
856742930458761302,0.0,0.0,0.0,0.0,0.0
856742930465409602,0.0,0.0,0.0,0.0,0.0
857242930476276902,0.0,0.0,0.0,0.0,0.0
857242930508670402,0.0,0.0,0.0,0.0,0.0
857242930524371102,0.0,0.0,0.0,0.0,0.0
857442930518866601,0.0,0.0,0.0,0.0,0.0
857542930465260501,0.0,0.0,0.0,0.0,0.0
857742930525646702,2.844827651977539,6.376432526965213,149.4420600858369,34.13033676147461,369.83307495875476
857742930530769201,0.0,0.0,0.0,0.0,0.0
857842930460536701,0.0,0.0,0.0,0.0,0.0
858042929155550101,0.0,0.0,0.0,0.0,0.0
858042930462066802,0.0,0.0,0.0,0.0,0.0
858342930463483402,0.0,0.0,0.0,0.0,0.0
858342930472058502,0.0,0.0,0.0,0.0,0.0
858542930464169701,0.0,0.0,0.0,0.0,0.0
858542930468014502,189.0,0.8234842861491483,0.8233374133006935,0.03977465629577637,0.8234842861491483
858642929649204902,0.0,0.0,0.0,0.0,0.0
858742929303831001,0.0,0.0,0.0,0.0,0.0
858742929493932302,0.0,0.0,0.0,0.0,0.0
858742930449379501,0.0,0.0,0.0,0.0,0.0
858842930455930602,0.0,0.0,0.0,0.0,0.0
858842930477463802,0.0,0.0,0.0,0.0,0.0
858842930522413401,0.0,0.0,0.0,0.0,0.0
859042930546815401,0.0,0.0,0.0,0.0,0.0
859142930456578101,0.0,0.0,0.0,0.0,0.0
859142930459286302,3.9696969985961914,8.704815764925373,71.56343283582089,34.02195739746094,287.2589199863263
859342930455322901,6.645833492279053,3.0510756369554093,43.824371441366516,17.94539451599121,146.45163286572895
859442930540607101,0.0,0.0,0.0,0.0,0.0
859642930457644301,0.0,0.0,0.0,0.0,0.0
861342930509458601,0.0,0.0,0.0,0.0,0.0
861342930510892602,0.0,291.0699803436226,291.06988934187535,45.97401809692383,291.0699803436226
861642930478205701,2.21052622795105,7.909977929314054,56.83126195028681,14.709508895874023,150.28957800199606
861942928636897801,3.075000047683716,18.88035031582447,92.63652482269504,57.457603454589844,755.2140002825581
862242930534647301,0.0,0.0,0.0,0.0,0.0
862242930535062302,0.0,0.0,0.0,0.0,0.0
862342930473319301,1.061855673789978,8.261652320880959,70.96710342904935,83.1158447265625,801.3802811161792
862542930542401601,0.0,0.0,0.0,0.0,0.0
862642930449976702,0.0,13.135823105081826,0.0,57.00126647949219,472.8896506711186
862742930526496102,0.0,0.0,0.0,0.0,0.0
863042930476428201,0.0,0.0,0.0,0.0,0.0
863242930524324202,0.0,0.0,0.0,0.0,0.0
863242930531653402,0.0,0.0,0.0,0.0,0.0
863742930468804801,0.0,4.9191533012366095,0.5828607435412728,6.954679489135742,49.19153255085263
864042930479321901,0.0,0.0,0.0,0.0,0.0
864242930548351701,0.0,0.0,0.0,0.0,0.0
864342930509826301,0.0,0.0,0.0,0.0,0.0
864342930530677902,1.5362318754196167,9.052352955214925,60.12393628627537,71.96054077148438,624.6123719054124
864542930477405101,3.445544481277466,5.76600950021777,140.00154858691445,0.0,582.3669651930894
864842930448018302,0.0,0.0,0.0,0.0,0.0
864942930448335102,0.0,0.0,0.0,0.0,0.0
865242930471612302,0.0,0.0,0.0,0.0,0.0
865342930446606702,0.0,0.0,0.0,0.0,0.0
865342930530172102,2.304877996444702,11.736627059612436,111.3864681410116,82.54042053222656,962.4034450235841
865542930459456602,0.0,0.0,0.0,0.0,0.0
865742930528998502,0.0,0.0,0.0,0.0,0.0
865942930463814801,1.8051948547363281,7.889184740511231,64.1271624064033,56.43606948852539,607.4672126114415
865942930470030902,3.6666667461395264,5.049374277398365,13.650892665089266,3.6813206672668457,45.44436692114568
866042927917644201,0.0,0.0,0.0,0.0,0.0
866042928912051802,0.0,0.0,0.0,0.0,0.0
866042930464056401,0.0,0.0,0.0,0.0,0.0
866042930532465602,0.0,0.0,0.0,0.0,0.0
866242930525769601,0.0,0.0,0.0,0.0,0.0
866442929761753701,0.2380952388048172,11.142862777107112,34.776119402985074,86.01121520996094,1170.0005680382303
866442930517624802,0.0,6.468659903981147,64.38828720417168,176.86959838867188,1617.1649876712597
866442930545178801,0.0,0.0,0.0,0.0,0.0
866542930528633702,0.0,0.0,0.0,0.0,0.0
866642930533055601,0.0,0.0,0.0,0.0,0.0
867142930454378502,0.0,0.0,0.0,0.0,0.0
867142930510401702,0.0,0.0,0.0,0.0,0.0
867142930546069701,4.388888835906982,15.130088084965797,111.35696517412936,22.74868392944336,272.3415856432559
867342928255449102,0.0,0.0,0.0,0.0,0.0
867342930518913702,0.0,0.0,0.0,0.0,0.0
867342930524194302,0.0,0.0,0.0,0.0,0.0
867342930538873202,0.0,0.0,0.0,0.0,0.0
867542930474478802,4.25,12.432206845880069,162.50129421915443,29.268964767456055,298.372962299969
867642930516478102,4.4285712242126465,4.040938830686883,19.366602992677493,3.8379342555999756,28.28657249491976
867642930541363401,0.0,0.0,0.0,0.0,0.0
867842930461437102,0.0,0.0,0.0,0.0,0.0
867942930533916401,0.0,0.0,0.0,0.0,0.0
868042930470817501,0.0,0.0,0.0,0.0,0.0
868242930531074002,2.765432119369507,17.022537332604085,191.7974012198356,76.9417495727539,1378.8255028473038
868342930477434601,0.0,0.0,0.0,0.0,0.0
868442930461389001,0.0,0.0,0.0,0.0,0.0
868542930547589402,0.0,0.0,0.0,0.0,0.0
868642930515771301,0.0,0.0,0.0,0.0,0.0
868842930528247102,0.0,0.0,0.0,0.0,0.0
868942930452894801,3.5799999237060547,6.805836691931344,86.02277831247994,39.74987030029297,340.2918411196139
868942930460670501,0.0,0.0,0.0,0.0,0.0
869542930478570501,0.0,0.0,0.0,0.0,0.0
869542930509071702,0.0,0.0,0.0,0.0,0.0
869542930530863101,0.0,0.0,0.0,0.0,0.0
869542930542513401,0.0,0.0,0.0,0.0,0.0
869642930468064501,0.0,0.0,0.0,0.0,0.0
869642930541881202,0.0,0.0,0.0,0.0,0.0
869642930544401701,0.0,0.0,0.0,0.0,0.0
869742930542034002,0.0,0.0,0.0,0.0,0.0
869842930517944101,0.0,0.0,0.0,0.0,0.0
869942930464423201,329.0,0.3864159594256056,0.38650963597430404,0.07252591103315353,0.3864159594256056
869942930529109802,0.0,0.0,0.0,0.0,0.0
869942930543346502,0.0,0.0,0.0,0.0,0.0
871142930450013702,0.0,0.0,0.0,0.0,0.0
871142930480719401,0.0,0.0,0.0,0.0,0.0
871242930523367401,0.0,0.0,0.0,0.0,0.0
871342930521539001,2.692307710647583,7.593324519649704,51.69222725688393,8.319019317626953,98.71322125514321
871342930525209801,1.7979798316955566,12.263983588737876,112.44253397792575,77.05106353759766,1214.134354463059
871342930534708502,0.0,0.0,0.0,0.0,0.0
871442930450821301,0.0,0.0,0.0,0.0,0.0
871542929309376301,0.0,0.0,0.0,0.0,0.0
871542930475100402,0.0,0.0,0.0,0.0,0.0
871842930471544702,0.0,0.0,0.0,0.0,0.0
871842930473777201,0.0,0.0,0.0,0.0,0.0
871842930477164102,0.0,0.0,0.0,0.0,0.0
871842930546587302,0.0,0.0,0.0,0.0,0.0
871942930522152902,0.0,0.0,0.0,0.0,0.0
872042930531248002,3.5,9.604035195488397,19.208087980602702,2.6322343349456787,19.208070932198115
872142928191352102,0.0,0.0,0.0,0.0,0.0
872142930517248702,0.0,0.0,0.0,0.0,0.0
872142930525374001,0.0,0.0,0.0,0.0,0.0
872242930535099602,0.0,11.984685093305687,0.0,61.81221389770508,838.9279789061343
872542930526772802,0.0,0.0,0.0,0.0,0.0
872642930471804901,0.0,0.0,0.0,0.0,0.0
872842930463802702,0.0,0.0,0.0,0.0,0.0
872942930518030701,0.0,0.0,0.0,0.0,0.0
873042930475504502,0.0,0.0,0.0,0.0,0.0
873142929400229701,0.0,0.0,0.0,0.0,0.0
873142930528481601,2.961538553237915,5.923275532095872,31.26016936337517,0.0,154.005170073683
873442930525416502,0.0,0.0,0.0,0.0,0.0
873442930531294301,3.25,4.420272242697713,15.908514742353265,2.521043062210083,17.681089105340657
873542930530923201,0.0,0.0,0.0,0.0,0.0
873842930463851302,0.0,0.0,0.0,0.0,0.0
873942930478273401,0.0,0.0,0.0,0.0,0.0
873942930524006502,0.0,0.0,0.0,0.0,0.0
873942930524909502,0.0,0.0,0.0,0.0,0.0
873942930528998602,0.0,0.0,0.0,0.0,0.0
874042930452220201,0.0,0.0,0.0,0.0,0.0
874042930472430802,0.0,0.0,0.0,0.0,0.0
874042930508878001,3.9156627655029297,7.380419304954375,149.49040711277493,70.50657653808594,612.5748102869115
874142930549247501,0.0,0.0,0.0,0.0,0.0
874242930457617401,0.0,0.0,0.0,0.0,0.0
874242930461871701,0.0,0.0,0.0,0.0,0.0
874242930524490802,0.0,0.0,0.0,0.0,0.0
874542930051179802,0.18269230425357819,8.02271235602981,33.72435152922958,112.10216522216797,834.3621051491484
874642930467125901,0.0,0.0,0.0,0.0,0.0
874642930524115201,0.6233766078948975,8.876364120494289,117.37687366167023,114.62881469726562,683.4800207327365
874842928176254401,0.0,0.0,0.0,0.0,0.0
874842930456115302,0.4571428596973419,7.963358259241109,366.47857742929153,182.63998413085938,1951.0228377842695
874842930531525802,0.0,0.0,0.0,0.0,0.0
875142928823088002,0.0,0.0,0.0,0.0,0.0
875142930518232402,1.0630630254745483,8.815628996163683,42.66496163682864,78.34849548339844,978.5347906356577
875242929166244901,4.864406585693359,6.910236048443078,81.64339547798492,66.74803924560547,407.7039110485593
875242930265176101,0.0,0.0,0.0,0.0,0.0
875442930534879301,0.0,0.0,0.0,0.0,0.0
875542930476089902,0.0,0.0,0.0,0.0,0.0
875642930535245501,0.0,0.0,0.0,0.0,0.0
875942930532537202,0.0,0.0,0.0,0.0,0.0
876042930516405702,0.0,0.0,0.0,0.0,0.0
876142930516358702,0.0,0.0,0.0,0.0,0.0
876142930520974101,0.0,0.0,0.0,0.0,0.0
876142930526299101,0.0,0.0,0.0,0.0,0.0
876242930517852801,2.220339059829712,9.625096073225265,67.45681945220794,82.86579895019531,567.8806807708314
876242930524959801,0.0,0.0,0.0,0.0,0.0
876342929194683901,0.0,0.0,0.0,0.0,0.0
876342930533438402,0.0,0.0,0.0,0.0,0.0
876642928623805201,0.0,0.0,0.0,0.0,0.0
876642930527818202,0.0,0.0,0.0,0.0,0.0
876642930532431701,0.0,0.0,0.0,0.0,0.0
876942930455630201,6.877551078796387,45.4054154510772,557.3087971274686,0.0,2224.8653944484636
876942930476500202,2.1379311084747314,9.350935719292691,30.903762662807527,66.59677124023438,542.3542629689108
877042930520595202,0.0,0.0,0.0,0.0,0.0
877242930452789102,0.0,0.0,0.0,0.0,0.0
877342930533611101,0.0,0.0,0.0,0.0,0.0
877442930517084701,0.0,0.0,0.0,0.0,0.0
877442930517549801,0.0,0.0,0.0,0.0,0.0
877442930541810301,0.0,0.0,0.0,0.0,0.0
877642930474762901,3.0,5.131905414334577,10.2636815920398,1.250047206878662,10.263811060207994
877642930509111001,0.0,0.0,0.0,0.0,0.0
877642930536051902,0.0,0.0,0.0,0.0,0.0
877842930530796501,0.0,0.0,0.0,0.0,0.0
877942930509116701,0.0,0.0,0.0,0.0,0.0
878042930550394601,0.0,0.0,0.0,0.0,0.0
878142930522432301,0.0,0.0,0.0,0.0,0.0
878242930289535201,3.868852376937866,13.127731683686024,157.5236220472441,68.0611343383789,800.7916519773288
878342930534037002,0.0,0.0,0.0,0.0,0.0
878442930457568501,0.0,0.0,0.0,0.0,0.0
878442930464591201,0.0,0.0,0.0,0.0,0.0
878542930093539401,0.0,0.0,0.0,0.0,0.0
878642930453062702,0.0,0.0,0.0,0.0,0.0
878642930472689301,0.0,0.0,0.0,0.0,0.0
878642930541630601,0.0,0.0,0.0,0.0,0.0
878742929309357202,0.0,0.0,0.0,0.0,0.0
878742930447545202,0.0,0.0,0.0,0.0,0.0
878742930461545401,2.2580645084381104,23.263943301930148,108.46764705882353,45.729148864746094,721.1822292327881
878842930547963502,231.0,20.82879654691601,20.828958880139982,3.1674797534942627,20.82879654691601
878942930477741302,0.0,0.0,0.0,0.0,0.0
879142929012644202,0.0,0.0,0.0,0.0,0.0
879142929861272302,4.416666507720947,5.881755508927449,34.115176662894505,9.388387680053711,70.58106696667139
879142930545722802,3.8255813121795654,6.900908403960476,160.7490359897172,78.98265838623047,593.4781434591141
879242930473936201,0.0,0.0,0.0,0.0,0.0
879242930525474302,0.0,0.0,0.0,0.0,0.0
879342930550665702,0.0,0.0,0.0,0.0,0.0
879542930447227302,4.095238208770752,5.887369355749916,33.13776364245062,13.182438850402832,123.6347506267393
879542930471811501,0.0,0.0,0.0,0.0,0.0
879542930542044901,0.0,0.0,0.0,0.0,0.0
879742930524472601,0.0,0.0,0.0,0.0,0.0
879742930530521802,0.0,0.0,0.0,0.0,0.0
879842930460504202,2.2150537967681885,8.980762379416186,86.98396391881734,88.77969360351562,835.2108932746977
879942930446940201,0.0,0.0,0.0,0.0,0.0
879942930459835002,0.0,0.0,0.0,0.0,0.0
881242930450290802,0.0,0.0,0.0,0.0,0.0
881342930524302201,335.0,75.02539922907489,75.02555066079294,5.63637638092041,75.02539922907489
881342930534866401,0.0,0.0,0.0,0.0,0.0
881442930538844801,0.0,0.0,0.0,0.0,0.0
881542930448893901,3.1666667461395264,5.509376533537061,58.949186946532535,19.012409210205078,198.33755357359445
881542930537459101,0.0,0.0,0.0,0.0,0.0
881642930453490402,0.0,0.0,0.0,0.0,0.0
881842930548693302,2.0317461490631104,4.702738466273253,74.17742691886822,46.22811508178711,296.2725275494968
881942930458473002,0.0,0.0,0.0,0.0,0.0
882042930451587001,3.299999952316284,5.882416462182448,136.88418013856813,67.45616149902344,588.2416445161674
882042930460138902,0.0,0.0,0.0,0.0,0.0
882042930518036902,0.0,0.0,0.0,0.0,0.0
882242927979733302,0.0,0.0,0.0,0.0,0.0
882342930532789302,0.0,0.0,0.0,0.0,0.0
882442930534443801,0.0,0.0,0.0,0.0,0.0
882742928832350602,0.0,0.0,0.0,0.0,0.0
882742930474333401,3.700000047683716,7.085441359379573,49.139888791337434,7.504469394683838,70.85441512994541
882742930476653301,3.0740740299224854,5.182938350248326,78.80637731231556,34.50973129272461,279.87866983706806
882742930480113002,0.0,0.0,0.0,0.0,0.0
882842930517036602,0.0,0.0,0.0,0.0,0.0
882842930530281801,0.0,0.0,0.0,0.0,0.0
882942930528952802,0.0,0.0,0.0,0.0,0.0
883042927979653202,0.0,0.0,0.0,0.0,0.0
883042930464210701,0.0,0.0,0.0,0.0,0.0
883042930533976102,0.0,0.0,0.0,0.0,0.0
883142928108880501,0.0,0.0,0.0,0.0,0.0
883142930540240101,0.0,0.0,0.0,0.0,0.0
883342928845045702,0.0,0.0,0.0,0.0,0.0
883342930516084201,0.0,0.0,0.0,0.0,0.0
883342930522943101,5.05555534362793,5.014093678549158,60.558096029931406,27.55039405822754,180.5073683355534
883542930509244801,0.0,0.0,0.0,0.0,0.0
883842928634028901,6.263157844543457,39.825326102120535,361.3125,31.52695655822754,756.681172983987
883842930530746501,4.310344696044922,4.967350162662663,19.84784784784785,20.03801918029785,144.05314943239136
883942930520327901,0.0,0.0,0.0,0.0,0.0
884242930530802101,0.0,0.0,0.0,0.0,0.0
884442928697249802,0.0,0.0,0.0,0.0,0.0
884542930508371602,0.0,0.0,0.0,0.0,0.0
884642930472927902,0.0,0.0,0.0,0.0,0.0
884642930550779101,0.0,0.0,0.0,0.0,0.0
884742930528071801,0.0,0.0,0.0,0.0,0.0
884842930528175701,0.0,0.0,0.0,0.0,0.0
884942928726710702,0.0,0.0,0.0,0.0,0.0
885042930464006301,2.2962963581085205,7.415385540266683,53.225563909774436,81.85276794433594,600.6462262304206
885142930477436202,0.0,0.0,0.0,0.0,0.0
885242930520068101,3.6842105388641357,11.96871806880109,131.10782405605295,70.96742248535156,682.216918453812
885442929543839302,0.0,0.0,0.0,0.0,0.0
885642930511258901,0.0,0.0,0.0,0.0,0.0
885742929613518902,0.0,0.0,0.0,0.0,0.0
885942928726169702,0.0,0.0,0.0,0.0,0.0
885942930450228701,4.0,7.804527486482058,54.83213173848927,12.473892211914062,93.65432829265416
885942930460737202,0.0,0.0,0.0,0.0,0.0
886142930477536701,5.61904764175415,10.29680889861415,90.72837345003647,21.673362731933594,216.23298342514872
886242930534854202,0.0,0.0,0.0,0.0,0.0
886242930541392601,0.0,0.0,0.0,0.0,0.0
886342930547993002,0.0,0.0,0.0,0.0,0.0
886442930461291402,0.0,0.0,0.0,0.0,0.0
886442930479641201,0.0,0.0,0.0,0.0,0.0
886442930526393201,0.0,0.0,0.0,0.0,0.0
886542930453863001,0.0,0.0,0.0,0.0,0.0
886742930453000701,4.177215099334717,6.439489058519672,97.14067364845741,75.51904296875,508.71961661327197
886742930479942201,0.0,0.0,0.0,0.0,0.0
886742930509750502,0.0,0.0,0.0,0.0,0.0
886742930516418501,0.0,0.0,0.0,0.0,0.0
886942930525439601,0.0,0.0,0.0,0.0,0.0
887042930519802501,0.0,0.0,0.0,0.0,0.0
887142927963846701,3.367924451828003,7.977900324641047,140.0641891891892,82.14351654052734,845.6574059950339
887342930475309002,0.0,0.0,0.0,0.0,0.0
887542930532755102,0.0,0.0,0.0,0.0,0.0
887642930460145701,0.0,0.0,0.0,0.0,0.0
887842930519240601,0.0,0.0,0.0,0.0,0.0
887842930521675302,0.0,0.0,0.0,0.0,0.0
887842930524419802,0.0,0.0,0.0,0.0,0.0
887942930461968101,0.0,0.0,0.0,0.0,0.0
888042930480079302,0.0,0.0,0.0,0.0,0.0
888142930464421702,0.0,0.0,0.0,0.0,0.0
888442930544244301,5.142857074737549,7.953552424982554,36.373761339846475,19.433000564575195,111.3497336771633
888542928602970201,0.42574256658554077,5.174836464273733,12.578161690707816,49.82248306274414,522.6584604222289
888542929372994801,0.0,0.0,0.0,0.0,0.0
888742930460589802,0.0,0.0,0.0,0.0,0.0
888742930515417702,0.0,0.0,0.0,0.0,0.0
888842930523174002,4.1052632331848145,6.640838747608418,39.042857142857144,13.704947471618652,126.17593984798509
888842930525252101,0.0,0.0,0.0,0.0,0.0
888842930534199202,0.0,0.0,0.0,0.0,0.0
888942930456231601,0.0,0.0,0.0,0.0,0.0
889142930540539802,0.0,0.0,0.0,0.0,0.0
889342930468765601,3.507042169570923,11.9115024840189,157.99277376320177,70.02338409423828,845.7167045716249
889342930477304901,0.0,0.0,0.0,0.0,0.0
889742930527794902,0.0,0.0,0.0,0.0,0.0
889742930538694302,0.0,0.0,0.0,0.0,0.0
891142929197828702,0.0,0.0,0.0,0.0,0.0
891142930524308901,3.357142925262451,11.174590538402793,86.07811477198342,15.132089614868164,156.44427179764796
891142930524983002,0.0,0.0,0.0,0.0,0.0
891142930526397302,0.0,0.0,0.0,0.0,0.0
891142930533040802,0.0,0.0,0.0,0.0,0.0
891242930480126701,0.0,0.0,0.0,0.0,0.0
891342930518678402,0.0,0.0,0.0,0.0,0.0
891442930474265002,5.793103218078613,7.097699520388505,47.60338738160218,28.22527503967285,205.8332864048202
891442930519394501,3.7727272510528564,6.579557883710479,88.88595749180502,58.40267562866211,579.001077391197
891642928099619102,0.0,0.0,0.0,0.0,0.0
891642930545936502,0.0,0.0,0.0,0.0,0.0
891742930542655002,0.0,0.0,0.0,0.0,0.0
891842930529493501,0.0,0.0,0.0,0.0,0.0
891842930536029501,0.0,0.0,0.0,0.0,0.0
891942928074491401,0.6666666865348816,1.47838311236342,4.29225812476653,0.720921516418457,4.435149245890923
891942930534585101,0.0,0.0,0.0,0.0,0.0
892342930479133402,2.6823530197143555,4.61987487180948,26.431084776663628,62.66766357421875,392.6893538914057
892442930459069701,0.0,0.0,0.0,0.0,0.0
892442930528126802,0.0,0.0,0.0,0.0,0.0
892442930545085002,0.03999999910593033,35.184001212284485,432.49310344827586,76.38945770263672,1759.200077096347
892742930547903302,0.0,0.0,0.0,0.0,0.0
893142927975166402,0.0,0.0,0.0,0.0,0.0
893142930455255102,3.7837836742401123,15.981397058823529,240.2870588235294,61.60532760620117,591.3116973158892
893342930528780001,0.0,0.0,0.0,0.0,0.0
893442930545531201,0.0,0.0,0.0,0.0,0.0
893642928077920702,4.094117641448975,6.524800000993167,94.54997616399174,88.0357437133789,554.6080121595454
893642929424116302,0.0,0.0,0.0,0.0,0.0
893742930463306101,0.0,0.0,0.0,0.0,0.0
893842930527186101,313.0,1.013985598898683,1.0140706806282722,0.0,1.013985598898683
894042930477690402,0.0,0.0,0.0,0.0,0.0
894342930184380301,0.0,0.0,0.0,0.0,0.0
894442930463609702,0.0,0.0,0.0,0.0,0.0
894742930518898001,0.0,0.0,0.0,0.0,0.0
894742930521856602,0.0,0.0,0.0,0.0,0.0
894942928210492902,0.0,0.0,0.0,0.0,0.0
895042930546773801,0.0,0.0,0.0,0.0,0.0
895342927982896301,0.0,0.0,0.0,0.0,0.0
895542930447808001,0.0,0.0,0.0,0.0,0.0
895742930457228602,0.0,0.0,0.0,0.0,0.0
895742930530491102,0.0,0.0,0.0,0.0,0.0
896042930535044301,0.0,0.0,0.0,0.0,0.0
896142930453359302,3.066666603088379,6.581276706274877,49.01451650667291,13.733360290527344,98.71914906502886
896242930449464402,0.0,0.0,0.0,0.0,0.0
896242930528754401,4.116279125213623,7.4470668276054335,147.12155312246554,70.87876892089844,640.4477464253595
896242930539614902,0.0,0.0,0.0,0.0,0.0
896342930538899601,0.0,0.0,0.0,0.0,0.0
896342930546451101,0.0,0.0,0.0,0.0,0.0
896442930459265001,0.0,0.0,0.0,0.0,0.0
896542928119391301,0.0,0.0,0.0,0.0,0.0
896642930521106401,4.643835544586182,12.987255788712012,127.5672937771346,81.4659423828125,948.0696395250202
896742927944985902,0.0,0.0,0.0,0.0,0.0
896842930460665702,0.0,0.0,0.0,0.0,0.0
896842930522097502,0.0,0.0,0.0,0.0,0.0
896842930529787402,7.25,9.266025476288377,32.729166666666664,3.8676817417144775,37.0641001316539
897042930455342701,0.0,0.0,0.0,0.0,0.0
897042930460206502,0.0,0.0,0.0,0.0,0.0
897242930545432902,0.0,0.0,0.0,0.0,0.0
897242930547626402,0.0,0.0,0.0,0.0,0.0
897642930523595201,0.0,0.0,0.0,0.0,0.0
897842930459772701,0.0,0.0,0.0,0.0,0.0
897942929946658301,0.0,0.0,0.0,0.0,0.0
897942930478722601,0.0,0.0,0.0,0.0,0.0
898142930472063702,0.0,0.0,0.0,0.0,0.0
898242929118597101,4.900000095367432,5.794656972307021,51.83791248728013,17.83131980895996,115.89313496987407
898542930460696001,0.0,0.0,0.0,0.0,0.0
898642928878430201,0.0,0.0,0.0,0.0,0.0
898642929269102702,0.0,0.0,0.0,0.0,0.0
898642930457963402,0.0,0.0,0.0,0.0,0.0
898642930464550601,0.0,0.0,0.0,0.0,0.0
898642930515610702,0.0,0.0,0.0,0.0,0.0
898642930525899401,3.9827585220336914,5.7619984025826305,116.25076943663856,34.403045654296875,334.1959077928753
898642930526253401,0.13513512909412384,6.583103510717399,3.6475565355622788,72.49893188476562,487.1496457572864
898742930527914001,0.0,0.0,0.0,0.0,0.0
898942930534781701,3.2857143878936768,17.03020596949067,78.55244578920826,28.11713218688965,238.42289391468103
899142930458916502,0.0,0.0,0.0,0.0,0.0
899142930520949702,0.0,0.0,0.0,0.0,0.0
899442930477602002,0.0,0.0,0.0,0.0,0.0
899542930479072802,0.0,0.0,0.0,0.0,0.0
899542930518010302,3.2830188274383545,12.329358506944445,93.23733333333334,91.64048767089844,653.4559862603081
899542930529210902,0.0,0.0,0.0,0.0,0.0
899642929259359502,3.0,4.481099144277818,8.445270025371512,1.187463641166687,8.962198288555635
899642930538859901,0.0,0.0,0.0,0.0,0.0
899742929012951802,1.5666667222976685,7.958945597700781,41.54969898808761,70.5713882446289,716.3050925195088
899742930519645701,0.0,0.0,0.0,0.0,0.0
901242928823042002,0.0,0.0,0.0,0.0,0.0
901242930509448502,0.0,0.0,0.0,0.0,0.0
901342930543043201,0.0,0.0,0.0,0.0,0.0
901442928087989501,0.0,0.0,0.0,0.0,0.0
901542930540856402,0.0,0.0,0.0,0.0,0.0
901742930453905802,0.0,0.0,0.0,0.0,0.0
901842930462787701,0.0,0.0,0.0,0.0,0.0
901942928175981702,0.0,0.0,0.0,0.0,0.0
902042930476478901,0.0,0.0,0.0,0.0,0.0
902442930542582601,0.0,0.0,0.0,0.0,0.0
902542930463173102,0.0,0.0,0.0,0.0,0.0
902642930517698402,0.0,0.0,0.0,0.0,0.0
902742928109525001,0.0,0.0,0.0,0.0,0.0
902742930453899501,0.0,9.682092833156592,153.20042417815483,67.69249725341797,561.5613992097059
902742930519255402,0.0,0.0,0.0,0.0,0.0
902842930524465902,0.0,0.0,0.0,0.0,0.0
903142930518312801,188.0,0.024485856287722076,0.02448991421284489,0.0023297592997550964,0.024485856287722076
903142930518862702,0.0,0.0,0.0,0.0,0.0
903342930466703601,3.8157894611358643,19.921633903522444,183.643391521197,30.253313064575195,757.022095797393
903442930527707601,0.0,0.0,0.0,0.0,0.0
903542930447094901,0.0,0.0,0.0,0.0,0.0
903742929488676902,0.0,0.0,0.0,0.0,0.0
903842930509351502,2.5,1.747974430732718,4.221020456148601,1.016150712966919,6.9918975507178756
903942930475834401,0.0,0.0,0.0,0.0,0.0
904042929922159801,0.0,0.0,0.0,0.0,0.0
904042930465200202,0.0,0.0,0.0,0.0,0.0
904042930548901001,0.0,0.0,0.0,0.0,0.0
904142929735970401,0.0,0.0,0.0,0.0,0.0
904142930515785701,0.0,0.0,0.0,0.0,0.0
904342930466563902,0.0,0.0,0.0,0.0,0.0
904642930462924201,0.0,0.0,0.0,0.0,0.0
904642930524324701,0.0,0.0,0.0,0.0,0.0
904642930526554502,0.0,0.0,0.0,0.0,0.0
904742930459111701,0.0,0.0,0.0,0.0,0.0
904742930527109901,0.0,0.0,0.0,0.0,0.0
905042930460852201,0.0,3.6301289415034117,0.0,9.323057174682617,54.45193236310469
905142930446820001,0.0,0.0,0.0,0.0,0.0
905242930463572302,0.0,0.0,0.0,0.0,0.0
905342930475284702,0.0,0.0,0.0,0.0,0.0
905342930518946001,0.0,0.0,0.0,0.0,0.0
905542930510527201,0.0,0.0,0.0,0.0,0.0
906042928191142702,2.872340440750122,8.384202338621444,122.3433260393873,89.38728332519531,788.1150577436651
906142930464080001,0.0,0.0,0.0,0.0,0.0
906142930467844802,34.77777862548828,43.657828346855986,80.95537525354969,41.247474670410156,392.92045353701826
906142930530048102,0.0,0.0,0.0,0.0,0.0
906142930545816502,0.0,0.0,0.0,0.0,0.0
906242930524307702,0.0,5.133656637965559,0.0,70.099853515625,554.4349219912283
906342930525706801,0.0,0.0,0.0,0.0,0.0
906442930220683002,0.0,0.0,0.0,0.0,0.0
906442930517855702,0.0,0.0,0.0,0.0,0.0
906542930532165101,0.0,0.0,0.0,0.0,0.0
906642930533847202,0.0,0.0,0.0,0.0,0.0
906642930543050002,0.0,0.0,0.0,0.0,0.0
906742930466029301,0.0,0.0,0.0,0.0,0.0
906742930543871702,0.0,0.0,0.0,0.0,0.0
906842930453354501,0.0,0.0,0.0,0.0,0.0
906942930459183502,0.0,0.0,0.0,0.0,0.0
907042930546299502,0.0,0.0,0.0,0.0,0.0
907142930530076001,0.0,0.0,0.0,0.0,0.0
907442930509708802,0.0,0.0,0.0,0.0,0.0
907542930479797202,0.0,0.0,0.0,0.0,0.0
907542930542775001,0.0,0.0,0.0,0.0,0.0
907842929230221302,12.0,70.58310181316845,70.58288770053476,4.28984260559082,70.58310181316845
907942930456347202,3.7733333110809326,13.297962835554268,303.77790652761684,102.01614379882812,997.3472657039756
908142930480102102,0.0,0.0,0.0,0.0,0.0
908142930527591102,0.0,0.0,0.0,0.0,0.0
908342930476180501,0.0,0.0,0.0,0.0,0.0
908342930535016301,0.2068965584039688,12.904665737134088,4.26628895184136,113.51651000976562,1122.70590829444
908442930453832802,0.0,0.0,0.0,0.0,0.0
908642930541948102,0.0,0.0,0.0,0.0,0.0
908742930473883801,0.0,0.0,0.0,0.0,0.0
908942930479161202,0.9399999976158142,4.797765730639213,33.80685310387216,42.73216247558594,239.8882854299891
909342930456023901,0.0,0.0,0.0,0.0,0.0
909342930459358202,0.0,0.0,0.0,0.0,0.0
909742930342632902,0.0,0.0,0.0,0.0,0.0
909942930476421402,0.0,27.54188274515086,0.0,99.803466796875,991.5077825085871
911142930462634802,0.0,0.0,0.0,0.0,0.0
911242929047773602,3.5789473056793213,7.707540103985036,200.360618837777,60.06118392944336,732.2163321057236
911242930462622402,0.0,0.0,0.0,0.0,0.0
911342930462867102,0.0,0.0,0.0,0.0,0.0
911342930475753101,0.0,0.0,0.0,0.0,0.0
911342930517880701,0.0,0.0,0.0,0.0,0.0
911442930448484202,0.0,0.0,0.0,0.0,0.0
911442930460199502,0.0,0.0,0.0,0.0,0.0
911442930475919801,0.0,0.0,0.0,0.0,0.0
911542930517724801,0.0,0.0,0.0,0.0,0.0
911642930475045702,0.0,0.0,0.0,0.0,0.0
911742928832515201,0.0,0.0,0.0,0.0,0.0
911742930457471501,0.0,0.0,0.0,0.0,0.0
911842930461864202,3.269230842590332,6.960540991322855,64.45969220694171,18.27581787109375,180.97406435943384
911942930472953102,0.0,0.0,0.0,0.0,0.0
911942930516869201,0.0,0.0,0.0,0.0,0.0
912142928726384801,3.535353422164917,8.32007019211774,188.9079415250889,111.74163055419922,823.6869625406555
912242930548239401,0.0,0.0,0.0,0.0,0.0
912342930525341802,0.0,0.0,0.0,0.0,0.0
912442929400197302,0.0,0.0,0.0,0.0,0.0
912542929861386501,0.0,0.0,0.0,0.0,0.0
912542930515904602,0.0,0.0,0.0,0.0,0.0
912742930455090201,1.2982456684112549,8.178220481815933,23.425531914893618,77.26261138916016,466.1585655835287
912742930532192501,0.0,0.0,0.0,0.0,0.0
913042930509519302,2.0151515007019043,9.883313451222556,51.94810379241517,44.341285705566406,652.2986778280216
913142929197853301,0.0,0.0,0.0,0.0,0.0
913142930480500101,0.0,0.0,0.0,0.0,0.0
913442930530963902,0.0,0.0,0.0,0.0,0.0
913642930448600901,0.0,0.0,0.0,0.0,0.0
913842930478057302,4.102040767669678,16.159287846107546,190.14606741573033,87.01128387451172,791.80507754208
914142930517074001,0.0,0.0,0.0,0.0,0.0
914242930473594801,0.0,0.0,0.0,0.0,0.0
914542930547475602,0.0,0.0,0.0,0.0,0.0
914642930227350201,0.0,0.0,0.0,0.0,0.0
914642930476804802,0.6216216087341309,55.28543471534653,770.9623762376237,128.70709228515625,4091.122213325878
914742930547647501,0.0,0.0,0.0,0.0,0.0
914842930520222101,0.0,0.0,0.0,0.0,0.0
915042930475554401,3.555555582046509,7.705857965546071,56.2861920267535,7.90238618850708,69.35271889678947
915142930544348802,0.0,0.0,0.0,0.0,0.0
915242928305203602,1.3090908527374268,3.3359873036606205,31.154574132492115,29.907033920288086,183.4792994470125
915242930480492201,3.6363637447357178,4.469772175210472,75.462115096298,20.711700439453125,147.50248800442026
915242930508811001,0.0,0.0,0.0,0.0,0.0
915242930509816702,0.0,0.0,0.0,0.0,0.0
915442929269199002,0.0,0.0,0.0,0.0,0.0
915542930465206901,0.0,0.0,0.0,0.0,0.0
915542930529604401,0.0,0.0,0.0,0.0,0.0
915642927968928601,0.0,0.0,0.0,0.0,0.0
915942930477582201,0.0,0.0,0.0,0.0,0.0
916042928932341102,0.0,0.0,0.0,0.0,0.0
916142930544186502,0.0,0.0,0.0,0.0,0.0
916442930465386302,0.0,0.0,0.0,0.0,0.0
916442930477521901,4.181818008422852,12.310799389841689,76.87176781002638,22.949430465698242,135.41879586494062
916442930519516402,0.0,0.0,0.0,0.0,0.0
916442930531058302,0.0,0.0,0.0,0.0,0.0
916542930458707102,2.421875,10.82235230214497,43.53338968723584,83.26555633544922,692.6305641309749
916942930453882902,0.0,0.0,0.0,0.0,0.0
916942930466486402,0.0,0.0,0.0,0.0,0.0
917142930472598802,0.0,0.0,0.0,0.0,0.0
917142930530393302,4.185184955596924,3.7820062512872363,34.81257840438877,12.480446815490723,102.11416914130518
917342928932595901,0.0,0.0,0.0,0.0,0.0
917342930463979101,2.2560975551605225,14.22342490863943,172.71589205397302,81.49699401855469,1166.3208654423704
917642930465328001,3.418367385864258,6.97151086621455,187.88039457459925,51.92707443237305,683.2080726557683
917842930548096601,0.0,0.0,0.0,0.0,0.0
918142929012861401,5.0,128.3335436255531,128.3362831858407,5.042751789093018,128.3335436255531
918142930253656501,0.0,0.0,0.0,0.0,0.0
918242930474581902,0.0,0.0,0.0,0.0,0.0
918342927979693102,0.0,0.0,0.0,0.0,0.0
918342930454501102,4.120689868927002,6.025647475244658,94.46403960854711,41.3508186340332,349.4875517793298
918342930520974002,3.0,4.190252622188582,4.721107266435986,0.8238843679428101,8.380505244377163
918442930455977001,4.027027130126953,11.743946007562277,97.91103202846975,58.1953125,434.52601611317266
918542929467168701,0.0,0.0,0.0,0.0,0.0
918542930475106301,4.694915294647217,5.258285893087855,86.80116279069767,69.2274169921875,310.23887602537485
918542930542991502,0.0,0.0,0.0,0.0,0.0
918642929197993601,0.0,0.0,0.0,0.0,0.0
918642930549125002,0.0,0.0,0.0,0.0,0.0
918642930550643602,0.0,0.0,0.0,0.0,0.0
918742930460371302,0.0,0.0,0.0,0.0,0.0
918742930508026202,0.0,0.0,0.0,0.0,0.0
918742930531152201,0.0,0.0,0.0,0.0,0.0
918942930478364602,4.60606050491333,13.370964878115835,254.04912023460412,158.48684692382812,882.4837155083408
919042930469010301,0.0,0.0,0.0,0.0,0.0
919242930520752401,0.0,0.0,0.0,0.0,0.0
919242930531509301,0.0,0.0,0.0,0.0,0.0
919442930472211202,0.0,0.0,0.0,0.0,0.0
919442930509887001,0.0,0.0,0.0,0.0,0.0
919642928043962401,0.0,0.0,0.0,0.0,0.0
921142929091778602,0.0,0.0,0.0,0.0,0.0
921142929389126502,0.0,0.0,0.0,0.0,0.0
921242930458500401,0.0,0.0,0.0,0.0,0.0
921242930530092101,0.0,0.0,0.0,0.0,0.0
921642928078039601,2.6666667461395264,12.429622933884298,103.68044077134986,10.560829162597656,149.1554791158881
921642930446965202,0.0,0.0,0.0,0.0,0.0
921642930450707002,0.0,0.0,0.0,0.0,0.0
921642930518061601,0.0,0.0,0.0,0.0,0.0
921642930540510502,0.0,0.0,0.0,0.0,0.0
921742930454453502,0.0,0.0,0.0,0.0,0.0
921742930463066401,4.0,11.440296866410115,12.151951621770204,2.641618490219116,22.88059373282023
921742930540525702,0.0,0.0,0.0,0.0,0.0
921842930461837502,0.0,0.0,0.0,0.0,0.0
921842930472659001,3.0,14.598817209991532,89.68077900084674,21.594980239868164,160.58698710485464
921942930550317201,0.0,0.0,0.0,0.0,0.0
922142929348263902,3.5,17.713904060432075,31.21039314908525,4.055829048156738,35.42780926126411
922142930517340901,0.0,0.0,0.0,0.0,0.0
922142930526841101,0.0,0.0,0.0,0.0,0.0
922342930469190301,0.0,0.0,0.0,0.0,0.0
922442930460481302,0.0,0.0,0.0,0.0,0.0
922642930534558601,0.0,0.0,0.0,0.0,0.0
922842930454476201,0.0,0.0,0.0,0.0,0.0
923342930520845202,0.0,0.0,0.0,0.0,0.0
923542930532841602,3.3469388484954834,6.761594049892284,84.54563258911085,0.0,331.3181061914655
923642929013263801,0.0,0.0,0.0,0.0,0.0
923642929649319001,0.0,0.0,0.0,0.0,0.0
923642930464565102,0.0,0.0,0.0,0.0,0.0
923742930532311502,0.0,0.0,0.0,0.0,0.0
923742930549712601,0.0,0.0,0.0,0.0,0.0
924042930457907601,0.0,0.0,0.0,0.0,0.0
924042930534125702,0.7866666913032532,13.342576250461425,73.40494647471391,54.686431884765625,1000.6932657089741
924042930545163801,4.158536434173584,7.721071175323524,112.29569225314661,0.0,633.1278575402882
924142930176829802,0.0,0.0,0.0,0.0,0.0
924442930537866702,0.0,0.0,0.0,0.0,0.0
924742930448499801,3.3152174949645996,6.705052362208304,83.66478186958537,64.39915466308594,616.8648121064649
924842930521817802,0.0,0.0,0.0,0.0,0.0
925142930462707702,0.0,0.0,0.0,0.0,0.0
925142930521019702,0.0,0.0,0.0,0.0,0.0
925142930525855502,0.0,0.0,0.0,0.0,0.0
925242930472946001,0.0,0.0,0.0,0.0,0.0
925342930480199601,0.0,0.0,0.0,0.0,0.0
925442930508489802,0.09774436056613922,8.664985795454545,164.82198100407055,90.91349029541016,1152.4431000370507
925542930447262202,0.0,0.0,0.0,0.0,0.0
925542930462223801,0.0,0.0,0.0,0.0,0.0
925542930542927902,4.626865863800049,13.606204755057517,168.20944069813567,126.95326232910156,911.6157308152534
925642930507931001,0.0,0.0,0.0,0.0,0.0
925642930529789801,0.0,0.0,0.0,0.0,0.0
925742930478150301,0.0,0.0,0.0,0.0,0.0
926142928130770801,3.444444417953491,10.655124931578424,227.2937898089172,69.12456512451172,671.2728785352342
926142929531151402,0.0,0.0,0.0,0.0,0.0
926142930519148602,0.0,0.0,0.0,0.0,0.0
926142930521247202,2.9913792610168457,8.603040724227926,222.57111787733797,0.0,997.9526961062357
926242930469504601,6.07692289352417,22.827545166015625,229.013671875,59.94316482543945,593.5161540918052
926242930478959302,0.0,0.0,0.0,0.0,0.0
926342930528966201,0.0,0.0,0.0,0.0,0.0
926542930526227901,0.0,0.0,0.0,0.0,0.0
926642929118794501,0.0,0.0,0.0,0.0,0.0
926642930455989802,0.0,0.0,0.0,0.0,0.0
926842928979692001,0.0,0.0,0.0,0.0,0.0
926842930544877601,4.454545497894287,4.578350054172332,17.9075458871516,5.497588157653809,50.3618488136722
926942930478740102,0.0,0.0,0.0,0.0,0.0
927042930528664701,0.0,0.0,0.0,0.0,0.0
927142930480317501,0.0,0.0,0.0,0.0,0.0
927142930546284601,0.0,0.0,0.0,0.0,0.0
927242930159107402,0.2747252881526947,3.753561704327158,9.253443167388403,63.99736404418945,341.5741178077942
927342928726214702,0.0,0.0,0.0,0.0,0.0
927342930526498301,0.1808510571718216,4.23462976249896,14.313534647699859,49.6115837097168,398.05520067055505
927342930534838401,0.0,0.0,0.0,0.0,0.0
927442930542870102,0.0,0.0,0.0,0.0,0.0
927542930445557601,0.0,0.0,0.0,0.0,0.0
927642930476937502,0.0,0.0,0.0,0.0,0.0
927742930528484302,0.0,0.0,0.0,0.0,0.0
927742930541695301,0.0,0.0,0.0,0.0,0.0
927842930453178501,0.0,0.0,0.0,0.0,0.0
927842930459752401,0.0,0.0,0.0,0.0,0.0
927942930457708901,0.0,0.0,0.0,0.0,0.0
928142930460844002,0.0,0.0,0.0,0.0,0.0
928242928932525602,0.0,0.0,0.0,0.0,0.0
928242930479349501,0.0,0.0,0.0,0.0,0.0
928642928932432602,0.0,0.0,0.0,0.0,0.0
928742929613586801,0.0,0.0,0.0,0.0,0.0
928742930455807701,0.0,0.0,0.0,0.0,0.0
928842930532139901,0.0,0.0,0.0,0.0,0.0
928942930531496402,0.0,0.0,0.0,0.0,0.0
929042929321017602,0.0,0.0,0.0,0.0,0.0
929042930543566302,0.0,0.0,0.0,0.0,0.0
929242930464682202,0.0,0.0,0.0,0.0,0.0
929242930542184601,0.0,0.0,0.0,0.0,0.0
929342930454829702,0.0,0.0,0.0,0.0,0.0
929342930526001302,0.0,15.369330183058926,49.58174465626805,87.94961547851562,814.5744812919665
929542930516026601,2.774193525314331,10.572341335450497,88.02200104766894,73.10872650146484,655.4851625421524
929542930534858701,0.0,0.0,0.0,0.0,0.0
929642929389152602,0.0,0.0,0.0,0.0,0.0
929642930525318801,1.0,18.1907582763902,47.720075400565506,79.23260498046875,1127.8269886876142
929642930528741302,0.523809552192688,9.195381747159091,6.233939393939394,26.5201473236084,193.10301656158583
929742930465057902,3.692307710647583,6.855553587790145,142.47672051038415,64.63458251953125,623.8553845252954
929842930458129101,0.0,0.0,0.0,0.0,0.0
931242930476050402,0.0,0.0,0.0,0.0,0.0
931442930515638602,0.0,0.0,0.0,0.0,0.0
931742930463661702,3.4000000953674316,11.053061589490115,101.68054110301769,79.87188720703125,939.5101980245076
931842930528286902,0.0,0.0,0.0,0.0,0.0
931942928791257601,4.583333492279053,6.467021287089646,19.75662878787879,0.0,77.60425886451596
932042927963688202,0.0,0.0,0.0,0.0,0.0
932042930457131901,0.0,0.0,0.0,0.0,0.0
932042930480780201,3.6470587253570557,13.352350050403226,247.3026113671275,21.69437599182129,453.9799136675997
932342930459475501,0.0,0.0,0.0,0.0,0.0
932442928716053102,0.0,0.0,0.0,0.0,0.0
932542928932360901,0.0,0.0,0.0,0.0,0.0
932542930527348602,3.816901445388794,29.529148686456754,283.6373292867982,108.2706527709961,2096.569480265037
932642930454303502,5.285714149475098,17.706839872367215,134.08241758241758,29.046449661254883,371.8436239647778
932742930455556601,0.0,0.0,0.0,0.0,0.0
932742930519252302,0.0,0.0,0.0,0.0,0.0
932942930550179502,0.0,0.0,0.0,0.0,0.0
933042928956248401,0.0,0.0,0.0,0.0,0.0
933042930457014801,0.0,0.0,0.0,0.0,0.0
933142930540993801,0.0,0.0,0.0,0.0,0.0
933242930449161502,0.0,0.0,0.0,0.0,0.0
933242930537963601,0.0,0.0,0.0,0.0,0.0
933342930525591301,0.0,0.0,0.0,0.0,0.0
933342930527377502,0.0,0.0,0.0,0.0,0.0
933442930530951801,0.0,0.0,0.0,0.0,0.0
933542929696803401,0.0,0.0,0.0,0.0,0.0
933642930454959501,0.0,0.0,0.0,0.0,0.0
933742930472953802,0.0,0.0,0.0,0.0,0.0
933742930528937901,3.846153736114502,5.167913458387942,46.281389252948884,12.164664268493652,67.18287617494676
933742930538047201,0.0,0.0,0.0,0.0,0.0
933842930474197002,3.6226415634155273,8.517426658163265,83.3126530612245,70.48758697509766,451.42359223657724
933842930518159301,0.0,5.5386221728350264,0.0,7.365615367889404,66.46346821482769
933842930524928301,4.5652174949646,13.011629199604743,297.47193675889326,75.5070571899414,897.8024154663086
933942929839568101,0.0,0.0,0.0,0.0,0.0
933942930509091501,0.0,0.0,0.0,0.0,0.0
934142930518525302,0.0,0.0,0.0,0.0,0.0
934142930530981902,0.0,0.0,0.0,0.0,0.0
934342930531028502,0.0,0.0,0.0,0.0,0.0
934542929155433302,0.0,0.0,0.0,0.0,0.0
934542930517681201,0.0,0.0,0.0,0.0,0.0
934642930477461301,0.0,0.0,0.0,0.0,0.0
935142930463786502,0.0,0.0,0.0,0.0,0.0
935142930541222702,0.0,0.0,0.0,0.0,0.0
935242930460078602,0.0,0.0,0.0,0.0,0.0
935342927959101101,0.0,0.0,0.0,0.0,0.0
935442928592643802,0.0,0.0,0.0,0.0,0.0
935642930452402301,0.0,0.0,0.0,0.0,0.0
935642930515567401,0.0,0.0,0.0,0.0,0.0
935742930520382601,3.75,31.161013554867512,120.29032258064517,4.644495487213135,124.64405703215006
935742930541781601,0.0,0.0,0.0,0.0,0.0
935842928811545302,0.0,0.0,0.0,0.0,0.0
935842930460463801,0.0,0.0,0.0,0.0,0.0
935842930534066701,0.0,0.0,0.0,0.0,0.0
935942929514180801,0.0,0.0,0.0,0.0,0.0
936042930546719001,4.184615612030029,7.341586083480992,106.2361469072165,72.77217864990234,477.20308586985794
936142930476343402,0.0,0.0,0.0,0.0,0.0
936342930527599201,0.0,0.0,0.0,0.0,0.0
936442930525946601,0.0,0.0,0.0,0.0,0.0
936542930457068901,0.0,0.0,0.0,0.0,0.0
936642930544230002,0.0,0.0,0.0,0.0,0.0
936842930526253202,0.0,0.0,0.0,0.0,0.0
936942930523966801,0.0,0.0,0.0,0.0,0.0
937042930527302401,0.0,0.0,0.0,0.0,0.0
937142930544141601,0.0,0.0,0.0,0.0,0.0
937342929197877702,0.0,0.0,0.0,0.0,0.0
937342930480526801,0.0,0.0,0.0,0.0,0.0
937442928855459801,0.0,0.0,0.0,0.0,0.0
937442930453112102,0.0,0.0,0.0,0.0,0.0
937442930475637001,3.970149278640747,7.397026405038759,144.30077519379844,64.5526351928711,495.6007886769954
937442930516024602,0.0,0.0,0.0,0.0,0.0
937442930542739702,0.0,0.0,0.0,0.0,0.0
937542930526897101,0.27419355511665344,25.906725499018325,5.774869109947644,82.87538146972656,1606.2169566229377
937542930526985101,0.0,0.0,0.0,0.0,0.0
937642930454191101,0.0,0.0,0.0,0.0,0.0
937642930473170801,0.0,0.0,0.0,0.0,0.0
937742928592898001,0.0,0.0,0.0,0.0,0.0
937842930459924202,0.0,0.0,0.0,0.0,0.0
937842930461638902,0.0,0.0,0.0,0.0,0.0
938142930515723001,0.0,0.0,0.0,0.0,0.0
938142930526940802,0.0,0.0,0.0,0.0,0.0
938242928197772002,2.25,2.7287522841424328,6.4008755472170105,0.959829568862915,10.915009441936366
938342929816265001,4.217391490936279,8.542420662759987,142.2502476064708,37.009273529052734,392.95135677384246
938442930454105402,0.0,0.0,0.0,0.0,0.0
938542930462120901,0.0,0.0,0.0,0.0,0.0
938742930518999702,0.0,0.0,0.0,0.0,0.0
938842930474976401,0.0,0.0,0.0,0.0,0.0
938842930543152902,0.0,11.898439497826365,0.0,31.77687644958496,535.4297578921634
939042930548332801,0.0,0.0,0.0,0.0,0.0
939242930446771801,3.5,15.377646931719966,60.666378565254966,6.601813316345215,61.510587937891636
939242930479992301,0.0,0.0,0.0,0.0,0.0
939242930509041702,0.0,0.0,0.0,0.0,0.0
939242930548211701,0.0,0.0,0.0,0.0,0.0
939242930548652701,0.0,0.0,0.0,0.0,0.0
939342929765966202,0.0,0.0,0.0,0.0,0.0
939342930473934202,4.230769157409668,4.519416758689729,24.55250990752972,19.635955810546875,117.50483536310838
939342930523241902,0.0,0.0,0.0,0.0,0.0
939442930452957201,3.4852941036224365,7.161071597062684,23.190022973416475,67.63394165039062,486.95286562312106
939442930528608801,0.0,0.0,0.0,0.0,0.0
939542930451272102,0.0,0.0,0.0,0.0,0.0
939642930451471602,0.0,0.0,0.0,0.0,0.0
939842929704106701,0.0,0.0,0.0,0.0,0.0
939842930507810401,0.0,0.0,0.0,0.0,0.0
939842930517522401,0.0,0.0,0.0,0.0,0.0
939942930476165701,0.0,0.0,0.0,0.0,0.0
939942930542289402,0.0,0.0,0.0,0.0,0.0
941142930534431501,269.0,37.850107302445906,37.85018814675447,5.08596134185791,37.850107302445906
941142930545872602,0.0,0.0,0.0,0.0,0.0
941142930548990301,0.0,0.0,0.0,0.0,0.0
941242930474424202,0.0,0.0,0.0,0.0,0.0
941342930461458301,0.0,0.0,0.0,0.0,0.0
941442930479692801,0.0,0.0,0.0,0.0,0.0
941542928255482301,0.0,0.0,0.0,0.0,0.0
941542930462060502,4.0,19.371773496130395,38.5046904315197,3.224410057067871,38.74354607616088
941542930470118401,4.0,7.741306174222457,63.13600421718503,43.703765869140625,317.3935477860551
941542930529255201,219.0,0.8894000083953296,0.8893710821795137,0.159936785697937,0.8894000083953296
941942927910731901,0.0,0.0,0.0,0.0,0.0
941942930461589102,0.0,0.0,0.0,0.0,0.0
942042930032274901,0.0,0.0,0.0,0.0,0.0
942142930447592902,0.0,0.0,0.0,0.0,0.0
942342930518833601,0.0,0.0,0.0,0.0,0.0
942442930453329401,0.0,0.0,0.0,0.0,0.0
942442930457807202,0.0,0.0,0.0,0.0,0.0
942442930460632602,0.0,0.0,0.0,0.0,0.0
942642929012902302,0.0,0.0,0.0,0.0,0.0
942742930466822802,0.0,0.0,0.0,0.0,0.0
942742930519720902,0.0,0.0,0.0,0.0,0.0
942842930477915801,5.606557369232178,10.171240155151434,175.22769064359113,65.3777847290039,620.4456252765017
942942930547137602,0.0,0.0,0.0,0.0,0.0
943142930509444401,1.5,2.285730204450975,2.866685779816514,0.4626064896583557,4.57146040890195
943342930509329501,2.4867255687713623,6.5224944046014635,140.70427416249518,83.77775573730469,737.0419039991116
943342930544199401,0.0,0.0,0.0,0.0,0.0
943542930464139501,0.0,0.0,0.0,0.0,0.0
943642930479213902,0.0,0.0,0.0,0.0,0.0
943742928087871102,0.0,0.0,0.0,0.0,0.0
943842930529052702,0.0,0.0,0.0,0.0,0.0
944142930542121701,4.038461685180664,11.100187469640543,53.579015544041454,27.319002151489258,288.6048721056528
944242930342578102,0.0,0.0,0.0,0.0,0.0
944242930445392502,0.0,0.0,0.0,0.0,0.0
944242930472298301,0.0,0.0,0.0,0.0,0.0
944242930474047102,0.0,0.0,0.0,0.0,0.0
944442930542017101,0.0,0.0,0.0,0.0,0.0
944542930529336601,0.0,0.0,0.0,0.0,0.0
944642929346227102,0.0,0.0,0.0,0.0,0.0
944742930546665502,0.0,0.0,0.0,0.0,0.0
944842930465235601,0.0,0.0,0.0,0.0,0.0
944942930520025202,0.0,0.0,-0.6994853737811484,0.0,0.0
944942930538226902,3.944444417953491,5.8981468200683596,32.43115234375,10.369351387023926,106.16664150953292
945242930518057601,0.0,0.0,0.0,0.0,0.0
945342928042164101,0.0,0.0,0.0,0.0,0.0
945442930461182102,3.034482717514038,4.8738249118683905,23.955286390069,11.88873291015625,141.3409184682272
945442930518184901,0.0,0.0,0.0,0.0,0.0
945542930463901201,0.0,0.0,0.0,0.0,0.0
945542930546254701,0.0,0.0,0.0,0.0,0.0
945642930159053002,0.0,0.0,0.0,0.0,0.0
945642930478660402,0.0,0.0,0.0,0.0,0.0
945842930451087302,0.0,0.0,0.0,0.0,0.0
945842930476731902,0.0,0.0,0.0,0.0,0.0
945942930521806602,0.0,0.0,0.0,0.0,0.0
945942930526366102,3.566666603088379,6.442496130097154,60.4783798576902,28.2763614654541,193.27488022811045
946042930519863902,4.833333492279053,48.85585012943787,355.15976331360946,25.977123260498047,586.2701860235993
946142930477236001,0.0,0.0,0.0,0.0,0.0
946242930509212701,0.0,251.96804803788905,0.0,32.12124252319336,251.96804803788905
946242930531513302,0.0,0.0,0.0,0.0,0.0
946542930465158901,2.615384578704834,13.574778727383437,143.00278357689632,95.64480590820312,1058.8327669184823
946842930473857801,0.0,0.0,0.0,0.0,0.0
946842930476230701,0.0,0.0,0.0,0.0,0.0
946942930530661002,2.6447367668151855,13.737039199125595,44.55961844197138,57.343772888183594,1044.0149515725093
946942930537237702,0.0,0.0,0.0,0.0,0.0
947242930475971002,3.8709676265716553,6.406439737987693,131.30610107357947,32.75715637207031,198.59963364762203
947842930527354601,0.0,0.0,0.0,0.0,0.0
947942930473102701,0.0,0.0,0.0,0.0,0.0
948042930467962102,3.822784900665283,9.3381508518586,178.3795918367347,85.87613677978516,737.7139040399223
948042930532359001,0.0,0.0,0.0,0.0,0.0
948042930532892601,0.0,0.0,0.0,0.0,0.0
948142930480739001,0.0,0.0,0.0,0.0,0.0
948242930452569402,0.0,0.0,0.0,0.0,0.0
948442928758016001,0.0,0.0,0.0,0.0,0.0
948442930476324001,3.0416667461395264,8.988860822255575,78.27341337907376,15.245391845703125,215.73265982991018
948442930547843002,2.75,5.82015470387078,13.856111757857974,1.7033134698867798,23.28061938391298
948542930465223801,0.0,0.0,0.0,0.0,0.0
948642930510240601,0.0,0.0,0.0,0.0,0.0
948842930479969002,0.0,0.0,0.0,0.0,0.0
948942928932458401,0.0,0.0,0.0,0.0,0.0
948942930516425501,0.0,0.0,0.0,0.0,0.0
949042929022389002,0.0,0.0,0.0,0.0,0.0
949042930521017201,1.6285713911056519,16.107902041547277,81.0836676217765,48.04264831542969,563.7765716377849
949142930529305901,0.0,0.0,0.0,0.0,0.0
949242930460437801,0.0,0.0,0.0,0.0,0.0
949242930517862002,2.0,3.6837412235267033,15.092817679558012,3.548380136489868,33.15367262473203
949342930517533902,1.4285714626312256,13.956881856380837,169.91143317230274,59.452537536621094,683.8872199741922
949442930530844502,0.0,0.0,0.0,0.0,0.0
949642930473528401,0.0,0.0,0.0,0.0,0.0
949642930475075602,0.0,0.0,0.0,0.0,0.0
949742930475932202,0.0,0.0,0.0,0.0,0.0
951142930454404802,0.0,0.0,0.0,0.0,0.0
951242930522972602,0.0,0.0,0.0,0.0,0.0
951342930534067702,0.0,0.0,0.0,0.0,0.0
951642928153700201,3.6666667461395264,12.574048319758322,236.6453981606901,95.34124755859375,1056.2200805439768
951642930545898901,0.0,0.0,0.0,0.0,0.0
951742930547731801,2.5,6.752867399819745,25.223169717138102,2.7301859855651855,27.011468786830974
951742930548683601,0.0,0.0,0.0,0.0,0.0
951842928005351602,0.0,0.0,0.0,0.0,0.0
951842930480654401,0.0,0.0,0.0,0.0,0.0
951942930531831401,0.0,0.0,0.0,0.0,0.0
952042930529873001,0.0,0.0,0.0,0.0,0.0
952042930534458201,0.0,0.0,0.0,0.0,0.0
952342928832402902,0.0,0.0,0.0,0.0,0.0
952442930522661301,0.0,0.0,0.0,0.0,0.0
952642930466446201,2.7264957427978516,4.566174334707646,92.2647676161919,92.87093353271484,534.2423994347431
952742930519006401,0.0,0.0,0.0,0.0,0.0
953042930474364501,2.5,22.633381796524663,283.3811659192825,73.38373565673828,1267.469379818493
953042930529477401,0.0,0.0,0.0,0.0,0.0
953142930462837201,0.0,0.0,0.0,0.0,0.0
953242930538614501,5.800000190734863,10.797589822088725,63.508317929759706,18.15798568725586,161.96384298779387
953342930524863801,0.0,0.0,0.0,0.0,0.0
953442930451189902,0.0,0.0,0.0,0.0,0.0
953442930515440001,0.0,0.0,0.0,0.0,0.0
953542930454383101,0.0,24.217457897258253,0.0,78.52043914794922,1574.1347948290268
953542930455845302,2.3333332538604736,1.2442801746412937,3.7330739299610896,0.2955860197544098,3.732840428927529
953642930540523101,0.0,0.0,0.0,0.0,0.0
953942930458602702,0.0,0.0,0.0,0.0,0.0
954042930521132401,0.0,0.0,0.0,0.0,0.0
954142930453395402,3.7647058963775635,8.94918964997809,141.44303242769502,36.02339553833008,304.2724423554777
954242929843369301,4.449275493621826,8.278496288808077,113.85149804602692,87.88784790039062,571.2162716294495
954242930528200102,0.0,0.0,0.0,0.0,0.0
954342930467802401,0.0,0.0,0.0,0.0,0.0
954442930547976801,0.0,0.0,0.0,0.0,0.0
954542930452237002,2.7058823108673096,6.407830394368799,63.99324466962212,17.602405548095703,108.93311396987976
954542930480346202,0.0,0.0,0.0,0.0,0.0
954542930546452101,0.0,0.0,0.0,0.0,0.0
955342928159200301,0.0,0.0,0.0,0.0,0.0
955342930473324302,0.0,0.0,0.0,0.0,0.0
955542930480227901,0.0,0.0,0.0,0.0,0.0
955642930531170101,0.0,0.0,0.0,0.0,0.0
955742930539644702,0.0,0.0,0.0,0.0,0.0
956042929141354202,0.0,0.0,0.0,0.0,0.0
956142929309425801,0.0,0.0,0.0,0.0,0.0
956342930479677001,6.461538314819336,11.514181777559964,107.55719557195572,39.49677276611328,299.3687248652272
956542930473319301,0.0,0.0,0.0,0.0,0.0
956542930525395202,0.0,0.0,0.0,0.0,0.0
956542930541439401,0.0,0.0,0.0,0.0,0.0
956842930450876002,0.0,0.0,0.0,0.0,0.0
956842930527651202,0.0,0.0,0.0,0.0,0.0
956842930532920901,0.0,1.010086020774252,0.0,0.1261121779680252,1.010086020774252
956942928043638902,0.0,0.0,0.0,0.0,0.0
956942930479612601,0.0,0.0,0.0,0.0,0.0
956942930526853301,5.269230842590332,18.02718882297237,200.06060606060606,37.60002136230469,468.70689198975043
957142930548126201,0.0,0.0,0.0,0.0,0.0
957442930455747502,2.209876537322998,6.813481651708164,122.78662420382166,61.8983154296875,551.8920306728696
957642928954607202,0.0,0.0,0.0,0.0,0.0
957842930530259601,3.927710771560669,9.368411678615638,139.76985764390344,77.8095474243164,777.5781421712534
957942930479052102,0.0,0.0,0.0,0.0,0.0
958242930542525701,4.166666507720947,5.986229352248018,65.73634004348742,61.06185531616211,395.09112270986947
958442930462254801,0.0,0.0,0.0,0.0,0.0
958542928258080802,0.0,0.0,0.0,0.0,0.0
958742930518895201,0.0,0.0,0.0,0.0,0.0
958942930527515102,0.0,0.0,0.0,0.0,0.0
959042930526136701,0.0,0.0,0.0,0.0,0.0
959442930546133502,0.0,0.0,0.0,0.0,0.0
959742930537123502,3.6470587253570557,3.6030776741101507,32.36492252414103,12.59127140045166,61.25232176242077
959942930543369201,0.0,0.0,0.0,0.0,0.0
961142930351069302,0.0,0.0,0.0,0.0,0.0
961142930461546202,0.0,0.0,0.0,0.0,0.0
961142930517747501,0.0,0.0,0.0,0.0,0.0
961242930455161301,0.0,0.0,0.0,0.0,0.0
961242930464261901,0.0,0.0,0.0,0.0,0.0
961442930467759901,0.0,0.0,0.0,0.0,0.0
961442930518773602,0.0,0.0,0.0,0.0,0.0
961442930532689401,0.0,0.0,0.0,0.0,0.0
961542929346340301,9.538461685180664,37.943169305788594,148.9295302013423,34.71513748168945,493.26121627244373
961942929839471701,0.0,0.0,0.0,0.0,0.0
961942930515553502,0.0,0.0,0.0,0.0,0.0
962142930530993302,0.7256637215614319,27.21590569501366,198.46448087431693,229.34230041503906,3075.3973961293373
962342930452810602,4.072288990020752,9.069434601756278,150.23075026960407,74.6061782836914,752.7630529252943
962342930468882301,0.0,0.0,0.0,0.0,0.0
962342930508053501,2.6086957454681396,3.430586412217882,157.8076388888889,11.882744789123535,157.80697141488392
962442928210611301,0.0,0.0,0.0,0.0,0.0
962542930463322701,4.18055534362793,8.010118534482759,104.89399014778326,57.9739990234375,576.7285559021898
962642930469208602,0.0,0.0,0.0,0.0,0.0
962742929456836401,0.0,0.0,0.0,0.0,0.0
962842930531880501,0.0,0.0,0.0,0.0,0.0
962942927979853501,0.0,0.0,0.0,0.0,0.0
962942930460668301,6.0,13.612895365862263,46.91250352808355,10.135506629943848,68.06447586460098
963042930532763301,0.0,0.0,0.0,0.0,0.0
963342928043761402,3.259999990463257,5.225919587488478,112.58342411799212,70.3211898803711,522.5919424287333
963342930518326502,5.719298362731934,7.769536548406239,144.38792811122414,76.54557037353516,442.8635858928361
963442928683947202,0.0,0.0,0.0,0.0,0.0
963442930510408502,0.0,0.0,0.0,0.0,0.0
963442930516942101,0.0,0.0,0.0,0.0,0.0
963642929658219501,0.0,0.0,0.0,0.0,0.0
963642930509821701,6.644444465637207,6.559589662749594,74.88837298175217,31.88482666015625,295.18153001882405
963742930449124201,0.0,0.0,0.0,0.0,0.0
963842930450989202,0.0,0.0,0.0,0.0,0.0
963842930527426602,0.0,0.0,0.0,0.0,0.0
963842930531766301,0.0,0.0,0.0,0.0,0.0
963842930546998002,0.0,0.0,0.0,0.0,0.0
963942930460038501,0.0,0.0,0.0,0.0,0.0
964042930464943902,0.0,0.0,0.0,0.0,0.0
964142930516904502,3.2083332538604736,16.053770922911546,126.64619164619165,99.42929077148438,1155.871551838593
964142930517458502,0.0,0.0,0.0,0.0,0.0
964242930529017801,0.0,0.0,0.0,0.0,0.0
964342930516445401,6.75,18.183202743530273,83.953125,9.370869636535645,145.46562433242798
964442930451204401,0.0,0.0,0.0,0.0,0.0
964442930468841802,0.0,0.0,0.0,0.0,0.0
964442930516029901,0.0,0.0,0.0,0.0,0.0
964542930534829601,3.563380241394043,14.917007474389964,106.50276243093923,95.32013702392578,1059.1075341815667
964642930447303601,0.0,0.0,0.0,0.0,0.0
964642930508199002,0.0,0.0,0.0,0.0,0.0
964742928265489001,0.0,0.0,0.0,0.0,0.0
965042930523449702,0.0,0.0,0.0,0.0,0.0
965042930527584901,0.0,0.0,0.0,0.0,0.0
965242930478938802,0.0,0.0,0.0,0.0,0.0
965242930545341502,0.0,0.0,0.0,0.0,0.0
965442929269076802,0.0,0.0,0.0,0.0,0.0
965442930466459402,0.0,0.0,0.0,0.0,0.0
965542930518402902,0.0,0.0,0.0,0.0,0.0
965542930519327801,0.0,0.0,0.0,0.0,0.0
965642930507931901,0.0,0.0,0.0,0.0,0.0
965642930550576402,0.0,0.0,-1.2891581797086502,0.0,0.0
965842930462978301,3.0,6.0831211812627295,20.869653767820775,2.6259360313415527,24.332485097974477
965942930456290901,0.0,0.0,0.0,0.0,0.0
965942930479991401,0.0,0.0,0.0,0.0,0.0
966042930523863102,0.0,0.0,0.0,0.0,0.0
966242930458293601,0.0,0.0,0.0,0.0,0.0
966242930507778301,0.0,0.0,0.0,0.0,0.0
966242930537487801,0.0,0.0,0.0,0.0,0.0
966542930452374102,3.866666555404663,4.294671093199436,18.293305144467936,5.044249057769775,64.42006618292757
966642930509129402,3.222222328186035,5.4002975595618805,17.688252851508366,5.587184906005859,48.602678543544634
966842930546828601,3.34375,7.360732932495915,66.46446078431373,20.17750358581543,235.54344967611476
967142930464488001,0.0,0.0,0.0,0.0,0.0
967142930547103301,0.0,0.0,0.0,0.0,0.0
967242930460534302,4.594594478607178,10.31351577878937,181.2472440944882,77.9842529296875,763.2001583367352
967242930472745001,0.0,0.0,0.0,0.0,0.0
967342930528042701,0.0,0.0,0.0,0.0,0.0
967442930520025701,0.0,0.0,0.0,0.0,0.0
967842930463013002,0.0,0.0,0.0,0.0,0.0
967842930542203001,0.0,0.0,0.0,0.0,0.0
968142930475744302,4.32692289352417,14.711056134259259,120.79407407407408,123.80939483642578,764.9748953134042
968142930477114302,0.0,0.0,0.0,0.0,0.0
968242930522030001,0.0,0.0,0.0,0.0,0.0
968342930475811501,0.0,0.0,0.0,0.0,0.0
968442930465095302,0.0,0.0,0.0,0.0,0.0
968542930461923801,0.0,0.0,0.0,0.0,0.0
968542930529489202,2.0,83.92849890099389,162.22935779816513,10.038814544677734,167.85699780198777
968542930532377101,0.0,0.0,0.0,0.0,0.0
968642930464498502,4.481481552124023,7.551007851786997,74.85919540229885,24.0953426361084,203.87721423445078
968742929476694201,0.0,0.0,0.0,0.0,0.0
969142928602042001,0.0,0.0,0.0,0.0,0.0
969242930522298301,0.0,0.0,0.0,0.0,0.0
969342930519945302,0.0,0.0,0.0,0.0,0.0
969342930533498502,3.761904716491699,8.540027528297244,102.7982283464567,19.5517578125,179.3405795989074
969442928865184902,1.5,6.703101221677375,13.406154886709503,1.8330941200256348,13.40620244335475
969542928213898601,8.5,15.417138868762601,64.34677419354838,9.991312026977539,123.33711341119582
969742930530626001,0.0,0.0,0.0,0.0,0.0
969842930524830001,4.035294055938721,29.115962009803923,447.3764705882353,122.6697006225586,2474.8566895138983
969942930469259302,0.0,0.0,0.0,0.0,0.0
971242930533584501,0.0,0.0,0.0,0.0,0.0
971542930543396901,0.0,0.0,0.0,0.0,0.0
971642930528796401,0.0,0.0,0.0,0.0,0.0
971842928119434301,0.0,0.0,0.0,0.0,0.0
971942930462817402,0.0,0.0,0.0,0.0,0.0
972142930534486401,0.0,0.0,0.0,0.0,0.0
972242930466527502,0.0,0.0,0.0,0.0,0.0
972342930456637902,0.0,0.0,0.0,0.0,0.0
972442930463760402,0.0,0.0,0.0,0.0,0.0
972542928779048802,0.0,0.0,0.0,0.0,0.0
972642928168076602,0.0,0.0,0.0,0.0,0.0
972842930545512801,0.0,0.0,0.0,0.0,0.0
973142930549041502,0.0,0.0,0.0,0.0,0.0
973242930455705001,0.0,0.0,0.0,0.0,0.0
973242930523546102,0.0,0.0,0.0,0.0,0.0
973342930468039502,0.0,0.0,0.0,0.0,0.0
973442930476837301,0.0,0.0,0.0,0.0,0.0
973542930517808201,0.0,0.0,0.0,0.0,0.0
973642930459367202,0.0,0.0,0.0,0.0,0.0
973742930459430801,0.0,0.0,0.0,0.0,0.0
973742930459958501,0.0,0.0,0.0,0.0,0.0
973842930533953702,0.0,0.0,0.0,0.0,0.0
974142930460705201,0.0,36.72757507456616,146.9110629067245,16.25191879272461,293.8206010102709
974342930474992301,0.0,0.0,0.0,0.0,0.0
974342930526845102,0.0,0.0,0.0,0.0,0.0
974342930550376201,0.0,0.0,0.0,0.0,0.0
974542928135600801,0.0,0.0,0.0,0.0,0.0
974642930459633401,1.3039215803146362,5.37242651533593,41.595910418695226,86.38316345214844,547.9874986984713
974742930478575402,0.0,0.0,0.0,0.0,0.0
974742930529994401,0.0,0.0,0.0,0.0,0.0
974742930550060201,3.5999999046325684,29.93455142869475,54.049723756906076,6.895949363708496,149.67276286551964
974942930457040201,0.0,0.0,0.0,0.0,0.0
974942930543725101,0.0,0.0,0.0,0.0,0.0
975042930510541501,0.0,0.0,0.0,0.0,0.0
975242930453297801,0.0,0.0,0.0,0.0,0.0
975242930461071801,0.0,0.0,0.0,0.0,0.0
975842928932504301,0.0,0.0,0.0,0.0,0.0
975842929372830602,4.346938610076904,9.158762294514222,61.51939416328038,45.44156265258789,448.7793414169103
975842930459401601,0.0,0.0,0.0,0.0,0.0
975942930550236302,0.0,0.0,0.0,0.0,0.0
976042930510456402,0.0,0.0,0.0,0.0,0.0
976142930517873802,0.0,0.0,0.0,0.0,0.0
976342930474245901,0.0,0.0,0.0,0.0,0.0
976542930455330202,0.0,0.0,0.0,0.0,0.0
976642928236013301,0.0,0.0,0.0,0.0,0.0
976642930525848502,0.0,0.0,0.0,0.0,0.0
976742930515539501,0.0,0.0,0.0,0.0,0.0
976842930528358801,0.0,0.0,0.0,0.0,0.0
976942929166149801,0.0,0.0,0.0,0.0,0.0
976942929649420101,0.0,0.0,0.0,0.0,0.0
976942930517612501,0.0,0.0,0.0,0.0,0.0
976942930544036701,0.7831325531005859,7.108030998490945,51.863991642160656,61.124881744384766,589.9665565532052
977042929761804101,0.0,0.0,0.0,0.0,0.0
977042929766082001,0.0,0.0,0.0,0.0,0.0
977042930453187802,0.0,0.0,0.0,0.0,0.0
977042930455229602,0.0,0.0,0.0,0.0,0.0
977042930520193801,0.0,0.0,0.0,0.0,0.0
977242930456572102,3.640000104904175,40.59029447115385,269.05668016194335,118.98636627197266,2029.5147689428086
977442930530523401,0.0,0.0,0.0,0.0,0.0
977542929575506301,0.0,0.0,0.0,0.0,0.0
977542930452687101,0.0,0.0,0.0,0.0,0.0
977542930475079801,0.0,0.0,0.0,0.0,0.0
977742930517508802,0.0,0.0,0.0,0.0,0.0
977842930530993101,0.0,0.0,0.0,0.0,0.0
978042930473153201,0.0,0.0,0.0,0.0,0.0
978042930477375602,0.0,0.0,0.0,0.0,0.0
978042930534141902,0.0,0.0,0.0,0.0,0.0
978242930518591502,0.0,0.0,0.0,0.0,0.0
978342930537191602,0.0,0.0,0.0,0.0,0.0
978442930517492601,0.0,11.929056921808304,0.0,71.6744155883789,799.2467978110737
978542930508391901,0.0,4.514433981013842,0.0,60.39003372192383,483.0444216030705
978842930400230701,0.0,0.0,0.0,0.0,0.0
978842930528686002,0.0,0.0,0.0,0.0,0.0
978942930532049202,0.0,0.0,0.0,0.0,0.0
979142930452654002,0.0,0.0,0.0,0.0,0.0
979242930527183501,0.0,0.0,0.0,0.0,0.0
979442930462990301,0.0,0.0,0.0,0.0,0.0
979442930509263301,0.0,0.0,0.0,0.0,0.0
979442930524665801,3.0,4.774921000784661,9.114628820960698,1.2330846786499023,9.54984156845959
979442930525011102,0.0,0.0,0.0,0.0,0.0
979542928748781302,0.0,0.0,0.0,0.0,0.0
979542930454523202,0.0,0.0,0.0,0.0,0.0
979642930533659501,0.0,0.0,0.0,0.0,0.0
979642930535500002,329.0,1.0111223458038423,1.0111223458038423,0.0,1.0111223458038423
979742930142546301,0.0,0.0,0.0,0.0,0.0
979742930523962802,0.0,0.0,0.0,0.0,0.0
979842930522363902,0.0,0.0,0.0,0.0,0.0
979942930544406401,0.0,0.0,0.0,0.0,0.0
981142928030358901,0.0,0.0,0.0,0.0,0.0
981242930533902402,0.0,0.0,0.0,0.0,0.0
981342928887221701,0.0,0.0,0.0,0.0,0.0
981542930534375901,0.0,0.0,0.0,0.0,0.0
981742930459941402,0.0,0.0,0.0,0.0,0.0
981742930548355901,0.0,0.0,0.0,0.0,0.0
981942930469934001,0.0,0.0,0.0,0.0,0.0
981942930529053301,0.0,0.0,0.0,0.0,0.0
982142930455207302,0.0,0.0,0.0,0.0,0.0
982142930544994001,0.0,0.0,0.0,0.0,0.0
982242930289696801,2.875,3.453434507308468,16.286290322580644,3.9931063652038574,27.62747581235824
982242930460539502,0.0,2.6178010471204187,2.6178010471204187,0.15382368862628937,2.6178010471204187
982542930479890101,0.0,0.0,0.0,0.0,0.0
982642930544558602,0.0,0.0,0.0,0.0,0.0
983042930460799001,0.0,0.0,0.0,0.0,0.0
983042930466731102,0.0,0.0,0.0,0.0,0.0
983242930451643002,0.0,0.0,0.0,0.0,0.0
983342929259477301,0.0,0.0,0.0,0.0,0.0
983342930459033601,0.0,0.0,0.0,0.0,0.0
983542930453502302,0.0,0.0,0.0,0.0,0.0
983642928131153402,0.0,0.0,0.0,0.0,0.0
983842930526950101,0.0,0.0,0.0,0.0,0.0
984142929194564701,0.0,0.0,0.0,0.0,0.0
984142930475337102,0.0,0.0,0.0,0.0,0.0
984142930540765001,3.82608699798584,14.621806182947488,151.95186335403727,25.339879989624023,336.30155472671964
984342930458719601,3.055555582046509,6.982128238895217,67.15684998372926,13.827838897705078,125.67831139854682
984442930473622301,0.0,0.0,0.0,0.0,0.0
984442930508716301,0.0,0.0,0.0,0.0,0.0
984742930461979802,0.0,0.0,0.0,0.0,0.0
984742930524745701,0.0,0.0,0.0,0.0,0.0
984842930464541401,0.0,0.0,0.0,0.0,0.0
984842930522944902,0.0,0.0,0.0,0.0,0.0
984942930471672501,3.8181817531585693,10.340836107814697,155.1279887482419,32.87359619140625,341.24759552415077
985042930200071502,0.0,0.0,0.0,0.0,0.0
985142928043557302,0.0,0.0,0.0,0.0,0.0
985142930453584501,0.0,0.0,0.0,0.0,0.0
985242928800758901,0.0,0.0,0.0,0.0,0.0
985242930524502401,0.0,0.0,0.0,0.0,0.0
985342930474563601,0.0,0.0,0.0,0.0,0.0
985442927963764302,0.0,0.0,0.0,0.0,0.0
985442930524342302,0.0,0.0,0.0,0.0,0.0
985542930469752901,0.0,0.0,0.0,0.0,0.0
985642930461590101,0.0,0.0,0.0,0.0,0.0
985642930550518002,0.0,0.0,0.0,0.0,0.0
985742930534538501,0.0,0.0,0.0,0.0,0.0
986042930008347601,5.411764621734619,11.303776139347336,132.536384096024,38.91349792480469,384.32839450135054
986042930528538801,0.0,0.0,0.0,0.0,0.0
986142929613470602,0.0,0.0,0.0,0.0,0.0
986142930459552302,0.0,16.930806650573004,0.0,54.120697021484375,423.2701535427813
986442929331698002,0.0,0.0,0.0,0.0,0.0
986642930473804201,1.8785713911056519,5.0567003288445,47.19634899538738,81.30449676513672,707.9380566457785
986642930473913701,0.0,758.3731161886242,111.07729703451629,18.221851348876953,758.3731161886242
986742930540662901,0.130952388048172,6.465245194059767,10.02798833819242,79.34889221191406,543.0805828328035
986942930538931002,0.0,0.0,0.0,0.0,0.0
987142928113131802,0.0,13.138555452068506,0.0,101.28605651855469,906.5603336829732
987242930522519402,0.0,0.0,0.0,0.0,0.0
987342930447013802,0.0,0.0,0.0,0.0,0.0
987342930543887301,4.5757575035095215,12.594080783902587,143.14308811641067,34.45759963989258,415.6046641418408
987342930546530302,0.0,0.0,0.0,0.0,0.0
987442930540724001,0.0,0.0,0.0,0.0,0.0
987542930462842201,0.0,0.0,0.0,0.0,0.0
987642930463086101,0.0,0.0,0.0,0.0,0.0
987842930520131102,4.769230842590332,8.09993166793796,62.697431985761504,41.246055603027344,315.89733900685604
987842930521523001,0.0,0.0,0.0,0.0,0.0
987942930516014102,0.0,0.0,0.0,0.0,0.0
988342930518856902,0.0,0.0,0.0,0.0,0.0
988442930454093302,0.2954545319080353,7.833903790543763,14.20033388981636,39.40275573730469,344.69177624015344
988442930541634602,5.5,12.96419926244407,103.84563758389261,14.780523300170898,181.49879377053622
988542930526469502,0.0,0.0,0.0,0.0,0.0
988542930534748501,3.2941176891326904,5.050814885535685,35.2896174863388,0.0,85.86385167452413
988842930463926802,0.0,0.0,0.0,0.0,0.0
988842930464065702,0.0,0.0,0.0,0.0,0.0
988842930532545401,0.0,0.0,0.0,0.0,0.0
988942930454690401,0.0,0.0,0.0,0.0,0.0
989242930473765001,0.0,0.0,0.0,0.0,0.0
989542930524500402,0.0,0.0,0.0,0.0,0.0
989542930533468702,0.0,0.0,0.0,0.0,0.0
989842930461754501,5.34375,9.571596949988121,114.9256355428843,38.314064025878906,306.2910949025479
989842930464132602,0.0,0.0,0.0,0.0,0.0
989942930456260802,0.0,0.0,0.0,0.0,0.0
991242930479098802,0.0,162.12710765239947,162.12710765239947,6.608884334564209,162.12710765239947
991342930540098101,0.9772727489471436,10.388657829059424,35.31794095382286,60.005523681640625,457.10095459723635
991542930463664001,0.0,0.0,0.0,0.0,0.0
991542930518643601,0.0,0.0,0.0,0.0,0.0
991742930463945202,0.0,0.0,0.0,0.0,0.0
991842928825498401,0.0,0.0,0.0,0.0,0.0
991842930537303401,5.390244007110596,7.3918214873554025,100.99113955205513,0.0,303.06468156368135
991942930511125502,0.0,0.0,0.0,0.0,0.0
992342930480155301,0.0,0.0,0.0,0.0,0.0
992542930480099201,0.0,0.0,0.0,0.0,0.0
992542930525733701,0.0,0.0,0.0,0.0,0.0
992642930459466402,0.0,0.0,0.0,0.0,0.0
992642930477821202,0.0,0.0,0.0,0.0,0.0
993042930464585401,0.0,0.0,0.0,0.0,0.0
993042930510029501,0.9222221970558167,10.789290884151631,50.14573213046496,95.65509796142578,971.0362013288044
993042930544697301,0.0,0.0,0.0,0.0,0.0
993142930475756501,0.0,0.0,0.0,0.0,0.0
993142930522642001,0.0,0.0,0.0,0.0,0.0
993142930528831101,0.0,0.0,0.0,0.0,0.0
993242930533153901,0.0,0.0,0.0,0.0,0.0
993242930550348701,0.0,0.0,0.0,0.0,0.0
993342927924660101,0.0,0.0,0.0,0.0,0.0
993442930474715502,0.0,0.0,0.0,0.0,0.0
993542929118579602,0.0,0.0,0.0,0.0,0.0
993542930477441201,0.0,0.0,0.0,0.0,0.0
993642930516157402,0.0,0.0,0.0,0.0,0.0
993842929550806601,0.0,0.0,0.0,0.0,0.0
993842930464478901,2.5833332538604736,9.764235609655456,58.03362904889622,76.54485321044922,820.1957662655984
994042930473777501,3.0,2.0728822842770187,4.145734804694342,0.6499758362770081,4.145764568554037
994142930447787902,0.0,0.0,0.0,0.0,0.0
994142930465080302,0.0,0.0,0.0,0.0,0.0
994142930528868802,0.0,0.0,0.0,0.0,0.0
994342929861219802,0.0,0.0,0.0,0.0,0.0
994442929341356902,0.0,66.72541639539931,0.0,41.39607620239258,1467.959196196662
994442930527397301,0.8921568393707275,17.077956666912634,73.1413813459268,88.26482391357422,1741.9515869807112
994742930545699501,0.0,0.0,0.0,0.0,0.0
994842930524179102,0.0,0.0,0.0,0.0,0.0
994942930459951601,0.0,0.0,0.0,0.0,0.0
994942930515618002,0.46000000834465027,13.229688810822148,41.98389261744966,39.85104751586914,661.4844694713618
995042930164891701,0.0,0.0,0.0,0.0,0.0
995242930475545801,0.0,0.0,0.0,0.0,0.0
995242930476650102,4.400000095367432,6.983158052884615,60.818881118881116,14.603941917419434,139.66316132801117
995342930544702302,0.0,0.0,0.0,0.0,0.0
995442930480700601,0.0,0.0,0.0,0.0,0.0
995642930452472602,0.0,0.0,0.0,0.0,0.0
995642930542493302,1.9358974695205688,6.556587009803922,48.87867647058823,68.30186462402344,511.4138008435567
995842930518515201,0.0,0.0,0.0,0.0,0.0
995842930539241201,0.0,0.0,0.0,0.0,0.0
995942930477593501,0.0,0.0,0.0,0.0,0.0
995942930529939201,0.0,0.0,0.0,0.0,0.0
996042930476708302,0.0,0.0,0.0,0.0,0.0
996142930517008302,0.0,0.0,0.0,0.0,0.0
996142930534753101,4.371428489685059,11.155869934766985,122.46365194316988,35.81916427612305,390.4554490935012
996242930516143801,0.0,0.8148579716343878,0.0,0.09155316650867462,0.8148579716343878
996642930531987401,0.0,0.0,0.0,0.0,0.0
996742930528624701,0.0,0.0,0.0,0.0,0.0
996842930454202601,0.0,0.0,0.0,0.0,0.0
996842930527901802,0.0,0.0,0.0,0.0,0.0
996942930456686002,3.7142856121063232,4.789046017932489,57.03723008190618,12.535050392150879,100.56996206670341
997042930525912602,0.0,0.0,0.0,0.0,0.0
997042930535548801,0.0,0.0,0.0,0.0,0.0
997042930547202501,0.0,0.0,0.0,0.0,0.0
997142930448340801,0.48148149251937866,5.872079381262219,21.66275659824047,14.946772575378418,158.54614955868539
997142930533991201,0.0,0.0,0.0,0.0,0.0
997442930528682401,0.0,0.0,0.0,0.0,0.0
997442930541550202,0.0,0.0,0.0,0.0,0.0
997542927924780301,0.0,0.0,0.0,0.0,0.0
997542930465068602,0.0,0.0,0.0,0.0,0.0
997542930480726001,0.0,0.0,0.0,0.0,0.0
997642930458651301,0.0,0.0,0.0,0.0,0.0
998242930519613301,0.0,0.0,0.0,0.0,0.0
998242930520997601,0.0,0.0,0.0,0.0,0.0
998342930480337001,0.0,0.0,0.0,0.0,0.0
998342930516629202,0.0,0.0,0.0,0.0,0.0
998542930468052601,0.0,0.0,0.0,0.0,0.0
998542930473876202,0.0,0.0,0.0,0.0,0.0
998642930289367002,0.0,0.0,0.0,0.0,0.0
998642930455141602,0.0,0.0,0.0,0.0,0.0
998642930528189201,0.0,0.0,0.0,0.0,0.0
998642930550792801,0.0,0.0,0.0,0.0,0.0
998742930477922401,0.0,0.0,0.0,0.0,0.0
998942930519365201,3.8474576473236084,15.10614539442884,179.52559300873907,67.20362091064453,891.2625698989697
998942930542691102,5.277777671813965,8.757905970615303,67.7867473047594,14.935715675354004,157.64229944646908
999142930447758201,4.357142925262451,6.530584347430739,67.86890574214517,37.92634201049805,274.28455410880434
999142930478783801,0.0,0.0,0.0,0.0,0.0
999242930508250202,0.0,0.0,0.0,0.0,0.0
999342930468853301,0.0,0.0,0.0,0.0,0.0
999442928311744002,0.0,0.0,0.0,0.0,0.0
999442930549845202,4.599999904632568,7.361788623027114,51.5608255766896,10.769679069519043,73.61788567697795
999542930479245001,0.0,0.0,0.0,0.0,0.0
999742930289423701,0.0,0.0,0.0,0.0,0.0
999842928912241201,0.0,0.0,0.0,0.0,0.0
999842930521939101,0.0,0.0,0.0,0.0,0.0
999842930529623202,0.0,0.0,0.0,0.0,0.0
999942930461543701,0.0,0.0,0.0,0.0,0.0
999942930462720301,3.653846263885498,6.063090594611696,63.58958305581457,24.6190128326416,157.64035951698986
999942930526263601,0.0,0.0,0.0,0.0,0.0
