BDAP,A1,A2,A3,A4,A5
111142930451558302,0.0,0.0,0.0,0.0,0.0
111142930456078402,0.0,0.0,0.0,0.0,0.0
111142930549694901,0.0,0.0,0.0,0.0,0.0
111242928159168602,0.0,0.0,0.0,0.0,0.0
111342928035516202,0.0,0.0,0.0,0.0,0.0
111442929417157902,0.0,0.0,0.0,0.0,0.0
111642930521380602,0.0,0.0,0.0,0.0,0.0
111742930520228201,0.0,0.0,0.0,0.0,0.0
111742930546032201,0.0,0.0,0.0,0.0,0.0
111842930472913601,0.0,0.0,0.0,0.0,0.0
111942930075789802,0.0,0.0,0.0,0.0,0.0
111942930475464201,0.0,0.0,0.0,0.0,0.0
112242929589459502,0.0,0.0,0.0,0.0,0.0
112442930475351402,0.0,0.0,0.0,0.0,0.0
112442930547500901,0.0,0.0,0.0,0.0,0.0
112542930549591602,0.0,0.0,0.0,0.0,0.0
112642930518447902,0.0,0.0,0.0,0.0,0.0
112642930527384301,0.0,0.0,0.0,0.0,0.0
112942930456488402,3.6190476417541504,5.709589177911932,65.90530303030303,40.147666931152344,359.70410432117154
112942930511152602,0.0,0.0,0.0,0.0,0.0
112942930520095401,0.0,0.0,0.0,0.0,0.0
112942930526084102,0.0,0.0,0.0,0.0,0.0
112942930546542602,0.0,0.0,0.0,0.0,0.0
113042930446652901,0.0,0.0,0.0,0.0,0.0
113042930459198201,0.0,0.0,0.0,0.0,0.0
113242929494046101,0.0,0.0,0.0,0.0,0.0
113242929989809401,0.0,0.0,0.0,0.0,0.0
113242930525412901,0.0,0.0,0.0,0.0,0.0
113342930540408502,0.0,0.0,0.0,0.0,0.0
113442928800667002,0.0,0.0,0.0,0.0,0.0
113642930452986502,0.0,0.0,0.0,0.0,0.0
113742928592687902,0.0,0.0,0.0,0.0,0.0
113842930528713802,0.0,0.0,0.0,0.0,0.0
113942930453012402,0.0,0.0,0.0,0.0,0.0
113942930543093902,0.0,0.0,0.0,0.0,0.0
114042930544217902,0.0,0.0,0.0,0.0,0.0
114242930474451702,0.0,0.0,0.0,0.0,0.0
114342930531636602,0.0,0.0,0.0,0.0,0.0
114442930473232502,0.0,0.0,0.0,0.0,0.0
114542930460128001,0.0,0.0,0.0,0.0,0.0
114642930550556102,0.0,0.0,0.0,0.0,0.0
114742930453726801,0.0,0.0,0.0,0.0,0.0
114742930536446301,0.0,0.0,0.0,0.0,0.0
114842930517178501,0.0,0.0,0.0,0.0,0.0
115042930473371901,0.0,0.0,0.0,0.0,0.0
115142930468670302,0.0,0.0,0.0,0.0,0.0
115142930475433101,0.0,0.0,0.0,0.0,0.0
115242928210658501,0.0,0.0,0.0,0.0,0.0
115242930059291902,0.0,0.0,0.0,0.0,0.0
115242930541272802,4.11267614364624,7.058485282185359,64.53660295708619,89.89514923095703,501.15243594052345
115242930543567601,0.0,0.0,0.0,0.0,0.0
115642930548436401,0.0,0.0,0.0,0.0,0.0
115742928293162401,0.0,0.0,0.0,0.0,0.0
115742930529898402,0.0,0.0,0.0,0.0,0.0
116142930549453302,0.0,0.0,0.0,0.0,0.0
116242928577698301,0.0,0.0,0.0,0.0,0.0
116242930137942201,0.0,0.0,0.0,0.0,0.0
116242930508328601,0.0,0.0,0.0,0.0,0.0
116342930537140702,0.0,0.0,0.0,0.0,0.0
116442929000220902,0.0,0.0,0.0,0.0,0.0
116442930516457902,0.0,0.0,0.0,0.0,0.0
116542930525090302,0.0,0.0,0.0,0.0,0.0
116542930529336002,0.0,0.0,0.0,0.0,0.0
116642930529136802,0.0,0.0,0.0,0.0,0.0
116642930539090401,260.0,53.57435799862516,53.574339585583814,4.7030768394470215,53.57435799862516
116742928739525602,0.0,0.0,0.0,0.0,0.0
116742930532472902,0.0,0.0,0.0,0.0,0.0
116742930546334201,5.363636493682861,8.106291930471654,37.310873605947954,7.467238903045654,89.16920947674039
116842930454465301,0.0,0.0,0.0,0.0,0.0
117042930453153601,0.0,0.0,0.0,0.0,0.0
117042930548083602,5.26086950302124,32.009840029761904,239.06349206349208,17.78435516357422,736.2263470362103
117142930529346502,0.0,0.0,0.0,0.0,0.0
117242930542099701,0.0,0.0,0.0,0.0,0.0
117442930538907902,0.0,0.0,0.0,0.0,0.0
117642930521238202,0.0,0.0,0.0,0.0,0.0
117742930508207301,0.0,0.0,0.0,0.0,0.0
117742930530612302,0.0,0.0,0.0,0.0,0.0
117842930473510401,2.1888887882232666,9.302823153409092,195.27341157929663,0.0,837.254076620659
118242930535103802,0.0,0.0,0.0,0.0,0.0
118742929012963801,0.0,0.0,0.0,0.0,0.0
118742929424205701,0.0,0.0,0.0,0.0,0.0
118742930461810902,3.057692289352417,25.155843098958332,175.36827956989248,107.71046447753906,1308.1038143916796
118742930524063701,0.0,0.0,0.0,0.0,0.0
118742930527891202,0.0,0.0,0.0,0.0,0.0
118742930530890402,0.0,0.0,0.0,0.0,0.0
118742930533556102,0.0,0.0,0.0,0.0,0.0
118742930534065002,0.0,0.0,0.0,0.0,0.0
118842930455593301,0.0,0.0,0.0,0.0,0.0
119042929528989701,0.0,0.0,0.0,0.0,0.0
119142930531415701,0.0,0.0,0.0,0.0,0.0
119242930463926601,0.0,0.0,0.0,0.0,0.0
119442930526684402,0.0,0.0,0.0,0.0,0.0
119542930473450501,0.0,0.0,0.0,0.0,0.0
119642930460902801,0.0,0.0,0.0,0.0,0.0
119642930474784802,0.0,0.0,0.0,0.0,0.0
119642930543451002,0.0,0.0,0.0,0.0,0.0
119742930531276501,0.0,0.0,0.0,0.0,0.0
119942930518238201,0.0,0.0,0.0,0.0,0.0
119942930529966301,0.0,0.0,0.0,0.0,0.0
121242929321210202,0.0,0.0,0.0,0.0,0.0
121242930508820902,1.5625,8.65675147804054,78.13533386327504,84.05740356445312,831.0481157227048
121242930520578002,0.0,0.0,0.0,0.0,0.0
121342930459339902,0.0,0.0,0.0,0.0,0.0
121342930532867601,0.0,0.0,0.0,0.0,0.0
121642928932197502,2.9642856121063232,5.747498023428424,158.01703885374985,65.38235473632812,643.7197737353408
121642930531710102,0.0,0.0,0.0,0.0,0.0
121742928857169102,0.0,0.0,0.0,0.0,0.0
121942930532691902,2.0,4.684445357978541,7.410341285241411,1.0099159479141235,9.368890493023057
122042930453747502,0.0,0.0,0.0,0.0,0.0
122142930476059801,0.0,0.0,0.0,0.0,0.0
122142930524050702,0.0,0.0,0.0,0.0,0.0
122242930516823202,0.0,0.0,0.0,0.0,0.0
122242930542103301,0.0,0.0,0.0,0.0,0.0
122342929604572701,0.0,0.0,0.0,0.0,0.0
122342930478315301,1.0,3.8555644865958922,3.8548387096774195,0.11974402517080307,3.8555644865958922
122342930518922302,0.0,0.0,0.0,0.0,0.0
122342930519827402,0.0,0.0,0.0,0.0,0.0
122642930459111602,0.0,0.0,0.0,0.0,0.0
122642930550255802,0.0,0.0,0.0,0.0,0.0
122742930457734301,0.0,0.0,0.0,0.0,0.0
122742930471847401,0.0,0.0,0.0,0.0,0.0
122842930473415802,0.0,0.0,0.0,0.0,0.0
122842930534949401,0.0,0.0,0.0,0.0,0.0
122842930544924201,0.0,15.362508411843876,167.99775684163302,58.22270202636719,629.8628736917831
122942929194588301,0.0,0.0,0.0,0.0,0.0
123042930475944402,0.0,0.0,0.0,0.0,0.0
123142930463041001,0.0,0.0,0.0,0.0,0.0
123142930474506401,0.0,0.0,0.0,0.0,0.0
123242929642362602,0.0,0.0,0.0,0.0,0.0
123442930527137401,0.0,0.0,0.0,0.0,0.0
123442930543516602,0.0,0.0,-0.1312637882130476,0.0,0.0
123542930548721902,0.0,0.0,0.0,0.0,0.0
123642930526093702,2.9000000953674316,3.1695722200598064,16.855278766310796,3.0499184131622314,31.695721283502003
123642930543678502,0.0,3.3944041709407973,15.533411488862837,20.886404037475586,169.72021141812502
123742930477029802,0.0,0.0,0.0,0.0,0.0
123742930480013402,2.3333332538604736,3.5461605633036433,24.339137422984194,4.2334370613098145,31.91544616519367
123842930472867801,0.0,0.0,0.0,0.0,0.0
123942930458498402,0.0,0.0,0.0,0.0,0.0
124242930458525101,0.0,0.0,0.0,0.0,0.0
124242930509420702,0.0,0.0,0.0,0.0,0.0
124342930525826602,0.0,0.0,0.0,0.0,0.0
124342930527986701,0.0,0.0,0.0,0.0,0.0
124542930520334001,0.0,0.0,0.0,0.0,0.0
124742930477121702,0.0,0.0,0.0,0.0,0.0
124942927917484702,0.0,0.0,0.0,0.0,0.0
125042930526270701,0.0,0.0,0.0,0.0,0.0
125042930531186701,0.0,0.0,0.0,0.0,0.0
125142930542024401,0.0,0.0,0.0,0.0,0.0
125242930523820602,0.0,0.0,0.0,0.0,0.0
125342930454820802,0.0,0.0,0.0,0.0,0.0
125442929568624202,0.0,0.0,0.0,0.0,0.0
125442929765978601,0.0,0.0,0.0,0.0,0.0
125442930529058102,0.0,0.0,0.0,0.0,0.0
125442930531011902,0.0,0.0,0.0,0.0,0.0
125742930453762001,0.0,0.0,0.0,0.0,0.0
125742930530905702,0.0,0.0,0.0,0.0,0.0
126142928602946801,0.0,0.0,0.0,0.0,0.0
126142930532118001,0.0,0.0,0.0,0.0,0.0
126442930456035301,0.0,0.0,0.0,0.0,0.0
126442930459684102,0.0,0.0,0.0,0.0,0.0
126542930458708001,0.0,0.0,0.0,0.0,0.0
126542930517020901,0.0,0.0,0.0,0.0,0.0
126542930526631202,0.0,0.0,0.0,0.0,0.0
126742930534060501,0.0,0.0,0.0,0.0,0.0
126842930458679802,0.0,0.0,0.0,0.0,0.0
127042930509937601,0.0,0.0,0.0,0.0,0.0
127242930465170502,0.0,0.0,0.0,0.0,0.0
127342930544319402,0.0,0.0,0.0,0.0,0.0
127442930521046502,0.0,0.0,0.0,0.0,0.0
127442930526713101,2.5,6.679645837777303,11.396473265073947,1.9423534870147705,26.71858404547959
127542929927508201,3.5656566619873047,11.884542379293356,375.4977477477477,98.63981628417969,1176.5697288942767
127742930538769502,4.599999904632568,10.337190317804103,51.901697312588404,6.180779933929443,103.37190161061591
127842930478658501,0.0,0.0,0.0,0.0,0.0
127942930476460801,0.0,0.0,0.0,0.0,0.0
128042930530738002,0.0,0.0,0.0,0.0,0.0
128042930530834301,0.0,0.0,0.0,0.0,0.0
128242930475470402,0.0,0.0,0.0,0.0,0.0
128242930533241301,0.0,0.0,0.0,0.0,0.0
128342930480027202,0.0,0.0,0.0,0.0,0.0
128442930525819801,0.0,0.0,0.0,0.0,0.0
128442930543538501,0.0,0.0,0.0,0.0,0.0
128542930509668001,0.0,0.0,0.0,0.0,0.0
128642930463054502,0.0,0.0,0.0,0.0,0.0
128642930516861302,0.0,0.0,0.0,0.0,0.0
129242930521771901,0.0,0.0,0.0,0.0,0.0
129342929605912602,0.0,0.0,0.0,0.0,0.0
129342930475939201,0.0,0.0,0.0,0.0,0.0
129442930457306502,3.325301170349121,28.186113522376544,447.29982363315696,139.00221252441406,2339.4473888525044
129542928219724801,0.0,0.0,0.0,0.0,0.0
129542930532555102,0.0,0.0,0.0,0.0,0.0
129542930538128702,2.3333332538604736,8.603183668013308,25.80912547528517,2.371985912322998,25.809551004039925
129642930544823502,0.0,0.0,0.0,0.0,0.0
129742930546105901,0.0,0.0,0.0,0.0,0.0
129742930549689001,0.0,0.0,0.0,0.0,0.0
129942930463915001,0.0,0.0,0.0,0.0,0.0
129942930517119002,0.0,0.0,0.0,0.0,0.0
131242930547233301,0.0,0.0,0.0,0.0,0.0
131342930449411402,0.0,0.0,0.0,0.0,0.0
131742930464510202,4.639344215393066,23.926705813327178,359.4028931979071,52.06690979003906,1459.5290145615718
131942930456273702,0.0,0.0,0.0,0.0,0.0
132042930544478501,0.0,0.0,0.0,0.0,0.0
132142930516846102,0.0,0.0,0.0,0.0,0.0
132142930543892602,3.931034564971924,6.7962100780317245,51.692478253453864,20.24712371826172,197.09008882754537
132242930544450901,0.0,0.0,0.0,0.0,0.0
132242930546422601,0.0,0.0,0.0,0.0,0.0
132342930477421702,0.0,0.0,0.0,0.0,0.0
132342930525346801,0.0,0.0,0.0,0.0,0.0
132442930316683302,2.7014925479888916,23.811713986280488,196.5487804878049,124.84436798095703,1595.3847825568728
132642930457432501,0.0,0.0,0.0,0.0,0.0
132642930528427002,0.0,0.0,0.0,0.0,0.0
133042930530349202,0.0,0.0,0.0,0.0,0.0
133042930549781002,0.0,0.0,0.0,0.0,0.0
133242930477853802,5.07692289352417,18.93403582464272,122.44766319042101,9.199342727661133,246.14247311105504
133342930526510901,0.0,0.0,0.0,0.0,0.0
133442929373095001,0.0,0.0,0.0,0.0,0.0
133742930510374501,0.0,0.0,0.0,0.0,0.0
133842928067730402,0.0,0.0,0.0,0.0,0.0
133942930515980301,0.0,23.17882320374016,0.0,93.53925323486328,1807.9482047734298
133942930517455202,0.0,0.0,0.0,0.0,0.0
133942930519424601,0.0,0.0,0.0,0.0,0.0
134042929268266502,0.0,0.0,0.0,0.0,0.0
134142930456974502,0.0,0.0,0.0,0.0,0.0
134342930526904002,0.0,0.0,0.0,0.0,0.0
134342930541890202,0.0,0.0,0.0,0.0,0.0
134442928030278202,0.0,0.0,0.0,0.0,0.0
134442930530421902,0.0,0.0,0.0,0.0,0.0
134542928005472101,3.3157894611358643,12.512193368004418,206.92930780559647,72.47107696533203,950.9266974290446
134542930452103202,0.0,0.0,0.0,0.0,0.0
134542930479743002,0.0,0.0,0.0,0.0,0.0
134542930515885601,0.0,0.0,0.0,0.0,0.0
134642930516950001,0.0,0.0,0.0,0.0,0.0
134642930545090501,0.0,0.0,0.0,0.0,0.0
134942930519119102,0.0,0.0,0.0,0.0,0.0
134942930538026601,0.0,0.0,0.0,0.0,0.0
135042930544385201,4.0,12.443199282786885,29.15825977301387,4.7289652824401855,37.32959661688209
135142930528286501,0.0,0.0,0.0,0.0,0.0
135242929303665102,0.0,0.0,0.0,0.0,0.0
135442930470672302,0.0,0.0,0.0,0.0,0.0
135442930477857901,0.0,0.0,0.0,0.0,0.0
135442930507917802,0.0,0.0,0.0,0.0,0.0
135442930542827201,0.0,0.0,0.0,0.0,0.0
135542928235893302,0.0,0.0,0.0,0.0,0.0
135642930479563102,0.0,0.0,0.0,0.0,0.0
135742930519956701,0.0,0.0,0.0,0.0,0.0
135842928236098401,0.0,0.0,0.0,0.0,0.0
135842930536357601,0.0,0.0,0.0,0.0,0.0
136042930476722802,0.0,0.0,0.0,0.0,0.0
136142930455392102,0.0,0.0,0.0,0.0,0.0
136142930458954702,0.0,0.0,0.0,0.0,0.0
136242930459147501,0.0,0.0,0.0,0.0,0.0
136242930477909801,0.0,0.0,0.0,0.0,0.0
136442929721382302,0.0,0.0,0.0,0.0,0.0
136542928086560001,0.0,0.0,0.0,0.0,0.0
136542930528454802,0.0,0.0,0.0,0.0,0.0
136642929104783902,0.0,0.0,0.0,0.0,0.0
136642930473633302,0.0,0.0,0.0,0.0,0.0
136642930516789801,0.0,0.0,0.0,0.0,0.0
136642930523848802,0.0,0.0,0.0,0.0,0.0
136642930529001601,0.0,0.0,0.0,0.0,0.0
136642930529692001,0.0,0.0,0.0,0.0,0.0
136742930447072601,0.0,0.0,0.0,0.0,0.0
136742930524580802,0.0,0.0,0.0,0.0,0.0
136742930529409401,0.0,0.0,0.0,0.0,0.0
136842930473053701,0.0,0.0,0.0,0.0,0.0
136842930509823702,1.7610619068145752,6.430421139554087,101.54884668318195,67.94710540771484,726.6376196497386
137142930450130801,0.0,0.0,0.0,0.0,0.0
137142930542063202,0.0,0.0,0.0,0.0,0.0
137142930548214702,0.0,0.0,0.0,0.0,0.0
137242930534526902,0.0,0.0,0.0,0.0,0.0
137442928091164701,0.0,0.0,0.0,0.0,0.0
137442930473557502,0.0,0.0,0.0,0.0,0.0
137442930517981002,0.0,0.0,0.0,0.0,0.0
137642930535030001,0.0,0.0,0.0,0.0,0.0
137742930541310502,0.0,0.0,0.0,0.0,0.0
137842930529236702,0.0,0.0,0.0,0.0,0.0
138042930472490102,0.0,0.0,0.0,0.0,0.0
138042930532021202,0.0,0.0,0.0,0.0,0.0
138242930467934502,0.0,0.0,0.0,0.0,0.0
138242930516299601,0.0,0.0,0.0,0.0,0.0
138542930473712401,3.1086957454681396,6.2875145566461486,62.09266345034104,30.850751876831055,289.2256644576902
138542930510041202,0.0,0.0,0.0,0.0,0.0
138642930447265701,0.0,0.0,0.0,0.0,0.0
138642930528352101,0.0,0.0,0.0,0.0,0.0
138742930466694401,0.0,0.0,0.0,0.0,0.0
138842930447969802,0.0,0.0,0.0,0.0,0.0
138842930510699801,0.0,0.0,0.0,0.0,0.0
139042930518753001,0.0,0.0,0.0,0.0,0.0
139242929091334801,0.0,0.0,0.0,0.0,0.0
139242930528119601,0.0,0.0,0.0,0.0,0.0
139342930529079402,0.0,0.0,0.0,0.0,0.0
139342930536041402,0.0,0.0,0.0,0.0,0.0
139642930470719502,0.0,0.0,0.0,0.0,0.0
139842927994817202,3.427184581756592,10.151611910799522,338.20978520286394,78.3845443725586,1045.6159874358439
139842930508561902,3.6041667461395264,8.67648031722551,191.0387902695595,70.31641387939453,832.9421065506693
139942930542738402,0.0,0.0,0.0,0.0,0.0
141142929230384801,0.0,0.0,0.0,0.0,0.0
141342930533725002,0.0,0.0,0.0,0.0,0.0
141542927945008302,0.0,0.0,0.0,0.0,0.0
141942930527918802,0.0,0.0,0.0,0.0,0.0
142042928242898502,0.0,0.0,0.0,0.0,0.0
142242930521644402,0.0,0.0,0.0,0.0,0.0
142242930527228701,0.0,0.0,0.0,0.0,0.0
142342930479210702,0.0,0.0,0.0,0.0,0.0
142342930543992402,0.0,0.0,0.0,0.0,0.0
142542930456763202,0.0,0.0,0.0,0.0,0.0
142542930510792801,4.777777671813965,14.418264371765847,120.27684346701164,76.84146118164062,648.8219162964419
142542930528712602,0.0,0.0,0.0,0.0,0.0
142642930466984202,0.0,0.0,0.0,0.0,0.0
142742930454799701,0.0,0.0,0.0,0.0,0.0
142742930545407002,0.0,0.0,0.0,0.0,0.0
142842930526424402,0.0,0.0,0.0,0.0,0.0
142942930519535801,0.0,0.0,0.0,0.0,0.0
142942930526801701,0.0,0.0,0.0,0.0,0.0
142942930544449401,0.0,0.0,0.0,0.0,0.0
143042930462302501,0.0,0.0,0.0,0.0,0.0
143342930519396801,3.09375,5.779631603577371,67.38643926788686,24.031801223754883,184.94821662712414
143442930473411701,0.0,0.0,0.0,0.0,0.0
143542930508193002,0.0,0.0,0.0,0.0,0.0
143942930476759202,0.0,195.27817712906057,195.27831431079895,9.808940887451172,195.27817712906057
143942930547024101,0.0,0.0,0.0,0.0,0.0
144042930518784002,0.0,0.0,0.0,0.0,0.0
144142930516627302,0.0,0.0,0.0,0.0,0.0
144242928758061801,0.0,0.0,0.0,0.0,0.0
144342930516888102,0.0,0.0,0.0,0.0,0.0
144342930536405301,2.0,6.459050541697577,9.125618199802176,10.359631538391113,83.96765624969814
144342930546083402,0.0,0.0,0.0,0.0,0.0
144442930475711802,0.0,0.0,0.0,0.0,0.0
144542930477317802,0.0,0.0,0.0,0.0,0.0
144642930465883002,0.0,0.0,0.0,0.0,0.0
144642930473806401,0.0,0.0,0.0,0.0,0.0
144642930532617302,0.0,0.0,0.0,0.0,0.0
144742930542766901,0.0,0.0,0.0,0.0,0.0
144842930530614201,0.0,0.0,0.0,0.0,0.0
144942930519506501,0.0,0.0,0.0,0.0,0.0
145042930473345201,0.0,0.0,0.0,0.0,0.0
145042930516473101,0.0,0.0,0.0,0.0,0.0
145142930461490302,2.9000000953674316,11.126718965814916,44.611049723756906,9.754959106445312,111.26719122617943
145242930530017602,0.0,0.0,0.0,0.0,0.0
145342929703889902,0.0,0.0,0.0,0.0,0.0
145542930449651701,0.0,0.0,0.0,0.0,0.0
145542930461706001,0.0,0.0,0.0,0.0,0.0
145542930537934402,0.0,0.0,0.0,0.0,0.0
145642930539008501,0.0,0.0,0.0,0.0,0.0
145842930447522202,0.0,0.0,0.0,0.0,0.0
145842930541202802,0.0,0.0,0.0,0.0,0.0
145942929820831802,0.0,0.0,0.0,0.0,0.0
146142930450300301,1.2232558727264404,10.080217094450889,494.6535189481825,160.2864227294922,2167.2467338331708
146142930463763601,0.0,0.0,0.0,0.0,0.0
146242930520059602,0.0,0.0,0.0,0.0,0.0
146542930451341801,0.0,0.0,0.0,0.0,0.0
146642930536166401,0.0,0.0,0.0,0.0,0.0
146642930542554401,3.702380895614624,5.5501749523847845,100.08999946349053,50.73227310180664,466.2147113561208
146742930476644701,0.0,0.0,0.0,0.0,0.0
146742930509457302,0.0,0.0,0.0,0.0,0.0
146842930530364101,0.0,0.0,0.0,0.0,0.0
146842930542607102,0.0,0.0,0.0,0.0,0.0
146942928726482201,0.0,0.0,0.0,0.0,0.0
147042929295093101,2.4528300762176514,5.168836315584018,148.53706888366057,39.063167572021484,547.8966447610795
147042930517911201,0.0,0.0,0.0,0.0,0.0
147342930463839802,6.333333492279053,8.062009148848684,20.98234649122807,6.803443431854248,48.37205639220121
147442930452303701,3.4468085765838623,4.999342953440401,136.52812730219537,61.968780517578125,469.9382534078247
147442930533789501,0.0,0.0,0.0,0.0,0.0
147542930462402502,0.0,0.0,0.0,0.0,0.0
147642929372880402,0.0,0.0,0.0,0.0,0.0
147642930528895902,0.0,0.0,0.0,0.0,0.0
147842930535076502,0.0,0.0,0.0,0.0,0.0
148042930511023901,0.0,0.0,0.0,0.0,0.0
148142930539768402,0.0,0.0,0.0,0.0,0.0
148242929249038602,0.0,0.0,0.0,0.0,0.0
148342930537454201,0.0,0.0,0.0,0.0,0.0
148542930479380901,0.0,0.0,0.0,0.0,0.0
148642930479971702,0.0,0.0,0.0,0.0,0.0
148942930528636601,0.0,0.0,0.0,0.0,0.0
149042930519576702,0.0,0.0,0.0,0.0,0.0
149242930469838702,4.0,12.072508608560426,96.64691943127963,47.66943359375,422.53781870982095
149242930523100401,0.0,0.0,0.0,0.0,0.0
149242930528314001,0.0,0.0,0.0,0.0,0.0
149242930538102502,0.0,0.0,0.0,0.0,0.0
149342930456788201,0.0,0.0,0.0,0.0,0.0
149542928726666202,0.0,0.0,0.0,0.0,0.0
149642928653501701,0.0,0.0,0.0,0.0,0.0
149642930464155901,0.0,0.0,0.0,0.0,0.0
149842930518260702,0.0,0.0,0.0,0.0,0.0
149842930550702801,0.0,0.0,0.0,0.0,0.0
151342930508974301,0.0,0.0,0.0,0.0,0.0
151542930475519001,0.0,0.0,0.0,0.0,0.0
151742927963730101,0.0,0.0,0.0,0.0,0.0
151842930448135701,0.0,0.0,0.0,0.0,0.0
151842930463750102,0.0,0.0,0.0,0.0,0.0
151942930544978002,0.0,0.0,0.0,0.0,0.0
152042930464035102,0.0,0.0,0.0,0.0,0.0
152042930477182301,0.0,0.0,0.0,0.0,0.0
152042930531609501,0.0,0.0,0.0,0.0,0.0
152142930534314602,0.0,0.0,0.0,0.0,0.0
152242930543096402,0.0,0.0,0.0,0.0,0.0
152342928770281901,3.764045000076294,11.206352776453766,196.14161105815063,79.18246459960938,997.3653817205002
152342930450686901,0.0,0.0,0.0,0.0,0.0
152542930476846501,0.0,0.0,0.0,0.0,0.0
153142930542972702,0.0,0.0,0.0,0.0,0.0
153342930458996002,0.0,0.0,0.0,0.0,0.0
153342930475440202,0.0,0.0,0.0,0.0,0.0
153442930467893301,0.0,0.0,0.0,0.0,0.0
153642930449164501,0.0,0.0,0.0,0.0,0.0
153642930516703902,0.0,0.0,0.0,0.0,0.0
153842930524916302,0.0,0.0,0.0,0.0,0.0
153942930516129101,0.0,0.0,0.0,0.0,0.0
154142928025264602,0.0,0.0,0.0,0.0,0.0
154142930537343902,0.0,0.0,0.0,0.0,0.0
154342930515951901,0.0,0.0,0.0,0.0,0.0
154342930521332601,3.31632661819458,8.794105220843997,178.14937323620134,87.81855010986328,861.8222943102115
154342930532730101,3.0208332538604736,8.675983974618878,161.6652611093091,31.80786895751953,416.4472210339977
154342930544862901,0.0,0.0,0.0,0.0,0.0
154442930342690301,0.0,0.0,0.0,0.0,0.0
154542930547669701,0.0,0.0,0.0,0.0,0.0
154642930450207102,0.0,0.0,0.0,0.0,0.0
154642930453645502,3.2608695030212402,5.9183395198312585,161.09109833602162,71.90425109863281,408.36543996275867
154742928946604302,0.0,0.0,0.0,0.0,0.0
154842930457094601,0.0,0.0,0.0,0.0,0.0
154942930521003602,1.7560975551605225,16.135638500474,161.00121885157097,107.66522979736328,1323.1223812078408
155042930546029701,0.0,0.0,0.0,0.0,0.0
155142930532843201,0.0,0.0,0.0,0.0,0.0
155342930473738501,0.0,0.0,0.0,0.0,0.0
155442928135508801,0.0,0.0,0.0,0.0,0.0
155442930458741801,0.0,0.0,0.0,0.0,0.0
155442930546716402,0.0,0.0,0.0,0.0,0.0
155542930467099901,0.0,0.0,0.0,0.0,0.0
155642930519275401,0.0,0.0,0.0,0.0,0.0
155642930546746501,0.0,0.0,0.0,0.0,0.0
155942930517438602,0.0,0.0,0.0,0.0,0.0
155942930525766602,0.0,0.0,0.0,0.0,0.0
156042930537289702,0.0,0.0,0.0,0.0,0.0
156342930522775202,0.0,0.0,0.0,0.0,0.0
156642929575390702,0.0,0.0,0.0,0.0,0.0
156742930529460202,0.0,0.0,0.0,0.0,0.0
156842930516325302,0.0,0.0,0.0,0.0,0.0
156942930521143101,0.0,0.0,0.0,0.0,0.0
157042928932618502,0.0,0.0,0.0,0.0,0.0
157042930474743902,0.0,0.0,0.0,0.0,0.0
157242930550208302,0.0,0.0,0.0,0.0,0.0
157342930469553702,0.0,0.0,0.0,0.0,0.0
157442930527548402,0.0,0.0,0.0,0.0,0.0
157642930523961501,0.0,0.0,0.0,0.0,0.0
157742930545228701,0.0,0.0,0.0,0.0,0.0
157842930467986402,0.0,0.0,0.0,0.0,0.0
157842930474296502,0.0,0.0,0.0,0.0,0.0
157842930529640802,0.0,0.0,0.0,0.0,0.0
157942930475444302,0.0,0.0,0.0,0.0,0.0
158042930463092601,0.0,0.0,0.0,0.0,0.0
158042930478706402,0.0,0.0,0.0,0.0,0.0
158142929189241902,0.0,0.0,0.0,0.0,0.0
158242927979933702,0.0,0.0,0.0,0.0,0.0
158342930478366301,0.0,0.0,0.0,0.0,0.0
158342930516054701,0.0,0.0,0.0,0.0,0.0
158342930526117801,0.0,0.0,0.0,0.0,0.0
158442930519045901,0.0,0.0,0.0,0.0,0.0
158742930467019501,6.345454692840576,29.479171981292517,320.14285714285717,106.270263671875,1621.3544305840317
158742930533543501,0.0,0.0,0.0,0.0,0.0
158742930541831501,0.0,0.0,0.0,0.0,0.0
158842930544096501,0.0,0.0,0.0,0.0,0.0
158942930510998002,0.0,0.0,0.0,0.0,0.0
158942930526499202,5.142857074737549,14.430713832214188,65.73415977961433,10.837220191955566,101.01499941066605
159142928135435302,0.0,0.0,0.0,0.0,0.0
159142930465136102,0.0,0.0,0.0,0.0,0.0
159342930458732502,0.0,0.0,0.0,0.0,0.0
159342930525299201,0.0,244.19947984927916,244.1992136304063,28.385257720947266,244.19947984927916
159442930509101502,0.0,0.0,0.0,0.0,0.0
159542930515787101,0.0,0.0,0.0,0.0,0.0
159642929166032802,0.0,0.0,0.0,0.0,0.0
159642930549182602,0.0,0.0,0.0,0.0,0.0
159842930524167302,0.0,0.0,0.0,0.0,0.0
161142930541557502,0.0,0.0,0.0,0.0,0.0
161542929309260302,0.0,0.0,0.0,0.0,0.0
161542930531648401,0.0,0.0,0.0,0.0,0.0
161642930467750602,0.0,0.0,0.0,0.0,0.0
161642930549932401,0.0,0.0,0.0,0.0,0.0
161742930524729901,0.0,0.0,0.0,0.0,0.0
161942930445609901,0.0,0.0,0.0,0.0,0.0
161942930458787802,0.0,0.0,0.0,0.0,0.0
161942930533316402,0.0,0.0,0.0,0.0,0.0
162042930527284502,0.0,0.0,0.0,0.0,0.0
162242930545636301,0.0,0.0,0.0,0.0,0.0
162342930453250801,0.0,0.0,0.0,0.0,0.0
162342930454060301,0.0,0.0,0.0,0.0,0.0
162442930530754802,0.0,0.0,0.0,0.0,0.0
162442930531321102,3.5625,12.699570974576272,109.47322033898305,21.402362823486328,203.1931286414195
162542930549518202,0.0,0.0,0.0,0.0,0.0
162642928676339002,0.0,0.0,0.0,0.0,0.0
162742930541386401,0.0,0.0,0.0,0.0,0.0
163342930450908301,0.0,0.0,0.0,0.0,0.0
163342930473979502,0.0,0.0,0.0,0.0,0.0
163442930530935502,0.0,0.0,0.0,0.0,0.0
163442930539694902,0.0,0.0,0.0,0.0,0.0
163942930544633802,0.0,0.0,0.0,0.0,0.0
164042930460051801,0.0,0.0,0.0,0.0,0.0
164142930540465502,0.0,0.0,0.0,0.0,0.0
164242930447341201,0.0,0.0,0.0,0.0,0.0
164442929816278102,0.0,0.0,0.0,0.0,0.0
164442930540918602,0.0,0.0,0.0,0.0,0.0
164542930519765302,0.0,0.0,0.0,0.0,0.0
164642930461808702,0.0,0.0,0.0,0.0,0.0
164642930463614001,0.0,0.0,0.0,0.0,0.0
164942930533952001,4.08433723449707,12.22406556372549,311.28627450980395,75.67700958251953,1014.5974868014927
165442928043802902,0.0,0.0,0.0,0.0,0.0
165442930517273502,0.0,0.0,0.0,0.0,0.0
165542930460232502,0.0,0.0,0.0,0.0,0.0
165542930549612201,0.0,0.0,0.0,0.0,0.0
165742929341386202,0.0,0.0,0.0,0.0,0.0
165742930508698002,0.0,0.0,0.0,0.0,0.0
165742930532248602,0.0,0.0,0.0,0.0,0.0
165842930012164202,0.0,0.0,0.0,0.0,0.0
165842930455941702,0.0,0.0,0.0,0.0,0.0
165842930518748802,5.166666507720947,84.6182503633721,397.8,43.62202453613281,507.7094752899436
166042930524047202,0.0,0.0,0.0,0.0,0.0
166342930527989502,0.0,0.0,0.0,0.0,0.0
166542930474173501,0.0,0.0,0.0,0.0,0.0
166642930509729801,0.0,0.0,0.0,0.0,0.0
166842930477693702,0.0,0.0,0.0,0.0,0.0
166942930446842501,0.0,0.0,0.0,0.0,0.0
166942930516676602,0.0,0.0,0.0,0.0,0.0
167142929091270702,0.0,0.0,0.0,0.0,0.0
167142929091319102,0.0,0.0,0.0,0.0,0.0
167242930473687902,0.0,0.0,0.0,0.0,0.0
167242930550454301,0.0,0.0,0.0,0.0,0.0
167342930453887901,0.0,0.0,0.0,0.0,0.0
167342930476156602,0.0,0.0,0.0,0.0,0.0
167342930531512902,0.0,0.0,0.0,0.0,0.0
167442930473715802,0.0,0.0,0.0,0.0,0.0
167442930524318301,0.0,0.0,0.0,0.0,0.0
167542929021132401,0.0,0.0,0.0,0.0,0.0
167642929703741002,0.0,0.0,0.0,0.0,0.0
167642929946319602,0.0,0.0,0.0,0.0,0.0
167642930464043701,0.0,0.0,0.0,0.0,0.0
167842930517704901,4.714285850524902,19.021031207598373,96.33242876526458,11.649862289428711,133.147220937659
167942930451477101,214.0,29.044668534311782,29.044823482744942,2.293825626373291,29.044668534311782
167942930460089502,0.0,0.0,0.0,0.0,0.0
167942930530333001,2.924999952316284,7.0020613359514625,78.72307402878374,33.85366439819336,280.08245363900204
168142930510642701,0.0,0.0,0.0,0.0,0.0
168242930517025502,0.0,0.0,0.0,0.0,0.0
168342929385464201,0.0,0.0,0.0,0.0,0.0
168342930519986502,0.0,0.0,0.0,0.0,0.0
168442927948912302,5.625,14.409178881090009,62.60198183319571,10.816573143005371,115.273437096795
168542929456942701,0.0,0.0,0.0,0.0,0.0
168542930515726001,0.0,0.0,0.0,0.0,0.0
168542930533980102,0.0,0.0,0.0,0.0,0.0
168642930529431702,0.0,0.0,0.0,0.0,0.0
168842929687124301,0.0,0.0,0.0,0.0,0.0
168942930531666302,0.0,0.0,0.0,0.0,0.0
168942930549296402,0.0,0.0,0.0,0.0,0.0
169242930452916401,0.0,0.0,0.0,0.0,0.0
169442930525777302,1.0,4.835930952951036,9.671854423560397,1.1374996900558472,9.671862217666307
169542930460793202,0.0,0.0,0.0,0.0,0.0
169542930526167301,0.0,0.0,0.0,0.0,0.0
169542930531102902,0.0,0.0,0.0,0.0,0.0
169642930544551501,0.0,0.0,0.0,0.0,0.0
169742930545230402,0.0,0.0,0.0,0.0,0.0
169842930460896602,0.0,0.0,0.0,0.0,0.0
169842930525450402,0.0,0.0,0.0,0.0,0.0
169942928779211601,0.0,0.0,0.0,0.0,0.0
171242930451390501,0.0,0.0,0.0,0.0,0.0
171442930537661702,0.0,0.0,0.0,0.0,0.0
171542930474857101,0.0,0.0,0.0,0.0,0.0
171642930528089402,0.0,0.0,0.0,0.0,0.0
171642930545331501,0.0,0.0,0.0,0.0,0.0
171642930548872901,0.0,0.0,0.0,0.0,0.0
171742930469562402,0.0,0.0,0.0,0.0,0.0
171742930547131501,0.0,0.0,0.0,0.0,0.0
171842930464726602,0.0,0.0,0.0,0.0,0.0
171842930474320601,0.0,0.0,0.0,0.0,0.0
171942930537327601,0.0,0.0,0.0,0.0,0.0
172242930457255402,2.7142856121063232,14.207922340549349,46.42085661080075,8.642491340637207,99.45545638384544
172342930453413201,0.0,0.0,0.0,0.0,0.0
172342930526656302,0.0,0.0,0.0,0.0,0.0
172442930461991502,0.0,0.0,0.0,0.0,0.0
172442930516550001,0.0,0.0,0.0,0.0,0.0
172442930519165302,0.0,0.0,0.0,0.0,0.0
172442930532392601,0.0,0.0,0.0,0.0,0.0
172542930479622601,0.0,0.0,0.0,0.0,0.0
172642930519336001,0.0,0.0,0.0,0.0,0.0
172742930527843301,0.0,0.0,0.0,0.0,0.0
172942930455034402,0.0,0.0,0.0,0.0,0.0
172942930519421902,4.135135173797607,7.44765010299139,141.33016627078385,38.74803161621094,275.56305058495167
173042930533913101,0.0,0.0,0.0,0.0,0.0
173142928932478502,0.0,0.0,0.0,0.0,0.0
173142930531959201,0.0,0.0,0.0,0.0,0.0
173242930458027501,0.0,0.0,0.0,0.0,0.0
173342930511232501,0.0,0.0,0.0,0.0,0.0
173342930526722801,0.0,0.0,0.0,0.0,0.0
173742930479305901,0.0,0.0,0.0,0.0,0.0
173742930534262602,0.0,0.0,0.0,0.0,0.0
173842930533276002,0.0,0.0,0.0,0.0,0.0
174042930461713401,0.0,0.0,0.0,0.0,0.0
174042930516249201,0.0,0.0,0.0,0.0,0.0
174042930548710301,0.0,0.0,0.0,0.0,0.0
174242929514158301,0.0,0.0,0.0,0.0,0.0
174242930538951702,0.0,0.0,0.0,0.0,0.0
174442930054961402,0.0,0.0,0.0,0.0,0.0
174542930452423502,0.0,0.0,0.0,0.0,0.0
174642929385350302,0.0,0.0,0.0,0.0,0.0
174742928236055201,4.083333492279053,9.301551594520344,170.2931392931393,81.91956329345703,781.3303410332104
174842930469978501,0.0,0.0,0.0,0.0,0.0
174842930478757801,0.0,0.0,0.0,0.0,0.0
174942930455252701,0.0,0.0,0.0,0.0,0.0
174942930529771102,0.0,0.0,0.0,0.0,0.0
175042930541851802,3.299999952316284,4.283013523730889,31.63782098857058,15.633338928222656,128.49040959315607
175042930546232402,0.0,0.0,0.0,0.0,0.0
175142930455190102,0.0,0.0,0.0,0.0,0.0
175142930480181001,0.0,0.0,0.0,0.0,0.0
175142930529037101,2.522387981414795,5.53501234969748,197.52435475224019,66.10806274414062,741.6916766614053
175342930454055602,0.0,0.0,0.0,0.0,0.0
175342930457543401,0.0,0.0,0.0,0.0,0.0
175342930508312801,0.0,0.0,0.0,0.0,0.0
175442930515676102,0.0,0.0,0.0,0.0,0.0
175442930523935601,0.0,0.0,0.0,0.0,0.0
175442930525537602,0.0,0.0,0.0,0.0,0.0
175542930517516502,0.0,0.0,0.0,0.0,0.0
175842930518895102,0.0,0.0,0.0,0.0,0.0
175842930522254701,0.0,0.0,0.0,0.0,0.0
176042930544553402,0.0,0.0,0.0,0.0,0.0
176142930480559002,0.0,0.0,0.0,0.0,0.0
176242930523833802,0.0,0.0,0.0,0.0,0.0
176342929201182702,0.0,0.0,0.0,0.0,0.0
176442928242942002,0.0,0.0,0.0,0.0,0.0
176442930548703702,0.0,0.0,0.0,0.0,0.0
176542930469300802,0.0,0.0,0.0,0.0,0.0
176642930543382501,0.0,0.0,0.0,0.0,0.0
176742930477931002,4.111111164093018,55.81104024251302,414.0729166666667,17.918725967407227,502.2993742624919
176942930476904801,0.0,0.0,0.0,0.0,0.0
176942930478602102,0.0,0.0,0.0,0.0,0.0
177042930546702502,0.0,0.0,0.0,0.0,0.0
177342930462158901,0.0,0.0,0.0,0.0,0.0
177342930530273402,0.0,0.0,0.0,0.0,0.0
177342930546684601,4.589041233062744,13.850991334033614,259.3267226890756,81.21158599853516,1011.1223630735253
177542930508507301,0.0,0.0,0.0,0.0,0.0
177642930453702301,1.6875,7.352465922078795,90.70671137555466,71.35794830322266,705.8367106776349
177742930456060701,0.0,0.0,0.0,0.0,0.0
177842930460193901,0.0,0.0,0.0,0.0,0.0
178042930479266802,0.0,0.0,0.0,0.0,0.0
178142930462707102,0.0,0.0,0.0,0.0,0.0
178142930528847201,0.0,0.0,0.0,0.0,0.0
178142930543623401,0.0,0.0,0.0,0.0,0.0
178542930476543901,0.0,0.0,0.0,0.0,0.0
178642930459055902,0.0,0.0,0.0,0.0,0.0
178642930460996501,0.0,0.0,0.0,0.0,0.0
178642930528419301,0.0,0.0,0.0,0.0,0.0
178842928062695402,0.0,0.0,0.0,0.0,0.0
178942930474454801,0.0,0.0,0.0,0.0,0.0
179142930463396901,0.0,0.0,0.0,0.0,0.0
179342928213854001,0.0,0.0,0.0,0.0,0.0
179342930546197102,0.0,0.0,0.0,0.0,0.0
179542930525133101,0.0,0.0,0.0,0.0,0.0
179842930449428701,0.0,0.0,0.0,0.0,0.0
179842930510259202,0.0,0.0,0.0,0.0,0.0
179842930538524902,0.0,0.0,0.0,0.0,0.0
179942930549169901,0.0,0.0,0.0,0.0,0.0
181142929703907301,0.0,0.0,0.0,0.0,0.0
181142930523877701,0.0,0.0,0.0,0.0,0.0
181142930527486402,0.7083333134651184,18.989941551212272,316.97130133597227,89.9408950805664,1823.0344662850944
181242930509374402,0.0,0.0,0.0,0.0,0.0
181342930521827301,3.6666667461395264,12.742985469832158,36.24221626006115,3.9258570671081543,38.22895592203781
181442930476085601,0.0,0.0,0.0,0.0,0.0
181442930543003101,0.0,0.0,0.0,0.0,0.0
181642930464002802,0.0,0.0,0.0,0.0,0.0
181742930531711401,0.0,0.0,0.0,0.0,0.0
182242930537956102,0.0,0.0,0.0,0.0,0.0
182342929012808301,0.0,0.0,0.0,0.0,0.0
182342930541689202,0.0,0.0,0.0,0.0,0.0
182442930456071301,0.0,0.0,0.0,0.0,0.0
182942930469857701,0.0,0.0,0.0,0.0,0.0
183042930475213801,18.88888931274414,45.34951308139535,186.08558139534884,31.511493682861328,408.1456263626454
183042930517930602,0.0,0.0,0.0,0.0,0.0
183042930530573402,0.0,0.0,0.0,0.0,0.0
183142930518918701,0.0,0.0,0.0,0.0,0.0
183542930509064901,0.0,0.0,0.0,0.0,0.0
183642930531972901,0.0,0.0,0.0,0.0,0.0
183742930525710802,0.0,0.0,0.0,0.0,0.0
183742930527080001,25.0,20.97726193180645,20.97726193180645,2.5455121994018555,20.97726193180645
184142930507781401,0.0,0.0,0.0,0.0,0.0
184242930458791701,0.0,0.0,0.0,0.0,0.0
184442930455796202,0.0,0.0,0.0,0.0,0.0
184442930517219702,0.0,0.0,0.0,0.0,0.0
184442930544068301,0.0,0.0,0.0,0.0,0.0
184542930473060602,0.0,0.0,0.0,0.0,0.0
184542930521086801,0.0,0.0,0.0,0.0,0.0
184642930462171501,0.0,0.0,0.0,0.0,0.0
184642930524539701,0.0,0.0,0.0,0.0,0.0
184742929839739802,0.0,0.0,0.0,0.0,0.0
184842929021081301,0.0,0.0,0.0,0.0,0.0
184842930463990202,0.0,0.0,0.0,0.0,0.0
185242930475044302,0.0,0.0,0.0,0.0,0.0
185242930508862201,0.0,0.0,0.0,0.0,0.0
185242930549979501,0.0,0.0,0.0,0.0,0.0
185342930472893601,2.8235294818878174,8.760079698301773,134.17305380222422,81.1061782836914,744.6067585585388
185342930542156801,0.0,0.0,0.0,0.0,0.0
185442930539869301,0.0,0.0,0.0,0.0,0.0
185642930527158702,0.0,0.0,0.0,0.0,0.0
185742930316791302,0.0,0.0,0.0,0.0,0.0
185742930531538401,3.0,8.925468136405636,241.83980133980134,61.702491760253906,776.5157247443319
185942930529803701,0.0,0.0,0.0,0.0,0.0
186242930525209502,0.0,0.0,0.0,0.0,0.0
186342930457277601,5.166666507720947,17.047377084253533,159.8939929328622,29.007461547851562,306.85278673475284
186342930526904701,0.0,0.0,0.0,0.0,0.0
186442930519296301,2.799999952316284,4.796453878065107,14.249718151071026,6.397649765014648,47.964537473246374
186442930549950901,0.0,0.0,0.0,0.0,0.0
186542930507655802,0.0,0.0,0.0,0.0,0.0
186742930451038602,0.0,0.0,0.0,0.0,0.0
186842930478135802,0.0,0.0,0.0,0.0,0.0
187042930475738102,0.0,0.0,0.0,0.0,0.0
187242930521653902,0.0,0.0,0.0,0.0,0.0
187442930519530002,0.0,0.0,0.0,0.0,0.0
187642930455584402,0.0,0.0,0.0,0.0,0.0
187642930527571602,0.0,0.0,0.0,0.0,0.0
187742930446810702,0.0,0.0,0.0,0.0,0.0
187742930459631002,0.0,0.0,0.0,0.0,0.0
187742930522129302,0.0,0.0,0.0,0.0,0.0
187742930531273002,2.0,6.299628316456156,6.299651567944251,0.5820526480674744,6.299628316456156
187842930460474102,2.7142856121063232,8.330801159210857,176.47750691128425,79.50917053222656,758.1029432612647
187842930463290001,0.0,0.0,0.0,0.0,0.0
187942930524637001,0.0,0.0,0.0,0.0,0.0
187942930528980602,0.0,0.0,0.0,0.0,0.0
188242929013166301,0.0,0.0,0.0,0.0,0.0
188242930464850202,0.0,0.0,0.0,0.0,0.0
188242930522584702,0.0,0.0,0.0,0.0,0.0
188342930526586002,0.0,0.0,0.0,0.0,0.0
188442930457576502,3.0,0.7482327428357355,0.75,0.07335959374904633,0.7482327428357355
188442930534496402,0.0,0.0,0.0,0.0,0.0
188642929800356701,0.0,0.0,0.0,0.0,0.0
188742928316187402,0.0,0.0,0.0,0.0,0.0
188742930515997302,0.0,0.0,0.0,0.0,0.0
189142930445491702,0.0,0.0,0.0,0.0,0.0
189242928087944401,0.0,0.0,0.0,0.0,0.0
189442930529519802,0.0,0.0,0.0,0.0,0.0
189442930532402802,0.0,0.0,0.0,0.0,0.0
189542930532566802,0.0,0.0,0.0,0.0,0.0
189742927986105002,0.0,0.0,0.0,0.0,0.0
189742930517890202,0.0,0.0,0.0,0.0,0.0
189942930526846502,0.0,0.0,0.0,0.0,0.0
191142930477001502,0.0,0.0,0.0,0.0,0.0
191242928823204201,0.0,0.0,0.0,0.0,0.0
191342930457253501,0.0,0.0,0.0,0.0,0.0
191342930516577602,0.0,0.0,0.0,0.0,0.0
191342930525032501,3.7142856121063232,34.07513282678245,164.3053016453382,23.023555755615234,238.52593201910992
191342930539983202,0.0,0.0,0.0,0.0,0.0
191342930541755801,0.0,0.0,0.0,0.0,0.0
191442930462855702,0.0,0.0,0.0,0.0,0.0
191442930542916701,2.9594595432281494,5.7296061230827,129.44232935671164,43.247806549072266,423.99086273174845
191942930462739701,0.0,0.0,0.0,0.0,0.0
191942930517330601,0.0,0.0,0.0,0.0,0.0
192042930472522002,0.0,0.0,0.0,0.0,0.0
192442930528707601,0.0,0.0,0.0,0.0,0.0
192542930545880701,0.0,0.0,0.0,0.0,0.0
192642930462426001,0.0,0.0,0.0,0.0,0.0
192642930466614901,0.0,0.0,0.0,0.0,0.0
192642930517070502,1.2169811725616455,37.38943326271186,907.9878934624697,74.20748138427734,3963.280027611204
193142928888081701,3.8333332538604736,6.824061438622028,53.185589519650655,17.106252670288086,122.83310293376243
193142930516186502,0.0,0.0,0.0,0.0,0.0
193242929947863901,0.0,0.0,0.0,0.0,0.0
193242930529969302,0.0,0.0,0.0,0.0,0.0
193442930518696401,0.0,0.0,0.0,0.0,0.0
193842928176142301,0.0,0.0,0.0,0.0,0.0
193842930534095702,0.0,0.0,0.0,0.0,0.0
193942930458399401,0.0,0.0,0.0,0.0,0.0
194042929309310102,0.0,0.0,0.0,0.0,0.0
194242929166198701,0.0,0.0,0.0,0.0,0.0
194242930531402601,0.0,0.0,0.0,0.0,0.0
194342930525935501,0.0,0.0,0.0,0.0,0.0
194542930544892701,0.0,0.0,0.0,0.0,0.0
194642930461157702,0.0,0.0,0.0,0.0,0.0
194642930462519702,0.0,0.0,0.0,0.0,0.0
194642930545150301,0.0,0.0,0.0,0.0,0.0
194642930546396201,0.0,0.0,0.0,0.0,0.0
194742930533156002,0.0,0.0,0.0,0.0,0.0
194742930548711401,0.0,0.0,0.0,0.0,0.0
194842930528510301,0.0,0.0,0.0,0.0,0.0
194842930532490002,0.0,0.0,0.0,0.0,0.0
195142930450872301,3.9749999046325684,7.901971529685189,127.97464610183816,107.02521514892578,632.157737491752
195142930540612502,0.0,0.0,0.0,0.0,0.0
195342928779164901,0.0,0.0,0.0,0.0,0.0
195442930454031802,0.0,0.0,0.0,0.0,0.0
195742929321180801,0.0,0.0,0.0,0.0,0.0
195742929476628902,0.0,0.0,0.0,0.0,0.0
195742930478077902,0.0,0.0,0.0,0.0,0.0
195942930456866702,0.0,0.0,0.0,0.0,0.0
195942930473561901,0.0,0.0,0.0,0.0,0.0
195942930532109202,0.0,0.0,0.0,0.0,0.0
196042930540599302,6.583333492279053,13.570355828711604,199.00455062571103,49.549713134765625,488.53282733826103
196242930528428102,0.0,0.0,0.0,0.0,0.0
196242930528957301,0.0,0.0,0.0,0.0,0.0
196442930527100201,0.0,0.0,0.0,0.0,0.0
196542930536473202,0.0,0.0,0.0,0.0,0.0
196642930516978601,0.0,0.0,0.0,0.0,0.0
196842930540591201,0.0,0.0,0.0,0.0,0.0
196942929885937002,4.599999904632568,45.168107073300284,249.61473087818698,42.45762634277344,677.5216171869813
197142928135571602,0.0,0.0,0.0,0.0,0.0
197142930526756002,0.0,0.0,0.0,0.0,0.0
197142930529403302,2.118279457092285,11.035498312394525,305.5683480217514,56.483642578125,1026.3013149585506
197242930518932201,0.0,0.0,0.0,0.0,0.0
197342930455782501,0.0,0.0,0.0,0.0,0.0
197342930462733702,0.0,94.813236587511,94.8131926121372,4.228775501251221,94.813236587511
197542929575341802,0.0,0.0,0.0,0.0,0.0
197642930528232101,0.0,0.0,0.0,0.0,0.0
197742930548902501,0.0,0.0,0.0,0.0,0.0
197942929165986602,0.0,0.0,0.0,0.0,0.0
197942930508734101,0.0,0.0,0.0,0.0,0.0
197942930541585801,0.0,0.0,0.0,0.0,0.0
198142930550292001,0.0,0.0,0.0,0.0,0.0
198542930542434002,0.0,0.0,0.0,0.0,0.0
198742930458981302,0.0,0.0,0.0,0.0,0.0
198942930550515102,0.0,0.0,0.0,0.0,0.0
199042930461844201,0.0,0.0,0.0,0.0,0.0
199042930548544802,0.0,0.0,0.0,0.0,0.0
199142930541839502,0.0,0.0,0.0,0.0,0.0
199242930451638001,0.0,0.0,0.0,0.0,0.0
199242930462005002,0.0,0.0,0.0,0.0,0.0
199542930509304402,0.0,0.0,0.0,0.0,0.0
199542930510230901,3.8333332538604736,10.965149452364926,185.89145199779722,79.07097625732422,986.8634085861493
199642930454548302,0.0,0.0,0.0,0.0,0.0
199742930449773702,0.0,0.0,0.0,0.0,0.0
199842929126793302,0.0,0.0,0.0,0.0,0.0
199942930530867601,0.0,0.0,0.0,0.0,0.0
201242930477969001,0.0,0.0,0.0,0.0,0.0
201442930467818102,0.0,0.0,0.0,0.0,0.0
201542929584070601,0.0,0.0,0.0,0.0,0.0
201542930518523202,0.0,0.0,0.0,0.0,0.0
201842927928402701,0.0,0.0,0.0,0.0,0.0
201942930541697001,0.0,0.0,0.0,0.0,0.0
202142930527320702,0.0,0.0,0.0,0.0,0.0
202442930546098002,0.0,0.0,0.0,0.0,0.0
202542927928301302,0.0,0.0,0.0,0.0,0.0
202542930519452201,3.4078948497772217,28.297313669786096,262.6470588235294,103.87825775146484,2150.5959338835855
202642928676362302,0.0,0.0,0.0,0.0,0.0
202642930461705002,0.0,0.0,0.0,0.0,0.0
202642930475655402,0.0,0.0,0.0,0.0,0.0
202742928043675701,0.0,0.0,0.0,0.0,0.0
202842928570580602,0.0,0.0,0.0,0.0,0.0
203042930545739702,0.0,0.0,0.0,0.0,0.0
203442930479279901,0.0,0.0,0.0,0.0,0.0
203542930446366902,0.0,0.0,0.0,0.0,0.0
203542930476118802,0.0,0.0,0.0,0.0,0.0
203642930519858202,0.0,0.0,0.0,0.0,0.0
203742930456700602,0.0,0.0,0.0,0.0,0.0
203842930508275702,0.0,0.0,0.0,0.0,0.0
203842930509485801,0.0,0.0,0.0,0.0,0.0
203842930547535202,0.0,0.0,0.0,0.0,0.0
203942928119349601,0.0,0.0,0.0,0.0,0.0
204042928042145401,0.0,0.0,0.0,0.0,0.0
204042930475363702,0.0,0.0,0.0,0.0,0.0
204042930542899602,0.0,0.0,0.0,0.0,0.0
204342930461193302,0.0,0.0,0.0,0.0,0.0
204542930457014502,6.333333492279053,21.28458523220486,115.92222222222222,16.29787254333496,191.56126166449653
204542930524947501,0.0,0.0,0.0,0.0,0.0
204642930475134001,0.0,0.0,0.0,0.0,0.0
204842930342747201,0.0,0.0,0.0,0.0,0.0
204842930388638301,0.0,0.0,0.0,0.0,0.0
204842930534921901,0.0,0.0,0.0,0.0,0.0
205042930456457801,0.0,0.0,0.0,0.0,0.0
205042930531009601,0.0,0.0,0.0,0.0,0.0
205142930518281701,0.0,0.0,0.0,0.0,0.0
205242930462843402,3.3181817531585693,6.800768965024302,46.50223958829696,15.471864700317383,149.6169104947383
205242930471668002,0.0,0.0,0.0,0.0,0.0
205242930533677402,0.0,0.0,0.0,0.0,0.0
205242930549818802,0.0,0.0,0.0,0.0,0.0
205342930534423002,0.0,0.0,0.0,0.0,0.0
205342930549076202,4.877192974090576,9.331224207933973,144.8359957401491,57.72951889038086,531.8797607096874
205442930451140102,4.65217399597168,18.23812641118916,327.8038133467135,60.131813049316406,838.9538092338075
205442930526065202,0.0,0.0,0.0,0.0,0.0
205642930474298101,1.8769230842590332,16.948011534227383,369.73458767013614,83.32081604003906,1101.620738175509
205842928288536202,0.0,0.0,0.0,0.0,0.0
205842928932735101,4.199999809265137,13.048535289530124,55.735620978748294,10.766158103942871,130.48534900399764
205842930534884102,0.0,0.0,0.0,0.0,0.0
205942930459277902,0.0,0.0,0.0,0.0,0.0
206142930464701102,0.0,0.0,0.0,0.0,0.0
206242929321374401,0.0,0.0,0.0,0.0,0.0
206242929476530502,0.0,0.0,0.0,0.0,0.0
206242930461224402,0.0,0.0,0.0,0.0,0.0
206242930528713001,0.0,0.0,0.0,0.0,0.0
206242930529600601,0.0,0.0,0.0,0.0,0.0
206442930526147401,0.0,0.0,0.0,0.0,0.0
206542930541423001,0.0,0.0,0.0,0.0,0.0
206742929927339802,0.0,0.0,0.0,0.0,0.0
206842930463599601,0.0,0.0,0.0,0.0,0.0
206842930517947502,0.0,0.0,0.0,0.0,0.0
207142930449579901,0.0,0.0,0.0,0.0,0.0
207142930510244802,0.0,0.0,0.0,0.0,0.0
207442930507714902,0.0,0.0,0.0,0.0,0.0
207542929839789102,0.0,0.0,0.0,0.0,0.0
207742930475609901,0.0,0.0,0.0,0.0,0.0
207742930533085401,0.0,0.0,0.0,0.0,0.0
208042930515529002,0.0,0.0,0.0,0.0,0.0
208042930528313102,0.0,0.0,0.0,0.0,0.0
208042930542384402,0.0,0.0,0.0,0.0,0.0
208142930527700802,0.0,0.0,0.0,0.0,0.0
208342930460922602,0.0,0.0,0.0,0.0,0.0
208442930509150801,0.0,0.0,0.0,0.0,0.0
208442930533643502,0.0,0.0,0.0,0.0,0.0
208542930454276302,3.151515245437622,21.318473193473192,105.06696333969062,59.58250045776367,703.5096042129442
208642930448971302,0.0,0.0,0.0,0.0,0.0
208742930459881901,0.0,0.0,0.0,0.0,0.0
208742930526452502,0.0,0.0,0.0,0.0,0.0
209142930342804001,0.0,0.0,0.0,0.0,0.0
209242930452690302,0.0,0.0,0.0,0.0,0.0
209342930470808201,0.0,0.0,0.0,0.0,0.0
209642930542527302,0.0,0.0,0.0,0.0,0.0
209742930473717902,3.2952380180358887,10.44354404812306,265.61106406999716,78.93386840820312,1096.5721806357415
209742930516270101,0.0,0.0,0.0,0.0,0.0
209942930547042502,0.0,0.0,0.0,0.0,0.0
211142930550015701,7.0,36.13265129709928,141.14114832535884,10.762910842895508,216.7959101188696
211242930465105802,0.0,19.10496617392142,0.0,66.17793273925781,1337.3476327975468
211542929160935901,0.0,0.0,0.0,0.0,0.0
211642928614409302,0.0,0.0,0.0,0.0,0.0
211642930452905601,0.0,0.0,0.0,0.0,0.0
211642930463091102,0.0,0.0,0.0,0.0,0.0
211642930542496201,0.0,0.0,0.0,0.0,0.0
211742929160847802,0.0,0.0,0.0,0.0,0.0
211742930289750601,0.0,0.0,0.0,0.0,0.0
211742930471091801,0.0,0.0,0.0,0.0,0.0
212042928921270801,0.0,0.0,0.0,0.0,0.0
212342930448223102,0.0,0.0,0.0,0.0,0.0
212442930454093601,0.0,0.0,0.0,0.0,0.0
212542930461335402,0.0,0.0,0.0,0.0,0.0
212642930477761102,5.125,12.735403851530826,79.52299734377185,13.208020210266113,101.88322801348647
212842928258040302,0.0,0.0,0.0,0.0,0.0
213042930479540402,0.0,0.0,0.0,0.0,0.0
213042930480513401,0.0,0.0,0.0,0.0,0.0
213342930450456101,0.0,0.0,0.0,0.0,0.0
213342930472590701,0.0,0.0,0.0,0.0,0.0
213442930525710701,0.0,0.0,0.0,0.0,0.0
213542930520818802,0.0,0.0,0.0,0.0,0.0
213642930525015001,0.0,0.0,0.0,0.0,0.0
213642930529319202,0.0,0.0,0.0,0.0,0.0
213742930448749601,0.0,0.0,0.0,0.0,0.0
213942930527571901,2.9318182468414307,6.815674514654986,64.29591174561973,85.82366943359375,599.7793552737305
213942930549045802,0.9523809552192688,9.119753235535255,49.75732021550714,90.75123596191406,766.0592542922197
214042930461938401,0.0,0.0,0.0,0.0,0.0
214042930533285602,3.6666667461395264,10.665986558236876,49.17279867713931,6.669755935668945,63.99591874386368
214242930476777102,0.0,0.0,0.0,0.0,0.0
214342930528543402,4.121951103210449,7.678835240261521,121.87637161667885,67.9090347290039,629.664499131449
214542930463014801,0.0,0.0,0.0,0.0,0.0
214642930541063701,0.0,0.0,0.0,0.0,0.0
214742930464176902,0.0,0.0,0.0,0.0,0.0
214742930518803202,0.0,0.0,0.0,0.0,0.0
214742930529008801,0.0,0.0,0.0,0.0,0.0
214942929249151201,3.488095283508301,5.5105561646456325,90.19331292677184,59.9952392578125,462.8867091750829
214942930521792701,0.0,0.0,0.0,0.0,0.0
214942930539115801,1.600000023841858,5.840001517765849,32.75835037491479,30.096294403076172,146.00004453860583
215242930508075102,0.0,0.0,0.0,0.0,0.0
215242930532660101,0.0,0.0,0.0,0.0,0.0
215342930457772202,2.200000047683716,14.283693026293962,54.56469807564698,2.840141534805298,71.41846772354015
215342930535908602,0.0,0.0,0.0,0.0,0.0
215642930509549502,0.0,0.0,0.0,0.0,0.0
215742930515530701,0.0,0.0,0.0,0.0,0.0
215842928087914902,0.0,0.0,0.0,0.0,0.0
215842930474952702,0.0,0.0,0.0,0.0,0.0
215942930472937802,0.0,0.0,0.0,0.0,0.0
215942930534226501,0.0,0.0,0.0,0.0,0.0
216042930517885901,0.0,0.0,0.0,0.0,0.0
216042930525548201,0.0,0.0,0.0,0.0,0.0
216042930549546702,0.0,0.0,0.0,0.0,0.0
216142930529762501,0.0,0.0,0.0,0.0,0.0
216142930533879302,0.0,0.0,0.0,0.0,0.0
216242930462445402,0.0,0.0,0.0,0.0,0.0
216242930539128802,0.0,0.0,0.0,0.0,0.0
216342930464379001,0.0,0.0,0.0,0.0,0.0
216542930527751801,0.0,0.0,0.0,0.0,0.0
216742930473831902,0.0,0.0,0.0,0.0,0.0
216742930527214301,0.0,0.0,0.0,0.0,0.0
217142928739711201,0.0,0.0,0.0,0.0,0.0
217142930464930701,0.0,0.0,0.0,0.0,0.0
217242930462792202,0.0,0.0,0.0,0.0,0.0
217242930523998102,0.0,0.0,0.0,0.0,0.0
217342930452353601,0.0,0.0,0.0,0.0,0.0
217342930461880202,0.0,0.0,0.0,0.0,0.0
217342930474375302,0.0,0.0,0.0,0.0,0.0
217442930510769402,0.0,0.0,0.0,0.0,0.0
217642930478744201,0.0,0.0,0.0,0.0,0.0
217742930478248501,0.0,0.0,0.0,0.0,0.0
217842930542664701,3.60606050491333,5.110549714154385,79.52894366399494,44.078304290771484,337.2962716051723
218142930548310601,0.0,0.0,0.0,0.0,0.0
218442927995017401,0.0,0.0,0.0,0.0,0.0
218542930447738002,0.0,0.0,0.0,0.0,0.0
218642930516546502,0.0,0.0,0.0,0.0,0.0
218742928694273101,0.0,0.0,0.0,0.0,0.0
218842929013215201,0.0,0.0,0.0,0.0,0.0
218942930515688402,0.0,0.0,0.0,0.0,0.0
219142930460880402,0.0,0.0,0.0,0.0,0.0
219142930540645401,0.0,0.0,0.0,0.0,0.0
219342930184422702,0.0,0.0,0.0,0.0,0.0
219342930461496201,0.0,0.0,0.0,0.0,0.0
219342930479864602,0.0,0.0,0.0,0.0,0.0
219642930519637602,0.0,0.0,0.0,0.0,0.0
219742930532576901,0.0,0.0,0.0,0.0,0.0
219742930533665601,2.642857074737549,2.8870817653795813,22.61193717277487,6.589108943939209,40.41914474726971
219842930546832202,0.0,0.0,0.0,0.0,0.0
219942930478109202,0.0,0.0,0.0,0.0,0.0
219942930526327501,0.0,0.0,0.0,0.0,0.0
221142930546480202,0.0,0.0,0.0,0.0,0.0
221242930525006201,0.0,0.0,0.0,0.0,0.0
221542930460197101,1.4788732528686523,9.907755295502092,703.4502092050209,57.24589538574219,703.4506364606913
221542930530640802,3.6808509826660156,7.301684035286909,164.02652825836216,89.56957244873047,686.3582823966751
221542930541745402,0.0,0.0,0.0,0.0,0.0
221642930455184701,0.0,0.0,0.0,0.0,0.0
221642930525763302,0.0,0.0,0.0,0.0,0.0
221742930526945402,0.0,0.0,0.0,0.0,0.0
221742930548772001,0.0,0.0,0.0,0.0,0.0
221842930543068801,0.0,0.0,0.0,0.0,0.0
221842930548629802,0.0,0.0,0.0,0.0,0.0
222242930544009002,0.0,0.0,0.0,0.0,0.0
222342930530148102,0.0,0.0,0.0,0.0,0.0
222442930529814102,0.0,0.0,0.0,0.0,0.0
222542930509430901,0.0,0.0,0.0,0.0,0.0
222542930542764902,0.0,0.0,0.0,0.0,0.0
222642930457658001,0.0,0.0,0.0,0.0,0.0
222742930520958001,3.0,14.915547278273111,32.586579070858754,7.064488410949707,59.66218991953126
222842930519131302,3.4606740474700928,17.60382065850816,263.14219114219117,200.68295288085938,1566.7400387835855
222942930524801801,0.0,0.0,0.0,0.0,0.0
223042930446533101,0.0,0.0,0.0,0.0,0.0
223142930524586801,0.0,0.0,0.0,0.0,0.0
223242929687182701,0.0,0.0,0.0,0.0,0.0
223242930515474901,0.0,0.0,0.0,0.0,0.0
223242930522271402,0.0,0.0,0.0,0.0,0.0
223542930509711401,0.0,0.0,0.0,0.0,0.0
223542930524943702,3.7826087474823,14.590468330617332,108.95168711656441,18.909870147705078,335.5807770337064
223742929259310802,3.0,5.742971449042085,33.75293132328308,6.2536725997924805,51.68674155575546
223942930510424802,0.0,0.0,0.0,0.0,0.0
224042928592854201,0.0,0.0,0.0,0.0,0.0
224042930519163101,0.0,0.0,0.0,0.0,0.0
224242930455491302,0.0,0.0,0.0,0.0,0.0
224342928021699402,5.069767475128174,14.648767802203256,76.02818578801111,90.46952819824219,629.8970221579666
224342930465361801,0.0,0.0,0.0,0.0,0.0
224442930059407701,0.0,0.0,0.0,0.0,0.0
224442930465045101,0.0,0.0,0.0,0.0,0.0
224542930521392801,0.0,0.0,0.0,0.0,0.0
224542930535872302,0.0,0.0,0.0,0.0,0.0
224942930459667401,0.0,0.0,0.0,0.0,0.0
225042929800207601,0.0,0.0,0.0,0.0,0.0
225442930536192201,0.0,0.0,0.0,0.0,0.0
225542930526813002,0.0,0.0,0.0,0.0,0.0
225642928823251301,0.0,0.0,0.0,0.0,0.0
225742930542785202,0.0,0.0,0.0,0.0,0.0
225942930518197202,0.0,0.0,0.0,0.0,0.0
226142930510564702,0.0,0.0,0.0,0.0,0.0
226242930530711402,0.0,0.0,0.0,0.0,0.0
226442930530900801,0.0,0.0,0.0,0.0,0.0
226542930518849501,4.027027130126953,8.91772685978492,90.59182226424014,39.771175384521484,329.9559104971727
226642930455066701,0.0,0.0,0.0,0.0,0.0
226642930474481301,0.0,0.0,0.0,0.0,0.0
226642930541254802,0.0,0.0,0.0,0.0,0.0
226942930525434501,0.0,0.0,0.0,0.0,0.0
227042927979772501,0.0,0.0,0.0,0.0,0.0
227042929704188102,0.0,0.0,0.0,0.0,0.0
227042930459882702,0.0,0.0,0.0,0.0,0.0
227142930477466802,0.0,0.0,0.0,0.0,0.0
227242929127079502,0.0,0.0,0.0,0.0,0.0
227342929501640302,4.0535712242126465,6.573738713649155,108.4865540963102,52.75587844848633,368.1293532244484
227442930456397101,0.0,0.0,0.0,0.0,0.0
227442930476092802,0.0,0.0,0.0,0.0,0.0
227442930537540601,0.0,0.0,0.0,0.0,0.0
227542930142494701,0.0,0.0,0.0,0.0,0.0
227742929321159702,0.0,0.0,0.0,0.0,0.0
227742930541985201,0.0,0.0,0.0,0.0,0.0
227842930515700502,0.0,0.0,0.0,0.0,0.0
228042930508088301,0.0,0.0,0.0,0.0,0.0
228042930509501002,0.0,0.0,0.0,0.0,0.0
228442930532044401,0.0,0.0,0.0,0.0,0.0
228442930535190902,0.0,0.0,0.0,0.0,0.0
228542930474401902,0.0,0.0,0.0,0.0,0.0
228742929800041902,0.0,0.0,0.0,0.0,0.0
228742930458562502,0.0,0.0,0.0,0.0,0.0
228842930530653801,0.0,0.0,0.0,0.0,0.0
228942930461646102,0.0,0.0,0.0,0.0,0.0
229142930460413102,0.0,0.0,0.0,0.0,0.0
229242929765863102,0.0,0.0,0.0,0.0,0.0
229242930464650702,0.0,0.0,0.0,0.0,0.0
229342930448175602,0.0,0.0,0.0,0.0,0.0
229542930477542801,0.0,0.0,0.0,0.0,0.0
229842928130723801,0.0,0.0,0.0,0.0,0.0
229842930473204002,4.7272725105285645,18.623041093102426,74.96447602131438,16.157188415527344,204.85345780602427
229942929839807701,0.0,0.0,0.0,0.0,0.0
231142929604407702,0.0,0.0,0.0,0.0,0.0
231242930518258301,0.0,0.0,0.0,0.0,0.0
231442930468593002,0.0,0.0,0.0,0.0,0.0
231442930518389502,0.0,0.0,0.0,0.0,0.0
231542930471698101,0.0,0.0,0.0,0.0,0.0
231542930515932502,0.0,0.0,0.0,0.0,0.0
231542930531937402,0.0,0.0,0.0,0.0,0.0
231742930475459301,0.0,0.0,0.0,0.0,0.0
231942930516452801,0.0,1.733423089868731,0.0,0.2630070745944977,1.733423089868731
231942930527300101,0.0,0.0,0.0,0.0,0.0
232042930546849802,0.0,0.0,0.0,0.0,0.0
232342930480521002,0.0,0.0,0.0,0.0,0.0
232442930455043601,0.0,0.0,0.0,0.0,0.0
232442930532909002,0.0,0.0,0.0,0.0,0.0
232542930522580802,0.0,0.0,0.0,0.0,0.0
232542930530980201,3.4000000953674316,5.296159895957726,49.31263434439933,9.250408172607422,79.44240083368746
232742930531694702,0.0,0.0,0.0,0.0,0.0
232942930545939201,3.730769157409668,10.104037821771378,126.33123909249564,19.10329818725586,262.7049807670021
233042930530581602,0.0,0.0,0.0,0.0,0.0
233142930519507601,0.0,0.0,0.0,0.0,0.0
233142930545192801,0.0,0.0,0.0,0.0,0.0
233142930548538502,0.0,0.0,0.0,0.0,0.0
233242930448797601,0.0,0.0,0.0,0.0,0.0
233342930543064402,0.0,0.0,0.0,0.0,0.0
233442930516186401,0.0,0.0,0.0,0.0,0.0
233442930543210202,0.0,0.0,0.0,0.0,0.0
233542930464095302,0.0,0.0,0.0,0.0,0.0
233542930475867401,0.0,0.0,0.0,0.0,0.0
233742930548685602,0.0,0.0,0.0,0.0,0.0
233842930530354701,0.0,0.0,0.0,0.0,0.0
234042930476811801,0.0,0.0,0.0,0.0,0.0
234042930480240401,0.0,0.0,0.0,0.0,0.0
234042930480645902,3.6235294342041016,10.464150283136082,205.087959349464,0.0,889.452761631355
234142930463876201,0.0,0.0,0.0,0.0,0.0
234142930516208801,0.0,0.0,0.0,0.0,0.0
234342930459315401,0.0,0.0,0.0,0.0,0.0
234342930534636802,0.0,0.0,0.0,0.0,0.0
234442930519488502,2.3333332538604736,12.582309788445016,37.74684994272623,3.5178112983703613,37.74693032665624
234942930447392501,0.0,0.0,0.0,0.0,0.0
234942930528080102,0.0,0.0,0.0,0.0,0.0
235042928235935102,0.0,0.0,0.0,0.0,0.0
235042930459852101,0.0,0.0,0.0,0.0,0.0
235142930524357902,0.0,0.0,0.0,0.0,0.0
235142930532587302,0.0,0.0,0.0,0.0,0.0
235142930547606802,0.0,0.0,0.0,0.0,0.0
235442929488789901,0.0,0.0,0.0,0.0,0.0
235442930544367302,0.0,0.0,0.0,0.0,0.0
235542930546451802,0.0,0.0,0.0,0.0,0.0
235642930220797901,0.0,0.0,0.0,0.0,0.0
235642930469364202,0.0,0.0,0.0,0.0,0.0
235642930479363401,0.0,0.0,0.0,0.0,0.0
235642930522798702,3.7738094329833984,5.991257970889606,81.32221978504057,60.027984619140625,503.2656733262723
235842929839691602,0.0,0.0,0.0,0.0,0.0
235942930455679801,0.0,0.0,0.0,0.0,0.0
236042930457786301,0.0,0.0,0.0,0.0,0.0
236042930547778101,3.5238094329833984,5.042626258886256,47.008855076078824,14.188547134399414,105.89515249091035
236142930544684002,0.0,0.0,0.0,0.0,0.0
236242930471200901,0.0,0.0,0.0,0.0,0.0
236242930474371601,0.0,0.0,0.0,0.0,0.0
236342930546254302,0.0,0.0,0.0,0.0,0.0
236442930449556802,0.0,0.0,0.0,0.0,0.0
236642930530457701,0.0,0.0,0.0,0.0,0.0
236642930543830802,0.0,0.0,0.0,0.0,0.0
236742930543645202,0.0,0.0,0.0,0.0,0.0
237142930537923602,0.0,0.0,0.0,0.0,0.0
237142930541491901,0.0,0.0,0.0,0.0,0.0
237442928235852702,0.0,0.0,0.0,0.0,0.0
237642930510191802,0.0,0.0,0.0,0.0,0.0
237642930536276402,0.0,0.0,0.0,0.0,0.0
237742930540437102,0.0,0.0,0.0,0.0,0.0
237742930543536302,0.0,0.0,0.0,0.0,0.0
238042929765913402,0.0,0.0,0.0,0.0,0.0
238042930508527402,0.0,0.0,0.0,0.0,0.0
238142930518014401,0.0,0.0,0.0,0.0,0.0
238242930459729901,1.4943820238113403,18.79323312327348,160.79189686924494,104.73389434814453,1672.5977183073264
238242930479484202,0.0,0.0,0.0,0.0,0.0
238342930549815502,0.0,0.0,0.0,0.0,0.0
238442930451793002,0.0,0.0,0.0,0.0,0.0
238742930478203001,0.0,0.0,0.0,0.0,0.0
238742930547727901,0.0,0.0,0.0,0.0,0.0
239242930462518401,0.0,0.0,0.0,0.0,0.0
239242930463967601,0.0,0.0,0.0,0.0,0.0
239242930528882101,0.0,0.0,0.0,0.0,0.0
239242930549135202,0.0,0.0,0.0,0.0,0.0
239342930518492102,0.0,0.0,0.0,0.0,0.0
239442929921990602,0.0,0.0,0.0,0.0,0.0
239442930531431601,0.0,0.0,0.0,0.0,0.0
239542930541650302,0.0,0.0,0.0,0.0,0.0
239842930456653101,0.0,0.0,0.0,0.0,0.0
239842930527482101,0.0,0.0,0.0,0.0,0.0
239942930455010102,0.0,0.0,0.0,0.0,0.0
239942930541439502,0.0,0.0,0.0,0.0,0.0
241142928603062201,0.0,0.0,0.0,0.0,0.0
241142928726332101,0.0,0.0,0.0,0.0,0.0
241142930465417902,0.0,0.0,0.0,0.0,0.0
241142930524075202,0.0,0.0,0.0,0.0,0.0
241242930534408101,0.0,0.0,0.0,0.0,0.0
241442930516032402,0.0,0.0,0.0,0.0,0.0
241442930528886802,0.0,0.0,0.0,0.0,0.0
241542930547557702,0.0,0.0,0.0,0.0,0.0
241742930474208501,2.8113207817077637,6.345055016897328,57.19456066945607,36.484100341796875,336.28793220033515
241842930515814201,0.0,0.0,0.0,0.0,0.0
241942930509935501,0.0,0.0,0.0,0.0,0.0
241942930548691901,16.0,4.803564861728557,24.01255230125523,0.7123674154281616,24.017823805868876
242242930528340102,0.0,0.0,0.0,0.0,0.0
242342930522564602,0.0,0.0,0.0,0.0,0.0
242542928159125602,0.0,0.0,0.0,0.0,0.0
242942930508408802,0.0,0.0,0.0,0.0,0.0
242942930520106201,0.0,0.0,0.0,0.0,0.0
243042930316903701,0.0,0.0,0.0,0.0,0.0
243142930454432801,0.0,0.0,0.0,0.0,0.0
243342930517752501,0.0,0.0,0.0,0.0,0.0
243342930544502102,0.0,0.0,0.0,0.0,0.0
243442930475280302,0.0,0.0,0.0,0.0,0.0
243442930550673002,0.0,0.0,0.0,0.0,0.0
243542930453927802,2.951923131942749,6.026015774651099,83.10407735109003,64.68537902832031,626.7056608888166
243642930459961602,3.02439022064209,12.875352869423791,310.3434944237918,30.982934951782227,527.8894841417504
243642930510568001,0.0,0.0,0.0,0.0,0.0
243742930531152501,0.0,0.0,0.0,0.0,0.0
243842930460171001,0.0,0.0,0.0,0.0,0.0
244042930472452202,0.0,0.0,0.0,0.0,0.0
244042930544339501,0.0,0.0,0.0,0.0,0.0
244142930476425802,0.0,0.0,0.0,0.0,0.0
244242929462816302,0.0,0.0,0.0,0.0,0.0
244342929341449002,6.481481552124023,23.0790341203384,331.31491712707185,86.22936248779297,1246.2678993920595
244342929801781202,0.0,0.0,0.0,0.0,0.0
244342930459751502,0.0,0.0,0.0,0.0,0.0
244342930460159502,0.0,0.0,0.0,0.0,0.0
244342930474676602,0.0,0.0,0.0,0.0,0.0
244342930520360501,0.0,0.0,0.0,0.0,0.0
244442930459439302,0.0,0.0,0.0,0.0,0.0
244442930462294302,0.0,0.0,0.0,0.0,0.0
244442930524266402,0.0,0.0,0.0,0.0,0.0
244542930518141302,2.6666667461395264,3.922715292415078,26.730938416422287,3.675417184829712,35.304438315994695
244742928663965702,0.0,0.0,0.0,0.0,0.0
244742930523922102,0.0,0.0,0.0,0.0,0.0
244742930529662601,0.0,0.0,0.0,0.0,0.0
244842928789946301,0.0,0.0,0.0,0.0,0.0
244842930462669801,0.0,0.0,0.0,0.0,0.0
244942930458206101,0.0,0.0,0.0,0.0,0.0
244942930480466202,0.0,0.0,0.0,0.0,0.0
245042930448990901,0.0,0.0,0.0,0.0,0.0
245642930524900701,0.0,0.0,0.0,0.0,0.0
245942930459583802,3.9529411792755127,8.678795848809726,163.25139287523214,61.46235656738281,737.6976322893474
245942930474260601,0.0,0.0,0.0,0.0,0.0
246042930508095402,0.0,0.0,0.0,0.0,0.0
246042930546071401,1.5,5.451381456906392,9.22283105022831,1.6249819993972778,10.902762913812785
246142930548556802,2.5999999046325684,18.58362498288609,43.97261774370208,6.533419609069824,92.91812090335775
246242930453999001,0.0,0.0,0.0,0.0,0.0
246642929820806302,0.0,0.0,0.0,0.0,0.0
246842930535479401,0.0,0.0,0.0,0.0,0.0
246942930453237002,0.0,0.0,0.0,0.0,0.0
246942930525049001,0.0,0.0,0.0,0.0,0.0
247042930471770102,0.0,0.0,0.0,0.0,0.0
247042930477042902,0.0,0.0,0.0,0.0,0.0
247042930548138301,0.0,0.0,0.0,0.0,0.0
247142928726194001,1.7234042882919312,6.231770553194923,85.35864888123925,71.75126647949219,585.7864274665483
247142930521840402,2.2388060092926025,6.79584613818128,455.32322274881517,55.1684455871582,455.32168964187116
247142930527309001,0.0,0.0,0.0,0.0,0.0
247442930516618101,0.0,0.0,0.0,0.0,0.0
247542930455305002,0.0,0.0,0.0,0.0,0.0
247542930525796802,0.0,0.0,0.0,0.0,0.0
247642930515817802,0.0,0.0,0.0,0.0,0.0
247642930526681902,0.0,0.0,0.0,0.0,0.0
247842930455165602,0.8815789222717285,8.405878539521503,45.071471835251366,79.59226989746094,638.8467495489092
247842930531104201,0.0,0.0,0.0,0.0,0.0
247942930516274002,0.0,0.0,0.0,0.0,0.0
248142930538291001,0.0,0.0,0.0,0.0,0.0
248242930509840102,0.0,0.0,0.0,0.0,0.0
248442930477943401,0.0,0.0,0.0,0.0,0.0
248442930530739201,0.0,9.134778906809235,25.73228346456693,33.587860107421875,383.66071119697585
248842930460261002,0.0,0.0,0.0,0.0,0.0
248842930476112602,0.0,0.0,0.0,0.0,0.0
248942930464579101,0.0,0.0,0.0,0.0,0.0
249142930461593201,0.0,0.0,0.0,0.0,0.0
249242930518300002,0.0,0.0,0.0,0.0,0.0
249342930507773402,0.0,0.0,0.0,0.0,0.0
249542930530366302,0.0,6.911368482940051,0.0,8.456574440002441,69.11368426887357
249642930527520802,0.0,0.0,0.0,0.0,0.0
249642930539463702,0.0,0.0,0.0,0.0,0.0
249842929000335401,0.0,0.0,0.0,0.0,0.0
249842930519587202,0.0,0.0,0.0,0.0,0.0
249942930532822402,0.0,0.0,0.0,0.0,0.0
251242930474606902,2.0,13.198969350961539,35.34461538461539,4.591029644012451,52.79587608924279
251342928108622702,0.0,0.0,0.0,0.0,0.0
251342930012280301,0.0,0.0,0.0,0.0,0.0
251342930517654102,0.0,0.0,0.0,0.0,0.0
251442930476629802,0.0,0.0,0.0,0.0,0.0
251542930535989801,0.0,0.0,0.0,0.0,0.0
251642930546482101,2.555555582046509,10.175610532407408,57.788148148148146,13.096254348754883,183.16098526566117
251742930542242702,0.0,0.0,0.0,0.0,0.0
251842930470777901,0.0,0.0,0.0,0.0,0.0
251942930447639201,0.0,0.0,0.0,0.0,0.0
252342930543445002,0.0,0.0,0.0,0.0,0.0
252442928725940202,0.0,0.0,0.0,0.0,0.0
252442930465818002,1.078125,42.95964725378788,213.3090909090909,108.69914245605469,2749.41745670203
252442930528910601,0.0,0.0,0.0,0.0,0.0
252542928683993102,0.0,0.0,0.0,0.0,0.0
252542930480707601,0.0,0.0,0.0,0.0,0.0
252742928030399201,0.0,0.0,0.0,0.0,0.0
252742929118680102,0.0,0.0,0.0,0.0,0.0
252742930449925801,0.0,0.0,0.0,0.0,0.0
252742930454283301,0.0,0.0,0.0,0.0,0.0
252742930548077501,0.0,0.0,0.0,0.0,0.0
252742930549312001,0.0,0.0,0.0,0.0,0.0
252842930457281702,4.102564334869385,19.930846316131127,402.57319052255764,68.13581085205078,1554.605973117114
252842930473606302,0.0,0.0,0.0,0.0,0.0
252842930515912101,0.0,0.0,0.0,0.0,0.0
253042930460311801,0.0,0.0,0.0,0.0,0.0
253342928921105802,0.0,0.0,0.0,0.0,0.0
253342930478229202,2.57608699798584,7.248434922562317,84.60108137829911,76.22338104248047,666.8560118374587
253342930533526902,0.0,0.0,0.0,0.0,0.0
253542930460951801,0.0,0.0,0.0,0.0,0.0
253542930473454802,0.0,0.0,0.0,0.0,0.0
253642930474121701,0.0,0.0,0.0,0.0,0.0
253642930517892002,0.0,0.0,0.0,0.0,0.0
253842930456207201,0.0,0.0,0.0,0.0,0.0
253842930462375002,0.0,0.0,0.0,0.0,0.0
253842930546890301,0.0,0.0,0.0,0.0,0.0
254042930520816602,0.0,0.0,0.0,0.0,0.0
254142930454477502,0.0,0.0,0.0,0.0,0.0
254142930519710602,0.0,0.0,0.0,0.0,0.0
254142930541858601,0.0,0.0,0.0,0.0,0.0
254242930466965302,0.0,0.0,0.0,0.0,0.0
254242930530851801,0.0,0.0,0.0,0.0,0.0
254342930461275701,0.0,0.0,0.0,0.0,0.0
254442930456754501,3.2407407760620117,6.693384722465802,133.93370747106277,87.32090759277344,722.8855244219408
254442930525539801,3.769230842590332,8.418948304419423,26.202205882352942,16.085355758666992,109.44632982740215
254642929249216101,0.0,0.0,0.0,0.0,0.0
254642930549295101,0.0,0.0,0.0,0.0,0.0
255042930547075401,0.0,0.0,0.0,0.0,0.0
255142930436090001,0.0,0.0,0.0,0.0,0.0
255142930463688201,0.0,0.0,0.0,0.0,0.0
255242927945047202,0.0,0.0,0.0,0.0,0.0
255342929021009101,0.0,0.0,0.0,0.0,0.0
255342930449499902,4.230769157409668,22.814854172708817,143.74463457076567,30.90558624267578,296.5930956691296
255442930516645202,0.0,0.0,0.0,0.0,0.0
255642930463932702,0.0,0.0,0.0,0.0,0.0
255742930534123101,2.7058823108673096,4.510561284998673,104.75557324840764,20.797508239746094,153.3590823940917
256042930518170701,0.0,0.0,0.0,0.0,0.0
256142930528386001,0.0,0.0,0.0,0.0,0.0
256242930463635002,0.0,0.0,0.0,0.0,0.0
256242930532496001,0.0,0.0,0.0,0.0,0.0
256342930459586501,0.0,0.0,0.0,0.0,0.0
256442930546114502,2.0,5.713145113814757,13.918759811616955,1.657338261604309,17.13943534144427
256742930518989901,0.0,0.0,0.0,0.0,0.0
256742930523892702,0.0,0.0,0.0,0.0,0.0
256742930528824702,2.5,48.03872220530003,266.1600365519342,0.0,288.2323284724337
256842928043839301,0.0,0.0,0.0,0.0,0.0
257042928210580802,0.0,0.0,0.0,0.0,0.0
257042930459363701,0.7452830076217651,6.669004029865507,34.01305379746835,85.51685333251953,706.9144283656644
257042930460144001,0.0,0.0,0.0,0.0,0.0
257442930527639402,5.1875,12.943910981042336,317.44172025723475,0.0,828.4103251270159
257542930531992402,0.0,0.0,0.0,0.0,0.0
257642930474949601,0.0,0.0,0.0,0.0,0.0
257742930463712801,0.0,0.0,0.0,0.0,0.0
257742930541837301,0.0,0.0,0.0,0.0,0.0
257842930448633102,0.0,0.0,0.0,0.0,0.0
257842930474322902,0.0,0.0,0.0,0.0,0.0
257842930525994302,0.0,0.0,0.0,0.0,0.0
257842930534388801,4.451612949371338,8.937970966312056,85.37777777777778,35.5037727355957,277.0770862371927
258242930521159301,2.53383469581604,6.402324763989282,163.07963609172484,75.72599029541016,851.5091984697495
258242930532428802,0.0,0.0,0.0,0.0,0.0
258342930457933401,0.0,0.0,0.0,0.0,0.0
258542930477109202,0.0,0.0,0.0,0.0,0.0
258542930528680001,0.0,255.21375716104393,255.21387651177594,14.269001007080078,255.21375716104393
258642929800141202,0.0,0.0,0.0,0.0,0.0
258742930449263202,0.0,0.0,0.0,0.0,0.0
258842930524132401,0.0,0.0,0.0,0.0,0.0
258942930455643301,0.0,0.0,0.0,0.0,0.0
259142930428343602,0.0,0.0,0.0,0.0,0.0
259242930521374202,0.0,0.0,0.0,0.0,0.0
259242930526590001,0.0,0.0,0.0,0.0,0.0
259242930542989201,0.0,0.0,0.0,0.0,0.0
259342927979570502,3.222222328186035,5.337678013668976,19.474764967837704,3.7380826473236084,48.03910284783214
259542930549929202,0.0,0.0,0.0,0.0,0.0
259642929034814401,0.0,0.0,0.0,0.0,0.0
259642930546744502,0.0,0.0,0.0,0.0,0.0
259742930544586602,0.0,0.0,0.0,0.0,0.0
259942930526882402,0.0,0.0,0.0,0.0,0.0
261142930455927801,0.0,0.0,0.0,0.0,0.0
261142930526174002,0.0,0.0,0.0,0.0,0.0
261242930519812601,0.0,0.0,0.0,0.0,0.0
261342930550042501,0.0,0.0,0.0,0.0,0.0
261442930531207501,0.0,0.0,0.0,0.0,0.0
261542929903230801,0.0,0.0,0.0,0.0,0.0
261542930527398002,4.5,5.14647555064006,37.73235800344234,10.112908363342285,82.34360563242086
261642930534151601,0.0,0.0,0.0,0.0,0.0
261642930541661902,0.0,0.0,0.0,0.0,0.0
261742928043880601,0.0,0.0,0.0,0.0,0.0
262242930462873701,0.0,0.0,0.0,0.0,0.0
262342930459644301,0.0,0.0,0.0,0.0,0.0
262342930541339301,0.0,0.0,0.0,0.0,0.0
262442930520993002,0.0,0.0,0.0,0.0,0.0
262542930537165501,0.0,0.0,0.0,0.0,0.0
262842930541577902,0.0,0.0,0.0,0.0,0.0
263042930458424401,3.1290323734283447,10.436559051974449,139.9008130081301,21.54764175415039,323.53332565608895
263242930458255702,0.0,0.0,0.0,0.0,0.0
263442930466846301,0.0,0.0,0.0,0.0,0.0
263442930521798901,0.0,0.0,0.0,0.0,0.0
263542930524815602,0.0,0.0,0.0,0.0,0.0
263642930517146502,0.0,0.0,0.0,0.0,0.0
263742930474811502,0.0,0.0,0.0,0.0,0.0
263942930474844501,0.0,0.0,0.0,0.0,0.0
264042930457452702,0.0,0.0,0.0,0.0,0.0
264142928135731901,0.0,0.0,0.0,0.0,0.0
264142929197899901,0.0,0.0,0.0,0.0,0.0
264242930469660601,0.0,0.0,0.0,0.0,0.0
264242930472909102,0.0,0.0,0.0,0.0,0.0
264442930528585602,0.0,0.0,0.0,0.0,0.0
264542929991113002,0.0,0.0,0.0,0.0,0.0
264642930550424401,0.0,0.0,0.0,0.0,0.0
264642930550565001,0.0,0.0,0.0,0.0,0.0
264742928243059901,0.0,0.0,0.0,0.0,0.0
264742929373243501,0.0,0.0,0.0,0.0,0.0
264742930458813402,0.0,0.0,0.0,0.0,0.0
264842930468130001,0.0,0.0,0.0,0.0,0.0
264842930471898001,0.0,0.0,0.0,0.0,0.0
264942930461356002,0.0,0.0,0.0,0.0,0.0
265142930474007702,0.0,0.0,0.0,0.0,0.0
265342930525067001,0.0,0.0,0.0,0.0,0.0
265342930543016301,0.0,0.0,0.0,0.0,0.0
265842929476646701,0.0,0.0,0.0,0.0,0.0
265842930534545802,0.0,0.0,0.0,0.0,0.0
265842930543162202,0.0,0.0,0.0,0.0,0.0
266042930454985302,0.0,0.0,0.0,0.0,0.0
266042930524204401,0.0,0.0,0.0,0.0,0.0
266042930541519002,0.0,0.0,0.0,0.0,0.0
266142928265489802,0.0,0.0,0.0,0.0,0.0
266442930454746502,0.0,0.0,0.0,0.0,0.0
266442930476981601,0.0,0.0,0.0,0.0,0.0
266542930469002501,0.0,0.0,0.0,0.0,0.0
266642930455716702,0.0,0.0,0.0,0.0,0.0
266742930526545901,0.0,0.0,0.0,0.0,0.0
266942930451361702,4.565789699554443,15.157575603624759,187.8188824662813,98.91316223144531,1151.9757259842977
266942930458448002,5.759259223937988,28.127992383025028,370.93362350380846,68.36848449707031,1518.9116097451295
266942930546957102,2.076923131942749,5.255408301198759,107.88045938469277,66.77481842041016,683.2030613135188
267042930522688401,0.0,0.0,0.0,0.0,0.0
267042930528033102,0.0,0.0,0.0,0.0,0.0
267142930451551001,0.0,0.0,0.0,0.0,0.0
267142930480320402,0.0,0.0,0.0,0.0,0.0
267342929197690602,0.0,0.0,0.0,0.0,0.0
267342930470650002,0.0,0.0,0.0,0.0,0.0
267342930528504901,3.2083332538604736,9.16979416677478,171.62221069019202,48.66178512573242,440.15009902039526
267442930449858502,0.0,0.0,0.0,0.0,0.0
267442930519167501,4.7272725105285645,42.56297665550595,218.39880952380952,10.02253532409668,468.19274012247723
267542930528558402,0.0,0.0,0.0,0.0,0.0
267542930536388401,0.0,0.0,0.0,0.0,0.0
267642929269363301,0.0,0.0,0.0,0.0,0.0
267742930530602901,0.0,0.0,0.0,0.0,0.0
268042930458333202,0.0,0.0,0.0,0.0,0.0
268142930316798501,0.0,0.0,0.0,0.0,0.0
268242930476680702,0.0,0.0,0.0,0.0,0.0
268642930459538102,0.0,0.0,0.0,0.0,0.0
268742930518171302,3.0999999046325684,11.477869709645669,74.4251968503937,5.791273593902588,114.7786991189471
268842930465034701,0.0,0.0,0.0,0.0,0.0
268842930547504902,0.0,0.0,0.0,0.0,0.0
268942930468831801,3.7857143878936768,5.820109235980048,27.74386627123214,12.606424331665039,81.48152591379288
269142930517279701,0.0,0.0,0.0,0.0,0.0
269542930465015202,0.0,0.0,0.0,0.0,0.0
269642930464550602,0.0,0.0,0.0,0.0,0.0
269742930448412001,4.3552632331848145,9.127325349869155,128.8996472863807,81.36233520507812,693.6767041454517
269742930461248501,0.0,0.0,0.0,0.0,0.0
269942928130694402,1.0,5.129760224294984,10.259545794858997,1.550618290901184,10.259520448589967
269942929155481702,0.0,0.0,0.0,0.0,0.0
269942930526785002,0.0,0.0,0.0,0.0,0.0
269942930526875602,0.0,0.0,0.0,0.0,0.0
269942930529106301,0.0,0.0,0.0,0.0,0.0
271142930462946402,0.0,0.0,0.0,0.0,0.0
271242928684109501,0.0,0.0,0.0,0.0,0.0
271442930543173501,0.0,0.0,0.0,0.0,0.0
271442930548182901,0.0,0.0,0.0,0.0,0.0
271542928099579202,0.0,0.0,0.0,0.0,0.0
271542930519868601,4.0714287757873535,24.56450806029324,171.24536205864752,25.19573974609375,343.90312803897365
271642930459031202,0.0,0.0,0.0,0.0,0.0
271642930462452902,0.0,0.0,0.0,0.0,0.0
271742930475173801,0.0,0.0,0.0,0.0,0.0
271742930508828202,5.0,7.874803218984963,7.874887218045113,0.6276203393936157,7.874803218984963
271942930459908702,0.0,0.0,0.0,0.0,0.0
272042930519339402,0.0,0.0,0.0,0.0,0.0
272042930529516901,0.0,0.0,0.0,0.0,0.0
272242928845210701,0.0,0.0,0.0,0.0,0.0
272242930476204301,0.0,0.0,0.0,0.0,0.0
272342930526128902,0.0,0.0,0.0,0.0,0.0
272442930461241502,0.6352941393852234,6.0919208858876726,64.44226558781533,57.495018005371094,517.8132820539734
272842930460178202,0.0,0.0,0.0,0.0,0.0
272842930531914801,2.875,10.662740951299448,33.603495860165594,7.871285438537598,85.30193114785175
272942930522697701,0.0,0.0,0.0,0.0,0.0
273042930515730901,0.0,0.0,0.0,0.0,0.0
273042930524748101,0.0,0.0,0.0,0.0,0.0
273142930470689702,0.0,0.0,0.0,0.0,0.0
273142930533768001,0.0,0.0,0.0,0.0,0.0
273442930546731802,0.0,0.0,0.0,0.0,0.0
273542929989589602,0.0,0.0,0.0,0.0,0.0
273542930453669902,0.0,0.0,0.0,0.0,0.0
273542930542605502,0.0,0.0,0.0,0.0,0.0
273642930508767101,0.0,0.0,0.0,0.0,0.0
273642930533961901,0.0,0.0,0.0,0.0,0.0
273742930475146401,0.0,0.0,0.0,0.0,0.0
273842930518582102,0.0,0.0,0.0,0.0,0.0
274042928043842102,0.0,0.0,0.0,0.0,0.0
274042930533205801,2.875,4.9991119920791665,33.571728716698885,10.451369285583496,79.98578986252784
274142930469864701,0.0,0.0,0.0,0.0,0.0
274242930457202402,2.8333332538604736,5.548959290851087,55.79831296636747,33.52162551879883,233.05628464489328
274242930457849201,0.0,0.0,0.0,0.0,0.0
274242930545682101,0.0,0.0,0.0,0.0,0.0
274342930547205401,0.0,0.0,0.0,0.0,0.0
274542930448087501,0.0,0.0,0.0,0.0,0.0
274642930509549001,0.0,0.0,0.0,0.0,0.0
274742930507794401,0.0,0.0,0.0,0.0,0.0
274942930473043401,0.0,0.0,0.0,0.0,0.0
275042928135390702,2.8490567207336426,3.8228978697020337,71.34226994737591,27.9918270111084,202.61358365658558
275042930517825101,0.0,0.0,0.0,0.0,0.0
275242929861334501,0.0,0.0,0.0,0.0,0.0
275242930464028901,0.0,0.0,0.0,0.0,0.0
275442929613423202,0.0,0.0,0.0,0.0,0.0
275442930464639801,0.0,0.0,0.0,0.0,0.0
275442930527084202,0.0,0.0,0.0,0.0,0.0
275542930545852601,0.0,0.0,0.0,0.0,0.0
275742930548107602,0.0,0.0,0.0,0.0,0.0
275842928021779401,0.0,0.0,0.0,0.0,0.0
275842930519335401,0.0,0.0,0.0,0.0,0.0
275942930479575502,0.0,0.0,0.0,0.0,0.0
276042930464092201,0.0,0.0,0.0,0.0,0.0
276242930472097402,0.0,0.0,0.0,0.0,0.0
276642928042242301,0.0,0.0,0.0,0.0,0.0
276642929649295001,0.0,0.0,0.0,0.0,0.0
276742930527201601,0.5833333134651184,7.29298711188768,14.671202375061851,22.440927505493164,262.54752791535435
276842929104948101,0.0,0.0,0.0,0.0,0.0
276842930525970802,0.0,0.0,0.0,0.0,0.0
276842930549490302,0.0,0.0,0.0,0.0,0.0
277242930457175502,0.0,0.0,0.0,0.0,0.0
277242930516254902,0.0,0.0,0.0,0.0,0.0
277442930454145502,3.3636362552642822,6.622526057586502,33.65668174593471,7.254851341247559,72.84778462046296
277542930456323102,0.0,0.0,0.0,0.0,0.0
277542930473742702,0.0,0.0,0.0,0.0,0.0
277542930531233702,0.0,0.0,0.0,0.0,0.0
277642929969542602,0.0,0.0,0.0,0.0,0.0
277742930525180201,0.0,0.0,0.0,0.0,0.0
277742930547603701,0.0,0.0,0.0,0.0,0.0
277842930518285201,0.0,0.0,0.0,0.0,0.0
278042930509677102,0.0,0.0,0.0,0.0,0.0
278242930455278201,0.0,0.0,0.0,0.0,0.0
278342928932688301,0.0,0.0,0.0,0.0,0.0
278442930473949402,5.0,20.356329206535015,146.70358306188925,25.230709075927734,366.4139225987736
278642930515756102,0.0,0.0,0.0,0.0,0.0
278742930460003702,0.0,0.0,0.0,0.0,0.0
278842930477822401,0.0,0.0,0.0,0.0,0.0
278842930516981202,0.0,0.0,0.0,0.0,0.0
278842930524592002,0.0,16.42661338346132,349.4732650739477,184.44876098632812,1363.4088938200298
278942930525158501,0.0,0.0,0.0,0.0,0.0
279142928086601001,0.0,0.0,0.0,0.0,0.0
279442930473480502,0.0,0.0,0.0,0.0,0.0
279642930453807602,0.0,0.0,0.0,0.0,0.0
279642930541353202,0.0,0.0,0.0,0.0,0.0
279742930525071701,0.0,0.0,0.0,0.0,0.0
279942930518740602,0.0,0.0,0.0,0.0,0.0
281142929642567301,0.0,0.0,0.0,0.0,0.0
281142930529025802,0.0,0.0,0.0,0.0,0.0
281342929684635902,0.0,0.0,0.0,0.0,0.0
281342930453948401,0.0,0.0,0.0,0.0,0.0
281342930534319302,0.0,0.0,0.0,0.0,0.0
281842930455480101,0.0,0.0,0.0,0.0,0.0
281842930478686702,0.0,0.0,0.0,0.0,0.0
281942930477643701,0.0,0.0,0.0,0.0,0.0
282042930457742102,0.0,0.0,0.0,0.0,0.0
282142930550607302,0.0,0.0,0.0,0.0,0.0
282342930530675901,0.0,0.0,0.0,0.0,0.0
282442930450635301,0.0,0.0,0.0,0.0,0.0
282442930508133501,0.0,0.0,0.0,0.0,0.0
282542930524809801,1.159999966621399,5.37925721279658,26.920272156315423,19.00608253479004,134.4814284884339
282642930469586102,0.0,0.0,0.0,0.0,0.0
283142930479193502,0.0,0.0,0.0,0.0,0.0
283242930527502002,0.0,0.0,0.0,0.0,0.0
283342928005313202,0.0,0.0,0.0,0.0,0.0
283342930528881501,0.0,0.0,0.0,0.0,0.0
283442930458935102,0.0,0.0,0.0,0.0,0.0
283442930510207402,0.0,0.0,0.0,0.0,0.0
283542930519666102,0.0,0.0,0.0,0.0,0.0
283642928757851802,0.0,0.0,0.0,0.0,0.0
283742930536990002,3.8275861740112305,24.640935388513512,516.3243243243244,58.00849151611328,1429.1742893198375
283742930550168602,0.0,0.0,0.0,0.0,0.0
283842930477529801,0.0,0.0,0.0,0.0,0.0
283842930509256702,3.014925479888916,28.07746061123766,257.501138952164,154.21926879882812,1881.1897816755777
283842930519159102,1.0,20.380101006799162,20.379916317991633,2.4107203483581543,20.380101006799162
283842930532141702,0.0,0.0,0.0,0.0,0.0
284042930450482202,0.0,0.0,0.0,0.0,0.0
284142927921591502,0.0,0.0,0.0,0.0,0.0
284142930469310702,0.0,0.0,0.0,0.0,0.0
284142930517593401,0.0,0.0,0.0,0.0,0.0
284142930545369602,0.0,0.0,0.0,0.0,0.0
284242930457062102,0.0,0.0,0.0,0.0,0.0
284242930542269101,0.0,0.0,0.0,0.0,0.0
284342929118646901,0.0,0.0,0.0,0.0,0.0
284342930542910402,0.0,0.0,0.0,0.0,0.0
284542930289309602,0.0,0.0,0.0,0.0,0.0
284642930462574802,0.0,0.0,0.0,0.0,0.0
284842929331811301,0.0,0.0,0.0,0.0,0.0
284942930474896701,0.0,0.0,0.0,0.0,0.0
284942930526933301,0.0,0.0,0.0,0.0,0.0
285042930530335901,0.0,0.0,0.0,0.0,0.0
285242929529038501,0.0,0.0,0.0,0.0,0.0
285342930477471501,0.0,0.0,0.0,0.0,0.0
285342930477479902,0.0,0.0,0.0,0.0,0.0
285642929025477601,0.0,0.0,0.0,0.0,0.0
285642930536209902,0.8571428656578064,18.045838155864196,77.17792302106028,59.371150970458984,631.6043408791397
285842930543680701,0.0,0.0,0.0,0.0,0.0
285942930466952001,0.0,0.0,0.0,0.0,0.0
286042930529533502,4.487804889678955,18.86659163135593,272.02096342551295,65.66812896728516,773.5302562866756
286142930461326201,0.0,0.0,0.0,0.0,0.0
286242930509415601,0.0,0.0,0.0,0.0,0.0
286342927982837101,0.0,0.0,0.0,0.0,0.0
286342930526716102,0.0,0.0,0.0,0.0,0.0
286542930471697302,0.0,0.0,0.0,0.0,0.0
286542930524444701,0.0,0.0,0.0,0.0,0.0
286742930519788302,0.0,0.0,0.0,0.0,0.0
286742930533445401,0.0,0.0,0.0,0.0,0.0
286942928570832201,0.0,0.0,0.0,0.0,0.0
286942928684064701,0.0,0.0,0.0,0.0,0.0
287142930538503402,0.0,0.0,0.0,0.0,0.0
287142930546935102,0.0,0.0,0.0,0.0,0.0
287242930472712401,0.0,0.0,0.0,0.0,0.0
287242930478058801,0.0,0.0,0.0,0.0,0.0
287442929424281301,2.5652174949645996,5.335431680393502,60.12249294593152,11.78558349609375,122.71492425515233
287542930449605602,0.0,0.0,0.0,0.0,0.0
287542930471836801,0.0,0.0,0.0,0.0,0.0
287842930464915402,0.0,0.0,0.0,0.0,0.0
287942929309212902,3.0,13.559058263503417,76.10930828351836,8.394115447998047,108.47246715047235
287942930465536202,0.0,0.0,0.0,0.0,0.0
288042930543019902,0.0,0.0,0.0,0.0,0.0
288042930543246201,0.0,0.0,0.0,0.0,0.0
288242930469467601,0.0,0.0,0.0,0.0,0.0
288242930547391702,3.200000047683716,5.800867652810747,49.333836858006045,13.7973051071167,87.01301447934614
288442930541622001,0.0,0.0,0.0,0.0,0.0
288742930522472501,0.0,0.0,0.0,0.0,0.0
288842930452286102,0.0,0.0,0.0,0.0,0.0
288842930460077201,1.0531915426254272,17.28463574714467,113.9424703891709,72.5465087890625,1624.7557682870004
288842930547629101,0.0,0.0,0.0,0.0,0.0
288842930549622001,0.0,0.0,0.0,0.0,0.0
288942930516013801,0.0,0.0,0.0,0.0,0.0
289042930527326901,0.0,0.0,0.0,0.0,0.0
289042930547054202,0.0,0.0,0.0,0.0,0.0
289142930458890701,0.0,0.0,0.0,0.0,0.0
289342930451844602,0.0,0.0,0.0,0.0,0.0
289442930462773001,0.0,0.0,0.0,0.0,0.0
289542930473308102,0.0,0.0,0.0,0.0,0.0
289642930545972401,0.0,0.0,0.0,0.0,0.0
289742930530455002,0.0,0.0,0.0,0.0,0.0
289842930516115902,9.0,11.56537985942381,11.565428670600486,1.0463473796844482,11.56537985942381
289942930511244801,0.0,0.0,0.0,0.0,0.0
291542930469697801,0.0,0.0,0.0,0.0,0.0
291642930542641001,4.5,0.19443581464621346,0.3889751552795031,0.06443260610103607,0.388871635586085
291742930142600201,0.0,0.0,0.0,0.0,0.0
291942930446774202,0.0,0.0,0.0,0.0,0.0
291942930533612102,0.0,0.0,0.0,0.0,0.0
292042930517688202,0.0,0.0,0.0,0.0,0.0
292142930479925101,0.0,0.0,0.0,0.0,0.0
292242930515574002,4.607142925262451,12.856235442546584,217.6496894409938,36.930908203125,359.97458741561223
292442930460041502,0.0,0.0,0.0,0.0,0.0
292442930462885501,0.0,0.0,0.0,0.0,0.0
292942929456669102,0.0,0.0,0.0,0.0,0.0
293142930517194901,0.0,0.0,0.0,0.0,0.0
293242930526249502,0.0,0.0,0.0,0.0,0.0
293242930531600502,0.0,0.0,0.0,0.0,0.0
293242930550733201,0.0,0.0,0.0,0.0,0.0
293342930508080601,4.25,1.6862017549705217,10.91921726041144,2.343486785888672,13.489613779453673
293342930508994302,0.0,0.0,0.0,0.0,0.0
293642930164668102,0.0,0.0,0.0,0.0,0.0
293642930446861002,6.0,25.350684041942888,44.83120856705762,6.2473225593566895,50.701368083885775
293742930524691402,0.0,0.0,0.0,0.0,0.0
294142930461696302,0.0,0.0,0.0,0.0,0.0
294342930527502601,0.0,0.0,0.0,0.0,0.0
294742929721498401,0.0,0.0,0.0,0.0,0.0
294742930517719501,0.0,0.0,0.0,0.0,0.0
294742930542542101,0.0,0.0014330653284280212,0.0013981125480601187,0.00012010830687358975,0.0014330653284280212
294942930446267502,0.0,0.0,0.0,0.0,0.0
294942930455870402,27.454545974731445,1.7403586959503952,17.488366988586478,0.7329243421554565,19.143946077448952
294942930531762002,0.0,0.0,0.0,0.0,0.0
295442930453856202,0.0,0.0,0.0,0.0,0.0
295542928159286201,0.0,0.0,0.0,0.0,0.0
295542930480599701,0.0,0.0,0.0,0.0,0.0
295542930538104301,0.0,0.0,0.0,0.0,0.0
295742930474957402,0.0,0.0,0.0,0.0,0.0
295742930524433702,0.0,0.0,0.0,0.0,0.0
295842930532647602,0.0,0.0,0.0,0.0,0.0
295942930515960302,0.0,0.0,0.0,0.0,0.0
295942930516742801,0.0,0.0,0.0,0.0,0.0
296242930455377601,0.0,0.0,0.0,0.0,0.0
296342930508236301,0.0,0.0,0.0,0.0,0.0
296342930517781701,0.0,0.0,0.0,0.0,0.0
296442930519883402,0.0,0.0,0.0,0.0,0.0
296542930474349602,3.5,20.571353995227124,25.636109282422648,5.045167446136475,41.14270670465767
296642929820997201,0.0,0.0,0.0,0.0,0.0
296742927980095501,3.0,11.045335764369806,196.30713296398892,48.64118194580078,563.3121349494543
296742930529195101,0.0,0.0,0.0,0.0,0.0
296842930458231501,0.0,0.0,0.0,0.0,0.0
296842930475425901,0.0,0.0,0.0,0.0,0.0
297142930453227601,0.0,0.0,0.0,0.0,0.0
297142930460015402,3.7916667461395264,9.785395493821634,71.53080229226362,12.014080047607422,234.84949798365378
297142930544064501,0.0,0.0,0.0,0.0,0.0
297142930548160502,0.0,0.0,0.0,0.0,0.0
297242930550572001,0.0,0.0,0.0,0.0,0.0
297442930464887802,0.0,0.0,0.0,0.0,0.0
297742930468887502,0.0,0.0,0.0,0.0,0.0
297942930447564901,0.0,0.0,0.0,0.0,0.0
297942930472700202,0.0,0.0,0.0,0.0,0.0
297942930473282202,0.0,0.0,0.0,0.0,0.0
298042930524275601,0.0,0.0,0.0,0.0,0.0
298242930477089302,0.0,0.0,0.0,0.0,0.0
298242930510235002,0.0,0.0,0.0,0.0,0.0
298342930447643102,0.0,0.0,0.0,0.0,0.0
298342930544433301,0.0,0.0,0.0,0.0,0.0
298342930548585002,2.5,4.377823777208503,21.695264765784113,3.3918063640594482,26.26694302840534
298542930475335702,0.0,0.0,0.0,0.0,0.0
298542930528293701,0.0,0.0,0.0,0.0,0.0
298842930529840402,0.0,0.0,0.0,0.0,0.0
299042929197945001,0.0,0.0,0.0,0.0,0.0
299242930449084201,0.0,0.0,0.0,0.0,0.0
299442930462151402,0.0,0.0,0.0,0.0,0.0
299542930517598002,0.0,0.0,0.0,0.0,0.0
299642930472921601,0.0,0.0,0.0,0.0,0.0
299642930524834302,0.0,0.0,0.0,0.0,0.0
299742930528227402,0.0,0.0,0.0,0.0,0.0
299742930545005402,0.0,0.0,0.0,0.0,0.0
301242930459796901,0.0,0.0,0.0,0.0,0.0
301542930508533601,3.597402572631836,9.171009373704395,159.22388059701493,91.65947723388672,706.1677112357929
301542930528796002,0.0,0.0,0.0,0.0,0.0
301642930479679501,0.0,0.0,0.0,0.0,0.0
301642930524385402,0.0,0.0,0.0,0.0,0.0
301842930461762701,0.0,0.0,0.0,0.0,0.0
301842930544711402,0.0,0.0,0.0,0.0,0.0
301942929839855901,0.0,0.0,0.0,0.0,0.0
301942930474861802,0.0,0.0,0.0,0.0,0.0
302042930474602301,0.0,0.0,0.0,0.0,0.0
302142930528684002,0.0,0.0,0.0,0.0,0.0
302142930534298101,0.0,0.0,0.0,0.0,0.0
302542930466332502,0.0,0.0,0.0,0.0,0.0
302542930541058901,0.0,0.0,0.0,0.0,0.0
302542930544385002,0.0,0.0,0.0,0.0,0.0
302542930550807001,0.0,0.0,0.0,0.0,0.0
302842930457098302,0.0,0.0,0.0,0.0,0.0
302942930517101002,0.0,0.0,0.0,0.0,0.0
303142930474287802,0.0,0.0,0.0,0.0,0.0
303142930522970002,4.024096488952637,6.355788287589005,86.95562179168736,79.15946960449219,527.5304199328662
303242930525631102,0.0,0.0,0.0,0.0,0.0
303442929946432702,3.1891891956329346,8.349453998990056,61.55655686761964,88.5754165649414,617.8595751997401
303642928077879902,0.0,0.0,0.0,0.0,0.0
303742930463339901,0.0,0.0,0.0,0.0,0.0
303742930466476901,0.0,0.0,0.0,0.0,0.0
303742930474687902,0.0,0.0,0.0,0.0,0.0
303942927963809701,0.0,0.0,0.0,0.0,0.0
303942930465122701,0.0,0.0,0.0,0.0,0.0
304042930476111801,0.0,0.0,0.0,0.0,0.0
304142930516774902,0.0,0.0,0.0,0.0,0.0
304142930548522101,0.0,0.0,0.0,0.0,0.0
304542929249094801,0.0,0.0,0.0,0.0,0.0
304542930461310101,0.0,0.0,0.0,0.0,0.0
304542930546424301,0.0,0.0,0.0,0.0,0.0
304742930530586601,0.0,0.0,0.0,0.0,0.0
304842930517668701,0.0,0.0,0.0,0.0,0.0
304842930519811202,0.0,0.0,0.0,0.0,0.0
305142930508959602,1.5081967115402222,9.746985269310153,100.83384932920536,0.0,594.5660915800227
305442928726076102,0.0,0.0,0.0,0.0,0.0
305442930454598402,0.0,0.0,0.0,0.0,0.0
305442930471191902,0.0,0.0,0.0,0.0,0.0
305542930529910201,0.0,0.0,0.0,0.0,0.0
305742930528768702,3.40625,9.84048731313926,113.9243115656963,28.51651382446289,314.89558436816174
306242930537512101,0.0,0.0,0.0,0.0,0.0
306442930473335602,0.0,0.0,0.0,0.0,0.0
306442930517138902,0.0,0.0,0.0,0.0,0.0
306542930533804102,0.0,0.0,0.0,0.0,0.0
306642930462906002,0.0,0.0,0.0,0.0,0.0
306642930479796202,0.0,0.0,0.0,0.0,0.0
306842930453555401,0.0,0.0,0.0,0.0,0.0
306842930480406501,0.0,0.0,0.0,0.0,0.0
306942930550479101,0.0,0.0,0.0,0.0,0.0
307042930532334402,0.0,0.0,0.0,0.0,0.0
307142929091435101,0.0,0.0,0.0,0.0,0.0
307142930458079601,0.0,0.0,0.0,0.0,0.0
307142930474623902,0.0,0.0,0.0,0.0,0.0
307242930515916901,0.0,0.0,0.0,0.0,0.0
307342930509616201,0.0,0.0,0.0,0.0,0.0
307342930534097002,0.0,0.0,0.0,0.0,0.0
307442930479630902,0.0,0.0,0.0,0.0,0.0
307442930509778802,2.9285714626312256,12.736704070233731,114.26443629697525,25.879039764404297,356.6277191134137
307542930524280301,0.0,0.0,0.0,0.0,0.0
307742930544301201,0.0,0.0,0.0,0.0,0.0
307842928636919901,0.0,0.0,0.0,0.0,0.0
308042930455771602,0.0,0.0,0.0,0.0,0.0
308142930466652001,0.0,0.0,0.0,0.0,0.0
308142930478039102,3.200000047683716,8.172303954354627,117.87405334211392,24.882003784179688,245.16912010024558
308142930529668602,0.0,0.0,0.0,0.0,0.0
308142930532520002,0.0,0.0,0.0,0.0,0.0
308242930544806301,0.0,0.0,0.0,0.0,0.0
308342929901445701,0.0,0.0,0.0,0.0,0.0
308342930080355601,0.0,0.0,0.0,0.0,0.0
308342930546970002,3.75,15.46533783193571,140.08455625436758,31.3458309173584,309.3067572784957
308542930477019402,0.0,0.0,0.0,0.0,0.0
308742930465134201,0.0,0.0,0.0,0.0,0.0
308842930547509501,0.0,0.0,0.0,0.0,0.0
308942929843657702,0.0,0.0,0.0,0.0,0.0
308942930464926901,0.0,0.0,0.0,0.0,0.0
308942930541987802,0.0,0.0,0.0,0.0,0.0
309042930531011002,0.0,0.0,0.0,0.0,0.0
309142929118744101,0.0,0.0,0.0,0.0,0.0
309142930464369601,0.0,0.0,0.0,0.0,0.0
309442930462659701,5.8125,13.141746714781279,131.1777986829727,51.32686233520508,420.5358977959275
309542930530726202,0.0,0.0,0.0,0.0,0.0
309742930510620701,0.0,0.0,0.0,0.0,0.0
309942930545580002,0.0,0.0,0.0,0.0,0.0
311442930542281902,5.047618865966797,43.67818901303538,658.8361266294227,95.36649322509766,2751.726010512595
311542930446688901,0.0,0.0,0.0,0.0,0.0
311542930455740902,0.0,0.0,0.0,0.0,0.0
311642930475115902,0.0,0.0,0.0,0.0,0.0
311842930517670502,0.0,0.0,0.0,0.0,0.0
311942930455638502,0.0,0.0,0.0,0.0,0.0
312042930480484602,0.0,0.0,0.0,0.0,0.0
312042930543741001,0.0,0.0,0.0,0.0,0.0
312142929704156101,0.0,0.0,0.0,0.0,0.0
312142930446570101,0.0,0.0,0.0,0.0,0.0
312242930543752601,0.0,0.0,0.0,0.0,0.0
312442930454121202,5.438596725463867,21.158334362648223,275.5036702428007,95.33094787597656,1206.0251062049629
312542930528071701,0.0,0.0,0.0,0.0,0.0
312642930456892002,0.0,0.0,0.0,0.0,0.0
312642930515697601,0.0,0.0,0.0,0.0,0.0
312842930542735201,0.0,0.0,0.0,0.0,0.0
313042928021659402,0.0,0.0,0.0,0.0,0.0
313042930517111502,0.0,0.0,0.0,0.0,0.0
313142930516351402,0.0,0.0,0.0,0.0,0.0
313442930521399602,0.0,0.0,0.0,0.0,0.0
313442930533729502,0.0,0.0,0.0,0.0,0.0
313542930477137801,0.0,0.0,0.0,0.0,0.0
313542930525965001,3.577319622039795,9.111846555825949,271.7907889001889,77.75995635986328,883.8491150128466
313542930540390402,0.0,0.0,0.0,0.0,0.0
313642930460297502,0.0,0.0,0.0,0.0,0.0
313742930453968502,0.0,0.0,0.0,0.0,0.0
313742930525229401,0.0,0.0,0.0,0.0,0.0
313942930475403102,0.0,0.0,0.0,0.0,0.0
314042930466352302,0.0,0.0,0.0,0.0,0.0
314042930543493001,0.0,0.0,0.0,0.0,0.0
314242930527104402,0.0,0.0,0.0,0.0,0.0
314542930452521402,0.0,0.0,0.0,0.0,0.0
314642930525598602,0.0,0.0,0.0,0.0,0.0
314742930457973501,0.0,0.0,0.0,0.0,0.0
314742930461770301,0.0,0.0,0.0,0.0,0.0
314742930543917201,0.0,0.0,0.0,0.0,0.0
314942930524836901,0.0,0.0,0.0,0.0,0.0
315442930531999501,0.0,0.0,0.0,0.0,0.0
315542930519478501,0.0,0.0,0.0,0.0,0.0
315542930529561302,0.0,0.0,0.0,0.0,0.0
315642930530192301,0.0,0.0,0.0,0.0,0.0
315842930530136202,0.0,0.0,0.0,0.0,0.0
316642930462545502,0.0,0.0,0.0,0.0,0.0
316642930469409301,2.1204819679260254,6.353021212719354,89.21386547130886,61.2150764465332,527.3007664584173
316642930530285002,0.0,0.0,0.0,0.0,0.0
316742930528486302,0.0,0.0,0.0,0.0,0.0
316842930524674801,0.0,0.0,0.0,0.0,0.0
316842930534404902,0.0,0.0,0.0,0.0,0.0
317042930448374701,0.0,0.0,0.0,0.0,0.0
317042930461574402,0.0,0.0,0.0,0.0,0.0
317142930448776802,0.0,0.0,0.0,0.0,0.0
317242930351294101,0.0,0.0,0.0,0.0,0.0
317242930448551201,152.0,3.9470025459791316,5.182967959527825,0.5729511380195618,7.894005091958263
317242930509868302,0.0,0.0,0.0,0.0,0.0
317242930541173401,0.0,0.0,0.0,0.0,0.0
317342930545988302,2.8333332538604736,41.685667591125195,411.7717908082409,28.973649978637695,500.2280238615541
317442930478135302,0.0,0.0,0.0,0.0,0.0
317442930515782902,0.0,0.0,0.0,0.0,0.0
317542930447869902,0.0,0.0,0.0,0.0,0.0
317642930460503501,0.0,0.0,0.0,0.0,0.0
317642930516056901,4.285714149475098,12.393128939946914,80.46980756469807,23.149084091186523,260.25570162321924
317642930525366102,0.0,0.0,0.0,0.0,0.0
317642930534374702,0.0,0.0,0.0,0.0,0.0
317742930447601401,0.0,0.0,0.0,0.0,0.0
317742930519615102,0.0,0.0,0.0,0.0,0.0
317942930545716001,0.0,0.0,0.0,0.0,0.0
318042930473003702,6.25,77.59343155570652,654.5507246376811,38.117156982421875,1862.2423020514889
318042930474158602,0.0,0.0,0.0,0.0,0.0
318142930545846502,0.0,0.0,0.0,0.0,0.0
318242930051124302,0.0,0.0,0.0,0.0,0.0
318242930445751301,0.0,0.0,0.0,0.0,0.0
318442930451906402,0.0,0.0,0.0,0.0,0.0
318442930472979202,0.0,0.0,0.0,0.0,0.0
318542929194731901,0.0,0.0,0.0,0.0,0.0
318742930519035401,0.0,0.0,0.0,0.0,0.0
318942930462878702,0.9814814925193787,6.863867133150913,78.80595492069381,92.87484741210938,741.2976893984136
319142930459262201,0.0,0.0,0.0,0.0,0.0
319142930473924202,0.0,0.0,0.0,0.0,0.0
319242930541495002,0.0,0.0,0.0,0.0,0.0
319342930472134402,0.0,0.0,0.0,0.0,0.0
319442930529431002,0.0,0.0,0.0,0.0,0.0
319542927897875801,0.0,0.0,0.0,0.0,0.0
319542930476446802,2.475247621536255,17.83886995005304,344.2404526166902,35.96969223022461,1801.725795888159
319742930534511301,0.0,0.0,0.0,0.0,0.0
319942930521968101,0.0,0.0,0.0,0.0,0.0
321142929177982401,0.0,0.0,0.0,0.0,0.0
321242930519562901,0.0,0.0,0.0,0.0,0.0
321342930549425202,0.0,0.0,0.0,0.0,0.0
321842930538717302,0.0,0.0,0.0,0.0,0.0
322042930475107601,0.0,0.0,0.0,0.0,0.0
322042930475841301,6.400000095367432,16.75331941498763,99.84552845528455,24.417724609375,167.5331908129713
322142930541473402,0.0,0.0,0.0,0.0,0.0
322442930518961301,0.0,0.0,0.0,0.0,0.0
322542930547495002,0.0,0.0,0.0,0.0,0.0
322642929537342401,3.1454546451568604,4.851135025039471,130.1614367475824,81.94184112548828,533.624856223104
322742930519716202,1.4615384340286255,41.804667154947914,226.63392857142858,35.89772033691406,1086.9213411013286
322742930530703601,0.0,0.0,0.0,0.0,0.0
322842930476696802,0.0,0.0,0.0,0.0,0.0
323042929488733102,0.0,0.0,0.0,0.0,0.0
323042930546015301,1.7419354915618896,5.387993005238741,98.39501668056714,93.83462524414062,668.1111568979068
323142930521426302,0.0,0.0,0.0,0.0,0.0
323342930509386901,0.0,0.0,0.0,0.0,0.0
323342930527679301,0.0,0.0,0.0,0.0,0.0
323342930528370002,0.0,0.0,0.0,0.0,0.0
323442927975082002,0.0,0.0,0.0,0.0,0.0
323742930456266901,0.3030303120613098,6.133506179156171,20.290212306585104,21.802141189575195,202.4057038352832
323742930477129001,0.0,0.0,0.0,0.0,0.0
323742930516063802,0.0,0.0,0.0,0.0,0.0
323842930542709901,0.0,0.0,0.0,0.0,0.0
323942930517140201,0.0,0.0,0.0,0.0,0.0
324042930516101402,3.4693877696990967,13.040930534447822,187.03850050658562,39.67328643798828,639.0055858221701
324142929467067101,0.0,0.0,0.0,0.0,0.0
324342930453507201,0.0,0.0,0.0,0.0,0.0
324442930473115401,0.0,0.0,0.0,0.0,0.0
324442930545607801,0.0,0.0,0.0,0.0,0.0
324542930516684901,0.0,0.0,0.0,0.0,0.0
324542930529308002,0.0,0.0,0.0,0.0,0.0
324742930529490902,0.0,0.0,0.0,0.0,0.0
324842930536416901,0.0,0.0,0.0,0.0,0.0
324942930516603101,0.0,0.0,0.0,0.0,0.0
325842927959121701,0.0,0.0,0.0,0.0,0.0
325942930456155801,0.0,0.0,0.0,0.0,0.0
325942930509005302,4.266666889190674,6.865491419829727,57.635686413621855,14.386239051818848,102.98236783322987
326242929348469101,0.0,0.0,0.0,0.0,0.0
326242930475913001,0.0,0.0,0.0,0.0,0.0
326242930479798102,0.0,0.0,0.0,0.0,0.0
326242930532815501,0.0,0.0,0.0,0.0,0.0
326742930545741002,0.0,0.0,0.0,0.0,0.0
326942930462396301,0.0,0.0,0.0,0.0,0.0
327042930518364901,0.0,0.0,0.0,0.0,0.0
327042930543509002,0.0,0.0,0.0,0.0,0.0
327142928822976102,0.0,0.0,0.0,0.0,0.0
327142930531769601,3.107142925262451,10.767695373015105,61.01471727343145,68.48387908935547,602.9909382128697
327242930480443201,0.0,0.0,0.0,0.0,0.0
327342930519145801,0.0,0.0,0.0,0.0,0.0
327442930468325001,0.0,0.0,0.0,0.0,0.0
327442930518731202,0.0,0.0,0.0,0.0,0.0
327842930545368201,0.0,0.0,0.0,0.0,0.0
327942930472483502,0.0,0.0,0.0,0.0,0.0
328142930525625702,0.0,0.0,0.0,0.0,0.0
328142930530120601,0.0,0.0,0.0,0.0,0.0
328442930531385702,0.0,0.0,0.0,0.0,0.0
328642930476288101,0.0,0.0,0.0,0.0,0.0
328742930447855701,0.0,0.0,0.0,0.0,0.0
328742930516958201,0.0,0.0,0.0,0.0,0.0
328842930458449401,0.0,0.0,0.0,0.0,0.0
329042930528042701,0.0,0.0,0.0,0.0,0.0
329142930476959202,0.0,0.0,0.0,0.0,0.0
329142930539175902,0.0,0.0,0.0,0.0,0.0
329242929307482901,0.0,0.0,0.0,0.0,0.0
329342930450180801,0.0,0.0,0.0,0.0,0.0
329442930539290901,0.0,0.0,0.0,0.0,0.0
329542930459791702,4.035714149475098,10.878101027734068,115.04169944925256,21.316713333129883,304.5868315377824
329742928108713902,0.0,0.0,0.0,0.0,0.0
329742930510530302,0.0,0.0,0.0,0.0,0.0
331342928577536302,0.0,0.0,0.0,0.0,0.0
331342930530428001,0.0,0.0,0.0,0.0,0.0
331542930458358102,0.0,0.0,0.0,0.0,0.0
331542930518042601,0.0,0.0,0.0,0.0,0.0
331642930342522902,0.0,0.0,0.0,0.0,0.0
331642930475173601,0.0,0.0,0.0,0.0,0.0
331642930515500302,3.3428571224212646,10.956287995947099,398.90136518771334,62.955352783203125,1150.4102599694054
331742930456837602,0.0,0.0,0.0,0.0,0.0
331842930532015701,0.0,0.0,0.0,0.0,0.0
331942930518709902,0.0,0.0,0.0,0.0,0.0
332042930456928601,0.0,0.0,0.0,0.0,0.0
332342930517243401,0.0,0.0,0.0,0.0,0.0
332542930464905401,4.5,9.318371815286625,61.89401981599434,20.644729614257812,186.36743299588193
332742930527107102,0.0,0.0,0.0,0.0,0.0
332842930458384002,0.0,0.0,0.0,0.0,0.0
332842930526526402,0.0,0.0,0.0,0.0,0.0
333042929921931502,0.0,0.0,0.0,0.0,0.0
333042930525878601,0.0,0.0,0.0,0.0,0.0
333042930526610301,0.0,0.0,0.0,0.0,0.0
333142930538263901,0.0,0.0,0.0,0.0,0.0
333242929703991002,0.0,0.0,0.0,0.0,0.0
333342930544586401,0.0,0.0,0.0,0.0,0.0
333542930452004602,0.0,0.0,0.0,0.0,0.0
333542930532226401,0.0,0.0,0.0,0.0,0.0
333742928623643602,0.0,0.0,0.0,0.0,0.0
333742930447710401,0.0,0.0,0.0,0.0,0.0
333842930525494501,0.0,0.0,0.0,0.0,0.0
334042930480420201,0.0,0.0,0.0,0.0,0.0
334142930518709202,0.0,0.0,0.0,0.0,0.0
334342930517250501,0.0,0.0,0.0,0.0,0.0
334542928757944602,0.0,0.0,0.0,0.0,0.0
334642930463735102,2.6666667461395264,2.0524612536080613,6.052162259677337,0.9129051566123962,6.157383660152827
334742930464407302,0.0,0.0,0.0,0.0,0.0
334742930550062701,0.0,0.0,0.0,0.0,0.0
334842930540429202,0.0,0.0,0.0,0.0,0.0
334942930519074702,0.0,0.0,0.0,0.0,0.0
335042930456163602,0.0,0.0,0.0,0.0,0.0
335242930549567202,0.0,0.0,0.0,0.0,0.0
335642930473582201,0.0,0.0,0.0,0.0,0.0
335742928811707801,0.0,0.0,0.0,0.0,0.0
335842930479885101,0.0,0.0,0.0,0.0,0.0
335842930547547102,0.0,0.0,0.0,0.0,0.0
336042930529221701,0.0,0.0,0.0,0.0,0.0
336142930480247501,0.0,0.0,0.0,0.0,0.0
336342928855703402,0.0,0.0,0.0,0.0,0.0
336342930479111802,0.0,0.0,0.0,0.0,0.0
336542928235791602,0.0,0.0,0.0,0.0,0.0
336642930547172801,0.0,0.0,0.0,0.0,0.0
336842928235971801,0.0,0.0,0.0,0.0,0.0
336942930511301301,0.0,0.0,0.0,0.0,0.0
337042930478901701,0.0,0.0,0.0,0.0,0.0
337042930532277601,0.0,0.0,0.0,0.0,0.0
337142930476072102,0.0,0.0,0.0,0.0,0.0
337342930456181701,0.0,0.0,0.0,0.0,0.0
337442930525066402,0.0,0.0,0.0,0.0,0.0
337542930462685102,0.0,0.0,0.0,0.0,0.0
337642930543341001,0.0,0.0,0.0,0.0,0.0
337742930526684701,3.909090995788574,11.509844673397206,119.85136103151862,25.75687026977539,253.2165858615777
337842930452940302,0.0,0.0,0.0,0.0,0.0
337842930477414902,0.0,0.0,0.0,0.0,0.0
337942929800508901,0.0,0.0,0.0,0.0,0.0
338042928845019702,4.280701637268066,7.152054140304759,155.38406701122796,54.66331481933594,407.66710303875453
338042930541162002,0.0,0.0,0.0,0.0,0.0
338242930461890002,0.0,0.0,0.0,0.0,0.0
338442930521976001,0.0,0.0,0.0,0.0,0.0
338742930455466002,0.0,0.0,0.0,0.0,0.0
338842930548855501,0.0,0.0,0.0,0.0,0.0
338942930517342702,0.0,0.0,0.0,0.0,0.0
338942930543405802,0.0,0.0,0.0,0.0,0.0
339042930474793701,0.0,0.0,0.0,0.0,0.0
339042930545527902,0.0,0.0,0.0,0.0,0.0
339242930220743401,0.0,0.0,0.0,0.0,0.0
339442930523968302,0.0,0.0,0.0,0.0,0.0
339642930480766401,0.0,0.0,0.0,0.0,0.0
339642930525423102,0.0,0.0,0.0,0.0,0.0
339742930526997301,0.0,0.0,0.0,0.0,0.0
339842927963711401,0.0,0.0,0.0,0.0,0.0
339842930447217001,0.0,0.0,0.0,0.0,0.0
339842930550330402,0.0,0.0,0.0,0.0,0.0
339942930532939901,0.0,0.0,0.0,0.0,0.0
341142929417399601,0.0,0.0,0.0,0.0,0.0
341242930518833102,0.0,0.0,0.0,0.0,0.0
341242930523112101,0.0,0.0,0.0,0.0,0.0
341342930456359501,0.0,0.0,0.0,0.0,0.0
341342930477720902,0.0,0.0,0.0,0.0,0.0
341442930475907401,0.0,0.0,0.0,0.0,0.0
341442930519841401,0.0,0.0,0.0,0.0,0.0
341442930538862202,0.0,0.0,0.0,0.0,0.0
341442930546207101,0.0,0.0,0.0,0.0,0.0
341542930550753601,2.384615421295166,6.579139043963712,63.69993021632938,41.1331787109375,342.1152211038643
341642930529403602,0.0,0.0,0.0,0.0,0.0
341742930469756902,0.0,0.0,0.0,0.0,0.0
341742930548656502,0.0,0.0,0.0,0.0,0.0
341842930524241201,0.0,0.0,0.0,0.0,0.0
341942930459636002,0.0,0.0,0.0,0.0,0.0
342042928560914101,0.0,0.0,0.0,0.0,0.0
342242930460756801,0.0,0.0,0.0,0.0,0.0
342442930479952501,2.6891891956329346,8.567378232000468,200.6812851782364,45.64106750488281,633.9859581763033
342542930456553701,0.0,0.0,0.0,0.0,0.0
342542930508067702,0.0,0.0,0.0,0.0,0.0
342642930541899602,0.0,0.0,0.0,0.0,0.0
342642930546268701,0.0,0.0,0.0,0.0,0.0
342742930540958102,0.0,0.0,0.0,0.0,0.0
342842930534602701,2.0,5.376829853326747,13.504882775392332,13.824542999267578,96.78293576425172
343042930519223402,0.0,0.0,0.0,0.0,0.0
343142930525678801,0.0,0.0,0.0,0.0,0.0
343242929400142802,0.0,0.0,0.0,0.0,0.0
343242929800157201,0.0,0.0,0.0,0.0,0.0
343342930464798602,0.0,0.0,0.0,0.0,0.0
343342930466774202,3.5,16.17067295973089,76.60842433697348,9.288921356201172,97.0240404245076
343442930548167501,0.0,0.0,0.0,0.0,0.0
343542930548828801,0.0,0.0,0.0,0.0,0.0
343642930531569302,0.0,0.0,0.0,0.0,0.0
343642930544262102,0.0,0.0,0.0,0.0,0.0
343742928912076802,3.677419424057007,23.59087916782924,255.23660714285714,26.585208892822266,731.3172522102084
343842930527264502,0.0,0.0,0.0,0.0,0.0
343842930546595402,0.0,0.0,0.0,0.0,0.0
343942930548932901,0.0,0.0,0.0,0.0,0.0
344042930455560502,0.0,0.0,0.0,0.0,0.0
344042930528869902,0.0,0.0,0.0,0.0,0.0
344142930479051402,0.0,0.0,0.0,0.0,0.0
344242930508956602,0.0,0.0,0.0,0.0,0.0
344542930518632701,0.0,0.0,0.0,0.0,0.0
344642930531930701,0.0,0.0,0.0,0.0,0.0
344742930474743902,0.0,0.0,0.0,0.0,0.0
344842930453546402,3.1111111640930176,9.032595373301634,50.97524051194245,6.86566686630249,81.29336090995739
345142930452588901,2.3333332538604736,5.9910722238717335,17.68978622327791,2.3695731163024902,17.9732166716152
345242930101315801,0.9722222089767456,12.541357123905545,195.94679506188254,64.5322036743164,1354.466567304205
345242930475998202,0.0,0.0,0.0,0.0,0.0
345242930478022802,2.8205127716064453,5.231421143899845,54.859532095901,24.64888572692871,204.025422173697
345242930535683001,0.0,0.0,0.0,0.0,0.0
345342929544053901,0.0,0.0,0.0,0.0,0.0
345342930466643601,0.0,0.0,0.0,0.0,0.0
345342930478327301,0.0,0.0,0.0,0.0,0.0
345842930527032402,0.0,0.0,0.0,0.0,0.0
345842930527886501,0.0,0.0,0.0,0.0,0.0
345942929091386401,0.0,0.0,0.0,0.0,0.0
346042930463684402,0.0,0.0,0.0,0.0,0.0
346442930545956501,0.0,0.0,0.0,0.0,0.0
346542930473729001,0.0,0.0,0.0,0.0,0.0
346542930526196101,0.0,0.0,0.0,0.0,0.0
346542930534670102,0.0,0.0,0.0,0.0,0.0
346542930543801102,0.0,0.0,0.0,0.0,0.0
346742930473292901,0.0,0.0,0.0,0.0,0.0
346842930518058602,0.0,0.0,0.0,0.0,0.0
346942928923773502,0.0,0.0,0.0,0.0,0.0
346942930545787402,0.0,0.0,0.0,0.0,0.0
347042930542852202,0.0,0.0,0.0,0.0,0.0
347142930518996802,0.0,0.0,0.0,0.0,0.0
347142930542876001,0.0,0.0,0.0,0.0,0.0
347242930518420401,0.0,0.0,0.0,0.0,0.0
347342930541527202,0.0,0.0,0.0,0.0,0.0
347342930543230401,0.0,0.0,0.0,0.0,0.0
347942928176065301,3.0,8.372535048171937,189.44565217391303,38.879722595214844,527.4697011660858
347942930470091601,0.0,0.0,0.0,0.0,0.0
348142930525884202,0.0,0.0,0.0,0.0,0.0
348242930472143502,0.0,0.0,0.0,0.0,0.0
348342930459843702,0.0,0.0,0.0,0.0,0.0
348542928242444802,0.0,1.6028209290723806e-06,0.0,9.72444354374602e-07,9.616925574434283e-06
348542930458368601,0.0,0.0,0.0,0.0,0.0
348642930463647301,0.0,0.0,0.0,0.0,0.0
348642930474443601,0.0,0.0,0.0,0.0,0.0
348742930550264202,0.0,0.0,0.0,0.0,0.0
348842930446522602,8.375,20.328886651938426,121.02679589509692,32.96863555908203,162.63109761741578
348842930448305701,0.0,0.0,0.0,0.0,0.0
349042930522319202,0.0,0.0,0.0,0.0,0.0
349042930528256602,0.0,0.0,0.0,0.0,0.0
349042930539087601,0.0,0.0,0.0,0.0,0.0
349342930462812102,0.0,0.0,0.0,0.0,0.0
349442930516840901,0.0,0.0,0.0,0.0,0.0
349442930542073801,0.0,0.0,0.0,0.0,0.0
349542930463037902,0.0,0.0,0.0,0.0,0.0
349542930464233001,0.0,0.0,0.0,0.0,0.0
349742930530005702,0.0,0.0,0.0,0.0,0.0
349842930526868801,0.0,0.0,0.0,0.0,0.0
349842930537161802,0.0,0.0,0.0,0.0,0.0
349942930453287002,0.0,0.0,0.0,0.0,0.0
351142930518610302,0.0,0.0,0.0,0.0,0.0
351242929197737002,0.0,0.0,0.0,0.0,0.0
351342930458841902,0.0,0.0,0.0,0.0,0.0
351542930472807902,0.0,0.0,0.0,0.0,0.0
351542930542392001,0.0,0.0,0.0,0.0,0.0
351542930542888401,0.0,0.0,0.0,0.0,0.0
351842930473013801,0.0,0.0,0.0,0.0,0.0
351842930516795801,0.0,0.0,0.0,0.0,0.0
351942930478868202,0.0,0.0,0.0,0.0,0.0
352042930457340302,4.0,10.936905045216564,141.1611137553546,29.81913948059082,306.2333296458532
352042930537324302,0.0,0.0,0.0,0.0,0.0
352142930462425302,0.0,0.0,0.0,0.0,0.0
352342930460748201,0.0,0.0,0.0,0.0,0.0
352442930453460201,0.0,0.0,0.0,0.0,0.0
352542930469163501,0.0,0.0,0.0,0.0,0.0
352642930459600202,0.0,0.0,0.0,0.0,0.0
352642930478847701,0.0,0.0,0.0,0.0,0.0
352642930531604201,0.0,0.0,0.0,0.0,0.0
352842930534654102,0.0,0.0,0.0,0.0,0.0
352942930524844002,0.0,0.0,0.0,0.0,0.0
353342930537832101,0.0,0.0,0.0,0.0,0.0
353542929613487101,0.0,0.0,0.0,0.0,0.0
353542930462492101,0.0,0.0,0.0,0.0,0.0
353742929989757001,0.0,0.0,0.0,0.0,0.0
353742930449690102,0.0,0.0,0.0,0.0,0.0
353842930476422401,0.0,0.0,0.0,0.0,0.0
354142930466805102,4.153846263885498,6.817737614997079,55.047021028037385,10.665449142456055,88.63058760010193
354442927929225802,0.0,0.0,0.0,0.0,0.0
354642930520764501,0.0,0.0,0.0,0.0,0.0
354742930516887001,0.0,0.0,0.0,0.0,0.0
354742930525620201,0.0,0.0,0.0,0.0,0.0
354842930508660902,0.0,0.0,0.0,0.0,0.0
354842930519368602,0.0,0.0,0.0,0.0,0.0
355142930548645401,0.0,0.0,0.0,0.0,0.0
355242930526529902,0.0,0.0,0.0,0.0,0.0
355342930468737802,0.0,0.0,0.0,0.0,0.0
355442928697224902,0.0,0.0,0.0,0.0,0.0
355642930479523202,0.0,0.0,0.0,0.0,0.0
355942930525937802,0.0,0.0,0.0,0.0,0.0
355942930529354002,3.047619104385376,13.409785508351007,91.47560975609755,22.643815994262695,281.6054853841836
356242930460398301,2.375,12.35391200683144,64.86337120049124,14.963520050048828,197.6625971315388
356542930508363702,0.0,0.0,0.0,0.0,0.0
356542930547187501,0.0,0.0,0.0,0.0,0.0
356942930453980302,0.0,0.0,0.0,0.0,0.0
357242930474146102,80.0,0.2736665735827981,0.2736665735827981,0.03726827725768089,0.2736665735827981
357742930453737101,2.941176414489746,16.239851548321234,169.92316999395038,24.803991317749023,276.07746997055546
357742930516969102,0.0,0.0,0.0,0.0,0.0
357842929626479301,8.800000190734863,14.5158203125,69.58730158730158,16.82816505432129,217.73730461777203
357942929642451502,0.0,0.0,0.0,0.0,0.0
357942930184642001,0.0,0.0,0.0,0.0,0.0
357942930530778202,0.0,0.0,0.0,0.0,0.0
358142930544582002,3.1666667461395264,23.144772838632406,126.14634146341463,6.3300042152404785,138.8686404344512
358242930460895502,0.0,0.0,0.0,0.0,0.0
358442928258216002,0.0,0.0,0.0,0.0,0.0
358642929321259402,0.0,0.0,0.0,0.0,0.0
358742930549587401,0.0,0.0,0.0,0.0,0.0
358842930464104801,3.529411792755127,14.331873115848406,127.5891472868217,15.282011985778809,243.64184262771016
359042930531360101,0.0,0.0,0.0,0.0,0.0
359042930533227901,0.0,0.0,0.0,0.0,0.0
359242930534008902,4.0,18.797767934219614,18.797824585635357,1.6149271726608276,18.797767934219614
359342930547018002,0.0,0.0,0.0,0.0,0.0
359542928823136501,0.0,0.0,0.0,0.0,0.0
359542930510540501,0.0,0.0,0.0,0.0,0.0
359542930546652401,0.0,0.0,0.0,0.0,0.0
359542930547704001,0.0,0.0,0.0,0.0,0.0
359642930460549701,0.0,0.0,0.0,0.0,0.0
359642930474938401,0.0,0.0,0.0,0.0,0.0
359642930543976301,0.0,0.0,0.0,0.0,0.0
359742930529177501,0.0,0.0,0.0,0.0,0.0
359942929703939902,0.0,0.0,0.0,0.0,0.0
359942930456560502,0.0,0.0,0.0,0.0,0.0
359942930456840101,0.0,0.0,0.0,0.0,0.0
359942930524706101,0.0,0.0,0.0,0.0,0.0
361142927975121802,3.6666667461395264,5.671298705448437,26.001898919076833,15.488438606262207,119.09727415173437
361342930462349102,0.0,0.0,0.0,0.0,0.0
361342930477354902,0.0,0.0,0.0,0.0,0.0
361342930480586502,0.0,0.0,0.0,0.0,0.0
361542930508297202,0.0,0.0,0.0,0.0,0.0
361642930480458002,0.0,0.0,0.0,0.0,0.0
361642930526437301,0.0,0.0,0.0,0.0,0.0
361942930525512301,0.0,0.0,0.0,0.0,0.0
361942930530406602,0.0,0.0,0.0,0.0,0.0
361942930532111701,0.0,0.0,0.0,0.0,0.0
362042930544823201,0.0,0.0,0.0,0.0,0.0
362242930460297302,0.611940324306488,13.186618931619003,59.518450184501845,73.85743713378906,883.5034908350983
362242930547052601,0.0,0.0,0.0,0.0,0.0
362442930465016701,0.0,0.0,0.0,0.0,0.0
362442930549738201,0.0,0.0,0.0,0.0,0.0
362642930463508202,0.0,0.0,0.0,0.0,0.0
362642930510624401,0.0,0.0,0.0,0.0,0.0
362742930460187602,0.0,0.0,0.0,0.0,0.0
362742930528277302,0.0,0.0,0.0,0.0,0.0
362842930531219902,0.0,0.0,0.0,0.0,0.0
363242930533930601,5.833333492279053,30.0086186726888,267.7083333333333,30.725143432617188,360.1034349395583
363542930480759601,0.0,0.0,0.0,0.0,0.0
363642929704205701,0.0,0.0,0.0,0.0,0.0
363642930533345502,0.0,0.0,0.0,0.0,0.0
363742929725351301,0.0,0.0,0.0,0.0,0.0
363742930461833501,0.0,0.0,0.0,0.0,0.0
363842930473755601,0.0,0.0,0.0,0.0,0.0
363942927929319102,0.0,0.0,0.0,0.0,0.0
364142930476434801,0.0,0.0,0.0,0.0,0.0
364242930539775901,0.0,0.0,0.0,0.0,0.0
364242930543965801,0.0,0.0,0.0,0.0,0.0
364442930550625301,0.0,0.0,0.0,0.0,0.0
364542930546529701,0.0,0.0,0.0,0.0,0.0
364742929013050002,0.0,0.0,0.0,0.0,0.0
364742930533039701,0.0,0.0,0.0,0.0,0.0
364842930545377702,0.0,0.0,0.0,0.0,0.0
364942930464560301,0.0,0.0,0.0,0.0,0.0
365342929696795902,0.0,0.0,0.0,0.0,0.0
365442930462918502,0.0,0.0,0.0,0.0,0.0
365542930453482901,0.0,0.0,0.0,0.0,0.0
365542930528183702,0.0,0.0,0.0,0.0,0.0
365542930545595702,0.0,0.0,0.0,0.0,0.0
365642930475386902,0.0,0.0,0.0,0.0,0.0
365742929197782602,0.0,0.0,0.0,0.0,0.0
365742930451079301,0.0,0.0,0.0,0.0,0.0
366042930480305402,0.0,0.0,0.0,0.0,0.0
366042930524678302,0.0,0.0,0.0,0.0,0.0
366342929230173202,0.0,0.0,0.0,0.0,0.0
366342930461666002,0.0,0.0,0.0,0.0,0.0
366442930475860401,0.0,0.0,0.0,0.0,0.0
366642930516534001,0.0,0.0,0.0,0.0,0.0
366742930548750902,0.0,0.0,0.0,0.0,0.0
366842930476474902,0.0,0.0,0.0,0.0,0.0
366842930544745901,0.0,0.0,0.0,0.0,0.0
366942929424165902,0.0,0.0,0.0,0.0,0.0
366942930543596502,0.0,0.0,0.0,0.0,0.0
367342930531717502,0.0,0.0,0.0,0.0,0.0
367442930453595802,3.3333332538604736,1.625475549990414,4.605828220858895,0.4195212125778198,4.876426509552938
367542930545579601,0.0,0.0,0.0,0.0,0.0
367642930538319801,0.0,0.0,0.0,0.0,0.0
367742928043720302,0.0,0.0,0.0,0.0,0.0
367742930529880302,0.0,0.0,0.0,0.0,0.0
367842930518636802,0.0,0.0,0.0,0.0,0.0
368042930532028402,2.2604167461395264,6.693503720916971,58.26619525547445,57.077728271484375,642.5763562401063
368042930542122402,0.0,0.0,0.0,0.0,0.0
368042930549846802,0.0,0.0,0.0,0.0,0.0
368142930457605901,0.0,0.0,0.0,0.0,0.0
368142930529370002,0.0,0.0,0.0,0.0,0.0
368142930530685501,0.0,0.0,0.0,0.0,0.0
368342930525229002,0.0,0.0,0.0,0.0,0.0
368442930519901401,0.0,0.0,0.0,0.0,0.0
368542930472747002,0.0,0.0,0.0,0.0,0.0
368542930529988102,4.720930099487305,7.005333162186951,100.1226670920402,39.9219856262207,301.22933101730115
368642929385436301,0.0,0.0,0.0,0.0,0.0
368642930533408402,2.625,3.5227826791996484,21.28449135150982,3.8413357734680176,28.182262235231605
368742930461061301,0.0,0.0,0.0,0.0,0.0
368742930523579301,0.0,0.0,0.0,0.0,0.0
368942929160959801,0.0,0.0,0.0,0.0,0.0
368942930452764802,0.0,0.0,0.0,0.0,0.0
369042930528159301,0.0,0.0,0.0,0.0,0.0
369042930543856402,2.5735294818878174,9.071787270087125,87.83543078412391,88.23188018798828,616.8815144024652
369442929476744201,0.0,0.0,0.0,0.0,0.0
369442930454635702,0.0,0.0,0.0,0.0,0.0
369642930447472302,0.0,0.0,0.0,0.0,0.0
369742928305303001,0.0,0.0,0.0,0.0,0.0
369742930529632401,0.0,0.0,0.0,0.0,0.0
369842930184265802,4.545454502105713,9.779853793017116,51.83758193736344,11.019512176513672,107.57839101192644
369842930519868001,0.0,0.0,0.0,0.0,0.0
369842930530305702,0.0,0.0,0.0,0.0,0.0
369942930462320502,0.0,0.0,0.0,0.0,0.0
371142930531876202,3.1692306995391846,14.810787175210674,110.47191011235955,72.975830078125,962.7011745388588
371242930477195101,0.0,0.0,0.0,0.0,0.0
371242930527151002,0.0,0.0,0.0,0.0,0.0
371342929649371201,0.0,0.0,0.0,0.0,0.0
371342930447099902,0.0,0.0,0.0,0.0,0.0
371542930453662501,0.0,0.0,0.0,0.0,0.0
372042929493873702,0.0,0.0,0.0,0.0,0.0
372042930465107002,0.0,0.0,0.0,0.0,0.0
372242930460591101,0.0,0.0,0.0,0.0,0.0
372242930525378602,0.0,0.0,0.0,0.0,0.0
372442930453370702,0.0,0.0,0.0,0.0,0.0
372542930550452801,0.0,0.0,0.0,0.0,0.0
372642930456949402,0.0,0.0,0.0,0.0,0.0
372642930549216101,3.0229885578155518,8.886264057816641,199.85819564517328,62.59050369262695,773.1049829846038
372842930470223101,0.0,0.0,0.0,0.0,0.0
372842930518254302,21.0,11.698418779335475,11.699604743083004,0.9510727524757385,11.698418779335475
372842930526986302,0.0,0.0,0.0,0.0,0.0
373042929735805402,0.0,0.0,0.0,0.0,0.0
373042930537235601,0.0,0.0,0.0,0.0,0.0
373042930545550402,0.0,0.0,0.0,0.0,0.0
373142930476026202,0.0,0.0,0.0,0.0,0.0
373142930520861102,0.0,0.0,0.0,0.0,0.0
373242930529193902,0.0,0.0,0.0,0.0,0.0
373242930533335102,2.3968253135681152,3.803868137810485,111.69586871847264,21.34397315979004,239.6437000897978
373642929543954001,0.0,0.0,0.0,0.0,0.0
373642930526412302,3.200000047683716,7.364726729143625,89.52757149628694,27.569740295410156,294.5890655421141
373742930508176902,0.0,0.0,0.0,0.0,0.0
373742930510758901,0.0,0.0,0.0,0.0,0.0
374042930527670901,0.0,0.0,0.0,0.0,0.0
374142930449654802,0.0,0.0,0.0,0.0,0.0
374142930516963102,0.0,0.0,0.0,0.0,0.0
374242930464914402,0.0,0.0,0.0,0.0,0.0
374442930475103502,0.0,0.0,0.0,0.0,0.0
374442930476794701,0.0,0.0,0.0,0.0,0.0
374442930520343301,0.0,0.0,0.0,0.0,0.0
374442930534586502,0.0,0.0,0.0,0.0,0.0
374642929424230501,0.0,0.0,0.0,0.0,0.0
374642930521895602,0.0,0.0,0.0,0.0,0.0
374742930449722201,0.0,0.0,0.0,0.0,0.0
374842930429014701,0.0,0.0,0.0,0.0,0.0
374842930550442702,0.0,0.0,0.0,0.0,0.0
374942930517445901,0.0,0.0,0.0,0.0,0.0
375042930524971302,0.0,0.0,0.0,0.0,0.0
375642928135615002,0.0,0.0,0.0,0.0,0.0
375842930456000201,0.0,0.0,0.0,0.0,0.0
375842930457831501,0.0,0.0,0.0,0.0,0.0
375842930469730202,0.0,0.0,0.0,0.0,0.0
376242930521159901,0.0,0.0,0.0,0.0,0.0
376342930526305002,0.0,0.0,0.0,0.0,0.0
376542930449361902,0.0,0.0,0.0,0.0,0.0
376542930459222301,0.0,0.0,0.0,0.0,0.0
376542930517808302,0.0,0.0,0.0,0.0,0.0
376642930474478102,0.0,0.0,0.0,0.0,0.0
376642930510212301,0.0,0.0,0.0,0.0,0.0
376842929025362102,0.0,0.0,0.0,0.0,0.0
376842929303779501,0.0,0.0,0.0,0.0,0.0
376842930454741401,0.0,0.0,0.0,0.0,0.0
376942929400309801,0.0,0.0,0.0,0.0,0.0
377042930452844201,0.0,0.0,0.0,0.0,0.0
377342930546095002,0.0,0.0,0.0,0.0,0.0
377642930450262401,0.0,0.0,0.0,0.0,0.0
377742930529740002,0.0,0.0,0.0,0.0,0.0
377842930527632401,0.0,0.0,0.0,0.0,0.0
378042930531933202,0.0,0.0,0.0,0.0,0.0
378142930534621701,3.505747079849243,8.179617614171375,212.38888888888889,117.16390228271484,711.6267320198303
378242930480468501,0.0,0.0,0.0,0.0,0.0
378442927994754502,0.0,0.0,0.0,0.0,0.0
378542930455525302,0.6617646813392639,5.684440907490612,17.27950643776824,47.46421813964844,386.54199734061575
378542930527331202,0.0,0.0,0.0,0.0,0.0
378642930517357601,0.0,0.0,0.0,0.0,0.0
378642930548795902,4.014492988586426,14.488608614099661,254.90917327293317,71.19017028808594,999.7140092411236
378742930508361701,0.0,0.0,0.0,0.0,0.0
378842930534603702,0.0,0.0,0.0,0.0,0.0
379042928021898801,0.0,0.0,0.0,0.0,0.0
379042930529748301,0.0,0.0,0.0,0.0,0.0
379142930462597802,0.0,0.0,0.0,0.0,0.0
379442930464406301,0.0,0.0,0.0,0.0,0.0
379442930525877202,0.0,0.0,0.0,0.0,0.0
379642930518465202,0.0,0.0,0.0,0.0,0.0
379942930458861702,3.6500000953674316,7.126379933011301,49.7969376594969,15.527030944824219,142.52760346649427
379942930538220701,0.0,0.0,0.0,0.0,0.0
381142928258160401,0.0,0.0,0.0,0.0,0.0
381142930455402501,0.0,0.0,0.0,0.0,0.0
381142930517571901,0.0,0.0,0.0,0.0,0.0
381242930530479402,0.0,0.0,0.0,0.0,0.0
381242930533425301,2.0,102.7501941921606,102.74952198852772,6.495963096618652,102.7501941921606
381342930464663802,0.0,0.0,0.0,0.0,0.0
381342930537371202,0.0,0.0,0.0,0.0,0.0
381342930545549801,0.0,0.0,0.0,0.0,0.0
381442928592554802,0.0,0.0,0.0,0.0,0.0
381542930511082102,0.0,0.0,0.0,0.0,0.0
381642928726286801,0.0,0.0,0.0,0.0,0.0
381642930462800901,0.0,0.0,0.0,0.0,0.0
381842930473491101,0.0,0.0,0.0,0.0,0.0
381842930523905901,1.2615385055541992,18.928852930267063,128.6780415430267,100.42096710205078,1230.3754126891183
382042930478418501,0.0,0.0,0.0,0.0,0.0
382242930508843601,0.0,0.0,0.0,0.0,0.0
382342930527765702,0.0,0.0,0.0,0.0,0.0
382442929816333701,0.0,0.0,0.0,0.0,0.0
382442930542936301,0.0,0.0,0.0,0.0,0.0
382542930547749401,0.0,0.0,0.0,0.0,0.0
382742930459525601,0.0,0.0,0.0,0.0,0.0
382742930529938201,0.0,0.0,0.0,0.0,0.0
382742930543048902,0.0,0.0,0.0,0.0,0.0
382742930545121801,0.0,0.0,0.0,0.0,0.0
382942930452010801,0.0,0.0,0.0,0.0,0.0
382942930519235701,0.0,0.0,0.0,0.0,0.0
382942930527975702,0.0,0.0,0.0,0.0,0.0
383042928022064701,0.0,0.0,0.0,0.0,0.0
383242928021739302,0.0,0.0,0.0,0.0,0.0
383242930526777101,1.5,2.708104038164996,8.448188126445643,1.0857511758804321,10.832416483953354
383442930517005701,0.0,0.0,0.0,0.0,0.0
383442930541590302,0.0,0.0,0.0,0.0,0.0
383542930478274501,0.0,25.638904272151898,0.0,119.11366271972656,1051.1951013492633
383642930531412502,0.0,0.0,0.0,0.0,0.0
383642930541252702,0.0,0.0,0.0,0.0,0.0
383742930522503801,0.0,0.0,0.0,0.0,0.0
383842929166292701,0.0,0.0,-0.14995876134063132,0.0,0.0
384042930476955701,0.0,0.0,0.0,0.0,0.0
384142930474020702,0.0,0.0,0.0,0.0,0.0
384342930531682701,0.0,0.0,0.0,0.0,0.0
384442930531919902,0.0,0.0,0.0,0.0,0.0
384542930531852601,1.125,6.254206730769231,34.7957264957265,11.689277648925781,100.06730952466656
384642929231919301,0.0,0.0,0.0,0.0,0.0
384742930465311101,0.0,0.0,0.0,0.0,0.0
384942928967210401,0.0,0.0,0.0,0.0,0.0
384942930541042402,0.0,0.0,0.0,0.0,0.0
385042930518965302,0.0,330.6702968227425,0.0033444816053511705,57.3357048034668,1653.3514464882305
385042930542465302,0.0,0.0,0.0,0.0,0.0
385242930460781901,3.0,7.723713543555112,31.585206671501087,4.221908092498779,54.06599684086634
385342930533430402,0.0,0.0,0.0,0.0,0.0
385442928043678802,0.0,0.0,0.0,0.0,0.0
385542929501805001,0.0,0.0,0.0,0.0,0.0
385542930518312701,0.0,0.0,0.0,0.0,0.0
385642930453262502,0.0,0.0,0.0,0.0,0.0
385842930137776202,1.09375,4.596561506705946,14.570896968757268,72.37467193603516,441.26991219568254
386042930464980502,0.0,0.0,0.0,0.0,0.0
386142929047985301,0.0,0.0,0.0,0.0,0.0
386142930517200602,0.0,0.0,0.0,0.0,0.0
386142930533884901,0.0,0.0,0.0,0.0,0.0
386342930509658701,0.0,0.0,0.0,0.0,0.0
386342930522489501,0.0,0.0,0.0,0.0,0.0
386642930508954301,0.0,0.0,0.0,0.0,0.0
386642930545910101,0.0,0.0,0.0,0.0,0.0
386742930517778002,4.306451797485352,11.266603466701666,133.63161841907905,47.89366149902344,698.5294112918866
386742930524873801,0.0,0.0,0.0,0.0,0.0
386942930516833302,0.0,0.0,0.0,0.0,0.0
386942930535033502,0.0,0.0,0.0,0.0,0.0
387142929070047801,0.0,0.0,0.0,0.0,0.0
387142930545653001,0.0,0.0,0.0,0.0,0.0
387242928779095702,0.0,0.0,0.0,0.0,0.0
387542930460935401,0.0,0.0,0.0,0.0,0.0
387542930517584202,0.0,0.0,0.0,0.0,0.0
387542930524891601,0.0,0.0,0.0,0.0,0.0
387642930454143201,0.0,0.0,0.0,0.0,0.0
387742930508649701,0.0,0.0,0.0,0.0,0.0
387742930547812502,0.0,0.0,0.0,0.0,0.0
387942928025304302,0.0,0.0,0.0,0.0,0.0
388042930518093902,0.0,0.0,0.0,0.0,0.0
388042930524151601,0.0,0.0,0.0,0.0,0.0
388542930544726801,2.6500000953674316,22.940596574758384,330.2549175667993,9.491321563720703,458.8119223902075
388842930464829801,0.0,0.0,0.0,0.0,0.0
388942930453069001,0.0,0.0,0.0,0.0,0.0
388942930480651502,0.0,0.0,0.0,0.0,0.0
389042930537878602,0.0,0.0,0.0,0.0,0.0
389142930509577502,0.0,0.0,0.0,0.0,0.0
389142930524417401,0.0,0.0,0.0,0.0,0.0
389242929417183102,0.0,0.0,0.0,0.0,0.0
389242930540877902,0.0,0.0,0.0,0.0,0.0
389342930335195702,0.0,0.0,0.0,0.0,0.0
389342930480540002,0.0,0.0,0.0,0.0,0.0
389542930520053202,0.0,0.0,0.0,0.0,0.0
389842930524519702,0.0,0.0,0.0,0.0,0.0
389942930447477901,0.0,0.0,0.0,0.0,0.0
389942930454321801,0.0,0.0,0.0,0.0,0.0
391242930472753802,0.0,0.0,0.0,0.0,0.0
391442930534416501,0.0,0.0,0.0,0.0,0.0
391542930477955601,0.0,0.0,0.0,0.0,0.0
391642930516707901,0.0,0.0,0.0,0.0,0.0
391642930523212602,0.0,0.0,0.0,0.0,0.0
391742930516466402,0.0,0.0,0.0,0.0,0.0
391742930525043601,0.0,0.0,0.0,0.0,0.0
391842930517761402,0.0,0.0,0.0,0.0,0.0
392042929704089602,0.0,0.0,0.0,0.0,0.0
392542930545437602,0.0,0.0,0.0,0.0,0.0
392642929843823801,3.329896926879883,8.270457043932108,170.62838532034687,67.79165649414062,802.2343513414461
392642930464602801,0.0,0.0,0.0,0.0,0.0
392642930473037902,0.6973684430122375,5.525814858074753,55.32764456981664,73.2748031616211,419.9619218963494
392642930477428701,0.0,0.0,0.0,0.0,0.0
392942930516888401,0.0,0.0,0.0,0.0,0.0
393042930517697601,1.9090908765792847,2.0516916388603694,14.695687885010267,3.577960729598999,22.568608083862053
393042930542269002,0.0,0.0,0.0,0.0,0.0
393042930546631302,0.0,0.0,0.0,0.0,0.0
393142930544519301,0.0,0.0,0.0,0.0,0.0
393142930547471501,0.0,0.0,0.0,0.0,0.0
393242929766133401,0.0,0.0,0.0,0.0,0.0
393242930467765502,0.0,0.0,0.0,0.0,0.0
393242930476399502,0.0,0.0,0.0,0.0,0.0
393342930527369802,0.0,0.0,0.0,0.0,0.0
393542930480018402,0.0,0.0,0.0,0.0,0.0
393742930520197501,0.0,0.0,0.0,0.0,0.0
393742930545799702,3.200000047683716,3.6908519847972974,14.087058212058212,2.3955423831939697,18.454259646409763
394042929514211502,0.0,0.0,0.0,0.0,0.0
394042930459453101,0.0,0.0,0.0,0.0,0.0
394442928121460502,0.0,0.0,0.0,0.0,0.0
394442930510586502,0.0,0.0,0.0,0.0,0.0
394542930458628602,0.0,0.0,0.0,0.0,0.0
394542930461458602,0.0,0.0,0.0,0.0,0.0
394842928269821601,0.0,0.0,0.0,0.0,0.0
394942930455046402,0.0,0.0,0.0,0.0,0.0
395242930457477202,0.0,0.0,0.0,0.0,0.0
395242930527336501,0.0,0.0,0.0,0.0,0.0
395442930465144201,0.0,0.0,0.0,0.0,0.0
395542930452254701,0.0,0.0,0.0,0.0,0.0
395642930474569001,0.0,0.0,0.0,0.0,0.0
395642930479548602,0.0,0.0,0.0,0.0,0.0
395942928191430301,0.0,0.0,0.0,0.0,0.0
396042929762471102,0.0,0.0,0.0,0.0,0.0
396042930508149701,0.0,0.0,0.0,0.0,0.0
396142929020966702,0.0,0.0,0.0,0.0,0.0
396142930508118401,0.0,0.0,0.0,0.0,0.0
396242930474193301,0.0,0.0,0.0,0.0,0.0
396242930530884601,0.0,0.0,0.0,0.0,0.0
396242930540908902,0.0,0.0,0.0,0.0,0.0
396442930549904601,0.0,0.0,0.0,0.0,0.0
396742930534244302,2.615384578704834,18.435535233857617,186.42384105960264,9.492181777954102,239.66196139506158
396842928607154801,0.0,0.0,0.0,0.0,0.0
396842930527885301,0.0,0.0,0.0,0.0,0.0
396942930477809802,0.0,0.0,0.0,0.0,0.0
396942930516506501,0.0,0.0,0.0,0.0,0.0
396942930529685301,0.0,0.0,0.0,0.0,0.0
396942930546900402,0.0,0.0,0.0,0.0,0.0
397042930476226001,0.0,0.0,0.0,0.0,0.0
397242930538647501,0.0,0.0,0.0,0.0,0.0
397642930475479502,0.0,0.0,0.0,0.0,0.0
397842930476469701,0.0,0.0,0.0,0.0,0.0
397842930529378901,0.0,0.0,0.0,0.0,0.0
398342930477370602,0.0,0.0,0.0,0.0,0.0
398342930509659302,0.0,0.0,0.0,0.0,0.0
398542928779258801,0.0,0.0,0.0,0.0,0.0
398642930464486202,0.0,0.0,0.0,0.0,0.0
398742930474713601,2.488095283508301,9.369414295410989,109.83943781942078,111.43641662597656,787.0307672393383
398742930527440801,0.0,0.0,0.0,0.0,0.0
398942928695745901,0.0,0.0,0.0,0.0,0.0
398942930516805102,1.3157894611358643,22.55969769021739,52.76342710997442,30.96757698059082,428.6342468261719
399042930516875102,0.0,0.0,0.0,0.0,0.0
399042930533094102,1.6666666269302368,2.612277146371915,7.837054445750098,0.5607733726501465,7.836831247857912
399242930463225402,0.0,0.0,0.0,0.0,0.0
399342929373145101,0.0,0.0,0.0,0.0,0.0
399642927979893401,0.0,0.0,0.0,0.0,0.0
399642930527611501,0.0,0.0,0.0,0.0,0.0
399742930528621802,0.0,0.0,0.0,0.0,0.0
399742930542355302,0.0,0.0,0.0,0.0,0.0
399842930477787802,0.0,0.0,0.0,0.0,0.0
399842930518555101,0.0,0.0,0.0,0.0,0.0
401442930456696401,0.0,0.0,0.0,0.0,0.0
401442930533792802,0.0,0.0,0.0,0.0,0.0
401542930528130801,0.0,0.0,0.0,0.0,0.0
401642930471936801,0.0,0.0,0.0,0.0,0.0
401742928921383502,0.0,0.0,0.0,0.0,0.0
401942930466958002,0.0,0.0,0.0,0.0,0.0
402142930516212601,2.7272727489471436,7.087240320639864,202.92940732351832,98.85641479492188,935.5156873127522
402142930525329602,0.0,0.0,0.0,0.0,0.0
402242930220850201,0.0,0.0,0.0,0.0,0.0
402542930529279302,0.0,0.0,0.0,0.0,0.0
402642930511105501,0.0,0.0,0.0,0.0,0.0
402742930476771901,0.0,0.0,0.0,0.0,0.0
402742930528567501,0.0,0.0,0.0,0.0,0.0
402742930538104702,0.0,0.0,0.0,0.0,0.0
402842928726872901,0.0,0.0,0.0,0.0,0.0
402842930543174502,7.0,12.835649191870145,12.83573806881243,1.3823002576828003,12.835649191870145
403042930510952501,0.0,0.0,0.0,0.0,0.0
403242930464977002,0.0,0.0,0.0,0.0,0.0
403342930479456202,0.0,0.0,0.0,0.0,0.0
403442928135526702,0.0,0.0,0.0,0.0,0.0
403542930459240401,0.0,0.0,0.0,0.0,0.0
403642930457403402,0.0,0.0,0.0,0.0,0.0
403642930549127701,0.0,0.0,0.0,0.0,0.0
404042930534149001,0.0,0.0,0.0,0.0,0.0
404142930516623201,4.726027488708496,10.504394756992603,164.73347202958854,88.20233917236328,766.8208281895764
404142930543207202,13.086956977844238,8.32756449873764,115.89417210183042,24.214860916137695,191.5339765462428
404342928592736402,0.0,0.0,0.0,0.0,0.0
404342929161928001,0.0,0.0,0.0,0.0,0.0
404342930530378302,0.0,0.0,0.0,0.0,0.0
404342930530450502,0.0,0.0,0.0,0.0,0.0
404542928009669402,0.0,0.0,0.0,0.0,0.0
404542930516805801,0.0,0.0,0.0,0.0,0.0
404742930534327401,0.0,0.0,0.0,0.0,0.0
404942928243018501,1.7395833730697632,17.09286583746459,234.50254957507082,81.49907684326172,1640.915165027478
404942930462232801,0.0,0.0,0.0,0.0,0.0
405242929965425402,0.0,0.0,0.0,0.0,0.0
405242930075763902,0.0,0.0,0.0,0.0,0.0
405242930542378301,0.0,0.0,0.0,0.0,0.0
405342930516793902,0.0,0.0,0.0,0.0,0.0
405442930463122202,3.307692289352417,4.563588496561386,89.4604177279674,62.00381088256836,355.95989157880257
405642929034787301,0.0,0.0,0.0,0.0,0.0
405642930454048701,0.0,0.0,0.0,0.0,0.0
405742930435843402,0.0,0.0,0.0,0.0,0.0
405742930547082702,0.0,0.0,0.0,0.0,0.0
405942930463724801,0.0,0.0,0.0,0.0,0.0
406042930527059902,0.0,0.0,0.0,0.0,0.0
406142930253488602,0.0,0.0,0.0,0.0,0.0
406142930465603601,0.0,0.0,0.0,0.0,0.0
406142930480624702,0.0,0.0,0.0,0.0,0.0
406142930519779901,0.0,0.0,0.0,0.0,0.0
406242930448090402,4.689655303955078,6.498428475012557,62.61803114013059,29.242027282714844,188.4544306036098
406242930457494901,0.0,0.0,0.0,0.0,0.0
406242930532467501,0.0,0.0,0.0,0.0,0.0
406542930547152702,0.0,0.0,0.0,0.0,0.0
406642930549402802,0.0,0.0,0.0,0.0,0.0
406742930453129401,0.0,0.0,0.0,0.0,0.0
406842930476564801,0.0,0.0,0.0,0.0,0.0
406842930550301202,0.0,0.0,0.0,0.0,0.0
407042930462689801,0.0,0.0,0.0,0.0,0.0
407042930516282502,0.0,0.0,0.0,0.0,0.0
407142930456439801,0.0,0.0,0.0,0.0,0.0
407142930461291902,0.0,0.0,0.0,0.0,0.0
407242930448943101,0.0,0.0,0.0,0.0,0.0
407342930458624101,0.0,0.0,0.0,0.0,0.0
407342930463113101,0.0,0.0,0.0,0.0,0.0
407442929091989401,0.0,0.0,0.0,0.0,0.0
407442930545205401,0.0,0.0,0.0,0.0,0.0
407642930469038001,0.0,0.0,0.0,0.0,0.0
407742930465061701,0.0,0.0,0.0,0.0,0.0
407742930544345001,0.0,0.0,0.0,0.0,0.0
407942930473018401,0.0,0.0,0.0,0.0,0.0
408042930479169602,0.0,0.0,0.0,0.0,0.0
408242930522563502,0.0,0.0,0.0,0.0,0.0
408242930526666201,0.0,0.0,0.0,0.0,0.0
408342930477095702,0.0,0.0,0.0,0.0,0.0
408342930534809402,0.0,0.0,0.0,0.0,0.0
408842930457682702,0.0,0.0,0.0,0.0,0.0
408842930529595802,0.0,0.0,0.0,0.0,0.0
409142930517800302,0.0,0.0,0.0,0.0,0.0
409242930459718201,2.2716050148010254,10.18917982722787,183.14039974173724,54.696067810058594,825.3235899791885
409242930471121901,0.0,0.0,0.0,0.0,0.0
409242930530387301,0.0,0.0,0.0,0.0,0.0
409242930538171502,0.0,0.0,0.0,0.0,0.0
409342930474059602,0.0,0.0,0.0,0.0,0.0
409342930526145602,0.0,0.0,0.0,0.0,0.0
409542930342586901,0.0,0.0,0.0,0.0,0.0
409542930472605301,0.0,3.1583935560449436e-05,5.263989050902774e-05,3.4505258099670755e-06,3.1583935560449436e-05
409542930532421802,0.0,0.0,0.0,0.0,0.0
409642930479184301,0.0,0.0,0.0,0.0,0.0
409742930518180302,0.0,0.0,0.0,0.0,0.0
411142930479404701,0.0,0.0,0.0,0.0,0.0
411342930458816501,0.0,0.0,0.0,0.0,0.0
411342930550028202,0.0,0.0,0.0,0.0,0.0
411442930515834401,0.0,0.0,0.0,0.0,0.0
411842928042083402,0.0,0.0,0.0,0.0,0.0
411942928213938501,3.316831588745117,9.6372485483202,243.15657403566985,78.1089096069336,973.362065961182
412042930449031401,0.0,0.0,0.0,0.0,0.0
412142930453103101,0.0,0.0,0.0,0.0,0.0
412142930530157001,169.0,0.00850099178237461,0.00850099178237461,0.0005993598606437445,0.00850099178237461
412242930518214602,0.0,0.0,0.0,0.0,0.0
412342930289588601,0.0,0.0,0.0,0.0,0.0
412342930289643401,0.0,0.0,0.0,0.0,0.0
412342930532782902,0.0,0.0,0.0,0.0,0.0
412442930508733902,0.0,0.0,0.0,0.0,0.0
412542930544672702,0.0,0.0,0.0,0.0,0.0
412642930534747002,0.0,0.0,0.0,0.0,0.0
412742930460627101,0.0,0.0,0.0,0.0,0.0
412942930474369302,0.0,0.0,0.0,0.0,0.0
412942930474631602,0.0,0.0,0.0,0.0,0.0
413042930474117101,0.0,0.0,0.0,0.0,0.0
413042930548763702,0.0,0.0,0.0,0.0,0.0
413242930480593002,0.0,0.0,0.0,0.0,0.0
413342930468101401,0.0,0.0,0.0,0.0,0.0
413342930526388702,0.0,0.0,0.0,0.0,0.0
413942928707726702,5.5,14.142508178374655,194.36432506887053,69.83446502685547,735.4104294143104
413942930457365502,0.0,0.0,0.0,0.0,0.0
414042930526910902,0.0,0.0,0.0,0.0,0.0
414042930531468302,0.0,0.0,0.0,0.0,0.0
414142930458203501,0.0,0.0,0.0,0.0,0.0
414342930507824901,336.0,0.31695721077654515,0.31695721077654515,0.03840944543480873,0.31695721077654515
414342930510733001,0.0,0.0,0.0,0.0,0.0
414442930548842301,0.0,0.0,0.0,0.0,0.0
414542930521761901,0.0,0.0,0.0,0.0,0.0
414642930550599801,0.0,0.0,0.0,0.0,0.0
414842930447360602,0.0,0.0,0.0,0.0,0.0
414942930465336301,0.0,0.0,0.0,0.0,0.0
415042930470615302,0.0,0.0,0.0,0.0,0.0
415142930516126502,0.0,0.0,0.0,0.0,0.0
415242930544952501,0.0,0.0,0.0,0.0,0.0
415342928086441102,0.0,0.0,0.0,0.0,0.0
415642930459931101,0.0,0.0,0.0,0.0,0.0
415642930475389902,2.461538553237915,6.268827654381113,26.887713866615645,5.093365669250488,81.49475728748138
415742930478104002,0.0,0.0,0.0,0.0,0.0
415942930466888101,0.0,0.0,0.0,0.0,0.0
416142930454167201,0.0,0.0,0.0,0.0,0.0
416242930455137601,6.0,24.38820124246988,24.38832252085264,2.275791645050049,24.38820124246988
416442929626364102,3.641509532928467,18.070208572247708,212.18654434250766,85.3284683227539,957.7210306616734
416442930473063501,0.0,0.0,0.0,0.0,0.0
416842930450242402,4.068965435028076,7.748211859183795,108.2862064868718,66.99530792236328,674.0944170576242
416842930518543801,0.0,0.0,0.0,0.0,0.0
416842930543259501,0.0,0.0,0.0,0.0,0.0
417042930452964302,0.0,0.0,0.0,0.0,0.0
417042930452976501,0.0,0.0,0.0,0.0,0.0
417042930524389801,3.25,4.925828654624076,13.49623378434928,2.2789721488952637,19.703313937395382
417142930459672401,0.0,0.0,0.0,0.0,0.0
417342930449522002,0.0,0.0,0.0,0.0,0.0
417542930525139002,0.0,0.0,0.0,0.0,0.0
418042930544336502,0.0,0.0,0.0,0.0,0.0
418342930508967902,0.0,0.0,0.0,0.0,0.0
418342930516375702,0.0,0.0,0.0,0.0,0.0
418442930528735301,0.0,0.0,0.0,0.0,0.0
418442930530225202,0.0,0.0,0.0,0.0,0.0
418642930452678002,0.0,0.0,0.0,0.0,0.0
418842930480448501,3.5365853309631348,5.7143618528574445,77.89498102066638,68.11541748046875,468.5776605046987
419042930534507802,0.0,0.0,0.0,0.0,0.0
419142930510250002,0.0,0.0,0.0,0.0,0.0
419142930528931202,0.0,0.0,0.0,0.0,0.0
419342930464253801,0.0,0.0,0.0,0.0,0.0
419342930464733702,0.0,0.0,0.0,0.0,0.0
419342930511050901,0.0,0.0,0.0,0.0,0.0
419442930446618101,0.0,0.0,0.0,0.0,0.0
419442930510332601,0.0,0.0,0.0,0.0,0.0
419542930460743402,0.0,0.0,0.0,0.0,0.0
419642928135481802,0.0,0.0,0.0,0.0,0.0
419742930510455002,0.0,0.0,0.0,0.0,0.0
419742930526312002,3.417475700378418,6.363780012720623,115.66159166799173,69.22909545898438,655.4693700954482
419742930544479201,3.6307692527770996,10.205277409493338,159.36290322580646,64.49785614013672,663.3430520147294
419942930519726001,0.0,0.0,0.0,0.0,0.0
419942930534902402,0.0,0.0,0.0,0.0,0.0
421142930524863402,0.0,0.0,0.0,0.0,0.0
421342930476293502,0.0,0.0,0.0,0.0,0.0
421542930478606501,0.0,0.0,0.0,0.0,0.0
421542930542662602,0.0,0.0,0.0,0.0,0.0
421742930472103102,0.0,0.0,0.0,0.0,0.0
421742930478809101,0.0,0.0,0.0,0.0,0.0
421742930527837001,0.0,0.0,0.0,0.0,0.0
421742930545929201,0.0,0.0,0.0,0.0,0.0
421842930464510002,0.0,0.0,0.0,0.0,0.0
421842930464512601,0.0,0.0,0.0,0.0,0.0
421842930530493601,0.0,0.0,0.0,0.0,0.0
421942930525619301,0.0,0.0,0.0,0.0,0.0
422042929012799102,0.0,0.0,0.0,0.0,0.0
422242930462962702,0.0,0.0,0.0,0.0,0.0
422242930464839802,0.0,0.0,0.0,0.0,0.0
422242930519309302,0.0,0.0,0.0,0.0,0.0
422342929348291702,1.4716981649398804,6.061180063646246,35.349580951713016,0.0,642.4850765757596
422342930528770702,0.0,0.0,0.0,0.0,0.0
422342930536281502,0.0,0.0,0.0,0.0,0.0
422442930532646302,0.0,0.0,0.0,0.0,0.0
422542929800558901,0.0,0.0,0.0,0.0,0.0
422642930533379302,0.0,0.0,0.0,0.0,0.0
422842930455013301,0.0,0.0,0.0,0.0,0.0
422942930517743102,0.0,0.0,0.0,0.0,0.0
423042930220628402,0.0,0.0,0.0,0.0,0.0
423142930472510701,2.3529412746429443,4.471853158432579,32.93136859103755,10.096322059631348,76.0215021009449
423142930529658201,0.0,0.0,0.0,0.0,0.0
423342930462033501,0.0,0.0,0.0,0.0,0.0
423342930528595001,0.0,0.0,0.0,0.0,0.0
423342930541522601,0.0,0.0,0.0,0.0,0.0
423442930510727701,0.0,0.0,0.0,0.0,0.0
423742930476657202,0.0,0.0,0.0,0.0,0.0
423742930532899201,0.0,0.0,0.0,0.0,0.0
423842929307319302,0.0,0.0,0.0,0.0,0.0
423842930008236502,0.0,0.0,0.0,0.0,0.0
423842930456507002,0.0,0.0,0.0,0.0,0.0
423842930461862401,0.0,0.0,0.0,0.0,0.0
423942930473588601,0.0,0.0,0.0,0.0,0.0
424042930527942301,0.0,0.0,0.0,0.0,0.0
424442930526962502,0.0,0.0,0.0,0.0,0.0
424542930476618101,0.0,0.0,0.0,0.0,0.0
424542930544796702,0.0,0.0,0.0,0.0,0.0
424842930455850101,9.380952835083008,4.367816416764805,35.60026917900404,8.912883758544922,91.72414590147591
424842930525167202,0.0,0.0,0.0,0.0,0.0
424842930531682102,0.0,0.0,0.0,0.0,0.0
424942930478216002,0.0,0.0,0.0,0.0,0.0
424942930522432801,1.5384615659713745,20.008717302316295,125.7076677316294,7.595474720001221,260.11331212507906
425042927982774902,3.524752378463745,6.97713835995086,148.03320916224143,102.69855499267578,704.6909647525334
425042930527812502,0.0,0.0,0.0,0.0,0.0
425142930476491301,0.0,0.0,0.0,0.0,0.0
425142930517641001,0.0,0.0,0.0,0.0,0.0
425142930532447901,0.0,0.0,0.0,0.0,0.0
425342930452771101,0.0,0.0,0.0,0.0,0.0
425342930473661602,0.0,0.0,0.0,0.0,0.0
425442930517412402,0.0,0.0,0.0,0.0,0.0
425442930547332502,0.0,0.0,0.0,0.0,0.0
425542930467542701,0.0,0.0,0.0,0.0,0.0
425942930461917102,0.0,0.0,0.0,0.0,0.0
425942930525262001,0.0,0.0,0.0,0.0,0.0
426242930508104501,0.0,0.0,0.0,0.0,0.0
426242930541919002,0.0,0.0,0.0,0.0,0.0
426442929249040201,0.0,0.0,0.0,0.0,0.0
426442930508858402,0.0,0.0,0.0,0.0,0.0
426542928728354801,0.0,0.0,0.0,0.0,0.0
426542930525179902,3.033707857131958,14.94251569458189,296.7012617516081,65.7723388671875,1329.8838815061483
426642930476601002,321.0,0.1912814896195023,0.19111111111111112,0.014268511906266212,0.1912814896195023
426742930534010201,0.0,0.0,0.0,0.0,0.0
426842928030317302,0.0,0.0,0.0,0.0,0.0
426842930531351102,0.0,0.0,0.0,0.0,0.0
426942930534675001,0.0,0.0,0.0,0.0,0.0
427042929467119401,0.0,0.0,0.0,0.0,0.0
427042930472219801,5.279069900512695,9.913759621977063,64.90401396160559,45.41886901855469,426.29166211680086
427142929346284802,0.0,0.0,0.0,0.0,0.0
427142929816392201,0.0,0.0,0.0,0.0,0.0
427142930455661602,0.0,0.0,0.0,0.0,0.0
427142930519082401,0.0,0.0,0.0,0.0,0.0
427242930508481601,0.0,0.0,0.0,0.0,0.0
427242930549574301,0.0,0.0,0.0,0.0,0.0
427342930454849801,0.0,0.0,0.0,0.0,0.0
427442930475405802,0.0,0.0,0.0,0.0,0.0
427542930524283402,0.0,0.0,0.0,0.0,0.0
427642930450569802,0.0,0.0,0.0,0.0,0.0
427642930532071401,2.799999952316284,8.501165213411698,27.240967337893824,1.2914687395095825,42.50582597296825
427642930546508501,0.0,0.0,0.0,0.0,0.0
427842930511054402,0.0,0.0,0.0,0.0,0.0
427942928225066301,0.0,0.0,0.0,0.0,0.0
428042930534754302,0.0,0.0,0.0,0.0,0.0
428342930530081502,0.0,0.0,0.0,0.0,0.0
428442930475850102,0.0,0.0,0.0,0.0,0.0
428442930533635001,0.0,0.0,0.0,0.0,0.0
428542930545389202,0.0,0.0,0.0,0.0,0.0
428742930455226301,0.0,0.0,0.0,0.0,0.0
428842930515464502,1.1666666269302368,9.402571939853958,73.23084806559058,82.37381744384766,846.2314761711822
428942930452187902,0.0,0.0,0.0,0.0,0.0
429042930524070901,0.0,0.0,0.0,0.0,0.0
429142930549347602,0.0,0.0,0.0,0.0,0.0
429342928269818402,0.0,0.0,0.0,0.0,0.0
429342929417543301,0.0,0.0,0.0,0.0,0.0
429342930530952502,0.0,0.0,0.0,0.0,0.0
429442930526423701,0.0,0.0,0.0,0.0,0.0
429542930463343201,0.0,0.0,0.0,0.0,0.0
429542930534678901,0.0,0.0,0.0,0.0,0.0
429742930480276102,0.0,0.0,0.0,0.0,0.0
429842929411157202,0.0,0.0,0.0,0.0,0.0
431142928242857102,0.0,0.0,0.0,0.0,0.0
431142930528814302,0.0,0.0,0.0,0.0,0.0
431342928188537602,0.0,0.0,0.0,0.0,0.0
431342930436036701,0.0,0.0,0.0,0.0,0.0
431442930460324301,0.0,0.0,0.0,0.0,0.0
431642930546311502,0.0,0.0,0.0,0.0,0.0
431742930460715902,0.0,0.0,0.0,0.0,0.0
431742930528369702,5.0,11.66474088253868,49.38364382696558,16.690940856933594,128.31214463932866
431842930517103301,0.0,0.0,0.0,0.0,0.0
431942930461501701,3.4831459522247314,13.077381855732686,217.41807432432432,78.55878448486328,1163.8869665120098
432042930475664902,0.0,0.0,0.0,0.0,0.0
432242930450432502,0.0,0.0,0.0,0.0,0.0
432342930529109301,0.0,0.0,0.0,0.0,0.0
432442929687010202,0.0,0.0,0.0,0.0,0.0
432642930529775401,0.0,0.0,0.0,0.0,0.0
432642930544091501,4.181818008422852,9.431694954472684,115.80688413047828,57.171363830566406,518.7432088433968
432742930464778202,0.0,0.0,0.0,0.0,0.0
432942928887199501,0.0,0.0,0.0,0.0,0.0
433042930454629101,0.0,0.0,0.0,0.0,0.0
433042930523638701,0.0,0.0,0.0,0.0,0.0
433242930479913101,0.0,0.0,0.0,0.0,0.0
433242930517302902,0.0,0.0,0.0,0.0,0.0
433242930526829102,0.0,0.0,0.0,0.0,0.0
433542930468923802,0.0,0.0,0.0,0.0,0.0
433542930546801001,0.0,0.0,0.0,0.0,0.0
433642930456624001,0.0,0.0,0.0,0.0,0.0
433742930524402901,0.0,0.0,0.0,0.0,0.0
434242930550216202,0.0,0.0,0.0,0.0,0.0
434342928577579702,0.0,0.0,0.0,0.0,0.0
434442930476749802,2.7647058963775635,12.40821192286036,60.48048048048048,11.381180763244629,210.93960896244755
434542929543902501,0.0,0.0,0.0,0.0,0.0
434542930478188502,0.0,0.0,0.0,0.0,0.0
434542930516168402,0.0,0.0,0.0,0.0,0.0
434542930534207102,0.0,0.0,0.0,0.0,0.0
434642930525286701,0.0,0.0,0.0,0.0,0.0
434642930537432001,3.121951103210449,9.471033463266386,231.2257928118393,26.78017807006836,388.3123814209823
435142930542793802,0.0,0.0,0.0,0.0,0.0
435242930531846502,4.175675868988037,7.318755632559734,124.1724363939701,0.0,541.5879111177182
435242930532869402,0.0,0.0,0.0,0.0,0.0
435342929013116401,0.0,0.0,0.0,0.0,0.0
435442930460426002,0.0,0.0,0.0,0.0,0.0
435442930518610701,1.53125,20.664401268774224,407.6414728682171,42.63241958618164,661.26086656807
435742930543774002,0.0,0.0,0.0,0.0,0.0
435842930478161502,0.0,0.0,0.0,0.0,0.0
435842930510965401,0.0,0.0,0.0,0.0,0.0
435942930527914001,0.0,0.0,0.0,0.0,0.0
436242930547456902,0.0,0.0,0.0,0.0,0.0
436342928726782501,0.0,0.0,0.0,0.0,0.0
436442930475111001,0.0,0.0,0.0,0.0,0.0
436542930542212901,0.0,0.0,0.0,0.0,0.0
436642930516141202,2.5,6.62018684145353,32.41246397694525,2.734527826309204,39.72112108170127
436842930473132001,0.0,0.0,0.0,0.0,0.0
436942930531863101,0.0,0.0,0.0,0.0,0.0
437142930549638801,0.0,0.0,0.0,0.0,0.0
437442930458940101,2.5161290168762207,2.8540152880311576,29.23304074870662,12.97220516204834,88.4744762876786
437642929456777302,0.0,0.0,0.0,0.0,0.0
437642929703857301,0.0,0.0,0.0,0.0,0.0
437642930541280602,6.384615421295166,11.72980453187251,60.91824701195219,20.866575241088867,152.48745183329183
437642930542057902,0.0,0.0,0.0,0.0,0.0
437842930531739502,0.0,0.0,0.0,0.0,0.0
438042930524689201,0.0,0.0,0.0,0.0,0.0
438242930467080401,3.270270347595215,6.00607580941255,81.24098798397864,44.77660369873047,444.44962728081885
438242930510427602,0.0,0.0,0.0,0.0,0.0
438442930516910302,1.0,0.4425997339113794,0.442550505050505,0.06607186794281006,0.4425997339113794
438542928614385802,0.0,0.0,0.0,0.0,0.0
438542930008180002,0.0,0.0,0.0,0.0,0.0
438542930528147302,0.0,0.0,0.0,0.0,0.0
438742930529846001,0.0,0.0,0.0,0.0,0.0
439242930508921102,0.0,0.0,0.0,0.0,0.0
439442930530243202,0.0,0.0,0.0,0.0,0.0
439642930518496702,0.0,0.0,0.0,0.0,0.0
439742929704304201,0.0,0.0,0.0,0.0,0.0
439742930468869302,0.0,0.0,0.0,0.0,0.0
439742930534365702,0.0,0.0,0.0,0.0,0.0
439942928197140001,0.0,0.0,0.0,0.0,0.0
439942929575556101,0.0,0.0,0.0,0.0,0.0
441242928932386902,0.0,0.0,0.0,0.0,0.0
441242930516479301,0.0,0.0,0.0,0.0,0.0
441342930455691402,0.0,0.0,0.0,0.0,0.0
441342930538665302,0.0,0.0,0.0,0.0,0.0
441442930546173402,2.508474588394165,17.494877933057282,171.41545893719805,77.12852478027344,1032.1978315586382
441542930528341302,0.0,0.0,0.0,0.0,0.0
441642930543933102,0.0,0.0,0.0,0.0,0.0
441742930543287101,0.0,0.0,0.0,0.0,0.0
441842930450618302,0.0,0.0,0.0,0.0,0.0
441842930519782902,0.0,0.0,0.0,0.0,0.0
442042930522229201,0.0,0.0,0.0,0.0,0.0
442142930450340102,0.0,0.0,0.0,0.0,0.0
442242928232687101,0.0,0.0,0.0,0.0,0.0
442242930456507901,4.400000095367432,7.839615625489275,34.83419445749178,9.413004875183105,78.39615594909581
442342928210699901,0.0,0.0,0.0,0.0,0.0
442442930537131802,0.0,0.0,0.0,0.0,0.0
442542930464754601,0.0,0.0,0.0,0.0,0.0
442642930472517502,0.0,0.0,0.0,0.0,0.0
442642930516534602,0.0,0.0,0.0,0.0,0.0
442742930521986601,3.238095283508301,5.406658478861902,206.61300482956534,59.98027420043945,567.6991646537639
442742930541026901,0.0,0.0,0.0,0.0,0.0
442842930460244201,0.0,0.0,0.0,0.0,0.0
443042929544004001,0.0,0.0,0.0,0.0,0.0
443042930544171201,0.0,0.0,0.0,0.0,0.0
443142930530546101,3.7951807975769043,12.683650551562762,261.48871803443086,68.44573211669922,1052.7430365267712
443142930531245401,2.6875,5.864637397304079,23.17120086584346,11.700189590454102,93.83419617374068
443242928932549701,0.0,0.0,0.0,0.0,0.0
443642928242815302,0.0,0.0,0.0,0.0,0.0
443642930533744301,0.0,0.0,0.0,0.0,0.0
443742930527623402,0.0,0.0,0.0,0.0,0.0
443942930454346501,0.0,0.0,0.0,0.0,0.0
443942930515762202,0.0,0.0,0.0,0.0,0.0
444042930540957902,0.0,0.0,0.0,0.0,0.0
444042930547155601,0.0,0.0,0.0,0.0,0.0
444142930531489501,0.0,0.0,0.0,0.0,0.0
444342929025526601,0.0,0.0,0.0,0.0,0.0
444342930453038602,0.0,0.0,0.0,0.0,0.0
444442930521385601,0.0,0.0,0.0,0.0,0.0
444642930473703801,0.0,0.0,0.0,0.0,0.0
444642930527844202,0.0,0.0,0.0,0.0,0.0
444642930534681902,0.0,0.0,0.0,0.0,0.0
445042930530644301,0.0,0.0,0.0,0.0,0.0
445042930538085702,0.0,0.0,0.0,0.0,0.0
445242928258168502,0.0,0.0,0.0,0.0,0.0
445442930509399801,3.5999999046325684,3.927526720420026,33.184136508531786,5.409817218780518,39.27526773066139
445442930533671402,0.0,0.0,0.0,0.0,0.0
445542930184431601,0.0,0.0,0.0,0.0,0.0
445542930521743101,0.0,0.0,0.0,0.0,0.0
445642930526329602,0.0,0.0,0.0,0.0,0.0
445742929118695701,0.0,7.554820142598245,0.0,10.423713684082031,98.21265751657846
445742930525116902,4.380281925201416,14.366923762190547,178.51687921980496,94.12983703613281,1020.0515802502185
446042930461902202,0.0,0.0,0.0,0.0,0.0
446042930480613802,0.0,0.0,0.0,0.0,0.0
446342930516040102,0.0,0.0,0.0,0.0,0.0
446542930079741302,0.0,0.0,0.0,0.0,0.0
446542930454596401,0.0,0.0,0.0,0.0,0.0
446642930527472202,0.0,0.0,0.0,0.0,0.0
446942930447130201,0.0,0.0,0.0,0.0,0.0
447042928757899402,0.0,0.0,0.0,0.0,0.0
447142930477449802,0.0,0.0,0.0,0.0,0.0
447142930543077802,0.0,0.0,0.0,0.0,0.0
447242930464320602,0.0,0.0,0.0,0.0,0.0
447242930465702601,0.0,0.0,0.0,0.0,0.0
447342930520081202,0.0,0.0,0.0,0.0,0.0
447342930545466902,0.0,0.0,0.0,0.0,0.0
447442930459006701,0.0,0.0,0.0,0.0,0.0
447742930527213302,0.0,0.0,0.0,0.0,0.0
447842929222943602,0.0,0.0,0.0,0.0,0.0
447842930509520701,0.0,0.0,0.0,0.0,0.0
447942930459258802,0.0,0.0,0.0,0.0,0.0
448042928636802302,0.0,0.0,0.0,0.0,0.0
448242930159026302,2.9518072605133057,16.761474001556017,248.49377593360995,86.44935607910156,1391.2023796192343
448442930533817702,2.237499952316284,12.394104200160772,108.87092328892972,102.09329223632812,991.5283046090718
448642930531059601,0.0,0.0,0.0,0.0,0.0
448642930537036702,0.0,0.0,0.0,0.0,0.0
448742930530409801,0.0,0.0,0.0,0.0,0.0
448742930542480601,0.0,0.0,0.0,0.0,0.0
448942929424332001,0.0,0.0,0.0,0.0,0.0
448942930460387202,6.4666666984558105,135.0784715221774,912.1505376344086,137.72462463378906,4052.3540964844406
449042930480604502,0.0,0.0,0.0,0.0,0.0
449142930220905101,0.0,57.1824249507874,80.41633858267717,70.18795013427734,514.6418104597277
449342930472986802,0.0,0.0,0.0,0.0,0.0
449542930529138102,0.0,0.0,0.0,0.0,0.0
449542930541325102,3.0,1.0083054607108157,1.0083027867332068,0.14066191017627716,1.0083054607108157
449842930012267802,0.0,0.0,0.0,0.0,0.0
449942928143339102,0.0,0.0,0.0,0.0,0.0
451342928303933502,0.0,0.0,0.0,0.0,0.0
451342929091219502,0.0,0.0,0.0,0.0,0.0
451342929118629102,2.7419354915618896,5.440360640444222,99.91272675332095,39.68166732788086,505.9535445213454
451542930462958501,0.0,0.0,0.0,0.0,0.0
451642930515849801,0.0,0.0,0.0,0.0,0.0
451642930516655801,3.7272727489471436,12.831684004034464,90.00437636761488,15.330331802368164,141.14852177809834
451742930546667901,1.948453664779663,5.34876477200382,99.39893363043132,67.46480560302734,518.8301612523717
451842930530890901,0.0,0.0,0.0,0.0,0.0
451842930539712002,0.0,0.0,0.0,0.0,0.0
452042928113086902,0.0,0.0,0.0,0.0,0.0
452042929606028501,0.0,0.0,0.0,0.0,0.0
452042930474775901,0.0,0.0,0.0,0.0,0.0
452042930529364501,0.0,0.0,0.0,0.0,0.0
452142930534008702,1.0,0.3225212187094826,0.5801508722300801,0.09222797304391861,0.6450424518072622
452142930540910401,0.0,0.0,0.0,0.0,0.0
452242930543963002,0.0,0.0,0.0,0.0,0.0
452342930452739702,0.0,0.0,0.0,0.0,0.0
452342930540695301,0.0,0.0,0.0,0.0,0.0
452442930519503202,0.0,0.0,0.0,0.0,0.0
452542929012692802,0.0,0.0,0.0,0.0,0.0
452842930477818401,0.0,0.0,0.0,0.0,0.0
453142929766029601,0.0,0.0,0.0,0.0,0.0
453142930458014602,0.0,0.0,0.0,0.0,0.0
453142930460223101,0.0,0.0,0.0,0.0,0.0
453142930509752902,0.0,0.0,0.0,0.0,0.0
453242930549785802,0.0,0.0,0.0,0.0,0.0
453342930528236201,0.0,0.0,0.0,0.0,0.0
453442930510558902,0.0,0.0,0.0,0.0,0.0
453542930451520802,0.0,0.0,0.0,0.0,0.0
453642930536070902,0.0,0.0,0.0,0.0,0.0
453642930550812901,0.0,0.0,0.0,0.0,0.0
453742930460363401,0.0,0.0,0.0,0.0,0.0
453942928878217602,0.0,0.0,0.0,0.0,0.0
454242930477045102,0.0,0.0,0.0,0.0,0.0
454342930542587602,1.5,7.151683044577857,27.920960574832183,2.797788143157959,28.60673250146249
454442930458915501,0.0,0.0,0.0,0.0,0.0
454442930539269601,0.0,0.0,0.0,0.0,0.0
454842930525563501,3.303030252456665,7.214000944295397,145.2469641344253,94.44361114501953,714.1861145964318
454942930543521201,0.0,0.0,0.0,0.0,0.0
455042930478737701,0.0,0.0,0.0,0.0,0.0
455042930544365902,0.0,0.0,0.0,0.0,0.0
455142930449806501,4.666666507720947,9.095876556016597,140.51784232365145,73.00563049316406,600.3278517127532
455142930473987601,0.0,0.0,0.0,0.0,0.0
455142930475151802,0.0,0.0,0.0,0.0,0.0
455142930517384102,0.0,0.0,0.0,0.0,0.0
455242930508988402,0.0,0.0,0.0,0.0,0.0
455242930525565202,0.0,0.0,0.0,0.0,0.0
455542930543803602,0.0,0.0,0.0,0.0,0.0
455642930534616002,0.0,0.0,0.0,0.0,0.0
455742930464265902,0.0,0.0,0.0,0.0,0.0
455842928153642502,0.0,0.0,0.0,0.0,0.0
455842929927453401,0.0,0.0,0.0,0.0,0.0
455942930543789701,0.0,0.0,0.0,0.0,0.0
456042930456447502,0.0,0.0,0.0,0.0,0.0
456242929514231701,0.0,0.0,0.0,0.0,0.0
456342930536247302,0.0,0.0,0.0,0.0,0.0
456342930544849801,0.0,0.0,0.0,0.0,0.0
456442930460584501,4.084506988525391,11.808994802361397,245.7624914442163,75.15323638916016,838.438615398159
456542930453086802,0.0,0.0,0.0,0.0,0.0
456542930535531102,0.0,0.0,0.0,0.0,0.0
456742929213571201,1.2340425252914429,6.135359956224168,122.29736456157504,91.4321060180664,576.7238053503706
456842930461438101,0.0,0.0,0.0,0.0,0.0
456842930477211101,0.0,0.0,0.0,0.0,0.0
457142930456083901,0.0,0.0,0.0,0.0,0.0
457142930456139802,0.0,0.0,0.0,0.0,0.0
457142930525741002,0.0,0.0,0.0,0.0,0.0
457242930460414301,0.0,0.0,0.0,0.0,0.0
457542930525267002,0.0,0.0,0.0,0.0,0.0
457742930540380202,0.0,0.0,0.0,0.0,0.0
457842930454640301,0.0,0.0,0.0,0.0,0.0
457842930539063701,0.0,0.0,0.0,0.0,0.0
457942930459386202,0.0,0.0,0.0,0.0,0.0
457942930474542201,0.0,0.0,0.0,0.0,0.0
457942930531665701,0.0,0.0,0.0,0.0,0.0
458042930542087302,3.5714285373687744,11.870821453010949,80.84525547445256,4.300413131713867,83.09575066113995
458142930478821701,0.0,0.0,0.0,0.0,0.0
458242930524238502,0.0,0.0,0.0,0.0,0.0
458342930515579901,0.0,0.0,0.0,0.0,0.0
458442930457513502,0.0,0.0,0.0,0.0,0.0
458542930454771202,0.0,0.0,0.0,0.0,0.0
458842929605961902,0.0,0.0,0.0,0.0,0.0
458842930456663701,0.0,0.0,0.0,0.0,0.0
459042930546001801,0.0,0.0,0.0,0.0,0.0
459142930463034701,0.0,0.0,0.0,0.0,0.0
459242930454477302,0.0,0.0,0.0,0.0,0.0
459242930516648702,3.7272727489471436,7.387389114511122,77.94978098965682,37.86063766479492,406.30640757663826
459442930468001301,0.0,0.0,0.0,0.0,0.0
459542930463913602,0.0,0.0,0.0,0.0,0.0
459742930530104301,0.0,0.0,0.0,0.0,0.0
459742930534620601,0.0,0.0,0.0,0.0,0.0
459842930469084801,0.0,0.0,0.0,0.0,0.0
459842930475160701,0.0,0.0,0.0,0.0,0.0
459842930477617001,0.0,0.0,0.0,0.0,0.0
459842930509910101,0.0,0.0,0.0,0.0,0.0
459842930526608101,0.0,0.0,0.0,0.0,0.0
461142930540984802,0.0,0.0,0.0,0.0,0.0
461242930531454902,0.0,0.0,0.0,0.0,0.0
461242930532147401,0.0,0.0,0.0,0.0,0.0
461442928235811802,0.0,0.0,0.0,0.0,0.0
461742930456999102,0.0,0.0,0.0,0.0,0.0
461742930519807502,0.0,0.0,0.0,0.0,0.0
461742930549960301,4.386363506317139,29.738896563770325,294.4227642276423,79.8767318725586,1308.5114629668433
461842929550832801,0.0,0.0,0.0,0.0,0.0
461842930455301401,0.0,0.0,0.0,0.0,0.0
462042930475984002,0.0,0.0,0.0,0.0,0.0
462342927979813301,0.0,0.0,0.0,0.0,0.0
462342928855343602,0.0,0.0,0.0,0.0,0.0
462442930516228901,0.0,0.0,0.0,0.0,0.0
462542930518806401,2.125,7.836229270513804,79.88757668711656,61.87019729614258,564.2085119458064
462742930459340401,0.0,0.0,0.0,0.0,0.0
462742930542168801,0.0,0.0,0.0,0.0,0.0
462842930525650701,0.0,0.0,0.0,0.0,0.0
463042930545892301,0.0,0.0,0.0,0.0,0.0
463242930452818801,0.0,0.0,0.0,0.0,0.0
463242930517357101,0.0,0.0,0.0,0.0,0.0
463242930541785001,0.0,0.0,0.0,0.0,0.0
463342928232635702,0.0,0.0,0.0,0.0,0.0
463342930449213002,0.0,0.0,0.0,0.0,0.0
463342930478795301,0.0,0.0,0.0,0.0,0.0
463342930545461902,0.0,0.0,0.0,0.0,0.0
463442930549415502,0.0,0.0,0.0,0.0,0.0
463542928021859501,0.0,0.0,0.0,0.0,0.0
463542928932642301,0.0,0.0,0.0,0.0,0.0
463542930142380002,0.0,0.0,0.0,0.0,0.0
463542930468513501,0.0,0.0,0.0,0.0,0.0
463542930515915102,0.0,0.0,0.0,0.0,0.0
463742930457863702,4.958333492279053,17.417836432253313,387.40058910162,129.84779357910156,1254.0842150040685
463842928091046702,4.5,5.688523330073495,64.74016121384543,36.7855110168457,227.54093776827685
463942928119476901,0.0,0.0,0.0,0.0,0.0
463942929331512802,3.5714285373687744,5.634113438476944,19.055295037123877,5.352972984313965,39.43879499357163
463942930540578001,0.0,0.0,0.0,0.0,0.0
464242930478339501,0.0,0.0,0.0,0.0,0.0
464442930451305101,3.555555582046509,7.712248361151146,171.21023757496863,100.31761932373047,763.512612821822
464742928878383001,6.25,32.530176044474395,283.2210242587601,72.94303894042969,520.4828036490798
464842928168330801,0.0,0.0,0.0,0.0,0.0
464942930458282102,0.0,0.0,0.0,0.0,0.0
465042930548323001,0.0,0.0,0.0,0.0,0.0
465142930459723502,0.0,0.0,0.0,0.0,0.0
465242930476132702,0.0,0.0,0.0,0.0,0.0
465342930534731001,2.5,5.310197426142165,75.31214905564063,38.04793167114258,339.85263279812136
465442930525456901,0.0,0.0,0.0,0.0,0.0
465442930545557502,0.0,0.0,0.0,0.0,0.0
465742930536585001,0.0,0.0,0.0,0.0,0.0
465842930460001301,0.0,0.0,0.0,0.0,0.0
465842930528454901,0.0,0.0,0.0,0.0,0.0
466042928166732401,0.0,0.0,0.0,0.0,0.0
466142930526490301,0.0,0.0,0.0,0.0,0.0
466242930455505001,0.0,0.0,0.0,0.0,0.0
466242930525743701,0.0,0.0,0.0,0.0,0.0
466342930457832802,0.0,0.0,0.0,0.0,0.0
466342930461729302,1.4558823108673096,21.409918296174464,239.7485380116959,65.17803192138672,1455.8743885032848
466542930519226202,1.3636363744735718,22.032058358591136,198.27090301003344,35.036746978759766,484.70528634096866
466642930524025601,0.0,0.0,0.0,0.0,0.0
466642930525797101,0.0,0.0,0.0,0.0,0.0
466842930545666201,0.0,0.0,0.0,0.0,0.0
466942930458474701,0.0,0.0,0.0,0.0,0.0
467042930458964601,0.0,0.0,0.0,0.0,0.0
467042930546302601,1.9393939971923828,19.10713117732558,126.97674418604652,51.95143127441406,630.5353429445793
467142928570715002,0.0,0.0,0.0,0.0,0.0
467142930529166402,0.0,0.0,0.0,0.0,0.0
467142930541650701,0.0,0.0,0.0,0.0,0.0
467142930542033202,0.0,0.0,0.0,0.0,0.0
467142930549650102,0.0,0.0,0.0,0.0,0.0
467542930544167502,0.0,0.0,0.0,0.0,0.0
467642930475072302,0.0,0.0,0.0,0.0,0.0
468042930449809502,0.0,0.0,0.0,0.0,0.0
468042930473361702,0.0,0.0,0.0,0.0,0.0
468042930474736401,0.0,0.0,0.0,0.0,0.0
468042930518820101,0.0,0.0,0.0,0.0,0.0
468042930529448601,0.0,0.0,0.0,0.0,0.0
468242930509685501,0.0,0.0,0.0,0.0,0.0
468342930448583102,0.0,0.0,0.0,0.0,0.0
468442930460274501,0.0,0.0,0.0,0.0,0.0
468442930474428202,0.0,0.0,0.0,0.0,0.0
468642928800830101,33.79999923706055,0.659108440518202,3.2953937592867755,0.3446679711341858,3.2955423431623214
468742929127193901,0.0,0.0,0.0,0.0,0.0
468942930461994101,0.0,0.0,0.0,0.0,0.0
468942930529548902,0.0,0.0,0.0,0.0,0.0
469142930479823702,0.0,0.0,0.0,0.0,0.0
469142930532768202,0.0,0.0,0.0,0.0,0.0
469242930456536202,0.0,0.0,0.0,0.0,0.0
469242930464238102,0.0,0.0,0.0,0.0,0.0
469342930460128602,0.0,0.0,0.0,0.0,0.0
469442930476395602,0.0,0.0,0.0,0.0,0.0
469442930477083301,0.0,0.0,0.0,0.0,0.0
469542930534434102,0.0,0.0,0.0,0.0,0.0
469542930541619202,0.0,0.0,0.0,0.0,0.0
469642930530191302,0.0,0.0,0.0,0.0,0.0
469742930465097501,0.0,0.0,0.0,0.0,0.0
469742930471751402,0.0,0.0,0.0,0.0,0.0
469742930524778402,0.0,0.0,0.0,0.0,0.0
469842930547519201,0.0,0.0,0.0,0.0,0.0
471142930475783801,0.0,0.0,0.0,0.0,0.0
471142930508056702,0.0,0.0,0.0,0.0,0.0
471242928890508701,0.0,0.0,0.0,0.0,0.0
471242930517623201,0.0,0.0,0.0,0.0,0.0
471442930519177702,0.0,0.0,0.0,0.0,0.0
471442930532511302,0.0,0.0,0.0,0.0,0.0
471642929346172602,0.0,0.0,0.0,0.0,0.0
471642930518281602,0.0,0.0,0.0,0.0,0.0
471642930530253501,0.0,0.0,0.0,0.0,0.0
471742930459609601,0.0,0.0,0.0,0.0,0.0
471942930509142702,0.0,0.0,0.0,0.0,0.0
471942930548031302,0.0,0.0,0.0,0.0,0.0
472042930464677601,0.0,0.0,0.0,0.0,0.0
472142930468182101,0.0,0.0,0.0,0.0,0.0
472142930475906602,0.0,0.0,0.0,0.0,0.0
472142930518773901,0.0,0.0,0.0,0.0,0.0
472142930532073701,2.0,2.5539810560316303,2.5537321334039174,0.2658938765525818,2.5539810560316303
472242930480688601,0.0,0.0,0.0,0.0,0.0
472442929189265702,0.0,0.0,0.0,0.0,0.0
472442930516125302,0.0,0.0,0.0,0.0,0.0
472442930526224901,3.0,1.4693769154441318,2.689710610932476,0.300873726606369,2.938753870139168
472442930533753802,0.0,0.0,0.0,0.0,0.0
472542930523904701,0.0,0.0,0.0,0.0,0.0
472542930528826501,0.0,0.0,0.0,0.0,0.0
472742930528923302,0.0,0.0,0.0,0.0,0.0
472842930524195801,0.0,0.0,0.0,0.0,0.0
472842930529543301,0.0,0.0,0.0,0.0,0.0
472842930533150401,0.0,0.0,0.0,0.0,0.0
472942930480232901,0.0,0.0,0.0,0.0,0.0
472942930525044502,0.0,0.0,0.0,0.0,0.0
473042930452072501,0.0,0.0,0.0,0.0,0.0
473142930458053402,0.0,0.0,0.0,0.0,0.0
473142930532079502,0.0,0.0,0.0,0.0,0.0
473642929189480701,0.0,0.0,0.0,0.0,0.0
473742930453944302,0.0,0.0,0.0,0.0,0.0
473742930525907602,0.0,0.0,0.0,0.0,0.0
474042930462750101,0.0,0.0,0.0,0.0,0.0
474142930476260601,0.0,0.0,0.0,0.0,0.0
474142930545496402,0.0,0.0,0.0,0.0,0.0
474242928759826901,0.0,0.0,0.0,0.0,0.0
474342927929265602,0.0,0.0,0.0,0.0,0.0
474442930463813901,4.166666507720947,9.79386118685885,151.35964160498636,54.158748626708984,587.6316608828703
474742928592599302,0.0,0.0,0.0,0.0,0.0
474742930523946102,0.0,0.0,0.0,0.0,0.0
474742930545769002,0.0,0.0,0.0,0.0,0.0
474942930448140102,0.0,0.0,0.0,0.0,0.0
474942930480281202,0.0,0.0,0.0,0.0,0.0
474942930522669201,0.0,0.0,0.0,0.0,0.0
475042930549926102,0.0,0.0,0.0,0.0,0.0
475142930465272501,0.0,0.0,0.0,0.0,0.0
475142930527132602,0.0,0.0,0.0,0.0,0.0
475342930533480402,0.0,0.0,0.0,0.0,0.0
475342930545136301,0.0,0.0,0.0,0.0,0.0
475442930472575302,1.144736886024475,16.129378155964176,101.42682926829268,88.32181549072266,1225.832693204647
475742930461738401,5.465116500854492,10.841701698147011,84.36076986076986,55.37089538574219,466.1931762882767
475942930516528102,0.0,0.0,0.0,0.0,0.0
476142930470075602,0.0,0.0,0.0,0.0,0.0
476142930475967801,0.0,0.0,0.0,0.0,0.0
476142930527268702,0.0,0.0,0.0,0.0,0.0
476242930528458102,0.0,0.0,0.0,0.0,0.0
476342930515666102,0.0,0.0,0.0,0.0,0.0
476342930519796601,0.0,0.0,0.0,0.0,0.0
476442928043634301,0.0,0.0,0.0,0.0,0.0
476442930537266702,0.0,0.0,0.0,0.0,0.0
476542930460255501,0.0,0.0,0.0,0.0,0.0
476542930469712102,0.0,0.0,0.0,0.0,0.0
476642930454569401,0.0,0.0,0.0,0.0,0.0
476642930543979702,0.0,0.0,0.0,0.0,0.0
476742930465546201,4.0,6.68029211510023,26.504107788366742,5.954038143157959,60.1226318038454
476942930455668701,0.0,0.0,0.0,0.0,0.0
476942930460860902,0.0,46.39061970015603,46.390611220405674,3.6778345108032227,46.39061970015603
476942930540885102,0.0,0.0,0.0,0.0,0.0
477042930542571901,0.0,0.0,0.0,0.0,0.0
477242930476480602,0.0,0.0,0.0,0.0,0.0
477342930525142301,0.0,0.0,0.0,0.0,0.0
477342930528510302,0.0,0.0,0.0,0.0,0.0
477442930476772902,0.0,0.0,0.0,0.0,0.0
477542927917445902,0.0,0.0,0.0,0.0,0.0
477542930455038201,3.866666555404663,7.819906332009363,122.70707142350521,88.7538833618164,703.7915809978213
478042929000168302,0.0,0.0,0.0,0.0,0.0
478142928664127601,0.0,0.0,0.0,0.0,0.0
478142930455427601,0.0,0.0,0.0,0.0,0.0
478142930524314602,0.0,0.0,0.0,0.0,0.0
478242929417495501,0.0,0.0,0.0,0.0,0.0
478542930459497102,0.0,0.0,0.0,0.0,0.0
478642930509156802,0.0,0.0,0.0,0.0,0.0
478742930520008402,0.0,0.0,0.0,0.0,0.0
478842930456813102,0.0,0.0,0.0,0.0,0.0
478842930539445902,0.0,0.0,0.0,0.0,0.0
479042929762446002,0.0,0.0,0.0,0.0,0.0
479142930544767301,0.0,0.0,0.0,0.0,0.0
479242928592717301,0.0,0.0,0.0,0.0,0.0
479242930531187502,0.0,0.0,0.0,0.0,0.0
479342930540753401,0.0,0.0,0.0,0.0,0.0
479542930517473801,0.0,0.0,0.0,0.0,0.0
479542930544388701,0.0,0.0,0.0,0.0,0.0
479642929056654202,2.136752128601074,7.946295963098665,161.75006542789845,93.87883758544922,929.7166116049825
479642930474220501,2.7701148986816406,8.576530574800376,149.50962893377172,88.45052337646484,746.1581420542321
481142930475809902,0.0,0.0,0.0,0.0,0.0
481242929456826602,0.0,0.0,0.0,0.0,0.0
481242930451908901,0.0,0.0,0.0,0.0,0.0
481242930531757002,0.0,0.0,0.0,0.0,0.0
481342930459210702,0.0,0.0,0.0,0.0,0.0
481442929372930702,0.0,0.0,0.0,0.0,0.0
481442930520024901,0.0,0.0,0.0,0.0,0.0
481542930531340702,4.404255390167236,79.93317945075758,821.3818181818182,123.91736602783203,3756.859367416844
481642928135551001,0.0,0.0,0.0,0.0,0.0
481642928988313701,0.0,0.0,0.0,0.0,0.0
481842928748805202,0.0,0.0,0.0,0.0,0.0
481842930453811401,0.0,0.0,0.0,0.0,0.0
482542930460807101,4.275000095367432,14.610121201157742,156.60926193921853,33.08310317993164,584.4048548697045
482642930450734601,0.0,0.0,0.0,0.0,0.0
482642930452915102,0.0,0.0,0.0,0.0,0.0
482642930549279601,0.0,0.0,0.0,0.0,0.0
482742930509292102,0.0,0.0,0.0,0.0,0.0
482742930542291101,3.596153736114502,3.7421387357026146,46.865947712418304,20.351318359375,194.59121148402394
482842928210538302,0.0,0.0,0.0,0.0,0.0
483042929346456101,0.0,0.0,0.0,0.0,0.0
483142930461766602,0.0,0.0,0.0,0.0,0.0
483142930477796401,0.0,0.0,0.0,0.0,0.0
483342930462087002,0.0,0.0,0.0,0.0,0.0
483342930545459401,0.0,0.0,0.0,0.0,0.0
483442930464676302,0.0,0.0,0.0,0.0,0.0
483442930474998302,0.0,0.0,0.0,0.0,0.0
483442930545936002,0.0,0.0,0.0,0.0,0.0
483542930480032801,2.987804889678955,5.743059871785765,147.92278732774543,38.435401916503906,470.930932031028
483642930475599001,0.0,0.0,0.0,0.0,0.0
483742930523610901,1.9213483333587646,13.01356456043956,228.29847571783057,79.82731628417969,1158.207282660321
483842930469690901,0.0,0.0,0.0,0.0,0.0
484042930520073202,0.0,0.0,0.0,0.0,0.0
484142928135303102,0.0,0.0,0.0,0.0,0.0
484142930463468802,0.0,0.0,0.0,0.0,0.0
484142930528446901,0.0,0.20824656393169513,0.20824656393169513,0.025444982573390007,0.20824656393169513
484342930479147702,0.0,0.0,0.0,0.0,0.0
484342930531945101,0.0,0.0,0.0,0.0,0.0
484342930533303902,0.0,0.0,0.0,0.0,0.0
484342930543059601,0.0,0.0,0.0,0.0,0.0
484542928130607802,2.512195110321045,8.145269033674964,133.95295895716242,62.85426712036133,667.9120724938878
484542929606003201,0.0,0.0,0.0,0.0,0.0
484542930539665602,0.0,0.0,0.0,0.0,0.0
484842930465435302,0.0,0.0,0.0,0.0,0.0
485142930531284002,0.0,0.0,0.0,0.0,0.0
485342930532723502,0.0,0.0,0.0,0.0,0.0
485442930518017002,0.0,0.0,0.0,0.0,0.0
485542930527680002,0.0,0.0,0.0,0.0,0.0
485742930509804102,0.0,0.0,0.0,0.0,0.0
485742930524663902,0.0,0.0,0.0,0.0,0.0
485942930543984301,0.0,0.0,0.0,0.0,0.0
486042928726241301,0.0,0.0,0.0,0.0,0.0
486042930519717701,4.440000057220459,23.09089115123057,184.0034542314335,51.176944732666016,577.27227190245
486042930528603402,0.0,0.0,0.0,0.0,0.0
486242930517171402,3.4193549156188965,6.1513207208968845,83.9748403076522,49.05757141113281,381.3818918088163
486442930534310301,0.0,0.0,0.0,0.0,0.0
486542930464426302,0.0,0.0,0.0,0.0,0.0
486542930515998601,0.0,0.0,0.0,0.0,0.0
486942930462033301,0.0,0.0,0.0,0.0,0.0
486942930472886702,0.0,0.0,0.0,0.0,0.0
486942930508703401,3.6046512126922607,6.167754303889691,85.51602153294027,62.644893646240234,530.4268697590087
487042930539321401,0.0,0.0,0.0,0.0,0.0
487042930550701502,0.0,0.0,0.0,0.0,0.0
487142930459698301,3.769230842590332,6.103320472315665,149.1370124556778,74.0359115600586,555.40213425663
487142930510011501,0.0,0.0,0.0,0.0,0.0
487242930477163901,1.2000000476837158,9.78851389142544,227.0002739475847,128.153076171875,832.0237012836511
487342930526627602,0.0,0.0,0.0,0.0,0.0
487542930524247701,0.0,0.0,0.0,0.0,0.0
487642929606077601,0.0,0.0,0.0,0.0,0.0
488242930530102402,0.0,0.0,0.0,0.0,0.0
488442930479218601,0.0,0.0,0.0,0.0,0.0
488542930464707902,0.0,0.0,0.0,0.0,0.0
488642930527052801,0.0,0.0,0.0,0.0,0.0
488642930543643901,3.5081968307495117,10.57388580026798,154.9875518672199,50.33375549316406,645.0070380689692
488742930458242901,0.0,0.0,0.0,0.0,0.0
488842930530153101,0.0,0.0,0.0,0.0,0.0
488942930477242701,0.0,0.0,0.0,0.0,0.0
489042930480486501,0.0,0.0,0.0,0.0,0.0
489142930460620301,0.0,0.0,0.0,0.0,0.0
489242930532832001,0.0,0.0,0.0,0.0,0.0
489342930137664202,0.0,0.0,0.0,0.0,0.0
489442930526872502,0.0,0.0,0.0,0.0,0.0
489542930456386201,0.0,0.0,0.0,0.0,0.0
489542930475798102,0.0,0.0,0.0,0.0,0.0
489642928042122902,0.0,2.288819725562567,21.957971187046077,12.247184753417969,86.97514893915245
489942930465090901,4.941176414489746,11.930078697484124,93.55007327796775,11.851237297058105,202.81133578868395
489942930509169701,7.25,6.3051062160786975,47.587516960651286,11.122506141662598,75.66127504843061
491142930509202201,0.0,0.0,0.0,0.0,0.0
491642930546620901,0.0,0.0,0.0,0.0,0.0
491642930546647202,0.0,0.0,0.0,0.0,0.0
491842930510073702,0.0,0.0,0.0,0.0,0.0
492442930546128301,0.0,0.0,0.0,0.0,0.0
492842930316851101,0.0,0.0,0.0,0.0,0.0
492942928623687402,0.0,0.0,0.0,0.0,0.0
492942929501728001,0.0,0.0,0.0,0.0,0.0
492942930452864802,0.0,0.0,0.0,0.0,0.0
493042930456094501,4.166666507720947,10.397485250259336,49.32088520055325,5.327354431152344,62.38491183923323
493042930526748301,0.0,0.0,0.0,0.0,0.0
493142930475772302,0.0,0.0,0.0,0.0,0.0
493142930480139801,0.0,0.0,0.0,0.0,0.0
493142930515680001,0.0,0.0,0.0,0.0,0.0
493142930524205602,0.0,0.0,0.0,0.0,0.0
493242928890484801,7.0,51.411376953125,149.9,10.65938949584961,205.6455042521159
493242929649304202,0.0,0.0,0.0,0.0,0.0
493242930453365101,0.0,0.0,0.0,0.0,0.0
493442930510933301,0.0,0.0,0.0,0.0,0.0
493842930454422501,0.0,0.0,0.0,0.0,0.0
493842930458372701,0.0,0.0,0.0,0.0,0.0
494042930525265502,3.028846263885498,5.58763985114889,183.6959323086477,71.61152648925781,581.1145299311252
494042930533700802,0.0,0.0,0.0,0.0,0.0
494542930520051801,0.0,0.0,0.0,0.0,0.0
494542930526270702,0.0,0.0,0.0,0.0,0.0
494842929189434001,4.4285712242126465,16.869020335291733,189.43030794165315,106.98684692382812,1298.9145506551336
494842930458101002,0.0,0.0,0.0,0.0,0.0
494942930527841402,0.0,0.0,0.0,0.0,0.0
495042930461272602,0.0,0.0,0.0,0.0,0.0
495242930523127401,0.0,0.0,0.0,0.0,0.0
495242930543124302,4.142857074737549,13.63338272838822,107.75110829639011,17.449302673339844,190.86735956120748
495342930475809001,0.0,0.0,0.0,0.0,0.0
495442930462856202,1.5,6.450229855371901,12.14710743801653,1.3633923530578613,12.900459710743801
495542930526511702,0.0,0.0,0.0,0.0,0.0
495742930516585401,5.777777671813965,7.569148277168844,68.12251243781094,5.044341564178467,68.12233216015261
495842930477300401,0.0,0.0,0.0,0.0,0.0
495842930532802501,0.0,0.0,0.0,0.0,0.0
495942930458591402,0.0,0.0,0.0,0.0,0.0
495942930536112302,0.0,0.0,0.0,0.0,0.0
496042930477707602,0.0,0.0,0.0,0.0,0.0
496142929194472102,0.0,0.0,0.0,0.0,0.0
496142930477137102,0.0,0.0,0.0,0.0,0.0
496142930536425402,0.0,0.0,0.0,0.0,0.0
496542930515960801,0.0,0.0,0.0,0.0,0.0
496542930526051401,1.0,5.8386960677870094,5.838620342396777,0.8054571747779846,5.8386960677870094
496642930459468201,0.0,0.0,0.0,0.0,0.0
496642930543573801,0.0,0.0,0.0,0.0,0.0
496842930471698401,0.0,0.0,0.0,0.0,0.0
497142929704040602,0.0,0.0,0.0,0.0,0.0
497142930458518502,0.0,0.0,0.0,0.0,0.0
497142930465289301,0.0,0.0,0.0,0.0,0.0
497142930521572401,0.0,0.0,0.0,0.0,0.0
497242930524416802,0.0,0.0,0.0,0.0,0.0
497342930545824601,3.0,4.007558768308483,36.00698302553855,18.030683517456055,140.26455872966542
497442928304094101,0.0,0.0,0.0,0.0,0.0
497442930480371302,0.0,0.0,0.0,0.0,0.0
497542930526277002,0.0,0.0,0.0,0.0,0.0
497642928726688401,0.0,0.0,0.0,0.0,0.0
497642929013014901,0.0,0.0,0.0,0.0,0.0
497942930474576401,0.0,0.0,0.0,0.0,0.0
498142930526916802,0.0,0.0,0.0,0.0,0.0
498442930448451801,0.0,0.0,0.0,0.0,0.0
498742930476930701,0.0,0.0,0.0,0.0,0.0
498742930535870002,0.0,0.0,0.0,0.0,0.0
498942930455821102,0.0,0.0,0.0,0.0,0.0
498942930509485002,0.0,0.0,0.0,0.0,0.0
499042930470319801,0.0,0.0,0.0,0.0,0.0
499142930456531901,0.0,0.0,0.0,0.0,0.0
499242930548738301,0.0,0.0,0.0,0.0,0.0
499342928759319702,0.0,0.0,0.0,0.0,0.0
499342929816166302,0.0,0.0,0.0,0.0,0.0
499442929684697002,60.400001525878906,0.02049153430180454,0.09840120130730501,0.016166474670171738,0.10245767555251419
499742930529461601,0.0,0.0,0.0,0.0,0.0
499942928726148601,0.0,0.0,0.0,0.0,0.0
499942930478076302,0.0,0.0,0.0,0.0,0.0
501242930542373002,0.0,0.0,0.0,0.0,0.0
501342930530242201,0.0,0.0,0.0,0.0,0.0
501442928865230702,0.0,0.0,0.0,0.0,0.0
501442929743318701,0.0,0.0,0.0,0.0,0.0
501942928159244701,0.0,0.0,0.0,0.0,0.0
502142930454972402,0.0,0.0,0.0,0.0,0.0
502242930519922101,0.0,0.0,0.0,0.0,0.0
502342930462673302,0.0,0.0,0.0,0.0,0.0
502342930526203701,3.492537260055542,7.450473160282258,147.74193548387098,54.92787551879883,499.18169874621975
502442930518077802,0.0,0.0,0.0,0.0,0.0
502442930530766202,0.0,0.0,0.0,0.0,0.0
502742930470765201,0.0,0.0,0.0,0.0,0.0
503042929331684901,0.0,0.0,0.0,0.0,0.0
503142930507893702,0.0,0.0,0.0,0.0,0.0
503342929284336901,0.0,0.0,0.0,0.0,0.0
503342930510069202,0.0,0.0,0.0,0.0,0.0
503442930457501602,0.0,0.0,0.0,0.0,0.0
503442930542795201,0.0,0.0,0.0,0.0,0.0
503542930544768701,0.0,0.0,0.0,0.0,0.0
503542930548255301,0.0,0.0,0.0,0.0,0.0
503642930289255802,0.0,0.0,0.0,0.0,0.0
503642930453436801,0.0,0.0,0.0,0.0,0.0
503642930474418101,0.0,0.0,0.0,0.0,0.0
503742930525386401,0.0,0.0,0.0,0.0,0.0
503942930478925301,0.0,0.0,0.0,0.0,0.0
503942930528397202,0.0,0.0,0.0,0.0,0.0
503942930549548401,0.0,0.0,0.0,0.0,0.0
504042930542576202,0.0,0.0,0.0,0.0,0.0
504142930451421902,3.0,15.971526528776979,50.1242206235012,11.348112106323242,127.77220684389988
504342930526925301,0.9464285969734192,9.28183647260274,44.13232876712329,58.541038513183594,519.7828126839415
504642930530044501,0.0,0.0,0.0,0.0,0.0
504642930538397802,0.0,0.0,0.0,0.0,0.0
504842930464703201,0.0,0.0,0.0,0.0,0.0
504942930451255101,0.0,0.0,0.0,0.0,0.0
504942930544768102,0.0,0.0,0.0,0.0,0.0
505142928247005002,0.0,0.0,0.0,0.0,0.0
505242930517313502,0.0,0.0,0.0,0.0,0.0
505242930543535301,0.0,0.0,0.0,0.0,0.0
505342930478257402,0.0,0.0,0.0,0.0,0.0
505342930532382802,0.0,0.0,0.0,0.0,0.0
505542930457376602,0.0,0.0,0.0,0.0,0.0
505642930531559201,4.666666507720947,30.130642112241972,55.76146788990825,6.444998741149902,90.3919252168148
505742930454327802,0.0,0.0,0.0,0.0,0.0
505842930526220202,0.0,0.0,0.0,0.0,0.0
505942930528910001,0.0,0.0,0.0,0.0,0.0
506042929166340601,0.0,0.0,0.0,0.0,0.0
506142930545523801,0.0,0.0,0.0,0.0,0.0
506242930535157402,0.0,0.0,0.0,0.0,0.0
506442930460633701,2.5701754093170166,6.557436477803738,85.89522326064382,74.82954406738281,747.5477374854241
506442930463838902,2.692307710647583,4.301128099083844,148.37427814684557,67.61370849609375,559.1466692587063
506442930519662001,0.0,0.0,0.0,0.0,0.0
506442930539820501,0.0,0.0,0.0,0.0,0.0
506542929012850302,0.0,0.0,0.0,0.0,0.0
506642930510412501,0.0,0.0,0.0,0.0,0.0
506642930542825801,0.0,0.0,0.0,0.0,0.0
506742930463954401,3.5416667461395264,9.619002656180205,72.37559823878502,20.609731674194336,230.8560570181386
506842930476150901,0.0,0.0,0.0,0.0,0.0
506842930543581002,1.4390244483947754,6.082049181746792,191.4829023714314,54.153446197509766,748.0920328154778
506942930473639902,0.0,0.0,0.0,0.0,0.0
507242930478677602,0.0,0.0,0.0,0.0,0.0
507342930452489501,0.0,0.0,0.0,0.0,0.0
507442928025464301,0.0,0.0,0.0,0.0,0.0
507442930534261702,0.0,0.0,0.0,0.0,0.0
507442930538366402,0.0,0.0,0.0,0.0,0.0
507542930459442602,0.0,0.0,0.0,0.0,0.0
507542930465039802,0.0,0.0,0.0,0.0,0.0
507642930462577801,0.0,0.0,0.0,0.0,0.0
507642930475155102,0.0,0.0,0.0,0.0,0.0
507642930539035801,0.0,0.0,0.0,0.0,0.0
507742930453695202,0.0,0.0,0.0,0.0,0.0
507742930476257801,0.0,0.0,0.0,0.0,0.0
507742930522315701,0.0,0.0,0.0,0.0,0.0
507842930477223801,0.0,0.0,0.0,0.0,0.0
507842930515435302,0.0,0.0,0.0,0.0,0.0
507842930520627202,0.0,0.0,0.0,0.0,0.0
507942930524452702,0.0,0.0,0.0,0.0,0.0
508042930460964002,0.0,0.0,0.0,0.0,0.0
508542930520963101,0.0,0.0,0.0,0.0,0.0
508642930461811801,0.0,0.0,0.0,0.0,0.0
508642930477069102,0.0,0.0,0.0,0.0,0.0
508942930526551501,0.0,0.0,0.0,0.0,0.0
509042930526340202,0.0,0.0,0.0,0.0,0.0
509042930533248102,0.0,0.0,0.0,0.0,0.0
509342930474233502,2.2093024253845215,10.543635280567473,76.02340093603745,36.02735900878906,453.3763197305236
509342930516309802,0.0,0.0,0.0,0.0,0.0
509542930448255401,0.0,0.0,0.0,0.0,0.0
509542930541584802,0.0,0.0,0.0,0.0,0.0
509542930544989402,0.0,0.0,0.0,0.0,0.0
509642928052225901,0.0,0.0,0.0,0.0,0.0
509642930450791502,0.0,0.0,0.0,0.0,0.0
509642930520079401,0.0,0.0,0.0,0.0,0.0
509842930528199402,0.0,0.0,0.0,0.0,0.0
509942930458318801,0.0,0.0,0.0,0.0,0.0
509942930516833901,0.0,0.0,0.0,0.0,0.0
511242929721432102,0.0,0.0,0.0,0.0,0.0
511242930527800702,0.0,0.0,0.0,0.0,0.0
511342929613283702,0.0,0.0,0.0,0.0,0.0
511342930541133801,0.0,0.0,0.0,0.0,0.0
511742930476524002,0.0,0.0,0.0,0.0,0.0
511942930549594601,0.0,0.0,0.0,0.0,0.0
512042930474491802,0.0,0.0,0.0,0.0,0.0
512142930450743102,0.0,0.0,0.0,0.0,0.0
512142930510216902,0.0,0.0,0.0,0.0,0.0
512242930456751602,0.0,0.0,0.0,0.0,0.0
512242930517231702,0.0,0.0,0.0,0.0,0.0
512242930532860401,0.0,0.0,0.0,0.0,0.0
512342930524586101,0.0,0.0,0.0,0.0,0.0
512442930533583302,5.142857074737549,20.953476526629935,219.05417814508723,72.55071258544922,1026.7203274701471
512542930034890302,0.0,0.0,0.0,0.0,0.0
512542930447428101,0.0,0.0,0.0,0.0,0.0
512542930475376202,0.0,0.0,0.0,0.0,0.0
512642930457716302,6.0,81.72915134803921,144.53856209150328,10.086796760559082,163.45830269607842
512742930537291401,0.0,0.0,0.0,0.0,0.0
512942930466301102,0.0,0.0,0.0,0.0,0.0
513042930464313501,0.0,0.0,0.0,0.0,0.0
513142930464625601,0.0,0.0,0.0,0.0,0.0
513242930478886801,4.607842922210693,5.758152257548244,62.44710843002677,43.736114501953125,293.6657596102184
513242930526360602,0.0,23.537080776270457,0.0,2.281770706176758,23.537080776270457
513342930456017302,0.0,0.0,0.0,0.0,0.0
513542930532871401,0.0,0.0,0.0,0.0,0.0
513742929664075601,0.0,0.0,0.0,0.0,0.0
513842930529817001,0.0,0.0,0.0,0.0,0.0
513842930547240801,3.222222328186035,8.428725730343833,168.8603029574417,76.90750885009766,834.4438387496335
514042930450771701,0.0,0.0,0.0,0.0,0.0
514042930480452202,0.0,0.0,0.0,0.0,0.0
514142930543922802,0.0,0.0,0.0,0.0,0.0
514242930474094101,0.0,0.0,0.0,0.0,0.0
514242930529829401,0.0,0.0,0.0,0.0,0.0
514342928021819501,0.0,0.0,0.0,0.0,0.0
514342930516646901,0.0,0.0,0.0,0.0,0.0
514342930544960202,0.0,0.0,0.0,0.0,0.0
514342930547228702,0.0,0.0,0.0,0.0,0.0
514442930477650702,0.0,0.0,0.0,0.0,0.0
514642930517490501,170.0,0.6770242495596187,1.3541621149224383,0.14197060465812683,1.3540484991192374
514942930450840302,0.0,0.0,0.0,0.0,0.0
515042930519916902,0.0,0.0,0.0,0.0,0.0
515042930548602902,0.0,0.0,0.0,0.0,0.0
515142930476508902,3.4210526943206787,8.40717859639923,102.38419856668415,18.329139709472656,159.73639115085345
515242930464587302,0.0,0.0,0.0,0.0,0.0
515442930527986401,2.492063522338867,11.2860737386668,312.6260488225303,77.731201171875,711.0226754069573
515542930461758002,0.0,0.0,0.0,0.0,0.0
515542930522168902,0.0,0.0,0.0,0.0,0.0
515642930516671402,0.0,0.0,0.0,0.0,0.0
515642930545201102,0.0,0.0,0.0,0.0,0.0
515742929303612002,0.0,0.0,0.0,0.0,0.0
515742930508268002,0.0,0.0,0.0,0.0,0.0
515742930516762801,0.0,0.0,0.0,0.0,0.0
515742930519307902,0.0,0.0,0.0,0.0,0.0
515842930509301901,0.0,0.0,0.0,0.0,0.0
515942930475211801,0.0,0.0,0.0,0.0,0.0
516142930459157302,0.0,0.0,0.0,0.0,0.0
516242929991282201,1.9677419662475586,14.865609004579742,460.83620689655174,26.50416374206543,460.8338640989928
516242930526581001,0.0,0.0,0.0,0.0,0.0
516342930518380501,0.0,0.0,0.0,0.0,0.0
516542930462044701,0.0,0.0,0.0,0.0,0.0
516542930545901402,0.0,0.0,0.0,0.0,0.0
516642930538134302,0.0,0.0,0.0,0.0,0.0
516942930536217702,0.0,0.0,0.0,0.0,0.0
517042930456397402,0.0,0.0,0.0,0.0,0.0
517542930447311702,0.0,0.0,0.0,0.0,0.0
517542930543913501,0.0,0.0,0.0,0.0,0.0
517642930456732001,0.0,0.0,0.0,0.0,0.0
517742929083253102,1.7837837934494019,8.525610327681774,59.91522660580372,110.36328125,630.8951663980275
517742930459785702,0.0,0.0,0.0,0.0,0.0
517842930545188702,3.108433723449707,7.345176605398931,91.38161046618758,77.29097747802734,609.6496787393688
517942930509245701,0.0,0.0,0.0,0.0,0.0
518142930464255502,0.0,0.0,0.0,0.0,0.0
518242929696964301,0.0,0.0,0.0,0.0,0.0
518242930460910601,0.0,0.0,0.0,0.0,0.0
518242930480673301,0.0,0.0,0.0,0.0,0.0
518242930524234402,0.0,0.0,0.0,0.0,0.0
518242930534219002,3.0307693481445312,5.682056341144736,95.06267385990053,49.574405670166016,369.3336754672362
518542930531123101,0.0,0.0,0.0,0.0,0.0
518642930518090401,0.0,0.0,0.0,0.0,0.0
518842930459553101,0.0,0.0,0.0,0.0,0.0
518842930547093602,0.0,0.0,0.0,0.0,0.0
518942930456292602,0.0,0.0,0.0,0.0,0.0
519142930450171602,0.0,0.0,0.0,0.0,0.0
519142930454298802,0.0,0.0,0.0,0.0,0.0
519242930535055702,0.0,0.0,0.0,0.0,0.0
519542930470388902,0.0,0.0,0.0,0.0,0.0
519542930528475701,0.0,0.0,0.0,0.0,0.0
519742930461844302,0.0,0.0,0.0,0.0,0.0
519842930451311602,4.3114752769470215,11.023805309038268,148.12084592145015,84.00438690185547,672.452134857485
519842930473770402,0.0,0.0,0.0,0.0,0.0
519842930527443702,0.0,0.0,0.0,0.0,0.0
521242930456422201,0.0,0.0,0.0,0.0,0.0
521342929543705902,0.0,0.0,0.0,0.0,0.0
521442930446384001,0.0,0.0,0.0,0.0,0.0
521442930516243902,0.0,0.0,0.0,0.0,0.0
521442930550695802,0.0,0.0,0.0,0.0,0.0
521642929820882502,0.0,0.0,0.0,0.0,0.0
521642930466537502,0.0,0.0,0.0,0.0,0.0
521642930529911802,2.777777671813965,15.894407393292683,325.66439024390246,0.0,715.248335020484
521742929248984702,0.0,0.0,0.0,0.0,0.0
521742930289474802,1.7362637519836426,10.88995431544389,161.84415020620796,78.28483581542969,990.985834681861
521742930476572201,0.0,0.0,0.0,0.0,0.0
521842930464664801,0.0,0.0,0.0,0.0,0.0
521942930518970902,0.0,0.0,0.0,0.0,0.0
522042930476800702,0.0,0.0,0.0,0.0,0.0
522142930469906601,0.0,0.0,0.0,0.0,0.0
522142930516375802,0.0,0.0,0.0,0.0,0.0
522242930459711202,0.0,0.0,0.0,0.0,0.0
522342930544686501,0.0,0.0,0.0,0.0,0.0
522642930515876402,0.0,0.0,0.0,0.0,0.0
522742930531960302,0.0,0.0,0.0,0.0,0.0
523042930525975001,0.0,0.0,0.0,0.0,0.0
523042930539813501,4.224137783050537,10.436118491990142,134.41065927295134,62.253292083740234,605.2948745473695
523242930476453102,0.0,0.0,0.0,0.0,0.0
523242930533811701,0.0,0.0,0.0,0.0,0.0
523242930549913201,0.0,0.0,0.0,0.0,0.0
523342930527468302,0.0,0.0,0.0,0.0,0.0
523442930464798501,0.0,0.0,0.0,0.0,0.0
523442930543257102,5.0,4.4345209160978065,4.434646374216651,0.6309136748313904,4.4345209160978065
523542930517232102,0.0,0.0,0.0,0.0,0.0
523542930542853201,0.0,0.0,0.0,0.0,0.0
523742930476968902,0.0,0.0,0.0,0.0,0.0
523742930530552602,0.0,0.0,0.0,0.0,0.0
523942930477531001,0.0,0.0,0.0,0.0,0.0
523942930545877502,0.0,0.0,0.0,0.0,0.0
524042930530774101,0.0,0.0,0.0,0.0,0.0
524242930532164301,0.0,0.0,0.0,0.0,0.0
524342930456612601,1.9673912525177002,6.660072952256126,76.00942507068802,69.50100708007812,612.7267317992129
524442927921789101,0.0,0.0,0.0,0.0,0.0
524442930457683001,0.0,0.0,0.0,0.0,0.0
524542929644301002,0.0,0.0,0.0,0.0,0.0
524542930448041102,0.0,0.0,0.0,0.0,0.0
524542930453022401,0.0,0.0,0.0,0.0,0.0
524542930510187201,0.0,0.0,0.0,0.0,0.0
524542930517113001,0.0,0.0,0.0,0.0,0.0
524642929946600601,0.0,0.0,0.0,0.0,0.0
524642930507929602,0.0,0.0,0.0,0.0,0.0
524742930524493501,0.0,0.0,0.0,0.0,0.0
524742930524888502,0.0,0.0,0.0,0.0,0.0
524842930468636502,0.0,0.0,0.0,0.0,0.0
524842930525479102,0.0,0.0,0.0,0.0,0.0
524842930532705901,0.0,0.0,0.0,0.0,0.0
524942930528164202,0.0,0.0,0.0,0.0,0.0
525242930456243101,0.0,0.0,0.0,0.0,0.0
525242930476598501,0.0,0.0,0.0,0.0,0.0
525542929991226701,0.0,0.0,0.0,0.0,0.0
525542930519128501,0.0,0.0,0.0,0.0,0.0
525642930457580101,0.0,0.0,0.0,0.0,0.0
525642930515445502,0.0,0.0,0.0,0.0,0.0
525742930462141902,0.0,0.0,0.0,0.0,0.0
525842930515830002,0.0,0.0,0.0,0.0,0.0
525942929013002102,0.0,0.0,0.0,0.0,0.0
525942930534269801,0.0,0.0,0.0,0.0,0.0
526142930525745102,0.0,0.0,0.0,0.0,0.0
526242930448845701,0.0,0.0,0.0,0.0,0.0
526342930527313402,0.0,0.0,0.0,0.0,0.0
526442930528398402,0.0,0.0,0.0,0.0,0.0
526442930545311801,0.0,0.0,0.0,0.0,0.0
526742927905068101,0.0,0.0,0.0,0.0,0.0
526942930453045801,0.0,0.0,0.0,0.0,0.0
526942930507933602,4.9285712242126465,27.20109803734756,321.64146341463413,36.23893356323242,761.6307527123428
527342930456726202,0.0,0.0,0.0,0.0,0.0
527342930533695601,0.0,0.0,0.0,0.0,0.0
527442930528109502,2.5,4.083244952501504,23.00140364948867,6.400163650512695,40.83245027770445
527542930452604902,0.0,0.0,0.0,0.0,0.0
527542930455826401,0.0,0.0,0.0,0.0,0.0
527542930530669502,0.0,0.0,0.0,0.0,0.0
527742930508942102,0.0,0.0,0.0,0.0,0.0
527742930539602001,0.09677419066429138,20.5956289964934,39.727722772277225,26.035602569580078,638.4645008049389
527842930519336902,0.0,0.0,0.0,0.0,0.0
527942930509473501,0.0,0.0,0.0,0.0,0.0
527942930519957502,0.0,0.0,0.0,0.0,0.0
527942930527946202,0.0,0.0,0.0,0.0,0.0
528042930531882502,0.0,0.0,0.0,0.0,0.0
528642930532677102,4.714285850524902,17.97554828363384,76.48571428571428,16.497373580932617,125.82883514108009
528842930448825702,0.0,0.0,0.0,0.0,0.0
528842930474056201,0.0,0.0,0.0,0.0,0.0
528842930537470801,0.0,0.0,0.0,0.0,0.0
528942930517857701,0.0,0.0,0.0,0.0,0.0
529042930452799502,0.0,0.0,0.0,0.0,0.0
529142930528514802,0.0,0.0,0.0,0.0,0.0
529242930549000602,2.3333332538604736,1.346614572145128,2.2637910293864927,0.577299952507019,4.039843632523844
529342930474315402,0.0,0.0,0.0,0.0,0.0
529342930527717402,4.148148059844971,9.694067653331945,151.10726733600376,77.44213104248047,785.2194692134137
529442930477183002,0.0,0.0,0.0,0.0,0.0
529442930526829101,0.0,0.0,0.0,0.0,0.0
529542928990317602,0.0,0.0,0.0,0.0,0.0
529642930518469401,0.0,0.0,0.0,0.0,0.0
529742930460107701,0.0,0.0,0.0,0.0,0.0
529742930532663702,0.0,0.0,0.0,0.0,0.0
529842928135420501,0.0,0.0,0.0,0.0,0.0
531142929684609602,0.0,0.0,0.0,0.0,0.0
531142930526117402,0.0,0.0,0.0,0.0,0.0
531342930519090202,3.2391304969787598,6.1300966098381835,73.06037530595594,24.23833656311035,281.9844437786701
531342930521353802,0.0,0.0,0.0,0.0,0.0
531342930534825402,0.0,0.0,0.0,0.0,0.0
531442930509846501,0.0,0.0,0.0,0.0,0.0
531442930549950602,0.0,0.0,0.0,0.0,0.0
531542930461010801,0.0,0.0,0.0,0.0,0.0
531542930542068501,0.0,0.0,0.0,0.0,0.0
531642930509346502,0.0,0.0,0.0,0.0,0.0
531742930478634302,0.0,0.0,0.0,0.0,0.0
531742930525753001,0.0,0.0,0.0,0.0,0.0
532042930548155202,0.0,0.0,0.0,0.0,0.0
532242930478188602,0.0,0.0,0.0,0.0,0.0
532242930542455601,0.0,0.0,0.0,0.0,0.0
532442930459984001,4.222222328186035,16.903291074101798,157.2360992301112,52.530391693115234,912.7777309156668
532442930472851202,0.0,0.0,0.0,0.0,0.0
532542929118531402,0.0,0.0,0.0,0.0,0.0
532542930543483502,0.0,0.0,0.0,0.0,0.0
532642930524212001,0.0,0.0,0.0,0.0,0.0
532642930527773702,3.6222221851348877,12.119773071251164,280.23626203042534,70.84078979492188,1090.779537150002
532742930508593502,0.0,0.0,0.0,0.0,0.0
533042928257856601,0.0,0.0,0.0,0.0,0.0
533042930464310102,0.0,0.0,0.0,0.0,0.0
533242930464522301,0.4117647111415863,13.96907837627924,85.30994152046783,11.207515716552734,237.47432425426462
533342929269151302,0.0,0.0,0.0,0.0,0.0
533342930461618601,0.0,0.0,0.0,0.0,0.0
533442929501754601,0.0,0.0,0.0,0.0,0.0
533642930461272401,5.857142925262451,11.073043721806743,106.2687559354226,42.381805419921875,387.5565433773899
533742930528841102,0.0,0.0,0.0,0.0,0.0
533842930450656002,0.0,0.0,0.0,0.0,0.0
533842930532705502,0.0,0.0,0.0,0.0,0.0
534142930462567801,0.0,0.0,0.0,0.0,0.0
534142930464536002,0.0,0.0,0.0,0.0,0.0
534242930449890701,0.0,0.0,0.0,0.0,0.0
534342929528923002,0.0,0.0,0.0,0.0,0.0
534342930472965901,153.0,14.066138756793478,14.066086956521739,0.7130140662193298,14.066138756793478
534442928293182001,0.0,0.0,0.0,0.0,0.0
534642930541733801,2.0,12.562656089907787,12.562295081967212,1.2790858745574951,12.562656089907787
534742928716216301,0.0,0.0,0.0,0.0,0.0
534842928887104802,0.0,0.0,0.0,0.0,0.0
534842930454500201,0.0,0.0,0.0,0.0,0.0
534942930460349701,0.0,0.0,0.0,0.0,0.0
535042930544297801,0.0,0.0,0.0,0.0,0.0
535142930542720502,3.7333333492279053,65.04104366028709,481.5904306220096,41.4870491027832,975.6156070106908
535442930509897502,0.0,0.0,0.0,0.0,0.0
535642929346340802,0.0,0.0,0.0,0.0,0.0
535742930508737102,0.0,0.0,0.0,0.0,0.0
535742930547538701,0.0,0.0,0.0,0.0,0.0
535842930475256801,0.0,0.0,0.0,0.0,0.0
535942930480358302,0.0,0.0,0.0,0.0,0.0
536042930524260402,0.0,0.0,0.0,0.0,0.0
536242930479479502,0.0,0.0,0.0,0.0,0.0
536242930531045102,0.0,0.0,0.0,0.0,0.0
536442930518004201,0.0,0.0,0.0,0.0,0.0
536642928030238702,0.0,0.0,0.0,0.0,0.0
536742930477969701,0.0,0.0,0.0,0.0,0.0
536842928096602302,0.0,0.0,0.0,0.0,0.0
536842930517065202,0.0,0.0,0.0,0.0,0.0
536942930521186501,0.0,0.0,0.0,0.0,0.0
536942930546660802,0.0,0.0,0.0,0.0,0.0
537042930459870402,0.0,0.0,0.0,0.0,0.0
537042930475994501,0.0,0.0,0.0,0.0,0.0
537042930515757301,3.75,14.284898449988582,287.5743320392784,30.747230529785156,457.1167549365023
537242930472882002,0.0,0.0,0.0,0.0,0.0
537442930462553302,0.0,0.0,0.0,0.0,0.0
537742930537487701,0.0,0.0,0.0,0.0,0.0
537842930472684901,0.0,0.0,0.0,0.0,0.0
537842930539585501,0.0,0.0,0.0,0.0,0.0
538242930527708102,0.0,0.0,0.0,0.0,0.0
538742930051294101,0.0,0.0,0.0,0.0,0.0
538742930544730402,0.0,0.0,0.0,0.0,0.0
538842930458550301,0.0,0.0,0.0,0.0,0.0
538942928601996601,0.0,0.0,0.0,0.0,0.0
539142930531965102,0.0,0.0,-0.3284151615365047,0.0,0.0
539142930533963502,0.0,0.0,0.0,0.0,0.0
539242930080248202,0.0,0.0,0.0,0.0,0.0
539242930452638301,0.0,0.0,0.0,0.0,0.0
539342930460514101,0.0,0.0,0.0,0.0,0.0
539342930534180401,0.0,12.905210837339743,12.905219780219781,1.1103956699371338,12.905210837339743
539442930457747202,2.5999999046325684,20.21663793837249,89.58937691521962,7.579499244689941,101.08319222720091
539542930524258101,4.148148059844971,9.058066804999045,132.32398397252433,49.18087387084961,489.13561452142477
539542930529863002,0.0,0.0,0.0,0.0,0.0
539642930547018201,0.0,0.0,0.0,0.0,0.0
539742930456462402,4.0,9.930214345382746,9.930336168489267,1.4697052240371704,9.930214345382746
539742930542241701,0.0,0.0,0.0,0.0,0.0
539842930509501001,0.0,0.0,0.0,0.0,0.0
539842930544496001,3.0512821674346924,6.701065346457308,190.60134364502773,64.04076385498047,784.0246443425517
539942928887267601,0.0,0.0,0.0,0.0,0.0
541342930547951202,0.0,0.0,0.0,0.0,0.0
541442930463825901,4.041666507720947,8.295989448107406,70.72779447936594,17.3035945892334,199.10374308479518
541542930479667301,0.0,0.0,0.0,0.0,0.0
541542930538712902,0.0,0.0,0.0,0.0,0.0
541642930526968002,2.6744186878204346,11.102771542124716,253.6664139499621,70.4664535522461,954.8383483857798
541642930549264901,0.0,0.0,0.0,0.0,0.0
541742930456042502,0.0,0.0,0.0,0.0,0.0
541742930475975601,0.0,0.0,0.0,0.0,0.0
541742930544290302,0.0,0.0,0.0,0.0,0.0
541842930473594102,0.0,0.0,0.0,0.0,0.0
541942930465491901,0.0,0.0,0.0,0.0,0.0
541942930516487601,0.0,0.0,0.0,0.0,0.0
542042930527285602,0.0,0.0,0.0,0.0,0.0
542042930541493402,0.0,0.0,0.0,0.0,0.0
542142930451723601,0.0,0.0,0.0,0.0,0.0
542142930461059702,0.0,0.0,0.0,0.0,0.0
542142930550147302,3.0625,4.872175680003014,35.668173598553345,5.626543045043945,77.95480975794318
542242930460488801,0.0,0.0,0.0,0.0,0.0
542342930463533802,0.0,0.0,0.0,0.0,0.0
542442930459874901,0.0,0.0,0.0,0.0,0.0
542642930475186901,0.0,0.0,0.0,0.0,0.0
542842930515348302,0.0,0.0,0.0,0.0,0.0
542942928269661402,0.0,0.0,0.0,0.0,0.0
542942930467896902,0.0,0.0,0.0,0.0,0.0
543042930517155302,0.0,0.0,0.0,0.0,0.0
543142930510592802,0.06060606241226196,9.671939461764206,17.457638652602927,62.44248962402344,638.3479881455355
543142930519755302,0.0,0.0,0.0,0.0,0.0
543242930461378502,0.0,0.0,0.0,0.0,0.0
543242930463811702,0.0,0.0,0.0,0.0,0.0
543242930519274302,0.0,0.0,0.0,0.0,0.0
543242930531815101,0.0,0.0,0.0,0.0,0.0
543242930542042201,0.0,0.0,0.0,0.0,0.0
543442930541462601,0.0,0.0,0.0,0.0,0.0
543542930467923101,0.0,0.0,0.0,0.0,0.0
543742928086481802,0.0,0.0,0.0,0.0,0.0
543742929568598802,0.0,0.0,0.0,0.0,0.0
543842930470748101,0.0,0.0,0.0,0.0,0.0
543942929861115802,0.0,0.0,0.0,0.0,0.0
543942930454431102,0.0,0.0,0.0,0.0,0.0
544042930546906902,0.0,0.0,0.0,0.0,0.0
544142930477290902,0.0,0.0,0.0,0.0,0.0
544142930527736401,0.0,0.0,0.0,0.0,0.0
544342930461160202,0.0,0.0,0.0,0.0,0.0
544442930534290402,0.0,0.0,0.0,0.0,0.0
544842929091483101,0.0,0.0,0.0,0.0,0.0
544842930472859602,0.0,0.0,0.0,0.0,0.0
545142927968949301,0.0,0.0,0.0,0.0,0.0
545142930525857501,0.0,0.0,0.0,0.0,0.0
545242930452170201,4.599999904632568,9.968970437651699,28.650485436893202,4.218771934509277,49.84485396598149
545442930516399001,0.0,0.0,0.0,0.0,0.0
545442930549864302,0.0,0.0,0.0,0.0,0.0
545542929704005801,0.0,0.0,0.0,0.0,0.0
545542930518725601,3.700000047683716,7.400780733300264,35.57363315696649,13.762310981750488,148.01561376615388
545742930518330102,0.0,0.0,0.0,0.0,0.0
545842930462759002,0.0,0.0,0.0,0.0,0.0
545842930521406102,2.0,6.119620793269231,14.543538461538462,12.220085144042969,85.67469424203726
545842930528948202,0.0,0.0,0.0,0.0,0.0
545942930531461501,0.0,0.0,0.0,0.0,0.0
546142930543021401,0.0,0.0,0.0,0.0,0.0
546442930463560202,0.033707864582538605,8.796298262926753,6.065927746118053,88.23908996582031,782.8705662224617
546642930527206702,0.0,0.0,0.0,0.0,0.0
546842930522448401,0.0,0.0,0.0,0.0,0.0
547042930474978302,0.0,0.0,0.0,0.0,0.0
547042930517487202,0.0,0.0,0.0,0.0,0.0
547042930531498801,0.0,0.0,0.0,0.0,0.0
547642930532282601,0.0,0.0,0.0,0.0,0.0
547742930526035202,0.0,0.0,0.0,0.0,0.0
547742930538261001,0.0,0.0,0.0,0.0,0.0
548142928074373402,0.0,0.0,0.0,0.0,0.0
548242930550008501,0.0,0.0,0.0,0.0,0.0
548342930527872802,0.0,0.0,0.0,0.0,0.0
548542928790834402,0.0,0.0,0.0,0.0,0.0
548642929800443002,0.0,0.0,0.0,0.0,0.0
548842930519045702,0.0,0.0,0.0,0.0,0.0
548842930524558501,0.0,0.0,0.0,0.0,0.0
548842930531426702,0.0,0.0,0.0,0.0,0.0
548942930459670202,0.0,0.0,0.0,0.0,0.0
548942930468881502,7.0,15.411349561737804,28.190243902439025,4.342606544494629,46.23404808974848
549842930531368902,0.0,0.0,0.0,0.0,0.0
551142930012217002,2.3333332538604736,5.233902125682645,14.745954692556634,1.806046962738037,15.701706772097491
551142930534783602,0.0,0.0,0.0,0.0,0.0
551142930546057701,0.0,0.0,0.0,0.0,0.0
551242930516939202,0.0,0.0,0.0,0.0,0.0
551242930525237102,0.0,0.0,0.0,0.0,0.0
551342930475628502,0.0,0.0,0.0,0.0,0.0
551342930510981301,0.0,0.0,0.0,0.0,0.0
551442930461046401,0.0,0.0,0.0,0.0,0.0
551542930510651401,0.0,0.0,0.0,0.0,0.0
551642930462492502,3.875,11.642371262359765,200.9560752994866,50.79431915283203,745.1117411423237
551742930537219302,0.0,0.0,0.0,0.0,0.0
551842930474095401,0.0,0.0,0.0,0.0,0.0
551942930461508601,0.0,0.0,0.0,0.0,0.0
552042930517985101,3.1818182468414307,11.938945711775979,173.44718909710392,24.04827880859375,393.9852086445745
552142930517714802,1.75,2.890953733938904,18.614023144996597,2.067873239517212,23.127630738841994
552242928021779802,0.0,0.0,0.0,0.0,0.0
552442930517302801,0.0,0.0,0.0,0.0,0.0
552542930469038101,0.0,0.0,0.0,0.0,0.0
552642930476017702,0.0,0.0,0.0,0.0,0.0
552742930511122301,0.0,0.0,0.0,0.0,0.0
552742930519002501,0.0,0.0,0.0,0.0,0.0
552842930520109302,0.0,0.0,0.0,0.0,0.0
552842930526058302,0.0,0.0,0.0,0.0,0.0
552842930534076701,0.0,0.0,0.0,0.0,0.0
553042930522335502,0.0,0.0,0.0,0.0,0.0
553142927979773102,0.0,0.0,0.0,0.0,0.0
553142930519641901,0.0,0.0,0.0,0.0,0.0
553142930525095601,0.0,0.0,0.0,0.0,0.0
553442930447528101,0.0,0.0,0.0,0.0,0.0
553442930457344001,0.0,0.0,0.0,0.0,0.0
553642930530697802,0.0,0.0,0.0,0.0,0.0
553742928726828901,3.882352828979492,16.86453709341609,184.18227529855437,37.12418746948242,573.3942745743421
553942930537403801,0.0,0.0,0.0,0.0,0.0
554042930531433001,0.0,0.0,0.0,0.0,0.0
554142930459817702,0.0,0.0,0.0,0.0,0.0
554242930542090802,0.0,0.0,0.0,0.0,0.0
554242930543050701,7.0,15.76528573101158,15.76566757493188,2.279794454574585,15.76528573101158
554342930457428302,0.0,0.0,0.0,0.0,0.0
554442929583904102,0.0,0.0,0.0,0.0,0.0
554442930480398002,0.0,0.0,0.0,0.0,0.0
554542928560706302,3.5999999046325684,9.743556709046576,466.4968152866242,92.29005432128906,828.2022887362036
554542928683902002,0.0,0.0,0.0,0.0,0.0
554542930523931701,0.0,0.0,0.0,0.0,0.0
554642930527272401,4.115384578704834,13.082686237373737,171.18114478114478,63.545406341552734,680.2996922759496
554842930541292702,62.0,4.239562454446064,4.240038872691934,0.4096050560474396,4.239562454446064
554942928088031901,0.0,0.0,0.0,0.0,0.0
554942930477615202,0.0,0.0,0.0,0.0,0.0
554942930525147302,5.349999904632568,5.576779231916029,141.7590419858431,33.519378662109375,334.60674627151127
555042930460461801,0.0,0.0,0.0,0.0,0.0
555142929726669102,4.294117450714111,6.671760311678352,75.87992988606486,21.219078063964844,226.83985856747438
555142930521219102,3.4851484298706055,10.490854488814495,249.1019182740847,71.09326934814453,1059.576262247183
555542929774131802,0.0,0.0,0.0,0.0,0.0
556042930456816801,1.0,0.41139538996639746,0.4114248658845723,0.06783102452754974,0.41139538996639746
556342930477631501,0.0,0.0,0.0,0.0,0.0
556442930454854102,0.0,0.0,0.0,0.0,0.0
556742930508706002,0.0,0.0,0.0,0.0,0.0
556742930527870101,0.0,0.0,0.0,0.0,0.0
556742930538894801,0.0,0.0,0.0,0.0,0.0
556742930544434101,0.0,0.0,0.0,0.0,0.0
556842930548802901,0.0,0.0,0.0,0.0,0.0
557042930543946701,0.0,0.0,0.0,0.0,0.0
557142930527185802,0.0,0.0,0.0,0.0,0.0
557142930548186002,0.0,0.0,0.0,0.0,0.0
557242928726103501,0.0,0.0,0.0,0.0,0.0
557242930515969802,0.0,0.0,0.0,0.0,0.0
557342930519016702,0.0,0.0,0.0,0.0,0.0
557442930461953502,5.1052632331848145,15.123986939709596,86.44040404040405,25.499177932739258,287.3557585591018
557842930459073502,0.0,0.0,0.0,0.0,0.0
557942930462279901,0.0,0.0,0.0,0.0,0.0
557942930533494001,0.0,0.0,0.0,0.0,0.0
558042930452454801,0.0,0.0,0.0,0.0,0.0
558142930464202002,0.0,0.0,0.0,0.0,0.0
558142930542231401,0.0,0.0,0.0,0.0,0.0
558342930459575501,0.0,0.0,0.0,0.0,0.0
558442930469720701,0.0,0.0,0.0,0.0,0.0
558442930509513301,0.0,0.0,0.0,0.0,0.0
558542930457990002,0.0,0.0,0.0,0.0,0.0
558842930447952101,0.0,0.0,0.0,0.0,0.0
558842930527041001,0.0,0.0,0.0,0.0,0.0
559042929514327501,0.0,0.0,0.0,0.0,0.0
559042930459904901,0.0,0.0,0.0,0.0,0.0
559042930540567602,0.0,0.0,0.0,0.0,0.0
559142930449974901,2.493333339691162,5.233483466785291,128.29369315935153,46.09291076660156,392.51125757738555
559342930474453902,0.0,0.0,0.0,0.0,0.0
559442928242647001,0.0,0.0,0.0,0.0,0.0
559442930531483002,0.0,0.0,0.0,0.0,0.0
559542930523324601,0.0,0.0,0.0,0.0,0.0
559642930035056801,0.0,0.0,0.0,0.0,0.0
559642930456132201,0.0,0.0,0.0,0.0,0.0
559742930525871201,0.0,0.0,0.0,0.0,0.0
559842930517085602,0.0,0.0,0.0,0.0,0.0
561142930458888302,0.0,0.0,0.0,0.0,0.0
561242930460817802,4.199999809265137,7.745384223148646,24.780347857270936,9.090004920959473,77.45384354477653
561342930508219601,0.0,0.0,0.0,0.0,0.0
561542928897699201,0.0,0.0,0.0,0.0,0.0
561542930473946302,0.0,0.0,0.0,0.0,0.0
561742930458343901,0.0,0.0,0.0,0.0,0.0
561742930527745402,1.9333332777023315,9.409448527176556,63.38229571984436,14.344853401184082,141.1417220594354
561842930508624602,0.0,0.0,0.0,0.0,0.0
562142930457999401,0.0,0.0,0.0,0.0,0.0
562242930516762201,0.0,0.0,0.0,0.0,0.0
562542927901384601,2.18666672706604,6.953676790105138,93.18009157198576,97.4705581665039,521.5257478280251
562542930524733502,5.0,8.76684583168773,50.253817798841496,7.7102370262146,122.73583624399355
562642929859057801,0.0,0.0,0.0,0.0,0.0
562642930533395402,3.275861978530884,19.305319492254732,411.41135972461274,45.8879280090332,1119.7085387732745
562742928592805401,0.0,0.0,0.0,0.0,0.0
562842930535224101,0.0,0.0,0.0,0.0,0.0
562942930400107802,0.0,0.0,0.0,0.0,0.0
562942930472538801,3.0526316165924072,5.343806567601369,156.10979462875198,64.1136245727539,609.1939458605991
562942930524087901,4.708333492279053,12.479767388423392,71.85430916552667,23.764907836914062,299.514402115557
563042930447412502,0.0,0.0,0.0,0.0,0.0
563242930523466202,3.5,3.3019769440107556,6.1478879347731805,0.6801203489303589,6.60395359155445
563342930517166701,0.0,0.0,0.0,0.0,0.0
563442930478766302,0.0,0.0,0.0,0.0,0.0
563842930518338801,0.0,0.0,0.0,0.0,0.0
563842930519687902,0.0,0.0,0.0,0.0,0.0
563942929879951101,0.0,0.0,0.0,0.0,0.0
563942930518265001,0.0,0.0,0.0,0.0,0.0
564042930467698902,0.0,0.0,0.0,0.0,0.0
564042930474130202,0.0,0.0,0.0,0.0,0.0
564042930545302301,0.0,0.0,0.0,0.0,0.0
564142930473610102,2.3516483306884766,10.582805680433676,282.180811523573,0.0,963.0353327806887
564142930541405401,0.0,0.0,0.0,0.0,0.0
564242930479823502,0.0,0.0,0.0,0.0,0.0
564242930548268301,0.0,0.0,0.0,0.0,0.0
564442930461651601,0.0,0.0,0.0,0.0,0.0
564542930474770502,0.0,0.0,0.0,0.0,0.0
564542930518717701,0.0,0.0,0.0,0.0,0.0
564642930546316601,0.0,0.0,0.0,0.0,0.0
564842930451772701,0.0,0.0,0.0,0.0,0.0
564942930476944301,2.8241758346557617,8.164474598322554,93.8839935327405,92.56986236572266,742.9671972162221
564942930510791302,0.0,0.0,0.0,0.0,0.0
564942930545163102,0.0,0.0,0.0,0.0,0.0
565042929230337001,0.0,0.0,0.0,0.0,0.0
565142930531312102,0.0,0.0,0.0,0.0,0.0
565242929417347501,0.0,0.0,0.0,0.0,0.0
565542930466898901,0.0,0.0,0.0,0.0,0.0
565742930510705701,0.0,0.0,0.0,0.0,0.0
565742930510970501,0.0,0.0,0.0,0.0,0.0
565742930533556001,0.0,0.0,0.0,0.0,0.0
565842930455500602,0.0,0.0,0.0,0.0,0.0
565942930532283302,0.0,0.0,0.0,0.0,0.0
566042930480045402,0.0,0.0,0.0,0.0,0.0
566242930517841701,0.0,0.0,0.0,0.0,0.0
566342930464201901,2.672727346420288,13.398185902943295,168.0636882656172,62.357242584228516,736.9002014581018
566342930534237701,0.0,0.0,0.0,0.0,0.0
566842928663876202,3.4285714626312256,7.004568509966414,26.234667056074766,3.0026729106903076,49.03197814370984
566842930455650202,6.196078300476074,10.383856893194586,172.48429519918284,86.01976776123047,529.5766894113542
566842930471587602,0.0,0.0,0.0,0.0,0.0
566842930521696602,3.444444417953491,33.09478515625,254.16,15.248136520385742,297.853067988952
566842930527942301,0.0,0.0,0.0,0.0,0.0
566842930546245201,0.0,0.0,0.0,0.0,0.0
566942930474848802,0.0,0.0,0.0,0.0,0.0
567042930474703002,0.0,0.0,0.0,0.0,0.0
567242930525117701,0.0,0.0,0.0,0.0,0.0
567242930534208901,0.0,0.0,0.0,0.0,0.0
567242930538634301,0.0,0.0,0.0,0.0,0.0
567342930478576802,0.0,0.0,0.0,0.0,0.0
567442929268241802,0.0,0.0,0.0,0.0,0.0
567442930519118001,0.0,0.0,0.0,0.0,0.0
567542930477190301,0.0,0.0,0.0,0.0,0.0
567742930536589701,0.0,0.0,0.0,0.0,0.0
567842930533979901,0.0,7946.3026315789475,0.0,75.88567352294922,7946.3026315789475
567942930449203501,0.0,0.0,0.0,0.0,0.0
567942930477467801,0.0,0.0,0.0,0.0,0.0
568142930509898301,0.0,0.0,0.0,0.0,0.0
568242930474081501,5.0,1.6108209400800513,14.49737811000781,2.717266798019409,14.497388096402615
568542928888035401,0.0,0.0,0.0,0.0,0.0
568642930448284102,1.3404254913330078,6.926981089769429,58.00838439213157,36.251949310302734,325.5681039243696
568642930517970701,0.0,0.0,0.0,0.0,0.0
568642930549098001,0.0,0.0,0.0,0.0,0.0
568742930508158102,0.0,0.0,0.0,0.0,0.0
568842930508896801,0.0,0.0,0.0,0.0,0.0
568842930526668401,0.0,0.0,0.0,0.0,0.0
568842930535912902,0.0,0.0,0.0,0.0,0.0
568942930521809401,0.0,0.0,0.0,0.0,0.0
569042929989643102,0.0,0.0,0.0,0.0,0.0
569042930474384601,0.0,0.0,0.0,0.0,0.0
569042930522915601,0.0,0.0,0.0,0.0,0.0
569042930532748602,0.0,0.0,0.0,0.0,0.0
569142930524772701,0.0,0.0,0.0,0.0,0.0
569242930448533202,0.0,0.0,0.0,0.0,0.0
569242930518886302,0.0,0.0,0.0,0.0,0.0
569242930520724301,0.0,0.0,0.0,0.0,0.0
569242930544909101,0.0,0.0,0.0,0.0,0.0
569342930546613702,0.0,0.0,0.0,0.0,0.0
569442930455416802,4.777777671813965,14.332868729336216,163.29654120040692,42.286094665527344,515.9832722071108
569442930534471901,0.0,0.0,0.0,0.0,0.0
569742930520040302,0.0,0.0,0.0,0.0,0.0
571142930478703301,0.0,0.0,0.0,0.0,0.0
571242930462540901,3.3333332538604736,4.025836020171957,8.741666666666667,1.670825481414795,12.07750793134094
571442928168238301,0.0,0.0,0.0,0.0,0.0
571442930518125902,0.0,0.0,0.0,0.0,0.0
571542928191310502,0.0,0.0,0.0,0.0,0.0
571642930517592301,0.0,0.0,0.0,0.0,0.0
571642930525404001,2.6666667461395264,13.594555829907044,40.707186271004645,5.955693244934082,40.78366714057472
571642930529436001,0.0,0.0,0.0,0.0,0.0
571842930449526801,0.0,0.0,0.0,0.0,0.0
571942930519538402,0.0,0.0,0.0,0.0,0.0
572042930477638502,0.0,0.0,0.0,0.0,0.0
572242930476538501,0.0,0.0,0.0,0.0,0.0
572442930520255801,0.0,0.0,0.0,0.0,0.0
572542930519030002,0.0,0.0,0.0,0.0,0.0
572642930456622302,0.0,0.0,0.0,0.0,0.0
572642930468538502,0.0,0.0,0.0,0.0,0.0
572742930509858301,0.0,0.0,0.0,0.0,0.0
572742930525592201,0.0,0.0,0.0,0.0,0.0
573042929681101202,0.0,0.0,0.0,0.0,0.0
573042930464326101,0.0,0.0,0.0,0.0,0.0
573242930529251302,0.0,0.0,0.0,0.0,0.0
573342929456888301,3.9014084339141846,6.595493465274959,92.49695616883118,63.41488265991211,468.2800406387874
573542930474819301,0.0,0.0,0.0,0.0,0.0
573642930517772902,0.0,0.0,0.0,0.0,0.0
573742930451856301,0.0,0.0,0.0,0.0,0.0
573842929155647901,0.0,0.0,0.0,0.0,0.0
573842930453679001,0.0,0.0,0.0,0.0,0.0
573842930464965301,3.700000047683716,10.291535933903912,74.63176064441888,12.369382858276367,102.91536296497692
573842930542908001,0.0,0.0,0.0,0.0,0.0
574042930462561401,0.0,0.0,0.0,0.0,0.0
574142930464398002,0.0,0.0,0.0,0.0,0.0
574142930517773901,0.0,0.0,0.0,0.0,0.0
574642930461515002,0.0,0.0,0.0,0.0,0.0
574642930461999801,0.0,0.0,0.0,0.0,0.0
574942930517405201,0.0,0.0,0.0,0.0,0.0
575342930459315802,0.0,0.0,0.0,0.0,0.0
575542930456924902,0.0,0.0,0.0,0.0,0.0
575742929649255602,0.0,0.0,0.0,0.0,0.0
575742930543431602,0.0,0.0,0.0,0.0,0.0
575942929642387902,0.0,0.0,0.0,0.0,0.0
575942930519477602,0.0,0.0,0.0,0.0,0.0
575942930530011001,0.0,0.0,0.0,0.0,0.0
576142929047937501,0.0,0.0,0.0,0.0,0.0
576242930508191701,0.0,0.0,0.0,0.0,0.0
576342929644467501,0.0,0.0,0.0,0.0,0.0
577042930529391901,0.0,0.0,0.0,0.0,0.0
577342930460467902,0.0,0.0,0.0,0.0,0.0
577642930456314401,0.0,0.0,0.0,0.0,0.0
577642930542833502,0.0,0.0,0.0,0.0,0.0
577842930517373302,0.0,0.0,0.0,0.0,0.0
577842930525195102,0.0,0.0,0.0,0.0,0.0
578242930461628901,0.0,0.0,0.0,0.0,0.0
578342930453531001,0.0,0.0,0.0,0.0,0.0
578442930477795202,0.0,0.0,0.0,0.0,0.0
578542930449771801,2.6363637447357178,5.115697287852548,32.20544285007422,7.415297508239746,56.27267147103847
578542930477348802,0.0,0.0,0.0,0.0,0.0
578542930538582801,0.0,0.0,0.0,0.0,0.0
578642928247046702,0.0,0.0,0.0,0.0,0.0
578642930450407501,0.0,0.0,0.0,0.0,0.0
578742930456531402,0.0,0.0,0.0,0.0,0.0
578842930544158201,0.0,0.0,0.0,0.0,0.0
578942930527274801,0.0,0.0,0.0,0.0,0.0
579142930524604301,0.0,0.0,0.0,0.0,0.0
579142930543145301,0.0,0.0,0.0,0.0,0.0
579342930462972902,0.0,0.0,0.0,0.0,0.0
579342930530210801,0.0,0.0,0.0,0.0,0.0
579542930533839801,4.377358436584473,30.177133551423324,490.29889807162533,70.87269592285156,1599.3880143879312
579742930464612902,0.0,0.0,0.0,0.0,0.0
579842929543736402,0.0,0.0,0.0,0.0,0.0
581142928021939101,0.0,0.0,0.0,0.0,0.0
581142929514065002,0.0,0.0,0.0,0.0,0.0
581142930456597102,0.0,0.0,0.0,0.0,0.0
581142930550197802,0.0,0.0,0.0,0.0,0.0
581342930458767201,0.0,0.0,0.0,0.0,0.0
581342930517552302,0.0,0.0,0.0,0.0,0.0
581342930542448702,0.0,0.0,0.0,0.0,0.0
581542930464865602,0.0,0.0,0.0,0.0,0.0
581542930519191201,0.0,0.0,0.0,0.0,0.0
581542930531076401,0.0,0.0,0.0,0.0,0.0
581842930541975902,0.0,0.0,0.0,0.0,0.0
581942930529283101,0.0,0.0,0.0,0.0,0.0
582142930517224801,0.0,0.0,0.0,0.0,0.0
582142930517408502,0.0,0.0,0.0,0.0,0.0
582342930449478601,0.0,0.0,0.0,0.0,0.0
582442930543160701,0.0,0.0,0.0,0.0,0.0
582442930544226302,0.0,0.0,0.0,0.0,0.0
582742930465726302,0.0,0.0,0.0,0.0,0.0
582842930220790102,0.0,0.0,0.0,0.0,0.0
582842930527808601,0.0,0.0,0.0,0.0,0.0
582842930538678201,0.0,0.0,0.0,0.0,0.0
582942930480100701,0.0,0.0,0.0,0.0,0.0
582942930527405202,0.0,0.0,0.0,0.0,0.0
583142930542128701,0.0,0.0,0.0,0.0,0.0
583242930458535402,0.0,0.0,0.0,0.0,0.0
583342930515495901,0.0,0.0,0.0,0.0,0.0
583442930447834902,0.0,0.0,0.0,0.0,0.0
583442930515472902,3.448979616165161,5.900700044043909,49.138094592763245,0.0,289.1343148362428
583542930452714702,0.0,0.0,0.0,0.0,0.0
583642930534574102,3.08695650100708,11.016273146539744,91.64647026125625,22.357803344726562,253.3742845332775
583742930462041502,0.0,0.0,0.0,0.0,0.0
583742930524576502,0.0,0.0,0.0,0.0,0.0
583742930549754102,0.0,0.0,0.0,0.0,0.0
583842930523464402,0.0,0.0,0.0,0.0,0.0
584042930474517201,0.0,0.0,0.0,0.0,0.0
584042930515521701,0.0,0.0,0.0,0.0,0.0
584042930525849001,0.0,0.0,0.0,0.0,0.0
584142930509593402,0.0,0.0,0.0,0.0,0.0
584242930527056502,4.852941036224365,12.993348717084391,133.39720812182742,55.534339904785156,441.7738472072001
584342929439542302,0.0,0.0,0.0,0.0,0.0
584442930456661802,0.0,0.0,0.0,0.0,0.0
584542930460728101,3.461538553237915,5.8723636251395686,60.14747058318303,59.493404388427734,534.3850918692596
584642929069856702,0.0,0.0,0.0,0.0,0.0
584742930548988402,0.0,0.0,0.0,0.0,0.0
584842930532016401,0.0,0.0,0.0,0.0,0.0
584842930549536902,0.0,0.0,0.0,0.0,0.0
584942929166082202,0.0,0.0,0.0,0.0,0.0
585042929816225002,0.0,0.0,0.0,0.0,0.0
585042930524706102,0.0,0.0,0.0,0.0,0.0
585142929494098001,0.0,0.0,0.0,0.0,0.0
585142930455279902,0.0,0.0,0.0,0.0,0.0
585342930476207401,0.0,0.0,0.0,0.0,0.0
585342930525444502,0.0,0.0,0.0,0.0,0.0
585542930470647202,0.0,0.0,0.0,0.0,0.0
585642930015479602,0.0,0.0,0.0,0.0,0.0
585642930507653402,0.0,0.0,0.0,0.0,0.0
585742930455366802,0.0,0.0,0.0,0.0,0.0
585942930469500002,0.0,0.0,0.0,0.0,0.0
586142929321228501,0.0,0.0,0.0,0.0,0.0
586242930528427301,0.0,0.0,0.0,0.0,0.0
586342930521266002,2.865546226501465,6.298792486355491,143.2789182144021,0.0,749.5562862223467
586342930546496302,0.0,0.0,0.0,0.0,0.0
586442930515845701,3.339805841445923,11.771919869087839,294.45574324324326,96.33858489990234,1212.5077633650722
586442930542132202,0.0,0.0,0.0,0.0,0.0
586542930542625602,0.0,0.0,0.0,0.0,0.0
586642930459044301,0.0,0.0,0.0,0.0,0.0
586642930509511902,0.0,0.0,0.0,0.0,0.0
586642930547111102,0.0,0.0,0.0,0.0,0.0
586742930472476902,0.0,0.0,0.0,0.0,0.0
586742930473877602,0.0,0.0,0.0,0.0,0.0
586742930539668202,0.0,0.0,0.0,0.0,0.0
586842930526323702,0.0,0.0,0.0,0.0,0.0
587042930509703002,0.0,0.0,0.0,0.0,0.0
587142930461747102,0.0,0.0,0.0,0.0,0.0
587742928281527002,0.0,0.0,0.0,0.0,0.0
587742930460346402,281.0,0.017977189234429918,0.018004447313679076,0.002095159376040101,0.017977189234429918
587742930472337201,0.0,0.0,0.0,0.0,0.0
587942929417447601,0.0,0.0,0.0,0.0,0.0
587942930524650302,0.0,0.0,0.0,0.0,0.0
587942930529959002,0.0,0.0,0.0,0.0,0.0
588042929417233502,0.0,0.0,0.0,0.0,0.0
588042930534336502,2.8202247619628906,15.539588148433488,359.45197740112997,80.06866455078125,1383.0233008512546
588142929231894901,0.0,0.0,0.0,0.0,0.0
588142930449937102,4.91304349899292,8.046257876920915,48.600449775112445,17.07901382446289,185.06392862986232
588142930529250001,0.0,0.0,0.0,0.0,0.0
588142930534105601,0.0,0.0,0.0,0.0,0.0
588242930462767202,3.014084577560425,22.552847842261905,165.11333333333334,74.10743713378906,1601.2521500142416
588242930510749901,0.0,0.0,0.0,0.0,0.0
588642930455895302,0.0,0.0,0.0,0.0,0.0
588642930473831901,3.303797483444214,4.780321026450614,132.95857659160413,60.09933090209961,377.6453715905833
588642930543710601,0.0,0.0,0.0,0.0,0.0
588642930546161702,0.0,0.0,0.0,0.0,0.0
588742930541310501,0.0,0.508130081300813,0.508130081300813,0.05959459766745567,0.508130081300813
588842930526032001,0.0,0.0,0.0,0.0,0.0
588842930530071501,0.0,0.0,0.0,0.0,0.0
588842930531093601,0.0,0.0,0.0,0.0,0.0
588942930454522301,0.0,0.0,0.0,0.0,0.0
588942930460786702,0.0,0.0,0.0,0.0,0.0
588942930509288502,67.0,0.2429838415745353,0.2429838415745353,0.03027825988829136,0.2429838415745353
589142930533897302,0.0,0.0,0.0,0.0,0.0
589242930509826302,0.0,0.0,0.0,0.0,0.0
589342930458575501,0.0,0.0,0.0,0.0,0.0
589342930543595001,0.0,0.0,0.0,0.0,0.0
589642930477663402,0.0,0.0,0.0,0.0,0.0
589642930522282001,0.0,0.0,0.0,0.0,0.0
589742930477775701,0.0,0.0,0.0,0.0,0.0
589842930532627701,0.0,0.0,0.0,0.0,0.0
589942930461929202,3.8089888095855713,10.540208333333334,215.01190476190476,91.9213638305664,938.0785541414533
591142930517656102,0.0,0.0,0.0,0.0,0.0
591242930459409302,0.0,0.0,0.0,0.0,0.0
591242930525928101,0.0,0.0,0.0,0.0,0.0
591442930460881901,0.0,0.0,0.0,0.0,0.0
591442930542682902,0.0,0.0,0.0,0.0,0.0
591542929861064502,1.3717948198318481,5.907260811094034,44.79251082855945,57.417625427246094,460.7663373596695
591642929696689202,0.0,0.0,0.0,0.0,0.0
591642930520245202,0.0,0.0,0.0,0.0,0.0
591742930528396801,0.0,0.0,0.0,0.0,0.0
591842930466935302,0.0,0.0,0.0,0.0,0.0
591942930475826602,0.0,0.0,0.0,0.0,0.0
592142930449312802,4.671428680419922,20.48779785600546,227.27206551410373,104.35453796386719,1434.145825228331
592242930477337602,0.0,0.0,0.0,0.0,0.0
592342929488844701,0.0,0.0,0.0,0.0,0.0
592342930459708602,0.0,0.0,0.0,0.0,0.0
592442930463877002,0.0,0.0,0.0,0.0,0.0
592542929272083201,0.0,0.0,0.0,0.0,0.0
592542930458683501,0.0,0.0,0.0,0.0,0.0
592542930471919401,0.0,0.0,0.0,0.0,0.0
592542930473120501,0.0,0.0,0.0,0.0,0.0
592642930456067102,0.0,0.0,0.0,0.0,0.0
592842930526388301,0.0,0.0,0.0,0.0,0.0
593042930472567801,0.0,0.0,0.0,0.0,0.0
593042930525941702,0.0,0.0,0.0,0.0,0.0
593242930475730801,2.5,5.680846975832896,33.1004721930745,5.182400703430176,45.44677692745565
593342930477133702,0.0,0.0,0.0,0.0,0.0
593342930550723402,0.0,0.0,0.0,0.0,0.0
593442930515371502,0.0,0.0,0.0,0.0,0.0
593442930549666501,0.0,0.0,0.0,0.0,0.0
593542929061068602,0.0,0.0,0.0,0.0,0.0
593542930521351902,0.0,0.0,0.0,0.0,0.0
593542930527158301,0.0,0.0,0.0,0.0,0.0
593742930508002202,0.0,0.0,0.0,0.0,0.0
593742930521614202,0.0,0.0,0.0,0.0,0.0
593942930528641901,2.3932583332061768,6.406700147770642,65.11430699059854,77.13177490234375,570.1963315876926
594142930457190501,0.0,0.0,0.0,0.0,0.0
594442930508177201,0.0,0.0,0.0,0.0,0.0
594542930541697702,0.0,0.0,0.0,0.0,0.0
594642930449328501,0.0,0.0,0.0,0.0,0.0
594642930515594001,0.0,0.0,0.0,0.0,0.0
594642930531581601,0.0,0.0,0.0,0.0,0.0
595342930546098901,0.0,0.0,0.0,0.0,0.0
595642930465653401,0.0,0.0,0.0,0.0,0.0
595642930532404801,0.0,0.0,0.0,0.0,0.0
595942930518746201,1.0,23.79599635436523,23.796035074342356,2.2783613204956055,23.79599635436523
596042930526196402,0.0,0.0,0.0,0.0,0.0
596142930529081401,0.0,0.0,0.0,0.0,0.0
596142930531579402,0.0,0.0,0.0,0.0,0.0
596142930546348202,0.0,0.0,0.0,0.0,0.0
596242930523059101,0.0,0.0,0.0,0.0,0.0
596342928865348301,0.0,0.0,0.0,0.0,0.0
596342930458865101,0.0,2.829508631566873,14.515829318651067,7.3616156578063965,50.93115580926988
596342930519682902,0.0,0.0,0.0,0.0,0.0
596342930530862902,0.0,0.0,0.0,0.0,0.0
596442930460384102,0.0,0.0,0.0,0.0,0.0
596442930475623901,0.0,0.0,0.0,0.0,0.0
596542928666175601,0.08602150529623032,12.720195502519111,30.059763724808896,77.00602722167969,1182.978181450627
596542930459563002,0.0,0.0,0.0,0.0,0.0
596542930459823601,0.0,0.0,0.0,0.0,0.0
596542930478696401,1.5499999523162842,5.194691248093456,68.16749861342207,61.0659294128418,519.4691141103945
596842930531387001,0.0,0.0,0.0,0.0,0.0
597042930457165401,0.0,0.0,0.0,0.0,0.0
597242930449725302,0.0,0.0,0.0,0.0,0.0
597542930525509602,0.0,0.0,0.0,0.0,0.0
597542930540997201,0.0,0.0,0.0,0.0,0.0
597842927910570102,0.0,0.0,0.0,0.0,0.0
598042930480248302,0.0,0.0,0.0,0.0,0.0
598342930464702101,0.0,0.0,0.0,0.0,0.0
598542930461791302,0.0,0.0,0.0,0.0,0.0
598542930475870101,0.0,0.0,0.0,0.0,0.0
598542930533871601,1.3333333730697632,8.31939082278481,24.564050632911393,2.3322315216064453,24.958171850276898
598642929013099802,0.0,0.0,0.0,0.0,0.0
598642930477505101,0.0,0.0,0.0,0.0,0.0
598742930519103702,0.0,0.0,0.0,0.0,0.0
598742930532516401,0.0,0.0,0.0,0.0,0.0
598942930524473502,0.0,0.0,0.0,0.0,0.0
598942930528649802,0.0,0.0,0.0,0.0,0.0
599242930479376201,3.15315318107605,6.193907528923344,221.12387848260664,76.29065704345703,687.52372288475
599242930523902202,0.0,0.0,0.0,0.0,0.0
599242930530515602,0.0,0.0,0.0,0.0,0.0
599442930455207201,0.0,0.0,0.0,0.0,0.0
599442930479292302,0.0,0.0,0.0,0.0,0.0
599542930517704302,0.0,0.0,0.0,0.0,0.0
599642930529222701,3.609375,9.014701834660372,141.8544250281849,65.21813201904297,576.9409131240415
599742930537896002,0.0,0.0,0.0,0.0,0.0
599742930543267201,0.0,0.0,0.0,0.0,0.0
599842930469507701,3.872340440750122,8.573378272896582,144.71267893660533,61.9461555480957,402.9487804777261
599942930477494401,0.0,0.0,0.0,0.0,0.0
599942930517386201,0.0,0.0,0.0,0.0,0.0
601142930530304601,0.0,0.0,0.0,0.0,0.0
601142930532628902,0.0,0.0,0.0,0.0,0.0
601342930534500301,0.0,0.0,0.0,0.0,0.0
601542930548744701,0.0,0.0,0.0,0.0,0.0
601742929704138702,0.0,0.0,0.0,0.0,0.0
601842930531541802,0.0,0.0,0.0,0.0,0.0
601942930477296302,0.0,0.0,0.0,0.0,0.0
601942930545625601,0.0,0.0,0.0,0.0,0.0
602042930459604702,0.0,0.0,0.0,0.0,0.0
602042930533617202,0.0,0.0,0.0,0.0,0.0
602142930459145702,0.0,0.0,0.0,0.0,0.0
602142930463647002,3.0,1.6210421255506609,1.6210489083250266,0.15828987956047058,1.6210421255506609
602442930461109002,2.75,4.160752923582669,14.423259323129985,2.0404000282287598,16.64301198904667
602442930476369502,0.0,0.0,0.0,0.0,0.0
602442930543862902,0.0,0.0,0.0,0.0,0.0
602542930516182701,0.0,0.0,0.0,0.0,0.0
602642930517270801,0.0,0.0,0.0,0.0,0.0
602742928923797302,0.0,0.0,0.0,0.0,0.0
602842930465367401,0.0,0.0,0.0,0.0,0.0
602842930550309601,0.0,0.0,0.0,0.0,0.0
603042930517565201,0.0,0.0,0.0,0.0,0.0
603042930517800901,0.0,0.0,0.0,0.0,0.0
603142930464879901,0.0,0.0,0.0,0.0,0.0
603142930536135501,0.0,0.0,0.0,0.0,0.0
603242929528873402,0.0,0.0,0.0,0.0,0.0
603242930453273701,0.0,0.0,0.0,0.0,0.0
603442930540543902,0.0,0.0,0.0,0.0,0.0
603542930459425401,0.0,0.0,0.0,0.0,0.0
603542930461122101,0.0,0.0,0.0,0.0,0.0
603642930473938801,3.0,5.815371996479951,5.815426997245179,0.8457667231559753,5.815371996479951
603742930532254401,0.0,0.0,0.0,0.0,0.0
603942928288395502,0.0,0.0,0.0,0.0,0.0
604042930533456501,0.0,0.0,0.0,0.0,0.0
604442930516714501,0.0,0.0,0.0,0.0,0.0
604442930524119801,0.0,0.0,0.0,0.0,0.0
604542930549186401,0.0,0.0,0.0,0.0,0.0
604742930527736902,0.0,0.0,0.0,0.0,0.0
604942930455731001,0.0,0.0,0.0,0.0,0.0
604942930518583101,0.0,0.0,0.0,0.0,0.0
605042930463498402,0.0,0.0,0.0,0.0,0.0
605142928043599202,0.0,0.0,0.0,0.0,0.0
605242928247165901,0.0,0.0,0.0,0.0,0.0
605242929514279101,0.0,0.0,0.0,0.0,0.0
605442930523496602,0.0,0.0,0.0,0.0,0.0
605542930518208001,0.0,0.0,0.0,0.0,0.0
605642930462346002,0.0,0.0,0.0,0.0,0.0
605842927909613602,0.0,0.0,0.0,0.0,0.0
605842929488900701,0.0,0.0,0.0,0.0,0.0
606042930459235902,2.7931034564971924,6.203759049454682,94.4097781120722,73.29204559326172,539.7270520919335
606042930524723102,0.0,0.0,0.0,0.0,0.0
606042930533821802,0.0,0.0,0.0,0.0,0.0
606142930530396101,0.0,0.0,0.0,0.0,0.0
606242930529461702,0.0,0.0,0.0,0.0,0.0
606342930473257802,0.0,0.0,0.0,0.0,0.0
606342930520935601,0.0,0.0,0.0,0.0,0.0
606342930525324901,0.0,0.0,0.0,0.0,0.0
606442930266044402,0.0,0.0,0.0,0.0,0.0
606442930509031902,0.8064516186714172,15.253872668070839,100.54195323246218,63.057350158691406,945.7400756826755
606542930474426001,0.0,0.0,0.0,0.0,0.0
606542930508410601,0.0,0.0,0.0,0.0,0.0
606742930451742602,0.0,0.0,0.0,0.0,0.0
607042929816234301,0.0,0.0,0.0,0.0,0.0
607042930523355301,0.0,0.0,0.0,0.0,0.0
607342928096763401,0.0,0.0,0.0,0.0,0.0
607342930517964902,0.0,0.0,0.0,0.0,0.0
607542930518974101,0.0,0.0,0.0,0.0,0.0
607642930454021201,0.0,0.0,0.0,0.0,0.0
607642930463621501,0.0,0.0,0.0,0.0,0.0
607642930468169701,0.0,0.0,0.0,0.0,0.0
607642930537271102,0.0,0.0,0.0,0.0,0.0
607742930533867501,0.0,0.0,0.0,0.0,0.0
608142929309521301,0.0,0.0,0.0,0.0,0.0
608242929166128302,1.3333333730697632,1.6550696436501555,3.089165476433381,0.34738555550575256,4.965209212255602
608342930460180901,0.0,0.0,0.0,0.0,0.0
608342930466842201,0.0,0.0,0.0,0.0,0.0
608442930450561601,0.0,0.0,0.0,0.0,0.0
608442930544190202,0.0,0.0,0.0,0.0,0.0
608642930550485002,0.0,0.0,0.0,0.0,0.0
608742930527235302,0.0,0.0,0.0,0.0,0.0
608842930448699501,2.379310369491577,16.23537093874008,181.625,32.64892578125,470.8257692957681
608942930519744202,4.0,5.7430602861035425,31.990190735694824,4.646232604980469,45.944480160081746
609142930478083502,0.0,0.0,0.0,0.0,0.0
609142930545018002,0.0,0.0,0.0,0.0,0.0
609242930475241401,0.0,0.0,0.0,0.0,0.0
609342930519980402,0.0,0.0,0.0,0.0,0.0
609442929613635201,0.0,0.0,0.0,0.0,0.0
609542928176021402,0.0,0.0,0.0,0.0,0.0
609742930471752701,0.0,0.0,0.0,0.0,0.0
609942930510039901,0.0,0.0,0.0,0.0,0.0
609942930528550401,0.0,0.0,0.0,0.0,0.0
611142930519056902,0.0,0.0,0.0,0.0,0.0
611242930456564601,0.0,0.0,0.0,0.0,0.0
611242930544170802,0.0,0.0,0.0,0.0,0.0
611442929236057902,0.0,0.0,0.0,0.0,0.0
611442930536252502,0.0,0.0,0.0,0.0,0.0
611542928135643301,0.0,0.0,0.0,0.0,0.0
611542930463206002,0.0,0.0,0.0,0.0,0.0
611542930465552501,0.0,0.0,0.0,0.0,0.0
611842930525086802,0.0,0.0,0.0,0.0,0.0
611842930528062002,5.023255825042725,10.286338131029607,69.51031270791749,74.5279541015625,442.31254832457483
611942930458139602,2.183907985687256,12.124654924911662,295.86881625441697,71.02302551269531,1054.8449588192645
611942930516991901,5.362069129943848,36.97532831671779,489.9631901840491,97.01041412353516,2144.569017936847
611942930525522002,0.0,0.0,0.0,0.0,0.0
612142929514163102,0.0,0.0,0.0,0.0,0.0
612342928108786601,4.726027488708496,11.611393440519029,304.1854734618845,94.0660629272461,847.631722097874
612342930457889302,0.0,0.0,0.0,0.0,0.0
612342930543404502,0.0,0.0,0.0,0.0,0.0
612442930473165602,0.0,0.0,0.0,0.0,0.0
612542928601833902,0.0,0.0,0.0,0.0,0.0
612742930457760601,0.0,0.0,0.0,0.0,0.0
612742930473475701,0.0,0.0,0.0,0.0,0.0
612742930509766401,0.0,0.0,0.0,0.0,0.0
612942930464604802,2.3589744567871094,10.57212055593297,158.58260869565217,24.254642486572266,412.31271276059357
613142930522255301,0.0,0.0,0.0,0.0,0.0
613142930527786601,0.0,0.0,0.0,0.0,0.0
613142930541713601,0.0,0.0,0.0,0.0,0.0
613242930469281302,0.0,0.0,0.0,0.0,0.0
613342930527812301,0.0,0.0,0.0,0.0,0.0
613642930458178401,0.0,0.0,0.0,0.0,0.0
613742930531180301,0.0,0.0,0.0,0.0,0.0
613842930474030501,0.0,0.0,0.0,0.0,0.0
613842930529166701,0.0,0.0,0.0,0.0,0.0
613842930530935001,0.0,0.0,0.0,0.0,0.0
614042930510485702,0.0,0.0,0.0,0.0,0.0
614142930449855601,0.0,0.0,0.0,0.0,0.0
614142930545162802,0.0,0.0,0.0,0.0,0.0
614242930526869301,0.0,0.0,0.0,0.0,0.0
614342930316630702,0.0,0.0,0.0,0.0,0.0
614442930529223002,0.0,0.0,0.0,0.0,0.0
614642930460835202,3.0602409839630127,8.927693069368013,190.76386249784073,69.14789581298828,740.9985069664816
614942930520133301,0.0,0.0,0.0,0.0,0.0
615042930535854102,0.0,0.0,0.0,0.0,0.0
615242930529026902,0.0,0.0,0.0,0.0,0.0
615242930534894001,0.0,0.0,0.0,0.0,0.0
615542930453514002,0.0,0.0,0.0,0.0,0.0
615542930472245601,3.904761791229248,4.992429305592455,44.819872476089266,13.344514846801758,104.84101478909078
615542930472598101,2.203125,19.467812201812976,78.05954198473282,93.33446502685547,1245.9399891336457
615542930524160001,0.0,0.0,0.0,0.0,0.0
615642928791241702,0.0,0.0,0.0,0.0,0.0
615642930453924201,0.0,0.0,0.0,0.0,0.0
615642930548013602,0.0,0.0,0.0,0.0,0.0
615742930472569902,0.0,0.0,0.0,0.0,0.0
615742930517542101,0.0,0.0,0.0,0.0,0.0
615842930452120801,0.0,0.0,0.0,0.0,0.0
615842930464614501,0.0,0.0,0.0,0.0,0.0
615842930540550801,0.0,0.0,0.0,0.0,0.0
616142930535327501,0.0,0.0,0.0,0.0,0.0
616342928009789001,0.0,0.0,0.0,0.0,0.0
616342930540564901,2.25,10.640842286690761,77.3108108108108,27.501140594482422,212.81684215708697
616542930525105801,0.0,0.0,0.0,0.0,0.0
616842929189316902,1.3333333730697632,16.225029472832208,45.22522522522522,3.681540012359619,48.67508896836289
616842930524612002,2.5714285373687744,6.78296934987579,114.65198735320686,17.577505111694336,189.92314022515632
616942930507685202,0.0,0.0,0.0,0.0,0.0
617242930472545102,0.0,0.0,0.0,0.0,0.0
617542930461420101,0.0,0.0,0.0,0.0,0.0
617742930535217001,0.0,0.0,0.0,0.0,0.0
617942930460510202,0.0,0.0,0.0,0.0,0.0
618042930451043001,0.0,0.0,0.0,0.0,0.0
618042930525354301,0.0,0.0,0.0,0.0,0.0
618342930517732602,3.75268816947937,18.856907342069892,459.7132616487455,86.45665740966797,1753.6924182249227
618442930479187302,0.0,0.0,0.0,0.0,0.0
618642930476813602,0.0,0.0,0.0,0.0,0.0
618842930525478901,0.0,0.0,0.0,0.0,0.0
619042930458308802,0.0,0.0,0.0,0.0,0.0
619442930456902601,0.0,0.0,0.0,0.0,0.0
619642930461679002,0.0,0.0,0.0,0.0,0.0
619642930467832502,0.0,0.0,0.0,0.0,0.0
619842930518854401,0.0,0.0,0.0,0.0,0.0
621242930519112201,0.0,0.0,0.0,0.0,0.0
621342930458041402,0.0,0.0,0.0,0.0,0.0
621342930460442702,0.0,0.0,0.0,0.0,0.0
621442930509631801,0.0,0.0,0.0,0.0,0.0
621442930533515701,0.0,0.0,0.0,0.0,0.0
621442930542426801,0.0,0.0,0.0,0.0,0.0
621842928305365001,0.0,0.0,0.0,0.0,0.0
621942930527380301,0.0,0.0,0.0,0.0,0.0
622142930525597202,0.0,0.0,0.0,0.0,0.0
622342930454373401,0.0,0.0,0.0,0.0,0.0
622342930530575101,0.0,0.0,0.0,0.0,0.0
622542930524635402,0.0,0.0,0.0,0.0,0.0
623042930453137202,0.0,0.0,0.0,0.0,0.0
623042930474490501,0.0,0.0,0.0,0.0,0.0
623042930476919301,0.0,0.0,0.0,0.0,0.0
623142930537296402,0.0,0.0,0.0,0.0,0.0
623342930473502501,2.524590253829956,9.954748617147372,200.33386013433426,39.64596939086914,607.2396497330803
623742930507962602,0.0,0.0,0.0,0.0,0.0
623742930536195201,0.0,0.0,0.0,0.0,0.0
623942928258542701,0.0,0.0,0.0,0.0,0.0
623942930530823901,0.0,0.0,0.0,0.0,0.0
624142929684805401,0.0,0.0,0.0,0.0,0.0
624142930451687501,0.0,0.0,0.0,0.0,0.0
624242930455754701,0.0,0.0,0.0,0.0,0.0
624242930475530502,7.333333492279053,20.14911355258052,39.2255529685681,4.29097843170166,60.447342931461
624342930529722402,0.0,0.0,0.0,0.0,0.0
624342930532757901,0.0,0.0,0.0,0.0,0.0
624442928726031502,0.0,0.0,0.0,0.0,0.0
624442930464003901,0.0,0.0,0.0,0.0,0.0
624542930530514701,0.0,0.0,0.0,0.0,0.0
624742930142486002,0.0,0.0,0.0,0.0,0.0
624742930530714801,1.75,2.3684215710554755,6.8537463976945245,1.3232566118240356,9.473686394155541
624942930479378202,0.0,0.0,0.0,0.0,0.0
624942930509974501,0.0,0.0,0.0,0.0,0.0
625042930475269601,0.0,0.0,0.0,0.0,0.0
625142930460858601,0.0,0.0,0.0,0.0,0.0
625342929466954002,0.0,0.0,0.0,0.0,0.0
625442930530055402,0.0,0.0,0.0,0.0,0.0
625542930533010301,0.0,0.0,0.0,0.0,0.0
625742930470569001,0.0,0.0,0.0,0.0,0.0
625842930518152502,0.0,0.0,0.0,0.0,0.0
626142930480164301,0.0,0.0,0.0,0.0,0.0
626142930540691101,0.0,0.0,0.0,0.0,0.0
626142930545055902,0.0,0.0,0.0,0.0,0.0
626442930541959602,0.0,0.0,0.0,0.0,0.0
626642930534157502,0.0,0.0,0.0,0.0,0.0
626742930469978402,0.0,0.0,0.0,0.0,0.0
626742930547755901,0.0,0.0,0.0,0.0,0.0
626942930531391002,0.0,0.0,0.0,0.0,0.0
626942930550762501,148.0,56.38678260994704,56.38682938061248,7.06378173828125,56.38678260994704
627142930477846402,0.0,0.0,0.0,0.0,0.0
627142930519283702,0.0,0.0,0.0,0.0,0.0
627242930521030802,0.0,0.0,0.0,0.0,0.0
627242930530633202,0.0,0.0,0.0,0.0,0.0
627742930535001801,0.0,0.0,0.0,0.0,0.0
627742930542430902,0.0,0.0,0.0,0.0,0.0
627842930454353502,0.0,0.0,0.0,0.0,0.0
627842930455116302,0.0,0.0,0.0,0.0,0.0
627842930527026502,0.0,0.0,0.0,0.0,0.0
627942930468002802,0.0,0.0,0.0,0.0,0.0
628042930476683502,0.0,0.0,0.0,0.0,0.0
628242930463571801,0.0,0.0,0.0,0.0,0.0
628242930528148101,0.0,0.0,0.0,0.0,0.0
628442930546282602,0.0,0.0,0.0,0.0,0.0
628542930529940802,7.0,16.07067860878661,16.07071129707113,1.322934865951538,16.07067860878661
628742930447174202,0.0,0.0,0.0,0.0,0.0
629142930462199101,0.0,0.0,0.0,0.0,0.0
629342930476512301,0.0,0.0,0.0,0.0,0.0
629342930509172202,0.0,0.0,0.0,0.0,0.0
629442930454891802,5.599999904632568,9.370262588358983,40.95705082319255,6.545783996582031,46.851314165119454
629442930546221601,0.0,0.0,0.0,0.0,0.0
629542930524103602,0.0,0.0,0.0,0.0,0.0
629942930465575701,0.0,0.0,0.0,0.0,0.0
631342930544564001,2.0543477535247803,10.148746935494142,148.20937340804892,71.07872009277344,933.684682574979
631442930453559201,0.0,0.0,0.0,0.0,0.0
631442930465223901,0.0,0.0,0.0,0.0,0.0
631442930478758802,0.0,0.0,0.0,0.0,0.0
631442930534697501,0.0,0.0,0.0,0.0,0.0
631442930544035201,0.0,0.0,0.0,0.0,0.0
631542930137891201,0.0,0.0,0.0,0.0,0.0
631642930515728402,4.352941036224365,5.554759946010704,89.83918347025143,62.80721664428711,377.723675979261
631742929269314901,0.0,0.0,0.0,0.0,0.0
631842930544615602,0.0,0.0,0.0,0.0,0.0
631842930546616102,0.0,0.0,0.0,0.0,0.0
632142929417331502,0.0,0.0,0.0,0.0,0.0
632142930475451901,5.40625,12.870771431965563,67.09838998211092,47.25236129760742,411.864686478016
632142930529489601,0.0,0.0,0.0,0.0,0.0
632242928242485402,0.0,0.0,0.0,0.0,0.0
632242928726267002,0.0,0.0,0.0,0.0,0.0
632242930528090201,0.0,0.0,0.0,0.0,0.0
632542930460063802,8.0,0.25574139430208176,0.25574139430208176,0.03166187182068825,0.25574139430208176
632742928602899402,0.0,0.0,0.0,0.0,0.0
632742930471641102,0.0,0.0,0.0,0.0,0.0
632842930545035902,0.0,0.0,0.0,0.0,0.0
633042930524124402,0.0,0.0,0.0,0.0,0.0
633142930479439902,0.0,0.0,0.0,0.0,0.0
633142930480181601,0.0,0.0,0.0,0.0,0.0
633142930546696501,0.0,0.0,0.0,0.0,0.0
633742930519064501,0.0,0.0,0.0,0.0,0.0
634042930454923601,0.0,0.0,0.0,0.0,0.0
634142930378995901,4.857142925262451,7.571937860742591,109.2039972432805,29.22696876525879,265.0178196629025
634242930480300802,0.0,0.0,0.0,0.0,0.0
634342930517827402,0.0,0.0,0.0,0.0,0.0
634342930538918502,0.0,0.0,0.0,0.0,0.0
634442928570877701,0.0,0.0,0.0,0.0,0.0
634442928601879102,0.0,0.0,0.0,0.0,0.0
634442930509229101,0.0,0.0,0.0,0.0,0.0
634542930516387001,3.4406778812408447,7.991277918167867,78.01014144649052,56.05226135253906,471.48538262983436
634542930518933602,0.0,0.0,0.0,0.0,0.0
634542930547167301,0.0,0.0,0.0,0.0,0.0
635042930475778201,0.0,0.0,0.0,0.0,0.0
635242930466868001,0.0,0.0,0.0,0.0,0.0
635242930523886601,0.0,0.0,0.0,0.0,0.0
635342930529573401,0.0,0.0,0.0,0.0,0.0
635442930450110302,0.0,0.0,0.0,0.0,0.0
635442930457627902,3.357142925262451,8.062253245449678,60.50321199143469,12.626276016235352,112.87154196952599
635542930533071202,3.418367385864258,5.520519387278779,76.27179736970287,77.04113006591797,541.0108986650316
635842930448036901,0.0,0.0,0.0,0.0,0.0
635942930457087702,0.0,0.0,0.0,0.0,0.0
636142930528352101,0.0,0.0,0.0,0.0,0.0
636342930526638701,0.0,0.0,0.0,0.0,0.0
636442930460092501,0.0,0.0,0.0,0.0,0.0
636442930520175701,0.0,0.0,0.0,0.0,0.0
636542930536561801,0.0,0.0,0.0,0.0,0.0
636742928865301501,0.0,0.0,0.0,0.0,0.0
636742929020918202,0.0,0.0,0.0,0.0,0.0
636842930510820302,0.0,0.0,0.0,0.0,0.0
636842930525655902,0.0,0.0,0.0,0.0,0.0
636942930472736801,0.0,0.0,0.0,0.0,0.0
637142930511097902,0.0,0.0,0.0,0.0,0.0
637542930466070001,0.0,0.0,0.0,0.0,0.0
637642930474869901,0.0,0.0,0.0,0.0,0.0
637642930550717001,0.0,0.0,0.0,0.0,0.0
637742930532452802,0.0,0.0,0.0,0.0,0.0
637842928603015501,0.0,0.0,0.0,0.0,0.0
637842930510482502,0.0,0.0,0.0,0.0,0.0
637942930548982002,0.0,0.0,0.0,0.0,0.0
638042930450992201,0.0,0.0,0.0,0.0,0.0
638042930509034601,154.5,0.29704598899411166,0.5940652818991098,0.08419742435216904,0.5940919779882233
638042930529760102,0.0,0.0,0.0,0.0,0.0
638042930538055401,0.0,0.0,0.0,0.0,0.0
638142930447921202,0.0,0.0,0.0,0.0,0.0
638142930450063801,3.5670104026794434,15.597931179437905,261.33989911121785,60.221641540527344,1512.9992935543532
638142930455866601,3.6666667461395264,33.61133101423817,67.8905325443787,4.562953472137451,100.83399132722934
638142930540569102,0.0,0.0,0.0,0.0,0.0
638242930455311801,0.0,0.0,0.0,0.0,0.0
638242930533781801,4.909090995788574,21.944666627114255,125.51121850189851,62.459835052490234,724.1740120797887
638542930476079201,2.6984126567840576,4.281064381042325,64.59368243159281,28.7525634765625,269.70704405256276
638642930519829201,0.0,0.0,0.0,0.0,0.0
638742930527718701,0.0,0.0,0.0,0.0,0.0
638842930452336902,0.0,0.0,0.0,0.0,0.0
639042930529309401,0.0,0.0,0.0,0.0,0.0
639142930518547302,0.0,0.0,0.0,0.0,0.0
639142930529139001,0.0,0.0,0.0,0.0,0.0
639342930454898101,0.0,0.0,0.0,0.0,0.0
639342930461614402,0.0,0.0,0.0,0.0,0.0
639342930465207602,0.0,0.0,0.0,0.0,0.0
639442928988290801,0.0,0.0,0.0,0.0,0.0
639442930538235001,0.0,0.0,0.0,0.0,0.0
639542930532563901,1.8214285373687744,3.3129785592945113,33.496515026605714,8.31395435333252,92.76340416442707
639642930530084702,0.0,0.0,0.0,0.0,0.0
641142930477278001,0.0,0.0,0.0,0.0,0.0
641242930464771301,0.0,0.0,0.0,0.0,0.0
641242930528742302,0.0,0.0,0.0,0.0,0.0
641242930548136302,0.0,0.0,0.0,0.0,0.0
641342930545059402,0.0,0.0,0.0,0.0,0.0
641442929528823102,0.0,0.0,0.0,0.0,0.0
641442930464779301,0.0,0.0,0.0,0.0,0.0
641442930524145502,0.0,0.0,0.0,0.0,0.0
641742930516236501,0.0,0.0,0.0,0.0,0.0
641842928570742801,0.0,0.0,0.0,0.0,0.0
641942930474911501,0.0,0.0,0.0,0.0,0.0
641942930534201702,0.0,0.0,0.0,0.0,0.0
642042930525103802,0.0,0.0,0.0,0.0,0.0
642142930542004602,0.0,0.0,0.0,0.0,0.0
642242930456211802,0.0,0.0,0.0,0.0,0.0
642342930453637401,0.0,0.0,0.0,0.0,0.0
642342930457120101,0.0,0.0,0.0,0.0,0.0
642542930456223802,0.0,0.0,0.0,0.0,0.0
642642930474766001,0.0,0.0,0.0,0.0,0.0
642742930526624501,0.0,0.0,0.0,0.0,0.0
643142930459533201,0.0,0.0,0.0,0.0,0.0
643142930519928302,0.0,0.0,0.0,0.0,0.0
643242929821047101,0.0,0.0,0.0,0.0,0.0
643442930550034201,0.0,0.0,0.0,0.0,0.0
643742930454947202,0.0,0.0,0.0,0.0,0.0
643742930476853602,15.0,49.83434237238979,93.79350348027842,9.835428237915039,99.66868814348898
643742930524019802,0.0,0.0,0.0,0.0,0.0
643742930542962201,0.0,0.0,0.0,0.0,0.0
643942930525309802,0.0,0.0,0.0,0.0,0.0
644142930446451802,0.0,0.0,0.0,0.0,0.0
644142930474924401,2.4728682041168213,5.104064570210686,92.90844917463076,92.21797180175781,658.4243483892427
644642930474099402,0.0,0.0,0.0,0.0,0.0
644642930510593801,1.029411792755127,15.710443670099432,78.96401515151516,65.87032318115234,1068.3101660121572
644742929681216001,0.0,0.0,0.0,0.0,0.0
644742930477479302,0.0,0.0,0.0,0.0,0.0
644942930511287101,0.0,0.0,0.0,0.0,0.0
644942930516721002,0.0,0.0,0.0,0.0,0.0
645042930468804501,0.0,0.0,0.0,0.0,0.0
645242930524530001,0.0,0.0,0.0,0.0,0.0
645342930532493602,0.0,0.0,0.0,0.0,0.0
645542930453093001,0.0,0.0,0.0,0.0,0.0
645742930461298301,0.0,0.0,0.0,0.0,0.0
646142930516997802,0.0,0.0,0.0,0.0,0.0
646442930476673001,0.0,0.0,0.0,0.0,0.0
646442930515735902,0.0,0.0,0.0,0.0,0.0
646742928967163401,0.0,0.0,0.0,0.0,0.0
646742930464184902,0.0,0.0,0.0,0.0,0.0
646742930527254501,0.0,0.0,0.0,0.0,0.0
647042929800407201,0.0,0.0,0.0,0.0,0.0
647042930457784202,0.0,0.0,0.0,0.0,0.0
647142930520231302,0.0,0.0,0.0,0.0,0.0
647242930515716702,0.0,0.0,0.0,0.0,0.0
647242930529731001,0.0,0.0,0.0,0.0,0.0
647542927963609202,0.0,0.0,0.0,0.0,0.0
647642930462303702,0.0,0.0,0.0,0.0,0.0
647942930515080402,0.0,0.0,0.0,0.0,0.0
648042930528529302,0.0,0.0,0.0,0.0,0.0
648342930459509102,5.166666507720947,5.8458235760414246,34.58168489643938,4.894355773925781,35.07494066081714
648342930463022901,0.0,0.0,0.0,0.0,0.0
648342930527411001,0.0,0.0,0.0,0.0,0.0
648342930534785301,0.0,0.0,0.0,0.0,0.0
648342930547014502,0.0,0.0,0.0,0.0,0.0
648442930449073502,0.0,0.0,0.0,0.0,0.0
648442930526664902,0.0,0.0,0.0,0.0,0.0
648442930547127301,0.0,0.0,0.0,0.0,0.0
648642930531693201,0.0,0.0,0.0,0.0,0.0
648742930454987101,0.0,0.0,0.0,0.0,0.0
648742930478797202,0.0,0.0,0.0,0.0,0.0
648742930524846701,0.0,0.0,0.0,0.0,0.0
648842930460023301,0.0,0.0,0.0,0.0,0.0
648942929567799701,0.0,0.0,0.0,0.0,0.0
648942930449110702,0.0,0.0,0.0,0.0,0.0
649042930527078002,0.0,0.0,0.0,0.0,0.0
649142930518226402,3.4747474193573,7.0083780971738285,114.07249322493224,65.66494750976562,693.8294100877715
649342930117707001,0.0,0.0,0.0,0.0,0.0
649442930480047802,0.0,0.0,0.0,0.0,0.0
649642930467947801,0.0,0.0,0.0,0.0,0.0
649742930539647002,3.6022727489471436,13.532858093454259,319.6017350157729,65.66798400878906,1190.8915646519947
649942930476139101,0.0,0.0,0.0,0.0,0.0
649942930479236002,0.0,0.0,0.0,0.0,0.0
651142930450359001,0.0,0.0,0.0,0.0,0.0
651342928887918302,0.0,0.0,0.0,0.0,0.0
651442930479445702,0.0,0.0,0.0,0.0,0.0
651642930515551701,0.0,0.0,0.0,0.0,0.0
651742930533814901,0.0,0.0,0.0,0.0,0.0
651842930526320601,0.0,0.0,0.0,0.0,0.0
651942930454825201,0.0,0.0,0.0,0.0,0.0
651942930478231102,0.0,0.0,0.0,0.0,0.0
652142930447137102,0.0,0.0,0.0,0.0,0.0
652142930509584901,0.0,0.0,0.0,0.0,0.0
652442930515802601,0.0,0.0,0.0,0.0,0.0
652542930454752501,0.0,0.0,0.0,0.0,0.0
652542930546548902,0.0,0.0,0.0,0.0,0.0
652642930533782602,0.0,0.0,0.0,0.0,0.0
652842930516145901,0.6413043737411499,13.84890909293614,78.82126293257224,91.68479919433594,1274.0996112694197
652842930529521401,2.9156627655029297,8.814821022132692,78.96525742988698,86.69171142578125,731.630174468381
653042927963768501,0.0,0.0,0.0,0.0,0.0
653042930542015202,0.0,0.0,0.0,0.0,0.0
653142930459478902,0.0,0.0,0.0,0.0,0.0
653142930479524002,0.0,0.0,0.0,0.0,0.0
653342930508972101,0.0,0.0,0.0,0.0,0.0
653342930533725301,2.962264060974121,6.991412883991009,50.72752247752248,51.53305435180664,370.5448905914337
653542930529153902,0.0,0.0,0.0,0.0,0.0
653642930462867801,0.0,0.0,0.0,0.0,0.0
653742930510384802,0.0,0.0,0.0,0.0,0.0
653842929400256501,0.0,0.0,0.0,0.0,0.0
653842929696743002,0.0,0.0,0.0,0.0,0.0
653842930453388901,0.0,0.0,0.0,0.0,0.0
653842930473075901,0.0,0.0,0.0,0.0,0.0
653942930509065402,0.0,0.0,0.0,0.0,0.0
654042930449629701,0.0,0.0,0.0,0.0,0.0
654042930470916901,0.0,0.0,0.0,0.0,0.0
654242930542632701,0.0,0.0,0.0,0.0,0.0
654342930546863601,4.090909004211426,7.888080480947001,38.97781429745275,9.24834156036377,86.76888719619839
654542930474824902,0.0,0.0,0.0,0.0,0.0
654542930477661102,0.0,0.0,0.0,0.0,0.0
654642930453465602,0.0,0.0,0.0,0.0,0.0
654642930454790701,0.0,0.0,0.0,0.0,0.0
654642930460302701,0.0,0.0,0.0,0.0,0.0
654942930509543701,0.0,0.0,0.0,0.0,0.0
655042930472188302,0.0,0.0,0.0,0.0,0.0
655042930479484502,0.0,0.0,0.0,0.0,0.0
655142928726124202,0.0,0.0,0.0,0.0,0.0
655342930509983701,0.0,0.0,0.0,0.0,0.0
655342930543181102,0.0,0.0,0.0,0.0,0.0
655442930469818502,0.0,0.0,0.0,0.0,0.0
655442930510824702,0.0,0.0,0.0,0.0,0.0
655842928887872002,0.0,0.0,0.0,0.0,0.0
655842930523085001,2.451327323913574,9.33895230689971,76.46947030987636,93.32950592041016,1055.3015987308238
656042930475018502,0.0,0.0,0.0,0.0,0.0
656242930456953401,0.0,0.0,0.0,0.0,0.0
656242930473377402,0.0,0.0,0.0,0.0,0.0
656342930342691002,0.0,0.0,0.0,0.0,0.0
656442930472250401,3.6666667461395264,6.514516049565196,56.99256029364669,14.169930458068848,117.26129173094807
656542928592761601,4.346153736114502,23.0908522102701,378.29396984924625,73.10360717773438,1801.0864352556928
656542930543599602,0.0,0.0,0.0,0.0,0.0
656642930474235001,0.0,0.0,0.0,0.0,0.0
656642930517305401,3.5217392444610596,18.2816471130441,191.3253150057274,20.853412628173828,420.47787912440873
656742928789992001,0.0,0.0,0.0,0.0,0.0
656842930475431902,0.0,0.0,0.0,0.0,0.0
657242928887312101,0.0,0.0,0.0,0.0,0.0
657342930541170002,0.0,0.0,0.0,0.0,0.0
657442930477734402,0.027027027681469917,11.31871002179817,1.3510577472841623,65.33679962158203,837.584563750959
657742930465781302,3.0,43.65147473207686,209.83739837398375,22.507068634033203,261.9088474902416
657742930474796002,0.0,0.0,0.0,0.0,0.0
657742930532598501,0.0,0.0,0.0,0.0,0.0
658142930473567902,0.0,0.0,0.0,0.0,0.0
658142930546394001,0.0,0.0,0.0,0.0,0.0
658642929303719501,3.2658228874206543,7.79377988794252,127.08108108108108,71.32003784179688,615.7086169384803
658942930456879602,0.0,0.0,0.0,0.0,0.0
658942930479038602,0.0,0.0,0.0,0.0,0.0
659142928232753901,0.0,0.0,0.0,0.0,0.0
659142930532505601,0.0,0.0,0.0,0.0,0.0
659542930519222201,3.7101449966430664,8.544333415530847,76.8566355810617,54.7466926574707,589.558990566084
659742930464854101,0.0,0.0,0.0,0.0,0.0
659742930544352401,0.0,0.0,0.0,0.0,0.0
659842930534373901,0.0,0.0,0.0,0.0,0.0
659942929259428501,0.0,0.0,0.0,0.0,0.0
659942930461469101,0.0,0.0,0.0,0.0,0.0
659942930519363301,0.0,0.0,0.0,0.0,0.0
661142930533758202,0.0,0.0,0.0,0.0,0.0
661242930541930402,0.0,0.0,0.0,0.0,0.0
661342930531787402,0.0,0.0,0.0,0.0,0.0
661542930458841401,0.0,0.0,0.0,0.0,0.0
661542930526107101,0.0,0.0,0.0,0.0,0.0
661642928062746602,0.0,0.0,0.0,0.0,0.0
662142928255461701,0.0,0.0,0.0,0.0,0.0
662142930529150601,0.0,0.0,0.0,0.0,0.0
662242930517506301,0.0,0.0,0.0,0.0,0.0
662342930463195201,0.0,0.0,0.0,0.0,0.0
662342930464993502,0.0,0.0,0.0,0.0,0.0
662542930461143901,0.0,0.0,0.0,0.0,0.0
662542930525213101,0.0,0.0,0.0,0.0,0.0
662742929621897902,0.0,0.0,0.0,0.0,0.0
662742930474015002,0.0,0.0,0.0,0.0,0.0
662942930534037001,0.0,0.0,0.0,0.0,0.0
663042930479679601,0.0,0.0,0.0,0.0,0.0
663042930524347201,0.0,0.0,0.0,0.0,0.0
663142929839447601,0.0,0.0,0.0,0.0,0.0
663342930451105601,0.0,0.0,0.0,0.0,0.0
663542930529957101,0.0,0.0,0.0,0.0,0.0
663642930480208101,0.0,0.0,0.0,0.0,0.0
663742930515497202,0.0,0.0,0.0,0.0,0.0
663842930455452701,0.0,0.0,0.0,0.0,0.0
664042930448245002,0.0,0.0,0.0,0.0,0.0
664042930459310502,0.0,0.0,0.0,0.0,0.0
664042930542970902,0.0,0.0,0.0,0.0,0.0
664242930518346602,2.5142858028411865,10.637882046732726,156.70005356186394,24.572057723999023,372.3258656576858
664642930528521401,0.0,0.0,0.0,0.0,0.0
664742929309406402,0.0,0.0,0.0,0.0,0.0
664742930179843902,0.0,0.0,0.0,0.0,0.0
664742930518939202,0.0,0.0,0.0,0.0,0.0
664742930532198301,5.666666507720947,14.049155122788113,50.617513611615244,5.6731696128845215,84.29493195521637
664942930450522402,0.0,0.0,0.0,0.0,0.0
665142930474649402,23.0,27.367268746579093,27.367268746579093,2.850459337234497,27.367268746579093
665242930463609802,0.0,0.0,0.0,0.0,0.0
665342930460685202,4.25,4.093779151119403,10.708457711442787,2.1735076904296875,16.375116452648864
665342930528787802,0.0,0.0,0.0,0.0,0.0
665642930550842201,0.0,0.0,0.0,0.0,0.0
665742930527645201,1.0260869264602661,15.063758148006135,115.4382120946538,114.84040832519531,1732.3322485406393
665842929380279101,0.0,0.0,0.0,0.0,0.0
665842930471889901,0.0,0.0,0.0,0.0,0.0
665842930528854901,0.0,0.0,0.0,0.0,0.0
665942929400362701,3.9833333492279053,74.2692162298387,985.2096774193549,125.6382064819336,4456.1528414449385
665942930515546002,3.736842155456543,16.71175168595224,223.90448113207546,15.070063591003418,317.52327829571266
665942930524702001,0.0,0.0,0.0,0.0,0.0
665942930543219101,0.0,0.0,0.0,0.0,0.0
666042930475028101,0.0,0.0,0.0,0.0,0.0
666042930525712202,0.0,0.0,0.0,0.0,0.0
666142930462109402,0.0,0.0,0.0,0.0,0.0
666142930464828901,0.0,0.0,0.0,0.0,0.0
666142930533023602,0.0,0.0,0.0,0.0,0.0
666242928113204401,0.0,0.0,0.0,0.0,0.0
666242930516082801,0.0,0.0,0.0,0.0,0.0
666242930525492302,0.0,0.0,0.0,0.0,0.0
666342930519029801,0.0,0.0,0.0,0.0,0.0
666342930544643602,0.0,0.0,0.0,0.0,0.0
666442930480433801,0.0,0.0,0.0,0.0,0.0
666442930546688702,0.0,0.0,0.0,0.0,0.0
666942930531738801,1.220588207244873,12.04893754607203,58.3304549283909,67.63616180419922,819.3277682824203
667042929885514702,0.0,0.0,0.0,0.0,0.0
667042930450950202,0.0,0.0,0.0,0.0,0.0
667142927966337801,0.0,0.0,0.0,0.0,0.0
667142930518229601,2.769230842590332,3.3748642360732215,14.918594500218246,8.657000541687012,43.873234036602554
667242930457538102,0.0,0.0,0.0,0.0,0.0
667342928113248801,0.0,0.0,0.0,0.0,0.0
667442930464212402,0.0,0.0,0.0,0.0,0.0
667442930515645402,0.0,0.0,0.0,0.0,0.0
667442930549503402,0.0,0.0,0.0,0.0,0.0
667942930528227902,0.0,0.0,0.0,0.0,0.0
667942930530965901,0.0,0.0,0.0,0.0,0.0
668042928091088502,0.0,0.0,0.0,0.0,0.0
668142930526970101,0.0,0.0,0.0,0.0,0.0
668242930533365502,0.0,0.0,0.0,0.0,0.0
668442930532995202,0.0,0.0,0.0,0.0,0.0
668642930527433401,0.0,0.0,0.0,0.0,0.0
668642930544536701,0.0,0.0,0.0,0.0,0.0
668742928235978602,0.0,0.0,0.0,0.0,0.0
668842930538829901,0.0,0.0,0.0,0.0,0.0
668942930527960502,0.0,0.0,0.0,0.0,0.0
668942930529847002,0.0,0.0,0.0,0.0,0.0
669142930289529202,0.0,0.0,0.0,0.0,0.0
669142930450104201,0.0,0.0,0.0,0.0,0.0
669242930527333102,0.0,0.0,0.0,0.0,0.0
669242930529373802,0.0,0.0,0.0,0.0,0.0
669342930526060301,0.0,0.0,0.0,0.0,0.0
669442930474293901,0.0,0.0,0.0,0.0,0.0
669642930539906702,0.0,0.0,0.0,0.0,0.0
669842930542477401,0.0,0.0,0.0,0.0,0.0
671142930534395002,0.0,0.0,0.0,0.0,0.0
671242930455919502,0.0,0.0,0.0,0.0,0.0
671542930478300201,0.0,0.0,0.0,0.0,0.0
671642928739595002,0.0,0.0,0.0,0.0,0.0
671742930528968102,0.0,0.0,0.0,0.0,0.0
671842927929385701,0.0,0.0,0.0,0.0,0.0
671942930546143302,0.0,0.0,0.0,0.0,0.0
672042929801894901,0.0,0.0,0.0,0.0,0.0
672142928726429701,0.0,0.0,0.0,0.0,0.0
672142929373030202,0.0,0.0,0.0,0.0,0.0
672442930530787602,0.0,0.0,0.0,0.0,0.0
672542930080417901,0.0,0.0,0.0,0.0,0.0
672742930531909101,0.0,0.0,0.0,0.0,0.0
673042930517612002,0.0,0.0,0.0,0.0,0.0
673042930529893101,3.317307710647583,10.567076342649377,164.6805677238479,79.41712188720703,1098.9759198670758
673142930477769301,0.0,0.0,0.0,0.0,0.0
673142930516487402,0.0,7.891181655488965,59.68074581430746,52.10917663574219,583.9474521851794
673242930461406401,0.0,0.0,0.0,0.0,0.0
673342930467794802,0.0,0.0,0.0,0.0,0.0
673342930518841002,0.0,0.0,0.0,0.0,0.0
673342930534726802,0.0,0.0,0.0,0.0,0.0
673442930531133301,0.0,0.0,0.0,0.0,0.0
673542930463546502,0.0,0.0,0.0,0.0,0.0
673742930533903301,4.5,16.03801450572163,41.545495790694154,9.356671333312988,96.22809115728737
673842930475061702,0.0,0.0,0.0,0.0,0.0
674042930461682601,0.0,0.0,0.0,0.0,0.0
674142930516069702,3.076923131942749,5.3520605567354895,31.279934542669128,9.578824043273926,69.57679071848425
674242930435870002,0.0,0.0,0.0,0.0,0.0
674242930473017302,0.0,0.0,0.0,0.0,0.0
674342930457227401,2.5,1.7874588563573433,3.2600771118121274,0.48892006278038025,3.574917691321361
674342930524419701,0.0,0.0,0.0,0.0,0.0
674542930458635101,0.0,0.0,0.0,0.0,0.0
674542930480126701,2.5652174949645996,22.935136077864442,642.9784830554062,32.535675048828125,1055.0162711469252
674742930528798301,0.0,0.0,0.0,0.0,0.0
675142930451155701,0.0,0.0,0.0,0.0,0.0
675142930540256901,0.0,0.0,0.0,0.0,0.0
675242928055989402,0.0,0.0,0.0,0.0,0.0
675342930525185901,21.133333206176758,5.813376661278736,40.20373563218391,12.123865127563477,87.2006518835309
675442930516295301,0.0,0.0,0.0,0.0,0.0
675542930448864102,2.966386556625366,10.440263517181911,322.8768523249872,86.67520141601562,1242.3913599676055
675642929321111502,0.0,0.0,0.0,0.0,0.0
675642930451386202,0.0,0.0,0.0,0.0,0.0
675642930524949302,0.0,0.0,0.0,0.0,0.0
675742930526577702,0.0,0.0,0.0,0.0,0.0
675742930528981401,0.0,0.0,0.0,0.0,0.0
675842930459007402,4.370967864990234,8.455830701177682,111.95632289046421,68.34370422363281,524.2615063342573
675942930475206502,0.0,0.0,0.0,0.0,0.0
676142929194519602,0.0,0.0,0.0,0.0,0.0
676142930524860502,0.0,0.0,0.0,0.0,0.0
676242930220737602,0.0,0.0,0.0,0.0,0.0
676242930469479001,0.0,0.0,0.0,0.0,0.0
676242930473283902,0.0,0.0,0.0,0.0,0.0
676242930542299602,0.0,0.0,0.0,0.0,0.0
676342930012382501,0.0,0.0,0.0,0.0,0.0
676442930461411002,0.0,0.0,0.0,0.0,0.0
676442930464954101,0.0,0.0,0.0,0.0,0.0
676442930546368201,0.0,0.0,0.0,0.0,0.0
676542930477748601,0.0,0.0,0.0,0.0,0.0
676542930517857402,4.0,14.070511011259635,22.45664739884393,1.3202470541000366,28.14102155211344
676742930475025802,0.0,0.0,0.0,0.0,0.0
676842930545340301,0.0,0.0,0.0,0.0,0.0
676942930479197201,0.0,0.0,0.0,0.0,0.0
676942930533687801,0.0,0.0,0.0,0.0,0.0
677042930478874701,0.0,0.0,0.0,0.0,0.0
677142930527521402,0.0,0.0,0.0,0.0,0.0
677242928932243302,0.0,0.0,0.0,0.0,0.0
677242928988167902,0.0,0.0,0.0,0.0,0.0
677242930517222601,0.0,0.0,0.0,0.0,0.0
677242930544609802,0.0,0.0,0.0,0.0,0.0
677242930547631701,0.0,0.0,0.0,0.0,0.0
677742930447987101,0.0,0.0,0.0,0.0,0.0
677742930519472901,0.0,0.0,0.0,0.0,0.0
677842930461361101,0.0,0.0,0.0,0.0,0.0
677942930525818002,0.0,0.0,0.0,0.0,0.0
678142930479964501,0.0,0.0,0.0,0.0,0.0
678142930521363801,0.0,0.0,0.0,0.0,0.0
678242930530196802,0.0,0.0,0.0,0.0,0.0
678542930476045002,0.0,0.0,0.0,0.0,0.0
678642930458165102,3.5714285373687744,7.226645765309265,23.397979300147856,10.101275444030762,101.1730382777365
678742930222068601,0.0,0.0,0.0,0.0,0.0
678742930462308501,0.0,0.0,0.0,0.0,0.0
678742930528119502,0.0,0.0,0.0,0.0,0.0
678842930547371802,0.0,0.0,0.0,0.0,0.0
679042928030516801,0.0,0.0,0.0,0.0,0.0
679142930464344202,3.3499999046325684,9.161258592619392,103.54819102749639,18.810930252075195,183.22517608995892
679242930478303301,0.0,0.0,0.0,0.0,0.0
679342930519642702,0.0,0.0,0.0,0.0,0.0
679442930456249102,0.0,0.0,0.0,0.0,0.0
679442930546701301,344.0,1.0638297872340425,1.0638297872340425,0.0638161227107048,1.0638297872340425
679742929946486602,1.6279069185256958,11.801280766039824,46.77345132743363,47.4266471862793,507.4550791580065
679942930541716201,0.0,0.0,0.0,0.0,0.0
681142930454118401,297.0,15.891224381283836,15.891260634184068,1.8052088022232056,15.891224381283836
681342930534908101,0.0,0.0,0.0,0.0,0.0
681442930464803501,0.0,0.0,0.0,0.0,0.0
681742930510597001,0.0,0.0,0.0,0.0,0.0
682042930525009502,0.0,0.0,0.0,0.0,0.0
682442928121580101,0.0,0.0,0.0,0.0,0.0
682442930509273402,0.0,0.0,0.0,0.0,0.0
682542930478153201,0.0,0.0,0.0,0.0,0.0
682542930521194702,0.0,0.0,0.0,0.0,0.0
682542930523950602,0.0,0.0,0.0,0.0,0.0
682542930531441302,3.4166667461395264,4.776840976825287,44.51246537396122,14.604126930236816,114.64418223614649
682642930545320202,0.0,0.0,0.0,0.0,0.0
682842928064987401,0.0,0.0,0.0,0.0,0.0
682842930526003901,0.0,0.0,0.0,0.0,0.0
683042930455966702,0.0,0.0,0.0,0.0,0.0
683142930518339501,0.0,0.0,0.0,0.0,0.0
683342930517481102,0.0,0.0,0.0,0.0,0.0
683342930549650701,1.5151515007019043,10.723543030945043,143.0914227015922,54.09967803955078,707.7538312293348
683442930464374402,0.0,0.0,0.0,0.0,0.0
683542930530462101,0.0,0.0,0.0,0.0,0.0
683642929780713401,0.0,0.0,0.0,0.0,0.0
683742930461427702,0.0,0.0,0.0,0.0,0.0
683842930531713201,0.0,0.0,0.0,0.0,0.0
684142930516547701,0.0,0.0,0.0,0.0,0.0
684342930519896201,0.0,0.0,0.0,0.0,0.0
684342930526179301,0.0,0.0,0.0,0.0,0.0
684342930538673401,4.0,16.48578861781529,31.368303571428573,3.7513036727905273,49.457366943359375
684342930549015902,0.0,0.0,0.0,0.0,0.0
684742928878191202,0.0,0.0,0.0,0.0,0.0
684942930529277701,0.0,0.0,0.0,0.0,0.0
685042930523351301,0.0,0.0,0.0,0.0,0.0
685142930474884601,0.0,0.0,0.0,0.0,0.0
685142930523762602,0.0,0.0,0.0,0.0,0.0
685142930546857301,0.0,0.0,0.0,0.0,0.0
685242928725986102,0.0,0.0,0.0,0.0,0.0
685542930545717101,0.0,0.0,0.0,0.0,0.0
685642930473229702,3.7058823108673096,7.433600235196458,138.41837299391256,63.691864013671875,505.4848251300552
685642930480066702,0.0,0.0,0.0,0.0,0.0
686142928159082502,0.0,0.0,0.0,0.0,0.0
686142930516730902,0.0,0.0,0.0,0.0,0.0
686242930478176701,0.0,0.0,0.0,0.0,0.0
686242930534114102,5.5,18.275207253002183,36.55021834061135,2.682304859161377,36.550414506004365
686442930474073202,0.0,0.0,0.0,0.0,0.0
686442930536461201,1.0,20.693836030505953,20.69375,1.821305274963379,20.693836030505953
686442930544290302,0.0,0.0,0.0,0.0,0.0
686542930549153402,0.0,0.0005997643680660349,0.0006426046910142444,5.525478991330601e-05,0.0005997643680660349
686642930530558201,0.0,0.0,0.0,0.0,0.0
686742930460247802,0.0,0.0,0.0,0.0,0.0
686742930471518302,0.0,0.0,0.0,0.0,0.0
686742930480404201,0.0,0.0,0.0,0.0,0.0
686742930530161202,0.0,0.0,0.0,0.0,0.0
686942930508038502,0.0,0.0,0.0,0.0,0.0
687042930454546001,0.0,0.0,0.0,0.0,0.0
687142930472558801,0.0,0.0,0.0,0.0,0.0
687242930525582202,0.0,0.0,0.0,0.0,0.0
687342930521812002,0.0,0.0,0.0,0.0,0.0
687442930545692702,0.0,0.0,0.0,0.0,0.0
687542930516092602,0.0,0.0,0.0,0.0,0.0
687742930448383602,0.0,0.0,0.0,0.0,0.0
687842930528045202,0.0,0.0,0.0,0.0,0.0
687942930478920301,0.0,0.0,0.0,0.0,0.0
688042930519267601,0.0,0.0,0.0,0.0,0.0
688242930479600701,0.0,0.0,0.0,0.0,0.0
688242930479708301,0.0,0.0,0.0,0.0,0.0
688342930454573002,0.0,0.0,0.0,0.0,0.0
688442930478551502,0.0,0.0,0.0,0.0,0.0
688542930547601101,15.0,6.052681684932557,121.11036174126303,19.092388153076172,145.26435337031566
688742928087825902,0.0,0.12581373183714573,0.0,0.050606608390808105,0.5032549273485829
688842930462822501,0.0,0.0,0.0,0.0,0.0
689042929230287301,0.0,0.0,0.0,0.0,0.0
689142930539934701,0.0,0.0,0.0,0.0,0.0
689242930533588202,0.0,0.0,0.0,0.0,0.0
689442930543590601,0.0,0.0,0.0,0.0,0.0
689542930547519802,0.0,0.0,0.0,0.0,0.0
689642930516857701,0.0,0.0,0.0,0.0,0.0
689842929800307001,0.0,0.0,0.0,0.0,0.0
689842930445443202,0.0,0.0,0.0,0.0,0.0
689842930531065801,2.607142925262451,8.032985291909746,121.31983527796842,53.63917922973633,449.84719135962536
691142930454716601,0.0,0.0,0.0,0.0,0.0
691142930459899401,0.0,0.0,0.0,0.0,0.0
691142930477836702,0.0,0.0,0.0,0.0,0.0
691142930520228202,0.0,0.0,0.0,0.0,0.0
691142930545181902,0.0,0.0,0.0,0.0,0.0
691242930471865101,0.0,0.0,0.0,0.0,0.0
691242930519659401,0.0,0.0,0.0,0.0,0.0
691242930521321801,2.049295663833618,11.243761992281822,118.36322869955157,139.41140747070312,1596.6141901341605
691242930545521202,0.0,0.0,0.0,0.0,0.0
691742930461913501,0.0,0.0,0.0,0.0,0.0
691742930480379601,0.0,0.0,0.0,0.0,0.0
691842930446404902,0.0,0.0,0.0,0.0,0.0
691942930460283802,0.0,0.0,0.0,0.0,0.0
691942930461252602,0.0,0.0,0.0,0.0,0.0
691942930544112801,0.0,0.0,0.0,0.0,0.0
692042930455091602,0.0,0.0,0.0,0.0,0.0
692042930476840302,0.0,0.0,0.0,0.0,0.0
692042930526194602,0.0,0.0,0.0,0.0,0.0
692142930465080401,0.0,0.0,0.0,0.0,0.0
692242928258200901,0.0,0.0,0.0,0.0,0.0
692242930461896101,0.0,0.0,0.0,0.0,0.0
692242930478049202,0.0,0.0,0.0,0.0,0.0
692342930460767302,0.0,0.0,0.0,0.0,0.0
692342930530025502,0.0,0.0,0.0,0.0,0.0
692442930461132602,0.0,0.0,0.0,0.0,0.0
692542930461026101,0.0,0.0,0.0,0.0,0.0
692542930464877602,0.0,0.0,0.0,0.0,0.0
692642930474182301,5.294117450714111,12.462983202353522,66.71560236998025,20.309162139892578,211.8707087242423
692742930515987001,0.0,0.0,0.0,0.0,0.0
692942930479854902,0.0,0.0,0.0,0.0,0.0
693342928042043202,0.0,0.0,0.0,0.0,0.0
693342930521784902,0.0,0.0,0.0,0.0,0.0
693442930478861301,0.0,0.0,0.0,0.0,0.0
693642930542975801,0.0,0.0,0.0,0.0,0.0
693642930549537501,0.0,0.0,0.0,0.0,0.0
693842930526783301,0.0,0.0,0.0,0.0,0.0
693942930517351702,0.0,0.0,0.0,0.0,0.0
694042930471569902,0.0,0.0,0.0,0.0,0.0
694342930515665501,0.0,0.0,0.0,0.0,0.0
694342930533946902,0.0,0.0,0.0,0.0,0.0
694542930474143501,0.0,0.0,0.0,0.0,0.0
694542930527930802,0.0,0.0,0.0,0.0,0.0
694642930542427401,0.0,0.0,0.0,0.0,0.0
694842928181430002,0.0,0.0,0.0,0.0,0.0
694842930547250201,0.0,0.0,0.0,0.0,0.0
694942930509632101,0.0,0.0,0.0,0.0,0.0
695042930476106001,0.0,0.0,0.0,0.0,0.0
695142930529650002,2.0,0.9245076980979414,1.8488964346349746,0.05872386321425438,1.8490153055239615
695242930446942902,0.0,0.0,0.0,0.0,0.0
695242930468155102,0.0,0.0,0.0,0.0,0.0
695342930458421202,0.0,0.0,0.0,0.0,0.0
695642929248923802,0.0,0.0,0.0,0.0,0.0
695842930524152402,0.0,0.0,0.0,0.0,0.0
696042930517018501,0.0,0.0,0.0,0.0,0.0
696142928633821702,0.0,0.0,0.0,0.0,0.0
696642930474802301,2.75,5.563925303892409,21.608431397905083,2.380202293395996,22.25570113979859
696642930541606002,0.0,0.0,0.0,0.0,0.0
696642930544942101,0.0,0.0,0.0,0.0,0.0
696842928030437801,0.0,0.0,0.0,0.0,0.0
696942930473808002,3.796610116958618,25.514124428353657,417.55826558265585,88.41475677490234,1505.33328056077
697042930473910301,0.0,0.0,0.0,0.0,0.0
697242930479552002,0.0,0.0,0.0,0.0,0.0
697342929012746502,0.0,0.0,0.0,0.0,0.0
697342930534528301,0.0,0.0,0.0,0.0,0.0
697442930527780301,0.0,0.0,0.0,0.0,0.0
697642930537356401,0.0,0.0,0.0,0.0,0.0
697742930508268501,0.0,0.0,0.0,0.0,0.0
697942930448206801,0.0,0.0,0.0,0.0,0.0
697942930532346202,0.0,0.0,0.0,0.0,0.0
697942930534180601,0.0,0.0,0.0,0.0,0.0
698142930476799201,0.0,0.0,0.0,0.0,0.0
698142930519445901,0.0,0.0,0.0,0.0,0.0
698442930520214102,2.913461446762085,13.070218440155807,220.65835694050992,138.87643432617188,1359.3026993186886
698542928135348302,0.0,0.0,0.0,0.0,0.0
698542930517150901,0.0,0.0,0.0,0.0,0.0
698642930472207101,0.0,0.0,0.0,0.0,0.0
698642930518661301,0.0,0.0,0.0,0.0,0.0
698642930527561602,0.0,0.0,0.0,0.0,0.0
698842930453783402,0.0,0.0,0.0,0.0,0.0
698942930522124802,6.666666507720947,12.627132808247142,17.864725095264017,4.108831882476807,37.8813994879559
699142928159330601,0.0,0.0,0.0,0.0,0.0
699742930449276401,0.0,0.0,0.0,0.0,0.0
699742930529576902,0.0,0.0,0.0,0.0,0.0
699742930529711202,0.0,0.0,0.0,0.0,0.0
699842928265614001,0.0,0.0,0.0,0.0,0.0
699842929800132601,0.0,0.0,0.0,0.0,0.0
699842930526989702,0.0,0.0,0.0,0.0,0.0
699942930472631801,2.6744186878204346,7.527407744921363,105.53292922673657,78.4013442993164,647.3570498545236
701442930518355201,0.0,0.0,0.0,0.0,0.0
701542930477281501,0.0,0.0,0.0,0.0,0.0
701542930525900501,0.0,0.0,0.0,0.0,0.0
701642928043515102,0.0,0.0,0.0,0.0,0.0
701642930527873402,0.0,0.0,0.0,0.0,0.0
701742930453720802,0.0,0.0,0.0,0.0,0.0
701742930526291201,0.0,0.0,0.0,0.0,0.0
701742930526811201,0.0,0.0,0.0,0.0,0.0
701942930508392401,0.0,0.0,0.0,0.0,0.0
702142930534562902,0.0,0.0,0.0,0.0,0.0
702242930521210002,0.0,0.0,0.0,0.0,0.0
702442930463800001,1.5,2.7828664644145387,10.164673582152991,0.9549917578697205,11.131465633292553
702542930464549202,0.0,0.0,0.0,0.0,0.0
702542930469787202,0.0,0.0,0.0,0.0,0.0
702742930465685701,0.0,0.0,0.0,0.0,0.0
702742930472798502,0.0,0.0,0.0,0.0,0.0
702942930457151702,0.0,0.0,0.0,0.0,0.0
703042930532533001,0.0,0.0,0.0,0.0,0.0
703242930461794801,0.0,0.0,0.0,0.0,0.0
703242930527544401,0.0,0.0,0.0,0.0,0.0
703342930472057401,0.0,0.0,0.0,0.0,0.0
703342930542327302,0.0,0.0,0.0,0.0,0.0
703542930447435902,0.0,0.0,0.0,0.0,0.0
703542930529683202,0.0,0.0,0.0,0.0,0.0
703642929467003402,0.0,0.0,0.0,0.0,0.0
703742929341560901,0.0,0.0,0.0,0.0,0.0
703842930465284901,0.0,0.0,0.0,0.0,0.0
703942930456878301,0.0,0.0,0.0,0.0,0.0
704042930480086002,3.5189874172210693,5.238817035486443,68.76506089604176,40.28083419799805,413.8665489759828
704042930516438602,0.0,0.0,0.0,0.0,0.0
704142929091942401,0.0,0.0,0.0,0.0,0.0
704342930462932901,0.0,0.0,0.0,0.0,0.0
704342930464054902,0.0,0.0,0.0,0.0,0.0
704442930446654802,0.0,0.0,0.0,0.0,0.0
704542930546364601,0.0,0.0,0.0,0.0,0.0
704842930473832701,0.0,0.0,0.0,0.0,0.0
704842930518386102,0.0,0.0,0.0,0.0,0.0
704842930543354302,0.0,0.0,0.0,0.0,0.0
704942930550367501,0.0,0.0,0.0,0.0,0.0
705042930517986502,0.0,0.0,0.0,0.0,0.0
705042930520388601,0.0,0.0,0.0,0.0,0.0
705042930542945301,0.0,0.0,0.0,0.0,0.0
705142930446317302,0.0,0.0,0.0,0.0,0.0
705142930511073702,0.0,0.0,0.0,0.0,0.0
705142930518615901,0.0,0.0,0.0,0.0,0.0
705342928043798601,0.0,0.0,0.0,0.0,0.0
705342929013067401,0.0,0.0,0.0,0.0,0.0
705342930474395702,0.0,0.0,0.0,0.0,0.0
705542930478356501,0.0,0.0,0.0,0.0,0.0
705542930543915002,0.0,0.0,0.0,0.0,0.0
705642930467932701,0.0,0.0,0.0,0.0,0.0
705642930523995501,0.0,0.0,0.0,0.0,0.0
705842930446977101,0.0,0.0,0.0,0.0,0.0
705842930539803201,0.0,0.0,0.0,0.0,0.0
706142929047821502,0.0,0.0,0.0,0.0,0.0
706342930476820301,0.0,0.0,0.0,0.0,0.0
706542930549790602,2.269230842590332,8.978171187815429,89.40894015861572,19.33003044128418,233.43245003775203
706642929449864401,0.0,0.0,0.0,0.0,0.0
706742930461573101,71.0,0.813047107781986,0.8130384836300977,0.03728213533759117,0.813047107781986
706742930509540002,0.0,0.0,0.0,0.0,0.0
706842930534709802,0.0,0.0,0.0,0.0,0.0
706942930524806002,0.0,0.0,0.0,0.0,0.0
707242930509951101,0.0,0.0,0.0,0.0,0.0
707242930533645202,3.5581395626068115,7.214460017008074,116.47009569377991,44.98558807373047,310.221792303204
707342928043758401,0.0,0.0,0.0,0.0,0.0
707342930464718201,0.0,0.0,0.0,0.0,0.0
707442930447015301,0.0,0.0,0.0,0.0,0.0
707542930534451302,0.0,0.0,0.0,0.0,0.0
707642930519538401,0.0,0.0,0.0,0.0,0.0
707642930544005001,0.0,0.0,0.0,0.0,0.0
707742930524510001,0.0,0.0,0.0,0.0,0.0
707842930455442102,0.0,0.0,0.0,0.0,0.0
707842930524286802,3.3626372814178467,7.475370074453887,84.11182131066938,46.220664978027344,680.258673079506
707842930543553902,0.0,0.0,0.0,0.0,0.0
708242930527684101,0.0,0.0,0.0,0.0,0.0
708242930532709102,3.588235378265381,32.31211529356061,273.37373737373736,34.58018493652344,549.305986809008
708342930456371102,0.0,0.0,0.0,0.0,0.0
708442930518563602,0.0,0.0,0.0,0.0,0.0
708542929644415901,0.0,0.0,0.0,0.0,0.0
708642930508236301,41.125,0.4529392105748677,3.6237785016286646,0.18714769184589386,3.6235138274947674
708742930529787502,0.0,0.0,0.0,0.0,0.0
708942930545115602,0.0,0.0,0.0,0.0,0.0
709142930454722902,0.0,0.0,0.0,0.0,0.0
709142930529107902,0.0,0.0,0.0,0.0,0.0
709342930462657202,0.0,0.0,0.0,0.0,0.0
709342930463189902,0.0,0.0,-0.4339524388127061,0.0,0.0
709342930523776902,0.0,0.0,0.0,0.0,0.0
709342930543115601,0.0,0.0,0.0,0.0,0.0
709442929476579602,3.5999999046325684,50.498049847793,226.4931506849315,21.03968620300293,252.49025247884487
709442930480607601,0.0,0.0,0.0,0.0,0.0
709542928119272102,0.0,0.0,0.0,0.0,0.0
709542930527752701,0.0,0.0,0.0,0.0,0.0
709742929321275401,0.0,0.0,0.0,0.0,0.0
709742930463751901,0.0,0.0,0.0,0.0,0.0
709842930457914302,0.0,0.0,0.0,0.0,0.0
711142928043716701,0.0,0.0,0.0,0.0,0.0
711142928623619902,0.0,0.0,0.0,0.0,0.0
711142930529725002,0.0,0.0,0.0,0.0,0.0
711542930534089201,0.0,0.0,0.0,0.0,0.0
711842930537906902,0.0,0.0,0.0,0.0,0.0
711942930467776401,0.0,0.0,0.0,0.0,0.0
711942930530934902,0.0,0.0,0.0,0.0,0.0
712142930518571101,0.0,0.0,0.0,0.0,0.0
712142930547855301,13.52173900604248,64.5123835184488,338.13253012048193,38.20484161376953,1483.7847659559136
712342930544714301,0.0,0.0,0.0,0.0,0.0
712442930521584402,0.0,0.0,0.0,0.0,0.0
712542930529577101,0.0,0.0,0.0,0.0,0.0
712542930531904702,0.0,0.0,0.0,0.0,0.0
712542930547080001,0.0,0.0,0.0,0.0,0.0
712942929303552002,0.0,0.0,0.0,0.0,0.0
712942930459172101,0.0,0.0,0.0,0.0,0.0
713042930460573101,0.0,0.0,0.0,0.0,0.0
713042930547421102,0.0,0.0,0.0,0.0,0.0
713342930479106802,0.0,0.0,0.0,0.0,0.0
713342930515708601,0.0,0.0,0.0,0.0,0.0
713542930457938602,0.0,0.0,0.0,0.0,0.0
713542930543641801,0.0,0.0,0.0,0.0,0.0
713642930520847002,2.696721315383911,5.448322361987189,194.27876387462715,87.06311798095703,664.6953433264696
713842928716168701,0.0,0.0,0.0,0.0,0.0
713842930455618501,0.0,0.0,0.0,0.0,0.0
713842930546729101,0.0,0.0,0.0,0.0,0.0
714042930508735101,0.0,0.0,0.0,0.0,0.0
714242930509730002,5.0,27.383617331036746,156.10236220472441,11.670750617980957,164.3017056682917
714242930519201201,0.0,0.0,0.0,0.0,0.0
714342930474663402,0.0,0.0,0.0,0.0,0.0
714442930532459401,0.0,0.0,0.0,0.0,0.0
714542930476876001,3.703296661376953,5.347683611991328,100.93212141427618,97.31558227539062,486.6392052633274
714542930509917201,0.0,0.0,0.0,0.0,0.0
714642928243104701,0.0,0.0,0.0,0.0,0.0
714742930546759701,0.0,0.0,0.0,0.0,0.0
715042930457003501,0.0,0.0,0.0,0.0,0.0
715042930476333602,0.0,0.0,0.0,0.0,0.0
715042930526729701,0.0,0.0,0.0,0.0,0.0
715242930535188001,0.0,0.0,0.0,0.0,0.0
715242930541662702,0.0,0.0,0.0,0.0,0.0
715342930530796402,0.0,0.0,0.0,0.0,0.0
715542930516326301,0.0,0.0,0.0,0.0,0.0
715642930458588702,0.0,0.0,0.0,0.0,0.0
715842930453973101,0.0,0.0,0.0,0.0,0.0
715942930462479201,1.8536585569381714,9.223303835364382,56.47393822393823,47.18487548828125,378.15545522476253
715942930517913801,0.0,0.0,0.0,0.0,0.0
716042930452054202,4.375,36.20011291619372,192.51153991676125,34.86002731323242,289.60089995795204
716142930474628101,0.0,0.0,0.0,0.0,0.0
716242930455354902,0.0,0.0,0.0,0.0,0.0
716342930453440202,0.0,0.0,0.0,0.0,0.0
716342930547575302,0.0,0.0,0.0,0.0,0.0
716342930548795201,1.0,1.4928107312580094,1.492738146091414,0.17176596820354462,1.4928107312580094
716542930524372901,0.0,0.0,0.0,0.0,0.0
716542930538702501,0.0,0.0,0.0,0.0,0.0
716842930527589702,0.0,0.0,0.0,0.0,0.0
716942930510570001,0.0,0.0,0.0,0.0,0.0
716942930548060802,0.0,0.0,0.0,0.0,0.0
717042930524936602,0.0,0.0,0.0,0.0,0.0
717142930142250702,0.0,0.0,0.0,0.0,0.0
717142930448680702,0.0,0.0,0.0,0.0,0.0
717342930462710901,0.0,0.0,0.0,0.0,0.0
717342930516923801,0.0,0.0,0.0,0.0,0.0
717442930526366001,0.0,0.0,0.0,0.0,0.0
717642929528798602,0.0,0.0,0.0,0.0,0.0
717642930474342302,0.0,0.0,0.0,0.0,0.0
717942929704056301,2.0,8.67838980571161,12.065168539325843,1.263094186782837,17.356779245669475
717942930545697601,0.0,0.0,0.0,0.0,0.0
718042930542624402,0.0,0.0,0.0,0.0,0.0
718042930542813302,1.209876537322998,12.984020982393378,176.2929292929293,81.28521728515625,1051.7056820609353
718242930547462902,0.0,0.0,0.0,0.0,0.0
718442930464314901,2.0232558250427246,4.970120797927847,49.87045319022063,26.270410537719727,213.71518580730145
718942930448650001,0.0,0.0,0.0,0.0,0.0
719042930517652301,0.0,0.0,0.0,0.0,0.0
719042930532077502,3.924999952316284,10.836104804825156,121.34047167253999,75.44873046875,866.8884214110153
719042930546226002,0.0,0.0,0.0,0.0,0.0
719142930508420101,0.0,0.0,0.0,0.0,0.0
719142930528578601,0.0,0.0,0.0,0.0,0.0
719342929575458001,0.4492753744125366,11.53211226736664,79.31847133757962,102.349853515625,795.7157668606111
719642930457602102,0.0,0.0,0.0,0.0,0.0
719642930515572502,0.0,0.0,0.0,0.0,0.0
719642930522915302,3.222222328186035,10.959766714492599,104.522849173997,26.890098571777344,197.2758083740444
719642930529291802,0.0,0.0,0.0,0.0,0.0
719742930478003601,0.0,0.0,0.0,0.0,0.0
721342930461532101,0.0,0.0,0.0,0.0,0.0
721342930476968801,0.0,0.0,0.0,0.0,0.0
721642930525564601,0.0,0.0,0.0,0.0,0.0
721742930464967901,0.0,0.0,0.0,0.0,0.0
721942929155598201,0.0,0.0,0.0,0.0,0.0
721942930537211101,0.0,0.0,0.0,0.0,0.0
722042930460960701,0.0,0.0,0.0,0.0,0.0
722042930532045801,0.0,0.0,0.0,0.0,0.0
722042930545968602,0.0,0.0,0.0,0.0,0.0
722242930463139302,0.0,0.0,0.0,0.0,0.0
722542930531607802,0.0,0.0,0.0,0.0,0.0
722742929861282501,0.0,0.0,0.0,0.0,0.0
722742930508588502,0.0,0.0,0.0,0.0,0.0
722842930456337501,0.0,0.0,0.0,0.0,0.0
722942930518085401,0.0,0.0,0.0,0.0,0.0
723042930142431802,0.0,0.0,0.0,0.0,0.0
723142929505807502,0.0,0.0,0.0,0.0,0.0
723342930479511702,0.0,0.0,0.0,0.0,0.0
723342930519547602,0.0,0.0,0.0,0.0,0.0
723342930522941101,0.0,0.0,0.0,0.0,0.0
723342930548142402,0.0,0.0,0.0,0.0,0.0
723442930454249601,0.0,0.0,0.0,0.0,0.0
723442930529973901,0.0,0.0,0.0,0.0,0.0
723642930526466502,0.0,0.0,0.0,0.0,0.0
723742930543772201,0.0,0.0,0.0,0.0,0.0
723942928577741801,0.0,0.0,0.0,0.0,0.0
724042930455904601,0.0,0.0,0.0,0.0,0.0
724142930534294101,0.0,0.0,0.0,0.0,0.0
724142930536224301,0.0,0.0,0.0,0.0,0.0
724242928955424601,0.0,0.0,0.0,0.0,0.0
724242929621924102,0.0,0.0,0.0,0.0,0.0
724242930452538101,0.0,0.0,0.0,0.0,0.0
724242930460547301,0.0,0.0,0.0,0.0,0.0
724342930479595301,0.0,0.0,0.0,0.0,0.0
724542930470416402,3.59375,8.381685074415977,201.80406932931425,102.61773681640625,804.6418001011549
724542930518199302,0.0,0.0,0.0,0.0,0.0
724542930543143101,0.0,0.0,0.0,0.0,0.0
724642930518447602,0.0,0.0,0.0,0.0,0.0
724742930510510502,1.3492063283920288,22.216382068452383,48.3352380952381,184.73294067382812,1399.6320338203793
724742930541235102,0.0,0.0,0.0,0.0,0.0
724842930543942001,0.0,0.0,0.0,0.0,0.0
724942929331638002,0.0,0.0,0.0,0.0,0.0
725042930477408302,0.0,0.0,0.0,0.0,0.0
725142930454394001,0.0,0.0,0.0,0.0,0.0
725142930518660101,0.0,0.0,0.0,0.0,0.0
725442930528155802,0.0,0.0,0.0,0.0,0.0
725542929230123302,0.0,0.0,0.0,0.0,0.0
725542930523879402,0.0,0.0,0.0,0.0,0.0
725642930527444301,0.0,0.0,0.0,0.0,0.0
725842930474771402,4.911110877990723,8.739128365048447,129.37139146938367,47.272735595703125,393.2607672667244
726042927901222702,0.0,0.0,0.0,0.0,0.0
726042927945167401,0.0,0.0,0.0,0.0,0.0
726042930525993201,0.0,0.0,0.0,0.0,0.0
726042930548509302,0.0,0.0,0.0,0.0,0.0
726142930466752102,0.0,0.0,0.0,0.0,0.0
726342929331582102,0.0,0.0,0.0,0.0,0.0
726342930479757802,0.0,0.0,0.0,0.0,0.0
726442930511203801,0.0,0.0,0.0,0.0,0.0
726542930527959101,0.0,0.0,0.0,0.0,0.0
726542930530133101,0.0,0.0,0.0,0.0,0.0
726642930537169902,0.0,0.0,0.0,0.0,0.0
726742930335253302,0.0,0.0,0.0,0.0,0.0
726742930446891001,0.0,0.0,0.0,0.0,0.0
726942930544834401,0.0,0.0,0.0,0.0,0.0
727142930454666401,0.0,0.0,0.0,0.0,0.0
727142930516918701,0.0,0.0,0.0,0.0,0.0
727542928577623102,0.0,0.0,0.0,0.0,0.0
727542930509628102,3.275362253189087,6.085687937104243,180.24383328607883,48.042747497558594,419.9124722575862
727542930526079601,0.0,0.0,0.0,0.0,0.0
727642930520165201,0.0,0.0,0.0,0.0,0.0
727642930524987001,0.0,0.0,0.0,0.0,0.0
727642930544262202,0.0,0.0,0.0,0.0,0.0
727742930458207302,0.0,0.0,0.0,0.0,0.0
727942930478773002,0.0,0.0,0.0,0.0,0.0
728042930518785901,0.0,0.0,0.0,0.0,0.0
728142930541764201,0.0,0.0,0.0,0.0,0.0
728242930448434602,0.0,0.0,0.0,0.0,0.0
728242930519752501,0.0,0.0,0.0,0.0,0.0
728442930520123101,0.0,0.0,0.0,0.0,0.0
728442930529061501,4.199999809265137,5.926896660248815,16.567338072669827,4.198359966278076,29.63448248466986
728442930545119902,0.0,0.0,0.0,0.0,0.0
728542930522298301,2.0,7.004326222474093,7.005181347150259,0.5533982515335083,7.004326222474093
728642930529333901,0.0,0.0,0.0,0.0,0.0
728742930522733101,0.0,0.0,0.0,0.0,0.0
728742930525038602,0.0,0.0,0.0,0.0,0.0
728842930460376401,0.0,0.0,0.0,0.0,0.0
728842930549897002,0.0,0.0,0.0,0.0,0.0
728942930459500901,0.0,0.0,0.0,0.0,0.0
728942930508830501,0.0,0.0,0.0,0.0,0.0
728942930523743302,0.0,0.0,0.0,0.0,0.0
729442928202993902,5.0,12.106140409603205,12.10581222056632,0.9838651418685913,12.106140409603205
729642930509316501,0.0,0.0,0.0,0.0,0.0
729742930473396301,0.0,0.0,0.0,0.0,0.0
729842928664038701,0.0,0.0,0.0,0.0,0.0
729942930528741801,0.0,0.0,0.0,0.0,0.0
729942930531735002,0.0,0.0,0.0,0.0,0.0
729942930538749302,0.0,0.0,0.0,0.0,0.0
731342930509055901,0.0,0.0,0.0,0.0,0.0
731342930529588602,0.0,0.0,0.0,0.0,0.0
731542929861231001,0.0,0.0,0.0,0.0,0.0
731642930474993502,0.0,0.0,0.0,0.0,0.0
731842930529884101,0.0,0.0,0.0,0.0,0.0
732242930455101101,0.0,0.0,0.0,0.0,0.0
732342930527132002,0.0,0.0,0.0,0.0,0.0
732442930462972101,0.0,0.0,0.0,0.0,0.0
732542930475142002,0.0,0.0,0.0,0.0,0.0
732642930509335302,0.0,0.0,0.0,0.0,0.0
732742930531854702,4.111111164093018,10.514020888814914,88.56804260985353,20.691551208496094,189.25237521845872
732942930460657301,0.0,0.0,0.0,0.0,0.0
733042930527487301,0.0,0.0,0.0,0.0,0.0
733342930510619002,0.0,0.0,0.0,0.0,0.0
733542929012617102,0.0,0.0,0.0,0.0,0.0
733642930466511702,0.0,0.0,0.0,0.0,0.0
733642930507971802,0.0,0.0,0.0,0.0,0.0
733742930515525102,0.0,0.0,0.0,0.0,0.0
733742930546339002,0.0,0.0,0.0,0.0,0.0
733842929800091802,0.0,0.0,0.0,0.0,0.0
734242930457519401,0.0,0.0,0.0,0.0,0.0
734342930549901602,0.0,0.0,0.0,0.0,0.0
734442930534817002,0.0,0.0,0.0,0.0,0.0
734742930076008601,0.0,0.0,0.0,0.0,0.0
734742930543673001,0.0,0.0,0.0,0.0,0.0
734842930479746102,0.0,0.0,0.0,0.0,0.0
734942930518880301,0.0,0.0,0.0,0.0,0.0
735042930545828002,0.0,0.0,0.0,0.0,0.0
735142930522300602,0.0,0.0,0.0,0.0,0.0
735142930522899001,0.0,0.0,0.0,0.0,0.0
735342930472325001,0.0,0.0,0.0,0.0,0.0
735342930520929801,0.0,0.0,0.0,0.0,0.0
735442929800456501,0.0,0.0,0.0,0.0,0.0
735442930475264201,0.0,0.0,0.0,0.0,0.0
735542930460016202,0.0,0.0,0.0,0.0,0.0
735642928015149902,3.4124999046325684,43.86367753623188,514.207729468599,102.24778747558594,3509.0941783172498
735742930524567701,0.0,0.0,0.0,0.0,0.0
735742930533007802,0.0,0.0,0.0,0.0,0.0
735942930521494601,0.0,0.0,0.0,0.0,0.0
736042930543201701,0.0,0.0,0.0,0.0,0.0
736142928096645402,0.0,0.0,0.0,0.0,0.0
736142930467949601,0.0,0.0,0.0,0.0,0.0
736242930538538202,0.0,0.0,0.0,0.0,0.0
736342930518400701,0.0,0.0,0.0,0.0,0.0
736442930477504102,0.0,0.0,0.0,0.0,0.0
736442930515792202,2.854700803756714,7.977291156323716,281.94683360551625,122.4107437133789,933.3430613035127
736442930549875302,0.0,0.0,0.0,0.0,0.0
736642930446691002,0.0,0.0,0.0,0.0,0.0
736742930546638901,0.0,0.0,0.0,0.0,0.0
736942930542401802,0.0,0.0,0.0,0.0,0.0
737142930543350701,0.0,0.0,0.0,0.0,0.0
737142930549156801,0.0,0.0,0.0,0.0,0.0
737242928633983801,0.0,0.0,0.0,0.0,0.0
737542929476623601,0.0,0.0,0.0,0.0,0.0
737542930531384801,0.0,0.0,0.0,0.0,0.0
737742930453612901,0.0,0.0,0.0,0.0,0.0
737742930526022401,0.0,0.0,0.0,0.0,0.0
737942930097616401,0.0,0.0,0.0,0.0,0.0
738042930527178102,0.0,0.0,0.0,0.0,0.0
738142930451961401,0.0,0.0,0.0,0.0,0.0
738142930533054302,0.0,0.0,0.0,0.0,0.0
738242930540616501,0.0,0.0,0.0,0.0,0.0
738242930543621201,0.0,0.0,0.0,0.0,0.0
738342930473904902,0.0,0.0,0.0,0.0,0.0
738442930524781601,0.0,0.0,0.0,0.0,0.0
738542930474153702,0.0,0.0,0.0,0.0,0.0
738642930477169202,0.0,0.0,0.0,0.0,0.0
738642930527516801,0.0,0.0,0.0,0.0,0.0
738742930544018201,0.0,0.0,0.0,0.0,0.0
738842930544021902,0.0,0.0,0.0,0.0,0.0
739042930473663702,0.0,0.0,0.0,0.0,0.0
739142930525380301,0.0,0.0,0.0,0.0,0.0
739242928653524301,0.0,0.0,0.0,0.0,0.0
739242930475291601,0.0,0.0,0.0,0.0,0.0
739242930521845301,2.5,23.034590497634643,155.9868995633188,10.61685848236084,184.27672597449245
739342930534811301,0.0,0.0,0.0,0.0,0.0
739542930518662002,0.0,0.0,0.0,0.0,0.0
739842930528586602,0.0,0.0,0.0,0.0,0.0
739942930474247801,0.0,0.0,0.0,0.0,0.0
739942930475675602,0.0,0.0,0.0,0.0,0.0
739942930509665302,0.0,0.0,0.0,0.0,0.0
741142930450133202,0.0,0.0,0.0,0.0,0.0
741242930464967602,0.0,0.0,0.0,0.0,0.0
741342930471659901,0.0,0.0,0.0,0.0,0.0
741342930507683502,0.0,0.0,0.0,0.0,0.0
741542930473974002,0.0,0.0,0.0,0.0,0.0
741642930526223702,5.55555534362793,11.771305803571428,48.918571428571425,11.430243492126465,105.9417563520159
741642930532255502,0.0,0.0,0.0,0.0,0.0
741842930534899702,0.0,0.0,0.0,0.0,0.0
741942930460427001,0.0,0.0,0.0,0.0,0.0
742142927988856202,0.0,0.0,0.0,0.0,0.0
742342930453758302,0.0,0.0,0.0,0.0,0.0
742542930471723202,0.0,0.0,0.0,0.0,0.0
742742930471636501,0.0,0.0,0.0,0.0,0.0
742742930510071001,0.0,0.0,0.0,0.0,0.0
742942930184370202,0.0,0.0,0.0,0.0,0.0
742942930465440001,0.0,0.0,0.0,0.0,0.0
743142930464727701,0.0,0.0,0.0,0.0,0.0
743242930536606001,0.0,0.0,0.0,0.0,0.0
743442930541434601,0.0,0.0,0.0,0.0,0.0
743542930524091302,0.0,0.0,0.0,0.0,0.0
743542930544765102,0.0,0.0,0.0,0.0,0.0
743542930547574501,0.0,0.0,0.0,0.0,0.0
743842930456424802,0.0,0.0,0.0,0.0,0.0
743942930479775402,0.0,0.0,0.0,0.0,0.0
743942930522308902,0.0,0.0,0.0,0.0,0.0
744042929543889402,5.117647171020508,31.846486734253666,143.6695427092321,22.027135848999023,541.3902864892283
744042930532707001,0.0,0.0,0.0,0.0,0.0
744142930521176202,0.0,0.0,0.0,0.0,0.0
744142930534687902,3.909090995788574,9.846125816231343,61.29244402985075,13.002118110656738,108.30738403548055
744642930462634201,0.0,0.0,0.0,0.0,0.0
744742930475299301,0.0,0.0,0.0,0.0,0.0
744842929800342902,0.0,0.0,0.0,0.0,0.0
744942930472424402,0.0,0.0,0.0,0.0,0.0
745042930456188002,0.0,0.0,0.0,0.0,0.0
745042930478192601,0.0,0.0,0.0,0.0,0.0
745242930526604202,4.0,7.454420226396464,26.161557269136733,7.289950847625732,52.180942319447055
745342930451956402,0.0,0.0,0.0,0.0,0.0
745442930200242001,3.6956522464752197,13.35680625,159.9952,26.946229934692383,307.2065498270671
745642928091208001,0.0,0.0,0.0,0.0,0.0
745642930454699602,0.0,0.0,0.0,0.0,0.0
745842930461008802,0.0,0.0,0.0,0.0,0.0
745842930543313301,0.0,0.0,0.0,0.0,0.0
746042930142328302,0.0,0.0,0.0,0.0,0.0
746042930476625101,0.0,0.0,0.0,0.0,0.0
746142930460295001,3.1481480598449707,4.726958972679641,42.10848303393214,14.37799072265625,127.62789440954516
746142930524520202,0.0,0.0,0.0,0.0,0.0
746242930463776001,0.0,0.0,0.0,0.0,0.0
746342930457665402,0.0,0.0,0.0,0.0,0.0
746342930463878801,0.0,0.0,0.0,0.0,0.0
746642927966216502,0.0,0.0,0.0,0.0,0.0
746742929372946401,0.0,0.0,0.0,0.0,0.0
746742930469050901,0.0,0.0,0.0,0.0,0.0
746742930477841502,1.0,25.47770329452984,42.97649186256781,3.9507691860198975,50.955405706091774
746742930530543702,0.0,0.0,0.0,0.0,0.0
746742930543821902,0.0,0.0,0.0,0.0,0.0
747042930524642501,0.0,0.0,0.0,0.0,0.0
747242930477155201,0.0,0.0,0.0,0.0,0.0
747442930467088501,4.454545497894287,9.5337890625,39.37681660899654,9.019454956054688,104.87167624503272
747742930541866701,0.0,0.0,0.0,0.0,0.0
748042930531543202,0.0,0.0,0.0,0.0,0.0
748242930454229802,2.828125,5.652922757212786,78.99354853262953,30.152408599853516,361.787065091434
748242930518778501,0.0,0.0,0.0,0.0,0.0
748342928967256601,0.0,0.0,0.0,0.0,0.0
748342930464625102,0.0,0.0,0.0,0.0,0.0
748342930546884901,0.0,0.0,0.0,0.0,0.0
748542930454194802,0.0,0.0,0.0,0.0,0.0
748542930459519002,0.0,0.0,0.0,0.0,0.0
748542930509083001,0.0,0.0,0.0,0.0,0.0
748542930524919801,0.0,0.0,0.0,0.0,0.0
748942928979759201,0.0,0.0,0.0,0.0,0.0
748942930524024102,0.0,0.0,0.0,0.0,0.0
748942930528259001,0.0,0.0,0.0,0.0,0.0
749042930535188201,0.0,0.0,0.0,0.0,0.0
749142930533508002,0.0,0.0,0.0,0.0,0.0
749142930545493601,0.0,0.0,0.0,0.0,0.0
749342928043475002,0.0,0.0,0.0,0.0,0.0
751142930473745402,0.0,0.0,0.0,0.0,0.0
751142930535995802,0.0,0.0,0.0,0.0,0.0
751242930462920302,0.0,0.0,0.0,0.0,0.0
751242930540585502,0.0,0.0,0.0,0.0,0.0
751342930468117401,0.0,0.0,0.0,0.0,0.0
751542930516435202,0.0,0.0,0.0,0.0,0.0
751542930536437302,0.0,0.0,0.0,0.0,0.0
751742930473859501,0.0,0.0,0.0,0.0,0.0
751842930476377802,0.0,0.0,0.0,0.0,0.0
752042930469315501,0.0,0.0,0.0,0.0,0.0
752142930526027902,0.0,0.0,0.0,0.0,0.0
752442930525788701,0.0,0.0,0.0,0.0,0.0
752842930473388502,4.41304349899292,10.177880049232439,318.8497441463793,53.47268295288086,468.1825076786561
753142930528832802,0.0,0.0,0.0,0.0,0.0
753242927904948402,0.0,0.0,0.0,0.0,0.0
753242930475495502,0.0,0.0,0.0,0.0,0.0
753242930525301802,0.0,0.0,0.0,0.0,0.0
753342930458410102,3.0,9.710454355629798,48.60164913278362,7.432276725769043,97.10454699245406
753342930517172002,0.0,0.0,0.0,0.0,0.0
753442930458177702,0.0,0.0,0.0,0.0,0.0
753442930546984902,0.0,0.0,0.0,0.0,0.0
753742930508107502,0.0,0.0,0.0,0.0,0.0
753842929284173502,0.0,0.0,0.0,0.0,0.0
753942930458126802,0.0,0.0,0.0,0.0,0.0
754042930474411501,0.0,0.0,0.0,0.0,0.0
754142930510380702,0.0,0.0,0.0,0.0,0.0
754242930539056601,2.8717949390411377,7.777233012475133,107.8262599469496,71.92121887207031,606.6241623122116
754242930546328902,5.357142925262451,7.7593140299321375,66.05574406204556,24.481536865234375,217.26079439134546
754342930508346001,0.0,0.0,0.0,0.0,0.0
754542930450506301,0.0,0.0,0.0,0.0,0.0
754542930521328001,0.0,0.0,0.0,0.0,0.0
754542930534566901,0.0,0.0,0.0,0.0,0.0
754642930411668402,0.0,0.0,0.0,0.0,0.0
754642930448728702,0.0,0.0,0.0,0.0,0.0
754642930468904202,0.0,0.0,0.0,0.0,0.0
754742930509141001,0.0,0.0,0.0,0.0,0.0
754742930519092101,0.0,0.0,0.0,0.0,0.0
754842929194568002,0.0,0.0,0.0,0.0,0.0
754842930531037201,0.0,0.0,0.0,0.0,0.0
754942929091873102,0.0,0.0,0.0,0.0,0.0
754942930510146201,0.0,0.0,0.0,0.0,0.0
754942930519302201,4.083333492279053,11.491982918715262,203.43522873022658,62.1763801574707,413.71137278647745
754942930537316102,0.0,0.0,0.0,0.0,0.0
755042930463252802,0.0,0.0,0.0,0.0,0.0
755142930525235801,0.0,0.0,0.0,0.0,0.0
755342930469345301,0.0,0.0,0.0,0.0,0.0
755342930538800701,0.0,0.0,0.0,0.0,0.0
755442930475572701,0.0,0.0,0.0,0.0,0.0
755542930526175202,0.0,0.0,0.0,0.0,0.0
755642930446488302,0.0,0.0,0.0,0.0,0.0
755842930447690702,0.0,0.0,0.0,0.0,0.0
756242930458599801,0.0,0.0,0.0,0.0,0.0
756442928726364102,0.0,0.0,0.0,0.0,0.0
756642930480195101,0.0,0.0,0.0,0.0,0.0
756742930543284001,0.0,0.0,0.0,0.0,0.0
756942930532631301,0.0,0.0,0.0,0.0,0.0
757042930456484001,0.0,0.0,0.0,0.0,0.0
757042930526438702,0.0,0.0,0.0,0.0,0.0
757142930515607701,0.0,0.0,0.0,0.0,0.0
757442930466583202,0.0,0.0,0.0,0.0,0.0
757542930529923202,0.0,0.0,0.0,0.0,0.0
757742928757969001,0.0,0.0,0.0,0.0,0.0
757842928258270602,0.0,0.0,0.0,0.0,0.0
758042928602853002,0.0,0.0,0.0,0.0,0.0
758042930474086402,0.0,0.0,0.0,0.0,0.0
758142930530827302,0.0,0.0,0.0,0.0,0.0
758242930159219901,0.0,0.0,0.0,0.0,0.0
758242930459609201,3.1666667461395264,5.603721697492266,33.39189100243533,6.8895392417907715,67.24465927719591
758242930524619902,0.0,0.0,0.0,0.0,0.0
758342930532955101,0.0,0.0,0.0,0.0,0.0
758542930538871101,0.0,0.0,0.0,0.0,0.0
758742930509973401,0.0,0.0,0.0,0.0,0.0
758842930516754702,0.0,0.0,0.0,0.0,0.0
759142930517837001,0.0,0.0,0.0,0.0,0.0
759442928967092902,0.0,0.0,0.0,0.0,0.0
759442930475081701,3.5,25.27810517868193,223.90841584158414,53.627960205078125,1011.1241677822453
759742930475779602,0.0,0.0,0.0,0.0,0.0
759742930518516101,0.0,0.0,0.0,0.0,0.0
759742930531826402,0.0,0.0,0.0,0.0,0.0
759842930342859001,0.0,0.0,0.0,0.0,0.0
761142930529910401,0.0,0.0,0.0,0.0,0.0
761342929839451902,0.0,0.0,0.0,0.0,0.0
761342930534268601,0.0,0.0,0.0,0.0,0.0
761442929901274502,0.0,0.0,0.0,0.0,0.0
761442930456868501,0.0,0.0,0.0,0.0,0.0
761442930509005001,0.0,0.0,0.0,0.0,0.0
761642929372779502,0.0,0.0,0.0,0.0,0.0
761742928878266802,5.435483932495117,12.690279970601045,145.55400696864112,104.54139709472656,786.79733907498
761742930516272301,3.8313252925872803,10.172708141438951,226.0281445092621,54.1013069152832,844.3347926551227
761842930539848401,0.0,0.0,0.0,0.0,0.0
762142930519940701,0.0,0.0,0.0,0.0,0.0
762242929309570201,0.0,0.0,0.0,0.0,0.0
762242930460430702,2.3768115043640137,10.78594286091317,89.41739245183426,74.90570068359375,744.2300440893226
762242930536443802,0.0,0.0,0.0,0.0,0.0
762442930475939001,0.0,0.0,0.0,0.0,0.0
762742930459418802,6.0,9.457699106353727,12.267406461749976,2.355947494506836,18.91539897991751
762742930459632601,0.0,0.0,0.0,0.0,0.0
762942930455609302,0.0,0.0,0.0,0.0,0.0
762942930549462102,0.0,0.0,0.0,0.0,0.0
763342930012331001,0.0,0.0,0.0,0.0,0.0
763442930459100501,0.0,0.0,0.0,0.0,0.0
763442930520624602,0.0,0.0,0.0,0.0,0.0
763742930468785601,0.0,0.0,0.0,0.0,0.0
763742930522540202,3.6451613903045654,6.077210029823651,40.729045643153526,21.13640594482422,188.39351228579446
763742930549198901,2.5714285373687744,23.234255455280174,184.03103448275863,23.957847595214844,325.279582161739
763942928739548802,2.941176414489746,11.362193742197254,112.16385767790263,85.34907531738281,772.6291557626331
763942930527556701,0.0,0.0,0.0,0.0,0.0
764142930542767902,0.0,0.0,0.0,0.0,0.0
764242930531902702,0.0,0.0,0.0,0.0,0.0
764342929735780202,0.0,0.0,0.0,0.0,0.0
764642930543133502,0.0,0.0,0.0,0.0,0.0
764742930550657701,0.0,0.0,0.0,0.0,0.0
764842930458088902,0.0,0.0,0.0,0.0,0.0
764842930524609801,0.0,0.0,0.0,0.0,0.0
764942930451690902,0.0,0.0,0.0,0.0,0.0
764942930476892201,0.0,0.0,0.0,0.0,0.0
765242928990481001,0.0,0.0,0.0,0.0,0.0
765342930451224102,0.0,0.0,0.0,0.0,0.0
765342930532594302,0.0,0.0,0.0,0.0,0.0
765442930450956601,0.0,0.0,0.0,0.0,0.0
765442930461657301,5.0,11.903915795075898,27.575527582376896,4.072000026702881,35.71174702367179
765542930544129601,0.0,0.0,0.0,0.0,0.0
765642929456721202,0.0,0.0,0.0,0.0,0.0
765642930541715502,0.0,0.0,0.0,0.0,0.0
765742930454226601,0.0,0.0,0.0,0.0,0.0
765742930468090501,0.0,0.0,0.0,0.0,0.0
765942930479079402,0.0,0.0,0.0,0.0,0.0
766042930526573601,0.0,0.0,0.0,0.0,0.0
766242930524092001,0.0,0.0,0.0,0.0,0.0
766442930461358101,0.0,0.0,0.0,0.0,0.0
766442930542604801,0.0,0.0,0.0,0.0,0.0
766542927975285601,0.0,0.0,0.0,0.0,0.0
766542930525683902,0.0,0.0,0.0,0.0,0.0
766542930544795501,0.0,0.0,0.0,0.0,0.0
766642929456991301,0.0,0.0,0.0,0.0,0.0
766642930533177401,0.0,0.0,0.0,0.0,0.0
766842930480172401,0.0,0.0,0.0,0.0,0.0
766842930546929202,3.930232524871826,5.564560737240475,105.55237007907311,64.16549682617188,478.5522389653682
766942930532052102,0.0,0.0,0.0,0.0,0.0
766942930533452502,0.0,0.0,0.0,0.0,0.0
767042928789923501,0.0,0.0,0.0,0.0,0.0
767142930545023602,0.0,0.0,0.0,0.0,0.0
767342930474126302,0.0,0.0,0.0,0.0,0.0
767742930527127401,0.0,0.0,0.0,0.0,0.0
767942930517197501,4.579710006713867,12.27184733137684,114.30600875447672,96.25167083740234,846.7574663629011
768142928607058202,0.0,0.0,0.0,0.0,0.0
768142929012910901,0.0,0.0,0.0,0.0,0.0
768142930479507402,0.0,0.0,0.0,0.0,0.0
768342930549072102,0.0,0.0,0.0,0.0,0.0
768442929543790002,0.0,0.0,0.0,0.0,0.0
768442930453312102,0.0,0.0,0.0,0.0,0.0
768442930516932402,0.0,0.0,0.0,0.0,0.0
768742930459748301,0.0,0.0,0.0,0.0,0.0
768742930519976801,0.0,0.0,0.0,0.0,0.0
768742930532593301,0.0,0.0,0.0,0.0,0.0
768742930546262102,0.0,0.0,0.0,0.0,0.0
768942930477568501,0.0,0.0,0.0,0.0,0.0
769042929721548401,0.0,0.0,0.0,0.0,0.0
769042930454948301,3.526315689086914,9.448402784371439,45.157235093049756,20.54475975036621,179.5196549429714
769042930510266802,0.0,0.0,0.0,0.0,0.0
769142930524552902,0.0,0.0,0.0,0.0,0.0
769242930465461002,0.0,0.0,0.0,0.0,0.0
769342930515814002,0.0,0.0,0.0,0.0,0.0
769542930449226601,0.0,0.0,0.0,0.0,0.0
769542930478713902,4.550000190734863,5.691301712312283,63.992780130920295,14.647549629211426,113.82603273035518
769742929839403502,0.0,0.0,0.0,0.0,0.0
769742930524787902,0.0,0.0,0.0,0.0,0.0
769742930529503102,0.0,0.0,0.0,0.0,0.0
769942930533553002,0.0,0.0,0.0,0.0,0.0
771242930517918102,0.0,0.0,0.0,0.0,0.0
771242930549734802,0.0,0.0,0.0,0.0,0.0
771442927975242201,0.0,0.0,0.0,0.0,0.0
771442930531741101,0.0,0.0,0.0,0.0,0.0
771542930475690702,4.5,8.334420605964468,92.21212930804168,36.57297897338867,350.04566629029136
771542930530420301,0.0,0.0,0.0,0.0,0.0
771642929269267201,0.0,0.0,0.0,0.0,0.0
771742930526615202,3.0,7.419710603112841,46.02023346303502,4.817464351654053,66.777392578125
771842928932571602,0.0,0.0,0.0,0.0,0.0
772042930518296002,0.0,0.0,0.0,0.0,0.0
772142930460642302,0.0,0.0,0.0,0.0,0.0
772442927901338901,1.1839081048965454,11.472710999390616,55.04387568555759,117.28955078125,998.1258635244886
772442930525244601,0.0,0.0,0.0,0.0,0.0
772442930529133601,1.0,2.1868052144079613,2.186612576064909,0.21381261944770813,2.1868052144079613
772842930524188301,0.0,0.0,0.0,0.0,0.0
772842930533471901,0.0,0.0,0.0,0.0,0.0
772842930534651101,0.0,0.0,0.0,0.0,0.0
772842930545597801,0.0,0.0,0.0,0.0,0.0
773042930474939502,0.0,0.0,0.0,0.0,0.0
773042930517042102,0.0,0.0,0.0,0.0,0.0
773142928258122402,0.0,0.0,0.0,0.0,0.0
773142930455877401,0.0,0.0,0.0,0.0,0.0
773442930476283801,3.702702760696411,9.533699123338721,114.91379310344827,42.091552734375,352.7468750833095
773542930466500401,0.0,0.0,0.0,0.0,0.0
773742927963650802,0.0,0.0,0.0,0.0,0.0
773842930475318301,0.0,0.0,0.0,0.0,0.0
773842930542881302,0.0,0.0,0.0,0.0,0.0
773942930457397801,3.0,12.597664152817918,75.5121387283237,8.93545913696289,125.97664660856213
773942930524179501,0.0,0.0,0.0,0.0,0.0
773942930535252001,4.5217390060424805,5.273966961596385,70.01204819277109,29.74723243713379,242.60246913021348
773942930545339702,0.0,0.0,0.0,0.0,0.0
774142930473192902,1.5,4.710853663030661,25.749056603773585,5.435963153839111,56.53024509717833
774442930473346201,0.0,0.0,0.0,0.0,0.0
774442930516563901,0.0,0.0,0.0,0.0,0.0
774642930478609202,0.0,0.0,0.0,0.0,0.0
774842930509319202,0.0,0.0,0.0,0.0,0.0
774942930528725202,0.0,0.0,0.0,0.0,0.0
775042930549875901,2.9658119678497314,8.700916318957828,228.0203847623901,88.96924591064453,1018.0072305081285
775242930477103701,0.0,0.0,0.0,0.0,0.0
775342930515885902,0.0,0.0,0.0,0.0,0.0
775342930533707102,0.0,0.0,0.0,0.0,0.0
775342930536044501,0.0,0.0,0.0,0.0,0.0
775342930544529802,0.0,0.0,0.0,0.0,0.0
775442928247207701,0.0,0.0,0.0,0.0,0.0
775542930509392802,0.0,0.0,0.0,0.0,0.0
775742930451514601,0.0,0.0,0.0,0.0,0.0
775742930469338602,0.0,0.0,0.0,0.0,0.0
775742930531576201,0.0,0.0,0.0,0.0,0.0
775842930545108101,0.0,0.0,0.0,0.0,0.0
776142929439514102,0.0,0.0,0.0,0.0,0.0
776142930543691701,0.0,0.0,0.0,0.0,0.0
776342930466918701,0.0,0.0,0.0,0.0,0.0
776342930479367001,0.0,0.0,0.0,0.0,0.0
776342930520595402,0.0,0.0,0.0,0.0,0.0
776342930529182402,0.0,0.0,0.0,0.0,0.0
776342930531140302,0.0,0.0,0.0,0.0,0.0
776342930543786801,0.0,0.0,0.0,0.0,0.0
776542930531824101,0.0,0.0,0.0,0.0,0.0
776642928021818302,0.0,0.0,0.0,0.0,0.0
776642930515873301,0.0,0.0,0.0,0.0,0.0
776742930480086601,0.0,0.0,0.0,0.0,0.0
776742930523716602,0.0,0.0,0.0,0.0,0.0
776842930528938501,0.0,0.0,0.0,0.0,0.0
776842930536068502,0.0,0.0,0.0,0.0,0.0
776942930524452701,0.0,0.0,0.0,0.0,0.0
777242930450063302,0.0,0.0,0.0,0.0,0.0
777342930534776602,0.0,0.0,0.0,0.0,0.0
777442930516602301,4.166666507720947,21.685127827658583,163.53731343283582,18.630876541137695,260.22153205302226
777442930527433102,0.0,0.0,0.0,0.0,0.0
777442930530250002,0.0,0.0,0.0,0.0,0.0
777642930519773301,1.0,1.5812129397484878,1.5813435211716014,0.19343321025371552,1.5812129397484878
777742930479628601,0.0,0.0,0.0,0.0,0.0
777842930472830402,0.0,0.0,0.0,0.0,0.0
777842930516503902,0.0,0.0,0.0,0.0,0.0
777842930526744102,0.0,0.0,0.0,0.0,0.0
778242930531554001,0.0,0.0,0.0,0.0,0.0
778242930543394801,0.0,0.0,0.0,0.0,0.0
778342930548631302,0.0,0.0,0.0,0.0,0.0
778442929331751501,0.0,0.0,0.0,0.0,0.0
778442930454922102,0.0,0.0,0.0,0.0,0.0
778542930519394202,0.0,0.0,0.0,0.0,0.0
778642930528102201,2.8333332538604736,10.338095597104946,53.31363088057901,4.854902267456055,62.02857660125622
778842929946433101,0.0,0.0,0.0,0.0,0.0
779142928067753302,0.0,0.0,0.0,0.0,0.0
779142930454007402,0.0,0.0,0.0,0.0,0.0
779342930475595301,0.0,0.0,0.0,0.0,0.0
779342930528311502,0.0,0.0,0.0,0.0,0.0
779542930525824701,0.0,0.0,0.0,0.0,0.0
779742930518126701,0.0,0.0,0.0,0.0,0.0
779742930550836101,0.0,0.0,0.0,0.0,0.0
779842930528013401,0.0,0.0,0.0,0.0,0.0
779942928242605201,0.0,0.0,0.0,0.0,0.0
779942930525768601,0.0,0.0,0.0,0.0,0.0
781242930528004102,5.55555534362793,20.199981787580384,243.58360128617363,92.892822265625,1090.7990307577936
781542929613319202,0.0,0.0,0.0,0.0,0.0
781742930545603602,0.0,0.0,0.0,0.0,0.0
781842930478569102,0.0,0.0,0.0,0.0,0.0
782042930519983001,0.0,0.0,0.0,0.0,0.0
782142930509565602,0.0,0.0,0.0,0.0,0.0
782242930463891102,0.0,0.0,0.0,0.0,0.0
782342930464471102,0.0,0.0,0.0,0.0,0.0
782642930460611001,0.0,0.0,0.0,0.0,0.0
782642930526694301,0.0,0.0,0.0,0.0,0.0
782742929069883302,0.0,0.0,0.0,0.0,0.0
782742930518665902,0.0,0.0,0.0,0.0,0.0
782742930548055602,0.0,0.0,0.0,0.0,0.0
782842930472211801,0.0,0.0,0.0,0.0,0.0
782842930523338101,0.0,0.0,0.0,0.0,0.0
782942928855295402,0.0,0.0,0.0,0.0,0.0
782942930550273902,0.0,0.0,0.0,0.0,0.0
783142930475311202,0.0,0.0,0.0,0.0,0.0
783142930524033101,0.0,0.0,0.0,0.0,0.0
783242930435923402,0.0,0.0,0.0,0.0,0.0
783442930457873101,0.0,0.0,0.0,0.0,0.0
783442930475894501,0.0,0.0,0.0,0.0,0.0
783442930534528202,0.0,0.0,0.0,0.0,0.0
783442930546572802,0.0,0.0,0.0,0.0,0.0
783742930458253801,0.0,0.0,0.0,0.0,0.0
783742930521498701,0.0,0.0,0.0,0.0,0.0
783842930548599002,0.0,0.0,0.0,0.0,0.0
783942930449037902,0.0,0.0,0.0,0.0,0.0
783942930474252402,0.0,0.0,0.0,0.0,0.0
783942930531632201,0.0,0.0,0.0,0.0,0.0
784642929501690802,0.0,0.0,0.0,0.0,0.0
784842930534724801,0.0,0.0,0.0,0.0,0.0
784842930545061101,0.0,0.0,0.0,0.0,0.0
784942930476591601,0.0,0.0,0.0,0.0,0.0
784942930529549701,0.0,0.0,0.0,0.0,0.0
785042930462606001,0.0,0.0,0.0,0.0,0.0
785242928042281901,0.0,0.0,0.0,0.0,0.0
785342930474536401,0.0,0.0,0.0,0.0,0.0
785342930523919402,0.0,0.0,0.0,0.0,0.0
785342930524892802,0.0,0.0,0.0,0.0,0.0
785542930528001701,0.0,0.0,0.0,0.0,0.0
785642930532277002,0.0,314.12710848721593,1175.4602272727273,33.27688217163086,1256.508420424028
785742930184537101,0.0,0.0,0.0,0.0,0.0
785742930184590001,0.0,0.0,0.0,0.0,0.0
785842930446725402,0.0,0.0,0.0,0.0,0.0
785842930465005902,0.0,0.0,0.0,0.0,0.0
785842930519421901,0.0,0.0,0.0,0.0,0.0
785942930548106801,3.190476179122925,7.603674329631636,75.4442036836403,7.555768966674805,159.67715859680067
786042930549165502,0.0,0.0,0.0,0.0,0.0
786442930469601302,0.0,0.0,0.0,0.0,0.0
786442930542702602,0.0,0.0,0.0,0.0,0.0
786542930473755202,0.0,0.0,0.0,0.0,0.0
786542930544320802,98.0,0.01153458329024812,0.011509371917132522,0.0013455894077196717,0.01153458329024812
786642928135690801,0.0,0.0,0.0,0.0,0.0
786642929800291402,0.0,0.0,0.0,0.0,0.0
786642930474830401,0.0,0.0,0.0,0.0,0.0
786742930477382902,0.0,0.0,0.0,0.0,0.0
787142929346398801,0.0,0.0,0.0,0.0,0.0
787442930518450901,0.0,0.0,0.0,0.0,0.0
787642930534343202,0.0,0.0,0.0,0.0,0.0
787742928258284701,0.0,0.0,0.0,0.0,0.0
787742930476743501,2.875,20.361203162026065,85.19194312796209,12.276199340820312,162.88961726455327
787942930463685102,0.0,0.0,0.0,0.0,0.0
788042929331622001,0.0,0.0,0.0,0.0,0.0
788042930545910402,0.0,0.0,0.0,0.0,0.0
788142930480566001,0.0,0.0,0.0,0.0,0.0
788342928988192502,0.0,0.0,0.0,0.0,0.0
788342930516599802,0.0,0.0,0.0,0.0,0.0
788542930530225502,1.0,13.711387981344773,13.711093375897844,0.6996491551399231,13.711387981344773
788642928099739401,0.0,0.0,0.0,0.0,0.0
788742930545224501,0.0,0.0,0.0,0.0,0.0
788842930457949001,0.0,0.0,0.0,0.0,0.0
789142930474951301,0.0,0.0,0.0,0.0,0.0
789242930473443202,0.0,0.0,0.0,0.0,0.0
789242930510920601,0.0,0.0,0.0,0.0,0.0
789342928664009802,0.0,0.0,0.0,0.0,0.0
789342930530039601,3.0731706619262695,5.4333589940666185,73.19041651164157,25.629581451416016,222.7677144348968
789542930516170601,0.0,0.0,0.0,0.0,0.0
789642930521356701,0.0,0.0,0.0,0.0,0.0
789642930546785901,0.0,0.0,0.0,0.0,0.0
789842929761637902,0.0,0.0,0.0,0.0,0.0
791242930459821801,0.0,0.0,0.0,0.0,0.0
791242930473795302,0.0,0.0,0.0,0.0,0.0
791242930477581001,0.0,0.0,0.0,0.0,0.0
791442930527242601,0.0,0.0,0.0,0.0,0.0
791642930550280802,2.673469305038452,5.606424612090894,38.965575716466,92.97319030761719,549.4295907734571
791942928759342702,0.0,0.0,0.0,0.0,0.0
791942929346145902,0.0,0.0,0.0,0.0,0.0
791942930464434002,0.0,0.0,0.0,0.0,0.0
791942930477646801,0.0,0.0,0.0,0.0,0.0
792042929389319801,0.0,17.656127375661875,17.65658093797277,1.1341220140457153,17.656127375661875
792042930459871802,0.0,0.0,0.0,0.0,0.0
792142930474135901,0.0,0.0,0.0,0.0,0.0
792142930523805202,0.0,0.0,0.0,0.0,0.0
792142930540998802,4.5,20.601258699734863,40.998674326115776,3.5002975463867188,41.20251905818034
792142930544740501,0.0,0.0,0.0,0.0,0.0
792642930463270101,0.0,0.0,0.0,0.0,0.0
792942930475742502,0.0,0.0,0.0,0.0,0.0
792942930527241002,0.0,86.6553334386852,0.0,7.169579029083252,86.6553334386852
793042930528322601,0.0,0.0,0.0,0.0,0.0
793142930460010501,0.0,0.0,0.0,0.0,0.0
793542930515407802,6.760000228881836,5.222248594661861,52.61620322691383,14.273523330688477,130.55621729705737
793542930531525801,0.0,0.0,0.0,0.0,0.0
793742930479837702,2.954545497894287,5.139692188937646,44.388420978130085,13.660029411315918,113.0732265647636
793742930529081301,0.0,0.0,0.0,0.0,0.0
793842930454257301,0.0,0.0,0.0,0.0,0.0
793842930479910501,0.0,0.0,0.0,0.0,0.0
793942930462395002,0.0,0.0,0.0,0.0,0.0
794242930534591401,0.0,0.0,0.0,0.0,0.0
794442930447904801,0.0,0.0,0.0,0.0,0.0
794542930101290201,0.0,0.0,0.0,0.0,0.0
794542930532969201,0.0,0.0,0.0,0.0,0.0
794642930546989801,0.0,0.0,0.0,0.0,0.0
794742930479829901,0.0,0.0,0.0,0.0,0.0
794842930529842901,0.0,0.0,0.0,0.0,0.0
794942930516814001,0.0,0.0,0.0,0.0,0.0
795142930524750802,0.0,0.0,0.0,0.0,0.0
795142930526088701,0.0,0.0,0.0,0.0,0.0
795142930532308602,4.243902206420898,10.432881508306322,285.2971366828741,60.184085845947266,855.4962698072436
795342930450598901,0.0,0.0,0.0,0.0,0.0
795442928823159701,0.0,0.0,0.0,0.0,0.0
795442930458219802,0.0,0.0,0.0,0.0,0.0
795642930464761502,0.0,0.0,0.0,0.0,0.0
795742927975326001,0.0,0.0,0.0,0.0,0.0
795942930523988901,0.0,0.0,0.0,0.0,0.0
796042929457044501,0.0,0.0,0.0,0.0,0.0
796042930525061902,0.0,0.0,0.0,0.0,0.0
796142930476360402,0.0,0.0,0.0,0.0,0.0
796242929514115302,0.0,0.0,0.0,0.0,0.0
796242930508282101,0.0,0.0,0.0,0.0,0.0
796442930519745301,0.0,0.0,0.0,0.0,0.0
796442930543616402,2.4102563858032227,6.31062302623588,105.7004737033888,38.89873504638672,492.22858305057343
796542930534869402,0.0,0.0,0.0,0.0,0.0
796742930468079202,0.0,0.0,0.0,0.0,0.0
796742930548112102,0.0,0.0,0.0,0.0,0.0
797042930533526401,12.5,7.72637096426105,10.00621546961326,1.8515514135360718,15.4527419285221
797242930519193302,0.0,0.0,0.0,0.0,0.0
797242930525539302,0.0,0.0,0.0,0.0,0.0
797242930530108302,0.0,0.0,0.0,0.0,0.0
797642930457443801,5.561403274536133,15.276170541808874,184.3481228668942,75.32929229736328,870.7417440550726
797742930476311902,0.0,0.0,0.0,0.0,0.0
797842930450324201,0.0,0.0,0.0,0.0,0.0
797942930460336502,0.0,0.0,0.0,0.0,0.0
797942930522003401,0.0,0.0,0.0,0.0,0.0
798142929259265402,0.0,0.0,0.0,0.0,0.0
798242930543941802,2.9787232875823975,5.707318214367087,100.56727316125813,23.60449981689453,268.24396648253224
798342929194635601,0.0,0.0,0.0,0.0,0.0
798342930447675001,0.0,0.0,0.0,0.0,0.0
798342930545453401,3.3908045291900635,14.336413871951219,421.7015781922525,153.24151611328125,1247.2680615999093
798442930529701001,2.6587302684783936,5.904084262092074,239.09073426573426,78.89764404296875,743.9146291960369
798542930460582702,0.0,0.0,0.0,0.0,0.0
798642930517286101,0.0,0.0,0.0,0.0,0.0
798742930289645702,0.0,0.0,-0.5441503833786792,0.0,0.0
798742930477310602,0.0,0.0,0.0,0.0,0.0
798742930519398002,0.0,0.0,0.0,0.0,0.0
798842930464854601,0.0,0.0,0.0,0.0,0.0
798842930529034001,0.0,0.0,0.0,0.0,0.0
798842930532926501,0.0,0.0,0.0,0.0,0.0
799042930536547301,0.0,0.0,0.0,0.0,0.0
799142930461449601,0.0,0.0,0.0,0.0,0.0
799142930464148602,0.0,0.0,0.0,0.0,0.0
799142930508440501,0.0,0.0,0.0,0.0,0.0
799242929055602502,0.0,0.0,0.0,0.0,0.0
799342930542861401,0.0,0.0,0.0,0.0,0.0
799442930478913201,0.0,0.0,0.0,0.0,0.0
799542930545858902,0.0,0.0,0.0,0.0,0.0
799642930466424101,0.0,0.0,0.0,0.0,0.0
799742930462511801,0.0,0.0,0.0,0.0,0.0
799942929166177302,0.0,0.0,0.0,0.0,0.0
801242930456743501,0.0,0.0,0.0,0.0,0.0
801242930508147801,0.0,0.0,0.0,0.0,0.0
801242930532614201,0.0,0.0,0.0,0.0,0.0
801342930471544502,0.0,0.0,0.0,0.0,0.0
801342930517927201,0.0,0.0,0.0,0.0,0.0
801342930543387302,0.0,0.0,0.0,0.0,0.0
801342930545082102,0.0,0.0,0.0,0.0,0.0
801442930454081002,0.0,0.0,0.0,0.0,0.0
801442930454206002,0.0,0.0,0.0,0.0,0.0
801442930461586702,0.0,0.0,0.0,0.0,0.0
801542930516330302,4.434210300445557,19.42812573494826,512.3499529633114,75.60546875,1476.5374873422388
801742930476306102,0.0,0.0,0.0,0.0,0.0
801942930454879602,0.0,0.0,0.0,0.0,0.0
801942930517639202,0.0,0.0,0.0,0.0,0.0
801942930532113802,0.0,0.0,0.0,0.0,0.0
801942930533183301,0.0,0.0,0.0,0.0,0.0
802142929118570801,2.461538553237915,11.787088912497328,47.51721188796237,25.56084632873535,306.46431740170897
802142930472974701,0.0,0.0,0.0,0.0,0.0
802342930544949602,0.0,0.0,0.0,0.0,0.0
803342930510992002,0.0,0.0,0.0,0.0,0.0
803342930534987401,0.0,0.0,0.0,0.0,0.0
803442930521940801,0.0,0.0,0.0,0.0,0.0
803542930532680301,0.0,0.0,0.0,0.0,0.0
803742930445520301,0.0,0.0,0.0,0.0,0.0
803742930526737802,0.0,0.0,0.0,0.0,0.0
803742930547269501,2.0619468688964844,6.76154631400824,130.02530900529723,73.22767639160156,764.0547180901632
803842930451807801,5.0,2.3500097501379025,2.349996552437427,0.2659265100955963,2.3500097501379025
804042930519203602,0.0,0.0,0.0,0.0,0.0
804042930530337202,0.0,0.0,0.0,0.0,0.0
804042930536220601,0.0,0.0,0.0,0.0,0.0
804242930474631801,3.6041667461395264,6.836804012802791,127.90995260663507,50.578887939453125,656.333180994533
804242930529420801,0.0,0.0,0.0,0.0,0.0
804342928210622202,0.0,0.0,0.0,0.0,0.0
804342930476485601,0.75,8.831777289160287,11.002673471867785,27.878707885742188,141.30843917062325
804642930473426902,0.0,0.0,0.0,0.0,0.0
804642930476514001,0.0,0.0,0.0,0.0,0.0
804642930480351502,0.0,0.0,0.0,0.0,0.0
804842930456788302,0.0,0.0,0.0,0.0,0.0
804842930466678301,0.0,0.0,0.0,0.0,0.0
805042930477888801,0.0,0.0,0.0,0.0,0.0
805042930508791002,0.0,0.0,0.0,0.0,0.0
805142930461169201,0.0,11.673594689804036,17.510283275126117,2.6497719287872314,35.02078476810714
805142930475602602,0.0,0.0,0.0,0.0,0.0
805142930526343601,0.0,0.0,0.0,0.0,0.0
805242930480563402,0.0,0.0,0.0,0.0,0.0
805242930516737201,2.9000000953674316,8.80478287233359,134.59856078129016,58.78666687011719,440.23915553037807
805342928242527202,0.0,0.0,0.0,0.0,0.0
805342930474260902,0.0,0.0,0.0,0.0,0.0
805542930550087701,0.0,0.0,0.0,0.0,0.0
805642927975205602,0.0,0.0,0.0,0.0,0.0
805642930462133301,4.5,17.521140444248072,222.46015424164526,50.59059143066406,595.7187722409599
805642930478159602,0.0,0.0,0.0,0.0,0.0
805642930542344202,0.0,0.0,0.0,0.0,0.0
805742930458053401,0.0,0.0,0.0,0.0,0.0
805842930164781701,0.0,0.0,0.0,0.0,0.0
805842930477843401,0.0,0.0,0.0,0.0,0.0
805842930509185101,0.0,0.0,0.0,0.0,0.0
805942930516763002,0.0,0.0,0.0,0.0,0.0
806042930470171401,0.0,0.0,0.0,0.0,0.0
806042930547047701,0.0,0.0,0.0,0.0,0.0
806142930528568802,0.0,0.0,0.0,0.0,0.0
806242928025344402,0.0,0.0,0.0,0.0,0.0
806442930184475602,0.0,0.0,0.0,0.0,0.0
806442930453834601,0.0,0.0,0.0,0.0,0.0
806742930461542102,0.0,0.0,0.0,0.0,0.0
806842928042203701,0.0,0.0,0.0,0.0,0.0
806842930548733102,0.0,0.0,0.0,0.0,0.0
806942930541666101,0.0,0.0,0.0,0.0,0.0
807142930541357101,0.0,0.0,0.0,0.0,0.0
807242930524016601,0.0,0.0,0.0,0.0,0.0
807442930532775301,0.0,0.0,0.0,0.0,0.0
807642930479770802,0.0,0.0,0.0,0.0,0.0
807642930526525601,0.0,0.0,0.0,0.0,0.0
807642930529617301,0.5333333611488342,11.009086183393153,18.587520706791828,16.630313873291016,165.13629379356718
807742930472778202,0.0,0.0,0.0,0.0,0.0
807842928887149302,0.0,0.0,0.0,0.0,0.0
807842929456879002,0.0,0.0,0.0,0.0,0.0
807842929494157501,0.0,0.0,0.0,0.0,0.0
807842929839905601,0.0,0.0,0.0,0.0,0.0
807842930507639202,0.0,0.0,0.0,0.0,0.0
807942930476863901,0.0,0.0,0.0,0.0,0.0
808042928311037201,0.0,0.0,0.0,0.0,0.0
808242930453213402,5.0,8.696209881756756,37.453453453453456,6.406271934509277,43.4810497753613
808242930518812602,0.0,0.0,0.0,0.0,0.0
808342930525211902,0.0,0.0,0.0,0.0,0.0
808342930526709602,0.0,0.0,0.0,0.0,0.0
808342930542401702,0.0,0.0,0.0,0.0,0.0
808542928633733802,0.0,0.0,0.0,0.0,0.0
808542928726620402,0.0,0.0,0.0,0.0,0.0
808542930524760302,0.0,0.0,0.0,0.0,0.0
809142930544794502,0.0,0.0,0.0,0.0,0.0
809242929843198402,0.0,0.0,0.0,0.0,0.0
809242930518498701,0.0,0.0,0.0,0.0,0.0
809542930479730101,0.0,0.0,0.0,0.0,0.0
809742930533538002,0.0,0.0,0.0,0.0,0.0
809942929321324301,0.0,0.0,0.0,0.0,0.0
809942930526801502,0.0,0.0,0.0,0.0,0.0
811142930462068801,0.0,0.0,0.0,0.0,0.0
811142930472130002,0.0,0.0,0.0,0.0,0.0
811142930519659602,0.0,1.1280355194347707,0.0,0.14145606756210327,1.1280355194347707
811242930531975002,0.0,0.0,0.0,0.0,0.0
811442930463711802,0.0,0.0,0.0,0.0,0.0
811542930534954201,0.0,0.0,0.0,0.0,0.0
811642930476767801,0.0,0.0,0.0,0.0,0.0
811942928166711001,4.130434989929199,6.051065075945994,54.35228282110499,20.105480194091797,139.17449042631478
812142930460560902,0.0,0.0,0.0,0.0,0.0
812442930464460202,0.0,0.0,0.0,0.0,0.0
812442930527667102,0.0,0.0,0.0,0.0,0.0
812642930516099601,0.0,0.0,0.0,0.0,0.0
812942930462104402,0.0,0.0,0.0,0.0,0.0
812942930543424902,0.0,0.0,0.0,0.0,0.0
813042930517057001,0.0,0.0,0.0,0.0,0.0
813142930516301902,0.0,0.0,0.0,0.0,0.0
813342930538496902,0.0,0.0,0.0,0.0,0.0
813442930534812601,0.0,0.0,0.0,0.0,0.0
813742930449674101,0.0,0.0,0.0,0.0,0.0
813842930464787802,0.0,0.0,0.0,0.0,0.0
813842930525574102,0.0,0.0,0.0,0.0,0.0
814042930528019102,0.0,0.0,0.0,0.0,0.0
814242928664083701,0.0,0.0,0.0,0.0,0.0
814342930462456201,0.0,0.0,0.0,0.0,0.0
814342930476834602,0.0,27.927766393442624,0.0,7.071349143981934,83.78330060972263
814442930453336502,0.0,0.0,0.0,0.0,0.0
814742930509403102,0.0,0.0,0.0,0.0,0.0
814842930510356101,0.0,0.0,0.0,0.0,0.0
814842930515938701,0.0,0.0,0.0,0.0,0.0
815042930508138902,0.0,0.0,0.0,0.0,0.0
815042930547570001,0.0,0.0,0.0,0.0,0.0
815142930464010802,0.0,0.0,0.0,0.0,0.0
815142930534968402,0.0,0.0,0.0,0.0,0.0
815442930516584202,0.0,0.0,0.0,0.0,0.0
815442930549748702,0.0,0.0,0.0,0.0,0.0
815542930478218101,0.0,0.0,0.0,0.0,0.0
815742927979933901,0.0,0.0,0.0,0.0,0.0
815742930455532001,0.0,0.0,0.0,0.0,0.0
815742930542317802,0.0,0.0,0.0,0.0,0.0
815842930464087702,0.0,0.0,0.0,0.0,0.0
815942930474266901,0.0,0.0,0.0,0.0,0.0
816142930464457301,0.0,0.0,0.0,0.0,0.0
816242928108698401,0.0,0.0,0.0,0.0,0.0
816442930400204201,4.75,10.487433137793989,150.5993031358885,63.90691375732422,587.2962739661284
816542930516310401,0.0,0.0,0.0,0.0,0.0
816642930479262802,0.0,0.0,0.0,0.0,0.0
816742930454170502,0.0,0.0,0.0,0.0,0.0
816742930474717402,0.0,0.0,0.0,0.0,0.0
817142928663921402,0.0,0.0,0.0,0.0,0.0
817242928932412501,0.0,0.0,0.0,0.0,0.0
817242930342472002,0.0,0.0,0.0,0.0,0.0
817342929417378502,0.0,0.0,0.0,0.0,0.0
817342930517381702,0.0,0.0,0.0,0.0,0.0
817342930530317902,0.0,0.0,0.0,0.0,0.0
817442930531891001,0.0,0.0,0.0,0.0,0.0
817542930478283502,0.0,0.0,0.0,0.0,0.0
817642930474595001,0.0,0.0,0.0,0.0,0.0
817742928196979602,0.0,0.0,0.0,0.0,0.0
817742930446571202,1.419354796409607,7.90569575227649,54.577152317880795,54.20509719848633,490.15315169782826
817742930534934501,0.0,0.0,0.0,0.0,0.0
817942929493986702,0.0,0.0,0.0,0.0,0.0
817942929800191402,0.0,0.0,0.0,0.0,0.0
818142930522942502,0.0,0.0,0.0,0.0,0.0
818242930534831802,0.0,0.0,0.0,0.0,0.0
818342930518628202,0.0,0.0,0.0,0.0,0.0
818342930529817502,0.0,0.0,0.0,0.0,0.0
818342930532790801,0.0,0.0,0.0,0.0,0.0
818642930446433501,0.0,0.0,0.0,0.0,0.0
819142930541095801,0.0,0.0,0.0,0.0,0.0
819242930453621202,0.0,0.0,0.0,0.0,0.0
819242930531787001,0.0,0.0,0.0,0.0,0.0
819342930534641502,0.0,0.0,0.0,0.0,0.0
819442928030479102,0.0,0.0,0.0,0.0,0.0
819442930462741302,0.0,0.0,0.0,0.0,0.0
819542930454647602,0.0,0.0,0.0,0.0,0.0
819642930524373201,0.0,0.0,0.0,0.0,0.0
819642930550470702,0.0,0.0,0.0,0.0,0.0
819742930475517901,0.0,0.0,0.0,0.0,0.0
819742930476177601,0.0,0.0,0.0,0.0,0.0
821242930455582301,0.0,0.0,0.0,0.0,0.0
821542930460498902,0.0,0.0,0.0,0.0,0.0
821642930480059302,0.0,0.0,0.0,0.0,0.0
821942930530217601,0.0,0.0,0.0,0.0,0.0
821942930537341902,0.0,0.0,0.0,0.0,0.0
822042930543471402,0.0,0.0,0.0,0.0,0.0
822342930455951801,0.0,0.0,0.0,0.0,0.0
822442928789829102,0.0,0.0,0.0,0.0,0.0
822442930464350402,0.0,0.0,0.0,0.0,0.0
822442930533126101,0.0,0.0,0.0,0.0,0.0
822542930518122602,0.0,0.0,0.0,0.0,0.0
822542930550422301,0.0,0.0,0.0,0.0,0.0
822742930537489702,0.0,0.0,0.0,0.0,0.0
822942930517948001,0.0,0.0,0.0,0.0,0.0
822942930544325501,0.0,0.0,0.0,0.0,0.0
823142929022556501,0.0,0.0,0.0,0.0,0.0
823342930446736401,0.0,0.0,0.0,0.0,0.0
823342930466729101,0.0,0.0,0.0,0.0,0.0
823442930461957001,0.0,0.0,0.0,0.0,0.0
823542928281571202,0.0,0.0,0.0,0.0,0.0
823542930448997102,0.0,0.0,0.0,0.0,0.0
823642930519878201,0.0,0.0,0.0,0.0,0.0
823742930522802202,0.0,0.0,0.0,0.0,0.0
823842930452734401,0.0,0.0,0.0,0.0,0.0
824242930518683202,0.0,0.0,0.0,0.0,0.0
824442930516415402,0.0,0.0,0.0,0.0,0.0
824442930527155301,0.0,0.0,0.0,0.0,0.0
824542929380254101,0.0,0.0,0.0,0.0,0.0
824542930464352301,0.0,0.0,0.0,0.0,0.0
824542930550604002,0.0,0.0,0.0,0.0,0.0
824942930461485102,0.0,0.0,0.0,0.0,0.0
824942930534355601,0.0,0.0,0.0,0.0,0.0
825042930527969201,0.0,0.0,0.0,0.0,0.0
825342930517966301,0.0,0.0,0.0,0.0,0.0
825342930528662702,0.0,0.0,0.0,0.0,0.0
825442930458105101,0.0,0.0,0.0,0.0,0.0
825442930516566802,0.0,0.0,0.0,0.0,0.0
825442930525679301,0.0,0.0,0.0,0.0,0.0
825542930537831702,0.0,0.0,0.0,0.0,0.0
825642930475638602,2.6131386756896973,6.183818427139553,195.22498072474943,57.53273391723633,847.1831389369097
825742930478649902,0.0,0.0,0.0,0.0,0.0
825942929761688202,0.0,0.0,0.0,0.0,0.0
825942930463971702,3.814814805984497,4.955835391739183,40.29332849891225,19.849536895751953,133.80755269357425
826142928119230302,0.0,0.0,0.0,0.0,0.0
826242930510359201,0.0,0.0,0.0,0.0,0.0
826342929021034101,1.7924528121948242,5.361244865322006,55.51856750432394,72.58662414550781,568.2919623494961
826342930475486701,0.0,0.0,0.0,0.0,0.0
826442930515901101,0.0,0.0,0.0,0.0,0.0
826542930464180701,0.9583333134651184,7.7656724123398515,27.088109687570242,22.624780654907227,186.37613858724342
826542930469923401,0.0,0.0,0.0,0.0,0.0
826542930479871801,0.0,0.0,0.0,0.0,0.0
827042930522281002,0.0,0.0,0.0,0.0,0.0
827142929604523301,0.0,0.0,0.0,0.0,0.0
827142930530486801,2.75,4.2439505350596605,15.24784358826912,1.3121024370193481,16.975802140238642
827242928197098401,0.0,0.0,0.0,0.0,0.0
827442930457227302,0.0,0.0,0.0,0.0,0.0
827642930544739202,0.0,0.0,0.0,0.0,0.0
827842930517436002,0.0,0.0,0.0,0.0,0.0
828042930452839902,0.8947368264198303,14.103455705368798,23.06266318537859,99.02559661865234,1071.8626736184635
828242930549987701,2.855670213699341,4.9318472460923894,113.97055066539703,53.861087799072266,478.3891806751874
828442930466467401,0.0,0.0,0.0,0.0,0.0
828442930476132101,0.0,0.0,0.0,0.0,0.0
828542930452138102,0.0,0.0,0.0,0.0,0.0
828542930528993801,0.0,0.027390945497363685,0.0,0.013381946831941605,0.10956378512912326
828642930475053801,0.0,0.0,0.0,0.0,0.0
828642930480325302,3.0136985778808594,7.160727648360229,97.89666840187402,45.37223815917969,522.733114809496
828842930531300102,0.0,0.0,0.0,0.0,0.0
829042930475597601,0.0,0.0,0.0,0.0,0.0
829342930536253801,0.0,0.0,0.0,0.0,0.0
829342930545907002,0.0,0.0,0.0,0.0,0.0
829442930452869901,0.0,0.0,0.0,0.0,0.0
829442930508923701,0.0,0.0,0.0,0.0,0.0
829442930534169102,0.0,0.0,0.0,0.0,0.0
829742930529086402,0.0,0.0,0.0,0.0,0.0
829742930530184901,0.0,0.0,0.0,0.0,0.0
829842928213735102,0.0,0.0,0.0,0.0,0.0
831142930289817501,0.0,0.0,0.0,0.0,0.0
831242930453786301,0.0,0.0,0.0,0.0,0.0
831242930531796201,0.0,0.0,0.0,0.0,0.0
831542930518419202,0.0,0.0,0.0,0.0,0.0
832042930511109702,0.0,0.0,0.0,0.0,0.0
832242930474068801,0.0,0.0,0.0,0.0,0.0
832342930523521702,0.0,0.0,0.0,0.0,0.0
832442929613539201,0.0,0.0,0.0,0.0,0.0
832642930475823402,0.0,0.0,0.0,0.0,0.0
832642930520792801,0.0,0.0,0.0,0.0,0.0
832742930459978602,0.0,0.0,0.0,0.0,0.0
833042929126817802,0.0,0.0,0.0,0.0,0.0
833042930525249402,0.0,0.0,0.0,0.0,0.0
833142930542841402,0.0,0.0,0.0,0.0,0.0
833342930544656502,0.0,0.0,0.0,0.0,0.0
833442930527530001,0.0,0.0,0.0,0.0,0.0
833542930446907502,0.0,0.0,0.0,0.0,0.0
833642930474043501,0.0,0.0,0.0,0.0,0.0
833642930479236101,0.0,0.0,0.0,0.0,0.0
833742930509863801,0.0,0.0,0.0,0.0,0.0
833742930539239902,0.0,0.0,0.0,0.0,0.0
833742930547538101,0.0,0.0,0.0,0.0,0.0
833842930476862502,0.0,0.0,0.0,0.0,0.0
833942930463710902,0.0,0.0,0.0,0.0,0.0
834042930458153801,0.0,0.0,0.0,0.0,0.0
834242929800241602,0.0,0.0,0.0,0.0,0.0
834442927928420801,5.0,26.039400271617385,212.3709677419355,34.08888244628906,729.1032281691029
834442930515364402,0.0,0.0,0.0,0.0,0.0
834442930517835102,0.0,0.0,0.0,0.0,0.0
834442930525675402,0.0,0.0,0.0,0.0,0.0
834442930531819002,0.0,0.0,0.0,0.0,0.0
834742930532099001,0.0,0.0,0.0,0.0,0.0
834842930542858001,0.0,0.0,0.0,0.0,0.0
834942930526462301,0.0,0.0,0.0,0.0,0.0
835042930480274002,0.0,0.0,0.0,0.0,0.0
835242930450010401,0.0,0.0,0.0,0.0,0.0
835242930522282001,0.0,0.0,0.0,0.0,0.0
835342930450913802,0.0,0.0,0.0,0.0,0.0
835342930524987902,0.0,0.0,0.0,0.0,0.0
835342930541093701,0.0,0.0,0.0,0.0,0.0
835542930480626901,0.0,0.0,0.0,0.0,0.0
836042929800256801,0.0,0.0,0.0,0.0,0.0
836042930522772702,0.0,0.0,0.0,0.0,0.0
836042930528204101,0.0,0.0,0.0,0.0,0.0
836142930474183802,0.0,0.0,0.0,0.0,0.0
836342930524210302,0.0,0.0,0.0,0.0,0.0
836642930454674902,0.0,0.0,0.0,0.0,0.0
836642930477249101,0.0,0.0,0.0,0.0,0.0
836642930530434802,0.0,0.0,0.0,0.0,0.0
836642930545490301,0.0,0.0,0.0,0.0,0.0
836842928015410501,3.088235378265381,12.3860532166632,406.5373413771583,131.52801513671875,1263.3774341879255
836842930525650601,0.0,0.0,0.0,0.0,0.0
837042930479968701,0.0,0.0,0.0,0.0,0.0
837242930518141601,0.0,0.0,0.0,0.0,0.0
837442930528264801,0.0,0.0,0.0,0.0,0.0
837442930529264402,0.0,0.0,0.0,0.0,0.0
837542930542795001,0.0,0.0,0.0,0.0,0.0
837742928967046502,0.0,0.0,0.0,0.0,0.0
837742930470022902,0.0,0.0,0.0,0.0,0.0
837942928676524701,0.0,0.0,0.0,0.0,0.0
837942930464892901,0.0,0.0,0.0,0.0,0.0
837942930529605302,0.0,0.0,0.0,0.0,0.0
838042928665736602,0.0,0.0,0.0,0.0,0.0
838142930465161002,0.0,0.0,0.0,0.0,0.0
838142930515602502,0.0,0.0,0.0,0.0,0.0
838242930470782301,0.0,0.0,0.0,0.0,0.0
838542930519555902,2.8421051502227783,20.690553099244507,81.89010989010988,128.51751708984375,1572.4820137093793
838642930475790101,0.0,0.0,0.0,0.0,0.0
838642930477805401,0.0,0.0,0.0,0.0,0.0
838942930465195502,0.0,0.0,0.0,0.0,0.0
839142930463661901,0.0,0.0,0.0,0.0,0.0
839242928607176801,3.555555582046509,6.383458641089574,17.48052314640572,5.226025581359863,57.45112960752258
839442930521478501,0.0,0.0,0.0,0.0,0.0
839542930008406001,0.0,0.0,0.0,0.0,0.0
839542930289421302,0.0,0.0,0.0,0.0,0.0
839542930463726301,0.0,0.0,0.0,0.0,0.0
839542930526547302,0.0,80.18410326086956,80.18417874396135,5.4919753074646,80.18410326086956
839642930467637102,0.0,0.0,0.0,0.0,0.0
839842930462171301,0.0,0.0,0.0,0.0,0.0
841342928096721201,0.0,0.0,0.0,0.0,0.0
841442930507801702,0.0,0.0,0.0,0.0,0.0
841442930526434201,0.0,0.0,0.0,0.0,0.0
841542930529205201,0.0,0.0,0.0,0.0,0.0
841642930459290601,0.0,0.0,0.0,0.0,0.0
841642930524385902,0.0,0.0,0.0,0.0,0.0
841942929428305502,0.0,0.0,0.0,0.0,0.0
841942930480076802,0.0,0.0,0.0,0.0,0.0
842042928932295402,0.0,0.0,0.0,0.0,0.0
842142930477007101,0.0,0.0,0.0,0.0,0.0
842142930521528501,2.829787254333496,14.430510144198525,336.7961099932931,63.134918212890625,678.2339593579032
842142930548550901,0.0,0.0,0.0,0.0,0.0
842242930533564601,3.5333333015441895,14.1774283785315,260.3959812660523,99.65523529052734,1063.3071429155657
842342930459389101,0.0,0.0,0.0,0.0,0.0
842442930479262601,0.0,0.0,0.0,0.0,0.0
842542930543771002,0.0,0.0,0.0,0.0,0.0
842642929946490901,0.0,0.0,0.0,0.0,0.0
842642930459093802,0.0,0.0,0.0,0.0,0.0
842742930518445901,0.0,0.0,0.0,0.0,0.0
842742930545257801,0.0,0.0,0.0,0.0,0.0
842842930548514102,0.0,0.0,0.0,0.0,0.0
842942930546835001,0.0,0.0,0.0,0.0,0.0
843042930523606401,0.0,0.0,0.0,0.0,0.0
843142930469340002,0.0,0.0,0.0,0.0,0.0
843242930459766502,2.0,11.737453566891295,32.56562085726911,65.89168548583984,504.7105017985278
843242930476303802,0.0,0.0,0.0,0.0,0.0
843342930541339502,0.0,0.0,0.0,0.0,0.0
843642930529697002,0.0,0.0,0.0,0.0,0.0
843842930515847702,0.0,0.0,0.0,0.0,0.0
843942930509736802,0.0,0.0,0.0,0.0,0.0
844142930547098901,3.3478260040283203,13.51891396262429,128.86647727272728,29.638957977294922,310.9350155917081
844542930527015502,37.55555725097656,4.228170026812637,37.76535087719298,2.395530939102173,38.053529852315
844842930546514402,0.0,0.0,0.0,0.0,0.0
844942928645857101,0.0,0.0,0.0,0.0,0.0
845142930520139101,0.0,0.0,0.0,0.0,0.0
845142930544417302,0.0,0.0,0.0,0.0,0.0
845342930460613302,0.0,0.0,0.0,0.0,0.0
845442929613374502,0.0,0.0,0.0,0.0,0.0
845542930480631502,0.0,0.0,0.0,0.0,0.0
845542930518553602,0.0,0.0,0.0,0.0,0.0
845542930524548902,0.0,0.0,0.0,0.0,0.0
845542930534184502,0.0,0.0,0.0,0.0,0.0
845642930546189602,0.0,0.0,0.0,0.0,0.0
845842930543021502,0.0,0.0,0.0,0.0,0.0
845942930457810901,0.0,0.0,0.0,0.0,0.0
845942930464815502,0.0,0.0,0.0,0.0,0.0
845942930476179902,0.0,0.0,0.0,0.0,0.0
846042930508914502,0.0,0.0,0.0,0.0,0.0
846042930519367002,0.0,0.0,0.0,0.0,0.0
846142930457038902,0.0,0.0,0.0,0.0,0.0
846142930469593202,0.0,0.0,0.0,0.0,0.0
846242930519827402,0.0,0.0,0.0,0.0,0.0
846342930455537002,0.0,0.0,0.0,0.0,0.0
846442930470857401,0.0,0.0,0.0,0.0,0.0
846442930475489401,0.0,0.0,0.0,0.0,0.0
846942930475716502,0.0,0.0,0.0,0.0,0.0
847042930473780002,0.0,0.0,0.0,0.0,0.0
847142930522181302,0.0,0.0,0.0,0.0,0.0
847142930526473901,0.0,0.0,0.0,0.0,0.0
847242930461347501,0.0,0.0,0.0,0.0,0.0
847342928979715101,0.0,0.0,0.0,0.0,0.0
847342930454310101,0.0,0.0,0.0,0.0,0.0
847342930461386002,0.0,0.0,0.0,0.0,0.0
847642930531798302,0.0,0.0,0.0,0.0,0.0
847642930532420301,0.0,0.0,0.0,0.0,0.0
847642930549235901,0.0,0.0,0.0,0.0,0.0
847742930520009601,0.0,0.0,0.0,0.0,0.0
847842930548089302,3.055555582046509,11.809008290816326,112.23556851311953,92.99925231933594,850.2485799272276
847942930474001102,0.0,0.0,0.0,0.0,0.0
847942930550687401,4.634920597076416,7.022500766636001,85.58816314014106,67.74158477783203,442.41755218412277
848142930518599101,0.0,0.0,0.0,0.0,0.0
848142930546877402,0.0,0.0,0.0,0.0,0.0
848542929272107001,0.0,0.0,0.0,0.0,0.0
848642930474098702,0.0,0.0,0.0,0.0,0.0
848642930515458801,0.0,0.0,0.0,0.0,0.0
848742930474465301,0.0,0.0,0.0,0.0,0.0
848742930527002601,0.0,0.0,0.0,0.0,0.0
848842929417283102,0.0,0.0,0.0,0.0,0.0
848842930453571002,0.0,0.0,0.0,0.0,0.0
848842930523664101,0.0,0.0,0.0,0.0,0.0
849142930453075102,0.0,0.0,0.0,0.0,0.0
849342930509788702,0.3333333432674408,9.239454991786141,15.507765830346475,26.7289981842041,388.05711106786873
849342930543236502,0.0,0.0,0.0,0.0,0.0
849442930515789602,0.0,0.0,0.0,0.0,0.0
849442930516675901,0.0,52.37055448493343,52.370707778556415,2.7067627906799316,52.37055448493343
849442930530919102,0.0,0.0,0.0,0.0,0.0
849542930508064101,0.0,0.0,0.0,0.0,0.0
849542930508937701,0.0,0.0,0.0,0.0,0.0
849642928281688101,0.0,0.0,0.0,0.0,0.0
849642930510091802,0.0,0.0,0.0,0.0,0.0
849742928232592202,0.0,0.0,0.0,0.0,0.0
849742930465173101,0.0,0.0,0.0,0.0,0.0
849942930541466401,0.0,0.0,0.0,0.0,0.0
851142930456979301,0.0,0.0,0.0,0.0,0.0
851142930516500302,0.0,0.0,0.0,0.0,0.0
851242930464994401,0.0,0.0,0.0,0.0,0.0
851342930532811802,0.0,0.0,0.0,0.0,0.0
851342930533843601,0.0,0.0,0.0,0.0,0.0
851442928197867501,0.0,0.0,0.0,0.0,0.0
851442930517556402,0.0,0.0,0.0,0.0,0.0
851442930541819701,0.0,0.0,0.0,0.0,0.0
851542930473554901,0.0,0.0,0.0,0.0,0.0
851542930479652201,0.0,0.0,0.0,0.0,0.0
851642929800393702,0.0,0.0,0.0,0.0,0.0
851842930548226801,0.0,0.0,0.0,0.0,0.0
851942928168167902,0.0,0.0,0.0,0.0,0.0
851942930524132701,3.811764717102051,5.19622252966318,131.53967848941056,63.38339614868164,441.678910327706
852042930451607302,0.0,0.0,0.0,0.0,0.0
852042930472169702,0.0,0.0,0.0,0.0,0.0
852042930473437401,0.0,0.0,0.0,0.0,0.0
852042930475570301,0.0,0.0,0.0,0.0,0.0
852242930460969701,0.0,0.0,0.0,0.0,0.0
852342929373045201,9.382352828979492,22.7441147557947,324.6169977924945,42.16611099243164,773.2998767372789
852542930473401302,5.0,31.506119791666666,79.34358974358975,5.1634368896484375,94.51836148775541
852542930524117702,0.0,0.0,0.0,0.0,0.0
852642930524078902,0.0,0.0,0.0,0.0,0.0
852742930511203801,0.0,0.0,0.0,0.0,0.0
852842930459571501,0.0,0.0,0.0,0.0,0.0
852842930525394302,0.0,0.0,0.0,0.0,0.0
852942930473536101,0.0,0.0,0.0,0.0,0.0
852942930478392801,0.0,0.0,0.0,0.0,0.0
852942930509739101,0.0,0.0,0.0,0.0,0.0
852942930530305401,0.0,0.0,0.0,0.0,0.0
853042930509911702,0.0,0.0,0.0,0.0,0.0
853342930477740601,0.0,0.0,0.0,0.0,0.0
853342930477883601,0.0,0.0,0.0,0.0,0.0
853442930200179101,0.0,0.0,0.0,0.0,0.0
853442930517536102,0.0,0.0,0.0,0.0,0.0
853442930544397802,0.0,0.0,0.0,0.0,0.0
853442930546952402,0.0,0.0,0.0,0.0,0.0
853542930075840502,4.400000095367432,11.895262260657514,154.01842485549133,111.5484390258789,892.1446233291847
853642930526406301,0.0,0.0,0.0,0.0,0.0
853842928633866502,0.0,0.0,0.0,0.0,0.0
853842930523791502,0.0,0.0,0.0,0.0,0.0
854042930477061502,0.0,0.0,0.0,0.0,0.0
854042930520187702,0.0,0.0,0.0,0.0,0.0
854242930547722102,0.0,0.0,0.0,0.0,0.0
854442930534463402,0.0,0.0,0.0,0.0,0.0
854642928000561902,0.0,0.0,0.0,0.0,0.0
854742930470528401,0.0,0.0,0.0,0.0,0.0
854742930534326101,0.0,0.0,0.0,0.0,0.0
854742930541679401,0.0,0.0,0.0,0.0,0.0
854742930547269101,0.0,0.0,0.0,0.0,0.0
855042930479722302,0.0,0.0,0.0,0.0,0.0
855142930531636301,0.0,0.0,0.0,0.0,0.0
855442930454874201,0.0,0.0,0.0,0.0,0.0
855742929922100201,0.0,0.0,0.0,0.0,0.0
855842930526750501,0.0,0.0,0.0,0.0,0.0
856242927949032701,0.0,0.0,0.0,0.0,0.0
856442930545553601,0.0,0.0,0.0,0.0,0.0
856542930530007901,0.0,0.0,0.0,0.0,0.0
856642930519891202,0.0,0.0,0.0,0.0,0.0
856742930458761302,0.0,0.0,0.0,0.0,0.0
856742930465409602,0.0,0.0,0.0,0.0,0.0
857242930476276902,0.0,0.0,0.0,0.0,0.0
857242930508670402,0.0,0.0,0.0,0.0,0.0
857242930524371102,0.0,0.0,0.0,0.0,0.0
857442930518866601,0.0,0.0,0.0,0.0,0.0
857542930465260501,0.0,0.0,0.0,0.0,0.0
857742930525646702,1.8333333730697632,4.073998293821839,10.695402298850574,2.2635838985443115,24.443988808818247
857742930530769201,0.0,0.0,0.0,0.0,0.0
857842930460536701,0.0,0.0,0.0,0.0,0.0
858042929155550101,0.0,0.0,0.0,0.0,0.0
858042930462066802,0.0,0.0,0.0,0.0,0.0
858342930463483402,2.3333332538604736,8.239480807086615,74.15590551181103,8.672307014465332,74.155330627922
858342930472058502,0.0,0.0,0.0,0.0,0.0
858542930464169701,0.0,0.0,0.0,0.0,0.0
858542930468014502,77.0,0.8816414644520058,0.8817028243962342,0.043388042598962784,0.8816414644520058
858642929649204902,0.0,0.0,0.0,0.0,0.0
858742929303831001,0.0,0.0,0.0,0.0,0.0
858742929493932302,0.0,0.0,0.0,0.0,0.0
858742930449379501,0.0,0.0,0.0,0.0,0.0
858842930455930602,0.0,0.0,0.0,0.0,0.0
858842930477463802,0.0,0.0,0.0,0.0,0.0
858842930522413401,0.0,0.0,0.0,0.0,0.0
859042930546815401,0.0,0.0,0.0,0.0,0.0
859142930456578101,0.0,0.0,0.0,0.0,0.0
859142930459286302,5.111111164093018,20.085246648635938,60.69520225776105,19.73426628112793,180.76721501462546
859342930455322901,0.0,0.0,0.0,0.0,0.0
859442930540607101,0.0,0.0,0.0,0.0,0.0
859642930457644301,0.0,0.0,0.0,0.0,0.0
861342930509458601,0.0,0.0,0.0,0.0,0.0
861342930510892602,0.0,0.0,0.0,0.0,0.0
861642930478205701,0.0,0.0,0.0,0.0,0.0
861942928636897801,4.615384578704834,48.94865971601073,382.3416815742397,39.296512603759766,636.3325915942252
862242930534647301,0.0,0.0,0.0,0.0,0.0
862242930535062302,0.0,0.0,0.0,0.0,0.0
862342930473319301,3.1111111640930176,8.676753294716791,133.02744625432493,77.67250061035156,780.9077721904115
862542930542401601,0.0,0.0,0.0,0.0,0.0
862642930449976702,4.0,7.077448706364598,96.62059238363892,25.75657081604004,247.71071592473513
862742930526496102,0.0,0.0,0.0,0.0,0.0
863042930476428201,0.0,0.0,0.0,0.0,0.0
863242930524324202,0.0,0.0,0.0,0.0,0.0
863242930531653402,0.0,0.0,0.0,0.0,0.0
863742930468804801,268.0,0.16309160615954993,0.1628498727735369,0.01944657973945141,0.16309160615954993
864042930479321901,0.0,0.0,0.0,0.0,0.0
864242930548351701,0.0,0.0,0.0,0.0,0.0
864342930509826301,0.0,0.0,0.0,0.0,0.0
864342930530677902,3.25,8.263292393829696,39.33607088826454,11.16280460357666,99.1595092535998
864542930477405101,2.932584285736084,4.846598622963538,71.45384018619085,48.360374450683594,431.34726662410145
864842930448018302,0.0,0.0,0.0,0.0,0.0
864942930448335102,0.0,0.0,0.0,0.0,0.0
865242930471612302,0.0,0.0,0.0,0.0,0.0
865342930446606702,0.0,0.0,0.0,0.0,0.0
865342930530172102,1.8219177722930908,11.54237183988764,146.6761797752809,76.77144622802734,842.5931160874849
865542930459456602,0.0,0.0,0.0,0.0,0.0
865742930528998502,0.0,0.0,0.0,0.0,0.0
865942930463814801,2.4166667461395264,5.710526342671287,47.43867677824268,5.7948784828186035,68.52631809122892
865942930470030902,0.0,0.0,0.0,0.0,0.0
866042927917644201,0.0,0.0,0.0,0.0,0.0
866042928912051802,0.0,0.0,0.0,0.0,0.0
866042930464056401,0.0,0.0,0.0,0.0,0.0
866042930532465602,0.0,0.0,0.0,0.0,0.0
866242930525769601,0.0,0.0,0.0,0.0,0.0
866442929761753701,2.803030252456665,9.807834301487546,249.79889298892988,43.96841049194336,647.3170486763395
866442930517624802,0.0,0.0,0.0,0.0,0.0
866442930545178801,0.0,0.0,0.0,0.0,0.0
866542930528633702,0.0,0.0,0.0,0.0,0.0
866642930533055601,0.0,0.0,0.0,0.0,0.0
867142930454378502,0.0,0.0,0.0,0.0,0.0
867142930510401702,0.0,0.0,0.0,0.0,0.0
867142930546069701,4.0,11.722002760808271,31.280075187969924,2.9770660400390625,35.16600751757323
867342928255449102,0.0,0.0,0.0,0.0,0.0
867342930518913702,0.0,0.0,0.0,0.0,0.0
867342930524194302,0.0,0.0,0.0,0.0,0.0
867342930538873202,0.0,0.0,0.0,0.0,0.0
867542930474478802,0.0,0.0,0.0,0.0,0.0
867642930516478102,0.0,0.0,0.0,0.0,0.0
867642930541363401,0.0,0.0,0.0,0.0,0.0
867842930461437102,0.0,0.0,0.0,0.0,0.0
867942930533916401,0.0,0.0,0.0,0.0,0.0
868042930470817501,0.0,0.0,0.0,0.0,0.0
868242930531074002,2.25,16.416361043194783,56.3561532192339,16.88941192626953,328.3272130044379
868342930477434601,0.0,0.0,0.0,0.0,0.0
868442930461389001,0.0,0.0,0.0,0.0,0.0
868542930547589402,0.0,0.0,0.0,0.0,0.0
868642930515771301,0.0,0.0,0.0,0.0,0.0
868842930528247102,0.0,0.0,0.0,0.0,0.0
868942930452894801,0.0,0.0,0.0,0.0,0.0
868942930460670501,6.461538314819336,7.596210271779401,27.617550545146607,13.194419860839844,98.75073030273334
869542930478570501,0.0,0.0,0.0,0.0,0.0
869542930509071702,0.0,0.0,0.0,0.0,0.0
869542930530863101,0.0,0.0,0.0,0.0,0.0
869542930542513401,0.0,0.0,0.0,0.0,0.0
869642930468064501,5.0,9.84115109836703,36.06438569206843,2.9881932735443115,39.364603710026245
869642930541881202,0.0,0.0,0.0,0.0,0.0
869642930544401701,0.0,0.0,0.0,0.0,0.0
869742930542034002,0.0,0.0,0.0,0.0,0.0
869842930517944101,0.0,0.0,0.0,0.0,0.0
869942930464423201,0.0,0.0,0.0,0.0,0.0
869942930529109802,0.0,0.0,0.0,0.0,0.0
869942930543346502,0.0,0.0,0.0,0.0,0.0
871142930450013702,0.0,0.0,0.0,0.0,0.0
871142930480719401,0.0,0.0,0.0,0.0,0.0
871242930523367401,0.0,0.0,0.0,0.0,0.0
871342930521539001,2.3333332538604736,4.8020999710648145,14.03962962962963,0.9886560440063477,14.40629955150463
871342930525209801,3.297029733657837,12.023827222638447,286.9604170568771,80.49174499511719,1214.406585037928
871342930534708502,0.0,0.0,0.0,0.0,0.0
871442930450821301,0.0,0.0,0.0,0.0,0.0
871542929309376301,0.0,0.0,0.0,0.0,0.0
871542930475100402,0.0,0.0,0.0,0.0,0.0
871842930471544702,0.0,0.0,0.0,0.0,0.0
871842930473777201,0.0,0.0,0.0,0.0,0.0
871842930477164102,0.0,0.0,0.0,0.0,0.0
871842930546587302,0.0,0.0,0.0,0.0,0.0
871942930522152902,0.0,0.0,0.0,0.0,0.0
872042930531248002,0.0,0.0,0.0,0.0,0.0
872142928191352102,0.0,0.0,0.0,0.0,0.0
872142930517248702,0.0,0.0,0.0,0.0,0.0
872142930525374001,0.0,0.0,0.0,0.0,0.0
872242930535099602,0.0,0.0,0.0,0.0,0.0
872542930526772802,0.0,0.0,0.0,0.0,0.0
872642930471804901,0.0,0.0,0.0,0.0,0.0
872842930463802702,0.0,0.0,0.0,0.0,0.0
872942930518030701,0.0,0.0,0.0,0.0,0.0
873042930475504502,0.0,0.0,0.0,0.0,0.0
873142929400229701,0.0,0.0,0.0,0.0,0.0
873142930528481601,0.0,0.0,0.0,0.0,0.0
873442930525416502,0.0,0.0,0.0,0.0,0.0
873442930531294301,0.0,0.0,0.0,0.0,0.0
873542930530923201,0.0,0.0,0.0,0.0,0.0
873842930463851302,0.0,0.0,0.0,0.0,0.0
873942930478273401,0.0,0.0,0.0,0.0,0.0
873942930524006502,0.0,0.0,0.0,0.0,0.0
873942930524909502,0.0,0.0,0.0,0.0,0.0
873942930528998602,0.0,0.0,0.0,0.0,0.0
874042930452220201,0.0,0.0,0.0,0.0,0.0
874042930472430802,0.0,0.0,0.0,0.0,0.0
874042930508878001,0.0,0.0,0.0,0.0,0.0
874142930549247501,0.0,0.0,0.0,0.0,0.0
874242930457617401,0.0,0.0,0.0,0.0,0.0
874242930461871701,0.0,0.0,0.0,0.0,0.0
874242930524490802,0.0,0.0,0.0,0.0,0.0
874542930051179802,0.0,10.34933862930689,10.349358974358974,1.2950596809387207,10.34933862930689
874642930467125901,0.0,0.0,0.0,0.0,0.0
874642930524115201,1.6875,6.992811882632902,51.50431034482759,16.88550567626953,111.88499329007905
874842928176254401,0.0,0.0,0.0,0.0,0.0
874842930456115302,2.7227723598480225,14.543584765513806,224.1067463706234,140.99278259277344,1468.9020591016988
874842930531525802,0.0,0.0,0.0,0.0,0.0
875142928823088002,0.0,0.0,0.0,0.0,0.0
875142930518232402,1.0,5.1944522938829785,5.19468085106383,0.37511926889419556,5.1944522938829785
875242929166244901,0.0,0.0,0.0,0.0,0.0
875242930265176101,0.0,0.0,0.0,0.0,0.0
875442930534879301,0.0,0.0,0.0,0.0,0.0
875542930476089902,3.621621608734131,12.739057555379746,265.25113924050635,88.65606689453125,942.6902713997756
875642930535245501,0.0,0.0,0.0,0.0,0.0
875942930532537202,0.0,0.0,0.0,0.0,0.0
876042930516405702,0.0,0.0,0.0,0.0,0.0
876142930516358702,0.0,0.0,0.0,0.0,0.0
876142930520974101,0.0,0.0,0.0,0.0,0.0
876142930526299101,0.0,0.0,0.0,0.0,0.0
876242930517852801,0.0,0.0,0.0,0.0,0.0
876242930524959801,0.0,0.0,0.0,0.0,0.0
876342929194683901,0.0,0.0,0.0,0.0,0.0
876342930533438402,0.0,0.0,0.0,0.0,0.0
876642928623805201,0.0,0.0,0.0,0.0,0.0
876642930527818202,0.0,0.0,0.0,0.0,0.0
876642930532431701,0.0,0.0,0.0,0.0,0.0
876942930455630201,0.26923078298568726,21.276895721326166,40.507168458781365,33.72160339355469,553.1993089696413
876942930476500202,0.0,0.0,0.0,0.0,0.0
877042930520595202,0.0,0.0,0.0,0.0,0.0
877242930452789102,0.0,0.0,0.0,0.0,0.0
877342930533611101,0.0,0.0,0.0,0.0,0.0
877442930517084701,0.0,0.0,0.0,0.0,0.0
877442930517549801,0.0,0.0,0.0,0.0,0.0
877442930541810301,0.0,0.0,0.0,0.0,0.0
877642930474762901,0.0,0.0,0.0,0.0,0.0
877642930509111001,0.0,0.0,0.0,0.0,0.0
877642930536051902,0.0,0.0,0.0,0.0,0.0
877842930530796501,0.0,0.0,0.0,0.0,0.0
877942930509116701,0.0,0.0,0.0,0.0,0.0
878042930550394601,0.0,0.0,0.0,0.0,0.0
878142930522432301,0.0,0.0,0.0,0.0,0.0
878242930289535201,2.5714285373687744,3.6732026599702383,14.97904761904762,2.651092052459717,25.71241933186849
878342930534037002,0.0,0.0,0.0,0.0,0.0
878442930457568501,0.0,0.0,0.0,0.0,0.0
878442930464591201,0.0,0.0,0.0,0.0,0.0
878542930093539401,0.0,0.0,0.0,0.0,0.0
878642930453062702,0.0,0.0,0.0,0.0,0.0
878642930472689301,0.0,0.0,0.0,0.0,0.0
878642930541630601,0.0,0.0,0.0,0.0,0.0
878742929309357202,0.0,0.0,0.0,0.0,0.0
878742930447545202,0.0,0.0,0.0,0.0,0.0
878742930461545401,1.7586207389831543,25.724477703651687,192.08988764044943,53.130802154541016,746.0098858522565
878842930547963502,0.0,0.0,0.0,0.0,0.0
878942930477741302,0.0,0.0,0.0,0.0,0.0
879142929012644202,0.0,0.0,0.0,0.0,0.0
879142929861272302,0.0,0.0,0.0,0.0,0.0
879142930545722802,3.8333332538604736,8.40137068544448,37.05893845652882,7.019120693206787,50.408224112666886
879242930473936201,0.0,0.0,0.0,0.0,0.0
879242930525474302,0.0,0.0,0.0,0.0,0.0
879342930550665702,0.0,0.0,0.0,0.0,0.0
879542930447227302,0.0,0.0,0.0,0.0,0.0
879542930471811501,5.44444465637207,22.75936774380805,117.7156346749226,19.271650314331055,204.83430697320046
879542930542044901,0.0,0.0,0.0,0.0,0.0
879742930524472601,0.0,0.0,0.0,0.0,0.0
879742930530521802,0.0,0.0,0.0,0.0,0.0
879842930460504202,1.802197813987732,8.650103788779084,92.44708531398548,84.82305908203125,787.1594455786756
879942930446940201,0.0,0.0,0.0,0.0,0.0
879942930459835002,0.0,0.0,0.0,0.0,0.0
881242930450290802,0.0,0.0,0.0,0.0,0.0
881342930524302201,0.0,0.0,0.0,0.0,0.0
881342930534866401,0.0,0.0,0.0,0.0,0.0
881442930538844801,0.0,0.0,0.0,0.0,0.0
881542930448893901,0.0,0.0,0.0,0.0,0.0
881542930537459101,0.0,0.0,0.0,0.0,0.0
881642930453490402,0.0,0.0,0.0,0.0,0.0
881842930548693302,0.0,0.0,0.0,0.0,0.0
881942930458473002,0.0,0.0,0.0,0.0,0.0
882042930451587001,3.0799999237060547,5.889047059205964,72.03166897827091,31.178064346313477,294.45235096388706
882042930460138902,0.0,0.0,0.0,0.0,0.0
882042930518036902,0.0,0.0,0.0,0.0,0.0
882242927979733302,0.0,0.0,0.0,0.0,0.0
882342930532789302,0.0,0.0,0.0,0.0,0.0
882442930534443801,0.0,0.0,0.0,0.0,0.0
882742928832350602,0.0,0.0,0.0,0.0,0.0
882742930474333401,0.0,0.0,0.0,0.0,0.0
882742930476653301,1.0,6.999559439019017,6.999559439019017,0.7553533911705017,6.999559439019017
882742930480113002,0.0,0.0,0.0,0.0,0.0
882842930517036602,3.5,22.769535495923915,40.698550724637684,3.472888469696045,45.53907099184783
882842930530281801,0.0,0.0,0.0,0.0,0.0
882942930528952802,0.0,0.0,0.0,0.0,0.0
883042927979653202,0.0,0.0,0.0,0.0,0.0
883042930464210701,0.0,0.0,0.0,0.0,0.0
883042930533976102,0.0,0.0,0.0,0.0,0.0
883142928108880501,0.0,0.0,0.0,0.0,0.0
883142930540240101,5.0,1.66205885430344,1.661764705882353,0.10297518968582153,1.66205885430344
883342928845045702,0.0,0.0,0.0,0.0,0.0
883342930516084201,0.0,0.0,0.0,0.0,0.0
883342930522943101,3.0,2.974269405808959,9.071180200449989,1.8787014484405518,11.897077373552234
883542930509244801,0.0,0.0,0.0,0.0,0.0
883842928634028901,0.0,0.0,0.0,0.0,0.0
883842930530746501,4.0,6.000373889456414,17.16394254581476,2.8242592811584473,18.00112172883002
883942930520327901,0.0,0.0,0.0,0.0,0.0
884242930530802101,0.0,0.0,0.0,0.0,0.0
884442928697249802,0.0,0.0,0.0,0.0,0.0
884542930508371602,0.0,0.0,0.0,0.0,0.0
884642930472927902,0.0,0.0,0.0,0.0,0.0
884642930550779101,0.0,0.0,0.0,0.0,0.0
884742930528071801,102.0,167.92506807572613,132.149377593361,16.052833557128906,167.92506807572613
884842930528175701,0.0,0.0,0.0,0.0,0.0
884942928726710702,0.0,0.0,0.0,0.0,0.0
885042930464006301,0.0,0.0,0.0,0.0,0.0
885142930477436202,0.0,0.0,0.0,0.0,0.0
885242930520068101,3.5714285373687744,11.692924174174173,45.20780780780781,7.616928577423096,81.85047136980731
885442929543839302,0.0,0.0,0.0,0.0,0.0
885642930511258901,0.0,0.0,0.0,0.0,0.0
885742929613518902,0.0,0.0,0.0,0.0,0.0
885942928726169702,0.0,0.0,0.0,0.0,0.0
885942930450228701,1.2000000476837158,4.414026853119297,13.260577401692384,2.424100399017334,22.070134913721585
885942930460737202,0.0,0.0,0.0,0.0,0.0
886142930477536701,0.0,0.0,0.0,0.0,0.0
886242930534854202,0.0,0.0,0.0,0.0,0.0
886242930541392601,0.0,0.0,0.0,0.0,0.0
886342930547993002,0.0,0.0,0.0,0.0,0.0
886442930461291402,102.0,134.83643059664695,134.83629191321498,14.551728248596191,134.83643059664695
886442930479641201,0.0,0.0,0.0,0.0,0.0
886442930526393201,0.0,0.0,0.0,0.0,0.0
886542930453863001,0.0,0.0,0.0,0.0,0.0
886742930453000701,0.0,0.0,0.0,0.0,0.0
886742930479942201,0.0,0.0,0.0,0.0,0.0
886742930509750502,0.0,0.0,0.0,0.0,0.0
886742930516418501,0.0,0.0,0.0,0.0,0.0
886942930525439601,0.0,0.0,0.0,0.0,0.0
887042930519802501,0.0,0.0,0.0,0.0,0.0
887142927963846701,3.653846263885498,10.773937637969095,148.70419426048565,57.049137115478516,560.2447576838613
887342930475309002,0.0,0.0,0.0,0.0,0.0
887542930532755102,0.0,0.0,0.0,0.0,0.0
887642930460145701,0.0,0.0,0.0,0.0,0.0
887842930519240601,0.0,0.0,0.0,0.0,0.0
887842930521675302,0.0,0.0,0.0,0.0,0.0
887842930524419802,0.0,0.0,0.0,0.0,0.0
887942930461968101,0.0,0.0,0.0,0.0,0.0
888042930480079302,0.0,0.0,0.0,0.0,0.0
888142930464421702,0.0,0.0,0.0,0.0,0.0
888442930544244301,4.333333492279053,4.886037697193198,20.680188485965992,3.974672317504883,29.316226183159188
888542928602970201,2.3970587253570557,5.796171271053516,198.17055682115247,72.91161346435547,788.279303267542
888542929372994801,0.0,0.0,0.0,0.0,0.0
888742930460589802,0.0,0.0,0.0,0.0,0.0
888742930515417702,0.0,0.0,0.0,0.0,0.0
888842930523174002,3.0,4.080484606556056,7.129896907216495,1.1901438236236572,12.241453945513854
888842930525252101,0.0,0.0,0.0,0.0,0.0
888842930534199202,0.0,0.0,0.0,0.0,0.0
888942930456231601,0.0,0.0,0.0,0.0,0.0
889142930540539802,0.0,0.0,0.0,0.0,0.0
889342930468765601,4.166666507720947,7.929268893902786,67.86071631608868,7.911474704742432,95.15122735141149
889342930477304901,0.0,0.0,0.0,0.0,0.0
889742930527794902,0.0,0.0,0.0,0.0,0.0
889742930538694302,0.0,0.0,0.0,0.0,0.0
891142929197828702,260.0,0.2559181062060141,0.2559181062060141,0.03290022164583206,0.2559181062060141
891142930524308901,0.0,0.0,0.0,0.0,0.0
891142930524983002,0.0,0.0,0.0,0.0,0.0
891142930526397302,0.0,0.0,0.0,0.0,0.0
891142930533040802,0.0,0.0,0.0,0.0,0.0
891242930480126701,0.0,0.0,0.0,0.0,0.0
891342930518678402,0.0,0.0,0.0,0.0,0.0
891442930474265002,0.0,0.0,0.0,0.0,0.0
891442930519394501,3.0775861740112305,5.635448707460733,223.33434554973823,65.03620910644531,653.7120479284157
891642928099619102,0.0,0.0,0.0,0.0,0.0
891642930545936502,0.0,0.0,0.0,0.0,0.0
891742930542655002,0.0,0.0,0.0,0.0,0.0
891842930529493501,0.0,0.0,0.0,0.0,0.0
891842930536029501,0.0,0.0,0.0,0.0,0.0
891942928074491401,0.0,0.04131167493680367,0.0,0.023685237392783165,0.16524669974721468
891942930534585101,0.0,0.0,0.0,0.0,0.0
892342930479133402,4.134328365325928,6.100428520379934,98.38869420877904,49.59465408325195,408.7287325681421
892442930459069701,0.0,0.0,0.0,0.0,0.0
892442930528126802,0.0,0.0,0.0,0.0,0.0
892442930545085002,6.407407283782959,68.45204337522046,1447.8606701940034,137.837158203125,3696.410506206425
892742930547903302,0.0,0.0,0.0,0.0,0.0
893142927975166402,0.0,0.0,0.0,0.0,0.0
893142930455255102,0.8611111044883728,18.157877604166668,140.08880778588806,84.1725845336914,653.6836102710733
893342930528780001,0.0,0.0,0.0,0.0,0.0
893442930545531201,0.0,0.0,0.0,0.0,0.0
893642928077920702,3.0999999046325684,6.358545009346522,47.400887919619905,9.482539176940918,63.58545241336212
893642929424116302,0.0,0.0,0.0,0.0,0.0
893742930463306101,0.0,0.0,0.0,0.0,0.0
893842930527186101,0.0,0.0,0.0,0.0,0.0
894042930477690402,0.0,0.0,0.0,0.0,0.0
894342930184380301,0.0,0.0,0.0,0.0,0.0
894442930463609702,0.0,0.0,0.0,0.0,0.0
894742930518898001,0.0,0.0,0.0,0.0,0.0
894742930521856602,0.0,0.0,0.0,0.0,0.0
894942928210492902,0.0,0.0,0.0,0.0,0.0
895042930546773801,0.0,0.0,0.0,0.0,0.0
895342927982896301,0.0,0.0,0.0,0.0,0.0
895542930447808001,0.0,0.0,0.0,0.0,0.0
895742930457228602,0.0,0.0,0.0,0.0,0.0
895742930530491102,0.0,0.0,0.0,0.0,0.0
896042930535044301,0.0,0.0,0.0,0.0,0.0
896142930453359302,0.0,0.0,0.0,0.0,0.0
896242930449464402,0.0,0.0,0.0,0.0,0.0
896242930528754401,4.357142925262451,7.342935430336272,125.78511379946688,55.85288619995117,514.0054829785001
896242930539614902,0.0,0.0,0.0,0.0,0.0
896342930538899601,0.0,0.0,0.0,0.0,0.0
896342930546451101,0.0,0.0,0.0,0.0,0.0
896442930459265001,0.0,0.0,0.0,0.0,0.0
896542928119391301,0.0,0.0,0.0,0.0,0.0
896642930521106401,4.316455841064453,12.274974234393405,194.43786808009423,84.04222106933594,969.7230027966
896742927944985902,0.0,0.0,0.0,0.0,0.0
896842930460665702,4.0,1.6027706803485313,1.6028057869355545,0.2016444057226181,1.6027706803485313
896842930522097502,2.0,3.549861352933747,3.5496535796766744,0.3806893825531006,3.549861352933747
896842930529787402,0.0,0.0,0.0,0.0,0.0
897042930455342701,0.0,0.0,0.0,0.0,0.0
897042930460206502,0.0,0.0,0.0,0.0,0.0
897242930545432902,0.0,0.0,0.0,0.0,0.0
897242930547626402,0.0,0.0,0.0,0.0,0.0
897642930523595201,0.0,0.0,0.0,0.0,0.0
897842930459772701,0.0,0.0,0.0,0.0,0.0
897942929946658301,0.0,0.0,0.0,0.0,0.0
897942930478722601,0.0,0.0,0.0,0.0,0.0
898142930472063702,0.0,0.0,0.0,0.0,0.0
898242929118597101,0.0,0.0,0.0,0.0,0.0
898542930460696001,0.0,0.0,0.0,0.0,0.0
898642928878430201,0.0,0.0,0.0,0.0,0.0
898642929269102702,0.0,0.0,0.0,0.0,0.0
898642930457963402,0.0,0.0,0.0,0.0,0.0
898642930464550601,0.0,0.0,0.0,0.0,0.0
898642930515610702,0.0,0.0,0.0,0.0,0.0
898642930525899401,2.7142856121063232,8.042986601142474,35.01733870967742,6.39920711517334,56.30090710937336
898642930526253401,1.4444444179534912,4.490166964421468,30.573615123409862,42.004390716552734,363.7035233896519
898742930527914001,0.0,0.0,0.0,0.0,0.0
898942930534781701,0.0,0.0,0.0,0.0,0.0
899142930458916502,0.0,0.0,0.0,0.0,0.0
899142930520949702,0.0,0.0,0.0,0.0,0.0
899442930477602002,0.0,0.0,0.0,0.0,0.0
899542930479072802,0.0,0.0,0.0,0.0,0.0
899542930518010302,1.0,2.357061915641846,2.356693620844564,0.26806479692459106,2.357061915641846
899542930529210902,0.0,0.0,0.0,0.0,0.0
899642929259359502,0.0,0.0,0.0,0.0,0.0
899642930538859901,0.0,0.0,0.0,0.0,0.0
899742929012951802,1.100000023841858,7.761843417553192,62.97301504929943,62.30550003051758,698.5659211420555
899742930519645701,0.0,0.0,0.0,0.0,0.0
901242928823042002,0.0,0.0,0.0,0.0,0.0
901242930509448502,3.3116884231567383,9.86522968674988,172.35549687950072,77.18061828613281,759.6226672787421
901342930543043201,0.0,0.0,0.0,0.0,0.0
901442928087989501,0.0,0.0,0.0,0.0,0.0
901542930540856402,0.0,0.0,0.0,0.0,0.0
901742930453905802,0.0,0.0,0.0,0.0,0.0
901842930462787701,0.0,0.0,0.0,0.0,0.0
901942928175981702,0.0,0.0,0.0,0.0,0.0
902042930476478901,0.0,0.0,0.0,0.0,0.0
902442930542582601,0.0,0.0,0.0,0.0,0.0
902542930463173102,0.0,0.0,0.0,0.0,0.0
902642930517698402,0.0,0.0,0.0,0.0,0.0
902742928109525001,0.0,0.0,0.0,0.0,0.0
902742930453899501,0.0,0.0,0.0,0.0,0.0
902742930519255402,0.0,0.0,0.0,0.0,0.0
902842930524465902,0.0,0.0,0.0,0.0,0.0
903142930518312801,0.0,0.0,0.0,0.0,0.0
903142930518862702,0.0,0.0,0.0,0.0,0.0
903342930466703601,0.0,0.0,0.0,0.0,0.0
903442930527707601,0.0,0.0,0.0,0.0,0.0
903542930447094901,0.0,0.0,0.0,0.0,0.0
903742929488676902,0.0,0.0,0.0,0.0,0.0
903842930509351502,0.0,0.0,0.0,0.0,0.0
903942930475834401,0.0,0.0,0.0,0.0,0.0
904042929922159801,0.0,0.0,0.0,0.0,0.0
904042930465200202,0.0,0.0,0.0,0.0,0.0
904042930548901001,0.0,0.0,0.0,0.0,0.0
904142929735970401,0.0,0.0,0.0,0.0,0.0
904142930515785701,0.0,0.0,0.0,0.0,0.0
904342930466563902,0.0,0.0,0.0,0.0,0.0
904642930462924201,0.0,0.0,0.0,0.0,0.0
904642930524324701,0.0,0.0,0.0,0.0,0.0
904642930526554502,0.0,0.0,0.0,0.0,0.0
904742930459111701,0.0,0.0,0.0,0.0,0.0
904742930527109901,0.0,0.0,0.0,0.0,0.0
905042930460852201,0.0,0.0,0.0,0.0,0.0
905142930446820001,0.0,0.0,0.0,0.0,0.0
905242930463572302,0.0,0.0,0.0,0.0,0.0
905342930475284702,0.0,0.0,0.0,0.0,0.0
905342930518946001,0.0,0.0,0.0,0.0,0.0
905542930510527201,0.0,0.0,0.0,0.0,0.0
906042928191142702,3.555555582046509,5.56370639371055,64.070784490532,16.631776809692383,150.22007034618215
906142930464080001,0.0,0.0,0.0,0.0,0.0
906142930467844802,0.0,0.0,0.0,0.0,0.0
906142930530048102,0.0,0.0,0.0,0.0,0.0
906142930545816502,0.0,0.0,0.0,0.0,0.0
906242930524307702,2.5620439052581787,5.1800010515840444,149.80613919894944,81.30644989013672,709.6601609511354
906342930525706801,0.0,0.0,0.0,0.0,0.0
906442930220683002,0.0,0.0,0.0,0.0,0.0
906442930517855702,0.0,0.0,0.0,0.0,0.0
906542930532165101,0.0,0.0,0.0,0.0,0.0
906642930533847202,0.0,0.0,0.0,0.0,0.0
906642930543050002,0.0,0.0,0.0,0.0,0.0
906742930466029301,0.0,0.0,0.0,0.0,0.0
906742930543871702,0.0,0.0,0.0,0.0,0.0
906842930453354501,0.0,0.0,0.0,0.0,0.0
906942930459183502,0.0,0.0,0.0,0.0,0.0
907042930546299502,0.0,0.0,0.0,0.0,0.0
907142930530076001,0.0,0.0,0.0,0.0,0.0
907442930509708802,0.0,0.0,0.0,0.0,0.0
907542930479797202,0.0,0.0,0.0,0.0,0.0
907542930542775001,0.0,0.0,0.0,0.0,0.0
907842929230221302,0.0,0.0,0.0,0.0,0.0
907942930456347202,3.767441749572754,8.476230953377314,225.28830248129185,84.85897064208984,728.9558458099125
908142930480102102,0.0,0.0,0.0,0.0,0.0
908142930527591102,0.0,0.0,0.0,0.0,0.0
908342930476180501,0.0,0.0,0.0,0.0,0.0
908342930535016301,0.85161292552948,14.102609634399414,182.4443359375,191.5918731689453,2185.9044760901015
908442930453832802,0.0,0.0,0.0,0.0,0.0
908642930541948102,0.0,0.0,0.0,0.0,0.0
908742930473883801,0.0,0.0,0.0,0.0,0.0
908942930479161202,0.0,0.0,0.0,0.0,0.0
909342930456023901,0.0,0.0,0.0,0.0,0.0
909342930459358202,0.0,0.0,0.0,0.0,0.0
909742930342632902,0.0,0.0,0.0,0.0,0.0
909942930476421402,1.75,17.070321180555556,77.38444444444444,98.44696807861328,1092.5005236641566
911142930462634802,0.0,0.0,0.0,0.0,0.0
911242929047773602,0.0,0.0,0.0,0.0,0.0
911242930462622402,0.0,0.0,0.0,0.0,0.0
911342930462867102,0.0,0.0,0.0,0.0,0.0
911342930475753101,0.0,0.0,0.0,0.0,0.0
911342930517880701,0.0,0.0,0.0,0.0,0.0
911442930448484202,0.0,0.0,0.0,0.0,0.0
911442930460199502,0.0,0.0,0.0,0.0,0.0
911442930475919801,0.0,0.0,0.0,0.0,0.0
911542930517724801,0.0,0.0,0.0,0.0,0.0
911642930475045702,0.0,0.0,0.0,0.0,0.0
911742928832515201,0.0,0.0,0.0,0.0,0.0
911742930457471501,0.0,0.0,0.0,0.0,0.0
911842930461864202,0.0,0.0,0.0,0.0,0.0
911942930472953102,0.0,0.0,0.0,0.0,0.0
911942930516869201,0.0,0.0,0.0,0.0,0.0
912142928726384801,3.25,13.467988910282056,122.65313062612522,104.09818267822266,915.8231990094613
912242930548239401,3.155172348022461,5.679303781925344,87.6058140962672,25.542306900024414,329.3996239495418
912342930525341802,0.0,0.0,0.0,0.0,0.0
912442929400197302,0.0,0.0,0.0,0.0,0.0
912542929861386501,0.0,0.0,0.0,0.0,0.0
912542930515904602,0.0,0.0,0.0,0.0,0.0
912742930455090201,4.44444465637207,9.629926599973931,203.83576642335765,101.68022155761719,693.3547488283191
912742930532192501,0.0,0.0,0.0,0.0,0.0
913042930509519302,0.0,0.0,0.0,0.0,0.0
913142929197853301,0.0,0.0,0.0,0.0,0.0
913142930480500101,0.0,0.0,0.0,0.0,0.0
913442930530963902,0.0,0.0,0.0,0.0,0.0
913642930448600901,0.0,0.0,0.0,0.0,0.0
913842930478057302,4.549019813537598,20.148482380319148,397.74042553191487,92.22293090820312,1027.5725910592587
914142930517074001,0.0,0.0,0.0,0.0,0.0
914242930473594801,0.0,0.0,0.0,0.0,0.0
914542930547475602,0.0,0.0,0.0,0.0,0.0
914642930227350201,0.0,0.0,0.0,0.0,0.0
914642930476804802,1.4383561611175537,35.33187636000967,275.9864603481625,91.61641693115234,2579.2271110785537
914742930547647501,0.0,0.0,0.0,0.0,0.0
914842930520222101,0.0,0.0,0.0,0.0,0.0
915042930475554401,0.0,0.0,0.0,0.0,0.0
915142930544348802,0.0,0.0,0.0,0.0,0.0
915242928305203602,4.692307472229004,9.240342739284776,104.43255324743623,35.554073333740234,240.24891320348195
915242930480492201,0.0,0.0,0.0,0.0,0.0
915242930508811001,0.0,0.0,0.0,0.0,0.0
915242930509816702,0.0,0.0,0.0,0.0,0.0
915442929269199002,0.0,0.0,0.0,0.0,0.0
915542930465206901,0.0,0.0,0.0,0.0,0.0
915542930529604401,0.0,0.0,0.0,0.0,0.0
915642927968928601,0.0,0.0,0.0,0.0,0.0
915942930477582201,0.0,0.0,0.0,0.0,0.0
916042928932341102,0.0,0.0,0.0,0.0,0.0
916142930544186502,0.0,0.0,0.0,0.0,0.0
916442930465386302,0.0,0.0,0.0,0.0,0.0
916442930477521901,2.892857074737549,7.285855343021643,58.92785793562708,57.617759704589844,408.00790191887484
916442930519516402,0.0,0.0,0.0,0.0,0.0
916442930531058302,0.0,0.0,0.0,0.0,0.0
916542930458707102,4.333333492279053,6.55336606449645,22.694764862466727,4.27133321762085,39.32019625158572
916942930453882902,0.0,0.0,0.0,0.0,0.0
916942930466486402,0.0,0.0,0.0,0.0,0.0
917142930472598802,0.0,0.0,0.0,0.0,0.0
917142930530393302,0.0,0.0,0.0,0.0,0.0
917342928932595901,0.0,0.0,0.0,0.0,0.0
917342930463979101,0.0,0.0,0.0,0.0,0.0
917642930465328001,2.0,22.074981718600764,225.42144221585482,12.901042938232422,264.8997704361093
917842930548096601,0.0,0.0,0.0,0.0,0.0
918142929012861401,0.0,0.0,0.0,0.0,0.0
918142930253656501,0.0,0.0,0.0,0.0,0.0
918242930474581902,0.0,0.0,0.0,0.0,0.0
918342927979693102,0.0,0.0,0.0,0.0,0.0
918342930454501102,0.0,0.0,0.0,0.0,0.0
918342930520974002,0.0,0.0,0.0,0.0,0.0
918442930455977001,0.0,0.0,0.0,0.0,0.0
918542929467168701,0.0,0.0,0.0,0.0,0.0
918542930475106301,0.0,0.0,0.0,0.0,0.0
918542930542991502,0.0,0.0,0.0,0.0,0.0
918642929197993601,0.0,0.0,0.0,0.0,0.0
918642930549125002,0.0,0.0,0.0,0.0,0.0
918642930550643602,0.0,0.0,0.0,0.0,0.0
918742930460371302,0.0,0.0,0.0,0.0,0.0
918742930508026202,0.0,0.0,0.0,0.0,0.0
918742930531152201,0.0,0.0,0.0,0.0,0.0
918942930478364602,0.3076923191547394,10.190364829009434,37.18490566037736,38.573326110839844,264.94947632987544
919042930469010301,0.0,0.0,0.0,0.0,0.0
919242930520752401,0.0,0.0,0.0,0.0,0.0
919242930531509301,0.0,0.0,0.0,0.0,0.0
919442930472211202,0.0,0.0,0.0,0.0,0.0
919442930509887001,0.0,0.0,0.0,0.0,0.0
919642928043962401,0.0,0.0,0.0,0.0,0.0
921142929091778602,0.0,0.0,0.0,0.0,0.0
921142929389126502,0.0,0.0,0.0,0.0,0.0
921242930458500401,0.0,0.0,0.0,0.0,0.0
921242930530092101,0.0,0.0,0.0,0.0,0.0
921642928078039601,0.0,0.0,0.0,0.0,0.0
921642930446965202,0.0,0.0,0.0,0.0,0.0
921642930450707002,0.0,0.0,0.0,0.0,0.0
921642930518061601,0.0,0.0,0.0,0.0,0.0
921642930540510502,0.0,0.0,0.0,0.0,0.0
921742930454453502,0.0,0.0,0.0,0.0,0.0
921742930463066401,0.0,0.0,0.0,0.0,0.0
921742930540525702,0.0,0.0,0.0,0.0,0.0
921842930461837502,0.0,0.0,0.0,0.0,0.0
921842930472659001,0.0,0.0,0.0,0.0,0.0
921942930550317201,0.0,0.0,0.0,0.0,0.0
922142929348263902,4.257143020629883,10.15706231361829,151.59522862823061,75.67919158935547,710.9943780136866
922142930517340901,0.0,0.0,0.0,0.0,0.0
922142930526841101,0.0,0.0,0.0,0.0,0.0
922342930469190301,0.0,0.0,0.0,0.0,0.0
922442930460481302,0.0,0.0,0.0,0.0,0.0
922642930534558601,0.0,0.0,0.0,0.0,0.0
922842930454476201,0.0,0.0,0.0,0.0,0.0
923342930520845202,0.0,0.0,0.0,0.0,0.0
923542930532841602,0.0,0.0,0.0,0.0,0.0
923642929013263801,0.0,0.0,0.0,0.0,0.0
923642929649319001,0.0,0.0,0.0,0.0,0.0
923642930464565102,0.0,0.0,0.0,0.0,0.0
923742930532311502,0.0,0.0,0.0,0.0,0.0
923742930549712601,0.0,0.0,0.0,0.0,0.0
924042930457907601,0.0,0.0,0.0,0.0,0.0
924042930534125702,2.5441176891326904,12.174167573835668,114.94471790988263,33.623538970947266,827.8433998509457
924042930545163801,4.729729652404785,10.456534261402606,199.42421124828533,71.7486572265625,773.7835252340602
924142930176829802,0.0,0.0,0.0,0.0,0.0
924442930537866702,0.0,0.0,0.0,0.0,0.0
924742930448499801,0.0,0.0,0.0,0.0,0.0
924842930521817802,0.0,0.0,0.0,0.0,0.0
925142930462707702,0.0,0.0,0.0,0.0,0.0
925142930521019702,0.0,0.0,0.0,0.0,0.0
925142930525855502,0.0,0.0,0.0,0.0,0.0
925242930472946001,0.0,0.0,0.0,0.0,0.0
925342930480199601,0.0,0.0,0.0,0.0,0.0
925442930508489802,0.0,0.0,0.0,0.0,0.0
925542930447262202,0.0,0.0,0.0,0.0,0.0
925542930462223801,0.0,0.0,0.0,0.0,0.0
925542930542927902,0.0,0.0,0.0,0.0,0.0
925642930507931001,0.0,0.0,0.0,0.0,0.0
925642930529789801,0.0,0.0,0.0,0.0,0.0
925742930478150301,0.0,0.0,0.0,0.0,0.0
926142928130770801,0.0,0.0,0.0,0.0,0.0
926142929531151402,0.0,0.0,0.0,0.0,0.0
926142930519148602,0.0,0.0,0.0,0.0,0.0
926142930521247202,1.0952380895614624,9.465479611196656,222.12340519137703,98.2949447631836,1192.6504064195753
926242930469504601,0.0,0.0,0.0,0.0,0.0
926242930478959302,0.0,0.0,0.0,0.0,0.0
926342930528966201,0.0,0.0,0.0,0.0,0.0
926542930526227901,0.0,0.0,0.0,0.0,0.0
926642929118794501,0.0,0.0,0.0,0.0,0.0
926642930455989802,0.0,0.0,0.0,0.0,0.0
926842928979692001,0.0,0.0,0.0,0.0,0.0
926842930544877601,0.0,0.0,0.0,0.0,0.0
926942930478740102,0.0,0.0,0.0,0.0,0.0
927042930528664701,0.0,0.0,0.0,0.0,0.0
927142930480317501,0.0,0.0,0.0,0.0,0.0
927142930546284601,0.0,0.0,0.0,0.0,0.0
927242930159107402,2.611940383911133,5.331585665510344,29.549784361522594,61.39822769165039,357.2162322271309
927342928726214702,0.0,0.0,0.0,0.0,0.0
927342930526498301,2.8058252334594727,5.074875443167168,143.29213579716372,68.70885467529297,522.7121842027376
927342930534838401,0.0,0.0,0.0,0.0,0.0
927442930542870102,0.0,0.0,0.0,0.0,0.0
927542930445557601,0.0,0.0,0.0,0.0,0.0
927642930476937502,0.0,0.0,0.0,0.0,0.0
927742930528484302,0.0,0.0,0.0,0.0,0.0
927742930541695301,0.0,0.0,0.0,0.0,0.0
927842930453178501,0.0,0.0,0.0,0.0,0.0
927842930459752401,0.0,0.0,0.0,0.0,0.0
927942930457708901,0.0,0.0,0.0,0.0,0.0
928142930460844002,0.0,0.0,0.0,0.0,0.0
928242928932525602,0.0,0.0,0.0,0.0,0.0
928242930479349501,0.0,0.0,0.0,0.0,0.0
928642928932432602,0.0,0.0,0.0,0.0,0.0
928742929613586801,0.0,0.0,0.0,0.0,0.0
928742930455807701,0.0,0.0,0.0,0.0,0.0
928842930532139901,0.0,0.0,0.0,0.0,0.0
928942930531496402,0.0,0.0,0.0,0.0,0.0
929042929321017602,0.0,0.0,0.0,0.0,0.0
929042930543566302,0.0,0.0,0.0,0.0,0.0
929242930464682202,0.0,0.0,0.0,0.0,0.0
929242930542184601,0.0,0.0,0.0,0.0,0.0
929342930454829702,0.0,0.0,0.0,0.0,0.0
929342930526001302,2.2298851013183594,10.485155329257513,157.22215674720096,95.04127502441406,912.2085626542603
929542930516026601,0.0,0.0,0.0,0.0,0.0
929542930534858701,0.0,0.0,0.0,0.0,0.0
929642929389152602,0.0,0.0,0.0,0.0,0.0
929642930525318801,0.0,0.0,0.0,0.0,0.0
929642930528741302,0.0,0.0,0.0,0.0,0.0
929742930465057902,2.8235294818878174,7.289613034402716,40.2269955654102,10.356826782226562,123.9234199608509
929842930458129101,0.0,0.0,0.0,0.0,0.0
931242930476050402,0.0,0.0,0.0,0.0,0.0
931442930515638602,0.0,0.0,0.0,0.0,0.0
931742930463661702,0.0,0.0,0.0,0.0,0.0
931842930528286902,0.0,0.0,0.0,0.0,0.0
931942928791257601,0.0,0.0,0.0,0.0,0.0
932042927963688202,0.0,0.0,0.0,0.0,0.0
932042930457131901,0.0,0.0,0.0,0.0,0.0
932042930480780201,0.0,0.0,0.0,0.0,0.0
932342930459475501,0.0,0.0,0.0,0.0,0.0
932442928716053102,0.0,0.0,0.0,0.0,0.0
932542928932360901,0.0,0.0,0.0,0.0,0.0
932542930527348602,3.238095283508301,32.95402056435837,394.8090766823161,113.96221923828125,2076.1032057390526
932642930454303502,0.0,0.0,0.0,0.0,0.0
932742930455556601,0.0,0.0,0.0,0.0,0.0
932742930519252302,0.0,0.0,0.0,0.0,0.0
932942930550179502,0.0,0.0,0.0,0.0,0.0
933042928956248401,0.0,0.0,0.0,0.0,0.0
933042930457014801,0.0,0.0,0.0,0.0,0.0
933142930540993801,0.0,0.0,0.0,0.0,0.0
933242930449161502,0.0,0.0,0.0,0.0,0.0
933242930537963601,0.0,0.0,0.0,0.0,0.0
933342930525591301,0.0,0.0,0.0,0.0,0.0
933342930527377502,0.0,0.0,0.0,0.0,0.0
933442930530951801,0.0,0.0,0.0,0.0,0.0
933542929696803401,0.0,0.0,0.0,0.0,0.0
933642930454959501,0.0,0.0,0.0,0.0,0.0
933742930472953802,0.0,0.0,0.0,0.0,0.0
933742930528937901,0.0,0.0,0.0,0.0,0.0
933742930538047201,0.0,0.0,0.0,0.0,0.0
933842930474197002,0.0,0.0,0.0,0.0,0.0
933842930518159301,0.0,0.0,0.0,0.0,0.0
933842930524928301,4.909090995788574,21.859224943808744,371.5504699632203,78.3543930053711,961.8059106475243
933942929839568101,0.0,0.0,0.0,0.0,0.0
933942930509091501,0.0,0.0,0.0,0.0,0.0
934142930518525302,0.0,0.0,0.0,0.0,0.0
934142930530981902,0.0,0.0,0.0,0.0,0.0
934342930531028502,0.0,0.0,0.0,0.0,0.0
934542929155433302,0.0,0.0,0.0,0.0,0.0
934542930517681201,0.0,0.0,0.0,0.0,0.0
934642930477461301,0.0,0.0,0.0,0.0,0.0
935142930463786502,0.0,0.0,0.0,0.0,0.0
935142930541222702,0.0,0.0,0.0,0.0,0.0
935242930460078602,0.0,0.0,0.0,0.0,0.0
935342927959101101,0.0,0.0,0.0,0.0,0.0
935442928592643802,0.0,0.0,0.0,0.0,0.0
935642930452402301,0.0,0.0,0.0,0.0,0.0
935642930515567401,4.857142925262451,23.792689226675726,228.1231884057971,41.58811569213867,333.09764945420665
935742930520382601,0.0,0.0,0.0,0.0,0.0
935742930541781601,0.0,0.0,0.0,0.0,0.0
935842928811545302,0.0,0.0,0.0,0.0,0.0
935842930460463801,0.0,0.0,0.0,0.0,0.0
935842930534066701,0.0,0.0,0.0,0.0,0.0
935942929514180801,0.0,0.0,0.0,0.0,0.0
936042930546719001,1.4487179517745972,6.218182490613778,35.130917401240616,63.55080795288086,485.01822364700024
936142930476343402,0.0,0.0,0.0,0.0,0.0
936342930527599201,0.0,0.0,0.0,0.0,0.0
936442930525946601,0.0,0.0,0.0,0.0,0.0
936542930457068901,3.5999999046325684,9.21388433841139,28.242948376796168,6.409212112426758,46.06942240667825
936642930544230002,0.0,0.0,0.0,0.0,0.0
936842930526253202,0.0,0.0,0.0,0.0,0.0
936942930523966801,0.0,0.0,0.0,0.0,0.0
937042930527302401,0.0,0.0,0.0,0.0,0.0
937142930544141601,0.0,0.0,0.0,0.0,0.0
937342929197877702,0.0,0.0,0.0,0.0,0.0
937342930480526801,0.0,0.0,0.0,0.0,0.0
937442928855459801,0.0,0.0,0.0,0.0,0.0
937442930453112102,5.0,32.166772959183675,158.27643784786642,30.402965545654297,546.8351196119206
937442930475637001,0.0,0.0,0.0,0.0,0.0
937442930516024602,0.0,0.0,0.0,0.0,0.0
937442930542739702,0.0,0.0,0.0,0.0,0.0
937542930526897101,3.379310369491577,28.880511990827113,315.089552238806,40.56704330444336,837.5348234461314
937542930526985101,0.0,0.0,0.0,0.0,0.0
937642930454191101,0.0,0.0,0.0,0.0,0.0
937642930473170801,0.0,0.0,0.0,0.0,0.0
937742928592898001,0.0,0.0,0.0,0.0,0.0
937842930459924202,0.0,0.0,0.0,0.0,0.0
937842930461638902,0.0,0.0,0.0,0.0,0.0
938142930515723001,0.0,0.0,0.0,0.0,0.0
938142930526940802,0.0,0.0,0.0,0.0,0.0
938242928197772002,0.0,0.0,0.0,0.0,0.0
938342929816265001,3.058823585510254,8.787801177144587,46.911795226565204,12.983641624450684,149.39261744633467
938442930454105402,0.0,0.0,0.0,0.0,0.0
938542930462120901,0.0,0.0,0.0,0.0,0.0
938742930518999702,0.0,0.0,0.0,0.0,0.0
938842930474976401,0.0,0.0,0.0,0.0,0.0
938842930543152902,0.0,0.0,0.0,0.0,0.0
939042930548332801,0.0,0.0,0.0,0.0,0.0
939242930446771801,0.0,0.0,0.0,0.0,0.0
939242930479992301,0.0,0.0,0.0,0.0,0.0
939242930509041702,0.0,0.0,0.0,0.0,0.0
939242930548211701,0.0,0.0,0.0,0.0,0.0
939242930548652701,0.0,0.0,0.0,0.0,0.0
939342929765966202,0.0,0.0,0.0,0.0,0.0
939342930473934202,0.0,0.0,0.0,0.0,0.0
939342930523241902,0.0,0.0,0.0,0.0,0.0
939442930452957201,4.341772079467773,8.100136331992575,142.91862623762376,83.14198303222656,639.9107741105674
939442930528608801,0.0,0.0,0.0,0.0,0.0
939542930451272102,0.0,0.0,0.0,0.0,0.0
939642930451471602,0.0,0.0,0.0,0.0,0.0
939842929704106701,0.0,0.0,0.0,0.0,0.0
939842930507810401,0.0,0.0,0.0,0.0,0.0
939842930517522401,0.0,0.0,0.0,0.0,0.0
939942930476165701,0.0,0.0,0.0,0.0,0.0
939942930542289402,0.0,0.0,0.0,0.0,0.0
941142930534431501,0.0,0.0,0.0,0.0,0.0
941142930545872602,0.0,0.0,0.0,0.0,0.0
941142930548990301,0.0,0.0,0.0,0.0,0.0
941242930474424202,0.0,0.0,0.0,0.0,0.0
941342930461458301,0.0,0.0,0.0,0.0,0.0
941442930479692801,0.0,0.0,0.0,0.0,0.0
941542928255482301,0.0,0.0,0.0,0.0,0.0
941542930462060502,0.0,0.0,0.0,0.0,0.0
941542930470118401,0.0,0.0,0.0,0.0,0.0
941542930529255201,179.0,0.8813857547870162,0.8813570892211072,0.15116526186466217,0.8813857547870162
941942927910731901,0.0,0.0,0.0,0.0,0.0
941942930461589102,0.0,0.0,0.0,0.0,0.0
942042930032274901,0.0,0.0,0.0,0.0,0.0
942142930447592902,0.0,0.0,0.0,0.0,0.0
942342930518833601,0.0,0.0,0.0,0.0,0.0
942442930453329401,0.0,0.0,0.0,0.0,0.0
942442930457807202,0.0,0.0,0.0,0.0,0.0
942442930460632602,0.0,0.0,0.0,0.0,0.0
942642929012902302,0.0,0.0,0.0,0.0,0.0
942742930466822802,0.0,0.0,0.0,0.0,0.0
942742930519720902,0.0,0.0,0.0,0.0,0.0
942842930477915801,1.182692289352417,10.522586686643836,109.62520547945205,95.5731430053711,1094.349024221342
942942930547137602,0.0,0.0,0.0,0.0,0.0
943142930509444401,1.0,6.750966237025899,6.750994276845475,0.6445656418800354,6.750966237025899
943342930509329501,2.9759035110473633,8.203117993971702,219.52451175767237,65.18084716796875,680.8587996246046
943342930544199401,0.0,0.0,0.0,0.0,0.0
943542930464139501,0.0,0.0,0.0,0.0,0.0
943642930479213902,0.0,0.0,0.0,0.0,0.0
943742928087871102,0.0,0.0,0.0,0.0,0.0
943842930529052702,0.0,0.0,0.0,0.0,0.0
944142930542121701,0.0,0.0,0.0,0.0,0.0
944242930342578102,0.0,0.0,0.0,0.0,0.0
944242930445392502,0.0,0.0,0.0,0.0,0.0
944242930472298301,0.0,0.0,0.0,0.0,0.0
944242930474047102,0.0,0.0,0.0,0.0,0.0
944442930542017101,0.0,0.0,0.0,0.0,0.0
944542930529336601,0.0,0.0,0.0,0.0,0.0
944642929346227102,0.0,0.0,0.0,0.0,0.0
944742930546665502,0.0,0.0,0.0,0.0,0.0
944842930465235601,0.0,0.0,0.0,0.0,0.0
944942930520025202,0.0,0.0,-0.6892180410995463,0.0,0.0
944942930538226902,0.0,0.0,0.0,0.0,0.0
945242930518057601,0.0,0.0,0.0,0.0,0.0
945342928042164101,0.0,0.0,0.0,0.0,0.0
945442930461182102,0.0,0.0,0.0,0.0,0.0
945442930518184901,0.0,0.0,0.0,0.0,0.0
945542930463901201,0.0,0.0,0.0,0.0,0.0
945542930546254701,0.0,0.0,0.0,0.0,0.0
945642930159053002,0.0,0.0,0.0,0.0,0.0
945642930478660402,0.0,0.0,0.0,0.0,0.0
945842930451087302,0.0,0.0,0.0,0.0,0.0
945842930476731902,0.0,0.0,0.0,0.0,0.0
945942930521806602,0.0,0.0,0.0,0.0,0.0
945942930526366102,4.150000095367432,7.893025919936004,53.04396215915415,22.300989151000977,157.86051826285998
946042930519863902,0.0,0.0,0.0,0.0,0.0
946142930477236001,4.5,33.928443534346314,67.85691674580563,4.234039306640625,67.85688706869263
946242930509212701,3.5416667461395264,9.243707135718225,123.50758202371105,48.348388671875,443.6979640322281
946242930531513302,0.0,0.0,0.0,0.0,0.0
946542930465158901,4.413333415985107,20.921931274156712,241.4673225579761,106.25850677490234,1569.144886169648
946842930473857801,0.0,0.0,0.0,0.0,0.0
946842930476230701,0.0,0.0,0.0,0.0,0.0
946942930530661002,2.7272727489471436,32.590911645683455,296.0,123.37447357177734,2509.50018122099
946942930537237702,0.0,0.0,0.0,0.0,0.0
947242930475971002,0.0,0.0,0.0,0.0,0.0
947842930527354601,0.0,0.0,0.0,0.0,0.0
947942930473102701,0.0,0.0,0.0,0.0,0.0
948042930467962102,2.409090995788574,11.241241668487762,180.82517482517483,80.97552490234375,741.9219857958647
948042930532359001,0.0,0.0,0.0,0.0,0.0
948042930532892601,0.0,0.0,0.0,0.0,0.0
948142930480739001,0.0,0.0,0.0,0.0,0.0
948242930452569402,0.0,0.0,0.0,0.0,0.0
948442928758016001,0.0,0.0,0.0,0.0,0.0
948442930476324001,0.0,0.0,0.0,0.0,0.0
948442930547843002,0.0,0.0,0.0,0.0,0.0
948542930465223801,0.0,0.0,0.0,0.0,0.0
948642930510240601,0.0,0.0,0.0,0.0,0.0
948842930479969002,0.0,0.0,0.0,0.0,0.0
948942928932458401,0.0,0.0,0.0,0.0,0.0
948942930516425501,0.0,0.0,0.0,0.0,0.0
949042929022389002,0.0,0.0,0.0,0.0,0.0
949042930521017201,0.0,0.0,0.0,0.0,0.0
949142930529305901,0.0,0.0,0.0,0.0,0.0
949242930460437801,0.0,0.0,0.0,0.0,0.0
949242930517862002,0.0,0.0,0.0,0.0,0.0
949342930517533902,0.0,0.0,0.0,0.0,0.0
949442930530844502,0.0,0.0,0.0,0.0,0.0
949642930473528401,0.0,0.0,0.0,0.0,0.0
949642930475075602,2.7272727489471436,29.925388380028735,238.566091954023,25.8728084564209,329.17928577291553
949742930475932202,0.0,0.0,0.0,0.0,0.0
951142930454404802,0.0,0.0,0.0,0.0,0.0
951242930522972602,0.0,0.0,0.0,0.0,0.0
951342930534067702,0.0,0.0,0.0,0.0,0.0
951642928153700201,1.9354838132858276,7.887062952252798,127.78220574606117,0.0,244.49894069268933
951642930545898901,0.0,0.0,0.0,0.0,0.0
951742930547731801,3.0,12.134911093236584,24.26985213581599,2.3951330184936523,24.269822186473167
951742930548683601,0.0,0.0,0.0,0.0,0.0
951842928005351602,0.0,0.0,0.0,0.0,0.0
951842930480654401,0.0,0.0,0.0,0.0,0.0
951942930531831401,0.0,0.0,0.0,0.0,0.0
952042930529873001,0.0,0.0,0.0,0.0,0.0
952042930534458201,0.0,0.0,0.0,0.0,0.0
952342928832402902,0.0,0.0,0.0,0.0,0.0
952442930522661301,0.0,0.0,0.0,0.0,0.0
952642930466446201,3.642857074737549,6.213820966702063,38.404126213592235,12.299978256225586,86.9934969411313
952742930519006401,0.0,0.0,0.0,0.0,0.0
953042930474364501,0.0,0.0,0.0,0.0,0.0
953042930529477401,0.0,0.0,0.0,0.0,0.0
953142930462837201,0.0,0.0,0.0,0.0,0.0
953242930538614501,3.950000047683716,9.7272826202156,95.23837209302326,21.039384841918945,194.54565909851428
953342930524863801,0.0,0.0,0.0,0.0,0.0
953442930451189902,0.0,0.0,0.0,0.0,0.0
953442930515440001,0.0,0.0,0.0,0.0,0.0
953542930454383101,4.791666507720947,26.614939135174417,562.8558139534883,72.42131805419922,1277.5171170966569
953542930455845302,0.0,0.0,0.0,0.0,0.0
953642930540523101,0.0,0.0,0.0,0.0,0.0
953942930458602702,0.0,0.0,0.0,0.0,0.0
954042930521132401,0.0,0.0,0.0,0.0,0.0
954142930453395402,0.0,0.0,0.0,0.0,0.0
954242929843369301,3.809523820877075,6.4938039389245406,96.4454525337464,38.14088439941406,272.73975784426693
954242930528200102,0.0,0.0,0.0,0.0,0.0
954342930467802401,0.0,0.0,0.0,0.0,0.0
954442930547976801,0.0,0.0,0.0,0.0,0.0
954542930452237002,0.0,0.0,0.0,0.0,0.0
954542930480346202,0.0,0.0,0.0,0.0,0.0
954542930546452101,0.0,0.0,0.0,0.0,0.0
955342928159200301,0.0,0.0,0.0,0.0,0.0
955342930473324302,0.0,0.0,0.0,0.0,0.0
955542930480227901,0.0,0.0,0.0,0.0,0.0
955642930531170101,0.0,0.0,0.0,0.0,0.0
955742930539644702,0.0,0.0,0.0,0.0,0.0
956042929141354202,0.0,0.0,0.0,0.0,0.0
956142929309425801,0.0,0.0,0.0,0.0,0.0
956342930479677001,3.0,0.022351851286711515,0.022222222222222223,0.0027743098326027393,0.022351851286711515
956542930473319301,0.0,0.0,0.0,0.0,0.0
956542930525395202,0.0,0.0,0.0,0.0,0.0
956542930541439401,0.0,0.0,0.0,0.0,0.0
956842930450876002,0.0,0.0,0.0,0.0,0.0
956842930527651202,0.0,0.0,0.0,0.0,0.0
956842930532920901,10.0,1.0110747502385964,1.0111589663273297,0.12667517364025116,1.0110747502385964
956942928043638902,0.0,0.0,0.0,0.0,0.0
956942930479612601,0.0,0.0,0.0,0.0,0.0
956942930526853301,0.0,0.0,0.0,0.0,0.0
957142930548126201,0.0,0.0,0.0,0.0,0.0
957442930455747502,2.8728814125061035,6.450698825595939,120.2076221306651,87.75715637207031,761.1824730833255
957642928954607202,0.0,0.0,0.0,0.0,0.0
957842930530259601,4.0,9.846820342956486,24.231482457064587,6.707189083099365,68.9277424006954
957942930479052102,0.0,0.0,0.0,0.0,0.0
958242930542525701,0.0,0.0,0.0,0.0,0.0
958442930462254801,0.0,0.0,0.0,0.0,0.0
958542928258080802,0.0,0.0,0.0,0.0,0.0
958742930518895201,0.0,0.0,0.0,0.0,0.0
958942930527515102,0.0,0.0,0.0,0.0,0.0
959042930526136701,0.0,0.0,0.0,0.0,0.0
959442930546133502,0.0,0.0,0.0,0.0,0.0
959742930537123502,0.0,0.0,0.0,0.0,0.0
959942930543369201,0.0,0.0,0.0,0.0,0.0
961142930351069302,0.0,0.0,0.0,0.0,0.0
961142930461546202,0.0,0.0,0.0,0.0,0.0
961142930517747501,0.0,0.0,0.0,0.0,0.0
961242930455161301,0.0,0.0,0.0,0.0,0.0
961242930464261901,0.0,0.0,0.0,0.0,0.0
961442930467759901,0.0,0.0,0.0,0.0,0.0
961442930518773602,0.0,0.0,0.0,0.0,0.0
961442930532689401,0.0,0.0,0.0,0.0,0.0
961542929346340301,0.0,0.0,0.0,0.0,0.0
961942929839471701,0.0,0.0,0.0,0.0,0.0
961942930515553502,0.0,0.0,0.0,0.0,0.0
962142930530993302,0.19230769574642181,14.105978064903846,31.726153846153846,31.139528274536133,366.75541724571815
962342930452810602,3.3333332538604736,5.994228819596668,38.02808918394188,13.053576469421387,143.86149523296584
962342930468882301,0.0,0.0,0.0,0.0,0.0
962342930508053501,0.0,0.0,0.0,0.0,0.0
962442928210611301,0.0,0.0,0.0,0.0,0.0
962542930463322701,0.0,0.0,0.0,0.0,0.0
962642930469208602,0.0,0.0,0.0,0.0,0.0
962742929456836401,0.0,0.0,0.0,0.0,0.0
962842930531880501,0.0,0.0,0.0,0.0,0.0
962942927979853501,0.0,0.0,0.0,0.0,0.0
962942930460668301,3.5,6.860311122866536,88.53273642977057,35.19085693359375,246.97119636727766
963042930532763301,0.0,0.0,0.0,0.0,0.0
963342928043761402,0.0,0.0,0.0,0.0,0.0
963342930518326502,0.0,0.0,0.0,0.0,0.0
963442928683947202,0.0,0.0,0.0,0.0,0.0
963442930510408502,0.0,0.0,0.0,0.0,0.0
963442930516942101,0.0,0.0,0.0,0.0,0.0
963642929658219501,0.0,0.0,0.0,0.0,0.0
963642930509821701,3.0,5.060192770467462,38.1097571382247,9.945832252502441,96.14366375556274
963742930449124201,0.0,0.0,0.0,0.0,0.0
963842930450989202,0.0,0.0,0.0,0.0,0.0
963842930527426602,0.0,0.0,0.0,0.0,0.0
963842930531766301,0.0,0.0,0.0,0.0,0.0
963842930546998002,0.0,0.0,0.0,0.0,0.0
963942930460038501,0.0,0.0,0.0,0.0,0.0
964042930464943902,0.0,0.0,0.0,0.0,0.0
964142930516904502,1.7307692766189575,18.051450654380343,110.51709401709402,90.4104995727539,938.6754282829089
964142930517458502,0.0,0.0,0.0,0.0,0.0
964242930529017801,0.0,0.0,0.0,0.0,0.0
964342930516445401,0.0,0.0,0.0,0.0,0.0
964442930451204401,0.0,0.0,0.0,0.0,0.0
964442930468841802,0.0,0.0,0.0,0.0,0.0
964442930516029901,0.0,0.0,0.0,0.0,0.0
964542930534829601,6.384615421295166,18.118656517094017,129.68376068376068,22.46445083618164,235.54253564963201
964642930447303601,0.0,0.0,0.0,0.0,0.0
964642930508199002,0.0,0.0,0.0,0.0,0.0
964742928265489001,0.0,0.0,0.0,0.0,0.0
965042930523449702,0.0,0.0,0.0,0.0,0.0
965042930527584901,0.0,0.0,0.0,0.0,0.0
965242930478938802,0.0,0.0,0.0,0.0,0.0
965242930545341502,0.0,0.0,0.0,0.0,0.0
965442929269076802,0.0,0.0,0.0,0.0,0.0
965442930466459402,0.0,0.0,0.0,0.0,0.0
965542930518402902,0.0,0.0,0.0,0.0,0.0
965542930519327801,0.0,0.0,0.0,0.0,0.0
965642930507931901,0.0,0.0,0.0,0.0,0.0
965642930550576402,0.0,0.0,-1.3164823591363877,0.0,0.0
965842930462978301,4.639999866485596,12.210089647620293,184.17573221757323,27.332487106323242,305.25223361498144
965942930456290901,0.0,24.15622700976458,24.156233279828786,5.604137897491455,48.31245401952916
965942930479991401,0.0,0.0,0.0,0.0,0.0
966042930523863102,0.0,0.0,0.0,0.0,0.0
966242930458293601,0.0,0.0,0.0,0.0,0.0
966242930507778301,0.0,0.0,0.0,0.0,0.0
966242930537487801,0.0,0.0,0.0,0.0,0.0
966542930452374102,3.75,12.328679573654595,80.81315827441928,25.585193634033203,295.8883051973386
966642930509129402,0.0,0.0,0.0,0.0,0.0
966842930546828601,0.0,0.0,0.0,0.0,0.0
967142930464488001,0.0,0.0,0.0,0.0,0.0
967142930547103301,0.0,0.0,0.0,0.0,0.0
967242930460534302,0.0,0.0,0.0,0.0,0.0
967242930472745001,0.0,0.0,0.0,0.0,0.0
967342930528042701,0.0,0.0,0.0,0.0,0.0
967442930520025701,0.0,0.0,0.0,0.0,0.0
967842930463013002,0.0,0.0,0.0,0.0,0.0
967842930542203001,0.0,0.0,0.0,0.0,0.0
968142930475744302,0.0,0.0,0.0,0.0,0.0
968142930477114302,0.0,0.0,0.0,0.0,0.0
968242930522030001,0.0,0.0,0.0,0.0,0.0
968342930475811501,0.0,0.0,0.0,0.0,0.0
968442930465095302,4.0,0.5804063776777827,0.5803886925795053,0.07099834084510803,0.5804063776777827
968542930461923801,0.0,0.0,0.0,0.0,0.0
968542930529489202,0.0,0.0,0.0,0.0,0.0
968542930532377101,0.0,0.0,0.0,0.0,0.0
968642930464498502,3.222222328186035,6.923687385110294,69.54264705882353,19.391733169555664,186.9395558273091
968742929476694201,0.0,0.0,0.0,0.0,0.0
969142928602042001,0.0,0.0,0.0,0.0,0.0
969242930522298301,0.0,0.0,0.0,0.0,0.0
969342930519945302,0.0,0.0,0.0,0.0,0.0
969342930533498502,0.0,0.0,0.0,0.0,0.0
969442928865184902,0.0,0.0,0.0,0.0,0.0
969542928213898601,0.0,0.0,0.0,0.0,0.0
969742930530626001,0.0,0.0,0.0,0.0,0.0
969842930524830001,3.74698805809021,40.17994177476415,869.3358490566038,146.2740478515625,3334.9352853325177
969942930469259302,0.0,0.0,0.0,0.0,0.0
971242930533584501,0.0,0.0,0.0,0.0,0.0
971542930543396901,0.0,0.0,0.0,0.0,0.0
971642930528796401,0.0,0.0,0.0,0.0,0.0
971842928119434301,0.0,0.0,0.0,0.0,0.0
971942930462817402,0.0,0.0,0.0,0.0,0.0
972142930534486401,0.0,0.0,0.0,0.0,0.0
972242930466527502,0.0,0.0,0.0,0.0,0.0
972342930456637902,0.0,0.0,0.0,0.0,0.0
972442930463760402,0.0,0.0,0.0,0.0,0.0
972542928779048802,0.0,0.0,0.0,0.0,0.0
972642928168076602,0.0,0.0,0.0,0.0,0.0
972842930545512801,0.0,0.0,0.0,0.0,0.0
973142930549041502,0.0,0.0,0.0,0.0,0.0
973242930455705001,0.0,0.0,0.0,0.0,0.0
973242930523546102,0.0,0.0,0.0,0.0,0.0
973342930468039502,0.0,0.0,0.0,0.0,0.0
973442930476837301,0.0,0.0,0.0,0.0,0.0
973542930517808201,0.0,0.0,0.0,0.0,0.0
973642930459367202,0.0,0.0,0.0,0.0,0.0
973742930459430801,0.0,0.0,0.0,0.0,0.0
973742930459958501,0.0,0.0,0.0,0.0,0.0
973842930533953702,0.0,0.0,0.0,0.0,0.0
974142930460705201,0.0,0.0,0.0,0.0,0.0
974342930474992301,0.0,0.0,0.0,0.0,0.0
974342930526845102,0.0,0.0,0.0,0.0,0.0
974342930550376201,0.0,0.0,0.0,0.0,0.0
974542928135600801,0.0,0.0,0.0,0.0,0.0
974642930459633401,12.909090995788574,4.416793064388868,24.994261667941853,14.538920402526855,97.16944782516842
974742930478575402,0.0,0.0,0.0,0.0,0.0
974742930529994401,0.0,0.0,0.0,0.0,0.0
974742930550060201,0.0,0.0,0.0,0.0,0.0
974942930457040201,0.0,0.0,0.0,0.0,0.0
974942930543725101,0.0,0.0,0.0,0.0,0.0
975042930510541501,0.0,0.0,0.0,0.0,0.0
975242930453297801,0.0,0.0,0.0,0.0,0.0
975242930461071801,0.0,0.0,0.0,0.0,0.0
975842928932504301,0.0,0.0,0.0,0.0,0.0
975842929372830602,1.0,0.10870820045120705,0.10869165747886807,0.00956973247230053,0.10870820045120705
975842930459401601,0.0,0.0,0.0,0.0,0.0
975942930550236302,0.0,0.0,0.0,0.0,0.0
976042930510456402,0.0,0.0,0.0,0.0,0.0
976142930517873802,0.0,0.0,0.0,0.0,0.0
976342930474245901,0.0,0.0,0.0,0.0,0.0
976542930455330202,0.0,0.0,0.0,0.0,0.0
976642928236013301,0.0,0.0,0.0,0.0,0.0
976642930525848502,0.0,0.0,0.0,0.0,0.0
976742930515539501,0.0,0.0,0.0,0.0,0.0
976842930528358801,0.0,0.0,0.0,0.0,0.0
976942929166149801,0.0,0.0,0.0,0.0,0.0
976942929649420101,0.0,0.0,0.0,0.0,0.0
976942930517612501,0.0,0.0,0.0,0.0,0.0
976942930544036701,1.399999976158142,2.4664409927194018,12.332192050373868,1.2157924175262451,12.332204867516479
977042929761804101,0.0,0.0,0.0,0.0,0.0
977042929766082001,0.0,0.0,0.0,0.0,0.0
977042930453187802,0.0,0.0,0.0,0.0,0.0
977042930455229602,0.0,0.0,0.0,0.0,0.0
977042930520193801,0.0,0.0,0.0,0.0,0.0
977242930456572102,4.927272796630859,18.303626961251734,410.7239944521498,68.22831726074219,1006.6995081802347
977442930530523401,0.0,0.0,0.0,0.0,0.0
977542929575506301,0.0,0.0,0.0,0.0,0.0
977542930452687101,0.0,0.0,0.0,0.0,0.0
977542930475079801,0.0,0.0,0.0,0.0,0.0
977742930517508802,0.0,0.0,0.0,0.0,0.0
977842930530993101,0.0,0.0,0.0,0.0,0.0
978042930473153201,0.0,0.0,0.0,0.0,0.0
978042930477375602,0.0,0.0,0.0,0.0,0.0
978042930534141902,0.0,0.0,0.0,0.0,0.0
978242930518591502,0.0,0.0,0.0,0.0,0.0
978342930537191602,0.0,0.0,0.0,0.0,0.0
978442930517492601,3.200000047683716,14.661643831393054,155.57261247040253,17.73858642578125,219.92466057805254
978542930508391901,3.132352828979492,11.906470049621928,292.5298676748582,106.35591888427734,809.639950785069
978842930400230701,0.0,0.0,0.0,0.0,0.0
978842930528686002,0.0,0.0,0.0,0.0,0.0
978942930532049202,0.0,0.0,0.0,0.0,0.0
979142930452654002,0.0,0.0,0.0,0.0,0.0
979242930527183501,0.0,0.0,0.0,0.0,0.0
979442930462990301,0.0,0.0,0.0,0.0,0.0
979442930509263301,0.0,0.0,0.0,0.0,0.0
979442930524665801,0.0,0.0,0.0,0.0,0.0
979442930525011102,0.0,0.0,0.0,0.0,0.0
979542928748781302,0.0,0.0,0.0,0.0,0.0
979542930454523202,0.0,0.0,0.0,0.0,0.0
979642930533659501,0.0,0.0,0.0,0.0,0.0
979642930535500002,0.0,0.0,0.0,0.0,0.0
979742930142546301,0.0,0.0,0.0,0.0,0.0
979742930523962802,0.0,0.0,0.0,0.0,0.0
979842930522363902,0.0,0.0,0.0,0.0,0.0
979942930544406401,0.0,0.0,0.0,0.0,0.0
981142928030358901,0.0,0.0,0.0,0.0,0.0
981242930533902402,0.0,0.0,0.0,0.0,0.0
981342928887221701,0.0,0.0,0.0,0.0,0.0
981542930534375901,0.0,0.0,0.0,0.0,0.0
981742930459941402,0.0,0.0,0.0,0.0,0.0
981742930548355901,0.0,0.0,0.0,0.0,0.0
981942930469934001,0.0,0.0,0.0,0.0,0.0
981942930529053301,0.0,0.0,0.0,0.0,0.0
982142930455207302,0.0,0.0,0.0,0.0,0.0
982142930544994001,0.0,0.0,0.0,0.0,0.0
982242930289696801,0.0,0.0,0.0,0.0,0.0
982242930460539502,0.0,0.0,0.0,0.0,0.0
982542930479890101,0.0,0.0,0.0,0.0,0.0
982642930544558602,0.0,0.0,0.0,0.0,0.0
983042930460799001,0.0,0.0,0.0,0.0,0.0
983042930466731102,0.0,0.0,0.0,0.0,0.0
983242930451643002,0.0,0.0,0.0,0.0,0.0
983342929259477301,0.0,0.0,0.0,0.0,0.0
983342930459033601,0.0,0.0,0.0,0.0,0.0
983542930453502302,0.0,0.0,0.0,0.0,0.0
983642928131153402,0.0,0.0,0.0,0.0,0.0
983842930526950101,0.0,0.0,0.0,0.0,0.0
984142929194564701,0.0,0.0,0.0,0.0,0.0
984142930475337102,0.0,0.0,0.0,0.0,0.0
984142930540765001,0.0,0.0,0.0,0.0,0.0
984342930458719601,0.0,0.0,0.0,0.0,0.0
984442930473622301,0.0,0.0,0.0,0.0,0.0
984442930508716301,0.0,0.0,0.0,0.0,0.0
984742930461979802,0.0,0.0,0.0,0.0,0.0
984742930524745701,0.0,0.0,0.0,0.0,0.0
984842930464541401,0.0,0.0,0.0,0.0,0.0
984842930522944902,0.0,0.0,0.0,0.0,0.0
984942930471672501,0.0,0.0,0.0,0.0,0.0
985042930200071502,0.0,0.0,0.0,0.0,0.0
985142928043557302,0.0,0.0,0.0,0.0,0.0
985142930453584501,0.0,0.0,0.0,0.0,0.0
985242928800758901,0.0,0.0,0.0,0.0,0.0
985242930524502401,0.0,0.0,0.0,0.0,0.0
985342930474563601,0.0,0.0,0.0,0.0,0.0
985442927963764302,0.0,0.0,0.0,0.0,0.0
985442930524342302,0.0,0.0,0.0,0.0,0.0
985542930469752901,0.0,0.0,0.0,0.0,0.0
985642930461590101,0.0,0.0,0.0,0.0,0.0
985642930550518002,0.0,0.0,0.0,0.0,0.0
985742930534538501,0.0,0.0,0.0,0.0,0.0
986042930008347601,3.769230842590332,6.161387601002726,41.333333333333336,7.413726806640625,80.09803763654001
986042930528538801,0.0,0.0,0.0,0.0,0.0
986142929613470602,0.0,0.0,0.0,0.0,0.0
986142930459552302,0.0,0.0,0.0,0.0,0.0
986442929331698002,0.0,0.0,0.0,0.0,0.0
986642930473804201,0.0,0.0,0.0,0.0,0.0
986642930473913701,0.0,0.0,0.0,0.0,0.0
986742930540662901,0.0,0.0,0.0,0.0,0.0
986942930538931002,0.0,0.0,0.0,0.0,0.0
987142928113131802,0.0,0.0,0.0,0.0,0.0
987242930522519402,0.0,0.0,0.0,0.0,0.0
987342930447013802,0.0,0.0,0.0,0.0,0.0
987342930543887301,0.0,0.0,0.0,0.0,0.0
987342930546530302,0.0,0.0,0.0,0.0,0.0
987442930540724001,0.0,0.0,0.0,0.0,0.0
987542930462842201,0.0,0.0,0.0,0.0,0.0
987642930463086101,0.0,0.0,0.0,0.0,0.0
987842930520131102,0.0,0.0,0.0,0.0,0.0
987842930521523001,0.0,0.0,0.0,0.0,0.0
987942930516014102,0.0,0.0,0.0,0.0,0.0
988342930518856902,0.0,0.0,0.0,0.0,0.0
988442930454093302,1.326923131942749,8.67433081609821,63.7907595549105,47.50872039794922,451.06521806869176
988442930541634602,5.42307710647583,25.146299202878104,418.3160270880361,97.42665100097656,1307.6075661446116
988542930526469502,0.0,0.0,0.0,0.0,0.0
988542930534748501,0.0,0.0,0.0,0.0,0.0
988842930463926802,0.0,0.0,0.0,0.0,0.0
988842930464065702,0.0,0.0,0.0,0.0,0.0
988842930532545401,0.0,0.0,0.0,0.0,0.0
988942930454690401,0.0,0.0,0.0,0.0,0.0
989242930473765001,4.166666507720947,23.27446706671464,718.0509868421053,149.12277221679688,977.5276393537458
989542930524500402,0.0,0.0,0.0,0.0,0.0
989542930533468702,0.0,0.0,0.0,0.0,0.0
989842930461754501,3.846153736114502,7.714826781059948,74.98317668430613,36.44397735595703,300.87824898317484
989842930464132602,0.0,0.0,0.0,0.0,0.0
989942930456260802,0.0,0.0,0.0,0.0,0.0
991242930479098802,0.0,0.0,0.0,0.0,0.0
991342930540098101,0.0,0.0,0.0,0.0,0.0
991542930463664001,0.0,0.0,0.0,0.0,0.0
991542930518643601,0.0,0.0,0.0,0.0,0.0
991742930463945202,0.0,0.0,0.0,0.0,0.0
991842928825498401,0.0,0.0,0.0,0.0,0.0
991842930537303401,0.0,0.0,0.0,0.0,0.0
991942930511125502,0.0,0.0,0.0,0.0,0.0
992342930480155301,0.0,0.0,0.0,0.0,0.0
992542930480099201,4.4285712242126465,28.24218522892442,79.28837209302326,13.251302719116211,197.6953022801599
992542930525733701,0.0,0.0,0.0,0.0,0.0
992642930459466402,0.0,0.0,0.0,0.0,0.0
992642930477821202,0.0,0.0,0.0,0.0,0.0
993042930464585401,0.0,0.0,0.0,0.0,0.0
993042930510029501,3.3478260040283203,15.777086055785869,282.253785147801,134.23361206054688,1451.4918846564922
993042930544697301,0.0,0.0,0.0,0.0,0.0
993142930475756501,0.0,0.0,0.0,0.0,0.0
993142930522642001,0.0,0.0,0.0,0.0,0.0
993142930528831101,0.0,0.0,0.0,0.0,0.0
993242930533153901,0.0,0.0,0.0,0.0,0.0
993242930550348701,0.0,0.0,0.0,0.0,0.0
993342927924660101,0.0,0.0,0.0,0.0,0.0
993442930474715502,0.0,0.0,0.0,0.0,0.0
993542929118579602,0.0,0.0,0.0,0.0,0.0
993542930477441201,0.0,0.0,0.0,0.0,0.0
993642930516157402,0.0,0.0,0.0,0.0,0.0
993842929550806601,0.0,0.0,0.0,0.0,0.0
993842930464478901,4.31506872177124,10.192902758415944,135.64312267657994,72.85225677490234,744.0818950301701
994042930473777501,0.0,0.0,0.0,0.0,0.0
994142930447787902,0.0,0.0,0.0,0.0,0.0
994142930465080302,0.0,0.0,0.0,0.0,0.0
994142930528868802,0.0,0.0,0.0,0.0,0.0
994342929861219802,0.0,0.0,0.0,0.0,0.0
994442929341356902,0.0,0.0,0.0,0.0,0.0
994442930527397301,3.797872304916382,22.93107297960725,475.58247734138973,97.90577697753906,2155.520766336032
994742930545699501,0.0,0.0,0.0,0.0,0.0
994842930524179102,0.0,0.0,0.0,0.0,0.0
994942930459951601,0.0,0.0,0.0,0.0,0.0
994942930515618002,4.25,18.923257004310344,136.60137931034484,9.296027183532715,151.3860538456358
995042930164891701,0.0,0.0,0.0,0.0,0.0
995242930475545801,0.0,0.0,0.0,0.0,0.0
995242930476650102,0.0,0.0,0.0,0.0,0.0
995342930544702302,0.0,0.0,0.0,0.0,0.0
995442930480700601,0.0,0.0,0.0,0.0,0.0
995642930452472602,0.0,0.0,0.0,0.0,0.0
995642930542493302,2.684931516647339,6.310078237924596,45.30233678631655,61.64201354980469,460.6357282483701
995842930518515201,0.0,0.0,0.0,0.0,0.0
995842930539241201,0.0,0.0,0.0,0.0,0.0
995942930477593501,0.0,0.0,0.0,0.0,0.0
995942930529939201,0.0,0.0,0.0,0.0,0.0
996042930476708302,0.0,0.0,0.0,0.0,0.0
996142930517008302,0.0,0.0,0.0,0.0,0.0
996142930534753101,0.0,0.0,0.0,0.0,0.0
996242930516143801,0.0,0.0,-0.8248163526030022,0.0,0.0
996642930531987401,0.0,0.0,0.0,0.0,0.0
996742930528624701,0.0,0.0,0.0,0.0,0.0
996842930454202601,0.0,0.0,0.0,0.0,0.0
996842930527901802,0.0,0.0,0.0,0.0,0.0
996942930456686002,0.0,0.0,0.0,0.0,0.0
997042930525912602,0.0,0.0,0.0,0.0,0.0
997042930535548801,0.0,0.0,0.0,0.0,0.0
997042930547202501,0.0,0.0,0.0,0.0,0.0
997142930448340801,0.0,0.0,0.0,0.0,0.0
997142930533991201,0.0,0.0,0.0,0.0,0.0
997442930528682401,0.0,0.0,0.0,0.0,0.0
997442930541550202,0.0,0.0,0.0,0.0,0.0
997542927924780301,0.0,0.0,0.0,0.0,0.0
997542930465068602,0.0,0.0,0.0,0.0,0.0
997542930480726001,0.0,0.0,0.0,0.0,0.0
997642930458651301,0.0,0.0,0.0,0.0,0.0
998242930519613301,0.0,0.0,0.0,0.0,0.0
998242930520997601,0.0,0.0,0.0,0.0,0.0
998342930480337001,0.0,0.0,0.0,0.0,0.0
998342930516629202,0.0,0.0,0.0,0.0,0.0
998542930468052601,0.0,0.0,0.0,0.0,0.0
998542930473876202,0.0,0.0,0.0,0.0,0.0
998642930289367002,0.0,0.0,0.0,0.0,0.0
998642930455141602,0.0,0.0,0.0,0.0,0.0
998642930528189201,0.0,0.0,0.0,0.0,0.0
998642930550792801,0.0,0.0,0.0,0.0,0.0
998742930477922401,0.0,0.0,0.0,0.0,0.0
998942930519365201,33.5,4.951283444640457,35.50672043010753,2.8786280155181885,39.610268526179816
998942930542691102,0.0,0.0,0.0,0.0,0.0
999142930447758201,0.0,0.0,0.0,0.0,0.0
999142930478783801,0.0,0.0,0.0,0.0,0.0
999242930508250202,0.0,0.0,0.0,0.0,0.0
999342930468853301,0.0,0.0,0.0,0.0,0.0
999442928311744002,0.0,0.0,0.0,0.0,0.0
999442930549845202,0.0,0.0,0.0,0.0,0.0
999542930479245001,0.0,0.0,0.0,0.0,0.0
999742930289423701,0.0,0.0,0.0,0.0,0.0
999842928912241201,0.0,0.0,0.0,0.0,0.0
999842930521939101,0.0,0.0,0.0,0.0,0.0
999842930529623202,0.0,0.0,0.0,0.0,0.0
999942930461543701,0.0,0.0,0.0,0.0,0.0
999942930462720301,0.0,0.0,0.0,0.0,0.0
999942930526263601,0.0,0.0,0.0,0.0,0.0
