BDAP,A1,A2,A3,A4,A5
111142930451558302,0.0,0.0,0.0,0.0,0.0
111142930456078402,0.0,0.0,0.0,0.0,0.0
111142930549694901,0.0,0.0,0.0,0.0,0.0
111242928159168602,0.0,0.0,0.0,0.0,0.0
111342928035516202,0.0,0.0,0.0,0.0,0.0
111442929417157902,0.2982456088066101,7.280940574545913,33.15943491422805,65.38398742675781,415.0136194423999
111642930521380602,0.0,0.0,0.0,0.0,0.0
111742930520228201,15.045454978942871,3.5326753455892232,25.68496371943026,9.945948600769043,77.71885654497646
111742930546032201,0.0,0.0,0.0,0.0,0.0
111842930472913601,0.0,0.0,0.0,0.0,0.0
111942930075789802,0.0,0.0,0.0,0.0,0.0
111942930475464201,3.222222328186035,4.4840136998567335,16.247679083094557,7.388613224029541,40.35612457931212
112242929589459502,0.0,0.0,0.0,0.0,0.0
112442930475351402,0.0,0.0,0.0,0.0,0.0
112442930547500901,0.0,0.0,0.0,0.0,0.0
112542930549591602,0.0,0.0,0.0,0.0,0.0
112642930518447902,0.0,0.0,0.0,0.0,0.0
112642930527384301,0.0,0.0,0.0,0.0,0.0
112942930456488402,0.4029850661754608,6.9841047448305345,35.639925373134325,53.15391159057617,467.93501839471696
112942930511152602,0.6625000238418579,5.531865866903633,24.763072669826226,58.409629821777344,442.5492720584357
112942930520095401,0.0,0.0,0.0,0.0,0.0
112942930526084102,0.0,0.0,0.0,0.0,0.0
112942930546542602,0.0,0.0,0.0,0.0,0.0
113042930446652901,1.9090908765792847,10.736179309961459,69.74592351022828,40.295536041259766,354.29390333160393
113042930459198201,0.0,0.0,0.0,0.0,0.0
113242929494046101,0.0,0.0,0.0,0.0,0.0
113242929989809401,0.0,0.0,0.0,0.0,0.0
113242930525412901,0.0,0.0,0.0,0.0,0.0
113342930540408502,0.0,0.0,0.0,0.0,0.0
113442928800667002,0.0,0.0,0.0,0.0,0.0
113642930452986502,0.0,0.0,0.0,0.0,0.0
113742928592687902,0.0,0.0,0.0,0.0,0.0
113842930528713802,0.0,0.0,0.0,0.0,0.0
113942930453012402,0.0,0.0,0.0,0.0,0.0
113942930543093902,0.0,0.0,0.0,0.0,0.0
114042930544217902,0.0,0.0,0.0,0.0,0.0
114242930474451702,0.0,0.0,0.0,0.0,0.0
114342930531636602,0.0,0.0,0.0,0.0,0.0
114442930473232502,0.0,0.0,0.0,0.0,0.0
114542930460128001,0.0,0.0,0.0,0.0,0.0
114642930550556102,0.0,0.0,0.0,0.0,0.0
114742930453726801,0.0,0.0,0.0,0.0,0.0
114742930536446301,0.0,0.0,0.0,0.0,0.0
114842930517178501,0.0,0.0,0.0,0.0,0.0
115042930473371901,0.0,0.0,0.0,0.0,0.0
115142930468670302,0.0,0.0,0.0,0.0,0.0
115142930475433101,0.0,0.0,0.0,0.0,0.0
115242928210658501,0.0,0.0,0.0,0.0,0.0
115242930059291902,0.0,0.0,0.0,0.0,0.0
115242930541272802,1.6329114437103271,6.539057629364089,55.6344852155326,94.48967742919922,516.5855384883738
115242930543567601,0.0,0.0,0.0,0.0,0.0
115642930548436401,0.0,0.0,0.0,0.0,0.0
115742928293162401,0.0,0.0,0.0,0.0,0.0
115742930529898402,0.0,0.0,0.0,0.0,0.0
116142930549453302,0.0,0.0,0.0,0.0,0.0
116242928577698301,0.0,0.0,0.0,0.0,0.0
116242930137942201,0.0,0.0,0.0,0.0,0.0
116242930508328601,0.0,0.0,0.0,0.0,0.0
116342930537140702,0.0,0.0,0.0,0.0,0.0
116442929000220902,0.0,0.0,0.0,0.0,0.0
116442930516457902,0.0,0.0,0.0,0.0,0.0
116542930525090302,0.0,0.0,0.0,0.0,0.0
116542930529336002,0.0,0.0,0.0,0.0,0.0
116642930529136802,0.0,0.0,0.0,0.0,0.0
116642930539090401,5.0,7.007668603654355,7.007690800431076,0.7584563493728638,7.007668603654355
116742928739525602,0.0,0.0,0.0,0.0,0.0
116742930532472902,0.0,0.0,0.0,0.0,0.0
116742930546334201,0.0,0.0,0.0,0.0,0.0
116842930454465301,0.0,0.0,0.0,0.0,0.0
117042930453153601,0.0,0.0,0.0,0.0,0.0
117042930548083602,1.0,20.365664188915858,73.27831715210355,30.593631744384766,712.7982277484388
117142930529346502,0.0,0.0,0.0,0.0,0.0
117242930542099701,0.0,0.0,0.0,0.0,0.0
117442930538907902,0.0,0.0,0.0,0.0,0.0
117642930521238202,0.0,0.0,0.0,0.0,0.0
117742930508207301,0.0,0.0,0.0,0.0,0.0
117742930530612302,0.0,0.0,0.0,0.0,0.0
117842930473510401,3.1456310749053955,7.384112585279114,214.18503234903784,0.0,760.5636058236561
118242930535103802,0.0,0.0,0.0,0.0,0.0
118742929012963801,0.0,0.0,0.0,0.0,0.0
118742929424205701,0.0,0.0,0.0,0.0,0.0
118742930461810902,3.75,58.18086180880062,216.53894080996884,13.558911323547363,232.72344923167955
118742930524063701,0.0,0.0,0.0,0.0,0.0
118742930527891202,0.0,0.0,0.0,0.0,0.0
118742930530890402,0.0,0.0,0.0,0.0,0.0
118742930533556102,0.0,0.0,0.0,0.0,0.0
118742930534065002,0.0,0.0,0.0,0.0,0.0
118842930455593301,0.0,0.0,0.0,0.0,0.0
119042929528989701,0.0,0.0,0.0,0.0,0.0
119142930531415701,0.0,0.0,0.0,0.0,0.0
119242930463926601,0.0,0.0,0.0,0.0,0.0
119442930526684402,0.0,0.0,0.0,0.0,0.0
119542930473450501,0.0,0.0,0.0,0.0,0.0
119642930460902801,0.0,0.0,0.0,0.0,0.0
119642930474784802,0.0,0.0,0.0,0.0,0.0
119642930543451002,0.0,0.0,0.0,0.0,0.0
119742930531276501,0.0,0.0,0.0,0.0,0.0
119942930518238201,0.0,0.0,0.0,0.0,0.0
119942930529966301,0.0,0.0,0.0,0.0,0.0
121242929321210202,0.0,0.0,0.0,0.0,0.0
121242930508820902,1.936170220375061,8.672672444493566,74.52952156400433,80.72791290283203,815.2312430971931
121242930520578002,0.0,0.0,0.0,0.0,0.0
121342930459339902,0.0,0.0,0.0,0.0,0.0
121342930532867601,0.0,0.0,0.0,0.0,0.0
121642928932197502,2.9857141971588135,6.2899548438098885,105.07550785741664,40.70580291748047,440.29684936008766
121642930531710102,0.0,0.0,0.0,0.0,0.0
121742928857169102,0.0,0.0,0.0,0.0,0.0
121942930532691902,2.8399999141693115,7.5389679219963455,52.02272727272727,21.301244735717773,188.4742085337911
122042930453747502,0.0,0.0,0.0,0.0,0.0
122142930476059801,0.0,0.0,0.0,0.0,0.0
122142930524050702,0.0,0.0,0.0,0.0,0.0
122242930516823202,0.0,0.0,0.0,0.0,0.0
122242930542103301,0.0,0.0,0.0,0.0,0.0
122342929604572701,0.0,0.0,0.0,0.0,0.0
122342930478315301,0.0,8.716215217255977,8.717131474103585,0.220767080783844,8.716215217255977
122342930518922302,0.0,0.0,0.0,0.0,0.0
122342930519827402,0.0,0.0,0.0,0.0,0.0
122642930459111602,0.0,0.0,0.0,0.0,0.0
122642930550255802,0.0,0.0,0.0,0.0,0.0
122742930457734301,0.0,0.0,0.0,0.0,0.0
122742930471847401,0.0,0.0,0.0,0.0,0.0
122842930473415802,0.0,0.0,0.0,0.0,0.0
122842930534949401,0.0,0.0,0.0,0.0,0.0
122842930544924201,50.5,419.1143133242383,611.5234197362438,77.76477813720703,838.2286017792178
122942929194588301,0.0,0.0,0.0,0.0,0.0
123042930475944402,0.0,0.0,0.0,0.0,0.0
123142930463041001,0.0,0.0,0.0,0.0,0.0
123142930474506401,0.0,0.0,0.0,0.0,0.0
123242929642362602,0.0,0.0,0.0,0.0,0.0
123442930527137401,0.0,0.0,0.0,0.0,0.0
123442930543516602,0.0,0.0,-0.1300343428036216,0.0,0.0
123542930548721902,0.0,0.0,0.0,0.0,0.0
123642930526093702,3.1666667461395264,12.231328372819192,96.72204599524187,14.692892074584961,146.77593921537346
123642930543678502,1.9589041471481323,6.300904037529377,69.50802976889933,66.6883773803711,459.9659911822484
123742930477029802,0.0,0.0,0.0,0.0,0.0
123742930480013402,0.0,4.5849348571958455,0.0,12.622234344482422,82.5288262605217
123842930472867801,0.0,0.0,0.0,0.0,0.0
123942930458498402,0.0,0.0,0.0,0.0,0.0
124242930458525101,0.0,0.0,0.0,0.0,0.0
124242930509420702,0.0,0.0,0.0,0.0,0.0
124342930525826602,0.0,0.0,0.0,0.0,0.0
124342930527986701,0.0,0.0,0.0,0.0,0.0
124542930520334001,0.0,0.0,0.0,0.0,0.0
124742930477121702,0.0,0.0,0.0,0.0,0.0
124942927917484702,0.0,0.0,0.0,0.0,0.0
125042930526270701,0.0,0.0,0.0,0.0,0.0
125042930531186701,0.0,0.0,0.0,0.0,0.0
125142930542024401,0.0,0.0,0.0,0.0,0.0
125242930523820602,3.700000047683716,7.990488184560643,66.31518151815182,9.129146575927734,79.90488343191619
125342930454820802,0.0,0.0,0.0,0.0,0.0
125442929568624202,0.0,0.0,0.0,0.0,0.0
125442929765978601,3.103896141052246,14.779559983071989,200.9992872416251,122.48405456542969,1138.026116660044
125442930529058102,0.0,0.0,0.0,0.0,0.0
125442930531011902,0.0,0.0,0.0,0.0,0.0
125742930453762001,0.0,0.0,0.0,0.0,0.0
125742930530905702,0.0,0.0,0.0,0.0,0.0
126142928602946801,0.0,0.0,0.0,0.0,0.0
126142930532118001,0.0,0.0,0.0,0.0,0.0
126442930456035301,0.0,0.0,0.0,0.0,0.0
126442930459684102,0.0,0.0,0.0,0.0,0.0
126542930458708001,0.0,0.0,0.0,0.0,0.0
126542930517020901,0.0,0.0,0.0,0.0,0.0
126542930526631202,0.0,0.0,0.0,0.0,0.0
126742930534060501,7.269230842590332,5.470969698750672,51.607603439011285,17.273977279663086,142.24521433826675
126842930458679802,0.0,0.0,0.0,0.0,0.0
127042930509937601,0.0,0.0,0.0,0.0,0.0
127242930465170502,0.0,0.0,0.0,0.0,0.0
127342930544319402,0.0,0.0,0.0,0.0,0.0
127442930521046502,0.0,0.0,0.0,0.0,0.0
127442930526713101,2.263157844543457,7.453271198830409,49.25672514619883,10.81264591217041,141.61215242084705
127542929927508201,2.010526418685913,10.05709928019663,180.02696629213483,80.31913757324219,955.4244485962257
127742930538769502,3.4000000953674316,9.92683982445307,86.69442484121383,9.287623405456543,148.90259737756443
127842930478658501,0.0,0.0,0.0,0.0,0.0
127942930476460801,0.0,0.0,0.0,0.0,0.0
128042930530738002,0.0,0.0,0.0,0.0,0.0
128042930530834301,3.7058823108673096,11.363780869616106,125.17415730337079,30.18536376953125,193.18427220033794
128242930475470402,0.0,0.0,0.0,0.0,0.0
128242930533241301,0.0,0.0,0.0,0.0,0.0
128342930480027202,0.0,0.0,0.0,0.0,0.0
128442930525819801,0.0,0.0,0.0,0.0,0.0
128442930543538501,0.0,0.0,0.0,0.0,0.0
128542930509668001,0.0,0.0,0.0,0.0,0.0
128642930463054502,0.0,0.0,0.0,0.0,0.0
128642930516861302,0.0,0.0,0.0,0.0,0.0
129242930521771901,3.7272727489471436,14.082852144853785,73.15137614678899,12.69546127319336,154.9113760431972
129342929605912602,0.0,0.0,0.0,0.0,0.0
129342930475939201,0.0,0.0,0.0,0.0,0.0
129442930457306502,2.763157844543457,18.11692954009434,350.3842195540309,98.41584777832031,2065.3299204857435
129542928219724801,4.0,17.65226028311966,158.83048433048432,7.796209335327148,176.52260517870258
129542930532555102,0.0,0.0,0.0,0.0,0.0
129542930538128702,0.0,4.942262419489504,0.0,9.425134658813477,74.13393872676005
129642930544823502,0.0,0.0,0.0,0.0,0.0
129742930546105901,0.0,0.0,0.0,0.0,0.0
129742930549689001,0.0,0.0,0.0,0.0,0.0
129942930463915001,0.0,0.0,0.0,0.0,0.0
129942930517119002,0.0,0.0,0.0,0.0,0.0
131242930547233301,0.0,0.0,0.0,0.0,0.0
131342930449411402,3.0799999237060547,9.224646467747217,114.13555992141454,17.140052795410156,230.61616744945155
131742930464510202,3.04347825050354,24.612382093412446,314.2609158679446,65.4811019897461,1698.2543867857837
131942930456273702,0.0,0.0,0.0,0.0,0.0
132042930544478501,0.0,0.0,0.0,0.0,0.0
132142930516846102,0.0,0.0,0.0,0.0,0.0
132142930543892602,3.653846263885498,6.701569378598036,80.9334575008466,54.536407470703125,522.7224090607175
132242930544450901,0.0,0.0,0.0,0.0,0.0
132242930546422601,0.0,0.0,0.0,0.0,0.0
132342930477421702,0.0,0.0,0.0,0.0,0.0
132342930525346801,1.0555555820465088,6.350215517241379,51.82721003134796,58.828983306884766,457.2155093981704
132442930316683302,2.626373529434204,16.659302826729423,128.43607705779334,124.96963500976562,1515.996546541538
132642930457432501,5.866666793823242,7.552972250163115,178.09177903436276,38.519012451171875,453.17832452621394
132642930528427002,0.0,27.56610894097222,0.0,45.70966339111328,523.7560856119792
133042930530349202,0.0,0.0,0.0,0.0,0.0
133042930549781002,0.0,0.0,0.0,0.0,0.0
133242930477853802,9.333333015441895,27.76334416946309,120.44593586875466,15.47529411315918,416.4501708711287
133342930526510901,0.0,0.0,0.0,0.0,0.0
133442929373095001,0.0,0.0,0.0,0.0,0.0
133742930510374501,0.0,0.0,0.0,0.0,0.0
133842928067730402,0.0,0.0,0.0,0.0,0.0
133942930515980301,2.9158878326416016,14.334797797688422,1192.9281274281275,90.82139587402344,1533.823286533512
133942930517455202,0.0,0.0,0.0,0.0,0.0
133942930519424601,0.0,0.0,0.0,0.0,0.0
134042929268266502,0.0,0.0,0.0,0.0,0.0
134142930456974502,3.5744681358337402,15.721792431557725,214.72750424448216,36.17154312133789,738.9242206081267
134342930526904002,0.0,0.0,0.0,0.0,0.0
134342930541890202,2.6666667461395264,13.994928850446428,41.98571428571429,3.627612829208374,41.984785897391184
134442928030278202,0.0,0.0,0.0,0.0,0.0
134442930530421902,2.125,33.53549391713308,124.12437810945273,19.92160415649414,536.5679153518297
134542928005472101,3.5505619049072266,12.355543815717912,248.0039883973894,88.39725494384766,1099.643425275486
134542930452103202,0.0,0.0,0.0,0.0,0.0
134542930479743002,0.0,0.0,0.0,0.0,0.0
134542930515885601,0.0,0.0,0.0,0.0,0.0
134642930516950001,0.0,0.0,0.0,0.0,0.0
134642930545090501,0.0,0.0,0.0,0.0,0.0
134942930519119102,0.0,0.0,0.0,0.0,0.0
134942930538026601,0.0,0.0,0.0,0.0,0.0
135042930544385201,0.9090909361839294,5.834638236772896,40.383663366336634,18.940521240234375,128.36204188885074
135142930528286501,0.0,0.0,0.0,0.0,0.0
135242929303665102,0.0,0.0,0.0,0.0,0.0
135442930470672302,0.0,0.0,0.0,0.0,0.0
135442930477857901,0.0,0.0,0.0,0.0,0.0
135442930507917802,0.0,0.0,0.0,0.0,0.0
135442930542827201,0.0,0.0,0.0,0.0,0.0
135542928235893302,0.0,0.0,0.0,0.0,0.0
135642930479563102,0.0,0.0,0.0,0.0,0.0
135742930519956701,0.0,0.0,0.0,0.0,0.0
135842928236098401,0.0,0.0,0.0,0.0,0.0
135842930536357601,0.0,0.0,0.0,0.0,0.0
136042930476722802,0.0,0.0,0.0,0.0,0.0
136142930455392102,0.0,0.0,0.0,0.0,0.0
136142930458954702,0.0,0.0,0.0,0.0,0.0
136242930459147501,0.0,0.0,0.0,0.0,0.0
136242930477909801,0.0,0.0,0.0,0.0,0.0
136442929721382302,0.0,0.0,0.0,0.0,0.0
136542928086560001,0.0,0.0,0.0,0.0,0.0
136542930528454802,0.0,0.0,0.0,0.0,0.0
136642929104783902,7.333333492279053,5.550580309582995,15.965503246753247,3.160627603530884,16.65174132508117
136642930473633302,0.0,0.0,0.0,0.0,0.0
136642930516789801,0.0,0.0,0.0,0.0,0.0
136642930523848802,0.0,0.0,0.0,0.0,0.0
136642930529001601,0.0,0.0,0.0,0.0,0.0
136642930529692001,0.0,0.0,0.0,0.0,0.0
136742930447072601,2.78125,4.375387273303432,73.20561622464899,20.014387130737305,140.0123881109419
136742930524580802,0.0,0.0,0.0,0.0,0.0
136742930529409401,4.724137783050537,8.285729376438434,46.1800920598389,23.552148818969727,240.28615124947183
136842930473053701,0.0,0.0,0.0,0.0,0.0
136842930509823702,1.7964601516723633,7.191155765240589,174.63206314703203,71.43636322021484,812.6005902217004
137142930450130801,0.0,0.0,0.0,0.0,0.0
137142930542063202,0.0,0.0,0.0,0.0,0.0
137142930548214702,0.0,0.0,0.0,0.0,0.0
137242930534526902,0.0,0.0,0.0,0.0,0.0
137442928091164701,0.0,0.0,0.0,0.0,0.0
137442930473557502,0.0,0.0,0.0,0.0,0.0
137442930517981002,3.5789473056793213,5.887794839205486,76.57531331283991,13.50404167175293,111.86810383195713
137642930535030001,0.0,0.0,0.0,0.0,0.0
137742930541310502,0.0,0.0,0.0,0.0,0.0
137842930529236702,0.8636363744735718,43.549788501381215,150.14364640883977,57.55683135986328,2874.28597369115
138042930472490102,0.0,0.0,0.0,0.0,0.0
138042930532021202,0.0,0.0,0.0,0.0,0.0
138242930467934502,0.0,0.0,0.0,0.0,0.0
138242930516299601,0.0,0.0,0.0,0.0,0.0
138542930473712401,1.3214285373687744,8.323714988234808,36.97044253632761,46.46681213378906,466.12804522697013
138542930510041202,0.0,0.0,0.0,0.0,0.0
138642930447265701,0.0,0.0,0.0,0.0,0.0
138642930528352101,0.0,0.0,0.0,0.0,0.0
138742930466694401,0.0,0.0,0.0,0.0,0.0
138842930447969802,0.0,0.0,0.0,0.0,0.0
138842930510699801,0.0,0.0,0.0,0.0,0.0
139042930518753001,0.0,0.0,0.0,0.0,0.0
139242929091334801,0.0,0.0,0.0,0.0,0.0
139242930528119601,0.0,0.0,0.0,0.0,0.0
139342930529079402,0.0,0.0,0.0,0.0,0.0
139342930536041402,0.0,0.0,0.0,0.0,0.0
139642930470719502,0.0,0.0,0.0,0.0,0.0
139842927994817202,3.238532066345215,9.60682380888651,302.82108018082323,89.25932312011719,1047.1437642687195
139842930508561902,3.965517282485962,9.646188714884836,187.72347224071362,82.44869995117188,839.2184124830924
139942930542738402,0.0,0.0,0.0,0.0,0.0
141142929230384801,0.0,0.0,0.0,0.0,0.0
141342930533725002,0.0,0.0,0.0,0.0,0.0
141542927945008302,0.0,0.0,0.0,0.0,0.0
141942930527918802,0.0,0.0,0.0,0.0,0.0
142042928242898502,0.0,0.0,0.0,0.0,0.0
142242930521644402,0.0,0.0,0.0,0.0,0.0
142242930527228701,0.0,0.0,0.0,0.0,0.0
142342930479210702,0.0,0.0,0.0,0.0,0.0
142342930543992402,0.0,0.0,0.0,0.0,0.0
142542930456763202,0.0,0.0,0.0,0.0,0.0
142542930510792801,5.604650974273682,16.00739505748057,264.90932642487047,87.80892944335938,688.3179979176101
142542930528712602,0.0,0.0,0.0,0.0,0.0
142642930466984202,0.0,0.0,0.0,0.0,0.0
142742930454799701,0.0,0.0,0.0,0.0,0.0
142742930545407002,0.0,0.0,0.0,0.0,0.0
142842930526424402,0.0,0.0,0.0,0.0,0.0
142942930519535801,0.0,0.0,0.0,0.0,0.0
142942930526801701,0.0,0.0,0.0,0.0,0.0
142942930544449401,1.0,2.150196885294656,4.300439238653001,0.5097152590751648,4.300393770589312
143042930462302501,0.0,0.0,0.0,0.0,0.0
143342930519396801,3.1190476417541504,6.396872526679942,68.0326797385621,35.139404296875,268.6686402551489
143442930473411701,0.0,0.0,0.0,0.0,0.0
143542930508193002,0.0,0.0,0.0,0.0,0.0
143942930476759202,0.0,0.0,0.0,0.0,0.0
143942930547024101,0.0,0.0,0.0,0.0,0.0
144042930518784002,0.0,0.0,0.0,0.0,0.0
144142930516627302,0.0,0.0,0.0,0.0,0.0
144242928758061801,0.0,0.0,0.0,0.0,0.0
144342930516888102,0.0,0.0,0.0,0.0,0.0
144342930536405301,4.320000171661377,10.32350445860885,181.14242115971516,104.81689453125,774.2628008255759
144342930546083402,0.0,0.0,0.0,0.0,0.0
144442930475711802,0.0,0.0,0.0,0.0,0.0
144542930477317802,2.5921051502227783,7.7067434389263205,130.59769615301022,81.47846984863281,585.7124867396778
144642930465883002,0.0,0.0,0.0,0.0,0.0
144642930473806401,0.0,0.0,0.0,0.0,0.0
144642930532617302,0.0,0.0,0.0,0.0,0.0
144742930542766901,0.0,0.0,0.0,0.0,0.0
144842930530614201,0.0,0.0,0.0,0.0,0.0
144942930519506501,0.0,0.0,0.0,0.0,0.0
145042930473345201,0.0,0.0,0.0,0.0,0.0
145042930516473101,0.0,0.0,0.0,0.0,0.0
145142930461490302,3.454545497894287,12.102320592142059,110.93288590604027,23.261415481567383,266.2510548448669
145242930530017602,0.0,0.0,0.0,0.0,0.0
145342929703889902,140.0,207.20731223554301,207.20733427362484,15.613767623901367,207.20731223554301
145542930449651701,0.0,0.0,0.0,0.0,0.0
145542930461706001,0.0,0.0,0.0,0.0,0.0
145542930537934402,0.0,0.0,0.0,0.0,0.0
145642930539008501,0.0,0.0,0.0,0.0,0.0
145842930447522202,0.0,0.0,0.0,0.0,0.0
145842930541202802,0.0,0.0,0.0,0.0,0.0
145942929820831802,0.0,0.0,0.0,0.0,0.0
146142930450300301,0.558282196521759,21.09948135003811,343.9702743902439,287.38116455078125,3439.21539944483
146142930463763601,0.0,0.0,0.0,0.0,0.0
146242930520059602,0.0,0.0,0.0,0.0,0.0
146542930451341801,0.0,0.0,0.0,0.0,0.0
146642930536166401,0.0,0.0,0.0,0.0,0.0
146642930542554401,3.866666555404663,6.678258315256689,153.12634905331942,63.421630859375,601.0432566299535
146742930476644701,0.0,0.0,0.0,0.0,0.0
146742930509457302,0.0,0.0,0.0,0.0,0.0
146842930530364101,0.0,0.0,0.0,0.0,0.0
146842930542607102,0.0,0.0,0.0,0.0,0.0
146942928726482201,0.0,0.0,0.0,0.0,0.0
147042929295093101,2.6885244846343994,6.248036948767322,131.9077938066227,59.65309143066406,762.2605057343106
147042930517911201,0.0,0.0,0.0,0.0,0.0
147342930463839802,0.0,0.0,0.0,0.0,0.0
147442930452303701,0.8857142925262451,4.75380329314365,53.86431923496945,69.1924057006836,499.1493249696548
147442930533789501,0.0,0.0,0.0,0.0,0.0
147542930462402502,0.0,0.0,0.0,0.0,0.0
147642929372880402,0.0,0.0,0.0,0.0,0.0
147642930528895902,0.0,0.0,0.0,0.0,0.0
147842930535076502,0.0,0.0,0.0,0.0,0.0
148042930511023901,0.0,0.0,0.0,0.0,0.0
148142930539768402,0.0,0.0,0.0,0.0,0.0
148242929249038602,0.0,0.0,0.0,0.0,0.0
148342930537454201,0.0,0.0,0.0,0.0,0.0
148542930479380901,0.0,0.0,0.0,0.0,0.0
148642930479971702,0.0,0.0,0.0,0.0,0.0
148942930528636601,0.0,0.0,0.0,0.0,0.0
149042930519576702,0.0,0.0,0.0,0.0,0.0
149242930469838702,2.9795918464660645,8.775431070865846,108.37214885954381,88.20525360107422,859.9922662164842
149242930523100401,0.0,0.0,0.0,0.0,0.0
149242930528314001,0.0,0.0,0.0,0.0,0.0
149242930538102502,0.0,0.0,0.0,0.0,0.0
149342930456788201,3.75,10.577468029667045,36.341491178144565,5.321511268615723,42.30987295238688
149542928726666202,3.3333332538604736,5.442929694635572,26.278207392072094,10.106504440307617,65.31515681133168
149642928653501701,0.0,0.0,0.0,0.0,0.0
149642930464155901,0.0,0.0,0.0,0.0,0.0
149842930518260702,0.0,0.0,0.0,0.0,0.0
149842930550702801,0.0,0.0,0.0,0.0,0.0
151342930508974301,0.0,0.0,0.0,0.0,0.0
151542930475519001,0.0,0.0,0.0,0.0,0.0
151742927963730101,0.0,0.0,0.0,0.0,0.0
151842930448135701,0.0,0.0,0.0,0.0,0.0
151842930463750102,0.0,0.0,0.0,0.0,0.0
151942930544978002,0.0,0.0,0.0,0.0,0.0
152042930464035102,0.0,0.0,0.0,0.0,0.0
152042930477182301,0.0,0.0,0.0,0.0,0.0
152042930531609501,0.0,0.0,0.0,0.0,0.0
152142930534314602,0.0,0.0,0.0,0.0,0.0
152242930543096402,0.0,0.0,0.0,0.0,0.0
152342928770281901,3.3720929622650146,8.21924921318042,270.4714956724923,60.09611511230469,706.8554273623402
152342930450686901,0.0,0.0,0.0,0.0,0.0
152542930476846501,0.0,0.0,0.0,0.0,0.0
153142930542972702,0.0,0.0,0.0,0.0,0.0
153342930458996002,0.0,0.0,0.0,0.0,0.0
153342930475440202,0.0,0.0,0.0,0.0,0.0
153442930467893301,0.0,0.0,0.0,0.0,0.0
153642930449164501,0.0,0.0,0.0,0.0,0.0
153642930516703902,0.0,0.0,0.0,0.0,0.0
153842930524916302,4.0,5.690297012188077,67.05707024029574,22.103830337524414,204.85069255952254
153942930516129101,0.0,0.0,0.0,0.0,0.0
154142928025264602,0.0,0.0,0.0,0.0,0.0
154142930537343902,0.0,0.0,0.0,0.0,0.0
154342930515951901,0.0,0.0,0.0,0.0,0.0
154342930521332601,3.855421781539917,10.17809313837983,142.95875815493557,89.31092834472656,844.7817485901745
154342930532730101,2.617284059524536,7.4320098663271805,139.92520687460217,48.36905288696289,601.9927883476
154342930544862901,4.785714149475098,22.696519886363635,244.84545454545454,20.901891708374023,317.75127785422586
154442930342690301,0.0,269.2321339579388,269.2321339579388,48.099788665771484,269.2321339579388
154542930547669701,5.5,15.551431828291815,30.359430604982208,2.8317911624908447,31.102862266459073
154642930450207102,0.0,0.0,0.0,0.0,0.0
154642930453645502,2.5999999046325684,5.696685023616963,62.17214897376648,51.4092903137207,313.3176806212541
154742928946604302,0.0,0.0,0.0,0.0,0.0
154842930457094601,0.0,0.0,0.0,0.0,0.0
154942930521003602,3.361445665359497,17.527858624381107,279.30456309380435,135.66738891601562,1454.8122512366133
155042930546029701,0.0,0.0,0.0,0.0,0.0
155142930532843201,0.0,0.0,0.0,0.0,0.0
155342930473738501,0.0,0.0,0.0,0.0,0.0
155442928135508801,3.3617022037506104,7.7992229137879985,121.09711804184761,32.7483024597168,366.56348706232995
155442930458741801,0.0,0.0,0.0,0.0,0.0
155442930546716402,5.525000095367432,4.559832154155266,54.07318741450069,24.943090438842773,182.39328477288075
155542930467099901,0.0,0.0,0.0,0.0,0.0
155642930519275401,0.0,0.0,0.0,0.0,0.0
155642930546746501,0.0,0.0,0.0,0.0,0.0
155942930517438602,0.0,0.0,0.0,0.0,0.0
155942930525766602,0.0,0.0,0.0,0.0,0.0
156042930537289702,0.6833333373069763,10.29446204184575,33.71919770773639,50.15998840332031,617.6677097896222
156342930522775202,0.0,0.0,0.0,0.0,0.0
156642929575390702,0.0,0.0,0.0,0.0,0.0
156742930529460202,0.0,0.0,0.0,0.0,0.0
156842930516325302,0.0,0.0,0.0,0.0,0.0
156942930521143101,0.0,0.0,0.0,0.0,0.0
157042928932618502,0.0,0.0,0.0,0.0,0.0
157042930474743902,0.0,0.0,0.0,0.0,0.0
157242930550208302,2.8333332538604736,4.994253874380828,12.761072261072261,4.294646739959717,29.965524740152425
157342930469553702,0.0,0.0,0.0,0.0,0.0
157442930527548402,3.5625,6.628250436488729,141.7411146452773,85.13996124267578,636.3120487438925
157642930523961501,0.0,0.0,0.0,0.0,0.0
157742930545228701,0.0,0.0,0.0,0.0,0.0
157842930467986402,0.0,0.0,0.0,0.0,0.0
157842930474296502,0.0,0.0,0.0,0.0,0.0
157842930529640802,0.0,0.0,0.0,0.0,0.0
157942930475444302,0.0,0.0,0.0,0.0,0.0
158042930463092601,0.0,0.0,0.0,0.0,0.0
158042930478706402,0.0,0.0,0.0,0.0,0.0
158142929189241902,0.0,0.0,0.0,0.0,0.0
158242927979933702,0.0,0.0,0.0,0.0,0.0
158342930478366301,0.0,0.0,0.0,0.0,0.0
158342930516054701,0.0,0.0,0.0,0.0,0.0
158342930526117801,0.0,0.0,0.0,0.0,0.0
158442930519045901,0.0,0.0,0.0,0.0,0.0
158742930467019501,5.476922988891602,21.594016096895974,431.8214765100671,94.12047576904297,1403.6110081205431
158742930533543501,0.0,0.0,0.0,0.0,0.0
158742930541831501,0.0,0.0,0.0,0.0,0.0
158842930544096501,0.0,0.0,0.0,0.0,0.0
158942930510998002,0.0,0.0,0.0,0.0,0.0
158942930526499202,6.0,3.5544635085324967,3.5543328748280607,0.4292754828929901,3.5544635085324967
159142928135435302,0.0,0.0,0.0,0.0,0.0
159142930465136102,0.0,0.0,0.0,0.0,0.0
159342930458732502,0.0,0.0,0.0,0.0,0.0
159342930525299201,0.0,0.0,0.0,0.0,0.0
159442930509101502,0.0,0.0,0.0,0.0,0.0
159542930515787101,0.0,0.0,0.0,0.0,0.0
159642929166032802,0.0,0.0,0.0,0.0,0.0
159642930549182602,0.0,0.0,0.0,0.0,0.0
159842930524167302,0.0,0.0,0.0,0.0,0.0
161142930541557502,0.0,0.0,0.0,0.0,0.0
161542929309260302,0.0,0.0,0.0,0.0,0.0
161542930531648401,0.0,0.0,0.0,0.0,0.0
161642930467750602,0.0,0.0,0.0,0.0,0.0
161642930549932401,2.0128204822540283,11.0234375,456.754270696452,75.12796020507812,859.8281319401424
161742930524729901,0.0,0.0,0.0,0.0,0.0
161942930445609901,0.0,0.0,0.0,0.0,0.0
161942930458787802,2.3913042545318604,3.7342885758749613,38.170212765957444,9.212339401245117,85.88863900484878
161942930533316402,0.0,0.0,0.0,0.0,0.0
162042930527284502,0.0,0.0,0.0,0.0,0.0
162242930545636301,0.0,0.0,0.0,0.0,0.0
162342930453250801,0.0,0.0,0.0,0.0,0.0
162342930454060301,0.0,0.0,0.0,0.0,0.0
162442930530754802,1.7068965435028076,15.463545389563974,161.6819156540386,101.54379272460938,896.8856202971517
162442930531321102,3.7142856121063232,16.476945724797023,131.50811907983763,36.533775329589844,346.0158622029347
162542930549518202,0.0,0.0,0.0,0.0,0.0
162642928676339002,0.0,0.0,0.0,0.0,0.0
162742930541386401,4.0,13.77490724757891,13.774748923959828,0.6728392839431763,13.77490724757891
163342930450908301,0.0,0.0,0.0,0.0,0.0
163342930473979502,5.677419185638428,44.535356365266395,296.08196721311475,40.92005920410156,1380.5960465428607
163442930530935502,0.0,0.0,0.0,0.0,0.0
163442930539694902,0.0,0.0,0.0,0.0,0.0
163942930544633802,0.0,0.0,0.0,0.0,0.0
164042930460051801,0.0,0.0,0.0,0.0,0.0
164142930540465502,0.0,0.0,0.0,0.0,0.0
164242930447341201,0.0,0.0,0.0,0.0,0.0
164442929816278102,0.0,0.0,0.0,0.0,0.0
164442930540918602,3.6956522464752197,11.150609306394072,196.99963410171972,106.77456665039062,1025.8560819768923
164542930519765302,0.0,0.0,0.0,0.0,0.0
164642930461808702,0.0,0.0,0.0,0.0,0.0
164642930463614001,0.0,0.0,0.0,0.0,0.0
164942930533952001,3.8518519401550293,14.526629291406017,303.45338099493597,94.29674530029297,1176.6569697857612
165442928043802902,0.0,0.0,0.0,0.0,0.0
165442930517273502,0.0,0.0,0.0,0.0,0.0
165542930460232502,0.0,0.0,0.0,0.0,0.0
165542930549612201,0.0,0.0,0.0,0.0,0.0
165742929341386202,0.0,0.0,0.0,0.0,0.0
165742930508698002,0.0,0.0,0.0,0.0,0.0
165742930532248602,0.0,0.0,0.0,0.0,0.0
165842930012164202,0.0,0.0,0.0,0.0,0.0
165842930455941702,0.0,0.0,0.0,0.0,0.0
165842930518748802,4.25,12.762308206644144,39.8963963963964,9.1893949508667,102.09847005208333
166042930524047202,0.0,0.0,0.0,0.0,0.0
166342930527989502,0.0,0.0,0.0,0.0,0.0
166542930474173501,0.0,0.0,0.0,0.0,0.0
166642930509729801,0.0,0.0,0.0,0.0,0.0
166842930477693702,0.0,0.0,0.0,0.0,0.0
166942930446842501,0.0,0.0,0.0,0.0,0.0
166942930516676602,0.0,0.0,0.0,0.0,0.0
167142929091270702,0.0,0.0,0.0,0.0,0.0
167142929091319102,0.0,0.0,0.0,0.0,0.0
167242930473687902,0.0,0.0,0.0,0.0,0.0
167242930550454301,0.0,0.0,0.0,0.0,0.0
167342930453887901,0.0,0.0,0.0,0.0,0.0
167342930476156602,0.0,0.0,0.0,0.0,0.0
167342930531512902,0.47826087474823,5.935272896307521,3.6937159821870362,11.417415618896484,136.51127979367277
167442930473715802,0.0,0.0,0.0,0.0,0.0
167442930524318301,0.0,0.0,0.0,0.0,0.0
167542929021132401,0.0,0.0,0.0,0.0,0.0
167642929703741002,0.0,0.0,0.0,0.0,0.0
167642929946319602,0.0,0.0,0.0,0.0,0.0
167642930464043701,0.0,0.0,0.0,0.0,0.0
167842930517704901,5.300000190734863,18.61539367242908,59.70354609929078,16.73833656311035,186.15394278451907
167942930451477101,0.0,0.0,0.0,0.0,0.0
167942930460089502,0.0,0.0,0.0,0.0,0.0
167942930530333001,1.5507246255874634,8.591013397447883,97.26156866411144,75.80937957763672,592.779920492594
168142930510642701,0.0,0.0,0.0,0.0,0.0
168242930517025502,0.0,0.0,0.0,0.0,0.0
168342929385464201,0.0,0.0,0.0,0.0,0.0
168342930519986502,0.0,0.0,0.0,0.0,0.0
168442927948912302,4.965517044067383,10.559411466826335,110.70566653077864,66.44789123535156,612.4458755698439
168542929456942701,0.0,0.0,0.0,0.0,0.0
168542930515726001,0.0,0.0,0.0,0.0,0.0
168542930533980102,0.0,0.0,0.0,0.0,0.0
168642930529431702,0.0,0.0,0.0,0.0,0.0
168842929687124301,0.0,0.0,0.0,0.0,0.0
168942930531666302,3.4137930870056152,7.079630715854632,69.75399361022365,26.774816513061523,205.30928951178115
168942930549296402,0.0,0.0,0.0,0.0,0.0
169242930452916401,0.0,0.0,0.0,0.0,0.0
169442930525777302,0.0,0.0,0.0,0.0,0.0
169542930460793202,0.0,0.0,0.0,0.0,0.0
169542930526167301,0.0,0.0,0.0,0.0,0.0
169542930531102902,0.0,0.0,0.0,0.0,0.0
169642930544551501,0.0,0.0,0.0,0.0,0.0
169742930545230402,4.44444465637207,7.766645736571083,48.68820678513732,11.625604629516602,69.8998134039908
169842930460896602,0.0,0.0,0.0,0.0,0.0
169842930525450402,0.0,0.0,0.0,0.0,0.0
169942928779211601,0.0,0.0,0.0,0.0,0.0
171242930451390501,0.0,0.0,0.0,0.0,0.0
171442930537661702,0.0,0.0,0.0,0.0,0.0
171542930474857101,0.0,0.0,0.0,0.0,0.0
171642930528089402,0.0,0.0,0.0,0.0,0.0
171642930545331501,0.0,0.0,0.0,0.0,0.0
171642930548872901,0.0,0.0,0.0,0.0,0.0
171742930469562402,0.0,0.0,0.0,0.0,0.0
171742930547131501,0.0,0.0,0.0,0.0,0.0
171842930464726602,2.5,4.377864185142712,24.92334352701325,4.632826328277588,35.02291447661825
171842930474320601,0.0,0.0,0.0,0.0,0.0
171942930537327601,0.0,0.0,0.0,0.0,0.0
172242930457255402,3.6666667461395264,12.179989231614247,224.8686401480111,102.40103149414062,1023.1190782527092
172342930453413201,0.0,0.0,0.0,0.0,0.0
172342930526656302,0.0,0.0,0.0,0.0,0.0
172442930461991502,0.0,0.0,0.0,0.0,0.0
172442930516550001,0.0,0.0,0.0,0.0,0.0
172442930519165302,0.0,0.0,0.0,0.0,0.0
172442930532392601,0.0,0.0,0.0,0.0,0.0
172542930479622601,0.0,0.0,0.0,0.0,0.0
172642930519336001,0.0,0.0,0.0,0.0,0.0
172742930527843301,0.0,0.0,0.0,0.0,0.0
172942930455034402,0.0,0.0,0.0,0.0,0.0
172942930519421902,5.737704753875732,11.001051140634395,132.88214070956104,96.49364471435547,671.0641529957214
173042930533913101,4.0,17.713288924361493,17.713163064833005,2.529524803161621,17.713288924361493
173142928932478502,0.0,0.0,0.0,0.0,0.0
173142930531959201,0.0,0.0,0.0,0.0,0.0
173242930458027501,0.0,0.0,0.0,0.0,0.0
173342930511232501,0.0,0.0,0.0,0.0,0.0
173342930526722801,0.0,0.0,0.0,0.0,0.0
173742930479305901,0.0,0.0,0.0,0.0,0.0
173742930534262602,0.0,0.0,0.0,0.0,0.0
173842930533276002,0.0,0.0,0.0,0.0,0.0
174042930461713401,0.0,0.0,0.0,0.0,0.0
174042930516249201,7.677419185638428,5.139634889812139,51.309826589595374,16.170684814453125,159.32868139674898
174042930548710301,0.0,0.0,0.0,0.0,0.0
174242929514158301,0.0,0.0,0.0,0.0,0.0
174242930538951702,0.0,0.0,0.0,0.0,0.0
174442930054961402,0.0,0.0,0.0,0.0,0.0
174542930452423502,0.0,0.0,0.0,0.0,0.0
174642929385350302,0.0,0.0,0.0,0.0,0.0
174742928236055201,5.965517044067383,13.359231651376147,314.50636282923944,83.5367660522461,774.8354384847631
174842930469978501,0.0,0.0,0.0,0.0,0.0
174842930478757801,0.0,0.0,0.0,0.0,0.0
174942930455252701,0.0,0.0,0.0,0.0,0.0
174942930529771102,0.0,0.0,0.0,0.0,0.0
175042930541851802,2.870370388031006,11.040584070223472,98.76054462039366,80.9932632446289,596.1915389791085
175042930546232402,0.0,0.0,0.0,0.0,0.0
175142930455190102,0.0,0.0,0.0,0.0,0.0
175142930480181001,0.0,0.0,0.0,0.0,0.0
175142930529037101,2.577235698699951,4.808771580361269,135.99279771991988,50.839542388916016,591.4788899653095
175342930454055602,0.0,0.0,0.0,0.0,0.0
175342930457543401,0.0,0.0,0.0,0.0,0.0
175342930508312801,0.0,0.0,0.0,0.0,0.0
175442930515676102,0.0,0.0,0.0,0.0,0.0
175442930523935601,0.0,0.0,0.0,0.0,0.0
175442930525537602,0.0,0.0,0.0,0.0,0.0
175542930517516502,0.0,0.0,0.0,0.0,0.0
175842930518895102,2.8888888359069824,6.479066918931905,52.46430532674355,10.055585861206055,116.62320457429168
175842930522254701,0.0,0.0,0.0,0.0,0.0
176042930544553402,0.0,0.0,0.0,0.0,0.0
176142930480559002,3.8529412746429443,7.072235627498422,111.46244477172313,37.50006103515625,240.456005546687
176242930523833802,0.0,0.0,0.0,0.0,0.0
176342929201182702,0.0,0.0,0.0,0.0,0.0
176442928242942002,0.0,0.0,0.0,0.0,0.0
176442930548703702,0.0,0.0,0.0,0.0,0.0
176542930469300802,0.0,0.0,0.0,0.0,0.0
176642930543382501,0.0,0.0,0.0,0.0,0.0
176742930477931002,0.0,0.0,0.0,0.0,0.0
176942930476904801,0.0,0.0,0.0,0.0,0.0
176942930478602102,0.0,0.0,0.0,0.0,0.0
177042930546702502,0.0,0.0,0.0,0.0,0.0
177342930462158901,0.0,0.0,0.0,0.0,0.0
177342930530273402,0.0,0.0,0.0,0.0,0.0
177342930546684601,2.3896102905273438,12.574178599552388,162.8653846153846,79.72398376464844,968.2117289333191
177542930508507301,0.0,0.0,0.0,0.0,0.0
177642930453702301,2.0366971492767334,6.281294204570331,93.53170099186636,66.32830047607422,684.6610686352918
177742930456060701,0.0,0.0,0.0,0.0,0.0
177842930460193901,0.0,0.0,0.0,0.0,0.0
178042930479266802,0.0,0.0,0.0,0.0,0.0
178142930462707102,0.0,0.0,0.0,0.0,0.0
178142930528847201,0.0,5.830677005645601e-07,0.0,2.0533113342935394e-07,1.1661354011291201e-06
178142930543623401,0.0,0.0,0.0,0.0,0.0
178542930476543901,0.0,0.0,0.0,0.0,0.0
178642930459055902,0.0,0.0,0.0,0.0,0.0
178642930460996501,0.0,0.0,0.0,0.0,0.0
178642930528419301,0.0,0.0,0.0,0.0,0.0
178842928062695402,0.0,0.0,0.0,0.0,0.0
178942930474454801,0.0,0.0,0.0,0.0,0.0
179142930463396901,0.0,0.0,0.0,0.0,0.0
179342928213854001,0.0,0.0,0.0,0.0,0.0
179342930546197102,0.0,0.0,0.0,0.0,0.0
179542930525133101,0.0,0.0,0.0,0.0,0.0
179842930449428701,0.0,0.0,0.0,0.0,0.0
179842930510259202,0.0,0.0,0.0,0.0,0.0
179842930538524902,0.0,0.0,0.0,0.0,0.0
179942930549169901,0.0,0.0,0.0,0.0,0.0
181142929703907301,0.0,0.0,0.0,0.0,0.0
181142930523877701,0.0,0.0,0.0,0.0,0.0
181142930527486402,2.777777671813965,16.16838748594453,271.29635182408794,65.70171356201172,1309.6393989589678
181242930509374402,0.0,0.0,0.0,0.0,0.0
181342930521827301,3.382352828979492,6.85190984369037,54.63172624348047,23.559682846069336,232.9649284041545
181442930476085601,49.20000076293945,10.45571544283717,52.27876962787696,7.188736438751221,52.278577214185844
181442930543003101,0.0,0.0,0.0,0.0,0.0
181642930464002802,0.0,0.0,0.0,0.0,0.0
181742930531711401,2.6666667461395264,3.4227016961860572,16.381394296061565,3.7817933559417725,30.80431465780967
182242930537956102,0.0,0.0,0.0,0.0,0.0
182342929012808301,0.0,0.0,0.0,0.0,0.0
182342930541689202,0.0,0.0,0.0,0.0,0.0
182442930456071301,0.0,0.0,0.0,0.0,0.0
182942930469857701,0.0,0.0,0.0,0.0,0.0
183042930475213801,5.75,15.50382675185014,620.1507863089731,48.23801803588867,620.1530924716776
183042930517930602,0.0,0.0,0.0,0.0,0.0
183042930530573402,0.0,0.0,0.0,0.0,0.0
183142930518918701,0.0,0.0,0.0,0.0,0.0
183542930509064901,0.0,0.0,0.0,0.0,0.0
183642930531972901,0.0,0.0,0.0,0.0,0.0
183742930525710802,0.0,0.0,0.0,0.0,0.0
183742930527080001,0.0,0.0,0.0,0.0,0.0
184142930507781401,0.0,0.0,0.0,0.0,0.0
184242930458791701,0.0,0.0,0.0,0.0,0.0
184442930455796202,0.0,0.0,0.0,0.0,0.0
184442930517219702,0.0,0.0,0.0,0.0,0.0
184442930544068301,0.0,0.0,0.0,0.0,0.0
184542930473060602,0.0,0.0,0.0,0.0,0.0
184542930521086801,5.599999904632568,14.814477110745614,56.12982456140351,10.986692428588867,74.07238357276248
184642930462171501,0.0,0.0,0.0,0.0,0.0
184642930524539701,0.0,0.0,0.0,0.0,0.0
184742929839739802,0.0,0.0,0.0,0.0,0.0
184842929021081301,0.0,0.0,0.0,0.0,0.0
184842930463990202,0.0,0.0,0.0,0.0,0.0
185242930475044302,0.0,0.0,0.0,0.0,0.0
185242930508862201,0.0,0.0,0.0,0.0,0.0
185242930549979501,0.0,0.0,0.0,0.0,0.0
185342930472893601,1.1808511018753052,10.590271853061623,76.34048361934478,102.4055404663086,995.4855574252267
185342930542156801,0.0,0.0,0.0,0.0,0.0
185442930539869301,0.0,0.0,0.0,0.0,0.0
185642930527158702,0.0,0.0,0.0,0.0,0.0
185742930316791302,0.0,0.0,0.0,0.0,0.0
185742930531538401,3.6421053409576416,12.132645814007422,313.88961038961037,85.70923614501953,1152.6013614439123
185942930529803701,0.0,0.0,0.0,0.0,0.0
186242930525209502,0.0,0.0,0.0,0.0,0.0
186342930457277601,3.5609755516052246,12.966766672036082,218.70790378006873,57.54869079589844,531.6374246158167
186342930526904701,0.0,0.0,0.0,0.0,0.0
186442930519296301,0.8181818127632141,5.184833530931484,17.991506228765573,37.005340576171875,285.1658324936103
186442930549950901,0.0,0.0,0.0,0.0,0.0
186542930507655802,0.0,0.0,0.0,0.0,0.0
186742930451038602,0.0,0.0,0.0,0.0,0.0
186842930478135802,0.0,0.0,0.0,0.0,0.0
187042930475738102,0.0,0.0,0.0,0.0,0.0
187242930521653902,0.0,0.0,0.0,0.0,0.0
187442930519530002,0.0,0.0,0.0,0.0,0.0
187642930455584402,0.0,0.0,0.0,0.0,0.0
187642930527571602,0.0,0.0,0.0,0.0,0.0
187742930446810702,0.0,0.0,0.0,0.0,0.0
187742930459631002,0.0,0.0,0.0,0.0,0.0
187742930522129302,0.0,0.0,0.0,0.0,0.0
187742930531273002,0.0,0.0,0.0,0.0,0.0
187842930460474102,1.8411215543746948,6.469401206362257,72.70503415127752,89.1988525390625,692.2259506131014
187842930463290001,0.0,0.0,0.0,0.0,0.0
187942930524637001,0.0,0.0,0.0,0.0,0.0
187942930528980602,0.0,0.0,0.0,0.0,0.0
188242929013166301,0.0,0.0,0.0,0.0,0.0
188242930464850202,0.0,0.0,0.0,0.0,0.0
188242930522584702,0.0,0.0,0.0,0.0,0.0
188342930526586002,0.0,0.0,0.0,0.0,0.0
188442930457576502,0.0,10.795799977494855,0.0,21.723356246948242,194.3243982291516
188442930534496402,137.0,7.849365743637881,7.849395077179808,1.0765935182571411,7.849365743637881
188642929800356701,0.0,0.0,0.0,0.0,0.0
188742928316187402,0.0,0.0,0.0,0.0,0.0
188742930515997302,0.0,0.0,0.0,0.0,0.0
189142930445491702,0.0,0.0,0.0,0.0,0.0
189242928087944401,0.0,0.0,0.0,0.0,0.0
189442930529519802,0.0,0.0,0.0,0.0,0.0
189442930532402802,0.0,0.0,0.0,0.0,0.0
189542930532566802,0.0,0.0,0.0,0.0,0.0
189742927986105002,0.1111111119389534,5.614842911748927,0.04291845493562232,6.124941825866699,50.5335879739262
189742930517890202,0.0,0.0,0.0,0.0,0.0
189942930526846502,0.0,0.0,0.0,0.0,0.0
191142930477001502,0.0,0.0,0.0,0.0,0.0
191242928823204201,0.0,0.0,0.0,0.0,0.0
191342930457253501,0.0,0.0,0.0,0.0,0.0
191342930516577602,0.0,0.0,0.0,0.0,0.0
191342930525032501,0.0,0.0,0.0,0.0,0.0
191342930539983202,0.0,0.0,0.0,0.0,0.0
191342930541755801,0.0,0.0,0.0,0.0,0.0
191442930462855702,0.0,0.0,0.0,0.0,0.0
191442930542916701,1.2941176891326904,6.13734596276427,35.362233566957975,34.94886779785156,313.00465221470495
191942930462739701,0.0,0.0,0.0,0.0,0.0
191942930517330601,0.0,0.0,0.0,0.0,0.0
192042930472522002,3.0,7.373841772898961,13.473959468293746,2.353447675704956,14.747683545797923
192442930528707601,0.0,0.0,0.0,0.0,0.0
192542930545880701,0.0,0.0,0.0,0.0,0.0
192642930462426001,0.0,0.0,0.0,0.0,0.0
192642930466614901,0.0,0.0,0.0,0.0,0.0
192642930517070502,1.602150559425354,40.999557605421685,307.9566265060241,77.03284454345703,3812.9589685784763
193142928888081701,0.591549277305603,5.910102720596997,18.180886558627265,62.40497970581055,419.61729252963437
193142930516186502,0.0,0.0,0.0,0.0,0.0
193242929947863901,0.0,0.0,0.0,0.0,0.0
193242930529969302,0.0,0.0,0.0,0.0,0.0
193442930518696401,0.0,0.0,0.0,0.0,0.0
193842928176142301,0.0,0.0,0.0,0.0,0.0
193842930534095702,0.0,0.0,0.0,0.0,0.0
193942930458399401,0.0,0.0,0.0,0.0,0.0
194042929309310102,0.0,0.0,0.0,0.0,0.0
194242929166198701,0.0,0.0,0.0,0.0,0.0
194242930531402601,0.0,0.0,0.0,0.0,0.0
194342930525935501,1.3478261232376099,7.87470089769789,137.516973892735,30.371671676635742,362.236234263529
194542930544892701,0.0,0.0,0.0,0.0,0.0
194642930461157702,0.0,0.0,0.0,0.0,0.0
194642930462519702,0.0,0.0,0.0,0.0,0.0
194642930545150301,0.0,0.0,0.0,0.0,0.0
194642930546396201,0.0,0.0,0.0,0.0,0.0
194742930533156002,0.0,0.0,0.0,0.0,0.0
194742930548711401,0.0,0.0,0.0,0.0,0.0
194842930528510301,0.0,0.0,0.0,0.0,0.0
194842930532490002,0.0,0.0,0.0,0.0,0.0
195142930450872301,3.781609296798706,4.888587970845557,104.74748533109808,73.765625,425.30716902292386
195142930540612502,0.0,0.0,0.0,0.0,0.0
195342928779164901,0.0,0.0,0.0,0.0,0.0
195442930454031802,0.0,0.0,0.0,0.0,0.0
195742929321180801,0.0,0.0,0.0,0.0,0.0
195742929476628902,0.0,0.0,0.0,0.0,0.0
195742930478077902,0.0,0.0,0.0,0.0,0.0
195942930456866702,0.0,0.0,0.0,0.0,0.0
195942930473561901,0.0,0.0,0.0,0.0,0.0
195942930532109202,0.0,0.0,0.0,0.0,0.0
196042930540599302,5.119999885559082,10.7698925216763,96.95838150289018,57.33345413208008,538.4946247222107
196242930528428102,3.3428571224212646,8.840631484399017,73.34306793728865,20.380043029785156,309.4221017944824
196242930528957301,0.0,0.0,0.0,0.0,0.0
196442930527100201,0.0,0.0,0.0,0.0,0.0
196542930536473202,0.0,0.0,0.0,0.0,0.0
196642930516978601,0.0,0.0,0.0,0.0,0.0
196842930540591201,0.0,0.0,0.0,0.0,0.0
196942929885937002,0.0,0.0,0.0,0.0,0.0
197142928135571602,0.0,0.0,0.0,0.0,0.0
197142930526756002,1.5882352590560913,2.4548327776975416,19.868220039797162,6.576536178588867,41.732158913340875
197142930529403302,1.8602941036224365,11.127040288019536,241.34591074506798,87.60196685791016,1513.2774893719218
197242930518932201,0.0,0.0,0.0,0.0,0.0
197342930455782501,0.0,0.0,0.0,0.0,0.0
197342930462733702,0.0,143.24956566286528,143.24964362081255,7.207925796508789,143.24956566286528
197542929575341802,0.0,0.0,0.0,0.0,0.0
197642930528232101,0.0,0.0,0.0,0.0,0.0
197742930548902501,0.0,0.0,0.0,0.0,0.0
197942929165986602,0.0,0.0,0.0,0.0,0.0
197942930508734101,0.0,0.0,0.0,0.0,0.0
197942930541585801,0.0,0.0,0.0,0.0,0.0
198142930550292001,0.0,0.0,0.0,0.0,0.0
198542930542434002,0.0,0.0,0.0,0.0,0.0
198742930458981302,0.0,0.0,0.0,0.0,0.0
198942930550515102,1.0,0.36106967740123963,0.3611111111111111,0.043927762657403946,0.36106967740123963
199042930461844201,0.0,0.0,0.0,0.0,0.0
199042930548544802,0.0,0.0,0.0,0.0,0.0
199142930541839502,0.0,0.0,0.0,0.0,0.0
199242930451638001,5.435897350311279,27.764242788461537,623.3259109311741,49.580238342285156,1082.8054441876739
199242930462005002,0.0,0.0,0.0,0.0,0.0
199542930509304402,0.0,0.0,0.0,0.0,0.0
199542930510230901,4.202531814575195,10.215899442018438,176.7621906841339,79.7317886352539,807.0560705378355
199642930454548302,0.0,0.0,0.0,0.0,0.0
199742930449773702,0.0,0.0,0.0,0.0,0.0
199842929126793302,0.0,0.0,0.0,0.0,0.0
199942930530867601,0.0,0.0,0.0,0.0,0.0
201242930477969001,0.0,0.0,0.0,0.0,0.0
201442930467818102,0.0,0.0,0.0,0.0,0.0
201542929584070601,0.0,0.0,0.0,0.0,0.0
201542930518523202,0.0,0.0,0.0,0.0,0.0
201842927928402701,0.0,0.0,0.0,0.0,0.0
201942930541697001,0.0,0.0,0.0,0.0,0.0
202142930527320702,0.0,0.0,0.0,0.0,0.0
202442930546098002,0.0,0.0,0.0,0.0,0.0
202542927928301302,4.029411792755127,12.582515900641493,140.1250911211547,41.74663162231445,427.8055558739259
202542930519452201,3.8529412746429443,24.897223958333335,174.19733333333335,62.20247268676758,1693.01114453125
202642928676362302,3.444444417953491,11.134796092705393,67.9069974743723,12.957236289978027,100.21316091707213
202642930461705002,0.0,0.0,0.0,0.0,0.0
202642930475655402,0.0,0.0,0.0,0.0,0.0
202742928043675701,0.0,0.0,0.0,0.0,0.0
202842928570580602,0.0,0.0,0.0,0.0,0.0
203042930545739702,0.0,0.0,0.0,0.0,0.0
203442930479279901,0.0,0.0,0.0,0.0,0.0
203542930446366902,0.0,0.0,0.0,0.0,0.0
203542930476118802,0.0,0.0,0.0,0.0,0.0
203642930519858202,0.0,0.0,0.0,0.0,0.0
203742930456700602,0.0,0.0,0.0,0.0,0.0
203842930508275702,0.0,0.0,0.0,0.0,0.0
203842930509485801,4.25,19.869004531544256,37.48210922787194,7.6873674392700195,158.95203314887152
203842930547535202,0.0,0.0,0.0,0.0,0.0
203942928119349601,0.0,0.0,0.0,0.0,0.0
204042928042145401,0.0,0.0,0.0,0.0,0.0
204042930475363702,0.0,0.0,0.0,0.0,0.0
204042930542899602,0.0,0.0,0.0,0.0,0.0
204342930461193302,0.0,0.0,0.0,0.0,0.0
204542930457014502,4.625,14.213353667729152,142.2157133011716,31.137710571289062,341.12049610182635
204542930524947501,0.0,0.0,0.0,0.0,0.0
204642930475134001,0.0,0.0,0.0,0.0,0.0
204842930342747201,0.0,0.0,0.0,0.0,0.0
204842930388638301,0.0,0.0,0.0,0.0,0.0
204842930534921901,0.0,0.0,0.0,0.0,0.0
205042930456457801,0.0,0.0,0.0,0.0,0.0
205042930531009601,0.0,0.0,0.0,0.0,0.0
205142930518281701,0.0,0.0,0.0,0.0,0.0
205242930462843402,2.644444465637207,5.291793552103025,32.13478260869565,23.47281265258789,238.13070810512693
205242930471668002,0.0,0.0,0.0,0.0,0.0
205242930533677402,0.0,0.0,0.0,0.0,0.0
205242930549818802,0.0,0.0,0.0,0.0,0.0
205342930534423002,0.0,0.0,0.0,0.0,0.0
205342930549076202,0.0,0.0,0.0,0.0,0.0
205442930451140102,15.0,45.10401391869337,353.77062470195517,37.33323669433594,360.8321134779188
205442930526065202,0.0,0.0,0.0,0.0,0.0
205642930474298101,3.6666667461395264,24.19375776590457,541.6831013916501,118.90838623046875,1596.7880099211252
205842928288536202,0.0,0.0,0.0,0.0,0.0
205842928932735101,0.0,10.202190732550271,0.0,30.798078536987305,357.0766838056029
205842930534884102,0.0,0.0,0.0,0.0,0.0
205942930459277902,0.0,0.0,0.0,0.0,0.0
206142930464701102,0.0,0.0,0.0,0.0,0.0
206242929321374401,0.0,0.0,0.0,0.0,0.0
206242929476530502,0.0,0.0,0.0,0.0,0.0
206242930461224402,0.0,0.0,0.0,0.0,0.0
206242930528713001,0.0,0.0,0.0,0.0,0.0
206242930529600601,0.0,0.0,0.0,0.0,0.0
206442930526147401,0.0,0.0,0.0,0.0,0.0
206542930541423001,0.0,0.0,0.0,0.0,0.0
206742929927339802,0.0,0.0,0.0,0.0,0.0
206842930463599601,0.0,0.0,0.0,0.0,0.0
206842930517947502,0.0,0.0,0.0,0.0,0.0
207142930449579901,0.0,0.0,0.0,0.0,0.0
207142930510244802,0.0,0.0,0.0,0.0,0.0
207442930507714902,0.0,0.0,0.0,0.0,0.0
207542929839789102,0.0,0.0,0.0,0.0,0.0
207742930475609901,0.0,0.0,0.0,0.0,0.0
207742930533085401,0.0,0.0,0.0,0.0,0.0
208042930515529002,5.846153736114502,6.655808046639684,36.35052710843374,11.344855308532715,86.52550451439548
208042930528313102,0.0,0.0,0.0,0.0,0.0
208042930542384402,0.0,0.0,0.0,0.0,0.0
208142930527700802,0.0,0.0,0.0,0.0,0.0
208342930460922602,0.0,0.0,0.0,0.0,0.0
208442930509150801,0.0,0.0,0.0,0.0,0.0
208442930533643502,0.0,0.0,0.0,0.0,0.0
208542930454276302,3.4315788745880127,10.555011304313435,141.22315967095548,87.66764068603516,1002.7260527499138
208642930448971302,1.0377358198165894,5.9264648627603655,49.41356823048472,57.027645111083984,314.1026375536467
208742930459881901,0.0,0.0,0.0,0.0,0.0
208742930526452502,0.0,0.0,0.0,0.0,0.0
209142930342804001,0.0,0.0,0.0,0.0,0.0
209242930452690302,0.0,0.0,0.0,0.0,0.0
209342930470808201,0.0,0.0,0.0,0.0,0.0
209642930542527302,0.0,0.0,0.0,0.0,0.0
209742930473717902,2.105769157409668,10.573021780841387,147.69073337123365,76.6757583618164,1099.5943097780887
209742930516270101,0.0,0.0,0.0,0.0,0.0
209942930547042502,0.0,0.0,0.0,0.0,0.0
211142930550015701,2.4791667461395264,30.694249079777645,211.22115384615384,76.2842788696289,1473.3239015799302
211242930465105802,3.39393949508667,21.537663400624055,457.57791225416037,123.42652130126953,2132.2287425215773
211542929160935901,0.0,0.0,0.0,0.0,0.0
211642928614409302,0.0,0.0,0.0,0.0,0.0
211642930452905601,0.0,0.0,0.0,0.0,0.0
211642930463091102,0.0,0.0,0.0,0.0,0.0
211642930542496201,0.0,0.0,0.0,0.0,0.0
211742929160847802,0.0,0.0,0.0,0.0,0.0
211742930289750601,0.0,0.0,0.0,0.0,0.0
211742930471091801,0.0,0.0,0.0,0.0,0.0
212042928921270801,0.0,0.0,0.0,0.0,0.0
212342930448223102,0.0,0.0,0.0,0.0,0.0
212442930454093601,0.0,0.0,0.0,0.0,0.0
212542930461335402,0.0,0.0,0.0,0.0,0.0
212642930477761102,0.0,0.0,0.0,0.0,0.0
212842928258040302,0.0,0.0,0.0,0.0,0.0
213042930479540402,0.0,0.0,0.0,0.0,0.0
213042930480513401,0.0,0.0,0.0,0.0,0.0
213342930450456101,0.0,0.0,0.0,0.0,0.0
213342930472590701,0.0,0.0,0.0,0.0,0.0
213442930525710701,0.0,0.0,0.0,0.0,0.0
213542930520818802,0.0,0.0,0.0,0.0,0.0
213642930525015001,0.0,0.0,0.0,0.0,0.0
213642930529319202,4.0,37.110871625369825,130.73668639053255,12.7921781539917,259.77610860068415
213742930448749601,0.0,0.0,0.0,0.0,0.0
213942930527571901,3.8428571224212646,8.140507854638619,124.3915857605178,90.06660461425781,569.8355313890575
213942930549045802,3.9418604373931885,8.811250366999413,187.88338226658837,89.20133972167969,757.7675552230965
214042930461938401,0.0,0.0,0.0,0.0,0.0
214042930533285602,0.0,0.0,0.0,0.0,0.0
214242930476777102,0.0,0.0,0.0,0.0,0.0
214342930528543402,4.794520378112793,10.637786477781926,236.5929798356983,88.56591796875,776.5583907021258
214542930463014801,0.0,0.0,0.0,0.0,0.0
214642930541063701,0.0,0.0,0.0,0.0,0.0
214742930464176902,0.0,0.0,0.0,0.0,0.0
214742930518803202,2.700000047683716,3.5897386328487473,15.155583049798949,5.639710426330566,35.89738606418429
214742930529008801,0.0,0.0,0.0,0.0,0.0
214942929249151201,2.850877285003662,5.65955839201878,138.3943661971831,72.95011138916016,645.189651382697
214942930521792701,3.75,13.054238045933735,49.7855421686747,14.020726203918457,104.43390359533838
214942930539115801,3.9620254039764404,6.372533493617204,52.542494859492805,89.64827728271484,503.43015740324654
215242930508075102,0.0,0.0,0.0,0.0,0.0
215242930532660101,0.0,0.0,0.0,0.0,0.0
215342930457772202,3.5151515007019043,19.259949834463825,362.1795865633075,52.35759735107422,1271.1566829829253
215342930535908602,0.0,0.0,0.0,0.0,0.0
215642930509549502,0.0,0.0,0.0,0.0,0.0
215742930515530701,0.0,0.0,0.0,0.0,0.0
215842928087914902,0.0,0.0,0.0,0.0,0.0
215842930474952702,0.0,0.0,0.0,0.0,0.0
215942930472937802,0.0,0.0,0.0,0.0,0.0
215942930534226501,0.0,0.0,0.0,0.0,0.0
216042930517885901,0.0,0.0,0.0,0.0,0.0
216042930525548201,0.0,0.0,0.0,0.0,0.0
216042930549546702,0.0,0.0,0.0,0.0,0.0
216142930529762501,1.0,3.6339383059985018,3.6335616438356166,0.41880419850349426,3.6339383059985018
216142930533879302,0.0,0.0,0.0,0.0,0.0
216242930462445402,0.0,0.0,0.0,0.0,0.0
216242930539128802,3.195122003555298,5.928764029036244,141.18780889621087,44.325462341308594,243.07932828560692
216342930464379001,0.0,0.0,0.0,0.0,0.0
216542930527751801,0.0,0.0,0.0,0.0,0.0
216742930473831902,0.0,0.0,0.0,0.0,0.0
216742930527214301,0.0,0.0,0.0,0.0,0.0
217142928739711201,0.0,0.0,0.0,0.0,0.0
217142930464930701,0.0,0.0,0.0,0.0,0.0
217242930462792202,0.0,0.0,0.0,0.0,0.0
217242930523998102,0.0,0.0,0.0,0.0,0.0
217342930452353601,0.0,0.0,0.0,0.0,0.0
217342930461880202,0.0,0.0,0.0,0.0,0.0
217342930474375302,0.0,0.0,0.0,0.0,0.0
217442930510769402,0.0,0.0,0.0,0.0,0.0
217642930478744201,0.0,0.0,0.0,0.0,0.0
217742930478248501,0.0,0.0,0.0,0.0,0.0
217842930542664701,2.7333333492279053,2.2758271476215173,12.380413173135102,3.998162031173706,34.13740658123271
218142930548310601,0.0,0.0,0.0,0.0,0.0
218442927995017401,0.0,0.0,0.0,0.0,0.0
218542930447738002,0.0,0.0,0.0,0.0,0.0
218642930516546502,0.0,0.0,0.0,0.0,0.0
218742928694273101,0.0,9.267757224300192,0.0,4.974977970123291,37.07102740225184
218842929013215201,0.0,0.0,0.0,0.0,0.0
218942930515688402,2.1777777671813965,3.265200860890509,31.466996484832706,19.005109786987305,146.93403955694754
219142930460880402,0.0,0.0,0.0,0.0,0.0
219142930540645401,0.0,0.0,0.0,0.0,0.0
219342930184422702,0.0,0.0,0.0,0.0,0.0
219342930461496201,0.0,0.0,0.0,0.0,0.0
219342930479864602,0.0,0.0,0.0,0.0,0.0
219642930519637602,0.0,0.0,0.0,0.0,0.0
219742930532576901,0.0,0.0,0.0,0.0,0.0
219742930533665601,0.8461538553237915,4.2655762648022835,48.45696764643688,69.82489776611328,388.16743173032563
219842930546832202,0.0,0.0,0.0,0.0,0.0
219942930478109202,0.0,0.0,0.0,0.0,0.0
219942930526327501,0.0,0.0,0.0,0.0,0.0
221142930546480202,0.0,0.0,0.0,0.0,0.0
221242930525006201,0.0,0.0,0.0,0.0,0.0
221542930460197101,5.390244007110596,15.410788119556202,216.7442969722107,59.5093879699707,631.8423222684603
221542930530640802,3.628865957260132,7.2537760789116135,137.21281464530892,103.10433959960938,703.6162895272471
221542930541745402,0.0,0.0,0.0,0.0,0.0
221642930455184701,0.0,0.0,0.0,0.0,0.0
221642930525763302,0.0,0.0,0.0,0.0,0.0
221742930526945402,0.0,0.0,0.0,0.0,0.0
221742930548772001,0.0,0.0,0.0,0.0,0.0
221842930543068801,0.0,0.0,0.0,0.0,0.0
221842930548629802,0.0,0.0,0.0,0.0,0.0
222242930544009002,0.0,0.010595065588874982,0.0,0.000498762063216418,0.010595065588874982
222342930530148102,0.0,0.0,0.0,0.0,0.0
222442930529814102,0.0,0.0,0.0,0.0,0.0
222542930509430901,0.0,0.0,0.0,0.0,0.0
222542930542764902,0.0,0.0,0.0,0.0,0.0
222642930457658001,0.0,0.0,0.0,0.0,0.0
222742930520958001,4.536231994628906,10.919069320436508,199.75676937441642,95.04337310791016,753.4157932434651
222842930519131302,3.505747079849243,15.719144570707071,184.8189588189588,196.6426239013672,1367.5655982811134
222942930524801801,0.0,0.0,0.0,0.0,0.0
223042930446533101,0.0,0.0,0.0,0.0,0.0
223142930524586801,0.0,0.0,0.0,0.0,0.0
223242929687182701,0.0,0.0,0.0,0.0,0.0
223242930515474901,0.0,0.0,0.0,0.0,0.0
223242930522271402,0.0,0.0,0.0,0.0,0.0
223542930509711401,0.0,0.0,0.0,0.0,0.0
223542930524943702,3.633333444595337,28.793998771202777,257.6160370084811,41.553524017333984,863.8199793125173
223742929259310802,2.494381904602051,10.41919212694819,119.61331086773379,91.5787124633789,927.3081236616744
223942930510424802,0.0,0.0,0.0,0.0,0.0
224042928592854201,0.0,0.0,0.0,0.0,0.0
224042930519163101,0.0,0.0,0.0,0.0,0.0
224242930455491302,0.0,0.0,0.0,0.0,0.0
224342928021699402,0.30000001192092896,8.218685311502394,12.591779728651238,59.14678955078125,410.934284903674
224342930465361801,0.0,0.0,0.0,0.0,0.0
224442930059407701,0.0,0.0,0.0,0.0,0.0
224442930465045101,0.0,0.0,0.0,0.0,0.0
224542930521392801,0.0,0.0,0.0,0.0,0.0
224542930535872302,0.0,0.0,0.0,0.0,0.0
224942930459667401,0.0,0.0,0.0,0.0,0.0
225042929800207601,0.0,0.0,0.0,0.0,0.0
225442930536192201,0.0,0.0,0.0,0.0,0.0
225542930526813002,0.0,0.0,0.0,0.0,0.0
225642928823251301,0.0,0.0,0.0,0.0,0.0
225742930542785202,0.0,0.0,0.0,0.0,0.0
225942930518197202,0.0,0.0,0.0,0.0,0.0
226142930510564702,0.0,0.0,0.0,0.0,0.0
226242930530711402,0.0,0.0,0.0,0.0,0.0
226442930530900801,0.0,0.0,0.0,0.0,0.0
226542930518849501,1.3888888359069824,10.024928237452652,92.38494318181819,68.39482879638672,721.7948387247143
226642930455066701,0.0,0.0,0.0,0.0,0.0
226642930474481301,0.0,0.0,0.0,0.0,0.0
226642930541254802,0.0,0.0,0.0,0.0,0.0
226942930525434501,0.0,0.0,0.0,0.0,0.0
227042927979772501,5.035714149475098,12.870646956699346,157.97759103641457,40.116451263427734,360.3781071225691
227042929704188102,0.0,0.0,0.0,0.0,0.0
227042930459882702,0.0,0.0,0.0,0.0,0.0
227142930477466802,0.0,0.0,0.0,0.0,0.0
227242929127079502,0.0,0.0,0.0,0.0,0.0
227342929501640302,4.169013977050781,7.129536946614583,110.4709595959596,81.46619415283203,506.1971178873621
227442930456397101,0.0,0.0,0.0,0.0,0.0
227442930476092802,0.0,0.0,0.0,0.0,0.0
227442930537540601,0.0,0.0,0.0,0.0,0.0
227542930142494701,0.0,0.0,0.0,0.0,0.0
227742929321159702,0.0,0.0,0.0,0.0,0.0
227742930541985201,2.375,4.789368380279381,22.737670514165792,3.595989942550659,38.31494717032562
227842930515700502,3.931034564971924,11.238374728663702,111.0559085133418,30.502357482910156,325.912867964955
228042930508088301,0.0,0.0,0.0,0.0,0.0
228042930509501002,0.0,0.0,0.0,0.0,0.0
228442930532044401,0.3589743673801422,8.74802975433906,154.46984572230014,132.76942443847656,1364.6926304826025
228442930535190902,0.0,0.0,0.0,0.0,0.0
228542930474401902,0.0,0.0,0.0,0.0,0.0
228742929800041902,0.0,0.0,0.0,0.0,0.0
228742930458562502,0.0,0.0,0.0,0.0,0.0
228842930530653801,0.0,0.0,0.0,0.0,0.0
228942930461646102,0.0,0.0,0.0,0.0,0.0
229142930460413102,0.0,0.0,0.0,0.0,0.0
229242929765863102,0.0,0.0,0.0,0.0,0.0
229242930464650702,0.0,0.0,0.0,0.0,0.0
229342930448175602,0.0,0.0,0.0,0.0,0.0
229542930477542801,3.5,12.870335961770797,65.62340352088367,25.536447525024414,205.92537509337515
229842928130723801,0.0,0.0,0.0,0.0,0.0
229842930473204002,4.0,16.050378662396938,87.72850412249706,12.606245040893555,144.45340767400987
229942929839807701,0.0,0.0,0.0,0.0,0.0
231142929604407702,0.0,0.0,0.0,0.0,0.0
231242930518258301,0.0,0.0,0.0,0.0,0.0
231442930468593002,0.0,0.0,0.0,0.0,0.0
231442930518389502,0.0,0.0,0.0,0.0,0.0
231542930471698101,0.0,0.0,0.0,0.0,0.0
231542930515932502,0.0,0.0,0.0,0.0,0.0
231542930531937402,0.0,0.0,0.0,0.0,0.0
231742930475459301,0.0,0.0,0.0,0.0,0.0
231942930516452801,94.0,1.7404528556944914,3.4809057113889827,0.5688832402229309,3.4809057113889827
231942930527300101,0.0,0.0,0.0,0.0,0.0
232042930546849802,0.0,0.0,0.0,0.0,0.0
232342930480521002,0.0,0.0,0.0,0.0,0.0
232442930455043601,0.0,0.0,0.0,0.0,0.0
232442930532909002,0.0,0.0,0.0,0.0,0.0
232542930522580802,0.0,0.0,0.0,0.0,0.0
232542930530980201,0.0,0.0,0.0,0.0,0.0
232742930531694702,0.0,0.0,0.0,0.0,0.0
232942930545939201,4.145833492279053,12.179041883680556,155.0732638888889,42.65110778808594,584.5940378069878
233042930530581602,0.0,0.0,0.0,0.0,0.0
233142930519507601,0.0,0.0,0.0,0.0,0.0
233142930545192801,0.0,0.0,0.0,0.0,0.0
233142930548538502,0.0,0.0,0.0,0.0,0.0
233242930448797601,0.0,0.0,0.0,0.0,0.0
233342930543064402,0.0,0.0,0.0,0.0,0.0
233442930516186401,0.0,0.0,0.0,0.0,0.0
233442930543210202,0.0,0.0,0.0,0.0,0.0
233542930464095302,0.0,0.0,0.0,0.0,0.0
233542930475867401,5.9375,7.926192610231165,71.35753424657534,42.331809997558594,253.63815330087323
233742930548685602,0.0,0.0,0.0,0.0,0.0
233842930530354701,0.0,0.0,0.0,0.0,0.0
234042930476811801,0.0,0.0,0.0,0.0,0.0
234042930480240401,0.0,0.0,0.0,0.0,0.0
234042930480645902,4.045454502105713,8.596024098424634,247.63325315790314,0.0,756.4501279297031
234142930463876201,0.0,0.0,0.0,0.0,0.0
234142930516208801,0.0,0.0,0.0,0.0,0.0
234342930459315401,0.0,0.0,0.0,0.0,0.0
234342930534636802,0.0,0.0,0.0,0.0,0.0
234442930519488502,5.245283126831055,19.6090472341954,342.2505747126437,89.68116760253906,1039.279527142404
234942930447392501,0.0,0.0,0.0,0.0,0.0
234942930528080102,6.400000095367432,38.189473684210526,155.98947368421054,7.9525065422058105,190.94737073396382
235042928235935102,0.0,0.0,0.0,0.0,0.0
235042930459852101,0.0,0.0,0.0,0.0,0.0
235142930524357902,0.0,0.0,0.0,0.0,0.0
235142930532587302,0.0,0.0,0.0,0.0,0.0
235142930547606802,0.0,0.0,0.0,0.0,0.0
235442929488789901,1.600000023841858,4.831696935202613,19.031000885739594,2.335700511932373,24.15848521662561
235442930544367302,0.0,0.0,0.0,0.0,0.0
235542930546451802,0.0,0.0,0.0,0.0,0.0
235642930220797901,0.0,0.0,0.0,0.0,0.0
235642930469364202,0.0,0.0,0.0,0.0,0.0
235642930479363401,0.0,0.0,0.0,0.0,0.0
235642930522798702,0.4590163826942444,9.649677100028283,24.332296282329278,78.33722686767578,588.6303020103389
235842929839691602,0.0,0.0,0.0,0.0,0.0
235942930455679801,0.0,0.0,0.0,0.0,0.0
236042930457786301,0.0,0.0,0.0,0.0,0.0
236042930547778101,2.807692289352417,3.549961219014041,28.36071073558648,13.77037525177002,92.29898890538908
236142930544684002,0.0,0.0,0.0,0.0,0.0
236242930471200901,0.0,0.0,0.0,0.0,0.0
236242930474371601,0.0,0.0,0.0,0.0,0.0
236342930546254302,0.0,0.0,0.0,0.0,0.0
236442930449556802,3.090909004211426,9.300372676088271,85.71201128577187,43.977691650390625,511.5205141134389
236642930530457701,2.5185184478759766,30.27686687719042,225.3551401869159,32.85366439819336,817.4753761648018
236642930543830802,0.0,0.0,0.0,0.0,0.0
236742930543645202,0.0,0.0,0.0,0.0,0.0
237142930537923602,6.357142925262451,37.33819514448925,209.81720430107526,21.5167236328125,522.734723901236
237142930541491901,0.0,0.0,0.0,0.0,0.0
237442928235852702,0.0,0.0,0.0,0.0,0.0
237642930510191802,0.0,0.0,0.0,0.0,0.0
237642930536276402,0.0,0.0,0.0,0.0,0.0
237742930540437102,0.0,0.0,0.0,0.0,0.0
237742930543536302,0.0,0.0,0.0,0.0,0.0
238042929765913402,0.0,0.0,0.0,0.0,0.0
238042930508527402,0.0,0.0,0.0,0.0,0.0
238142930518014401,0.0,0.0,0.0,0.0,0.0
238242930459729901,1.674418568611145,22.27453399122807,160.48938134810712,133.82778930664062,1915.6098881648409
238242930479484202,0.0,0.0,0.0,0.0,0.0
238342930549815502,0.0,0.0,0.0,0.0,0.0
238442930451793002,0.0,0.0,0.0,0.0,0.0
238742930478203001,0.0,0.0,0.0,0.0,0.0
238742930547727901,0.0,0.0,0.0,0.0,0.0
239242930462518401,4.0625,8.89304130488831,67.83231334149326,44.94189453125,426.86599608471516
239242930463967601,0.0,0.0,0.0,0.0,0.0
239242930528882101,0.0,0.0,0.0,0.0,0.0
239242930549135202,0.0,0.0,0.0,0.0,0.0
239342930518492102,3.0,6.460087618021347,17.13136288998358,1.047142744064331,19.38026285406404
239442929921990602,0.0,0.0,0.0,0.0,0.0
239442930531431601,0.0,0.0,0.0,0.0,0.0
239542930541650302,0.0,0.0,0.0,0.0,0.0
239842930456653101,0.0,0.0,0.0,0.0,0.0
239842930527482101,0.0,0.0,0.0,0.0,0.0
239942930455010102,0.0,0.0,0.0,0.0,0.0
239942930541439502,0.0,0.0,0.0,0.0,0.0
241142928603062201,0.0,0.0,0.0,0.0,0.0
241142928726332101,0.0,0.0,0.0,0.0,0.0
241142930465417902,0.0,0.0,0.0,0.0,0.0
241142930524075202,0.0,0.0,0.0,0.0,0.0
241242930534408101,0.0,0.0,0.0,0.0,0.0
241442930516032402,0.0,0.0,0.0,0.0,0.0
241442930528886802,0.0,0.0,0.0,0.0,0.0
241542930547557702,0.0,0.0,0.0,0.0,0.0
241742930474208501,2.307692289352417,6.9142544884285035,147.1358358517576,91.16516876220703,629.1971766114815
241842930515814201,0.0,0.0,0.0,0.0,0.0
241942930509935501,0.0,0.0,0.0,0.0,0.0
241942930548691901,0.0,0.0,0.0,0.0,0.0
242242930528340102,0.0,0.0,0.0,0.0,0.0
242342930522564602,0.0,0.0,0.0,0.0,0.0
242542928159125602,0.0,0.0,0.0,0.0,0.0
242942930508408802,0.0,0.0,0.0,0.0,0.0
242942930520106201,0.0,0.0,0.0,0.0,0.0
243042930316903701,0.0,0.0,0.0,0.0,0.0
243142930454432801,0.0,0.0,0.0,0.0,0.0
243342930517752501,0.0,0.0,0.0,0.0,0.0
243342930544502102,0.0,0.0,0.0,0.0,0.0
243442930475280302,0.0,0.0,0.0,0.0,0.0
243442930550673002,0.0,0.0,0.0,0.0,0.0
243542930453927802,1.0970873832702637,4.763009052972044,80.98823848728851,62.429805755615234,490.58993313257093
243642930459961602,1.4077669382095337,18.70696509112666,187.0979381443299,107.37310028076172,1926.8174133019875
243642930510568001,0.0,0.0,0.0,0.0,0.0
243742930531152501,0.0,0.0,0.0,0.0,0.0
243842930460171001,0.0,0.0,0.0,0.0,0.0
244042930472452202,0.0,0.0,0.0,0.0,0.0
244042930544339501,0.0,75.02848133029978,75.02783725910064,8.70093059539795,75.02848133029978
244142930476425802,4.3230767250061035,8.55242037485881,102.63253012048193,47.642765045166016,555.9073150746793
244242929462816302,0.0,0.0,0.0,0.0,0.0
244342929341449002,4.724137783050537,19.6044921875,143.92757660167132,96.0720443725586,1137.0605517788517
244342929801781202,4.0,7.642212889206609,20.663035584604213,3.9431803226470947,45.85327528522079
244342930459751502,0.0,0.0,0.0,0.0,0.0
244342930460159502,0.0,0.0,0.0,0.0,0.0
244342930474676602,0.0,0.0,0.0,0.0,0.0
244342930520360501,1.0,2.460549267215184,2.4605675283997943,0.2469240128993988,2.460549267215184
244442930459439302,0.0,0.0,0.0,0.0,0.0
244442930462294302,0.0,0.0,0.0,0.0,0.0
244442930524266402,0.0,0.0,0.0,0.0,0.0
244542930518141302,0.0,0.0,0.0,0.0,0.0
244742928663965702,0.0,0.0,0.0,0.0,0.0
244742930523922102,0.0,0.0,0.0,0.0,0.0
244742930529662601,0.0,0.0,0.0,0.0,0.0
244842928789946301,0.0,0.0,0.0,0.0,0.0
244842930462669801,0.0,0.0,0.0,0.0,0.0
244942930458206101,0.0,0.0,0.0,0.0,0.0
244942930480466202,0.0,0.0,0.0,0.0,0.0
245042930448990901,0.0,0.0,0.0,0.0,0.0
245642930524900701,0.0,0.0,0.0,0.0,0.0
245942930459583802,3.8974359035491943,9.97532017358171,164.738950042337,63.64563751220703,778.0749675728122
245942930474260601,0.0,0.0,0.0,0.0,0.0
246042930508095402,0.0,0.0,0.0,0.0,0.0
246042930546071401,0.0,0.0,0.0,0.0,0.0
246142930548556802,2.853658437728882,13.929293144611187,84.69877216916781,40.78889846801758,571.101019746057
246242930453999001,0.0,0.0,0.0,0.0,0.0
246642929820806302,0.0,0.0,0.0,0.0,0.0
246842930535479401,0.0,0.0,0.0,0.0,0.0
246942930453237002,0.0,0.0,0.0,0.0,0.0
246942930525049001,0.0,0.0,0.0,0.0,0.0
247042930471770102,0.0,0.0,0.0,0.0,0.0
247042930477042902,0.0,0.0,0.0,0.0,0.0
247042930548138301,0.0,0.0,0.0,0.0,0.0
247142928726194001,3.4123711585998535,7.54837797935731,140.28303894445628,81.9857406616211,732.1926533694368
247142930521840402,0.0,0.0,0.0,0.0,0.0
247142930527309001,0.0,0.0,0.0,0.0,0.0
247442930516618101,0.0,0.0,0.0,0.0,0.0
247542930455305002,0.0,0.0,0.0,0.0,0.0
247542930525796802,0.0,0.0,0.0,0.0,0.0
247642930515817802,0.0,0.0,0.0,0.0,0.0
247642930526681902,3.038461446762085,5.017309847987751,66.42760279965005,18.433425903320312,130.45005673519478
247842930455165602,2.4800000190734863,9.810162527478775,147.28320194057005,104.08263397216797,735.7621781133463
247842930531104201,0.0,0.0,0.0,0.0,0.0
247942930516274002,2.700000047683716,1.805860627871446,5.87378640776699,2.4116997718811035,18.058605797247814
248142930538291001,0.0,0.0,0.0,0.0,0.0
248242930509840102,0.0,0.0,0.0,0.0,0.0
248442930477943401,0.0,0.0,0.0,0.0,0.0
248442930530739201,1.476190447807312,8.759597447834127,63.82989963021659,20.88835906982422,183.95154275036043
248842930460261002,0.0,0.0,0.0,0.0,0.0
248842930476112602,0.0,0.0,0.0,0.0,0.0
248942930464579101,0.0,0.0,0.0,0.0,0.0
249142930461593201,2.826923131942749,4.848364037794285,51.375823766388,29.218355178833008,252.1149220354797
249242930518300002,0.0,0.0,0.0,0.0,0.0
249342930507773402,0.0,0.0,0.0,0.0,0.0
249542930530366302,4.6315789222717285,12.946337692136687,65.85772357723577,26.4621524810791,245.98041432078293
249642930527520802,0.0,0.0,0.0,0.0,0.0
249642930539463702,0.0,0.0,0.0,0.0,0.0
249842929000335401,0.0,0.0,0.0,0.0,0.0
249842930519587202,0.0,0.0,0.0,0.0,0.0
249942930532822402,4.0,7.500763383575884,58.62785862785863,27.874229431152344,285.02899638154156
251242930474606902,2.3333332538604736,10.7196044921875,61.09104938271605,72.84102630615234,707.4938916438891
251342928108622702,0.0,0.0,0.0,0.0,0.0
251342930012280301,0.0,0.0,0.0,0.0,0.0
251342930517654102,0.0,0.0,0.0,0.0,0.0
251442930476629802,0.0,0.0,0.0,0.0,0.0
251542930535989801,0.0,0.0,0.0,0.0,0.0
251642930546482101,1.8404254913330078,12.063158527679896,134.3887240356083,83.08745574951172,1133.9369088238
251742930542242702,0.0,0.0,0.0,0.0,0.0
251842930470777901,0.0,0.0,0.0,0.0,0.0
251942930447639201,0.0,0.0,0.0,0.0,0.0
252342930543445002,0.0,0.0,0.0,0.0,0.0
252442928725940202,0.0,0.0,0.0,0.0,0.0
252442930465818002,2.890625,41.365841027462125,383.76363636363635,100.51007080078125,2647.413897705078
252442930528910601,0.0,0.0,0.0,0.0,0.0
252542928683993102,0.0,0.0,0.0,0.0,0.0
252542930480707601,0.0,0.0,0.0,0.0,0.0
252742928030399201,2.625,7.122362819299905,39.21598864711447,4.485062122344971,56.97890052181883
252742929118680102,0.0,0.0,0.0,0.0,0.0
252742930449925801,0.0,0.0,0.0,0.0,0.0
252742930454283301,0.0,0.0,0.0,0.0,0.0
252742930548077501,0.0,0.0,0.0,0.0,0.0
252742930549312001,0.0,0.0,0.0,0.0,0.0
252842930457281702,3.6883115768432617,20.341815679155967,278.8000641848524,59.81568145751953,1566.3197853568277
252842930473606302,3.5,26.71707612683438,77.64905660377359,16.860965728759766,213.73660461297825
252842930515912101,0.0,0.0,0.0,0.0,0.0
253042930460311801,0.0,0.0,0.0,0.0,0.0
253342928921105802,0.0,0.0,0.0,0.0,0.0
253342930478229202,2.1980197429656982,7.064373471812142,64.61551946853663,90.9996566772461,713.5017127631709
253342930533526902,0.0,0.0,0.0,0.0,0.0
253542930460951801,0.0,0.0,0.0,0.0,0.0
253542930473454802,0.0,0.0,0.0,0.0,0.0
253642930474121701,0.0,0.0,0.0,0.0,0.0
253642930517892002,1.303030252456665,4.929007984309365,88.12070669631827,60.68662643432617,487.97180767733283
253842930456207201,0.0,0.0,0.0,0.0,0.0
253842930462375002,0.0,0.0,0.0,0.0,0.0
253842930546890301,0.0,0.0,0.0,0.0,0.0
254042930520816602,0.0,0.0,0.0,0.0,0.0
254142930454477502,0.0,0.0,0.0,0.0,0.0
254142930519710602,0.0,0.0,0.0,0.0,0.0
254142930541858601,2.7058823108673096,13.269857174705335,141.45657568238212,18.80630874633789,225.58756648932143
254242930466965302,0.0,0.0,0.0,0.0,0.0
254242930530851801,0.0,0.0,0.0,0.0,0.0
254342930461275701,3.777777671813965,6.0988450661193285,43.18325394835799,44.462249755859375,329.3376222478025
254442930456754501,2.505747079849243,8.992613361614207,138.75980305960962,106.25371551513672,782.3573586879976
254442930525539801,3.866666555404663,7.549985444028711,120.99450213805743,74.84072875976562,452.99914274291433
254642929249216101,0.0,0.0,0.0,0.0,0.0
254642930549295101,0.0,0.0,0.0,0.0,0.0
255042930547075401,0.0,0.0,0.0,0.0,0.0
255142930436090001,0.0,0.0,0.0,0.0,0.0
255142930463688201,0.0,0.0,0.0,0.0,0.0
255242927945047202,0.0,0.0,0.0,0.0,0.0
255342929021009101,0.0,0.0,0.0,0.0,0.0
255342930449499902,3.8333332538604736,9.294956927087117,101.42163772433335,60.145355224609375,613.4671583119532
255442930516645202,0.0,0.0,0.0,0.0,0.0
255642930463932702,0.0,0.0,0.0,0.0,0.0
255742930534123101,1.79365074634552,14.634825697044665,162.79245787643754,138.6592559814453,921.9940309037369
256042930518170701,0.0,0.0,0.0,0.0,0.0
256142930528386001,0.0,0.0,0.0,0.0,0.0
256242930463635002,0.0,0.0,0.0,0.0,0.0
256242930532496001,0.0,0.0,0.0,0.0,0.0
256342930459586501,0.0,0.0,0.0,0.0,0.0
256442930546114502,4.230769157409668,8.456895768746367,41.5429180391397,11.611211776733398,109.93964941671157
256742930518989901,0.0,0.0,0.0,0.0,0.0
256742930523892702,0.0,0.0,0.0,0.0,0.0
256742930528824702,2.299999952316284,3.540867251751447,86.39798964361864,46.07643508911133,354.08672698965313
256842928043839301,0.0,0.0,0.0,0.0,0.0
257042928210580802,0.0,0.0,0.0,0.0,0.0
257042930459363701,3.6867470741271973,7.4921104490436345,117.78162980673441,81.96817016601562,621.8451482708602
257042930460144001,6.0,10.05511439410323,33.40484429065744,6.508828163146973,50.27557140733131
257442930527639402,1.5068492889404297,8.399228798231512,91.38531618435155,83.5145263671875,613.1436855647341
257542930531992402,0.0,0.0,0.0,0.0,0.0
257642930474949601,0.0,0.0,0.0,0.0,0.0
257742930463712801,0.0,0.0,0.0,0.0,0.0
257742930541837301,0.0,0.0,0.0,0.0,0.0
257842930448633102,0.0,0.0,0.0,0.0,0.0
257842930474322902,0.0,0.0,0.0,0.0,0.0
257842930525994302,0.0,0.0,0.0,0.0,0.0
257842930534388801,0.0,6.836344708136792,0.0,67.55892181396484,444.3624045641917
258242930521159301,2.4178082942962646,6.3703554756497605,171.74943224829676,77.80902099609375,930.0719336279408
258242930532428802,0.0,0.0,0.0,0.0,0.0
258342930457933401,0.0,0.0,0.0,0.0,0.0
258542930477109202,0.0,0.0,0.0,0.0,0.0
258542930528680001,0.0,161.93349159402243,161.93337484433374,7.523584365844727,161.93349159402243
258642929800141202,0.0,0.0,0.0,0.0,0.0
258742930449263202,0.0,0.0,0.0,0.0,0.0
258842930524132401,0.0,0.0,0.0,0.0,0.0
258942930455643301,0.0,0.0,0.0,0.0,0.0
259142930428343602,0.0,0.0,0.0,0.0,0.0
259242930521374202,0.0,0.0,0.0,0.0,0.0
259242930526590001,0.0,0.0,0.0,0.0,0.0
259242930542989201,0.0,0.0,0.0,0.0,0.0
259342927979570502,2.7647058963775635,6.5678629577530465,46.982840089529965,8.879536628723145,111.653666320057
259542930549929202,0.0,0.0,0.0,0.0,0.0
259642929034814401,0.0,0.0,0.0,0.0,0.0
259642930546744502,0.0,0.0,0.0,0.0,0.0
259742930544586602,0.0,0.0,0.0,0.0,0.0
259942930526882402,0.0,0.0,0.0,0.0,0.0
261142930455927801,0.0,0.0,0.0,0.0,0.0
261142930526174002,0.0,0.0,0.0,0.0,0.0
261242930519812601,0.0,0.0,0.0,0.0,0.0
261342930550042501,0.0,0.0,0.0,0.0,0.0
261442930531207501,0.0,0.0,0.0,0.0,0.0
261542929903230801,5.9285712242126465,11.226333356936053,161.865055387714,40.3322868347168,471.50599167450196
261542930527398002,0.0,0.0,0.0,0.0,0.0
261642930534151601,0.0,0.0,0.0,0.0,0.0
261642930541661902,0.0,0.0,0.0,0.0,0.0
261742928043880601,0.0,0.0,0.0,0.0,0.0
262242930462873701,0.0,0.0,0.0,0.0,0.0
262342930459644301,0.0,0.0,0.0,0.0,0.0
262342930541339301,0.0,0.0,0.0,0.0,0.0
262442930520993002,0.0,0.0,0.0,0.0,0.0
262542930537165501,0.0,0.0,0.0,0.0,0.0
262842930541577902,0.0,0.0,0.0,0.0,0.0
263042930458424401,3.350649356842041,12.562425422002327,267.23748544819557,71.71842193603516,967.3067807460692
263242930458255702,0.0,0.0,0.0,0.0,0.0
263442930466846301,5.099999904632568,24.04028960914723,86.31778425655976,9.16489315032959,240.40289082541062
263442930521798901,0.0,0.0,0.0,0.0,0.0
263542930524815602,0.0,0.0,0.0,0.0,0.0
263642930517146502,0.0,0.0,0.0,0.0,0.0
263742930474811502,0.0,0.0,0.0,0.0,0.0
263942930474844501,0.0,0.0,0.0,0.0,0.0
264042930457452702,3.0,15.193494115901899,15.19367088607595,1.186927080154419,15.193494115901899
264142928135731901,0.0,0.0,0.0,0.0,0.0
264142929197899901,0.0,0.0,0.0,0.0,0.0
264242930469660601,0.0,0.0,0.0,0.0,0.0
264242930472909102,0.0,0.0,0.0,0.0,0.0
264442930528585602,0.0,0.0,0.0,0.0,0.0
264542929991113002,0.0,0.0,0.0,0.0,0.0
264642930550424401,0.0,0.0,0.0,0.0,0.0
264642930550565001,0.0,0.0,0.0,0.0,0.0
264742928243059901,0.0,0.0,0.0,0.0,0.0
264742929373243501,4.0,8.112517773055284,77.5078277886497,16.08938217163086,194.70042004370643
264742930458813402,0.0,0.0,0.0,0.0,0.0
264842930468130001,0.0,0.0,0.0,0.0,0.0
264842930471898001,0.0,0.0,0.0,0.0,0.0
264942930461356002,0.0,0.0,0.0,0.0,0.0
265142930474007702,0.0,0.0,0.0,0.0,0.0
265342930525067001,0.0,0.0,0.0,0.0,0.0
265342930543016301,0.0,0.0,0.0,0.0,0.0
265842929476646701,0.0,0.0,0.0,0.0,0.0
265842930534545802,0.0,0.0,0.0,0.0,0.0
265842930543162202,0.0,0.0,0.0,0.0,0.0
266042930454985302,0.0,0.0,0.0,0.0,0.0
266042930524204401,0.0,0.0,0.0,0.0,0.0
266042930541519002,0.0,0.0,0.0,0.0,0.0
266142928265489802,0.0,0.0,0.0,0.0,0.0
266442930454746502,0.0,0.0,0.0,0.0,0.0
266442930476981601,0.0,0.0,0.0,0.0,0.0
266542930469002501,0.0,0.0,0.0,0.0,0.0
266642930455716702,0.0,0.0,0.0,0.0,0.0
266742930526545901,0.0,0.0,0.0,0.0,0.0
266942930451361702,4.460526466369629,14.390929090581452,178.71119654012494,80.1277847290039,1093.710626458274
266942930458448002,2.6935484409332275,24.41804241311961,243.15032327586206,60.933204650878906,1513.918593869127
266942930546957102,2.775861978530884,6.874295605104978,146.91923467660007,89.97886657714844,797.4183060208136
267042930522688401,0.0,0.0,0.0,0.0,0.0
267042930528033102,0.0,0.0,0.0,0.0,0.0
267142930451551001,0.0,0.0,0.0,0.0,0.0
267142930480320402,0.0,0.0,0.0,0.0,0.0
267342929197690602,0.0,0.0,0.0,0.0,0.0
267342930470650002,0.0,0.0,0.0,0.0,0.0
267342930528504901,0.0,0.0,0.0,0.0,0.0
267442930449858502,0.0,0.0,0.0,0.0,0.0
267442930519167501,4.789473533630371,53.91075808502907,375.4011627906977,24.70026969909668,1024.304401711669
267542930528558402,0.0,0.0,0.0,0.0,0.0
267542930536388401,0.0,0.0,0.0,0.0,0.0
267642929269363301,0.0,0.0,0.0,0.0,0.0
267742930530602901,0.0,0.0,0.0,0.0,0.0
268042930458333202,0.0,0.0,0.0,0.0,0.0
268142930316798501,0.0,0.0,0.0,0.0,0.0
268242930476680702,0.0,0.0,0.0,0.0,0.0
268642930459538102,0.0,0.0,0.0,0.0,0.0
268742930518171302,4.8125,19.372332348249344,248.9698952879581,31.029638290405273,619.9146174710459
268842930465034701,100.0,179.77558390524683,168.70633163604163,32.25820541381836,179.77558390524683
268842930547504902,0.0,0.0,0.0,0.0,0.0
268942930468831801,3.6190476417541504,3.1470040669251516,23.15144976399191,12.283843040466309,66.08708566883007
269142930517279701,0.0,0.0,0.0,0.0,0.0
269542930465015202,0.0,0.0,0.0,0.0,0.0
269642930464550602,0.0,0.0,0.0,0.0,0.0
269742930448412001,2.8918919563293457,5.200509179575445,69.29122203098106,54.47470474243164,384.8376882582646
269742930461248501,2.3333332538604736,7.469720775722751,21.18733165738912,0.0,22.40916162574071
269942928130694402,23.461538314819336,10.49762820715369,81.65116279069767,20.669818878173828,136.46916416272356
269942929155481702,0.0,0.0,0.0,0.0,0.0
269942930526785002,0.0,0.0,0.0,0.0,0.0
269942930526875602,0.0,0.0,0.0,0.0,0.0
269942930529106301,0.0,0.0,0.0,0.0,0.0
271142930462946402,0.0,0.0,0.0,0.0,0.0
271242928684109501,0.0,0.0,0.0,0.0,0.0
271442930543173501,0.0,0.0,0.0,0.0,0.0
271442930548182901,0.0,0.0,0.0,0.0,0.0
271542928099579202,0.0,0.0,0.0,0.0,0.0
271542930519868601,0.0,0.0,0.0,0.0,0.0
271642930459031202,1.5,5.569956448150594,11.139879641861148,1.6132131814956665,11.139913182977397
271642930462452902,0.0,0.0,0.0,0.0,0.0
271742930475173801,0.0,0.0,0.0,0.0,0.0
271742930508828202,3.2857143878936768,6.591291756465517,34.56004756242568,10.480114936828613,138.41712262655977
271942930459908702,0.0,0.0,0.0,0.0,0.0
272042930519339402,0.0,0.0,0.0,0.0,0.0
272042930529516901,4.0,1.705657211809776,1.7056780691092204,0.16544842720031738,1.705657211809776
272242928845210701,0.0,0.0,0.0,0.0,0.0
272242930476204301,0.0,0.0,0.0,0.0,0.0
272342930526128902,0.0,0.0,0.0,0.0,0.0
272442930461241502,2.438596487045288,6.980102788452184,111.75493725070532,74.18453979492188,795.7317182972502
272842930460178202,226.0,3.8793726828176935,3.879399982954061,0.6491279006004333,3.8793726828176935
272842930531914801,1.0,0.08010968865598578,0.08043875685557587,0.007676208391785622,0.08010968865598578
272942930522697701,0.0,0.0,0.0,0.0,0.0
273042930515730901,0.0,0.0,0.0,0.0,0.0
273042930524748101,0.0,0.0,0.0,0.0,0.0
273142930470689702,0.0,0.0,0.0,0.0,0.0
273142930533768001,0.0,0.0,0.0,0.0,0.0
273442930546731802,0.0,0.0,0.0,0.0,0.0
273542929989589602,0.0,0.0,0.0,0.0,0.0
273542930453669902,0.0,0.0,0.0,0.0,0.0
273542930542605502,0.0,0.0,0.0,0.0,0.0
273642930508767101,0.0,0.0,0.0,0.0,0.0
273642930533961901,0.0,0.0,0.0,0.0,0.0
273742930475146401,0.0,0.0,0.0,0.0,0.0
273842930518582102,0.0,0.0,0.0,0.0,0.0
274042928043842102,5.25,3.091589170226431,8.451666865814314,2.1734025478363037,12.366356739249762
274042930533205801,3.95652174949646,5.333541772205336,38.56678486997636,52.6939697265625,368.0143807568046
274142930469864701,0.0,0.0,0.0,0.0,0.0
274242930457202402,2.2682926654815674,7.0135994586134,57.09583694709453,80.58563232421875,575.1151720412586
274242930457849201,0.0,0.0,0.0,0.0,0.0
274242930545682101,0.0,0.0,0.0,0.0,0.0
274342930547205401,0.0,0.0,0.0,0.0,0.0
274542930448087501,0.0,0.0,0.0,0.0,0.0
274642930509549001,1.4074074029922485,7.3059043214527915,215.77642980935875,100.77574920654297,591.7782688849423
274742930507794401,0.0,0.0,0.0,0.0,0.0
274942930473043401,0.0,0.0,0.0,0.0,0.0
275042928135390702,0.6947368383407593,4.050966852361506,77.108984375,67.45442962646484,384.84186077605597
275042930517825101,0.10000000149011612,2.2102736054779126,0.11415168100078187,2.2494008541107178,22.10273626355849
275242929861334501,6.849999904632568,35.58049909558264,446.6035795887281,67.66073608398438,711.6099747529215
275242930464028901,0.0,0.0,0.0,0.0,0.0
275442929613423202,0.0,0.0,0.0,0.0,0.0
275442930464639801,4.557692527770996,15.256754314365672,219.57611940298509,74.30960845947266,793.351206173114
275442930527084202,0.0,0.0,0.0,0.0,0.0
275542930545852601,0.0,0.0,0.0,0.0,0.0
275742930548107602,0.0,0.0,0.0,0.0,0.0
275842928021779401,0.0,0.0,0.0,0.0,0.0
275842930519335401,0.0,0.0,0.0,0.0,0.0
275942930479575502,0.0,0.0,0.0,0.0,0.0
276042930464092201,0.0,0.0,0.0,0.0,0.0
276242930472097402,0.0,0.0,0.0,0.0,0.0
276642928042242301,0.0,0.0,0.0,0.0,0.0
276642929649295001,0.0,0.0,0.0,0.0,0.0
276742930527201601,1.8333333730697632,10.518205760588526,119.96946564885496,76.06916809082031,883.5292487338211
276842929104948101,0.0,0.0,0.0,0.0,0.0
276842930525970802,0.0,0.0,0.0,0.0,0.0
276842930549490302,0.0,0.0,0.0,0.0,0.0
277242930457175502,0.0,0.0,0.0,0.0,0.0
277242930516254902,0.0,0.0,0.0,0.0,0.0
277442930454145502,4.3108110427856445,7.239543078297794,85.76018818354005,52.38930892944336,535.7262028500528
277542930456323102,0.0,0.0,0.0,0.0,0.0
277542930473742702,0.0,0.0,0.0,0.0,0.0
277542930531233702,2.8181817531585693,28.440267644089573,173.4581497797357,17.48805046081543,312.8429373056353
277642929969542602,0.0,0.0,0.0,0.0,0.0
277742930525180201,0.0,0.0,0.0,0.0,0.0
277742930547603701,0.0,0.0,0.0,0.0,0.0
277842930518285201,0.0,0.0,0.0,0.0,0.0
278042930509677102,0.0,0.0,0.0,0.0,0.0
278242930455278201,0.0,0.0,0.0,0.0,0.0
278342928932688301,0.0,0.0,0.0,0.0,0.0
278442930473949402,4.153846263885498,16.694868607954547,147.93460925039872,31.048412322998047,434.06656938762757
278642930515756102,0.0,0.0,0.0,0.0,0.0
278742930460003702,0.0,0.0,0.0,0.0,0.0
278842930477822401,0.0,0.0,0.0,0.0,0.0
278842930516981202,0.5799999833106995,15.2295163748065,75.14551083591331,44.435672760009766,761.4758564739404
278842930524592002,3.8888888359069824,13.30188715852649,84.90397350993378,12.091523170471191,119.71698658250551
278942930525158501,4.5,6.7091231352223355,13.48709430104779,3.837092876434326,26.836491667398736
279142928086601001,0.0,0.0,0.0,0.0,0.0
279442930473480502,0.0,0.0,0.0,0.0,0.0
279642930453807602,0.0,0.0,0.0,0.0,0.0
279642930541353202,199.0,246.54818097014925,246.54776119402985,12.81816577911377,246.54818097014925
279742930525071701,0.0,0.0,0.0,0.0,0.0
279942930518740602,0.0,0.0,0.0,0.0,0.0
281142929642567301,0.0,0.0,0.0,0.0,0.0
281142930529025802,0.0,0.0,0.0,0.0,0.0
281342929684635902,0.0,0.0,0.0,0.0,0.0
281342930453948401,0.0,0.0,0.0,0.0,0.0
281342930534319302,0.0,0.0,0.0,0.0,0.0
281842930455480101,0.0,0.0,0.0,0.0,0.0
281842930478686702,0.0,0.0,0.0,0.0,0.0
281942930477643701,0.0,0.0,0.0,0.0,0.0
282042930457742102,0.0,0.0,0.0,0.0,0.0
282142930550607302,3.0,1.1864855322196994,1.1865066493674992,0.13082632422447205,1.1864855322196994
282342930530675901,0.0,0.0,0.0,0.0,0.0
282442930450635301,0.0,0.0,0.0,0.0,0.0
282442930508133501,0.0,0.0,0.0,0.0,0.0
282542930524809801,0.0,0.0,0.0,0.0,0.0
282642930469586102,0.0,0.0,0.0,0.0,0.0
283142930479193502,0.0,0.0,0.0,0.0,0.0
283242930527502002,0.0,0.0,0.0,0.0,0.0
283342928005313202,0.0,0.0,0.0,0.0,0.0
283342930528881501,0.0,0.0,0.0,0.0,0.0
283442930458935102,0.0,0.0,0.0,0.0,0.0
283442930510207402,0.0,0.0,0.0,0.0,0.0
283542930519666102,0.0,0.0,0.0,0.0,0.0
283642928757851802,0.0,0.0,0.0,0.0,0.0
283742930536990002,3.2435896396636963,21.832128400259066,521.1056994818653,72.16893005371094,1702.9060196239095
283742930550168602,0.0,0.0,0.0,0.0,0.0
283842930477529801,0.0,0.0,0.0,0.0,0.0
283842930509256702,4.150000095367432,33.554790373401055,256.7893152746426,162.2716064453125,2013.2874287245775
283842930519159102,8.139534950256348,10.509788148682043,192.14497528830313,55.9268684387207,451.9208913894226
283842930532141702,0.0,0.0,0.0,0.0,0.0
284042930450482202,2.5416667461395264,6.01539792239011,48.53142857142857,15.478899955749512,144.3695460023985
284142927921591502,0.0,0.0,0.0,0.0,0.0
284142930469310702,0.0,0.0,0.0,0.0,0.0
284142930517593401,0.0,0.0,0.0,0.0,0.0
284142930545369602,0.0,0.0,0.0,0.0,0.0
284242930457062102,0.0,0.0,0.0,0.0,0.0
284242930542269101,0.0,0.0,0.0,0.0,0.0
284342929118646901,0.0,0.0,0.0,0.0,0.0
284342930542910402,0.0,153.2330230305639,153.23288850624192,11.62690544128418,153.2330230305639
284542930289309602,3.4285714626312256,10.441727743771478,45.55807560137457,15.79817008972168,146.18419114207893
284642930462574802,0.0,0.0,0.0,0.0,0.0
284842929331811301,0.0,0.0,0.0,0.0,0.0
284942930474896701,0.0,0.0,0.0,0.0,0.0
284942930526933301,0.0,0.0,0.0,0.0,0.0
285042930530335901,0.0,0.0,0.0,0.0,0.0
285242929529038501,0.0,0.0,0.0,0.0,0.0
285342930477471501,7.0,6.682305184057204,6.683050847457627,0.7841353416442871,6.682305184057204
285342930477479902,0.0,0.0,0.0,0.0,0.0
285642929025477601,0.0,0.0,0.0,0.0,0.0
285642930536209902,4.209677219390869,13.94864355327424,99.19030390738061,83.05429077148438,864.8159160403543
285842930543680701,0.0,0.0,0.0,0.0,0.0
285942930466952001,0.0,0.0,0.0,0.0,0.0
286042930529533502,3.327868938446045,14.062880947353603,196.15675675675675,80.17556762695312,857.8357376923432
286142930461326201,0.0,0.0,0.0,0.0,0.0
286242930509415601,3.615384578704834,7.45912365434723,52.159626988480525,7.552458763122559,96.9686058994446
286342927982837101,0.0,0.0,0.0,0.0,0.0
286342930526716102,0.0,0.0,0.0,0.0,0.0
286542930471697302,0.0,0.0,0.0,0.0,0.0
286542930524444701,0.0,0.0,0.0,0.0,0.0
286742930519788302,0.0,0.0,0.0,0.0,0.0
286742930533445401,0.0,0.0,0.0,0.0,0.0
286942928570832201,0.0,0.0,0.0,0.0,0.0
286942928684064701,0.0,0.0,0.0,0.0,0.0
287142930538503402,0.0,0.0,0.0,0.0,0.0
287142930546935102,0.0,0.0,0.0,0.0,0.0
287242930472712401,0.0,0.0,0.0,0.0,0.0
287242930478058801,0.0,0.0,0.0,0.0,0.0
287442929424281301,2.9259259700775146,3.986869695663705,76.21120730482885,21.337718963623047,215.29096081915975
287542930449605602,0.0,0.0,0.0,0.0,0.0
287542930471836801,0.0,0.0,0.0,0.0,0.0
287842930464915402,0.0,0.0,0.0,0.0,0.0
287942929309212902,3.777777671813965,13.648831609759982,76.34664401019542,10.449831008911133,122.83948339885235
287942930465536202,0.0,0.0,0.0,0.0,0.0
288042930543019902,0.0,0.0,0.0,0.0,0.0
288042930543246201,0.0,0.0,0.0,0.0,0.0
288242930469467601,0.0,0.0,0.0,0.0,0.0
288242930547391702,28.0,5.142224197371256,23.283344106873518,9.630658149719238,56.564466434109704
288442930541622001,0.0,0.0,0.0,0.0,0.0
288742930522472501,0.37254902720451355,7.0061692025905185,19.30146029205841,39.87097930908203,357.3146180261443
288842930452286102,0.0,0.0,0.0,0.0,0.0
288842930460077201,3.142857074737549,18.57257739917652,552.6452702702703,94.87358856201172,2080.1286903575465
288842930547629101,0.0,0.0,0.0,0.0,0.0
288842930549622001,0.0,0.0,0.0,0.0,0.0
288942930516013801,0.0,0.0,0.0,0.0,0.0
289042930527326901,0.0,0.0,0.0,0.0,0.0
289042930547054202,0.0,0.0,0.0,0.0,0.0
289142930458890701,0.0,0.0,0.0,0.0,0.0
289342930451844602,0.0,0.0,0.0,0.0,0.0
289442930462773001,0.0,0.0,0.0,0.0,0.0
289542930473308102,0.0,0.0,0.0,0.0,0.0
289642930545972401,0.0,0.0,0.0,0.0,0.0
289742930530455002,0.0,0.0,0.0,0.0,0.0
289842930516115902,1.9428571462631226,11.146420538508345,94.68880389429764,40.351505279541016,390.1247278247987
289942930511244801,0.0,0.0,0.0,0.0,0.0
291542930469697801,0.0,0.0,0.0,0.0,0.0
291642930542641001,3.5,0.1939637337323915,0.38808290155440417,0.06866773217916489,0.387927467464783
291742930142600201,0.0,0.0,0.0,0.0,0.0
291942930446774202,0.0,0.0,0.0,0.0,0.0
291942930533612102,0.0,0.0,0.0,0.0,0.0
292042930517688202,0.0,0.0,0.0,0.0,0.0
292142930479925101,0.0,0.0,0.0,0.0,0.0
292242930515574002,4.142857074737549,8.960602970287516,140.4551045510455,63.690792083740234,627.2422171026138
292442930460041502,0.0,0.0,0.0,0.0,0.0
292442930462885501,0.0,0.0,0.0,0.0,0.0
292942929456669102,0.0,0.0,0.0,0.0,0.0
293142930517194901,3.8888888359069824,16.423398903321978,89.98807495741056,19.795339584350586,295.6211903456732
293242930526249502,0.0,0.0,0.0,0.0,0.0
293242930531600502,0.0,0.0,0.0,0.0,0.0
293242930550733201,0.0,0.0,0.0,0.0,0.0
293342930508080601,2.777777671813965,4.8453199169303796,22.159493670886075,8.166999816894531,43.607878343606295
293342930508994302,0.0,0.0,0.0,0.0,0.0
293642930164668102,0.0,0.0,0.0,0.0,0.0
293642930446861002,3.5897436141967773,6.0192038622588635,107.66006256517205,33.66719055175781,234.74894111074423
293742930524691402,0.0,0.0,0.0,0.0,0.0
294142930461696302,0.0,0.0,0.0,0.0,0.0
294342930527502601,0.0,0.0,0.0,0.0,0.0
294742929721498401,3.418604612350464,9.007580120433236,164.5452634982218,92.26725769042969,774.651875961802
294742930517719501,0.0,0.0,0.0,0.0,0.0
294742930542542101,0.0,0.0,0.0,0.0,0.0
294942930446267502,2.799999952316284,5.679144535263467,42.27975928372229,14.485318183898926,113.58288922485549
294942930455870402,11.421052932739258,23.84930690924843,221.99220272904483,13.040837287902832,453.13682725694446
294942930531762002,5.482142925262451,12.847414372930464,167.21721854304636,68.90677642822266,719.4551867200839
295442930453856202,0.0,0.0,0.0,0.0,0.0
295542928159286201,0.0,0.0,0.0,0.0,0.0
295542930480599701,0.0,0.0,0.0,0.0,0.0
295542930538104301,0.0,0.0,0.0,0.0,0.0
295742930474957402,0.0,0.0,0.0,0.0,0.0
295742930524433702,0.0,0.0,0.0,0.0,0.0
295842930532647602,0.0,0.0,0.0,0.0,0.0
295942930515960302,0.0,0.0,0.0,0.0,0.0
295942930516742801,0.0,0.0,0.0,0.0,0.0
296242930455377601,0.0,0.0,0.0,0.0,0.0
296342930508236301,0.0,0.0,0.0,0.0,0.0
296342930517781701,0.0,0.0,0.0,0.0,0.0
296442930519883402,2.909090995788574,16.812828797888702,137.2662192393736,7.427728176116943,184.941115411336
296542930474349602,2.6666667461395264,8.458878130089577,36.06449511400651,6.254547119140625,50.75326878053746
296642929820997201,0.0,0.0,0.0,0.0,0.0
296742927980095501,1.9487179517745972,11.61670156142906,84.15010281014393,90.95018005371094,906.1027031127846
296742930529195101,0.0,0.0,0.0,0.0,0.0
296842930458231501,2.266055107116699,4.725142577832193,144.5118684723402,76.27923583984375,515.040534536983
296842930475425901,0.0,0.0,0.0,0.0,0.0
297142930453227601,0.0,0.0,0.0,0.0,0.0
297142930460015402,2.8131868839263916,12.624099307287954,175.23235923022096,57.97262191772461,1148.7929823250747
297142930544064501,0.0,0.0,0.0,0.0,0.0
297142930548160502,0.0,0.0,0.0,0.0,0.0
297242930550572001,0.0,0.0,0.0,0.0,0.0
297442930464887802,0.0,0.0,0.0,0.0,0.0
297742930468887502,0.0,0.0,0.0,0.0,0.0
297942930447564901,0.0,0.0,0.0,0.0,0.0
297942930472700202,0.0,0.0,0.0,0.0,0.0
297942930473282202,0.0,0.0,0.0,0.0,0.0
298042930524275601,0.0,0.0,0.0,0.0,0.0
298242930477089302,0.0,0.0,0.0,0.0,0.0
298242930510235002,3.625,5.783223089770736,46.299065420560744,10.795394897460938,92.53157096934096
298342930447643102,0.0,0.0,0.0,0.0,0.0
298342930544433301,0.0,0.0,0.0,0.0,0.0
298342930548585002,3.6666667461395264,4.064827869728344,6.942755825734549,1.6185437440872192,12.19448329998971
298542930475335702,0.0,0.0,0.0,0.0,0.0
298542930528293701,0.0,0.0,0.0,0.0,0.0
298842930529840402,0.0,0.0,0.0,0.0,0.0
299042929197945001,0.0,0.0,0.0,0.0,0.0
299242930449084201,0.0,0.0,0.0,0.0,0.0
299442930462151402,0.0,0.0,0.0,0.0,0.0
299542930517598002,0.0,0.0,0.0,0.0,0.0
299642930472921601,0.0,0.0,0.0,0.0,0.0
299642930524834302,0.0,0.0,0.0,0.0,0.0
299742930528227402,0.0,0.0,0.0,0.0,0.0
299742930545005402,0.0,13.533710733289768,217.99701269604182,236.20082092285156,2503.7364069170876
301242930459796901,0.0,0.0,0.0,0.0,0.0
301542930508533601,1.9189189672470093,7.011478705694212,71.81543624161074,37.536773681640625,259.4247241012202
301542930528796002,0.0,0.0,0.0,0.0,0.0
301642930479679501,0.0,0.0,0.0,0.0,0.0
301642930524385402,0.0,0.0,0.0,0.0,0.0
301842930461762701,0.0,0.0,0.0,0.0,0.0
301842930544711402,0.0,0.0,0.0,0.0,0.0
301942929839855901,0.0,0.0,0.0,0.0,0.0
301942930474861802,3.965517282485962,16.326168794361198,184.49053627760253,36.696746826171875,473.4588921152831
302042930474602301,0.0,0.0,0.0,0.0,0.0
302142930528684002,3.1395349502563477,6.224896397582506,140.88775203129703,24.92902946472168,267.6705528348819
302142930534298101,0.0,0.0,0.0,0.0,0.0
302542930466332502,0.0,0.0,0.0,0.0,0.0
302542930541058901,0.0,0.0,0.0,0.0,0.0
302542930544385002,0.0,0.0,0.0,0.0,0.0
302542930550807001,0.0,0.0,0.0,0.0,0.0
302842930457098302,3.3636362552642822,3.353708695296248,20.19666384159026,3.926683187484741,36.89079416223443
302942930517101002,0.0,0.0,0.0,0.0,0.0
303142930474287802,0.0,0.0,0.0,0.0,0.0
303142930522970002,1.5888888835906982,8.796680277567976,122.34222893588452,121.97237396240234,791.7012387179976
303242930525631102,0.0,0.0,0.0,0.0,0.0
303442929946432702,6.416666507720947,14.589673752365185,165.51497950173447,77.09020233154297,525.2282653635363
303642928077879902,0.0,0.0,0.0,0.0,0.0
303742930463339901,0.0,0.0,0.0,0.0,0.0
303742930466476901,0.0,0.0,0.0,0.0,0.0
303742930474687902,0.0,0.0,0.0,0.0,0.0
303942927963809701,0.0,0.0,0.0,0.0,0.0
303942930465122701,0.0,0.0,0.0,0.0,0.0
304042930476111801,0.0,0.0,0.0,0.0,0.0
304142930516774902,0.0,0.0,0.0,0.0,0.0
304142930548522101,0.0,0.0,0.0,0.0,0.0
304542929249094801,0.0,0.0,0.0,0.0,0.0
304542930461310101,0.0,0.0,0.0,0.0,0.0
304542930546424301,0.0,0.0,0.0,0.0,0.0
304742930530586601,0.0,0.0,0.0,0.0,0.0
304842930517668701,0.0,0.0,0.0,0.0,0.0
304842930519811202,0.0,0.0,0.0,0.0,0.0
305142930508959602,1.9905660152435303,7.161045288560769,119.57442248154322,0.0,759.0707699899173
305442928726076102,2.944444417953491,22.931322419241575,253.24906367041197,121.3727035522461,1238.2914313769966
305442930454598402,0.0,0.0,0.0,0.0,0.0
305442930471191902,0.0,0.0,0.0,0.0,0.0
305542930529910201,0.0,0.0,0.0,0.0,0.0
305742930528768702,0.0,0.0,0.0,0.0,0.0
306242930537512101,0.0,0.0,0.0,0.0,0.0
306442930473335602,0.0,0.0,0.0,0.0,0.0
306442930517138902,0.0,0.0,0.0,0.0,0.0
306542930533804102,0.0,0.0,0.0,0.0,0.0
306642930462906002,0.0,0.0,0.0,0.0,0.0
306642930479796202,0.0,0.0,0.0,0.0,0.0
306842930453555401,0.0,0.0,0.0,0.0,0.0
306842930480406501,0.0,0.0,0.0,0.0,0.0
306942930550479101,0.0,0.0,0.0,0.0,0.0
307042930532334402,0.0,0.0,0.0,0.0,0.0
307142929091435101,0.0,0.0,0.0,0.0,0.0
307142930458079601,0.0,0.0,0.0,0.0,0.0
307142930474623902,0.0,0.0,0.0,0.0,0.0
307242930515916901,0.0,0.0,0.0,0.0,0.0
307342930509616201,0.0,0.0,0.0,0.0,0.0
307342930534097002,0.0,0.0,0.0,0.0,0.0
307442930479630902,0.0,0.0,0.0,0.0,0.0
307442930509778802,3.640000104904175,23.953038469145568,246.68128390596746,40.71236038208008,598.8259525005899
307542930524280301,0.0,0.0,0.0,0.0,0.0
307742930544301201,0.0,0.0,0.0,0.0,0.0
307842928636919901,0.0,0.0,0.0,0.0,0.0
308042930455771602,0.0,0.0,0.0,0.0,0.0
308142930466652001,0.0,0.0,0.0,0.0,0.0
308142930478039102,3.8333332538604736,8.525224618952272,133.76479241582217,53.672664642333984,562.664829552193
308142930529668602,0.0,0.0,0.0,0.0,0.0
308142930532520002,0.0,0.0,0.0,0.0,0.0
308242930544806301,0.0,0.0,0.0,0.0,0.0
308342929901445701,2.625,17.23142767895529,53.791057609630265,25.856258392333984,275.7028562196451
308342930080355601,0.0,0.0,0.0,0.0,0.0
308342930546970002,4.050000190734863,9.403766565342897,73.70958712386285,21.05482292175293,188.07533536447855
308542930477019402,0.0,0.0,0.0,0.0,0.0
308742930465134201,0.0,0.0,0.0,0.0,0.0
308842930547509501,0.0,0.0,0.0,0.0,0.0
308942929843657702,0.0,0.0,0.0,0.0,0.0
308942930464926901,0.0,0.0,0.0,0.0,0.0
308942930541987802,0.0,0.0,0.0,0.0,0.0
309042930531011002,0.0,0.0,0.0,0.0,0.0
309142929118744101,0.0,0.0,0.0,0.0,0.0
309142930464369601,0.0,0.0,0.0,0.0,0.0
309442930462659701,2.8333332538604736,12.50556392112394,92.99717247879359,79.66261291503906,600.2670881035865
309542930530726202,0.0,0.0,0.0,0.0,0.0
309742930510620701,0.0,0.0,0.0,0.0,0.0
309942930545580002,0.0,0.0,0.0,0.0,0.0
311442930542281902,2.222222328186035,36.654612926136366,312.7163636363636,76.27082061767578,1979.349170702154
311542930446688901,0.0,0.0,0.0,0.0,0.0
311542930455740902,0.0,0.0,0.0,0.0,0.0
311642930475115902,0.0,0.0,0.0,0.0,0.0
311842930517670502,0.0,0.0,0.0,0.0,0.0
311942930455638502,0.0,0.0,0.0,0.0,0.0
312042930480484602,0.0,0.0,0.0,0.0,0.0
312042930543741001,0.0,0.0,0.0,0.0,0.0
312142929704156101,0.0,0.0,0.0,0.0,0.0
312142930446570101,0.0,0.0,0.0,0.0,0.0
312242930543752601,0.0,0.0,0.0,0.0,0.0
312442930454121202,4.563636302947998,18.631120994515012,192.4312933025404,80.39323425292969,1024.7116556277726
312542930528071701,0.0,0.0,0.0,0.0,0.0
312642930456892002,4.375,6.31517332493895,25.487789987789988,6.713382720947266,50.52138596605759
312642930515697601,0.0,0.0,0.0,0.0,0.0
312842930542735201,0.0,0.0,0.0,0.0,0.0
313042928021659402,0.0,0.0,0.0,0.0,0.0
313042930517111502,0.0,0.0,0.0,0.0,0.0
313142930516351402,0.0,0.0,0.0,0.0,0.0
313442930521399602,0.0,0.0,0.0,0.0,0.0
313442930533729502,0.0,0.0,0.0,0.0,0.0
313542930477137801,0.0,0.0,0.0,0.0,0.0
313542930525965001,3.6082475185394287,8.426078957567237,200.8474295190713,72.4739761352539,817.3296770528619
313542930540390402,0.0,0.0,0.0,0.0,0.0
313642930460297502,0.0,0.0,0.0,0.0,0.0
313742930453968502,0.0,0.0,0.0,0.0,0.0
313742930525229401,0.0,0.0,0.0,0.0,0.0
313942930475403102,0.0,0.0,0.0,0.0,0.0
314042930466352302,0.0,0.0,0.0,0.0,0.0
314042930543493001,0.0,0.0,0.0,0.0,0.0
314242930527104402,0.0,0.0,0.0,0.0,0.0
314542930452521402,0.0,0.0,0.0,0.0,0.0
314642930525598602,0.0,0.0,0.0,0.0,0.0
314742930457973501,0.0,0.0,0.0,0.0,0.0
314742930461770301,0.0,0.0,0.0,0.0,0.0
314742930543917201,0.0,0.0,0.0,0.0,0.0
314942930524836901,0.0,0.0,0.0,0.0,0.0
315442930531999501,0.0,0.0,0.0,0.0,0.0
315542930519478501,0.0,0.0,0.0,0.0,0.0
315542930529561302,0.0,0.0,0.0,0.0,0.0
315642930530192301,0.0,0.0,0.0,0.0,0.0
315842930530136202,0.0,0.0,0.0,0.0,0.0
316642930462545502,0.0,0.0,0.0,0.0,0.0
316642930469409301,4.132530212402344,5.704977707006369,129.29554140127388,58.774696350097656,473.5131421053941
316642930530285002,0.0,0.0,0.0,0.0,0.0
316742930528486302,0.0,0.0,0.0,0.0,0.0
316842930524674801,0.0,0.0,0.0,0.0,0.0
316842930534404902,2.142857074737549,3.7877170152005077,20.56307354466975,2.1816139221191406,26.514018162038017
317042930448374701,0.0,0.0,0.0,0.0,0.0
317042930461574402,0.0,0.0,0.0,0.0,0.0
317142930448776802,0.0,0.0,0.0,0.0,0.0
317242930351294101,0.0,0.0,0.0,0.0,0.0
317242930448551201,0.0,0.0,0.0,0.0,0.0
317242930509868302,0.0,0.0,0.0,0.0,0.0
317242930541173401,0.0,0.0,0.0,0.0,0.0
317342930545988302,0.0,0.0,0.0,0.0,0.0
317442930478135302,0.0,0.0,0.0,0.0,0.0
317442930515782902,0.0,0.0,0.0,0.0,0.0
317542930447869902,0.0,0.0,0.0,0.0,0.0
317642930460503501,0.0,0.0,0.0,0.0,0.0
317642930516056901,4.518518447875977,6.414009104290185,51.16600790513834,17.604793548583984,173.1782458761464
317642930525366102,0.0,0.0,0.0,0.0,0.0
317642930534374702,2.473684310913086,12.348319820006635,98.44061048440611,24.92570686340332,234.6180784128008
317742930447601401,0.0,0.0,0.0,0.0,0.0
317742930519615102,0.0,0.0,0.0,0.0,0.0
317942930545716001,0.0,0.0,0.0,0.0,0.0
318042930473003702,4.628571510314941,51.21955951891447,619.5921052631579,43.549739837646484,1792.6845971032192
318042930474158602,0.0,0.0,0.0,0.0,0.0
318142930545846502,0.0,0.0,0.0,0.0,0.0
318242930051124302,0.0,0.0,0.0,0.0,0.0
318242930445751301,4.058823585510254,22.063317922600213,173.10759493670886,43.814361572265625,750.1528248203455
318442930451906402,0.0,0.0,0.0,0.0,0.0
318442930472979202,0.0,0.0,0.0,0.0,0.0
318542929194731901,0.0,0.0,0.0,0.0,0.0
318742930519035401,0.0,0.0,0.0,0.0,0.0
318942930462878702,1.5750000476837158,6.818842922725578,49.875372856077554,66.42314910888672,545.5074286094625
319142930459262201,0.0,0.0,0.0,0.0,0.0
319142930473924202,0.0,0.0,0.0,0.0,0.0
319242930541495002,0.0,0.0,0.0,0.0,0.0
319342930472134402,0.0,0.0,0.0,0.0,0.0
319442930529431002,0.0,0.0,0.0,0.0,0.0
319542927897875801,2.0,3.138617277507368,5.678217379655265,1.7164783477783203,9.41585165808922
319542930476446802,0.4107142984867096,17.501480985278924,82.71625344352617,101.91816711425781,1960.1658852908238
319742930534511301,3.3684210777282715,12.249070763221154,168.82461538461538,18.755016326904297,232.73234985351561
319942930521968101,0.0,0.0,0.0,0.0,0.0
321142929177982401,4.0,9.608578423716107,9.608521804323379,0.766352117061615,9.608578423716107
321242930519562901,0.0,0.0,0.0,0.0,0.0
321342930549425202,0.0,0.0,0.0,0.0,0.0
321842930538717302,0.0,0.0,0.0,0.0,0.0
322042930475107601,0.0,0.0,0.0,0.0,0.0
322042930475841301,4.515151500701904,6.624091825513196,73.44715542521995,33.43043518066406,218.59503676797638
322142930541473402,0.0,0.0,0.0,0.0,0.0
322442930518961301,0.0,0.0,0.0,0.0,0.0
322542930547495002,0.0,0.0,0.0,0.0,0.0
322642929537342401,3.125,5.369499714569829,140.29424474562956,107.0279769897461,601.3839528959173
322742930519716202,2.0680272579193115,26.18289502640845,722.4140845070423,135.8202667236328,3848.8854343891144
322742930530703601,1.7999999523162842,38.87583669026693,282.9479166666667,14.652815818786621,388.7583603660266
322842930476696802,0.0,0.0,0.0,0.0,0.0
323042929488733102,0.0,0.0,0.0,0.0,0.0
323042930546015301,2.846153736114502,5.269705697596104,106.9833177909025,95.32936096191406,616.5555552809785
323142930521426302,0.0,0.0,0.0,0.0,0.0
323342930509386901,0.0,0.0,0.0,0.0,0.0
323342930527679301,0.0,0.0,0.0,0.0,0.0
323342930528370002,0.0,0.0,0.0,0.0,0.0
323442927975082002,0.0,0.0,0.0,0.0,0.0
323742930456266901,3.6404495239257812,4.814610714688628,148.56421480144405,49.46559524536133,428.5003629512305
323742930477129001,4.666666507720947,10.46350807274657,47.134552580013064,22.35675621032715,188.34314156201523
323742930516063802,0.0,0.0,0.0,0.0,0.0
323842930542709901,3.215686321258545,7.276612496721526,164.2289030227526,25.11607551574707,371.1072483274102
323942930517140201,0.0,0.0,0.0,0.0,0.0
324042930516101402,3.1100916862487793,16.436685380025125,407.82211055276383,97.5174331665039,1791.5987445907977
324142929467067101,0.0,0.0,0.0,0.0,0.0
324342930453507201,0.0,0.0,0.0,0.0,0.0
324442930473115401,0.0,0.0,0.0,0.0,0.0
324442930545607801,0.0,0.0,0.0,0.0,0.0
324542930516684901,0.0,0.0,0.0,0.0,0.0
324542930529308002,0.0,0.0,0.0,0.0,0.0
324742930529490902,0.0,0.0,0.0,0.0,0.0
324842930536416901,0.0,0.0,0.0,0.0,0.0
324942930516603101,0.0,0.0,0.0,0.0,0.0
325842927959121701,0.0,0.0,0.0,0.0,0.0
325942930456155801,0.0,0.0,0.0,0.0,0.0
325942930509005302,3.904109477996826,5.056177049477337,90.59557273366129,54.68878936767578,369.1009254482374
326242929348469101,0.0,0.0,0.0,0.0,0.0
326242930475913001,0.0,0.0,0.0,0.0,0.0
326242930479798102,0.0,0.0,0.0,0.0,0.0
326242930532815501,0.0,10.195217225609756,35.528101802757156,11.03638744354248,91.75695482013334
326742930545741002,0.0,0.0,0.0,0.0,0.0
326942930462396301,0.0,0.0,0.0,0.0,0.0
327042930518364901,0.0,0.0,0.0,0.0,0.0
327042930543509002,294.0,158.73296314992427,158.73296314992427,23.491302490234375,158.73296314992427
327142928822976102,3.965517282485962,13.360527732902531,195.3850296176629,80.87693786621094,774.9106192067546
327142930531769601,2.39393949508667,9.837799072265625,76.0328125,76.5354232788086,649.2947259694338
327242930480443201,0.0,0.0,0.0,0.0,0.0
327342930519145801,0.0,0.0,0.0,0.0,0.0
327442930468325001,0.0,0.0,0.0,0.0,0.0
327442930518731202,0.0,0.0,0.0,0.0,0.0
327842930545368201,0.0,0.0,0.0,0.0,0.0
327942930472483502,0.0,0.0,0.0,0.0,0.0
328142930525625702,0.0,0.0,0.0,0.0,0.0
328142930530120601,0.0,0.0,0.0,0.0,0.0
328442930531385702,0.0,0.0,0.0,0.0,0.0
328642930476288101,0.0,0.0,0.0,0.0,0.0
328742930447855701,0.0,0.0,0.0,0.0,0.0
328742930516958201,0.0,0.0,0.0,0.0,0.0
328842930458449401,5.166666507720947,47.807552337646484,357.3671875,35.86326599121094,573.6906156539917
329042930528042701,0.0,0.0,0.0,0.0,0.0
329142930476959202,0.0,0.0,0.0,0.0,0.0
329142930539175902,0.0,0.0,0.0,0.0,0.0
329242929307482901,0.0,9.492038505389718,0.0,37.257896423339844,579.014335850578
329342930450180801,0.0,0.0,0.0,0.0,0.0
329442930539290901,0.0,0.0,0.0,0.0,0.0
329542930459791702,1.3166667222976685,9.698316318503098,96.31990704879938,58.14595031738281,581.8989622203256
329742928108713902,0.0,0.0,0.0,0.0,0.0
329742930510530302,0.0,0.0,0.0,0.0,0.0
331342928577536302,0.0,7.839626999605391,0.0,4.816462516784668,39.19813465713123
331342930530428001,0.0,0.0,0.0,0.0,0.0
331542930458358102,0.0,0.0,0.0,0.0,0.0
331542930518042601,0.0,0.0,0.0,0.0,0.0
331642930342522902,0.0,0.0,0.0,0.0,0.0
331642930475173601,0.0,0.0,0.0,0.0,0.0
331642930515500302,2.1869919300079346,12.129339108285619,290.2542943752105,81.03044128417969,1491.9087424890165
331742930456837602,0.0,0.0,0.0,0.0,0.0
331842930532015701,3.4102563858032227,3.116988117603282,25.380018877513976,20.42104721069336,121.56254188217976
331942930518709902,0.0,0.0,0.0,0.0,0.0
332042930456928601,0.0,0.0,0.0,0.0,0.0
332342930517243401,0.0,0.0,0.0,0.0,0.0
332542930464905401,0.0,0.0,0.0,0.0,0.0
332742930527107102,0.0,0.0,0.0,0.0,0.0
332842930458384002,0.0,0.0,0.0,0.0,0.0
332842930526526402,0.0,0.0,0.0,0.0,0.0
333042929921931502,0.0,0.0,0.0,0.0,0.0
333042930525878601,0.0,0.0,0.0,0.0,0.0
333042930526610301,3.8765432834625244,8.274666273889462,165.40185950413223,80.16475677490234,670.2479873058224
333142930538263901,0.0,0.0,0.0,0.0,0.0
333242929703991002,0.0,0.0,0.0,0.0,0.0
333342930544586401,0.0,0.0,0.0,0.0,0.0
333542930452004602,0.0,0.0,0.0,0.0,0.0
333542930532226401,0.0,0.0,0.0,0.0,0.0
333742928623643602,0.0,0.0,0.0,0.0,0.0
333742930447710401,0.0,0.0,0.0,0.0,0.0
333842930525494501,0.0,0.0,0.0,0.0,0.0
334042930480420201,0.0,0.0,0.0,0.0,0.0
334142930518709202,0.0,0.0,0.0,0.0,0.0
334342930517250501,0.0,0.0,0.0,0.0,0.0
334542928757944602,0.0,0.0,0.0,0.0,0.0
334642930463735102,4.1587300300598145,5.347448636340113,47.87967706877814,48.36042404174805,336.8892591895262
334742930464407302,0.0,0.0,0.0,0.0,0.0
334742930550062701,0.0,0.0,0.0,0.0,0.0
334842930540429202,0.0,0.0,0.0,0.0,0.0
334942930519074702,0.0,0.0,0.0,0.0,0.0
335042930456163602,0.0,0.0,0.0,0.0,0.0
335242930549567202,3.6909091472625732,7.71227167693662,116.0650642988365,68.20800018310547,424.1749494053875
335642930473582201,0.0,0.0,0.0,0.0,0.0
335742928811707801,0.0,0.0,0.0,0.0,0.0
335842930479885101,0.0,0.0,0.0,0.0,0.0
335842930547547102,0.0,0.0,0.0,0.0,0.0
336042930529221701,0.0,0.0,0.0,0.0,0.0
336142930480247501,0.0,0.0,0.0,0.0,0.0
336342928855703402,0.0,0.0,0.0,0.0,0.0
336342930479111802,0.0,0.0,0.0,0.0,0.0
336542928235791602,0.0,0.0,0.0,0.0,0.0
336642930547172801,0.0,0.0,0.0,0.0,0.0
336842928235971801,0.0,0.0,0.0,0.0,0.0
336942930511301301,0.0,0.0,0.0,0.0,0.0
337042930478901701,0.0,0.0,0.0,0.0,0.0
337042930532277601,0.0,0.0,0.0,0.0,0.0
337142930476072102,0.0,0.0,0.0,0.0,0.0
337342930456181701,0.0,0.0,0.0,0.0,0.0
337442930525066402,0.0,0.0,0.0,0.0,0.0
337542930462685102,0.0,0.0,0.0,0.0,0.0
337642930543341001,0.0,0.0,0.0,0.0,0.0
337742930526684701,2.769230842590332,9.12893972616497,85.93697554008213,23.648019790649414,237.35243128521319
337842930452940302,0.0,0.0,0.0,0.0,0.0
337842930477414902,0.0,0.0,0.0,0.0,0.0
337942929800508901,0.0,0.0,0.0,0.0,0.0
338042928845019702,3.78947377204895,5.402697591828267,76.94863731656184,44.33035659790039,307.95375709080514
338042930541162002,0.0,0.0,0.0,0.0,0.0
338242930461890002,0.0,0.0,0.0,0.0,0.0
338442930521976001,16.421052932739258,5.248442254564382,42.1185137732223,16.31607437133789,99.7204020974882
338742930455466002,0.0,0.0,0.0,0.0,0.0
338842930548855501,0.0,0.0,0.0,0.0,0.0
338942930517342702,0.0,0.0,0.0,0.0,0.0
338942930543405802,0.0,0.0,0.0,0.0,0.0
339042930474793701,0.0,0.0,0.0,0.0,0.0
339042930545527902,2.230769157409668,2.136035878171203,27.768817204301076,1.012281060218811,27.768467226336078
339242930220743401,0.0,0.0,0.0,0.0,0.0
339442930523968302,0.0,0.0,0.0,0.0,0.0
339642930480766401,0.0,0.0,0.0,0.0,0.0
339642930525423102,0.0,0.0,0.0,0.0,0.0
339742930526997301,0.0,0.0,0.0,0.0,0.0
339842927963711401,0.0,0.0,0.0,0.0,0.0
339842930447217001,0.0,0.0,0.0,0.0,0.0
339842930550330402,0.0,0.0,0.0,0.0,0.0
339942930532939901,0.0,0.0,0.0,0.0,0.0
341142929417399601,0.0,0.0,0.0,0.0,0.0
341242930518833102,0.0,0.0,0.0,0.0,0.0
341242930523112101,0.0,0.0,0.0,0.0,0.0
341342930456359501,0.0,0.0,0.0,0.0,0.0
341342930477720902,0.0,0.0,0.0,0.0,0.0
341442930475907401,0.0,0.0,0.0,0.0,0.0
341442930519841401,0.0,0.0,0.0,0.0,0.0
341442930538862202,0.0,0.0,0.0,0.0,0.0
341442930546207101,0.0,0.0,0.0,0.0,0.0
341542930550753601,3.326530694961548,7.273309700144509,95.74034682080925,85.46717834472656,712.7843598567543
341642930529403602,0.0,0.0,0.0,0.0,0.0
341742930469756902,0.0,0.0,0.0,0.0,0.0
341742930548656502,0.0,0.0,0.0,0.0,0.0
341842930524241201,0.0,0.0,0.0,0.0,0.0
341942930459636002,0.0,0.0,0.0,0.0,0.0
342042928560914101,0.0,0.0,0.0,0.0,0.0
342242930460756801,0.0,0.0,0.0,0.0,0.0
342442930479952501,1.7882353067398071,7.156101558901428,85.64670658682634,53.031829833984375,608.2686278256663
342542930456553701,0.0,0.0,0.0,0.0,0.0
342542930508067702,0.0,0.0,0.0,0.0,0.0
342642930541899602,0.0,0.0,0.0,0.0,0.0
342642930546268701,0.0,0.0,0.0,0.0,0.0
342742930540958102,0.0,0.0,0.0,0.0,0.0
342842930534602701,3.7435896396636963,5.044680527576115,114.86445702991372,57.755157470703125,393.4850804897556
343042930519223402,0.0,0.0,0.0,0.0,0.0
343142930525678801,0.0,0.0,0.0,0.0,0.0
343242929400142802,0.0,0.0,0.0,0.0,0.0
343242929800157201,1.3214285373687744,6.91000071155418,141.64969640354974,28.522350311279297,386.96004074859263
343342930464798602,0.0,0.0,0.0,0.0,0.0
343342930466774202,3.8888888359069824,16.815030596942723,203.43034055727554,30.188098907470703,302.6705558883147
343442930548167501,0.0,0.0,0.0,0.0,0.0
343542930548828801,4.099999904632568,13.139168415733831,116.15621890547264,17.352746963500977,131.3916798454019
343642930531569302,0.0,0.0,0.0,0.0,0.0
343642930544262102,6.5,35.7488264614789,68.65350367789392,6.020000457763672,71.49764989837398
343742928912076802,0.7580645084381104,28.45735273393461,122.815107102593,71.3252944946289,1764.3558210494687
343842930527264502,0.0,0.0,0.0,0.0,0.0
343842930546595402,2.9000000953674316,5.425895517334778,41.73759479956663,15.673806190490723,162.77685736438866
343942930548932901,0.0,0.0,0.0,0.0,0.0
344042930455560502,0.0,0.0,0.0,0.0,0.0
344042930528869902,0.0,0.0,0.0,0.0,0.0
344142930479051402,0.0,0.0,0.0,0.0,0.0
344242930508956602,0.0,0.0,0.0,0.0,0.0
344542930518632701,0.0,0.0,0.0,0.0,0.0
344642930531930701,0.0,0.0,0.0,0.0,0.0
344742930474743902,0.0,0.0,0.0,0.0,0.0
344842930453546402,3.2592592239379883,7.230427510760619,72.23887057509364,17.737089157104492,195.22153290462072
345142930452588901,0.0,0.0,0.0,0.0,0.0
345242930101315801,3.2795698642730713,13.022037420009365,546.3404401435929,71.86717224121094,1211.0494544312496
345242930475998202,0.0,0.0,0.0,0.0,0.0
345242930478022802,1.191489338874817,4.8575971047749835,43.601040763226365,27.0716609954834,228.3070659359905
345242930535683001,0.0,0.0,0.0,0.0,0.0
345342929544053901,0.0,0.0,0.0,0.0,0.0
345342930466643601,0.0,0.0,0.0,0.0,0.0
345342930478327301,2.9583332538604736,6.587400660021552,74.88735632183908,14.644028663635254,158.09761235028847
345842930527032402,0.0,0.0,0.0,0.0,0.0
345842930527886501,2.200000047683716,8.220411512586805,28.089646464646464,4.249028205871582,41.10205748586944
345942929091386401,0.0,0.0,0.0,0.0,0.0
346042930463684402,0.0,0.0,0.0,0.0,0.0
346442930545956501,0.0,0.0,0.0,0.0,0.0
346542930473729001,0.0,0.0,0.0,0.0,0.0
346542930526196101,0.0,0.0,0.0,0.0,0.0
346542930534670102,0.0,0.0,0.0,0.0,0.0
346542930543801102,0.0,0.0,0.0,0.0,0.0
346742930473292901,0.0,0.0,0.0,0.0,0.0
346842930518058602,3.2941176891326904,4.781481655565106,32.13737286921644,11.630537986755371,81.28518636976985
346942928923773502,4.8275861740112305,18.340686571382427,312.03359173126614,37.38200759887695,531.8798981384406
346942930545787402,0.0,0.0,0.0,0.0,0.0
347042930542852202,0.0,0.0,0.0,0.0,0.0
347142930518996802,3.122807025909424,7.204362963282618,73.65245481222104,43.12748718261719,410.64868071049096
347142930542876001,0.0,0.0,0.0,0.0,0.0
347242930518420401,0.0,0.0,0.0,0.0,0.0
347342930541527202,0.0,0.0,0.0,0.0,0.0
347342930543230401,0.0,0.0,0.0,0.0,0.0
347942928176065301,3.25,6.7968055143788915,128.19873505287083,37.04591369628906,462.1827506132837
347942930470091601,0.0,0.0,0.0,0.0,0.0
348142930525884202,0.0,0.0,0.0,0.0,0.0
348242930472143502,0.0,0.0,0.0,0.0,0.0
348342930459843702,0.0,0.0,0.0,0.0,0.0
348542928242444802,0.0,0.0,0.0,0.0,0.0
348542930458368601,0.0,0.9068313278518356,0.9069055944055944,0.0646306723356247,0.9068313278518356
348642930463647301,0.0,0.0,0.0,0.0,0.0
348642930474443601,0.0,0.0,0.0,0.0,0.0
348742930550264202,0.0,0.0,0.0,0.0,0.0
348842930446522602,0.0,0.0,0.0,0.0,0.0
348842930448305701,0.0,0.0,0.0,0.0,0.0
349042930522319202,0.0,0.0,0.0,0.0,0.0
349042930528256602,0.0,0.0,0.0,0.0,0.0
349042930539087601,0.0,0.0,0.0,0.0,0.0
349342930462812102,0.0,0.0,0.0,0.0,0.0
349442930516840901,0.0,0.0,0.0,0.0,0.0
349442930542073801,0.0,0.0,0.0,0.0,0.0
349542930463037902,0.0,0.0,0.0,0.0,0.0
349542930464233001,0.0,0.0,0.0,0.0,0.0
349742930530005702,0.0,0.0,0.0,0.0,0.0
349842930526868801,0.0,0.0,0.0,0.0,0.0
349842930537161802,0.0,0.0,0.0,0.0,0.0
349942930453287002,0.0,0.0,0.0,0.0,0.0
351142930518610302,0.0,0.0,0.0,0.0,0.0
351242929197737002,0.0,0.0,0.0,0.0,0.0
351342930458841902,3.3333332538604736,9.838143262398491,28.68909512761021,5.299352645874023,59.02886270093807
351542930472807902,0.0,0.0,0.0,0.0,0.0
351542930542392001,0.0,0.0,0.0,0.0,0.0
351542930542888401,0.0,0.0,0.0,0.0,0.0
351842930473013801,3.4000000953674316,7.102516051218805,26.695879280325016,3.4321882724761963,35.512580029381894
351842930516795801,0.0,0.0,0.0,0.0,0.0
351942930478868202,0.0,0.0,0.0,0.0,0.0
352042930457340302,2.6666667461395264,4.932255420235546,18.16654770402094,6.010359764099121,59.18706479958628
352042930537324302,0.0,0.0,0.0,0.0,0.0
352142930462425302,0.0,0.0,0.0,0.0,0.0
352342930460748201,0.0,0.0,0.0,0.0,0.0
352442930453460201,0.0,0.0,0.0,0.0,0.0
352542930469163501,0.0,0.0,0.0,0.0,0.0
352642930459600202,0.0,0.0,0.0,0.0,0.0
352642930478847701,0.0,0.0,0.0,0.0,0.0
352642930531604201,0.0,0.0,0.0,0.0,0.0
352842930534654102,0.0,0.0,0.0,0.0,0.0
352942930524844002,0.0,0.0,0.0,0.0,0.0
353342930537832101,0.0,0.0,0.0,0.0,0.0
353542929613487101,0.0,0.0,0.0,0.0,0.0
353542930462492101,0.0,0.0,0.0,0.0,0.0
353742929989757001,0.0,0.0,0.0,0.0,0.0
353742930449690102,0.0,0.0,0.0,0.0,0.0
353842930476422401,0.0,0.0,0.0,0.0,0.0
354142930466805102,3.673076868057251,9.780020023919977,90.4363583647434,60.46889877319336,508.56106006542683
354442927929225802,0.0,0.0,0.0,0.0,0.0
354642930520764501,0.0,0.0,0.0,0.0,0.0
354742930516887001,0.0,0.0,0.0,0.0,0.0
354742930525620201,0.0,0.0,0.0,0.0,0.0
354842930508660902,0.0,0.0,0.0,0.0,0.0
354842930519368602,0.0,0.0,0.0,0.0,0.0
355142930548645401,0.0,0.0,0.0,0.0,0.0
355242930526529902,0.0,0.0,0.0,0.0,0.0
355342930468737802,0.0,0.0,0.0,0.0,0.0
355442928697224902,0.0,0.0,0.0,0.0,0.0
355642930479523202,0.0,0.0,0.0,0.0,0.0
355942930525937802,0.0,0.0,0.0,0.0,0.0
355942930529354002,4.19444465637207,18.85865055321391,121.04267650158062,57.59120178222656,678.9114176646676
356242930460398301,1.9589041471481323,6.512848103964524,85.17343844754397,33.65087127685547,475.4378981003261
356542930508363702,0.0,0.0,0.0,0.0,0.0
356542930547187501,0.0,0.0,0.0,0.0,0.0
356942930453980302,0.0,0.0,0.0,0.0,0.0
357242930474146102,0.0,0.0,0.0,0.0,0.0
357742930453737101,0.0,0.0,0.0,0.0,0.0
357742930516969102,0.0,0.0,0.0,0.0,0.0
357842929626479301,0.0,0.0,0.0,0.0,0.0
357942929642451502,0.0,0.0,0.0,0.0,0.0
357942930184642001,0.0,0.0,0.0,0.0,0.0
357942930530778202,0.0,0.0,0.0,0.0,0.0
358142930544582002,2.5116279125213623,31.900095942982457,165.5298245614035,72.48631286621094,1371.7040640529833
358242930460895502,1.0,6.41834764356737,6.418357683982684,0.6661309003829956,6.41834764356737
358442928258216002,0.0,0.0,0.0,0.0,0.0
358642929321259402,0.0,0.0,0.0,0.0,0.0
358742930549587401,0.0,0.0,0.0,0.0,0.0
358842930464104801,0.0,0.0,0.0,0.0,0.0
359042930531360101,0.0,0.0,0.0,0.0,0.0
359042930533227901,0.0,0.0,0.0,0.0,0.0
359242930534008902,1.0,0.0036983751491993446,0.003723764387271496,0.0003828256740234792,0.0036983751491993446
359342930547018002,0.0,0.0,0.0,0.0,0.0
359542928823136501,0.0,0.0,0.0,0.0,0.0
359542930510540501,0.0,0.0,0.0,0.0,0.0
359542930546652401,0.0,0.0,0.0,0.0,0.0
359542930547704001,0.0,0.0,0.0,0.0,0.0
359642930460549701,0.0,0.0,0.0,0.0,0.0
359642930474938401,3.444444417953491,3.9383143589480407,37.40080288308015,17.476823806762695,141.77932288058184
359642930543976301,0.0,0.0,0.0,0.0,0.0
359742930529177501,0.0,0.0,0.0,0.0,0.0
359942929703939902,3.049999952316284,12.247277570499909,128.17615821278153,86.26961517333984,734.8366540078605
359942930456560502,0.0,0.0,0.0,0.0,0.0
359942930456840101,0.0,0.0,0.0,0.0,0.0
359942930524706101,0.0,0.0,0.0,0.0,0.0
361142927975121802,4.44444465637207,7.335566942133684,36.9391418563923,19.678966522216797,132.0401999010931
361342930462349102,0.0,0.0,0.0,0.0,0.0
361342930477354902,0.0,0.0,0.0,0.0,0.0
361342930480586502,0.0,0.0,0.0,0.0,0.0
361542930508297202,0.0,0.0,0.0,0.0,0.0
361642930480458002,0.0,0.0,0.0,0.0,0.0
361642930526437301,0.0,0.0,0.0,0.0,0.0
361942930525512301,0.0,0.0,0.0,0.0,0.0
361942930530406602,0.0,0.0,0.0,0.0,0.0
361942930532111701,0.0,0.0,0.0,0.0,0.0
362042930544823201,0.0,0.0,0.0,0.0,0.0
362242930460297302,3.367924451828003,10.876943341586976,357.74863387978144,133.0425262451172,1152.9559548452687
362242930547052601,0.0,0.0,0.0,0.0,0.0
362442930465016701,0.0,0.0,0.0,0.0,0.0
362442930549738201,0.0,0.0,0.0,0.0,0.0
362642930463508202,0.0,0.0,0.0,0.0,0.0
362642930510624401,0.0,0.0,0.0,0.0,0.0
362742930460187602,0.0,0.0,0.0,0.0,0.0
362742930528277302,0.0,0.0,0.0,0.0,0.0
362842930531219902,0.0,0.0,0.0,0.0,0.0
363242930533930601,2.0,28.462139983675375,36.07462686567164,6.972887992858887,56.92427996735075
363542930480759601,0.0,0.0,0.0,0.0,0.0
363642929704205701,0.0,0.0,0.0,0.0,0.0
363642930533345502,0.0,0.0,0.0,0.0,0.0
363742929725351301,3.7200000286102295,5.321652909180683,65.7013251783894,19.85250473022461,133.04132368027496
363742930461833501,0.0,0.0,0.0,0.0,0.0
363842930473755601,0.0,0.0,0.0,0.0,0.0
363942927929319102,0.0,0.0,0.0,0.0,0.0
364142930476434801,0.0,0.0,0.0,0.0,0.0
364242930539775901,0.0,0.0,0.0,0.0,0.0
364242930543965801,0.0,0.0,0.0,0.0,0.0
364442930550625301,0.0,0.0,0.0,0.0,0.0
364542930546529701,0.0,0.0,0.0,0.0,0.0
364742929013050002,0.0,0.0,0.0,0.0,0.0
364742930533039701,0.0,0.0,0.0,0.0,0.0
364842930545377702,0.0,0.0,0.0,0.0,0.0
364942930464560301,0.0,0.0,0.0,0.0,0.0
365342929696795902,0.0,0.0,0.0,0.0,0.0
365442930462918502,1.0,2.7972860031917235,2.7972705260840853,0.3334609270095825,2.7972860031917235
365542930453482901,0.0,0.0,0.0,0.0,0.0
365542930528183702,0.0,0.0,0.0,0.0,0.0
365542930545595702,0.0,0.0,0.0,0.0,0.0
365642930475386902,0.0,0.0,0.0,0.0,0.0
365742929197782602,0.0,0.0,0.0,0.0,0.0
365742930451079301,0.0,0.0,0.0,0.0,0.0
366042930480305402,0.0,0.0,0.0,0.0,0.0
366042930524678302,0.0,0.0,0.0,0.0,0.0
366342929230173202,0.0,0.0,0.0,0.0,0.0
366342930461666002,2.625,2.6338211702721264,13.49918447935445,4.85164213180542,21.0705690268478
366442930475860401,0.0,0.0,0.0,0.0,0.0
366642930516534001,0.0,0.0,0.0,0.0,0.0
366742930548750902,0.0,0.0,0.0,0.0,0.0
366842930476474902,0.0,0.0,0.0,0.0,0.0
366842930544745901,0.0,0.0,0.0,0.0,0.0
366942929424165902,4.5,29.945679830848626,49.403669724770644,5.111059188842773,59.89135876576835
366942930543596502,0.0,0.0,0.0,0.0,0.0
367342930531717502,0.0,0.0,0.0,0.0,0.0
367442930453595802,4.75,23.280907607660062,227.8003048780488,29.280006408691406,372.49452432772006
367542930545579601,0.0,0.0,0.0,0.0,0.0
367642930538319801,0.0,0.0,0.0,0.0,0.0
367742928043720302,0.0,0.0,0.0,0.0,0.0
367742930529880302,0.0,0.0,0.0,0.0,0.0
367842930518636802,0.0,0.0,0.0,0.0,0.0
368042930532028402,3.019230842590332,8.178074688855903,135.15597168303265,83.92200469970703,850.5197520004502
368042930542122402,0.0,0.0,0.0,0.0,0.0
368042930549846802,0.0,0.0,0.0,0.0,0.0
368142930457605901,0.0,0.0,0.0,0.0,0.0
368142930529370002,0.0,0.0,0.0,0.0,0.0
368142930530685501,0.0,0.0,0.0,0.0,0.0
368342930525229002,0.0,0.0,0.0,0.0,0.0
368442930519901401,0.0,0.0,0.0,0.0,0.0
368542930472747002,0.0,0.0,0.0,0.0,0.0
368542930529988102,4.1016950607299805,8.679521715847214,124.19666880204997,69.24500274658203,512.0917832290875
368642929385436301,0.0,0.0,0.0,0.0,0.0
368642930533408402,0.24137930572032928,6.440371599215941,83.01291045216058,31.91731834411621,186.77077260641727
368742930461061301,0.0,0.0,0.0,0.0,0.0
368742930523579301,0.0,0.0,0.0,0.0,0.0
368942929160959801,0.0,0.0,0.0,0.0,0.0
368942930452764802,0.0,0.0,0.0,0.0,0.0
369042930528159301,0.0,0.0,0.0,0.0,0.0
369042930543856402,5.126984119415283,11.913898634517459,256.9345295829292,116.66905975341797,750.575594349814
369442929476744201,0.0,0.0,0.0,0.0,0.0
369442930454635702,0.0,0.0,0.0,0.0,0.0
369642930447472302,0.0,0.0,0.0,0.0,0.0
369742928305303001,0.0,0.0,0.0,0.0,0.0
369742930529632401,0.0,0.0,0.0,0.0,0.0
369842930184265802,3.816666603088379,12.37501552339234,127.27312138728324,76.98329162597656,742.500918265023
369842930519868001,0.0,0.0,0.0,0.0,0.0
369842930530305702,0.0,0.0,0.0,0.0,0.0
369942930462320502,0.0,0.0,0.0,0.0,0.0
371142930531876202,0.5375000238418579,11.612396171345937,69.42381489841986,74.28758239746094,928.9916727763535
371242930477195101,0.0,0.0,0.0,0.0,0.0
371242930527151002,0.0,0.0,0.0,0.0,0.0
371342929649371201,0.0,0.0,0.0,0.0,0.0
371342930447099902,0.0,0.0,0.0,0.0,0.0
371542930453662501,0.0,0.0,0.0,0.0,0.0
372042929493873702,0.0,0.0,0.0,0.0,0.0
372042930465107002,0.0,0.0,0.0,0.0,0.0
372242930460591101,0.0,0.0,0.0,0.0,0.0
372242930525378602,0.0,0.0,0.0,0.0,0.0
372442930453370702,0.0,0.0,0.0,0.0,0.0
372542930550452801,0.0,0.0,0.0,0.0,0.0
372642930456949402,0.0,0.0,0.0,0.0,0.0
372642930549216101,3.146789073944092,7.172814707169198,120.10953184574036,59.53232192993164,781.8368430741765
372842930470223101,0.0,0.0,0.0,0.0,0.0
372842930518254302,0.0,0.0,0.0,0.0,0.0
372842930526986302,3.5,7.623529155865976,18.92626728110599,2.2948553562164307,30.494116435951902
373042929735805402,0.0,0.0,0.0,0.0,0.0
373042930537235601,0.0,0.0,0.0,0.0,0.0
373042930545550402,0.0,0.0,0.0,0.0,0.0
373142930476026202,0.0,0.0,0.0,0.0,0.0
373142930520861102,0.0,0.0,0.0,0.0,0.0
373242930529193902,0.0,0.0,0.0,0.0,0.0
373242930533335102,2.1354167461395264,5.528300933779286,66.92785814876456,55.83315658569336,530.7168693342247
373642929543954001,0.0,0.0,0.0,0.0,0.0
373642930526412302,2.797619104385376,9.291339708201892,82.63312302839117,73.72329711914062,780.4725392152083
373742930508176902,0.0,0.0,0.0,0.0,0.0
373742930510758901,0.0,0.0,0.0,0.0,0.0
374042930527670901,0.0,0.0,0.0,0.0,0.0
374142930449654802,3.470588207244873,12.48543753251821,86.1567117585848,25.307048797607422,424.5048870293084
374142930516963102,0.0,0.0,0.0,0.0,0.0
374242930464914402,0.0,0.0,0.0,0.0,0.0
374442930475103502,0.0,0.0,0.0,0.0,0.0
374442930476794701,0.0,0.0,0.0,0.0,0.0
374442930520343301,0.0,0.0,0.0,0.0,0.0
374442930534586502,0.0,0.0,0.0,0.0,0.0
374642929424230501,0.0,0.0,0.0,0.0,0.0
374642930521895602,0.0,0.0,0.0,0.0,0.0
374742930449722201,0.0,0.0,0.0,0.0,0.0
374842930429014701,0.0,0.0,0.0,0.0,0.0
374842930550442702,0.0,0.0,0.0,0.0,0.0
374942930517445901,0.0,0.0,0.0,0.0,0.0
375042930524971302,0.0,0.0,0.0,0.0,0.0
375642928135615002,0.0,0.0,0.0,0.0,0.0
375842930456000201,0.0,0.0,0.0,0.0,0.0
375842930457831501,2.8333332538604736,47.1868280692959,174.58823529411765,10.156880378723145,283.1209762491644
375842930469730202,0.0,0.0,0.0,0.0,0.0
376242930521159901,0.23076923191547394,7.791357134086444,7.833791748526522,12.752521514892578,101.28764438554205
376342930526305002,0.0,0.0,0.0,0.0,0.0
376542930449361902,0.0,0.0,0.0,0.0,0.0
376542930459222301,0.0,0.0,0.0,0.0,0.0
376542930517808302,0.0,0.0,0.0,0.0,0.0
376642930474478102,0.0,0.0,0.0,0.0,0.0
376642930510212301,0.0,0.0,0.0,0.0,0.0
376842929025362102,0.0,0.0,0.0,0.0,0.0
376842929303779501,0.0,0.0,0.0,0.0,0.0
376842930454741401,0.0,0.0,0.0,0.0,0.0
376942929400309801,0.0,0.0,0.0,0.0,0.0
377042930452844201,0.0,0.0,0.0,0.0,0.0
377342930546095002,4.550000190734863,14.987667921112806,128.65447154471545,52.990482330322266,599.5067193752261
377642930450262401,0.0,0.0,0.0,0.0,0.0
377742930529740002,0.0,0.0,0.0,0.0,0.0
377842930527632401,0.0,0.0,0.0,0.0,0.0
378042930531933202,0.0,0.0,0.0,0.0,0.0
378142930534621701,2.8541667461395264,6.1379904473775415,119.67837338262477,86.60588836669922,589.2470809774346
378242930480468501,0.0,0.0,0.0,0.0,0.0
378442927994754502,0.0,0.0,0.0,0.0,0.0
378542930455525302,3.0427350997924805,4.936828942489212,153.33576051779934,72.08238220214844,577.6089639776861
378542930527331202,0.0,0.0,0.0,0.0,0.0
378642930517357601,0.0,0.0,0.0,0.0,0.0
378642930548795902,3.642857074737549,11.989765554234602,230.3179347826087,54.62798309326172,671.4268684248993
378742930508361701,0.0,0.0,0.0,0.0,0.0
378842930534603702,0.0,0.0,0.0,0.0,0.0
379042928021898801,0.0,0.0,0.0,0.0,0.0
379042930529748301,0.0,0.0,0.0,0.0,0.0
379142930462597802,0.0,0.0,0.0,0.0,0.0
379442930464406301,0.0,0.0,0.0,0.0,0.0
379442930525877202,0.0,0.0,0.0,0.0,0.0
379642930518465202,0.0,0.0,0.0,0.0,0.0
379942930458861702,1.4444444179534912,6.814232473123178,35.06213556851312,44.48721694946289,429.29664000547314
379942930538220701,0.0,0.0,0.0,0.0,0.0
381142928258160401,0.0,0.0,0.0,0.0,0.0
381142930455402501,0.0,0.0,0.0,0.0,0.0
381142930517571901,0.0,0.0,0.0,0.0,0.0
381242930530479402,0.0,0.0,0.0,0.0,0.0
381242930533425301,0.0,0.0,0.0,0.0,0.0
381342930464663802,0.0,0.0,0.0,0.0,0.0
381342930537371202,0.0,0.0,0.0,0.0,0.0
381342930545549801,0.0,0.0,0.0,0.0,0.0
381442928592554802,0.0,0.0,0.0,0.0,0.0
381542930511082102,0.0,0.0,0.0,0.0,0.0
381642928726286801,0.0,0.0,0.0,0.0,0.0
381642930462800901,0.0,0.0,0.0,0.0,0.0
381842930473491101,0.0,0.0,0.0,0.0,0.0
381842930523905901,4.5652174949646,18.88236965703471,184.70014771048744,124.23602294921875,1302.883490200409
382042930478418501,0.0,0.0,0.0,0.0,0.0
382242930508843601,0.0,0.0,0.0,0.0,0.0
382342930527765702,0.0,0.0,0.0,0.0,0.0
382442929816333701,0.0,0.0,0.0,0.0,0.0
382442930542936301,0.0,0.0,0.0,0.0,0.0
382542930547749401,0.0,0.0,0.0,0.0,0.0
382742930459525601,0.0,0.0,0.0,0.0,0.0
382742930529938201,0.0,0.0,0.0,0.0,0.0
382742930543048902,0.0,0.0,0.0,0.0,0.0
382742930545121801,0.0,0.0,0.0,0.0,0.0
382942930452010801,0.0,0.0,0.0,0.0,0.0
382942930519235701,0.0,0.0,0.0,0.0,0.0
382942930527975702,0.0,0.0,0.0,0.0,0.0
383042928022064701,6.196078300476074,12.268454010953608,188.38291605301916,88.14842987060547,625.6911639647561
383242928021739302,0.0,0.0,0.0,0.0,0.0
383242930526777101,2.7173912525177,6.174820869000306,73.286915316417,58.7473030090332,568.083520201797
383442930517005701,0.0,0.0,0.0,0.0,0.0
383442930541590302,0.0,0.0,0.0,0.0,0.0
383542930478274501,0.9230769276618958,10.916253276837624,485.8870431893688,244.2147216796875,1702.9355706582435
383642930531412502,0.0,0.0,0.0,0.0,0.0
383642930541252702,4.0,21.682271515376986,299.77460317460316,17.846372604370117,433.64542701357885
383742930522503801,0.0,0.0,0.0,0.0,0.0
383842929166292701,0.0,0.0,-0.05146618791143028,0.0,0.0
384042930476955701,0.0,0.0,0.0,0.0,0.0
384142930474020702,0.0,0.0,0.0,0.0,0.0
384342930531682701,0.0,0.0,0.0,0.0,0.0
384442930531919902,1.5,6.288456308919507,12.664249456127628,2.7109196186065674,25.153825412719815
384542930531852601,1.5641025304794312,11.014183247796646,73.04041272570937,100.96680450439453,859.1062713698489
384642929231919301,0.0,0.0,0.0,0.0,0.0
384742930465311101,0.0,0.0,0.0,0.0,0.0
384942928967210401,0.0,0.0,0.0,0.0,0.0
384942930541042402,0.0,0.0,0.0,0.0,0.0
385042930518965302,4.282352924346924,9.854987103006113,810.4986413043479,62.26726531982422,837.6739138216286
385042930542465302,0.0,0.0,0.0,0.0,0.0
385242930460781901,3.931034564971924,16.66812976030466,111.08458781362008,30.741865158081055,483.37574364446823
385342930533430402,3.0714285373687744,9.403128219052311,190.2687208885704,39.15373992919922,394.93137143393733
385442928043678802,0.0,0.0,0.0,0.0,0.0
385542929501805001,0.0,0.0,0.0,0.0,0.0
385542930518312701,0.0,0.0,0.0,0.0,0.0
385642930453262502,2.588235378265381,8.58350435164348,21.894162575013638,24.92271614074707,145.9195704337878
385842930137776202,0.7555555701255798,5.412587254268484,18.307565789473685,94.17990112304688,487.1328271684192
386042930464980502,0.0,0.0,0.0,0.0,0.0
386142929047985301,0.0,0.0,0.0,0.0,0.0
386142930517200602,0.0,0.0,0.0,0.0,0.0
386142930533884901,3.3548386096954346,4.880902649556869,34.274424984173876,17.031187057495117,151.30798115743366
386342930509658701,0.0,0.0,0.0,0.0,0.0
386342930522489501,0.0,0.0,0.0,0.0,0.0
386642930508954301,0.0,0.0,0.0,0.0,0.0
386642930545910101,0.0,0.0,0.0,0.0,0.0
386742930517778002,3.3684210777282715,9.356524524668849,67.53326387855336,11.166837692260742,177.77396719504333
386742930524873801,0.0,0.0,0.0,0.0,0.0
386942930516833302,1.0,5.946017699115044,5.946017699115044,0.6937280893325806,5.946017699115044
386942930535033502,0.0,0.0,0.0,0.0,0.0
387142929070047801,0.0,0.0,0.0,0.0,0.0
387142930545653001,0.0,0.0,0.0,0.0,0.0
387242928779095702,0.0,0.0,0.0,0.0,0.0
387542930460935401,0.0,0.0,0.0,0.0,0.0
387542930517584202,0.0,0.0,0.0,0.0,0.0
387542930524891601,0.0,0.0,0.0,0.0,0.0
387642930454143201,0.0,0.0,0.0,0.0,0.0
387742930508649701,0.0,0.0,0.0,0.0,0.0
387742930547812502,0.0,0.0,0.0,0.0,0.0
387942928025304302,0.0,0.0,0.0,0.0,0.0
388042930518093902,0.0,0.0,0.0,0.0,0.0
388042930524151601,0.0,0.0,0.0,0.0,0.0
388542930544726801,2.866666555404663,14.33129543187001,135.14196123147093,14.555460929870605,429.9388753301605
388842930464829801,0.0,0.0,0.0,0.0,0.0
388942930453069001,0.0,0.0,0.0,0.0,0.0
388942930480651502,0.0,0.0,0.0,0.0,0.0
389042930537878602,0.0,0.0,0.0,0.0,0.0
389142930509577502,0.0,0.0,0.0,0.0,0.0
389142930524417401,0.0,0.0,0.0,0.0,0.0
389242929417183102,0.0,0.0,0.0,0.0,0.0
389242930540877902,0.0,0.0,0.0,0.0,0.0
389342930335195702,0.0,0.0,0.0,0.0,0.0
389342930480540002,0.0,0.0,0.0,0.0,0.0
389542930520053202,0.0,0.0,0.0,0.0,0.0
389842930524519702,0.0,0.0,0.0,0.0,0.0
389942930447477901,2.6666667461395264,9.93951388036182,88.40700720366732,24.824825286865234,238.54833024455272
389942930454321801,0.0,0.0,0.0,0.0,0.0
391242930472753802,0.0,0.0,0.0,0.0,0.0
391442930534416501,0.0,0.0,0.0,0.0,0.0
391542930477955601,0.0,0.0,0.0,0.0,0.0
391642930516707901,0.0,0.0,0.0,0.0,0.0
391642930523212602,0.0,0.0,0.0,0.0,0.0
391742930516466402,0.0,0.0,0.0,0.0,0.0
391742930525043601,4.461538314819336,5.116994443064696,48.05600397367441,29.500537872314453,199.56278059270298
391842930517761402,0.0,0.0,0.0,0.0,0.0
392042929704089602,0.0,0.0,0.0,0.0,0.0
392542930545437602,5.057142734527588,12.440512247131643,383.2475845410628,44.003719329833984,870.8358582413715
392642929843823801,2.2252252101898193,8.170452695415047,105.49769022568631,77.43341827392578,906.920220170834
392642930464602801,0.0,0.0,0.0,0.0,0.0
392642930473037902,3.821917772293091,5.395023454016913,36.15954897815363,64.63917541503906,393.8367175112315
392642930477428701,0.0,0.0,0.0,0.0,0.0
392942930516888401,0.0,0.0,0.0,0.0,0.0
393042930517697601,0.9587628841400146,5.618243977598199,45.53764320785597,81.53380584716797,544.9696680215689
393042930542269002,0.0,0.0,0.0,0.0,0.0
393042930546631302,0.0,0.0,0.0,0.0,0.0
393142930544519301,0.0,0.0,0.0,0.0,0.0
393142930547471501,0.0,0.0,0.0,0.0,0.0
393242929766133401,0.0,0.0,0.0,0.0,0.0
393242930467765502,0.0,0.0,0.0,0.0,0.0
393242930476399502,0.0,0.0,0.0,0.0,0.0
393342930527369802,0.0,0.0,0.0,0.0,0.0
393542930480018402,0.0,0.0,0.0,0.0,0.0
393742930520197501,0.0,0.0,0.0,0.0,0.0
393742930545799702,4.296296119689941,6.423180812288466,51.098932569643324,22.47117042541504,173.42587785589234
394042929514211502,0.0,0.0,0.0,0.0,0.0
394042930459453101,0.0,0.0,0.0,0.0,0.0
394442928121460502,0.0,0.0,0.0,0.0,0.0
394442930510586502,0.0,0.0,0.0,0.0,0.0
394542930458628602,0.0,0.0,0.0,0.0,0.0
394542930461458602,0.0,0.0,0.0,0.0,0.0
394842928269821601,0.0,0.0,0.0,0.0,0.0
394942930455046402,0.0,0.0,0.0,0.0,0.0
395242930457477202,3.25,5.614086705395299,8.392094017094017,1.85627019405365,22.456346560747196
395242930527336501,0.0,0.0,0.0,0.0,0.0
395442930465144201,0.0,0.0,0.0,0.0,0.0
395542930452254701,0.0,0.0,0.0,0.0,0.0
395642930474569001,0.0,0.0,0.0,0.0,0.0
395642930479548602,0.0,0.0,0.0,0.0,0.0
395942928191430301,0.0,0.0,0.0,0.0,0.0
396042929762471102,0.0,0.0,0.0,0.0,0.0
396042930508149701,0.0,0.0,0.0,0.0,0.0
396142929020966702,0.0,0.0,0.0,0.0,0.0
396142930508118401,0.0,0.0,0.0,0.0,0.0
396242930474193301,0.0,0.0,0.0,0.0,0.0
396242930530884601,0.0,0.0,0.0,0.0,0.0
396242930540908902,0.0,0.0,0.0,0.0,0.0
396442930549904601,0.0,0.0,0.0,0.0,0.0
396742930534244302,0.0,0.0,0.0,0.0,0.0
396842928607154801,0.0,0.0,0.0,0.0,0.0
396842930527885301,0.0,0.0,0.0,0.0,0.0
396942930477809802,0.0,0.0,0.0,0.0,0.0
396942930516506501,3.5744681358337402,14.582205031713418,138.53618009648025,40.054237365722656,685.3636242469677
396942930529685301,0.0,0.0,0.0,0.0,0.0
396942930546900402,0.0,13.418556165274275,0.0,0.8551240563392639,13.418556165274275
397042930476226001,0.0,0.0,0.0,0.0,0.0
397242930538647501,0.0,0.0,0.0,0.0,0.0
397642930475479502,0.0,0.0,0.0,0.0,0.0
397842930476469701,0.0,0.0,0.0,0.0,0.0
397842930529378901,0.0,0.0,0.0,0.0,0.0
398342930477370602,0.0,0.0,0.0,0.0,0.0
398342930509659302,0.0,0.0,0.0,0.0,0.0
398542928779258801,0.0,0.0,0.0,0.0,0.0
398642930464486202,0.0,0.0,0.0,0.0,0.0
398742930474713601,3.263157844543457,11.610096446935962,115.60771840542833,116.14286804199219,882.3673129619634
398742930527440801,0.0,0.0,0.0,0.0,0.0
398942928695745901,0.0,0.0,0.0,0.0,0.0
398942930516805102,2.965909004211426,17.747649649953065,356.1113892365457,120.08350372314453,1561.7931610556209
399042930516875102,0.0,0.0,0.0,0.0,0.0
399042930533094102,2.142857074737549,12.90523141408409,109.749703908409,75.08164978027344,903.3661922691276
399242930463225402,85.5,0.9924573243350536,1.3894402540690751,0.1490572839975357,1.9849146486701073
399342929373145101,0.0,0.0,0.0,0.0,0.0
399642927979893401,0.0,0.0,0.0,0.0,0.0
399642930527611501,0.0,0.0,0.0,0.0,0.0
399742930528621802,0.0,0.0,0.0,0.0,0.0
399742930542355302,2.8714284896850586,12.385648060993976,542.1633199464525,45.94670486450195,866.9953448437304
399842930477787802,0.0,0.0,0.0,0.0,0.0
399842930518555101,0.0,0.0,0.0,0.0,0.0
401442930456696401,3.8333332538604736,16.639092524019215,43.985188150520415,6.702136039733887,99.83455221208217
401442930533792802,0.0,0.0,0.0,0.0,0.0
401542930528130801,0.0,0.0,0.0,0.0,0.0
401642930471936801,0.0,0.0,0.0,0.0,0.0
401742928921383502,2.25,2.602843580133021,7.440869718932296,1.6084400415420532,10.411374493161128
401942930466958002,0.0,0.0,0.0,0.0,0.0
402142930516212601,1.9166666269302368,8.02734375,125.39034508768621,97.71456146240234,866.953155508946
402142930525329602,0.0,0.0,0.0,0.0,0.0
402242930220850201,0.0,0.0,0.0,0.0,0.0
402542930529279302,0.0,0.0,0.0,0.0,0.0
402642930511105501,0.0,0.0,0.0,0.0,0.0
402742930476771901,0.0,0.0,0.0,0.0,0.0
402742930528567501,0.0,0.0,0.0,0.0,0.0
402742930538104702,0.0,0.0,0.0,0.0,0.0
402842928726872901,2.0,3.008620150556919,7.523881442325845,1.7093029022216797,18.05172134580895
402842930543174502,3.640000104904175,8.556985863504956,91.50770925110132,24.59326934814453,213.92464771354776
403042930510952501,0.0,0.0,0.0,0.0,0.0
403242930464977002,0.0,0.0,0.0,0.0,0.0
403342930479456202,0.0,0.0,0.0,0.0,0.0
403442928135526702,0.0,0.0,0.0,0.0,0.0
403542930459240401,0.0,0.0,0.0,0.0,0.0
403642930457403402,0.0,0.0,0.0,0.0,0.0
403642930549127701,0.0,0.0,0.0,0.0,0.0
404042930534149001,0.0,0.0,0.0,0.0,0.0
404142930516623201,4.453125,10.934806348281887,124.58555620267909,77.84984588623047,699.827580759785
404142930543207202,0.0,0.0,0.0,0.0,0.0
404342928592736402,0.0,0.0,0.0,0.0,0.0
404342929161928001,4.411764621734619,5.4871508092022045,93.47235272858691,27.40979766845703,186.56312895768983
404342930530378302,0.0,0.0,0.0,0.0,0.0
404342930530450502,0.0,0.0,0.0,0.0,0.0
404542928009669402,0.0,0.0,0.0,0.0,0.0
404542930516805801,0.0,0.0,0.0,0.0,0.0
404742930534327401,0.0,0.0,0.0,0.0,0.0
404942928243018501,3.8021976947784424,18.73894693827334,306.1726659167604,84.85157775878906,1705.244232476361
404942930462232801,0.0,0.0,0.0,0.0,0.0
405242929965425402,0.0,0.0,0.0,0.0,0.0
405242930075763902,0.0,0.0,0.0,0.0,0.0
405242930542378301,0.0,0.0,0.0,0.0,0.0
405342930516793902,0.0,0.0,0.0,0.0,0.0
405442930463122202,1.085714340209961,4.033683238346593,37.60383516931864,61.574703216552734,423.53674040615
405642929034787301,0.0,0.0,0.0,0.0,0.0
405642930454048701,0.0,0.0,0.0,0.0,0.0
405742930435843402,0.0,0.0,0.0,0.0,0.0
405742930547082702,0.0,0.0,0.0,0.0,0.0
405942930463724801,0.0,0.0,0.0,0.0,0.0
406042930527059902,0.0,0.0,0.0,0.0,0.0
406142930253488602,0.0,0.0,0.0,0.0,0.0
406142930465603601,0.0,0.0,0.0,0.0,0.0
406142930480624702,0.0,0.0,0.0,0.0,0.0
406142930519779901,0.0,0.0,0.0,0.0,0.0
406242930448090402,3.8333332538604736,4.2071149905422445,50.20277427490542,22.153886795043945,151.45613824716884
406242930457494901,2.615384578704834,4.2286335001047775,37.04559932942163,7.595672607421875,54.97223552310557
406242930532467501,4.28000020980835,9.211878573386592,57.78947368421053,30.470903396606445,230.2969670307666
406542930547152702,0.0,0.0,0.0,0.0,0.0
406642930549402802,0.0,0.0,0.0,0.0,0.0
406742930453129401,2.384615421295166,3.570993153163824,22.18767108865024,5.677460670471191,46.42291301053357
406842930476564801,0.0,0.0,0.0,0.0,0.0
406842930550301202,0.0,0.0,0.0,0.0,0.0
407042930462689801,0.0,0.0,0.0,0.0,0.0
407042930516282502,0.0,0.0,0.0,0.0,0.0
407142930456439801,2.5999999046325684,6.488062416135525,111.54142905065414,37.89729690551758,389.2837441568205
407142930461291902,0.0,0.0,0.0,0.0,0.0
407242930448943101,0.0,0.0,0.0,0.0,0.0
407342930458624101,0.0,0.0,0.0,0.0,0.0
407342930463113101,0.0,0.0,0.0,0.0,0.0
407442929091989401,0.0,0.0,0.0,0.0,0.0
407442930545205401,0.0,0.0,0.0,0.0,0.0
407642930469038001,0.0,0.0,0.0,0.0,0.0
407742930465061701,0.0,0.0,0.0,0.0,0.0
407742930544345001,0.0,0.0,0.0,0.0,0.0
407942930473018401,0.0,0.0,0.0,0.0,0.0
408042930479169602,0.0,0.0,0.0,0.0,0.0
408242930522563502,0.0,0.0,0.0,0.0,0.0
408242930526666201,0.0,0.0,0.0,0.0,0.0
408342930477095702,0.0,0.0,0.0,0.0,0.0
408342930534809402,0.0,0.0,0.0,0.0,0.0
408842930457682702,0.0,0.0,0.0,0.0,0.0
408842930529595802,0.0,0.0,0.0,0.0,0.0
409142930517800302,0.0,0.0,0.0,0.0,0.0
409242930459718201,0.6097561120986938,10.790719000704959,344.00422276728756,88.90245056152344,1327.258484043822
409242930471121901,0.0,0.0,0.0,0.0,0.0
409242930530387301,0.0,0.0,0.0,0.0,0.0
409242930538171502,0.0,0.0,0.0,0.0,0.0
409342930474059602,0.0,0.0,0.0,0.0,0.0
409342930526145602,0.0,0.0,0.0,0.0,0.0
409542930342586901,0.0,0.0,0.0,0.0,0.0
409542930472605301,2.200000047683716,2.634479565403907,10.382418162618796,1.5125662088394165,13.172397324301247
409542930532421802,3.200000047683716,2.8357968151340995,12.619157088122606,4.9406023025512695,28.35796855668303
409642930479184301,0.0,0.0,0.0,0.0,0.0
409742930518180302,0.0,0.0,0.0,0.0,0.0
411142930479404701,0.0,0.0,0.0,0.0,0.0
411342930458816501,0.0,0.0,0.0,0.0,0.0
411342930550028202,0.0,0.0,0.0,0.0,0.0
411442930515834401,0.0,0.0,0.0,0.0,0.0
411842928042083402,0.0,0.0,0.0,0.0,0.0
411942928213938501,3.8372092247009277,9.304798884841178,245.78991508543874,66.39466857910156,800.2126725006184
412042930449031401,0.0,0.0,0.0,0.0,0.0
412142930453103101,0.0,0.0,0.0,0.0,0.0
412142930530157001,0.0,0.0,0.0,0.0,0.0
412242930518214602,0.0,0.0,0.0,0.0,0.0
412342930289588601,0.0,0.0,0.0,0.0,0.0
412342930289643401,0.0,0.0,0.0,0.0,0.0
412342930532782902,0.0,0.0,0.0,0.0,0.0
412442930508733902,0.0,0.0,0.0,0.0,0.0
412542930544672702,0.0,0.0,0.0,0.0,0.0
412642930534747002,0.0,0.0,0.0,0.0,0.0
412742930460627101,0.0,0.0,0.0,0.0,0.0
412942930474369302,0.0,0.0,0.0,0.0,0.0
412942930474631602,0.0,0.0,0.0,0.0,0.0
413042930474117101,0.0,0.0,0.0,0.0,0.0
413042930548763702,3.2705881595611572,5.2168654370242535,111.98418665049165,34.7523078918457,443.43354167356347
413242930480593002,0.0,0.0,0.0,0.0,0.0
413342930468101401,1.7567567825317383,20.999079611449115,116.38053097345133,47.962730407714844,776.9659360699949
413342930526388702,0.0,0.0,0.0,0.0,0.0
413942928707726702,4.04054069519043,11.870202850877194,179.44137571651902,85.97176361083984,878.394961422219
413942930457365502,0.0,0.0,0.0,0.0,0.0
414042930526910902,0.0,0.0,0.0,0.0,0.0
414042930531468302,0.0,0.0,0.0,0.0,0.0
414142930458203501,0.0,0.0,0.0,0.0,0.0
414342930507824901,356.0,0.31308703819661865,0.31308703819661865,0.043043941259384155,0.31308703819661865
414342930510733001,0.0,0.0,0.0,0.0,0.0
414442930548842301,0.0,0.0,0.0,0.0,0.0
414542930521761901,0.0,0.0,0.0,0.0,0.0
414642930550599801,0.0,0.0,0.0,0.0,0.0
414842930447360602,0.0,0.0,0.0,0.0,0.0
414942930465336301,0.0,0.0,0.0,0.0,0.0
415042930470615302,0.0,0.0,0.0,0.0,0.0
415142930516126502,0.0,0.0,0.0,0.0,0.0
415242930544952501,0.0,0.0,0.0,0.0,0.0
415342928086441102,0.0,9.531437687687689,0.0,31.446292877197266,362.1946312343036
415642930459931101,0.0,0.0,0.0,0.0,0.0
415642930475389902,2.5714285373687744,6.798249973992348,282.54752464947467,66.18206787109375,761.4040314394811
415742930478104002,5.666666507720947,17.214751783220272,84.64245810055866,4.716690540313721,103.28850699726905
415942930466888101,0.0,0.0,0.0,0.0,0.0
416142930454167201,0.0,0.0,0.0,0.0,0.0
416242930455137601,4.800000190734863,10.12089694514088,71.13085004775549,25.712238311767578,253.0224158169547
416442929626364102,3.797872304916382,14.980132690722423,298.0671462829736,120.2676773071289,1408.1324218640225
416442930473063501,0.0,0.0,0.0,0.0,0.0
416842930450242402,2.0933332443237305,7.973318762735227,127.618003116385,67.66729736328125,597.9988804368768
416842930518543801,0.0,0.0,0.0,0.0,0.0
416842930543259501,0.0,0.0,0.0,0.0,0.0
417042930452964302,0.0,1.1804287310728092,0.0,0.12661613523960114,1.1804287310728092
417042930452976501,2.75,4.7069604673766055,46.87004732927654,13.624229431152344,112.96705662312743
417042930524389801,1.0,1.7858274959373035,2.9774236387782205,0.4496873915195465,3.571654991874607
417142930459672401,4.085714340209961,7.606258254516019,92.6935923653715,56.12165069580078,532.4380965047575
417342930449522002,0.0,0.0,0.0,0.0,0.0
417542930525139002,0.0,0.0,0.0,0.0,0.0
418042930544336502,0.0,0.0,0.0,0.0,0.0
418342930508967902,0.0,0.0,0.0,0.0,0.0
418342930516375702,0.0,0.0,0.0,0.0,0.0
418442930528735301,0.0,0.0,0.0,0.0,0.0
418442930530225202,0.0,0.0,0.0,0.0,0.0
418642930452678002,0.0,0.0,0.0,0.0,0.0
418842930480448501,3.03947377204895,6.023292332501593,113.20237842429391,76.91861724853516,457.77021651917084
419042930534507802,0.0,0.0,0.0,0.0,0.0
419142930510250002,0.0,0.0,0.0,0.0,0.0
419142930528931202,0.0,0.0,0.0,0.0,0.0
419342930464253801,0.0,0.0,0.0,0.0,0.0
419342930464733702,0.0,0.0,0.0,0.0,0.0
419342930511050901,0.0,0.0,0.0,0.0,0.0
419442930446618101,0.0,0.0,0.0,0.0,0.0
419442930510332601,0.0,0.0,0.0,0.0,0.0
419542930460743402,0.0,0.0,0.0,0.0,0.0
419642928135481802,0.0,0.0,0.0,0.0,0.0
419742930510455002,0.0,0.0,0.0,0.0,0.0
419742930526312002,0.302752286195755,5.972054178090357,36.388127309572056,68.42494201660156,650.9538791905229
419742930544479201,3.797468423843384,9.344873370465644,148.4708754795954,82.48595428466797,738.2449858597358
419942930519726001,0.0,0.0,0.0,0.0,0.0
419942930534902402,0.0,0.0,0.0,0.0,0.0
421142930524863402,0.0,0.0,0.0,0.0,0.0
421342930476293502,0.0,0.0,0.0,0.0,0.0
421542930478606501,0.0,0.0,0.0,0.0,0.0
421542930542662602,0.380952388048172,18.99605291193182,100.45454545454545,41.737613677978516,398.9171040066806
421742930472103102,12.0,6.136108688066992,6.136078157711095,0.7405232787132263,6.136108688066992
421742930478809101,0.0,0.0,0.0,0.0,0.0
421742930527837001,0.0,0.0,0.0,0.0,0.0
421742930545929201,0.0,0.0,0.0,0.0,0.0
421842930464510002,0.0,0.0,0.0,0.0,0.0
421842930464512601,0.0,0.0,0.0,0.0,0.0
421842930530493601,0.0,0.0,0.0,0.0,0.0
421942930525619301,0.0,0.0,0.0,0.0,0.0
422042929012799102,0.0,0.0,0.0,0.0,0.0
422242930462962702,0.0,0.0,0.0,0.0,0.0
422242930464839802,0.0,0.0,0.0,0.0,0.0
422242930519309302,0.0,0.0,0.0,0.0,0.0
422342929348291702,2.6074767112731934,8.502129212399621,96.55798295753411,115.21565246582031,909.7278504173497
422342930528770702,0.0,0.0,0.0,0.0,0.0
422342930536281502,0.0,0.0,0.0,0.0,0.0
422442930532646302,0.0,0.0,0.0,0.0,0.0
422542929800558901,0.0,0.0,0.0,0.0,0.0
422642930533379302,0.0,0.0,0.0,0.0,0.0
422842930455013301,0.0,0.0,0.0,0.0,0.0
422942930517743102,0.0,0.0,0.0,0.0,0.0
423042930220628402,0.0,0.0,0.0,0.0,0.0
423142930472510701,2.866666555404663,6.163623771560369,65.69193742478942,14.844098091125488,92.45435526052538
423142930529658201,0.0,0.0,0.0,0.0,0.0
423342930462033501,0.0,0.0,0.0,0.0,0.0
423342930528595001,0.0,0.0,0.0,0.0,0.0
423342930541522601,0.0,0.13398503419557173,0.0,0.012329235672950745,0.13398503419557173
423442930510727701,0.0,0.0,0.0,0.0,0.0
423742930476657202,0.0,0.0,0.0,0.0,0.0
423742930532899201,0.0,0.0,0.0,0.0,0.0
423842929307319302,0.0,0.0,0.0,0.0,0.0
423842930008236502,0.0,0.0,0.0,0.0,0.0
423842930456507002,0.0,0.0,0.0,0.0,0.0
423842930461862401,0.0,0.0,0.0,0.0,0.0
423942930473588601,0.0,0.0,0.0,0.0,0.0
424042930527942301,0.0,0.0,0.0,0.0,0.0
424442930526962502,1.7999999523162842,9.64418167219977,43.084295612009235,12.320364952087402,144.66272473059956
424542930476618101,4.615384578704834,10.716816259601277,59.32258134115819,12.642618179321289,139.31861228083602
424542930544796702,0.0,0.0,0.0,0.0,0.0
424842930455850101,0.0,0.0,0.0,0.0,0.0
424842930525167202,0.0,0.0,0.0,0.0,0.0
424842930531682102,0.0,0.0,0.0,0.0,0.0
424942930478216002,0.0,0.0,0.0,0.0,0.0
424942930522432801,4.744680881500244,32.370620735111665,452.93101736972704,46.91202163696289,1521.4191433587087
425042927982774902,2.7567567825317383,7.513376311016481,193.51541676523934,133.67144775390625,833.9848046189612
425042930527812502,0.0,0.0,0.0,0.0,0.0
425142930476491301,0.0,0.0,0.0,0.0,0.0
425142930517641001,0.0,0.0,0.0,0.0,0.0
425142930532447901,0.0,0.0,0.0,0.0,0.0
425342930452771101,9.0,5.427354877113247,86.83835108846688,9.850131034851074,86.83767700416173
425342930473661602,0.0,0.0,0.0,0.0,0.0
425442930517412402,0.0,0.0,0.0,0.0,0.0
425442930547332502,0.0,0.0,0.0,0.0,0.0
425542930467542701,2.34375,4.271122930814941,49.59144312393888,20.820438385009766,136.67593036230633
425942930461917102,0.3333333432674408,8.985755311264823,11.468511198945981,23.469528198242188,215.65812289875015
425942930525262001,0.0,0.0,0.0,0.0,0.0
426242930508104501,0.0,0.0,0.0,0.0,0.0
426242930541919002,0.0,0.0,0.0,0.0,0.0
426442929249040201,0.0,0.0,0.0,0.0,0.0
426442930508858402,1.2068965435028076,9.39147563600466,19.85137234593475,41.68466567993164,272.3527897143845
426542928728354801,0.0,0.0,0.0,0.0,0.0
426542930525179902,0.5714285969734192,13.168939879775003,75.2811225120534,77.37272644042969,1382.738663538408
426642930476601002,6.86274528503418,11.211626707876324,156.75794251134644,60.14388656616211,571.7929682277154
426742930534010201,0.0,0.0,0.0,0.0,0.0
426842928030317302,0.7837837934494019,4.741756018813776,20.90918367346939,34.968772888183594,175.44497886287922
426842930531351102,1.5,6.383041154092817,8.906716417910447,1.1881004571914673,12.766081852699394
426942930534675001,0.0,0.0,0.0,0.0,0.0
427042929467119401,0.0,0.0,0.0,0.0,0.0
427042930472219801,5.032258033752441,8.955537797914598,60.55312810327706,31.84394645690918,277.62167207439467
427142929346284802,0.0,0.0,0.0,0.0,0.0
427142929816392201,0.0,0.0,0.0,0.0,0.0
427142930455661602,0.0,0.0,0.0,0.0,0.0
427142930519082401,0.0,0.0,0.0,0.0,0.0
427242930508481601,0.0,0.0,0.0,0.0,0.0
427242930549574301,0.37142857909202576,6.807181398494472,15.089673018113386,73.09013366699219,476.50269337907395
427342930454849801,0.0,0.0,0.0,0.0,0.0
427442930475405802,0.0,0.0,0.0,0.0,0.0
427542930524283402,0.0,0.0,0.0,0.0,0.0
427642930450569802,0.0,0.0,0.0,0.0,0.0
427642930532071401,0.0,9.851278640590547,0.0,5.8918023109436035,167.47173495617687
427642930546508501,0.0,0.0,0.0,0.0,0.0
427842930511054402,4.166666507720947,4.134141463666391,12.277456647398845,3.614759922027588,24.804849353205427
427942928225066301,0.0,0.0,0.0,0.0,0.0
428042930534754302,0.0,0.0,0.0,0.0,0.0
428342930530081502,0.0,0.0,0.0,0.0,0.0
428442930475850102,0.0,0.0,0.0,0.0,0.0
428442930533635001,0.0,0.0,0.0,0.0,0.0
428542930545389202,0.0,0.0,0.0,0.0,0.0
428742930455226301,0.0,0.0,0.0,0.0,0.0
428842930515464502,3.5978260040283203,17.278895196437595,202.82187973724103,158.0219268798828,1589.6583917240955
428942930452187902,0.0,0.0,0.0,0.0,0.0
429042930524070901,0.0,0.0,0.0,0.0,0.0
429142930549347602,0.0,0.0,0.0,0.0,0.0
429342928269818402,0.0,0.0,0.0,0.0,0.0
429342929417543301,0.0,0.0,0.0,0.0,0.0
429342930530952502,6.0,7.225138385820805,12.459747817652765,1.3970234394073486,14.45027653484178
429442930526423701,0.0,0.0,0.0,0.0,0.0
429542930463343201,0.0,0.0,0.0,0.0,0.0
429542930534678901,0.0,0.0,0.0,0.0,0.0
429742930480276102,0.0,0.0,0.0,0.0,0.0
429842929411157202,0.0,0.0,0.0,0.0,0.0
431142928242857102,0.0,0.0,0.0,0.0,0.0
431142930528814302,0.0,0.0,0.0,0.0,0.0
431342928188537602,0.3333333432674408,9.671267834534476,84.94624074795482,23.443809509277344,348.16563950952127
431342930436036701,129.0,2.1668472372697725,3.6114120621162873,0.3190804719924927,4.3336944029020374
431442930460324301,0.0,0.0,0.0,0.0,0.0
431642930546311502,0.0,0.0,0.0,0.0,0.0
431742930460715902,0.0,0.0,0.0,0.0,0.0
431742930528369702,4.92307710647583,12.077885841836734,85.39968602825746,46.48562240600586,314.0250305151827
431842930517103301,0.0,0.0,0.0,0.0,0.0
431942930461501701,1.809999942779541,13.091156386377806,164.50374064837905,102.27408599853516,1309.1156071883286
432042930475664902,0.0,0.0,0.0,0.0,0.0
432242930450432502,1.6666666269302368,20.70955434355346,59.339622641509436,17.487682342529297,124.25733264467252
432342930529109301,0.0,0.0,0.0,0.0,0.0
432442929687010202,0.0,0.0,0.0,0.0,0.0
432642930529775401,0.0,0.0,0.0,0.0,0.0
432642930544091501,2.282352924346924,9.309729242104204,66.33212633272983,92.49812316894531,791.3270038089818
432742930464778202,0.0,0.0,0.0,0.0,0.0
432942928887199501,0.0,0.0,0.0,0.0,0.0
433042930454629101,0.0,0.0,0.0,0.0,0.0
433042930523638701,0.0,0.0,0.0,0.0,0.0
433242930479913101,0.0,0.0,0.0,0.0,0.0
433242930517302902,0.0,0.0,0.0,0.0,0.0
433242930526829102,0.0,0.0,0.0,0.0,0.0
433542930468923802,0.0,0.0,0.0,0.0,0.0
433542930546801001,0.0,0.0,0.0,0.0,0.0
433642930456624001,0.0,0.0,0.0,0.0,0.0
433742930524402901,0.0,0.0,0.0,0.0,0.0
434242930550216202,0.0,0.0,0.0,0.0,0.0
434342928577579702,0.0,0.0,0.0,0.0,0.0
434442930476749802,4.579710006713867,20.683393179835495,297.53140578265203,75.76187896728516,1427.1541640337775
434542929543902501,0.0,0.0,0.0,0.0,0.0
434542930478188502,0.0,0.0,0.0,0.0,0.0
434542930516168402,3.21052622795105,7.877007532164778,99.5576015108593,35.420902252197266,299.326273272463
434542930534207102,0.0,0.0,0.0,0.0,0.0
434642930525286701,0.0,0.0,0.0,0.0,0.0
434642930537432001,3.0327868461608887,8.662233382936508,234.7112827112827,42.363895416259766,528.3962418594263
435142930542793802,0.0,0.0,0.0,0.0,0.0
435242930531846502,3.5625,5.173077155827325,70.02630638145743,0.0,165.53847135125488
435242930532869402,0.0,0.0,0.0,0.0,0.0
435342929013116401,0.0,0.0,0.0,0.0,0.0
435442930460426002,0.0,0.0,0.0,0.0,0.0
435442930518610701,2.2830188274383545,11.288963035300926,1794.9481481481482,135.1333465576172,1794.9451570173105
435742930543774002,0.0,0.0,0.0,0.0,0.0
435842930478161502,0.0,0.0,0.0,0.0,0.0
435842930510965401,0.0,0.0,0.0,0.0,0.0
435942930527914001,0.0,0.0,0.0,0.0,0.0
436242930547456902,0.0,0.0,0.0,0.0,0.0
436342928726782501,3.3230769634246826,6.387263152415325,54.63464741810105,40.02558898925781,415.17210529672644
436442930475111001,0.0,0.0,0.0,0.0,0.0
436542930542212901,0.0,0.0,0.0,0.0,0.0
436642930516141202,3.4666666984558105,11.104603531227307,75.8115468409586,20.77617645263672,333.1381059894548
436842930473132001,0.0,0.0,0.0,0.0,0.0
436942930531863101,0.0,0.0,0.0,0.0,0.0
437142930549638801,0.0,0.0,0.0,0.0,0.0
437442930458940101,4.42553186416626,3.340719117242677,26.55742734745861,30.172298431396484,157.01380113480445
437642929456777302,0.0,0.0,0.0,0.0,0.0
437642929703857301,0.0,0.0,0.0,0.0,0.0
437642930541280602,3.549999952316284,10.439870432883241,82.74535345512311,33.11955261230469,208.7974084540527
437642930542057902,0.0,0.0,0.0,0.0,0.0
437842930531739502,0.0,0.0,0.0,0.0,0.0
438042930524689201,3.8125,8.836950629818283,77.14867841409692,21.768457412719727,141.39120930407014
438242930467080401,3.2282607555389404,7.382127304852712,116.61549306225422,87.17552947998047,679.1556890263635
438242930510427602,0.0,0.0,0.0,0.0,0.0
438442930516910302,1.7999999523162842,3.963988170948868,11.67171203256169,3.4158761501312256,19.81994056750181
438542928614385802,0.0,0.0,0.0,0.0,0.0
438542930008180002,0.0,0.0,0.0,0.0,0.0
438542930528147302,0.0,0.0,0.0,0.0,0.0
438742930529846001,0.0,0.0,0.0,0.0,0.0
439242930508921102,0.0,0.0,0.0,0.0,0.0
439442930530243202,0.0,0.0,0.0,0.0,0.0
439642930518496702,0.0,0.0,0.0,0.0,0.0
439742929704304201,3.7857143878936768,7.961237219718415,168.21096543504171,66.76856994628906,668.7439216822919
439742930468869302,0.0,0.0,0.0,0.0,0.0
439742930534365702,0.0,0.0,0.0,0.0,0.0
439942928197140001,0.0,0.0,0.0,0.0,0.0
439942929575556101,27.0,87.79103236355435,87.79093369418132,6.425663471221924,87.79103236355435
441242928932386902,0.0,0.0,0.0,0.0,0.0
441242930516479301,0.0,0.0,0.0,0.0,0.0
441342930455691402,0.0,0.0,0.0,0.0,0.0
441342930538665302,0.0,0.0,0.0,0.0,0.0
441442930546173402,4.5757575035095215,22.502088815789474,201.2175438596491,106.15772247314453,1485.137828727856
441542930528341302,0.0,0.0,0.0,0.0,0.0
441642930543933102,0.0,0.0,0.0,0.0,0.0
441742930543287101,0.0,0.0,0.0,0.0,0.0
441842930450618302,3.5,12.830714197063127,87.36036789297658,27.697589874267578,282.27571455531296
441842930519782902,0.0,0.0,0.0,0.0,0.0
442042930522229201,0.0,0.0,0.0,0.0,0.0
442142930450340102,0.0,0.0,0.0,0.0,0.0
442242928232687101,0.0,0.0,0.0,0.0,0.0
442242930456507901,2.6666667461395264,5.365176385434478,46.87424218871444,11.016770362854004,96.57317283626813
442342928210699901,0.0,0.0,0.0,0.0,0.0
442442930537131802,0.0,0.0,0.0,0.0,0.0
442542930464754601,0.0,0.0,0.0,0.0,0.0
442642930472517502,4.17391300201416,6.331439617809298,47.226319936958234,23.769493103027344,145.62311455716855
442642930516534602,0.0,0.0,0.0,0.0,0.0
442742930521986601,2.2962963581085205,6.1356665129151295,111.69826852114674,71.2774429321289,662.6520086085969
442742930541026901,2.6666667461395264,3.7153644139456223,21.318511773123454,7.335859775543213,66.87655861890407
442842930460244201,0.0,0.0,0.0,0.0,0.0
443042929544004001,0.0,0.0,0.0,0.0,0.0
443042930544171201,0.0,0.0,0.0,0.0,0.0
443142930530546101,3.339622735977173,11.468316117869128,160.00906040268455,47.31406021118164,607.8207270884674
443142930531245401,1.6538461446762085,6.757605238224147,73.3959245951666,43.77377700805664,351.3954873122339
443242928932549701,0.0,0.0,0.0,0.0,0.0
443642928242815302,0.0,0.0,0.0,0.0,0.0
443642930533744301,0.0,0.0,0.0,0.0,0.0
443742930527623402,0.0,0.0,0.0,0.0,0.0
443942930454346501,0.0,0.0,0.0,0.0,0.0
443942930515762202,3.0,4.049123974845883,15.018934390136504,3.794577121734619,24.294742666535942
444042930540957902,0.0,0.0,0.0,0.0,0.0
444042930547155601,0.0,0.0,0.0,0.0,0.0
444142930531489501,0.0,0.0,0.0,0.0,0.0
444342929025526601,0.0,0.0,0.0,0.0,0.0
444342930453038602,0.0,0.0,0.0,0.0,0.0
444442930521385601,0.0,0.0,0.0,0.0,0.0
444642930473703801,0.0,0.0,0.0,0.0,0.0
444642930527844202,0.0,0.0,0.0,0.0,0.0
444642930534681902,0.0,0.0,0.0,0.0,0.0
445042930530644301,0.0,0.0,0.0,0.0,0.0
445042930538085702,0.0,0.0,0.0,0.0,0.0
445242928258168502,0.0,0.0,0.0,0.0,0.0
445442930509399801,2.545454502105713,3.825709321071232,22.21846888195337,6.1746931076049805,42.0828013664345
445442930533671402,0.0,0.0,0.0,0.0,0.0
445542930184431601,0.0,0.0,0.0,0.0,0.0
445542930521743101,0.20588235557079315,6.365025468590072,22.16888433981576,33.85880661010742,216.4108708361154
445642930526329602,0.0,0.0,0.0,0.0,0.0
445742929118695701,0.7976190447807312,8.889544329485735,63.831831831831835,84.4306411743164,746.7217248753384
445742930525116902,5.147058963775635,10.87009284503299,180.40762463343108,86.26922607421875,739.1662985166846
446042930461902202,0.0,0.0,0.0,0.0,0.0
446042930480613802,0.0,0.0,0.0,0.0,0.0
446342930516040102,0.0,0.0,0.0,0.0,0.0
446542930079741302,4.583333492279053,9.807965168878166,121.79951749095295,39.3158073425293,353.08673135000487
446542930454596401,0.0,0.0,0.0,0.0,0.0
446642930527472202,0.0,0.0,0.0,0.0,0.0
446942930447130201,0.0,0.0,0.0,0.0,0.0
447042928757899402,0.0,0.0,0.0,0.0,0.0
447142930477449802,0.0,0.0,0.0,0.0,0.0
447142930543077802,45.0,0.15721441831279567,0.1572283289272297,0.022210486233234406,0.15721441831279567
447242930464320602,0.0,0.0,0.0,0.0,0.0
447242930465702601,0.0,0.0,0.0,0.0,0.0
447342930520081202,0.0,0.0,0.0,0.0,0.0
447342930545466902,0.0,0.0,0.0,0.0,0.0
447442930459006701,0.0,0.0,0.0,0.0,0.0
447742930527213302,0.0,0.0,0.0,0.0,0.0
447842929222943602,0.0,0.0,0.0,0.0,0.0
447842930509520701,0.0,0.0,0.0,0.0,0.0
447942930459258802,0.0,0.0,0.0,0.0,0.0
448042928636802302,0.0,0.0,0.0,0.0,0.0
448242930159026302,2.0843372344970703,15.196754436728394,176.8502057613169,95.267333984375,1261.330664441615
448442930533817702,3.1785714626312256,13.906246360354064,181.5867691590962,153.3286590576172,1168.124686892705
448642930531059601,2.5,3.6333352051154613,7.26670744762196,0.7496858835220337,7.26667070891956
448642930537036702,0.0,0.0,0.0,0.0,0.0
448742930530409801,0.0,0.0,0.0,0.0,0.0
448742930542480601,6.5,9.643187733467073,15.90426120641948,5.004968166351318,38.57275039343525
448942929424332001,0.0,0.0,0.0,0.0,0.0
448942930460387202,4.425000190734863,69.16671662283416,583.1881188118812,107.34502410888672,2766.6686676327545
449042930480604502,0.0,0.0,0.0,0.0,0.0
449142930220905101,9.384614944458008,68.79538881748071,241.4543701799486,108.75426483154297,894.3400527444168
449342930472986802,0.0,0.0,0.0,0.0,0.0
449542930529138102,2.866666555404663,5.623296337491485,54.780483651226156,7.106592655181885,84.34944491685249
449542930541325102,4.25,7.333175553909428,56.25030957013975,40.97355270385742,234.6616186914287
449842930012267802,4.4285712242126465,9.167416034244857,30.44856999498244,8.03547477722168,64.17191220908923
449942928143339102,0.0,0.0,0.0,0.0,0.0
451342928303933502,0.0,0.0,0.0,0.0,0.0
451342929091219502,0.0,0.0,0.0,0.0,0.0
451342929118629102,2.690265417098999,7.479312378009109,186.17371502927782,90.68913269042969,845.16228055268
451542930462958501,0.0,0.0,0.0,0.0,0.0
451642930515849801,0.0,0.0,0.0,0.0,0.0
451642930516655801,0.0,3.201451498101952,0.0,1.7811552286148071,9.604354507752458
451742930546667901,1.798076868057251,5.636796184619059,64.15221718016082,68.58773803710938,586.2267860760023
451842930530890901,0.0,0.0,0.0,0.0,0.0
451842930539712002,0.0,0.0,0.0,0.0,0.0
452042928113086902,0.0,0.0,0.0,0.0,0.0
452042929606028501,0.0,0.0,0.0,0.0,0.0
452042930474775901,0.0,0.0,0.0,0.0,0.0
452042930529364501,3.8863637447357178,7.62808922626106,102.09340508984766,36.715091705322266,335.6359130057673
452142930534008702,4.057142734527588,5.911715548155738,55.283138173302106,31.800973892211914,206.91005112069553
452142930540910401,0.0,0.0,0.0,0.0,0.0
452242930543963002,0.0,0.0,0.0,0.0,0.0
452342930452739702,0.0,0.0,0.0,0.0,0.0
452342930540695301,0.0,0.0,0.0,0.0,0.0
452442930519503202,0.0,0.0,0.0,0.0,0.0
452542929012692802,0.0,0.0,0.0,0.0,0.0
452842930477818401,0.0,0.0,0.0,0.0,0.0
453142929766029601,0.0,0.0,0.0,0.0,0.0
453142930458014602,0.0,0.0,0.0,0.0,0.0
453142930460223101,0.0,0.0,0.0,0.0,0.0
453142930509752902,0.0,0.0,0.0,0.0,0.0
453242930549785802,0.0,0.0,0.0,0.0,0.0
453342930528236201,0.0,0.0,0.0,0.0,0.0
453442930510558902,0.0,0.0,0.0,0.0,0.0
453542930451520802,0.0,0.0,0.0,0.0,0.0
453642930536070902,0.0,0.0,0.0,0.0,0.0
453642930550812901,0.0,0.0,0.0,0.0,0.0
453742930460363401,0.0,0.0,0.0,0.0,0.0
453942928878217602,0.0,0.0,0.0,0.0,0.0
454242930477045102,0.0,0.0,0.0,0.0,0.0
454342930542587602,4.409090995788574,9.162780223004695,135.27802816901408,81.78514862060547,604.743471642436
454442930458915501,1.6075949668884277,10.613579284152593,109.11731001206273,142.0814971923828,838.4727789277191
454442930539269601,0.0,0.0,0.0,0.0,0.0
454842930525563501,0.0,7.236920633812648,0.0,108.75325775146484,803.2982121155645
454942930543521201,0.0,0.0,0.0,0.0,0.0
455042930478737701,0.0,0.0,0.0,0.0,0.0
455042930544365902,0.0,0.0,0.0,0.0,0.0
455142930449806501,3.0114941596984863,9.302154900448683,103.2891194615816,94.71381378173828,809.2874390778085
455142930473987601,0.0,0.0,0.0,0.0,0.0
455142930475151802,0.0,0.0,0.0,0.0,0.0
455142930517384102,0.0,0.0,0.0,0.0,0.0
455242930508988402,0.0,0.0,0.0,0.0,0.0
455242930525565202,0.0,0.0,0.0,0.0,0.0
455542930543803602,0.0,0.0,0.0,0.0,0.0
455642930534616002,0.0,0.0,0.0,0.0,0.0
455742930464265902,0.0,0.0,0.0,0.0,0.0
455842928153642502,0.0,0.0,0.0,0.0,0.0
455842929927453401,0.0,0.0,0.0,0.0,0.0
455942930543789701,0.0,0.0,0.0,0.0,0.0
456042930456447502,0.0,0.0,0.0,0.0,0.0
456242929514231701,0.0,13.538286668748562,0.0,13.898529052734375,148.92115030658303
456342930536247302,0.0,0.0,0.0,0.0,0.0
456342930544849801,0.0,0.0,0.0,0.0,0.0
456442930460584501,1.9456521272659302,10.228563129777623,105.75677553856845,70.86219787597656,941.0277818026353
456542930453086802,0.0,0.0,0.0,0.0,0.0
456542930535531102,0.0,0.0,0.0,0.0,0.0
456742929213571201,2.8936169147491455,7.518826017249005,91.24099955771783,118.15325927734375,706.7696241787924
456842930461438101,0.0,0.0,0.0,0.0,0.0
456842930477211101,0.0,0.0,0.0,0.0,0.0
457142930456083901,0.0,0.0,0.0,0.0,0.0
457142930456139802,0.0,0.0,0.0,0.0,0.0
457142930525741002,0.0,0.0,0.0,0.0,0.0
457242930460414301,0.0,0.0,0.0,0.0,0.0
457542930525267002,0.0,0.0,0.0,0.0,0.0
457742930540380202,0.0,0.0,0.0,0.0,0.0
457842930454640301,0.0,0.0,0.0,0.0,0.0
457842930539063701,3.8867924213409424,22.171318084839356,195.46987951807228,95.33145904541016,1175.0798707219012
457942930459386202,0.0,0.0,0.0,0.0,0.0
457942930474542201,0.0,0.0,0.0,0.0,0.0
457942930531665701,0.0,0.0,0.0,0.0,0.0
458042930542087302,1.2884615659713745,21.24659085560994,202.33132530120483,62.99481964111328,1104.822739678693
458142930478821701,0.0,0.0,0.0,0.0,0.0
458242930524238502,0.0,0.0,0.0,0.0,0.0
458342930515579901,0.0,0.0,0.0,0.0,0.0
458442930457513502,0.0,0.0,0.0,0.0,0.0
458542930454771202,0.0,0.0,0.0,0.0,0.0
458842929605961902,0.0,0.0,0.0,0.0,0.0
458842930456663701,0.0,0.0,0.0,0.0,0.0
459042930546001801,0.0,0.0,0.0,0.0,0.0
459142930463034701,0.0,0.0,0.0,0.0,0.0
459242930454477302,0.0,0.0,0.0,0.0,0.0
459242930516648702,2.234567880630493,7.072327082542288,74.79373614394376,56.24785232543945,572.8585054977826
459442930468001301,0.0,0.0,0.0,0.0,0.0
459542930463913602,0.0,0.0,0.0,0.0,0.0
459742930530104301,0.0,0.0,0.0,0.0,0.0
459742930534620601,0.0,0.0,0.0,0.0,0.0
459842930469084801,0.0,0.0,0.0,0.0,0.0
459842930475160701,0.0,0.0,0.0,0.0,0.0
459842930477617001,0.0,0.0,0.0,0.0,0.0
459842930509910101,0.0,0.0,0.0,0.0,0.0
459842930526608101,0.0,0.0,0.0,0.0,0.0
461142930540984802,0.0,0.0,0.0,0.0,0.0
461242930531454902,0.0,0.0,0.0,0.0,0.0
461242930532147401,0.0,0.0,0.0,0.0,0.0
461442928235811802,0.0,0.0,0.0,0.0,0.0
461742930456999102,0.0,0.0,0.0,0.0,0.0
461742930519807502,0.0,0.0,0.0,0.0,0.0
461742930549960301,3.9583332538604736,16.900150390625,329.128,52.21332931518555,811.2072407279014
461842929550832801,0.0,0.0,0.0,0.0,0.0
461842930455301401,0.0,0.0,0.0,0.0,0.0
462042930475984002,0.0,0.0,0.0,0.0,0.0
462342927979813301,0.0,0.0,0.0,0.0,0.0
462342928855343602,0.0,0.0,0.0,0.0,0.0
462442930516228901,0.0,0.0,0.0,0.0,0.0
462542930518806401,1.3777778148651123,7.821847204725913,91.7940143533364,84.16133880615234,703.9662300327713
462742930459340401,0.0,0.0,0.0,0.0,0.0
462742930542168801,0.0,0.0,0.0,0.0,0.0
462842930525650701,0.0,0.0,0.0,0.0,0.0
463042930545892301,0.0,0.0,0.0,0.0,0.0
463242930452818801,0.0,0.0,0.0,0.0,0.0
463242930517357101,150.0,201.71738519588953,201.7174052665382,22.082597732543945,201.71738519588953
463242930541785001,0.0,0.0,0.0,0.0,0.0
463342928232635702,0.0,0.0,0.0,0.0,0.0
463342930449213002,0.0,0.0,0.0,0.0,0.0
463342930478795301,0.0,0.0,0.0,0.0,0.0
463342930545461902,0.0,0.0,0.0,0.0,0.0
463442930549415502,0.0,0.0,0.0,0.0,0.0
463542928021859501,0.0,0.0,0.0,0.0,0.0
463542928932642301,0.0,0.0,0.0,0.0,0.0
463542930142380002,0.0,0.0,0.0,0.0,0.0
463542930468513501,0.0,0.0,0.0,0.0,0.0
463542930515915102,0.0,0.0,0.0,0.0,0.0
463742930457863702,4.2727274894714355,27.77841560436537,302.5509904622157,87.9885482788086,916.6877341546823
463842928091046702,2.6111111640930176,5.019651298019208,35.246818727491,15.03096866607666,90.35371993294999
463942928119476901,0.0,0.0,0.0,0.0,0.0
463942929331512802,0.0,0.0,0.0,0.0,0.0
463942930540578001,0.0,0.0,0.0,0.0,0.0
464242930478339501,0.0,0.0,0.0,0.0,0.0
464442930451305101,3.454545497894287,7.931789954284648,147.86798525913142,106.13871002197266,785.2472126106554
464742928878383001,0.0,0.0,0.0,0.0,0.0
464842928168330801,0.0,0.0,0.0,0.0,0.0
464942930458282102,2.392857074737549,12.459164402173913,165.72591304347827,25.81402587890625,348.85661523136883
465042930548323001,0.0,0.0,0.0,0.0,0.0
465142930459723502,0.0,0.0,0.0,0.0,0.0
465242930476132702,0.0,0.0,0.0,0.0,0.0
465342930534731001,0.5764706134796143,6.245480139887063,144.92890143737165,116.36674499511719,1061.7316151938155
465442930525456901,0.0,0.0,0.0,0.0,0.0
465442930545557502,0.0,0.0,0.0,0.0,0.0
465742930536585001,0.0,0.0,0.0,0.0,0.0
465842930460001301,0.0,0.0,0.0,0.0,0.0
465842930528454901,0.0,0.0,0.0,0.0,0.0
466042928166732401,1.850000023841858,11.753665848340896,70.57061826432218,16.87678337097168,235.07332382158873
466142930526490301,0.0,0.0,0.0,0.0,0.0
466242930455505001,0.0,0.0,0.0,0.0,0.0
466242930525743701,0.0,0.0,0.0,0.0,0.0
466342930457832802,0.0,0.0,0.0,0.0,0.0
466342930461729302,5.032786846160889,34.7403353987069,491.8984674329502,96.02780151367188,2119.1604456563564
466542930519226202,3.4864864349365234,20.163406274880572,420.9267515923567,135.81222534179688,1492.0920754621743
466642930524025601,0.0,0.0,0.0,0.0,0.0
466642930525797101,0.0,0.0,0.0,0.0,0.0
466842930545666201,0.0,0.0,0.0,0.0,0.0
466942930458474701,0.0,0.0,0.0,0.0,0.0
467042930458964601,0.0,0.0,0.0,0.0,0.0
467042930546302601,0.6631578803062439,8.500202379728618,64.90131578947368,90.04134368896484,807.5192034859406
467142928570715002,0.0,0.0,0.0,0.0,0.0
467142930529166402,0.0,0.0,0.0,0.0,0.0
467142930541650701,0.0,0.0,0.0,0.0,0.0
467142930542033202,0.0,0.0,0.0,0.0,0.0
467142930549650102,0.0,0.0,0.0,0.0,0.0
467542930544167502,0.0,0.0,0.0,0.0,0.0
467642930475072302,0.0,0.0,0.0,0.0,0.0
468042930449809502,0.0,0.0,0.0,0.0,0.0
468042930473361702,0.0,0.0,0.0,0.0,0.0
468042930474736401,0.0,0.0,0.0,0.0,0.0
468042930518820101,0.0,0.0,0.0,0.0,0.0
468042930529448601,0.0,0.0,0.0,0.0,0.0
468242930509685501,0.0,0.0,0.0,0.0,0.0
468342930448583102,0.0,0.0,0.0,0.0,0.0
468442930460274501,0.0,0.0,0.0,0.0,0.0
468442930474428202,0.0,0.0,0.0,0.0,0.0
468642928800830101,0.0,0.0,0.0,0.0,0.0
468742929127193901,0.0,0.0,0.0,0.0,0.0
468942930461994101,0.0,0.0,0.0,0.0,0.0
468942930529548902,0.0,0.0,0.0,0.0,0.0
469142930479823702,0.0,0.0,0.0,0.0,0.0
469142930532768202,0.0,0.0,0.0,0.0,0.0
469242930456536202,0.0,0.0,0.0,0.0,0.0
469242930464238102,0.0,0.0,0.0,0.0,0.0
469342930460128602,0.0,0.0,0.0,0.0,0.0
469442930476395602,0.0,0.0,0.0,0.0,0.0
469442930477083301,0.0,0.0,0.0,0.0,0.0
469542930534434102,0.0,0.0,0.0,0.0,0.0
469542930541619202,4.169491291046143,20.860886435472327,296.15458015267177,64.15380096435547,1230.792313409443
469642930530191302,0.0,0.0,0.0,0.0,0.0
469742930465097501,0.0,0.0,0.0,0.0,0.0
469742930471751402,0.0,0.0,0.0,0.0,0.0
469742930524778402,0.0,0.0,0.0,0.0,0.0
469842930547519201,0.0,0.0,0.0,0.0,0.0
471142930475783801,0.0,0.0,0.0,0.0,0.0
471142930508056702,0.0,0.0,0.0,0.0,0.0
471242928890508701,0.0,0.0,0.0,0.0,0.0
471242930517623201,0.0,0.0,0.0,0.0,0.0
471442930519177702,0.0,0.0,0.0,0.0,0.0
471442930532511302,0.0,0.0,0.0,0.0,0.0
471642929346172602,0.0,0.0,0.0,0.0,0.0
471642930518281602,0.0,0.0,0.0,0.0,0.0
471642930530253501,0.0,0.0,0.0,0.0,0.0
471742930459609601,0.0,0.0,0.0,0.0,0.0
471942930509142702,0.0,0.0,0.0,0.0,0.0
471942930548031302,0.0,0.0,0.0,0.0,0.0
472042930464677601,0.0,0.0,0.0,0.0,0.0
472142930468182101,0.0,0.0,0.0,0.0,0.0
472142930475906602,0.0,0.0,0.0,0.0,0.0
472142930518773901,0.0,0.0,0.0,0.0,0.0
472142930532073701,0.0,0.0,0.0,0.0,0.0
472242930480688601,0.0,0.0,0.0,0.0,0.0
472442929189265702,0.0,0.0,0.0,0.0,0.0
472442930516125302,0.0,0.0,0.0,0.0,0.0
472442930526224901,2.238095283508301,6.31320060483871,55.281451612903226,41.880455017089844,397.73163029824536
472442930533753802,0.0,0.0,0.0,0.0,0.0
472542930523904701,0.0,0.0,0.0,0.0,0.0
472542930528826501,0.0,0.0,0.0,0.0,0.0
472742930528923302,0.0,0.0,0.0,0.0,0.0
472842930524195801,0.0,0.0,0.0,0.0,0.0
472842930529543301,0.0,0.0,0.0,0.0,0.0
472842930533150401,0.0,0.0,0.0,0.0,0.0
472942930480232901,2.3421051502227783,4.271188768369489,44.275829251224636,12.431984901428223,162.3051685749158
472942930525044502,0.0,0.0,0.0,0.0,0.0
473042930452072501,4.0,11.144917315175098,41.726459143968874,3.564775228500366,44.57967005629484
473142930458053402,0.0,0.0,0.0,0.0,0.0
473142930532079502,0.0,0.0,0.0,0.0,0.0
473642929189480701,0.0,0.0,0.0,0.0,0.0
473742930453944302,0.0,0.0,0.0,0.0,0.0
473742930525907602,0.0,0.0,0.0,0.0,0.0
474042930462750101,0.0,0.0,0.0,0.0,0.0
474142930476260601,0.0,0.0,0.0,0.0,0.0
474142930545496402,0.0,0.0,0.0,0.0,0.0
474242928759826901,0.0,0.0,0.0,0.0,0.0
474342927929265602,0.0,0.0,0.0,0.0,0.0
474442930463813901,3.8208954334259033,8.280194240370438,125.70954807667434,53.106327056884766,554.7729981643445
474742928592599302,0.0,0.0,0.0,0.0,0.0
474742930523946102,0.0,0.0,0.0,0.0,0.0
474742930545769002,0.0,0.0,0.0,0.0,0.0
474942930448140102,0.0,0.0,0.0,0.0,0.0
474942930480281202,0.0,0.0,0.0,0.0,0.0
474942930522669201,0.0,0.0,0.0,0.0,0.0
475042930549926102,0.0,0.0,0.0,0.0,0.0
475142930465272501,0.0,0.0,0.0,0.0,0.0
475142930527132602,0.0,0.0,0.0,0.0,0.0
475342930533480402,0.0,0.0,0.0,0.0,0.0
475342930545136301,0.0,0.0,0.0,0.0,0.0
475442930472575302,4.622222423553467,37.965448423873546,328.8546511627907,154.74899291992188,1708.4451241936795
475742930461738401,5.282051086425781,10.988973670295088,105.93726784977301,52.87421417236328,428.5699708492265
475942930516528102,0.0,0.0,0.0,0.0,0.0
476142930470075602,0.0,0.0,0.0,0.0,0.0
476142930475967801,0.0,0.0,0.0,0.0,0.0
476142930527268702,0.0,0.0,0.0,0.0,0.0
476242930528458102,0.0,0.0,0.0,0.0,0.0
476342930515666102,0.0,0.0,0.0,0.0,0.0
476342930519796601,0.0,0.0,0.0,0.0,0.0
476442928043634301,0.0,0.0,0.0,0.0,0.0
476442930537266702,0.0,0.0,0.0,0.0,0.0
476542930460255501,0.0,0.0,0.0,0.0,0.0
476542930469712102,0.0,0.0,0.0,0.0,0.0
476642930454569401,0.0,0.0,0.0,0.0,0.0
476642930543979702,27.5,0.7022187093163169,4.213350165693546,0.22710682451725006,4.213312217371686
476742930465546201,4.132352828979492,8.753110050956739,163.46289517470882,53.614288330078125,595.2114862476926
476942930455668701,0.0,0.0,0.0,0.0,0.0
476942930460860902,0.0,0.0,0.0,0.0,0.0
476942930540885102,0.0,0.0,0.0,0.0,0.0
477042930542571901,0.0,0.0,0.0,0.0,0.0
477242930476480602,0.0,0.0,0.0,0.0,0.0
477342930525142301,0.0,0.0,0.0,0.0,0.0
477342930528510302,0.0,0.0,0.0,0.0,0.0
477442930476772902,0.0,0.0,0.0,0.0,0.0
477542927917445902,0.0,0.0,0.0,0.0,0.0
477542930455038201,3.6753246784210205,8.590785128546099,99.71808510638297,95.57978057861328,661.4904523100075
478042929000168302,0.0,0.0,0.0,0.0,0.0
478142928664127601,3.5473685264587402,5.598055421224653,329.8651280683031,58.56018829345703,531.8152732019618
478142930455427601,0.0,7.731997386879912,11.598231827111984,2.5386738777160645,23.195992160639733
478142930524314602,0.0,0.0,0.0,0.0,0.0
478242929417495501,0.0,0.0,0.0,0.0,0.0
478542930459497102,0.0,0.0,0.0,0.0,0.0
478642930509156802,0.0,0.0,0.0,0.0,0.0
478742930520008402,0.0,0.0,0.0,0.0,0.0
478842930456813102,0.0,0.0,0.0,0.0,0.0
478842930539445902,0.0,0.0,0.0,0.0,0.0
479042929762446002,0.0,0.0,0.0,0.0,0.0
479142930544767301,0.0,0.0,0.0,0.0,0.0
479242928592717301,3.746835470199585,6.941564458199602,111.99094452086199,65.45882415771484,548.3836085736232
479242930531187502,0.0,0.0,0.0,0.0,0.0
479342930540753401,0.0,0.0,0.0,0.0,0.0
479542930517473801,0.0,0.0,0.0,0.0,0.0
479542930544388701,0.0,0.0,0.0,0.0,0.0
479642929056654202,1.8558558225631714,6.585821110113049,99.36149329594251,74.06636810302734,731.026146549502
479642930474220501,2.27368426322937,9.836083251083759,59.97275119987614,122.18546295166016,934.4279249551256
481142930475809902,0.0,0.0,0.0,0.0,0.0
481242929456826602,0.0,0.0,0.0,0.0,0.0
481242930451908901,0.0,0.0,0.0,0.0,0.0
481242930531757002,0.0,0.0,0.0,0.0,0.0
481342930459210702,0.0,0.0,0.0,0.0,0.0
481442929372930702,0.0,0.0,0.0,0.0,0.0
481442930520024901,0.0,0.0,0.0,0.0,0.0
481542930531340702,5.099999904632568,82.70846574858757,1036.542372881356,122.4046630859375,3308.338621926173
481642928135551001,0.0,0.0,0.0,0.0,0.0
481642928988313701,0.0,0.0,0.0,0.0,0.0
481842928748805202,0.0,0.0,0.0,0.0,0.0
481842930453811401,0.0,0.0,0.0,0.0,0.0
482542930460807101,5.229508399963379,17.35394313304721,155.92846924177397,72.62451934814453,1058.5905156933698
482642930450734601,0.0,0.0,0.0,0.0,0.0
482642930452915102,0.0,0.0,0.0,0.0,0.0
482642930549279601,0.0,0.0,0.0,0.0,0.0
482742930509292102,0.0,0.0,0.0,0.0,0.0
482742930542291101,2.9285714626312256,3.876440960945112,73.73621305618707,37.4980354309082,379.89121246783907
482842928210538302,0.0,0.0,0.0,0.0,0.0
483042929346456101,0.0,0.0,0.0,0.0,0.0
483142930461766602,0.0,0.0,0.0,0.0,0.0
483142930477796401,0.0,0.0,0.0,0.0,0.0
483342930462087002,0.0,0.0,0.0,0.0,0.0
483342930545459401,0.0,0.0,0.0,0.0,0.0
483442930464676302,0.0,0.0,0.0,0.0,0.0
483442930474998302,0.0,0.0,0.0,0.0,0.0
483442930545936002,0.0,0.0,0.0,0.0,0.0
483542930480032801,2.5643563270568848,5.523728881809721,90.94244398310545,53.83747100830078,557.89661290755
483642930475599001,0.0,0.0,0.0,0.0,0.0
483742930523610901,1.4814814329147339,13.150195243460587,91.27606928243195,71.6270523071289,1065.1657619752746
483842930469690901,0.0,0.0,0.0,0.0,0.0
484042930520073202,0.0,0.0,0.0,0.0,0.0
484142928135303102,0.0,13.857131460819183,13.857273978889399,0.7251268029212952,13.857131460819183
484142930463468802,0.0,0.0,0.0,0.0,0.0
484142930528446901,0.0,0.2094240837696335,0.2094240837696335,0.028530074283480644,0.2094240837696335
484342930479147702,0.0,0.0,0.0,0.0,0.0
484342930531945101,0.0,0.0,0.0,0.0,0.0
484342930533303902,0.0,0.0,0.0,0.0,0.0
484342930543059601,0.0,0.0,0.0,0.0,0.0
484542928130607802,3.5612244606018066,8.364126431837466,216.82341849721882,83.10623931884766,819.6844074203952
484542929606003201,0.0,0.0,0.0,0.0,0.0
484542930539665602,4.0,1.8368559591634825,1.8362445414847162,0.11805180460214615,1.8368559591634825
484842930465435302,0.0,0.0,0.0,0.0,0.0
485142930531284002,0.0,0.0,0.0,0.0,0.0
485342930532723502,0.0,0.0,0.0,0.0,0.0
485442930518017002,0.0,0.0,0.0,0.0,0.0
485542930527680002,0.0,0.0,0.0,0.0,0.0
485742930509804102,0.0,0.0,0.0,0.0,0.0
485742930524663902,0.0,0.0,0.0,0.0,0.0
485942930543984301,65.0,2.6301946344029457,2.6301946344029457,0.3347187340259552,2.6301946344029457
486042928726241301,0.0,0.0,0.0,0.0,0.0
486042930519717701,5.186046600341797,21.26591114778535,213.8023850085179,93.58330535888672,914.4341779770599
486042930528603402,0.0,0.0,0.0,0.0,0.0
486242930517171402,3.697674512863159,5.493832830337226,96.98819052617766,61.40850830078125,472.4696176327709
486442930534310301,0.0,0.0,0.0,0.0,0.0
486542930464426302,0.0,0.0,0.0,0.0,0.0
486542930515998601,0.0,0.0,0.0,0.0,0.0
486942930462033301,0.0,0.0,0.0,0.0,0.0
486942930472886702,0.0,0.0,0.0,0.0,0.0
486942930508703401,2.652777671813965,7.03618461370848,84.98341254817579,68.57807922363281,506.6052840319776
487042930539321401,0.0,0.0,0.0,0.0,0.0
487042930550701502,0.0,0.0,0.0,0.0,0.0
487142930459698301,3.369999885559082,5.055216041226216,102.38293960841989,67.560791015625,505.52159237451815
487142930510011501,0.0,0.0,0.0,0.0,0.0
487242930477163901,0.7469879388809204,9.511570113605256,57.278127566383795,106.49597930908203,789.4603045470785
487342930526627602,0.0,0.0,0.0,0.0,0.0
487542930524247701,4.206896781921387,6.226920132588255,59.82588254701419,24.44698715209961,180.5806752516074
487642929606077601,3.125,7.130190159492342,52.03310276679842,17.944459915161133,114.08304303436883
488242930530102402,0.0,0.0,0.0,0.0,0.0
488442930479218601,0.0,0.0,0.0,0.0,0.0
488542930464707902,0.0,0.0,0.0,0.0,0.0
488642930527052801,0.0,0.0,0.0,0.0,0.0
488642930543643901,2.0,6.89794720383425,144.03301237964237,20.05842399597168,289.7137849012792
488742930458242901,0.0,0.0,0.0,0.0,0.0
488842930530153101,0.0,0.0,0.0,0.0,0.0
488942930477242701,0.0,0.0,0.0,0.0,0.0
489042930480486501,0.0,0.0,0.0,0.0,0.0
489142930460620301,0.0,0.0,0.0,0.0,0.0
489242930532832001,0.0,0.0,0.0,0.0,0.0
489342930137664202,0.0,0.0,0.0,0.0,0.0
489442930526872502,0.0,0.0,0.0,0.0,0.0
489542930456386201,0.0,0.0,0.0,0.0,0.0
489542930475798102,0.0,0.0,0.0,0.0,0.0
489642928042122902,0.0,0.0,0.0,0.0,0.0
489942930465090901,0.0,0.0,0.0,0.0,0.0
489942930509169701,0.0,0.0,0.0,0.0,0.0
491142930509202201,0.0,0.0,0.0,0.0,0.0
491642930546620901,2.875,5.933570595798466,20.17619711761971,6.085504531860352,47.46856329087488
491642930546647202,0.0,0.0,0.0,0.0,0.0
491842930510073702,0.0,0.0,0.0,0.0,0.0
492442930546128301,0.0,0.0,0.0,0.0,0.0
492842930316851101,2.9066667556762695,16.618902581793208,322.05194805194805,98.61625671386719,1246.4177025805463
492942928623687402,0.0,0.0,0.0,0.0,0.0
492942929501728001,0.0,0.0,0.0,0.0,0.0
492942930452864802,0.0,0.0,0.0,0.0,0.0
493042930456094501,0.0,0.0,0.0,0.0,0.0
493042930526748301,0.0,0.0,0.0,0.0,0.0
493142930475772302,3.058823585510254,4.152889830263564,30.577065351418003,11.580150604248047,70.59912579744577
493142930480139801,0.0,0.0,0.0,0.0,0.0
493142930515680001,0.0,0.0,0.0,0.0,0.0
493142930524205602,4.400000095367432,6.619177476415095,37.331848357791756,14.959894180297852,132.38354893916974
493242928890484801,0.0,0.0,0.0,0.0,0.0
493242929649304202,0.0,0.0,0.0,0.0,0.0
493242930453365101,0.0,0.0,0.0,0.0,0.0
493442930510933301,0.0,0.0,0.0,0.0,0.0
493842930454422501,2.75,6.346063779684884,31.315268686253617,6.7134904861450195,76.15276687071555
493842930458372701,0.0,0.0,0.0,0.0,0.0
494042930525265502,0.8053097128868103,5.933705444098169,32.39384495520062,68.10186767578125,670.5087289177865
494042930533700802,0.0,0.0,0.0,0.0,0.0
494542930520051801,0.0,0.0,0.0,0.0,0.0
494542930526270702,0.0,0.0,0.0,0.0,0.0
494842929189434001,4.552631378173828,17.353690647303726,305.62886597938143,119.63069152832031,1318.8804362727763
494842930458101002,0.0,0.0,0.0,0.0,0.0
494942930527841402,0.0,0.0,0.0,0.0,0.0
495042930461272602,0.0,0.0,0.0,0.0,0.0
495242930523127401,0.0,0.0,0.0,0.0,0.0
495242930543124302,3.0,9.494905630440039,48.08575112830432,7.776092052459717,85.45415224804562
495342930475809001,0.0,0.0,0.0,0.0,0.0
495442930462856202,0.0,0.0,0.0,0.0,0.0
495542930526511702,0.0,0.0,0.0,0.0,0.0
495742930516585401,18.176469802856445,24.103297009532596,193.61254612546125,34.36787796020508,409.7560430059867
495842930477300401,0.0,0.0,0.0,0.0,0.0
495842930532802501,0.0,0.0,0.0,0.0,0.0
495942930458591402,0.0,0.0,0.0,0.0,0.0
495942930536112302,0.0,0.0,0.0,0.0,0.0
496042930477707602,0.0,0.0,0.0,0.0,0.0
496142929194472102,0.0,0.0,0.0,0.0,0.0
496142930477137102,0.0,0.0,0.0,0.0,0.0
496142930536425402,0.0,0.0,0.0,0.0,0.0
496542930515960801,0.0,0.0,0.0,0.0,0.0
496542930526051401,5.133333206176758,7.150923025816249,31.71779296380663,15.501720428466797,107.26384215860601
496642930459468201,0.0,0.0,0.0,0.0,0.0
496642930543573801,0.0,0.0,0.0,0.0,0.0
496842930471698401,0.0,0.0,0.0,0.0,0.0
497142929704040602,0.0,0.0,0.0,0.0,0.0
497142930458518502,0.0,0.0,0.0,0.0,0.0
497142930465289301,0.0,0.0,0.0,0.0,0.0
497142930521572401,0.0,0.0,0.0,0.0,0.0
497242930524416802,0.0,0.0,0.0,0.0,0.0
497342930545824601,3.6363637447357178,4.5711761031104094,23.01983735560378,7.143226146697998,50.282938290137764
497442928304094101,0.0,0.0,0.0,0.0,0.0
497442930480371302,0.0,0.0,0.0,0.0,0.0
497542930526277002,0.0,0.0,0.0,0.0,0.0
497642928726688401,0.0,0.0,0.0,0.0,0.0
497642929013014901,0.0,0.0,0.0,0.0,0.0
497942930474576401,0.0,0.0,0.0,0.0,0.0
498142930526916802,0.0,0.0,0.0,0.0,0.0
498442930448451801,0.0,0.0,0.0,0.0,0.0
498742930476930701,0.0,0.0,0.0,0.0,0.0
498742930535870002,0.0,0.0,0.0,0.0,0.0
498942930455821102,0.0,0.0,0.0,0.0,0.0
498942930509485002,0.0,0.0,0.0,0.0,0.0
499042930470319801,0.0,0.0,0.0,0.0,0.0
499142930456531901,0.0,0.0,0.0,0.0,0.0
499242930548738301,0.0,0.0,0.0,0.0,0.0
499342928759319702,0.0,0.0,0.0,0.0,0.0
499342929816166302,0.0,0.0,0.0,0.0,0.0
499442929684697002,29.77777862548828,0.03235504088255039,0.2911859305379327,0.047285787761211395,0.29119537154501646
499742930529461601,0.0,0.0,0.0,0.0,0.0
499942928726148601,3.375,4.6042936011248345,17.875165416850464,3.7007806301116943,36.83434868447834
499942930478076302,0.0,0.0,0.0,0.0,0.0
501242930542373002,0.0,0.0,0.0,0.0,0.0
501342930530242201,0.0,0.0,0.0,0.0,0.0
501442928865230702,0.0,0.0,0.0,0.0,0.0
501442929743318701,2.1764705181121826,7.561676444483458,40.62546816479401,15.134846687316895,128.5484974036056
501942928159244701,0.0,0.0,0.0,0.0,0.0
502142930454972402,0.0,0.0,0.0,0.0,0.0
502242930519922101,0.0,0.0,0.0,0.0,0.0
502342930462673302,0.0,0.0,0.0,0.0,0.0
502342930526203701,1.25,12.11449535472973,47.64205669083718,93.60399627685547,678.41170994074
502442930518077802,0.0,0.0,0.0,0.0,0.0
502442930530766202,0.0,0.0,0.0,0.0,0.0
502742930470765201,0.0,0.0,0.0,0.0,0.0
503042929331684901,0.0,0.0,0.0,0.0,0.0
503142930507893702,0.0,0.0,0.0,0.0,0.0
503342929284336901,0.0,0.0,0.0,0.0,0.0
503342930510069202,0.0,0.0,0.0,0.0,0.0
503442930457501602,0.0,0.0,0.0,0.0,0.0
503442930542795201,0.0,0.0,0.0,0.0,0.0
503542930544768701,0.0,0.0,0.0,0.0,0.0
503542930548255301,0.0,0.0,0.0,0.0,0.0
503642930289255802,0.0,0.0,0.0,0.0,0.0
503642930453436801,0.0,0.0,0.0,0.0,0.0
503642930474418101,0.0,0.0,0.0,0.0,0.0
503742930525386401,0.0,0.0,0.0,0.0,0.0
503942930478925301,0.0,0.0,0.0,0.0,0.0
503942930528397202,0.0,0.0,0.0,0.0,0.0
503942930549548401,0.0,0.0,0.0,0.0,0.0
504042930542576202,0.0,0.0,0.0,0.0,0.0
504142930451421902,10.0,17.339159593929942,17.339251439539346,1.5814241170883179,17.339159593929942
504342930526925301,3.4285714626312256,10.646996836525307,133.60574555403556,103.8980941772461,894.3477618216164
504642930530044501,0.0,0.0,0.0,0.0,0.0
504642930538397802,0.0,0.0,0.0,0.0,0.0
504842930464703201,2.944444417953491,4.556390420751634,35.044517066085696,10.178004264831543,82.01502679341412
504942930451255101,0.0,0.0,0.0,0.0,0.0
504942930544768102,0.0,0.0,0.0,0.0,0.0
505142928247005002,0.0,0.0,0.0,0.0,0.0
505242930517313502,0.0,0.0,0.0,0.0,0.0
505242930543535301,0.07894736528396606,3.8175686211340207,1.3996701030927836,16.530866622924805,145.06760257178237
505342930478257402,0.0,0.0,0.0,0.0,0.0
505342930532382802,0.0,0.0,0.0,0.0,0.0
505542930457376602,0.0,0.0,0.0,0.0,0.0
505642930531559201,0.0,0.0,0.0,0.0,0.0
505742930454327802,0.0,0.0,0.0,0.0,0.0
505842930526220202,0.0,0.0,0.0,0.0,0.0
505942930528910001,8.0,14.59471444633995,14.594706368899917,2.3142542839050293,14.59471444633995
506042929166340601,0.0,0.0,0.0,0.0,0.0
506142930545523801,0.0,0.0,0.0,0.0,0.0
506242930535157402,0.0,0.0,0.0,0.0,0.0
506442930460633701,3.200000047683716,9.421348807296539,155.77299657000313,39.63615798950195,329.74721741604463
506442930463838902,1.8260869979858398,9.297905473746031,219.35224257188847,160.8052215576172,1069.2591314293547
506442930519662001,3.7125000953674316,6.5156790034562215,160.54464285714286,70.12307739257812,521.2543178796768
506442930539820501,0.0,0.0,0.0,0.0,0.0
506542929012850302,0.0,0.0,0.0,0.0,0.0
506642930510412501,0.0,0.0,0.0,0.0,0.0
506642930542825801,0.0,0.0,0.0,0.0,0.0
506742930463954401,3.265306234359741,6.786438427606854,113.95216255812473,29.532752990722656,332.5354724011457
506842930476150901,0.0,0.0,0.0,0.0,0.0
506842930543581002,2.3129770755767822,6.642734191899794,160.72573583012613,62.511634826660156,870.198194665648
506942930473639902,0.0,0.0,0.0,0.0,0.0
507242930478677602,0.0,0.0,0.0,0.0,0.0
507342930452489501,0.0,0.0,0.0,0.0,0.0
507442928025464301,0.0,0.0,0.0,0.0,0.0
507442930534261702,0.0,0.0,0.0,0.0,0.0
507442930538366402,0.0,0.0,0.0,0.0,0.0
507542930459442602,0.0,0.0,0.0,0.0,0.0
507542930465039802,0.0,0.0,0.0,0.0,0.0
507642930462577801,3.6666667461395264,6.168334667734188,25.88716687635823,4.532115459442139,37.01000781093625
507642930475155102,0.0,0.0,0.0,0.0,0.0
507642930539035801,0.0,0.0,0.0,0.0,0.0
507742930453695202,0.0,0.0,0.0,0.0,0.0
507742930476257801,0.0,0.0,0.0,0.0,0.0
507742930522315701,0.0,0.0,0.0,0.0,0.0
507842930477223801,0.0,0.0,0.0,0.0,0.0
507842930515435302,0.0,0.0,0.0,0.0,0.0
507842930520627202,2.5999999046325684,12.370244715073529,34.26470588235294,5.1827216148376465,61.851222426470585
507942930524452702,0.0,0.0,0.0,0.0,0.0
508042930460964002,0.7037037014961243,10.11553677291578,49.65886856656742,30.256502151489258,273.11948845529497
508542930520963101,0.0,0.0,0.0,0.0,0.0
508642930461811801,0.0,0.0,0.0,0.0,0.0
508642930477069102,0.0,0.0,0.0,0.0,0.0
508942930526551501,0.0,0.0,0.0,0.0,0.0
509042930526340202,3.5999999046325684,8.65495372953869,74.45238095238095,31.666488647460938,346.1981511958062
509042930533248102,0.0,0.0,0.0,0.0,0.0
509342930474233502,2.9052631855010986,15.422893436542878,283.61408882082696,128.68218994140625,1465.1748185968327
509342930516309802,0.0,0.0,0.0,0.0,0.0
509542930448255401,0.0,0.0,0.0,0.0,0.0
509542930541584802,0.0,0.0,0.0,0.0,0.0
509542930544989402,0.0,0.0,0.0,0.0,0.0
509642928052225901,0.0,0.0,0.0,0.0,0.0
509642930450791502,2.9777777194976807,9.787759969522664,88.95467032967034,56.88378143310547,440.44919894291803
509642930520079401,0.0,0.0,0.0,0.0,0.0
509842930528199402,0.0,0.0,0.0,0.0,0.0
509942930458318801,0.0,0.0,0.0,0.0,0.0
509942930516833901,0.0,0.0,0.0,0.0,0.0
511242929721432102,0.0,0.0,0.0,0.0,0.0
511242930527800702,0.0,0.0,0.0,0.0,0.0
511342929613283702,0.0,0.0,0.0,0.0,0.0
511342930541133801,0.0,0.0,0.0,0.0,0.0
511742930476524002,0.0,0.0,0.0,0.0,0.0
511942930549594601,0.0,0.0,0.0,0.0,0.0
512042930474491802,0.0,0.0,0.0,0.0,0.0
512142930450743102,0.0,0.0,0.0,0.0,0.0
512142930510216902,0.0,0.0,0.0,0.0,0.0
512242930456751602,0.0,0.0,0.0,0.0,0.0
512242930517231702,0.0,0.0,0.0,0.0,0.0
512242930532860401,0.0,0.0,0.0,0.0,0.0
512342930524586101,0.0,0.0,0.0,0.0,0.0
512442930533583302,0.0,21.057930357949413,0.0,37.329124450683594,505.39033278109474
512542930034890302,0.0,0.0,0.0,0.0,0.0
512542930447428101,0.0,0.0,0.0,0.0,0.0
512542930475376202,0.0,0.0,0.0,0.0,0.0
512642930457716302,7.666666507720947,32.181136673620024,115.36456996148908,18.738985061645508,193.08681878810975
512742930537291401,0.0,0.0,0.0,0.0,0.0
512942930466301102,0.0,0.0,0.0,0.0,0.0
513042930464313501,0.0,0.0,0.0,0.0,0.0
513142930464625601,0.0,0.0,0.0,0.0,0.0
513242930478886801,4.147058963775635,5.591605506549675,49.11048881421326,29.268388748168945,190.114579869376
513242930526360602,3.4242424964904785,11.51329550026824,117.20643776824035,75.56643676757812,759.8775255849945
513342930456017302,0.0,0.0,0.0,0.0,0.0
513542930532871401,0.0,0.0,0.0,0.0,0.0
513742929664075601,0.0,0.0,0.0,0.0,0.0
513842930529817001,0.0,0.0,0.0,0.0,0.0
513842930547240801,1.8163264989852905,7.107640999318074,90.0977229601518,61.202537536621094,696.5488275622055
514042930450771701,0.0,0.0,0.0,0.0,0.0
514042930480452202,0.0,0.0,0.0,0.0,0.0
514142930543922802,0.0,0.0,0.0,0.0,0.0
514242930474094101,3.5,107.64690047554348,186.2913043478261,19.402807235717773,215.29380307404892
514242930529829401,0.0,0.0,0.0,0.0,0.0
514342928021819501,0.0,0.0,0.0,0.0,0.0
514342930516646901,0.0,0.0,0.0,0.0,0.0
514342930544960202,0.0,0.0,0.0,0.0,0.0
514342930547228702,0.0,0.0,0.0,0.0,0.0
514442930477650702,0.0,0.0,0.0,0.0,0.0
514642930517490501,0.0,0.0,0.0,0.0,0.0
514942930450840302,0.0,0.0,0.0,0.0,0.0
515042930519916902,0.0,0.0,0.0,0.0,0.0
515042930548602902,0.0,0.0,0.0,0.0,0.0
515142930476508902,3.559999942779541,6.291256020092399,76.28905160390516,17.09964370727539,157.28140663136332
515242930464587302,0.0,0.0,0.0,0.0,0.0
515442930527986401,2.4893617630004883,4.8670962803536675,188.83919959387427,40.13862609863281,457.5070622721161
515542930461758002,0.0,0.0,0.0,0.0,0.0
515542930522168902,0.0,0.0,0.0,0.0,0.0
515642930516671402,0.0,0.0,0.0,0.0,0.0
515642930545201102,0.0,0.0,0.0,0.0,0.0
515742929303612002,0.0,0.0,0.0,0.0,0.0
515742930508268002,0.0,0.0,0.0,0.0,0.0
515742930516762801,0.0,0.0,0.0,0.0,0.0
515742930519307902,0.0,0.0,0.0,0.0,0.0
515842930509301901,0.0,0.0,0.0,0.0,0.0
515942930475211801,0.0,0.0,0.0,0.0,0.0
516142930459157302,0.0,0.0,0.0,0.0,0.0
516242929991282201,6.740740776062012,12.227618525829765,660.2847965738758,43.460670471191406,660.2914158322826
516242930526581001,0.0,0.0,0.0,0.0,0.0
516342930518380501,0.0,0.0,0.0,0.0,0.0
516542930462044701,3.125,6.753024482028389,106.7936507936508,16.200847625732422,162.07258989755633
516542930545901402,0.0,0.0,0.0,0.0,0.0
516642930538134302,0.0,0.0,0.0,0.0,0.0
516942930536217702,0.0,0.0,0.0,0.0,0.0
517042930456397402,0.0,0.0,0.0,0.0,0.0
517542930447311702,0.0,0.0,0.0,0.0,0.0
517542930543913501,0.0,0.0,0.0,0.0,0.0
517642930456732001,0.0,0.0,0.0,0.0,0.0
517742929083253102,2.9054055213928223,6.996489610575352,51.37528604118993,104.35076141357422,517.7402278325573
517742930459785702,0.0,0.0,0.0,0.0,0.0
517842930545188702,3.451923131942749,7.0394493775696665,163.0140703517588,83.6395492553711,732.1027551064593
517942930509245701,0.0,0.0,0.0,0.0,0.0
518142930464255502,0.0,0.0,0.0,0.0,0.0
518242929696964301,0.0,0.0,0.0,0.0,0.0
518242930460910601,0.0,0.0,0.0,0.0,0.0
518242930480673301,3.736842155456543,7.432932370989954,61.891121192482174,19.379192352294922,141.22571645305285
518242930524234402,0.0,0.0,0.0,0.0,0.0
518242930534219002,0.7849462628364563,5.138686455505599,85.38768238887003,69.33192443847656,477.8978438168653
518542930531123101,0.0,0.0,0.0,0.0,0.0
518642930518090401,0.0,0.0,0.0,0.0,0.0
518842930459553101,0.0,1.2376237623762376,0.0,0.07057741284370422,1.2376237623762376
518842930547093602,0.0,0.0,0.0,0.0,0.0
518942930456292602,0.0,0.0,0.0,0.0,0.0
519142930450171602,0.0,0.0,0.0,0.0,0.0
519142930454298802,0.0,0.0,0.0,0.0,0.0
519242930535055702,0.0,0.0,0.0,0.0,0.0
519542930470388902,0.0,0.0,0.0,0.0,0.0
519542930528475701,0.0,0.0,0.0,0.0,0.0
519742930461844302,0.0,0.0,0.0,0.0,0.0
519842930451311602,4.2253522872924805,12.350882552346116,105.0928355196771,97.53719329833984,876.9126731986114
519842930473770402,0.0,0.0,0.0,0.0,0.0
519842930527443702,0.0,0.0,0.0,0.0,0.0
521242930456422201,4.689655303955078,11.451450298094857,87.50919264588329,26.98514747619629,332.09207229909026
521342929543705902,0.0,0.0,0.0,0.0,0.0
521442930446384001,0.0,0.0,0.0,0.0,0.0
521442930516243902,0.0,0.0,0.0,0.0,0.0
521442930550695802,0.0,0.0,0.0,0.0,0.0
521642929820882502,0.0,0.0,0.0,0.0,0.0
521642930466537502,5.833333492279053,12.527054714864272,68.60245183887916,5.504073619842529,75.16232906415041
521642930529911802,2.5647058486938477,23.508671875,292.18439024390244,0.0,1998.2370304796173
521742929248984702,0.0,0.0,0.0,0.0,0.0
521742930289474802,0.0,10.106034612302144,0.0,75.73356628417969,909.5430965463711
521742930476572201,0.0,0.0,0.0,0.0,0.0
521842930464664801,0.0,0.0,0.0,0.0,0.0
521942930518970902,0.0,0.0,0.0,0.0,0.0
522042930476800702,0.9318181872367859,6.8128106648489934,10.970469798657717,39.370269775390625,299.76366375916757
522142930469906601,0.0,0.0,0.0,0.0,0.0
522142930516375802,0.0,0.0,0.0,0.0,0.0
522242930459711202,0.0,0.0,0.0,0.0,0.0
522342930544686501,0.0,0.0,0.0,0.0,0.0
522642930515876402,0.0,0.0,0.0,0.0,0.0
522742930531960302,0.0,0.0,0.0,0.0,0.0
523042930525975001,0.0,0.0,0.0,0.0,0.0
523042930539813501,4.833333492279053,10.235679084691055,152.818936366431,74.60552978515625,736.9689334631332
523242930476453102,0.0,0.0,0.0,0.0,0.0
523242930533811701,0.0,0.0,0.0,0.0,0.0
523242930549913201,0.0,0.0,0.0,0.0,0.0
523342930527468302,0.0,0.0,0.0,0.0,0.0
523442930464798501,0.0,0.0,0.0,0.0,0.0
523442930543257102,2.867647171020508,8.586262730966162,122.05877114870881,87.30952453613281,583.8658822586997
523542930517232102,4.833333492279053,9.449241303406467,124.3390300230947,72.83502197265625,340.1726840893611
523542930542853201,0.0,0.0,0.0,0.0,0.0
523742930476968902,3.4000000953674316,8.66544529554675,62.017926219454665,11.074362754821777,129.98167799067775
523742930530552602,0.9032257795333862,5.277031043007192,19.044663133989403,63.18019485473633,327.1759324055743
523942930477531001,0.0,0.0,0.0,0.0,0.0
523942930545877502,0.0,0.0,0.0,0.0,0.0
524042930530774101,0.0,0.0,0.0,0.0,0.0
524242930532164301,0.0,0.0,0.0,0.0,0.0
524342930456612601,3.042553186416626,7.735190193198005,71.46569325735993,91.7305679321289,727.1078970819457
524442927921789101,2.480769157409668,7.546325663349917,46.893200663349916,35.60169219970703,392.4089433365332
524442930457683001,0.0,0.0,0.0,0.0,0.0
524542929644301002,0.0,0.0,0.0,0.0,0.0
524542930448041102,0.0,0.0,0.0,0.0,0.0
524542930453022401,0.0,0.0,0.0,0.0,0.0
524542930510187201,2.6086957454681396,10.953070837710085,84.81680672268908,20.405977249145508,251.92063853640516
524542930517113001,0.0,0.0,0.0,0.0,0.0
524642929946600601,0.0,0.0,0.0,0.0,0.0
524642930507929602,0.0,0.0,0.0,0.0,0.0
524742930524493501,0.0,0.0,0.0,0.0,0.0
524742930524888502,0.0,0.0,0.0,0.0,0.0
524842930468636502,0.0,0.0,0.0,0.0,0.0
524842930525479102,0.0,0.0,0.0,0.0,0.0
524842930532705901,0.0,0.0,0.0,0.0,0.0
524942930528164202,0.0,0.0,0.0,0.0,0.0
525242930456243101,3.3953487873077393,10.463672405596306,165.1909807117631,33.83680725097656,449.93789746969236
525242930476598501,4.0,10.334552218503614,113.50197109067017,25.070268630981445,310.0365673471218
525542929991226701,0.0,0.0,0.0,0.0,0.0
525542930519128501,0.0,0.0,0.0,0.0,0.0
525642930457580101,0.0,0.0,0.0,0.0,0.0
525642930515445502,0.0,0.0,0.0,0.0,0.0
525742930462141902,0.0,0.0,0.0,0.0,0.0
525842930515830002,0.0,0.0,0.0,0.0,0.0
525942929013002102,0.0,0.0,0.0,0.0,0.0
525942930534269801,0.0,0.0,0.0,0.0,0.0
526142930525745102,0.0,0.0,0.0,0.0,0.0
526242930448845701,1.2884615659713745,5.867180369637968,65.61910556738667,24.95635223388672,305.0933659770839
526342930527313402,0.0,0.0,0.0,0.0,0.0
526442930528398402,0.0,0.0,0.0,0.0,0.0
526442930545311801,0.0,0.0,0.0,0.0,0.0
526742927905068101,0.0,0.0,0.0,0.0,0.0
526942930453045801,0.0,0.0,0.0,0.0,0.0
526942930507933602,4.4285712242126465,46.619630117866,197.92307692307693,12.568477630615234,326.3374183976621
527342930456726202,0.0,0.0,0.0,0.0,0.0
527342930533695601,0.0,0.0,0.0,0.0,0.0
527442930528109502,3.6875,5.093728611082945,116.09389576150882,67.38036346435547,407.49830142848754
527542930452604902,0.0,0.0,0.0,0.0,0.0
527542930455826401,0.0,0.0,0.0,0.0,0.0
527542930530669502,0.0,0.0,0.0,0.0,0.0
527742930508942102,0.0,0.0,0.0,0.0,0.0
527742930539602001,2.857142925262451,34.97436928986711,351.90365448504986,30.661396026611328,734.4617487251561
527842930519336902,0.0,0.0,0.0,0.0,0.0
527942930509473501,0.0,0.0,0.0,0.0,0.0
527942930519957502,0.0,0.0,0.0,0.0,0.0
527942930527946202,0.0,0.0,0.0,0.0,0.0
528042930531882502,0.0,0.0,0.0,0.0,0.0
528642930532677102,3.700000047683716,4.748579302226028,33.70191780821918,12.447644233703613,94.97158703216135
528842930448825702,0.0,0.0,0.0,0.0,0.0
528842930474056201,0.0,0.0,0.0,0.0,0.0
528842930537470801,0.0,0.0,0.0,0.0,0.0
528942930517857701,0.0,0.0,0.0,0.0,0.0
529042930452799502,0.0,0.0,0.0,0.0,0.0
529142930528514802,0.0,0.0,0.0,0.0,0.0
529242930549000602,4.960000038146973,7.2310804899387575,58.10148731408574,54.8676643371582,361.5540318591701
529342930474315402,0.0,0.0,0.0,0.0,0.0
529342930527717402,3.6020407676696777,8.036717532467533,164.18062337662337,82.25846099853516,787.5983184475589
529442930477183002,0.0,0.0,0.0,0.0,0.0
529442930526829101,0.0,0.0,0.0,0.0,0.0
529542928990317602,0.0,0.0,0.0,0.0,0.0
529642930518469401,0.0,0.0,0.0,0.0,0.0
529742930460107701,0.0,0.0,0.0,0.0,0.0
529742930532663702,0.0,0.0,0.0,0.0,0.0
529842928135420501,0.0,0.0,0.0,0.0,0.0
531142929684609602,0.0,0.0,0.0,0.0,0.0
531142930526117402,0.0,0.0,0.0,0.0,0.0
531342930519090202,1.6103895902633667,11.54723636197014,107.71847507331378,85.93663024902344,889.13722163612
531342930521353802,0.0,0.0,0.0,0.0,0.0
531342930534825402,0.0,0.0,0.0,0.0,0.0
531442930509846501,0.0,0.0,0.0,0.0,0.0
531442930549950602,0.0,0.0,0.0,0.0,0.0
531542930461010801,0.0,0.0,0.0,0.0,0.0
531542930542068501,0.0,0.0,0.0,0.0,0.0
531642930509346502,0.0,0.0,0.0,0.0,0.0
531742930478634302,0.0,0.0,0.0,0.0,0.0
531742930525753001,0.0,0.0,0.0,0.0,0.0
532042930548155202,0.0,0.0,0.0,0.0,0.0
532242930478188602,268.0,131.0713658707865,131.07142857142858,16.337800979614258,131.0713658707865
532242930542455601,0.0,0.0,0.0,0.0,0.0
532442930459984001,5.096774101257324,32.23442158219761,475.24701873935265,131.731689453125,1998.5341696601101
532442930472851202,0.0,0.0,0.0,0.0,0.0
532542929118531402,2.8958332538604736,8.937027534637709,58.25407227111028,39.14687728881836,428.9773385526982
532542930543483502,0.0,0.0,0.0,0.0,0.0
532642930524212001,0.0,0.0,0.0,0.0,0.0
532642930527773702,0.4588235318660736,12.406952028081124,75.44336973478939,79.49452209472656,1054.590950276439
532742930508593502,0.0,0.0,0.0,0.0,0.0
533042928257856601,0.0,0.0,0.0,0.0,0.0
533042930464310102,0.0,0.0,0.0,0.0,0.0
533242930464522301,0.0,0.0,0.0,0.0,0.0
533342929269151302,0.0,0.0,0.0,0.0,0.0
533342930461618601,0.0,0.0,0.0,0.0,0.0
533442929501754601,0.0,0.0,0.0,0.0,0.0
533642930461272401,4.65217399597168,9.450038069385593,66.51694915254237,27.41298484802246,217.35088502126
533742930528841102,0.0,0.0,0.0,0.0,0.0
533842930450656002,2.6363637447357178,10.920888870057732,23.990902729181247,12.513298988342285,120.12977603301042
533842930532705502,0.0,0.0,0.0,0.0,0.0
534142930462567801,0.0,0.0,0.0,0.0,0.0
534142930464536002,0.0,0.0,0.0,0.0,0.0
534242930449890701,0.0,0.0,0.0,0.0,0.0
534342929528923002,0.0,0.0,0.0,0.0,0.0
534342930472965901,0.0,0.0,0.0,0.0,0.0
534442928293182001,0.0,41.90206332651133,41.90176322418136,1.556868314743042,41.90206332651133
534642930541733801,4.733333110809326,11.117639733640939,65.83221476510067,19.04025650024414,166.76459503173828
534742928716216301,0.0,0.0,0.0,0.0,0.0
534842928887104802,0.0,0.0,0.0,0.0,0.0
534842930454500201,8.0,1.4999385266426282,8.632564102564103,1.2804352045059204,10.499569279597356
534942930460349701,0.0,0.0,0.0,0.0,0.0
535042930544297801,0.0,0.0,0.0,0.0,0.0
535142930542720502,1.954545497894287,24.25827959083564,209.0230840258541,63.28128433227539,1601.0464810506128
535442930509897502,0.0,0.0,0.0,0.0,0.0
535642929346340802,0.0,0.0,0.0,0.0,0.0
535742930508737102,0.0,0.0,0.0,0.0,0.0
535742930547538701,0.0,0.0,0.0,0.0,0.0
535842930475256801,0.0,0.0,0.0,0.0,0.0
535942930480358302,0.0,0.0,0.0,0.0,0.0
536042930524260402,0.0,0.0,0.0,0.0,0.0
536242930479479502,0.0,0.0,0.0,0.0,0.0
536242930531045102,0.0,0.0,0.0,0.0,0.0
536442930518004201,0.0,0.0,0.0,0.0,0.0
536642928030238702,0.0,0.0,0.0,0.0,0.0
536742930477969701,0.0,0.0,0.0,0.0,0.0
536842928096602302,0.0,0.0,0.0,0.0,0.0
536842930517065202,0.0,0.0,0.0,0.0,0.0
536942930521186501,0.0,0.0,0.0,0.0,0.0
536942930546660802,0.0,0.0,0.0,0.0,0.0
537042930459870402,0.0,0.0,0.0,0.0,0.0
537042930475994501,0.0,0.0,0.0,0.0,0.0
537042930515757301,0.0,0.0,0.0,0.0,0.0
537242930472882002,0.0,0.0,0.0,0.0,0.0
537442930462553302,0.0,0.0,0.0,0.0,0.0
537742930537487701,0.0,0.0,0.0,0.0,0.0
537842930472684901,0.0,0.0,0.0,0.0,0.0
537842930539585501,0.0,0.0,0.0,0.0,0.0
538242930527708102,0.0,0.0,0.0,0.0,0.0
538742930051294101,0.0,0.0,0.0,0.0,0.0
538742930544730402,0.0,0.0,0.0,0.0,0.0
538842930458550301,0.0,0.0,0.0,0.0,0.0
538942928601996601,0.0,0.0,0.0,0.0,0.0
539142930531965102,0.0,0.0,-0.329757343550447,0.0,0.0
539142930533963502,0.0,0.0,0.0,0.0,0.0
539242930080248202,0.0,0.0,0.0,0.0,0.0
539242930452638301,0.0,0.0,0.0,0.0,0.0
539342930460514101,9.692307472229004,52.65089299128606,541.5576923076923,77.21385955810547,1368.923158792349
539342930534180401,0.0,77.45869932432433,77.45855855855856,6.483180046081543,77.45869932432433
539442930457747202,0.0,0.0,0.0,0.0,0.0
539542930524258101,1.2911392450332642,4.960899600744477,61.83554274735831,51.679805755615234,391.91108059548736
539542930529863002,0.0,0.0,0.0,0.0,0.0
539642930547018201,0.0,0.0,0.0,0.0,0.0
539742930456462402,2.625,2.5590654926915324,9.928225806451612,3.184410572052002,20.472523926150416
539742930542241701,0.0,0.0,0.0,0.0,0.0
539842930509501001,0.0,0.0,0.0,0.0,0.0
539842930544496001,2.4800000190734863,6.0964154656797405,122.56237552338985,70.18546295166016,762.0519503392845
539942928887267601,1.0,12.6334171012786,25.186855091969495,3.8586549758911133,25.266833360551345
541342930547951202,0.0,0.0,0.0,0.0,0.0
541442930463825901,3.799999952316284,6.196903068862276,78.34606648771422,20.552352905273438,216.89161624051198
541542930479667301,0.0,0.0,0.0,0.0,0.0
541542930538712902,0.0,0.0,0.0,0.0,0.0
541642930526968002,3.3894736766815186,11.672601829468645,216.17198648141195,78.98678588867188,1108.8971666543052
541642930549264901,0.0,0.0,0.0,0.0,0.0
541742930456042502,4.666666507720947,14.345731112916328,60.47337124289196,11.956947326660156,129.11158001624696
541742930475975601,0.0,0.0,0.0,0.0,0.0
541742930544290302,0.0,0.0,0.0,0.0,0.0
541842930473594102,0.0,0.0,0.0,0.0,0.0
541942930465491901,3.0,2.9406593819341715,2.940828402366864,0.2810572385787964,2.9406593819341715
541942930516487601,0.0,0.0,0.0,0.0,0.0
542042930527285602,0.0,0.0,0.0,0.0,0.0
542042930541493402,0.0,0.0,0.0,0.0,0.0
542142930451723601,3.0,5.942895261442816,37.95747236905334,12.222973823547363,71.3147454983566
542142930461059702,0.0,0.0,0.0,0.0,0.0
542142930550147302,2.5999999046325684,4.002685181285565,53.893680742737345,10.136245727539062,100.06713100363659
542242930460488801,0.0,0.0,0.0,0.0,0.0
542342930463533802,0.0,0.0,0.0,0.0,0.0
542442930459874901,0.0,0.0,0.0,0.0,0.0
542642930475186901,0.0,0.0,0.0,0.0,0.0
542842930515348302,0.0,0.0,0.0,0.0,0.0
542942928269661402,0.0,0.0,0.0,0.0,0.0
542942930467896902,0.0,0.0,0.0,0.0,0.0
543042930517155302,0.0,0.0,0.0,0.0,0.0
543142930510592802,2.8876404762268066,10.113953831870358,163.58170155300473,84.37128448486328,900.1418644494901
543142930519755302,0.0,0.0,0.0,0.0,0.0
543242930461378502,0.0,0.0,0.0,0.0,0.0
543242930463811702,0.0,0.0,0.0,0.0,0.0
543242930519274302,0.0,0.0,0.0,0.0,0.0
543242930531815101,0.0,0.0,0.0,0.0,0.0
543242930542042201,0.0,0.0,0.0,0.0,0.0
543442930541462601,0.0,0.0,0.0,0.0,0.0
543542930467923101,0.0,0.0,0.0,0.0,0.0
543742928086481802,0.0,0.0,0.0,0.0,0.0
543742929568598802,0.0,0.0,0.0,0.0,0.0
543842930470748101,0.0,0.0,0.0,0.0,0.0
543942929861115802,0.0,0.0,0.0,0.0,0.0
543942930454431102,0.0,0.0,0.0,0.0,0.0
544042930546906902,0.0,0.0,0.0,0.0,0.0
544142930477290902,0.0,0.0,0.0,0.0,0.0
544142930527736401,0.0,0.0,0.0,0.0,0.0
544342930461160202,0.0,0.0,0.0,0.0,0.0
544442930534290402,0.0,0.0,0.0,0.0,0.0
544842929091483101,0.0,0.0,0.0,0.0,0.0
544842930472859602,0.0,0.0,0.0,0.0,0.0
545142927968949301,0.0,0.0,0.0,0.0,0.0
545142930525857501,0.0,0.0,0.0,0.0,0.0
545242930452170201,0.0,0.0,0.0,0.0,0.0
545442930516399001,0.0,0.0,0.0,0.0,0.0
545442930549864302,0.0,0.0,0.0,0.0,0.0
545542929704005801,0.0,0.0,0.0,0.0,0.0
545542930518725601,3.194444417953491,12.930886206512042,170.37600356824265,87.31548309326172,931.0237808023362
545742930518330102,0.0,0.0,0.0,0.0,0.0
545842930462759002,0.0,0.0,0.0,0.0,0.0
545842930521406102,1.8285714387893677,7.118470686056492,69.53776529338327,66.89073944091797,498.2929429376914
545842930528948202,0.0,0.0,0.0,0.0,0.0
545942930531461501,0.0,0.0,0.0,0.0,0.0
546142930543021401,0.0,0.0,0.0,0.0,0.0
546442930463560202,0.5113636255264282,8.286946916924665,24.126934984520123,90.01319885253906,729.2512939579101
546642930527206702,0.0,0.0,0.0,0.0,0.0
546842930522448401,0.0,0.0,0.0,0.0,0.0
547042930474978302,0.0,0.0,0.0,0.0,0.0
547042930517487202,0.0,0.0,0.0,0.0,0.0
547042930531498801,0.0,0.0,0.0,0.0,0.0
547642930532282601,0.0,0.0,0.0,0.0,0.0
547742930526035202,0.0,0.0,0.0,0.0,0.0
547742930538261001,0.0,0.0,0.0,0.0,0.0
548142928074373402,0.0,0.0,0.0,0.0,0.0
548242930550008501,0.0,0.0,0.0,0.0,0.0
548342930527872802,0.0,0.0,0.0,0.0,0.0
548542928790834402,0.0,0.0,0.0,0.0,0.0
548642929800443002,0.0,0.0,0.0,0.0,0.0
548842930519045702,0.0,0.0,0.0,0.0,0.0
548842930524558501,0.0,0.0,0.0,0.0,0.0
548842930531426702,0.0,0.0,0.0,0.0,0.0
548942930459670202,0.0,0.0,0.0,0.0,0.0
548942930468881502,0.0,12.448351873867754,0.0,10.818673133850098,99.58681174752793
549842930531368902,0.0,0.0,0.0,0.0,0.0
551142930012217002,4.266666889190674,7.624786917522142,94.31078904991948,52.51589584350586,457.48723670787473
551142930534783602,0.0,0.0,0.0,0.0,0.0
551142930546057701,0.0,0.0,0.0,0.0,0.0
551242930516939202,0.0,0.0,0.0,0.0,0.0
551242930525237102,0.0,0.0,0.0,0.0,0.0
551342930475628502,0.0,0.0,0.0,0.0,0.0
551342930510981301,0.0,0.0,0.0,0.0,0.0
551442930461046401,0.0,0.0,0.0,0.0,0.0
551542930510651401,0.0,0.0,0.0,0.0,0.0
551642930462492502,4.574999809265137,11.566639503023431,119.83994708994709,33.55009078979492,462.66558814823674
551742930537219302,0.0,0.0,0.0,0.0,0.0
551842930474095401,0.0,0.0,0.0,0.0,0.0
551942930461508601,0.0,0.0,0.0,0.0,0.0
552042930517985101,0.9113923907279968,14.499809093045112,125.12197159565581,90.34122467041016,1145.484882457115
552142930517714802,2.2666666507720947,8.031434505735493,118.0748987854251,32.91160202026367,240.94304392373192
552242928021779802,0.0,0.0,0.0,0.0,0.0
552442930517302801,0.0,0.0,0.0,0.0,0.0
552542930469038101,0.0,0.0,0.0,0.0,0.0
552642930476017702,0.0,0.0,0.0,0.0,0.0
552742930511122301,0.0,0.0,0.0,0.0,0.0
552742930519002501,0.0,0.0,0.0,0.0,0.0
552842930520109302,0.0,0.0,0.0,0.0,0.0
552842930526058302,0.0,0.0,0.0,0.0,0.0
552842930534076701,0.0,0.0,0.0,0.0,0.0
553042930522335502,0.0,0.0,0.0,0.0,0.0
553142927979773102,0.0,0.0,0.0,0.0,0.0
553142930519641901,0.0,0.0,0.0,0.0,0.0
553142930525095601,0.0,0.0,0.0,0.0,0.0
553442930447528101,0.0,0.0,0.0,0.0,0.0
553442930457344001,0.0,0.0,0.0,0.0,0.0
553642930530697802,0.0,0.0,0.0,0.0,0.0
553742928726828901,4.333333492279053,12.204888254643963,83.41919504643963,8.69158935546875,109.84399251554035
553942930537403801,0.0,0.0,0.0,0.0,0.0
554042930531433001,3.875,6.571197609692207,120.70058939096268,44.204139709472656,367.98707704675223
554142930459817702,0.0,0.0,0.0,0.0,0.0
554242930542090802,0.0,0.0,0.0,0.0,0.0
554242930543050701,5.777777671813965,13.09831805268595,126.77685950413223,44.757164001464844,353.6546010524445
554342930457428302,0.0,0.0,0.0,0.0,0.0
554442929583904102,0.0,0.0,0.0,0.0,0.0
554442930480398002,0.0,0.0,0.0,0.0,0.0
554542928560706302,3.2352941036224365,10.222966974431818,53.22884012539185,20.338329315185547,173.79043897192307
554542928683902002,0.0,0.0,0.0,0.0,0.0
554542930523931701,0.0,0.0,0.0,0.0,0.0
554642930527272401,1.8484848737716675,8.445149346306524,148.24335519502935,52.782676696777344,557.3798548995029
554842930541292702,8.20512866973877,28.563628017959086,391.8363463368221,113.81859588623047,1113.9814613189842
554942928088031901,0.0,0.0,0.0,0.0,0.0
554942930477615202,0.0,0.0,0.0,0.0,0.0
554942930525147302,3.3978495597839355,6.421920403913212,87.41660209221232,61.6702880859375,597.2386114348833
555042930460461801,0.0,0.0,0.0,0.0,0.0
555142929726669102,1.399999976158142,3.5408716263165596,21.092451726155648,9.996393203735352,106.2261472002256
555142930521219102,2.534090995788574,15.61346701913729,404.8888385782205,98.33879089355469,1373.9850488625893
555542929774131802,3.3125,17.314507022010513,184.34231274638634,19.023862838745117,277.0321022464787
556042930456816801,3.8888888359069824,4.1345213108564325,20.43757403458896,12.472224235534668,74.42138670429011
556342930477631501,0.0,0.0,0.0,0.0,0.0
556442930454854102,0.0,0.0,0.0,0.0,0.0
556742930508706002,0.0,0.0,0.0,0.0,0.0
556742930527870101,0.0,0.0,0.0,0.0,0.0
556742930538894801,3.799999952316284,4.885659258327233,15.568570034163006,3.3618812561035156,24.428296946967272
556742930544434101,0.0,0.0,0.0,0.0,0.0
556842930548802901,0.0,0.0,0.0,0.0,0.0
557042930543946701,0.0,0.0,0.0,0.0,0.0
557142930527185802,0.0,0.0,0.0,0.0,0.0
557142930548186002,0.0,0.0,0.0,0.0,0.0
557242928726103501,0.0,0.0,0.0,0.0,0.0
557242930515969802,0.0,0.0,0.0,0.0,0.0
557342930519016702,0.0,0.0,0.0,0.0,0.0
557442930461953502,0.0,0.0,0.0,0.0,0.0
557842930459073502,0.0,0.0,0.0,0.0,0.0
557942930462279901,0.0,0.0,0.0,0.0,0.0
557942930533494001,0.0,0.0,0.0,0.0,0.0
558042930452454801,0.0,0.0,0.0,0.0,0.0
558142930464202002,0.0,0.0,0.0,0.0,0.0
558142930542231401,3.882352828979492,11.6281902347668,97.10882647943832,10.921561241149902,197.67923207938253
558342930459575501,0.0,0.0,0.0,0.0,0.0
558442930469720701,0.0,0.0,0.0,0.0,0.0
558442930509513301,0.0,0.0,0.0,0.0,0.0
558542930457990002,0.0,0.0,0.0,0.0,0.0
558842930447952101,0.0,0.0,0.0,0.0,0.0
558842930527041001,0.0,0.0,0.0,0.0,0.0
559042929514327501,0.0,0.0,0.0,0.0,0.0
559042930459904901,0.0,0.0,0.0,0.0,0.0
559042930540567602,0.0,0.0,0.0,0.0,0.0
559142930449974901,1.0340908765792847,6.659927124286307,76.64357824446333,73.96922302246094,586.0735874834329
559342930474453902,0.0,0.0,0.0,0.0,0.0
559442928242647001,0.0,0.0,0.0,0.0,0.0
559442930531483002,0.0,0.0,0.0,0.0,0.0
559542930523324601,0.0,0.0,0.0,0.0,0.0
559642930035056801,0.0,0.0,0.0,0.0,0.0
559642930456132201,0.0,0.0,0.0,0.0,0.0
559742930525871201,0.0,0.0,0.0,0.0,0.0
559842930517085602,0.0,0.0,0.0,0.0,0.0
561142930458888302,0.0,0.0,0.0,0.0,0.0
561242930460817802,4.0724639892578125,6.369344001187431,90.84709535988308,51.30722427368164,439.48472043646484
561342930508219601,0.0,0.0,0.0,0.0,0.0
561542928897699201,0.0,0.0,0.0,0.0,0.0
561542930473946302,0.0,0.0,0.0,0.0,0.0
561742930458343901,0.0,0.0,0.0,0.0,0.0
561742930527745402,4.411764621734619,10.531783188868614,139.87396593673967,35.46723175048828,358.08063055256565
561842930508624602,0.0,0.0,0.0,0.0,0.0
562142930457999401,0.0,0.0,0.0,0.0,0.0
562242930516762201,3.2857143878936768,1.5564779539139681,9.831503841931942,1.3755406141281128,10.895345689959898
562542927901384601,3.8913042545318604,7.1028286202940425,164.3753718024985,64.73703002929688,326.73010561299463
562542930524733502,0.0,13.639814540547656,0.002369668246445498,72.74583435058594,1159.3842437487015
562642929859057801,0.0,0.0,0.0,0.0,0.0
562642930533395402,0.9636363387107849,18.946249554843305,197.84786324786324,56.20454025268555,1042.043720511086
562742928592805401,0.0,0.0,0.0,0.0,0.0
562842930535224101,0.0,0.0,0.0,0.0,0.0
562942930400107802,0.0,0.0,0.0,0.0,0.0
562942930472538801,2.905660390853882,5.896585286890689,84.73369637402045,68.30865478515625,625.0380639461173
562942930524087901,0.0,0.0,0.0,0.0,0.0
563042930447412502,0.0,0.0,0.0,0.0,0.0
563242930523466202,3.387096881866455,6.129342782395246,40.32095947633608,20.09268569946289,190.0096261806561
563342930517166701,0.0,0.0,0.0,0.0,0.0
563442930478766302,0.0,0.0,0.0,0.0,0.0
563842930518338801,0.0,0.0,0.0,0.0,0.0
563842930519687902,0.0,0.0,0.0,0.0,0.0
563942929879951101,0.0,0.0,0.0,0.0,0.0
563942930518265001,0.0,0.0,0.0,0.0,0.0
564042930467698902,0.0,0.0,0.0,0.0,0.0
564042930474130202,0.0,0.0,0.0,0.0,0.0
564042930545302301,0.0,0.0,0.0,0.0,0.0
564142930473610102,0.36082473397254944,7.578917804706898,282.933020773893,0.0,735.1550112687667
564142930541405401,0.0,0.0,0.0,0.0,0.0
564242930479823502,0.0,0.0,0.0,0.0,0.0
564242930548268301,0.0,0.0,0.0,0.0,0.0
564442930461651601,0.0,0.0,0.0,0.0,0.0
564542930474770502,3.2051281929016113,5.742810537465588,87.35392291810048,26.24178695678711,223.96961615943778
564542930518717701,0.0,0.0,0.0,0.0,0.0
564642930546316601,0.0,0.0,0.0,0.0,0.0
564842930451772701,0.0,0.0,0.0,0.0,0.0
564942930476944301,2.6880733966827393,8.158778824344758,109.41572580645162,98.81842803955078,889.306858853371
564942930510791302,0.0,0.0,0.0,0.0,0.0
564942930545163102,0.0,0.0,0.0,0.0,0.0
565042929230337001,0.0,0.0,0.0,0.0,0.0
565142930531312102,1.8867924213409424,7.801742406404521,55.14386625853544,52.45223617553711,413.4923370443065
565242929417347501,0.0,0.0,0.0,0.0,0.0
565542930466898901,0.0,0.0,0.0,0.0,0.0
565742930510705701,0.0,0.0,0.0,0.0,0.0
565742930510970501,0.0,0.0,0.0,0.0,0.0
565742930533556001,0.0,0.0,0.0,0.0,0.0
565842930455500602,0.0,0.0,0.0,0.0,0.0
565942930532283302,0.0,0.0,0.0,0.0,0.0
566042930480045402,0.0,0.0,0.0,0.0,0.0
566242930517841701,0.0,0.0,0.0,0.0,0.0
566342930464201901,2.013333320617676,11.428609358034745,78.04609120521172,72.91844177246094,857.1457124823985
566342930534237701,0.0,0.0,0.0,0.0,0.0
566842928663876202,4.0,6.205303165822692,6.205342727139293,0.42849475145339966,6.205303165822692
566842930455650202,1.644444465637207,6.670925949857844,30.005944688550013,40.5001335144043,300.19166998389284
566842930471587602,0.0,0.0,0.0,0.0,0.0
566842930521696602,0.0,0.0,0.0,0.0,0.0
566842930527942301,0.0,0.0,0.0,0.0,0.0
566842930546245201,0.0,0.0,0.0,0.0,0.0
566942930474848802,0.0,0.0,0.0,0.0,0.0
567042930474703002,0.0,0.0,0.0,0.0,0.0
567242930525117701,0.0,0.0,0.0,0.0,0.0
567242930534208901,0.0,0.0,0.0,0.0,0.0
567242930538634301,0.0,0.0,0.0,0.0,0.0
567342930478576802,0.0,0.0,0.0,0.0,0.0
567442929268241802,0.0,0.0,0.0,0.0,0.0
567442930519118001,0.0,0.0,0.0,0.0,0.0
567542930477190301,0.0,0.0,0.0,0.0,0.0
567742930536589701,0.0,0.0,0.0,0.0,0.0
567842930533979901,158.5,8726.412029229905,17452.825182686902,194.8800506591797,17452.82405845981
567942930449203501,0.0,0.0,0.0,0.0,0.0
567942930477467801,3.84375,7.484227254884857,44.949895324494065,27.646039962768555,239.4952717303897
568142930509898301,3.5,4.883933974120276,42.32452057345001,26.281858444213867,166.05375105751847
568242930474081501,1.5,8.007073149441341,13.828715083798883,3.334925413131714,16.014146080656424
568542928888035401,0.0,0.0,0.0,0.0,0.0
568642930448284102,3.5512821674346924,8.19388610236691,117.31463181383488,89.4686050415039,639.123139390833
568642930517970701,0.0,0.0,0.0,0.0,0.0
568642930549098001,0.0,0.0,0.0,0.0,0.0
568742930508158102,0.0,0.0,0.0,0.0,0.0
568842930508896801,0.0,0.0,0.0,0.0,0.0
568842930526668401,0.0,0.0,0.0,0.0,0.0
568842930535912902,0.0,0.0,0.0,0.0,0.0
568942930521809401,0.0,0.0,0.0,0.0,0.0
569042929989643102,0.0,0.0,0.0,0.0,0.0
569042930474384601,0.0,0.0,0.0,0.0,0.0
569042930522915601,0.0,0.0,0.0,0.0,0.0
569042930532748602,0.0,0.0,0.0,0.0,0.0
569142930524772701,2.444444417953491,5.54357894115473,11.07030223390276,11.137876510620117,49.892208224683806
569242930448533202,0.0,0.0,0.0,0.0,0.0
569242930518886302,0.0,0.0,0.0,0.0,0.0
569242930520724301,0.0,0.0,0.0,0.0,0.0
569242930544909101,0.0,0.0,0.0,0.0,0.0
569342930546613702,0.0,0.0,0.0,0.0,0.0
569442930455416802,4.154761791229248,11.156248020146984,171.8025848960973,92.42496490478516,937.1248339958984
569442930534471901,0.0,0.0,0.0,0.0,0.0
569742930520040302,0.0,0.0,0.0,0.0,0.0
571142930478703301,0.0,0.0,0.0,0.0,0.0
571242930462540901,1.6888889074325562,6.193490994153013,59.07201374207188,44.93645477294922,278.70708559129
571442928168238301,2.1666667461395264,7.033894800954504,23.17695473251029,5.932530403137207,42.2033700895026
571442930518125902,0.0,0.0,0.0,0.0,0.0
571542928191310502,0.390625,19.07409067622951,106.47242921013412,95.89663696289062,1220.7417796173322
571642930517592301,0.0,0.0,0.0,0.0,0.0
571642930525404001,0.0,0.0,0.0,0.0,0.0
571642930529436001,0.0,0.0,0.0,0.0,0.0
571842930449526801,0.0,0.0,0.0,0.0,0.0
571942930519538402,0.0,0.0,0.0,0.0,0.0
572042930477638502,2.8333332538604736,5.1613312438324215,14.380371400376783,4.083765029907227,30.967988514286354
572242930476538501,0.0,0.0,0.0,0.0,0.0
572442930520255801,0.0,0.0,0.0,0.0,0.0
572542930519030002,2.240000009536743,11.734787000052213,51.25981620718463,29.89752960205078,293.36967009669456
572642930456622302,0.0,0.0,0.0,0.0,0.0
572642930468538502,0.0,0.0,0.0,0.0,0.0
572742930509858301,0.0,0.0,0.0,0.0,0.0
572742930525592201,0.0,0.0,0.0,0.0,0.0
573042929681101202,0.0,0.0,0.0,0.0,0.0
573042930464326101,0.0,0.0,0.0,0.0,0.0
573242930529251302,0.0,0.0,0.0,0.0,0.0
573342929456888301,3.911764621734619,6.061480875453995,104.82586763518967,62.07435989379883,412.1806976219836
573542930474819301,0.0,0.0,0.0,0.0,0.0
573642930517772902,0.0,0.0,0.0,0.0,0.0
573742930451856301,0.0,0.0,0.0,0.0,0.0
573842929155647901,0.0,0.0,0.0,0.0,0.0
573842930453679001,0.0,0.0,0.0,0.0,0.0
573842930464965301,4.068493366241455,8.667492465832309,192.3955773955774,74.52606964111328,632.7269628276404
573842930542908001,0.0,0.0,0.0,0.0,0.0
574042930462561401,0.0,0.0,0.0,0.0,0.0
574142930464398002,0.0,0.0,0.0,0.0,0.0
574142930517773901,0.0,0.0,0.0,0.0,0.0
574642930461515002,0.0,0.0,0.0,0.0,0.0
574642930461999801,0.0,0.0,0.0,0.0,0.0
574942930517405201,0.0,0.0,0.0,0.0,0.0
575342930459315802,0.0,0.0,0.0,0.0,0.0
575542930456924902,0.0,0.0,0.0,0.0,0.0
575742929649255602,0.0,0.0,0.0,0.0,0.0
575742930543431602,0.0,0.0,0.0,0.0,0.0
575942929642387902,0.0,0.0,0.0,0.0,0.0
575942930519477602,0.0,0.0,0.0,0.0,0.0
575942930530011001,0.0,0.0,0.0,0.0,0.0
576142929047937501,0.0,0.0,0.0,0.0,0.0
576242930508191701,0.0,0.0,0.0,0.0,0.0
576342929644467501,6.0,26.9301205654102,165.3680709534368,4.289599895477295,188.5108393565514
577042930529391901,0.0,0.0,0.0,0.0,0.0
577342930460467902,0.0,0.0,0.0,0.0,0.0
577642930456314401,0.0,0.0,0.0,0.0,0.0
577642930542833502,0.0,0.0,0.0,0.0,0.0
577842930517373302,0.0,0.0,0.0,0.0,0.0
577842930525195102,0.0,0.0,0.0,0.0,0.0
578242930461628901,195.0,1.155268022181146,1.155268022181146,0.1814517080783844,1.155268022181146
578342930453531001,0.0,0.0,0.0,0.0,0.0
578442930477795202,0.0,0.0,0.0,0.0,0.0
578542930449771801,0.9411764740943909,4.630291494877561,14.024787606196902,45.25543975830078,314.8598093622866
578542930477348802,0.0,0.0,0.0,0.0,0.0
578542930538582801,3.5,10.177128751927153,49.561187126613994,9.075577735900879,122.12554376454776
578642928247046702,0.0,0.0,0.0,0.0,0.0
578642930450407501,0.0,0.0,0.0,0.0,0.0
578742930456531402,3.4285714626312256,12.684113622658911,60.386492622020434,13.248922348022461,88.78879544521163
578842930544158201,0.0,0.0,0.0,0.0,0.0
578942930527274801,0.0,0.0,0.0,0.0,0.0
579142930524604301,0.0,0.0,0.0,0.0,0.0
579142930543145301,0.0,0.0,0.0,0.0,0.0
579342930462972902,0.0,0.0,0.0,0.0,0.0
579342930530210801,0.0,0.0,0.0,0.0,0.0
579542930533839801,2.1842105388641357,25.61944724081216,230.72277676950998,86.06507873535156,1947.078005678208
579742930464612902,3.0,3.242951419293637,12.119089316987742,2.5582923889160156,16.214757452773824
579842929543736402,0.0,0.0,0.0,0.0,0.0
581142928021939101,5.0,24.87933910472973,183.46846846846847,11.529519081115723,298.55205869932433
581142929514065002,0.0,0.0,0.0,0.0,0.0
581142930456597102,0.0,0.0,0.0,0.0,0.0
581142930550197802,0.0,0.0,0.0,0.0,0.0
581342930458767201,0.0,0.0,0.0,0.0,0.0
581342930517552302,0.0,0.0,0.0,0.0,0.0
581342930542448702,0.0,0.0,0.0,0.0,0.0
581542930464865602,5.0,30.520178030922775,157.09947643979058,12.721097946166992,305.20177787261485
581542930519191201,0.0,0.0,0.0,0.0,0.0
581542930531076401,0.0,0.0,0.0,0.0,0.0
581842930541975902,0.0,0.0,0.0,0.0,0.0
581942930529283101,0.0,0.0,0.0,0.0,0.0
582142930517224801,0.0,0.0,0.0,0.0,0.0
582142930517408502,4.846153736114502,7.3588718001651525,42.84838976052849,10.800358772277832,95.66533673110823
582342930449478601,0.0,0.0,0.0,0.0,0.0
582442930543160701,0.0,0.0,0.0,0.0,0.0
582442930544226302,0.0,0.0,0.0,0.0,0.0
582742930465726302,0.0,0.0,0.0,0.0,0.0
582842930220790102,0.0,0.0,0.0,0.0,0.0
582842930527808601,2.957446813583374,6.316796877541769,85.00365472500634,19.153793334960938,296.8894584550897
582842930538678201,0.0,0.0,0.0,0.0,0.0
582942930480100701,0.0,0.0,0.0,0.0,0.0
582942930527405202,0.0,0.0,0.0,0.0,0.0
583142930542128701,0.0,0.0,0.0,0.0,0.0
583242930458535402,0.0,0.0,0.0,0.0,0.0
583342930515495901,3.25,6.554368704803719,31.01010101010101,6.606853008270264,52.43494919005395
583442930447834902,0.0,0.0,0.0,0.0,0.0
583442930515472902,0.08641975373029709,7.635446135147039,3.7492885214798752,0.0,618.4711363389573
583542930452714702,0.0,0.0,0.0,0.0,0.0
583642930534574102,2.1481480598449707,8.676059109465818,113.3407140880155,63.53047180175781,702.760804422074
583742930462041502,0.0,0.0,0.0,0.0,0.0
583742930524576502,0.0,0.0,0.0,0.0,0.0
583742930549754102,0.0,0.0,0.0,0.0,0.0
583842930523464402,0.0,0.0,0.0,0.0,0.0
584042930474517201,0.0,0.0,0.0,0.0,0.0
584042930515521701,0.0,0.0,0.0,0.0,0.0
584042930525849001,0.0,0.0,0.0,0.0,0.0
584142930509593402,0.0,0.0,0.0,0.0,0.0
584242930527056502,9.333333015441895,11.103252946026384,123.89060489060489,39.21249008178711,299.7878132504693
584342929439542302,0.0,0.0,0.0,0.0,0.0
584442930456661802,0.0,0.0,0.0,0.0,0.0
584542930460728101,3.561797857284546,14.640046446141895,437.6064215432418,192.30589294433594,1302.96412422948
584642929069856702,0.0,0.0,0.0,0.0,0.0
584742930548988402,0.0,0.0,0.0,0.0,0.0
584842930532016401,0.0,0.0,0.0,0.0,0.0
584842930549536902,0.0,0.0,0.0,0.0,0.0
584942929166082202,0.0,0.0,0.0,0.0,0.0
585042929816225002,0.0,0.0,0.0,0.0,0.0
585042930524706102,0.0,0.0,0.0,0.0,0.0
585142929494098001,0.0,0.0,0.0,0.0,0.0
585142930455279902,0.0,0.0,0.0,0.0,0.0
585342930476207401,0.0,0.0,0.0,0.0,0.0
585342930525444502,0.0,0.0,0.0,0.0,0.0
585542930470647202,3.0,1.9498724293886158,1.9500531349628056,0.4378654956817627,3.8997448587772316
585642930015479602,0.0,0.0,0.0,0.0,0.0
585642930507653402,0.0,0.0,0.0,0.0,0.0
585742930455366802,0.0,0.0,0.0,0.0,0.0
585942930469500002,0.0,0.0,0.0,0.0,0.0
586142929321228501,0.0,0.0,0.0,0.0,0.0
586242930528427301,0.0,0.0,0.0,0.0,0.0
586342930521266002,0.6803278923034668,5.4844914999592564,58.92992177314211,81.75473022460938,669.1079432501165
586342930546496302,0.0,0.0,0.0,0.0,0.0
586442930515845701,3.494736909866333,10.395768997681282,194.11264755480607,72.01422882080078,987.5980704749817
586442930542132202,0.0,0.0,0.0,0.0,0.0
586542930542625602,1.7560975551605225,31.328527968169144,254.34014869888475,82.02581024169922,2568.939272175048
586642930459044301,3.0,5.614257753801767,9.967782653122558,1.1457273960113525,11.228515625
586642930509511902,0.0,0.0,0.0,0.0,0.0
586642930547111102,0.0,0.0,0.0,0.0,0.0
586742930472476902,0.0,0.0,0.0,0.0,0.0
586742930473877602,0.0,0.0,0.0,0.0,0.0
586742930539668202,0.0,0.0,0.0,0.0,0.0
586842930526323702,0.0,0.0,0.0,0.0,0.0
587042930509703002,0.0,0.0,0.0,0.0,0.0
587142930461747102,0.0,0.0,0.0,0.0,0.0
587742928281527002,0.0,0.0,0.0,0.0,0.0
587742930460346402,0.0,0.0,0.0,0.0,0.0
587742930472337201,0.0,0.0,0.0,0.0,0.0
587942929417447601,0.0,0.0,0.0,0.0,0.0
587942930524650302,0.0,0.0,0.0,0.0,0.0
587942930529959002,0.0,0.0,0.0,0.0,0.0
588042929417233502,0.0,0.0,0.0,0.0,0.0
588042930534336502,2.6451613903045654,16.612131871727748,188.07329842931938,79.71702575683594,1544.9282278540247
588142929231894901,0.0,0.0,0.0,0.0,0.0
588142930449937102,3.4285714626312256,6.838886489979868,22.070278184480234,4.786868572235107,47.87220411174992
588142930529250001,0.0,0.0,0.0,0.0,0.0
588142930534105601,0.0,0.0,0.0,0.0,0.0
588242930462767202,2.069444417953491,17.591819048604542,250.84295175023652,94.49907684326172,1266.6109176101613
588242930510749901,0.0,0.0,0.0,0.0,0.0
588642930455895302,0.0,0.0,0.0,0.0,0.0
588642930473831901,0.5675675868988037,3.7671974285146943,32.54920571882447,26.53696060180664,139.3863095914494
588642930543710601,0.0,0.0,0.0,0.0,0.0
588642930546161702,0.0,0.0,0.0,0.0,0.0
588742930541310501,0.0,0.0,0.0,0.0,0.0
588842930526032001,0.0,0.0,0.0,0.0,0.0
588842930530071501,0.0,0.0,0.0,0.0,0.0
588842930531093601,4.866666793823242,12.203946417641458,121.81066376496192,21.55160140991211,183.0591951521748
588942930454522301,0.0,17.99773541320598,101.078073089701,46.987876892089844,485.9388557510122
588942930460786702,0.0,0.0,0.0,0.0,0.0
588942930509288502,175.0,0.14859804996764617,0.2971985383678441,0.04255760461091995,0.2971961036524151
589142930533897302,0.0,0.0,0.0,0.0,0.0
589242930509826302,0.0,0.0,0.0,0.0,0.0
589342930458575501,0.0,0.0,0.0,0.0,0.0
589342930543595001,0.0,0.0,0.0,0.0,0.0
589642930477663402,0.0,0.0,0.0,0.0,0.0
589642930522282001,0.0,37.46037535410765,37.46062322946176,2.7121963500976562,37.46037535410765
589742930477775701,0.0,0.0,0.0,0.0,0.0
589842930532627701,0.0,0.0,0.0,0.0,0.0
589942930461929202,0.8815789222717285,12.077352172782296,74.54955551352374,109.17337036132812,917.8787611545046
591142930517656102,0.0,0.0,0.0,0.0,0.0
591242930459409302,0.0,0.0,0.0,0.0,0.0
591242930525928101,0.0,0.0,0.0,0.0,0.0
591442930460881901,0.0,0.0,0.0,0.0,0.0
591442930542682902,0.0,0.0,0.0,0.0,0.0
591542929861064502,2.557142972946167,8.704238845600853,64.94336997356338,86.15023803710938,609.2966976184349
591642929696689202,0.0,0.0,0.0,0.0,0.0
591642930520245202,0.0,0.0,0.0,0.0,0.0
591742930528396801,0.0,0.0,0.0,0.0,0.0
591842930466935302,0.0,0.0,0.0,0.0,0.0
591942930475826602,0.0,0.0,0.0,0.0,0.0
592142930449312802,4.3287672996521,16.03656791460396,257.4959495949595,96.80577850341797,1170.669473977694
592242930477337602,0.0,0.0,0.0,0.0,0.0
592342929488844701,0.0,0.0,0.0,0.0,0.0
592342930459708602,0.0,0.0,0.0,0.0,0.0
592442930463877002,0.0,0.0,0.0,0.0,0.0
592542929272083201,0.0,0.0,0.0,0.0,0.0
592542930458683501,1.3333333730697632,10.982481877504453,74.26803205699021,60.92964553833008,494.21167676935
592542930471919401,0.0,0.0,0.0,0.0,0.0
592542930473120501,0.0,0.0,0.0,0.0,0.0
592642930456067102,0.0,0.0,0.0,0.0,0.0
592842930526388301,0.0,0.0,0.0,0.0,0.0
593042930472567801,0.0,0.0,0.0,0.0,0.0
593042930525941702,0.0,0.0,0.0,0.0,0.0
593242930475730801,0.8253968358039856,5.649478484947644,27.139005235602095,50.66085433959961,355.91712991205185
593342930477133702,0.0,0.0,0.0,0.0,0.0
593342930550723402,6.0,27.73396202580846,185.88059701492537,28.98900032043457,554.6792440082303
593442930515371502,0.0,0.0,0.0,0.0,0.0
593442930549666501,0.0,0.0,0.0,0.0,0.0
593542929061068602,0.0,0.0,0.0,0.0,0.0
593542930521351902,0.0,0.0,0.0,0.0,0.0
593542930527158301,0.0,0.0,0.0,0.0,0.0
593742930508002202,0.0,0.0,0.0,0.0,0.0
593742930521614202,0.0,0.0,0.0,0.0,0.0
593942930528641901,2.9083333015441895,4.945294133204815,96.94132029339853,77.13629913330078,593.4353084797381
594142930457190501,0.0,0.0,0.0,0.0,0.0
594442930508177201,0.0,0.0,0.0,0.0,0.0
594542930541697702,0.0,0.0,0.0,0.0,0.0
594642930449328501,0.0,0.0,0.0,0.0,0.0
594642930515594001,0.0,0.0,0.0,0.0,0.0
594642930531581601,0.0,0.0,0.0,0.0,0.0
595342930546098901,0.0,0.0,0.0,0.0,0.0
595642930465653401,0.0,0.0,0.0,0.0,0.0
595642930532404801,0.0,0.0,0.0,0.0,0.0
595942930518746201,1.0,9.997095749575312,26.954699886749715,24.333995819091797,249.9273901910951
596042930526196402,0.0,0.0,0.0,0.0,0.0
596142930529081401,0.0,0.0,0.0,0.0,0.0
596142930531579402,0.0,0.0,0.0,0.0,0.0
596142930546348202,0.0,0.0,0.0,0.0,0.0
596242930523059101,0.0,0.0,0.0,0.0,0.0
596342928865348301,0.0,0.0,0.0,0.0,0.0
596342930458865101,1.1545454263687134,4.304147488117054,70.75604169052801,72.04722595214844,473.45621018867945
596342930519682902,0.0,0.0,0.0,0.0,0.0
596342930530862902,0.0,0.0,0.0,0.0,0.0
596442930460384102,0.0,0.0,0.0,0.0,0.0
596442930475623901,0.0,0.0,0.0,0.0,0.0
596542928666175601,3.1181817054748535,13.643403714745821,331.28238161559887,96.09801483154297,1500.7744254215845
596542930459563002,0.0,0.0,0.0,0.0,0.0
596542930459823601,0.0,0.0,0.0,0.0,0.0
596542930478696401,3.3473684787750244,7.195399401513058,102.69669752659942,82.73387908935547,683.5629308346607
596842930531387001,0.0,0.0,0.0,0.0,0.0
597042930457165401,0.0,0.0,0.0,0.0,0.0
597242930449725302,4.699999809265137,4.922005035446699,21.03186646433991,4.603639125823975,49.22004898835386
597542930525509602,0.0,0.0,0.0,0.0,0.0
597542930540997201,0.0,0.0,0.0,0.0,0.0
597842927910570102,0.0,0.0,0.0,0.0,0.0
598042930480248302,0.0,0.0,0.0,0.0,0.0
598342930464702101,0.0,0.0,0.0,0.0,0.0
598542930461791302,0.0,0.0,0.0,0.0,0.0
598542930475870101,0.0,0.0,0.0,0.0,0.0
598542930533871601,0.0,0.0,0.0,0.0,0.0
598642929013099802,1.3181818723678589,14.104717358259634,161.39955780164246,51.23215866088867,620.607587437199
598642930477505101,0.0,0.0,0.0,0.0,0.0
598742930519103702,0.0,0.0,0.0,0.0,0.0
598742930532516401,0.0,0.0,0.0,0.0,0.0
598942930524473502,0.0,0.0,0.0,0.0,0.0
598942930528649802,0.0,0.0,0.0,0.0,0.0
599242930479376201,2.1192660331726074,7.959913607506208,78.7842666025795,101.27091979980469,867.6306042856469
599242930523902202,0.0,0.0,0.0,0.0,0.0
599242930530515602,0.0,0.0,0.0,0.0,0.0
599442930455207201,0.0,0.0,0.0,0.0,0.0
599442930479292302,0.0,0.0,0.0,0.0,0.0
599542930517704302,0.0,0.0,0.0,0.0,0.0
599642930529222701,3.0752687454223633,8.650386270206242,120.51950947603122,98.04330444335938,804.4859185936459
599742930537896002,0.0,0.0,0.0,0.0,0.0
599742930543267201,0.0,0.0,0.0,0.0,0.0
599842930469507701,2.866666555404663,5.562231035740336,117.90663749088257,42.670196533203125,250.30040659302782
599942930477494401,0.0,0.0,0.0,0.0,0.0
599942930517386201,0.0,0.0,0.0,0.0,0.0
601142930530304601,0.0,0.0,0.0,0.0,0.0
601142930532628902,0.0,0.0,0.0,0.0,0.0
601342930534500301,0.0,0.0,0.0,0.0,0.0
601542930548744701,0.0,0.0,0.0,0.0,0.0
601742929704138702,0.0,0.0,0.0,0.0,0.0
601842930531541802,0.0,0.0,0.0,0.0,0.0
601942930477296302,0.0,0.0,0.0,0.0,0.0
601942930545625601,0.0,0.0,0.0,0.0,0.0
602042930459604702,3.950000047683716,7.7095639823176905,113.75489534098583,61.68547439575195,462.5738426059746
602042930533617202,0.0,0.0,0.0,0.0,0.0
602142930459145702,0.0,0.0,0.0,0.0,0.0
602142930463647002,0.0,0.0,0.0,0.0,0.0
602442930461109002,1.484536051750183,4.883204733341956,69.14969065942357,65.32266998291016,473.6708697520686
602442930476369502,0.0,0.0,0.0,0.0,0.0
602442930543862902,0.0,0.0,0.0,0.0,0.0
602542930516182701,4.0,2.3237632670012234,2.323843416370107,0.25724270939826965,2.3237632670012234
602642930517270801,0.0,0.0,0.0,0.0,0.0
602742928923797302,0.0,0.0,0.0,0.0,0.0
602842930465367401,0.0,0.0,0.0,0.0,0.0
602842930550309601,0.0,0.0,0.0,0.0,0.0
603042930517565201,0.0,0.0,0.0,0.0,0.0
603042930517800901,0.0,0.0,0.0,0.0,0.0
603142930464879901,0.0,0.0,0.0,0.0,0.0
603142930536135501,0.0,0.0,0.0,0.0,0.0
603242929528873402,0.0,0.0,0.0,0.0,0.0
603242930453273701,0.0,0.0,0.0,0.0,0.0
603442930540543902,0.0,0.0,0.0,0.0,0.0
603542930459425401,0.0,0.0,0.0,0.0,0.0
603542930461122101,0.0,0.0,0.0,0.0,0.0
603642930473938801,0.0,0.0,0.0,0.0,0.0
603742930532254401,0.0,0.0,0.0,0.0,0.0
603942928288395502,0.0,0.0,0.0,0.0,0.0
604042930533456501,0.6428571343421936,20.757327065870992,41.23615160349854,48.122928619384766,871.8077303605594
604442930516714501,0.0,0.0,0.0,0.0,0.0
604442930524119801,0.0,0.0,0.0,0.0,0.0
604542930549186401,0.0,0.0,0.0,0.0,0.0
604742930527736902,0.0,0.0,0.0,0.0,0.0
604942930455731001,0.0,0.0,0.0,0.0,0.0
604942930518583101,3.4347825050354004,14.439010346069129,159.30972551677397,22.570119857788086,332.0972457404704
605042930463498402,0.0,0.0,0.0,0.0,0.0
605142928043599202,0.0,0.0,0.0,0.0,0.0
605242928247165901,0.0,0.0,0.0,0.0,0.0
605242929514279101,0.0,0.0,0.0,0.0,0.0
605442930523496602,0.0,0.0,0.0,0.0,0.0
605542930518208001,0.0,0.0,0.0,0.0,0.0
605642930462346002,0.0,0.0,0.0,0.0,0.0
605842927909613602,0.0,0.0,0.0,0.0,0.0
605842929488900701,0.0,0.0,0.0,0.0,0.0
606042930459235902,2.8791208267211914,7.363064982979201,66.87505611252432,101.5977783203125,670.0388899110632
606042930524723102,0.0,0.0,0.0,0.0,0.0
606042930533821802,0.0,0.0,0.0,0.0,0.0
606142930530396101,0.0,0.0,0.0,0.0,0.0
606242930529461702,4.065573692321777,18.737881019467213,224.68221941992434,105.59294128417969,1143.0107203380007
606342930473257802,0.0,0.0,0.0,0.0,0.0
606342930520935601,0.0,0.0,0.0,0.0,0.0
606342930525324901,0.0,0.0,0.0,0.0,0.0
606442930266044402,0.0,0.0,0.0,0.0,0.0
606442930509031902,3.829268217086792,17.564170919438844,151.4986559139785,134.64346313476562,1440.2620384052236
606542930474426001,0.0,0.0,0.0,0.0,0.0
606542930508410601,0.0,0.0,0.0,0.0,0.0
606742930451742602,0.0,0.0,0.0,0.0,0.0
607042929816234301,0.0,0.0,0.0,0.0,0.0
607042930523355301,0.0,0.0,0.0,0.0,0.0
607342928096763401,0.0,0.0,0.0,0.0,0.0
607342930517964902,0.0,0.0,0.0,0.0,0.0
607542930518974101,0.0,0.0,0.0,0.0,0.0
607642930454021201,0.0,0.0,0.0,0.0,0.0
607642930463621501,0.0,0.0,0.0,0.0,0.0
607642930468169701,0.0,0.0,0.0,0.0,0.0
607642930537271102,0.0,0.0,0.0,0.0,0.0
607742930533867501,0.0,0.0,0.0,0.0,0.0
608142929309521301,0.0,0.0,0.0,0.0,0.0
608242929166128302,2.0941176414489746,6.727413669494563,126.57747640100371,44.46237564086914,571.8301309606311
608342930460180901,0.0,0.0,0.0,0.0,0.0
608342930466842201,0.0,0.0,0.0,0.0,0.0
608442930450561601,0.0,0.0,0.0,0.0,0.0
608442930544190202,0.0,0.0,0.0,0.0,0.0
608642930550485002,0.0,0.0,0.0,0.0,0.0
608742930527235302,0.0,0.0,0.0,0.0,0.0
608842930448699501,3.595238208770752,13.444069063132591,175.37044534412956,88.01544952392578,1129.301825210633
608942930519744202,0.0,0.0,0.0,0.0,0.0
609142930478083502,0.0,0.0,0.0,0.0,0.0
609142930545018002,0.0,0.0,0.0,0.0,0.0
609242930475241401,0.0,0.0,0.0,0.0,0.0
609342930519980402,0.0,0.0,0.0,0.0,0.0
609442929613635201,0.0,0.0,0.0,0.0,0.0
609542928176021402,0.0,0.0,0.0,0.0,0.0
609742930471752701,0.0,0.0,0.0,0.0,0.0
609942930510039901,0.0,0.0,0.0,0.0,0.0
609942930528550401,0.0,0.0,0.0,0.0,0.0
611142930519056902,0.0,0.0,0.0,0.0,0.0
611242930456564601,0.0,0.0,0.0,0.0,0.0
611242930544170802,0.0,0.0,0.0,0.0,0.0
611442929236057902,0.0,0.0,0.0,0.0,0.0
611442930536252502,0.0,0.0,0.0,0.0,0.0
611542928135643301,0.0,0.0,0.0,0.0,0.0
611542930463206002,0.0,0.0,0.0,0.0,0.0
611542930465552501,0.0,0.0,0.0,0.0,0.0
611842930525086802,0.0,0.0,0.0,0.0,0.0
611842930528062002,5.931034564971924,11.200694588162252,137.35960264900663,147.78369140625,649.6402590517966
611942930458139602,3.0299999713897705,11.716113536227153,160.57180156657964,82.6545639038086,1171.6113181350747
611942930516991901,7.0,64.70665893554687,126.0,6.459478855133057,129.41331787109374
611942930525522002,0.0,0.0,0.0,0.0,0.0
612142929514163102,0.0,0.0,0.0,0.0,0.0
612342928108786601,3.6440677642822266,13.072941018897332,96.57062146892656,84.57257843017578,771.3035251060796
612342930457889302,0.0,0.0,0.0,0.0,0.0
612342930543404502,0.0,0.0,0.0,0.0,0.0
612442930473165602,0.0,0.0,0.0,0.0,0.0
612542928601833902,0.0,0.0,0.0,0.0,0.0
612742930457760601,5.534883499145508,53.132503486308316,667.5598377281947,157.2666778564453,2284.69769621379
612742930473475701,0.0,0.0,0.0,0.0,0.0
612742930509766401,0.0,0.0,0.0,0.0,0.0
612942930464604802,0.5714285969734192,6.833590628405376,81.8292771521976,35.95249938964844,430.5162139186589
613142930522255301,0.0,0.0,0.0,0.0,0.0
613142930527786601,0.0,0.0,0.0,0.0,0.0
613142930541713601,0.0,0.0,0.0,0.0,0.0
613242930469281302,0.0,0.0,0.0,0.0,0.0
613342930527812301,0.0,0.0,0.0,0.0,0.0
613642930458178401,0.0,0.0,0.0,0.0,0.0
613742930531180301,0.0,0.0,0.0,0.0,0.0
613842930474030501,0.0,0.0,0.0,0.0,0.0
613842930529166701,0.0,0.0,0.0,0.0,0.0
613842930530935001,0.0,0.0,0.0,0.0,0.0
614042930510485702,0.0,0.0,0.0,0.0,0.0
614142930449855601,3.263157844543457,4.968274863525285,27.10198652004257,10.989701271057129,94.39722121375044
614142930545162802,0.0,0.0,0.0,0.0,0.0
614242930526869301,0.0,0.0,0.0,0.0,0.0
614342930316630702,4.068965435028076,11.890023140285326,172.2826086956522,77.5772476196289,689.6213715128276
614442930529223002,0.0,0.0,0.0,0.0,0.0
614642930460835202,1.1617647409439087,5.690899361385652,55.11321728868565,39.76641082763672,386.9811496371663
614942930520133301,0.0,0.0,0.0,0.0,0.0
615042930535854102,0.0,0.0,0.0,0.0,0.0
615242930529026902,0.0,0.0,0.0,0.0,0.0
615242930534894001,0.0,0.0,0.0,0.0,0.0
615542930453514002,0.0,0.0,0.0,0.0,0.0
615542930472245601,1.623655915260315,8.902300557915318,73.14994606256742,118.15011596679688,827.9139659247867
615542930472598101,4.265822887420654,20.026703257619598,214.75925925925927,123.21772003173828,1582.1095801223944
615542930524160001,0.0,0.0,0.0,0.0,0.0
615642928791241702,3.1621620655059814,37.5712148931962,162.51898734177215,76.1729507446289,1390.1349417770966
615642930453924201,0.0,0.0,0.0,0.0,0.0
615642930548013602,0.0,0.0,0.0,0.0,0.0
615742930472569902,0.0,0.0,0.0,0.0,0.0
615742930517542101,0.0,0.0,0.0,0.0,0.0
615842930452120801,0.0,0.0,0.0,0.0,0.0
615842930464614501,0.0,0.0,0.0,0.0,0.0
615842930540550801,0.0,0.0,0.0,0.0,0.0
616142930535327501,0.0,0.0,0.0,0.0,0.0
616342928009789001,0.0,0.0,0.0,0.0,0.0
616342930540564901,3.377049207687378,10.514583169136191,167.97730138713746,100.00687408447266,641.3896002841627
616542930525105801,0.0,0.0,0.0,0.0,0.0
616842929189316902,3.1290323734283447,13.504600353839686,148.8968609865471,37.30582809448242,418.6425979169495
616842930524612002,2.839622735977173,9.478470448293285,193.0161688749158,95.362060546875,1004.7178872290714
616942930507685202,0.0,0.0,0.0,0.0,0.0
617242930472545102,0.0,0.0,0.0,0.0,0.0
617542930461420101,0.0,0.0,0.0,0.0,0.0
617742930535217001,0.0,0.0,0.0,0.0,0.0
617942930460510202,0.0,0.0,0.0,0.0,0.0
618042930451043001,0.0,0.0,0.0,0.0,0.0
618042930525354301,0.0,0.0,0.0,0.0,0.0
618342930517732602,1.923076868057251,18.458697504397538,277.9542656112577,108.98780822753906,1919.7045307947863
618442930479187302,0.0,0.0,0.0,0.0,0.0
618642930476813602,0.0,0.0,0.0,0.0,0.0
618842930525478901,0.0,0.0,0.0,0.0,0.0
619042930458308802,1.0,2.9304848722650423,2.930382894082546,0.3539837896823883,2.9304848722650423
619442930456902601,0.0,0.0,0.0,0.0,0.0
619642930461679002,0.0,0.0,0.0,0.0,0.0
619642930467832502,0.0,0.0,0.0,0.0,0.0
619842930518854401,0.0,0.0,0.0,0.0,0.0
621242930519112201,0.0,0.0,0.0,0.0,0.0
621342930458041402,0.0,0.0,0.0,0.0,0.0
621342930460442702,0.0,0.0,0.0,0.0,0.0
621442930509631801,0.0,0.0,0.0,0.0,0.0
621442930533515701,0.0,0.0,0.0,0.0,0.0
621442930542426801,0.0,0.0,0.0,0.0,0.0
621842928305365001,0.0,0.0,0.0,0.0,0.0
621942930527380301,0.0,0.0,0.0,0.0,0.0
622142930525597202,0.0,0.0,0.0,0.0,0.0
622342930454373401,0.0,0.0,0.0,0.0,0.0
622342930530575101,0.0,0.0,0.0,0.0,0.0
622542930524635402,0.0,0.0,0.0,0.0,0.0
623042930453137202,2.761904716491699,15.780535468926155,209.4904171364149,21.486629486083984,331.3912486320418
623042930474490501,0.0,0.0,0.0,0.0,0.0
623042930476919301,1.649999976158142,7.678607615187714,40.37144482366325,18.559856414794922,153.5721506828334
623142930537296402,4.400000095367432,22.686584832391944,36.82711198428291,4.021481513977051,113.43292799914047
623342930473502501,0.8202247023582458,11.666416706202558,90.84898122253296,50.47792434692383,1038.311107877822
623742930507962602,0.0,0.0,0.0,0.0,0.0
623742930536195201,0.0,0.0,0.0,0.0,0.0
623942928258542701,0.0,0.0,0.0,0.0,0.0
623942930530823901,0.0,0.0,0.0,0.0,0.0
624142929684805401,0.0,0.0,0.0,0.0,0.0
624142930451687501,0.0,0.0,0.0,0.0,0.0
624242930455754701,0.0,0.0,0.0,0.0,0.0
624242930475530502,3.2592592239379883,12.680277222115107,105.83148558758315,28.303380966186523,342.3674680010557
624342930529722402,0.0,0.0,0.0,0.0,0.0
624342930532757901,0.0,0.0,0.0,0.0,0.0
624442928726031502,0.0,0.0,0.0,0.0,0.0
624442930464003901,0.0,0.0,0.0,0.0,0.0
624542930530514701,2.944444417953491,4.436155322370506,45.712313813866686,18.959449768066406,159.70158876839304
624742930142486002,0.0,0.0,0.0,0.0,0.0
624742930530714801,3.7073171138763428,9.134259155623209,119.3204393505253,52.440677642822266,374.50462147658965
624942930479378202,0.0,0.0,0.0,0.0,0.0
624942930509974501,0.0,0.0,0.0,0.0,0.0
625042930475269601,0.0,0.0,0.0,0.0,0.0
625142930460858601,0.0,0.0,0.0,0.0,0.0
625342929466954002,0.0,0.0,0.0,0.0,0.0
625442930530055402,0.0,0.0,0.0,0.0,0.0
625542930533010301,0.0,0.0,0.0,0.0,0.0
625742930470569001,0.0,0.0,0.0,0.0,0.0
625842930518152502,0.0,0.0,0.0,0.0,0.0
626142930480164301,0.0,0.0,0.0,0.0,0.0
626142930540691101,0.0,0.0,0.0,0.0,0.0
626142930545055902,0.0,0.0,0.0,0.0,0.0
626442930541959602,0.0,0.0,0.0,0.0,0.0
626642930534157502,0.0,0.0,0.0,0.0,0.0
626742930469978402,0.0,0.0,0.0,0.0,0.0
626742930547755901,0.0,0.0,0.0,0.0,0.0
626942930531391002,0.0,0.0,0.0,0.0,0.0
626942930550762501,0.0,0.0,0.0,0.0,0.0
627142930477846402,0.0,0.0,0.0,0.0,0.0
627142930519283702,0.0,0.0,0.0,0.0,0.0
627242930521030802,0.0,0.0,0.0,0.0,0.0
627242930530633202,0.0,0.0,0.0,0.0,0.0
627742930535001801,0.0,0.0,0.0,0.0,0.0
627742930542430902,0.0,0.0,0.0,0.0,0.0
627842930454353502,0.0,0.0,0.0,0.0,0.0
627842930455116302,0.0,0.0,0.0,0.0,0.0
627842930527026502,0.0,0.0,0.0,0.0,0.0
627942930468002802,0.0,0.0,0.0,0.0,0.0
628042930476683502,0.0,0.0,0.0,0.0,0.0
628242930463571801,0.0,0.0,0.0,0.0,0.0
628242930528148101,0.0,0.0,0.0,0.0,0.0
628442930546282602,0.0,0.0,0.0,0.0,0.0
628542930529940802,0.0,0.0,0.0,0.0,0.0
628742930447174202,0.0,0.0,0.0,0.0,0.0
629142930462199101,0.0,0.0,0.0,0.0,0.0
629342930476512301,0.0,0.0,0.0,0.0,0.0
629342930509172202,0.0,0.0,0.0,0.0,0.0
629442930454891802,5.764705657958984,2.662793780786786,12.983731019522777,6.792690753936768,45.267495746295346
629442930546221601,0.0,0.0,0.0,0.0,0.0
629542930524103602,0.0,0.0,0.0,0.0,0.0
629942930465575701,0.0,0.0,0.0,0.0,0.0
631342930544564001,2.75,11.84129504074357,310.9190221543163,103.33589172363281,1326.2250783247348
631442930453559201,0.0,0.0,0.0,0.0,0.0
631442930465223901,0.0,0.0,0.0,0.0,0.0
631442930478758802,0.0,0.0,0.0,0.0,0.0
631442930534697501,0.0,0.0,0.0,0.0,0.0
631442930544035201,0.0,0.0,0.0,0.0,0.0
631542930137891201,0.0,0.0,0.0,0.0,0.0
631642930515728402,2.825396776199341,5.2695564293162285,46.37891809908999,52.094627380371094,331.98205149547397
631742929269314901,0.0,0.0,0.0,0.0,0.0
631842930544615602,0.0,0.0,0.0,0.0,0.0
631842930546616102,0.0,0.0,0.0,0.0,0.0
632142929417331502,0.0,0.0,0.0,0.0,0.0
632142930475451901,4.882352828979492,11.787401630930656,90.0456204379562,47.18223190307617,400.7716608534764
632142930529489601,0.0,0.0,0.0,0.0,0.0
632242928242485402,0.0,0.0,0.0,0.0,0.0
632242928726267002,0.0,0.0,0.0,0.0,0.0
632242930528090201,0.0,0.0,0.0,0.0,0.0
632542930460063802,7.0,0.2568977033345322,0.2568977033345322,0.03095364011824131,0.2568977033345322
632742928602899402,0.0,0.0,0.0,0.0,0.0
632742930471641102,0.0,0.0,0.0,0.0,0.0
632842930545035902,0.0,0.0,0.0,0.0,0.0
633042930524124402,0.0,0.0,0.0,0.0,0.0
633142930479439902,0.0,0.0,0.0,0.0,0.0
633142930480181601,0.0,0.0,0.0,0.0,0.0
633142930546696501,0.0,0.0,0.0,0.0,0.0
633742930519064501,0.0,0.0,0.0,0.0,0.0
634042930454923601,0.0,0.0,0.0,0.0,0.0
634142930378995901,4.761904716491699,11.066903831845238,117.80408163265307,27.99171257019043,232.4049860532592
634242930480300802,0.0,0.0,0.0,0.0,0.0
634342930517827402,0.0,0.0,0.0,0.0,0.0
634342930538918502,0.0,0.0,0.0,0.0,0.0
634442928570877701,0.0,0.0,0.0,0.0,0.0
634442928601879102,2.7666666507720947,5.805429050814957,63.215723873441995,20.186006546020508,174.16286821813392
634442930509229101,8.5,11.461731706848894,24.89189189189189,5.711585521697998,45.846928626957926
634542930516387001,0.0,0.0,0.0,0.0,0.0
634542930518933602,3.0,1.7963790081022768,1.7964255110784675,0.16456466913223267,1.7963790081022768
634542930547167301,0.0,0.0,0.0,0.0,0.0
635042930475778201,0.0,0.0,0.0,0.0,0.0
635242930466868001,0.0,0.0,0.0,0.0,0.0
635242930523886601,6.0,3.4127836747999427,3.412689339811375,0.49980226159095764,3.4127836747999427
635342930529573401,0.0,0.0,0.0,0.0,0.0
635442930450110302,0.0,0.0,0.0,0.0,0.0
635442930457627902,0.0,0.0,0.0,0.0,0.0
635542930533071202,0.35514017939567566,5.326809873564622,73.35442625620979,87.15620422363281,569.9686639088161
635842930448036901,0.0,0.0,0.0,0.0,0.0
635942930457087702,0.0,0.0,0.0,0.0,0.0
636142930528352101,0.0,0.0,0.0,0.0,0.0
636342930526638701,0.0,0.0,0.0,0.0,0.0
636442930460092501,0.0,0.0,0.0,0.0,0.0
636442930520175701,0.0,0.0,0.0,0.0,0.0
636542930536561801,0.0,0.0,0.0,0.0,0.0
636742928865301501,0.0,0.0,0.0,0.0,0.0
636742929020918202,0.0,0.0,0.0,0.0,0.0
636842930510820302,1.52173912525177,10.461874479455858,33.11382565241532,41.47052001953125,240.62310895226122
636842930525655902,0.0,0.0,0.0,0.0,0.0
636942930472736801,0.0,0.0,0.0,0.0,0.0
637142930511097902,0.0,0.0,0.0,0.0,0.0
637542930466070001,0.0,0.0,0.0,0.0,0.0
637642930474869901,0.0,0.0,0.0,0.0,0.0
637642930550717001,0.0,0.0,0.0,0.0,0.0
637742930532452802,0.0,0.0,0.0,0.0,0.0
637842928603015501,0.0,0.0,0.0,0.0,0.0
637842930510482502,0.0,0.0,0.0,0.0,0.0
637942930548982002,3.25,4.385918793051608,20.814563743713098,5.342628002166748,35.087349458515526
638042930450992201,0.0,0.0,0.0,0.0,0.0
638042930509034601,0.0,0.44369373050346195,0.0,0.06210622936487198,0.44369373050346195
638042930529760102,0.0,0.0,0.0,0.0,0.0
638042930538055401,0.0,0.0,0.0,0.0,0.0
638142930447921202,0.0,0.0,0.0,0.0,0.0
638142930450063801,2.8333332538604736,33.27318836268444,355.39290813898145,17.486860275268555,399.2782596114248
638142930455866601,50.66666793823242,80.48362687317251,241.45029239766083,10.405826568603516,241.45088588424593
638142930540569102,0.0,0.0,0.0,0.0,0.0
638242930455311801,0.0,0.0,0.0,0.0,0.0
638242930533781801,3.566666603088379,15.117747458649207,249.3962784286699,91.5432357788086,907.0648705070386
638542930476079201,2.7933883666992188,4.822699709277098,118.86375075935086,61.944236755371094,583.5466418956596
638642930519829201,0.0,0.0,0.0,0.0,0.0
638742930527718701,0.0,0.0,0.0,0.0,0.0
638842930452336902,0.0,0.0,0.0,0.0,0.0
639042930529309401,0.0,0.0,0.0,0.0,0.0
639142930518547302,0.0,0.0,0.0,0.0,0.0
639142930529139001,0.0,0.0,0.0,0.0,0.0
639342930454898101,0.0,0.0,0.0,0.0,0.0
639342930461614402,0.0,0.0,0.0,0.0,0.0
639342930465207602,0.0,0.0,0.0,0.0,0.0
639442928988290801,0.0,0.0,0.0,0.0,0.0
639442930538235001,0.0,0.0,0.0,0.0,0.0
639542930532563901,1.7872340679168701,3.6835027068469146,44.84055576417574,14.975234985351562,173.12463525095725
639642930530084702,0.0,0.0,0.0,0.0,0.0
641142930477278001,0.0,0.0,0.0,0.0,0.0
641242930464771301,0.0,0.0,0.0,0.0,0.0
641242930528742302,0.0,0.0,0.0,0.0,0.0
641242930548136302,0.0,0.0,0.0,0.0,0.0
641342930545059402,0.0,0.0,0.0,0.0,0.0
641442929528823102,0.0,0.0,0.0,0.0,0.0
641442930464779301,0.0,0.0,0.0,0.0,0.0
641442930524145502,0.0,0.0,0.0,0.0,0.0
641742930516236501,0.0,0.0,0.0,0.0,0.0
641842928570742801,17.933332443237305,56.86011971672662,174.80575539568346,26.981889724731445,852.901770136625
641942930474911501,0.0,0.0,0.0,0.0,0.0
641942930534201702,0.0,0.0,0.0,0.0,0.0
642042930525103802,0.0,0.0,0.0,0.0,0.0
642142930542004602,0.0,0.0,0.0,0.0,0.0
642242930456211802,0.0,0.0,0.0,0.0,0.0
642342930453637401,0.0,0.0,0.0,0.0,0.0
642342930457120101,0.0,0.0,0.0,0.0,0.0
642542930456223802,0.0,0.0,0.0,0.0,0.0
642642930474766001,0.0,0.0,0.0,0.0,0.0
642742930526624501,0.0,0.0,0.0,0.0,0.0
643142930459533201,0.0,0.0,0.0,0.0,0.0
643142930519928302,2.673267364501953,6.186989844878974,624.8865606936416,62.80740737915039,624.8859388018619
643242929821047101,0.0,0.0,0.0,0.0,0.0
643442930550034201,0.0,0.0,0.0,0.0,0.0
643742930454947202,6.666666507720947,261.452490234375,506.3875,28.587480545043945,784.3574890136719
643742930476853602,0.0,0.0,0.0,0.0,0.0
643742930524019802,0.0,0.0,0.0,0.0,0.0
643742930542962201,0.0,0.0,0.0,0.0,0.0
643942930525309802,0.0,0.0,0.0,0.0,0.0
644142930446451802,0.0,0.0,0.0,0.0,0.0
644142930474924401,2.0198020935058594,4.788197114087623,60.55735405201252,70.56781005859375,483.60791997507164
644642930474099402,3.461538553237915,11.100503624948855,100.97872340425532,14.541799545288086,144.306547292906
644642930510593801,1.696969747543335,27.60475902810721,165.63851992409866,53.900081634521484,910.9570732912936
644742929681216001,0.0,0.0,0.0,0.0,0.0
644742930477479302,0.0,0.0,0.0,0.0,0.0
644942930511287101,0.0,0.0,0.0,0.0,0.0
644942930516721002,0.0,0.0,0.0,0.0,0.0
645042930468804501,0.0,0.0,0.0,0.0,0.0
645242930524530001,0.0,0.0,0.0,0.0,0.0
645342930532493602,0.0,0.0,0.0,0.0,0.0
645542930453093001,0.0,0.0,0.0,0.0,0.0
645742930461298301,0.0,0.0,0.0,0.0,0.0
646142930516997802,0.0,0.0,0.0,0.0,0.0
646442930476673001,0.0,0.0,0.0,0.0,0.0
646442930515735902,0.0,0.0,0.0,0.0,0.0
646742928967163401,0.0,0.0,0.0,0.0,0.0
646742930464184902,0.0,0.0,0.0,0.0,0.0
646742930527254501,0.0,0.0,0.0,0.0,0.0
647042929800407201,0.0,0.0,0.0,0.0,0.0
647042930457784202,0.0,0.0,0.0,0.0,0.0
647142930520231302,0.0,0.0,0.0,0.0,0.0
647242930515716702,0.0,0.0,0.0,0.0,0.0
647242930529731001,3.3636362552642822,20.83410456730769,220.6260355029586,20.619449615478516,229.17515918799407
647542927963609202,0.0,0.0,0.0,0.0,0.0
647642930462303702,0.0,0.0,0.0,0.0,0.0
647942930515080402,4.058823585510254,8.684761412989218,79.73722044728434,16.21146011352539,147.6409404331122
648042930528529302,0.0,0.0,0.0,0.0,0.0
648342930459509102,0.0,0.0,0.0,0.0,0.0
648342930463022901,1.0,0.39527923654638886,0.3775481393641651,0.0883520171046257,0.7905584730927777
648342930527411001,2.4910714626312256,12.077632181075753,335.5511123627147,80.90473937988281,1352.6948154012239
648342930534785301,0.0,0.0,0.0,0.0,0.0
648342930547014502,0.0,0.0,0.0,0.0,0.0
648442930449073502,0.0,0.0,0.0,0.0,0.0
648442930526664902,0.0,0.0,0.0,0.0,0.0
648442930547127301,0.0,0.0,0.0,0.0,0.0
648642930531693201,0.0,0.0,0.0,0.0,0.0
648742930454987101,0.0,0.0,0.0,0.0,0.0
648742930478797202,0.0,0.0,0.0,0.0,0.0
648742930524846701,2.0,2.6917126453229065,2.691722169362512,0.25992336869239807,2.6917126453229065
648842930460023301,0.0,0.0,0.0,0.0,0.0
648942929567799701,0.0,0.0,0.0,0.0,0.0
648942930449110702,0.0,0.0,0.0,0.0,0.0
649042930527078002,0.0,0.0,0.0,0.0,0.0
649142930518226402,3.4845361709594727,8.962931955986086,165.89448255870133,73.03494262695312,869.4043672520914
649342930117707001,2.1666667461395264,11.209787596833952,29.98585382283597,6.72025728225708,67.25872656776272
649442930480047802,0.0,0.0,0.0,0.0,0.0
649642930467947801,0.0,0.0,0.0,0.0,0.0
649742930539647002,2.621951103210449,13.617704863832289,164.9976489028213,72.45841979980469,1116.6518060137112
649942930476139101,0.0,0.0,0.0,0.0,0.0
649942930479236002,0.0,0.0,0.0,0.0,0.0
651142930450359001,0.0,0.0,0.0,0.0,0.0
651342928887918302,0.0,0.0,0.0,0.0,0.0
651442930479445702,0.0,0.0,0.0,0.0,0.0
651642930515551701,0.0,0.0,0.0,0.0,0.0
651742930533814901,0.0,0.0,0.0,0.0,0.0
651842930526320601,0.0,0.0,0.0,0.0,0.0
651942930454825201,0.0,0.0,0.0,0.0,0.0
651942930478231102,0.0,0.0,0.0,0.0,0.0
652142930447137102,0.0,0.0,0.0,0.0,0.0
652142930509584901,0.0,0.0,0.0,0.0,0.0
652442930515802601,3.7647058963775635,10.780805836045175,48.339969372128635,15.006808280944824,183.27369579677378
652542930454752501,0.0,0.0,0.0,0.0,0.0
652542930546548902,0.0,0.0,0.0,0.0,0.0
652642930533782602,8.333333015441895,11.931695898622982,34.53599240265907,3.9177017211914062,35.79508815957384
652842930516145901,1.3636363744735718,19.122819125441698,68.99151943462897,103.02730560302734,1262.1060311576923
652842930529521401,4.5,10.75306213708005,173.12069680630444,126.74845886230469,838.7388646185077
653042927963768501,0.0,0.0,0.0,0.0,0.0
653042930542015202,0.0,0.0,0.0,0.0,0.0
653142930459478902,0.0,0.0,0.0,0.0,0.0
653142930479524002,3.7272727489471436,4.168280889145496,52.17609699769053,25.10773468017578,137.55327298206214
653342930508972101,0.0,0.0,0.0,0.0,0.0
653342930533725301,2.6470587253570557,8.097509765625,136.98425,113.76235961914062,825.9459938735962
653542930529153902,0.0,0.0,0.0,0.0,0.0
653642930462867801,0.0,0.0,0.0,0.0,0.0
653742930510384802,0.0,0.0,0.0,0.0,0.0
653842929400256501,0.0,0.0,0.0,0.0,0.0
653842929696743002,0.0,0.0,0.0,0.0,0.0
653842930453388901,0.0,0.0,0.0,0.0,0.0
653842930473075901,0.0,0.0,0.0,0.0,0.0
653942930509065402,0.0,0.0,0.0,0.0,0.0
654042930449629701,0.0,0.0,0.0,0.0,0.0
654042930470916901,0.0,0.0,0.0,0.0,0.0
654242930542632701,0.0,0.0,0.0,0.0,0.0
654342930546863601,0.0,0.0,0.0,0.0,0.0
654542930474824902,0.0,0.0,0.0,0.0,0.0
654542930477661102,0.0,0.0,0.0,0.0,0.0
654642930453465602,0.0,0.0,0.0,0.0,0.0
654642930454790701,0.0,0.0,0.0,0.0,0.0
654642930460302701,0.0,0.0,0.0,0.0,0.0
654942930509543701,0.0,0.0,0.0,0.0,0.0
655042930472188302,0.0,0.0,0.0,0.0,0.0
655042930479484502,0.0,0.0,0.0,0.0,0.0
655142928726124202,0.0,0.0,0.0,0.0,0.0
655342930509983701,0.0,0.0,0.0,0.0,0.0
655342930543181102,0.0,0.0,0.0,0.0,0.0
655442930469818502,2.5142858028411865,12.583822152634298,210.2710743801653,38.687095642089844,440.43377322362477
655442930510824702,0.0,0.0,0.0,0.0,0.0
655842928887872002,0.0,0.0,0.0,0.0,0.0
655842930523085001,1.3232322931289673,13.825190367500383,43.152524167561765,116.04908752441406,1368.6938664130644
656042930475018502,0.0,0.0,0.0,0.0,0.0
656242930456953401,0.0,0.0,0.0,0.0,0.0
656242930473377402,0.0,0.0,0.0,0.0,0.0
656342930342691002,0.0,0.0,0.0,0.0,0.0
656442930472250401,3.191176414489746,5.762292237300797,112.01085657370518,49.29387664794922,391.835884468109
656542928592761601,4.092105388641357,26.529031450320513,284.4051282051282,106.86871337890625,2016.2064414978026
656542930543599602,0.0,0.0,0.0,0.0,0.0
656642930474235001,0.0,0.0,0.0,0.0,0.0
656642930517305401,0.0,0.0,0.0,0.0,0.0
656742928789992001,0.0,0.0,0.0,0.0,0.0
656842930475431902,0.0,0.0,0.0,0.0,0.0
657242928887312101,0.0,0.0,0.0,0.0,0.0
657342930541170002,0.0,0.0,0.0,0.0,0.0
657442930477734402,2.200000047683716,10.081441161688685,95.0964962665135,83.8909683227539,1260.1802092151763
657742930465781302,0.0,0.0,0.0,0.0,0.0
657742930474796002,0.0,0.0,0.0,0.0,0.0
657742930532598501,0.0,0.0,0.0,0.0,0.0
658142930473567902,0.0,0.0,0.0,0.0,0.0
658142930546394001,0.0,0.0,0.0,0.0,0.0
658642929303719501,3.730769157409668,5.731563901676109,70.8844192634561,35.926631927490234,298.04132883794136
658942930456879602,0.0,0.0,0.0,0.0,0.0
658942930479038602,0.0,0.0,0.0,0.0,0.0
659142928232753901,0.0,0.0,0.0,0.0,0.0
659142930532505601,0.0,0.0,0.0,0.0,0.0
659542930519222201,3.4150943756103516,7.192564008713041,98.05702756749037,35.488197326660156,381.2058800232954
659742930464854101,0.0,0.0,0.0,0.0,0.0
659742930544352401,0.0,0.0,0.0,0.0,0.0
659842930534373901,0.0,0.0,0.0,0.0,0.0
659942929259428501,0.0,0.0,0.0,0.0,0.0
659942930461469101,0.0,0.0,0.0,0.0,0.0
659942930519363301,0.0,0.0,0.0,0.0,0.0
661142930533758202,0.0,0.0,0.0,0.0,0.0
661242930541930402,0.0,0.0,0.0,0.0,0.0
661342930531787402,0.0,0.0,0.0,0.0,0.0
661542930458841401,0.0,0.0,0.0,0.0,0.0
661542930526107101,1.899999976158142,7.36997465671738,89.88473439917483,32.178497314453125,294.7989836835935
661642928062746602,0.0,0.0,0.0,0.0,0.0
662142928255461701,0.0,0.0,0.0,0.0,0.0
662142930529150601,0.0,0.0,0.0,0.0,0.0
662242930517506301,1.9874999523162842,12.522583385739164,162.812693498452,86.2496109008789,1001.8066868619653
662342930463195201,0.0,0.0,0.0,0.0,0.0
662342930464993502,0.0,0.0,0.0,0.0,0.0
662542930461143901,0.0,0.0,0.0,0.0,0.0
662542930525213101,0.0,0.0,0.0,0.0,0.0
662742929621897902,0.0,0.0,0.0,0.0,0.0
662742930474015002,0.0,0.0,0.0,0.0,0.0
662942930534037001,0.0,0.0,0.0,0.0,0.0
663042930479679601,0.0,0.0,0.0,0.0,0.0
663042930524347201,0.0,0.0,0.0,0.0,0.0
663142929839447601,0.0,0.0,0.0,0.0,0.0
663342930451105601,0.0,0.0,0.0,0.0,0.0
663542930529957101,0.0,0.0,0.0,0.0,0.0
663642930480208101,2.0,78.48447109471094,156.96924969249693,17.757963180541992,313.93787837292433
663742930515497202,5.5,11.30143612132353,20.661176470588234,2.128113031387329,22.60287109375
663842930455452701,0.0,0.0,0.0,0.0,0.0
664042930448245002,0.0,0.0,0.0,0.0,0.0
664042930459310502,0.0,0.0,0.0,0.0,0.0
664042930542970902,0.0,0.0,0.0,0.0,0.0
664242930518346602,0.24705882370471954,15.409541630244755,72.63797740720818,95.69477081298828,1309.8110334325568
664642930528521401,0.0,0.0,0.0,0.0,0.0
664742929309406402,0.0,0.0,0.0,0.0,0.0
664742930179843902,0.0,0.0,0.0,0.0,0.0
664742930518939202,0.0,0.0,0.0,0.0,0.0
664742930532198301,6.117647171020508,19.84052363528481,213.7988245931284,21.92620086669922,337.2888962114482
664942930450522402,0.0,0.0,0.0,0.0,0.0
665142930474649402,0.0,0.0,0.0,0.0,0.0
665242930463609802,0.0,0.0,0.0,0.0,0.0
665342930460685202,6.7419352531433105,9.50560073757764,63.24993788819876,41.551666259765625,294.6736088105907
665342930528787802,4.08695650100708,15.944092804332875,125.49621733149931,15.756309509277344,366.71412606219644
665642930550842201,0.0,0.0,0.0,0.0,0.0
665742930527645201,3.494381904602051,13.03207095176572,452.6244616709733,83.2217025756836,1159.854278451918
665842929380279101,0.0,0.0,0.0,0.0,0.0
665842930471889901,0.0,0.0,0.0,0.0,0.0
665842930528854901,0.0,0.0,0.0,0.0,0.0
665942929400362701,4.340425491333008,72.59467813791322,1064.7107438016528,106.7646484375,3411.949840734813
665942930515546002,0.0,19.17866559314836,0.0,27.236635208129883,498.64532191621083
665942930524702001,0.0,0.0,0.0,0.0,0.0
665942930543219101,0.0,0.0,0.0,0.0,0.0
666042930475028101,0.0,0.0,0.0,0.0,0.0
666042930525712202,0.0,0.0,0.0,0.0,0.0
666142930462109402,0.0,0.0,0.0,0.0,0.0
666142930464828901,0.0,0.0,0.0,0.0,0.0
666142930533023602,0.0,0.0,0.0,0.0,0.0
666242928113204401,0.0,0.0,0.0,0.0,0.0
666242930516082801,0.0,0.0,0.0,0.0,0.0
666242930525492302,0.0,0.0,0.0,0.0,0.0
666342930519029801,0.0,0.0,0.0,0.0,0.0
666342930544643602,0.0,0.0,0.0,0.0,0.0
666442930480433801,0.0,0.0,0.0,0.0,0.0
666442930546688702,0.0,0.0,0.0,0.0,0.0
666942930531738801,1.6506024599075317,10.132427793560606,178.61111111111111,108.10672760009766,840.991487798466
667042929885514702,0.0,0.0,0.0,0.0,0.0
667042930450950202,2.0,24.23952845982143,47.98571428571429,1.4994101524353027,48.47905691964286
667142927966337801,0.0,0.0,0.0,0.0,0.0
667142930518229601,0.0,0.0,0.0,0.0,0.0
667242930457538102,0.0,0.0,0.0,0.0,0.0
667342928113248801,0.0,0.0,0.0,0.0,0.0
667442930464212402,0.0,0.0,0.0,0.0,0.0
667442930515645402,0.0,0.0,0.0,0.0,0.0
667442930549503402,0.0,0.0,0.0,0.0,0.0
667942930528227902,0.0,0.0,0.0,0.0,0.0
667942930530965901,199.0,0.7871536523929471,0.7871536523929471,0.12313855439424515,0.7871536523929471
668042928091088502,0.0,0.0,0.0,0.0,0.0
668142930526970101,0.0,0.0,0.0,0.0,0.0
668242930533365502,0.0,0.0,0.0,0.0,0.0
668442930532995202,3.0,10.951848113885983,18.123430962343097,2.7850663661956787,32.85554332014906
668642930527433401,0.0,0.0,0.0,0.0,0.0
668642930544536701,0.0,0.0,0.0,0.0,0.0
668742928235978602,0.0,0.0,0.0,0.0,0.0
668842930538829901,0.0,0.0,0.0,0.0,0.0
668942930527960502,0.0,0.0,0.0,0.0,0.0
668942930529847002,0.0,0.0,0.0,0.0,0.0
669142930289529202,0.0,0.0,0.0,0.0,0.0
669142930450104201,0.0,0.0,0.0,0.0,0.0
669242930527333102,3.0,6.518938376786121,21.380626891905088,2.0314955711364746,26.075753761432804
669242930529373802,0.0,0.0,0.0,0.0,0.0
669342930526060301,0.0,0.0,0.0,0.0,0.0
669442930474293901,0.0,0.0,0.0,0.0,0.0
669642930539906702,0.0,0.0,0.0,0.0,0.0
669842930542477401,0.0,0.0,0.0,0.0,0.0
671142930534395002,0.0,0.0,0.0,0.0,0.0
671242930455919502,0.0,0.0,0.0,0.0,0.0
671542930478300201,0.0,0.0,0.0,0.0,0.0
671642928739595002,0.0,0.0,0.0,0.0,0.0
671742930528968102,0.0,0.0,0.0,0.0,0.0
671842927929385701,0.0,0.0,0.0,0.0,0.0
671942930546143302,0.0,0.0,0.0,0.0,0.0
672042929801894901,3.115384578704834,4.736765060624818,27.316632682784736,13.602999687194824,123.15588944721527
672142928726429701,0.0,0.0,0.0,0.0,0.0
672142929373030202,0.0,0.0,0.0,0.0,0.0
672442930530787602,0.0,0.0,0.0,0.0,0.0
672542930080417901,0.0,0.0,0.0,0.0,0.0
672742930531909101,0.0,0.0,0.0,0.0,0.0
673042930517612002,0.0,0.0,0.0,0.0,0.0
673042930529893101,2.590909004211426,9.466753791360293,98.31687675070027,99.94698333740234,1041.3429252226479
673142930477769301,0.0,0.0,0.0,0.0,0.0
673142930516487402,3.4479167461395264,7.103634376180136,111.70959214501511,63.5977783203125,681.9489023743079
673242930461406401,0.0,0.0,0.0,0.0,0.0
673342930467794802,4.333333492279053,7.981922337422119,19.109034267912772,3.063957929611206,23.94576762071651
673342930518841002,0.0,0.0,0.0,0.0,0.0
673342930534726802,0.0,0.0,0.0,0.0,0.0
673442930531133301,0.0,0.0,0.0,0.0,0.0
673542930463546502,0.0,0.0,0.0,0.0,0.0
673742930533903301,1.5,5.769818763863682,7.622227263561202,1.2412822246551514,11.539637527727365
673842930475061702,0.0,0.0,0.0,0.0,0.0
674042930461682601,5.318181991577148,9.694492960017197,480.68873602751506,49.378746032714844,639.8365624281013
674142930516069702,5.666666507720947,11.733282312335229,27.956119050922712,5.003847122192383,35.199848563029
674242930435870002,4.333333492279053,17.164037682655653,248.53197797543413,32.73013687133789,514.9211159294715
674242930473017302,0.0,0.0,0.0,0.0,0.0
674342930457227401,0.0,0.0,0.0,0.0,0.0
674342930524419701,0.0,0.0,0.0,0.0,0.0
674542930458635101,0.0,0.0,0.0,0.0,0.0
674542930480126701,2.361344575881958,21.570744903074868,452.23155080213905,61.53297424316406,2566.918637423592
674742930528798301,4.800000190734863,5.872394641631392,80.01750371811005,47.00988006591797,293.61972753587844
675142930451155701,0.0,0.0,0.0,0.0,0.0
675142930540256901,0.0,0.0,0.0,0.0,0.0
675242928055989402,0.0,0.0,0.0,0.0,0.0
675342930525185901,2.846153736114502,9.050416085977702,57.88193253287593,28.890562057495117,235.31081558323507
675442930516295301,0.0,0.0,0.0,0.0,0.0
675542930448864102,2.441666603088379,9.686725271945358,209.59903870478118,76.10919189453125,1162.4070469909097
675642929321111502,0.0,0.0,0.0,0.0,0.0
675642930451386202,0.0,0.0,0.0,0.0,0.0
675642930524949302,0.0,0.0,0.0,0.0,0.0
675742930526577702,0.0,0.0,0.0,0.0,0.0
675742930528981401,0.0,0.0,0.0,0.0,0.0
675842930459007402,4.2784810066223145,6.876616763372491,136.91662864963504,73.95716857910156,543.2527328807943
675942930475206502,0.0,0.0,0.0,0.0,0.0
676142929194519602,0.0,0.0,0.0,0.0,0.0
676142930524860502,0.0,0.0,0.0,0.0,0.0
676242930220737602,0.0,0.0,0.0,0.0,0.0
676242930469479001,0.0,0.0,0.0,0.0,0.0
676242930473283902,0.0,0.0,0.0,0.0,0.0
676242930542299602,0.0,0.0,0.0,0.0,0.0
676342930012382501,0.0,0.0,0.0,0.0,0.0
676442930461411002,0.0,0.0,0.0,0.0,0.0
676442930464954101,0.0,0.0,0.0,0.0,0.0
676442930546368201,0.0,0.0,0.0,0.0,0.0
676542930477748601,0.0,0.0,0.0,0.0,0.0
676542930517857402,2.0701754093170166,21.464230340799613,114.01156069364161,68.30096435546875,1223.4611677930534
676742930475025802,0.0,0.0,0.0,0.0,0.0
676842930545340301,0.0,0.0,0.0,0.0,0.0
676942930479197201,0.0,0.0,0.0,0.0,0.0
676942930533687801,0.0,0.0,0.0,0.0,0.0
677042930478874701,0.0,0.0,0.0,0.0,0.0
677142930527521402,0.0,0.0,0.0,0.0,0.0
677242928932243302,0.0,0.0,0.0,0.0,0.0
677242928988167902,0.0,0.0,0.0,0.0,0.0
677242930517222601,0.0,0.0,0.0,0.0,0.0
677242930544609802,0.0,0.0,0.0,0.0,0.0
677242930547631701,0.0,0.0,0.0,0.0,0.0
677742930447987101,0.0,0.0,0.0,0.0,0.0
677742930519472901,0.0,0.0,0.0,0.0,0.0
677842930461361101,0.0,0.0,0.0,0.0,0.0
677942930525818002,0.0,0.0,0.0,0.0,0.0
678142930479964501,0.0,0.0,0.0,0.0,0.0
678142930521363801,0.0,0.0,0.0,0.0,0.0
678242930530196802,0.0,0.0,0.0,0.0,0.0
678542930476045002,0.0,0.0,0.0,0.0,0.0
678642930458165102,0.4000000059604645,12.308244840366633,69.26205708661418,46.18794631958008,430.78858159283016
678742930222068601,0.0,0.0,0.0,0.0,0.0
678742930462308501,0.0,0.0,0.0,0.0,0.0
678742930528119502,0.0,0.0,0.0,0.0,0.0
678842930547371802,0.0,0.0,0.0,0.0,0.0
679042928030516801,0.0,0.0,0.0,0.0,0.0
679142930464344202,0.0,0.0,0.0,0.0,0.0
679242930478303301,0.0,0.0,0.0,0.0,0.0
679342930519642702,0.0,0.0,0.0,0.0,0.0
679442930456249102,0.0,0.0,0.0,0.0,0.0
679442930546701301,196.0,1.975051975051975,1.975051975051975,0.12301088124513626,1.975051975051975
679742929946486602,4.016666889190674,14.956792303856384,301.7003546099291,94.56101989746094,897.4074867295881
679942930541716201,0.0,0.0,0.0,0.0,0.0
681142930454118401,3.3548386096954346,4.152732729674958,34.819677342446155,16.03041648864746,128.73471309607598
681342930534908101,0.0,0.0,0.0,0.0,0.0
681442930464803501,0.0,0.0,0.0,0.0,0.0
681742930510597001,3.6666667461395264,17.579798637415823,52.74074074074074,5.277639865875244,52.73939344618056
682042930525009502,0.0,0.0,0.0,0.0,0.0
682442928121580101,0.0,0.0,0.0,0.0,0.0
682442930509273402,0.0,0.0,0.0,0.0,0.0
682542930478153201,0.0,0.0,0.0,0.0,0.0
682542930521194702,0.0,0.0,0.0,0.0,0.0
682542930523950602,0.0,0.0,0.0,0.0,0.0
682542930531441302,4.5,6.856738439269822,117.95550161812298,67.22074127197266,479.9716901354805
682642930545320202,0.0,0.0,0.0,0.0,0.0
682842928064987401,0.0,0.0,0.0,0.0,0.0
682842930526003901,0.0,0.0,0.0,0.0,0.0
683042930455966702,0.0,0.0,0.0,0.0,0.0
683142930518339501,0.0,0.0,0.0,0.0,0.0
683342930517481102,0.0,0.0,0.0,0.0,0.0
683342930549650701,0.036036036908626556,12.588784850855902,7.901379662749106,111.8891372680664,1397.35510685545
683442930464374402,0.0,0.0,0.0,0.0,0.0
683542930530462101,0.0,0.0,0.0,0.0,0.0
683642929780713401,0.0,0.0,0.0,0.0,0.0
683742930461427702,0.0,0.0,0.0,0.0,0.0
683842930531713201,0.0,0.0,0.0,0.0,0.0
684142930516547701,0.0,0.0,0.0,0.0,0.0
684342930519896201,0.0,0.0,0.0,0.0,0.0
684342930526179301,1.7647058963775635,7.831772262985642,126.7829391891892,32.84656524658203,266.2802540031639
684342930538673401,5.3114752769470215,18.022729056222097,242.30133928571428,82.03877258300781,1099.386458013739
684342930549015902,0.0,0.0,0.0,0.0,0.0
684742928878191202,0.0,0.0,0.0,0.0,0.0
684942930529277701,0.0,0.0,0.0,0.0,0.0
685042930523351301,0.0,0.0,0.0,0.0,0.0
685142930474884601,0.0,0.0,0.0,0.0,0.0
685142930523762602,0.0,0.0,0.0,0.0,0.0
685142930546857301,0.0,0.0,0.0,0.0,0.0
685242928725986102,0.0,0.0,0.0,0.0,0.0
685542930545717101,0.0,0.0,0.0,0.0,0.0
685642930473229702,1.9512195587158203,10.919163929939792,150.92610837438423,120.35914611816406,895.3714717127419
685642930480066702,0.0,0.0,0.0,0.0,0.0
686142928159082502,0.0,0.0,0.0,0.0,0.0
686142930516730902,0.0,0.0,0.0,0.0,0.0
686242930478176701,0.0,0.0,0.0,0.0,0.0
686242930534114102,2.8965516090393066,11.06989037298387,123.85591397849463,69.73678588867188,963.0804650368229
686442930474073202,0.0,0.0,0.0,0.0,0.0
686442930536461201,3.892857074737549,10.903399779611211,141.46835443037975,55.55767059326172,610.5903823259295
686442930544290302,0.0,0.0,0.0,0.0,0.0
686542930549153402,4.28125,8.512646963650091,65.38215942185309,25.717098236083984,272.40471473762153
686642930530558201,0.0,0.0,0.0,0.0,0.0
686742930460247802,0.0,0.0,0.0,0.0,0.0
686742930471518302,0.0,0.0,0.0,0.0,0.0
686742930480404201,2.9318182468414307,4.6984487855312205,41.438956197576886,18.360763549804688,206.73174855160246
686742930530161202,0.0,0.0,0.0,0.0,0.0
686942930508038502,0.0,0.0,0.0,0.0,0.0
687042930454546001,0.0,0.0,0.0,0.0,0.0
687142930472558801,0.0,0.0,0.0,0.0,0.0
687242930525582202,0.0,0.0,0.0,0.0,0.0
687342930521812002,0.0,0.0,0.0,0.0,0.0
687442930545692702,0.0,0.0,0.0,0.0,0.0
687542930516092602,0.0,0.0,0.0,0.0,0.0
687742930448383602,0.0,0.0,0.0,0.0,0.0
687842930528045202,0.0,0.0,0.0,0.0,0.0
687942930478920301,3.3333332538604736,13.720795495014245,78.11623931623932,17.387495040893555,246.9743147890792
688042930519267601,0.0,0.0,0.0,0.0,0.0
688242930479600701,4.351851940155029,23.28865234375,457.555,77.70130157470703,1257.5872262268067
688242930479708301,0.0,0.0,0.0,0.0,0.0
688342930454573002,0.0,0.0,0.0,0.0,0.0
688442930478551502,0.0,0.0,0.0,0.0,0.0
688542930547601101,1.5846153497695923,8.426212529918159,90.33168622606547,79.73477172851562,547.7038161729573
688742928087825902,0.0,0.0,0.0,0.0,0.0
688842930462822501,0.0,0.0,0.0,0.0,0.0
689042929230287301,0.0,0.0,0.0,0.0,0.0
689142930539934701,0.0,0.0,0.0,0.0,0.0
689242930533588202,0.0,0.0,0.0,0.0,0.0
689442930543590601,0.0,0.0,0.0,0.0,0.0
689542930547519802,0.0,0.0,0.0,0.0,0.0
689642930516857701,0.0,0.0,0.0,0.0,0.0
689842929800307001,0.0,0.0,0.0,0.0,0.0
689842930445443202,0.0,0.0,0.0,0.0,0.0
689842930531065801,3.545454502105713,13.8189477303989,176.2331499312242,140.3858642578125,1216.0674555698483
691142930454716601,0.0,0.0,0.0,0.0,0.0
691142930459899401,0.0,0.0,0.0,0.0,0.0
691142930477836702,4.333333492279053,4.067492210133993,9.73394495412844,1.5020521879196167,12.202477101943506
691142930520228202,0.0,0.0,0.0,0.0,0.0
691142930545181902,0.0,0.0,0.0,0.0,0.0
691242930471865101,0.0,0.0,0.0,0.0,0.0
691242930519659401,0.0,0.0,0.0,0.0,0.0
691242930521321801,1.388157844543457,12.727467202865379,113.12343167175314,180.89979553222656,1934.5751058569435
691242930545521202,0.0,0.0,0.0,0.0,0.0
691742930461913501,0.0,0.0,0.0,0.0,0.0
691742930480379601,0.0,0.0,0.0,0.0,0.0
691842930446404902,0.0,0.0,0.0,0.0,0.0
691942930460283802,0.0,0.0,0.0,0.0,0.0
691942930461252602,2.840425491333008,7.269833923297429,86.34815844336345,58.48501968383789,683.3643844963942
691942930544112801,0.0,0.0,0.0,0.0,0.0
692042930455091602,0.0,0.0,0.0,0.0,0.0
692042930476840302,0.0,0.0,0.0,0.0,0.0
692042930526194602,0.0,0.0,0.0,0.0,0.0
692142930465080401,0.0,0.0,0.0,0.0,0.0
692242928258200901,0.0,0.0,0.0,0.0,0.0
692242930461896101,0.0,0.0,0.0,0.0,0.0
692242930478049202,0.0,0.0,0.0,0.0,0.0
692342930460767302,0.0,0.0,0.0,0.0,0.0
692342930530025502,0.0,0.0,0.0,0.0,0.0
692442930461132602,0.0,0.0,0.0,0.0,0.0
692542930461026101,0.0,0.0,0.0,0.0,0.0
692542930464877602,0.0,0.0,0.0,0.0,0.0
692642930474182301,3.566037654876709,22.1794226259052,335.28900592495063,127.17500305175781,1175.5094633824422
692742930515987001,0.0,0.0,0.0,0.0,0.0
692942930479854902,0.0,0.0,0.0,0.0,0.0
693342928042043202,0.0,0.0,0.0,0.0,0.0
693342930521784902,0.0,0.0,0.0,0.0,0.0
693442930478861301,0.0,0.0,0.0,0.0,0.0
693642930542975801,0.0,0.0,0.0,0.0,0.0
693642930549537501,0.0,0.0,0.0,0.0,0.0
693842930526783301,0.0,0.0,0.0,0.0,0.0
693942930517351702,0.0,0.0,0.0,0.0,0.0
694042930471569902,0.0,0.0,0.0,0.0,0.0
694342930515665501,0.0,0.0,0.0,0.0,0.0
694342930533946902,3.6666667461395264,7.185336846536719,30.45731998092513,8.996997833251953,64.66803057101663
694542930474143501,0.0,0.0,0.0,0.0,0.0
694542930527930802,0.0,0.0,0.0,0.0,0.0
694642930542427401,0.0,0.0,0.0,0.0,0.0
694842928181430002,0.0,0.0,0.0,0.0,0.0
694842930547250201,0.0,0.0,0.0,0.0,0.0
694942930509632101,0.0,0.0,0.0,0.0,0.0
695042930476106001,0.0,0.0,0.0,0.0,0.0
695142930529650002,0.0,0.0,0.0,0.0,0.0
695242930446942902,4.285714149475098,26.69726951568725,102.2988047808765,8.056683540344238,186.88087980110808
695242930468155102,0.0,0.0,0.0,0.0,0.0
695342930458421202,0.0,0.0,0.0,0.0,0.0
695642929248923802,0.0,0.0,0.0,0.0,0.0
695842930524152402,0.0,0.0,0.0,0.0,0.0
696042930517018501,0.0,0.0,0.0,0.0,0.0
696142928633821702,2.40625,4.357453339882122,51.185723641126394,22.786224365234375,139.4385042541544
696642930474802301,7.0,5.472247701171977,5.472244022393135,0.7323424220085144,5.472247701171977
696642930541606002,0.0,0.0,0.0,0.0,0.0
696642930544942101,0.0,0.0,0.0,0.0,0.0
696842928030437801,0.0,0.0,0.0,0.0,0.0
696942930473808002,2.3333332538604736,16.204906728316328,48.13333333333333,2.5041141510009766,48.61472068319515
697042930473910301,0.0,0.0,0.0,0.0,0.0
697242930479552002,3.4285714626312256,22.060431261807306,145.5390428211587,25.15843963623047,463.26905534474616
697342929012746502,0.0,0.0,0.0,0.0,0.0
697342930534528301,0.0,0.0,0.0,0.0,0.0
697442930527780301,0.0,0.0,0.0,0.0,0.0
697642930537356401,0.0,0.0,0.0,0.0,0.0
697742930508268501,0.0,0.0,0.0,0.0,0.0
697942930448206801,3.34883713722229,9.371075926806084,108.16615969581748,14.103074073791504,402.95625815736025
697942930532346202,0.0,0.0,0.0,0.0,0.0
697942930534180601,0.0,0.0,0.0,0.0,0.0
698142930476799201,0.0,0.0,0.0,0.0,0.0
698142930519445901,0.0,0.0,0.0,0.0,0.0
698442930520214102,2.9327731132507324,9.442952931664792,372.16141732283467,106.22441864013672,1123.7114461032827
698542928135348302,0.0,0.0,0.0,0.0,0.0
698542930517150901,0.0,0.0,0.0,0.0,0.0
698642930472207101,0.0,0.0,0.0,0.0,0.0
698642930518661301,0.0,0.0,0.0,0.0,0.0
698642930527561602,0.0,0.0,0.0,0.0,0.0
698842930453783402,0.0,0.0,0.0,0.0,0.0
698942930522124802,4.632352828979492,11.380566433027145,155.8661913901837,80.1690902709961,773.8784965973277
699142928159330601,0.0,0.0,0.0,0.0,0.0
699742930449276401,0.0,0.0,0.0,0.0,0.0
699742930529576902,2.799999952316284,3.188319830246914,16.285732467863053,4.996424198150635,31.883197828605763
699742930529711202,2.0,4.5632440476190474,9.126623376623376,0.9490596652030945,9.12648835945955
699842928265614001,0.0,0.0,0.0,0.0,0.0
699842929800132601,0.0,0.0,0.0,0.0,0.0
699842930526989702,0.0,0.0,0.0,0.0,0.0
699942930472631801,4.341772079467773,9.587280174338366,145.46387400552038,99.71682739257812,757.3951538502154
701442930518355201,0.5,12.235252998422975,6.100929614873838,2.904567003250122,24.47050567262201
701542930477281501,0.0,0.0,0.0,0.0,0.0
701542930525900501,0.0,0.0,0.0,0.0,0.0
701642928043515102,0.0,0.0,0.0,0.0,0.0
701642930527873402,0.0,0.0,0.0,0.0,0.0
701742930453720802,0.0,0.0,0.0,0.0,0.0
701742930526291201,0.0,0.0,0.0,0.0,0.0
701742930526811201,0.0,0.0,0.0,0.0,0.0
701942930508392401,0.0,0.0,0.0,0.0,0.0
702142930534562902,0.0,0.0,0.0,0.0,0.0
702242930521210002,0.0,0.0,0.0,0.0,0.0
702442930463800001,3.0,3.298513887679266,9.493439005980376,1.5045892000198364,13.194055834222405
702542930464549202,0.0,0.0,0.0,0.0,0.0
702542930469787202,0.0,0.0,0.0,0.0,0.0
702742930465685701,0.0,0.0,0.0,0.0,0.0
702742930472798502,3.722222328186035,6.560398768300167,67.39887788200228,14.794203758239746,118.08717868551109
702942930457151702,0.0,0.0,0.0,0.0,0.0
703042930532533001,0.0,0.0,0.0,0.0,0.0
703242930461794801,0.0,0.0,0.0,0.0,0.0
703242930527544401,0.0,0.0,0.0,0.0,0.0
703342930472057401,0.0,0.0,0.0,0.0,0.0
703342930542327302,0.0,6.374656450320513,0.0,11.327117919921875,89.24518986628605
703542930447435902,0.0,0.0,0.0,0.0,0.0
703542930529683202,0.0,0.0,0.0,0.0,0.0
703642929467003402,0.0,0.0,0.0,0.0,0.0
703742929341560901,0.0,0.0,0.0,0.0,0.0
703842930465284901,0.0,0.0,0.0,0.0,0.0
703942930456878301,0.0,0.0,0.0,0.0,0.0
704042930480086002,3.2959184646606445,5.256448889392566,80.95729827742521,58.02295684814453,515.1320006405648
704042930516438602,0.0,0.0,0.0,0.0,0.0
704142929091942401,0.0,0.0,0.0,0.0,0.0
704342930462932901,0.9318181872367859,12.88377110469571,38.80647985989492,45.527488708496094,566.8859425756017
704342930464054902,0.0,0.0,0.0,0.0,0.0
704442930446654802,0.0,0.0,0.0,0.0,0.0
704542930546364601,0.0,0.0,0.0,0.0,0.0
704842930473832701,0.0,0.0,0.0,0.0,0.0
704842930518386102,0.0,0.0,0.0,0.0,0.0
704842930543354302,0.0,0.0,0.0,0.0,0.0
704942930550367501,0.0,0.0,0.0,0.0,0.0
705042930517986502,0.0,0.0,0.0,0.0,0.0
705042930520388601,0.0,0.0,0.0,0.0,0.0
705042930542945301,0.0,0.0,0.0,0.0,0.0
705142930446317302,0.0,0.0,0.0,0.0,0.0
705142930511073702,0.0,0.0,0.0,0.0,0.0
705142930518615901,0.0,0.0,0.0,0.0,0.0
705342928043798601,0.0,0.0,0.0,0.0,0.0
705342929013067401,0.0,0.0,0.0,0.0,0.0
705342930474395702,0.0,0.0,0.0,0.0,0.0
705542930478356501,0.0,0.0,0.0,0.0,0.0
705542930543915002,0.0,0.0,0.0,0.0,0.0
705642930467932701,0.0,0.0,0.0,0.0,0.0
705642930523995501,0.0,0.0,0.0,0.0,0.0
705842930446977101,0.0,0.0,0.0,0.0,0.0
705842930539803201,0.0,0.0,0.0,0.0,0.0
706142929047821502,0.0,0.0,0.0,0.0,0.0
706342930476820301,0.0,0.0,0.0,0.0,0.0
706542930549790602,2.1666667461395264,7.425608841594058,59.46821882588202,8.364812850952148,89.10730400679367
706642929449864401,0.0,0.0,0.0,0.0,0.0
706742930461573101,1.0,1.2784318877642102,1.2784918594687231,0.07830869406461716,1.2784318877642102
706742930509540002,0.0,0.0,0.0,0.0,0.0
706842930534709802,0.0,0.0,0.0,0.0,0.0
706942930524806002,0.0,0.0,0.0,0.0,0.0
707242930509951101,0.0,0.0,0.0,0.0,0.0
707242930533645202,4.464285850524902,4.63030667973351,39.82803297997644,22.214496612548828,129.64858711453854
707342928043758401,0.0,0.0,0.0,0.0,0.0
707342930464718201,0.0,0.0,0.0,0.0,0.0
707442930447015301,0.0,0.0,0.0,0.0,0.0
707542930534451302,0.0,0.0,0.0,0.0,0.0
707642930519538401,0.0,0.0,0.0,0.0,0.0
707642930544005001,0.0,0.0,0.0,0.0,0.0
707742930524510001,0.0,0.0,0.0,0.0,0.0
707842930455442102,0.0,0.0,0.0,0.0,0.0
707842930524286802,3.8902440071105957,10.423423180010376,134.8531558014871,58.30884552001953,854.7207088327317
707842930543553902,0.0,0.0,0.0,0.0,0.0
708242930527684101,0.0,0.0,0.0,0.0,0.0
708242930532709102,0.0,0.0,0.0,0.0,0.0
708342930456371102,0.0,0.0,0.0,0.0,0.0
708442930518563602,0.0,0.0,0.0,0.0,0.0
708542929644415901,0.0,0.0,0.0,0.0,0.0
708642930508236301,42.0,0.6096435939699819,3.0482703137570395,0.15907806158065796,3.0482180680561144
708742930529787502,0.0,0.0,0.0,0.0,0.0
708942930545115602,0.0,0.0,0.0,0.0,0.0
709142930454722902,0.0,0.0,0.0,0.0,0.0
709142930529107902,0.0,0.0,0.0,0.0,0.0
709342930462657202,0.0,0.0,0.0,0.0,0.0
709342930463189902,0.0,0.0,-0.43363253978578553,0.0,0.0
709342930523776902,0.0,0.0,0.0,0.0,0.0
709342930543115601,0.0,0.0,0.0,0.0,0.0
709442929476579602,0.0,0.0,0.0,0.0,0.0
709442930480607601,0.0,0.0,0.0,0.0,0.0
709542928119272102,0.0,0.0,0.0,0.0,0.0
709542930527752701,0.0,0.0,0.0,0.0,0.0
709742929321275401,0.0,0.0,0.0,0.0,0.0
709742930463751901,117.0,0.581370503855134,0.8999577880962432,0.12106013298034668,1.7441114407141232
709842930457914302,0.0,0.0,0.0,0.0,0.0
711142928043716701,0.0,0.0,0.0,0.0,0.0
711142928623619902,0.0,0.0,0.0,0.0,0.0
711142930529725002,0.0,0.0,0.0,0.0,0.0
711542930534089201,0.0,0.0,0.0,0.0,0.0
711842930537906902,5.288461685180664,11.415579413983904,482.95841716968476,64.81916809082031,593.6101539964887
711942930467776401,0.0,0.0,0.0,0.0,0.0
711942930530934902,0.0,0.0,0.0,0.0,0.0
712142930518571101,0.0,0.0,0.0,0.0,0.0
712142930547855301,1.34375,53.696072048611114,462.44444444444446,104.95764923095703,3436.5486414056077
712342930544714301,3.444444417953491,42.671350870253164,99.45822784810126,33.67319107055664,384.04215002904965
712442930521584402,2.957446813583374,27.94625301489094,233.21140939597316,51.609527587890625,1313.4739275170652
712542930529577101,0.0,0.0,0.0,0.0,0.0
712542930531904702,0.0,0.0,0.0,0.0,0.0
712542930547080001,0.0,0.0,0.0,0.0,0.0
712942929303552002,0.0,0.0,0.0,0.0,0.0
712942930459172101,0.0,0.0,0.0,0.0,0.0
713042930460573101,0.0,0.0,0.0,0.0,0.0
713042930547421102,0.0,0.0,0.0,0.0,0.0
713342930479106802,0.0,0.0,0.0,0.0,0.0
713342930515708601,0.0,0.0,0.0,0.0,0.0
713542930457938602,0.0,0.0,0.0,0.0,0.0
713542930543641801,0.0,0.0,0.0,0.0,0.0
713642930520847002,2.8656716346740723,6.0624001085842565,67.5164706456493,54.35350036621094,406.18081173117923
713842928716168701,0.0,0.0,0.0,0.0,0.0
713842930455618501,0.0,0.0,0.0,0.0,0.0
713842930546729101,0.0,0.0,0.0,0.0,0.0
714042930508735101,0.0,0.0,0.0,0.0,0.0
714242930509730002,5.861111164093018,23.181048243178935,159.5736040609137,56.83504104614258,834.5177190660826
714242930519201201,0.0,0.0,0.0,0.0,0.0
714342930474663402,0.0,0.0,0.0,0.0,0.0
714442930532459401,0.0,0.0,0.0,0.0,0.0
714542930476876001,3.033707857131958,6.019130095501902,63.60294360840086,95.92124938964844,535.7025900793919
714542930509917201,0.0,0.0,0.0,0.0,0.0
714642928243104701,0.0,0.0,0.0,0.0,0.0
714742930546759701,0.0,0.0,0.0,0.0,0.0
715042930457003501,0.0,0.0,0.0,0.0,0.0
715042930476333602,0.0,0.0,0.0,0.0,0.0
715042930526729701,0.0,0.0,0.0,0.0,0.0
715242930535188001,0.0,0.0,0.0,0.0,0.0
715242930541662702,0.0,0.0,0.0,0.0,0.0
715342930530796402,0.0,0.0,0.0,0.0,0.0
715542930516326301,0.0,0.0,0.0,0.0,0.0
715642930458588702,0.0,0.0,0.0,0.0,0.0
715842930453973101,0.0,0.0,0.0,0.0,0.0
715942930462479201,1.0,7.421803261996446,55.972511848341234,101.06954956054688,564.0570463207661
715942930517913801,0.0,0.0,0.0,0.0,0.0
716042930452054202,1.399999976158142,4.464541984392817,16.320410490307868,3.161165237426758,22.322710612118357
716142930474628101,0.0,0.0,0.0,0.0,0.0
716242930455354902,1.4444444179534912,5.576355179713003,46.494015233949945,26.63679313659668,200.7487876474922
716342930453440202,0.0,0.0,0.0,0.0,0.0
716342930547575302,0.0,0.0,0.0,0.0,0.0
716342930548795201,0.0,13.712485541640076,93.26696447564348,51.08561706542969,411.3745701637098
716542930524372901,0.0,0.0,0.0,0.0,0.0
716542930538702501,0.0,0.0,0.0,0.0,0.0
716842930527589702,5.875,17.091895729486197,68.10122699386503,9.063410758972168,136.73517089094852
716942930510570001,3.375,35.166703631952494,246.7439165701043,74.33512115478516,1125.334532241556
716942930548060802,0.0,0.0,0.0,0.0,0.0
717042930524936602,0.0,0.0,0.0,0.0,0.0
717142930142250702,0.0,0.0,0.0,0.0,0.0
717142930448680702,0.0,0.0,0.0,0.0,0.0
717342930462710901,3.3333332538604736,17.896049960388197,151.88116458704695,45.18852233886719,751.6341127488938
717342930516923801,0.0,0.0,0.0,0.0,0.0
717442930526366001,0.0,0.0,0.0,0.0,0.0
717642929528798602,0.0,0.0,0.0,0.0,0.0
717642930474342302,0.8769230842590332,11.050127713920817,39.642401021711365,102.16805267333984,718.2582900776869
717942929704056301,4.357142925262451,20.067191824261993,105.78671586715868,20.829998016357422,280.9406875891879
717942930545697601,3.492753505706787,9.246816411787638,205.17607031471505,61.60079574584961,638.03034307979
718042930542624402,0.0,0.0,0.0,0.0,0.0
718042930542813302,4.885714054107666,14.81488370028409,297.6397727272727,79.43328094482422,1037.0418365175074
718242930547462902,0.0,0.0,0.0,0.0,0.0
718442930464314901,3.0363636016845703,6.868404575641603,129.71484316374006,99.04637145996094,755.5245235167733
718942930448650001,0.0,0.0,0.0,0.0,0.0
719042930517652301,0.0,0.0,0.0,0.0,0.0
719042930532077502,2.3580245971679688,10.318117046659596,62.336161187698835,107.24988555908203,835.7675197018293
719042930546226002,0.0,0.0,0.0,0.0,0.0
719142930508420101,0.0,0.0,0.0,0.0,0.0
719142930528578601,0.0,0.0,0.0,0.0,0.0
719342929575458001,2.5833332538604736,12.54909695400281,129.82102728731942,116.62071990966797,903.534998500328
719642930457602102,0.0,0.0,0.0,0.0,0.0
719642930515572502,0.0,0.0,0.0,0.0,0.0
719642930522915302,62.79999923706055,8.177006267298275,38.599957419629554,4.994973182678223,40.8850299850636
719642930529291802,0.0,0.0,0.0,0.0,0.0
719742930478003601,0.0,0.0,0.0,0.0,0.0
721342930461532101,0.0,0.0,0.0,0.0,0.0
721342930476968801,0.0,0.0,0.0,0.0,0.0
721642930525564601,0.0,39.184119069205195,39.18404351767906,2.8061656951904297,39.184119069205195
721742930464967901,0.0,0.0,0.0,0.0,0.0
721942929155598201,0.0,0.0,0.0,0.0,0.0
721942930537211101,0.0,0.0,0.0,0.0,0.0
722042930460960701,0.0,0.0,0.0,0.0,0.0
722042930532045801,0.0,0.0,0.0,0.0,0.0
722042930545968602,0.0,0.0,0.0,0.0,0.0
722242930463139302,3.142857074737549,6.686495485538738,34.67435935860932,7.102578639984131,46.805469057325226
722542930531607802,0.0,0.0,0.0,0.0,0.0
722742929861282501,0.0,0.0,0.0,0.0,0.0
722742930508588502,0.0,0.0,0.0,0.0,0.0
722842930456337501,0.0,0.0,0.0,0.0,0.0
722942930518085401,0.0,0.0,0.0,0.0,0.0
723042930142431802,0.0,0.0,0.0,0.0,0.0
723142929505807502,0.0,0.0,0.0,0.0,0.0
723342930479511702,0.0,0.0,0.0,0.0,0.0
723342930519547602,0.0,0.0,0.0,0.0,0.0
723342930522941101,2.0,5.246204615791063,15.872584541062801,2.385575532913208,20.984819052875906
723342930548142402,0.0,0.0,0.0,0.0,0.0
723442930454249601,0.0,0.0,0.0,0.0,0.0
723442930529973901,0.0,0.0,0.0,0.0,0.0
723642930526466502,0.0,0.0,0.0,0.0,0.0
723742930543772201,0.0,0.0,0.0,0.0,0.0
723942928577741801,0.0,0.0,0.0,0.0,0.0
724042930455904601,3.0,15.329191345473832,42.06638967468175,9.407517433166504,122.63353382310234
724142930534294101,0.0,0.0,0.0,0.0,0.0
724142930536224301,0.0,0.0,0.0,0.0,0.0
724242928955424601,0.0,0.0,0.0,0.0,0.0
724242929621924102,0.0,0.0,0.0,0.0,0.0
724242930452538101,0.0,0.0,0.0,0.0,0.0
724242930460547301,0.0,0.0,0.0,0.0,0.0
724342930479595301,2.736842155456543,4.520206269217629,44.19186880765289,7.870724678039551,85.88392242650592
724542930470416402,2.2857143878936768,10.93679965678285,166.34842026078235,91.64276123046875,995.2487346836652
724542930518199302,0.0,0.0,0.0,0.0,0.0
724542930543143101,0.0,0.0,0.0,0.0,0.0
724642930518447602,0.0,0.0,0.0,0.0,0.0
724742930510510502,5.693548202514648,16.357827861657302,255.09550561797752,108.60383605957031,1014.1853528406737
724742930541235102,0.0,0.0,0.0,0.0,0.0
724842930543942001,0.0,0.0,0.0,0.0,0.0
724942929331638002,0.0,0.0,0.0,0.0,0.0
725042930477408302,0.0,0.0,0.0,0.0,0.0
725142930454394001,0.0,0.0,0.0,0.0,0.0
725142930518660101,0.0,0.0,0.0,0.0,0.0
725442930528155802,0.0,0.0,0.0,0.0,0.0
725542929230123302,0.0,0.0,0.0,0.0,0.0
725542930523879402,0.0,0.0,0.0,0.0,0.0
725642930527444301,0.0,0.0,0.0,0.0,0.0
725842930474771402,4.234042644500732,9.65212123471518,79.26324684362262,63.249454498291016,453.6497128717301
726042927901222702,0.0,0.0,0.0,0.0,0.0
726042927945167401,0.0,0.0,0.0,0.0,0.0
726042930525993201,0.0,0.0,0.0,0.0,0.0
726042930548509302,3.1111111640930176,6.22372329273163,18.990415335463258,7.617715835571289,56.01351092458797
726142930466752102,0.0,0.0,0.0,0.0,0.0
726342929331582102,0.0,0.0,0.0,0.0,0.0
726342930479757802,0.0,0.0,0.0,0.0,0.0
726442930511203801,0.0,0.0,0.0,0.0,0.0
726542930527959101,4.166666507720947,11.143791916381279,53.29406392694064,6.742671489715576,66.8627495752622
726542930530133101,0.0,0.0,0.0,0.0,0.0
726642930537169902,0.0,0.0,0.0,0.0,0.0
726742930335253302,0.0,0.0,0.0,0.0,0.0
726742930446891001,0.0,0.0,0.0,0.0,0.0
726942930544834401,0.0,0.0,0.0,0.0,0.0
727142930454666401,0.0,0.0,0.0,0.0,0.0
727142930516918701,0.0,0.0,0.0,0.0,0.0
727542928577623102,7.0,10.685705117920744,14.654660677041553,3.1861562728881836,21.371410862546124
727542930509628102,2.9166667461395264,4.8364369997645955,100.80433145009417,38.64451217651367,290.18621724159254
727542930526079601,0.0,0.0,0.0,0.0,0.0
727642930520165201,0.0,0.0,0.0,0.0,0.0
727642930524987001,0.0,0.0,0.0,0.0,0.0
727642930544262202,0.0,0.0,0.0,0.0,0.0
727742930458207302,5.190476417541504,17.268608068729904,93.02572347266882,29.31245231628418,362.6407652943847
727942930478773002,0.0,0.0,0.0,0.0,0.0
728042930518785901,0.0,0.0,0.0,0.0,0.0
728142930541764201,3.75,9.739365578782708,28.391353811149035,12.266761779785156,77.91492568049686
728242930448434602,0.0,0.0,0.0,0.0,0.0
728242930519752501,0.0,0.0,0.0,0.0,0.0
728442930520123101,0.0,0.0,0.0,0.0,0.0
728442930529061501,4.199999809265137,8.020764600157573,46.07051408311995,11.911491394042969,80.20764576113785
728442930545119902,0.0,0.0,0.0,0.0,0.0
728542930522298301,3.0999999046325684,12.592236962256493,41.78961038961039,10.160858154296875,125.92236520346108
728642930529333901,0.0,0.0,0.0,0.0,0.0
728742930522733101,0.0,0.0,0.0,0.0,0.0
728742930525038602,5.0,3.0939364040341126,2.7106170946722883,0.5831629633903503,3.0939364040341126
728842930460376401,0.0,0.0,0.0,0.0,0.0
728842930549897002,0.0,0.0,0.0,0.0,0.0
728942930459500901,0.0,0.0,0.0,0.0,0.0
728942930508830501,0.0,0.0,0.0,0.0,0.0
728942930523743302,0.0,0.0,0.0,0.0,0.0
729442928202993902,0.0,0.0,0.0,0.0,0.0
729642930509316501,0.0,0.0,0.0,0.0,0.0
729742930473396301,0.0,0.0,0.0,0.0,0.0
729842928664038701,0.0,0.0,0.0,0.0,0.0
729942930528741801,0.0,0.0,0.0,0.0,0.0
729942930531735002,0.0,0.0,0.0,0.0,0.0
729942930538749302,0.0,0.0,0.0,0.0,0.0
731342930509055901,0.0,0.0,0.0,0.0,0.0
731342930529588602,0.0,0.0,0.0,0.0,0.0
731542929861231001,0.0,0.0,0.0,0.0,0.0
731642930474993502,0.0,0.0,0.0,0.0,0.0
731842930529884101,0.0,0.0,0.0,0.0,0.0
732242930455101101,4.642857074737549,22.98464163264238,331.17755443886097,74.20287322998047,1287.1399048848368
732342930527132002,0.0,0.0,0.0,0.0,0.0
732442930462972101,0.0,0.0,0.0,0.0,0.0
732542930475142002,0.0,0.0,0.0,0.0,0.0
732642930509335302,0.0,0.0,0.0,0.0,0.0
732742930531854702,6.818181991577148,22.545857247730915,478.2544046983449,122.3126220703125,992.0177340591521
732942930460657301,0.0,0.0,0.0,0.0,0.0
733042930527487301,0.0,0.0,0.0,0.0,0.0
733342930510619002,0.0,0.0,0.0,0.0,0.0
733542929012617102,0.0,0.0,0.0,0.0,0.0
733642930466511702,0.0,0.0,0.0,0.0,0.0
733642930507971802,0.0,0.0,0.0,0.0,0.0
733742930515525102,0.0,0.0,0.0,0.0,0.0
733742930546339002,0.0,0.0,0.0,0.0,0.0
733842929800091802,0.0,0.0,0.0,0.0,0.0
734242930457519401,0.0,0.0,0.0,0.0,0.0
734342930549901602,0.0,0.0,0.0,0.0,0.0
734442930534817002,0.0,0.0,0.0,0.0,0.0
734742930076008601,0.0,0.0,0.0,0.0,0.0
734742930543673001,0.0,0.0,0.0,0.0,0.0
734842930479746102,0.0,0.0,0.0,0.0,0.0
734942930518880301,0.0,0.0,0.0,0.0,0.0
735042930545828002,0.0,0.0,0.0,0.0,0.0
735142930522300602,0.0,0.0,0.0,0.0,0.0
735142930522899001,0.0,0.0,0.0,0.0,0.0
735342930472325001,0.0,0.0,0.0,0.0,0.0
735342930520929801,0.0,0.0,0.0,0.0,0.0
735442929800456501,0.0,0.0,0.0,0.0,0.0
735442930475264201,0.0,0.0,0.0,0.0,0.0
735542930460016202,0.0,0.0,0.0,0.0,0.0
735642928015149902,0.6666666865348816,94.52920297475961,280.53846153846155,11.051605224609375,283.58759865394006
735742930524567701,0.0,0.0,0.0,0.0,0.0
735742930533007802,0.0,0.0,0.0,0.0,0.0
735942930521494601,0.0,0.0,0.0,0.0,0.0
736042930543201701,0.0,0.0,0.0,0.0,0.0
736142928096645402,0.0,0.0,0.0,0.0,0.0
736142930467949601,0.0,0.0,0.0,0.0,0.0
736242930538538202,0.0,0.0,0.0,0.0,0.0
736342930518400701,0.0,0.0,0.0,0.0,0.0
736442930477504102,0.0,0.0,0.0,0.0,0.0
736442930515792202,3.027027130126953,16.815561558423664,135.79221017821055,53.85979461669922,622.1757956705789
736442930549875302,0.0,0.0,0.0,0.0,0.0
736642930446691002,0.0,0.0,0.0,0.0,0.0
736742930546638901,0.0,0.0,0.0,0.0,0.0
736942930542401802,0.0,0.0,0.0,0.0,0.0
737142930543350701,0.0,0.0,0.0,0.0,0.0
737142930549156801,0.0,0.0,0.0,0.0,0.0
737242928633983801,0.0,0.0,0.0,0.0,0.0
737542929476623601,0.0,0.0,0.0,0.0,0.0
737542930531384801,0.0,0.0,0.0,0.0,0.0
737742930453612901,3.5,20.11396202674279,55.482371794871796,6.021326541900635,80.45585029858809
737742930526022401,2.736842155456543,6.889074237937012,37.11759607049986,16.734189987182617,130.89241261056515
737942930097616401,0.0,0.0,0.0,0.0,0.0
738042930527178102,0.5428571701049805,7.568568897318114,121.59539717891612,96.45941925048828,794.6997700445547
738142930451961401,0.0,0.0,0.0,0.0,0.0
738142930533054302,0.0,0.0,0.0,0.0,0.0
738242930540616501,0.0,0.0,0.0,0.0,0.0
738242930543621201,0.0,0.0,0.0,0.0,0.0
738342930473904902,0.0,0.0,0.0,0.0,0.0
738442930524781601,0.0,0.0,0.0,0.0,0.0
738542930474153702,0.0,0.0,0.0,0.0,0.0
738642930477169202,0.0,0.0,0.0,0.0,0.0
738642930527516801,0.0,0.0,0.0,0.0,0.0
738742930544018201,0.0,0.0,0.0,0.0,0.0
738842930544021902,0.0,0.0,0.0,0.0,0.0
739042930473663702,0.0,0.0,0.0,0.0,0.0
739142930525380301,0.0,0.0,0.0,0.0,0.0
739242928653524301,0.0,0.0,0.0,0.0,0.0
739242930475291601,0.0,0.0,0.0,0.0,0.0
739242930521845301,1.0,6.261571663737481,6.261941448382126,0.376798152923584,6.261571663737481
739342930534811301,0.0,0.0,0.0,0.0,0.0
739542930518662002,0.0,0.0,0.0,0.0,0.0
739842930528586602,0.0,0.0,0.0,0.0,0.0
739942930474247801,0.0,0.0,0.0,0.0,0.0
739942930475675602,0.0,0.0,0.0,0.0,0.0
739942930509665302,0.0,0.0,0.0,0.0,0.0
741142930450133202,0.0,0.0,0.0,0.0,0.0
741242930464967602,0.0,0.0,0.0,0.0,0.0
741342930471659901,0.0,0.0,0.0,0.0,0.0
741342930507683502,0.0,0.0,0.0,0.0,0.0
741542930473974002,0.0,0.0,0.0,0.0,0.0
741642930526223702,6.095238208770752,14.506627659339689,212.42796610169492,40.51708984375,304.63918047436215
741642930532255502,0.40425533056259155,10.551742019036388,165.47506738544473,35.14516067504883,495.93186290052057
741842930534899702,0.0,0.0,0.0,0.0,0.0
741942930460427001,0.0,0.0,0.0,0.0,0.0
742142927988856202,0.0,0.0,0.0,0.0,0.0
742342930453758302,0.0,0.0,0.0,0.0,0.0
742542930471723202,0.0,0.0,0.0,0.0,0.0
742742930471636501,0.0,0.0,0.0,0.0,0.0
742742930510071001,0.0,0.0,0.0,0.0,0.0
742942930184370202,0.0,0.0,0.0,0.0,0.0
742942930465440001,0.0,0.0,0.0,0.0,0.0
743142930464727701,0.0,0.0,0.0,0.0,0.0
743242930536606001,0.0,0.0,0.0,0.0,0.0
743442930541434601,0.0,0.0,0.0,0.0,0.0
743542930524091302,0.0,0.0,0.0,0.0,0.0
743542930544765102,0.0,0.0,0.0,0.0,0.0
743542930547574501,0.0,0.0,0.0,0.0,0.0
743842930456424802,0.0,0.0,0.0,0.0,0.0
743942930479775402,0.0,0.0,0.0,0.0,0.0
743942930522308902,0.0,0.0,0.0,0.0,0.0
744042929543889402,3.75,28.378164893617022,72.49702127659575,8.944355010986328,227.02532652509973
744042930532707001,1.0,0.12265463101017668,0.12266500622665007,0.023854082450270653,0.12265463101017668
744142930521176202,0.0,0.0,0.0,0.0,0.0
744142930534687902,5.5,10.456880345299046,49.66720968117291,36.80266189575195,313.70640703520445
744642930462634201,0.0,0.0,0.0,0.0,0.0
744742930475299301,0.0,0.0,0.0,0.0,0.0
744842929800342902,0.0,0.0,0.0,0.0,0.0
744942930472424402,0.0,0.0,0.0,0.0,0.0
745042930456188002,0.06818182021379471,17.212084707504324,17.5,72.98815155029297,757.3317298130181
745042930478192601,0.0,0.0,0.0,0.0,0.0
745242930526604202,5.061224460601807,10.505329309290953,84.47696069211962,0.0,514.7611237806285
745342930451956402,0.0,0.0,0.0,0.0,0.0
745442930200242001,0.5849056839942932,8.952705109934854,116.80781758957654,45.21602249145508,474.49338414692335
745642928091208001,0.0,0.0,0.0,0.0,0.0
745642930454699602,0.0,0.0,0.0,0.0,0.0
745842930461008802,0.0,0.0,0.0,0.0,0.0
745842930543313301,0.0,0.0,0.0,0.0,0.0
746042930142328302,0.0,0.0,0.0,0.0,0.0
746042930476625101,0.0,0.0,0.0,0.0,0.0
746142930460295001,3.9482758045196533,8.170091483885408,113.17238635233264,59.39363098144531,473.8653284928745
746142930524520202,0.0,0.0,0.0,0.0,0.0
746242930463776001,0.0,0.0,0.0,0.0,0.0
746342930457665402,0.0,0.0,0.0,0.0,0.0
746342930463878801,0.0,0.0,0.0,0.0,0.0
746642927966216502,0.0,0.0,0.0,0.0,0.0
746742929372946401,0.0,0.0,0.0,0.0,0.0
746742930469050901,3.625,10.203139133876075,50.858525554047944,18.29294204711914,163.25022649536407
746742930477841502,3.933333396911621,19.413916015625,222.59642857142856,69.51818084716797,873.626191006388
746742930530543702,0.0,0.0,0.0,0.0,0.0
746742930543821902,0.0,0.0,0.0,0.0,0.0
747042930524642501,0.0,0.0,0.0,0.0,0.0
747242930477155201,0.0,0.0,0.0,0.0,0.0
747442930467088501,4.150000095367432,12.563047252415458,182.76224982746723,41.77404022216797,502.52188980176254
747742930541866701,0.0,0.0,0.0,0.0,0.0
748042930531543202,0.0,0.0,0.0,0.0,0.0
748242930454229802,3.091953992843628,6.30758965793091,157.1438132365865,54.81196594238281,548.760282466665
748242930518778501,0.0,0.0,0.0,0.0,0.0
748342928967256601,0.0,0.0,0.0,0.0,0.0
748342930464625102,4.895522594451904,19.23330255681818,305.8509090909091,105.02210998535156,1288.6312282631613
748342930546884901,0.0,0.0,0.0,0.0,0.0
748542930454194802,0.0,0.0,0.0,0.0,0.0
748542930459519002,0.0,0.0,0.0,0.0,0.0
748542930509083001,0.0,0.0,0.0,0.0,0.0
748542930524919801,0.0,0.0,0.0,0.0,0.0
748942928979759201,0.0,0.0,0.0,0.0,0.0
748942930524024102,0.0,0.0,0.0,0.0,0.0
748942930528259001,0.0,0.0,0.0,0.0,0.0
749042930535188201,0.0,0.0,0.0,0.0,0.0
749142930533508002,0.0,0.0,0.0,0.0,0.0
749142930545493601,0.0,0.0,0.0,0.0,0.0
749342928043475002,0.0,0.0,0.0,0.0,0.0
751142930473745402,0.0,0.0,0.0,0.0,0.0
751142930535995802,0.0,0.0,0.0,0.0,0.0
751242930462920302,0.0,0.0,0.0,0.0,0.0
751242930540585502,0.0,0.0,0.0,0.0,0.0
751342930468117401,0.0,0.0,0.0,0.0,0.0
751542930516435202,0.0,0.0,0.0,0.0,0.0
751542930536437302,0.0,0.0,0.0,0.0,0.0
751742930473859501,0.0,0.0,0.0,0.0,0.0
751842930476377802,0.0,0.0,0.0,0.0,0.0
752042930469315501,0.0,0.0,0.0,0.0,0.0
752142930526027902,0.0,0.0,0.0,0.0,0.0
752442930525788701,0.0,0.0,0.0,0.0,0.0
752842930473388502,4.280701637268066,7.592573128848887,143.91804831833255,51.66741943359375,432.7766797938995
753142930528832802,0.0,0.0,0.0,0.0,0.0
753242927904948402,0.0,0.0,0.0,0.0,0.0
753242930475495502,0.0,0.0,0.0,0.0,0.0
753242930525301802,0.0,0.0,0.0,0.0,0.0
753342930458410102,3.0625,8.605287782485876,82.69943502824859,12.354509353637695,137.68460125249658
753342930517172002,0.0,0.0,0.0,0.0,0.0
753442930458177702,0.0,0.0,0.0,0.0,0.0
753442930546984902,0.0,0.0,0.0,0.0,0.0
753742930508107502,2.3529412746429443,5.433202288287943,36.38861689106487,11.346701622009277,92.36444337861191
753842929284173502,0.0,0.0,0.0,0.0,0.0
753942930458126802,0.0,0.0,0.0,0.0,0.0
754042930474411501,0.0,0.0,0.0,0.0,0.0
754142930510380702,0.0,0.0,0.0,0.0,0.0
754242930539056601,1.1176470518112183,10.237697670397385,25.940308517773307,44.32807922363281,348.08170988925906
754242930546328902,4.483870983123779,9.665977727165169,72.51632749645054,37.03233337402344,299.6453164963151
754342930508346001,0.0,0.0,0.0,0.0,0.0
754542930450506301,0.0,0.0,0.0,0.0,0.0
754542930521328001,0.0,0.0,0.0,0.0,0.0
754542930534566901,0.0,0.0,0.0,0.0,0.0
754642930411668402,0.0,0.0,0.0,0.0,0.0
754642930448728702,0.0,0.0,0.0,0.0,0.0
754642930468904202,0.0,0.0,0.0,0.0,0.0
754742930509141001,0.0,0.0,0.0,0.0,0.0
754742930519092101,0.0,0.0,0.0,0.0,0.0
754842929194568002,0.0,0.0,0.0,0.0,0.0
754842930531037201,0.0,0.0,0.0,0.0,0.0
754942929091873102,4.111111164093018,5.666971709125164,25.557994757536044,7.650845050811768,51.002746342050294
754942930510146201,0.0,0.0,0.0,0.0,0.0
754942930519302201,0.0,6.195054848375161,0.0,54.96477127075195,353.1181209045436
754942930537316102,0.0,0.0,0.0,0.0,0.0
755042930463252802,1.8333333730697632,0.7594609682156899,2.2623205632257473,0.689358115196228,4.556766004615568
755142930525235801,0.0,0.0,0.0,0.0,0.0
755342930469345301,0.0,0.0,0.0,0.0,0.0
755342930538800701,0.0,0.0,0.0,0.0,0.0
755442930475572701,0.0,0.0,0.0,0.0,0.0
755542930526175202,0.0,0.0,0.0,0.0,0.0
755642930446488302,0.0,0.0,0.0,0.0,0.0
755842930447690702,0.0,0.0,0.0,0.0,0.0
756242930458599801,0.0,0.0,0.0,0.0,0.0
756442928726364102,3.058823585510254,5.191866196440621,612.056342780027,57.74037551879883,617.8320868157933
756642930480195101,0.0,0.0,0.0,0.0,0.0
756742930543284001,0.0,0.0,0.0,0.0,0.0
756942930532631301,0.0,0.0,0.0,0.0,0.0
757042930456484001,0.0,0.0,0.0,0.0,0.0
757042930526438702,0.0,0.0,0.0,0.0,0.0
757142930515607701,1.9666666984558105,7.638048625933831,38.06803628601921,22.14799690246582,229.14145630680764
757442930466583202,0.0,0.0,0.0,0.0,0.0
757542930529923202,0.0,0.0,0.0,0.0,0.0
757742928757969001,0.0,0.0,0.0,0.0,0.0
757842928258270602,0.0,0.0,0.0,0.0,0.0
758042928602853002,5.111111164093018,10.429863713256694,66.18102444703143,10.112201690673828,93.86877043505348
758042930474086402,0.0,0.0,0.0,0.0,0.0
758142930530827302,0.0,0.0,0.0,0.0,0.0
758242930159219901,0.0,0.0,0.0,0.0,0.0
758242930459609201,4.836065769195557,8.06714266573219,89.2528364116095,51.30904006958008,492.09571571249444
758242930524619902,0.0,0.0,0.0,0.0,0.0
758342930532955101,0.0,0.0,0.0,0.0,0.0
758542930538871101,0.0,0.0,0.0,0.0,0.0
758742930509973401,0.0,0.0,0.0,0.0,0.0
758842930516754702,0.0,0.0,0.0,0.0,0.0
759142930517837001,0.0,0.0,0.0,0.0,0.0
759442928967092902,0.0,0.0,0.0,0.0,0.0
759442930475081701,4.517241477966309,22.86083984375,329.4188481675393,73.5538558959961,1325.9287388786595
759742930475779602,0.0,0.0,0.0,0.0,0.0
759742930518516101,0.0,0.0,0.0,0.0,0.0
759742930531826402,61.0,0.35111799867168475,0.35111799867168475,0.052312735468149185,0.35111799867168475
759842930342859001,0.0,0.0,0.0,0.0,0.0
761142930529910401,0.0,0.0,0.0,0.0,0.0
761342929839451902,0.0,19.48641917293233,38.97280701754386,3.876925230026245,38.97283834586466
761342930534268601,0.0,0.0,0.0,0.0,0.0
761442929901274502,4.0,10.087849696762317,10.087785538984331,1.585814356803894,10.087849696762317
761442930456868501,0.0,0.0,0.0,0.0,0.0
761442930509005001,0.0,0.0,0.0,0.0,0.0
761642929372779502,0.0,0.0,0.0,0.0,0.0
761742928878266802,0.0,0.0,0.0,0.0,0.0
761742930516272301,4.256097793579102,11.847644691868176,214.35725946332008,63.37285614013672,971.5068738999847
761842930539848401,0.0,0.0,0.0,0.0,0.0
762142930519940701,0.0,0.0,0.0,0.0,0.0
762242929309570201,0.0,0.0,0.0,0.0,0.0
762242930460430702,1.3611111640930176,15.062708857199576,75.48928004235044,124.3744125366211,1084.515045404308
762242930536443802,0.0,0.0,0.0,0.0,0.0
762442930475939001,0.0,0.0,0.0,0.0,0.0
762742930459418802,0.0,0.0,0.0,0.0,0.0
762742930459632601,0.0,0.0,0.0,0.0,0.0
762942930455609302,0.0,0.0,0.0,0.0,0.0
762942930549462102,0.0,0.0,0.0,0.0,0.0
763342930012331001,0.0,0.0,0.0,0.0,0.0
763442930459100501,0.0,0.0,0.0,0.0,0.0
763442930520624602,0.0,0.0,0.0,0.0,0.0
763742930468785601,0.3461538553237915,3.2727468672979225,1.680800764549067,16.984914779663086,85.09141970023765
763742930522540202,2.945945978164673,7.074881540396183,50.66314042729724,62.9604606628418,523.5412334734116
763742930549198901,0.8999999761581421,18.41648363159602,177.681660899654,81.15708923339844,920.8241992805243
763942928739548802,4.070588111877441,9.609942295156447,215.92161820480405,85.50847625732422,816.8451077347308
763942930527556701,0.0,0.0,0.0,0.0,0.0
764142930542767902,0.0,0.0,0.0,0.0,0.0
764242930531902702,0.0,0.0,0.0,0.0,0.0
764342929735780202,0.0,0.0,0.0,0.0,0.0
764642930543133502,0.0,0.0,0.0,0.0,0.0
764742930550657701,0.0,0.0,0.0,0.0,0.0
764842930458088902,0.0,0.0,0.0,0.0,0.0
764842930524609801,0.0,0.0,0.0,0.0,0.0
764942930451690902,0.0,0.0,0.0,0.0,0.0
764942930476892201,0.0,0.0,0.0,0.0,0.0
765242928990481001,0.0,0.0,0.0,0.0,0.0
765342930451224102,0.0,0.0,0.0,0.0,0.0
765342930532594302,0.0,0.0,0.0,0.0,0.0
765442930450956601,0.0,0.0,0.0,0.0,0.0
765442930461657301,4.342465877532959,7.522371761204481,114.51615312791783,66.84761047363281,549.133149151486
765542930544129601,0.0,0.0,0.0,0.0,0.0
765642929456721202,0.0,0.0,0.0,0.0,0.0
765642930541715502,0.0,0.0,0.0,0.0,0.0
765742930454226601,0.0,0.0,0.0,0.0,0.0
765742930468090501,0.0,0.0,0.0,0.0,0.0
765942930479079402,0.0,0.0,0.0,0.0,0.0
766042930526573601,1.0,1.3652672077047414,1.365301724137931,0.17745357751846313,1.3652672077047414
766242930524092001,0.0,0.0,0.0,0.0,0.0
766442930461358101,0.0,0.0,0.0,0.0,0.0
766442930542604801,0.0,0.0,0.0,0.0,0.0
766542927975285601,0.0,0.0,0.0,0.0,0.0
766542930525683902,0.0,0.0,0.0,0.0,0.0
766542930544795501,1.209302306175232,5.346845354352679,51.93142857142857,26.655004501342773,229.9143436564718
766642929456991301,0.0,0.0,0.0,0.0,0.0
766642930533177401,0.0,0.0,0.0,0.0,0.0
766842930480172401,0.0,0.0,0.0,0.0,0.0
766842930546929202,3.4791667461395264,5.110432580026568,78.29122386013027,74.13105773925781,490.601535751348
766942930532052102,2.0175437927246094,24.560840054670628,482.74946004319656,90.8995132446289,1399.9678875241373
766942930533452502,0.0,0.0,0.0,0.0,0.0
767042928789923501,0.0,0.0,0.0,0.0,0.0
767142930545023602,0.0,0.0,0.0,0.0,0.0
767342930474126302,0.0,0.0,0.0,0.0,0.0
767742930527127401,2.9555554389953613,3.038256377913587,41.69154552099407,31.547876358032227,136.72153366449487
767942930517197501,4.190476417541504,9.942039695945946,88.27407407407408,59.004390716552734,417.56565804085335
768142928607058202,0.0,0.0,0.0,0.0,0.0
768142929012910901,0.0,0.0,0.0,0.0,0.0
768142930479507402,2.75,4.7762126105679705,9.143389199255122,3.5334689617156982,38.20970234790994
768342930549072102,0.0,0.0,0.0,0.0,0.0
768442929543790002,0.0,0.0,0.0,0.0,0.0
768442930453312102,0.0,0.0,0.0,0.0,0.0
768442930516932402,0.0,0.0,0.0,0.0,0.0
768742930459748301,0.0,0.0,0.0,0.0,0.0
768742930519976801,0.0,0.0,0.0,0.0,0.0
768742930532593301,0.0,0.0,0.0,0.0,0.0
768742930546262102,0.0,0.0,0.0,0.0,0.0
768942930477568501,0.0,0.0,0.0,0.0,0.0
769042929721548401,0.0,0.0,0.0,0.0,0.0
769042930454948301,3.1386139392852783,9.8296026981591,226.36207554368562,109.58869171142578,992.7898822189151
769042930510266802,0.0,0.0,0.0,0.0,0.0
769142930524552902,0.0,0.0,0.0,0.0,0.0
769242930465461002,0.0,0.0,0.0,0.0,0.0
769342930515814002,0.0,0.0,0.0,0.0,0.0
769542930449226601,0.0,0.0,0.0,0.0,0.0
769542930478713902,2.1212120056152344,6.0398991253836565,35.60492998273547,60.08792495727539,398.63333659974256
769742929839403502,0.0,0.0,0.0,0.0,0.0
769742930524787902,0.0,0.0,0.0,0.0,0.0
769742930529503102,0.0,0.0,0.0,0.0,0.0
769942930533553002,0.0,0.0,0.0,0.0,0.0
771242930517918102,0.0,0.0,0.0,0.0,0.0
771242930549734802,0.0,0.0,0.0,0.0,0.0
771442927975242201,0.0,0.0,0.0,0.0,0.0
771442930531741101,0.0,0.0,0.0,0.0,0.0
771542930475690702,4.420289993286133,9.414764747191011,168.3167469234885,74.39025115966797,649.618786245441
771542930530420301,0.0,0.0,0.0,0.0,0.0
771642929269267201,0.0,0.0,0.0,0.0,0.0
771742930526615202,4.933333396911621,12.069636011271285,89.50154798761609,13.691555976867676,181.04454261378237
771842928932571602,0.0,0.0,0.0,0.0,0.0
772042930518296002,3.142857074737549,6.239759016981306,23.800666296501944,6.0911993980407715,43.678315016686334
772142930460642302,2.5,2.633096550646774,9.22284065141208,1.2063722610473633,10.532386504554474
772442927901338901,9.666666984558105,115.26985893180446,345.35425467712736,24.577369689941406,345.80958961390127
772442930525244601,0.0,0.0,0.0,0.0,0.0
772442930529133601,4.916666507720947,10.33691890656002,122.96825396825396,64.4130859375,620.2151194981167
772842930524188301,0.0,0.0,0.0,0.0,0.0
772842930533471901,0.0,4.229156535797161,0.0,0.4391738474369049,4.229156535797161
772842930534651101,0.0,0.0,0.0,0.0,0.0
772842930545597801,0.0,0.0,0.0,0.0,0.0
773042930474939502,2.857142925262451,15.532962529274005,137.6248243559719,10.733644485473633,217.46146643323698
773042930517042102,0.0,0.0,0.0,0.0,0.0
773142928258122402,0.0,0.0,0.0,0.0,0.0
773142930455877401,0.0,0.0,0.0,0.0,0.0
773442930476283801,10.354838371276855,13.44293341295582,216.2805049088359,48.591060638427734,416.7309302802173
773542930466500401,0.0,0.0,0.0,0.0,0.0
773742927963650802,0.0,0.0,0.0,0.0,0.0
773842930475318301,0.0,0.0,0.0,0.0,0.0
773842930542881302,0.0,0.0,0.0,0.0,0.0
773942930457397801,4.342105388641357,19.492771633227484,438.38799076212473,124.27947998046875,1481.4506004721134
773942930524179501,7.0,25.020933754559668,45.71738752822651,4.550937175750732,50.041867848380235
773942930535252001,7.0,23.00208843185241,23.002008032128515,3.7599544525146484,23.00208843185241
773942930545339702,0.0,0.0,0.0,0.0,0.0
774142930473192902,0.0,8.618726842543659,0.0,29.656524658203125,284.4179980053621
774442930473346201,0.0,0.0,0.0,0.0,0.0
774442930516563901,0.0,0.0,0.0,0.0,0.0
774642930478609202,0.0,0.0,0.0,0.0,0.0
774842930509319202,0.0,0.0,0.0,0.0,0.0
774942930528725202,0.0,0.0,0.0,0.0,0.0
775042930549875901,2.6480000019073486,11.25471483527008,389.6796705401609,124.71920013427734,1406.839414833058
775242930477103701,0.0,0.0,0.0,0.0,0.0
775342930515885902,0.0,0.0,0.0,0.0,0.0
775342930533707102,4.285714149475098,7.032770384097035,36.71482479784367,21.156091690063477,147.68817352541694
775342930536044501,0.0,0.0,0.0,0.0,0.0
775342930544529802,0.0,0.0,0.0,0.0,0.0
775442928247207701,0.0,0.0,0.0,0.0,0.0
775542930509392802,0.0,0.0,0.0,0.0,0.0
775742930451514601,0.0,0.0,0.0,0.0,0.0
775742930469338602,0.0,0.0,0.0,0.0,0.0
775742930531576201,0.0,0.0,0.0,0.0,0.0
775842930545108101,0.0,0.0,0.0,0.0,0.0
776142929439514102,0.0,0.0,0.0,0.0,0.0
776142930543691701,0.0,0.0,0.0,0.0,0.0
776342930466918701,0.0,0.0,0.0,0.0,0.0
776342930479367001,0.0,0.0,0.0,0.0,0.0
776342930520595402,0.0,0.0,0.0,0.0,0.0
776342930529182402,0.0,0.0,0.0,0.0,0.0
776342930531140302,0.0,0.0,0.0,0.0,0.0
776342930543786801,0.0,0.0,0.0,0.0,0.0
776542930531824101,0.0,0.0,0.0,0.0,0.0
776642928021818302,0.0,0.0,0.0,0.0,0.0
776642930515873301,0.0,0.0,0.0,0.0,0.0
776742930480086601,0.0,0.0,0.0,0.0,0.0
776742930523716602,0.0,0.0,0.0,0.0,0.0
776842930528938501,0.0,0.0,0.0,0.0,0.0
776842930536068502,0.0,0.0,0.0,0.0,0.0
776942930524452701,0.0,0.0,0.0,0.0,0.0
777242930450063302,0.0,0.0,0.0,0.0,0.0
777342930534776602,0.0,0.0,0.0,0.0,0.0
777442930516602301,3.6458332538604736,26.58897956969246,249.94444444444446,94.85607147216797,1276.2710213330056
777442930527433102,2.253521203994751,7.559477812014752,71.43426501035196,58.546627044677734,536.7229150982871
777442930530250002,0.0,0.0,0.0,0.0,0.0
777642930519773301,0.0,0.0,0.0,0.0,0.0
777742930479628601,0.0,0.0,0.0,0.0,0.0
777842930472830402,0.0,0.0,0.0,0.0,0.0
777842930516503902,0.0,0.0,0.0,0.0,0.0
777842930526744102,0.0,0.0,0.0,0.0,0.0
778242930531554001,0.0,0.0,0.0,0.0,0.0
778242930543394801,0.0,0.0,0.0,0.0,0.0
778342930548631302,0.0,0.0,0.0,0.0,0.0
778442929331751501,0.0,0.0,0.0,0.0,0.0
778442930454922102,0.0,0.0,0.0,0.0,0.0
778542930519394202,0.0,0.0,0.0,0.0,0.0
778642930528102201,0.779411792755127,18.495166243793808,127.03271028037383,101.39811706542969,1257.6712752814606
778842929946433101,0.8181818127632141,10.105973555800409,60.28241775539115,43.421852111816406,333.4971150940316
779142928067753302,0.0,0.0,0.0,0.0,0.0
779142930454007402,0.0,0.0,0.0,0.0,0.0
779342930475595301,0.0,0.0,0.0,0.0,0.0
779342930528311502,0.0,0.0,0.0,0.0,0.0
779542930525824701,0.0,0.0,0.0,0.0,0.0
779742930518126701,0.0,0.0,0.0,0.0,0.0
779742930550836101,0.0,0.0,0.0,0.0,0.0
779842930528013401,0.0,0.0,0.0,0.0,0.0
779942928242605201,0.0,0.0,0.0,0.0,0.0
779942930525768601,0.0,0.0,0.0,0.0,0.0
781242930528004102,1.1799999475479126,23.184886842506092,99.68155970755484,96.40096282958984,1159.2443228875786
781542929613319202,0.0,0.0,0.0,0.0,0.0
781742930545603602,0.0,0.0,0.0,0.0,0.0
781842930478569102,0.0,0.0,0.0,0.0,0.0
782042930519983001,0.0,0.0,0.0,0.0,0.0
782142930509565602,0.0,0.0,0.0,0.0,0.0
782242930463891102,1.7647058963775635,28.124590899493242,46.914414414414416,27.360424041748047,478.11806288710585
782342930464471102,0.0,0.0,0.0,0.0,0.0
782642930460611001,3.25,10.630369940148055,40.63915577256261,3.4881601333618164,42.52148114491455
782642930526694301,0.0,0.0,0.0,0.0,0.0
782742929069883302,0.0,0.0,0.0,0.0,0.0
782742930518665902,0.0,0.0,0.0,0.0,0.0
782742930548055602,0.0,0.0,0.0,0.0,0.0
782842930472211801,0.0,0.0,0.0,0.0,0.0
782842930523338101,3.5342466831207275,18.50488941585274,209.07588279489107,89.95089721679688,1350.8569263724078
782942928855295402,0.0,0.0,0.0,0.0,0.0
782942930550273902,0.0,0.0,0.0,0.0,0.0
783142930475311202,0.0,0.0,0.0,0.0,0.0
783142930524033101,0.0,0.0,0.0,0.0,0.0
783242930435923402,0.0,0.0,0.0,0.0,0.0
783442930457873101,0.0,0.0,0.0,0.0,0.0
783442930475894501,0.0,0.0,0.0,0.0,0.0
783442930534528202,0.0,5.823300390255054,0.0,2.048276662826538,17.469901840495492
783442930546572802,0.0,0.0,0.0,0.0,0.0
783742930458253801,0.0,0.0,0.0,0.0,0.0
783742930521498701,0.0,0.0,0.0,0.0,0.0
783842930548599002,0.0,0.0,0.0,0.0,0.0
783942930449037902,1.0399999618530273,6.728156138609851,18.71840570317563,12.702476501464844,168.20390452666993
783942930474252402,2.357142925262451,4.524296993550835,29.99418310571573,9.404585838317871,63.34015958093306
783942930531632201,0.0,0.0,0.0,0.0,0.0
784642929501690802,0.0,0.0,0.0,0.0,0.0
784842930534724801,1.1458333730697632,17.943429245528286,164.66888519134775,47.84749221801758,861.2846050928913
784842930545061101,0.0,0.0,0.0,0.0,0.0
784942930476591601,0.0,0.0,0.0,0.0,0.0
784942930529549701,0.0,0.0,0.0,0.0,0.0
785042930462606001,0.0,0.0,0.0,0.0,0.0
785242928042281901,0.0,0.0,0.0,0.0,0.0
785342930474536401,0.0,0.0,0.0,0.0,0.0
785342930523919402,0.0,0.0,0.0,0.0,0.0
785342930524892802,5.307692527770996,12.691964111328126,57.30625,15.145461082458496,164.99553813934327
785542930528001701,0.0,0.0,0.0,0.0,0.0
785642930532277002,106.5,190.20163892663044,380.4035326086956,11.029101371765137,380.4032566236413
785742930184537101,0.0,25.529804304534313,0.0,1.6036598682403564,25.529804304534313
785742930184590001,0.0,0.0,0.0,0.0,0.0
785842930446725402,0.0,0.0,0.0,0.0,0.0
785842930465005902,0.0,0.0,0.0,0.0,0.0
785842930519421901,0.0,0.0,0.0,0.0,0.0
785942930548106801,4.714285850524902,21.117917196151403,95.70291367885994,7.496469020843506,147.8254165891793
786042930549165502,0.0,0.0,0.0,0.0,0.0
786442930469601302,0.0,0.0,0.0,0.0,0.0
786442930542702602,0.0,0.0,0.0,0.0,0.0
786542930473755202,0.0,0.0,0.0,0.0,0.0
786542930544320802,0.0,0.0,0.0,0.0,0.0
786642928135690801,0.0,0.0,0.0,0.0,0.0
786642929800291402,0.0,0.0,0.0,0.0,0.0
786642930474830401,0.0,0.0,0.0,0.0,0.0
786742930477382902,2.423076868057251,6.334683333022944,34.76281287246722,27.103609085083008,164.7017679748717
787142929346398801,0.0,0.0,0.0,0.0,0.0
787442930518450901,0.0,0.0,0.0,0.0,0.0
787642930534343202,0.0,0.0,0.0,0.0,0.0
787742928258284701,0.0,0.0,0.0,0.0,0.0
787742930476743501,1.0,20.01945741234756,40.0390243902439,3.3878238201141357,40.03891393149771
787942930463685102,0.0,0.0,0.0,0.0,0.0
788042929331622001,0.0,0.0,0.0,0.0,0.0
788042930545910402,0.0,0.0,0.0,0.0,0.0
788142930480566001,0.0,0.0,0.0,0.0,0.0
788342928988192502,0.0,0.0,0.0,0.0,0.0
788342930516599802,0.0,0.0,0.0,0.0,0.0
788542930530225502,2.0,1.136866259537811,1.1368584758942457,0.06416808813810349,1.136866259537811
788642928099739401,0.0,0.0,0.0,0.0,0.0
788742930545224501,0.0,0.0,0.0,0.0,0.0
788842930457949001,0.0,0.0,0.0,0.0,0.0
789142930474951301,0.0,0.0,0.0,0.0,0.0
789242930473443202,0.0,0.0,0.0,0.0,0.0
789242930510920601,0.0,0.0,0.0,0.0,0.0
789342928664009802,0.0,0.0,0.0,0.0,0.0
789342930530039601,0.6181818246841431,13.120533536882768,26.035995083598337,81.3813247680664,721.6293361288801
789542930516170601,0.0,0.0,0.0,0.0,0.0
789642930521356701,3.724138021469116,8.517699227597678,157.8629671574179,51.900543212890625,494.02656675627117
789642930546785901,0.0,0.0,0.0,0.0,0.0
789842929761637902,0.0,0.0,0.0,0.0,0.0
791242930459821801,0.0,0.0,0.0,0.0,0.0
791242930473795302,0.0,0.0,0.0,0.0,0.0
791242930477581001,0.0,0.0,0.0,0.0,0.0
791442930527242601,0.0,0.0,0.0,0.0,0.0
791642930550280802,3.724138021469116,5.711028327827033,56.04483104717297,90.315673828125,496.8594545713433
791942928759342702,0.0,0.0,0.0,0.0,0.0
791942929346145902,0.0,0.0,0.0,0.0,0.0
791942930464434002,0.0,0.0,0.0,0.0,0.0
791942930477646801,0.0,0.0,0.0,0.0,0.0
792042929389319801,0.0,292.3846999235474,292.38532110091745,18.982839584350586,292.3846999235474
792042930459871802,0.0,0.0,0.0,0.0,0.0
792142930474135901,0.0,0.0,0.0,0.0,0.0
792142930523805202,0.0,0.0,0.0,0.0,0.0
792142930540998802,3.195122003555298,10.832185466751213,137.33568592853993,82.66806030273438,888.239234231041
792142930544740501,0.0,0.0,0.0,0.0,0.0
792642930463270101,0.0,0.0,0.0,0.0,0.0
792942930475742502,0.0,0.0,0.0,0.0,0.0
792942930527241002,2.941176414489746,13.629276850612088,107.39148176485591,22.654817581176758,231.69770291909
793042930528322601,0.0,0.0,0.0,0.0,0.0
793142930460010501,0.0,0.0,0.0,0.0,0.0
793542930515407802,0.695652186870575,5.8337854148981325,49.3741935483871,12.432401657104492,134.17706186006347
793542930531525801,0.0,0.0,0.0,0.0,0.0
793742930479837702,3.7058823108673096,5.519982815501174,88.00448175286334,44.14992141723633,375.3588374579471
793742930529081301,0.0,0.0,0.0,0.0,0.0
793842930454257301,0.0,0.0,0.0,0.0,0.0
793842930479910501,0.0,0.0,0.0,0.0,0.0
793942930462395002,0.0,0.0,0.0,0.0,0.0
794242930534591401,0.0,0.0,0.0,0.0,0.0
794442930447904801,0.0,0.0,0.0,0.0,0.0
794542930101290201,0.0,0.0,0.0,0.0,0.0
794542930532969201,0.0,0.0,0.0,0.0,0.0
794642930546989801,1.7945204973220825,8.321747435923681,83.42220766459221,67.16388702392578,607.4875612680614
794742930479829901,0.0,0.0,0.0,0.0,0.0
794842930529842901,0.0,0.0,0.0,0.0,0.0
794942930516814001,0.0,0.0,0.0,0.0,0.0
795142930524750802,0.0,0.0,0.0,0.0,0.0
795142930526088701,0.0,0.0,0.0,0.0,0.0
795142930532308602,1.2297297716140747,12.062864940068494,60.69424657534247,68.46369934082031,892.6520042404736
795342930450598901,0.0,0.0,0.0,0.0,0.0
795442928823159701,0.0,0.0,0.0,0.0,0.0
795442930458219802,3.0,4.768612631150506,4.7686324167872645,0.5588616132736206,4.768612631150506
795642930464761502,0.0,0.0,0.0,0.0,0.0
795742927975326001,2.8181817531585693,7.704784475843418,31.00880088008801,21.762359619140625,169.50526325825942
795942930523988901,0.0,0.0,0.0,0.0,0.0
796042929457044501,0.0,0.0,0.0,0.0,0.0
796042930525061902,0.0,0.0,0.0,0.0,0.0
796142930476360402,0.0,0.0,0.0,0.0,0.0
796242929514115302,0.0,0.0,0.0,0.0,0.0
796242930508282101,0.0,0.0,0.0,0.0,0.0
796442930519745301,0.5,9.48916629739519,13.063501849568434,11.275755882263184,132.84833084287538
796442930543616402,1.8196721076965332,7.550525001515703,130.0395295258882,77.00936889648438,921.1640249626759
796542930534869402,0.0,0.0,0.0,0.0,0.0
796742930468079202,0.0,0.0,0.0,0.0,0.0
796742930548112102,0.0,0.0,0.0,0.0,0.0
797042930533526401,0.0,0.0,0.0,0.0,0.0
797242930519193302,0.0,0.0,0.0,0.0,0.0
797242930525539302,0.0,0.0,0.0,0.0,0.0
797242930530108302,0.0,0.0,0.0,0.0,0.0
797642930457443801,1.98305082321167,14.741954602693257,72.5625,86.03329467773438,869.7753267864648
797742930476311902,0.0,0.0,0.0,0.0,0.0
797842930450324201,0.0,0.0,0.0,0.0,0.0
797942930460336502,0.0,0.0,0.0,0.0,0.0
797942930522003401,0.0,0.0,0.0,0.0,0.0
798142929259265402,0.0,0.0,0.0,0.0,0.0
798242930543941802,2.487804889678955,7.2246601886608754,130.85880723921204,53.37620544433594,592.4221394238326
798342929194635601,0.0,0.0,0.0,0.0,0.0
798342930447675001,0.0,0.0,0.0,0.0,0.0
798342930545453401,2.880000114440918,10.803348436369392,110.03039073806079,76.02682495117188,810.2511527027649
798442930529701001,2.314049482345581,5.344264699451959,78.67012593283582,71.50407409667969,646.656024762054
798542930460582702,0.0,0.0,0.0,0.0,0.0
798642930517286101,0.0,0.0,0.0,0.0,0.0
798742930289645702,325.0,0.5507986580541786,0.5507986580541786,0.04181324318051338,0.5507986580541786
798742930477310602,0.0,7.4609375,0.0,0.8762576580047607,14.921875268581546
798742930519398002,0.0,0.0,0.0,0.0,0.0
798842930464854601,0.0,0.0,0.0,0.0,0.0
798842930529034001,0.0,0.0,0.0,0.0,0.0
798842930532926501,2.3333332538604736,8.334219598346495,12.793024021059558,2.77858567237854,25.00265964358682
799042930536547301,0.0,0.0,0.0,0.0,0.0
799142930461449601,0.0,0.0,0.0,0.0,0.0
799142930464148602,0.0,0.0,0.0,0.0,0.0
799142930508440501,0.0,0.0,0.0,0.0,0.0
799242929055602502,3.4324324131011963,5.046775753429285,45.363943509696604,22.557435989379883,186.73070683618826
799342930542861401,3.375,3.8513765019995514,12.223351771565257,5.7982869148254395,30.811011194772902
799442930478913201,0.0,0.0,0.0,0.0,0.0
799542930545858902,3.3692307472229004,8.77018059004182,69.02404600104548,45.72532272338867,570.0617415063741
799642930466424101,0.0,0.0,0.0,0.0,0.0
799742930462511801,0.0,0.0,0.0,0.0,0.0
799942929166177302,0.0,0.0,0.0,0.0,0.0
801242930456743501,0.0,0.0,0.0,0.0,0.0
801242930508147801,0.0,0.0,0.0,0.0,0.0
801242930532614201,0.0,0.0,0.0,0.0,0.0
801342930471544502,0.0,0.0,0.0,0.0,0.0
801342930517927201,0.0,0.0,0.0,0.0,0.0
801342930543387302,0.0,0.0,0.0,0.0,0.0
801342930545082102,0.0,0.0,0.0,0.0,0.0
801442930454081002,0.0,0.0,0.0,0.0,0.0
801442930454206002,0.0,0.0,0.0,0.0,0.0
801442930461586702,0.0,0.0,0.0,0.0,0.0
801542930516330302,5.0,17.926882690317388,65.77092916283348,6.163012504577637,107.56129816330784
801742930476306102,0.0,0.0,0.0,0.0,0.0
801942930454879602,0.0,0.0,0.0,0.0,0.0
801942930517639202,0.0,0.0,0.0,0.0,0.0
801942930532113802,0.0,0.0,0.0,0.0,0.0
801942930533183301,0.0,0.26653417153654113,0.0,0.027172021567821503,0.26653417153654113
802142929118570801,0.0,9.652783120224958,0.0,59.22850036621094,511.5975166541004
802142930472974701,0.0,0.0,0.0,0.0,0.0
802342930544949602,0.0,0.0,0.0,0.0,0.0
803342930510992002,0.0,0.0,0.0,0.0,0.0
803342930534987401,3.2580645084381104,25.326020853638727,366.37102014295,24.67992401123047,785.106608985073
803442930521940801,0.0,0.0,0.0,0.0,0.0
803542930532680301,0.0,0.0,0.0,0.0,0.0
803742930445520301,0.0,0.0,0.0,0.0,0.0
803742930526737802,0.0,0.0,0.0,0.0,0.0
803742930547269501,0.5871559381484985,6.546567308046231,56.99911660777385,79.17852020263672,713.5758424540993
803842930451807801,4.416666507720947,5.5718404749281705,24.05896839512929,8.319788932800293,66.86208292671064
804042930519203602,0.0,0.0,0.0,0.0,0.0
804042930530337202,1.6808511018753052,17.842546004070087,88.30022075055187,79.04749298095703,838.5996436988544
804042930536220601,0.0,0.0,0.0,0.0,0.0
804242930474631801,2.777777671813965,9.248083979221636,117.2311345646438,98.12574768066406,832.3275577112364
804242930529420801,0.0,0.0,0.0,0.0,0.0
804342928210622202,0.0,0.0,0.0,0.0,0.0
804342930476485601,4.75,8.688184783946818,137.02302105133572,118.80551147460938,590.7965929980468
804642930473426902,0.0,0.0,0.0,0.0,0.0
804642930476514001,0.0,0.0,0.0,0.0,0.0
804642930480351502,0.0,0.0,0.0,0.0,0.0
804842930456788302,0.0,0.0,0.0,0.0,0.0
804842930466678301,0.0,0.0,0.0,0.0,0.0
805042930477888801,0.0,0.0,0.0,0.0,0.0
805042930508791002,0.0,0.0,0.0,0.0,0.0
805142930461169201,0.0,0.0,0.0,0.0,0.0
805142930475602602,0.0,0.0,0.0,0.0,0.0
805142930526343601,0.0,0.0,0.0,0.0,0.0
805242930480563402,0.0,0.0,0.0,0.0,0.0
805242930516737201,0.7441860437393188,6.781782215297359,34.21379133555499,89.49198150634766,583.2332912983878
805342928242527202,0.0,0.0,0.0,0.0,0.0
805342930474260902,0.0,0.0,0.0,0.0,0.0
805542930550087701,0.0,0.0,0.0,0.0,0.0
805642927975205602,0.0,0.0,0.0,0.0,0.0
805642930462133301,4.3972601890563965,15.869475862873134,312.73880597014926,87.94679260253906,1158.4717615368354
805642930478159602,4.0,0.36818181818181817,0.3679144385026738,0.06843358278274536,0.36818181818181817
805642930542344202,0.0,0.0,0.0,0.0,0.0
805742930458053401,2.0,11.756624060034516,18.96844181459566,2.0552659034729004,35.269871728660085
805842930164781701,0.0,0.0,0.0,0.0,0.0
805842930477843401,0.0,0.0,0.0,0.0,0.0
805842930509185101,0.0,0.0,0.0,0.0,0.0
805942930516763002,0.0,0.0,0.0,0.0,0.0
806042930470171401,0.0,0.0,0.0,0.0,0.0
806042930547047701,4.037036895751953,9.573197798295455,153.51724137931035,56.972469329833984,516.9526745906818
806142930528568802,0.0,0.0,0.0,0.0,0.0
806242928025344402,0.0,0.0,0.0,0.0,0.0
806442930184475602,0.0,0.0,0.0,0.0,0.0
806442930453834601,0.0,0.0,0.0,0.0,0.0
806742930461542102,0.0,0.0,0.0,0.0,0.0
806842928042203701,0.0,0.0,0.0,0.0,0.0
806842930548733102,0.0,0.0,0.0,0.0,0.0
806942930541666101,0.0,0.0,0.0,0.0,0.0
807142930541357101,4.5652174949646,11.863844356274559,68.17485265225933,22.119537353515625,272.8684107662418
807242930524016601,0.0,0.0,0.0,0.0,0.0
807442930532775301,0.0,0.0,0.0,0.0,0.0
807642930479770802,0.0,0.0,0.0,0.0,0.0
807642930526525601,0.0,0.0,0.0,0.0,0.0
807642930529617301,5.208333492279053,18.621653915621593,241.48037077426392,42.44050216674805,446.91969277684535
807742930472778202,0.0,0.0,0.0,0.0,0.0
807842928887149302,0.0,0.0,0.0,0.0,0.0
807842929456879002,0.0,0.0,0.0,0.0,0.0
807842929494157501,0.0,0.0,0.0,0.0,0.0
807842929839905601,0.0,0.0,0.0,0.0,0.0
807842930507639202,0.0,0.0,0.0,0.0,0.0
807942930476863901,0.0,0.0,0.0,0.0,0.0
808042928311037201,0.0,0.0,0.0,0.0,0.0
808242930453213402,0.0,0.0,0.0,0.0,0.0
808242930518812602,0.0,0.0,0.0,0.0,0.0
808342930525211902,4.125,18.40711317883895,125.7752808988764,18.745712280273438,294.513820056701
808342930526709602,0.0,0.0,0.0,0.0,0.0
808342930542401702,0.0,0.0,0.0,0.0,0.0
808542928633733802,0.0,0.0,0.0,0.0,0.0
808542928726620402,0.0,0.0,0.0,0.0,0.0
808542930524760302,2.9166667461395264,8.75982789336615,50.81060042355904,5.843454360961914,105.1179335186255
809142930544794502,0.0,0.0,0.0,0.0,0.0
809242929843198402,0.0,0.0,0.0,0.0,0.0
809242930518498701,0.0,0.0,0.0,0.0,0.0
809542930479730101,0.0,0.0,0.0,0.0,0.0
809742930533538002,0.0,0.0,0.0,0.0,0.0
809942929321324301,0.0,0.0,0.0,0.0,0.0
809942930526801502,0.0,0.0,0.0,0.0,0.0
811142930462068801,2.0,8.345732261743311,44.91530020959191,6.737908840179443,75.11158842929355
811142930472130002,0.0,0.0,0.0,0.0,0.0
811142930519659602,1.3548387289047241,4.149849024531912,22.136212473235844,14.90617561340332,128.64532040556952
811242930531975002,0.0,0.0,0.0,0.0,0.0
811442930463711802,0.0,0.0,0.0,0.0,0.0
811542930534954201,1.6097561120986938,3.3905208333333334,29.49817283950617,18.75247573852539,139.01135695167824
811642930476767801,0.0,0.0,0.0,0.0,0.0
811942928166711001,4.210526466369629,6.469401041666667,60.662186379928315,60.73738098144531,368.7558594659238
812142930460560902,0.0,0.0,0.0,0.0,0.0
812442930464460202,5.599999904632568,16.20260851126743,104.96613545816733,41.896324157714844,405.06520100323803
812442930527667102,0.0,0.0,0.0,0.0,0.0
812642930516099601,0.0,0.0,0.0,0.0,0.0
812942930462104402,0.0,0.0,0.0,0.0,0.0
812942930543424902,0.0,0.0,0.0,0.0,0.0
813042930517057001,0.0,0.0,0.0,0.0,0.0
813142930516301902,0.0,0.0,0.0,0.0,0.0
813342930538496902,0.0,0.0,0.0,0.0,0.0
813442930534812601,0.0,0.0,0.0,0.0,0.0
813742930449674101,0.0,0.0,0.0,0.0,0.0
813842930464787802,0.0,0.0,0.0,0.0,0.0
813842930525574102,0.0,0.0,0.0,0.0,0.0
814042930528019102,0.0,0.0,0.0,0.0,0.0
814242928664083701,0.0,0.0,0.0,0.0,0.0
814342930462456201,0.0,0.0,0.0,0.0,0.0
814342930476834602,0.6619718074798584,23.219472261444707,58.06064209274673,138.18418884277344,1648.5825738532649
814442930453336502,0.0,0.0,0.0,0.0,0.0
814742930509403102,3.324324369430542,13.272617203244659,182.92744860943168,37.39350509643555,491.08683645009324
814842930510356101,0.0,0.0,0.0,0.0,0.0
814842930515938701,0.0,0.0,0.0,0.0,0.0
815042930508138902,0.0,0.0,0.0,0.0,0.0
815042930547570001,4.5,13.837972932089977,138.74487471526197,39.4574089050293,525.8429813602247
815142930464010802,0.0,0.0,0.0,0.0,0.0
815142930534968402,0.0,0.0,0.0,0.0,0.0
815442930516584202,0.0,0.0,0.0,0.0,0.0
815442930549748702,0.0,0.0,0.0,0.0,0.0
815542930478218101,0.0,0.0,0.0,0.0,0.0
815742927979933901,0.0,0.0,0.0,0.0,0.0
815742930455532001,0.0,0.0,0.0,0.0,0.0
815742930542317802,2.40625,5.673137428977273,67.17563636363636,18.4543514251709,181.5403948946866
815842930464087702,0.0,0.0,0.0,0.0,0.0
815942930474266901,0.0,0.0,0.0,0.0,0.0
816142930464457301,0.0,0.0,0.0,0.0,0.0
816242928108698401,0.0,0.0,0.0,0.0,0.0
816442930400204201,2.4838709831237793,9.606945671378092,57.01060070671378,68.9919662475586,595.6306276523603
816542930516310401,0.0,0.0,0.0,0.0,0.0
816642930479262802,0.0,0.0,0.0,0.0,0.0
816742930454170502,0.0,0.0,0.0,0.0,0.0
816742930474717402,0.0,0.0,0.0,0.0,0.0
817142928663921402,0.0,0.0,0.0,0.0,0.0
817242928932412501,0.0,0.0,0.0,0.0,0.0
817242930342472002,0.0,0.0,0.0,0.0,0.0
817342929417378502,0.0,0.0,0.0,0.0,0.0
817342930517381702,0.0,0.0,0.0,0.0,0.0
817342930530317902,0.0,0.0,0.0,0.0,0.0
817442930531891001,0.0,0.0,0.0,0.0,0.0
817542930478283502,0.0,0.0,0.0,0.0,0.0
817642930474595001,0.0,0.0,0.0,0.0,0.0
817742928196979602,0.0,0.0,0.0,0.0,0.0
817742930446571202,4.246575355529785,10.936839479235605,115.75479814692257,89.63739013671875,798.3892739155212
817742930534934501,0.0,0.0,0.0,0.0,0.0
817942929493986702,0.0,0.0,0.0,0.0,0.0
817942929800191402,0.0,0.0,0.0,0.0,0.0
818142930522942502,0.0,0.0,0.0,0.0,0.0
818242930534831802,0.0,0.0,0.0,0.0,0.0
818342930518628202,0.0,0.0,0.0,0.0,0.0
818342930529817502,0.0,0.0,0.0,0.0,0.0
818342930532790801,0.0,0.0,0.0,0.0,0.0
818642930446433501,0.0,0.0,0.0,0.0,0.0
819142930541095801,0.0,0.0,0.0,0.0,0.0
819242930453621202,0.0,0.0,0.0,0.0,0.0
819242930531787001,0.0,0.0,0.0,0.0,0.0
819342930534641502,0.0,0.0,0.0,0.0,0.0
819442928030479102,0.0,0.0,0.0,0.0,0.0
819442930462741302,0.0,0.0,0.0,0.0,0.0
819542930454647602,0.0,0.0,0.0,0.0,0.0
819642930524373201,0.0,0.0,-0.4905739715467097,0.0,0.0
819642930550470702,86.0,5.233293569544697,20.933148250971684,2.9250404834747314,20.933174115508745
819742930475517901,0.0,0.0,0.0,0.0,0.0
819742930476177601,0.0,0.0,0.0,0.0,0.0
821242930455582301,0.0,0.0,0.0,0.0,0.0
821542930460498902,67.33333587646484,0.0711094944976097,0.1569767441860465,0.020885959267616272,0.2133284890374472
821642930480059302,0.0,0.0,0.0,0.0,0.0
821942930530217601,0.0,0.0,0.0,0.0,0.0
821942930537341902,0.0,0.0,0.0,0.0,0.0
822042930543471402,0.0,0.0,0.0,0.0,0.0
822342930455951801,0.0,0.0,0.0,0.0,0.0
822442928789829102,0.0,0.0,0.0,0.0,0.0
822442930464350402,29.0,94.18064236111111,172.30555555555554,17.166831970214844,188.361279296875
822442930533126101,0.0,0.0,0.0,0.0,0.0
822542930518122602,0.0,0.0,0.0,0.0,0.0
822542930550422301,0.0,0.0,0.0,0.0,0.0
822742930537489702,0.0,0.0,0.0,0.0,0.0
822942930517948001,0.0,0.0,0.0,0.0,0.0
822942930544325501,0.0,0.0,0.0,0.0,0.0
823142929022556501,0.0,0.0,0.0,0.0,0.0
823342930446736401,0.0,0.0,0.0,0.0,0.0
823342930466729101,0.0,0.0,0.0,0.0,0.0
823442930461957001,0.0,0.0,0.0,0.0,0.0
823542928281571202,0.0,0.0,0.0,0.0,0.0
823542930448997102,0.0,0.0,0.0,0.0,0.0
823642930519878201,0.0,0.0,0.0,0.0,0.0
823742930522802202,2.5,18.61455568059403,36.637734687596186,2.763000249862671,37.22911136118806
823842930452734401,0.0,0.0,0.0,0.0,0.0
824242930518683202,0.0,0.0,0.0,0.0,0.0
824442930516415402,0.0,0.0,0.0,0.0,0.0
824442930527155301,0.0,0.0,0.0,0.0,0.0
824542929380254101,0.0,0.0,0.0,0.0,0.0
824542930464352301,0.0,0.0,0.0,0.0,0.0
824542930550604002,0.0,0.0,0.0,0.0,0.0
824942930461485102,0.0,0.0,0.0,0.0,0.0
824942930534355601,0.0,0.0,0.0,0.0,0.0
825042930527969201,0.0,0.0,0.0,0.0,0.0
825342930517966301,0.0,0.0,0.0,0.0,0.0
825342930528662702,0.0,0.0,0.0,0.0,0.0
825442930458105101,0.0,0.0,0.0,0.0,0.0
825442930516566802,0.0,0.0,0.0,0.0,0.0
825442930525679301,0.0,0.0,0.0,0.0,0.0
825542930537831702,0.0,0.0,0.0,0.0,0.0
825642930475638602,0.4409448802471161,7.864290052622482,173.8417676544585,73.86356353759766,998.7647993977943
825742930478649902,0.0,0.0,0.0,0.0,0.0
825942929761688202,0.0,0.0,0.0,0.0,0.0
825942930463971702,0.0,0.0,0.0,0.0,0.0
826142928119230302,0.0,0.0,0.0,0.0,0.0
826242930510359201,0.0,0.0,0.0,0.0,0.0
826342929021034101,0.12820513546466827,5.312859509766616,7.200405885337392,77.81673431396484,621.6045579094503
826342930475486701,0.0,0.0,0.0,0.0,0.0
826442930515901101,0.0,0.0,0.0,0.0,0.0
826542930464180701,3.164705991744995,7.535812094790968,99.9047619047619,85.5321273803711,640.5440276461694
826542930469923401,0.0,0.0,0.0,0.0,0.0
826542930479871801,0.0,0.0,0.0,0.0,0.0
827042930522281002,0.0,0.0,0.0,0.0,0.0
827142929604523301,0.0,0.0,0.0,0.0,0.0
827142930530486801,0.0,0.0,0.0,0.0,0.0
827242928197098401,0.0,0.0,0.0,0.0,0.0
827442930457227302,0.0,0.0,0.0,0.0,0.0
827642930544739202,0.0,0.0,0.0,0.0,0.0
827842930517436002,0.0,0.0,0.0,0.0,0.0
828042930452839902,4.541666507720947,17.735996791294642,139.46301020408163,122.09645080566406,1276.9917812815734
828242930549987701,2.6285715103149414,4.512636985311127,118.86426092990979,55.01118469238281,473.82687597193154
828442930466467401,2.1764705181121826,12.047200222190368,118.85733944954129,29.762786865234375,204.8023989616184
828442930476132101,0.0,0.0,0.0,0.0,0.0
828542930452138102,3.0,7.580843186483231,7.580841066006209,0.7209428548812866,7.580843186483231
828542930528993801,0.0,0.0,0.0,0.0,0.0
828642930475053801,0.0,0.0,0.0,0.0,0.0
828642930480325302,4.340425491333008,11.058322496749025,127.1849154746424,52.67186737060547,519.7411542369114
828842930531300102,0.0,0.0,0.0,0.0,0.0
829042930475597601,0.0,0.0,0.0,0.0,0.0
829342930536253801,0.0,0.0,0.0,0.0,0.0
829342930545907002,0.0,0.0,0.0,0.0,0.0
829442930452869901,0.0,0.0,0.0,0.0,0.0
829442930508923701,0.0,0.0,0.0,0.0,0.0
829442930534169102,0.0,0.0,0.0,0.0,0.0
829742930529086402,0.0,0.0,0.0,0.0,0.0
829742930530184901,0.0,0.0,0.0,0.0,0.0
829842928213735102,0.0,0.0,0.0,0.0,0.0
831142930289817501,2.6666667461395264,10.102425111216453,175.55236289381563,71.25830841064453,484.91639582167704
831242930453786301,0.0,0.0,0.0,0.0,0.0
831242930531796201,4.0,6.012214138471663,83.7945184267575,27.414331436157227,192.3908536219309
831542930518419202,0.0,0.0,0.0,0.0,0.0
832042930511109702,0.0,0.0,0.0,0.0,0.0
832242930474068801,0.0,0.0,0.0,0.0,0.0
832342930523521702,0.0,0.0,0.0,0.0,0.0
832442929613539201,0.0,0.0,0.0,0.0,0.0
832642930475823402,0.0,0.0,0.0,0.0,0.0
832642930520792801,0.0,0.0,0.0,0.0,0.0
832742930459978602,0.0,0.0,0.0,0.0,0.0
833042929126817802,0.0,0.0,0.0,0.0,0.0
833042930525249402,0.0,0.0,0.0,0.0,0.0
833142930542841402,3.911764621734619,12.468221187798783,131.22033898305085,58.07368850708008,847.8390188204729
833342930544656502,0.0,0.0,0.0,0.0,0.0
833442930527530001,0.0,0.0,0.0,0.0,0.0
833542930446907502,0.0,0.0,0.0,0.0,0.0
833642930474043501,0.0,0.0,0.0,0.0,0.0
833642930479236101,0.0,0.0,0.0,0.0,0.0
833742930509863801,0.0,0.0,0.0,0.0,0.0
833742930539239902,0.0,0.0,0.0,0.0,0.0
833742930547538101,0.0,0.0,0.0,0.0,0.0
833842930476862502,0.0,0.0,0.0,0.0,0.0
833942930463710902,0.0,0.0,0.0,0.0,0.0
834042930458153801,0.0,0.0,0.0,0.0,0.0
834242929800241602,0.460317462682724,8.578973986936262,103.46214012314861,64.66968536376953,540.4753540148254
834442927928420801,3.736842155456543,19.724290671356894,94.3455497382199,18.916112899780273,374.7615183885185
834442930515364402,0.0,0.0,0.0,0.0,0.0
834442930517835102,2.846153736114502,5.3365238109464626,46.16061185468451,4.3268303871154785,69.37481302391427
834442930525675402,0.0,0.0,0.0,0.0,0.0
834442930531819002,0.0,0.0,0.0,0.0,0.0
834742930532099001,0.0,0.0,0.0,0.0,0.0
834842930542858001,0.0,0.0,0.0,0.0,0.0
834942930526462301,0.0,0.0,0.0,0.0,0.0
835042930480274002,0.0,0.0,0.0,0.0,0.0
835242930450010401,0.0,0.0,0.0,0.0,0.0
835242930522282001,0.0,0.0,0.0,0.0,0.0
835342930450913802,0.0,0.0,0.0,0.0,0.0
835342930524987902,0.0,0.0,0.0,0.0,0.0
835342930541093701,0.0,0.0,0.0,0.0,0.0
835542930480626901,0.0,0.0,0.0,0.0,0.0
836042929800256801,0.0,0.0,0.0,0.0,0.0
836042930522772702,0.0,0.0,0.0,0.0,0.0
836042930528204101,0.0,0.0,0.0,0.0,0.0
836142930474183802,0.0,0.0,0.0,0.0,0.0
836342930524210302,5.0,5.999241246046937,5.99866844207723,0.954765260219574,5.999241246046937
836642930454674902,0.0,0.0,0.0,0.0,0.0
836642930477249101,0.0,0.0,0.0,0.0,0.0
836642930530434802,0.0,0.0,0.0,0.0,0.0
836642930545490301,0.0,0.0,0.0,0.0,0.0
836842928015410501,2.6335878372192383,4.726511193057438,220.06317106223287,62.18400192260742,619.1729866790533
836842930525650601,0.0,0.0,0.0,0.0,0.0
837042930479968701,0.0,0.0,0.0,0.0,0.0
837242930518141601,2.7428572177886963,5.391845519698535,57.54996243425995,22.878498077392578,188.7145973624008
837442930528264801,0.0,0.0,0.0,0.0,0.0
837442930529264402,0.0,0.0,0.0,0.0,0.0
837542930542795001,135.0,573.7878591488443,573.7878591488443,40.95267868041992,573.7878591488443
837742928967046502,0.0,0.0,0.0,0.0,0.0
837742930470022902,0.0,0.0,0.0,0.0,0.0
837942928676524701,0.0,0.0,0.0,0.0,0.0
837942930464892901,0.0,0.0,0.0,0.0,0.0
837942930529605302,0.0,0.0,0.0,0.0,0.0
838042928665736602,0.0,0.0,0.0,0.0,0.0
838142930465161002,0.0,0.0,0.0,0.0,0.0
838142930515602502,0.0,0.0,0.0,0.0,0.0
838242930470782301,0.0,0.0,0.0,0.0,0.0
838542930519555902,2.7341771125793457,18.92466643654193,104.67538322813346,116.70714569091797,1495.0486666573609
838642930475790101,0.0,0.0,0.0,0.0,0.0
838642930477805401,0.0,0.0,0.0,0.0,0.0
838942930465195502,4.675000190734863,8.222890122464127,121.69619000494805,41.552268981933594,328.9156064264023
839142930463661901,0.0,0.0,0.0,0.0,0.0
839242928607176801,3.597402572631836,7.515672505729922,106.77258056971795,55.07448196411133,578.7067812168374
839442930521478501,0.0,0.0,0.0,0.0,0.0
839542930008406001,0.0,0.0,0.0,0.0,0.0
839542930289421302,0.0,0.0,0.0,0.0,0.0
839542930463726301,0.0,0.0,0.0,0.0,0.0
839542930526547302,0.0,141.52731284236154,141.52708460133903,9.667107582092285,141.52731284236154
839642930467637102,0.0,0.0,0.0,0.0,0.0
839842930462171301,0.0,0.0,0.0,0.0,0.0
841342928096721201,0.0,0.0,0.0,0.0,0.0
841442930507801702,0.0,0.0,0.0,0.0,0.0
841442930526434201,0.0,0.0,0.0,0.0,0.0
841542930529205201,0.0,0.0,0.0,0.0,0.0
841642930459290601,0.0,0.0,0.0,0.0,0.0
841642930524385902,0.0,0.0,0.0,0.0,0.0
841942929428305502,0.0,0.0,0.0,0.0,0.0
841942930480076802,0.0,0.0,0.0,0.0,0.0
842042928932295402,0.0,0.0,0.0,0.0,0.0
842142930477007101,0.0,0.0,0.0,0.0,0.0
842142930521528501,0.0,0.0,0.0,0.0,0.0
842142930548550901,0.0,0.0,0.0,0.0,0.0
842242930533564601,3.259615421295166,11.483465365642417,264.6362403976502,143.5413055419922,1194.280437401681
842342930459389101,0.0,0.0,0.0,0.0,0.0
842442930479262601,0.0,0.0,0.0,0.0,0.0
842542930543771002,0.0,0.0,0.0,0.0,0.0
842642929946490901,5.5,22.351811287518302,43.99926793557833,4.917027473449707,44.70362239630994
842642930459093802,0.0,0.0,0.0,0.0,0.0
842742930518445901,0.0,0.0,0.0,0.0,0.0
842742930545257801,0.0,0.0,0.0,0.0,0.0
842842930548514102,0.0,0.0,0.0,0.0,0.0
842942930546835001,0.0,0.0,0.0,0.0,0.0
843042930523606401,0.0,0.0,0.0,0.0,0.0
843142930469340002,0.0,0.0,0.0,0.0,0.0
843242930459766502,1.0666667222976685,8.881556297390723,36.82783229259589,93.2244873046875,666.1167231541888
843242930476303802,0.0,0.0,0.0,0.0,0.0
843342930541339502,0.0,0.0,0.0,0.0,0.0
843642930529697002,0.0,0.0,0.0,0.0,0.0
843842930515847702,0.0,0.0,0.0,0.0,0.0
843942930509736802,0.0,0.0,0.0,0.0,0.0
844142930547098901,2.0,7.344189106826241,22.67517730496454,4.340327739715576,44.0651341350366
844542930527015502,3.904761791229248,17.193417756453805,206.3891304347826,24.414939880371094,361.0617619224217
844842930546514402,0.0,0.0,0.0,0.0,0.0
844942928645857101,0.0,0.0,0.0,0.0,0.0
845142930520139101,0.0,0.0,0.0,0.0,0.0
845142930544417302,0.0,0.0,0.0,0.0,0.0
845342930460613302,0.0,4.597720706364013,0.0,42.386863708496094,252.87464070233145
845442929613374502,0.0,0.0,0.0,0.0,0.0
845542930480631502,0.0,0.0,0.0,0.0,0.0
845542930518553602,0.0,0.0,0.0,0.0,0.0
845542930524548902,2.0,18.99040703932262,37.9804822043628,3.598891258239746,37.98081300124509
845542930534184502,0.0,0.0,0.0,0.0,0.0
845642930546189602,0.0,0.0,0.0,0.0,0.0
845842930543021502,0.0,0.0,0.0,0.0,0.0
845942930457810901,0.0,0.0,0.0,0.0,0.0
845942930464815502,0.0,0.0,0.0,0.0,0.0
845942930476179902,0.0,0.0,0.0,0.0,0.0
846042930508914502,0.0,0.0,0.0,0.0,0.0
846042930519367002,0.0,0.0,0.0,0.0,0.0
846142930457038902,3.0,3.135108748726223,3.134782608695652,0.3857106566429138,3.135108748726223
846142930469593202,0.0,0.0,0.0,0.0,0.0
846242930519827402,3.5,5.713638704349762,33.1243072050673,10.543265342712402,57.13638820331057
846342930455537002,0.0,0.0,0.0,0.0,0.0
846442930470857401,14.25,7.805061744244632,27.91613053251686,3.498310089111328,31.22024606861871
846442930475489401,0.0,0.0,0.0,0.0,0.0
846942930475716502,0.0,0.0,0.0,0.0,0.0
847042930473780002,0.0,0.0,0.0,0.0,0.0
847142930522181302,0.0,0.0,0.0,0.0,0.0
847142930526473901,0.0,0.0,0.0,0.0,0.0
847242930461347501,5.519999980926514,13.333994120322245,111.74844074844074,39.37273406982422,333.3498581852586
847342928979715101,2.1290323734283447,15.753915087669684,90.69909502262443,30.29625701904297,488.3713815570956
847342930454310101,0.0,0.0,0.0,0.0,0.0
847342930461386002,0.0,0.0,0.0,0.0,0.0
847642930531798302,0.0,0.0,0.0,0.0,0.0
847642930532420301,0.0,0.0,0.0,0.0,0.0
847642930549235901,0.0,0.0,0.0,0.0,0.0
847742930520009601,0.0,0.0,0.0,0.0,0.0
847842930548089302,5.056337833404541,11.767235988254061,249.6931554524362,90.03777313232422,835.4737771779921
847942930474001102,0.0,0.0,0.0,0.0,0.0
847942930550687401,4.400000095367432,5.994235063135202,30.939328611025562,29.29520606994629,179.8270583885576
848142930518599101,0.0,0.0,0.0,0.0,0.0
848142930546877402,0.0,0.0,0.0,0.0,0.0
848542929272107001,0.0,0.0,0.0,0.0,0.0
848642930474098702,153.0,0.29025301897642325,0.2903967797584819,0.02820444293320179,0.29025301897642325
848642930515458801,0.0,0.0,0.0,0.0,0.0
848742930474465301,3.0999999046325684,3.2696513912922818,22.567977014496538,5.346714973449707,32.696513179576286
848742930527002601,0.0,0.0,0.0,0.0,0.0
848842929417283102,0.0,0.0,0.0,0.0,0.0
848842930453571002,0.0,0.0,0.0,0.0,0.0
848842930523664101,0.0,0.0,0.0,0.0,0.0
849142930453075102,0.0,0.0,0.0,0.0,0.0
849342930509788702,1.1235954761505127,14.328925189393939,72.16484848484849,108.41303253173828,1275.2743267776027
849342930543236502,4.0,4.827404741431944,4.827417779225008,0.5163496732711792,4.827404741431944
849442930515789602,0.0,0.0,0.0,0.0,0.0
849442930516675901,6.222222328186035,18.163861118467516,99.22810734463278,8.722936630249023,163.4747539240088
849442930530919102,0.0,0.0,0.0,0.0,0.0
849542930508064101,0.0,0.0,0.0,0.0,0.0
849542930508937701,1.191176414489746,8.132191506410257,40.84102564102564,64.21717834472656,552.9890251438434
849642928281688101,0.0,0.0,0.0,0.0,0.0
849642930510091802,0.0,0.0,0.0,0.0,0.0
849742928232592202,0.0,0.0,0.0,0.0,0.0
849742930465173101,0.0,0.0,0.0,0.0,0.0
849942930541466401,0.0,0.0,0.0,0.0,0.0
851142930456979301,0.0,0.0,0.0,0.0,0.0
851142930516500302,0.0,0.0,0.0,0.0,0.0
851242930464994401,0.0,0.0,0.0,0.0,0.0
851342930532811802,0.0,0.0,0.0,0.0,0.0
851342930533843601,0.0,0.0,0.0,0.0,0.0
851442928197867501,0.0,0.0,0.0,0.0,0.0
851442930517556402,0.0,0.0,0.0,0.0,0.0
851442930541819701,0.0,0.0,0.0,0.0,0.0
851542930473554901,0.0,0.0,0.0,0.0,0.0
851542930479652201,0.0,0.0,0.0,0.0,0.0
851642929800393702,0.0,0.0,0.0,0.0,0.0
851842930548226801,2.882352828979492,9.425933599843994,56.75819032761311,17.80479621887207,160.24087405390748
851942928168167902,0.0,0.0,0.0,0.0,0.0
851942930524132701,2.0240964889526367,5.170422528135048,94.6790996784566,80.17090606689453,429.1450664635563
852042930451607302,0.0,0.0,0.0,0.0,0.0
852042930472169702,0.0,0.0,0.0,0.0,0.0
852042930473437401,0.0,0.0,0.0,0.0,0.0
852042930475570301,0.0,0.0,0.0,0.0,0.0
852242930460969701,0.0,0.0,0.0,0.0,0.0
852342929373045201,1.7536232471466064,11.382767575985762,206.08324205914568,39.11857604980469,785.4109350499031
852542930473401302,0.0,0.0,0.0,0.0,0.0
852542930524117702,0.0,0.0,0.0,0.0,0.0
852642930524078902,0.0,0.0,0.0,0.0,0.0
852742930511203801,0.0,0.0,0.0,0.0,0.0
852842930459571501,5.411764621734619,6.958297424111845,84.0394522646749,36.35870361328125,354.8731667888378
852842930525394302,0.0,0.0,0.0,0.0,0.0
852942930473536101,0.0,0.0,0.0,0.0,0.0
852942930478392801,0.0,0.0,0.0,0.0,0.0
852942930509739101,0.0,0.0,0.0,0.0,0.0
852942930530305401,0.0,0.0,0.0,0.0,0.0
853042930509911702,0.0,0.0,0.0,0.0,0.0
853342930477740601,1.7999999523162842,1.3438116788922614,5.415501594309541,0.967475950717926,6.7190582597258635
853342930477883601,0.0,0.0,0.0,0.0,0.0
853442930200179101,0.0,0.0,0.0,0.0,0.0
853442930517536102,0.0,0.0,0.0,0.0,0.0
853442930544397802,0.0,0.0,0.0,0.0,0.0
853442930546952402,0.0,0.0,0.0,0.0,0.0
853542930075840502,0.8433734774589539,10.299609375,161.26785714285714,111.34880065917969,854.8675522851944
853642930526406301,0.0,0.0,0.0,0.0,0.0
853842928633866502,0.0,0.0,0.0,0.0,0.0
853842930523791502,0.0,0.0,0.0,0.0,0.0
854042930477061502,0.0,0.0,0.0,0.0,0.0
854042930520187702,0.0,0.0,0.0,0.0,0.0
854242930547722102,0.0,0.0,0.0,0.0,0.0
854442930534463402,0.0,0.0,0.0,0.0,0.0
854642928000561902,0.0,0.0,0.0,0.0,0.0
854742930470528401,0.0,0.0,0.0,0.0,0.0
854742930534326101,0.0,0.0,0.0,0.0,0.0
854742930541679401,0.0,0.0,0.0,0.0,0.0
854742930547269101,0.0,0.0,0.0,0.0,0.0
855042930479722302,0.0,0.0,0.0,0.0,0.0
855142930531636301,1.0,0.13297872340425532,0.13297872340425532,0.01179463230073452,0.13297872340425532
855442930454874201,0.0,0.0,0.0,0.0,0.0
855742929922100201,0.0,0.0,0.0,0.0,0.0
855842930526750501,0.0,0.0,0.0,0.0,0.0
856242927949032701,4.543478488922119,8.970767750459558,157.59375,45.04608917236328,412.65531287123173
856442930545553601,0.0,0.0,0.0,0.0,0.0
856542930530007901,3.4347825050354004,5.446545006361323,141.69380831212894,68.99503326416016,501.08213350157433
856642930519891202,0.0,0.0,0.0,0.0,0.0
856742930458761302,0.0,0.0,0.0,0.0,0.0
856742930465409602,0.0,0.0,0.0,0.0,0.0
857242930476276902,0.0,0.0,0.0,0.0,0.0
857242930508670402,0.0,0.0,0.0,0.0,0.0
857242930524371102,0.0,0.0,0.0,0.0,0.0
857442930518866601,0.0,0.0,0.0,0.0,0.0
857542930465260501,0.0,0.0,0.0,0.0,0.0
857742930525646702,1.2222222089767456,8.404499629249372,114.84417065936573,37.361690521240234,378.2024870325707
857742930530769201,0.0,0.0,0.0,0.0,0.0
857842930460536701,0.0,0.0,0.0,0.0,0.0
858042929155550101,0.0,0.0,0.0,0.0,0.0
858042930462066802,0.0,0.0,0.0,0.0,0.0
858342930463483402,0.0,0.0,0.0,0.0,0.0
858342930472058502,0.0,0.0,0.0,0.0,0.0
858542930464169701,0.0,0.0,0.0,0.0,0.0
858542930468014502,3.2068965435028076,9.32163677489733,144.89322381930185,13.479253768920898,270.32747630407187
858642929649204902,0.0,0.0,0.0,0.0,0.0
858742929303831001,0.0,0.0,0.0,0.0,0.0
858742929493932302,0.0,0.0,0.0,0.0,0.0
858742930449379501,0.0,0.0,0.0,0.0,0.0
858842930455930602,0.0,0.0,0.0,0.0,0.0
858842930477463802,0.0,0.0,0.0,0.0,0.0
858842930522413401,0.0,0.0,0.0,0.0,0.0
859042930546815401,0.0,0.0,0.0,0.0,0.0
859142930456578101,0.0,0.0,0.0,0.0,0.0
859142930459286302,4.666666507720947,2.4973482784519323,7.364750235626767,0.8394885063171387,7.492045018720132
859342930455322901,0.0,0.0,0.0,0.0,0.0
859442930540607101,0.0,0.0,0.0,0.0,0.0
859642930457644301,0.0,0.0,0.0,0.0,0.0
861342930509458601,0.0,0.0,0.0,0.0,0.0
861342930510892602,0.0,0.0,0.0,0.0,0.0
861642930478205701,0.0,0.0,0.0,0.0,0.0
861942928636897801,2.307692289352417,13.760606123236332,58.36507936507937,10.989109992980957,178.88788444613232
862242930534647301,0.0,0.0,0.0,0.0,0.0
862242930535062302,0.0,0.0,0.0,0.0,0.0
862342930473319301,1.8607594966888428,12.234794271137593,128.70237956147525,89.41912078857422,966.5487833750667
862542930542401601,0.0,0.0,0.0,0.0,0.0
862642930449976702,3.613333225250244,7.095788460694859,115.96578347078434,61.77873611450195,532.1841213951238
862742930526496102,0.0,0.0,0.0,0.0,0.0
863042930476428201,0.0,0.0,0.0,0.0,0.0
863242930524324202,0.0,0.0,0.0,0.0,0.0
863242930531653402,3.807692289352417,7.1642134428286575,31.931793179317932,21.30478286743164,186.2695534751229
863742930468804801,0.0,0.0,0.0,0.0,0.0
864042930479321901,0.0,0.0,0.0,0.0,0.0
864242930548351701,0.0,0.0,0.0,0.0,0.0
864342930509826301,0.0,0.0,0.0,0.0,0.0
864342930530677902,10.29411792755127,7.7846519700196595,223.40214067278288,30.014902114868164,264.67816369426254
864542930477405101,1.04347825050354,4.599960309189878,50.15457041977246,37.63119888305664,317.39726903982
864842930448018302,0.0,0.0,0.0,0.0,0.0
864942930448335102,0.0,0.0,0.0,0.0,0.0
865242930471612302,0.0,0.0,0.0,0.0,0.0
865342930446606702,0.0,0.0,0.0,0.0,0.0
865342930530172102,2.9893617630004883,9.053427699621887,110.59074733096085,81.95250701904297,851.0222361968081
865542930459456602,0.0,0.0,0.0,0.0,0.0
865742930528998502,0.0,0.0,0.0,0.0,0.0
865942930463814801,2.307692289352417,6.920399339690654,99.55275920828417,40.3853759765625,449.8259662803683
865942930470030902,0.0,0.0,0.0,0.0,0.0
866042927917644201,0.0,0.0,0.0,0.0,0.0
866042928912051802,0.0,0.0,0.0,0.0,0.0
866042930464056401,0.0,0.0,0.0,0.0,0.0
866042930532465602,0.0,0.0,0.0,0.0,0.0
866242930525769601,0.0,0.0,0.0,0.0,0.0
866442929761753701,1.3627450466156006,16.813724690902905,100.10254083484574,128.4548797607422,1714.9998803329122
866442930517624802,0.0,5.264369727856999,65.8638280779273,78.08196258544922,700.1611584810745
866442930545178801,0.0,0.0,0.0,0.0,0.0
866542930528633702,0.0,0.0,0.0,0.0,0.0
866642930533055601,0.0,0.0,0.0,0.0,0.0
867142930454378502,0.0,0.0,0.0,0.0,0.0
867142930510401702,0.0,0.0,0.0,0.0,0.0
867142930546069701,0.0,0.0,0.0,0.0,0.0
867342928255449102,0.0,0.0,0.0,0.0,0.0
867342930518913702,0.0,0.0,0.0,0.0,0.0
867342930524194302,0.0,0.0,0.0,0.0,0.0
867342930538873202,0.0,0.0,0.0,0.0,0.0
867542930474478802,0.0,0.0,0.0,0.0,0.0
867642930516478102,0.0,0.0,0.0,0.0,0.0
867642930541363401,0.0,0.0,0.0,0.0,0.0
867842930461437102,0.0,0.0,0.0,0.0,0.0
867942930533916401,0.0,0.0,0.0,0.0,0.0
868042930470817501,0.0,0.0,0.0,0.0,0.0
868242930531074002,1.0595238208770752,14.224297417534721,134.68269230769232,65.61177825927734,1194.841016223288
868342930477434601,0.0,0.0,0.0,0.0,0.0
868442930461389001,0.0,0.0,0.0,0.0,0.0
868542930547589402,0.0,0.0,0.0,0.0,0.0
868642930515771301,0.0,0.0,0.0,0.0,0.0
868842930528247102,0.0,0.0,0.0,0.0,0.0
868942930452894801,4.659999847412109,8.21178259621476,105.13683877098511,47.11623001098633,410.58912758741116
868942930460670501,0.0,0.0,0.0,0.0,0.0
869542930478570501,0.0,0.0,0.0,0.0,0.0
869542930509071702,0.0,0.0,0.0,0.0,0.0
869542930530863101,0.0,0.0,0.0,0.0,0.0
869542930542513401,0.0,0.0,0.0,0.0,0.0
869642930468064501,3.3333332538604736,7.9496324540383405,35.69704588309239,5.3604888916015625,47.69779411042583
869642930541881202,0.0,0.0,0.0,0.0,0.0
869642930544401701,0.0,0.0,0.0,0.0,0.0
869742930542034002,0.0,0.0,0.0,0.0,0.0
869842930517944101,2.5,10.503205800139762,21.006429070580015,1.6057171821594238,21.006410508385745
869942930464423201,0.0,0.0,0.0,0.0,0.0
869942930529109802,0.0,0.0,0.0,0.0,0.0
869942930543346502,0.0,0.0,0.0,0.0,0.0
871142930450013702,0.0,0.0,0.0,0.0,0.0
871142930480719401,0.0,0.0,0.0,0.0,0.0
871242930523367401,0.0,0.0,0.0,0.0,0.0
871342930521539001,2.5416667461395264,8.06964010116258,93.78190338860851,11.081270217895508,193.67136466116378
871342930525209801,3.173076868057251,14.391943872575578,244.77388046994722,97.38799285888672,1496.762116642948
871342930534708502,0.0,0.0,0.0,0.0,0.0
871442930450821301,0.0,0.0,0.0,0.0,0.0
871542929309376301,0.0,0.0,0.0,0.0,0.0
871542930475100402,0.0,0.0,0.0,0.0,0.0
871842930471544702,0.0,0.0,0.0,0.0,0.0
871842930473777201,0.0,0.0,0.0,0.0,0.0
871842930477164102,0.0,0.0,0.0,0.0,0.0
871842930546587302,0.0,0.0,0.0,0.0,0.0
871942930522152902,0.0,0.0,0.0,0.0,0.0
872042930531248002,25.0,0.09311796724400093,0.1862979703979438,0.022274017333984375,0.18623593448800185
872142928191352102,0.0,0.0,0.0,0.0,0.0
872142930517248702,0.0,0.0,0.0,0.0,0.0
872142930525374001,0.0,0.0,0.0,0.0,0.0
872242930535099602,4.099999904632568,7.141668146306818,65.1083172147002,11.32816219329834,142.83336599560263
872542930526772802,0.0,0.0,0.0,0.0,0.0
872642930471804901,0.0,0.0,0.0,0.0,0.0
872842930463802702,0.0,0.0,0.0,0.0,0.0
872942930518030701,0.0,0.0,0.0,0.0,0.0
873042930475504502,0.0,0.0,0.0,0.0,0.0
873142929400229701,0.0,0.0,0.0,0.0,0.0
873142930528481601,2.359999895095825,6.032920102305695,41.67804244922889,23.444408416748047,150.82299965919475
873442930525416502,1.0,7.697836957019795,7.697947214076247,0.46226975321769714,7.697836957019795
873442930531294301,0.0,0.0,0.0,0.0,0.0
873542930530923201,0.0,0.0,0.0,0.0,0.0
873842930463851302,0.0,0.0,0.0,0.0,0.0
873942930478273401,0.0,0.0,0.0,0.0,0.0
873942930524006502,0.0,0.0,0.0,0.0,0.0
873942930524909502,0.0,0.0,0.0,0.0,0.0
873942930528998602,0.0,0.0,0.0,0.0,0.0
874042930452220201,0.0,0.0,0.0,0.0,0.0
874042930472430802,0.0,0.0,0.0,0.0,0.0
874042930508878001,1.9729729890823364,4.7720843774237816,61.34359525088002,58.45794677734375,529.7013619211649
874142930549247501,0.0,0.0,0.0,0.0,0.0
874242930457617401,0.0,0.0,0.0,0.0,0.0
874242930461871701,0.0,0.0,0.0,0.0,0.0
874242930524490802,0.0,0.0,0.0,0.0,0.0
874542930051179802,0.2586206793785095,6.020194612176295,27.567330677290837,44.056243896484375,349.171279638222
874642930467125901,0.0,0.0,0.0,0.0,0.0
874642930524115201,1.2328766584396362,9.002171164772728,66.48145454545454,99.84262084960938,657.1584739435369
874842928176254401,0.0,0.0,0.0,0.0,0.0
874842930456115302,0.008771929889917374,14.381730325716719,125.08912858359353,151.42340087890625,1639.5172562676332
874842930531525802,0.0,0.0,0.0,0.0,0.0
875142928823088002,0.0,0.0,0.0,0.0,0.0
875142930518232402,0.5288461446762085,8.66853772179555,35.56832627118644,69.36600494384766,901.5279112347101
875242929166244901,6.375,7.398643879814479,22.89050211736237,8.26037311553955,59.18915300778887
875242930265176101,0.0,0.0,0.0,0.0,0.0
875442930534879301,0.0,0.0,0.0,0.0,0.0
875542930476089902,4.512820720672607,16.789237553499497,352.3136958710977,65.31903076171875,654.7802451634095
875642930535245501,0.0,0.0,0.0,0.0,0.0
875942930532537202,0.0,0.0,0.0,0.0,0.0
876042930516405702,0.0,0.0,0.0,0.0,0.0
876142930516358702,0.0,0.0,0.0,0.0,0.0
876142930520974101,0.0,0.0,0.0,0.0,0.0
876142930526299101,0.0,0.0,0.0,0.0,0.0
876242930517852801,3.0,7.050536459063507,61.409224730127576,13.08273696899414,91.65697297952326
876242930524959801,0.0,0.0,0.0,0.0,0.0
876342929194683901,0.0,0.0,0.0,0.0,0.0
876342930533438402,0.0,0.0,0.0,0.0,0.0
876642928623805201,0.0,0.0,0.0,0.0,0.0
876642930527818202,0.0,0.0,0.0,0.0,0.0
876642930532431701,0.0,0.0,0.0,0.0,0.0
876942930455630201,14.285714149475098,69.48292747118795,602.5212765957447,105.05828094482422,1459.1415258502284
876942930476500202,2.935483932495117,10.08748291362909,86.31365576102418,86.01611328125,625.423958937101
877042930520595202,0.0,0.0,0.0,0.0,0.0
877242930452789102,0.0,0.0,0.0,0.0,0.0
877342930533611101,0.0,0.0,0.0,0.0,0.0
877442930517084701,0.0,0.0,0.0,0.0,0.0
877442930517549801,0.0,0.0,0.0,0.0,0.0
877442930541810301,0.0,0.0,0.0,0.0,0.0
877642930474762901,0.0,0.0,0.0,0.0,0.0
877642930509111001,0.0,0.0,0.0,0.0,0.0
877642930536051902,0.0,0.0,0.0,0.0,0.0
877842930530796501,0.0,0.0,0.0,0.0,0.0
877942930509116701,4.0,6.709319658544091,18.119068934646375,1.649040699005127,20.127958975632275
878042930550394601,0.0,0.0,0.0,0.0,0.0
878142930522432301,0.0,0.0,0.0,0.0,0.0
878242930289535201,4.481481552124023,10.240245514496198,112.08365019011407,24.260366439819336,276.4866169396462
878342930534037002,0.0,0.0,0.0,0.0,0.0
878442930457568501,0.0,0.0,0.0,0.0,0.0
878442930464591201,0.0,0.0,0.0,0.0,0.0
878542930093539401,0.0,0.0,0.0,0.0,0.0
878642930453062702,0.0,0.0,0.0,0.0,0.0
878642930472689301,0.0,0.0,0.0,0.0,0.0
878642930541630601,0.0,0.0,0.0,0.0,0.0
878742929309357202,0.0,0.0,0.0,0.0,0.0
878742930447545202,0.0,0.0,0.0,0.0,0.0
878742930461545401,4.150000095367432,31.786538547636102,241.88252148997134,86.84349822998047,1271.461543544999
878842930547963502,0.0,0.0,0.0,0.0,0.0
878942930477741302,0.0,0.0,0.0,0.0,0.0
879142929012644202,0.0,0.0,0.0,0.0,0.0
879142929861272302,3.6666667461395264,5.427654069946907,19.188665267316953,4.315152168273926,32.565924751271375
879142930545722802,1.2658227682113647,7.82833295408576,55.48220064724919,85.4931640625,618.4382919277574
879242930473936201,0.0,0.0,0.0,0.0,0.0
879242930525474302,0.0,0.0,0.0,0.0,0.0
879342930550665702,0.0,0.0,0.0,0.0,0.0
879542930447227302,0.0,0.0,0.0,0.0,0.0
879542930471811501,0.0,0.0,0.0,0.0,0.0
879542930542044901,0.0,0.0,0.0,0.0,0.0
879742930524472601,0.0,0.0,0.0,0.0,0.0
879742930530521802,0.0,0.0,0.0,0.0,0.0
879842930460504202,3.6526315212249756,8.604419237114044,163.9223107569721,88.80097198486328,817.4198295129722
879942930446940201,0.0,0.0,0.0,0.0,0.0
879942930459835002,0.0,0.0,0.0,0.0,0.0
881242930450290802,0.0,0.0,0.0,0.0,0.0
881342930524302201,0.0,0.0,0.0,0.0,0.0
881342930534866401,0.0,0.0,0.0,0.0,0.0
881442930538844801,0.0,0.0,0.0,0.0,0.0
881542930448893901,3.055555582046509,5.542296124497089,52.82974084646333,8.910367965698242,99.76133049336875
881542930537459101,0.0,0.0,0.0,0.0,0.0
881642930453490402,0.0,0.0,0.0,0.0,0.0
881842930548693302,1.8333333730697632,8.63059815327042,39.36397657012691,5.794051647186279,51.78358994126126
881942930458473002,0.0,0.0,0.0,0.0,0.0
882042930451587001,3.118279457092285,4.4847086202407125,120.82594607105659,47.52901077270508,417.0779082478507
882042930460138902,0.0,0.0,0.0,0.0,0.0
882042930518036902,5.25,41.562962761324044,164.06271777003485,17.351181030273438,166.25184764263938
882242927979733302,0.0,0.0,0.0,0.0,0.0
882342930532789302,0.0,0.0,0.0,0.0,0.0
882442930534443801,0.0,0.0,0.0,0.0,0.0
882742928832350602,0.0,0.0,0.0,0.0,0.0
882742930474333401,2.5999999046325684,3.809032182835821,7.0111940298507465,2.015516519546509,19.045160987056903
882742930476653301,2.9242424964904785,5.4798097549447355,110.31289994182664,45.613826751708984,361.66744985574894
882742930480113002,0.0,0.0,0.0,0.0,0.0
882842930517036602,0.0,0.0,0.0,0.0,0.0
882842930530281801,0.0,0.0,0.0,0.0,0.0
882942930528952802,0.0,0.0,0.0,0.0,0.0
883042927979653202,0.0,0.0,0.0,0.0,0.0
883042930464210701,0.0,0.0,0.0,0.0,0.0
883042930533976102,0.0,0.0,0.0,0.0,0.0
883142928108880501,0.0,0.0,0.0,0.0,0.0
883142930540240101,0.0,0.0,0.0,0.0,0.0
883342928845045702,0.0,0.0,0.0,0.0,0.0
883342930516084201,0.0,0.0,0.0,0.0,0.0
883342930522943101,3.799999952316284,5.32427753298289,27.335600907029477,8.098871231079102,53.24277500269758
883542930509244801,0.0,0.0,0.0,0.0,0.0
883842928634028901,5.636363506317139,63.62982177734375,225.74107142857142,32.010990142822266,699.9280302865164
883842930530746501,3.507462739944458,4.957638255908977,64.04375157153633,50.347190856933594,332.1617645290529
883942930520327901,0.0,0.0,0.0,0.0,0.0
884242930530802101,0.0,0.0,0.0,0.0,0.0
884442928697249802,0.0,0.0,0.0,0.0,0.0
884542930508371602,0.0,0.0,0.0,0.0,0.0
884642930472927902,0.0,0.0,0.0,0.0,0.0
884642930550779101,0.0,0.0,0.0,0.0,0.0
884742930528071801,4.0,3.6759556361607144,10.06841046277666,0.91860032081604,11.027867154096453
884842930528175701,0.0,0.0,0.0,0.0,0.0
884942928726710702,0.0,0.0,0.0,0.0,0.0
885042930464006301,4.051281929016113,9.597132401712495,135.1625663289918,51.05361557006836,374.2881772105267
885142930477436202,0.0,0.0,0.0,0.0,0.0
885242930520068101,2.0,12.817483571989015,53.798744605727734,49.80857849121094,538.334299469892
885442929543839302,0.0,0.0,0.0,0.0,0.0
885642930511258901,0.0,0.0,0.0,0.0,0.0
885742929613518902,0.0,0.0,0.0,0.0,0.0
885942928726169702,0.0,0.0,0.0,0.0,0.0
885942930450228701,2.430379629135132,4.318751564194544,37.88921331442396,40.38920974731445,341.1813827200231
885942930460737202,0.0,0.0,0.0,0.0,0.0
886142930477536701,0.0,0.0,0.0,0.0,0.0
886242930534854202,0.0,0.0,0.0,0.0,0.0
886242930541392601,0.0,0.0,0.0,0.0,0.0
886342930547993002,3.5,11.652784043586896,43.44086618545253,3.8726394176483154,46.6111379366064
886442930461291402,98.0,487.32943469785573,487.32943469785573,49.80112838745117,487.32943469785573
886442930479641201,0.0,0.0,0.0,0.0,0.0
886442930526393201,0.0,0.0,0.0,0.0,0.0
886542930453863001,4.0,5.788404917729263,44.03039670273055,15.67026138305664,98.40288429319213
886742930453000701,0.25581395626068115,4.871171516936408,14.234316814666284,30.980186462402344,209.46037780709267
886742930479942201,0.0,0.0,0.0,0.0,0.0
886742930509750502,0.0,0.0,0.0,0.0,0.0
886742930516418501,0.0,0.0,0.0,0.0,0.0
886942930525439601,0.0,0.0,0.0,0.0,0.0
887042930519802501,0.0,0.0,0.0,0.0,0.0
887142927963846701,0.9750000238418579,7.929834355489956,29.396308360477743,31.04167938232422,634.3867640748992
887342930475309002,4.607142925262451,12.760219319203959,138.06976613447267,25.69528579711914,357.2861355300536
887542930532755102,0.0,0.0,0.0,0.0,0.0
887642930460145701,0.0,0.0,0.0,0.0,0.0
887842930519240601,0.0,0.0,0.0,0.0,0.0
887842930521675302,0.0,0.0,0.0,0.0,0.0
887842930524419802,0.0,0.0,0.0,0.0,0.0
887942930461968101,0.0,0.0,0.0,0.0,0.0
888042930480079302,0.0,0.0,0.0,0.0,0.0
888142930464421702,0.0,0.0,0.0,0.0,0.0
888442930544244301,5.1052632331848145,6.2649463184811545,33.951380131708,17.2517147064209,119.03397731452291
888542928602970201,1.7333333492279053,6.204153199362938,92.64755480607083,70.75836181640625,744.4983824505662
888542929372994801,0.0,0.0,0.0,0.0,0.0
888742930460589802,0.0,0.0,0.0,0.0,0.0
888742930515417702,0.0,0.0,0.0,0.0,0.0
888842930523174002,3.25,8.66137868111729,80.56016177957532,24.84406280517578,242.51860635369806
888842930525252101,0.0,0.0,0.0,0.0,0.0
888842930534199202,0.0,0.0,0.0,0.0,0.0
888942930456231601,0.0,0.0,0.0,0.0,0.0
889142930540539802,0.0,0.0,0.0,0.0,0.0
889342930468765601,2.527777671813965,10.244092852317975,91.83390216154721,55.3677978515625,737.574660031055
889342930477304901,2.75,6.6026322310502,15.914085914085915,2.8901445865631104,26.410529411994254
889742930527794902,0.0,0.0,0.0,0.0,0.0
889742930538694302,0.0,0.0,0.0,0.0,0.0
891142929197828702,0.0,0.0,0.0,0.0,0.0
891142930524308901,3.0,13.02986721851566,52.25011027790031,6.443288803100586,65.1493352310322
891142930524983002,0.0,0.0,0.0,0.0,0.0
891142930526397302,0.0,0.0,0.0,0.0,0.0
891142930533040802,0.0,0.0,0.0,0.0,0.0
891242930480126701,0.0,0.0,0.0,0.0,0.0
891342930518678402,0.0,0.0,0.0,0.0,0.0
891442930474265002,0.0,0.0,0.0,0.0,0.0
891442930519394501,3.1607143878936768,5.971007470349643,209.6149304307645,69.55299377441406,668.7528515595543
891642928099619102,0.0,0.0,0.0,0.0,0.0
891642930545936502,0.0,0.0,0.0,0.0,0.0
891742930542655002,0.0,0.0,0.0,0.0,0.0
891842930529493501,0.0,0.0,0.0,0.0,0.0
891842930536029501,0.0,0.0,0.0,0.0,0.0
891942928074491401,3.200000047683716,3.788850610825345,9.899321954641104,3.101595401763916,18.94425223214286
891942930534585101,0.0,0.0,0.0,0.0,0.0
892342930479133402,8.025641441345215,6.736031023363628,102.75984577251445,36.53818130493164,262.7052170902225
892442930459069701,0.0,0.0,0.0,0.0,0.0
892442930528126802,0.0,0.0,0.0,0.0,0.0
892442930545085002,3.0,117.89555204703832,545.1289198606272,23.204389572143555,589.4777815017966
892742930547903302,0.0,0.0,0.0,0.0,0.0
893142927975166402,0.0,0.0,0.0,0.0,0.0
893142930455255102,4.0,76.72966507177034,315.76555023923447,74.2011489868164,613.8373042202452
893342930528780001,0.0,0.0,0.0,0.0,0.0
893442930545531201,0.0,0.0,0.0,0.0,0.0
893642928077920702,2.463157892227173,4.718840266626194,75.29508068306438,71.46382141113281,448.2898314432834
893642929424116302,0.0,0.0,0.0,0.0,0.0
893742930463306101,0.0,0.0,0.0,0.0,0.0
893842930527186101,0.0,0.0,0.0,0.0,0.0
894042930477690402,0.0,0.0,0.0,0.0,0.0
894342930184380301,0.0,0.0,0.0,0.0,0.0
894442930463609702,0.0,0.0,0.0,0.0,0.0
894742930518898001,0.0,0.0,0.0,0.0,0.0
894742930521856602,0.0,0.0,0.0,0.0,0.0
894942928210492902,0.0,0.0,0.0,0.0,0.0
895042930546773801,0.0,0.0,0.0,0.0,0.0
895342927982896301,0.0,0.0,0.0,0.0,0.0
895542930447808001,0.0,0.0,0.0,0.0,0.0
895742930457228602,0.0,0.0,0.0,0.0,0.0
895742930530491102,0.0,0.0,0.0,0.0,0.0
896042930535044301,0.0,0.0,0.0,0.0,0.0
896142930453359302,0.0,0.0,0.0,0.0,0.0
896242930449464402,0.0,0.0,0.0,0.0,0.0
896242930528754401,4.258823394775391,7.247638723979386,199.54648342764753,71.3593978881836,616.0493164551094
896242930539614902,0.0,0.0,0.0,0.0,0.0
896342930538899601,0.0,0.0,0.0,0.0,0.0
896342930546451101,0.0,0.0,0.0,0.0,0.0
896442930459265001,0.0,0.0,0.0,0.0,0.0
896542928119391301,0.0,0.0,0.0,0.0,0.0
896642930521106401,4.3972601890563965,15.16715428896761,143.24349334875652,95.43048858642578,1107.2022961097484
896742927944985902,0.0,0.0,0.0,0.0,0.0
896842930460665702,4.740740776062012,7.101197145696272,59.18377192982456,30.060089111328125,191.73232378834172
896842930522097502,0.0,0.0,0.0,0.0,0.0
896842930529787402,0.0,0.0,0.0,0.0,0.0
897042930455342701,0.0,0.0,0.0,0.0,0.0
897042930460206502,0.0,0.0,0.0,0.0,0.0
897242930545432902,0.0,0.0,0.0,0.0,0.0
897242930547626402,0.0,0.0,0.0,0.0,0.0
897642930523595201,0.0,0.0,0.0,0.0,0.0
897842930459772701,0.0,0.0,0.0,0.0,0.0
897942929946658301,0.0,0.0,0.0,0.0,0.0
897942930478722601,0.0,0.0,0.0,0.0,0.0
898142930472063702,0.0,0.0,0.0,0.0,0.0
898242929118597101,3.5999999046325684,4.0548830385561345,11.460792824074074,3.0321030616760254,20.27441535172639
898542930460696001,0.0,0.0,0.0,0.0,0.0
898642928878430201,0.0,0.0,0.0,0.0,0.0
898642929269102702,0.0,0.0,0.0,0.0,0.0
898642930457963402,0.0,0.0,0.0,0.0,0.0
898642930464550601,0.0,0.0,0.0,0.0,0.0
898642930515610702,0.0,0.0,0.0,0.0,0.0
898642930525899401,3.4666666984558105,6.17841256894928,66.37979281582133,28.483976364135742,278.02855641213523
898642930526253401,1.7971014976501465,6.209723783728537,56.73042722812755,66.10533142089844,428.47092871771224
898742930527914001,0.0,0.0,0.0,0.0,0.0
898942930534781701,3.9069766998291016,8.059472328798039,69.51250967242713,38.93976593017578,346.5573012315338
899142930458916502,0.0,0.0,0.0,0.0,0.0
899142930520949702,0.0,0.0,0.0,0.0,0.0
899442930477602002,0.0,0.0,0.0,0.0,0.0
899542930479072802,0.0,0.0,0.0,0.0,0.0
899542930518010302,3.6666667461395264,4.425846412871957,12.599639314697926,1.6042078733444214,13.277538743289986
899542930529210902,0.0,0.0,0.0,0.0,0.0
899642929259359502,0.0,0.0,0.0,0.0,0.0
899642930538859901,0.0,0.0,0.0,0.0,0.0
899742929012951802,2.6804122924804688,7.295074409576189,76.3644128113879,67.33394622802734,707.6222067066243
899742930519645701,0.0,0.0,0.0,0.0,0.0
901242928823042002,0.0,0.0,0.0,0.0,0.0
901242930509448502,0.0,0.0,0.0,0.0,0.0
901342930543043201,0.0,0.0,0.0,0.0,0.0
901442928087989501,0.0,0.0,0.0,0.0,0.0
901542930540856402,0.0,0.0,0.0,0.0,0.0
901742930453905802,0.0,0.0,0.0,0.0,0.0
901842930462787701,0.0,0.0,0.0,0.0,0.0
901942928175981702,0.0,0.0,0.0,0.0,0.0
902042930476478901,0.0,0.0,0.0,0.0,0.0
902442930542582601,0.0,0.0,0.0,0.0,0.0
902542930463173102,0.0,0.0,0.0,0.0,0.0
902642930517698402,0.0,0.0,0.0,0.0,0.0
902742928109525001,0.0,0.0,0.0,0.0,0.0
902742930453899501,5.090909004211426,6.408823402836055,18.104533815333635,10.4975004196167,70.49706052544119
902742930519255402,0.0,0.0,0.0,0.0,0.0
902842930524465902,0.0,0.0,0.0,0.0,0.0
903142930518312801,248.0,0.014615609470914937,0.014615609470914937,0.0013993865577504039,0.014615609470914937
903142930518862702,0.0,0.0,0.0,0.0,0.0
903342930466703601,3.3636362552642822,29.50535477586761,224.4164524421594,30.386796951293945,649.1178137771881
903442930527707601,0.0,0.0,0.0,0.0,0.0
903542930447094901,0.0,0.0,0.0,0.0,0.0
903742929488676902,0.0,0.0,0.0,0.0,0.0
903842930509351502,0.0,0.0,0.0,0.0,0.0
903942930475834401,0.0,0.0,0.0,0.0,0.0
904042929922159801,0.0,0.0,0.0,0.0,0.0
904042930465200202,0.0,0.0,0.0,0.0,0.0
904042930548901001,0.0,0.0,0.0,0.0,0.0
904142929735970401,0.0,0.0,0.0,0.0,0.0
904142930515785701,0.0,0.0,0.0,0.0,0.0
904342930466563902,0.0,0.0,0.0,0.0,0.0
904642930462924201,0.0,0.0,0.0,0.0,0.0
904642930524324701,0.0,0.0,0.0,0.0,0.0
904642930526554502,0.0,0.0,0.0,0.0,0.0
904742930459111701,0.0,0.0,0.0,0.0,0.0
904742930527109901,0.0,0.0,0.0,0.0,0.0
905042930460852201,0.0,0.0,0.0,0.0,0.0
905142930446820001,0.0,0.0,0.0,0.0,0.0
905242930463572302,0.0,0.0,0.0,0.0,0.0
905342930475284702,0.0,0.0,0.0,0.0,0.0
905342930518946001,0.0,0.0,0.0,0.0,0.0
905542930510527201,0.0,0.0,0.0,0.0,0.0
906042928191142702,2.4368932247161865,6.175528781418312,67.92145421903052,72.71571350097656,636.0794422125688
906142930464080001,0.0,0.0,0.0,0.0,0.0
906142930467844802,0.0,0.0,0.0,0.0,0.0
906142930530048102,0.0,0.0,0.0,0.0,0.0
906142930545816502,0.0,0.0,0.0,0.0,0.0
906242930524307702,2.615384578704834,5.3360757799755305,106.20897226753671,76.1368637084961,624.32087448954
906342930525706801,0.0,0.0,0.0,0.0,0.0
906442930220683002,0.0,0.0,0.0,0.0,0.0
906442930517855702,0.0,0.0,0.0,0.0,0.0
906542930532165101,0.0,0.0,0.0,0.0,0.0
906642930533847202,0.0,0.0,0.0,0.0,0.0
906642930543050002,0.0,0.0,0.0,0.0,0.0
906742930466029301,0.0,0.0,0.0,0.0,0.0
906742930543871702,0.0,0.0,0.0,0.0,0.0
906842930453354501,0.0,0.0,0.0,0.0,0.0
906942930459183502,0.0,0.0,0.0,0.0,0.0
907042930546299502,0.0,0.0,0.0,0.0,0.0
907142930530076001,0.0,0.0,0.0,0.0,0.0
907442930509708802,0.0,0.0,0.0,0.0,0.0
907542930479797202,0.0,0.0,0.0,0.0,0.0
907542930542775001,0.0,0.0,0.0,0.0,0.0
907842929230221302,0.0,0.0,0.0,0.0,0.0
907942930456347202,2.2112677097320557,10.021212186636399,109.38136596920647,83.48406219482422,711.5060420181269
908142930480102102,0.0,0.0,0.0,0.0,0.0
908142930527591102,0.0,0.0,0.0,0.0,0.0
908342930476180501,0.0,0.0,0.0,0.0,0.0
908342930535016301,2.882352828979492,19.619024300552354,368.9020172910663,162.66993713378906,1667.6170250309074
908442930453832802,0.0,0.0,0.0,0.0,0.0
908642930541948102,0.0,0.0,0.0,0.0,0.0
908742930473883801,0.0,0.0,0.0,0.0,0.0
908942930479161202,0.0,0.0,0.0,0.0,0.0
909342930456023901,0.0,0.0,0.0,0.0,0.0
909342930459358202,0.0,0.0,0.0,0.0,0.0
909742930342632902,0.0,0.0,0.0,0.0,0.0
909942930476421402,2.142857074737549,24.01254214752503,84.53058954393771,141.9929656982422,1512.7901624227657
911142930462634802,0.0,0.0,0.0,0.0,0.0
911242929047773602,3.506666660308838,7.475254144233494,181.41387235918265,42.68815612792969,560.6440499406824
911242930462622402,0.0,0.0,0.0,0.0,0.0
911342930462867102,0.0,0.0,0.0,0.0,0.0
911342930475753101,0.0,0.0,0.0,0.0,0.0
911342930517880701,0.0,0.0,0.0,0.0,0.0
911442930448484202,0.0,0.0,0.0,0.0,0.0
911442930460199502,0.0,0.0,0.0,0.0,0.0
911442930475919801,0.0,0.0,0.0,0.0,0.0
911542930517724801,0.0,0.0,0.0,0.0,0.0
911642930475045702,0.0,0.0,0.0,0.0,0.0
911742928832515201,0.0,0.0,0.0,0.0,0.0
911742930457471501,0.0,0.0,0.0,0.0,0.0
911842930461864202,4.333333492279053,21.381893736392563,82.29619829174342,13.027297973632812,128.29136079920136
911942930472953102,0.0,0.0,0.0,0.0,0.0
911942930516869201,0.0,0.0,0.0,0.0,0.0
912142928726384801,2.4814815521240234,11.639434814453125,162.15584935897436,111.90724182128906,942.7941988164033
912242930548239401,0.0,0.0,0.0,0.0,0.0
912342930525341802,0.0,0.0,0.0,0.0,0.0
912442929400197302,0.0,0.0,0.0,0.0,0.0
912542929861386501,0.0,0.0,0.0,0.0,0.0
912542930515904602,0.0,0.0,0.0,0.0,0.0
912742930455090201,0.41025641560554504,5.179761847350823,29.042181069958847,35.49842834472656,202.01071623029043
912742930532192501,2.9583332538604736,8.95486111111111,71.40104166666667,21.779430389404297,214.9166704300377
913042930509519302,1.8611111640930176,9.211726936751496,71.87425149700599,30.381393432617188,331.62215687034137
913142929197853301,0.0,0.0,0.0,0.0,0.0
913142930480500101,0.0,0.0,0.0,0.0,0.0
913442930530963902,0.0,0.0,0.0,0.0,0.0
913642930448600901,0.0,0.0,0.0,0.0,0.0
913842930478057302,1.8478261232376099,16.429501488095237,122.76929392446634,80.50504302978516,755.7570978972713
914142930517074001,0.0,0.0,0.0,0.0,0.0
914242930473594801,0.0,0.0,0.0,0.0,0.0
914542930547475602,0.0,0.0,0.0,0.0,0.0
914642930227350201,0.0,0.0,0.0,0.0,0.0
914642930476804802,4.295082092285156,51.609113042406314,615.0355029585799,99.68135070800781,3148.155856883032
914742930547647501,0.0,0.0,0.0,0.0,0.0
914842930520222101,0.0,0.0,0.0,0.0,0.0
915042930475554401,0.0,0.0,0.0,0.0,0.0
915142930544348802,0.0,0.0,0.0,0.0,0.0
915242928305203602,0.0,0.0,0.0,0.0,0.0
915242930480492201,0.0,0.0,0.0,0.0,0.0
915242930508811001,0.0,0.0,0.0,0.0,0.0
915242930509816702,0.0,0.0,0.0,0.0,0.0
915442929269199002,0.0,0.0,0.0,0.0,0.0
915542930465206901,0.0,0.0,0.0,0.0,0.0
915542930529604401,0.0,0.0,0.0,0.0,0.0
915642927968928601,0.0,0.0,0.0,0.0,0.0
915942930477582201,0.0,0.0,0.0,0.0,0.0
916042928932341102,0.0,0.0,0.0,0.0,0.0
916142930544186502,0.0,0.0,0.0,0.0,0.0
916442930465386302,0.0,0.0,0.0,0.0,0.0
916442930477521901,1.375,5.101506589933206,37.8773173391494,39.61951446533203,244.87232197852015
916442930519516402,0.0,0.0,0.0,0.0,0.0
916442930531058302,0.0,0.0,0.0,0.0,0.0
916542930458707102,1.9838709831237793,10.394178224357578,84.4939024390244,77.52273559570312,644.4390585497281
916942930453882902,0.0,0.0,0.0,0.0,0.0
916942930466486402,0.0,0.0,0.0,0.0,0.0
917142930472598802,0.0,0.0,0.0,0.0,0.0
917142930530393302,3.076923131942749,6.280144978783593,25.035266383781234,9.940985679626465,81.64188442951438
917342928932595901,0.0,0.0,0.0,0.0,0.0
917342930463979101,3.9298245906829834,13.385800855513308,148.59087452471482,52.07155990600586,762.9906853853523
917642930465328001,3.25,6.936056059102934,120.10702260702261,34.88932800292969,416.16335084703235
917842930548096601,0.0,0.0,0.0,0.0,0.0
918142929012861401,0.0,0.0,0.0,0.0,0.0
918142930253656501,0.0,0.0,0.0,0.0,0.0
918242930474581902,0.0,0.0,0.0,0.0,0.0
918342927979693102,0.0,0.0,0.0,0.0,0.0
918342930454501102,0.0,0.0,0.0,0.0,0.0
918342930520974002,0.0,0.0,0.0,0.0,0.0
918442930455977001,0.0,0.0,0.0,0.0,0.0
918542929467168701,0.0,0.0,0.0,0.0,0.0
918542930475106301,0.0,0.0,0.0,0.0,0.0
918542930542991502,0.0,0.0,0.0,0.0,0.0
918642929197993601,0.0,0.0,0.0,0.0,0.0
918642930549125002,0.0,0.0,0.0,0.0,0.0
918642930550643602,0.0,0.0,0.0,0.0,0.0
918742930460371302,0.0,0.0,0.0,0.0,0.0
918742930508026202,0.0,0.0,0.0,0.0,0.0
918742930531152201,0.0,0.0,0.0,0.0,0.0
918942930478364602,0.7761194109916687,7.6525664875092865,40.40490341753343,105.00042724609375,512.7219749706151
919042930469010301,0.0,0.0,0.0,0.0,0.0
919242930520752401,0.0,0.0,0.0,0.0,0.0
919242930531509301,0.0,0.0,0.0,0.0,0.0
919442930472211202,0.0,0.0,0.0,0.0,0.0
919442930509887001,0.0,0.0,0.0,0.0,0.0
919642928043962401,0.0,0.0,0.0,0.0,0.0
921142929091778602,0.0,0.0,0.0,0.0,0.0
921142929389126502,0.0,0.0,0.0,0.0,0.0
921242930458500401,0.0,0.0,0.0,0.0,0.0
921242930530092101,0.0,0.0,0.0,0.0,0.0
921642928078039601,0.0,0.0,0.0,0.0,0.0
921642930446965202,0.0,0.0,0.0,0.0,0.0
921642930450707002,0.0,0.0,0.0,0.0,0.0
921642930518061601,0.0,0.0,0.0,0.0,0.0
921642930540510502,0.0,0.0,0.0,0.0,0.0
921742930454453502,0.0,0.0,0.0,0.0,0.0
921742930463066401,2.25,2.7409895833333335,7.5662872628726285,2.442689895629883,21.927917268747883
921742930540525702,0.0,0.0,0.0,0.0,0.0
921842930461837502,0.0,0.0,0.0,0.0,0.0
921842930472659001,4.857142925262451,8.868733838481566,43.38784126090628,8.298402786254883,62.081135014094606
921942930550317201,0.0,0.0,0.0,0.0,0.0
922142929348263902,4.2317070960998535,10.905288307049634,155.0522048645442,101.60137176513672,894.2336679797694
922142930517340901,0.0,0.0,0.0,0.0,0.0
922142930526841101,0.0,0.0,0.0,0.0,0.0
922342930469190301,0.0,0.0,0.0,0.0,0.0
922442930460481302,0.0,0.0,0.0,0.0,0.0
922642930534558601,0.0,0.0,0.0,0.0,0.0
922842930454476201,0.0,0.0,0.0,0.0,0.0
923342930520845202,0.0,0.0,0.0,0.0,0.0
923542930532841602,1.0,6.600805206021787,7.127698204559209,2.3493659496307373,19.802415224051845
923642929013263801,0.0,0.0,0.0,0.0,0.0
923642929649319001,0.0,0.0,0.0,0.0,0.0
923642930464565102,0.0,0.0,0.0,0.0,0.0
923742930532311502,0.0,0.0,0.0,0.0,0.0
923742930549712601,0.0,0.0,0.0,0.0,0.0
924042930457907601,0.0,0.0,0.0,0.0,0.0
924042930534125702,3.700000047683716,19.074967509451795,122.60567107750472,96.17708587646484,1335.2477501795288
924042930545163801,4.300000190734863,9.008182139878862,138.45628511235955,77.38262939453125,720.654589662726
924142930176829802,0.0,0.0,0.0,0.0,0.0
924442930537866702,0.0,0.0,0.0,0.0,0.0
924742930448499801,2.492307662963867,5.598639703839529,85.3979829971662,36.96833419799805,363.9115800204168
924842930521817802,0.0,0.0,0.0,0.0,0.0
925142930462707702,0.0,0.0,0.0,0.0,0.0
925142930521019702,0.0,0.0,0.0,0.0,0.0
925142930525855502,0.0,0.0,0.0,0.0,0.0
925242930472946001,0.0,0.0,0.0,0.0,0.0
925342930480199601,0.0,0.0,0.0,0.0,0.0
925442930508489802,0.0,0.0,0.0,0.0,0.0
925542930447262202,0.0,0.0,0.0,0.0,0.0
925542930462223801,0.0,0.0,0.0,0.0,0.0
925542930542927902,1.4615384340286255,10.657708078647106,62.763651181744095,74.26948547363281,554.2008178154433
925642930507931001,0.0,0.0,0.0,0.0,0.0
925642930529789801,0.0,0.0,0.0,0.0,0.0
925742930478150301,0.0,0.0,0.0,0.0,0.0
926142928130770801,0.2321428507566452,9.296399739583334,23.291666666666668,54.01015853881836,520.5983905792236
926142929531151402,0.0,0.0,0.0,0.0,0.0
926142930519148602,0.0,0.0,0.0,0.0,0.0
926142930521247202,2.165048599243164,9.55979959614959,156.95330825403852,85.3646240234375,984.6593616128522
926242930469504601,0.0,0.0,0.0,0.0,0.0
926242930478959302,0.0,0.0,0.0,0.0,0.0
926342930528966201,0.0,0.0,0.0,0.0,0.0
926542930526227901,0.0,0.0,0.0,0.0,0.0
926642929118794501,0.0,0.0,0.0,0.0,0.0
926642930455989802,0.0,0.0,0.0,0.0,0.0
926842928979692001,0.0,0.0,0.0,0.0,0.0
926842930544877601,2.944444417953491,5.769671042868046,41.286295793758484,10.959646224975586,103.85407669346885
926942930478740102,0.0,0.0,0.0,0.0,0.0
927042930528664701,0.0,0.0,0.0,0.0,0.0
927142930480317501,0.0,0.0,0.0,0.0,0.0
927142930546284601,0.0,0.0,0.0,0.0,0.0
927242930159107402,1.9166666269302368,3.946437393290755,60.750663968635386,58.719085693359375,331.500732776955
927342928726214702,0.0,0.0,0.0,0.0,0.0
927342930526498301,1.1075268983840942,5.392843782180554,50.413627392087875,71.27953338623047,501.5344588291918
927342930534838401,0.0,0.0,0.0,0.0,0.0
927442930542870102,0.0,0.0,0.0,0.0,0.0
927542930445557601,0.0,0.0,0.0,0.0,0.0
927642930476937502,0.0,0.0,0.0,0.0,0.0
927742930528484302,0.0,0.0,0.0,0.0,0.0
927742930541695301,0.0,0.0,0.0,0.0,0.0
927842930453178501,0.0,0.0,0.0,0.0,0.0
927842930459752401,0.0,0.0,0.0,0.0,0.0
927942930457708901,0.0,0.0,0.0,0.0,0.0
928142930460844002,0.0,0.0,0.0,0.0,0.0
928242928932525602,0.0,0.0,0.0,0.0,0.0
928242930479349501,0.0,0.0,0.0,0.0,0.0
928642928932432602,0.0,0.0,0.0,0.0,0.0
928742929613586801,0.0,0.0,0.0,0.0,0.0
928742930455807701,0.0,0.0,0.0,0.0,0.0
928842930532139901,0.0,0.0,0.0,0.0,0.0
928942930531496402,0.0,0.0,0.0,0.0,0.0
929042929321017602,0.0,0.0,0.0,0.0,0.0
929042930543566302,0.0,0.0,0.0,0.0,0.0
929242930464682202,0.0,0.0,0.0,0.0,0.0
929242930542184601,0.0,0.0,0.0,0.0,0.0
929342930454829702,0.0,0.0,0.0,0.0,0.0
929342930526001302,2.5714285373687744,10.276348362198796,197.54277108433735,113.84356689453125,1079.0166333462819
929542930516026601,0.9069767594337463,16.041915614930183,76.46509129967777,71.75019073486328,689.8023870449701
929542930534858701,0.0,0.0,0.0,0.0,0.0
929642929389152602,0.0,0.0,0.0,0.0,0.0
929642930525318801,1.5333333015441895,11.770075158227849,135.8948393378773,37.20310592651367,529.6533910942635
929642930528741302,3.933333396911621,14.950792165205113,158.6195005945303,28.436100006103516,224.261879702102
929742930465057902,2.375,4.8787333031566,78.71617928395736,13.365036010742188,117.08959387116954
929842930458129101,0.0,0.0,0.0,0.0,0.0
931242930476050402,0.0,0.0,0.0,0.0,0.0
931442930515638602,0.0,0.0,0.0,0.0,0.0
931742930463661702,1.301204800605774,15.922296507745726,77.1826923076923,113.22022247314453,1321.5505845241057
931842930528286902,0.0,0.0,0.0,0.0,0.0
931942928791257601,6.0,7.673293497397428,64.59736680955297,42.688812255859375,299.2584540179662
932042927963688202,0.0,0.0,0.0,0.0,0.0
932042930457131901,0.0,0.0,0.0,0.0,0.0
932042930480780201,0.0,0.0,0.0,0.0,0.0
932342930459475501,0.0,0.0,0.0,0.0,0.0
932442928716053102,0.0,0.0,0.0,0.0,0.0
932542928932360901,0.0,0.0,0.0,0.0,0.0
932542930527348602,2.2253520488739014,28.872562355546997,158.00616332819723,103.6042709350586,2049.9519827949985
932642930454303502,6.357142925262451,36.9100613317757,264.1252336448598,39.56527328491211,516.7408376818505
932742930455556601,0.0,0.0,0.0,0.0,0.0
932742930519252302,0.0,0.0,0.0,0.0,0.0
932942930550179502,0.0,0.0,0.0,0.0,0.0
933042928956248401,0.0,0.0,0.0,0.0,0.0
933042930457014801,0.0,0.0,0.0,0.0,0.0
933142930540993801,0.0,0.0,0.0,0.0,0.0
933242930449161502,0.0,0.0,0.0,0.0,0.0
933242930537963601,0.0,0.0,0.0,0.0,0.0
933342930525591301,0.0,0.0,0.0,0.0,0.0
933342930527377502,0.0,0.0,0.0,0.0,0.0
933442930530951801,0.0,0.0,0.0,0.0,0.0
933542929696803401,0.0,0.0,0.0,0.0,0.0
933642930454959501,0.0,0.0,0.0,0.0,0.0
933742930472953802,0.0,0.0,0.0,0.0,0.0
933742930528937901,0.0,0.0,0.0,0.0,0.0
933742930538047201,0.0,0.0,0.0,0.0,0.0
933842930474197002,3.8333332538604736,4.149170126519279,11.467728415758591,7.327162265777588,49.79004151823135
933842930518159301,0.0,0.0,0.0,0.0,0.0
933842930524928301,3.975308656692505,14.109196646962902,248.98369343660823,105.3600082397461,1142.8449292935209
933942929839568101,0.0,0.0,0.0,0.0,0.0
933942930509091501,0.0,0.0,0.0,0.0,0.0
934142930518525302,0.0,0.0,0.0,0.0,0.0
934142930530981902,0.0,0.0,0.0,0.0,0.0
934342930531028502,0.0,0.0,0.0,0.0,0.0
934542929155433302,0.0,0.0,0.0,0.0,0.0
934542930517681201,0.0,0.0,0.0,0.0,0.0
934642930477461301,0.0,0.0,0.0,0.0,0.0
935142930463786502,0.0,0.0,0.0,0.0,0.0
935142930541222702,0.0,0.0,0.0,0.0,0.0
935242930460078602,0.0,0.0,0.0,0.0,0.0
935342927959101101,0.0,0.0,0.0,0.0,0.0
935442928592643802,0.0,0.0,0.0,0.0,0.0
935642930452402301,0.0,0.0,0.0,0.0,0.0
935642930515567401,0.0,0.0,0.0,0.0,0.0
935742930520382601,0.0,0.0,0.0,0.0,0.0
935742930541781601,0.0,0.0,0.0,0.0,0.0
935842928811545302,0.0,0.0,0.0,0.0,0.0
935842930460463801,0.0,0.0,0.0,0.0,0.0
935842930534066701,0.0,0.0,0.0,0.0,0.0
935942929514180801,0.0,0.0,0.0,0.0,0.0
936042930546719001,1.7073171138763428,9.081833319712324,99.53514220333442,113.19175720214844,744.7103315055974
936142930476343402,5.0,4.253841326177286,4.2539242843951985,0.5162945985794067,4.253841326177286
936342930527599201,0.0,0.0,0.0,0.0,0.0
936442930525946601,0.0,0.0,0.0,0.0,0.0
936542930457068901,0.0,0.0,0.0,0.0,0.0
936642930544230002,0.0,0.0,0.0,0.0,0.0
936842930526253202,0.0,0.0,0.0,0.0,0.0
936942930523966801,0.0,0.0,0.0,0.0,0.0
937042930527302401,0.0,0.0,0.0,0.0,0.0
937142930544141601,0.0,0.0,0.0,0.0,0.0
937342929197877702,0.0,0.0,0.0,0.0,0.0
937342930480526801,0.0,0.0,0.0,0.0,0.0
937442928855459801,0.0,0.0,0.0,0.0,0.0
937442930453112102,0.0,0.0,0.0,0.0,0.0
937442930475637001,3.690140962600708,5.333984375,58.81318681318681,52.17598342895508,378.7128951736256
937442930516024602,0.0,0.0,0.0,0.0,0.0
937442930542739702,0.0,0.0,0.0,0.0,0.0
937542930526897101,5.770833492279053,46.10228388033919,329.70854271356785,126.31417083740234,2212.9095421029097
937542930526985101,0.0,0.0,0.0,0.0,0.0
937642930454191101,0.0,0.0,0.0,0.0,0.0
937642930473170801,0.0,0.0,0.0,0.0,0.0
937742928592898001,0.0,0.0,0.0,0.0,0.0
937842930459924202,0.0,0.0,0.0,0.0,0.0
937842930461638902,0.0,0.0,0.0,0.0,0.0
938142930515723001,0.0,0.0,0.0,0.0,0.0
938142930526940802,0.0,0.0,0.0,0.0,0.0
938242928197772002,4.0,41.57847770880361,41.578523057078364,3.5028188228607178,41.57847770880361
938342929816265001,3.75,12.924699559918754,78.56702775897088,19.161373138427734,206.79519233367859
938442930454105402,0.0,0.0,0.0,0.0,0.0
938542930462120901,0.0,0.0,0.0,0.0,0.0
938742930518999702,0.0,0.0,0.0,0.0,0.0
938842930474976401,0.0,0.0,0.0,0.0,0.0
938842930543152902,0.0,0.0,0.0,0.0,0.0
939042930548332801,0.0,0.0,0.0,0.0,0.0
939242930446771801,0.0,0.0,0.0,0.0,0.0
939242930479992301,0.0,0.0,0.0,0.0,0.0
939242930509041702,0.0,0.0,0.0,0.0,0.0
939242930548211701,0.0,0.0,0.0,0.0,0.0
939242930548652701,0.0,0.0,0.0,0.0,0.0
939342929765966202,0.0,0.0,0.0,0.0,0.0
939342930473934202,2.142857074737549,5.3732880820260345,28.307409879839785,5.502171993255615,37.61301738907085
939342930523241902,0.0,0.0,0.0,0.0,0.0
939442930452957201,3.8831169605255127,8.825802163001912,172.09815168897387,104.13774108886719,679.5867562619192
939442930528608801,0.0,0.0,0.0,0.0,0.0
939542930451272102,0.0,0.0,0.0,0.0,0.0
939642930451471602,0.0,0.0,0.0,0.0,0.0
939842929704106701,0.0,0.0,0.0,0.0,0.0
939842930507810401,0.0,0.0,0.0,0.0,0.0
939842930517522401,0.0,0.0,0.0,0.0,0.0
939942930476165701,0.0,0.0,0.0,0.0,0.0
939942930542289402,4.760000228881836,14.966927425986842,163.04,29.827491760253906,374.1731845012464
941142930534431501,0.0,0.0,0.0,0.0,0.0
941142930545872602,0.0,0.0,0.0,0.0,0.0
941142930548990301,0.0,0.0,0.0,0.0,0.0
941242930474424202,0.0,0.0,0.0,0.0,0.0
941342930461458301,0.0,0.0,0.0,0.0,0.0
941442930479692801,2.5999999046325684,12.16226993284185,152.39365784689963,13.864189147949219,304.0567403326033
941542928255482301,0.0,0.0,0.0,0.0,0.0
941542930462060502,0.0,0.0,0.0,0.0,0.0
941542930470118401,0.0,0.0,0.0,0.0,0.0
941542930529255201,0.0,0.0,0.0,0.0,0.0
941942927910731901,0.0,0.0,0.0,0.0,0.0
941942930461589102,0.0,0.0,0.0,0.0,0.0
942042930032274901,0.0,0.0,0.0,0.0,0.0
942142930447592902,0.0,0.0,0.0,0.0,0.0
942342930518833601,0.0,0.0,0.0,0.0,0.0
942442930453329401,0.0,0.0,0.0,0.0,0.0
942442930457807202,0.0,0.0,0.0,0.0,0.0
942442930460632602,0.0,0.0,0.0,0.0,0.0
942642929012902302,0.0,0.0,0.0,0.0,0.0
942742930466822802,0.0,0.0,0.0,0.0,0.0
942742930519720902,0.0,0.0,0.0,0.0,0.0
942842930477915801,4.269230842590332,18.948637364274365,368.0481991525424,99.03377532958984,985.3291217058392
942942930547137602,0.0,0.0,0.0,0.0,0.0
943142930509444401,0.0,0.0,0.0,0.0,0.0
943342930509329501,3.0625,8.195101142871248,184.468009478673,83.15247344970703,786.7297451688215
943342930544199401,0.0,0.0,0.0,0.0,0.0
943542930464139501,0.0,0.0,0.0,0.0,0.0
943642930479213902,0.0,0.0,0.0,0.0,0.0
943742928087871102,0.0,0.0,0.0,0.0,0.0
943842930529052702,0.0,0.0,0.0,0.0,0.0
944142930542121701,0.0,0.0,0.0,0.0,0.0
944242930342578102,0.0,0.0,0.0,0.0,0.0
944242930445392502,0.0,0.0,0.0,0.0,0.0
944242930472298301,0.0,0.0,0.0,0.0,0.0
944242930474047102,0.0,0.0,0.0,0.0,0.0
944442930542017101,0.0,0.0,0.0,0.0,0.0
944542930529336601,0.0,0.0,0.0,0.0,0.0
944642929346227102,0.0,0.0,0.0,0.0,0.0
944742930546665502,0.0,0.0,0.0,0.0,0.0
944842930465235601,0.0,0.0,0.0,0.0,0.0
944942930520025202,0.0,0.0,0.0,0.0,0.0
944942930538226902,3.846153736114502,7.9652842213214825,62.748302974068466,10.112374305725098,103.54869611713752
945242930518057601,0.0,0.0,0.0,0.0,0.0
945342928042164101,0.0,0.0,0.0,0.0,0.0
945442930461182102,2.5,2.619643542690418,18.97257371007371,2.701876401901245,31.435723443933437
945442930518184901,0.0,0.0,0.0,0.0,0.0
945542930463901201,0.0,0.0,0.0,0.0,0.0
945542930546254701,0.0,0.0,0.0,0.0,0.0
945642930159053002,0.0,0.0,0.0,0.0,0.0
945642930478660402,0.0,0.0,0.0,0.0,0.0
945842930451087302,0.0,0.0,0.0,0.0,0.0
945842930476731902,0.0,0.0,0.0,0.0,0.0
945942930521806602,0.0,0.0,0.0,0.0,0.0
945942930526366102,2.8142857551574707,7.298586733706363,82.58164414414415,73.11566162109375,510.90106952083005
946042930519863902,0.0,0.0,0.0,0.0,0.0
946142930477236001,0.0,0.0,0.0,0.0,0.0
946242930509212701,2.0,7.282908869888859,18.981339187705817,5.111859321594238,36.4145446174362
946242930531513302,0.0,0.0,0.0,0.0,0.0
946542930465158901,4.6184210777282715,21.090236840375177,350.4978962131837,116.23047637939453,1602.858029093933
946842930473857801,0.0,0.0,0.0,0.0,0.0
946842930476230701,0.0,0.0,0.0,0.0,0.0
946942930530661002,4.068965435028076,23.89839690747402,947.7505995203837,119.14407348632812,2079.1605420604315
946942930537237702,0.0,0.0,0.0,0.0,0.0
947242930475971002,0.0,0.0,0.0,0.0,0.0
947842930527354601,0.0,0.0,0.0,0.0,0.0
947942930473102701,0.0,0.0,0.0,0.0,0.0
948042930467962102,0.8068181872367859,9.575009917772649,48.62319676860935,92.9599609375,842.6008548919548
948042930532359001,0.0,0.0,0.0,0.0,0.0
948042930532892601,0.0,0.0,0.0,0.0,0.0
948142930480739001,0.0,0.0,0.0,0.0,0.0
948242930452569402,0.0,0.0,0.0,0.0,0.0
948442928758016001,0.0,0.0,0.0,0.0,0.0
948442930476324001,12.928571701049805,4.45479372622523,57.981599433828734,4.7973127365112305,62.367112703721574
948442930547843002,0.0,0.0,0.0,0.0,0.0
948542930465223801,0.0,0.0,0.0,0.0,0.0
948642930510240601,0.0,0.0,0.0,0.0,0.0
948842930479969002,0.0,0.0,0.0,0.0,0.0
948942928932458401,0.0,0.0,0.0,0.0,0.0
948942930516425501,0.0,0.0,0.0,0.0,0.0
949042929022389002,0.0,0.0,0.0,0.0,0.0
949042930521017201,11.208333015441895,17.47784275650289,79.14277456647399,35.162750244140625,419.4682342970302
949142930529305901,0.0,0.0,0.0,0.0,0.0
949242930460437801,0.0,0.0,0.0,0.0,0.0
949242930517862002,0.0,0.0,0.0,0.0,0.0
949342930517533902,4.666666507720947,43.59987764342546,138.22780569514237,17.263530731201172,261.59925770719644
949442930530844502,0.0,0.0,0.0,0.0,0.0
949642930473528401,0.0,0.0,0.0,0.0,0.0
949642930475075602,0.0,0.0,0.0,0.0,0.0
949742930475932202,0.0,0.0,0.0,0.0,0.0
951142930454404802,0.0,0.0,0.0,0.0,0.0
951242930522972602,0.0,0.0,0.0,0.0,0.0
951342930534067702,0.0,0.0,0.0,0.0,0.0
951642928153700201,0.9764705896377563,14.834911576780494,120.43950951735937,0.0,1260.9675428206492
951642930545898901,0.0,0.0,0.0,0.0,0.0
951742930547731801,0.0,0.0,0.0,0.0,0.0
951742930548683601,0.0,0.0,0.0,0.0,0.0
951842928005351602,0.0,0.0,0.0,0.0,0.0
951842930480654401,0.0,0.0,0.0,0.0,0.0
951942930531831401,0.0,0.0,0.0,0.0,0.0
952042930529873001,0.0,0.0,0.0,0.0,0.0
952042930534458201,0.0,0.0,0.0,0.0,0.0
952342928832402902,0.0,0.0,0.0,0.0,0.0
952442930522661301,0.0,0.0,0.0,0.0,0.0
952642930466446201,3.0196077823638916,6.059913008052147,101.09294478527607,96.49170684814453,618.1111522329365
952742930519006401,0.0,0.0,0.0,0.0,0.0
953042930474364501,3.0,138.22415453767124,138.22374429223746,12.6266508102417,138.22415453767124
953042930529477401,0.0,0.0,0.0,0.0,0.0
953142930462837201,0.0,0.0,0.0,0.0,0.0
953242930538614501,7.181818008422852,17.818292917060493,172.62381852551985,44.43410110473633,392.00243967557446
953342930524863801,0.0,0.0,0.0,0.0,0.0
953442930451189902,0.0,0.0,0.0,0.0,0.0
953442930515440001,0.0,0.0,0.0,0.0,0.0
953542930454383101,1.125,27.007740495391705,162.03225806451613,20.336803436279297,432.12383110292495
953542930455845302,0.0,0.0,0.0,0.0,0.0
953642930540523101,0.0,0.0,0.0,0.0,0.0
953942930458602702,0.0,0.0,0.0,0.0,0.0
954042930521132401,5.0,0.006420958006934634,0.006420958006934634,0.001009005936793983,0.006420958006934634
954142930453395402,3.8888888359069824,7.396489574090506,41.15527950310559,7.8613080978393555,66.56840302569738
954242929843369301,1.649999976158142,6.312396309669864,57.343519964309614,56.13125991821289,378.7437840856773
954242930528200102,0.0,0.0,0.0,0.0,0.0
954342930467802401,0.0,0.0,0.0,0.0,0.0
954442930547976801,0.0,0.0,0.0,0.0,0.0
954542930452237002,0.0,0.0,0.0,0.0,0.0
954542930480346202,0.0,0.0,0.0,0.0,0.0
954542930546452101,0.0,0.0,0.0,0.0,0.0
955342928159200301,0.0,0.0,0.0,0.0,0.0
955342930473324302,0.0,0.0,0.0,0.0,0.0
955542930480227901,0.0,0.0,0.0,0.0,0.0
955642930531170101,0.0,0.0,0.0,0.0,0.0
955742930539644702,0.0,0.0,0.0,0.0,0.0
956042929141354202,0.0,0.0,0.0,0.0,0.0
956142929309425801,0.0,0.0,0.0,0.0,0.0
956342930479677001,6.068965435028076,11.185064774525317,122.46654611211574,38.295284271240234,324.3668898846314
956542930473319301,0.0,0.0,0.0,0.0,0.0
956542930525395202,0.0,0.0,0.0,0.0,0.0
956542930541439401,0.0,0.0,0.0,0.0,0.0
956842930450876002,0.0,0.0,0.0,0.0,0.0
956842930527651202,0.0,0.0,0.0,0.0,0.0
956842930532920901,0.0,1.0038036587402819,0.0,0.13210199773311615,1.0038036587402819
956942928043638902,0.0,0.0,0.0,0.0,0.0
956942930479612601,0.0,0.0,0.0,0.0,0.0
956942930526853301,0.9347826242446899,27.517997671960696,144.6106032906764,101.06732940673828,1265.8278736274901
957142930548126201,0.0,0.0,0.0,0.0,0.0
957442930455747502,2.4885497093200684,6.040313818373582,137.55629909805063,78.75419616699219,791.2811131326133
957642928954607202,0.0,0.0,0.0,0.0,0.0
957842930530259601,3.444444417953491,4.5497469546427824,11.734802590348862,3.988060712814331,40.94772315279337
957942930479052102,0.0,0.0,0.0,0.0,0.0
958242930542525701,3.0199999809265137,5.430113927838577,89.68043775649795,41.63776779174805,271.505693816095
958442930462254801,0.0,0.0,0.0,0.0,0.0
958542928258080802,0.0,0.0,0.0,0.0,0.0
958742930518895201,0.0,0.0,0.0,0.0,0.0
958942930527515102,0.0,0.0,0.0,0.0,0.0
959042930526136701,0.0,0.0,0.0,0.0,0.0
959442930546133502,0.0,0.0,0.0,0.0,0.0
959742930537123502,0.0,0.0,0.0,0.0,0.0
959942930543369201,0.0,0.0,0.0,0.0,0.0
961142930351069302,0.0,0.0,0.0,0.0,0.0
961142930461546202,0.0,0.0,0.0,0.0,0.0
961142930517747501,0.0,0.0,0.0,0.0,0.0
961242930455161301,0.0,0.0,0.0,0.0,0.0
961242930464261901,0.0,0.0,0.0,0.0,0.0
961442930467759901,0.0,0.0,0.0,0.0,0.0
961442930518773602,0.0,0.0,0.0,0.0,0.0
961442930532689401,0.0,0.0,0.0,0.0,0.0
961542929346340301,4.800000190734863,18.868833059942173,56.270462633451956,5.834865570068359,94.34416372496038
961942929839471701,0.0,0.0,0.0,0.0,0.0
961942930515553502,0.0,0.0,0.0,0.0,0.0
962142930530993302,0.8684210777282715,17.827002905205433,435.46796657381617,229.8413543701172,2709.7044101491942
962342930452810602,6.820000171661377,7.946404900994745,109.84152902902903,37.12100601196289,397.32023840074663
962342930468882301,0.0,0.0,0.0,0.0,0.0
962342930508053501,0.0,0.0,0.0,0.0,0.0
962442928210611301,0.0,0.0,0.0,0.0,0.0
962542930463322701,2.4788732528686523,8.043843009750868,151.66469266898102,53.31058120727539,571.1128650343562
962642930469208602,0.0,0.0,0.0,0.0,0.0
962742929456836401,0.0,0.0,0.0,0.0,0.0
962842930531880501,0.0,0.0,0.0,0.0,0.0
962942927979853501,0.0,0.0,0.0,0.0,0.0
962942930460668301,3.0,6.641399627397165,21.82573652028905,4.182704925537109,26.565597695334212
963042930532763301,0.0,0.0,0.0,0.0,0.0
963342928043761402,3.314814805984497,5.554186332987552,69.05186721991701,44.0035285949707,299.92605680220356
963342930518326502,3.3333332538604736,5.212914864735634,37.20707242434546,19.250947952270508,109.47121084680852
963442928683947202,0.0,0.0,0.0,0.0,0.0
963442930510408502,0.0,0.0,0.0,0.0,0.0
963442930516942101,0.0,0.0,0.0,0.0,0.0
963642929658219501,0.0,0.0,0.0,0.0,0.0
963642930509821701,3.288461446762085,4.7510892492824786,121.2203395691414,60.88789749145508,494.1132640169841
963742930449124201,0.0,0.0,0.0,0.0,0.0
963842930450989202,0.0,0.0,0.0,0.0,0.0
963842930527426602,0.0,0.0,0.0,0.0,0.0
963842930531766301,0.0,0.0,0.0,0.0,0.0
963842930546998002,0.0,0.0,0.0,0.0,0.0
963942930460038501,0.0,0.0,0.0,0.0,0.0
964042930464943902,0.0,0.0,0.0,0.0,0.0
964142930516904502,3.1973683834075928,18.712772505856048,139.19676320272572,94.24385833740234,1422.170715513993
964142930517458502,0.0,0.0,0.0,0.0,0.0
964242930529017801,0.0,0.0,0.0,0.0,0.0
964342930516445401,3.3333332538604736,56.35333066998106,249.0909090909091,25.563087463378906,338.1199918804747
964442930451204401,0.0,0.0,0.0,0.0,0.0
964442930468841802,0.0,0.0,0.0,0.0,0.0
964442930516029901,0.0,0.0,0.0,0.0,0.0
964542930534829601,4.3684210777282715,14.39270181060964,108.67296786389414,24.64293670654297,273.461342434802
964642930447303601,0.0,0.0,0.0,0.0,0.0
964642930508199002,0.0,0.0,0.0,0.0,0.0
964742928265489001,0.0,0.0,0.0,0.0,0.0
965042930523449702,0.0,0.0,0.0,0.0,0.0
965042930527584901,0.0,0.0,0.0,0.0,0.0
965242930478938802,0.0,0.0,0.0,0.0,0.0
965242930545341502,0.0,0.0,0.0,0.0,0.0
965442929269076802,0.0,0.0,0.0,0.0,0.0
965442930466459402,0.0,0.0,0.0,0.0,0.0
965542930518402902,0.0,0.0,0.0,0.0,0.0
965542930519327801,0.0,0.0,0.0,0.0,0.0
965642930507931901,0.0,0.0,0.0,0.0,0.0
965642930550576402,0.0,0.0,-1.3126804935678655,0.0,0.0
965842930462978301,4.510638236999512,13.013067975356766,186.37420718816068,58.59423065185547,611.6142096005333
965942930456290901,0.0,11.592705525606469,114.76819407008087,38.07845687866211,324.59575152191513
965942930479991401,0.0,0.0,0.0,0.0,0.0
966042930523863102,0.0,0.0,0.0,0.0,0.0
966242930458293601,0.0,0.0,0.0,0.0,0.0
966242930507778301,0.0,0.0,0.0,0.0,0.0
966242930537487801,0.0,0.0,0.0,0.0,0.0
966542930452374102,3.25,9.012116681654676,34.28359712230216,2.968080997467041,36.048466586106116
966642930509129402,0.0,0.0,0.0,0.0,0.0
966842930546828601,2.200000047683716,7.640064806104317,86.00041810389882,11.3643798828125,152.80129314911855
967142930464488001,0.0,0.0,0.0,0.0,0.0
967142930547103301,0.0,0.0,0.0,0.0,0.0
967242930460534302,3.692307710647583,12.607244596048513,67.93427230046949,16.47089195251465,163.89417850691387
967242930472745001,0.0,0.0,0.0,0.0,0.0
967342930528042701,0.0,0.0,0.0,0.0,0.0
967442930520025701,0.0,0.0,0.0,0.0,0.0
967842930463013002,0.0,0.0,0.0,0.0,0.0
967842930542203001,0.0,0.0,0.0,0.0,0.0
968142930475744302,1.7999999523162842,14.380880137148823,82.50341685649202,124.75581359863281,934.7571937022285
968142930477114302,0.0,0.0,0.0,0.0,0.0
968242930522030001,0.0,0.0,0.0,0.0,0.0
968342930475811501,0.0,0.0,0.0,0.0,0.0
968442930465095302,0.0,0.0,0.0,0.0,0.0
968542930461923801,0.0,0.0,0.0,0.0,0.0
968542930529489202,3.9000000953674316,22.18098136829653,113.70031545741325,12.993729591369629,221.80981349042537
968542930532377101,0.0,0.0,0.0,0.0,0.0
968642930464498502,4.620689868927002,9.117510841006325,137.81696428571428,60.7341423034668,528.8156270242873
968742929476694201,0.0,0.0,0.0,0.0,0.0
969142928602042001,0.0,0.0,0.0,0.0,0.0
969242930522298301,0.0,0.0,0.0,0.0,0.0
969342930519945302,0.0,0.0,0.0,0.0,0.0
969342930533498502,0.0,0.0,0.0,0.0,0.0
969442928865184902,0.0,0.0,0.0,0.0,0.0
969542928213898601,0.0,4.770512315093494,0.0,0.416559636592865,4.770512315093494
969742930530626001,0.0,0.0,0.0,0.0,0.0
969842930524830001,3.4861111640930176,36.677272589631784,411.8410852713178,106.5785903930664,2640.7635839794034
969942930469259302,0.0,0.0,0.0,0.0,0.0
971242930533584501,0.0,0.0,0.0,0.0,0.0
971542930543396901,0.0,0.0,0.0,0.0,0.0
971642930528796401,0.0,0.0,0.0,0.0,0.0
971842928119434301,0.0,0.0,0.0,0.0,0.0
971942930462817402,0.0,0.0,0.0,0.0,0.0
972142930534486401,0.0,0.0,0.0,0.0,0.0
972242930466527502,0.0,0.0,0.0,0.0,0.0
972342930456637902,0.0,0.0,0.0,0.0,0.0
972442930463760402,0.0,0.0,0.0,0.0,0.0
972542928779048802,0.0,0.0,0.0,0.0,0.0
972642928168076602,0.0,0.0,0.0,0.0,0.0
972842930545512801,0.0,0.0,0.0,0.0,0.0
973142930549041502,0.0,0.0,0.0,0.0,0.0
973242930455705001,0.0,0.0,0.0,0.0,0.0
973242930523546102,0.0,0.0,0.0,0.0,0.0
973342930468039502,0.0,0.0,0.0,0.0,0.0
973442930476837301,0.0,0.0,0.0,0.0,0.0
973542930517808201,0.0,0.0,0.0,0.0,0.0
973642930459367202,0.0,0.0,0.0,0.0,0.0
973742930459430801,0.0,0.0,0.0,0.0,0.0
973742930459958501,0.0,0.0,0.0,0.0,0.0
973842930533953702,0.0,0.0,0.0,0.0,0.0
974142930460705201,0.0,0.0,0.0,0.0,0.0
974342930474992301,0.0,0.0,0.0,0.0,0.0
974342930526845102,0.0,0.0,0.0,0.0,0.0
974342930550376201,0.0,0.0,0.0,0.0,0.0
974542928135600801,0.0,0.0,0.0,0.0,0.0
974642930459633401,3.125,4.463396117696361,112.18505747126437,74.13440704345703,428.4860147761202
974742930478575402,0.0,0.0,0.0,0.0,0.0
974742930529994401,0.0,0.0,0.0,0.0,0.0
974742930550060201,0.0,0.0,0.0,0.0,0.0
974942930457040201,0.0,0.0,0.0,0.0,0.0
974942930543725101,0.0,0.0,0.0,0.0,0.0
975042930510541501,0.0,0.0,0.0,0.0,0.0
975242930453297801,0.0,0.0,0.0,0.0,0.0
975242930461071801,0.0,0.0,0.0,0.0,0.0
975842928932504301,0.0,0.0,0.0,0.0,0.0
975842929372830602,3.3529412746429443,5.427762764489421,48.649678012879484,9.004791259765625,92.27196475031624
975842930459401601,0.0,0.0,0.0,0.0,0.0
975942930550236302,0.0,0.0,0.0,0.0,0.0
976042930510456402,0.0,0.0,0.0,0.0,0.0
976142930517873802,0.0,0.0,0.0,0.0,0.0
976342930474245901,0.0,0.0,0.0,0.0,0.0
976542930455330202,0.0,0.0,0.0,0.0,0.0
976642928236013301,0.0,0.0,0.0,0.0,0.0
976642930525848502,0.0,0.0,0.0,0.0,0.0
976742930515539501,0.0,0.0,0.0,0.0,0.0
976842930528358801,0.0,0.0,0.0,0.0,0.0
976942929166149801,0.0,0.0,0.0,0.0,0.0
976942929649420101,0.0,0.0,0.0,0.0,0.0
976942930517612501,0.0,0.0,0.0,0.0,0.0
976942930544036701,0.96875,5.501620488677465,53.876788803270955,54.501773834228516,528.1555543489511
977042929761804101,0.0,0.0,0.0,0.0,0.0
977042929766082001,0.0,0.0,0.0,0.0,0.0
977042930453187802,0.0,0.0,0.0,0.0,0.0
977042930455229602,0.0,0.0,0.0,0.0,0.0
977042930520193801,0.0,0.0,0.0,0.0,0.0
977242930456572102,4.7580647468566895,24.733669181034482,363.3103448275862,91.36283874511719,1533.4874180497795
977442930530523401,0.0,0.0,0.0,0.0,0.0
977542929575506301,0.0,0.0,0.0,0.0,0.0
977542930452687101,0.0,0.0,0.0,0.0,0.0
977542930475079801,0.0,0.0,0.0,0.0,0.0
977742930517508802,0.0,0.0,0.0,0.0,0.0
977842930530993101,0.0,0.0,0.0,0.0,0.0
978042930473153201,0.0,0.0,0.0,0.0,0.0
978042930477375602,0.0,0.0,0.0,0.0,0.0
978042930534141902,0.0,0.0,0.0,0.0,0.0
978242930518591502,0.0,0.0,0.0,0.0,0.0
978342930537191602,0.0,0.0,0.0,0.0,0.0
978442930517492601,1.5,11.753922271728516,111.88359375,60.73427200317383,728.7431606829166
978542930508391901,3.5409836769104004,8.392494658119658,84.75080721747388,53.35665512084961,511.94219267320767
978842930400230701,0.0,0.0,0.0,0.0,0.0
978842930528686002,0.0,0.0,0.0,0.0,0.0
978942930532049202,0.0,0.0,0.0,0.0,0.0
979142930452654002,0.0,0.0,0.0,0.0,0.0
979242930527183501,0.0,0.0,0.0,0.0,0.0
979442930462990301,0.0,0.0,0.0,0.0,0.0
979442930509263301,0.0,0.0,0.0,0.0,0.0
979442930524665801,0.0,0.0,0.0,0.0,0.0
979442930525011102,0.0,0.0,0.0,0.0,0.0
979542928748781302,0.0,0.0,0.0,0.0,0.0
979542930454523202,0.0,0.0,0.0,0.0,0.0
979642930533659501,0.0,0.0,0.0,0.0,0.0
979642930535500002,0.0,0.0,0.0,0.0,0.0
979742930142546301,0.0,0.0,0.0,0.0,0.0
979742930523962802,7.5,21.414111439350798,28.492027334851937,2.2042689323425293,42.828223990959565
979842930522363902,0.0,0.0,0.0,0.0,0.0
979942930544406401,0.0,0.0,0.0,0.0,0.0
981142928030358901,0.0,0.0,0.0,0.0,0.0
981242930533902402,0.0,0.0,0.0,0.0,0.0
981342928887221701,0.0,0.0,0.0,0.0,0.0
981542930534375901,0.0,0.0,0.0,0.0,0.0
981742930459941402,0.0,0.0,0.0,0.0,0.0
981742930548355901,0.0,0.0,0.0,0.0,0.0
981942930469934001,135.0,215.28729573010017,215.28729573010017,24.33204460144043,215.28729573010017
981942930529053301,0.0,0.0,0.0,0.0,0.0
982142930455207302,0.0,0.0,0.0,0.0,0.0
982142930544994001,0.0,0.0,0.0,0.0,0.0
982242930289696801,3.799999952316284,5.277629871400251,49.18280467445743,15.706141471862793,105.55259623631014
982242930460539502,0.0,0.0,0.0,0.0,0.0
982542930479890101,0.0,0.0,0.0,0.0,0.0
982642930544558602,0.0,0.0,0.0,0.0,0.0
983042930460799001,0.0,0.0,0.0,0.0,0.0
983042930466731102,0.0,0.0,0.0,0.0,0.0
983242930451643002,0.0,0.0,0.0,0.0,0.0
983342929259477301,0.0,0.0,0.0,0.0,0.0
983342930459033601,0.0,0.0,0.0,0.0,0.0
983542930453502302,0.0,0.0,0.0,0.0,0.0
983642928131153402,0.0,0.0,0.0,0.0,0.0
983842930526950101,0.0,0.0,0.0,0.0,0.0
984142929194564701,0.0,0.0,0.0,0.0,0.0
984142930475337102,0.0,0.0,0.0,0.0,0.0
984142930540765001,0.0,0.0,0.0,0.0,0.0
984342930458719601,4.050000190734863,7.902078351748021,78.70316622691293,33.35694885253906,316.0831357407381
984442930473622301,0.0,0.0,0.0,0.0,0.0
984442930508716301,0.0,0.0,0.0,0.0,0.0
984742930461979802,0.0,0.0,0.0,0.0,0.0
984742930524745701,0.0,0.0,0.0,0.0,0.0
984842930464541401,0.0,0.0,0.0,0.0,0.0
984842930522944902,0.0,0.0,0.0,0.0,0.0
984942930471672501,1.0,0.24042432210401565,0.24045261669024046,0.024806169793009758,0.24042432210401565
985042930200071502,0.0,0.0,0.0,0.0,0.0
985142928043557302,0.0,0.0,0.0,0.0,0.0
985142930453584501,0.0,0.0,0.0,0.0,0.0
985242928800758901,0.0,0.0,0.0,0.0,0.0
985242930524502401,0.0,0.0,0.0,0.0,0.0
985342930474563601,0.0,0.0,0.0,0.0,0.0
985442927963764302,0.0,0.0,0.0,0.0,0.0
985442930524342302,0.0,0.0,0.0,0.0,0.0
985542930469752901,0.0,0.0,0.0,0.0,0.0
985642930461590101,0.0,0.0,0.0,0.0,0.0
985642930550518002,0.0,0.0,0.0,0.0,0.0
985742930534538501,0.0,0.0,0.0,0.0,0.0
986042930008347601,1.914893627166748,9.443758491847825,85.53201581027668,41.81462478637695,443.8566312224497
986042930528538801,0.0,0.0,0.0,0.0,0.0
986142929613470602,0.0,0.0,0.0,0.0,0.0
986142930459552302,0.0,0.0,0.0,0.0,0.0
986442929331698002,0.0,0.0,0.0,0.0,0.0
986642930473804201,2.304877996444702,3.9905932940736952,327.2285186204727,36.28403091430664,327.22863768931194
986642930473913701,0.0,0.0,0.0,0.0,0.0
986742930540662901,0.8823529481887817,5.72516898474614,23.358076009501186,15.193072319030762,97.3278747159908
986942930538931002,0.0,0.0,0.0,0.0,0.0
987142928113131802,0.7241379022598267,8.9779371227948,84.52739090064995,45.29572296142578,520.7203350474465
987242930522519402,0.0,0.0,0.0,0.0,0.0
987342930447013802,0.0,0.0,0.0,0.0,0.0
987342930543887301,3.9024391174316406,16.233820389218494,246.25859247135844,59.596649169921875,665.5866658113982
987342930546530302,0.0,0.0,0.0,0.0,0.0
987442930540724001,0.0,0.0,0.0,0.0,0.0
987542930462842201,0.0,0.0,0.0,0.0,0.0
987642930463086101,0.0,0.0,0.0,0.0,0.0
987842930520131102,6.0,8.977524645493396,24.65902615902616,3.8172495365142822,26.93257412617764
987842930521523001,0.0,0.0,0.0,0.0,0.0
987942930516014102,0.0,0.0,0.0,0.0,0.0
988342930518856902,0.0,0.0,0.0,0.0,0.0
988442930454093302,0.8070175647735596,7.039014204545454,98.39224242424243,95.7192611694336,802.4476383167614
988442930541634602,6.02439022064209,22.05785076167426,211.42824601366743,70.33834075927734,904.3719173596497
988542930526469502,0.0,0.0,0.0,0.0,0.0
988542930534748501,0.0,0.0,0.0,0.0,0.0
988842930463926802,0.0,0.0,0.0,0.0,0.0
988842930464065702,0.0,0.0,0.0,0.0,0.0
988842930532545401,0.0,0.0,0.0,0.0,0.0
988942930454690401,0.0,0.0,0.0,0.0,0.0
989242930473765001,0.0,0.0,0.0,0.0,0.0
989542930524500402,0.0,0.0,0.0,0.0,0.0
989542930533468702,0.0,0.0,0.0,0.0,0.0
989842930461754501,4.65217399597168,7.9277661105852655,62.99889572487774,44.72650146484375,364.6772507828368
989842930464132602,0.0,0.0,0.0,0.0,0.0
989942930456260802,0.0,0.0,0.0,0.0,0.0
991242930479098802,0.0,159.64240102171138,159.64240102171138,6.318436622619629,159.64240102171138
991342930540098101,1.529411792755127,11.025871024692544,46.31206764027671,50.24183654785156,374.8796061927039
991542930463664001,0.0,0.0,0.0,0.0,0.0
991542930518643601,0.0,0.0,0.0,0.0,0.0
991742930463945202,0.0,0.0,0.0,0.0,0.0
991842928825498401,0.0,0.0,0.0,0.0,0.0
991842930537303401,0.0,0.0,0.0,0.0,0.0
991942930511125502,0.0,0.0,0.0,0.0,0.0
992342930480155301,0.0,0.0,0.0,0.0,0.0
992542930480099201,5.400000095367432,22.512888737922705,144.22222222222223,23.658716201782227,337.6933346808245
992542930525733701,0.0,0.0,0.0,0.0,0.0
992642930459466402,0.0,0.0,0.0,0.0,0.0
992642930477821202,0.0,0.0,0.0,0.0,0.0
993042930464585401,0.0,0.0,0.0,0.0,0.0
993042930510029501,3.629213571548462,7.948827985690086,139.09700427960058,63.34402084350586,707.4456811651863
993042930544697301,0.0,0.0,0.0,0.0,0.0
993142930475756501,0.0,0.0,0.0,0.0,0.0
993142930522642001,0.0,0.0,0.0,0.0,0.0
993142930528831101,0.0,0.0,0.0,0.0,0.0
993242930533153901,0.0,0.0,0.0,0.0,0.0
993242930550348701,0.0,0.0,0.0,0.0,0.0
993342927924660101,0.0,0.0,0.0,0.0,0.0
993442930474715502,0.0,0.0,0.0,0.0,0.0
993542929118579602,0.0,0.0,0.0,0.0,0.0
993542930477441201,0.0,0.0,0.0,0.0,0.0
993642930516157402,0.0,0.0,0.0,0.0,0.0
993842929550806601,0.0,0.0,0.0,0.0,0.0
993842930464478901,2.375,9.525287445618396,91.668531178786,74.02665710449219,762.0229982809807
994042930473777501,0.0,0.0,0.0,0.0,0.0
994142930447787902,0.0,0.0,0.0,0.0,0.0
994142930465080302,0.0,0.0,0.0,0.0,0.0
994142930528868802,0.0,0.0,0.0,0.0,0.0
994342929861219802,0.0,0.0,0.0,0.0,0.0
994442929341356902,0.0,0.0,0.0,0.0,0.0
994442930527397301,2.462264060974121,17.806792301373953,193.2431302270012,90.49591827392578,1887.519955736477
994742930545699501,0.0,0.0,0.0,0.0,0.0
994842930524179102,0.0,0.0,0.0,0.0,0.0
994942930459951601,6.212766170501709,30.61236769153226,420.83870967741933,102.71166229248047,1438.7812900338122
994942930515618002,2.2352941036224365,20.471096965020575,125.9355281207133,95.45864868164062,1392.0346020671075
995042930164891701,0.0,0.0,0.0,0.0,0.0
995242930475545801,0.0,0.0,0.0,0.0,0.0
995242930476650102,3.4285714626312256,5.927870034056361,20.243685687558465,4.418705940246582,41.49509146594912
995342930544702302,0.0,0.0,0.0,0.0,0.0
995442930480700601,0.0,0.0,0.0,0.0,0.0
995642930452472602,0.0,0.0,0.0,0.0,0.0
995642930542493302,2.411764621734619,6.741414308079568,71.45751473477407,78.26382446289062,573.0202163544526
995842930518515201,0.0,0.0,0.0,0.0,0.0
995842930539241201,0.0,0.0,0.0,0.0,0.0
995942930477593501,0.0,0.0,0.0,0.0,0.0
995942930529939201,0.0,0.0,0.0,0.0,0.0
996042930476708302,0.0,0.0,0.0,0.0,0.0
996142930517008302,0.0,0.0,0.0,0.0,0.0
996142930534753101,3.125,6.307766829432449,68.3710235701335,24.093416213989258,252.31067714771854
996242930516143801,0.0,0.0,-0.8176349533006174,0.0,0.0
996642930531987401,0.0,0.0,0.0,0.0,0.0
996742930528624701,0.0,0.0,0.0,0.0,0.0
996842930454202601,0.0,0.0,0.0,0.0,0.0
996842930527901802,0.0,0.0,0.0,0.0,0.0
996942930456686002,2.7142856121063232,7.480596688200498,64.66363636363636,14.193404197692871,104.72835187140022
997042930525912602,0.0,0.0,0.0,0.0,0.0
997042930535548801,0.0,0.0,0.0,0.0,0.0
997042930547202501,0.0,0.0,0.0,0.0,0.0
997142930448340801,3.5428571701049805,8.661398971754211,74.30327056491576,24.956804275512695,303.14896862003565
997142930533991201,0.0,0.0,0.0,0.0,0.0
997442930528682401,0.0,0.0,0.0,0.0,0.0
997442930541550202,0.0,0.0,0.0,0.0,0.0
997542927924780301,0.0,0.0,0.0,0.0,0.0
997542930465068602,0.0,0.0,0.0,0.0,0.0
997542930480726001,0.0,0.0,0.0,0.0,0.0
997642930458651301,0.0,0.0,0.0,0.0,0.0
998242930519613301,0.0,0.0,0.0,0.0,0.0
998242930520997601,0.0,0.0,0.0,0.0,0.0
998342930480337001,0.0,0.0,0.0,0.0,0.0
998342930516629202,0.0,0.0,0.0,0.0,0.0
998542930468052601,0.0,0.0,0.0,0.0,0.0
998542930473876202,0.0,0.0,0.0,0.0,0.0
998642930289367002,0.0,0.0,0.0,0.0,0.0
998642930455141602,0.0,0.0,0.0,0.0,0.0
998642930528189201,0.0,0.0,0.0,0.0,0.0
998642930550792801,0.0,0.0,0.0,0.0,0.0
998742930477922401,0.0,0.0,0.0,0.0,0.0
998942930519365201,0.3695652186870575,10.576331862303407,37.677588466579294,46.47665786743164,486.5112597114293
998942930542691102,0.0,0.0,0.0,0.0,0.0
999142930447758201,5.0,1.8481652560110626,1.848133654425045,0.23442523181438446,1.8481652560110626
999142930478783801,0.0,0.0,0.0,0.0,0.0
999242930508250202,0.0,0.0,0.0,0.0,0.0
999342930468853301,0.0,0.0,0.0,0.0,0.0
999442928311744002,0.0,0.0,0.0,0.0,0.0
999442930549845202,3.0,13.964328186729016,13.964363460453116,1.9872336387634277,13.964328186729016
999542930479245001,0.0,0.0,0.0,0.0,0.0
999742930289423701,0.0,0.0,0.0,0.0,0.0
999842928912241201,0.0,0.0,0.0,0.0,0.0
999842930521939101,0.0,0.0,0.0,0.0,0.0
999842930529623202,0.0,0.0,0.0,0.0,0.0
999942930461543701,0.0,0.0,0.0,0.0,0.0
999942930462720301,0.0,0.0,0.0,0.0,0.0
999942930526263601,0.0,0.0,0.0,0.0,0.0
