BDAP,A1,A2,A3,A4,A5
111142930451558302,0.0,189.21775898520085,99.36575052854123,8.639328002929688,189.21775898520085
111142930456078402,0.0,0.0,0.0,0.0,0.0
111142930549694901,0.0,0.0,0.0,0.0,0.0
111242928159168602,0.0,0.0,0.0,0.0,0.0
111342928035516202,1.5416666269302368,4.894191614145658,161.98635854341737,74.03069305419922,587.3029941274606
111442929417157902,0.0,0.0,0.0,0.0,0.0
111642930521380602,0.0,0.0,0.0,0.0,0.0
111742930520228201,0.2195121943950653,4.824033508281038,82.98964870285307,60.858638763427734,395.5707468362431
111742930546032201,0.0,0.0,0.0,0.0,0.0
111842930472913601,0.0,0.0,0.0,0.0,0.0
111942930075789802,0.0,0.0,0.0,0.0,0.0
111942930475464201,0.0,0.0,0.0,0.0,0.0
112242929589459502,0.0,0.0,0.0,0.0,0.0
112442930475351402,0.0,0.0,0.0,0.0,0.0
112442930547500901,0.0,0.0,0.0,0.0,0.0
112542930549591602,0.0,0.0,0.0,0.0,0.0
112642930518447902,0.0,0.0,0.0,0.0,0.0
112642930527384301,0.0,0.0,0.0,0.0,0.0
112942930456488402,0.0,0.0,0.0,0.0,0.0
112942930511152602,0.0,0.0,0.0,0.0,0.0
112942930520095401,0.0,0.0,0.0,0.0,0.0
112942930526084102,0.0,0.0,0.0,0.0,0.0
112942930546542602,0.0,0.0,0.0,0.0,0.0
113042930446652901,1.7094017267227173,8.197715295521785,245.38300161377086,111.32432556152344,959.1327159372692
113042930459198201,0.0,0.0,0.0,0.0,0.0
113242929494046101,0.0,0.0,0.0,0.0,0.0
113242929989809401,0.0,0.0,0.0,0.0,0.0
113242930525412901,0.0,0.0,0.0,0.0,0.0
113342930540408502,0.0,0.0,0.0,0.0,0.0
113442928800667002,0.0,0.0,0.0,0.0,0.0
113642930452986502,0.0,0.0,0.0,0.0,0.0
113742928592687902,0.0,0.0,0.0,0.0,0.0
113842930528713802,2.6666667461395264,21.8060302734375,75.2208904109589,11.05772590637207,130.8361829992843
113942930453012402,0.0,0.0,0.0,0.0,0.0
113942930543093902,0.0,0.0,0.0,0.0,0.0
114042930544217902,0.0,0.0,0.0,0.0,0.0
114242930474451702,0.0,0.0,0.0,0.0,0.0
114342930531636602,0.0,0.0,0.0,0.0,0.0
114442930473232502,0.0,0.0,0.0,0.0,0.0
114542930460128001,0.0,0.0,0.0,0.0,0.0
114642930550556102,0.0,0.0,0.0,0.0,0.0
114742930453726801,0.0,0.0,0.0,0.0,0.0
114742930536446301,0.0,0.0,0.0,0.0,0.0
114842930517178501,2.136752128601074,5.059843076508621,141.5494252873563,61.139976501464844,592.0016256200856
115042930473371901,0.0,0.0,0.0,0.0,0.0
115142930468670302,1.75,4.59662654978042,46.14738646101114,79.85122680664062,606.7546861202368
115142930475433101,0.0,0.0,0.0,0.0,0.0
115242928210658501,0.0,0.0,0.0,0.0,0.0
115242930059291902,0.0,0.0,0.0,0.0,0.0
115242930541272802,0.0,0.0,0.0,0.0,0.0
115242930543567601,0.0,0.0,0.0,0.0,0.0
115642930548436401,0.0,0.0,0.0,0.0,0.0
115742928293162401,0.0,0.0,0.0,0.0,0.0
115742930529898402,0.0,0.0,0.0,0.0,0.0
116142930549453302,0.0,0.0,0.0,0.0,0.0
116242928577698301,0.0,0.0,0.0,0.0,0.0
116242930137942201,0.0,0.0,0.0,0.0,0.0
116242930508328601,0.0,0.0,0.0,0.0,0.0
116342930537140702,0.0,0.0,0.0,0.0,0.0
116442929000220902,0.0,0.0,0.0,0.0,0.0
116442930516457902,0.0,0.0,0.0,0.0,0.0
116542930525090302,0.0,0.0,0.0,0.0,0.0
116542930529336002,0.0,0.0,0.0,0.0,0.0
116642930529136802,0.0,0.0,0.0,0.0,0.0
116642930539090401,2.0368099212646484,4.219290681424959,83.23468346568475,77.719970703125,687.744392551053
116742928739525602,0.0,0.0,0.0,0.0,0.0
116742930532472902,0.0,0.0,0.0,0.0,0.0
116742930546334201,0.0,0.0,0.0,0.0,0.0
116842930454465301,15.399999618530273,4.853241192771356,72.79880801878274,3.5212156772613525,72.79862046891954
117042930453153601,3.3246753215789795,5.693746914088216,103.06398946675445,53.65891647338867,438.41851151788444
117042930548083602,4.22857141494751,17.444276321765987,559.8313953488372,63.2290153503418,1221.099300927894
117142930529346502,0.0,0.0,0.0,0.0,0.0
117242930542099701,0.0,0.0,0.0,0.0,0.0
117442930538907902,0.0,0.0,0.0,0.0,0.0
117642930521238202,0.0,0.0,0.0,0.0,0.0
117742930508207301,0.0,0.0,0.0,0.0,0.0
117742930530612302,156.0,2.644406599339431,2.6447154471544714,0.1690639704465866,2.644406599339431
117842930473510401,3.1636364459991455,4.335428346540839,34.913915559647506,21.18702507019043,238.4485522572122
118242930535103802,0.0,0.0,0.0,0.0,0.0
118742929012963801,0.0,0.0,0.0,0.0,0.0
118742929424205701,1.0,20.018839032667064,47.1527446300716,6.251053810119629,60.05651549564626
118742930461810902,0.0,0.0,0.0,0.0,0.0
118742930524063701,0.0,0.0,0.0,0.0,0.0
118742930527891202,0.0,0.0,0.0,0.0,0.0
118742930530890402,0.0,0.0,0.0,0.0,0.0
118742930533556102,0.0,0.0,0.0,0.0,0.0
118742930534065002,0.0,0.0,0.0,0.0,0.0
118842930455593301,0.0,0.0,0.0,0.0,0.0
119042929528989701,0.0,0.0,0.0,0.0,0.0
119142930531415701,0.0,0.0,0.0,0.0,0.0
119242930463926601,0.0,0.0,0.0,0.0,0.0
119442930526684402,0.0,0.0,0.0,0.0,0.0
119542930473450501,0.0,0.0,0.0,0.0,0.0
119642930460902801,0.0,0.0,0.0,0.0,0.0
119642930474784802,0.0,0.0,0.0,0.0,0.0
119642930543451002,0.0,0.0,0.0,0.0,0.0
119742930531276501,0.0,0.0,0.0,0.0,0.0
119942930518238201,0.0,0.0,0.0,0.0,0.0
119942930529966301,0.0,0.0,0.0,0.0,0.0
121242929321210202,361.0,2.564858843762611,2.5649717514124295,0.2948160171508789,2.564858843762611
121242930508820902,0.7207792401313782,5.168659746036341,56.328404738576644,89.79817199707031,795.9736274704968
121242930520578002,0.0,0.0,0.0,0.0,0.0
121342930459339902,0.0,0.0,0.0,0.0,0.0
121342930532867601,0.0,0.0,0.0,0.0,0.0
121642928932197502,1.7295597791671753,6.8286146180514224,306.2048565646947,137.4786834716797,1085.7496972794959
121642930531710102,3.1578948497772217,3.4164877778369807,49.34518798440875,19.721023559570312,194.73980005608982
121742928857169102,0.0,0.0,0.0,0.0,0.0
121942930532691902,3.0,5.365725803831358,24.36338116032439,5.780697822570801,48.29153271677291
122042930453747502,0.0,0.0,0.0,0.0,0.0
122142930476059801,0.0,0.0,0.0,0.0,0.0
122142930524050702,0.0,0.0,0.0,0.0,0.0
122242930516823202,0.0,0.0,0.0,0.0,0.0
122242930542103301,0.0,0.0,0.0,0.0,0.0
122342929604572701,0.0,0.0,0.0,0.0,0.0
122342930478315301,0.0,0.0,0.0,0.0,0.0
122342930518922302,0.0,0.0,0.0,0.0,0.0
122342930519827402,0.0,0.0,0.0,0.0,0.0
122642930459111602,2.107142925262451,11.388807593717345,169.92058516196448,21.435277938842773,318.8866184756798
122642930550255802,1.3714286088943481,10.680996737637363,175.7924297924298,46.914695739746094,373.83489293434974
122742930457734301,0.0,0.0,0.0,0.0,0.0
122742930471847401,3.0,43.176003900613274,43.17604617604618,5.872925758361816,43.176003900613274
122842930473415802,3.625,12.686207134955753,98.32566371681416,48.512088775634766,405.9586159495126
122842930534949401,3.5416667461395264,7.019238862851922,69.3513806172171,84.08965301513672,505.38517990690605
122842930544924201,0.0,200.88261907259758,71.08938313050777,24.82867431640625,200.88261907259758
122942929194588301,0.0,0.0,0.0,0.0,0.0
123042930475944402,0.0,0.0,0.0,0.0,0.0
123142930463041001,0.0,0.0,0.0,0.0,0.0
123142930474506401,0.0,0.0,0.0,0.0,0.0
123242929642362602,0.0,0.0,0.0,0.0,0.0
123442930527137401,2.5999999046325684,7.86631660329226,76.99460916442048,23.02229881286621,157.32633718932001
123442930543516602,0.0,0.0,0.0,0.0,0.0
123542930548721902,0.0,0.0,0.0,0.0,0.0
123642930526093702,0.0,0.0,0.0,0.0,0.0
123642930543678502,0.0,0.0,0.0,0.0,0.0
123742930477029802,0.0,25.045477642276424,136.61672473867597,159.9248046875,4959.004537398582
123742930480013402,0.0,0.0,0.0,0.0,0.0
123842930472867801,0.0,0.0,0.0,0.0,0.0
123942930458498402,0.0,0.0,0.0,0.0,0.0
124242930458525101,1.827957034111023,8.850717127088794,99.15334207077326,57.36146545410156,823.1167093479462
124242930509420702,0.0,0.0,0.0,0.0,0.0
124342930525826602,0.0,0.0,0.0,0.0,0.0
124342930527986701,0.0,0.0,0.0,0.0,0.0
124542930520334001,0.2957746386528015,4.779446209265564,13.494163424124514,51.3454475402832,339.3406756130174
124742930477121702,3.5,12.368834230604678,23.715915573302908,1.3667032718658447,24.737667764858458
124942927917484702,0.0,0.0,0.0,0.0,0.0
125042930526270701,3.5,38.573042008776895,540.0232163080408,34.380882263183594,540.0225962102076
125042930531186701,0.0,0.0,0.0,0.0,0.0
125142930542024401,0.0,9.749550831718347,0.0,127.68009185791016,994.4541700208731
125242930523820602,2.5411765575408936,11.280005938728703,107.69986893840105,100.3600845336914,958.800542098979
125342930454820802,4.779411792755127,6.49661755003658,441.77090301003346,47.041160583496094,441.76999986610286
125442929568624202,0.0,0.0,0.0,0.0,0.0
125442929765978601,1.90816330909729,8.237906686883223,90.04802631578947,106.48548889160156,807.3148409291317
125442930529058102,0.0,0.0,0.0,0.0,0.0
125442930531011902,0.0,0.0,0.0,0.0,0.0
125742930453762001,0.0,0.0,0.0,0.0,0.0
125742930530905702,0.0,0.0,0.0,0.0,0.0
126142928602946801,0.0,0.0,0.0,0.0,0.0
126142930532118001,0.0,0.0,0.0,0.0,0.0
126442930456035301,0.0,0.0,0.0,0.0,0.0
126442930459684102,0.0,0.0,0.0,0.0,0.0
126542930458708001,0.0,0.0,0.0,0.0,0.0
126542930517020901,0.0,0.0,0.0,0.0,0.0
126542930526631202,0.0,0.0,0.0,0.0,0.0
126742930534060501,0.0,0.0,0.0,0.0,0.0
126842930458679802,0.0,0.0,0.0,0.0,0.0
127042930509937601,0.0,0.0,0.0,0.0,0.0
127242930465170502,0.0,0.0,0.0,0.0,0.0
127342930544319402,0.0,0.0,0.0,0.0,0.0
127442930521046502,3.3333332538604736,31.01310159449971,52.32650672908133,12.712127685546875,93.0393082120392
127442930526713101,2.767441749572754,10.780789737116992,237.1476323119777,118.47294616699219,1390.7218921076953
127542929927508201,0.0,0.0,0.0,0.0,0.0
127742930538769502,0.0,0.0,0.0,0.0,0.0
127842930478658501,0.0,0.0,0.0,0.0,0.0
127942930476460801,0.0,0.0,0.0,0.0,0.0
128042930530738002,0.0,0.0,0.0,0.0,0.0
128042930530834301,0.0,0.0,0.0,0.0,0.0
128242930475470402,0.0,7.340349965750889,0.0,23.61615562438965,176.16840004581977
128242930533241301,0.0,0.0,0.0,0.0,0.0
128342930480027202,0.0,0.0,0.0,0.0,0.0
128442930525819801,0.0,0.0,0.0,0.0,0.0
128442930543538501,0.0,0.0,0.0,0.0,0.0
128542930509668001,0.0,0.0,0.0,0.0,0.0
128642930463054502,0.0,0.0,0.0,0.0,0.0
128642930516861302,0.0,0.0,0.0,0.0,0.0
129242930521771901,0.0,0.0,0.0,0.0,0.0
129342929605912602,0.0,0.0,0.0,0.0,0.0
129342930475939201,0.0,0.0,0.0,0.0,0.0
129442930457306502,1.875,15.866255821291782,161.941504178273,92.09579467773438,1523.1605185399812
129542928219724801,0.0,0.0,0.0,0.0,0.0
129542930532555102,0.0,0.0,0.0,0.0,0.0
129542930538128702,0.0,90.29279352139406,0.0,13.493993759155273,90.29279352139406
129642930544823502,0.0,0.0,0.0,0.0,0.0
129742930546105901,0.0,0.0,0.0,0.0,0.0
129742930549689001,0.0,0.0,0.0,0.0,0.0
129942930463915001,0.0,0.0,0.0,0.0,0.0
129942930517119002,0.0,0.0,0.0,0.0,0.0
131242930547233301,0.0,0.0,0.0,0.0,0.0
131342930449411402,2.0,7.860334205926555,37.01934134866701,5.193810939788818,39.301672178229545
131742930464510202,0.0,0.0,0.0,0.0,0.0
131942930456273702,0.0,0.0,0.0,0.0,0.0
132042930544478501,0.0,0.0,0.0,0.0,0.0
132142930516846102,0.0,0.0,0.0,0.0,0.0
132142930543892602,0.0,0.0,0.0,0.0,0.0
132242930544450901,0.0,0.0,0.0,0.0,0.0
132242930546422601,0.0,0.0,0.0,0.0,0.0
132342930477421702,0.0,0.0,0.0,0.0,0.0
132342930525346801,0.0,0.0,0.0,0.0,0.0
132442930316683302,344.0,56.81818181818182,56.81818181818182,5.1317315101623535,56.81818181818182
132642930457432501,2.7647058963775635,6.220746772530284,119.16457811194654,98.01246643066406,740.2688533646322
132642930528427002,0.7272727489471436,18.67164375917319,120.3307240704501,121.74545288085938,1232.3284602678452
133042930530349202,0.0,0.0,0.0,0.0,0.0
133042930549781002,0.0,0.0,0.0,0.0,0.0
133242930477853802,0.0,0.0,0.0,0.0,0.0
133342930526510901,0.0,0.0,0.0,0.0,0.0
133442929373095001,0.0,0.0,0.0,0.0,0.0
133742930510374501,0.0,0.0,0.0,0.0,0.0
133842928067730402,0.19354838132858276,16.54616752680201,0.27007299270072993,50.95909118652344,512.931167089156
133942930515980301,0.0,0.0,0.0,0.0,0.0
133942930517455202,3.2051281929016113,10.042613841869214,117.10493827160494,42.013519287109375,391.66194324728883
133942930519424601,0.0,0.0,0.0,0.0,0.0
134042929268266502,0.0,0.0,0.0,0.0,0.0
134142930456974502,0.0,0.0,0.0,0.0,0.0
134342930526904002,0.0,0.0,0.0,0.0,0.0
134342930541890202,0.0,0.0,0.0,0.0,0.0
134442928030278202,3.1136362552642822,9.097118085400295,80.45972495088408,41.18702697753906,400.27317940088057
134442930530421902,0.0,0.0,0.0,0.0,0.0
134542928005472101,2.45652174949646,8.841233870359192,235.23060670087534,97.57083892822266,813.3935424638881
134542930452103202,2.0,4.360213626389113,15.354968593976485,2.490511178970337,17.440854945453896
134542930479743002,0.0,0.0,0.0,0.0,0.0
134542930515885601,0.0,0.0,0.0,0.0,0.0
134642930516950001,0.0,0.0,0.0,0.0,0.0
134642930545090501,0.0,0.0,0.0,0.0,0.0
134942930519119102,2.7333333492279053,7.609356179737687,74.95717344753747,14.71124267578125,114.14034132375451
134942930538026601,0.0,0.0,0.0,0.0,0.0
135042930544385201,0.0,6.946597680241485,0.0,86.3372573852539,534.8880140788059
135142930528286501,2.545454502105713,14.591505853226653,64.90241343126968,10.859651565551758,160.50656094305913
135242929303665102,0.0,0.0,0.0,0.0,0.0
135442930470672302,1.9890109300613403,7.426241167336774,131.35717714834374,58.512115478515625,675.7879492514304
135442930477857901,0.0,0.0,0.0,0.0,0.0
135442930507917802,0.0,0.0,0.0,0.0,0.0
135442930542827201,0.0,0.0,0.0,0.0,0.0
135542928235893302,0.0,0.0,0.0,0.0,0.0
135642930479563102,0.0,0.0,0.0,0.0,0.0
135742930519956701,0.0,0.0,0.0,0.0,0.0
135842928236098401,0.0,0.0,0.0,0.0,0.0
135842930536357601,0.0,0.0,0.0,0.0,0.0
136042930476722802,0.0,0.0,0.0,0.0,0.0
136142930455392102,0.0,0.0,0.0,0.0,0.0
136142930458954702,0.0,0.0,0.0,0.0,0.0
136242930459147501,0.0,0.0,0.0,0.0,0.0
136242930477909801,0.0,0.0,0.0,0.0,0.0
136442929721382302,0.0,0.0,0.0,0.0,0.0
136542928086560001,0.0,0.0,0.0,0.0,0.0
136542930528454802,2.9166667461395264,7.395873913166215,65.73125564588979,15.217079162597656,88.75048474567693
136642929104783902,0.0,0.0,0.0,0.0,0.0
136642930473633302,0.0,0.0,0.0,0.0,0.0
136642930516789801,0.0,0.0,0.0,0.0,0.0
136642930523848802,0.0,0.0,0.0,0.0,0.0
136642930529001601,0.0,0.0,0.0,0.0,0.0
136642930529692001,0.0,0.0,0.0,0.0,0.0
136742930447072601,0.0,0.0,0.0,0.0,0.0
136742930524580802,0.0,0.0,0.0,0.0,0.0
136742930529409401,0.0,0.0,0.0,0.0,0.0
136842930473053701,0.0,5.672917126766785,0.0,1.4983572959899902,11.3458344692055
136842930509823702,1.9078013896942139,5.853765889656532,72.153920269782,77.31840515136719,825.3809810970182
137142930450130801,0.04729729890823364,3.473696492340166,14.997982158028886,71.3947982788086,514.1070735383662
137142930542063202,2.200000047683716,28.06066002833753,66.36523929471032,10.504239082336426,140.30329952672386
137142930548214702,0.0,0.0,0.0,0.0,0.0
137242930534526902,0.0,0.0,0.0,0.0,0.0
137442928091164701,0.0,0.0,0.0,0.0,0.0
137442930473557502,2.7799999713897705,6.197394321480407,116.40255442670536,35.515384674072266,309.86971537419777
137442930517981002,3.085470199584961,3.8256202290076335,75.23191566703017,87.31324768066406,447.5975668086842
137642930535030001,0.0,0.0,0.0,0.0,0.0
137742930541310502,0.0,0.0,0.0,0.0,0.0
137842930529236702,2.5714285373687744,12.034019685734464,56.463276836158194,2.7211828231811523,84.23813504149011
138042930472490102,0.0,0.0,0.0,0.0,0.0
138042930532021202,0.0,0.0,0.0,0.0,0.0
138242930467934502,0.0,62.598267975946776,0.0,6.865782260894775,62.598267975946776
138242930516299601,0.0,0.0,0.0,0.0,0.0
138542930473712401,2.410071849822998,4.758733878187471,133.0731937667244,82.87545013427734,661.4639897267687
138542930510041202,0.0,0.0,0.0,0.0,0.0
138642930447265701,0.0,0.0,0.0,0.0,0.0
138642930528352101,0.0,0.0,0.0,0.0,0.0
138742930466694401,0.0,0.0,0.0,0.0,0.0
138842930447969802,0.0,0.0,0.0,0.0,0.0
138842930510699801,0.0,0.0,0.0,0.0,0.0
139042930518753001,0.0,0.0,0.0,0.0,0.0
139242929091334801,0.0,0.0,0.0,0.0,0.0
139242930528119601,2.7333333492279053,12.965824392844707,189.89275766016712,9.343053817749023,194.4873673484186
139342930529079402,0.0,0.0,0.0,0.0,0.0
139342930536041402,0.0,0.0,0.0,0.0,0.0
139642930470719502,0.0,0.0,0.0,0.0,0.0
139842927994817202,2.0136985778808594,6.038553712720633,102.53560559951309,41.7993278503418,440.81440747555723
139842930508561902,2.0,9.517537627739928,20.784063981042653,3.311654567718506,38.07015155954949
139942930542738402,0.0,0.0,0.0,0.0,0.0
141142929230384801,0.0,0.0,0.0,0.0,0.0
141342930533725002,0.0,0.0,0.0,0.0,0.0
141542927945008302,0.0,0.0,0.0,0.0,0.0
141942930527918802,0.0,0.0,0.0,0.0,0.0
142042928242898502,0.0,0.0,0.0,0.0,0.0
142242930521644402,0.0,0.0,0.0,0.0,0.0
142242930527228701,0.0,0.0,0.0,0.0,0.0
142342930479210702,0.0,0.0,0.0,0.0,0.0
142342930543992402,0.0,0.0,0.0,0.0,0.0
142542930456763202,0.0,0.0,0.0,0.0,0.0
142542930510792801,0.0,0.0,0.0,0.0,0.0
142542930528712602,0.0,0.0,0.0,0.0,0.0
142642930466984202,0.0,0.0,0.0,0.0,0.0
142742930454799701,0.0,0.0,0.0,0.0,0.0
142742930545407002,0.0,0.0,0.0,0.0,0.0
142842930526424402,0.0,0.0,0.0,0.0,0.0
142942930519535801,0.4571428596973419,3.176906110897107,61.802345488786166,79.57980346679688,333.57513025953557
142942930526801701,0.0,0.0,0.0,0.0,0.0
142942930544449401,0.0,0.0,0.0,0.0,0.0
143042930462302501,0.0,0.0,0.0,0.0,0.0
143342930519396801,12.5,23.139577934098483,44.42798963346909,23.549049377441406,138.8374676045909
143442930473411701,0.0,0.0,0.0,0.0,0.0
143542930508193002,0.0,0.0,0.0,0.0,0.0
143942930476759202,0.0,0.0,0.0,0.0,0.0
143942930547024101,0.0,0.0,0.0,0.0,0.0
144042930518784002,0.0,0.0,0.0,0.0,0.0
144142930516627302,1.7101448774337769,8.07969983634819,182.8315010993404,91.38517761230469,1114.9985694065585
144242928758061801,0.0,0.0,0.0,0.0,0.0
144342930516888102,0.0,0.0,0.0,0.0,0.0
144342930536405301,2.75,7.849376359258492,21.367025683512843,4.633289813995361,31.397505032492752
144342930546083402,0.0,0.0,0.0,0.0,0.0
144442930475711802,0.0,0.0,0.0,0.0,0.0
144542930477317802,2.582677125930786,6.039472528490393,98.60363859362224,96.9869613647461,767.0130088436536
144642930465883002,0.0,0.0,0.0,0.0,0.0
144642930473806401,0.0,0.0,0.0,0.0,0.0
144642930532617302,1.0,5.811225824147785,11.622507994828876,1.7765464782714844,11.62245177288254
144742930542766901,0.0,0.0,0.0,0.0,0.0
144842930530614201,0.0,0.0,0.0,0.0,0.0
144942930519506501,0.0,0.0,0.0,0.0,0.0
145042930473345201,0.0,0.0,0.0,0.0,0.0
145042930516473101,1.0,2.426666631931212,7.089939024390244,0.8770198822021484,7.280000174917826
145142930461490302,0.0,105.20633603736479,47.948869223205506,12.210901260375977,105.20633603736479
145242930530017602,0.0,0.0,0.0,0.0,0.0
145342929703889902,1.0750000476837158,12.088483744810201,258.5996441281139,132.22607421875,1450.6180078047169
145542930449651701,0.0,0.0,0.0,0.0,0.0
145542930461706001,0.0,0.0,0.0,0.0,0.0
145542930537934402,0.0,0.0,0.0,0.0,0.0
145642930539008501,0.0,0.0,0.0,0.0,0.0
145842930447522202,0.0,0.0,0.0,0.0,0.0
145842930541202802,0.0,0.0,0.0,0.0,0.0
145942929820831802,0.0,0.0,0.0,0.0,0.0
146142930450300301,2.0,50.61912258227483,50.6189376443418,5.7125043869018555,50.61912258227483
146142930463763601,0.0,0.0,0.0,0.0,0.0
146242930520059602,0.0,0.0,0.0,0.0,0.0
146542930451341801,0.0,0.0,0.0,0.0,0.0
146642930536166401,0.0,0.0,0.0,0.0,0.0
146642930542554401,0.0,0.0,0.0,0.0,0.0
146742930476644701,0.0,0.0,0.0,0.0,0.0
146742930509457302,0.0,0.0,0.0,0.0,0.0
146842930530364101,0.0,0.0,0.0,0.0,0.0
146842930542607102,0.0,0.0,0.0,0.0,0.0
146942928726482201,0.0,0.0,0.0,0.0,0.0
147042929295093101,1.2903225421905518,7.071887789629725,1973.0566207985562,181.35986328125,1973.0566858056395
147042930517911201,0.0,0.0,0.0,0.0,0.0
147342930463839802,0.0,0.0,0.0,0.0,0.0
147442930452303701,0.0,0.0,0.0,0.0,0.0
147442930533789501,0.0,0.0,0.0,0.0,0.0
147542930462402502,3.1666667461395264,8.047015024644338,32.968186400806545,13.262516975402832,96.56418218449221
147642929372880402,0.0,0.0,0.0,0.0,0.0
147642930528895902,0.0,0.0,0.0,0.0,0.0
147842930535076502,0.0,0.0,0.0,0.0,0.0
148042930511023901,0.0,0.0,0.0,0.0,0.0
148142930539768402,0.0,0.0,0.0,0.0,0.0
148242929249038602,0.0,0.0,0.0,0.0,0.0
148342930537454201,0.0,0.0,0.0,0.0,0.0
148542930479380901,0.0,0.0,0.0,0.0,0.0
148642930479971702,0.0,0.0,0.0,0.0,0.0
148942930528636601,0.0,0.0,0.0,0.0,0.0
149042930519576702,0.0,0.0,0.0,0.0,0.0
149242930469838702,4.3125,7.387056221773019,88.96445221445221,77.8538818359375,590.9644753242428
149242930523100401,0.0,0.0,0.0,0.0,0.0
149242930528314001,0.0,0.0,0.0,0.0,0.0
149242930538102502,0.0,0.0,0.0,0.0,0.0
149342930456788201,0.0,0.0,0.0,0.0,0.0
149542928726666202,0.0,0.0,0.0,0.0,0.0
149642928653501701,0.0,0.0,0.0,0.0,0.0
149642930464155901,0.0,0.0,0.0,0.0,0.0
149842930518260702,0.0,0.0,0.0,0.0,0.0
149842930550702801,0.0,0.0,0.0,0.0,0.0
151342930508974301,0.0,0.0,0.0,0.0,0.0
151542930475519001,0.0,0.0,0.0,0.0,0.0
151742927963730101,0.0,0.0,0.0,0.0,0.0
151842930448135701,0.0,0.0,0.0,0.0,0.0
151842930463750102,1.5714285373687744,59.13570106907895,413.95,14.100564002990723,413.9498970433285
151942930544978002,1.0,0.468281248341436,0.468070652173913,0.06285832077264786,0.468281248341436
152042930464035102,0.0,0.0,0.0,0.0,0.0
152042930477182301,0.0,0.0,0.0,0.0,0.0
152042930531609501,0.0,0.0,0.0,0.0,0.0
152142930534314602,0.0,116.6923093077957,0.0,16.790178298950195,116.6923093077957
152242930543096402,0.0,0.0,0.0,0.0,0.0
152342928770281901,0.0,0.0,0.0,0.0,0.0
152342930450686901,0.0,0.0,0.0,0.0,0.0
152542930476846501,2.222222328186035,7.683550361401503,130.81476641620387,72.91734313964844,829.8234387662278
153142930542972702,0.0,0.0,0.0,0.0,0.0
153342930458996002,0.0,0.0,0.0,0.0,0.0
153342930475440202,0.0,0.0,0.0,0.0,0.0
153442930467893301,0.0,0.0,0.0,0.0,0.0
153642930449164501,0.0,0.0,0.0,0.0,0.0
153642930516703902,0.0,0.0,0.0,0.0,0.0
153842930524916302,2.6694915294647217,7.910814541573868,215.66975996040583,95.85454559326172,933.4760959344877
153942930516129101,0.0,0.0,0.0,0.0,0.0
154142928025264602,0.0,0.0,0.0,0.0,0.0
154142930537343902,0.0,0.0,0.0,0.0,0.0
154342930515951901,0.0,0.0,0.0,0.0,0.0
154342930521332601,3.054054021835327,10.506155752086494,357.887961557916,157.1923370361328,1166.1832660412053
154342930532730101,0.9716312289237976,8.559319808019845,108.64277251184834,113.67524719238281,1206.8640989511498
154342930544862901,0.0,0.0,0.0,0.0,0.0
154442930342690301,0.7441860437393188,3.981445621245653,85.20118031404785,103.87556457519531,513.6064746310757
154542930547669701,0.0,0.0,0.0,0.0,0.0
154642930450207102,0.0,0.0,0.0,0.0,0.0
154642930453645502,2.5142858028411865,4.012736443105492,119.25918609245358,104.1592788696289,561.7831150083568
154742928946604302,0.0,0.0,0.0,0.0,0.0
154842930457094601,0.0,0.0,0.0,0.0,0.0
154942930521003602,0.0,0.0,0.0,0.0,0.0
155042930546029701,0.0,0.0,0.0,0.0,0.0
155142930532843201,0.0,0.0,0.0,0.0,0.0
155342930473738501,0.0,0.0,0.0,0.0,0.0
155442928135508801,3.0,1.247016837331613,5.6990902729181245,0.8381967544555664,6.2350841599631925
155442930458741801,0.0,0.0,0.0,0.0,0.0
155442930546716402,0.0,0.0,0.0,0.0,0.0
155542930467099901,0.0,0.0,0.0,0.0,0.0
155642930519275401,1.9801980257034302,3.012717111085025,93.85534205013364,49.404422760009766,304.2844213678478
155642930546746501,4.405797004699707,4.029704329648526,59.300350443207584,44.888370513916016,278.0495941476266
155942930517438602,0.0,0.0,0.0,0.0,0.0
155942930525766602,0.0,0.0,0.0,0.0,0.0
156042930537289702,158.0,9.36952861952862,9.36952861952862,1.3553118705749512,9.36952861952862
156342930522775202,0.0,0.0,0.0,0.0,0.0
156642929575390702,0.0,0.0,0.0,0.0,0.0
156742930529460202,0.0,0.0,0.0,0.0,0.0
156842930516325302,0.0,0.0,0.0,0.0,0.0
156942930521143101,0.0,0.0,0.0,0.0,0.0
157042928932618502,0.0,0.0,0.0,0.0,0.0
157042930474743902,0.0,0.0,0.0,0.0,0.0
157242930550208302,0.0,0.0,0.0,0.0,0.0
157342930469553702,0.0,0.0,0.0,0.0,0.0
157442930527548402,2.8333332538604736,6.714991727000147,98.95875383940324,45.52374267578125,322.3196066063678
157642930523961501,1.6717556715011597,8.92172483136342,315.47039159503345,148.02296447753906,1168.7459425429788
157742930545228701,0.0,0.0,0.0,0.0,0.0
157842930467986402,0.0,0.0,0.0,0.0,0.0
157842930474296502,0.0,0.0,0.0,0.0,0.0
157842930529640802,0.0,0.0,0.0,0.0,0.0
157942930475444302,0.0,0.0,0.0,0.0,0.0
158042930463092601,0.6076555252075195,6.977089056505471,305.5913418273102,134.7285919189453,1458.2116424187172
158042930478706402,0.0,0.0,0.0,0.0,0.0
158142929189241902,0.0,0.0,0.0,0.0,0.0
158242927979933702,0.0,0.0,0.0,0.0,0.0
158342930478366301,0.0,0.0,0.0,0.0,0.0
158342930516054701,0.0,0.0,0.0,0.0,0.0
158342930526117801,0.0,0.0,0.0,0.0,0.0
158442930519045901,0.0,0.0,0.0,0.0,0.0
158742930467019501,0.03448275849223137,13.303226934058198,45.12515644555695,36.771568298339844,385.7935645493757
158742930533543501,0.0,0.0,0.0,0.0,0.0
158742930541831501,0.0,0.0,0.0,0.0,0.0
158842930544096501,0.0,0.0,0.0,0.0,0.0
158942930510998002,0.0,0.0,0.0,0.0,0.0
158942930526499202,0.0,0.0,0.0,0.0,0.0
159142928135435302,0.0,0.0,0.0,0.0,0.0
159142930465136102,0.0,0.0,0.0,0.0,0.0
159342930458732502,0.0,0.0,0.0,0.0,0.0
159342930525299201,0.07407407462596893,5.791814732142857,65.17142857142858,108.65074157714844,625.5159783891951
159442930509101502,0.0,0.0,0.0,0.0,0.0
159542930515787101,0.0,0.0,0.0,0.0,0.0
159642929166032802,0.0,0.0,0.0,0.0,0.0
159642930549182602,0.0,0.0,0.0,0.0,0.0
159842930524167302,0.0,0.0,0.0,0.0,0.0
161142930541557502,0.0,0.0,0.0,0.0,0.0
161542929309260302,0.0,0.0,0.0,0.0,0.0
161542930531648401,1.5882352590560913,9.536421851120734,175.70351502801833,68.10738372802734,810.5958345892232
161642930467750602,0.0,0.0,0.0,0.0,0.0
161642930549932401,2.504587173461914,5.602832542539267,118.31413612565446,72.837890625,610.7087412269951
161742930524729901,0.0,0.0,0.0,0.0,0.0
161942930445609901,0.0,0.0,0.0,0.0,0.0
161942930458787802,0.4166666567325592,3.054182942112774,24.763621061875664,90.50375366210938,476.4525277401815
161942930533316402,0.0,0.0,0.0,0.0,0.0
162042930527284502,3.8636362552642822,6.932119187542896,62.41821093571265,19.205617904663086,152.50661803459144
162242930545636301,0.0,0.0,0.0,0.0,0.0
162342930453250801,0.0,0.0,0.0,0.0,0.0
162342930454060301,0.0,0.0,0.0,0.0,0.0
162442930530754802,2.027027130126953,6.745690686955542,115.94562931811355,62.28059387207031,499.1811264796671
162442930531321102,80.25,18.69117214255137,74.7648401826484,10.26976203918457,74.76469079980023
162542930549518202,0.0,0.0,0.0,0.0,0.0
162642928676339002,0.0,0.0,0.0,0.0,0.0
162742930541386401,0.0,0.0,0.0,0.0,0.0
163342930450908301,0.0,0.0,0.0,0.0,0.0
163342930473979502,0.0,0.0,0.0,0.0,0.0
163442930530935502,0.0,0.0,0.0,0.0,0.0
163442930539694902,0.0,0.0,0.0,0.0,0.0
163942930544633802,15.0,51.104265176937155,177.4594264795607,21.58078384399414,357.72985251463354
164042930460051801,0.0,0.0,0.0,0.0,0.0
164142930540465502,0.0,0.0,0.0,0.0,0.0
164242930447341201,0.0,0.0,0.0,0.0,0.0
164442929816278102,2.5999999046325684,9.137398562447391,43.178451178451176,12.793569564819336,91.37398177124435
164442930540918602,1.4462809562683105,5.845396362218904,1414.5873155305692,189.3250274658203,1414.5859614155784
164542930519765302,0.0,0.0,0.0,0.0,0.0
164642930461808702,0.0,0.0,0.0,0.0,0.0
164642930463614001,0.0,0.0,0.0,0.0,0.0
164942930533952001,0.0,0.0,0.0,0.0,0.0
165442928043802902,0.0,0.0,0.0,0.0,0.0
165442930517273502,0.0,0.0,0.0,0.0,0.0
165542930460232502,0.0,0.0,0.0,0.0,0.0
165542930549612201,0.0,0.0,0.0,0.0,0.0
165742929341386202,0.0,0.0,0.0,0.0,0.0
165742930508698002,0.0,0.0,0.0,0.0,0.0
165742930532248602,0.0,0.0,0.0,0.0,0.0
165842930012164202,0.0,0.0,0.0,0.0,0.0
165842930455941702,0.0,0.0,0.0,0.0,0.0
165842930518748802,0.0,0.0,0.0,0.0,0.0
166042930524047202,0.0,0.0,0.0,0.0,0.0
166342930527989502,1.6408450603485107,7.186161711767626,795.5888778550149,166.9243621826172,1020.4349525099715
166542930474173501,0.0,0.0,0.0,0.0,0.0
166642930509729801,0.0,0.7515636875652562,1.5030094582975064,0.2827223241329193,1.5031273751305123
166842930477693702,0.0,0.0,0.0,0.0,0.0
166942930446842501,0.0,0.0,0.0,0.0,0.0
166942930516676602,0.0,0.0,0.0,0.0,0.0
167142929091270702,0.0,0.0,0.0,0.0,0.0
167142929091319102,0.0,0.0,0.0,0.0,0.0
167242930473687902,0.0,0.0,0.0,0.0,0.0
167242930550454301,0.0,0.0,0.0,0.0,0.0
167342930453887901,2.612903118133545,6.274589424702659,152.40111940298507,109.75048828125,778.0490716664649
167342930476156602,0.0,0.0,0.0,0.0,0.0
167342930531512902,2.0,11.582106432377897,11.581953642384105,0.9570400714874268,11.582106432377897
167442930473715802,0.0,0.0,0.0,0.0,0.0
167442930524318301,0.0,0.0,0.0,0.0,0.0
167542929021132401,0.0,0.0,0.0,0.0,0.0
167642929703741002,0.0,0.0,0.0,0.0,0.0
167642929946319602,0.0,0.0,0.0,0.0,0.0
167642930464043701,0.0,0.0,0.0,0.0,0.0
167842930517704901,0.0,0.0,0.0,0.0,0.0
167942930451477101,0.0,0.0,0.0,0.0,0.0
167942930460089502,0.0,0.0,0.0,0.0,0.0
167942930530333001,1.0,3.8808590448013525,40.99281487743026,60.8495979309082,380.324178633444
168142930510642701,0.0,0.0,0.0,0.0,0.0
168242930517025502,0.0,0.0,0.0,0.0,0.0
168342929385464201,0.0,0.0,0.0,0.0,0.0
168342930519986502,0.0,0.0,0.0,0.0,0.0
168442927948912302,0.020618556067347527,9.38247318275105,2.960672012218404,102.05691528320312,910.099867696387
168542929456942701,0.0,0.0,0.0,0.0,0.0
168542930515726001,0.0,0.0,0.0,0.0,0.0
168542930533980102,3.5,31.239812784547404,50.80074986609534,3.868312358856201,62.47962661522496
168642930529431702,3.2857143878936768,9.868919516509434,98.73246250604741,33.96818161010742,345.4121892344969
168842929687124301,0.0,0.0,0.0,0.0,0.0
168942930531666302,1.1865671873092651,5.716583343248573,29.55697579548545,101.45133209228516,766.0221477135842
168942930549296402,0.0,0.0,0.0,0.0,0.0
169242930452916401,0.0,0.0,0.0,0.0,0.0
169442930525777302,2.420168161392212,4.4761666174171655,116.7382849735006,70.943115234375,532.6638205271505
169542930460793202,0.0,0.0,0.0,0.0,0.0
169542930526167301,0.0,0.0,0.0,0.0,0.0
169542930531102902,0.0,0.0,0.0,0.0,0.0
169642930544551501,0.0,0.0,0.0,0.0,0.0
169742930545230402,0.0,0.0,0.0,0.0,0.0
169842930460896602,0.0,0.0,0.0,0.0,0.0
169842930525450402,0.0,0.0,0.0,0.0,0.0
169942928779211601,0.3670886158943176,7.52410119109136,51.073997519636215,81.60144805908203,594.4039815813611
171242930451390501,0.0,0.0,0.0,0.0,0.0
171442930537661702,0.0,0.0,0.0,0.0,0.0
171542930474857101,0.0,0.0,0.0,0.0,0.0
171642930528089402,0.0,0.0,0.0,0.0,0.0
171642930545331501,0.0,0.0,0.0,0.0,0.0
171642930548872901,0.0,0.0,0.0,0.0,0.0
171742930469562402,0.0,0.0,0.0,0.0,0.0
171742930547131501,0.0,0.0,0.0,0.0,0.0
171842930464726602,1.7673267126083374,5.484173060792931,399.7365088365939,166.51109313964844,1107.8029913516973
171842930474320601,0.0,0.0,0.0,0.0,0.0
171942930537327601,0.0,0.0,0.0,0.0,0.0
172242930457255402,1.0,38.58655713705937,77.17254174397031,6.534459114074707,77.17311427411875
172342930453413201,2.745098114013672,16.7942737697326,159.31443298969072,98.52391052246094,856.5079913114764
172342930526656302,2.4761905670166016,2.1165376537825926,17.252295262578038,8.34987735748291,44.4472900289759
172442930461991502,0.0,0.0,0.0,0.0,0.0
172442930516550001,0.0,0.0,0.0,0.0,0.0
172442930519165302,0.0,0.0,0.0,0.0,0.0
172442930532392601,0.0,119.78562000570776,112.23059360730593,11.461423873901367,119.78562000570776
172542930479622601,0.0,0.0,0.0,0.0,0.0
172642930519336001,0.0,0.0,0.0,0.0,0.0
172742930527843301,5.733333110809326,21.063855643470447,64.61661341853035,17.863719940185547,315.95783348205373
172942930455034402,0.0,0.0,0.0,0.0,0.0
172942930519421902,0.0,0.0,0.0,0.0,0.0
173042930533913101,0.0,0.0,0.0,0.0,0.0
173142928932478502,0.0,0.0,0.0,0.0,0.0
173142930531959201,0.0,0.0,0.0,0.0,0.0
173242930458027501,0.0,0.0,0.0,0.0,0.0
173342930511232501,4.384615421295166,5.3488501244848905,20.73901098901099,9.029882431030273,69.53505375621083
173342930526722801,0.0,0.0,0.0,0.0,0.0
173742930479305901,0.0,0.0,0.0,0.0,0.0
173742930534262602,0.0,0.0,0.0,0.0,0.0
173842930533276002,0.0,0.0,0.0,0.0,0.0
174042930461713401,0.0,0.0,0.0,0.0,0.0
174042930516249201,0.0,0.0,0.0,0.0,0.0
174042930548710301,0.0,0.0,0.0,0.0,0.0
174242929514158301,0.34756097197532654,5.013301509609281,200.68643707343887,89.98601531982422,822.1814689681412
174242930538951702,0.0,0.0,0.0,0.0,0.0
174442930054961402,0.0,0.00013499331824585263,0.00014310246136233542,2.145283178833779e-05,0.00013499331824585263
174542930452423502,0.0,0.0,0.0,0.0,0.0
174642929385350302,0.0,0.0,0.0,0.0,0.0
174742928236055201,18.0,3.780515472396626,34.13673262303399,4.776983737945557,45.36618455009131
174842930469978501,0.0,0.0,0.0,0.0,0.0
174842930478757801,0.0,0.0,0.0,0.0,0.0
174942930455252701,0.0,0.0,0.0,0.0,0.0
174942930529771102,0.0,0.0,0.0,0.0,0.0
175042930541851802,2.5362319946289062,6.042886029411765,125.5370242214533,50.80213928222656,416.95912747076227
175042930546232402,0.0,0.0,0.0,0.0,0.0
175142930455190102,0.0,0.0,0.0,0.0,0.0
175142930480181001,0.0,0.0,0.0,0.0,0.0
175142930529037101,0.0,0.0,0.0,0.0,0.0
175342930454055602,0.0,0.0,0.0,0.0,0.0
175342930457543401,3.307692289352417,8.793730604836348,167.11083787106975,37.34803009033203,342.9554835250893
175342930508312801,0.0,0.0,0.0,0.0,0.0
175442930515676102,1.0,5.901010787694934,11.801974716249884,1.715771198272705,11.80202184573106
175442930523935601,2.2142856121063232,9.28126220703125,92.59605263157894,27.626108169555664,259.8753458123458
175442930525537602,0.0,0.0,0.0,0.0,0.0
175542930517516502,0.0,0.0,0.0,0.0,0.0
175842930518895102,0.0,0.0,0.0,0.0,0.0
175842930522254701,0.0,0.0,0.0,0.0,0.0
176042930544553402,0.0,0.0,0.0,0.0,0.0
176142930480559002,12.142857551574707,5.067853860294117,141.89957983193278,24.333276748657227,141.89991355062534
176242930523833802,0.0,0.0,0.0,0.0,0.0
176342929201182702,0.0,0.0,0.0,0.0,0.0
176442928242942002,0.0,0.0,0.0,0.0,0.0
176442930548703702,0.0,0.0,0.0,0.0,0.0
176542930469300802,0.0,0.0,0.0,0.0,0.0
176642930543382501,0.0,0.0,0.0,0.0,0.0
176742930477931002,3.5,7.129633072319381,14.256880733944953,1.2446327209472656,14.259266144638762
176942930476904801,0.0,0.0,0.0,0.0,0.0
176942930478602102,0.0,0.0,0.0,0.0,0.0
177042930546702502,3.3421051502227783,6.29598203590822,69.60029812606473,37.765663146972656,239.24731549778016
177342930462158901,0.0,0.0,0.0,0.0,0.0
177342930530273402,0.0,0.0,0.0,0.0,0.0
177342930546684601,0.0,0.0,0.0,0.0,0.0
177542930508507301,5.3728814125061035,10.596807534010253,121.8832807570978,96.85719299316406,625.2116531199462
177642930453702301,0.0,0.0,0.0,0.0,0.0
177742930456060701,0.0,0.0,0.0,0.0,0.0
177842930460193901,0.0,0.0,0.0,0.0,0.0
178042930479266802,0.0,0.0,0.0,0.0,0.0
178142930462707102,0.0,0.0,0.0,0.0,0.0
178142930528847201,0.0,0.0,0.0,0.0,0.0
178142930543623401,3.549450635910034,8.450972710982096,156.70524130773222,87.0262680053711,769.0385236566897
178542930476543901,1.6783217191696167,5.23087427257612,36.422932037826044,78.231689453125,748.014998310162
178642930459055902,4.297618865966797,5.795075855809128,180.8224988473951,86.18909454345703,486.78638390013015
178642930460996501,0.0,0.0,0.0,0.0,0.0
178642930528419301,4.909090995788574,5.4562266168620726,60.01858736059479,5.78871488571167,60.018494833369076
178842928062695402,0.0,0.0,0.0,0.0,0.0
178942930474454801,0.0,0.0,0.0,0.0,0.0
179142930463396901,0.0,0.0,0.0,0.0,0.0
179342928213854001,0.0,0.0,0.0,0.0,0.0
179342930546197102,0.0,0.0,0.0,0.0,0.0
179542930525133101,0.0,0.0,0.0,0.0,0.0
179842930449428701,0.0,0.0,0.0,0.0,0.0
179842930510259202,3.06862735748291,7.23601194646861,76.50829596412557,80.10433197021484,738.0732195107391
179842930538524902,2.5392158031463623,4.649450731657543,69.33813502352828,66.27538299560547,474.24397027402085
179942930549169901,0.0,0.0,0.0,0.0,0.0
181142929703907301,0.0,0.0,0.0,0.0,0.0
181142930523877701,0.0,0.0,0.0,0.0,0.0
181142930527486402,1.8032786846160889,16.32497586025281,308.0694221508828,138.65347290039062,1991.6470625611025
181242930509374402,0.0,0.0,0.0,0.0,0.0
181342930521827301,2.2857143878936768,3.4045270183322773,24.550364269876464,7.234633922576904,71.49506666964658
181442930476085601,0.488095223903656,5.188752799448268,17.14499288087328,64.25133514404297,435.85521786078266
181442930543003101,0.0,0.0,0.0,0.0,0.0
181642930464002802,0.0,0.0,0.0,0.0,0.0
181742930531711401,0.0,0.0,0.0,0.0,0.0
182242930537956102,0.0,0.0,0.0,0.0,0.0
182342929012808301,0.0,0.0,0.0,0.0,0.0
182342930541689202,0.0,0.0,0.0,0.0,0.0
182442930456071301,0.0,0.0,0.0,0.0,0.0
182942930469857701,0.0,0.0,0.0,0.0,0.0
183042930475213801,1.6639344692230225,8.345510443492472,68.6418383518225,136.07566833496094,1018.1522720200135
183042930517930602,0.0,0.0,0.0,0.0,0.0
183042930530573402,0.0,0.0,0.0,0.0,0.0
183142930518918701,0.0,0.0,0.0,0.0,0.0
183542930509064901,0.0,0.0,0.0,0.0,0.0
183642930531972901,0.0,0.0,0.0,0.0,0.0
183742930525710802,0.0,0.0,0.0,0.0,0.0
183742930527080001,1.9515151977539062,4.188777359082668,137.70182709358625,91.41344451904297,691.1482732283687
184142930507781401,0.0,0.0,0.0,0.0,0.0
184242930458791701,0.0,0.0,0.0,0.0,0.0
184442930455796202,0.0,0.0,0.0,0.0,0.0
184442930517219702,0.0,0.0,0.0,0.0,0.0
184442930544068301,0.0,0.0,0.0,0.0,0.0
184542930473060602,0.0,0.0,0.0,0.0,0.0
184542930521086801,0.0,0.0,0.0,0.0,0.0
184642930462171501,0.0,0.0,0.0,0.0,0.0
184642930524539701,0.0,0.0,0.0,0.0,0.0
184742929839739802,0.0,0.0,0.0,0.0,0.0
184842929021081301,0.0,0.0,0.0,0.0,0.0
184842930463990202,0.0,0.0,0.0,0.0,0.0
185242930475044302,0.0,0.0,0.0,0.0,0.0
185242930508862201,0.0,0.0,0.0,0.0,0.0
185242930549979501,0.0,0.0,0.0,0.0,0.0
185342930472893601,0.0,0.0,0.0,0.0,0.0
185342930542156801,0.0,0.0,0.0,0.0,0.0
185442930539869301,0.0,0.0,0.0,0.0,0.0
185642930527158702,0.0,0.0,0.0,0.0,0.0
185742930316791302,0.0,0.0,0.0,0.0,0.0
185742930531538401,0.0,0.0,0.0,0.0,0.0
185942930529803701,0.34408602118492126,11.119890337287535,150.45325779036827,83.01720428466797,1034.1497827805474
186242930525209502,0.0,0.0,0.0,0.0,0.0
186342930457277601,0.0,0.0,0.0,0.0,0.0
186342930526904701,0.0,0.0,0.0,0.0,0.0
186442930519296301,0.0,0.0,0.0,0.0,0.0
186442930549950901,0.0,0.0,0.0,0.0,0.0
186542930507655802,0.0,0.0,0.0,0.0,0.0
186742930451038602,0.0,0.0,0.0,0.0,0.0
186842930478135802,0.0,0.0,0.0,0.0,0.0
187042930475738102,0.0,0.0,0.0,0.0,0.0
187242930521653902,0.0,0.0,0.0,0.0,0.0
187442930519530002,0.0,0.0,0.0,0.0,0.0
187642930455584402,0.0,0.0,0.0,0.0,0.0
187642930527571602,0.0,0.0,0.0,0.0,0.0
187742930446810702,0.0,0.0,0.0,0.0,0.0
187742930459631002,0.0,0.0,0.0,0.0,0.0
187742930522129302,0.0,0.0,0.0,0.0,0.0
187742930531273002,0.0,0.0,0.0,0.0,0.0
187842930460474102,2.1785714626312256,4.926041761226095,101.9753086419753,56.250118255615234,413.787492547535
187842930463290001,0.0,0.0,0.0,0.0,0.0
187942930524637001,0.0,0.0,0.0,0.0,0.0
187942930528980602,0.0,0.0,0.0,0.0,0.0
188242929013166301,0.0,0.0,0.0,0.0,0.0
188242930464850202,0.0,0.0,0.0,0.0,0.0
188242930522584702,0.0,0.0,0.0,0.0,0.0
188342930526586002,0.0,0.0,0.0,0.0,0.0
188442930457576502,0.0,0.0,0.0,0.0,0.0
188442930534496402,0.0,0.0,0.0,0.0,0.0
188642929800356701,0.0,20.723674294800883,0.0,6.043417930603027,248.68408775667174
188742928316187402,0.0,0.0,0.0,0.0,0.0
188742930515997302,0.0,0.0,0.0,0.0,0.0
189142930445491702,0.0,0.0,0.0,0.0,0.0
189242928087944401,0.0,0.0,0.0,0.0,0.0
189442930529519802,0.0,0.0,0.0,0.0,0.0
189442930532402802,0.0,0.0,0.0,0.0,0.0
189542930532566802,0.0,0.0,0.0,0.0,0.0
189742927986105002,3.3541667461395264,13.54911644345238,217.14603174603175,78.22357177734375,650.3575813293457
189742930517890202,0.0,0.0,0.0,0.0,0.0
189942930526846502,0.0,0.0,0.0,0.0,0.0
191142930477001502,0.0,0.0,0.0,0.0,0.0
191242928823204201,4.0,41.66182717442966,83.32319391634981,6.283258438110352,83.32365063569392
191342930457253501,0.0,0.0,0.0,0.0,0.0
191342930516577602,0.0,0.0,0.0,0.0,0.0
191342930525032501,0.5339806079864502,11.119651800297849,196.401998462721,157.04815673828125,1145.3241320206146
191342930539983202,0.0,0.0,0.0,0.0,0.0
191342930541755801,54.0,8.172922933377897,16.345811051693406,1.635068416595459,16.345845866755795
191442930462855702,0.0,0.0,0.0,0.0,0.0
191442930542916701,2.184713363647461,4.546123352420748,180.92091619592975,95.49625396728516,713.7413651154628
191942930462739701,0.0,0.0,0.0,0.0,0.0
191942930517330601,0.0,0.0,0.0,0.0,0.0
192042930472522002,0.0,0.0,0.0,0.0,0.0
192442930528707601,0.0,0.0,0.0,0.0,0.0
192542930545880701,0.0,0.0,0.0,0.0,0.0
192642930462426001,0.0,0.0,0.0,0.0,0.0
192642930466614901,0.0,0.0,0.0,0.0,0.0
192642930517070502,0.0,0.0,0.0,0.0,0.0
193142928888081701,0.0,62.615169725287096,59.4420175636118,11.699731826782227,62.615169725287096
193142930516186502,0.0,0.0,0.0,0.0,0.0
193242929947863901,0.0,0.0,0.0,0.0,0.0
193242930529969302,0.0,0.0,0.0,0.0,0.0
193442930518696401,0.0,0.0,0.0,0.0,0.0
193842928176142301,0.0,0.0,0.0,0.0,0.0
193842930534095702,0.0,0.0,0.0,0.0,0.0
193942930458399401,0.0,0.0,0.0,0.0,0.0
194042929309310102,0.0,0.0,0.0,0.0,0.0
194242929166198701,0.0,0.0,0.0,0.0,0.0
194242930531402601,0.0,0.0,0.0,0.0,0.0
194342930525935501,2.029411792755127,6.573961630501106,73.99649149569065,51.097476959228516,447.0294070930123
194542930544892701,0.0,0.0,0.0,0.0,0.0
194642930461157702,0.0,0.0,0.0,0.0,0.0
194642930462519702,0.0,0.0,0.0,0.0,0.0
194642930545150301,0.0,0.0,0.0,0.0,0.0
194642930546396201,0.0,0.0,0.0,0.0,0.0
194742930533156002,0.0,0.0,0.0,0.0,0.0
194742930548711401,0.0,0.0,0.0,0.0,0.0
194842930528510301,0.0,0.0,0.0,0.0,0.0
194842930532490002,3.200000047683716,8.807762607212979,44.04247184044642,16.938858032226562,88.07762990693138
195142930450872301,0.0,0.0,0.0,0.0,0.0
195142930540612502,0.0,0.0,0.0,0.0,0.0
195342928779164901,0.0,0.0,0.0,0.0,0.0
195442930454031802,0.0,0.0,0.0,0.0,0.0
195742929321180801,0.0,0.0,0.0,0.0,0.0
195742929476628902,263.0,5141.388174807198,5141.388174807198,196.4022979736328,5141.388174807198
195742930478077902,0.0,0.0,0.0,0.0,0.0
195942930456866702,0.0,0.0,0.0,0.0,0.0
195942930473561901,0.0,0.0,0.0,0.0,0.0
195942930532109202,0.0,0.0,0.0,0.0,0.0
196042930540599302,0.0,0.0,0.0,0.0,0.0
196242930528428102,0.0,0.0,0.0,0.0,0.0
196242930528957301,0.0,0.0,0.0,0.0,0.0
196442930527100201,0.0,0.0,0.0,0.0,0.0
196542930536473202,3.5999999046325684,4.981358614522307,49.813654799459215,8.009587287902832,49.81358678473068
196642930516978601,3.008333444595337,8.56836647023613,249.4557463672391,153.98928833007812,1028.2040028077608
196842930540591201,0.0,0.0,0.0,0.0,0.0
196942929885937002,0.0,0.0,0.0,0.0,0.0
197142928135571602,0.0,0.0,0.0,0.0,0.0
197142930526756002,1.9906542301177979,3.6944284235920692,119.61913801588976,70.013916015625,395.3038542626201
197142930529403302,0.0,0.0,0.0,0.0,0.0
197242930518932201,0.0,0.0,0.0,0.0,0.0
197342930455782501,0.0,0.0,0.0,0.0,0.0
197342930462733702,0.0,0.0,0.0,0.0,0.0
197542929575341802,0.0,0.0,0.0,0.0,0.0
197642930528232101,1.5762711763381958,2.882358519498967,170.05932703659977,32.68147659301758,170.0591497995496
197742930548902501,0.0,0.0,0.0,0.0,0.0
197942929165986602,0.0,0.0,0.0,0.0,0.0
197942930508734101,0.0,0.0,0.0,0.0,0.0
197942930541585801,0.0,0.0,0.0,0.0,0.0
198142930550292001,0.0,0.0,0.0,0.0,0.0
198542930542434002,0.0,0.0,0.0,0.0,0.0
198742930458981302,2.4761905670166016,5.244092725951374,43.261733615221985,11.822015762329102,110.1259511741977
198942930550515102,0.0,0.0,0.0,0.0,0.0
199042930461844201,0.0,0.0,0.0,0.0,0.0
199042930548544802,0.0,0.0,0.0,0.0,0.0
199142930541839502,2.3333332538604736,6.933434868015612,66.30402629416598,9.03445053100586,104.00152041232282
199242930451638001,0.0,0.0,0.0,0.0,0.0
199242930462005002,0.0,0.0,0.0,0.0,0.0
199542930509304402,0.0,0.0,0.0,0.0,0.0
199542930510230901,0.0,0.0,0.0,0.0,0.0
199642930454548302,0.0,0.0,0.0,0.0,0.0
199742930449773702,0.0,0.0,0.0,0.0,0.0
199842929126793302,0.0,0.0,0.0,0.0,0.0
199942930530867601,2.5744681358337402,3.975463169642857,46.42107142857143,30.242162704467773,186.84677594048637
201242930477969001,0.0,0.0,0.0,0.0,0.0
201442930467818102,0.0,0.0,0.0,0.0,0.0
201542929584070601,0.0,0.0,0.0,0.0,0.0
201542930518523202,0.0,0.0,0.0,0.0,0.0
201842927928402701,0.0,52.2058849897541,52.20655737704918,3.3389031887054443,52.2058849897541
201942930541697001,0.0,0.0,0.0,0.0,0.0
202142930527320702,0.0,0.0,0.0,0.0,0.0
202442930546098002,0.11999999731779099,11.55403366416309,103.60443490701002,73.47130584716797,866.5525469800433
202542927928301302,2.0,0.4584045367324561,1.8335438596491227,0.26308783888816833,1.8336182117127535
202542930519452201,0.0833333358168602,28.623464469654788,544.2271714922049,178.67074584960938,2060.8894567425905
202642928676362302,0.0,0.0,0.0,0.0,0.0
202642930461705002,0.0,0.0,0.0,0.0,0.0
202642930475655402,2.5714285373687744,6.218703470646625,87.04849688031764,47.07772445678711,348.24739971366444
202742928043675701,0.0,0.0,0.0,0.0,0.0
202842928570580602,2.5641026496887207,6.758491230305201,111.02644336712208,77.89578247070312,790.7434915642004
203042930545739702,0.0,0.0,0.0,0.0,0.0
203442930479279901,0.0,0.0,0.0,0.0,0.0
203542930446366902,0.0,0.0,0.0,0.0,0.0
203542930476118802,0.0,0.0,0.0,0.0,0.0
203642930519858202,0.0,0.0,0.0,0.0,0.0
203742930456700602,1.8857142925262451,3.5050100187226523,30.13025917199596,14.180058479309082,122.67535405125292
203842930508275702,3.3538460731506348,6.452892127403846,82.67472527472528,61.24272918701172,419.4379902430943
203842930509485801,0.0,0.0,0.0,0.0,0.0
203842930547535202,0.0,0.0,0.0,0.0,0.0
203942928119349601,0.0,0.0,0.0,0.0,0.0
204042928042145401,0.0,0.0,0.0,0.0,0.0
204042930475363702,0.0,0.0,0.0,0.0,0.0
204042930542899602,0.0,0.0,0.0,0.0,0.0
204342930461193302,0.0,0.0,0.0,0.0,0.0
204542930457014502,9.100000381469727,30.235809290141678,263.3370720188902,31.05194091796875,302.3581042869595
204542930524947501,0.0,0.0,0.0,0.0,0.0
204642930475134001,0.0,0.0,0.0,0.0,0.0
204842930342747201,0.0,0.0,0.0,0.0,0.0
204842930388638301,4.648648738861084,4.724830090618337,136.7768301350391,39.021053314208984,349.6374253803733
204842930534921901,0.0,0.0,0.0,0.0,0.0
205042930456457801,0.0,0.0,0.0,0.0,0.0
205042930531009601,0.0,0.0,0.0,0.0,0.0
205142930518281701,0.0,0.0,0.0,0.0,0.0
205242930462843402,0.0,0.0,0.0,0.0,0.0
205242930471668002,0.0,0.0,0.0,0.0,0.0
205242930533677402,0.0,0.0,0.0,0.0,0.0
205242930549818802,2.007936477661133,6.756487249797816,267.1229276182774,145.0096435546875,851.3174208194391
205342930534423002,0.0,0.0,0.0,0.0,0.0
205342930549076202,0.0,0.0,0.0,0.0,0.0
205442930451140102,1.5226130485534668,9.185701675801011,1579.637436762226,185.8984375,1827.9545738435716
205442930526065202,0.0,0.0,0.0,0.0,0.0
205642930474298101,0.125,9.286032679081815,246.1236155769918,105.57967376708984,1188.6121541970795
205842928288536202,0.0,0.0,0.0,0.0,0.0
205842928932735101,2.068702220916748,8.77705685801928,317.5174408413672,109.38301849365234,1149.794423438832
205842930534884102,0.0,0.0,0.0,0.0,0.0
205942930459277902,0.0,0.0,0.0,0.0,0.0
206142930464701102,0.0,0.0,0.0,0.0,0.0
206242929321374401,2.6478872299194336,9.074739164207797,246.03576537911303,73.65718841552734,644.3064821063193
206242929476530502,3.3478260040283203,6.4711667324634305,67.33178191489361,20.476993560791016,148.8368333958565
206242930461224402,0.0,0.0,0.0,0.0,0.0
206242930528713001,0.890625,7.80752470999053,85.8080808080808,67.24920654296875,999.3631570363285
206242930529600601,2.3007519245147705,5.423496348031618,94.41992147137839,102.46626281738281,721.3249982899687
206442930526147401,0.0,0.0,0.0,0.0,0.0
206542930541423001,0.0,0.0,0.0,0.0,0.0
206742929927339802,0.05128205195069313,9.110827275378057,13.025096525096526,125.41839599609375,1065.9667879544015
206842930463599601,0.0,0.0,0.0,0.0,0.0
206842930517947502,1.75,1.0712821337168053,4.285019258057977,0.5695344805717468,4.285128596731356
207142930449579901,0.0,0.0,0.0,0.0,0.0
207142930510244802,0.0,0.0,0.0,0.0,0.0
207442930507714902,0.0,0.0,0.0,0.0,0.0
207542929839789102,0.0,0.0,0.0,0.0,0.0
207742930475609901,0.0,0.0,0.0,0.0,0.0
207742930533085401,0.0,0.0,0.0,0.0,0.0
208042930515529002,2.0,9.14227853822314,36.054545454545455,5.298011302947998,36.56911462704998
208042930528313102,0.0,0.0,0.0,0.0,0.0
208042930542384402,0.0,0.0,0.0,0.0,0.0
208142930527700802,0.0,0.0,0.0,0.0,0.0
208342930460922602,0.0,0.0,0.0,0.0,0.0
208442930509150801,0.0,0.0,0.0,0.0,0.0
208442930533643502,0.0,0.0,0.0,0.0,0.0
208542930454276302,0.4170403480529785,6.666317475355099,182.95378418486325,137.4953155517578,1486.5888081304547
208642930448971302,3.15625,5.076041695356396,47.79541698799163,29.775178909301758,162.43332841483797
208742930459881901,0.0,0.0,0.0,0.0,0.0
208742930526452502,6.3913044929504395,2.2893310177524584,52.658093797276855,8.469306945800781,52.65461447018899
209142930342804001,0.0,0.0,0.0,0.0,0.0
209242930452690302,0.0,0.0,0.0,0.0,0.0
209342930470808201,2.094339609146118,5.363386463371414,72.01534356237492,73.20240020751953,568.5189658824088
209642930542527302,0.0,0.0,0.0,0.0,0.0
209742930473717902,2.5920000076293945,6.794619536918839,241.3748992206396,61.81623077392578,849.3274410650698
209742930516270101,0.0,0.0,0.0,0.0,0.0
209942930547042502,0.0,0.0,0.0,0.0,0.0
211142930550015701,2.4054055213928223,11.853005880837912,95.49450549450549,33.90088653564453,438.56122947105996
211242930465105802,0.0,0.0,0.0,0.0,0.0
211542929160935901,0.0,0.0,0.0,0.0,0.0
211642928614409302,0.0,0.0,0.0,0.0,0.0
211642930452905601,0.0,0.0,0.0,0.0,0.0
211642930463091102,0.0,0.0,0.0,0.0,0.0
211642930542496201,0.0,0.0,0.0,0.0,0.0
211742929160847802,0.0,0.0,0.0,0.0,0.0
211742930289750601,0.0,0.0,0.0,0.0,0.0
211742930471091801,0.0,0.0,0.0,0.0,0.0
212042928921270801,2.605769157409668,7.445451347748815,112.5916271721959,110.38651275634766,774.3269396001506
212342930448223102,0.0,0.0,0.0,0.0,0.0
212442930454093601,0.0,0.0,0.0,0.0,0.0
212542930461335402,0.0,0.0,0.0,0.0,0.0
212642930477761102,2.0,2.887000967603211,19.598337155963304,3.839552164077759,28.870008623928104
212842928258040302,0.7007299065589905,7.512336048123164,154.35372695698638,132.5025634765625,1029.1900618336847
213042930479540402,0.0,0.0,0.0,0.0,0.0
213042930480513401,0.0,0.0,0.0,0.0,0.0
213342930450456101,0.0,0.0,0.0,0.0,0.0
213342930472590701,0.0,0.0,0.0,0.0,0.0
213442930525710701,2.3333332538604736,6.915981273555277,36.2177554438861,12.148102760314941,103.73971397872747
213542930520818802,0.0,0.0,0.0,0.0,0.0
213642930525015001,0.0,0.0,0.0,0.0,0.0
213642930529319202,3.642857074737549,30.53677404161206,360.70642201834863,44.57280349731445,855.0296399477737
213742930448749601,0.0,41.566073803191486,78.49544072948328,15.499225616455078,83.1321446381079
213942930527571901,0.8145161271095276,4.521473382537688,40.3051256281407,90.23501586914062,560.6626963908948
213942930549045802,0.04210526496171951,7.326279540988975,159.86191463813995,93.93002319335938,695.9965586288048
214042930461938401,0.0,0.0,0.0,0.0,0.0
214042930533285602,0.0,0.0,0.0,0.0,0.0
214242930476777102,0.00671140942722559,2.916700783093257,4.365702222774122,81.101318359375,434.5884272292225
214342930528543402,3.440000057220459,8.185782721334933,202.93353028064993,118.6744155883789,818.5782628305906
214542930463014801,0.0,0.0,0.0,0.0,0.0
214642930541063701,0.0,0.0,0.0,0.0,0.0
214742930464176902,0.0,0.0,0.0,0.0,0.0
214742930518803202,0.0,0.0,0.0,0.0,0.0
214742930529008801,3.4677419662475586,7.28814487685318,57.66064084170254,51.715782165527344,451.86496211033244
214942929249151201,1.1369047164916992,5.037808631593111,62.30075349838536,82.17816925048828,846.3518397204971
214942930521792701,0.0,0.0,0.0,0.0,0.0
214942930539115801,0.0,0.0,0.0,0.0,0.0
215242930508075102,0.0,0.0,0.0,0.0,0.0
215242930532660101,0.0,0.0,0.0,0.0,0.0
215342930457772202,0.0,0.0,0.0,0.0,0.0
215342930535908602,0.0,0.0,0.0,0.0,0.0
215642930509549502,0.0,0.0,0.0,0.0,0.0
215742930515530701,0.0,0.0,0.0,0.0,0.0
215842928087914902,0.0,0.0,0.0,0.0,0.0
215842930474952702,0.0,0.0,0.0,0.0,0.0
215942930472937802,0.0,0.0,0.0,0.0,0.0
215942930534226501,0.0,0.0,0.0,0.0,0.0
216042930517885901,0.0,0.0,0.0,0.0,0.0
216042930525548201,0.0,0.0,0.0,0.0,0.0
216042930549546702,2.6210527420043945,8.408179160276074,171.1713701431493,98.55571746826172,798.7769843899156
216142930529762501,0.0,0.0,0.0,0.0,0.0
216142930533879302,0.0,0.0,0.0,0.0,0.0
216242930462445402,3.7926828861236572,8.498193953734269,547.3210233133897,71.76028442382812,696.8519135182584
216242930539128802,0.0,0.0,0.0,0.0,0.0
216342930464379001,0.0,0.0,0.0,0.0,0.0
216542930527751801,0.0,0.0,0.0,0.0,0.0
216742930473831902,0.0,0.0,0.0,0.0,0.0
216742930527214301,0.0,0.0,0.0,0.0,0.0
217142928739711201,0.0,0.0,0.0,0.0,0.0
217142930464930701,0.0,0.0,0.0,0.0,0.0
217242930462792202,0.0,0.0,0.0,0.0,0.0
217242930523998102,0.0,0.0,0.0,0.0,0.0
217342930452353601,0.0,0.0,0.0,0.0,0.0
217342930461880202,0.0,0.0,0.0,0.0,0.0
217342930474375302,0.0,0.0,0.0,0.0,0.0
217442930510769402,0.5411764979362488,5.0538217891147275,251.37470457154433,176.54762268066406,1288.7245833189356
217642930478744201,0.0,0.0,0.0,0.0,0.0
217742930478248501,0.0,0.0,0.0,0.0,0.0
217842930542664701,2.84375,5.247664760752768,93.84567663035412,66.46089935302734,503.7758008297951
218142930548310601,0.0,0.0,0.0,0.0,0.0
218442927995017401,0.0,0.0,0.0,0.0,0.0
218542930447738002,0.0,0.0,0.0,0.0,0.0
218642930516546502,1.3285714387893677,5.510518142398824,138.9387093540086,97.07782745361328,771.4725114169479
218742928694273101,0.0,48.549714735646425,48.54977282114829,7.748081207275391,48.549714735646425
218842929013215201,0.0,0.0,0.0,0.0,0.0
218942930515688402,2.3777778148651123,4.011515746623169,102.78451236263736,83.4962158203125,541.5546489809896
219142930460880402,24.214284896850586,2.9108476847627736,40.75182481751825,3.6896438598632812,40.75186602738652
219142930540645401,0.0,9.543803707268971,0.0,26.584745407104492,190.87607872315942
219342930184422702,0.0,0.0,0.0,0.0,0.0
219342930461496201,0.0,0.0,0.0,0.0,0.0
219342930479864602,0.0,0.0,0.0,0.0,0.0
219642930519637602,3.0526316165924072,6.143534994068802,41.15124555160142,13.913618087768555,116.72716583306254
219742930532576901,0.0,0.0,0.0,0.0,0.0
219742930533665601,0.0,0.0,0.0,0.0,0.0
219842930546832202,0.0,0.0,0.0,0.0,0.0
219942930478109202,0.0,0.0,0.0,0.0,0.0
219942930526327501,0.0,0.0,0.0,0.0,0.0
221142930546480202,1.9489796161651611,7.172016749702558,127.87031528851874,122.16571044921875,702.8576146250037
221242930525006201,3.0,9.558505241598237,125.2639902676399,28.805757522583008,334.547687279917
221542930460197101,1.8928571939468384,4.261908479744251,46.816677412422095,14.348461151123047,119.3334353549645
221542930530640802,2.0625,9.420063823428961,78.99016393442623,132.35818481445312,904.3260773551268
221542930541745402,0.0,0.0,0.0,0.0,0.0
221642930455184701,0.0,0.0,0.0,0.0,0.0
221642930525763302,0.0,0.0,0.0,0.0,0.0
221742930526945402,0.0,0.0,0.0,0.0,0.0
221742930548772001,0.0,0.0,0.0,0.0,0.0
221842930543068801,0.0,0.0,0.0,0.0,0.0
221842930548629802,0.0,0.0,0.0,0.0,0.0
222242930544009002,2.9285714626312256,21.917449455317577,88.63663220088627,13.043708801269531,306.84429797534574
222342930530148102,0.0,0.0,0.0,0.0,0.0
222442930529814102,121.0,5.820505666208791,11.641758241758241,1.2897088527679443,11.641011332417582
222542930509430901,0.0,0.0,0.0,0.0,0.0
222542930542764902,0.0,0.0,0.0,0.0,0.0
222642930457658001,0.0,0.0,0.0,0.0,0.0
222742930520958001,0.0,0.0,0.0,0.0,0.0
222842930519131302,0.0,0.0,0.0,0.0,0.0
222942930524801801,1.3239436149597168,7.675062493473266,55.748538011695906,68.09193420410156,544.9294405421716
223042930446533101,2.090909004211426,3.1995881512207704,47.04865887207703,28.068647384643555,175.97734497731457
223142930524586801,2.5789473056793213,9.026544550054705,76.05853391684902,31.89955711364746,343.00870937122033
223242929687182701,0.0,0.0,0.0,0.0,0.0
223242930515474901,0.0,0.0,0.0,0.0,0.0
223242930522271402,0.0,6.043993050896731,26.769354622299744,86.86607360839844,695.0592318330587
223542930509711401,0.0,0.0,0.0,0.0,0.0
223542930524943702,0.0,0.0,0.0,0.0,0.0
223742929259310802,0.04444444552063942,4.6948301060898645,0.13941220798794274,64.4633560180664,422.5346996282938
223942930510424802,0.0,0.0,0.0,0.0,0.0
224042928592854201,0.0,0.0,0.0,0.0,0.0
224042930519163101,3.0,12.336327875558748,12.336526181353767,1.9870022535324097,12.336327875558748
224242930455491302,0.0,0.0,0.0,0.0,0.0
224342928021699402,0.0,0.0,0.0,0.0,0.0
224342930465361801,3.066666603088379,7.5141448014937104,35.86540880503145,16.616939544677734,112.7121735194944
224442930059407701,0.0,0.0,0.0,0.0,0.0
224442930465045101,2.700000047683716,8.283161153223432,331.3264645275243,25.489444732666016,331.3264561277788
224542930521392801,0.0,0.0,0.0,0.0,0.0
224542930535872302,0.0,0.0,0.0,0.0,0.0
224942930459667401,0.0,0.0,0.0,0.0,0.0
225042929800207601,0.0,0.0,0.0,0.0,0.0
225442930536192201,0.0,114.44604168571168,59.440442453606366,17.005643844604492,114.44604168571168
225542930526813002,0.0,0.0,0.0,0.0,0.0
225642928823251301,0.0,0.0,0.0,0.0,0.0
225742930542785202,0.0,0.0,0.0,0.0,0.0
225942930518197202,0.0,0.0,0.0,0.0,0.0
226142930510564702,0.0,0.0,0.0,0.0,0.0
226242930530711402,0.0,0.0,0.0,0.0,0.0
226442930530900801,0.0,0.0,0.0,0.0,0.0
226542930518849501,2.2682926654815674,6.798971384755938,72.52858261550509,34.17062759399414,278.75783181943524
226642930455066701,3.2432432174682617,10.950783024224073,111.18395155185466,19.519529342651367,405.17898098495374
226642930474481301,0.3193277418613434,8.849850481565866,476.07104391052195,273.1024169921875,2106.264448233449
226642930541254802,0.0,0.0,0.0,0.0,0.0
226942930525434501,0.0,0.0,0.0,0.0,0.0
227042927979772501,0.8461538553237915,13.272037222365702,159.56280991735537,158.19508361816406,1207.7553658887375
227042929704188102,0.0,0.0,0.0,0.0,0.0
227042930459882702,0.0,0.0,0.0,0.0,0.0
227142930477466802,0.0,0.0,0.0,0.0,0.0
227242929127079502,0.0,0.0,0.0,0.0,0.0
227342929501640302,3.0,2.447360506562296,10.54278249510124,3.5296850204467773,24.473605424418782
227442930456397101,0.0,0.0,0.0,0.0,0.0
227442930476092802,54.33333206176758,1.4913424234748294,8.948122866894199,1.7355172634124756,8.948054686666756
227442930537540601,0.0,0.0,0.0,0.0,0.0
227542930142494701,0.0,0.0,0.0,0.0,0.0
227742929321159702,0.0,0.0,0.0,0.0,0.0
227742930541985201,0.0,0.0,0.0,0.0,0.0
227842930515700502,0.0,0.0,0.0,0.0,0.0
228042930508088301,2.5185184478759766,7.224619927436211,204.0378988050637,93.2657241821289,975.3237169580692
228042930509501002,0.0,0.0,0.0,0.0,0.0
228442930532044401,0.0,0.0,0.0,0.0,0.0
228442930535190902,0.0,0.0,0.0,0.0,0.0
228542930474401902,2.1978023052215576,19.26087103949653,159.66087962962962,195.4185333251953,1752.7391995500636
228742929800041902,0.0,0.0,0.0,0.0,0.0
228742930458562502,0.0,0.0,0.0,0.0,0.0
228842930530653801,0.0,0.0,0.0,0.0,0.0
228942930461646102,0.0,0.0,0.0,0.0,0.0
229142930460413102,0.0,23.6638956613041,23.66400911161731,2.3166708946228027,23.6638956613041
229242929765863102,0.0,0.0,0.0,0.0,0.0
229242930464650702,2.799999952316284,6.724368062258687,75.98021235521236,17.120460510253906,168.10920459055072
229342930448175602,0.0,0.0,0.0,0.0,0.0
229542930477542801,0.0,0.0,0.0,0.0,0.0
229842928130723801,0.0,0.0,0.0,0.0,0.0
229842930473204002,0.0,0.0,0.0,0.0,0.0
229942929839807701,0.0,0.0,0.0,0.0,0.0
231142929604407702,0.0,0.0,0.0,0.0,0.0
231242930518258301,0.0,0.0,0.0,0.0,0.0
231442930468593002,0.0,0.0,0.0,0.0,0.0
231442930518389502,0.0,0.0,0.0,0.0,0.0
231542930471698101,0.0,0.0,0.0,0.0,0.0
231542930515932502,0.0,0.0,0.0,0.0,0.0
231542930531937402,0.0,0.0,0.0,0.0,0.0
231742930475459301,2.526881694793701,7.8338780315375764,173.51687116564418,66.17596435546875,728.5506551938554
231942930516452801,0.0,0.0,0.0,0.0,0.0
231942930527300101,1.057554006576538,9.06333173603505,257.0956188389923,105.63861846923828,1259.8031580712943
232042930546849802,0.0,25.353771562755938,25.353808353808354,4.063429832458496,25.353771562755938
232342930480521002,1.976190447807312,4.572750555300245,81.74019607843137,62.14278030395508,576.166548242756
232442930455043601,0.0,0.0,0.0,0.0,0.0
232442930532909002,0.0,0.0,0.0,0.0,0.0
232542930522580802,0.0,0.0,0.0,0.0,0.0
232542930530980201,1.7783504724502563,4.139568665902596,473.28161467015957,124.67723846435547,803.0762789136428
232742930531694702,0.0,0.0,0.0,0.0,0.0
232942930545939201,0.0,0.0,0.0,0.0,0.0
233042930530581602,1.1714285612106323,8.293958629261363,28.684848484848484,28.229198455810547,290.2885448571407
233142930519507601,0.0,0.0,0.0,0.0,0.0
233142930545192801,0.0,0.0,0.0,0.0,0.0
233142930548538502,2.5,11.608889253958983,23.217030114226375,3.431894063949585,23.217778507917966
233242930448797601,0.0,0.0,0.0,0.0,0.0
233342930543064402,1.0,3.5958941476075768,14.383569923822899,1.9571549892425537,14.38357603487969
233442930516186401,0.0,0.0,0.0,0.0,0.0
233442930543210202,0.0,0.0,0.0,0.0,0.0
233542930464095302,0.0,0.0,0.0,0.0,0.0
233542930475867401,3.761904716491699,5.271594248197603,43.6783103168156,18.89347267150879,110.70347613808006
233742930548685602,0.0,0.0,0.0,0.0,0.0
233842930530354701,0.0,0.0,0.0,0.0,0.0
234042930476811801,3.0,54.93977403505666,54.94050991501416,6.784800052642822,54.93977403505666
234042930480240401,0.0,0.20108683125956076,0.0,0.02462175488471985,0.20108683125956076
234042930480645902,0.0,5.941613172552464,280.61481926597025,130.9965057373047,891.2419648813631
234142930463876201,0.0,0.0,0.0,0.0,0.0
234142930516208801,0.0,0.0,0.0,0.0,0.0
234342930459315401,0.0,0.0,0.0,0.0,0.0
234342930534636802,0.0,0.0,0.0,0.0,0.0
234442930519488502,0.0,0.0,0.0,0.0,0.0
234942930447392501,0.0,0.0,0.0,0.0,0.0
234942930528080102,0.0,0.0,0.0,0.0,0.0
235042928235935102,0.0,0.0,0.0,0.0,0.0
235042930459852101,0.0,0.0,0.0,0.0,0.0
235142930524357902,0.0,0.0,0.0,0.0,0.0
235142930532587302,0.0,0.0,0.0,0.0,0.0
235142930547606802,0.0,0.0,0.0,0.0,0.0
235442929488789901,0.34730538725852966,6.259107418630606,269.65033222591364,98.01892852783203,1045.2709593543182
235442930544367302,0.0,0.0,0.0,0.0,0.0
235542930546451802,0.0,0.0,0.0,0.0,0.0
235642930220797901,0.02500000037252903,5.971014651776991,0.11480214948705422,21.242334365844727,238.84057951136572
235642930469364202,0.0,0.0,0.0,0.0,0.0
235642930479363401,0.0,0.0,0.0,0.0,0.0
235642930522798702,1.0123456716537476,2.9788382047343696,40.945217443681486,79.67582702636719,482.5717702685688
235842929839691602,0.0,0.0,0.0,0.0,0.0
235942930455679801,0.1465517282485962,10.20413632686084,190.32686084142395,137.9921112060547,1183.6798173463073
236042930457786301,0.0,0.0,0.0,0.0,0.0
236042930547778101,2.3026316165924072,8.361441203190441,471.2409460458241,103.87674713134766,635.4695173528107
236142930544684002,0.0,0.0,0.0,0.0,0.0
236242930471200901,0.0,0.0,0.0,0.0,0.0
236242930474371601,0.0,0.0,0.0,0.0,0.0
236342930546254302,0.0,0.0,0.0,0.0,0.0
236442930449556802,2.058823585510254,4.756295779709748,102.62814895947426,26.104047775268555,161.71405498815244
236642930530457701,0.0,0.0,0.0,0.0,0.0
236642930543830802,1.830065369606018,4.415971609087889,64.17102295574942,86.07836151123047,675.6436377063357
236742930543645202,0.0,0.0,0.0,0.0,0.0
237142930537923602,3.933333396911621,22.571336534288193,115.60648148148148,18.472728729248047,338.5700424512227
237142930541491901,0.0,0.0,0.0,0.0,0.0
237442928235852702,2.757575750350952,13.440616846225065,221.77022136183822,34.84232711791992,443.5403496785834
237642930510191802,0.0,0.0,0.0,0.0,0.0
237642930536276402,1.0,6.465453131210254,8.443561208267091,1.1476874351501465,12.930906650561408
237742930540437102,0.0,0.0,0.0,0.0,0.0
237742930543536302,0.0,0.0,0.0,0.0,0.0
238042929765913402,0.0,0.0,0.0,0.0,0.0
238042930508527402,0.0,0.0,0.0,0.0,0.0
238142930518014401,0.0,0.0,0.0,0.0,0.0
238242930459729901,1.6794872283935547,6.09480865656981,79.7891081871345,50.923362731933594,475.39507601353506
238242930479484202,0.0,0.0,0.0,0.0,0.0
238342930549815502,0.0,0.0,0.0,0.0,0.0
238442930451793002,0.0,0.0,0.0,0.0,0.0
238742930478203001,0.0,0.0,0.0,0.0,0.0
238742930547727901,0.0,0.0,0.0,0.0,0.0
239242930462518401,2.8518519401550293,7.232003492933091,166.52697095435684,43.674373626708984,390.52820071145214
239242930463967601,0.0,0.0,0.0,0.0,0.0
239242930528882101,0.0,0.0,0.0,0.0,0.0
239242930549135202,1.7777777910232544,3.5525546336737204,47.798228346456696,29.46747398376465,159.86496210098267
239342930518492102,2.66304349899292,8.985397910207489,188.02337228714524,66.16468048095703,826.656608597919
239442929921990602,2.0188679695129395,7.494467720299275,69.3869407496977,53.04111862182617,397.2067956065324
239442930531431601,0.0,0.0,0.0,0.0,0.0
239542930541650302,0.0,0.0,0.0,0.0,0.0
239842930456653101,1.5426008701324463,9.984324674861384,1465.9986953685584,280.0333557128906,2226.504376393086
239842930527482101,0.0,0.0,0.0,0.0,0.0
239942930455010102,2.0,2.8884878360878146,5.776928136819602,0.7538748979568481,5.776975832768048
239942930541439502,0.0,0.0,0.0,0.0,0.0
241142928603062201,0.0,0.0,0.0,0.0,0.0
241142928726332101,0.0,0.0,0.0,0.0,0.0
241142930465417902,0.0,0.0,0.0,0.0,0.0
241142930524075202,0.0,0.0,0.0,0.0,0.0
241242930534408101,0.0,0.0,0.0,0.0,0.0
241442930516032402,0.0,0.0,0.0,0.0,0.0
241442930528886802,0.0,0.0,0.0,0.0,0.0
241542930547557702,0.0,0.0,0.0,0.0,0.0
241742930474208501,2.3853211402893066,8.677870906916851,242.47844002943341,115.07414245605469,945.887937274902
241842930515814201,0.0,0.0,0.0,0.0,0.0
241942930509935501,0.0,0.0,0.0,0.0,0.0
241942930548691901,0.0,0.0,0.0,0.0,0.0
242242930528340102,0.0,0.0,0.0,0.0,0.0
242342930522564602,0.0,11.940405997304582,15.305826249222475,3.6012814044952393,23.880811184687953
242542928159125602,1.0,0.024026369709997584,0.02434077079107505,0.0016375357517972589,0.024026369709997584
242942930508408802,0.0,0.0,0.0,0.0,0.0
242942930520106201,1.2544642686843872,5.569324030940879,257.36461927766277,185.55966186523438,1247.528618133559
243042930316903701,2.263157844543457,3.234117217293981,17.761731056209584,9.016304016113281,61.448224277208546
243142930454432801,3.5199999809265137,9.893155434236947,158.99879518072288,57.47754669189453,494.6577821834978
243342930517752501,0.0,0.0,0.0,0.0,0.0
243342930544502102,0.0,0.0,0.0,0.0,0.0
243442930475280302,0.0,0.0,0.0,0.0,0.0
243442930550673002,0.0,0.0,0.0,0.0,0.0
243542930453927802,1.7552447319030762,3.389819947615533,32.86997170623693,65.2126235961914,484.7442399982783
243642930459961602,2.174311876296997,10.041139367508562,226.1691780821918,75.89119720458984,1094.4841832304653
243642930510568001,0.0,0.0,0.0,0.0,0.0
243742930531152501,0.0,0.0,0.0,0.0,0.0
243842930460171001,0.0,0.0,0.0,0.0,0.0
244042930472452202,0.0,0.0,0.0,0.0,0.0
244042930544339501,0.0,0.0,0.0,0.0,0.0
244142930476425802,0.0,0.0,0.0,0.0,0.0
244242929462816302,0.0,0.0,0.0,0.0,0.0
244342929341449002,0.0,0.0,0.0,0.0,0.0
244342929801781202,0.0,0.0,0.0,0.0,0.0
244342930459751502,0.0,0.0,0.0,0.0,0.0
244342930460159502,1.8047337532043457,9.790279286430481,1515.3654188948306,179.80677795410156,1654.5572647151675
244342930474676602,0.0,0.0,0.0,0.0,0.0
244342930520360501,0.0,0.0,0.0,0.0,0.0
244442930459439302,0.0,119.126123046875,119.12708333333333,14.595733642578125,119.126123046875
244442930462294302,0.0,0.0,0.0,0.0,0.0
244442930524266402,1.0,0.06620253214943718,0.06631810676940011,0.004857037682086229,0.06620253214943718
244542930518141302,0.0,0.0,0.0,0.0,0.0
244742928663965702,0.0,0.0,0.0,0.0,0.0
244742930523922102,0.0,0.0,0.0,0.0,0.0
244742930529662601,0.0,0.0,0.0,0.0,0.0
244842928789946301,1.5636364221572876,10.566166575362043,348.6009908536585,97.03912353515625,1162.278338228784
244842930462669801,0.0,0.0,0.0,0.0,0.0
244942930458206101,0.0,0.0,0.0,0.0,0.0
244942930480466202,0.0,0.0,0.0,0.0,0.0
245042930448990901,0.0,0.0,0.0,0.0,0.0
245642930524900701,0.0,0.0,0.0,0.0,0.0
245942930459583802,0.0,0.0,0.0,0.0,0.0
245942930474260601,0.0,0.0,0.0,0.0,0.0
246042930508095402,297.0,0.0659126254660829,0.06591177961804968,0.004690896719694138,0.0659126254660829
246042930546071401,0.0,0.0,0.0,0.0,0.0
246142930548556802,0.0,0.0,0.0,0.0,0.0
246242930453999001,0.0,0.0,0.0,0.0,0.0
246642929820806302,0.0,0.0,0.0,0.0,0.0
246842930535479401,0.0,0.0,0.0,0.0,0.0
246942930453237002,0.0,0.0,0.0,0.0,0.0
246942930525049001,0.0,0.0,0.0,0.0,0.0
247042930471770102,0.0,0.0,0.0,0.0,0.0
247042930477042902,0.0,0.0,0.0,0.0,0.0
247042930548138301,0.0,0.0,0.0,0.0,0.0
247142928726194001,0.0,0.0,0.0,0.0,0.0
247142930521840402,318.0,142.08473432959735,142.08468244084682,22.01445960998535,142.08473432959735
247142930527309001,0.0,0.0,0.0,0.0,0.0
247442930516618101,0.0,0.0,0.0,0.0,0.0
247542930455305002,0.0,0.0,0.0,0.0,0.0
247542930525796802,0.0,0.0,0.0,0.0,0.0
247642930515817802,0.0,0.0,0.0,0.0,0.0
247642930526681902,0.0,0.0,0.0,0.0,0.0
247842930455165602,0.0,0.0,0.0,0.0,0.0
247842930531104201,0.0,0.0,0.0,0.0,0.0
247942930516274002,0.0,0.0,0.0,0.0,0.0
248142930538291001,0.0,0.0,0.0,0.0,0.0
248242930509840102,2.9000000953674316,2.6844840532036613,12.187337909992372,10.310543060302734,53.689678882479576
248442930477943401,0.0,0.0,0.0,0.0,0.0
248442930530739201,0.0,0.0,0.0,0.0,0.0
248842930460261002,2.0,8.800305699016793,29.546619531595226,10.437904357910156,70.40244332657838
248842930476112602,0.0,0.0,0.0,0.0,0.0
248942930464579101,0.0,0.0,0.0,0.0,0.0
249142930461593201,0.04032257944345474,4.904560341184582,27.959987544761017,65.97933197021484,608.1654901886105
249242930518300002,92.0,0.8112123480779433,1.6224091546360502,0.23158997297286987,1.6224246961558866
249342930507773402,0.0,0.0,0.0,0.0,0.0
249542930530366302,2.4324324131011963,8.213338927380406,1215.5777368905244,157.32862854003906,1215.5741905040882
249642930527520802,0.0,0.0,0.0,0.0,0.0
249642930539463702,0.0,0.0,0.0,0.0,0.0
249842929000335401,1.5833333730697632,11.47486509541749,413.0879446640316,26.426942825317383,413.0951577401444
249842930519587202,0.0,0.0,0.0,0.0,0.0
249942930532822402,0.0,0.0,0.0,0.0,0.0
251242930474606902,0.0,0.0,0.0,0.0,0.0
251342928108622702,0.0,0.0,0.0,0.0,0.0
251342930012280301,3.0,4.927120918702059,79.69499394428745,32.95761489868164,202.0119501613637
251342930517654102,0.0,0.0,0.0,0.0,0.0
251442930476629802,0.0,0.0,0.0,0.0,0.0
251542930535989801,0.0,0.0,0.0,0.0,0.0
251642930546482101,1.6666666269302368,3.0619366686761045,22.119477286869945,5.250994682312012,55.114859414234175
251742930542242702,0.0,0.0,0.0,0.0,0.0
251842930470777901,2.5945944786071777,8.1272359375,149.30855,55.71685028076172,601.4154492752075
251942930447639201,0.0,0.0,0.0,0.0,0.0
252342930543445002,0.0,0.0,0.0,0.0,0.0
252442928725940202,0.5918367505073547,3.7144892249033226,33.78032515192171,47.28264617919922,364.01994481063025
252442930465818002,0.0,0.0,0.0,0.0,0.0
252442930528910601,0.0,0.0,0.0,0.0,0.0
252542928683993102,0.0,0.0,0.0,0.0,0.0
252542930480707601,0.0,0.0,0.0,0.0,0.0
252742928030399201,1.5874125957489014,5.382533406535091,93.96341793875892,99.39612579345703,769.7022632856957
252742929118680102,0.0,0.0,0.0,0.0,0.0
252742930449925801,0.0,0.0,0.0,0.0,0.0
252742930454283301,0.0,0.0,0.0,0.0,0.0
252742930548077501,0.0,0.0,0.0,0.0,0.0
252742930549312001,0.0,0.0,0.0,0.0,0.0
252842930457281702,0.0714285746216774,15.859060378959276,228.27058823529413,85.6256332397461,1554.187958747553
252842930473606302,0.0,0.0,0.0,0.0,0.0
252842930515912101,0.0,0.0,0.0,0.0,0.0
253042930460311801,0.0,0.0,0.0,0.0,0.0
253342928921105802,0.0,0.0,0.0,0.0,0.0
253342930478229202,2.6417911052703857,5.137861525049629,112.33476125796678,115.80045318603516,688.4734344725548
253342930533526902,0.0,0.0,0.0,0.0,0.0
253542930460951801,0.0,0.0,0.0,0.0,0.0
253542930473454802,0.0,0.0,0.0,0.0,0.0
253642930474121701,1.9795918464660645,3.172485224479468,60.43030653556969,43.11619186401367,310.9035579961597
253642930517892002,7.4782609939575195,3.8686439384690514,27.19008668050299,13.214716911315918,88.97881202432295
253842930456207201,0.0,0.0,0.0,0.0,0.0
253842930462375002,0.0,0.0,0.0,0.0,0.0
253842930546890301,0.0,0.0,0.0,0.0,0.0
254042930520816602,0.0,0.0,0.0,0.0,0.0
254142930454477502,0.6074073910713196,6.924560807987968,78.09786096256684,79.8215103149414,934.8157117486637
254142930519710602,0.0,0.0,0.0,0.0,0.0
254142930541858601,10.75,19.55722364738806,78.22814498933901,0.0,78.22889146621802
254242930466965302,0.0,0.0,0.0,0.0,0.0
254242930530851801,0.0,0.0,0.0,0.0,0.0
254342930461275701,0.0,0.0,0.0,0.0,0.0
254442930456754501,2.1818182468414307,6.272753807640525,48.11090541905082,11.611130714416504,69.0002898014342
254442930525539801,0.0,0.0,0.0,0.0,0.0
254642929249216101,0.0,0.0,0.0,0.0,0.0
254642930549295101,0.0,0.0,0.0,0.0,0.0
255042930547075401,0.0,0.0,0.0,0.0,0.0
255142930436090001,0.0,0.0,0.0,0.0,0.0
255142930463688201,2.4175825119018555,6.324596042619634,154.1755805770584,77.7738037109375,575.5382132140958
255242927945047202,4.645161151885986,9.892416935629827,96.92857142857143,40.02883529663086,306.6649215506771
255342929021009101,0.0,0.0,0.0,0.0,0.0
255342930449499902,2.255033493041992,5.46400949002377,169.66239285457033,101.09911346435547,814.1374319222581
255442930516645202,1.2121212482452393,9.744968032443241,88.46026831785346,128.78207397460938,964.751811995964
255642930463932702,0.0,0.0,0.0,0.0,0.0
255742930534123101,1.627450942993164,4.824716103142077,73.10409836065574,31.22157096862793,246.06053293572097
256042930518170701,2.753246784210205,13.029525867495972,106.9307010475423,107.69783782958984,1003.2734927454848
256142930528386001,0.0,0.0,0.0,0.0,0.0
256242930463635002,0.0,0.0,0.0,0.0,0.0
256242930532496001,0.0,0.0,0.0,0.0,0.0
256342930459586501,0.0,0.0,0.0,0.0,0.0
256442930546114502,1.0094339847564697,7.6080689679681575,34.672858225928735,105.98527526855469,806.4553203839439
256742930518989901,3.200000047683716,2.1420884596456693,8.448188976377953,2.5132322311401367,10.710442413570375
256742930523892702,0.0,0.0,0.0,0.0,0.0
256742930528824702,0.3987730145454407,5.06167970410518,204.0710511932957,105.47282409667969,825.0537798893056
256842928043839301,0.0,0.0,0.0,0.0,0.0
257042928210580802,0.0,0.0,0.0,0.0,0.0
257042930459363701,4.0638298988342285,8.288181852936036,168.20639636490736,58.64051055908203,389.54455027201925
257042930460144001,0.0,0.0,0.0,0.0,0.0
257442930527639402,2.254098415374756,7.957716375150784,268.5823884197829,99.58106994628906,970.841343769032
257542930531992402,0.0,0.0,0.0,0.0,0.0
257642930474949601,0.0,0.0,0.0,0.0,0.0
257742930463712801,0.0,0.0,0.0,0.0,0.0
257742930541837301,0.0,0.0,0.0,0.0,0.0
257842930448633102,0.0,0.0,0.0,0.0,0.0
257842930474322902,0.0,0.0,0.0,0.0,0.0
257842930525994302,0.0,0.0,0.0,0.0,0.0
257842930534388801,0.0,0.0,0.0,0.0,0.0
258242930521159301,2.405797004699707,5.506186603874314,141.81025015253203,89.6974105834961,759.8537401326187
258242930532428802,0.0,0.0,0.0,0.0,0.0
258342930457933401,6.375,10.30929410354746,54.557046979865774,0.0,82.47435249463938
258542930477109202,0.0,0.0,0.0,0.0,0.0
258542930528680001,0.0,0.0,0.0,0.0,0.0
258642929800141202,0.0,0.0,0.0,0.0,0.0
258742930449263202,0.0,0.0,0.0,0.0,0.0
258842930524132401,0.0,0.0,0.0,0.0,0.0
258942930455643301,0.0,0.0,0.0,0.0,0.0
259142930428343602,0.0,0.0,0.0,0.0,0.0
259242930521374202,4.162499904632568,13.096598889172625,653.867722165475,135.3031463623047,1047.727942720984
259242930526590001,0.0,0.0,0.0,0.0,0.0
259242930542989201,0.0,0.0,0.0,0.0,0.0
259342927979570502,0.0,0.0,0.0,0.0,0.0
259542930549929202,0.0,0.0,0.0,0.0,0.0
259642929034814401,0.0,0.0,0.0,0.0,0.0
259642930546744502,3.0396039485931396,14.807243718327703,159.71554054054053,131.52920532226562,1495.5315595423854
259742930544586602,2.2410714626312256,5.660404396297855,103.13777871266302,92.5953369140625,633.9652721329201
259942930526882402,2.5357143878936768,3.5224244812351073,44.46333068572942,13.67294692993164,98.62788500494196
261142930455927801,0.0,0.0,0.0,0.0,0.0
261142930526174002,0.3008130192756653,6.310722920317977,36.45868803204807,113.65531921386719,776.218934169458
261242930519812601,2.153846263885498,7.37251548290072,39.103069344448656,11.628037452697754,95.84269710163494
261342930550042501,0.0,0.0,0.0,0.0,0.0
261442930531207501,0.0,0.0,0.0,0.0,0.0
261542929903230801,0.0,0.0,0.0,0.0,0.0
261542930527398002,0.0,0.0,0.0,0.0,0.0
261642930534151601,0.0,0.0,0.0,0.0,0.0
261642930541661902,0.0,0.0,0.0,0.0,0.0
261742928043880601,0.0,0.0,0.0,0.0,0.0
262242930462873701,0.0,0.0,0.0,0.0,0.0
262342930459644301,0.0,0.0,0.0,0.0,0.0
262342930541339301,0.0,0.0,0.0,0.0,0.0
262442930520993002,0.0,0.0,0.0,0.0,0.0
262542930537165501,0.0,0.0,0.0,0.0,0.0
262842930541577902,0.0,0.0,0.0,0.0,0.0
263042930458424401,2.690140962600708,8.123642198226545,181.70480549199084,56.334716796875,576.7785699351156
263242930458255702,0.0,0.0,0.0,0.0,0.0
263442930466846301,0.0,0.0,0.0,0.0,0.0
263442930521798901,0.0,0.0,0.0,0.0,0.0
263542930524815602,0.0,0.0,0.0,0.0,0.0
263642930517146502,0.0,10.374985193401102,0.0,114.1028823852539,1089.3734669544053
263742930474811502,110.5,5.150232295211169,10.301040832666132,1.4738314151763916,10.300464590422338
263942930474844501,0.0,0.0,0.0,0.0,0.0
264042930457452702,3.21052622795105,12.016498447204969,127.32523997741389,22.06307601928711,228.31347618339964
264142928135731901,4.545454502105713,8.30848847002788,78.18959107806691,22.05144500732422,182.78674337205095
264142929197899901,2.0,0.6496809988824526,0.6496852351478601,0.12237772345542908,0.6496809988824526
264242930469660601,0.0,0.0,0.0,0.0,0.0
264242930472909102,0.0,0.0,0.0,0.0,0.0
264442930528585602,0.0,0.0,0.0,0.0,0.0
264542929991113002,0.0,0.0,0.0,0.0,0.0
264642930550424401,2.5789473056793213,1.7494481894375293,18.145138562705494,5.281721115112305,33.23951558139527
264642930550565001,0.0,0.0,0.0,0.0,0.0
264742928243059901,0.0,0.0,0.0,0.0,0.0
264742929373243501,2.049999952316284,4.054055678274429,31.48981288981289,8.301676750183105,81.08111736908276
264742930458813402,0.0,0.0,0.0,0.0,0.0
264842930468130001,0.0,0.0,0.0,0.0,0.0
264842930471898001,0.0,0.0,0.0,0.0,0.0
264942930461356002,0.0,0.0,0.0,0.0,0.0
265142930474007702,0.0,0.0,0.0,0.0,0.0
265342930525067001,0.0,0.0,0.0,0.0,0.0
265342930543016301,0.0,0.0,0.0,0.0,0.0
265842929476646701,0.0,0.0,0.0,0.0,0.0
265842930534545802,0.0,0.0,0.0,0.0,0.0
265842930543162202,0.0,0.0,0.0,0.0,0.0
266042930454985302,0.12820513546466827,30.22208462942927,29.264809304841762,52.55891418457031,1178.6613230004903
266042930524204401,0.0,0.0,0.0,0.0,0.0
266042930541519002,0.0,8.309634309034342,0.0,0.6319165229797363,8.309634309034342
266142928265489802,0.0,0.0,0.0,0.0,0.0
266442930454746502,0.0,0.0,0.0,0.0,0.0
266442930476981601,0.0,0.0,0.0,0.0,0.0
266542930469002501,0.0,0.0,0.0,0.0,0.0
266642930455716702,0.0,0.0,0.0,0.0,0.0
266742930526545901,0.0,0.0,0.0,0.0,0.0
266942930451361702,0.9193548560142517,16.76420264390897,313.7286925479697,133.4611053466797,2078.7611558634167
266942930458448002,0.2800000011920929,9.753194034505842,68.68841285296982,67.76726531982422,975.3194067118346
266942930546957102,0.0,0.0,0.0,0.0,0.0
267042930522688401,0.0,0.0,0.0,0.0,0.0
267042930528033102,3.640000104904175,8.285295758928571,63.92857142857143,23.631683349609375,207.13238624777114
267142930451551001,1.6666666269302368,2.527100064284117,22.389953044644855,6.151947975158691,53.069101004235534
267142930480320402,0.0,0.0,0.0,0.0,0.0
267342929197690602,0.0,0.0,0.0,0.0,0.0
267342930470650002,0.0,0.0,0.0,0.0,0.0
267342930528504901,0.0,0.0,0.0,0.0,0.0
267442930449858502,0.0,0.0,0.0,0.0,0.0
267442930519167501,2.0,11.225465040940504,33.67788461538461,0.689445436000824,33.67639424250676
267542930528558402,0.0,0.0,0.0,0.0,0.0
267542930536388401,0.0,0.0,0.0,0.0,0.0
267642929269363301,2.2249999046325684,3.3360321109597337,69.86527399333939,54.45011901855469,266.8825761545004
267742930530602901,0.23943662643432617,7.70894424229452,325.06090998043055,198.76400756835938,1642.0050991537112
268042930458333202,0.0,0.0,0.0,0.0,0.0
268142930316798501,0.0,0.0,0.0,0.0,0.0
268242930476680702,0.0,0.0,0.0,0.0,0.0
268642930459538102,0.0,0.0,0.0,0.0,0.0
268742930518171302,2.4000000953674316,17.805704594276914,115.01945525291829,13.796463012695312,267.08556594056995
268842930465034701,0.0,0.0,0.0,0.0,0.0
268842930547504902,0.0,0.0,0.0,0.0,0.0
268942930468831801,2.696969747543335,3.6588358315209377,100.69478030079622,42.66767120361328,241.48317218466659
269142930517279701,0.0,0.0,0.0,0.0,0.0
269542930465015202,0.0,0.0,0.0,0.0,0.0
269642930464550602,2.857142925262451,12.097387181880524,65.38189576348674,8.624722480773926,84.68171158464752
269742930448412001,1.7455620765686035,4.157417288694609,109.25110465850271,101.10292053222656,702.6035134025692
269742930461248501,0.0,0.0,0.0,0.0,0.0
269942928130694402,0.0,0.0,0.0,0.0,0.0
269942929155481702,0.0,0.0,0.0,0.0,0.0
269942930526785002,0.0,0.0,0.0,0.0,0.0
269942930526875602,0.0,0.0,0.0,0.0,0.0
269942930529106301,0.0,0.0,0.0,0.0,0.0
271142930462946402,0.0,0.0,0.0,0.0,0.0
271242928684109501,0.0,0.0,0.0,0.0,0.0
271442930543173501,0.0,0.0,0.0,0.0,0.0
271442930548182901,0.0,0.0,0.0,0.0,0.0
271542928099579202,0.0,0.0,0.0,0.0,0.0
271542930519868601,0.1840796023607254,8.387613163102552,147.38468809073723,139.3489532470703,1685.9102202768813
271642930459031202,1.75,5.945820341159208,61.86911225238445,10.626811027526855,71.34984292067418
271642930462452902,0.0,0.0,0.0,0.0,0.0
271742930475173801,0.0,0.0,0.0,0.0,0.0
271742930508828202,1.25,3.1935797116150173,24.970357667809896,2.098900079727173,25.54863823120177
271942930459908702,0.0,0.0,0.0,0.0,0.0
272042930519339402,2.975308656692505,4.297806955684383,54.96615049412497,58.96072006225586,348.1223737829326
272042930529516901,0.0,0.0,0.0,0.0,0.0
272242928845210701,0.0,0.0,0.0,0.0,0.0
272242930476204301,0.0,0.0,0.0,0.0,0.0
272342930526128902,0.0,0.0,0.0,0.0,0.0
272442930461241502,2.803149700164795,6.4257176114484595,164.1297393364929,81.4820785522461,816.066157948161
272842930460178202,0.0,0.0,0.0,0.0,0.0
272842930531914801,0.0,0.0,0.0,0.0,0.0
272942930522697701,0.0,0.0,0.0,0.0,0.0
273042930515730901,0.0,0.0,0.0,0.0,0.0
273042930524748101,0.0,0.0,0.0,0.0,0.0
273142930470689702,31.5,104.83512684747829,209.67027274112448,42.09913635253906,209.67025369495659
273142930533768001,4.512499809265137,8.8276433350271,186.170054200542,90.15153503417969,706.211448955019
273442930546731802,0.0,0.0,0.0,0.0,0.0
273542929989589602,0.0,0.0,0.0,0.0,0.0
273542930453669902,0.0,0.0,0.0,0.0,0.0
273542930542605502,0.0,0.0,0.0,0.0,0.0
273642930508767101,0.0,0.0,0.0,0.0,0.0
273642930533961901,0.0,0.0,0.0,0.0,0.0
273742930475146401,0.0,0.0,0.0,0.0,0.0
273842930518582102,0.0,0.0,0.0,0.0,0.0
274042928043842102,0.0,0.0,0.0,0.0,0.0
274042930533205801,0.0,0.0,0.0,0.0,0.0
274142930469864701,0.0,0.0,0.0,0.0,0.0
274242930457202402,1.773913025856018,8.055565291563276,169.0636228287841,136.01463317871094,926.3900400075605
274242930457849201,0.0,0.0,0.0,0.0,0.0
274242930545682101,0.0,0.0,0.0,0.0,0.0
274342930547205401,3.0,1.7125483353264297,1.7123633305298571,0.2192213535308838,1.7125483353264297
274542930448087501,0.0,0.0,0.0,0.0,0.0
274642930509549001,1.2857142686843872,2.6829612795152893,49.281073549901,66.29438781738281,338.053134235948
274742930507794401,0.0,0.0,0.0,0.0,0.0
274942930473043401,0.0,0.0,0.0,0.0,0.0
275042928135390702,2.2131147384643555,2.929070917618698,31.554309471404114,34.1047477722168,178.67331991131374
275042930517825101,0.0,0.0,0.0,0.0,0.0
275242929861334501,0.0,0.0,0.0,0.0,0.0
275242930464028901,0.0,0.0,0.0,0.0,0.0
275442929613423202,0.75,4.074156785374366,16.297316896301666,1.3129396438598633,16.29662749558104
275442930464639801,0.0,16.480093477074234,0.0,82.86088562011719,807.5245613919942
275442930527084202,0.0,0.0,0.0,0.0,0.0
275542930545852601,0.0,0.0,0.0,0.0,0.0
275742930548107602,0.0,0.0,0.0,0.0,0.0
275842928021779401,0.0,0.0,0.0,0.0,0.0
275842930519335401,0.0,0.0,0.0,0.0,0.0
275942930479575502,0.0,0.0,0.0,0.0,0.0
276042930464092201,0.0,0.0,0.0,0.0,0.0
276242930472097402,0.0,0.0,0.0,0.0,0.0
276642928042242301,0.0,0.0,0.0,0.0,0.0
276642929649295001,0.0,0.0,0.0,0.0,0.0
276742930527201601,0.5873016119003296,5.785471298509561,83.99640044994376,91.11504364013672,728.9693562382117
276842929104948101,0.0,0.0,0.0,0.0,0.0
276842930525970802,3.194444417953491,6.077582360237173,103.85769603097773,26.313091278076172,218.79296407117963
276842930549490302,4.842105388641357,10.656509840986736,400.5337620578778,26.254608154296875,404.94737410468684
277242930457175502,0.0,0.0,0.0,0.0,0.0
277242930516254902,0.0,0.0,0.0,0.0,0.0
277442930454145502,1.0,7.239148622791626,281.4356848983543,128.91201782226562,1172.74210724826
277542930456323102,0.0,0.0,0.0,0.0,0.0
277542930473742702,0.0,0.0,0.0,0.0,0.0
277542930531233702,0.0,0.0,0.0,0.0,0.0
277642929969542602,0.0,0.0,0.0,0.0,0.0
277742930525180201,0.0,0.0,0.0,0.0,0.0
277742930547603701,0.0,0.0,0.0,0.0,0.0
277842930518285201,0.0,0.0,0.0,0.0,0.0
278042930509677102,0.0,0.0,0.0,0.0,0.0
278242930455278201,0.0,0.0,0.0,0.0,0.0
278342928932688301,0.0,0.0,0.0,0.0,0.0
278442930473949402,1.8275861740112305,22.555204415027006,1186.2006172839506,78.21791076660156,1308.2018572253946
278642930515756102,0.0,0.0,0.0,0.0,0.0
278742930460003702,0.0,0.0,0.0,0.0,0.0
278842930477822401,0.0,0.0,0.0,0.0,0.0
278842930516981202,5.0,83.7470969114786,212.88715953307394,17.645566940307617,251.24130213399806
278842930524592002,0.0,0.0,0.0,0.0,0.0
278942930525158501,2.875,3.5173960111549327,47.71509300682835,17.1589412689209,112.55667208749489
279142928086601001,0.0,0.0,0.0,0.0,0.0
279442930473480502,0.0,0.0,0.0,0.0,0.0
279642930453807602,0.0,0.0,0.0,0.0,0.0
279642930541353202,2.5322580337524414,8.34806143174149,183.08098591549296,35.042362213134766,517.5798028175819
279742930525071701,2.4188034534454346,8.011240499178307,133.3212818405916,133.71795654296875,937.3151330469864
279942930518740602,0.0,0.0,0.0,0.0,0.0
281142929642567301,0.0,0.0,0.0,0.0,0.0
281142930529025802,0.0,0.0,0.0,0.0,0.0
281342929684635902,0.0,0.0,0.0,0.0,0.0
281342930453948401,0.0,0.0,0.0,0.0,0.0
281342930534319302,2.0806450843811035,8.155820821694599,130.22979515828678,31.339262008666992,505.6609041481267
281842930455480101,0.0,0.0,0.0,0.0,0.0
281842930478686702,0.0,0.0,0.0,0.0,0.0
281942930477643701,2.0520832538604736,5.410925641488977,225.37286385461303,49.83945083618164,519.448858774455
282042930457742102,0.0,0.0,0.0,0.0,0.0
282142930550607302,3.2285714149475098,7.680283217649976,136.73187902825978,94.96331787109375,806.4297459161216
282342930530675901,0.0,0.0,0.0,0.0,0.0
282442930450635301,0.0,0.0,0.0,0.0,0.0
282442930508133501,0.0,0.0,0.0,0.0,0.0
282542930524809801,0.0,0.0,0.0,0.0,0.0
282642930469586102,0.0,0.0,0.0,0.0,0.0
283142930479193502,0.0,0.0,0.0,0.0,0.0
283242930527502002,0.0,0.0,0.0,0.0,0.0
283342928005313202,291.0,108.50864664713542,108.50868055555556,6.5377116203308105,108.50864664713542
283342930528881501,0.0,0.0,0.0,0.0,0.0
283442930458935102,1.236842155456543,6.696514996513506,56.26247798003523,102.26588439941406,763.4026945974291
283442930510207402,0.0,0.0,0.0,0.0,0.0
283542930519666102,0.0,0.0,0.0,0.0,0.0
283642928757851802,0.0,0.0,0.0,0.0,0.0
283742930536990002,0.0,0.0,0.0,0.0,0.0
283742930550168602,277.0,0.9357997659258368,0.9360189573459715,0.17103374004364014,0.9357997659258368
283842930477529801,0.0,0.0,0.0,0.0,0.0
283842930509256702,0.0,0.0,0.0,0.0,0.0
283842930519159102,0.0,0.0,0.0,0.0,0.0
283842930532141702,0.0,0.0,0.0,0.0,0.0
284042930450482202,0.0,0.0,0.0,0.0,0.0
284142927921591502,0.0,0.0,0.0,0.0,0.0
284142930469310702,0.0,0.0,0.0,0.0,0.0
284142930517593401,3.0,44.63632052627331,44.63629025748648,4.957999229431152,44.63632052627331
284142930545369602,0.0,0.0,0.0,0.0,0.0
284242930457062102,0.0,0.0,0.0,0.0,0.0
284242930542269101,0.0,0.0,0.0,0.0,0.0
284342929118646901,0.0,0.0,0.0,0.0,0.0
284342930542910402,0.0,0.0,0.0,0.0,0.0
284542930289309602,0.0,0.0,0.0,0.0,0.0
284642930462574802,0.0,0.0,0.0,0.0,0.0
284842929331811301,0.0,0.0,0.0,0.0,0.0
284942930474896701,0.0,0.0,0.0,0.0,0.0
284942930526933301,0.0,0.0,0.0,0.0,0.0
285042930530335901,0.0,0.0,0.0,0.0,0.0
285242929529038501,0.0,0.0,0.0,0.0,0.0
285342930477471501,0.0,0.0,0.0,0.0,0.0
285342930477479902,0.0,0.0,0.0,0.0,0.0
285642929025477601,0.0,0.0,0.0,0.0,0.0
285642930536209902,0.0,0.0,0.0,0.0,0.0
285842930543680701,3.5360825061798096,4.951457672448704,88.045626349892,68.05945587158203,480.29140762119005
285942930466952001,0.0,0.0,0.0,0.0,0.0
286042930529533502,2.0,3.9849464526016747,37.85263157894737,12.579959869384766,103.60861065421949
286142930461326201,0.0,0.0,0.0,0.0,0.0
286242930509415601,0.0,0.0,0.0,0.0,0.0
286342927982837101,0.0,0.0,0.0,0.0,0.0
286342930526716102,0.0,0.0,0.0,0.0,0.0
286542930471697302,2.04424786567688,4.217729511096217,47.36520703008639,69.52194213867188,476.60344806042747
286542930524444701,0.0,0.0,0.0,0.0,0.0
286742930519788302,0.0,0.0,0.0,0.0,0.0
286742930533445401,0.0,0.0,0.0,0.0,0.0
286942928570832201,0.0,0.0,0.0,0.0,0.0
286942928684064701,0.0,0.0,0.0,0.0,0.0
287142930538503402,0.0,0.0,0.0,0.0,0.0
287142930546935102,0.0,0.0,0.0,0.0,0.0
287242930472712401,2.0,5.509772450436828,32.204301075268816,5.089057922363281,38.5684088266024
287242930478058801,0.0,0.0,0.0,0.0,0.0
287442929424281301,0.0,0.0,0.0,0.0,0.0
287542930449605602,0.0,0.0,0.0,0.0,0.0
287542930471836801,0.0,0.0,0.0,0.0,0.0
287842930464915402,0.0,0.0,0.0,0.0,0.0
287942929309212902,0.0,0.0,0.0,0.0,0.0
287942930465536202,0.0,0.0,0.0,0.0,0.0
288042930543019902,0.0,0.0,0.0,0.0,0.0
288042930543246201,0.0,0.0,0.0,0.0,0.0
288242930469467601,0.0,0.0,0.0,0.0,0.0
288242930547391702,2.696969747543335,2.9082624389913234,39.851311378426345,15.933977127075195,95.9726596261312
288442930541622001,0.0,0.0,0.0,0.0,0.0
288742930522472501,1.7272727489471436,9.54836518232819,103.2163394109397,16.986175537109375,105.03201426630434
288842930452286102,0.0,0.0,0.0,0.0,0.0
288842930460077201,1.0,21.611025855654763,43.22222222222222,2.4369709491729736,43.22205041956018
288842930547629101,0.0,3.7881276508138133,0.0,3.7819299697875977,22.728766877282457
288842930549622001,0.0,0.0,0.0,0.0,0.0
288942930516013801,0.0,0.0,0.0,0.0,0.0
289042930527326901,0.0,0.0,0.0,0.0,0.0
289042930547054202,0.0,0.0,0.0,0.0,0.0
289142930458890701,0.0,0.0,0.0,0.0,0.0
289342930451844602,0.0,0.0,0.0,0.0,0.0
289442930462773001,0.0,0.0,0.0,0.0,0.0
289542930473308102,0.0,0.0,0.0,0.0,0.0
289642930545972401,0.0,0.0,0.0,0.0,0.0
289742930530455002,0.0,0.0,0.0,0.0,0.0
289842930516115902,1.2714285850524902,2.830862926136364,21.62181818181818,28.080568313598633,198.1604065692786
289942930511244801,0.0,0.0,0.0,0.0,0.0
291542930469697801,0.0,0.0,0.0,0.0,0.0
291642930542641001,0.0,0.0,0.0,0.0,0.0
291742930142600201,0.0,0.0,0.0,0.0,0.0
291942930446774202,0.0,0.0,0.0,0.0,0.0
291942930533612102,0.0,0.0,0.0,0.0,0.0
292042930517688202,0.0,0.0,0.0,0.0,0.0
292142930479925101,1.6233766078948975,4.39269888122797,44.704105935029055,124.92137908935547,676.475614984728
292242930515574002,0.0,0.0,0.0,0.0,0.0
292442930460041502,0.0,0.0,0.0,0.0,0.0
292442930462885501,0.0,0.0,0.0,0.0,0.0
292942929456669102,0.0,0.0,0.0,0.0,0.0
293142930517194901,0.0,0.0,0.0,0.0,0.0
293242930526249502,0.0,0.0,0.0,0.0,0.0
293242930531600502,0.0,0.0,0.0,0.0,0.0
293242930550733201,0.0,0.0,0.0,0.0,0.0
293342930508080601,0.0,0.0,0.0,0.0,0.0
293342930508994302,0.0,0.0,0.0,0.0,0.0
293642930164668102,0.0,0.0,0.0,0.0,0.0
293642930446861002,0.0,0.0,0.0,0.0,0.0
293742930524691402,0.0,0.0,0.0,0.0,0.0
294142930461696302,0.0,0.0,0.0,0.0,0.0
294342930527502601,2.690476179122925,8.9764207742982,123.04343220338983,53.799617767333984,377.0096571324235
294742929721498401,0.0,0.0,0.0,0.0,0.0
294742930517719501,0.0,0.0,0.0,0.0,0.0
294742930542542101,1.8839285373687744,5.5404116412376405,140.02693487896352,66.80900573730469,620.5260889005059
294942930446267502,2.1446540355682373,3.965100605228623,89.65962149468159,117.19954681396484,630.4510123738598
294942930455870402,1.941176414489746,9.039932226245948,62.04639384116694,13.070241928100586,153.67884544112889
294942930531762002,1.8888888359069824,32.31505874515504,259.11517165005534,28.769067764282227,290.83552983855355
295442930453856202,2.2637362480163574,14.861780099027103,405.722724113968,104.1048583984375,1352.4219552160055
295542928159286201,0.0,0.0,0.0,0.0,0.0
295542930480599701,0.0,0.0,0.0,0.0,0.0
295542930538104301,0.0,0.0,0.0,0.0,0.0
295742930474957402,0.0,0.0,0.0,0.0,0.0
295742930524433702,0.0,0.0,0.0,0.0,0.0
295842930532647602,42.0,34.129692832764505,34.129692832764505,3.9440159797668457,34.129692832764505
295942930515960302,0.0,0.0,0.0,0.0,0.0
295942930516742801,0.0,0.0,0.0,0.0,0.0
296242930455377601,0.0,0.0,0.0,0.0,0.0
296342930508236301,0.0,0.0,0.0,0.0,0.0
296342930517781701,0.0,0.0,0.0,0.0,0.0
296442930519883402,1.0,117.80720362544484,117.80782918149467,5.45982551574707,117.80720362544484
296542930474349602,0.0,0.0,0.0,0.0,0.0
296642929820997201,0.0,0.0,0.0,0.0,0.0
296742927980095501,0.0,0.0,0.0,0.0,0.0
296742930529195101,0.0,0.0,0.0,0.0,0.0
296842930458231501,1.100000023841858,21.4106480471307,174.55814968361335,31.076595306396484,214.106480471307
296842930475425901,0.0,0.0,0.0,0.0,0.0
297142930453227601,0.0,0.0,0.0,0.0,0.0
297142930460015402,0.0,0.0,0.0,0.0,0.0
297142930544064501,0.0,0.0,0.0,0.0,0.0
297142930548160502,0.0,0.0,0.0,0.0,0.0
297242930550572001,0.0,0.0,0.0,0.0,0.0
297442930464887802,0.0,0.0,0.0,0.0,0.0
297742930468887502,0.0,0.0,0.0,0.0,0.0
297942930447564901,0.0,0.0,0.0,0.0,0.0
297942930472700202,4.111111164093018,4.208041355816078,15.770280146163216,5.328702449798584,37.872372960637755
297942930473282202,0.0,0.0,0.0,0.0,0.0
298042930524275601,0.0,0.0,0.0,0.0,0.0
298242930477089302,0.5882353186607361,13.950229116586538,102.14038461538462,17.161977767944336,237.15388856667738
298242930510235002,2.6029412746429443,5.2711329715061055,85.58616010854817,51.82329177856445,358.43702920321044
298342930447643102,0.0,0.0,0.0,0.0,0.0
298342930544433301,0.0,0.0,0.0,0.0,0.0
298342930548585002,2.0,2.5489054971895073,2.548893647394718,0.48279446363449097,2.5489054971895073
298542930475335702,0.0,0.0,0.0,0.0,0.0
298542930528293701,0.0,0.0,0.0,0.0,0.0
298842930529840402,2.5,11.504441945272573,28.141396933560475,4.857180118560791,46.017767989046526
299042929197945001,0.0,0.0,0.0,0.0,0.0
299242930449084201,0.0,0.0,0.0,0.0,0.0
299442930462151402,0.0,0.0,0.0,0.0,0.0
299542930517598002,0.0,0.0,0.0,0.0,0.0
299642930472921601,3.133333444595337,44.51319754464286,414.3285714285714,55.42146301269531,1335.3959572928293
299642930524834302,0.0,0.0,0.0,0.0,0.0
299742930528227402,0.0,0.0,0.0,0.0,0.0
299742930545005402,0.0,0.0,0.0,0.0,0.0
301242930459796901,0.0,0.0,0.0,0.0,0.0
301542930508533601,0.0,0.0,0.0,0.0,0.0
301542930528796002,255.0,17.249557980076762,17.249557980076762,4.205888748168945,17.249557980076762
301642930479679501,0.0,0.0,0.0,0.0,0.0
301642930524385402,0.0,0.0,0.0,0.0,0.0
301842930461762701,0.0,0.0,0.0,0.0,0.0
301842930544711402,0.0,0.0,0.0,0.0,0.0
301942929839855901,0.0,132.08246226289074,56.391130109537805,17.9771785736084,132.08246226289074
301942930474861802,0.0,0.0,0.0,0.0,0.0
302042930474602301,0.0,0.0,0.0,0.0,0.0
302142930528684002,3.4102563858032227,6.322499933233629,117.91555389381476,26.270387649536133,246.57749355900123
302142930534298101,0.0,0.0,0.0,0.0,0.0
302542930466332502,0.0,0.0,0.0,0.0,0.0
302542930541058901,2.555555582046509,6.823376662601252,32.58541973490427,4.360228061676025,61.41039014319082
302542930544385002,0.0,0.0,0.0,0.0,0.0
302542930550807001,0.0,0.0,0.0,0.0,0.0
302842930457098302,0.0,0.0,0.0,0.0,0.0
302942930517101002,0.0,0.0,0.0,0.0,0.0
303142930474287802,0.8666666746139526,3.8926264424527353,10.170555108608205,10.661776542663574,58.389396955961196
303142930522970002,2.7063491344451904,4.518731705333911,102.3040763226366,85.21932983398438,569.3601833042433
303242930525631102,4.833333492279053,37.84603886880165,134.0595041322314,27.9152774810791,227.07624249418905
303442929946432702,0.0,0.0,0.0,0.0,0.0
303642928077879902,0.0,0.0,0.0,0.0,0.0
303742930463339901,0.0,0.0,0.0,0.0,0.0
303742930466476901,0.0,0.0,0.0,0.0,0.0
303742930474687902,0.0,0.0,0.0,0.0,0.0
303942927963809701,0.0,0.0,0.0,0.0,0.0
303942930465122701,2.808333396911621,5.563574570875901,110.8155048076923,87.00962829589844,667.6289587910645
304042930476111801,0.0,0.0,0.0,0.0,0.0
304142930516774902,0.0,0.0,0.0,0.0,0.0
304142930548522101,0.0,0.0,0.0,0.0,0.0
304542929249094801,0.0,0.0,0.0,0.0,0.0
304542930461310101,0.0,0.0,0.0,0.0,0.0
304542930546424301,0.0,0.0,0.0,0.0,0.0
304742930530586601,0.0,0.0,0.0,0.0,0.0
304842930517668701,0.0,0.0,0.0,0.0,0.0
304842930519811202,0.0,0.0,0.0,0.0,0.0
305142930508959602,2.2280702590942383,4.609021164854551,84.6676267281106,101.07856750488281,525.428419733377
305442928726076102,0.0,0.0,0.0,0.0,0.0
305442930454598402,0.0,0.0,0.0,0.0,0.0
305442930471191902,0.0,0.0,0.0,0.0,0.0
305542930529910201,2.0,0.3480011906377747,0.3479816044966786,0.061289384961128235,0.3480011906377747
305742930528768702,0.054794520139694214,3.6385011970215553,21.850131080687447,89.1362533569336,531.2211653189655
306242930537512101,2.25,5.087335811200924,20.349243007441622,3.0360352993011475,20.3493433701004
306442930473335602,0.0,0.0,0.0,0.0,0.0
306442930517138902,0.0,0.0,0.0,0.0,0.0
306542930533804102,0.0,0.0,0.0,0.0,0.0
306642930462906002,0.0,0.0,0.0,0.0,0.0
306642930479796202,2.5037035942077637,10.989612284020895,496.2493972676132,123.93980407714844,1483.5976183314187
306842930453555401,0.0,0.0,0.0,0.0,0.0
306842930480406501,0.0,0.0,0.0,0.0,0.0
306942930550479101,0.0,0.0,0.0,0.0,0.0
307042930532334402,0.0139860138297081,5.369670558915771,22.009856630824373,118.89347839355469,767.8628663722759
307142929091435101,0.0,0.0,0.0,0.0,0.0
307142930458079601,0.0,0.0,0.0,0.0,0.0
307142930474623902,0.0,0.0,0.0,0.0,0.0
307242930515916901,0.0,0.0,0.0,0.0,0.0
307342930509616201,0.0,0.0,0.0,0.0,0.0
307342930534097002,0.0,0.0,0.0,0.0,0.0
307442930479630902,0.0,0.0,0.0,0.0,0.0
307442930509778802,2.0,0.2988697151084999,0.8039772727272727,0.13279379904270172,1.1954789037828322
307542930524280301,2.545454502105713,3.986199384757155,46.310711188204685,26.46017074584961,175.39277978844987
307742930544301201,0.0,0.0,0.0,0.0,0.0
307842928636919901,0.0,0.0,0.0,0.0,0.0
308042930455771602,0.0,0.0,0.0,0.0,0.0
308142930466652001,0.0,0.0,0.0,0.0,0.0
308142930478039102,0.0,0.0,0.0,0.0,0.0
308142930529668602,0.0,0.0,0.0,0.0,0.0
308142930532520002,0.0,0.0,0.0,0.0,0.0
308242930544806301,4.333333492279053,4.080607190762761,12.241879350348027,2.0653114318847656,12.241821501481837
308342929901445701,0.0,0.0,0.0,0.0,0.0
308342930080355601,0.0,0.0,0.0,0.0,0.0
308342930546970002,3.125,1.2818024405528246,3.6398252184769038,1.3172149658203125,10.254419419649388
308542930477019402,0.0,1.3649016177341473,0.0,2.4304914474487305,21.838425705801292
308742930465134201,0.0,0.0,0.0,0.0,0.0
308842930547509501,0.0,0.0,0.0,0.0,0.0
308942929843657702,0.0,0.0,0.0,0.0,0.0
308942930464926901,2.941176414489746,6.03728260538499,60.64327485380117,14.726259231567383,102.63380094531917
308942930541987802,0.0,0.0,0.0,0.0,0.0
309042930531011002,0.0,0.0,0.0,0.0,0.0
309142929118744101,0.0,0.0,0.0,0.0,0.0
309142930464369601,0.0,0.0,0.0,0.0,0.0
309442930462659701,0.0,0.0,0.0,0.0,0.0
309542930530726202,1.671875,5.459709173804918,51.45657837603127,31.495370864868164,349.4213726820856
309742930510620701,0.0,0.0,0.0,0.0,0.0
309942930545580002,3.21052622795105,32.33795166015625,368.396875,13.268363952636719,614.4210531234742
311442930542281902,0.0,0.0,0.0,0.0,0.0
311542930446688901,0.0,0.0,0.0,0.0,0.0
311542930455740902,0.0,0.0,0.0,0.0,0.0
311642930475115902,0.0,0.0,0.0,0.0,0.0
311842930517670502,65.19999694824219,7.617468631628788,33.487522281639926,2.646113157272339,38.0873440285205
311942930455638502,0.0,0.0,0.0,0.0,0.0
312042930480484602,2.7142856121063232,5.485047411000741,35.74531095755183,5.870690822601318,38.39533103347884
312042930543741001,0.0,0.0,0.0,0.0,0.0
312142929704156101,0.0,0.0,0.0,0.0,0.0
312142930446570101,0.0,0.0,0.0,0.0,0.0
312242930543752601,0.0,0.0,0.0,0.0,0.0
312442930454121202,1.8666666746139526,30.265738870405578,958.9505703422053,98.26785278320312,1361.9582417515899
312542930528071701,0.0,0.0,0.0,0.0,0.0
312642930456892002,0.0,4.002705558401639,0.0,8.579447746276855,68.04599375490282
312642930515697601,0.0,0.0,0.0,0.0,0.0
312842930542735201,0.0,0.0,0.0,0.0,0.0
313042928021659402,0.0,0.0,0.0,0.0,0.0
313042930517111502,0.0,0.0,0.0,0.0,0.0
313142930516351402,0.0,0.0,0.0,0.0,0.0
313442930521399602,0.0,0.0,0.0,0.0,0.0
313442930533729502,0.0,0.0,0.0,0.0,0.0
313542930477137801,0.0,0.0,0.0,0.0,0.0
313542930525965001,0.0,0.0,0.0,0.0,0.0
313542930540390402,0.0,0.0,0.0,0.0,0.0
313642930460297502,0.0,0.0,0.0,0.0,0.0
313742930453968502,0.0,0.0,0.0,0.0,0.0
313742930525229401,0.0,0.0,0.0,0.0,0.0
313942930475403102,0.0,0.0,0.0,0.0,0.0
314042930466352302,0.0,0.0,0.0,0.0,0.0
314042930543493001,0.0,0.0,0.0,0.0,0.0
314242930527104402,0.0,0.0,0.0,0.0,0.0
314542930452521402,0.0,0.0,0.0,0.0,0.0
314642930525598602,0.0,0.0,0.0,0.0,0.0
314742930457973501,0.0,0.0,0.0,0.0,0.0
314742930461770301,0.0,0.0,0.0,0.0,0.0
314742930543917201,0.0,0.0,0.0,0.0,0.0
314942930524836901,0.0,0.0,0.0,0.0,0.0
315442930531999501,0.0,0.0,0.0,0.0,0.0
315542930519478501,0.0,0.0,0.0,0.0,0.0
315542930529561302,0.0,0.0,0.0,0.0,0.0
315642930530192301,0.0,0.0,0.0,0.0,0.0
315842930530136202,0.0,0.0,0.0,0.0,0.0
316642930462545502,1.6111111640930176,10.816926908322133,95.71415770609319,99.78447723388672,778.8187493055952
316642930469409301,2.4852941036224365,4.5101445667578925,105.54723389697976,89.1225814819336,613.3796484599003
316642930530285002,0.0,0.0,0.0,0.0,0.0
316742930528486302,1.8627450466156006,5.293953733645554,68.91882247992864,37.43575668334961,269.9916296433452
316842930524674801,0.0,0.0,0.0,0.0,0.0
316842930534404902,0.0,0.0,0.0,0.0,0.0
317042930448374701,0.0,0.0,0.0,0.0,0.0
317042930461574402,0.0,0.0,0.0,0.0,0.0
317142930448776802,0.0,0.0,0.0,0.0,0.0
317242930351294101,0.0,0.0,0.0,0.0,0.0
317242930448551201,3.470588207244873,8.72927897574124,81.73854447439354,11.311912536621094,148.39773724085558
317242930509868302,0.0,0.0,0.0,0.0,0.0
317242930541173401,0.0,0.0,0.0,0.0,0.0
317342930545988302,1.2162162065505981,10.55185037130838,67.69505494505495,84.39788055419922,780.8369042637584
317442930478135302,0.0,15.756028786000114,0.0,2.928307056427002,15.756028786000114
317442930515782902,0.0,0.0,0.0,0.0,0.0
317542930447869902,0.0,0.0,0.0,0.0,0.0
317642930460503501,0.0,0.0,0.0,0.0,0.0
317642930516056901,0.0,0.0,0.0,0.0,0.0
317642930525366102,0.0,0.0,0.0,0.0,0.0
317642930534374702,0.0,0.0,0.0,0.0,0.0
317742930447601401,0.0,0.0,0.0,0.0,0.0
317742930519615102,0.0,0.0,0.0,0.0,0.0
317942930545716001,0.0,0.0,0.0,0.0,0.0
318042930473003702,0.0,0.0,0.0,0.0,0.0
318042930474158602,0.0,0.0,0.0,0.0,0.0
318142930545846502,0.0,0.0,0.0,0.0,0.0
318242930051124302,0.0,0.0,0.0,0.0,0.0
318242930445751301,2.7530863285064697,14.989059366644385,193.33689839572193,0.0,1214.11386087319
318442930451906402,0.0,0.0,0.0,0.0,0.0
318442930472979202,0.0,0.0,0.0,0.0,0.0
318542929194731901,0.0,0.0,0.0,0.0,0.0
318742930519035401,0.0,0.0,0.0,0.0,0.0
318942930462878702,0.0,63.924562962251464,53.16002305254058,9.974712371826172,63.924562962251464
319142930459262201,0.0,0.0,0.0,0.0,0.0
319142930473924202,0.0,0.0,0.0,0.0,0.0
319242930541495002,2.5,18.208314315132473,32.255434782608695,2.881570339202881,36.416629293690555
319342930472134402,0.0,0.0,0.0,0.0,0.0
319442930529431002,0.0,0.0,0.0,0.0,0.0
319542927897875801,0.0,0.0,0.0,0.0,0.0
319542930476446802,1.5428571701049805,15.11380928951972,160.93893129770993,41.76603698730469,1586.949996467765
319742930534511301,0.0,0.0,0.0,0.0,0.0
319942930521968101,0.0,0.0,0.0,0.0,0.0
321142929177982401,0.0,0.0,0.0,0.0,0.0
321242930519562901,0.0,0.0,0.0,0.0,0.0
321342930549425202,0.0,0.0,0.0,0.0,0.0
321842930538717302,0.0,0.0,0.0,0.0,0.0
322042930475107601,0.0,0.0,0.0,0.0,0.0
322042930475841301,0.0,0.0,0.0,0.0,0.0
322142930541473402,0.0,0.0,0.0,0.0,0.0
322442930518961301,0.0,0.0,0.0,0.0,0.0
322542930547495002,0.0,0.0,0.0,0.0,0.0
322642929537342401,0.0,0.0,0.0,0.0,0.0
322742930519716202,1.8444443941116333,27.158635568734795,225.5206812652068,96.44609069824219,1222.1385622558223
322742930530703601,0.0,0.0,0.0,0.0,0.0
322842930476696802,0.0,0.0,0.0,0.0,0.0
323042929488733102,0.0,0.0,0.0,0.0,0.0
323042930546015301,0.0,0.0,0.0,0.0,0.0
323142930521426302,0.0,0.0,0.0,0.0,0.0
323342930509386901,0.0,6.568437684257075,0.0,53.36900329589844,387.5378404073183
323342930527679301,0.0,0.0,0.0,0.0,0.0
323342930528370002,0.0,0.0,0.0,0.0,0.0
323442927975082002,0.0,0.0,0.0,0.0,0.0
323742930456266901,2.865079402923584,5.070767230976718,120.86309861820935,95.97734069824219,638.916688061609
323742930477129001,0.0,0.0,0.0,0.0,0.0
323742930516063802,1.6666666269302368,4.152140895472703,9.88814913448735,2.0949292182922363,12.45642268641811
323842930542709901,2.382352828979492,5.396215490180296,66.2607211848036,18.455020904541016,183.47132560695593
323942930517140201,0.0,0.0,0.0,0.0,0.0
324042930516101402,1.134920597076416,12.703133684844367,338.99209486166006,104.008544921875,1600.59485332391
324142929467067101,0.0,0.0,0.0,0.0,0.0
324342930453507201,0.0,0.0,0.0,0.0,0.0
324442930473115401,0.0,0.0,0.0,0.0,0.0
324442930545607801,0.0,0.0,0.0,0.0,0.0
324542930516684901,0.0,0.0,0.0,0.0,0.0
324542930529308002,0.0,0.0,0.0,0.0,0.0
324742930529490902,0.0,69.41891932034221,69.41896387832699,4.432667255401611,69.41891932034221
324842930536416901,0.0,0.0,0.0,0.0,0.0
324942930516603101,0.0,0.0,0.0,0.0,0.0
325842927959121701,0.0,0.0,0.0,0.0,0.0
325942930456155801,0.0,0.0,0.0,0.0,0.0
325942930509005302,0.0,0.0,0.0,0.0,0.0
326242929348469101,0.0,6.177887514111248,0.0,163.93002319335938,1235.5775052479335
326242930475913001,0.0,0.0,0.0,0.0,0.0
326242930479798102,1.2000000476837158,7.474756411388746,21.39979445015416,5.868916988372803,37.37378143749649
326242930532815501,0.0,18.96796728010348,16.770460959548448,2.262759208679199,18.96796728010348
326742930545741002,0.0,0.0,0.0,0.0,0.0
326942930462396301,3.1888887882232666,9.145185457185304,141.13830361966504,108.63533020019531,823.0667074280567
327042930518364901,6.642857074737549,4.274703055780827,50.15707563043754,4.185323715209961,59.84584129666303
327042930543509002,0.0,0.0,0.0,0.0,0.0
327142928822976102,0.0,0.0,0.0,0.0,0.0
327142930531769601,3.1521739959716797,10.715733059493127,153.706529209622,119.70568084716797,985.8474601850477
327242930480443201,0.0,0.0,0.0,0.0,0.0
327342930519145801,0.0,0.0,0.0,0.0,0.0
327442930468325001,0.0,0.0,0.0,0.0,0.0
327442930518731202,0.0,0.0,0.0,0.0,0.0
327842930545368201,0.0,0.0,0.0,0.0,0.0
327942930472483502,0.0,0.0,0.0,0.0,0.0
328142930525625702,0.0,0.0,0.0,0.0,0.0
328142930530120601,0.0,0.0,0.0,0.0,0.0
328442930531385702,0.0,0.0,0.0,0.0,0.0
328642930476288101,0.0,0.0,0.0,0.0,0.0
328742930447855701,0.0,0.0,0.0,0.0,0.0
328742930516958201,0.0,0.0,0.0,0.0,0.0
328842930458449401,0.0,0.0,0.0,0.0,0.0
329042930528042701,0.0,0.0,0.0,0.0,0.0
329142930476959202,0.0,0.0,0.0,0.0,0.0
329142930539175902,0.0,0.0,0.0,0.0,0.0
329242929307482901,2.2448978424072266,7.428875212508948,128.19899785254117,50.253780364990234,728.0297927139653
329342930450180801,0.0,0.0,0.0,0.0,0.0
329442930539290901,0.0,0.0,0.0,0.0,0.0
329542930459791702,0.0,0.0,0.0,0.0,0.0
329742928108713902,0.0,0.0,0.0,0.0,0.0
329742930510530302,0.0,0.0,0.0,0.0,0.0
331342928577536302,1.6100000143051147,5.554466391509434,950.1970162351909,146.6692657470703,1110.8932557267126
331342930530428001,0.0,0.0,0.0,0.0,0.0
331542930458358102,0.0,0.0,0.0,0.0,0.0
331542930518042601,0.0,0.0,0.0,0.0,0.0
331642930342522902,0.0,0.0,0.0,0.0,0.0
331642930475173601,0.0,0.0,0.0,0.0,0.0
331642930515500302,0.3787878751754761,11.453725783105702,236.2191211401425,102.62433624267578,1511.8917583637735
331742930456837602,0.0,0.0,0.0,0.0,0.0
331842930532015701,0.0,0.0,0.0,0.0,0.0
331942930518709902,0.0,0.0,0.0,0.0,0.0
332042930456928601,3.3333332538604736,17.13102152673897,155.1593118922962,17.696571350097656,256.96532633630926
332342930517243401,0.0,0.0,0.0,0.0,0.0
332542930464905401,37.66666793823242,3.5693972631659756,32.12467372946415,4.515579700469971,32.12457536849378
332742930527107102,0.0,0.0,0.0,0.0,0.0
332842930458384002,0.0,0.0,0.0,0.0,0.0
332842930526526402,4.4285712242126465,4.5916444420209395,27.989001692047378,9.674188613891602,64.28302023253465
333042929921931502,0.0,0.0,0.0,0.0,0.0
333042930525878601,3.324324369430542,6.223190939063211,97.1969076853115,66.88671875,460.51614343800185
333042930526610301,2.2935779094696045,6.620151566485969,89.4438775510204,104.70036315917969,721.5965052496462
333142930538263901,0.0,0.0,0.0,0.0,0.0
333242929703991002,0.0,0.0,0.0,0.0,0.0
333342930544586401,0.0,0.0,0.0,0.0,0.0
333542930452004602,0.0,0.0,0.0,0.0,0.0
333542930532226401,0.0,0.0,0.0,0.0,0.0
333742928623643602,0.0,0.0,0.0,0.0,0.0
333742930447710401,0.0,0.0,0.0,0.0,0.0
333842930525494501,0.0,0.0,0.0,0.0,0.0
334042930480420201,0.0,0.0,0.0,0.0,0.0
334142930518709202,0.0,0.0,0.0,0.0,0.0
334342930517250501,0.02500000037252903,12.870330085040464,116.46535154274153,49.334171295166016,514.8132011942267
334542928757944602,2.458015203475952,9.203438574486,226.00743807452108,83.8072280883789,1205.650470878457
334642930463735102,0.0,0.0,0.0,0.0,0.0
334742930464407302,0.0,0.0,0.0,0.0,0.0
334742930550062701,0.0,0.0,0.0,0.0,0.0
334842930540429202,0.0,0.0,0.0,0.0,0.0
334942930519074702,0.0,0.0,0.0,0.0,0.0
335042930456163602,0.0,0.0,0.0,0.0,0.0
335242930549567202,0.0,44.62355020951811,44.62361568392697,8.179224967956543,44.62355020951811
335642930473582201,0.0,0.0,0.0,0.0,0.0
335742928811707801,0.0,0.0,0.0,0.0,0.0
335842930479885101,0.0,0.0,0.0,0.0,0.0
335842930547547102,0.0,0.0,0.0,0.0,0.0
336042930529221701,0.0,0.0,0.0,0.0,0.0
336142930480247501,0.0,0.0,0.0,0.0,0.0
336342928855703402,0.0,0.0,0.0,0.0,0.0
336342930479111802,0.0,0.0,0.0,0.0,0.0
336542928235791602,0.0,0.0,0.0,0.0,0.0
336642930547172801,0.0,0.0,0.0,0.0,0.0
336842928235971801,0.0,0.0,0.0,0.0,0.0
336942930511301301,0.0,0.0,0.0,0.0,0.0
337042930478901701,0.0,0.0,0.0,0.0,0.0
337042930532277601,1.127819538116455,3.2073821652787364,30.847083189506385,104.72843170166016,426.5818164247375
337142930476072102,2.6285715103149414,15.08850602079029,141.38739669421489,33.867488861083984,528.0977109641083
337342930456181701,0.0,0.0,0.0,0.0,0.0
337442930525066402,0.0,0.0,0.0,0.0,0.0
337542930462685102,0.0,0.0,0.0,0.0,0.0
337642930543341001,0.0,0.0,0.0,0.0,0.0
337742930526684701,0.0,0.0,0.0,0.0,0.0
337842930452940302,0.0,0.0,0.0,0.0,0.0
337842930477414902,0.0,0.0,0.0,0.0,0.0
337942929800508901,0.0,0.0,0.0,0.0,0.0
338042928845019702,0.0,0.0,0.0,0.0,0.0
338042930541162002,0.0,0.0,0.0,0.0,0.0
338242930461890002,0.0,7.489997250733138,7.490029325513197,1.376072883605957,7.489997250733138
338442930521976001,2.7407407760620117,5.660324802602313,178.0699881376038,108.23280334472656,611.3150630919251
338742930455466002,0.0,0.0,0.0,0.0,0.0
338842930548855501,0.0,0.0,0.0,0.0,0.0
338942930517342702,0.0,0.0,0.0,0.0,0.0
338942930543405802,0.0,0.0,0.0,0.0,0.0
339042930474793701,0.0,0.0,0.0,0.0,0.0
339042930545527902,0.0,0.0,0.0,0.0,0.0
339242930220743401,0.0,0.0,0.0,0.0,0.0
339442930523968302,0.0,0.0,0.0,0.0,0.0
339642930480766401,0.0,0.0,0.0,0.0,0.0
339642930525423102,0.0,0.0,0.0,0.0,0.0
339742930526997301,0.0,0.0,0.0,0.0,0.0
339842927963711401,0.0,0.0,0.0,0.0,0.0
339842930447217001,0.0,0.0,0.0,0.0,0.0
339842930550330402,0.0,0.0,0.0,0.0,0.0
339942930532939901,0.0,0.0,0.0,0.0,0.0
341142929417399601,0.0,0.0,0.0,0.0,0.0
341242930518833102,124.0,5.691491927294882,11.383157324668291,2.1510143280029297,11.382983854589764
341242930523112101,0.0,0.0,0.0,0.0,0.0
341342930456359501,0.8604651093482971,5.292444277049309,21.974246231155778,41.0020637512207,227.5751127687531
341342930477720902,0.0,0.0,0.0,0.0,0.0
341442930475907401,5.300000190734863,2.783336463341346,22.449759615384615,9.05017375946045,55.66672700735239
341442930519841401,0.0,0.0,0.0,0.0,0.0
341442930538862202,1.1739130020141602,11.599270787885398,36.87085514834206,23.033859252929688,266.78321755826994
341442930546207101,0.0,0.0,0.0,0.0,0.0
341542930550753601,1.9846153259277344,5.652225513300619,516.6411157024793,124.35731506347656,734.7893419370179
341642930529403602,0.0,0.0,0.0,0.0,0.0
341742930469756902,0.0,0.0,0.0,0.0,0.0
341742930548656502,1.340000033378601,11.152455205502717,431.6213768115942,29.718130111694336,557.6227559214053
341842930524241201,0.0,0.0,0.0,0.0,0.0
341942930459636002,2.8787879943847656,4.17863696232679,33.32448036951501,16.2797794342041,137.89502554314242
342042928560914101,2.396226406097412,10.09151266006985,181.54365541327124,48.396968841552734,534.8501918912627
342242930460756801,0.0,0.0,0.0,0.0,0.0
342442930479952501,2.1954023838043213,6.502897869674185,125.94177752072488,50.141876220703125,565.75212007445
342542930456553701,0.0,0.0,0.0,0.0,0.0
342542930508067702,0.0,0.0,0.0,0.0,0.0
342642930541899602,0.0,0.0,0.0,0.0,0.0
342642930546268701,0.0,0.0,0.0,0.0,0.0
342742930540958102,0.0,0.0,0.0,0.0,0.0
342842930534602701,0.0,0.0,0.0,0.0,0.0
343042930519223402,0.0,0.0,0.0,0.0,0.0
343142930525678801,0.0,0.0,0.0,0.0,0.0
343242929400142802,0.0,0.0,0.0,0.0,0.0
343242929800157201,1.4534883499145508,4.473311550817757,93.33757009345794,64.08078002929688,769.4095716615481
343342930464798602,0.604938268661499,14.469751517248723,59.69676320272573,87.43128204345703,1172.0498061529415
343342930466774202,0.0,0.0,0.0,0.0,0.0
343442930548167501,0.0,0.0,0.0,0.0,0.0
343542930548828801,0.6399999856948853,5.180675991864995,27.887110362257793,0.0,518.0675795809401
343642930531569302,2.715686321258545,6.207988581442123,60.890970220941405,97.19538116455078,633.2148279992579
343642930544262102,0.0,0.0,0.0,0.0,0.0
343742928912076802,0.0,0.0,0.0,0.0,0.0
343842930527264502,0.0,0.0,0.0,0.0,0.0
343842930546595402,3.357142925262451,8.002269059432352,64.38881775501494,13.774622917175293,112.03176495645273
343942930548932901,0.0,0.0,0.0,0.0,0.0
344042930455560502,0.0,0.0,0.0,0.0,0.0
344042930528869902,0.0,0.0,0.0,0.0,0.0
344142930479051402,0.0,0.0,0.0,0.0,0.0
344242930508956602,0.0,0.0,0.0,0.0,0.0
344542930518632701,0.0,0.0,0.0,0.0,0.0
344642930531930701,0.0,0.0,0.0,0.0,0.0
344742930474743902,0.0,0.0,0.0,0.0,0.0
344842930453546402,2.174999952316284,3.8706651374728733,46.73473639955237,16.32388687133789,154.82659885731664
345142930452588901,0.0,0.0,0.0,0.0,0.0
345242930101315801,0.0,5.987775165729932,0.0,76.46723937988281,964.0318263028469
345242930475998202,0.0,0.0,0.0,0.0,0.0
345242930478022802,0.06122449040412903,4.823948526847977,6.778521617852162,70.1827621459961,709.1204171628078
345242930535683001,0.0,0.0,0.0,0.0,0.0
345342929544053901,0.0,0.0,0.0,0.0,0.0
345342930466643601,0.0,0.0,0.0,0.0,0.0
345342930478327301,1.1891891956329346,3.42551183688837,40.418736169166465,34.067359924316406,253.48788104726785
345842930527032402,0.0,0.0,0.0,0.0,0.0
345842930527886501,0.0,0.0,0.0,0.0,0.0
345942929091386401,0.0,0.0,0.0,0.0,0.0
346042930463684402,0.0,0.0,0.0,0.0,0.0
346442930545956501,0.0,0.0,0.0,0.0,0.0
346542930473729001,0.028846153989434242,15.156659129522287,0.9180491704977014,51.589454650878906,1576.292510231471
346542930526196101,2.7551021575927734,7.988670236580424,147.66275507799614,49.61204528808594,782.8896990052953
346542930534670102,0.0,0.0,0.0,0.0,0.0
346542930543801102,0.0,0.0,0.0,0.0,0.0
346742930473292901,0.0,0.0,0.0,0.0,0.0
346842930518058602,3.4946236610412598,6.417946370720229,101.3246487518756,89.99281311035156,596.8690137218737
346942928923773502,0.0,0.0,0.0,0.0,0.0
346942930545787402,0.0,0.0,0.0,0.0,0.0
347042930542852202,0.0,0.0,0.0,0.0,0.0
347142930518996802,2.4827585220336914,2.6403659669714927,18.280269745580874,9.937889099121094,76.57061457631536
347142930542876001,0.0,0.0,0.0,0.0,0.0
347242930518420401,0.0,0.0,0.0,0.0,0.0
347342930541527202,0.0,0.0,0.0,0.0,0.0
347342930543230401,0.0,0.0,0.0,0.0,0.0
347942928176065301,2.53125,8.639142715817973,189.84296573987297,78.86754608154297,829.3577251344947
347942930470091601,0.0,0.0,0.0,0.0,0.0
348142930525884202,0.0,0.0,0.0,0.0,0.0
348242930472143502,0.0,0.0,0.0,0.0,0.0
348342930459843702,0.0,0.0,0.0,0.0,0.0
348542928242444802,0.0,87.8632088020675,0.0,11.525583267211914,87.8632088020675
348542930458368601,0.0,0.0,0.0,0.0,0.0
348642930463647301,3.75,8.779388460443462,49.365487674169344,13.071662902832031,70.23510712749322
348642930474443601,0.0,0.0,0.0,0.0,0.0
348742930550264202,0.0,0.0,0.0,0.0,0.0
348842930446522602,0.0,0.0,0.0,0.0,0.0
348842930448305701,0.0,0.0,0.0,0.0,0.0
349042930522319202,0.0,0.0,0.0,0.0,0.0
349042930528256602,0.0,0.0,0.0,0.0,0.0
349042930539087601,3.3888888359069824,5.070075051554569,29.74010152284264,11.552411079406738,91.26134931690197
349342930462812102,0.0,0.0,0.0,0.0,0.0
349442930516840901,0.0,0.0,0.0,0.0,0.0
349442930542073801,0.0,0.0,0.0,0.0,0.0
349542930463037902,0.0,0.0,0.0,0.0,0.0
349542930464233001,0.0,0.0,0.0,0.0,0.0
349742930530005702,4.0,1.8558239621209787,1.8557870085048687,0.25109973549842834,1.8558239621209787
349842930526868801,0.0,0.0,0.0,0.0,0.0
349842930537161802,0.0,0.0,0.0,0.0,0.0
349942930453287002,0.0,0.0,0.0,0.0,0.0
351142930518610302,0.0,0.0,0.0,0.0,0.0
351242929197737002,0.0,0.0,0.0,0.0,0.0
351342930458841902,2.539682626724243,12.359629885811156,116.02661207778915,88.16458892822266,778.6566534872064
351542930472807902,0.0,0.0,0.0,0.0,0.0
351542930542392001,0.0,0.0,0.0,0.0,0.0
351542930542888401,0.0,0.0,0.0,0.0,0.0
351842930473013801,0.0,0.0,0.0,0.0,0.0
351842930516795801,0.0,0.0,0.0,0.0,0.0
351942930478868202,0.0,0.0,0.0,0.0,0.0
352042930457340302,0.0,0.0,0.0,0.0,0.0
352042930537324302,0.0,0.0,0.0,0.0,0.0
352142930462425302,0.0,0.0,0.0,0.0,0.0
352342930460748201,0.0,0.0,0.0,0.0,0.0
352442930453460201,0.0,0.0,0.0,0.0,0.0
352542930469163501,0.0,0.0,0.0,0.0,0.0
352642930459600202,0.0,0.0,0.0,0.0,0.0
352642930478847701,0.0,0.0,0.0,0.0,0.0
352642930531604201,2.6764705181121826,14.812604025135869,186.80434782608697,40.064735412597656,503.62854141567067
352842930534654102,0.0,0.0,0.0,0.0,0.0
352942930524844002,0.0,0.0,0.0,0.0,0.0
353342930537832101,0.0,0.0,0.0,0.0,0.0
353542929613487101,0.0,0.0,0.0,0.0,0.0
353542930462492101,0.0,0.0,0.0,0.0,0.0
353742929989757001,0.0,0.0,0.0,0.0,0.0
353742930449690102,0.0,0.0,0.0,0.0,0.0
353842930476422401,0.0,0.0,0.0,0.0,0.0
354142930466805102,2.222222328186035,4.691080639169201,25.300248824993087,6.830442428588867,42.21972447005892
354442927929225802,0.0,0.0,0.0,0.0,0.0
354642930520764501,0.2954545319080353,10.70936946278995,7.391752577319588,69.82415008544922,471.21224582809765
354742930516887001,0.0,0.0,0.0,0.0,0.0
354742930525620201,0.0,0.0,0.0,0.0,0.0
354842930508660902,0.0,0.0,0.0,0.0,0.0
354842930519368602,0.0,0.0,0.0,0.0,0.0
355142930548645401,0.0,0.0,0.0,0.0,0.0
355242930526529902,0.0,0.0,0.0,0.0,0.0
355342930468737802,0.0,0.0,0.0,0.0,0.0
355442928697224902,0.0,0.0,0.0,0.0,0.0
355642930479523202,0.0,0.0,0.0,0.0,0.0
355942930525937802,0.0,0.0,0.0,0.0,0.0
355942930529354002,0.0,0.0,0.0,0.0,0.0
356242930460398301,1.1313868761062622,7.9170805653045875,297.8611180747054,94.79717254638672,1084.6400604515811
356542930508363702,0.0,0.0,0.0,0.0,0.0
356542930547187501,0.0,0.0,0.0,0.0,0.0
356942930453980302,0.0,0.0,0.0,0.0,0.0
357242930474146102,0.0,0.0,0.0,0.0,0.0
357742930453737101,0.0,0.0,0.0,0.0,0.0
357742930516969102,0.0,0.0,0.0,0.0,0.0
357842929626479301,0.6666666865348816,9.601266256192835,44.8109756097561,33.333614349365234,288.0379892209681
357942929642451502,0.0,0.0,0.0,0.0,0.0
357942930184642001,0.0,0.0,0.0,0.0,0.0
357942930530778202,4.666666507720947,6.912048660050114,18.142745282280167,3.1716866493225098,20.73614536841281
358142930544582002,1.2307692766189575,22.430396196610502,320.8526645768025,95.00040435791016,1749.570893200961
358242930460895502,0.0,0.0,0.0,0.0,0.0
358442928258216002,0.0,0.0,0.0,0.0,0.0
358642929321259402,0.0,0.0,0.0,0.0,0.0
358742930549587401,0.0,0.0,0.0,0.0,0.0
358842930464104801,2.0176470279693604,4.620506597964439,754.5802565099106,147.20663452148438,785.4861531598161
359042930531360101,0.0,0.0,0.0,0.0,0.0
359042930533227901,0.0,0.0,0.0,0.0,0.0
359242930534008902,2.384615421295166,8.464051796385366,268.9398046931934,114.89610290527344,990.2940332178923
359342930547018002,0.0,0.0,0.0,0.0,0.0
359542928823136501,0.0,0.0,0.0,0.0,0.0
359542930510540501,0.0,0.0,0.0,0.0,0.0
359542930546652401,0.0,0.0,0.0,0.0,0.0
359542930547704001,1.1666666269302368,5.90003504287599,916.7463249151904,163.78648376464844,1132.806743131509
359642930460549701,0.0,0.0,0.0,0.0,0.0
359642930474938401,0.0,14.42547229835552,14.42546006264683,2.3353283405303955,14.42547229835552
359642930543976301,0.0,0.0,0.0,0.0,0.0
359742930529177501,0.0,0.0,0.0,0.0,0.0
359942929703939902,0.0,0.0,0.0,0.0,0.0
359942930456560502,0.0,0.0,0.0,0.0,0.0
359942930456840101,0.0,0.0,0.0,0.0,0.0
359942930524706101,0.0,0.0,0.0,0.0,0.0
361142927975121802,2.8604650497436523,4.904405456051086,64.37904657833629,75.71073150634766,421.77888188387686
361342930462349102,0.0,0.0,0.0,0.0,0.0
361342930477354902,0.0,0.0,0.0,0.0,0.0
361342930480586502,0.0,0.0,0.0,0.0,0.0
361542930508297202,0.0,0.0,0.0,0.0,0.0
361642930480458002,0.0,0.0,0.0,0.0,0.0
361642930526437301,0.0,0.0,0.0,0.0,0.0
361942930525512301,2.8636362552642822,12.95326437529933,187.05268199233717,58.79039764404297,569.9436125335109
361942930530406602,0.0,0.0,0.0,0.0,0.0
361942930532111701,0.0,0.0,0.0,0.0,0.0
362042930544823201,0.0,0.0,0.0,0.0,0.0
362242930460297302,1.3666666746139526,9.66560646339699,62.901234567901234,136.85813903808594,869.9045886493024
362242930547052601,1.902438998222351,14.056842842487374,175.82996632996634,61.87447738647461,576.3305485561641
362442930465016701,0.0,0.0,0.0,0.0,0.0
362442930549738201,0.0,0.0,0.0,0.0,0.0
362642930463508202,0.0,0.0,0.0,0.0,0.0
362642930510624401,2.2153847217559814,5.824095267303719,74.5900826446281,46.46574020385742,378.5661910837347
362742930460187602,2.25,8.459553254639738,53.89956331877729,9.47565746307373,135.35285615213053
362742930528277302,2.4370369911193848,4.350659094902431,109.36695882255664,101.0671157836914,587.3389907269236
362842930531219902,0.0,0.0,0.0,0.0,0.0
363242930533930601,0.0,0.0,0.0,0.0,0.0
363542930480759601,1.9032257795333862,4.65890032057965,55.831109257714765,14.271604537963867,144.42590566194485
363642929704205701,0.0,0.0,0.0,0.0,0.0
363642930533345502,0.0,0.0,0.0,0.0,0.0
363742929725351301,0.0,0.0,0.0,0.0,0.0
363742930461833501,0.0,0.0,0.0,0.0,0.0
363842930473755601,0.0,0.0,0.0,0.0,0.0
363942927929319102,0.0,0.0,0.0,0.0,0.0
364142930476434801,0.0,0.0,0.0,0.0,0.0
364242930539775901,0.0,0.0,0.0,0.0,0.0
364242930543965801,0.0,0.0,0.0,0.0,0.0
364442930550625301,0.0,0.0,0.0,0.0,0.0
364542930546529701,0.0,0.0,0.0,0.0,0.0
364742929013050002,0.0,0.0,0.0,0.0,0.0
364742930533039701,0.0,0.0,0.0,0.0,0.0
364842930545377702,0.0,0.0,0.0,0.0,0.0
364942930464560301,29.66666603088379,26.494407520147163,73.58093903293623,29.70880126953125,238.44967041871058
365342929696795902,0.0,0.0,0.0,0.0,0.0
365442930462918502,112.66666412353516,18.248220611812165,54.74462143152669,8.073688507080078,54.7446602192801
365542930453482901,0.0,0.0,0.0,0.0,0.0
365542930528183702,0.0,0.0,0.0,0.0,0.0
365542930545595702,0.0,0.0,0.0,0.0,0.0
365642930475386902,0.0,0.0,0.0,0.0,0.0
365742929197782602,0.0,0.0,0.0,0.0,0.0
365742930451079301,0.0,0.0,0.0,0.0,0.0
366042930480305402,0.0,0.0,0.0,0.0,0.0
366042930524678302,0.0,0.0,0.0,0.0,0.0
366342929230173202,0.0,0.0,0.0,0.0,0.0
366342930461666002,0.0,0.0,0.0,0.0,0.0
366442930475860401,0.0,0.0,0.0,0.0,0.0
366642930516534001,0.0,0.0,0.0,0.0,0.0
366742930548750902,0.0,0.0,0.0,0.0,0.0
366842930476474902,0.0,0.0,0.0,0.0,0.0
366842930544745901,0.0,0.0,0.0,0.0,0.0
366942929424165902,2.3658535480499268,7.865667920095641,78.37544483985765,31.856306076049805,322.49238537554214
366942930543596502,0.0,0.0,0.0,0.0,0.0
367342930531717502,0.0,0.0,0.0,0.0,0.0
367442930453595802,4.01265811920166,17.51318359375,159.80225988700565,128.31546020507812,1383.5414865973305
367542930545579601,0.0,0.0,0.0,0.0,0.0
367642930538319801,0.0,0.0,0.0,0.0,0.0
367742928043720302,4.44444465637207,9.720747911423379,49.84340044742729,7.154840469360352,87.48673447986577
367742930529880302,0.0,0.0,0.0,0.0,0.0
367842930518636802,0.0,0.0,0.0,0.0,0.0
368042930532028402,1.6700507402420044,6.457970920138889,1272.22,188.61412048339844,1272.2203017756144
368042930542122402,0.0,0.0,0.0,0.0,0.0
368042930549846802,0.0,0.0,0.0,0.0,0.0
368142930457605901,0.0,0.0,0.0,0.0,0.0
368142930529370002,0.0,0.0,0.0,0.0,0.0
368142930530685501,0.0,0.0,0.0,0.0,0.0
368342930525229002,3.3692307472229004,7.182477485044217,73.77093809606382,56.970703125,466.8610194571535
368442930519901401,0.0,0.0,0.0,0.0,0.0
368542930472747002,0.0,0.0,0.0,0.0,0.0
368542930529988102,0.0,0.0,0.0,0.0,0.0
368642929385436301,0.0,0.0,0.0,0.0,0.0
368642930533408402,1.213793158531189,3.644712426460528,115.36968121494048,101.85247039794922,528.483314460507
368742930461061301,0.0,0.0,0.0,0.0,0.0
368742930523579301,0.0,0.0,0.0,0.0,0.0
368942929160959801,0.0,0.0,0.0,0.0,0.0
368942930452764802,0.0,0.0,0.0,0.0,0.0
369042930528159301,0.5066666603088379,17.483441752772176,41.94758064516129,93.61113739013672,1311.258059067111
369042930543856402,0.0,0.0,0.0,0.0,0.0
369442929476744201,0.0,0.0,0.0,0.0,0.0
369442930454635702,0.0,0.0,0.0,0.0,0.0
369642930447472302,0.0,0.0,0.0,0.0,0.0
369742928305303001,0.0,0.0,0.0,0.0,0.0
369742930529632401,0.0,0.0,0.0,0.0,0.0
369842930184265802,2.2735042572021484,9.441127566696643,202.08033573141486,139.87472534179688,1104.6119513545962
369842930519868001,0.0,0.0,0.0,0.0,0.0
369842930530305702,0.0,0.0,0.0,0.0,0.0
369942930462320502,0.0,0.0,0.0,0.0,0.0
371142930531876202,3.3333332538604736,12.621652843601895,606.6781990521328,61.161094665527344,643.7042899760024
371242930477195101,0.0,0.0,0.0,0.0,0.0
371242930527151002,0.0,0.0,0.0,0.0,0.0
371342929649371201,0.0,0.0,0.0,0.0,0.0
371342930447099902,0.0,0.0,0.0,0.0,0.0
371542930453662501,0.0,0.0,0.0,0.0,0.0
372042929493873702,3.1111111640930176,30.67798005110063,111.50314465408805,19.464567184448242,276.1018206518401
372042930465107002,0.0,0.0,0.0,0.0,0.0
372242930460591101,3.6236557960510254,9.840479811946903,132.9087231352718,97.48179626464844,915.1646391761288
372242930525378602,0.0,0.0,0.0,0.0,0.0
372442930453370702,0.0,0.0,0.0,0.0,0.0
372542930550452801,0.0,0.0,0.0,0.0,0.0
372642930456949402,0.0,0.0,0.0,0.0,0.0
372642930549216101,2.0,4.015946089317494,9.721552104406554,2.048495054244995,24.095675525816436
372842930470223101,0.0,0.0,0.0,0.0,0.0
372842930518254302,0.0,0.0,0.0,0.0,0.0
372842930526986302,0.0,0.0,0.0,0.0,0.0
373042929735805402,0.0,0.0,0.0,0.0,0.0
373042930537235601,0.0,0.0,0.0,0.0,0.0
373042930545550402,0.0,0.0,0.0,0.0,0.0
373142930476026202,0.0,0.0,0.0,0.0,0.0
373142930520861102,0.0,0.0,0.0,0.0,0.0
373242930529193902,0.0,0.0,0.0,0.0,0.0
373242930533335102,1.7938930988311768,4.748040676060891,59.47290466674503,97.89596557617188,621.993305293292
373642929543954001,0.0,0.0,0.0,0.0,0.0
373642930526412302,0.0,0.0,0.0,0.0,0.0
373742930508176902,0.0,0.0,0.0,0.0,0.0
373742930510758901,0.0,0.0,0.0,0.0,0.0
374042930527670901,0.0,0.0,0.0,0.0,0.0
374142930449654802,0.7244898080825806,5.559352860990235,72.88303969433241,51.82115936279297,544.8165926883692
374142930516963102,0.0,0.0,0.0,0.0,0.0
374242930464914402,0.0,0.0,0.0,0.0,0.0
374442930475103502,0.0,0.0,0.0,0.0,0.0
374442930476794701,0.0,0.0,0.0,0.0,0.0
374442930520343301,0.0,0.0,0.0,0.0,0.0
374442930534586502,0.0,0.0,0.0,0.0,0.0
374642929424230501,0.0,0.0,0.0,0.0,0.0
374642930521895602,0.0,0.0,0.0,0.0,0.0
374742930449722201,0.0,0.0,0.0,0.0,0.0
374842930429014701,0.0,0.0,0.0,0.0,0.0
374842930550442702,0.0,0.0,0.0,0.0,0.0
374942930517445901,45.125,4.822323653976009,30.160788052113123,7.2571587562561035,38.57858945484725
375042930524971302,0.0,0.0,0.0,0.0,0.0
375642928135615002,2.200000047683716,21.893041816546763,110.67865707434052,14.300301551818848,218.93041845820218
375842930456000201,0.0,0.0,0.0,0.0,0.0
375842930457831501,0.0,0.0,0.0,0.0,0.0
375842930469730202,0.0,0.0,0.0,0.0,0.0
376242930521159901,0.0,0.0,0.0,0.0,0.0
376342930526305002,0.0,0.0,0.0,0.0,0.0
376542930449361902,0.0,0.0,0.0,0.0,0.0
376542930459222301,0.0,0.0,0.0,0.0,0.0
376542930517808302,0.0,0.0,0.0,0.0,0.0
376642930474478102,0.0,0.0,0.0,0.0,0.0
376642930510212301,0.0,0.0,0.0,0.0,0.0
376842929025362102,2.504201650619507,5.006889263306674,61.15039529325244,48.21080780029297,595.819823507571
376842929303779501,0.0,0.0,0.0,0.0,0.0
376842930454741401,0.0,0.0,0.0,0.0,0.0
376942929400309801,0.0,8.880967053647158,8.881255301102629,1.173263430595398,8.880967053647158
377042930452844201,0.0,0.0,0.0,0.0,0.0
377342930546095002,4.125,6.269879557291667,25.078095238095237,5.853858470916748,50.15903785342262
377642930450262401,0.0,0.0,0.0,0.0,0.0
377742930529740002,0.0,0.0,0.0,0.0,0.0
377842930527632401,0.0,0.0,0.0,0.0,0.0
378042930531933202,3.1724138259887695,7.3255104285578385,114.24733637747336,67.29106903076172,424.87960318415855
378142930534621701,0.0,0.0,0.0,0.0,0.0
378242930480468501,0.0,0.0,0.0,0.0,0.0
378442927994754502,0.0,0.0,0.0,0.0,0.0
378542930455525302,2.9772727489471436,5.552048386410082,106.66103542234332,85.65257263183594,488.5802646252375
378542930527331202,0.0,0.0,0.0,0.0,0.0
378642930517357601,0.0,0.0,0.0,0.0,0.0
378642930548795902,0.0,0.0,0.0,0.0,0.0
378742930508361701,0.0,0.0,0.0,0.0,0.0
378842930534603702,0.0,0.0,0.0,0.0,0.0
379042928021898801,0.0,0.0,0.0,0.0,0.0
379042930529748301,0.0,0.0,0.0,0.0,0.0
379142930462597802,0.0,0.0,0.0,0.0,0.0
379442930464406301,0.0,0.0,0.0,0.0,0.0
379442930525877202,0.0,0.0,0.0,0.0,0.0
379642930518465202,0.0,0.0,0.0,0.0,0.0
379942930458861702,1.899999976158142,2.93999863053005,29.024874791318865,4.999541759490967,29.399985281254892
379942930538220701,0.0,0.0,0.0,0.0,0.0
381142928258160401,0.0,0.0,0.0,0.0,0.0
381142930455402501,0.0,0.0,0.0,0.0,0.0
381142930517571901,0.0,0.0,0.0,0.0,0.0
381242930530479402,0.0,0.0,0.0,0.0,0.0
381242930533425301,0.0,0.0,0.0,0.0,0.0
381342930464663802,0.0,0.0,0.0,0.0,0.0
381342930537371202,0.0,0.0,0.0,0.0,0.0
381342930545549801,3.769230842590332,9.323899446980336,170.10786516853932,55.310882568359375,484.84277673035524
381442928592554802,0.0,0.0,0.0,0.0,0.0
381542930511082102,0.0,0.0,0.0,0.0,0.0
381642928726286801,0.0,0.0,0.0,0.0,0.0
381642930462800901,0.0,0.0,0.0,0.0,0.0
381842930473491101,0.0,0.0,0.0,0.0,0.0
381842930523905901,0.0,0.0,0.0,0.0,0.0
382042930478418501,0.0,0.0,0.0,0.0,0.0
382242930508843601,0.0,0.0,0.0,0.0,0.0
382342930527765702,0.9193548560142517,13.105181350241853,102.59572301425662,88.5741958618164,812.5212435829178
382442929816333701,0.0,0.0,0.0,0.0,0.0
382442930542936301,0.0,0.0,0.0,0.0,0.0
382542930547749401,0.0,0.0,0.0,0.0,0.0
382742930459525601,0.0,0.0,0.0,0.0,0.0
382742930529938201,0.0,0.0,0.0,0.0,0.0
382742930543048902,0.0,0.0,0.0,0.0,0.0
382742930545121801,0.0,0.0,0.0,0.0,0.0
382942930452010801,0.0,0.0,0.0,0.0,0.0
382942930519235701,0.0,0.0,0.0,0.0,0.0
382942930527975702,0.0,64.53688129816241,64.53704801422644,3.808126211166382,64.53688129816241
383042928022064701,0.0,0.0,0.0,0.0,0.0
383242928021739302,0.0,0.0,0.0,0.0,0.0
383242930526777101,1.0847457647323608,8.221360928527975,40.375758564921284,79.91012573242188,970.120566241502
383442930517005701,0.0,0.0,0.0,0.0,0.0
383442930541590302,0.0,0.0,0.0,0.0,0.0
383542930478274501,0.0,0.0,0.0,0.0,0.0
383642930531412502,0.0,0.0,0.0,0.0,0.0
383642930541252702,1.1807228326797485,19.572153049045138,102.69444444444444,90.3468246459961,1624.4886729770237
383742930522503801,2.6666667461395264,5.051769873826378,39.64843171519119,17.97089958190918,166.7084103918074
383842929166292701,0.0,0.0,0.0,0.0,0.0
384042930476955701,0.0,0.0,0.0,0.0,0.0
384142930474020702,0.0,0.0,0.0,0.0,0.0
384342930531682701,0.0,0.0,0.0,0.0,0.0
384442930531919902,2.761904716491699,5.9799670999022165,26.963168187744458,18.830280303955078,125.57931168418197
384542930531852601,2.42148756980896,5.898593223998937,80.38979447200568,86.741455078125,713.7297406091832
384642929231919301,0.0,0.0,0.0,0.0,0.0
384742930465311101,0.0,0.0,0.0,0.0,0.0
384942928967210401,0.0,0.0,0.0,0.0,0.0
384942930541042402,0.0,0.0,0.0,0.0,0.0
385042930518965302,1.929729700088501,13.270599052516577,2420.7245328511153,156.8599090576172,2455.0607583780043
385042930542465302,0.0,0.0,0.0,0.0,0.0
385242930460781901,0.0,0.0,0.0,0.0,0.0
385342930533430402,0.0,0.0,0.0,0.0,0.0
385442928043678802,0.0,0.0,0.0,0.0,0.0
385542929501805001,0.0,0.0,0.0,0.0,0.0
385542930518312701,0.0,0.0,0.0,0.0,0.0
385642930453262502,2.777777671813965,5.036724977946942,97.745948771563,64.43310546875,407.9747131285839
385842930137776202,0.18881118297576904,5.133925452062336,143.1993732531549,120.21404266357422,734.1513617609179
386042930464980502,2.1481480598449707,4.3017646743252955,90.4950495049505,21.93082046508789,232.29529371630153
386142929047985301,0.0,0.0,0.0,0.0,0.0
386142930517200602,0.0,0.0,0.0,0.0,0.0
386142930533884901,0.0,0.0,0.0,0.0,0.0
386342930509658701,0.0,0.0,0.0,0.0,0.0
386342930522489501,0.0,0.0,0.0,0.0,0.0
386642930508954301,0.0,0.0,0.0,0.0,0.0
386642930545910101,3.1600000858306885,5.314312480929617,50.9446704637917,18.177879333496094,132.85781087906406
386742930517778002,0.0,0.0,0.0,0.0,0.0
386742930524873801,0.0,0.0,0.0,0.0,0.0
386942930516833302,0.0,0.0,0.0,0.0,0.0
386942930535033502,0.0,0.0,0.0,0.0,0.0
387142929070047801,0.0,0.0,0.0,0.0,0.0
387142930545653001,0.0,0.0,0.0,0.0,0.0
387242928779095702,0.0,0.0,0.0,0.0,0.0
387542930460935401,0.0,0.0,0.0,0.0,0.0
387542930517584202,0.0,0.0,0.0,0.0,0.0
387542930524891601,0.0,0.0,0.0,0.0,0.0
387642930454143201,0.0,0.0,0.0,0.0,0.0
387742930508649701,0.0,0.0,0.0,0.0,0.0
387742930547812502,0.0,0.0,0.0,0.0,0.0
387942928025304302,0.0,0.0,0.0,0.0,0.0
388042930518093902,0.0,0.0,0.0,0.0,0.0
388042930524151601,0.0,0.0,0.0,0.0,0.0
388542930544726801,2.513761520385742,13.573826788768528,263.8387685290764,80.3614273071289,1479.5470952937649
388842930464829801,1.6967213153839111,11.921824090789011,207.31172948221206,170.50396728515625,1454.4624602387346
388942930453069001,0.0,0.0,0.0,0.0,0.0
388942930480651502,0.0,0.0,0.0,0.0,0.0
389042930537878602,0.0,0.0,0.0,0.0,0.0
389142930509577502,3.2173912525177,2.6386512123005716,41.07921679037625,9.349084854125977,60.68897967423588
389142930524417401,0.0,0.0,0.0,0.0,0.0
389242929417183102,0.0,0.0,0.0,0.0,0.0
389242930540877902,0.0,0.0,0.0,0.0,0.0
389342930335195702,0.0,0.0,0.0,0.0,0.0
389342930480540002,0.0,0.0,0.0,0.0,0.0
389542930520053202,0.0,0.0,0.0,0.0,0.0
389842930524519702,2.7750000953674316,4.828513613106533,127.89509352127948,81.42011260986328,579.4216229238947
389942930447477901,1.7678571939468384,7.399059739823349,90.14439324116744,115.32939910888672,828.694693931896
389942930454321801,0.0,0.0,0.0,0.0,0.0
391242930472753802,0.0,0.0,0.0,0.0,0.0
391442930534416501,0.21311475336551666,15.888225395605646,177.764116575592,55.830345153808594,969.181757602101
391542930477955601,0.0,0.0,0.0,0.0,0.0
391642930516707901,1.0,4.328458195364238,4.328476821192053,0.6852117776870728,4.328458195364238
391642930523212602,0.0,0.0,0.0,0.0,0.0
391742930516466402,0.0,0.0,0.0,0.0,0.0
391742930525043601,0.0,0.0,0.0,0.0,0.0
391842930517761402,0.0,0.0,0.0,0.0,0.0
392042929704089602,3.75,12.844304217039234,36.777372262773724,7.914997577667236,102.75443565192884
392542930545437602,0.0,0.0,0.0,0.0,0.0
392642929843823801,11.214285850524902,11.510316339299257,104.5150728044896,14.469482421875,161.14443049987025
392642930464602801,0.0,0.0,0.0,0.0,0.0
392642930473037902,0.0,0.0,0.0,0.0,0.0
392642930477428701,0.0,0.0,0.0,0.0,0.0
392942930516888401,0.0,0.0,0.0,0.0,0.0
393042930517697601,0.0,0.0,0.0,0.0,0.0
393042930542269002,0.0,0.0,0.0,0.0,0.0
393042930546631302,0.0,0.0,0.0,0.0,0.0
393142930544519301,0.0,0.0,0.0,0.0,0.0
393142930547471501,1.600000023841858,3.0396750740724836,7.81552731020268,1.9235906600952148,15.198375118757514
393242929766133401,0.0,0.0,0.0,0.0,0.0
393242930467765502,0.0,0.0,0.0,0.0,0.0
393242930476399502,0.0,0.0,0.0,0.0,0.0
393342930527369802,0.0,0.0,0.0,0.0,0.0
393542930480018402,0.0,0.0,0.0,0.0,0.0
393742930520197501,0.0,0.0,0.0,0.0,0.0
393742930545799702,0.0,0.0,0.0,0.0,0.0
394042929514211502,0.0,0.0,0.0,0.0,0.0
394042930459453101,2.371134042739868,9.030058046144859,480.1336448598131,126.57073211669922,875.9156184608692
394442928121460502,1.0,0.8873457070131056,2.6622428666224285,0.32432112097740173,2.6620372020415144
394442930510586502,0.0,0.0,0.0,0.0,0.0
394542930458628602,0.0,0.0,0.0,0.0,0.0
394542930461458602,0.0,0.0,0.0,0.0,0.0
394842928269821601,0.0,0.0,0.0,0.0,0.0
394942930455046402,1.9772727489471436,3.769056966694772,32.71275997751546,21.66912269592285,165.83851454805094
395242930457477202,3.5,9.01966832895748,60.57786885245902,9.676015853881836,144.31469654646077
395242930527336501,0.0,0.0,0.0,0.0,0.0
395442930465144201,0.0,0.0,0.0,0.0,0.0
395542930452254701,0.0,0.0,0.0,0.0,0.0
395642930474569001,1.8655462265014648,5.792216357205136,163.05580215599238,122.5750732421875,689.2737426010959
395642930479548602,0.0,0.0,0.0,0.0,0.0
395942928191430301,1.375,11.671474414495565,127.7960088691796,72.03917694091797,746.97434740426
396042929762471102,0.0,0.0,0.0,0.0,0.0
396042930508149701,0.0,0.0,0.0,0.0,0.0
396142929020966702,0.0,0.0,0.0,0.0,0.0
396142930508118401,0.0,0.0,0.0,0.0,0.0
396242930474193301,0.0,0.0,0.0,0.0,0.0
396242930530884601,9.03125,10.604190812690286,339.33379463050096,37.425697326660156,339.33412192371327
396242930540908902,0.095238097012043,3.879840035269529,17.775624836715146,82.30643463134766,488.859841198993
396442930549904601,0.0,0.0,0.0,0.0,0.0
396742930534244302,4.199999809265137,15.626043169596013,125.2193074501574,16.11526107788086,234.39064741584963
396842928607154801,0.0,0.0,0.0,0.0,0.0
396842930527885301,3.4912281036376953,6.106465036176108,107.5192118226601,52.72734069824219,348.0685127295884
396942930477809802,0.0,0.0,0.0,0.0,0.0
396942930516506501,3.3608248233795166,13.22463787553648,118.5369957081545,100.44539642333984,1282.789827295148
396942930529685301,0.0,0.0,0.0,0.0,0.0
396942930546900402,1.9253730773925781,8.978979114928256,132.80849889624724,106.73473358154297,1203.1831689944067
397042930476226001,0.0,0.0,0.0,0.0,0.0
397242930538647501,0.0,0.0,0.0,0.0,0.0
397642930475479502,0.0,0.0,0.0,0.0,0.0
397842930476469701,0.0,0.0,0.0,0.0,0.0
397842930529378901,0.0,0.0,0.0,0.0,0.0
398342930477370602,126.0,105.16151202749141,105.16151202749141,3.7049996852874756,105.16151202749141
398342930509659302,0.0,0.0,0.0,0.0,0.0
398542928779258801,0.0,0.0,0.0,0.0,0.0
398642930464486202,0.0,0.0,0.0,0.0,0.0
398742930474713601,0.75,10.139659325418096,129.0090051457976,175.12045288085938,1135.6418616718533
398742930527440801,0.0,0.0,0.0,0.0,0.0
398942928695745901,0.0,0.0,0.0,0.0,0.0
398942930516805102,3.13043475151062,12.13489602652077,1119.3669634025716,154.0869903564453,1395.5130385425748
399042930516875102,0.0,0.0,0.0,0.0,0.0
399042930533094102,2.3008129596710205,9.196989355545705,207.88849487785657,123.69802856445312,1131.2296668865063
399242930463225402,1.0,9.210010971479912,9.210099520825654,0.6666123867034912,9.210010971479912
399342929373145101,0.0,0.0,0.0,0.0,0.0
399642927979893401,0.0,0.0,0.0,0.0,0.0
399642930527611501,3.161764621734619,5.824670697005549,110.588772845953,52.705440521240234,396.0775886590425
399742930528621802,3.82608699798584,11.922919853583917,66.2867132867133,27.059326171875,274.2271635469023
399742930542355302,0.0,24.2022169237013,0.0,48.55774688720703,822.8753731120717
399842930477787802,0.0,0.0,0.0,0.0,0.0
399842930518555101,0.0,0.0,0.0,0.0,0.0
401442930456696401,2.4606740474700928,9.643868630300958,251.2407660738714,92.87347412109375,858.3042811160211
401442930533792802,0.0,0.0,0.0,0.0,0.0
401542930528130801,0.0,0.0,0.0,0.0,0.0
401642930471936801,0.0,0.0,0.0,0.0,0.0
401742928921383502,0.0,0.0,0.0,0.0,0.0
401942930466958002,0.0,0.0,0.0,0.0,0.0
402142930516212601,3.183907985687256,4.768625215191468,89.87621766879408,49.93975830078125,414.87039025165427
402142930525329602,0.0,0.0,0.0,0.0,0.0
402242930220850201,0.0,0.0,0.0,0.0,0.0
402542930529279302,0.0,0.0,0.0,0.0,0.0
402642930511105501,0.0,0.0,0.0,0.0,0.0
402742930476771901,0.0,0.0,0.0,0.0,0.0
402742930528567501,0.0,0.0,0.0,0.0,0.0
402742930538104702,0.0,12.407851306632097,0.0,88.45936584472656,1054.6673796791176
402842928726872901,2.0,5.016542292486551,122.69447954652128,52.68637466430664,486.60458609912956
402842930543174502,3.2018349170684814,8.737096415876778,133.67403896787783,148.84617614746094,952.3435650926442
403042930510952501,0.0,0.0,0.0,0.0,0.0
403242930464977002,0.0,0.0,0.0,0.0,0.0
403342930479456202,0.0,0.0,0.0,0.0,0.0
403442928135526702,0.0,0.0,0.0,0.0,0.0
403542930459240401,0.0,0.0,0.0,0.0,0.0
403642930457403402,14.0,103.54191263282172,103.54191263282172,10.45446491241455,103.54191263282172
403642930549127701,0.0,0.0,0.0,0.0,0.0
404042930534149001,0.0,0.0,0.0,0.0,0.0
404142930516623201,0.0,0.0,0.0,0.0,0.0
404142930543207202,1.8039215803146362,6.283074654792997,73.52679435093829,120.14415740966797,961.3104088529209
404342928592736402,0.0,0.0,0.0,0.0,0.0
404342929161928001,0.0,0.0,0.0,0.0,0.0
404342930530378302,0.0,0.0,0.0,0.0,0.0
404342930530450502,0.0,0.0,0.0,0.0,0.0
404542928009669402,0.0,0.0,0.0,0.0,0.0
404542930516805801,0.0,0.0,0.0,0.0,0.0
404742930534327401,0.0,0.0,0.0,0.0,0.0
404942928243018501,6.75,34.73099945124769,359.07624768946397,29.599973678588867,416.772010958349
404942930462232801,0.0,0.0,0.0,0.0,0.0
405242929965425402,0.0,0.0,0.0,0.0,0.0
405242930075763902,0.0,0.0,0.0,0.0,0.0
405242930542378301,20.375,1.0356240275001625,7.656266250650026,1.1275157928466797,8.284992247773406
405342930516793902,0.0,0.0,0.0,0.0,0.0
405442930463122202,0.0,0.0,0.0,0.0,0.0
405642929034787301,0.0,0.0,0.0,0.0,0.0
405642930454048701,0.0,0.0,0.0,0.0,0.0
405742930435843402,0.0,0.0,0.0,0.0,0.0
405742930547082702,0.0,0.0,0.0,0.0,0.0
405942930463724801,0.0,0.0,0.0,0.0,0.0
406042930527059902,0.0,0.0,0.0,0.0,0.0
406142930253488602,0.0,0.0,0.0,0.0,0.0
406142930465603601,0.0,0.0,0.0,0.0,0.0
406142930480624702,0.0,0.0,0.0,0.0,0.0
406142930519779901,0.0,0.0,0.0,0.0,0.0
406242930448090402,0.0,0.0,0.0,0.0,0.0
406242930457494901,2.923076868057251,5.129612092391304,36.73165217391304,8.415342330932617,66.68495703125
406242930532467501,0.0,0.0,0.0,0.0,0.0
406542930547152702,2.6907217502593994,8.122438273250854,333.20341296928325,108.8918228149414,787.876538177155
406642930549402802,0.0,0.0,0.0,0.0,0.0
406742930453129401,0.0,0.0,0.0,0.0,0.0
406842930476564801,0.0,0.0,0.0,0.0,0.0
406842930550301202,0.0,0.0,0.0,0.0,0.0
407042930462689801,0.0,0.0,0.0,0.0,0.0
407042930516282502,0.0,0.0,0.0,0.0,0.0
407142930456439801,3.3333332538604736,9.582380706188726,25.470588235294116,4.003124237060547,28.747141819374235
407142930461291902,0.0,0.0,0.0,0.0,0.0
407242930448943101,0.0,0.0,0.0,0.0,0.0
407342930458624101,0.0,0.0,0.0,0.0,0.0
407342930463113101,0.0,0.0,0.0,0.0,0.0
407442929091989401,0.0,0.0,0.0,0.0,0.0
407442930545205401,0.0,0.0,0.0,0.0,0.0
407642930469038001,0.0,0.0,0.0,0.0,0.0
407742930465061701,1.8655914068222046,7.939107343533887,1447.3803596127248,190.30117797851562,1476.6739695764677
407742930544345001,6.5,3.829861111111111,6.050653594771242,0.9992773532867432,7.659722222222222
407942930473018401,0.0,0.0,0.0,0.0,0.0
408042930479169602,0.38983049988746643,5.285878106725146,17.33801169590643,87.25174713134766,623.7336466872902
408242930522563502,6.108108043670654,17.748916056146264,106.95020746887967,80.8615493774414,656.7098812483158
408242930526666201,0.0,0.0,0.0,0.0,0.0
408342930477095702,0.0,0.0,0.0,0.0,0.0
408342930534809402,0.0,0.0,0.0,0.0,0.0
408842930457682702,0.0,0.0,0.0,0.0,0.0
408842930529595802,0.0,0.0,0.0,0.0,0.0
409142930517800302,3.726027488708496,21.9191875,1186.168,75.38274383544922,1600.1007228118897
409242930459718201,1.0,12.337128778499542,12.337128778499542,0.891097366809845,12.337128778499542
409242930471121901,0.0,0.0,0.0,0.0,0.0
409242930530387301,0.0,0.0,0.0,0.0,0.0
409242930538171502,0.0,0.0,0.0,0.0,0.0
409342930474059602,2.6770832538604736,7.4731734375,53.3508,88.76774597167969,717.4246509643555
409342930526145602,0.0,0.0,0.0,0.0,0.0
409542930342586901,0.0,0.0,0.0,0.0,0.0
409542930472605301,1.1857142448425293,7.949303110714098,369.058641164416,113.33345031738281,1112.9024110471048
409542930532421802,0.0,0.0,0.0,0.0,0.0
409642930479184301,0.0,0.0,0.0,0.0,0.0
409742930518180302,4.351351261138916,14.800049165802212,199.61410788381744,59.929176330566406,547.6018211000688
411142930479404701,0.0,0.0,0.0,0.0,0.0
411342930458816501,1.0,2.3836124377208368,17.61018327868019,6.338087558746338,38.137800133038304
411342930550028202,0.0,0.0,0.0,0.0,0.0
411442930515834401,0.0,0.0,0.0,0.0,0.0
411842928042083402,0.0,0.0,0.0,0.0,0.0
411942928213938501,0.0,0.0,0.0,0.0,0.0
412042930449031401,0.0,0.0,0.0,0.0,0.0
412142930453103101,0.0,0.0,0.0,0.0,0.0
412142930530157001,1.8428571224212646,4.253209049462083,103.16079769089478,76.6097640991211,595.4492785447541
412242930518214602,0.0,0.0,0.0,0.0,0.0
412342930289588601,0.0,0.0,0.0,0.0,0.0
412342930289643401,0.0,0.0,0.0,0.0,0.0
412342930532782902,0.0,0.0,0.0,0.0,0.0
412442930508733902,3.16853928565979,17.30991642544479,177.10138378988987,88.42922973632812,1540.5825346327542
412542930544672702,0.0,0.0,0.0,0.0,0.0
412642930534747002,0.0,0.0,0.0,0.0,0.0
412742930460627101,0.0,0.0,0.0,0.0,0.0
412942930474369302,0.0,0.0,0.0,0.0,0.0
412942930474631602,0.0,0.0,0.0,0.0,0.0
413042930474117101,0.0,0.0,0.0,0.0,0.0
413042930548763702,1.3191488981246948,6.597201682037947,151.56751310283184,92.6706314086914,930.2054566327373
413242930480593002,0.0,0.0,0.0,0.0,0.0
413342930468101401,0.0,0.0,0.0,0.0,0.0
413342930526388702,0.0,0.0,0.0,0.0,0.0
413942928707726702,2.4683544635772705,5.213107070789703,162.28150087260036,48.867000579833984,411.8354698840236
413942930457365502,0.0,0.0,0.0,0.0,0.0
414042930526910902,0.0,0.0,0.0,0.0,0.0
414042930531468302,0.0,0.0,0.0,0.0,0.0
414142930458203501,1.8079999685287476,4.27581960083502,60.9224985540775,68.00960540771484,534.4774401329928
414342930507824901,2.142857074737549,3.9229705065329066,28.84157236450268,10.761293411254883,82.38238293759662
414342930510733001,0.0,0.0,0.0,0.0,0.0
414442930548842301,3.1600000858306885,5.963529585822318,86.58159633960345,108.22602844238281,596.3529469943859
414542930521761901,0.0,0.0,0.0,0.0,0.0
414642930550599801,0.0,0.0,0.0,0.0,0.0
414842930447360602,0.0,0.0,0.0,0.0,0.0
414942930465336301,0.0,0.0,0.0,0.0,0.0
415042930470615302,0.0,0.0,0.0,0.0,0.0
415142930516126502,0.0,0.0,0.0,0.0,0.0
415242930544952501,0.0,0.0,0.0,0.0,0.0
415342928086441102,0.1764705926179886,8.997334105843699,124.3198779629195,42.220947265625,611.8186937541196
415642930459931101,3.6818182468414307,19.924152904328018,138.90660592255125,28.859691619873047,438.33138770448863
415642930475389902,0.3804347813129425,5.350733467204354,278.08204145043464,102.07279968261719,984.5349867918494
415742930478104002,0.0,0.0,0.0,0.0,0.0
415942930466888101,1.8461538553237915,20.64233288957399,268.35156950672643,34.66363525390625,268.35032230941704
416142930454167201,0.0,0.0,0.0,0.0,0.0
416242930455137601,0.0,0.0,0.0,0.0,0.0
416442929626364102,0.0,0.0,0.0,0.0,0.0
416442930473063501,0.0,0.0,0.0,0.0,0.0
416842930450242402,0.0,0.0,0.0,0.0,0.0
416842930518543801,0.0,0.0,0.0,0.0,0.0
416842930543259501,0.0,0.0,0.0,0.0,0.0
417042930452964302,0.0,0.0,0.0,0.0,0.0
417042930452976501,0.7622377872467041,3.426994863311102,19.00861470056968,76.953369140625,490.06026684669746
417042930524389801,0.0,0.0,0.0,0.0,0.0
417142930459672401,0.0,0.0,0.0,0.0,0.0
417342930449522002,0.0,0.0,0.0,0.0,0.0
417542930525139002,0.0,0.0,0.0,0.0,0.0
418042930544336502,0.0,0.0,0.0,0.0,0.0
418342930508967902,2.25,6.019257947464215,182.25814412635737,73.86429595947266,842.6961224735784
418342930516375702,0.0,0.0,0.0,0.0,0.0
418442930528735301,0.0,0.0,0.0,0.0,0.0
418442930530225202,0.0,0.0,0.0,0.0,0.0
418642930452678002,0.0,0.0,0.0,0.0,0.0
418842930480448501,0.0,0.0,0.0,0.0,0.0
419042930534507802,0.0,0.0,0.0,0.0,0.0
419142930510250002,0.0,0.0,0.0,0.0,0.0
419142930528931202,50.66666793823242,12.391573357520732,55.19845581927366,10.4502534866333,74.34944237918215
419342930464253801,2.5,4.98751135453323,16.55560323863474,1.964279055595398,19.95004593501005
419342930464733702,0.0,0.0,0.0,0.0,0.0
419342930511050901,0.0,0.0,0.0,0.0,0.0
419442930446618101,0.0,0.0,0.0,0.0,0.0
419442930510332601,7.0,3.3461072283398634,6.691607684529828,0.6101779341697693,6.692214271537696
419542930460743402,0.0,13.939068956611571,178.92479338842975,95.92158508300781,947.8567011620388
419642928135481802,0.0,0.0,0.0,0.0,0.0
419742930510455002,0.0,52.60188671061763,52.60187369882026,7.499236106872559,52.60188671061763
419742930526312002,0.0,0.0,0.0,0.0,0.0
419742930544479201,2.6724138259887695,5.318516657164203,142.81377791758413,90.99088287353516,616.9479341005972
419942930519726001,2.690476179122925,5.073949137239166,111.34791332263242,92.1093978881836,639.3175779892966
419942930534902402,0.0,0.0,0.0,0.0,0.0
421142930524863402,0.0,0.0,0.0,0.0,0.0
421342930476293502,0.0,0.0,0.0,0.0,0.0
421542930478606501,0.0,0.0,0.0,0.0,0.0
421542930542662602,0.0,0.0,0.0,0.0,0.0
421742930472103102,0.0,0.0,0.0,0.0,0.0
421742930478809101,0.0,0.0,0.0,0.0,0.0
421742930527837001,0.0,0.0,0.0,0.0,0.0
421742930545929201,0.0,0.0,0.0,0.0,0.0
421842930464510002,0.0,0.0,0.0,0.0,0.0
421842930464512601,0.0,0.0,0.0,0.0,0.0
421842930530493601,0.0,0.0,0.0,0.0,0.0
421942930525619301,0.0,0.0,0.0,0.0,0.0
422042929012799102,3.5,19.5428541533801,66.19515306122449,18.249311447143555,156.34283104721382
422242930462962702,3.1529412269592285,9.798890694697892,182.470397404704,106.21566772460938,832.9056857167852
422242930464839802,0.0,0.0,0.0,0.0,0.0
422242930519309302,0.0,0.0,0.0,0.0,0.0
422342929348291702,1.9622641801834106,3.3411622827608576,54.652827096421746,79.67683410644531,531.2447981150298
422342930528770702,0.0,0.0,0.0,0.0,0.0
422342930536281502,0.0,0.0,0.0,0.0,0.0
422442930532646302,0.0,0.0,0.0,0.0,0.0
422542929800558901,0.0,0.0,0.0,0.0,0.0
422642930533379302,2.2452831268310547,37.2798463356974,975.9007092198582,105.82006072998047,3951.6637913882028
422842930455013301,0.0,0.0,0.0,0.0,0.0
422942930517743102,0.0,0.0,0.0,0.0,0.0
423042930220628402,0.0,0.0,0.0,0.0,0.0
423142930472510701,2.200000047683716,2.3579422753976456,59.5294751976995,52.60507583618164,247.5839452323598
423142930529658201,4.333333492279053,1.8416791077226344,11.050092764378478,1.1952744722366333,11.050074363241391
423342930462033501,2.0,2.5478551781227963,22.195698166431594,6.116486549377441,50.95710495059682
423342930528595001,1.3207547664642334,3.2840132136515283,56.446620749031425,59.9510498046875,348.1054009345396
423342930541522601,0.0,0.0,0.0,0.0,0.0
423442930510727701,0.0,0.0,0.0,0.0,0.0
423742930476657202,0.0,0.0,0.0,0.0,0.0
423742930532899201,0.0,0.0,0.0,0.0,0.0
423842929307319302,0.0,0.0,0.0,0.0,0.0
423842930008236502,0.0,0.0,0.0,0.0,0.0
423842930456507002,0.0,0.0,0.0,0.0,0.0
423842930461862401,0.0,0.0,0.0,0.0,0.0
423942930473588601,0.0,0.0,0.0,0.0,0.0
424042930527942301,0.0,0.0,0.0,0.0,0.0
424442930526962502,0.3781512677669525,12.205102104942846,198.81117696867062,159.31878662109375,1452.4071951130504
424542930476618101,2.776923179626465,5.430702853709664,251.7620055899043,107.46092987060547,705.9913762033545
424542930544796702,0.0,0.0,0.0,0.0,0.0
424842930455850101,0.6733333468437195,4.05668266044136,63.18512164691204,84.19351959228516,608.5024063743358
424842930525167202,0.0,0.0,0.0,0.0,0.0
424842930531682102,0.0,0.0,0.0,0.0,0.0
424942930478216002,0.0,0.0,0.0,0.0,0.0
424942930522432801,0.0,0.0,0.0,0.0,0.0
425042927982774902,2.2142856121063232,3.4861553469005075,104.66173983381131,97.32264709472656,536.8679095810411
425042930527812502,0.0,0.0,0.0,0.0,0.0
425142930476491301,0.0,0.0,0.0,0.0,0.0
425142930517641001,3.5,15.484388960864903,25.587562544674768,4.396991729736328,30.968777921729806
425142930532447901,0.0,0.0,0.0,0.0,0.0
425342930452771101,0.0,0.0,0.0,0.0,0.0
425342930473661602,0.0,0.0,0.0,0.0,0.0
425442930517412402,0.0,0.0,0.0,0.0,0.0
425442930547332502,0.0,0.0,0.0,0.0,0.0
425542930467542701,2.9629628658294678,2.934706265843382,58.14469717730885,48.42395782470703,237.7112021118231
425942930461917102,0.9108911156654358,5.151043117186533,137.53224408961506,80.37394714355469,520.2553412231725
425942930525262001,0.0,0.0,0.0,0.0,0.0
426242930508104501,0.0,0.0,0.0,0.0,0.0
426242930541919002,0.0,0.0,0.0,0.0,0.0
426442929249040201,0.0,0.0,0.0,0.0,0.0
426442930508858402,0.0,0.0,0.0,0.0,0.0
426542928728354801,0.0,0.0,0.0,0.0,0.0
426542930525179902,2.3777778148651123,6.342712409316806,187.62755626642294,99.57494354248047,856.2661516731513
426642930476601002,0.0,0.0,0.0,0.0,0.0
426742930534010201,0.0,0.0,0.0,0.0,0.0
426842928030317302,3.6666667461395264,3.82663934813862,17.633898305084745,3.6482350826263428,22.95983549769219
426842930531351102,0.0,5.486587197773318,0.0,2.5532448291778564,27.43293641466613
426942930534675001,0.0,0.0,0.0,0.0,0.0
427042929467119401,0.0,0.0,0.0,0.0,0.0
427042930472219801,3.350649356842041,6.704766121152907,133.0810942843185,69.12470245361328,516.2669949286964
427142929346284802,0.0,0.0,0.0,0.0,0.0
427142929816392201,0.0,0.0,0.0,0.0,0.0
427142930455661602,0.0,0.0,0.0,0.0,0.0
427142930519082401,0.0,0.0,0.0,0.0,0.0
427242930508481601,0.0,0.0,0.0,0.0,0.0
427242930549574301,0.0,0.0,0.0,0.0,0.0
427342930454849801,0.0,0.0,0.0,0.0,0.0
427442930475405802,0.0,0.0,0.0,0.0,0.0
427542930524283402,0.0,0.0,0.0,0.0,0.0
427642930450569802,3.155555486679077,8.101781399326672,89.32754126846221,48.30824661254883,364.5801456627071
427642930532071401,0.0,0.0,0.0,0.0,0.0
427642930546508501,0.0,0.0,0.0,0.0,0.0
427842930511054402,0.0,0.0,0.0,0.0,0.0
427942928225066301,0.8903225660324097,4.817724659834654,146.2562866000689,133.234375,746.7473353595846
428042930534754302,0.0,0.0,0.0,0.0,0.0
428342930530081502,0.0,0.0,0.0,0.0,0.0
428442930475850102,0.0,0.0,0.0,0.0,0.0
428442930533635001,0.0,0.0,0.0,0.0,0.0
428542930545389202,0.0,0.0,0.0,0.0,0.0
428742930455226301,0.0,0.0,0.0,0.0,0.0
428842930515464502,1.4967741966247559,5.4400494156788195,146.73026168642363,103.58224487304688,843.2076402572468
428942930452187902,0.0892857164144516,3.9753384398591263,1.6655432731194393,71.12017822265625,445.23791608812996
429042930524070901,3.076923131942749,11.191279658564815,97.74382716049382,25.145723342895508,145.48663573309227
429142930549347602,0.0,0.0,0.0,0.0,0.0
429342928269818402,0.4000000059604645,5.074024281964175,3.1525633106856086,4.354432106018066,25.37012210348788
429342929417543301,9.800000190734863,5.594778751265182,27.97408906882591,5.160236835479736,27.973894547064777
429342930530952502,2.802469253540039,11.25110324715421,200.71219931271477,102.1773910522461,911.3393773256298
429442930526423701,0.0,0.0,0.0,0.0,0.0
429542930463343201,0.0,0.0,0.0,0.0,0.0
429542930534678901,0.0,0.0,0.0,0.0,0.0
429742930480276102,0.0,0.0,0.0,0.0,0.0
429842929411157202,0.0,0.0,0.0,0.0,0.0
431142928242857102,0.0,0.0,0.0,0.0,0.0
431142930528814302,0.0,0.0,0.0,0.0,0.0
431342928188537602,0.0,0.0,0.0,0.0,0.0
431342930436036701,3.008333444595337,8.029361435935494,240.18421052631578,111.29814910888672,963.5233836578007
431442930460324301,57.400001525878906,5.966094191072688,29.830486944248413,4.266168594360352,29.830471506704306
431642930546311502,0.0,0.0,0.0,0.0,0.0
431742930460715902,0.0,0.0,0.0,0.0,0.0
431742930528369702,70.0,41.16518941016852,82.07883461868038,17.204551696777344,123.495563767495
431842930517103301,0.0,0.0,0.0,0.0,0.0
431942930461501701,0.0,0.0,0.0,0.0,0.0
432042930475664902,3.879310369491577,7.675144145727503,100.144412191582,72.38441467285156,445.1583641506245
432242930450432502,0.0,0.0,0.0,0.0,0.0
432342930529109301,0.0,0.0,0.0,0.0,0.0
432442929687010202,2.78125,4.985393004858193,60.50756302521008,47.37862014770508,319.06515690779486
432642930529775401,0.0,0.0,0.0,0.0,0.0
432642930544091501,0.0,0.0,0.0,0.0,0.0
432742930464778202,0.0,0.0,0.0,0.0,0.0
432942928887199501,0.0,0.0,0.0,0.0,0.0
433042930454629101,0.0,0.0,0.0,0.0,0.0
433042930523638701,2.9000000953674316,9.468262213462513,118.36980749746708,28.539505004882812,378.73049599687135
433242930479913101,0.0,0.0,0.0,0.0,0.0
433242930517302902,0.0,0.0,0.0,0.0,0.0
433242930526829102,2.125,2.97454452010094,45.83689523146537,24.899818420410156,118.981783578556
433542930468923802,0.0,0.0,0.0,0.0,0.0
433542930546801001,0.0,0.0,0.0,0.0,0.0
433642930456624001,0.0,0.0,0.0,0.0,0.0
433742930524402901,3.683544397354126,13.370999948601973,157.39736842105262,125.7494888305664,1056.308958174053
434242930550216202,2.055555582046509,7.433327372436814,75.54434907010014,15.91584587097168,133.79989405728887
434342928577579702,0.0,0.0,0.0,0.0,0.0
434442930476749802,4.205882549285889,17.400660923549108,269.575,93.81379699707031,1183.2449091843196
434542929543902501,1.0,4.763182437859317,4.763273588096043,0.382341593503952,4.763182437859317
434542930478188502,163.0,51.88224835886214,93.74354485776806,8.86540699005127,103.76449443836616
434542930516168402,0.0,0.0,0.0,0.0,0.0
434542930534207102,0.0,0.0,0.0,0.0,0.0
434642930525286701,0.0,0.0,0.0,0.0,0.0
434642930537432001,0.0,0.0,0.0,0.0,0.0
435142930542793802,0.0,0.0,0.0,0.0,0.0
435242930531846502,9.923076629638672,3.773343076350681,32.57084874176964,8.972344398498535,49.05345932093542
435242930532869402,1.1755725145339966,5.333531368821292,69.71932250259246,89.69705200195312,698.6925978319397
435342929013116401,0.0,0.0,0.0,0.0,0.0
435442930460426002,0.0,0.0,0.0,0.0,0.0
435442930518610701,0.0,101.33784088497454,101.33786078098473,10.173857688903809,101.33784088497454
435742930543774002,0.0,0.0,0.0,0.0,0.0
435842930478161502,0.0,0.0,0.0,0.0,0.0
435842930510965401,0.0,0.0,0.0,0.0,0.0
435942930527914001,2.598130941390991,4.4255190014500805,87.21263729482908,60.14655303955078,473.5305570498611
436242930547456902,0.0,0.0,0.0,0.0,0.0
436342928726782501,0.0,0.0,0.0,0.0,0.0
436442930475111001,0.0,0.0,0.0,0.0,0.0
436542930542212901,0.0,0.0,0.0,0.0,0.0
436642930516141202,0.0,4.7873723827521255,4.787480680061824,0.1819734424352646,4.7873723827521255
436842930473132001,0.0,0.0,0.0,0.0,0.0
436942930531863101,0.0,0.0,0.0,0.0,0.0
437142930549638801,0.0,0.0,0.0,0.0,0.0
437442930458940101,1.826923131942749,3.3021558185268716,67.32680565487651,91.87385559082031,515.1362910170755
437642929456777302,0.0,0.0,0.0,0.0,0.0
437642929703857301,2.5308642387390137,8.462617601667132,233.44754464285714,72.29891967773438,685.4720445530755
437642930541280602,0.0,0.0,0.0,0.0,0.0
437642930542057902,0.0,0.0,0.0,0.0,0.0
437842930531739502,0.0,0.0,0.0,0.0,0.0
438042930524689201,1.3108108043670654,11.055344053473606,31.311752988047807,119.2262954711914,818.0954617143152
438242930467080401,0.6129032373428345,3.2701770563581847,21.612784516832495,94.18505096435547,506.8774571178946
438242930510427602,0.0,0.0,0.0,0.0,0.0
438442930516910302,0.0,0.0,0.0,0.0,0.0
438542928614385802,0.0,0.0,0.0,0.0,0.0
438542930008180002,0.0,0.0,0.0,0.0,0.0
438542930528147302,0.0,0.0,0.0,0.0,0.0
438742930529846001,0.0,0.0,0.0,0.0,0.0
439242930508921102,0.0,0.0,0.0,0.0,0.0
439442930530243202,0.0,0.0,0.0,0.0,0.0
439642930518496702,0.0,0.0,0.0,0.0,0.0
439742929704304201,0.0,0.0,0.0,0.0,0.0
439742930468869302,0.0,0.0,0.0,0.0,0.0
439742930534365702,0.0,0.0,0.0,0.0,0.0
439942928197140001,0.0,0.0,0.0,0.0,0.0
439942929575556101,0.0,0.0,0.0,0.0,0.0
441242928932386902,0.0,0.0,0.0,0.0,0.0
441242930516479301,0.0,0.0,0.0,0.0,0.0
441342930455691402,0.0,0.0,0.0,0.0,0.0
441342930538665302,4.142857074737549,4.612458143231457,16.784813837584284,9.851162910461426,64.57441543896714
441442930546173402,6.0,4.985755284627278,31.708333333333332,2.9422056674957275,34.900286318423845
441542930528341302,0.0,0.0,0.0,0.0,0.0
441642930543933102,0.0,0.0,0.0,0.0,0.0
441742930543287101,0.0,0.0,0.0,0.0,0.0
441842930450618302,3.3061225414276123,11.393282568436028,254.7668759811617,110.00061798095703,1116.5416848079376
441842930519782902,0.0,0.0,0.0,0.0,0.0
442042930522229201,0.0,0.0,0.0,0.0,0.0
442142930450340102,0.0,0.0,0.0,0.0,0.0
442242928232687101,0.0,0.0,0.0,0.0,0.0
442242930456507901,0.0,0.0,0.0,0.0,0.0
442342928210699901,2.1666667461395264,3.089469740462595,33.48129758358159,8.011019706726074,55.61045428278903
442442930537131802,0.0,0.0,0.0,0.0,0.0
442542930464754601,0.0,0.0,0.0,0.0,0.0
442642930472517502,0.0,0.0,0.0,0.0,0.0
442642930516534602,0.0,0.0,0.0,0.0,0.0
442742930521986601,0.0,0.0,0.0,0.0,0.0
442742930541026901,0.0,0.0,0.0,0.0,0.0
442842930460244201,0.0,0.0,0.0,0.0,0.0
443042929544004001,0.0,0.0,0.0,0.0,0.0
443042930544171201,0.0,0.0,0.0,0.0,0.0
443142930530546101,0.7338129281997681,7.531213527077497,98.00964830376596,105.06282043457031,1046.8387177624957
443142930531245401,0.0,0.0,0.0,0.0,0.0
443242928932549701,5.308823585510254,20.76170253188019,349.779359430605,60.812782287597656,1411.7957566556556
443642928242815302,0.0,0.0,0.0,0.0,0.0
443642930533744301,0.0,0.0,0.0,0.0,0.0
443742930527623402,0.0,0.0,0.0,0.0,0.0
443942930454346501,0.0,0.0,0.0,0.0,0.0
443942930515762202,0.0,0.0,0.0,0.0,0.0
444042930540957902,0.0,0.0,0.0,0.0,0.0
444042930547155601,0.0,0.0,0.0,0.0,0.0
444142930531489501,0.0,0.0,0.0,0.0,0.0
444342929025526601,0.0,0.0,0.0,0.0,0.0
444342930453038602,0.0,0.0,0.0,0.0,0.0
444442930521385601,0.0,0.0,0.0,0.0,0.0
444642930473703801,2.8333332538604736,9.680659011314654,48.18771551724138,9.671875953674316,58.08395233154297
444642930527844202,1.875,1.9030027538722996,11.717904147007697,4.280374050140381,30.44804313551678
444642930534681902,0.0,0.0,0.0,0.0,0.0
445042930530644301,0.0,0.0,0.0,0.0,0.0
445042930538085702,0.0,0.0,0.0,0.0,0.0
445242928258168502,0.0,0.0,0.0,0.0,0.0
445442930509399801,0.0,0.0,0.0,0.0,0.0
445442930533671402,0.0,0.0,0.0,0.0,0.0
445542930184431601,0.0,0.0,0.0,0.0,0.0
445542930521743101,2.3142857551574707,3.6599082485465115,39.40837209302325,21.577484130859375,128.09678950110148
445642930526329602,0.0,0.0,0.0,0.0,0.0
445742929118695701,0.0,0.0,0.0,0.0,0.0
445742930525116902,1.941176414489746,7.699246368518854,68.01522842639594,60.77250671386719,523.5487466643391
446042930461902202,0.0,0.0,0.0,0.0,0.0
446042930480613802,0.0,0.0,0.0,0.0,0.0
446342930516040102,0.0,0.0,0.0,0.0,0.0
446542930079741302,0.0,0.0,0.0,0.0,0.0
446542930454596401,1.75,56.875410681540345,116.3520782396088,16.172250747680664,227.50164212924054
446642930527472202,0.0,81.93804369122257,81.93793103448276,0.0,81.93804369122257
446942930447130201,0.0,42.139752576084355,0.0,7.4829630851745605,42.139752576084355
447042928757899402,0.0,0.0,0.0,0.0,0.0
447142930477449802,0.0,0.0,0.0,0.0,0.0
447142930543077802,0.0,0.0,0.0,0.0,0.0
447242930464320602,0.06451612710952759,3.6893496403014616,13.232846122614697,57.47310256958008,343.10952741200487
447242930465702601,0.0,0.0,0.0,0.0,0.0
447342930520081202,0.0,0.0,0.0,0.0,0.0
447342930545466902,0.0,0.0,0.0,0.0,0.0
447442930459006701,0.0,0.0,0.0,0.0,0.0
447742930527213302,0.0,0.0,0.0,0.0,0.0
447842929222943602,0.0,0.0,0.0,0.0,0.0
447842930509520701,0.0,0.0,0.0,0.0,0.0
447942930459258802,1.0144927501678467,5.14465739075114,306.06212706212705,172.22665405273438,1064.9440831188238
448042928636802302,2.2183098793029785,4.5467043575262105,199.59772840738893,80.1321029663086,645.6320063442929
448242930159026302,0.0,0.0,0.0,0.0,0.0
448442930533817702,0.0,0.0,0.0,0.0,0.0
448642930531059601,1.576642394065857,3.1829604667514255,52.924333487440286,86.08641815185547,436.06557988150496
448642930537036702,0.0,0.0,0.0,0.0,0.0
448742930530409801,0.0,129.23955829326923,23.092548076923077,15.338923454284668,129.23955829326923
448742930542480601,0.0,0.0,0.0,0.0,0.0
448942929424332001,0.0,0.0,0.0,0.0,0.0
448942930460387202,1.5090909004211426,61.58209684001866,564.8059701492538,159.9971923828125,3387.015220143902
449042930480604502,0.0,0.0,0.0,0.0,0.0
449142930220905101,0.0,3.4501515901141384,7.727835051546392,9.66885757446289,69.00303429082497
449342930472986802,0.0,0.0,0.0,0.0,0.0
449542930529138102,3.377049207687378,7.366639656665048,89.755146856986,42.601654052734375,449.3650331412818
449542930541325102,0.0,0.0,0.0,0.0,0.0
449842930012267802,0.0,0.0,0.0,0.0,0.0
449942928143339102,0.0,0.0,0.0,0.0,0.0
451342928303933502,0.0,0.0,0.0,0.0,0.0
451342929091219502,0.0,0.0,0.0,0.0,0.0
451342929118629102,0.43529412150382996,3.4128476601917255,49.966767574840226,105.4236831665039,580.1840799823739
451542930462958501,0.0,0.0,0.0,0.0,0.0
451642930515849801,0.0,0.0,0.0,0.0,0.0
451642930516655801,0.0,0.0,0.0,0.0,0.0
451742930546667901,0.0,0.0,0.0,0.0,0.0
451842930530890901,0.0,0.0,0.0,0.0,0.0
451842930539712002,0.0,0.0,0.0,0.0,0.0
452042928113086902,0.0,0.0,0.0,0.0,0.0
452042929606028501,0.0,0.0,0.0,0.0,0.0
452042930474775901,0.0,0.0,0.0,0.0,0.0
452042930529364501,0.0,0.0,0.0,0.0,0.0
452142930534008702,0.0,0.0,0.0,0.0,0.0
452142930540910401,3.538461446762085,8.142903129133598,116.56825396825397,27.66114616394043,211.7154824031724
452242930543963002,0.0,0.0,0.0,0.0,0.0
452342930452739702,0.0,28.674379823092604,28.674432149097264,2.067943572998047,28.674379823092604
452342930540695301,0.0,0.0,0.0,0.0,0.0
452442930519503202,2.933333396911621,3.596349246002907,30.83798449612403,8.69708251953125,53.94524089014807
452542929012692802,0.0,0.0,0.0,0.0,0.0
452842930477818401,0.6279069781303406,6.653156489158163,50.80816326530612,20.14322280883789,286.0857233195402
453142929766029601,0.0,0.0,0.0,0.0,0.0
453142930458014602,0.0,0.0,0.0,0.0,0.0
453142930460223101,0.0,0.0,0.0,0.0,0.0
453142930509752902,0.0,0.0,0.0,0.0,0.0
453242930549785802,0.0,0.0,0.0,0.0,0.0
453342930528236201,0.0,0.0,0.0,0.0,0.0
453442930510558902,0.0,0.0,0.0,0.0,0.0
453542930451520802,0.0,0.0,0.0,0.0,0.0
453642930536070902,0.0,0.0,0.0,0.0,0.0
453642930550812901,2.5,10.350239795437405,39.7420814479638,5.488922595977783,41.400958997631506
453742930460363401,0.0,0.0,0.0,0.0,0.0
453942928878217602,0.0,0.0,0.0,0.0,0.0
454242930477045102,0.0,0.0,0.0,0.0,0.0
454342930542587602,1.4615384340286255,6.625989616486314,1482.5387833045377,165.35716247558594,1636.619393102232
454442930458915501,2.126984119415283,5.308304159802306,97.2504118616145,88.57522583007812,668.8463433887329
454442930539269601,0.0,0.0,0.0,0.0,0.0
454842930525563501,0.0,0.0,0.0,0.0,0.0
454942930543521201,0.0,0.0,0.0,0.0,0.0
455042930478737701,0.0,0.0,0.0,0.0,0.0
455042930544365902,0.0,0.0,0.0,0.0,0.0
455142930449806501,0.0,0.0,0.0,0.0,0.0
455142930473987601,0.0,0.0,0.0,0.0,0.0
455142930475151802,0.0,0.0,0.0,0.0,0.0
455142930517384102,0.0,0.0,0.0,0.0,0.0
455242930508988402,0.0,0.0,0.0,0.0,0.0
455242930525565202,0.0,0.0,0.0,0.0,0.0
455542930543803602,0.0,0.0,0.0,0.0,0.0
455642930534616002,0.0,0.0,0.0,0.0,0.0
455742930464265902,0.0,0.0,0.0,0.0,0.0
455842928153642502,0.0,0.0,0.0,0.0,0.0
455842929927453401,38.83333206176758,12.787492306401074,76.7256042972247,3.640798330307007,76.72495222646633
455942930543789701,0.0,0.0,0.0,0.0,0.0
456042930456447502,2.6666667461395264,6.950888484264408,44.76137512639029,11.900303840637207,83.41065925775573
456242929514231701,2.1776316165924072,3.9086700134511916,81.88421214450423,76.86996459960938,594.1178281620151
456342930536247302,0.0,0.0,0.0,0.0,0.0
456342930544849801,0.0,0.0,0.0,0.0,0.0
456442930460584501,0.0,0.0,0.0,0.0,0.0
456542930453086802,0.0,0.0,0.0,0.0,0.0
456542930535531102,0.0,0.0,0.0,0.0,0.0
456742929213571201,1.7516340017318726,4.6158886654629026,120.46027577150362,138.65809631347656,706.2309804073542
456842930461438101,0.0,0.0,0.0,0.0,0.0
456842930477211101,0.0,0.0,0.0,0.0,0.0
457142930456083901,0.5166666507720947,25.964316600590795,199.44776119402985,120.75495147705078,1557.859055818017
457142930456139802,0.0,0.0,0.0,0.0,0.0
457142930525741002,0.0,0.0,0.0,0.0,0.0
457242930460414301,0.0,0.0,0.0,0.0,0.0
457542930525267002,0.0,0.0,0.0,0.0,0.0
457742930540380202,0.0,0.0,0.0,0.0,0.0
457842930454640301,0.0,0.0,0.0,0.0,0.0
457842930539063701,0.0,0.0,0.0,0.0,0.0
457942930459386202,0.0,0.0,0.0,0.0,0.0
457942930474542201,0.04545454680919647,8.892530950613953,98.88813925246255,77.34063720703125,782.5426981190794
457942930531665701,0.0,0.0,0.0,0.0,0.0
458042930542087302,2.853210926055908,13.889079204358552,229.55131578947368,88.24211120605469,1513.909590701053
458142930478821701,2.363013744354248,14.656827947443182,423.27,106.7387924194336,2139.8968785598063
458242930524238502,0.0,0.0,0.0,0.0,0.0
458342930515579901,5.0,9.655360476256321,9.654867256637168,0.779135525226593,9.655360476256321
458442930457513502,0.0,0.0,0.0,0.0,0.0
458542930454771202,0.0,0.0,0.0,0.0,0.0
458842929605961902,0.0,0.0,0.0,0.0,0.0
458842930456663701,0.0,0.0,0.0,0.0,0.0
459042930546001801,0.0,0.0,0.0,0.0,0.0
459142930463034701,2.71875,2.7216318968238418,30.063915012190876,18.687402725219727,87.09221802369015
459242930454477302,0.0,0.0,0.0,0.0,0.0
459242930516648702,0.0,0.0,0.0,0.0,0.0
459442930468001301,0.0,0.0,0.0,0.0,0.0
459542930463913602,0.0,0.0,0.0,0.0,0.0
459742930530104301,3.0,0.5713824242543827,0.5713861239043233,0.08969913423061371,0.5713824242543827
459742930534620601,0.0,0.0,0.0,0.0,0.0
459842930469084801,0.0,4.00968354933258,4.009675824563882,0.7975913286209106,4.00968354933258
459842930475160701,0.0,0.0,0.0,0.0,0.0
459842930477617001,0.0,0.0,0.0,0.0,0.0
459842930509910101,0.0,0.0,0.0,0.0,0.0
459842930526608101,0.0,0.0,0.0,0.0,0.0
461142930540984802,0.0,0.0,0.0,0.0,0.0
461242930531454902,0.0,0.0,0.0,0.0,0.0
461242930532147401,0.0,0.0,0.0,0.0,0.0
461442928235811802,0.0,0.0,0.0,0.0,0.0
461742930456999102,0.0,0.0,0.0,0.0,0.0
461742930519807502,0.0,0.0,0.0,0.0,0.0
461742930549960301,0.0,0.0,0.0,0.0,0.0
461842929550832801,0.0,0.0,0.0,0.0,0.0
461842930455301401,0.0,0.0,0.0,0.0,0.0
462042930475984002,0.0,0.0,0.0,0.0,0.0
462342927979813301,0.0,0.0,0.0,0.0,0.0
462342928855343602,0.0,0.0,0.0,0.0,0.0
462442930516228901,1.541284441947937,7.451544358325099,93.89426877470356,89.68041229248047,812.2183251267836
462542930518806401,0.0,0.0,0.0,0.0,0.0
462742930459340401,0.0,0.0,0.0,0.0,0.0
462742930542168801,0.0,0.0,0.0,0.0,0.0
462842930525650701,0.0,0.0,0.0,0.0,0.0
463042930545892301,0.0,0.0,0.0,0.0,0.0
463242930452818801,0.0,0.0,0.0,0.0,0.0
463242930517357101,0.6086956262588501,9.942501116071428,134.62571428571428,57.01585006713867,686.0326080845424
463242930541785001,3.024691343307495,6.603523031216143,102.58613217768148,47.1280403137207,534.8853843018396
463342928232635702,0.0,0.0,0.0,0.0,0.0
463342930449213002,0.0,0.0,0.0,0.0,0.0
463342930478795301,0.0,0.0,0.0,0.0,0.0
463342930545461902,0.0,0.0,0.0,0.0,0.0
463442930549415502,4.309091091156006,6.257339782808198,80.67712858162537,37.78959655761719,344.1537005359054
463542928021859501,0.0,0.0,0.0,0.0,0.0
463542928932642301,0.0,0.0,0.0,0.0,0.0
463542930142380002,0.0,0.0,0.0,0.0,0.0
463542930468513501,0.0,0.0,0.0,0.0,0.0
463542930515915102,0.0,0.0,0.0,0.0,0.0
463742930457863702,1.0,2.883897674383462,4.186976144422953,0.5489777326583862,5.767795191358398
463842928091046702,0.698630154132843,3.9082258189122374,55.08998763906057,45.18647766113281,285.3004860211951
463942928119476901,0.0,0.0,0.0,0.0,0.0
463942929331512802,2.5,4.8210964148664015,17.50577979912829,7.862428665161133,48.210962367459906
463942930540578001,0.0,0.0,0.0,0.0,0.0
464242930478339501,0.029411764815449715,5.388708693851252,18.883652430044183,25.365169525146484,183.21609364539077
464442930451305101,5.0,11.53378350039844,15.37839198087489,2.9973437786102295,23.067567492293335
464742928878383001,0.0,0.0,0.0,0.0,0.0
464842928168330801,0.1846153885126114,7.921982339319227,196.6263838432534,134.31800842285156,1029.8576753562181
464942930458282102,1.887930989265442,9.246332081299572,237.46278218425869,78.63001251220703,1072.5745548995403
465042930548323001,0.0,0.0,0.0,0.0,0.0
465142930459723502,0.0,0.0,0.0,0.0,0.0
465242930476132702,0.0,0.0,0.0,0.0,0.0
465342930534731001,3.555555582046509,6.474159749348958,40.7265625,8.252392768859863,58.2674377600352
465442930525456901,3.2432432174682617,6.4522626604352675,113.25803571428571,28.149625778198242,238.73371653556825
465442930545557502,0.0,0.0,0.0,0.0,0.0
465742930536585001,0.0,0.0,0.0,0.0,0.0
465842930460001301,0.0,0.0,0.0,0.0,0.0
465842930528454901,0.0,0.0,0.0,0.0,0.0
466042928166732401,0.0,0.0,0.0,0.0,0.0
466142930526490301,0.0,0.0,0.0,0.0,0.0
466242930455505001,1.9638553857803345,4.56373759291153,150.93226976069616,35.389156341552734,378.7902309979279
466242930525743701,0.0,0.0,0.0,0.0,0.0
466342930457832802,0.0,0.0,0.0,0.0,0.0
466342930461729302,2.757009267807007,10.181456163194444,310.8095238095238,63.695518493652344,1089.4157834007626
466542930519226202,5.448276042938232,14.483214565899582,828.4748953974895,70.47213745117188,840.0264418773571
466642930524025601,0.0,0.0,0.0,0.0,0.0
466642930525797101,0.0,0.0,0.0,0.0,0.0
466842930545666201,0.0,0.0,0.0,0.0,0.0
466942930458474701,0.0,0.0,0.0,0.0,0.0
467042930458964601,0.0,0.0,0.0,0.0,0.0
467042930546302601,0.0,74.92876067255841,55.25344517675255,9.526864051818848,74.92876067255841
467142928570715002,0.0,0.0,0.0,0.0,0.0
467142930529166402,2.5833332538604736,4.9863624043367345,12.488163265306122,6.061283588409424,59.83634987344547
467142930541650701,0.0,0.0,0.0,0.0,0.0
467142930542033202,0.0,0.0,0.0,0.0,0.0
467142930549650102,0.0,0.0,0.0,0.0,0.0
467542930544167502,0.0,0.0,0.0,0.0,0.0
467642930475072302,0.0,0.0,0.0,0.0,0.0
468042930449809502,0.0,0.0,0.0,0.0,0.0
468042930473361702,7.625,4.362538149444573,174.5008099976857,25.334074020385742,174.50152942434116
468042930474736401,0.0,0.0,0.0,0.0,0.0
468042930518820101,0.0,0.0,0.0,0.0,0.0
468042930529448601,0.0,0.0,0.0,0.0,0.0
468242930509685501,0.0,0.0,0.0,0.0,0.0
468342930448583102,0.0,0.0,0.0,0.0,0.0
468442930460274501,0.0,0.0,0.0,0.0,0.0
468442930474428202,0.0,0.0,0.0,0.0,0.0
468642928800830101,0.0,0.0,0.0,0.0,0.0
468742929127193901,0.0,0.0,0.0,0.0,0.0
468942930461994101,0.0,0.0,0.0,0.0,0.0
468942930529548902,0.0,0.0,0.0,0.0,0.0
469142930479823702,0.0,0.0,0.0,0.0,0.0
469142930532768202,4.5,15.63336711790089,197.8619153674833,23.184417724609375,375.2008231318077
469242930456536202,0.0,0.0,0.0,0.0,0.0
469242930464238102,0.0,0.0,0.0,0.0,0.0
469342930460128602,0.0,0.0,0.0,0.0,0.0
469442930476395602,0.0,0.0,0.0,0.0,0.0
469442930477083301,0.0,0.0,0.0,0.0,0.0
469542930534434102,3.2857143878936768,4.719174551341443,74.03158233967129,50.272613525390625,297.3079931005293
469542930541619202,0.0,16.68923195773525,9.891547049441787,179.5374298095703,2753.7233598334938
469642930530191302,0.0,0.0,0.0,0.0,0.0
469742930465097501,0.0,0.0,0.0,0.0,0.0
469742930471751402,0.0,0.0,0.0,0.0,0.0
469742930524778402,0.0,0.0,0.0,0.0,0.0
469842930547519201,0.0,0.0,0.0,0.0,0.0
471142930475783801,0.0,0.0,0.0,0.0,0.0
471142930508056702,3.0,4.597232011435689,8.41231884057971,1.5412535667419434,13.791695625194604
471242928890508701,0.0,8.190764172762478,0.0,63.21091079711914,860.0302212687244
471242930517623201,0.0,0.0,0.0,0.0,0.0
471442930519177702,0.0,0.0,0.0,0.0,0.0
471442930532511302,0.0,0.0,0.0,0.0,0.0
471642929346172602,0.0,0.0,0.0,0.0,0.0
471642930518281602,0.0,5.591616002524772,5.591463414634147,0.46567636728286743,5.591616002524772
471642930530253501,0.0,0.0,0.0,0.0,0.0
471742930459609601,0.0,0.0,0.0,0.0,0.0
471942930509142702,0.0,61.43617889866643,25.74095073936315,10.896971702575684,61.43617889866643
471942930548031302,0.0,0.0,0.0,0.0,0.0
472042930464677601,0.0,0.0,0.0,0.0,0.0
472142930468182101,0.0,0.0,0.0,0.0,0.0
472142930475906602,0.0,0.0,0.0,0.0,0.0
472142930518773901,1.0,0.3402101413073592,0.3401740272533246,0.057534895837306976,0.3402101413073592
472142930532073701,0.0,0.0,0.0,0.0,0.0
472242930480688601,0.0,0.0,0.0,0.0,0.0
472442929189265702,0.0,38.6240566588785,38.62392523364486,3.3841588497161865,38.6240566588785
472442930516125302,0.0,0.0,0.0,0.0,0.0
472442930526224901,2.315068483352661,4.157096141109553,90.21661212404551,37.993507385253906,303.4680081552223
472442930533753802,0.0,0.0,0.0,0.0,0.0
472542930523904701,0.0,0.0,0.0,0.0,0.0
472542930528826501,0.0,0.0,0.0,0.0,0.0
472742930528923302,0.0,0.0,0.0,0.0,0.0
472842930524195801,0.0,0.0,0.0,0.0,0.0
472842930529543301,0.0,0.0,0.0,0.0,0.0
472842930533150401,0.0,0.0,0.0,0.0,0.0
472942930480232901,1.1963189840316772,6.665123531022438,46.08418684506542,136.64541625976562,1086.4151265238806
472942930525044502,0.0,0.0,0.0,0.0,0.0
473042930452072501,0.0,0.0,0.0,0.0,0.0
473142930458053402,0.24242424964904785,8.204562282803286,54.43470935130581,95.62574005126953,812.251656611024
473142930532079502,3.5443038940429688,6.068757725587145,89.11396786155748,59.73193359375,479.43184488129117
473642929189480701,0.0,0.0,0.0,0.0,0.0
473742930453944302,0.0,0.0,0.0,0.0,0.0
473742930525907602,0.0,0.0,0.0,0.0,0.0
474042930462750101,0.0,0.0,0.0,0.0,0.0
474142930476260601,0.0,0.0,0.0,0.0,0.0
474142930545496402,0.0,0.0,0.0,0.0,0.0
474242928759826901,0.0,0.0,0.0,0.0,0.0
474342927929265602,0.0,0.0,0.0,0.0,0.0
474442930463813901,0.0,0.0,0.0,0.0,0.0
474742928592599302,0.0,0.0,0.0,0.0,0.0
474742930523946102,0.0,0.0,0.0,0.0,0.0
474742930545769002,0.0,0.0,0.0,0.0,0.0
474942930448140102,0.0,0.0,0.0,0.0,0.0
474942930480281202,0.0,0.0,0.0,0.0,0.0
474942930522669201,0.0,0.0,0.0,0.0,0.0
475042930549926102,1.629921317100525,3.0302263613830633,33.96898916608687,80.40972900390625,384.83874072768845
475142930465272501,0.0,0.0,0.0,0.0,0.0
475142930527132602,0.0,0.0,0.0,0.0,0.0
475342930533480402,0.0,0.0,0.0,0.0,0.0
475342930545136301,0.0,0.0,0.0,0.0,0.0
475442930472575302,0.0,0.0,0.0,0.0,0.0
475742930461738401,2.8684210777282715,7.063779314502482,71.75157942238268,30.5440731048584,268.4236196869117
475942930516528102,0.0,0.0,0.0,0.0,0.0
476142930470075602,0.0,0.0,0.0,0.0,0.0
476142930475967801,0.0,0.0,0.0,0.0,0.0
476142930527268702,0.0,0.0,0.0,0.0,0.0
476242930528458102,0.0,0.0,0.0,0.0,0.0
476342930515666102,0.0,0.0,0.0,0.0,0.0
476342930519796601,1.899999976158142,9.809708946078432,67.6556862745098,8.856399536132812,98.09708955652573
476442928043634301,0.0,0.0,0.0,0.0,0.0
476442930537266702,0.0,0.0,0.0,0.0,0.0
476542930460255501,0.0,0.0,0.0,0.0,0.0
476542930469712102,0.0,0.0,0.0,0.0,0.0
476642930454569401,0.0,0.0,0.0,0.0,0.0
476642930543979702,3.545454502105713,2.832975386343488,7.627981947130883,2.795969247817993,31.162730592669863
476742930465546201,0.0,0.0,0.0,0.0,0.0
476942930455668701,0.0,0.0,0.0,0.0,0.0
476942930460860902,0.0,0.0,0.0,0.0,0.0
476942930540885102,0.0,0.0,0.0,0.0,0.0
477042930542571901,0.0,0.0,0.0,0.0,0.0
477242930476480602,2.5,3.704880356551952,31.84778292521509,18.025177001953125,140.78545352877725
477342930525142301,1.6266666650772095,11.418842325139579,194.62406947890818,98.09193420410156,856.4131739382117
477342930528510302,0.0,0.0,0.0,0.0,0.0
477442930476772902,0.0,0.0,0.0,0.0,0.0
477542927917445902,0.0,0.0,0.0,0.0,0.0
477542930455038201,1.94674551486969,3.172128795903955,506.0796341135324,122.26273345947266,536.089758038617
478042929000168302,0.0,0.0,0.0,0.0,0.0
478142928664127601,2.1478872299194336,5.223248944305781,177.82261434873462,93.48347473144531,741.7013750415073
478142930455427601,0.0,0.0,0.0,0.0,0.0
478142930524314602,0.0,0.0,0.0,0.0,0.0
478242929417495501,2.0,1.774350288760551,16.164482452243448,3.171762466430664,17.74350252833593
478542930459497102,0.0,0.0,0.0,0.0,0.0
478642930509156802,3.6363637447357178,9.756390762132163,75.1868869385648,12.950366973876953,107.32029931300315
478742930520008402,0.0,0.0,0.0,0.0,0.0
478842930456813102,0.0,0.0,0.0,0.0,0.0
478842930539445902,0.0,0.0,0.0,0.0,0.0
479042929762446002,0.0,0.0,0.0,0.0,0.0
479142930544767301,0.0,0.0,0.0,0.0,0.0
479242928592717301,5.5,4.055565683262917,4.055622310942285,0.9571699500083923,8.111131366525834
479242930531187502,0.0,0.0,0.0,0.0,0.0
479342930540753401,0.0,0.0,0.0,0.0,0.0
479542930517473801,0.0,0.0,0.0,0.0,0.0
479542930544388701,0.0,0.0,0.0,0.0,0.0
479642929056654202,0.7434210777282715,5.705550027843292,155.47851153039832,115.02940368652344,867.2436101394962
479642930474220501,2.6741573810577393,6.5389496957508255,121.47703520352036,78.0569839477539,581.9665412084497
481142930475809902,0.0,0.0,0.0,0.0,0.0
481242929456826602,0.0,0.0,0.0,0.0,0.0
481242930451908901,0.0,0.0,0.0,0.0,0.0
481242930531757002,0.0,0.0,0.0,0.0,0.0
481342930459210702,0.0,0.0,0.0,0.0,0.0
481442929372930702,0.0,0.0,0.0,0.0,0.0
481442930520024901,0.0,0.0,0.0,0.0,0.0
481542930531340702,2.6666667461395264,23.64160819075226,362.38461538461536,69.6594467163086,1418.4964776449074
481642928135551001,0.0,0.0,0.0,0.0,0.0
481642928988313701,0.0,0.0,0.0,0.0,0.0
481842928748805202,0.0,0.0,0.0,0.0,0.0
481842930453811401,0.0,0.0,0.0,0.0,0.0
482542930460807101,2.6521739959716797,5.479309002246732,41.89673202614379,10.477219581604004,126.02410315719305
482642930450734601,0.0,0.0,0.0,0.0,0.0
482642930452915102,2.6623377799987793,4.258542694684027,75.83363741914081,48.15322494506836,327.90779890565653
482642930549279601,0.0,15.888998311761396,15.889138998311761,1.3905106782913208,15.888998311761396
482742930509292102,0.0,0.0,0.0,0.0,0.0
482742930542291101,0.0,0.0,0.0,0.0,0.0
482842928210538302,2.420689582824707,3.6912059063994698,74.24998559326917,91.29374694824219,535.2248684670927
483042929346456101,0.0,0.0,0.0,0.0,0.0
483142930461766602,0.0,0.0,0.0,0.0,0.0
483142930477796401,0.0,0.0,0.0,0.0,0.0
483342930462087002,0.0,0.0,0.0,0.0,0.0
483342930545459401,4.954545497894287,18.521976061279638,330.0620641562064,84.71471405029297,1222.450428393429
483442930464676302,0.0,0.0,0.0,0.0,0.0
483442930474998302,1.8225806951522827,4.455405825875659,269.36164286137614,0.0,828.7055180940237
483442930545936002,0.0,0.0,0.0,0.0,0.0
483542930480032801,2.2537312507629395,5.571769724064028,65.4949434063358,78.36824035644531,746.6171204997006
483642930475599001,0.0,0.0,0.0,0.0,0.0
483742930523610901,2.288135528564453,15.080663763399693,309.65145482388976,139.31675720214844,1779.518274388452
483842930469690901,0.0,0.0,0.0,0.0,0.0
484042930520073202,0.0,0.0,0.0,0.0,0.0
484142928135303102,0.0,0.0,0.0,0.0,0.0
484142930463468802,0.0,0.0,0.0,0.0,0.0
484142930528446901,0.0,0.0,0.0,0.0,0.0
484342930479147702,0.0,0.0,0.0,0.0,0.0
484342930531945101,0.0,0.0,0.0,0.0,0.0
484342930533303902,0.0,0.0,0.0,0.0,0.0
484342930543059601,0.0,0.0,0.0,0.0,0.0
484542928130607802,2.297872304916382,2.9938184493655617,63.30481980026053,58.48550796508789,422.1284025899637
484542929606003201,0.0,0.0,0.0,0.0,0.0
484542930539665602,0.0,0.0,0.0,0.0,0.0
484842930465435302,0.0,0.0,0.0,0.0,0.0
485142930531284002,0.0,0.0,0.0,0.0,0.0
485342930532723502,142.0,137.61467889908258,275.22935779816515,16.659576416015625,275.22935779816515
485442930518017002,2.0,4.85625179246686,18.515635622025833,4.353674411773682,33.993762796221745
485542930527680002,0.0,0.0,0.0,0.0,0.0
485742930509804102,0.0,0.0,0.0,0.0,0.0
485742930524663902,2.2352941036224365,7.204139551186462,56.6058091286307,9.46566390991211,122.47037281337121
485942930543984301,3.7200000286102295,5.354951401215183,125.58274167121792,38.2578010559082,267.74757540050194
486042928726241301,0.0,0.0,0.0,0.0,0.0
486042930519717701,0.0,0.0,0.0,0.0,0.0
486042930528603402,0.0,0.0,0.0,0.0,0.0
486242930517171402,0.0,0.0,0.0,0.0,0.0
486442930534310301,0.0,0.0,0.0,0.0,0.0
486542930464426302,5.960000038146973,8.707103313577587,102.79172413793104,32.36174392700195,217.67758552288186
486542930515998601,10.147058486938477,12.962890107067091,440.7380005303633,56.1890754699707,440.7382685383888
486942930462033301,0.0,0.0,0.0,0.0,0.0
486942930472886702,0.0,0.0,0.0,0.0,0.0
486942930508703401,0.15625,3.8622666328170334,86.48371497864869,130.66403198242188,865.1477076554253
487042930539321401,0.0,0.0,0.0,0.0,0.0
487042930550701502,0.0,0.0,0.0,0.0,0.0
487142930459698301,105.0,8.063839493936568,16.127705223880596,2.6074156761169434,16.127678987873136
487142930510011501,0.0,0.0,0.0,0.0,0.0
487242930477163901,0.0,165.03064932581046,165.0306015109496,26.94268798828125,165.03064932581046
487342930526627602,0.0,0.0,0.0,0.0,0.0
487542930524247701,1.3971631526947021,4.685107224190284,166.68761133603238,81.12533569335938,660.6001005668583
487642929606077601,2.375,6.471486327195383,40.81199428843408,7.841155052185059,51.77188928123884
488242930530102402,0.0,0.0,0.0,0.0,0.0
488442930479218601,0.0,20.00177032712383,156.55291576673866,25.070507049560547,460.0407328595353
488542930464707902,0.0,0.0,0.0,0.0,0.0
488642930527052801,0.0,0.0,0.0,0.0,0.0
488642930543643901,0.29230770468711853,7.933031433325812,134.5294825511432,185.6793212890625,1546.9411813552915
488742930458242901,0.0,0.0,0.0,0.0,0.0
488842930530153101,0.0,0.0,0.0,0.0,0.0
488942930477242701,1.399999976158142,4.160573752174333,12.97816003092385,3.6285388469696045,20.802867887929732
489042930480486501,0.0,0.0,0.0,0.0,0.0
489142930460620301,0.0,0.0,0.0,0.0,0.0
489242930532832001,0.0,0.0,0.0,0.0,0.0
489342930137664202,345.0,296.0591535053929,296.0593220338983,8.033531188964844,296.0591535053929
489442930526872502,2.53125,4.230365953947368,31.440824282929547,17.38913917541504,135.37170933654667
489542930456386201,0.0,0.0,0.0,0.0,0.0
489542930475798102,0.0,0.0,0.0,0.0,0.0
489642928042122902,51.33333206176758,0.6534696820941327,1.9604089882296991,0.34545737504959106,1.9604089737165245
489942930465090901,0.0,0.0,0.0,0.0,0.0
489942930509169701,0.0,0.0,0.0,0.0,0.0
491142930509202201,0.0,0.0,0.0,0.0,0.0
491642930546620901,1.6631579399108887,7.027810892627518,1335.2854693527647,159.79425048828125,1335.2840459631893
491642930546647202,0.0,0.0,0.0,0.0,0.0
491842930510073702,0.0,0.0,0.0,0.0,0.0
492442930546128301,0.0,0.0,0.0,0.0,0.0
492842930316851101,0.0,0.0,0.0,0.0,0.0
492942928623687402,3.146341562271118,15.997924122730447,130.39525139664804,50.375648498535156,655.9148877959011
492942929501728001,2.8085105419158936,6.569538090761114,122.48765154916929,85.7428207397461,617.5365732241812
492942930452864802,0.0,0.0,0.0,0.0,0.0
493042930456094501,0.0,0.0,0.0,0.0,0.0
493042930526748301,0.0,0.0,0.0,0.0,0.0
493142930475772302,1.0,0.9825902723461146,1.9650756693830036,0.29732564091682434,1.96518049140193
493142930480139801,0.0,0.0,0.0,0.0,0.0
493142930515680001,0.0,0.0,0.0,0.0,0.0
493142930524205602,0.0,0.0,0.0,0.0,0.0
493242928890484801,0.0,0.0,0.0,0.0,0.0
493242929649304202,0.0,0.0,0.0,0.0,0.0
493242930453365101,0.0,0.0,0.0,0.0,0.0
493442930510933301,0.0,0.0,0.0,0.0,0.0
493842930454422501,0.0,0.0,0.0,0.0,0.0
493842930458372701,5.0,8.424449943602498,36.16149930587691,8.90761947631836,101.09340228884378
494042930525265502,2.277419328689575,4.07111418064241,234.69463169008364,111.96542358398438,631.0227060377244
494042930533700802,0.0,0.0,0.0,0.0,0.0
494542930520051801,0.0,0.0,0.0,0.0,0.0
494542930526270702,3.101123571395874,5.854239736054938,113.37815975733064,78.50080871582031,521.0273555798044
494842929189434001,3.2727272510528564,6.087912738104345,130.24602203182374,78.86986541748047,535.7363290634996
494842930458101002,0.0,0.0,0.0,0.0,0.0
494942930527841402,0.0,0.0,0.0,0.0,0.0
495042930461272602,4.222222328186035,11.139138631090487,66.67053364269141,22.983301162719727,200.5045019047996
495242930523127401,0.0,0.0,0.0,0.0,0.0
495242930543124302,3.034883737564087,10.29408432700827,72.43354991139988,91.57723999023438,885.291220899876
495342930475809001,0.0,0.0,0.0,0.0,0.0
495442930462856202,3.055555582046509,8.561445827696991,35.65302671626649,17.19660186767578,154.1060303167834
495542930526511702,1.6666666269302368,2.118579144021739,12.711478260869566,2.2902705669403076,12.711475055197011
495742930516585401,1.9677419662475586,9.558573850611308,158.57870606214976,31.861215591430664,296.3158035239454
495842930477300401,3.2923076152801514,11.949931099127628,159.45124282982792,93.93521881103516,776.7455049026081
495842930532802501,0.0,0.0,0.0,0.0,0.0
495942930458591402,0.0,0.0,0.0,0.0,0.0
495942930536112302,0.0,0.0,0.0,0.0,0.0
496042930477707602,0.0,0.0,0.0,0.0,0.0
496142929194472102,0.0,0.0,0.0,0.0,0.0
496142930477137102,0.0,0.0,0.0,0.0,0.0
496142930536425402,0.0,0.0,0.0,0.0,0.0
496542930515960801,0.0,0.0,0.0,0.0,0.0
496542930526051401,0.0,0.0,0.0,0.0,0.0
496642930459468201,0.0,0.0,0.0,0.0,0.0
496642930543573801,0.0,0.0,0.0,0.0,0.0
496842930471698401,0.0,0.0,0.0,0.0,0.0
497142929704040602,2.5999999046325684,2.6189832846167973,22.064642507345738,3.0496397018432617,26.189833227264074
497142930458518502,0.0,0.0,0.0,0.0,0.0
497142930465289301,0.0,0.0,0.0,0.0,0.0
497142930521572401,0.4893617033958435,10.512788926902537,81.71188251001335,79.62864685058594,988.2021763790116
497242930524416802,0.0,0.0,0.0,0.0,0.0
497342930545824601,3.0,9.293343258621745,9.293333061407623,1.6977429389953613,9.293343258621745
497442928304094101,0.0,0.0,0.0,0.0,0.0
497442930480371302,0.0,0.0,0.0,0.0,0.0
497542930526277002,0.0,0.0,0.0,0.0,0.0
497642928726688401,4.142857074737549,9.464058410478868,65.38735944164405,27.56013298034668,198.7452191814705
497642929013014901,0.0,0.0,0.0,0.0,0.0
497942930474576401,0.0,0.0,0.0,0.0,0.0
498142930526916802,1.0,3.5249926740030952,7.050254916241807,0.6619676947593689,7.0499851479638
498442930448451801,2.5081968307495117,4.197181770833334,67.79306666666666,42.028076171875,256.02809566930136
498742930476930701,0.0,0.0,0.0,0.0,0.0
498742930535870002,2.7407407760620117,7.439528207443467,69.14472361809045,23.106369018554688,200.86726491343435
498942930455821102,2.414965867996216,6.76802239806867,194.1230979321108,98.31742858886719,994.8993287683696
498942930509485002,0.0,0.0,0.0,0.0,0.0
499042930470319801,0.0,0.0,0.0,0.0,0.0
499142930456531901,0.0,0.0,0.0,0.0,0.0
499242930548738301,0.0,0.0,0.0,0.0,0.0
499342928759319702,0.0,0.0,0.0,0.0,0.0
499342929816166302,0.0,0.0,0.0,0.0,0.0
499442929684697002,0.0,0.0,0.0,0.0,0.0
499742930529461601,0.0,0.0,0.0,0.0,0.0
499942928726148601,0.0,0.0,0.0,0.0,0.0
499942930478076302,0.0,0.0,0.0,0.0,0.0
501242930542373002,0.0,0.0,0.0,0.0,0.0
501342930530242201,0.0,0.0,0.0,0.0,0.0
501442928865230702,0.0,0.0,0.0,0.0,0.0
501442929743318701,2.440000057220459,3.295860783362544,30.271407110666,10.88174057006836,82.39651993554297
501942928159244701,0.0,0.0,0.0,0.0,0.0
502142930454972402,0.04724409431219101,9.431447319135273,194.8232876712329,128.44276428222656,1197.7938431831255
502242930519922101,0.0,0.0,0.0,0.0,0.0
502342930462673302,0.0,0.0,0.0,0.0,0.0
502342930526203701,0.33986929059028625,7.589473748059007,430.91242236024846,137.36627197265625,1161.1895005551924
502442930518077802,1.6301369667053223,13.26032216736245,2730.370798544209,216.28427124023438,2904.0105555262207
502442930530766202,0.0,0.0,0.0,0.0,0.0
502742930470765201,0.0,0.0,0.0,0.0,0.0
503042929331684901,0.0,0.0,0.0,0.0,0.0
503142930507893702,3.430000066757202,13.294871794871796,204.97789566755085,143.14886474609375,1329.4871783134265
503342929284336901,0.0,0.0,0.0,0.0,0.0
503342930510069202,0.0,0.0,0.0,0.0,0.0
503442930457501602,0.0,0.0,0.0,0.0,0.0
503442930542795201,0.0,0.0,0.0,0.0,0.0
503542930544768701,0.0,0.0,0.0,0.0,0.0
503542930548255301,0.0,0.0,0.0,0.0,0.0
503642930289255802,0.0,0.0,0.0,0.0,0.0
503642930453436801,0.0,0.0,0.0,0.0,0.0
503642930474418101,0.0,0.0,0.0,0.0,0.0
503742930525386401,0.0,0.0,0.0,0.0,0.0
503942930478925301,2.799999952316284,6.952284726991758,78.13681318681319,28.00899314880371,243.32996704395
503942930528397202,1.954023003578186,10.864338293861513,1887.6907391673747,169.5447235107422,1890.394875917378
503942930549548401,2.4193549156188965,8.588049900549901,293.73183573183576,95.1933822631836,1064.918229806154
504042930542576202,0.0,0.0,0.0,0.0,0.0
504142930451421902,0.0,0.0,0.0,0.0,0.0
504342930526925301,0.0,6.83231183138054,0.0,109.45236206054688,813.0451236444047
504642930530044501,0.0,0.0,0.0,0.0,0.0
504642930538397802,3.0,6.992720431764846,150.5403524123941,73.14598846435547,713.2574546319015
504842930464703201,0.0,0.0,0.0,0.0,0.0
504942930451255101,0.0,0.0,0.0,0.0,0.0
504942930544768102,0.0,0.0,0.0,0.0,0.0
505142928247005002,0.0,0.0,0.0,0.0,0.0
505242930517313502,0.0,0.0,0.0,0.0,0.0
505242930543535301,0.9722222089767456,5.750081444915629,38.701298701298704,56.361724853515625,414.0058666855763
505342930478257402,0.0,0.0,0.0,0.0,0.0
505342930532382802,113.5,9.800447738041516,19.6014440433213,2.8220200538635254,19.600895476083032
505542930457376602,7.0,10.499378308572405,20.99863387978142,3.4539523124694824,20.99875661714481
505642930531559201,6.375,33.60645306299603,115.61904761904762,26.176931381225586,268.851630619594
505742930454327802,0.0,0.0,0.0,0.0,0.0
505842930526220202,0.0,0.0,0.0,0.0,0.0
505942930528910001,0.0,0.0,0.0,0.0,0.0
506042929166340601,2.9594595432281494,3.8921572277766265,73.42602569415665,50.431095123291016,288.01964928634027
506142930545523801,0.0,0.0,0.0,0.0,0.0
506242930535157402,0.0,0.0,0.0,0.0,0.0
506442930460633701,2.2179486751556396,2.8920295530842073,114.90113417504814,74.4288101196289,451.15661984604276
506442930463838902,0.0,0.0,0.0,0.0,0.0
506442930519662001,0.0,0.0,0.0,0.0,0.0
506442930539820501,0.0,0.0,0.0,0.0,0.0
506542929012850302,0.0,0.0,0.0,0.0,0.0
506642930510412501,0.0,0.0,0.0,0.0,0.0
506642930542825801,0.0,0.0,0.0,0.0,0.0
506742930463954401,0.07999999821186066,6.872389616902062,5.564949273920828,92.06330108642578,859.0487146710822
506842930476150901,0.0,0.0,0.0,0.0,0.0
506842930543581002,0.0,0.0,0.0,0.0,0.0
506942930473639902,2.5542168617248535,22.29580067140045,206.99775028121485,114.63848114013672,1850.5513933973452
507242930478677602,0.0,0.0,0.0,0.0,0.0
507342930452489501,0.0,0.0,0.0,0.0,0.0
507442928025464301,4.333333492279053,10.80564333748939,135.19949066213923,110.43502044677734,778.0062908502912
507442930534261702,0.0,0.0,0.0,0.0,0.0
507442930538366402,0.0,0.0,0.0,0.0,0.0
507542930459442602,0.0,0.0,0.0,0.0,0.0
507542930465039802,0.0,0.0,0.0,0.0,0.0
507642930462577801,0.0,0.0,0.0,0.0,0.0
507642930475155102,0.0,0.0,0.0,0.0,0.0
507642930539035801,0.0,0.0,0.0,0.0,0.0
507742930453695202,0.0,0.0,0.0,0.0,0.0
507742930476257801,0.0,0.0,0.0,0.0,0.0
507742930522315701,0.0,0.0,0.0,0.0,0.0
507842930477223801,0.0,0.0,0.0,0.0,0.0
507842930515435302,0.0,0.0,0.0,0.0,0.0
507842930520627202,6.931818008422852,6.209516529301005,228.29915433403806,36.734535217285156,273.2187294103126
507942930524452702,0.0,0.0,0.0,0.0,0.0
508042930460964002,0.0,0.0,0.0,0.0,0.0
508542930520963101,0.0,0.0,0.0,0.0,0.0
508642930461811801,0.0,0.0,0.0,0.0,0.0
508642930477069102,0.0,0.0,0.0,0.0,0.0
508942930526551501,0.0,0.0,0.0,0.0,0.0
509042930526340202,1.9318181276321411,12.72118191668507,66.9743816254417,56.13526153564453,559.7320221574062
509042930533248102,0.0,0.0,0.0,0.0,0.0
509342930474233502,3.0,1.2713550001348533,5.085155350978136,0.5329368710517883,5.085419933046927
509342930516309802,0.0,0.0,0.0,0.0,0.0
509542930448255401,0.0,0.0,0.0,0.0,0.0
509542930541584802,2.4000000953674316,21.2176228338259,51.91993551853842,10.937524795532227,106.08811228330387
509542930544989402,4.0,3.2998801657728976,15.650692316422653,5.6156439781188965,36.298682765594855
509642928052225901,0.0,0.0,0.0,0.0,0.0
509642930450791502,0.0,0.0,0.0,0.0,0.0
509642930520079401,0.0,0.0,0.0,0.0,0.0
509842930528199402,0.0,0.0,0.0,0.0,0.0
509942930458318801,0.0,0.0,0.0,0.0,0.0
509942930516833901,2.629629611968994,6.109058196250956,114.58301453710789,58.32577133178711,494.8337133848311
511242929721432102,0.0,0.0,0.0,0.0,0.0
511242930527800702,0.0,0.0,0.0,0.0,0.0
511342929613283702,0.0,0.0,0.0,0.0,0.0
511342930541133801,0.0,0.0,0.0,0.0,0.0
511742930476524002,0.0,0.0,0.0,0.0,0.0
511942930549594601,0.0,0.0,0.0,0.0,0.0
512042930474491802,0.0,0.0,0.0,0.0,0.0
512142930450743102,0.0,0.0,0.0,0.0,0.0
512142930510216902,0.0,0.0,0.0,0.0,0.0
512242930456751602,0.0,0.0,0.0,0.0,0.0
512242930517231702,0.0,0.0,0.0,0.0,0.0
512242930532860401,0.0,0.0,0.0,0.0,0.0
512342930524586101,0.0,0.0,0.0,0.0,0.0
512442930533583302,1.3700000047683716,10.318643993959109,135.10334572490706,81.84860229492188,1031.8644205263556
512542930034890302,0.0,0.0,0.0,0.0,0.0
512542930447428101,1.7083333730697632,7.903736682682265,148.73636933361186,28.843591690063477,189.68967296376417
512542930475376202,0.44387754797935486,6.0332227215719065,349.27870680044595,185.8090057373047,1182.511672036039
512642930457716302,0.0,0.0,0.0,0.0,0.0
512742930537291401,0.0,0.0,0.0,0.0,0.0
512942930466301102,0.0,0.0,0.0,0.0,0.0
513042930464313501,0.0,0.0,0.0,0.0,0.0
513142930464625601,0.0,0.0,0.0,0.0,0.0
513242930478886801,0.0,0.0,0.0,0.0,0.0
513242930526360602,0.0,0.0,0.0,0.0,0.0
513342930456017302,0.0,0.0,0.0,0.0,0.0
513542930532871401,0.0,0.0,0.0,0.0,0.0
513742929664075601,0.0,0.0,0.0,0.0,0.0
513842930529817001,289.0,1.1824010612425382,1.1824010612425382,0.12481384724378586,1.1824010612425382
513842930547240801,0.0,0.0,0.0,0.0,0.0
514042930450771701,0.0,0.0,0.0,0.0,0.0
514042930480452202,0.0,0.0,0.0,0.0,0.0
514142930543922802,0.0,0.0,0.0,0.0,0.0
514242930474094101,0.0,0.0,0.0,0.0,0.0
514242930529829401,0.0,0.0,0.0,0.0,0.0
514342928021819501,4.035714149475098,15.959258769362393,218.96541786743515,42.81418991088867,446.8592453750135
514342930516646901,0.0,0.0,0.0,0.0,0.0
514342930544960202,0.0,0.0,0.0,0.0,0.0
514342930547228702,2.58208966255188,3.663915366839977,83.46069709223956,28.856992721557617,245.4823213027434
514442930477650702,0.0,0.0,0.0,0.0,0.0
514642930517490501,0.0,0.0,0.0,0.0,0.0
514942930450840302,0.0,0.0,0.0,0.0,0.0
515042930519916902,0.0,0.0,0.0,0.0,0.0
515042930548602902,0.0,0.0,0.0,0.0,0.0
515142930476508902,0.0,0.0,0.0,0.0,0.0
515242930464587302,0.0,0.0,0.0,0.0,0.0
515442930527986401,0.0,0.0,0.0,0.0,0.0
515542930461758002,0.0,0.0,0.0,0.0,0.0
515542930522168902,2.0089285373687744,2.673108262705889,51.04918772563177,60.6934814453125,299.38812851475467
515642930516671402,0.0,0.0,0.0,0.0,0.0
515642930545201102,0.0,0.0,0.0,0.0,0.0
515742929303612002,66.5,2.1791284950657897,4.358315789473684,0.47901999950408936,4.358256990131579
515742930508268002,3.0,6.9561438666263005,63.37909396157869,41.996437072753906,340.85104975194065
515742930516762801,2.424999952316284,3.764361442922831,70.40023990403839,27.5640926361084,150.57445298400415
515742930519307902,0.0,0.0,0.0,0.0,0.0
515842930509301901,0.0,0.0,0.0,0.0,0.0
515942930475211801,0.0,0.0,0.0,0.0,0.0
516142930459157302,0.0,0.0,0.0,0.0,0.0
516242929991282201,0.0,0.0,0.0,0.0,0.0
516242930526581001,0.0,0.0,0.0,0.0,0.0
516342930518380501,0.0,0.0,0.0,0.0,0.0
516542930462044701,0.0,0.0,0.0,0.0,0.0
516542930545901402,0.0,0.0,0.0,0.0,0.0
516642930538134302,0.0,0.0,0.0,0.0,0.0
516942930536217702,0.0,0.0,0.0,0.0,0.0
517042930456397402,0.0,0.0,0.0,0.0,0.0
517542930447311702,0.0,0.0,0.0,0.0,0.0
517542930543913501,0.0,0.0,0.0,0.0,0.0
517642930456732001,0.0,0.0,0.0,0.0,0.0
517742929083253102,0.0,6.4118051792308925,0.0,4.205153465270996,25.64722174593632
517742930459785702,0.0,0.0,0.0,0.0,0.0
517842930545188702,5.25,13.608731404359357,99.02478037460634,15.807287216186523,108.86985204422551
517942930509245701,0.0,0.0,0.0,0.0,0.0
518142930464255502,0.0,0.0,0.0,0.0,0.0
518242929696964301,0.0,0.0,0.0,0.0,0.0
518242930460910601,1.0695651769638062,12.864595979152712,202.61553918285333,102.0828857421875,1479.4285694704868
518242930480673301,1.4208145141601562,5.371020551383105,964.8590124925639,171.46466064453125,1186.9954995036765
518242930524234402,0.0,0.0,0.0,0.0,0.0
518242930534219002,0.0,0.0,0.0,0.0,0.0
518542930531123101,0.0,37.60671100362757,0.0,13.480325698852539,75.21341930817067
518642930518090401,0.0,0.0,0.0,0.0,0.0
518842930459553101,0.0,0.0,0.0,0.0,0.0
518842930547093602,0.0,0.0,0.0,0.0,0.0
518942930456292602,0.0,0.0,0.0,0.0,0.0
519142930450171602,0.0,0.0,0.0,0.0,0.0
519142930454298802,0.0,0.0,0.0,0.0,0.0
519242930535055702,0.0,0.0,0.0,0.0,0.0
519542930470388902,0.0,0.0,0.0,0.0,0.0
519542930528475701,0.0,0.0,0.0,0.0,0.0
519742930461844302,0.0,0.0,0.0,0.0,0.0
519842930451311602,0.0,0.0,0.0,0.0,0.0
519842930473770402,0.0,0.0,0.0,0.0,0.0
519842930527443702,0.0,0.0,0.0,0.0,0.0
521242930456422201,0.0,0.0,0.0,0.0,0.0
521342929543705902,0.0,0.0,0.0,0.0,0.0
521442930446384001,0.0,0.0,0.0,0.0,0.0
521442930516243902,0.0,0.0,0.0,0.0,0.0
521442930550695802,0.0,0.0,0.0,0.0,0.0
521642929820882502,0.0,0.0,0.0,0.0,0.0
521642930466537502,128.0,1.3363246372767856,1.3363636363636364,0.128292977809906,1.3363246372767856
521642930529911802,1.808695673942566,11.363704630352364,121.8742194469224,69.22077941894531,1306.8259967328395
521742929248984702,0.0,0.0,0.0,0.0,0.0
521742930289474802,0.0,0.0,0.0,0.0,0.0
521742930476572201,0.0,0.0,0.0,0.0,0.0
521842930464664801,0.0,0.0,0.0,0.0,0.0
521942930518970902,0.0,0.0,0.0,0.0,0.0
522042930476800702,0.0,0.0,0.0,0.0,0.0
522142930469906601,0.0,0.0,0.0,0.0,0.0
522142930516375802,0.0,0.0,0.0,0.0,0.0
522242930459711202,0.0,0.0,0.0,0.0,0.0
522342930544686501,0.5,28.308565678551687,113.23383084577114,17.9395809173584,113.23425947519348
522642930515876402,0.0,0.0,0.0,0.0,0.0
522742930531960302,0.0,0.0,0.0,0.0,0.0
523042930525975001,0.0,0.0,0.0,0.0,0.0
523042930539813501,0.0,0.0,0.0,0.0,0.0
523242930476453102,0.0,0.0,0.0,0.0,0.0
523242930533811701,0.0,0.0,0.0,0.0,0.0
523242930549913201,0.0,0.0,0.0,0.0,0.0
523342930527468302,0.0,0.0,0.0,0.0,0.0
523442930464798501,3.183486223220825,9.940468369521104,836.8831168831168,119.87670135498047,1083.5110426202998
523442930543257102,0.0,0.0,0.0,0.0,0.0
523542930517232102,0.0,0.0,0.0,0.0,0.0
523542930542853201,0.0,0.0,0.0,0.0,0.0
523742930476968902,0.0,0.0,0.0,0.0,0.0
523742930530552602,2.8545453548431396,4.4268608940972225,66.97948717948718,38.320556640625,243.47735282865344
523942930477531001,0.0,0.0,0.0,0.0,0.0
523942930545877502,0.0,0.0,0.0,0.0,0.0
524042930530774101,0.0,0.0,0.0,0.0,0.0
524242930532164301,0.0,0.0,0.0,0.0,0.0
524342930456612601,0.0,0.0,0.0,0.0,0.0
524442927921789101,2.7272727489471436,3.182457278179741,47.45479273202046,17.364578247070312,140.02811922719386
524442930457683001,0.0,0.0,0.0,0.0,0.0
524542929644301002,0.0,0.0,0.0,0.0,0.0
524542930448041102,0.0,0.0,0.0,0.0,0.0
524542930453022401,0.0,0.0,0.0,0.0,0.0
524542930510187201,0.0,0.0,0.0,0.0,0.0
524542930517113001,0.0,0.0,0.0,0.0,0.0
524642929946600601,0.0,0.0,0.0,0.0,0.0
524642930507929602,0.0,0.0,0.0,0.0,0.0
524742930524493501,0.0,0.0,0.0,0.0,0.0
524742930524888502,0.0,0.0,0.0,0.0,0.0
524842930468636502,0.0,0.0,0.0,0.0,0.0
524842930525479102,0.0,0.0,0.0,0.0,0.0
524842930532705901,0.0,0.0,0.0,0.0,0.0
524942930528164202,4.5,19.808099201429403,291.477829638273,22.61379051208496,435.77816234753317
525242930456243101,3.6363637447357178,8.171427713588885,45.02926685061096,23.35186195373535,179.7714016395241
525242930476598501,4.0,4.552811916977612,4.552835820895522,0.3643617331981659,4.552811916977612
525542929991226701,0.0,0.0,0.0,0.0,0.0
525542930519128501,0.0,0.0,0.0,0.0,0.0
525642930457580101,2.311594247817993,5.861545001581778,142.95844791083638,69.52603912353516,808.893187494598
525642930515445502,0.0,0.0,0.0,0.0,0.0
525742930462141902,0.0,0.0,0.0,0.0,0.0
525842930515830002,0.0,0.0,0.0,0.0,0.0
525942929013002102,0.0,0.0,0.0,0.0,0.0
525942930534269801,0.0,0.0,0.0,0.0,0.0
526142930525745102,0.0,0.0,0.0,0.0,0.0
526242930448845701,2.25,12.917526552287582,33.66196078431373,5.143507957458496,51.67010684742647
526342930527313402,0.0,0.0,0.0,0.0,0.0
526442930528398402,3.05633807182312,10.143540654936137,159.61575306013836,115.36973571777344,720.1914190380671
526442930545311801,0.0,0.0,0.0,0.0,0.0
526742927905068101,0.0,0.0,0.0,0.0,0.0
526942930453045801,0.0,0.0,0.0,0.0,0.0
526942930507933602,0.0,0.0,0.0,0.0,0.0
527342930456726202,0.0,0.0,0.0,0.0,0.0
527342930533695601,0.0,0.0,0.0,0.0,0.0
527442930528109502,12.5,0.4248042257246548,0.8496311707962928,0.14272169768810272,0.8496084514493096
527542930452604902,0.0,0.0,0.0,0.0,0.0
527542930455826401,0.0,0.0,0.0,0.0,0.0
527542930530669502,0.0,0.0,0.0,0.0,0.0
527742930508942102,0.0,0.0,0.0,0.0,0.0
527742930539602001,2.25,6.406308774594907,25.626262626262626,1.3488435745239258,25.625235669942015
527842930519336902,0.0,0.0,0.0,0.0,0.0
527942930509473501,0.0,0.0,0.0,0.0,0.0
527942930519957502,0.0,0.0,0.0,0.0,0.0
527942930527946202,0.0,0.0,0.0,0.0,0.0
528042930531882502,0.0,0.0,0.0,0.0,0.0
528642930532677102,0.0,4.365310541434541,0.0,39.012672424316406,270.6492670889473
528842930448825702,0.0,0.0,0.0,0.0,0.0
528842930474056201,1.0,6.24420166015625,93.48129921259843,105.92723846435547,730.571593946946
528842930537470801,0.0,0.0,0.0,0.0,0.0
528942930517857701,0.0,0.0,0.0,0.0,0.0
529042930452799502,10.520000457763672,13.006327206990058,124.64597770412774,49.874088287353516,325.1581801747514
529142930528514802,3.3333332538604736,10.000092148522235,94.81290672451193,33.7840690612793,270.00249633768374
529242930549000602,0.0,0.0,0.0,0.0,0.0
529342930474315402,0.0,0.0,0.0,0.0,0.0
529342930527717402,2.8367347717285156,8.220910539153088,102.68779690453083,92.78337860107422,805.6492067428034
529442930477183002,0.0,0.0,0.0,0.0,0.0
529442930526829101,0.0,0.0,0.0,0.0,0.0
529542928990317602,1.4266666173934937,5.148488140836771,377.0718915733648,165.02880859375,1158.409889516791
529642930518469401,0.0,0.0,0.0,0.0,0.0
529742930460107701,0.0,0.0,0.0,0.0,0.0
529742930532663702,0.0,0.0,0.0,0.0,0.0
529842928135420501,9.399999618530273,6.259546161205453,18.35972255441282,6.504922389984131,31.29773155345611
531142929684609602,0.0,0.0,0.0,0.0,0.0
531142930526117402,0.0,0.0,0.0,0.0,0.0
531342930519090202,2.0714285373687744,8.224277367773677,107.46568265682657,36.63545608520508,345.4196363836197
531342930521353802,0.03333333507180214,4.245755927218091,5.165732912294999,187.2831573486328,1018.9813805322025
531342930534825402,0.0,0.0,0.0,0.0,0.0
531442930509846501,2.375,1.8052791796124352,18.894793556150212,10.567296981811523,57.76893423812849
531442930549950602,1.45064377784729,4.080159861298104,950.6771008639066,170.62368774414062,950.6772248734533
531542930461010801,0.0,0.0,0.0,0.0,0.0
531542930542068501,0.0,0.0,0.0,0.0,0.0
531642930509346502,0.0,0.0,0.0,0.0,0.0
531742930478634302,0.0,0.0,0.0,0.0,0.0
531742930525753001,0.0,0.0,0.0,0.0,0.0
532042930548155202,5.300000190734863,4.912571417358046,49.125666007002586,5.982314109802246,49.12571406905229
532242930478188602,0.0,0.0,0.0,0.0,0.0
532242930542455601,0.0,0.0,0.0,0.0,0.0
532442930459984001,0.058139536529779434,13.231452152237354,185.6217898832685,115.64778137207031,1137.9048684918
532442930472851202,0.0,0.0,0.0,0.0,0.0
532542929118531402,2.142857074737549,6.5973525700582565,94.64021695460023,74.79821014404297,738.9035216799315
532542930543483502,0.0,0.0,0.0,0.0,0.0
532642930524212001,0.0,0.0,0.0,0.0,0.0
532642930527773702,1.8740156888961792,9.426518267463235,151.69411764705882,104.90986633300781,1197.1678323521332
532742930508593502,0.0,0.0,0.0,0.0,0.0
533042928257856601,0.0,0.0,0.0,0.0,0.0
533042930464310102,0.0,0.0,0.0,0.0,0.0
533242930464522301,0.0,0.0,0.0,0.0,0.0
533342929269151302,0.0,0.0,0.0,0.0,0.0
533342930461618601,0.0,0.0,0.0,0.0,0.0
533442929501754601,0.0,0.0,0.0,0.0,0.0
533642930461272401,3.02439022064209,7.573939732142857,102.13369963369964,36.609561920166016,310.5315460442623
533742930528841102,0.0,0.0,0.0,0.0,0.0
533842930450656002,0.015228426083922386,7.120675664977834,0.47878404053198226,169.9766082763672,1402.773161008737
533842930532705502,3.0,7.262104832848837,55.49493142516398,14.563311576843262,108.93157587750866
534142930462567801,0.0,0.0,0.0,0.0,0.0
534142930464536002,0.0,0.0,0.0,0.0,0.0
534242930449890701,0.0,0.0,0.0,0.0,0.0
534342929528923002,0.0,0.0,0.0,0.0,0.0
534342930472965901,0.0,0.0,0.0,0.0,0.0
534442928293182001,0.0,0.0,0.0,0.0,0.0
534642930541733801,0.0,0.0,0.0,0.0,0.0
534742928716216301,0.0,0.0,0.0,0.0,0.0
534842928887104802,0.0,0.0,0.0,0.0,0.0
534842930454500201,0.0,0.0,0.0,0.0,0.0
534942930460349701,0.0,0.0,0.0,0.0,0.0
535042930544297801,0.0,0.0,0.0,0.0,0.0
535142930542720502,0.07017543911933899,9.572786879265445,0.27011494252873564,70.23130798339844,1091.2976908526202
535442930509897502,0.0,0.0,0.0,0.0,0.0
535642929346340802,0.0,0.0,0.0,0.0,0.0
535742930508737102,0.0,0.0,0.0,0.0,0.0
535742930547538701,1.9602272510528564,11.411939114103303,2008.494623655914,205.4117889404297,2008.5013468239897
535842930475256801,0.0,0.0,0.0,0.0,0.0
535942930480358302,0.0,0.0,0.0,0.0,0.0
536042930524260402,0.0,0.0,0.0,0.0,0.0
536242930479479502,0.0,0.0,0.0,0.0,0.0
536242930531045102,0.0,0.0,0.0,0.0,0.0
536442930518004201,0.0,0.0,0.0,0.0,0.0
536642928030238702,0.0,0.0,0.0,0.0,0.0
536742930477969701,0.0,7.635549546291426,7.635455023671752,1.0014740228652954,7.635549546291426
536842928096602302,0.0,0.0,0.0,0.0,0.0
536842930517065202,2.418367385864258,15.18420867919922,386.64375,0.0,1488.0525159537792
536942930521186501,0.0,0.0,0.0,0.0,0.0
536942930546660802,0.0,0.0,0.0,0.0,0.0
537042930459870402,3.066666603088379,4.303251801816104,62.0750571501143,41.50464630126953,258.1951075641825
537042930475994501,0.0,0.0,0.0,0.0,0.0
537042930515757301,0.0,0.0,0.0,0.0,0.0
537242930472882002,5.25,5.360998482159009,19.86107091172214,2.4293346405029297,21.44399379614293
537442930462553302,0.0,0.0,0.0,0.0,0.0
537742930537487701,0.0,0.0,0.0,0.0,0.0
537842930472684901,0.0,136.03617190042303,65.84542792059877,15.316627502441406,136.03617190042303
537842930539585501,0.0,0.0,0.0,0.0,0.0
538242930527708102,0.0,0.0,0.0,0.0,0.0
538742930051294101,0.0,0.0,0.0,0.0,0.0
538742930544730402,0.0,0.0,0.0,0.0,0.0
538842930458550301,0.0,0.0,0.0,0.0,0.0
538942928601996601,0.0,0.0,0.0,0.0,0.0
539142930531965102,1.570588231086731,4.786879581192833,587.4256358852274,120.04656219482422,813.7695067723193
539142930533963502,0.0,0.0,0.0,0.0,0.0
539242930080248202,0.0,0.0,0.0,0.0,0.0
539242930452638301,0.0,0.0,0.0,0.0,0.0
539342930460514101,0.0,0.0,0.0,0.0,0.0
539342930534180401,0.0,142.824039532294,142.8240534521158,7.336427688598633,142.824039532294
539442930457747202,0.0,0.0,0.0,0.0,0.0
539542930524258101,2.40816330909729,4.890767521407297,164.50912137006702,100.1260757446289,718.9428515615342
539542930529863002,0.0,0.0,0.0,0.0,0.0
539642930547018201,3.127272844314575,8.264013843201754,101.69894736842106,50.29719924926758,454.5207768537287
539742930456462402,0.0,0.0,0.0,0.0,0.0
539742930542241701,0.0,0.0,0.0,0.0,0.0
539842930509501001,2.6666667461395264,1.1201049667375562,3.360517435320585,0.4943520426750183,3.3603149688686376
539842930544496001,2.6821706295013428,5.937274068364255,98.33646979604133,73.36559295654297,765.9083321172376
539942928887267601,0.0,0.0,0.0,0.0,0.0
541342930547951202,0.0,0.0,0.0,0.0,0.0
541442930463825901,0.0,0.0,0.0,0.0,0.0
541542930479667301,0.0,0.0,0.0,0.0,0.0
541542930538712902,0.0,0.0,0.0,0.0,0.0
541642930526968002,1.5135135650634766,10.388286025981339,251.67342342342343,42.934181213378906,384.366582843481
541642930549264901,0.0,0.0,0.0,0.0,0.0
541742930456042502,0.0,0.0,0.0,0.0,0.0
541742930475975601,0.0,0.0,0.0,0.0,0.0
541742930544290302,0.0,0.0,0.0,0.0,0.0
541842930473594102,0.0,1.8112566801667944,0.0,4.8774027824401855,34.41387728884176
541942930465491901,0.0,53.882187075983715,53.88195386702849,6.787874698638916,53.882187075983715
541942930516487601,0.0,0.0,0.0,0.0,0.0
542042930527285602,0.0,0.0,0.0,0.0,0.0
542042930541493402,0.0,0.0,0.0,0.0,0.0
542142930451723601,0.0,0.0,0.0,0.0,0.0
542142930461059702,0.0,0.0,0.0,0.0,0.0
542142930550147302,0.0,0.0,0.0,0.0,0.0
542242930460488801,0.0,0.0,0.0,0.0,0.0
542342930463533802,0.0,0.0,0.0,0.0,0.0
542442930459874901,0.4482758641242981,9.575155934979838,16.71712158808933,33.28738021850586,277.67952934624833
542642930475186901,0.0,0.0,0.0,0.0,0.0
542842930515348302,0.0,0.0,0.0,0.0,0.0
542942928269661402,0.8661417365074158,15.194679205523673,269.032281205165,181.73361206054688,1929.7242282849645
542942930467896902,0.0,0.0,0.0,0.0,0.0
543042930517155302,0.0,0.0,0.0,0.0,0.0
543142930510592802,0.6760563254356384,4.334830076344576,38.55150410209663,83.31341552734375,615.5458762169753
543142930519755302,1.4358974695205688,10.062392076711491,64.16772616136919,80.42257690429688,784.8665513773128
543242930461378502,0.0,0.0,0.0,0.0,0.0
543242930463811702,0.0,0.0,0.0,0.0,0.0
543242930519274302,0.0,0.0,0.0,0.0,0.0
543242930531815101,0.0,0.0,0.0,0.0,0.0
543242930542042201,0.0,0.0,0.0,0.0,0.0
543442930541462601,0.0,0.0,0.0,0.0,0.0
543542930467923101,0.0,0.0,0.0,0.0,0.0
543742928086481802,0.0,0.0,0.0,0.0,0.0
543742929568598802,1.9264706373214722,3.1696430699440703,37.38756832337613,83.52957916259766,431.071442356403
543842930470748101,0.0,0.0,0.0,0.0,0.0
543942929861115802,0.0,3.6666634119232966,0.4243679474360806,135.2227783203125,714.9993646073692
543942930454431102,0.0,0.0,0.0,0.0,0.0
544042930546906902,2.142857074737549,3.4040811743570347,14.709228441754917,4.039742946624756,23.82856836823941
544142930477290902,0.0,5.120395337764304,0.0,21.742530822753906,174.09344823324858
544142930527736401,0.0,0.0,0.0,0.0,0.0
544342930461160202,3.7804877758026123,4.345120144722059,61.83484029746937,24.441518783569336,178.14993233803435
544442930534290402,0.0,0.0,0.0,0.0,0.0
544842929091483101,0.0,0.0,0.0,0.0,0.0
544842930472859602,0.0,0.0,0.0,0.0,0.0
545142927968949301,0.0,0.0,0.0,0.0,0.0
545142930525857501,2.0,1.1383336931013106,3.414948636202621,0.7140955328941345,3.415001079303932
545242930452170201,0.0,0.0,0.0,0.0,0.0
545442930516399001,0.0,0.0,0.0,0.0,0.0
545442930549864302,0.0,0.0,0.0,0.0,0.0
545542929704005801,2.030534267425537,6.484679327055899,179.60097614881664,96.41635131835938,849.4929581032744
545542930518725601,2.5,6.333389448859204,12.499219968798752,1.66973876953125,12.66677868347644
545742930518330102,0.0,0.0,0.0,0.0,0.0
545842930462759002,0.0,0.0,0.0,0.0,0.0
545842930521406102,2.411764621734619,7.533680796975491,67.08638970971667,16.962238311767578,128.07257106070847
545842930528948202,8.0,18.506498994883042,18.506265664160402,1.3146799802780151,18.506498994883042
545942930531461501,0.0,0.0,0.0,0.0,0.0
546142930543021401,2.2108843326568604,6.4706482168482164,302.21179309894984,128.33624267578125,951.1853062484947
546442930463560202,1.0,3.8433986643437863,3.843391405342625,0.5720983147621155,3.8433986643437863
546642930527206702,0.0,0.0,0.0,0.0,0.0
546842930522448401,0.0,0.0,0.0,0.0,0.0
547042930474978302,0.0,0.0,0.0,0.0,0.0
547042930517487202,0.0,0.0,0.0,0.0,0.0
547042930531498801,2.8478260040283203,6.748048114292513,67.52664974619289,46.67582321166992,310.41021624918517
547642930532282601,0.0,0.0,0.0,0.0,0.0
547742930526035202,0.0,0.0,0.0,0.0,0.0
547742930538261001,0.0,0.0,0.0,0.0,0.0
548142928074373402,0.0,0.0,0.0,0.0,0.0
548242930550008501,0.0,0.0,0.0,0.0,0.0
548342930527872802,0.0,0.0,0.0,0.0,0.0
548542928790834402,0.0,0.0,0.0,0.0,0.0
548642929800443002,0.0,0.0,0.0,0.0,0.0
548842930519045702,0.0,0.0,0.0,0.0,0.0
548842930524558501,2.828571319580078,9.990585550592348,167.5676442027578,63.533775329589844,699.3409859810461
548842930531426702,0.47297295928001404,8.557446979030473,153.54078246002211,115.63924407958984,1266.5022090868513
548942930459670202,0.0,0.0,0.0,0.0,0.0
548942930468881502,0.0,0.0,0.0,0.0,0.0
549842930531368902,0.0,0.0,0.0,0.0,0.0
551142930012217002,0.0,0.0,0.0,0.0,0.0
551142930534783602,0.0,0.0,0.0,0.0,0.0
551142930546057701,0.0,0.0,0.0,0.0,0.0
551242930516939202,0.5675675868988037,4.26745878300739,7.829127613554434,80.56875610351562,473.6879257224151
551242930525237102,0.0,0.0,0.0,0.0,0.0
551342930475628502,0.0,0.0,0.0,0.0,0.0
551342930510981301,0.0,0.0,0.0,0.0,0.0
551442930461046401,0.0,0.0,0.0,0.0,0.0
551542930510651401,0.0,0.0,0.0,0.0,0.0
551642930462492502,0.0,0.0,0.0,0.0,0.0
551742930537219302,0.0,0.0,0.0,0.0,0.0
551842930474095401,0.9038461446762085,12.95831537165747,113.20543293718167,51.76322555541992,673.8324130500314
551942930461508601,0.0,0.0,0.0,0.0,0.0
552042930517985101,2.809917449951172,13.06327308159074,1491.9073935772965,124.61477661132812,1580.6560640057314
552142930517714802,0.0,0.0,0.0,0.0,0.0
552242928021779802,0.0,0.0,0.0,0.0,0.0
552442930517302801,0.0,0.0,0.0,0.0,0.0
552542930469038101,2.8888888359069824,5.653832825062379,40.11962850013862,20.021224975585938,152.65348706140986
552642930476017702,0.0,0.0,0.0,0.0,0.0
552742930511122301,0.0,0.0,0.0,0.0,0.0
552742930519002501,0.0,0.0,0.0,0.0,0.0
552842930520109302,0.0,0.0,0.0,0.0,0.0
552842930526058302,1.5067567825317383,2.69877096553889,54.500339351160584,85.50826263427734,399.41808464272435
552842930534076701,0.0,0.0,0.0,0.0,0.0
553042930522335502,0.0,0.0,0.0,0.0,0.0
553142927979773102,0.0,0.0,0.0,0.0,0.0
553142930519641901,0.0,0.0,0.0,0.0,0.0
553142930525095601,0.0,0.0,0.0,0.0,0.0
553442930447528101,3.857142925262451,8.412567669506567,29.62903798367057,8.387574195861816,58.88797437988108
553442930457344001,0.0,0.0,0.0,0.0,0.0
553642930530697802,0.0,0.0,0.0,0.0,0.0
553742928726828901,0.7906976938247681,10.302254253706199,81.21293800539084,76.42161560058594,885.9938941564843
553942930537403801,0.0,0.0,0.0,0.0,0.0
554042930531433001,2.25,6.9690913659977225,94.63919726729291,58.12527847290039,529.650933573533
554142930459817702,0.0,0.0,0.0,0.0,0.0
554242930542090802,0.0,0.0,0.0,0.0,0.0
554242930543050701,0.0,0.0,0.0,0.0,0.0
554342930457428302,0.0,0.0,0.0,0.0,0.0
554442929583904102,0.0,0.0,0.0,0.0,0.0
554442930480398002,0.0,0.0,0.0,0.0,0.0
554542928560706302,0.0,0.0,0.0,0.0,0.0
554542928683902002,0.0,0.0,0.0,0.0,0.0
554542930523931701,0.0,0.0,0.0,0.0,0.0
554642930527272401,2.534090995788574,7.76849641713527,118.06154326772884,94.79241180419922,683.6277087084095
554842930541292702,0.0,0.0,0.0,0.0,0.0
554942928088031901,0.0,0.0,0.0,0.0,0.0
554942930477615202,0.0,0.0,0.0,0.0,0.0
554942930525147302,0.0,0.0,0.0,0.0,0.0
555042930460461801,0.0,0.0,0.0,0.0,0.0
555142929726669102,0.0,0.0,0.0,0.0,0.0
555142930521219102,0.8814814686775208,9.264894886239867,94.11096179174305,90.1595687866211,1250.7608318987948
555542929774131802,0.0,0.0,0.0,0.0,0.0
556042930456816801,0.004149377811700106,3.7053246205885753,30.462889158435857,158.2556610107422,892.9832267304031
556342930477631501,0.0,0.0,0.0,0.0,0.0
556442930454854102,0.0,0.0,0.0,0.0,0.0
556742930508706002,0.0,0.0,0.0,0.0,0.0
556742930527870101,0.0,0.0,0.0,0.0,0.0
556742930538894801,0.0,0.0,0.0,0.0,0.0
556742930544434101,8.916666984558105,4.121760141251263,9.577972381273156,6.647596836090088,49.46112222950962
556842930548802901,0.0,0.0,0.0,0.0,0.0
557042930543946701,0.0,0.0,0.0,0.0,0.0
557142930527185802,0.0,5.586541322458695,0.0,0.7806168794631958,5.586541322458695
557142930548186002,0.0,0.0,0.0,0.0,0.0
557242928726103501,0.0,0.0,0.0,0.0,0.0
557242930515969802,0.0,0.0,0.0,0.0,0.0
557342930519016702,0.0,0.0,0.0,0.0,0.0
557442930461953502,2.563218355178833,9.579168852142226,833.3975265017668,76.60945129394531,833.3876992249236
557842930459073502,0.0,0.0,0.0,0.0,0.0
557942930462279901,0.0,0.0,0.0,0.0,0.0
557942930533494001,0.0,0.0,0.0,0.0,0.0
558042930452454801,0.0,0.0,0.0,0.0,0.0
558142930464202002,0.0,242.98331492584413,0.0,20.50104522705078,242.98331492584413
558142930542231401,2.799999952316284,7.904615144521792,170.54769975786925,86.26557159423828,869.5076453146577
558342930459575501,0.0,0.0,0.0,0.0,0.0
558442930469720701,0.0,0.0,0.0,0.0,0.0
558442930509513301,0.0,0.0,0.0,0.0,0.0
558542930457990002,0.0,0.0,0.0,0.0,0.0
558842930447952101,0.0,0.0,0.0,0.0,0.0
558842930527041001,0.0,0.0,0.0,0.0,0.0
559042929514327501,0.0,0.0,0.0,0.0,0.0
559042930459904901,0.0,0.0,0.0,0.0,0.0
559042930540567602,1.6666666269302368,1.5809876101259863,4.742467718794835,0.5500999689102173,4.742962764701679
559142930449974901,25.0,8.124809663819436,91.01503484352422,13.536659240722656,105.6225267233355
559342930474453902,0.0,0.0,0.0,0.0,0.0
559442928242647001,0.0,0.0,0.0,0.0,0.0
559442930531483002,0.2291666716337204,3.247693456766474,27.721325002947072,59.81483459472656,311.7785769510027
559542930523324601,0.0,0.0,0.0,0.0,0.0
559642930035056801,0.0,0.0,0.0,0.0,0.0
559642930456132201,2.6363637447357178,5.779831922033016,122.55978584176086,55.02384948730469,445.0470383228254
559742930525871201,0.0,0.0,0.0,0.0,0.0
559842930517085602,0.0,0.0,0.0,0.0,0.0
561142930458888302,0.0,0.0,0.0,0.0,0.0
561242930460817802,1.4957627058029175,6.219829563474085,750.1116346502356,189.5587158203125,1467.8797211837145
561342930508219601,0.6666666865348816,11.275593986816153,33.20793107027925,3.7318646907806396,33.826781764030954
561542928897699201,0.0,0.0,0.0,0.0,0.0
561542930473946302,0.0,0.0,0.0,0.0,0.0
561742930458343901,0.0,0.0,0.0,0.0,0.0
561742930527745402,2.0064516067504883,5.325732378702476,87.12290008841732,113.64372253417969,825.4885325731165
561842930508624602,0.0,0.0,0.0,0.0,0.0
562142930457999401,0.0,0.0,0.0,0.0,0.0
562242930516762201,0.0,0.0,0.0,0.0,0.0
562542927901384601,0.0,0.0,0.0,0.0,0.0
562542930524733502,0.7013888955116272,6.328745086477987,37.97207547169811,72.69754028320312,911.3393270403784
562642929859057801,0.0,0.0,0.0,0.0,0.0
562642930533395402,0.0,0.0,0.0,0.0,0.0
562742928592805401,0.0,0.0,0.0,0.0,0.0
562842930535224101,0.0,8.877736581920903,125.2617702448211,60.73678207397461,381.74267694984525
562942930400107802,0.0,0.0,0.0,0.0,0.0
562942930472538801,2.4539008140563965,5.819352400304576,144.7985550361241,110.63756561279297,820.5287219678601
562942930524087901,3.325000047683716,7.597155844384876,79.04909706546276,38.90744400024414,303.8862402509082
563042930447412502,0.0,0.0,0.0,0.0,0.0
563242930523466202,0.0,0.0,0.0,0.0,0.0
563342930517166701,0.0,0.0,0.0,0.0,0.0
563442930478766302,0.0,0.0,0.0,0.0,0.0
563842930518338801,0.6857143044471741,17.871570426759597,274.20475319926874,164.90008544921875,1251.0098698910674
563842930519687902,1.4285714626312256,11.4475234375,38.37942857142857,9.235424041748047,80.13266350446429
563942929879951101,0.0,0.0,0.0,0.0,0.0
563942930518265001,0.0,0.0,0.0,0.0,0.0
564042930467698902,0.0,0.0,0.0,0.0,0.0
564042930474130202,0.0,0.0,0.0,0.0,0.0
564042930545302301,0.0,0.0,0.0,0.0,0.0
564142930473610102,0.0,6.93304220838258,317.905627784344,136.36790466308594,1074.621582052753
564142930541405401,0.7079645991325378,4.503665149566865,94.31773532369093,86.29936981201172,508.9141742199699
564242930479823502,0.0,0.0,0.0,0.0,0.0
564242930548268301,0.0,0.0,0.0,0.0,0.0
564442930461651601,0.0,0.0,0.0,0.0,0.0
564542930474770502,3.171428680419922,6.887733518053016,181.85502742230346,92.7542724609375,723.2119891708904
564542930518717701,0.0,0.0,0.0,0.0,0.0
564642930546316601,0.0,0.0,0.0,0.0,0.0
564842930451772701,1.9226518869400024,4.051804893022468,111.89330473072147,97.20801544189453,733.3766690767065
564942930476944301,0.5447761416435242,5.534993748893609,101.98920162860684,106.52232360839844,741.68918124898
564942930510791302,0.0,0.0,0.0,0.0,0.0
564942930545163102,0.0,0.0,0.0,0.0,0.0
565042929230337001,2.5094339847564697,2.902825159914712,41.47919585744746,27.919784545898438,153.84973297165618
565142930531312102,2.510948896408081,4.1639089233709505,120.95534522509404,82.85791778564453,570.4555074059692
565242929417347501,0.0,57.71984526778682,0.0,11.409445762634277,57.71984526778682
565542930466898901,2.9344263076782227,6.451049702422508,102.10053057805082,55.4181022644043,393.5140282514541
565742930510705701,0.0,0.0,0.0,0.0,0.0
565742930510970501,0.0,0.0,0.0,0.0,0.0
565742930533556001,0.0,0.0,0.0,0.0,0.0
565842930455500602,0.0,0.0,0.0,0.0,0.0
565942930532283302,0.0,0.0,0.0,0.0,0.0
566042930480045402,0.0,0.0,0.0,0.0,0.0
566242930517841701,0.0,0.0,0.0,0.0,0.0
566342930464201901,0.0,0.0,0.0,0.0,0.0
566342930534237701,0.0,0.0,0.0,0.0,0.0
566842928663876202,0.0,0.0,0.0,0.0,0.0
566842930455650202,4.303797245025635,3.624777320857752,286.3580181140117,55.37639617919922,286.35740785187204
566842930471587602,0.0,0.0,0.0,0.0,0.0
566842930521696602,0.0,0.0,0.0,0.0,0.0
566842930527942301,0.0,0.0,0.0,0.0,0.0
566842930546245201,0.0,0.0,0.0,0.0,0.0
566942930474848802,1.2325581312179565,5.3570792960253115,28.565750444927822,30.490840911865234,230.35440859456108
567042930474703002,0.0,0.0,0.0,0.0,0.0
567242930525117701,0.0,0.0,0.0,0.0,0.0
567242930534208901,0.0,114.37344127111827,114.37349155269509,12.761226654052734,114.37344127111827
567242930538634301,0.0,0.0,0.0,0.0,0.0
567342930478576802,0.42500001192092896,7.436332796150972,43.431988041853515,143.5951385498047,892.3599022175342
567442929268241802,0.0,0.0,0.0,0.0,0.0
567442930519118001,0.0,0.0,0.0,0.0,0.0
567542930477190301,0.0,0.0,0.0,0.0,0.0
567742930536589701,0.0,0.0,0.0,0.0,0.0
567842930533979901,0.0,0.0,0.0,0.0,0.0
567942930449203501,0.0,0.0,0.0,0.0,0.0
567942930477467801,2.75,4.744393609644432,15.238604464643764,3.0694613456726074,18.977574977051237
568142930509898301,0.0,0.0,0.0,0.0,0.0
568242930474081501,0.0,0.0,0.0,0.0,0.0
568542928888035401,0.0,0.0,0.0,0.0,0.0
568642930448284102,3.225806474685669,4.7762738962532865,79.90768331872626,21.43187141418457,148.0644911114946
568642930517970701,0.0,0.0,0.0,0.0,0.0
568642930549098001,0.0,0.0,0.0,0.0,0.0
568742930508158102,0.0,0.0,0.0,0.0,0.0
568842930508896801,0.0,0.0,0.0,0.0,0.0
568842930526668401,0.0,0.0,0.0,0.0,0.0
568842930535912902,0.0,0.0,0.0,0.0,0.0
568942930521809401,0.0,0.0,0.0,0.0,0.0
569042929989643102,0.0,0.0,0.0,0.0,0.0
569042930474384601,1.75,22.57099541083916,93.97975708502024,14.470763206481934,180.567960641557
569042930522915601,0.0,0.0,0.0,0.0,0.0
569042930532748602,0.0,0.0,0.0,0.0,0.0
569142930524772701,0.0,0.0,0.0,0.0,0.0
569242930448533202,0.0,0.0,0.0,0.0,0.0
569242930518886302,0.0,0.0,0.0,0.0,0.0
569242930520724301,0.0,0.0,0.0,0.0,0.0
569242930544909101,0.0,0.0,0.0,0.0,0.0
569342930546613702,0.0,0.0,0.0,0.0,0.0
569442930455416802,0.0,0.0,0.0,0.0,0.0
569442930534471901,0.0,0.0,0.0,0.0,0.0
569742930520040302,0.0,0.0,0.0,0.0,0.0
571142930478703301,0.0,0.0,0.0,0.0,0.0
571242930462540901,0.0,0.0,0.0,0.0,0.0
571442928168238301,0.0,0.0,0.0,0.0,0.0
571442930518125902,0.0,0.0,0.0,0.0,0.0
571542928191310502,2.941176414489746,7.838818295879388,58.673602080624185,13.55521297454834,133.25990720533116
571642930517592301,0.0,0.0,0.0,0.0,0.0
571642930525404001,0.0,0.0,0.0,0.0,0.0
571642930529436001,1.5300546884536743,4.775818576298533,508.98277297803685,120.85625457763672,873.9748342219111
571842930449526801,0.0,0.0,0.0,0.0,0.0
571942930519538402,0.0,0.0,0.0,0.0,0.0
572042930477638502,0.0,0.0,0.0,0.0,0.0
572242930476538501,0.0,0.0,0.0,0.0,0.0
572442930520255801,0.0,0.0,0.0,0.0,0.0
572542930519030002,0.0,17.11884479336319,0.0,22.536121368408203,171.18845096550857
572642930456622302,0.0,0.0,0.0,0.0,0.0
572642930468538502,0.30000001192092896,11.049649758208712,180.79941482444733,92.02310180664062,1104.9649650529705
572742930509858301,0.0,0.0,0.0,0.0,0.0
572742930525592201,0.0,0.0,0.0,0.0,0.0
573042929681101202,0.0,0.0,0.0,0.0,0.0
573042930464326101,3.25,7.405999936921025,20.361118119886097,4.684852600097656,29.62400052209116
573242930529251302,0.0,0.0,0.0,0.0,0.0
573342929456888301,2.0,2.108474808639861,4.216905564924114,0.807353138923645,4.216949681608512
573542930474819301,0.0,0.0,0.0,0.0,0.0
573642930517772902,0.0,0.0,0.0,0.0,0.0
573742930451856301,0.0,0.0,0.0,0.0,0.0
573842929155647901,0.0,0.0,0.0,0.0,0.0
573842930453679001,0.0,0.0,0.0,0.0,0.0
573842930464965301,0.0,0.0,0.0,0.0,0.0
573842930542908001,2.3333332538604736,23.036804034703504,34.61522911051213,10.57243537902832,69.11041177508002
574042930462561401,3.2799999713897705,6.807203756930854,44.48727984344423,20.90485191345215,170.18009164390887
574142930464398002,0.0,0.0,0.0,0.0,0.0
574142930517773901,0.0,0.0,0.0,0.0,0.0
574642930461515002,0.0,0.0,0.0,0.0,0.0
574642930461999801,0.0,0.0,0.0,0.0,0.0
574942930517405201,0.0,0.0,0.0,0.0,0.0
575342930459315802,0.0,0.0,0.0,0.0,0.0
575542930456924902,0.0,0.0,0.0,0.0,0.0
575742929649255602,4.121212005615234,13.223630914419338,107.88338192419825,41.90790557861328,436.37982471343724
575742930543431602,0.0,0.0,0.0,0.0,0.0
575942929642387902,0.0,0.0,0.0,0.0,0.0
575942930519477602,0.0,0.0,0.0,0.0,0.0
575942930530011001,0.0,0.0,0.0,0.0,0.0
576142929047937501,0.0,0.0,0.0,0.0,0.0
576242930508191701,3.200000047683716,3.594542839380175,9.35050597976081,1.9192280769348145,17.97271430920107
576342929644467501,2.661417245864868,30.993644562375497,644.9900398406375,123.43270111083984,3936.19273663422
577042930529391901,0.0,0.0,0.0,0.0,0.0
577342930460467902,2.841463327407837,5.101600415778883,73.32788825757575,70.32893371582031,418.3312234053708
577642930456314401,0.0,0.0,0.0,0.0,0.0
577642930542833502,1.3313252925872803,4.3462918368252845,499.81107954545456,107.0800552368164,721.4844432047822
577842930517373302,0.0,0.0,0.0,0.0,0.0
577842930525195102,0.0,0.0,0.0,0.0,0.0
578242930461628901,2.299999952316284,3.8592756844234133,18.48975512243878,7.735723972320557,38.592757595830534
578342930453531001,0.0,0.0,0.0,0.0,0.0
578442930477795202,0.0,0.0,0.0,0.0,0.0
578542930449771801,3.4242424964904785,5.36650913840802,161.2270187356196,83.16700744628906,531.284386498677
578542930477348802,0.0,0.0,0.0,0.0,0.0
578542930538582801,4.233766078948975,4.74907744436553,87.88409090909092,54.15473937988281,365.678955448035
578642928247046702,5.129032135009766,7.667046224685058,121.46308403763355,25.594642639160156,237.6784367111953
578642930450407501,0.0,0.0,0.0,0.0,0.0
578742930456531402,0.0,0.0,0.0,0.0,0.0
578842930544158201,0.0,0.0,0.0,0.0,0.0
578942930527274801,2.2857143878936768,3.1182434419988927,11.600442967884828,3.446396589279175,21.82770447588442
579142930524604301,0.0,0.0,0.0,0.0,0.0
579142930543145301,0.0,0.0,0.0,0.0,0.0
579342930462972902,0.0,0.0,0.0,0.0,0.0
579342930530210801,0.0,0.0,0.0,0.0,0.0
579542930533839801,1.4320000410079956,12.780451828769923,3195.1136085002045,214.52743530273438,3195.1129930493876
579742930464612902,0.0,0.0,0.0,0.0,0.0
579842929543736402,0.0,0.0,0.0,0.0,0.0
581142928021939101,0.0,0.0,0.0,0.0,0.0
581142929514065002,0.0,0.0,0.0,0.0,0.0
581142930456597102,0.0,0.0,0.0,0.0,0.0
581142930550197802,0.0,0.0,0.0,0.0,0.0
581342930458767201,4.333333492279053,6.391143580325179,13.728520286396181,3.1616382598876953,19.17343081380985
581342930517552302,0.0,0.0,0.0,0.0,0.0
581342930542448702,11.666666984558105,9.55366741382312,28.66016713091922,2.5114259719848633,28.66100245398731
581542930464865602,0.0,0.0,0.0,0.0,0.0
581542930519191201,0.0,0.0,0.0,0.0,0.0
581542930531076401,0.0,0.0,0.0,0.0,0.0
581842930541975902,0.0,0.0,0.0,0.0,0.0
581942930529283101,0.0,0.0,0.0,0.0,0.0
582142930517224801,0.0,0.0,0.0,0.0,0.0
582142930517408502,1.9408602714538574,4.871529032193321,906.1040462427745,199.10440063476562,906.1043778232986
582342930449478601,0.0,0.0,0.0,0.0,0.0
582442930543160701,0.0,0.0,0.0,0.0,0.0
582442930544226302,0.0,0.0,0.0,0.0,0.0
582742930465726302,0.0,0.0,0.0,0.0,0.0
582842930220790102,0.0,0.0,0.0,0.0,0.0
582842930527808601,0.0,0.0,0.0,0.0,0.0
582842930538678201,0.0,0.0,0.0,0.0,0.0
582942930480100701,0.43209877610206604,3.8155830822317265,27.494867807153966,52.83131790161133,309.0622245110027
582942930527405202,0.0,0.0,0.0,0.0,0.0
583142930542128701,0.0,0.0,0.0,0.0,0.0
583242930458535402,0.0,0.0,0.0,0.0,0.0
583342930515495901,5.0,8.072263129525128,12.457410562180579,3.2955498695373535,24.216789180619145
583442930447834902,0.0,0.0,0.0,0.0,0.0
583442930515472902,0.0,0.0,0.0,0.0,0.0
583542930452714702,0.0,0.0,0.0,0.0,0.0
583642930534574102,1.5,7.339881716750738,33.2320374015748,11.210946083068848,117.43811013379435
583742930462041502,0.0,0.0,0.0,0.0,0.0
583742930524576502,0.0,0.0,0.0,0.0,0.0
583742930549754102,0.0,0.0,0.0,0.0,0.0
583842930523464402,0.0,0.0,0.0,0.0,0.0
584042930474517201,0.0,0.0,0.0,0.0,0.0
584042930515521701,0.0,0.0,0.0,0.0,0.0
584042930525849001,0.0,0.0,0.0,0.0,0.0
584142930509593402,0.0,0.0,0.0,0.0,0.0
584242930527056502,0.0,0.0,0.0,0.0,0.0
584342929439542302,0.0,0.0,0.0,0.0,0.0
584442930456661802,0.0,0.0,0.0,0.0,0.0
584542930460728101,0.18382352590560913,3.9820897761924265,16.49517567813581,68.92366790771484,541.5642336757375
584642929069856702,0.0,0.0,0.0,0.0,0.0
584742930548988402,0.0,0.0,0.0,0.0,0.0
584842930532016401,0.0,0.0,0.0,0.0,0.0
584842930549536902,0.0,0.0,0.0,0.0,0.0
584942929166082202,3.0458714962005615,5.573210319978245,131.7298767222625,96.28170013427734,607.4799135607857
585042929816225002,0.0,0.0,0.0,0.0,0.0
585042930524706102,0.0,0.0,0.0,0.0,0.0
585142929494098001,0.0,0.0,0.0,0.0,0.0
585142930455279902,0.0,0.0,0.0,0.0,0.0
585342930476207401,0.0,0.0,0.0,0.0,0.0
585342930525444502,0.0,0.0,0.0,0.0,0.0
585542930470647202,84.75,19.67536195527523,78.70183486238533,10.065292358398438,78.70144423738532
585642930015479602,0.0,0.0,0.0,0.0,0.0
585642930507653402,0.0,0.0,0.0,0.0,0.0
585742930455366802,0.0,0.0,0.0,0.0,0.0
585942930469500002,0.0,0.0,0.0,0.0,0.0
586142929321228501,0.0,0.0,0.0,0.0,0.0
586242930528427301,0.0,0.0,0.0,0.0,0.0
586342930521266002,0.8531468510627747,6.432132769008204,52.27102256079695,153.50709533691406,919.7949476736646
586342930546496302,0.0,0.0,0.0,0.0,0.0
586442930515845701,2.0578513145446777,5.934479923975922,717.9621638524078,69.5932846069336,718.0720494916246
586442930542132202,2.0,3.005741273163199,6.011270047680971,1.1127560138702393,6.011482466956884
586542930542625602,3.39393949508667,12.84712304392911,324.8476621417798,86.4334716796875,1271.8652428142266
586642930459044301,1.7376238107681274,4.90372937882623,238.44195902990347,113.27759552001953,990.5533084352915
586642930509511902,0.0,0.0,0.0,0.0,0.0
586642930547111102,0.0,0.0,0.0,0.0,0.0
586742930472476902,1.8235293626785278,4.873252316928415,101.15704894083272,84.72488403320312,497.07174806929225
586742930473877602,0.0,0.0,0.0,0.0,0.0
586742930539668202,0.0,0.0,0.0,0.0,0.0
586842930526323702,0.0,0.0,0.0,0.0,0.0
587042930509703002,0.0,0.0,0.0,0.0,0.0
587142930461747102,0.0,0.0,0.0,0.0,0.0
587742928281527002,0.0,0.0,0.0,0.0,0.0
587742930460346402,0.0,0.0,0.0,0.0,0.0
587742930472337201,0.0,0.0,0.0,0.0,0.0
587942929417447601,0.0,0.0,0.0,0.0,0.0
587942930524650302,0.0,0.0,0.0,0.0,0.0
587942930529959002,0.0,0.0,0.0,0.0,0.0
588042929417233502,0.0,0.0,0.0,0.0,0.0
588042930534336502,2.0792078971862793,15.910615067941041,424.0465223399355,109.01136779785156,1606.9722013012267
588142929231894901,0.0,0.0,0.0,0.0,0.0
588142930449937102,0.0,0.0,0.0,0.0,0.0
588142930529250001,0.0,0.0,0.0,0.0,0.0
588142930534105601,0.0,0.0,0.0,0.0,0.0
588242930462767202,0.0,0.0,0.0,0.0,0.0
588242930510749901,0.0,0.0,0.0,0.0,0.0
588642930455895302,0.0,0.0,0.0,0.0,0.0
588642930473831901,0.0,0.0,0.0,0.0,0.0
588642930543710601,0.0,0.0,0.0,0.0,0.0
588642930546161702,0.0,0.0,0.0,0.0,0.0
588742930541310501,0.0,0.0,0.0,0.0,0.0
588842930526032001,0.0,0.0,0.0,0.0,0.0
588842930530071501,3.2448978424072266,7.366514721600163,91.88436482084691,24.9118709564209,360.95921903479757
588842930531093601,0.0,0.0,0.0,0.0,0.0
588942930454522301,3.444444417953491,21.029331634004237,118.62711864406779,39.62813949584961,378.52798103073894
588942930460786702,0.0,0.0,0.0,0.0,0.0
588942930509288502,0.0,0.0,0.0,0.0,0.0
589142930533897302,0.0,0.0,0.0,0.0,0.0
589242930509826302,0.0,0.0,0.0,0.0,0.0
589342930458575501,0.0,0.0,0.0,0.0,0.0
589342930543595001,0.0,0.0,0.0,0.0,0.0
589642930477663402,0.0,0.0,0.0,0.0,0.0
589642930522282001,0.0,0.0,0.0,0.0,0.0
589742930477775701,0.0,0.0,0.0,0.0,0.0
589842930532627701,0.0,0.0,0.0,0.0,0.0
589942930461929202,0.0,0.0,0.0,0.0,0.0
591142930517656102,2.6052632331848145,3.703619986735331,50.86988486613955,26.043745040893555,140.73755681523008
591242930459409302,0.0,0.0,0.0,0.0,0.0
591242930525928101,0.0,0.0,0.0,0.0,0.0
591442930460881901,0.0,0.0,0.0,0.0,0.0
591442930542682902,0.0,0.0,0.0,0.0,0.0
591542929861064502,2.555555582046509,5.013194947135211,59.200535228568924,41.31418228149414,225.59376937974656
591642929696689202,2.3333332538604736,1.2813622242248481,13.713211910956923,2.3946995735168457,15.376345861368215
591642930520245202,0.0,0.0,0.0,0.0,0.0
591742930528396801,0.0,0.0,0.0,0.0,0.0
591842930466935302,0.0,49.06938055203046,49.06979695431472,3.7275116443634033,49.06938055203046
591942930475826602,0.0,0.0,0.0,0.0,0.0
592142930449312802,2.7362637519836426,9.175658426167052,222.19212962962962,87.4895248413086,834.9848955016078
592242930477337602,0.0,0.0,0.0,0.0,0.0
592342929488844701,0.0,0.0,0.0,0.0,0.0
592342930459708602,0.0,0.0,0.0,0.0,0.0
592442930463877002,0.0,0.0,0.0,0.0,0.0
592542929272083201,0.0,0.0,0.0,0.0,0.0
592542930458683501,2.25,5.808445587541911,113.09639564124058,73.6427993774414,534.3769821397217
592542930471919401,0.0,0.0,0.0,0.0,0.0
592542930473120501,0.0,0.0,0.0,0.0,0.0
592642930456067102,0.0,0.0,0.0,0.0,0.0
592842930526388301,0.0,0.0,0.0,0.0,0.0
593042930472567801,0.0,0.0,0.0,0.0,0.0
593042930525941702,0.0,0.0,0.0,0.0,0.0
593242930475730801,12.583333015441895,8.56043638966807,76.65053763440861,15.74364185333252,102.7252388553343
593342930477133702,0.0,0.0,0.0,0.0,0.0
593342930550723402,2.3375000953674316,16.52215192034528,237.46853146853147,107.8397445678711,1321.7721073710834
593442930515371502,3.25,11.271140562284977,74.13761467889908,10.250365257263184,180.33825553693902
593442930549666501,0.0,0.0,0.0,0.0,0.0
593542929061068602,0.0,0.0,0.0,0.0,0.0
593542930521351902,3.183333396911621,13.606363838427528,273.87543252595157,67.97859191894531,816.3818259321695
593542930527158301,0.0,0.0,0.0,0.0,0.0
593742930508002202,0.0,0.0,0.0,0.0,0.0
593742930521614202,0.0,0.0,0.0,0.0,0.0
593942930528641901,2.4820144176483154,3.1144611542538483,46.595446584938706,75.52779388427734,432.9101036984049
594142930457190501,0.0,0.0,0.0,0.0,0.0
594442930508177201,0.0,0.0,0.0,0.0,0.0
594542930541697702,0.0,0.0,0.0,0.0,0.0
594642930449328501,0.0,0.0,0.0,0.0,0.0
594642930515594001,0.0,0.0,0.0,0.0,0.0
594642930531581601,0.0,0.0,0.0,0.0,0.0
595342930546098901,0.0,0.0,0.0,0.0,0.0
595642930465653401,0.0,0.0,0.0,0.0,0.0
595642930532404801,0.0,0.0,0.0,0.0,0.0
595942930518746201,0.0,0.0,0.0,0.0,0.0
596042930526196402,85.5,28.059101654846337,56.118203309692674,1.979711651802063,56.118203309692674
596142930529081401,0.0,0.0,0.0,0.0,0.0
596142930531579402,1.3333333730697632,5.801159141692954,18.096039256922538,4.8806257247924805,34.80695452925785
596142930546348202,0.0,0.0,0.0,0.0,0.0
596242930523059101,2.870370388031006,10.421824114814301,377.47339246119736,63.965763092041016,562.7785174418448
596342928865348301,0.0,0.0,0.0,0.0,0.0
596342930458865101,1.6190476417541504,1.9024967933768657,19.29861720807726,6.486317157745361,39.95243229920452
596342930519682902,0.0,0.0,0.0,0.0,0.0
596342930530862902,0.0,0.0,0.0,0.0,0.0
596442930460384102,0.0,0.0,0.0,0.0,0.0
596442930475623901,0.0,0.0,0.0,0.0,0.0
596542928666175601,1.5720523595809937,9.810681573275861,2246.646551724138,182.94541931152344,2246.645948382819
596542930459563002,0.0,0.0,0.0,0.0,0.0
596542930459823601,0.0,0.0,0.0,0.0,0.0
596542930478696401,1.103773593902588,5.944873951711078,56.128499932368456,89.72565460205078,630.1566259404021
596842930531387001,0.0,0.0,0.0,0.0,0.0
597042930457165401,0.0,0.0,0.0,0.0,0.0
597242930449725302,3.4827585220336914,10.95726788539783,152.32911392405063,115.89424133300781,953.2823325876301
597542930525509602,0.0,0.0,0.0,0.0,0.0
597542930540997201,3.2298851013183594,9.19024257857451,147.44706559263523,73.29361724853516,799.5510887062591
597842927910570102,0.0,0.0,0.0,0.0,0.0
598042930480248302,0.0,0.0,0.0,0.0,0.0
598342930464702101,0.0,0.0,0.0,0.0,0.0
598542930461791302,3.4418604373931885,8.011158336292613,47.92045454545455,32.93756866455078,344.4797986561602
598542930475870101,0.0,0.0,0.0,0.0,0.0
598542930533871601,4.0,8.848775689582327,117.15161757605021,34.60928726196289,309.7071649541261
598642929013099802,0.0,0.0,0.0,0.0,0.0
598642930477505101,0.0,0.0,0.0,0.0,0.0
598742930519103702,0.0,0.0,0.0,0.0,0.0
598742930532516401,0.0,0.0,0.0,0.0,0.0
598942930524473502,0.0,0.0,0.0,0.0,0.0
598942930528649802,0.0,0.0,0.0,0.0,0.0
599242930479376201,0.0,0.0,0.0,0.0,0.0
599242930523902202,0.0,0.0,0.0,0.0,0.0
599242930530515602,0.0,0.0,0.0,0.0,0.0
599442930455207201,0.0,0.0,0.0,0.0,0.0
599442930479292302,0.0,0.0,0.0,0.0,0.0
599542930517704302,0.0,0.0,0.0,0.0,0.0
599642930529222701,84.0,0.29879669462870434,0.298828394210889,0.039311446249485016,0.29879669462870434
599742930537896002,0.0,1.8181616764834205,0.0,0.3663470149040222,5.454485002820612
599742930543267201,0.0,0.0,0.0,0.0,0.0
599842930469507701,2.9782607555389404,4.586656877281022,97.14861313868613,35.19863510131836,210.98621492037807
599942930477494401,0.0,0.0,0.0,0.0,0.0
599942930517386201,0.020408162847161293,4.992278943352375,1.042562724014337,45.13516616821289,244.62167449215406
601142930530304601,0.0,0.0,0.0,0.0,0.0
601142930532628902,0.0,0.0,0.0,0.0,0.0
601342930534500301,0.0,0.0,0.0,0.0,0.0
601542930548744701,0.0,0.0,0.0,0.0,0.0
601742929704138702,0.0,0.0,0.0,0.0,0.0
601842930531541802,0.0,0.0,0.0,0.0,0.0
601942930477296302,0.0,0.0,0.0,0.0,0.0
601942930545625601,0.0,0.0,0.0,0.0,0.0
602042930459604702,0.0,0.0,0.0,0.0,0.0
602042930533617202,0.0,0.0,0.0,0.0,0.0
602142930459145702,0.0,0.0,0.0,0.0,0.0
602142930463647002,0.0,0.0,0.0,0.0,0.0
602442930461109002,0.0,0.0,0.0,0.0,0.0
602442930476369502,0.0,0.0,0.0,0.0,0.0
602442930543862902,0.0,0.0,0.0,0.0,0.0
602542930516182701,0.0,0.0,0.0,0.0,0.0
602642930517270801,0.0,0.0,0.0,0.0,0.0
602742928923797302,0.0,0.0,0.0,0.0,0.0
602842930465367401,0.0,0.0,0.0,0.0,0.0
602842930550309601,0.0,0.0,0.0,0.0,0.0
603042930517565201,0.0,0.0,0.0,0.0,0.0
603042930517800901,1.1344537734985352,3.9919625968813435,47.6577474318755,82.00768280029297,475.043558730699
603142930464879901,0.0,0.0,0.0,0.0,0.0
603142930536135501,0.0,0.0,0.0,0.0,0.0
603242929528873402,0.0,0.0,0.0,0.0,0.0
603242930453273701,0.0,0.0,0.0,0.0,0.0
603442930540543902,0.0,0.0,0.0,0.0,0.0
603542930459425401,0.0,0.0,0.0,0.0,0.0
603542930461122101,0.0,0.0,0.0,0.0,0.0
603642930473938801,0.0,0.0,0.0,0.0,0.0
603742930532254401,0.0,0.0,0.0,0.0,0.0
603942928288395502,0.0,0.0,0.0,0.0,0.0
604042930533456501,0.0,0.0,0.0,0.0,0.0
604442930516714501,0.0,0.0,0.0,0.0,0.0
604442930524119801,0.0,0.0,0.0,0.0,0.0
604542930549186401,0.0,0.0,0.0,0.0,0.0
604742930527736902,0.0,0.0,0.0,0.0,0.0
604942930455731001,0.0,0.0,0.0,0.0,0.0
604942930518583101,0.0,0.0,0.0,0.0,0.0
605042930463498402,0.0,0.0,0.0,0.0,0.0
605142928043599202,0.0,0.0,0.0,0.0,0.0
605242928247165901,3.336538553237915,16.041798717570753,786.2783018867924,106.59015655517578,1668.3470765149818
605242929514279101,0.0,0.0,0.0,0.0,0.0
605442930523496602,0.0,0.0,0.0,0.0,0.0
605542930518208001,0.0,0.0,0.0,0.0,0.0
605642930462346002,0.0,0.0,0.0,0.0,0.0
605842927909613602,0.0,0.0,0.0,0.0,0.0
605842929488900701,0.0,0.0,0.0,0.0,0.0
606042930459235902,3.4347825050354004,3.0925701836401993,73.20122746451861,30.835359573364258,213.38733922024088
606042930524723102,2.5080645084381104,5.166291341544268,66.29906160750714,100.86711120605469,640.6201435295916
606042930533821802,0.0,0.0,0.0,0.0,0.0
606142930530396101,0.0,0.0,0.0,0.0,0.0
606242930529461702,0.0,0.0,0.0,0.0,0.0
606342930473257802,98.0,0.22639246053100223,0.6778989098116948,0.11899399012327194,0.6791773815930067
606342930520935601,0.0,0.0,0.0,0.0,0.0
606342930525324901,0.0,0.0,0.0,0.0,0.0
606442930266044402,0.0,0.0,0.0,0.0,0.0
606442930509031902,0.0,0.0,0.0,0.0,0.0
606542930474426001,0.0,0.0,0.0,0.0,0.0
606542930508410601,0.0,0.0,0.0,0.0,0.0
606742930451742602,2.5542168617248535,5.038314163139716,78.76435104105857,59.75431823730469,418.18006788002515
607042929816234301,0.0,0.0,0.0,0.0,0.0
607042930523355301,2.909090995788574,14.141231782255117,139.12682748538012,31.23443603515625,311.1070892155519
607342928096763401,0.0,0.0,0.0,0.0,0.0
607342930517964902,2.883333444595337,6.645464612538941,137.5943925233645,45.53216552734375,398.72787457047224
607542930518974101,3.161290407180786,5.789759637739358,72.42794944413916,22.824073791503906,179.48253886270447
607642930454021201,0.0,0.0,0.0,0.0,0.0
607642930463621501,0.0,0.0,0.0,0.0,0.0
607642930468169701,0.0,0.0,0.0,0.0,0.0
607642930537271102,0.0,0.0,0.0,0.0,0.0
607742930533867501,0.0,0.0,0.0,0.0,0.0
608142929309521301,0.0,0.0,0.0,0.0,0.0
608242929166128302,0.0,0.0,0.0,0.0,0.0
608342930460180901,3.1666667461395264,9.872463474025974,61.15866741953698,19.799596786499023,118.4695680640903
608342930466842201,0.0,0.0,0.0,0.0,0.0
608442930450561601,2.1111111640930176,2.5723194644179292,62.20218703724798,45.726497650146484,231.50875042799
608442930544190202,0.0,0.0,0.0,0.0,0.0
608642930550485002,3.213592290878296,5.752876309083781,70.4820788530466,102.84125518798828,592.5462599783388
608742930527235302,0.0,0.0,0.0,0.0,0.0
608842930448699501,0.0,0.0,0.0,0.0,0.0
608942930519744202,0.0,0.0,0.0,0.0,0.0
609142930478083502,0.0,0.0,0.0,0.0,0.0
609142930545018002,0.0,0.0,0.0,0.0,0.0
609242930475241401,0.0,0.0,0.0,0.0,0.0
609342930519980402,0.0,0.0,0.0,0.0,0.0
609442929613635201,0.0,0.0,0.0,0.0,0.0
609542928176021402,0.0,0.0,0.0,0.0,0.0
609742930471752701,0.0,0.0,0.0,0.0,0.0
609942930510039901,0.0,0.0,0.0,0.0,0.0
609942930528550401,0.0,0.0,0.0,0.0,0.0
611142930519056902,0.0,0.0,0.0,0.0,0.0
611242930456564601,0.0,0.0,0.0,0.0,0.0
611242930544170802,0.0,0.0,0.0,0.0,0.0
611442929236057902,0.0,0.0,0.0,0.0,0.0
611442930536252502,0.0,0.0,0.0,0.0,0.0
611542928135643301,0.0,0.0,0.0,0.0,0.0
611542930463206002,0.0,0.0,0.0,0.0,0.0
611542930465552501,0.0,0.0,0.0,0.0,0.0
611842930525086802,0.0,0.0,0.0,0.0,0.0
611842930528062002,1.954545497894287,8.222549058710912,79.07466496490109,115.99876403808594,723.5842929388508
611942930458139602,3.095238208770752,6.605067903037384,200.41308411214953,44.822357177734375,554.8257003898265
611942930516991901,1.3623188734054565,31.099450247628347,560.4642857142857,169.57113647460938,2145.862117487937
611942930525522002,0.0,0.0,0.0,0.0,0.0
612142929514163102,0.0,0.0,0.0,0.0,0.0
612342928108786601,1.1292517185211182,5.199855490916163,141.21050704740983,74.6854019165039,764.3787587976011
612342930457889302,1.1232876777648926,5.458648734348014,56.09455958549223,39.34589767456055,398.48136139924867
612342930543404502,0.0,0.0,0.0,0.0,0.0
612442930473165602,0.0,0.0,0.0,0.0,0.0
612542928601833902,0.0,0.0,0.0,0.0,0.0
612742930457760601,0.0,0.0,0.0,0.0,0.0
612742930473475701,0.0,0.0,0.0,0.0,0.0
612742930509766401,0.0,0.0,0.0,0.0,0.0
612942930464604802,0.0,0.0,0.0,0.0,0.0
613142930522255301,0.0,0.0,0.0,0.0,0.0
613142930527786601,0.0,0.0,0.0,0.0,0.0
613142930541713601,0.0,0.0,0.0,0.0,0.0
613242930469281302,0.0,0.0,0.0,0.0,0.0
613342930527812301,0.0,0.0,0.0,0.0,0.0
613642930458178401,0.0,0.0,0.0,0.0,0.0
613742930531180301,2.528571367263794,3.3219202430196484,134.10786731365843,80.418701171875,465.0688142009514
613842930474030501,0.0,0.0,0.0,0.0,0.0
613842930529166701,0.0,0.0,0.0,0.0,0.0
613842930530935001,0.0,0.0,0.0,0.0,0.0
614042930510485702,0.0,0.0,0.0,0.0,0.0
614142930449855601,0.0,0.0,0.0,0.0,0.0
614142930545162802,0.0,0.0,0.0,0.0,0.0
614242930526869301,0.0,0.0,0.0,0.0,0.0
614342930316630702,0.0,0.0,0.0,0.0,0.0
614442930529223002,0.0,0.0,0.0,0.0,0.0
614642930460835202,0.016304347664117813,5.7031156913065395,0.09674167086751295,105.14710998535156,1049.3732768522436
614942930520133301,4.0,14.56444838728017,46.08095815645846,7.706153869628906,72.82224149223961
615042930535854102,6.051723957061768,12.619181929758309,188.3695871097684,77.8818130493164,731.912561771973
615242930529026902,0.0,0.0,0.0,0.0,0.0
615242930534894001,0.0,0.0,0.0,0.0,0.0
615542930453514002,0.0,0.0,0.0,0.0,0.0
615542930472245601,1.8701298236846924,3.3820523074307616,64.5351137487636,43.0163459777832,260.4180211992575
615542930472598101,0.0,0.0,0.0,0.0,0.0
615542930524160001,0.0,0.0,0.0,0.0,0.0
615642928791241702,0.0,0.0,0.0,0.0,0.0
615642930453924201,0.0,0.0,0.0,0.0,0.0
615642930548013602,0.0,0.0,0.0,0.0,0.0
615742930472569902,0.0,0.0,0.0,0.0,0.0
615742930517542101,0.0,0.0,0.0,0.0,0.0
615842930452120801,0.0,0.0,0.0,0.0,0.0
615842930464614501,0.0,0.0,0.0,0.0,0.0
615842930540550801,0.0,0.0,0.0,0.0,0.0
616142930535327501,0.0,0.0,0.0,0.0,0.0
616342928009789001,0.0,0.0,0.0,0.0,0.0
616342930540564901,0.0,0.0,0.0,0.0,0.0
616542930525105801,0.0,0.0,0.0,0.0,0.0
616842929189316902,0.7551020383834839,7.0299718258154655,21.302919708029197,41.104068756103516,344.46861349927246
616842930524612002,2.4897959232330322,8.602026341623036,263.5746596858639,52.16551208496094,421.49930747626337
616942930507685202,0.0,0.0,0.0,0.0,0.0
617242930472545102,0.0,0.0,0.0,0.0,0.0
617542930461420101,0.0,0.0,0.0,0.0,0.0
617742930535217001,0.0,0.0,0.0,0.0,0.0
617942930460510202,0.0,0.0,0.0,0.0,0.0
618042930451043001,0.0,0.0,0.0,0.0,0.0
618042930525354301,0.0,0.0,0.0,0.0,0.0
618342930517732602,0.1550387591123581,10.145230981588831,8.847811887655128,110.03714752197266,1308.7348053818198
618442930479187302,0.0,0.0,0.0,0.0,0.0
618642930476813602,0.0,0.0,0.0,0.0,0.0
618842930525478901,1.3135592937469482,5.4245096124773236,1176.6996573271517,181.91722106933594,1280.184279846751
619042930458308802,0.0,0.0,0.0,0.0,0.0
619442930456902601,0.0,0.0,0.0,0.0,0.0
619642930461679002,0.0,0.0,0.0,0.0,0.0
619642930467832502,0.0,0.0,0.0,0.0,0.0
619842930518854401,0.0,0.0,0.0,0.0,0.0
621242930519112201,0.0,0.0,0.0,0.0,0.0
621342930458041402,44.14285659790039,1.3037877552023742,9.127383676582761,1.8827978372573853,9.126514030357612
621342930460442702,0.0,0.0,0.0,0.0,0.0
621442930509631801,0.0,0.0,0.0,0.0,0.0
621442930533515701,0.0,0.0,0.0,0.0,0.0
621442930542426801,3.085470199584961,10.256309858807267,286.9186413902054,95.09724426269531,1199.9882483316635
621842928305365001,0.0,0.0,0.0,0.0,0.0
621942930527380301,1.8981481790542603,9.315169465755988,327.4562874251497,91.46544647216797,1006.0383313860008
622142930525597202,0.0,1.720504053931795,0.0,0.12064381688833237,1.720504053931795
622342930454373401,0.0,0.0,0.0,0.0,0.0
622342930530575101,0.0,0.0,0.0,0.0,0.0
622542930524635402,0.0,0.0,0.0,0.0,0.0
623042930453137202,0.0,0.0,0.0,0.0,0.0
623042930474490501,1.2847222089767456,4.230785940116001,10.943554173642669,75.65425872802734,609.2331791403076
623042930476919301,2.1931817531585693,5.540056770833333,81.60266666666666,38.376190185546875,487.52500144042966
623142930537296402,2.5,60.44931265024039,192.75320512820514,13.026193618774414,241.79725607847556
623342930473502501,0.0,19.84843016961386,35.962468422952,18.477449417114258,158.7874404524518
623742930507962602,0.0,0.0,0.0,0.0,0.0
623742930536195201,0.01785714365541935,10.76642538776328,21.750915750915752,133.94674682617188,1205.8396316869218
623942928258542701,0.0,74.57015528250774,0.0,7.077274799346924,74.57015528250774
623942930530823901,0.0,0.0,0.0,0.0,0.0
624142929684805401,0.0,0.0,0.0,0.0,0.0
624142930451687501,0.0,0.0,0.0,0.0,0.0
624242930455754701,0.0,0.0,0.0,0.0,0.0
624242930475530502,0.7383720874786377,4.433807254280896,75.78742540863098,79.58362579345703,762.6148705202476
624342930529722402,0.0,0.0,0.0,0.0,0.0
624342930532757901,0.0,0.0,0.0,0.0,0.0
624442928726031502,0.0,0.0,0.0,0.0,0.0
624442930464003901,0.0,0.0,0.0,0.0,0.0
624542930530514701,3.15625,3.233224377735473,19.38454969220368,16.21341323852539,103.46317897555421
624742930142486002,0.0,0.0,0.0,0.0,0.0
624742930530714801,164.0,28.6697247706422,57.3394495412844,9.267311096191406,57.3394495412844
624942930479378202,1.2246376276016235,6.137234391113785,98.33722928841526,77.07848358154297,846.9383437929387
624942930509974501,0.0,0.0,0.0,0.0,0.0
625042930475269601,0.0,0.0,0.0,0.0,0.0
625142930460858601,0.0,0.0,0.0,0.0,0.0
625342929466954002,0.0,0.0,0.0,0.0,0.0
625442930530055402,0.7338709831237793,2.7751377001109527,38.4835156126169,0.0,344.1170748838968
625542930533010301,0.0,0.0,0.0,0.0,0.0
625742930470569001,0.0,0.0,0.0,0.0,0.0
625842930518152502,53.5,5.097320463539215,10.194655091260918,1.1199049949645996,10.19464092707843
626142930480164301,0.0,0.0,0.0,0.0,0.0
626142930540691101,2.384000062942505,5.455244647593785,85.83895414929897,112.0772933959961,681.9055919524349
626142930545055902,0.0,0.0,0.0,0.0,0.0
626442930541959602,0.0,0.0,0.0,0.0,0.0
626642930534157502,0.0,0.0,0.0,0.0,0.0
626742930469978402,0.0,0.0,0.0,0.0,0.0
626742930547755901,0.0,0.0,0.0,0.0,0.0
626942930531391002,1.9090908765792847,1.423754140214279,10.06646639128802,2.245208740234375,15.661295711389844
626942930550762501,0.0,5.073595843236819,118.32994814174589,40.38645553588867,294.268567763636
627142930477846402,3.2735848426818848,9.275803765039171,554.1958589815333,140.8219757080078,983.2352300045139
627142930519283702,0.0,0.0,0.0,0.0,0.0
627242930521030802,0.0,0.0,0.0,0.0,0.0
627242930530633202,0.0,0.0,0.0,0.0,0.0
627742930535001801,0.0,0.0,0.0,0.0,0.0
627742930542430902,0.0,0.0,0.0,0.0,0.0
627842930454353502,1.4862384796142578,6.703512213979625,1358.7684346701164,202.77281188964844,1461.3656347633025
627842930455116302,0.0,0.0,0.0,0.0,0.0
627842930527026502,0.0,0.0,0.0,0.0,0.0
627942930468002802,0.0,0.0,0.0,0.0,0.0
628042930476683502,0.0,0.0,0.0,0.0,0.0
628242930463571801,2.6930692195892334,4.848988591641679,78.47959353656505,81.85015869140625,489.74783161626584
628242930528148101,1.1486486196517944,6.006940766242938,84.8087570621469,75.18211364746094,444.5136175602843
628442930546282602,0.0,0.0,0.0,0.0,0.0
628542930529940802,0.0,0.0,0.0,0.0,0.0
628742930447174202,0.0,0.0,0.0,0.0,0.0
629142930462199101,0.0,0.0,0.0,0.0,0.0
629342930476512301,0.0,0.0,0.0,0.0,0.0
629342930509172202,0.0,0.0,0.0,0.0,0.0
629442930454891802,0.0,0.0,0.0,0.0,0.0
629442930546221601,0.0,0.0,0.0,0.0,0.0
629542930524103602,0.0,0.0,0.0,0.0,0.0
629942930465575701,0.0,0.0,0.0,0.0,0.0
631342930544564001,9.90625,3.1637410996835444,65.22908910399603,8.299083709716797,101.23971744706833
631442930453559201,2.60606050491333,2.9600663716814157,40.07805309734513,33.40056228637695,195.3643772547224
631442930465223901,0.0,0.0,0.0,0.0,0.0
631442930478758802,0.0,0.0,0.0,0.0,0.0
631442930534697501,0.11522633582353592,5.969435109976998,58.259344450833815,197.7413330078125,1450.5727294302544
631442930544035201,0.0,0.0,0.0,0.0,0.0
631542930137891201,0.0,0.0,0.0,0.0,0.0
631642930515728402,0.0,0.0,0.0,0.0,0.0
631742929269314901,0.0,0.0,0.0,0.0,0.0
631842930544615602,0.0,0.0,0.0,0.0,0.0
631842930546616102,0.0,0.0,0.0,0.0,0.0
632142929417331502,0.0,0.0,0.0,0.0,0.0
632142930475451901,3.7878787517547607,8.773033376439846,98.7815699658703,88.72828674316406,579.0202020361969
632142930529489601,2.825396776199341,8.94194295407383,401.09086937527303,81.76740264892578,563.3424154667418
632242928242485402,0.0,0.0,0.0,0.0,0.0
632242928726267002,0.0,0.0,0.0,0.0,0.0
632242930528090201,0.0260869562625885,4.838668162618796,0.5665258711721225,95.04029083251953,556.4468674284603
632542930460063802,0.0,0.0,0.0,0.0,0.0
632742928602899402,0.0,0.0,0.0,0.0,0.0
632742930471641102,0.0,0.0,0.0,0.0,0.0
632842930545035902,0.0,0.0,0.0,0.0,0.0
633042930524124402,0.0,0.0,0.0,0.0,0.0
633142930479439902,0.0,0.0,0.0,0.0,0.0
633142930480181601,0.0,0.0,0.0,0.0,0.0
633142930546696501,0.0,0.0,0.0,0.0,0.0
633742930519064501,0.0,0.0,0.0,0.0,0.0
634042930454923601,0.0,0.0,0.0,0.0,0.0
634142930378995901,0.0,0.0,0.0,0.0,0.0
634242930480300802,0.0,0.0,0.0,0.0,0.0
634342930517827402,0.0,0.0,0.0,0.0,0.0
634342930538918502,0.0,45.69691664931278,45.697001249479385,7.801111221313477,45.69691664931278
634442928570877701,1.545454502105713,2.1576774332486113,10.305104286762393,2.897491455078125,23.73445090531878
634442928601879102,0.0,0.0,0.0,0.0,0.0
634442930509229101,0.0,0.0,0.0,0.0,0.0
634542930516387001,0.0,0.0,0.0,0.0,0.0
634542930518933602,2.3125,6.386369461214262,31.632418270873675,11.237222671508789,102.18191315924365
634542930547167301,0.5,12.052486274020465,23.763913151984028,1.9495890140533447,24.104972091076945
635042930475778201,1.541284441947937,6.963723158170391,96.1391061452514,95.66024017333984,759.0458211972726
635242930466868001,0.0,0.0,0.0,0.0,0.0
635242930523886601,0.0,0.0,0.0,0.0,0.0
635342930529573401,1.7000000476837158,2.5862409577546295,33.10444444444445,6.205949306488037,51.72481929072627
635442930450110302,0.0,0.0,0.0,0.0,0.0
635442930457627902,2.796610116958618,4.44033321856003,57.22644376899696,33.25975036621094,261.97965999553026
635542930533071202,2.846153736114502,1.0831606144195889,12.611285771866182,2.49261736869812,14.08108802312615
635842930448036901,0.0,0.0,0.0,0.0,0.0
635942930457087702,0.0,0.0,0.0,0.0,0.0
636142930528352101,0.0,0.0,0.0,0.0,0.0
636342930526638701,0.0,0.0,0.0,0.0,0.0
636442930460092501,0.0,0.0,0.0,0.0,0.0
636442930520175701,0.0,0.0,0.0,0.0,0.0
636542930536561801,0.0,0.0,0.0,0.0,0.0
636742928865301501,0.0,0.0,0.0,0.0,0.0
636742929020918202,0.0,0.0,0.0,0.0,0.0
636842930510820302,0.0,0.0,0.0,0.0,0.0
636842930525655902,0.0,0.0,0.0,0.0,0.0
636942930472736801,0.0,0.0,0.0,0.0,0.0
637142930511097902,0.0,0.0,0.0,0.0,0.0
637542930466070001,0.0,0.0,0.0,0.0,0.0
637642930474869901,0.0,0.0,0.0,0.0,0.0
637642930550717001,0.0,0.0,0.0,0.0,0.0
637742930532452802,0.0,0.0,0.0,0.0,0.0
637842928603015501,0.0,0.0,0.0,0.0,0.0
637842930510482502,0.0,0.0,0.0,0.0,0.0
637942930548982002,0.0,0.0,0.0,0.0,0.0
638042930450992201,0.0,0.0,0.0,0.0,0.0
638042930509034601,0.0,0.0,0.0,0.0,0.0
638042930529760102,0.0,0.0,0.0,0.0,0.0
638042930538055401,0.0,0.0,0.0,0.0,0.0
638142930447921202,0.0,0.0,0.0,0.0,0.0
638142930450063801,0.0,0.0,0.0,0.0,0.0
638142930455866601,0.0,0.0,0.0,0.0,0.0
638142930540569102,0.0,0.0,0.0,0.0,0.0
638242930455311801,0.0,0.0,0.0,0.0,0.0
638242930533781801,0.0,204.26439492517892,0.0,17.11441993713379,204.26439492517892
638542930476079201,0.0,0.0,0.0,0.0,0.0
638642930519829201,0.0,0.0,0.0,0.0,0.0
638742930527718701,0.0,0.0,0.0,0.0,0.0
638842930452336902,0.0,0.0,0.0,0.0,0.0
639042930529309401,0.0,0.0,0.0,0.0,0.0
639142930518547302,0.0,0.0,0.0,0.0,0.0
639142930529139001,0.0,0.0,0.0,0.0,0.0
639342930454898101,0.0,0.0,0.0,0.0,0.0
639342930461614402,0.0,0.0,0.0,0.0,0.0
639342930465207602,0.0,0.0,0.0,0.0,0.0
639442928988290801,0.0,0.0,0.0,0.0,0.0
639442930538235001,0.0,0.0,0.0,0.0,0.0
639542930532563901,0.0,0.0,0.0,0.0,0.0
639642930530084702,0.0,0.0,0.0,0.0,0.0
641142930477278001,0.0,0.0,0.0,0.0,0.0
641242930464771301,0.0,0.0,0.0,0.0,0.0
641242930528742302,0.0,0.0,0.0,0.0,0.0
641242930548136302,0.0,0.0,0.0,0.0,0.0
641342930545059402,0.0,0.0,0.0,0.0,0.0
641442929528823102,0.0,0.0,0.0,0.0,0.0
641442930464779301,0.0,0.0,0.0,0.0,0.0
641442930524145502,0.0,0.0,0.0,0.0,0.0
641742930516236501,0.0,0.0,0.0,0.0,0.0
641842928570742801,0.0,0.0,0.0,0.0,0.0
641942930474911501,0.0,0.0,0.0,0.0,0.0
641942930534201702,0.0,0.0,0.0,0.0,0.0
642042930525103802,0.0,0.0,0.0,0.0,0.0
642142930542004602,1.6666666269302368,2.813900393427188,21.855989956958393,4.024003982543945,33.7668040041602
642242930456211802,0.0,0.0,0.0,0.0,0.0
642342930453637401,0.0,0.0,0.0,0.0,0.0
642342930457120101,0.0,0.0,0.0,0.0,0.0
642542930456223802,0.0,0.0,0.0,0.0,0.0
642642930474766001,0.0,0.0,0.0,0.0,0.0
642742930526624501,0.0,0.0,0.0,0.0,0.0
643142930459533201,0.0,0.0,0.0,0.0,0.0
643142930519928302,2.5151515007019043,4.18992611868163,78.32949830252736,51.77816390991211,276.53513213006204
643242929821047101,0.0,0.0,0.0,0.0,0.0
643442930550034201,0.0,0.0,0.0,0.0,0.0
643742930454947202,0.0,0.0,0.0,0.0,0.0
643742930476853602,0.0,0.0,0.0,0.0,0.0
643742930524019802,0.0,0.0,0.0,0.0,0.0
643742930542962201,0.0,0.0,0.0,0.0,0.0
643942930525309802,0.0,0.0,0.0,0.0,0.0
644142930446451802,0.0,0.0,0.0,0.0,0.0
644142930474924401,0.0,0.0,0.0,0.0,0.0
644642930474099402,2.3333332538604736,3.5718558294502394,12.741450068399454,2.092571258544922,21.43113547767399
644642930510593801,5.94915246963501,5.562139863187199,328.1653290529695,31.97773551940918,328.16624212188475
644742929681216001,0.0,0.0,0.0,0.0,0.0
644742930477479302,0.0,0.0,0.0,0.0,0.0
644942930511287101,0.0,0.0,0.0,0.0,0.0
644942930516721002,0.0,0.0,0.0,0.0,0.0
645042930468804501,2.5,7.2339654017857145,14.468,1.7988547086715698,14.467931361607143
645242930524530001,0.0,0.0,0.0,0.0,0.0
645342930532493602,0.0,0.0,0.0,0.0,0.0
645542930453093001,0.0,0.0,0.0,0.0,0.0
645742930461298301,0.0,0.0,0.0,0.0,0.0
646142930516997802,0.0,0.0,0.0,0.0,0.0
646442930476673001,3.6891891956329346,15.963349284491194,107.49510763209393,154.30303955078125,1181.2878772293284
646442930515735902,2.264150857925415,3.270161058796509,46.1480630837544,25.355398178100586,173.31853589426046
646742928967163401,0.0,0.0,0.0,0.0,0.0
646742930464184902,0.0,0.0,0.0,0.0,0.0
646742930527254501,0.0,0.0,0.0,0.0,0.0
647042929800407201,0.0,0.0,0.0,0.0,0.0
647042930457784202,0.0,0.0,0.0,0.0,0.0
647142930520231302,0.0,0.0,0.0,0.0,0.0
647242930515716702,0.0,0.0,0.0,0.0,0.0
647242930529731001,0.0,0.0,0.0,0.0,0.0
647542927963609202,2.214723825454712,5.670158330811138,324.93929436181253,90.49745178222656,924.2358297825025
647642930462303702,2.923076868057251,7.81175880479399,68.51208178438662,39.57508087158203,304.6585963106215
647942930515080402,0.2905983030796051,6.360753554160753,19.51596877217885,104.6748046875,744.2081711865893
648042930528529302,1.6240601539611816,5.8040745974648855,293.03220280918123,122.137939453125,771.9419255667417
648342930459509102,2.8773584365844727,5.132817972707188,52.82595107231383,90.71833801269531,544.0787173827309
648342930463022901,1.5632911920547485,4.871260874746753,91.91857347157669,89.52173614501953,769.6592429518743
648342930527411001,0.0,0.0,0.0,0.0,0.0
648342930534785301,0.0,0.0,0.0,0.0,0.0
648342930547014502,0.0,0.0,0.0,0.0,0.0
648442930449073502,0.0,0.0,0.0,0.0,0.0
648442930526664902,0.0,0.0,0.0,0.0,0.0
648442930547127301,0.0,0.0,0.0,0.0,0.0
648642930531693201,0.0,0.0,0.0,0.0,0.0
648742930454987101,0.0,0.0,0.0,0.0,0.0
648742930478797202,12.107142448425293,11.732471264367817,262.8241379310345,43.173831939697266,328.5091863180029
648742930524846701,0.0,0.0,0.0,0.0,0.0
648842930460023301,0.0,0.0,0.0,0.0,0.0
648942929567799701,0.0,0.0,0.0,0.0,0.0
648942930449110702,0.0,0.0,0.0,0.0,0.0
649042930527078002,0.0,0.0,0.0,0.0,0.0
649142930518226402,1.7236181497573853,4.953693574389682,856.8383233532934,95.113037109375,985.7850027708126
649342930117707001,0.0,26.773081204227697,0.0,22.527191162109375,294.50388186844623
649442930480047802,0.0,0.0,0.0,0.0,0.0
649642930467947801,0.0,0.0,0.0,0.0,0.0
649742930539647002,2.5634920597076416,9.120015653203971,183.10108303249098,91.70658874511719,1149.1219965015507
649942930476139101,4.230769157409668,30.47847772188927,323.8972602739726,43.08559036254883,396.2202074582174
649942930479236002,0.0,0.0,0.0,0.0,0.0
651142930450359001,0.0,0.0,0.0,0.0,0.0
651342928887918302,0.0,0.0,0.0,0.0,0.0
651442930479445702,0.0,0.0,0.0,0.0,0.0
651642930515551701,0.0,0.0,0.0,0.0,0.0
651742930533814901,0.0,0.0,0.0,0.0,0.0
651842930526320601,3.244680881500244,5.7871484237986675,63.98807435987373,120.72332000732422,543.9919255463043
651942930454825201,0.0,0.0,0.0,0.0,0.0
651942930478231102,0.0,0.0,0.0,0.0,0.0
652142930447137102,0.0,0.0,0.0,0.0,0.0
652142930509584901,0.0,0.0,0.0,0.0,0.0
652442930515802601,0.0,6.191763178913738,0.0,74.42102813720703,619.1763021987086
652542930454752501,0.0,0.0,0.0,0.0,0.0
652542930546548902,0.0,0.0,0.0,0.0,0.0
652642930533782602,14.0,4.669584227037071,23.3479537529822,2.6969707012176514,23.347920687138696
652842930516145901,2.7652173042297363,12.474988758992806,357.416640600563,123.14508056640625,1434.6236616951396
652842930529521401,0.0,0.0,0.0,0.0,0.0
653042927963768501,0.0,64.88941900414157,16.434487951807228,5.514066696166992,64.88941900414157
653042930542015202,0.0,0.0,0.0,0.0,0.0
653142930459478902,0.0,0.0,0.0,0.0,0.0
653142930479524002,0.0,0.0,0.0,0.0,0.0
653342930508972101,0.0,0.0,0.0,0.0,0.0
653342930533725301,3.200000047683716,4.73442168644117,39.681596658157346,12.330477714538574,118.360537479637
653542930529153902,0.0,0.0,0.0,0.0,0.0
653642930462867801,0.0,0.0,0.0,0.0,0.0
653742930510384802,0.0,0.0,0.0,0.0,0.0
653842929400256501,0.0,0.0,0.0,0.0,0.0
653842929696743002,1.1827956438064575,4.426269879028668,53.73753561253561,52.44127655029297,411.6430973184754
653842930453388901,2.6039605140686035,7.8845624886884655,88.98214285714286,105.45928955078125,796.3408288486215
653842930473075901,3.5,19.05867381079841,87.29764453961457,9.962172508239746,152.46939495620686
653942930509065402,3.857142925262451,4.749528543690433,25.828445747800586,2.837185859680176,33.24670070077667
654042930449629701,0.0,0.0,0.0,0.0,0.0
654042930470916901,2.7051281929016113,7.329892180686773,97.9922480620155,79.81038665771484,571.7315778565961
654242930542632701,2.3636362552642822,5.029385485002371,130.4189061018021,103.04823303222656,663.8788693621307
654342930546863601,0.0,0.0,0.0,0.0,0.0
654542930474824902,1.7777777910232544,2.9310424066146283,9.791702679343128,2.2839462757110596,26.379381629858123
654542930477661102,0.0,0.0,0.0,0.0,0.0
654642930453465602,0.0,19.85283821566642,0.0,22.8299617767334,575.7323021193491
654642930454790701,0.0,0.0,0.0,0.0,0.0
654642930460302701,0.0,0.0,0.0,0.0,0.0
654942930509543701,0.0,0.0,0.0,0.0,0.0
655042930472188302,0.0,0.0,0.0,0.0,0.0
655042930479484502,0.0,0.0,0.0,0.0,0.0
655142928726124202,0.0,0.0,0.0,0.0,0.0
655342930509983701,0.0,0.0,0.0,0.0,0.0
655342930543181102,0.0,0.0,0.0,0.0,0.0
655442930469818502,3.4000000953674316,5.431289705619184,33.441660701503224,14.85687255859375,135.78224238704252
655442930510824702,0.0,0.0,0.0,0.0,0.0
655842928887872002,0.0,0.0,0.0,0.0,0.0
655842930523085001,2.703389883041382,7.848529910407274,192.99014288989073,98.15235900878906,926.1265183958385
656042930475018502,0.0,0.0,0.0,0.0,0.0
656242930456953401,0.0,0.0,0.0,0.0,0.0
656242930473377402,0.0,0.0,0.0,0.0,0.0
656342930342691002,0.0,0.0,0.0,0.0,0.0
656442930472250401,2.0,6.483752459016394,20.834124590163935,3.3250577449798584,25.935009221311475
656542928592761601,0.0,0.0,0.0,0.0,0.0
656542930543599602,0.0,0.0,0.0,0.0,0.0
656642930474235001,0.0,0.0,0.0,0.0,0.0
656642930517305401,3.222222328186035,11.468849279081134,218.34213098729228,32.4757194519043,516.0982013601712
656742928789992001,0.0,0.0,0.0,0.0,0.0
656842930475431902,0.0,0.0,0.0,0.0,0.0
657242928887312101,0.0,0.0,0.0,0.0,0.0
657342930541170002,0.0,0.0,0.0,0.0,0.0
657442930477734402,2.8764045238494873,6.420508531693845,571.4239873750657,34.20146942138672,571.4252487254857
657742930465781302,0.0,0.0,0.0,0.0,0.0
657742930474796002,0.0,0.0,0.0,0.0,0.0
657742930532598501,0.0,0.0,0.0,0.0,0.0
658142930473567902,0.0,0.0,0.0,0.0,0.0
658142930546394001,0.0,0.0,0.0,0.0,0.0
658642929303719501,2.8125,5.815301980525203,37.01639055340148,21.178953170776367,186.08965982632776
658942930456879602,2.0,6.9998145565912795,66.50774246128769,12.845417022705078,90.9975866117221
658942930479038602,0.0,0.0,0.0,0.0,0.0
659142928232753901,0.0,0.0,0.0,0.0,0.0
659142930532505601,0.0,0.0,0.0,0.0,0.0
659542930519222201,0.0,0.0,0.0,0.0,0.0
659742930464854101,1.8355263471603394,5.0500766733791265,767.6107926467681,124.64851379394531,767.6116275519463
659742930544352401,0.0,0.0,0.0,0.0,0.0
659842930534373901,0.0,0.0,0.0,0.0,0.0
659942929259428501,0.0,0.0,0.0,0.0,0.0
659942930461469101,0.0,0.0,0.0,0.0,0.0
659942930519363301,0.0,0.0,0.0,0.0,0.0
661142930533758202,3.2666666507720947,5.1264835773128095,80.72246287128714,57.7938232421875,307.5890210869879
661242930541930402,0.0,0.0,0.0,0.0,0.0
661342930531787402,0.0,0.0,0.0,0.0,0.0
661542930458841401,1.7599999904632568,3.0155025762702663,24.40706427330631,12.730650901794434,75.38756785754461
661542930526107101,0.16161616146564484,6.07065207429024,83.63632097606758,159.57449340820312,1201.9890671850426
661642928062746602,0.0,0.0,0.0,0.0,0.0
662142928255461701,0.0,0.0,0.0,0.0,0.0
662142930529150601,0.0,0.0,0.0,0.0,0.0
662242930517506301,2.302325487136841,20.304299347310128,119.78987341772152,183.14820861816406,1746.169736316536
662342930463195201,0.0,0.0,0.0,0.0,0.0
662342930464993502,0.0,0.0,0.0,0.0,0.0
662542930461143901,0.0,0.0,0.0,0.0,0.0
662542930525213101,0.0,0.0,0.0,0.0,0.0
662742929621897902,0.0,0.0,0.0,0.0,0.0
662742930474015002,2.0138888359069824,3.9494342317817397,52.92965691721226,90.28727722167969,568.7185477531617
662942930534037001,0.0,0.0,0.0,0.0,0.0
663042930479679601,0.0,0.0,0.0,0.0,0.0
663042930524347201,0.0,0.0,0.0,0.0,0.0
663142929839447601,0.0,0.0,0.0,0.0,0.0
663342930451105601,0.0,0.0,0.0,0.0,0.0
663542930529957101,0.0,0.0,0.0,0.0,0.0
663642930480208101,0.0,0.0,0.0,0.0,0.0
663742930515497202,1.7999999523162842,5.923398416766189,30.408174097664542,7.228396415710449,59.233985884680614
663842930455452701,0.0,0.0,0.0,0.0,0.0
664042930448245002,0.0,0.0,0.0,0.0,0.0
664042930459310502,0.0,0.0,0.0,0.0,0.0
664042930542970902,0.0,0.0,0.0,0.0,0.0
664242930518346602,0.0,0.0,0.0,0.0,0.0
664642930528521401,12.680000305175781,6.756539504817531,168.91268758526604,26.266582489013672,168.9134819660473
664742929309406402,0.0,0.0,0.0,0.0,0.0
664742930179843902,0.0,0.0,0.0,0.0,0.0
664742930518939202,0.0,0.0,0.0,0.0,0.0
664742930532198301,0.0,0.0,0.0,0.0,0.0
664942930450522402,0.0,0.0,0.0,0.0,0.0
665142930474649402,0.0,40.25011206193969,19.86079869600652,7.055314064025879,40.25011206193969
665242930463609802,0.0,0.0,0.0,0.0,0.0
665342930460685202,0.0,0.0,0.0,0.0,0.0
665342930528787802,0.0,0.0,0.0,0.0,0.0
665642930550842201,0.0,0.0,0.0,0.0,0.0
665742930527645201,0.0,0.0,0.0,0.0,0.0
665842929380279101,0.0,0.0,0.0,0.0,0.0
665842930471889901,0.0,0.0,0.0,0.0,0.0
665842930528854901,0.0,0.0,0.0,0.0,0.0
665942929400362701,3.4380953311920166,35.61855021956699,800.7058823529412,141.87649536132812,3739.947903234195
665942930515546002,3.142857074737549,13.532708583733974,409.0544871794872,98.14795684814453,1326.205421506467
665942930524702001,0.0,0.0,0.0,0.0,0.0
665942930543219101,0.0,0.0,0.0,0.0,0.0
666042930475028101,0.0,0.0,0.0,0.0,0.0
666042930525712202,0.0,0.0,0.0,0.0,0.0
666142930462109402,0.0,0.0,0.0,0.0,0.0
666142930464828901,0.0,0.0,0.0,0.0,0.0
666142930533023602,0.0,0.0,0.0,0.0,0.0
666242928113204401,0.0,0.0,0.0,0.0,0.0
666242930516082801,0.0,0.0,0.0,0.0,0.0
666242930525492302,0.0,0.0,0.0,0.0,0.0
666342930519029801,1.82876718044281,3.6409882549434016,63.979080097435165,94.40545654296875,531.5842868637127
666342930544643602,0.0,0.0,0.0,0.0,0.0
666442930480433801,0.0,0.0,0.0,0.0,0.0
666442930546688702,0.0,0.0,0.0,0.0,0.0
666942930531738801,2.7090909481048584,7.708636087678936,261.63496932515335,97.36792755126953,847.9499937615268
667042929885514702,4.41304349899292,18.514825725699698,168.32261724659605,61.87913131713867,851.6819643144709
667042930450950202,0.0,0.0,0.0,0.0,0.0
667142927966337801,0.0,0.0,0.0,0.0,0.0
667142930518229601,0.0,0.0,0.0,0.0,0.0
667242930457538102,0.0,0.0,0.0,0.0,0.0
667342928113248801,0.0,0.0,0.0,0.0,0.0
667442930464212402,0.0,0.0,0.0,0.0,0.0
667442930515645402,0.0,0.0,0.0,0.0,0.0
667442930549503402,0.0,0.0,0.0,0.0,0.0
667942930528227902,0.0,0.0,0.0,0.0,0.0
667942930530965901,0.0,0.0,0.0,0.0,0.0
668042928091088502,0.0,0.0,0.0,0.0,0.0
668142930526970101,0.0,0.0,0.0,0.0,0.0
668242930533365502,0.025316456332802773,8.103630491839985,13.813265001492686,69.1542739868164,640.1868356770574
668442930532995202,0.0,0.0,0.0,0.0,0.0
668642930527433401,0.0,0.0,0.0,0.0,0.0
668642930544536701,0.9685534834861755,5.31083204867997,255.96108081308876,138.52255249023438,844.4223094669734
668742928235978602,0.0,0.0,0.0,0.0,0.0
668842930538829901,0.0,0.0,0.0,0.0,0.0
668942930527960502,0.0,0.0,0.0,0.0,0.0
668942930529847002,2.952380895614624,5.286670204526954,31.539073806078147,18.17597198486328,111.02007221934075
669142930289529202,0.0,0.0,0.0,0.0,0.0
669142930450104201,2.2868216037750244,6.46564453125,770.2981818181818,134.2190704345703,834.0681704261086
669242930527333102,0.0,0.0,0.0,0.0,0.0
669242930529373802,0.0,0.0,0.0,0.0,0.0
669342930526060301,0.0,0.0,0.0,0.0,0.0
669442930474293901,0.0,151.24372033227849,-98.73417721518987,0.0,151.24372033227849
669642930539906702,1.7659574747085571,6.292190035350023,39.5091948694174,49.621910095214844,295.7329328310322
669842930542477401,0.23728813230991364,5.518730561315166,3.4305504921618666,42.42333984375,325.6050927333922
671142930534395002,0.0,0.0,0.0,0.0,0.0
671242930455919502,0.0,0.0,0.0,0.0,0.0
671542930478300201,0.0,0.0,0.0,0.0,0.0
671642928739595002,3.1041667461395264,6.260760802327713,59.52394916911046,48.07632827758789,300.51652135876964
671742930528968102,0.0,0.0,0.0,0.0,0.0
671842927929385701,0.0,0.0,0.0,0.0,0.0
671942930546143302,0.0,0.0,0.0,0.0,0.0
672042929801894901,0.0,0.0,0.0,0.0,0.0
672142928726429701,0.0,0.0,0.0,0.0,0.0
672142929373030202,0.0,0.0,0.0,0.0,0.0
672442930530787602,0.0,0.0,0.0,0.0,0.0
672542930080417901,0.0,0.0,0.0,0.0,0.0
672742930531909101,0.0,0.0,0.0,0.0,0.0
673042930517612002,0.0,0.0,0.0,0.0,0.0
673042930529893101,0.48275861144065857,4.143680387446205,18.474374021909235,74.57474517822266,480.66692546387793
673142930477769301,0.0,0.0,0.0,0.0,0.0
673142930516487402,7.21999979019165,3.413112550369724,70.6999002991027,30.644752502441406,170.65562773273805
673242930461406401,0.0,0.0,0.0,0.0,0.0
673342930467794802,0.0,0.0,0.0,0.0,0.0
673342930518841002,0.0,0.0,0.0,0.0,0.0
673342930534726802,0.0,0.0,0.0,0.0,0.0
673442930531133301,1.698113203048706,8.247810132575758,1704.7057787174067,179.82786560058594,1748.5357148427204
673542930463546502,0.0,0.0,0.0,0.0,0.0
673742930533903301,0.0,0.0,0.0,0.0,0.0
673842930475061702,0.0,0.0,0.0,0.0,0.0
674042930461682601,0.0,95.64696289785344,0.0,11.884736061096191,95.64696289785344
674142930516069702,0.0,0.0,0.0,0.0,0.0
674242930435870002,2.2875816822052,8.0790123507235,257.5310320781032,96.9904556274414,1236.0889084495427
674242930473017302,0.0,0.0,0.0,0.0,0.0
674342930457227401,0.0,1.2480813447084955,0.0,1.4356305599212646,8.736569471151865
674342930524419701,0.0,0.0,0.0,0.0,0.0
674542930458635101,0.0,0.0,0.0,0.0,0.0
674542930480126701,0.0,0.0,0.0,0.0,0.0
674742930528798301,0.7142857313156128,1.1623358908742683,6.30259382531849,2.947275161743164,16.272702046681886
675142930451155701,0.0,0.0,0.0,0.0,0.0
675142930540256901,0.0,0.0,0.0,0.0,0.0
675242928055989402,0.0,0.0,0.0,0.0,0.0
675342930525185901,2.627272844314575,6.440817546374692,49.95043103448276,111.38522338867188,708.4899360370166
675442930516295301,0.0,0.0,0.0,0.0,0.0
675542930448864102,0.03333333507180214,8.28864318502825,0.2356403013182674,93.155029296875,994.6371500236166
675642929321111502,0.0,0.0,0.0,0.0,0.0
675642930451386202,0.0,0.0,0.0,0.0,0.0
675642930524949302,0.0,0.0,0.0,0.0,0.0
675742930526577702,0.0,0.0,0.0,0.0,0.0
675742930528981401,0.0,0.0,0.0,0.0,0.0
675842930459007402,0.0,0.0,0.0,0.0,0.0
675942930475206502,0.0,0.0,0.0,0.0,0.0
676142929194519602,0.0,0.0,0.0,0.0,0.0
676142930524860502,0.0,0.0,0.0,0.0,0.0
676242930220737602,2.961538553237915,5.518404922595897,46.6061160680241,19.68156623840332,143.47852525061603
676242930469479001,12.25,10.442136817642405,159.05569620253164,30.37804412841797,292.3798235350017
676242930473283902,0.0,0.0,0.0,0.0,0.0
676242930542299602,0.0,0.0,0.0,0.0,0.0
676342930012382501,0.0,0.0,0.0,0.0,0.0
676442930461411002,0.0,0.0,0.0,0.0,0.0
676442930464954101,0.0,0.0,0.0,0.0,0.0
676442930546368201,0.0,0.0,0.0,0.0,0.0
676542930477748601,0.0,0.0,0.0,0.0,0.0
676542930517857402,0.0,0.0,0.0,0.0,0.0
676742930475025802,0.0,0.0,0.0,0.0,0.0
676842930545340301,0.7916666865348816,9.25228487064117,42.38273340832396,20.23246955871582,222.05482531398434
676942930479197201,1.5641025304794312,12.047148479790689,2200.3890292313245,211.34616088867188,2349.1938507788363
676942930533687801,3.0,2.519989956252507,2.5199558764540715,0.450529545545578,2.519989956252507
677042930478874701,2.447552442550659,4.547948385860874,120.5911513859275,107.25735473632812,650.3566344301161
677142930527521402,0.0,0.0,0.0,0.0,0.0
677242928932243302,0.0,0.0,0.0,0.0,0.0
677242928988167902,0.0,0.0,0.0,0.0,0.0
677242930517222601,0.0,0.0,0.0,0.0,0.0
677242930544609802,0.0,0.0,0.0,0.0,0.0
677242930547631701,0.0,0.0,0.0,0.0,0.0
677742930447987101,0.0,0.0,0.0,0.0,0.0
677742930519472901,0.0,0.0,0.0,0.0,0.0
677842930461361101,0.0,0.0,0.0,0.0,0.0
677942930525818002,0.0,0.0,0.0,0.0,0.0
678142930479964501,0.0,0.0,0.0,0.0,0.0
678142930521363801,0.0,0.0,0.0,0.0,0.0
678242930530196802,0.0,0.0,0.0,0.0,0.0
678542930476045002,0.0,0.0,0.0,0.0,0.0
678642930458165102,0.0,0.0,0.0,0.0,0.0
678742930222068601,0.0,0.0,0.0,0.0,0.0
678742930462308501,0.0,0.0,0.0,0.0,0.0
678742930528119502,0.0,0.0,0.0,0.0,0.0
678842930547371802,3.7826087474823,14.511287913602942,160.031045751634,22.38894271850586,333.75963245445865
679042928030516801,0.0,0.0,0.0,0.0,0.0
679142930464344202,0.0,0.0,0.0,0.0,0.0
679242930478303301,2.537313461303711,6.040884503381764,81.14963259853039,49.29014587402344,404.7392632759008
679342930519642702,0.0,0.0,0.0,0.0,0.0
679442930456249102,0.0,0.0,0.0,0.0,0.0
679442930546701301,0.0,180.56539658368644,180.5656779661017,10.410545349121094,180.56539658368644
679742929946486602,2.3235294818878174,9.474435206142912,96.63084112149532,138.65553283691406,966.3923559515647
679942930541716201,0.0,0.0,0.0,0.0,0.0
681142930454118401,1.8251748085021973,5.324720278786584,140.58320871608632,112.83860778808594,761.434998575629
681342930534908101,0.0,0.0,0.0,0.0,0.0
681442930464803501,0.0,0.0,0.0,0.0,0.0
681742930510597001,0.0,0.0,0.0,0.0,0.0
682042930525009502,0.0,0.0,0.0,0.0,0.0
682442928121580101,0.0,0.0,0.0,0.0,0.0
682442930509273402,0.0,0.0,0.0,0.0,0.0
682542930478153201,3.4000000953674316,3.398533913804071,28.972773536895673,6.49127721786499,33.985338019839375
682542930521194702,0.0,0.0,0.0,0.0,0.0
682542930523950602,0.0,0.0,0.0,0.0,0.0
682542930531441302,4.0,6.7143011248176325,49.628595248020005,17.594623565673828,127.57172301889906
682642930545320202,0.0,0.0,0.0,0.0,0.0
682842928064987401,0.0,0.0,0.0,0.0,0.0
682842930526003901,0.0,0.0,0.0,0.0,0.0
683042930455966702,0.0,0.0,0.0,0.0,0.0
683142930518339501,0.0,0.0,0.0,0.0,0.0
683342930517481102,0.0,0.0,0.0,0.0,0.0
683342930549650701,0.0,0.0,0.0,0.0,0.0
683442930464374402,0.0,0.0,0.0,0.0,0.0
683542930530462101,2.5849056243896484,3.921730239862243,69.86612339930151,34.31944274902344,207.85170067138435
683642929780713401,0.0,0.0,0.0,0.0,0.0
683742930461427702,0.0,0.0,0.0,0.0,0.0
683842930531713201,0.0,0.0,0.0,0.0,0.0
684142930516547701,4.61904764175415,31.877614007994186,669.4302325581396,54.89495086669922,669.4299034961434
684342930519896201,0.0,0.0,0.0,0.0,0.0
684342930526179301,0.0,123.22689010305615,0.0,18.246652603149414,123.22689010305615
684342930538673401,2.062857151031494,16.988211619875223,2936.162210338681,262.66748046875,2972.9370019922494
684342930549015902,0.0,0.0,0.0,0.0,0.0
684742928878191202,0.0,0.0,0.0,0.0,0.0
684942930529277701,0.0,0.0,0.0,0.0,0.0
685042930523351301,0.0,0.0,0.0,0.0,0.0
685142930474884601,0.0,0.0,0.0,0.0,0.0
685142930523762602,0.0,0.0,0.0,0.0,0.0
685142930546857301,0.0,0.0,0.0,0.0,0.0
685242928725986102,0.0,0.0,0.0,0.0,0.0
685542930545717101,0.0,0.0,0.0,0.0,0.0
685642930473229702,0.0,0.0,0.0,0.0,0.0
685642930480066702,0.0,0.0,0.0,0.0,0.0
686142928159082502,0.0,0.0,0.0,0.0,0.0
686142930516730902,0.0,0.0,0.0,0.0,0.0
686242930478176701,0.0,0.0,0.0,0.0,0.0
686242930534114102,2.95652174949646,9.21252742528463,50.3168880455408,15.309247970581055,211.8881213570003
686442930474073202,0.0,0.0,0.0,0.0,0.0
686442930536461201,2.854700803756714,8.069208534018507,155.68841019417476,116.66028594970703,944.097415666557
686442930544290302,1.6160000562667847,13.463119489476679,218.2730375426621,108.81241607666016,1682.889894738268
686542930549153402,1.5,1.0371597768537675,2.0461672473867596,0.2558682858943939,2.074319553707535
686642930530558201,0.0,0.0,0.0,0.0,0.0
686742930460247802,0.0,0.0,0.0,0.0,0.0
686742930471518302,0.0,0.0,0.0,0.0,0.0
686742930480404201,2.314685344696045,5.388149697248462,78.05821616871705,74.30146789550781,770.5054282823639
686742930530161202,0.0,0.0,0.0,0.0,0.0
686942930508038502,0.0,0.0,0.0,0.0,0.0
687042930454546001,0.0,0.0,0.0,0.0,0.0
687142930472558801,0.0,0.0,0.0,0.0,0.0
687242930525582202,0.0,0.0,0.0,0.0,0.0
687342930521812002,0.0,0.0,0.0,0.0,0.0
687442930545692702,2.380281686782837,5.547016161530964,184.4551656920078,84.22985076904297,787.6763194374888
687542930516092602,0.0,0.0,0.0,0.0,0.0
687742930448383602,0.0,0.0,0.0,0.0,0.0
687842930528045202,0.0,0.0,0.0,0.0,0.0
687942930478920301,0.0,0.0,0.0,0.0,0.0
688042930519267601,0.0,0.0,0.0,0.0,0.0
688242930479600701,1.0704225301742554,11.800563467920353,53.22477876106195,75.98632049560547,837.839987311743
688242930479708301,3.6489362716674805,3.424513423222536,313.09548254620125,58.82668685913086,321.904272148007
688342930454573002,0.0,0.0,0.0,0.0,0.0
688442930478551502,0.0,0.0,0.0,0.0,0.0
688542930547601101,0.0,32.772586702522254,0.0,5.791357517242432,32.772586702522254
688742928087825902,0.0,77.53694366802839,0.0,9.144264221191406,77.53694366802839
688842930462822501,0.0,0.0,0.0,0.0,0.0
689042929230287301,0.0,0.0,0.0,0.0,0.0
689142930539934701,0.0,0.0,0.0,0.0,0.0
689242930533588202,0.0,0.0,0.0,0.0,0.0
689442930543590601,0.0,0.0,0.0,0.0,0.0
689542930547519802,0.0,0.0,0.0,0.0,0.0
689642930516857701,2.2432432174682617,3.8089309469846273,76.45683878596768,29.356639862060547,281.8608862290854
689842929800307001,0.0,0.0,0.0,0.0,0.0
689842930445443202,0.0,0.0,0.0,0.0,0.0
689842930531065801,0.5370370149612427,8.753546564333442,172.21577574967407,133.22348022460938,945.3830029712663
691142930454716601,0.0,0.0,0.0,0.0,0.0
691142930459899401,0.0,0.0,0.0,0.0,0.0
691142930477836702,0.0,5.8356806274302375,47.38289112534309,85.38824462890625,484.36149696147703
691142930520228202,0.0,0.0,0.0,0.0,0.0
691142930545181902,0.0,0.0,0.0,0.0,0.0
691242930471865101,0.0,0.0,0.0,0.0,0.0
691242930519659401,0.0,0.0,0.0,0.0,0.0
691242930521321801,2.200000047683716,1.5271493922398742,7.567388268156424,0.8301420211791992,7.635747240908319
691242930545521202,0.0,0.0,0.0,0.0,0.0
691742930461913501,0.0,0.0,0.0,0.0,0.0
691742930480379601,0.0,0.0,0.0,0.0,0.0
691842930446404902,0.0,0.0,0.0,0.0,0.0
691942930460283802,2.885964870452881,5.00463259200332,91.71732152739347,112.5787582397461,570.5280937152603
691942930461252602,1.0892857313156128,6.990578164859694,37.32079081632653,83.41565704345703,782.9447854368054
691942930544112801,0.0,0.0,0.0,0.0,0.0
692042930455091602,3.9000000953674316,9.675597259963768,182.86274509803923,44.59878158569336,387.02387711703017
692042930476840302,0.0,0.0,0.0,0.0,0.0
692042930526194602,0.0,0.0,0.0,0.0,0.0
692142930465080401,0.0,0.0,0.0,0.0,0.0
692242928258200901,0.0,0.0,0.0,0.0,0.0
692242930461896101,0.0,0.0,0.0,0.0,0.0
692242930478049202,3.0227272510528564,6.832235082482054,60.152401987852016,40.3010368347168,300.6183517662482
692342930460767302,0.0,0.0,0.0,0.0,0.0
692342930530025502,0.0,0.0,0.0,0.0,0.0
692442930461132602,0.0,0.0,0.0,0.0,0.0
692542930461026101,0.0,0.0,0.0,0.0,0.0
692542930464877602,0.0,0.0,0.0,0.0,0.0
692642930474182301,0.0,0.0,0.0,0.0,0.0
692742930515987001,0.0,0.0,0.0,0.0,0.0
692942930479854902,0.0,0.0,0.0,0.0,0.0
693342928042043202,0.0,0.0,0.0,0.0,0.0
693342930521784902,0.0,0.0,0.0,0.0,0.0
693442930478861301,0.0,0.0,0.0,0.0,0.0
693642930542975801,0.0,0.0,0.0,0.0,0.0
693642930549537501,0.0,0.0,0.0,0.0,0.0
693842930526783301,4.71999979019165,31.950406522529068,448.1720930232558,64.75253295898438,798.7601829351381
693942930517351702,0.0,0.0,0.0,0.0,0.0
694042930471569902,0.0,0.0,0.0,0.0,0.0
694342930515665501,40.0,194.71738505747126,210.3183908045977,22.470535278320312,389.4347880747126
694342930533946902,0.0,0.0,0.0,0.0,0.0
694542930474143501,0.9557521939277649,3.8305903998068644,36.71580547112462,72.70476531982422,432.85671760535894
694542930527930802,0.0,0.0,0.0,0.0,0.0
694642930542427401,0.0,0.0,0.0,0.0,0.0
694842928181430002,0.0,0.0,0.0,0.0,0.0
694842930547250201,0.0,0.0,0.0,0.0,0.0
694942930509632101,0.0,0.0,0.0,0.0,0.0
695042930476106001,0.0,0.0,0.0,0.0,0.0
695142930529650002,0.0,0.0,0.0,0.0,0.0
695242930446942902,0.0,0.0,0.0,0.0,0.0
695242930468155102,0.0,0.0,0.0,0.0,0.0
695342930458421202,1.8823529481887817,10.446067726531563,93.2485441416259,10.819487571716309,177.583151251515
695642929248923802,2.941176414489746,6.7141607383621915,43.924105875674144,27.72507095336914,228.28146824334584
695842930524152402,0.0,0.0,0.0,0.0,0.0
696042930517018501,0.0,0.0,0.0,0.0,0.0
696142928633821702,0.0,0.0,0.0,0.0,0.0
696642930474802301,0.9052631855010986,6.447946795807351,106.32530184423511,77.98072814941406,612.5549538746869
696642930541606002,0.0,0.0,0.0,0.0,0.0
696642930544942101,0.0,0.0,0.0,0.0,0.0
696842928030437801,3.0,20.10508409901469,20.105059541800156,1.2761878967285156,20.10508409901469
696942930473808002,0.0,0.0,0.0,0.0,0.0
697042930473910301,0.0,0.0,0.0,0.0,0.0
697242930479552002,0.0,0.0,0.0,0.0,0.0
697342929012746502,0.0,0.0,0.0,0.0,0.0
697342930534528301,0.0,0.0,0.0,0.0,0.0
697442930527780301,0.0,0.0,0.0,0.0,0.0
697642930537356401,0.0,0.0,0.0,0.0,0.0
697742930508268501,0.0,0.0,0.0,0.0,0.0
697942930448206801,3.25,11.504440296863988,203.26708949964765,51.17329025268555,598.2308991709757
697942930532346202,0.0,0.0,0.0,0.0,0.0
697942930534180601,0.0,0.0,0.0,0.0,0.0
698142930476799201,0.0,0.0,0.0,0.0,0.0
698142930519445901,0.0,0.0,0.0,0.0,0.0
698442930520214102,1.64242422580719,9.513057130638622,879.9026862645717,173.3656768798828,1569.654470145491
698542928135348302,0.0,0.0,0.0,0.0,0.0
698542930517150901,0.0,0.0,0.0,0.0,0.0
698642930472207101,0.0,0.0,0.0,0.0,0.0
698642930518661301,0.0,0.0,0.0,0.0,0.0
698642930527561602,0.0,0.0,0.0,0.0,0.0
698842930453783402,0.0,0.0,0.0,0.0,0.0
698942930522124802,1.504424810409546,8.932234616623711,106.46048109965636,126.26905822753906,1009.3425074956398
699142928159330601,0.0,0.0,0.0,0.0,0.0
699742930449276401,0.0,0.0,0.0,0.0,0.0
699742930529576902,0.0,0.0,0.0,0.0,0.0
699742930529711202,0.0,0.0,0.0,0.0,0.0
699842928265614001,0.0,0.0,0.0,0.0,0.0
699842929800132601,2.3333332538604736,9.88397129714649,22.94434242124594,5.598445415496826,59.303829903891575
699842930526989702,0.0,0.0,0.0,0.0,0.0
699942930472631801,0.0,0.0,0.0,0.0,0.0
701442930518355201,0.0,0.0,0.0,0.0,0.0
701542930477281501,0.0,0.0,0.0,0.0,0.0
701542930525900501,0.0,0.0,0.0,0.0,0.0
701642928043515102,0.0,0.0,0.0,0.0,0.0
701642930527873402,0.0,0.0,0.0,0.0,0.0
701742930453720802,0.0,0.0,0.0,0.0,0.0
701742930526291201,0.0,0.0,0.0,0.0,0.0
701742930526811201,0.0,0.0,0.0,0.0,0.0
701942930508392401,0.852173924446106,10.302122710853494,44.63620071684588,108.10893249511719,1184.7441004689877
702142930534562902,0.0,0.0,0.0,0.0,0.0
702242930521210002,0.12121212482452393,9.372379217963696,9.781452192667146,109.84320068359375,927.8655240506598
702442930463800001,0.0,0.0,0.0,0.0,0.0
702542930464549202,110.33333587646484,16.105539814407276,48.316901408450704,5.861805438995361,48.31662058942195
702542930469787202,0.0,0.0,0.0,0.0,0.0
702742930465685701,57.0,4.4805511563409315,21.22356935014549,4.500080108642578,26.883307554095147
702742930472798502,1.8333333730697632,4.080212679182713,505.90346598202825,123.03431701660156,783.4008128170891
702942930457151702,0.0,0.0,0.0,0.0,0.0
703042930532533001,0.0,0.0,0.0,0.0,0.0
703242930461794801,0.0,0.0,0.0,0.0,0.0
703242930527544401,0.0,0.0,0.0,0.0,0.0
703342930472057401,0.0,0.0,0.0,0.0,0.0
703342930542327302,0.0,0.0,0.0,0.0,0.0
703542930447435902,0.0,0.0,0.0,0.0,0.0
703542930529683202,0.0,0.0,0.0,0.0,0.0
703642929467003402,0.0,0.0,0.0,0.0,0.0
703742929341560901,0.1147540956735611,4.463290670643682,53.59375,101.62692260742188,544.5214728855568
703842930465284901,0.0,0.0,0.0,0.0,0.0
703942930456878301,0.0,0.0,0.0,0.0,0.0
704042930480086002,2.518796920776367,4.328491579962536,113.14191657857157,67.97820281982422,575.6893908310835
704042930516438602,3.0,3.7842463344194313,3.7838862559241706,0.610529363155365,3.7842463344194313
704142929091942401,0.24626865983009338,9.898089253201908,326.9628327473631,77.00627899169922,1326.343984779193
704342930462932901,0.0,0.0,0.0,0.0,0.0
704342930464054902,0.0,0.0,0.0,0.0,0.0
704442930446654802,0.0,0.0,0.0,0.0,0.0
704542930546364601,0.0,0.0,0.0,0.0,0.0
704842930473832701,2.3372092247009277,3.828617890783041,41.64261631827377,39.78134536743164,329.2611453293629
704842930518386102,0.0,0.0,0.0,0.0,0.0
704842930543354302,0.0,0.0,0.0,0.0,0.0
704942930550367501,0.0,0.0,0.0,0.0,0.0
705042930517986502,0.0,0.0,0.0,0.0,0.0
705042930520388601,0.0,0.0,0.0,0.0,0.0
705042930542945301,0.0,0.0,0.0,0.0,0.0
705142930446317302,0.0,0.0,0.0,0.0,0.0
705142930511073702,0.0,0.0,0.0,0.0,0.0
705142930518615901,0.0,0.0,0.0,0.0,0.0
705342928043798601,7.0,18.390764250578705,25.10925925925926,2.246959924697876,36.78152759693287
705342929013067401,0.44262295961380005,10.061127667489869,198.06990881458967,128.44674682617188,1227.4576312280594
705342930474395702,0.0,0.0,0.0,0.0,0.0
705542930478356501,0.0,0.0,0.0,0.0,0.0
705542930543915002,0.0,0.0,0.0,0.0,0.0
705642930467932701,0.0,0.0,0.0,0.0,0.0
705642930523995501,0.0,0.0,0.0,0.0,0.0
705842930446977101,0.0,0.0,0.0,0.0,0.0
705842930539803201,0.0,0.0,0.0,0.0,0.0
706142929047821502,0.0,0.0,0.0,0.0,0.0
706342930476820301,0.0,0.0,0.0,0.0,0.0
706542930549790602,0.0,0.0,0.0,0.0,0.0
706642929449864401,0.0,0.0,0.0,0.0,0.0
706742930461573101,0.0,0.0,0.0,0.0,0.0
706742930509540002,0.0,0.0,0.0,0.0,0.0
706842930534709802,0.0,0.0,0.0,0.0,0.0
706942930524806002,3.092592477798462,6.05599865522541,63.30437158469945,40.46641540527344,327.023918001769
707242930509951101,0.0,0.0,0.0,0.0,0.0
707242930533645202,0.0,0.0,0.0,0.0,0.0
707342928043758401,0.0,0.0,0.0,0.0,0.0
707342930464718201,0.0,0.0,0.0,0.0,0.0
707442930447015301,0.0,0.0,0.0,0.0,0.0
707542930534451302,4.25,4.571878367456897,54.862931034482756,8.653974533081055,54.86254004116716
707642930519538401,0.0,0.0,0.0,0.0,0.0
707642930544005001,0.0,0.0,0.0,0.0,0.0
707742930524510001,0.0,0.0,0.0,0.0,0.0
707842930455442102,0.0,0.0,0.0,0.0,0.0
707842930524286802,1.8308823108673096,4.721406314573393,68.92516061163917,53.62360382080078,642.1112698169002
707842930543553902,0.0,0.0,0.0,0.0,0.0
708242930527684101,0.0,0.0,0.0,0.0,0.0
708242930532709102,0.0,0.0,0.0,0.0,0.0
708342930456371102,0.0,0.0,0.0,0.0,0.0
708442930518563602,0.0,0.0,0.0,0.0,0.0
708542929644415901,0.0,0.0,0.0,0.0,0.0
708642930508236301,3.267857074737549,8.605281170374363,95.98079184633477,37.12749099731445,481.8957590441851
708742930529787502,0.0,0.0,0.0,0.0,0.0
708942930545115602,0.0,0.0,0.0,0.0,0.0
709142930454722902,0.0,0.0,0.0,0.0,0.0
709142930529107902,0.0,0.0,0.0,0.0,0.0
709342930462657202,0.0,0.0,0.0,0.0,0.0
709342930463189902,0.0,0.0,0.0,0.0,0.0
709342930523776902,0.0,0.0,0.0,0.0,0.0
709342930543115601,0.0,0.0,0.0,0.0,0.0
709442929476579602,0.0,0.0,0.0,0.0,0.0
709442930480607601,0.0,0.0,0.0,0.0,0.0
709542928119272102,0.0,0.0,0.0,0.0,0.0
709542930527752701,0.0,0.0,0.0,0.0,0.0
709742929321275401,0.0,0.0,0.0,0.0,0.0
709742930463751901,0.0,0.0,0.0,0.0,0.0
709842930457914302,0.0,0.0,0.0,0.0,0.0
711142928043716701,0.0,0.0,0.0,0.0,0.0
711142928623619902,0.0,0.0,0.0,0.0,0.0
711142930529725002,0.0,0.0,0.0,0.0,0.0
711542930534089201,0.0,0.0,0.0,0.0,0.0
711842930537906902,0.19696970283985138,5.318197824697956,19.147459727385378,51.22119903564453,351.0010476487572
711942930467776401,0.0,0.0,0.0,0.0,0.0
711942930530934902,1.8701298236846924,10.406212781507145,84.77306193157212,107.61163330078125,801.2783666340599
712142930518571101,0.0,0.0,0.0,0.0,0.0
712142930547855301,4.083333492279053,30.582057932035518,224.63934426229508,12.746514320373535,366.98469685205345
712342930544714301,0.0,0.0,0.0,0.0,0.0
712442930521584402,1.9166666269302368,17.360213216145834,130.4111111111111,16.382335662841797,208.3225558810764
712542930529577101,0.0,0.0,0.0,0.0,0.0
712542930531904702,2.6666667461395264,0.595599947648977,1.404965089216447,0.33613863587379456,1.7867998192715404
712542930547080001,1.7142857313156128,4.457949112021858,14.263785394932937,4.177367687225342,31.20564351126855
712942929303552002,0.0,0.0,0.0,0.0,0.0
712942930459172101,0.0,0.0,0.0,0.0,0.0
713042930460573101,0.0,0.0,0.0,0.0,0.0
713042930547421102,0.0,0.0,0.0,0.0,0.0
713342930479106802,0.0,0.0,0.0,0.0,0.0
713342930515708601,3.3604650497436523,5.935512180813484,132.25454178441663,85.18521118164062,510.45404273423156
713542930457938602,1.932330846786499,6.801644769895498,161.43408360128618,78.84249114990234,904.6187332826412
713542930543641801,0.0,0.0,0.0,0.0,0.0
713642930520847002,2.8289473056793213,3.9382097777399094,81.29884609766785,37.106380462646484,299.3039523679608
713842928716168701,0.0,0.0,0.0,0.0,0.0
713842930455618501,0.0,0.0,0.0,0.0,0.0
713842930546729101,0.0,0.0,0.0,0.0,0.0
714042930508735101,0.0,0.0,0.0,0.0,0.0
714242930509730002,0.0,0.0,0.0,0.0,0.0
714242930519201201,0.0,0.0,0.0,0.0,0.0
714342930474663402,0.0,0.0,0.0,0.0,0.0
714442930532459401,0.0,0.0,0.0,0.0,0.0
714542930476876001,0.4779411852359772,4.698789303874872,34.04067971163749,95.28971862792969,639.0353259555752
714542930509917201,3.066666603088379,3.6409858166683717,56.76309328968903,47.837005615234375,273.07394808599093
714642928243104701,0.0,0.0,0.0,0.0,0.0
714742930546759701,0.0,0.0,0.0,0.0,0.0
715042930457003501,0.0,0.0,0.0,0.0,0.0
715042930476333602,0.0,0.0,0.0,0.0,0.0
715042930526729701,0.0,252.18041749502981,18.692842942345923,22.98579978942871,252.18041749502981
715242930535188001,0.0,0.0,0.0,0.0,0.0
715242930541662702,3.7580645084381104,27.343118990384614,1695.2782051282052,72.2171859741211,1695.2733832334861
715342930530796402,4.5,12.024269057171514,24.04854563691073,3.8431272506713867,24.048538114343028
715542930516326301,0.0,56.16473319081154,56.16498993963783,4.550830841064453,56.16473319081154
715642930458588702,0.0,0.0,0.0,0.0,0.0
715842930453973101,0.0,0.0,0.0,0.0,0.0
715942930462479201,361.0,42.8881370504766,42.88821490467937,9.362530708312988,42.8881370504766
715942930517913801,2.944444417953491,5.366753879050616,273.4669255490091,62.20968246459961,483.00786666584065
716042930452054202,1.7413792610168457,9.922849832846262,114.81792419411973,68.67227935791016,575.5253025531938
716142930474628101,0.0,0.0,0.0,0.0,0.0
716242930455354902,0.0,0.0,0.0,0.0,0.0
716342930453440202,3.01098895072937,5.855088305381274,92.29729729729729,71.7502670288086,532.8130389081005
716342930547575302,0.0,0.0,0.0,0.0,0.0
716342930548795201,2.7333333492279053,4.671788827281765,38.23025942056429,7.49979829788208,70.07683314746177
716542930524372901,0.0,0.0,0.0,0.0,0.0
716542930538702501,0.0,0.0,0.0,0.0,0.0
716842930527589702,0.0,0.0,0.0,0.0,0.0
716942930510570001,0.0,0.0,0.0,0.0,0.0
716942930548060802,0.0,0.0,0.0,0.0,0.0
717042930524936602,1.491525411605835,4.756247810397982,45.053811659192824,41.16886520385742,280.618618248824
717142930142250702,0.0,0.0,0.0,0.0,0.0
717142930448680702,0.0,0.0,0.0,0.0,0.0
717342930462710901,2.25,4.784159200174825,45.71192696192696,6.769214153289795,76.54654435733538
717342930516923801,0.0,0.0,0.0,0.0,0.0
717442930526366001,0.0,0.0,0.0,0.0,0.0
717642929528798602,0.0,0.0,0.0,0.0,0.0
717642930474342302,0.12121212482452393,4.8488628617869125,6.528859060402684,35.70048904418945,320.0249389875655
717942929704056301,0.0,5.64212146743167,5.642305407011289,0.6071141362190247,5.64212146743167
717942930545697601,2.477612018585205,6.5302731856138765,90.77069899406757,44.942955017089844,437.528316183929
718042930542624402,0.0,0.0,0.0,0.0,0.0
718042930542813302,1.7681159973144531,15.35431766127008,111.10943775100401,96.23816680908203,1059.447898160023
718242930547462902,0.0,0.0,0.0,0.0,0.0
718442930464314901,0.0,0.0,0.0,0.0,0.0
718942930448650001,0.0,0.0,0.0,0.0,0.0
719042930517652301,0.0,0.0,0.0,0.0,0.0
719042930532077502,1.5299144983291626,7.496966061922107,56.23255813953488,112.43627166748047,877.1450235693353
719042930546226002,0.0,0.0,0.0,0.0,0.0
719142930508420101,0.0,0.0,0.0,0.0,0.0
719142930528578601,0.0,0.0,0.0,0.0,0.0
719342929575458001,2.1016948223114014,7.503909902066193,66.43979057591623,59.65422058105469,442.73069731228014
719642930457602102,0.0,0.0,0.0,0.0,0.0
719642930515572502,0.0,0.0,0.0,0.0,0.0
719642930522915302,0.0,2.5176453130748713,5.035320088300221,0.7716357111930847,5.0352906261497425
719642930529291802,0.0,0.0,0.0,0.0,0.0
719742930478003601,0.0,0.0,0.0,0.0,0.0
721342930461532101,3.6447367668151855,8.40948426329312,639.1215370866845,58.96373748779297,639.1208186383967
721342930476968801,0.3333333432674408,10.007466910232063,29.833642132567512,2.772515058517456,30.022400643844417
721642930525564601,0.0,0.0,0.0,0.0,0.0
721742930464967901,0.0,0.0,0.0,0.0,0.0
721942929155598201,0.0,0.0,0.0,0.0,0.0
721942930537211101,0.0,0.0,0.0,0.0,0.0
722042930460960701,0.0,0.0,0.0,0.0,0.0
722042930532045801,0.0,0.0,0.0,0.0,0.0
722042930545968602,0.23529411852359772,6.380419075144508,6.7383632491633705,90.56071472167969,759.2698876781598
722242930463139302,0.0,0.0,0.0,0.0,0.0
722542930531607802,0.0,0.0,0.0,0.0,0.0
722742929861282501,0.0,2.491705904672122,0.0,17.860095977783203,124.58529515770392
722742930508588502,0.0,0.0,0.0,0.0,0.0
722842930456337501,0.0,0.0,0.0,0.0,0.0
722942930518085401,0.0,0.0,0.0,0.0,0.0
723042930142431802,0.0,0.0,0.0,0.0,0.0
723142929505807502,0.0,0.0,0.0,0.0,0.0
723342930479511702,0.0,0.0,0.0,0.0,0.0
723342930519547602,0.0,0.0,0.0,0.0,0.0
723342930522941101,2.109090805053711,4.1006041278605645,77.58222458754656,26.583555221557617,225.53323380346941
723342930548142402,0.0,0.0,0.0,0.0,0.0
723442930454249601,0.0,0.0,0.0,0.0,0.0
723442930529973901,2.5609755516052246,9.633511700913242,147.52876712328768,23.231828689575195,394.9739891435458
723642930526466502,0.0,0.0,0.0,0.0,0.0
723742930543772201,0.0,105.02207134746405,105.0219530658592,32.02251052856445,105.02207134746405
723942928577741801,0.0,0.0,0.0,0.0,0.0
724042930455904601,5.300000190734863,18.556694230487984,185.56695753912155,14.595297813415527,185.56694499467562
724142930534294101,0.0,0.0,0.0,0.0,0.0
724142930536224301,0.0,0.0,0.0,0.0,0.0
724242928955424601,0.0,0.0,0.0,0.0,0.0
724242929621924102,0.0,0.0,0.0,0.0,0.0
724242930452538101,4.528571605682373,13.07035472972973,141.4965250965251,126.21561431884766,914.9247996797893
724242930460547301,0.0,0.0,0.0,0.0,0.0
724342930479595301,0.0,0.0,0.0,0.0,0.0
724542930470416402,2.4054055213928223,3.7686250060165576,45.56449749711205,43.91740798950195,278.87824619977715
724542930518199302,0.0,0.0,0.0,0.0,0.0
724542930543143101,0.0,0.0,0.0,0.0,0.0
724642930518447602,0.0,0.0,0.0,0.0,0.0
724742930510510502,0.0,0.0,0.0,0.0,0.0
724742930541235102,0.0,0.0,0.0,0.0,0.0
724842930543942001,0.0,0.0,0.0,0.0,0.0
724942929331638002,0.0,0.0,0.0,0.0,0.0
725042930477408302,0.0,0.0,0.0,0.0,0.0
725142930454394001,0.0,0.0,0.0,0.0,0.0
725142930518660101,0.0,0.0,0.0,0.0,0.0
725442930528155802,0.0,0.0,0.0,0.0,0.0
725542929230123302,0.0,0.0,0.0,0.0,0.0
725542930523879402,2.5899999141693115,14.56054986829502,119.10038314176245,125.19084930419922,1456.054968826981
725642930527444301,0.0,0.0,0.0,0.0,0.0
725842930474771402,0.1492537260055542,6.821428969918772,64.62295813621351,80.30652618408203,457.03572925478073
726042927901222702,0.0,0.0,0.0,0.0,0.0
726042927945167401,0.0,0.0,0.0,0.0,0.0
726042930525993201,0.0,0.0,0.0,0.0,0.0
726042930548509302,0.0,0.0,0.0,0.0,0.0
726142930466752102,0.0,0.0,0.0,0.0,0.0
726342929331582102,0.0,0.0,0.0,0.0,0.0
726342930479757802,3.25,3.38108351584717,25.81120998073571,9.377017974853516,67.62166832368446
726442930511203801,0.0,0.0,0.0,0.0,0.0
726542930527959101,0.0,0.0,0.0,0.0,0.0
726542930530133101,0.0,0.0,0.0,0.0,0.0
726642930537169902,0.0,0.0,0.0,0.0,0.0
726742930335253302,1.9850746393203735,5.015251389734998,270.32995735607676,45.35761260986328,672.0436702638801
726742930446891001,0.0,0.0,0.0,0.0,0.0
726942930544834401,1.2452830076217651,11.040388220738244,64.73029045643153,50.485591888427734,585.1405921806768
727142930454666401,0.0,0.0,0.0,0.0,0.0
727142930516918701,2.049999952316284,3.9813198774142133,44.67307331708232,7.022380352020264,79.62639483586499
727542928577623102,0.0,0.0,0.0,0.0,0.0
727542930509628102,1.734265685081482,5.236473113037946,113.7699966810488,120.61168670654297,748.8156371185745
727542930526079601,0.0,0.0,0.0,0.0,0.0
727642930520165201,0.0,0.0,0.0,0.0,0.0
727642930524987001,0.0,0.0,0.0,0.0,0.0
727642930544262202,0.0,0.0,0.0,0.0,0.0
727742930458207302,0.0,0.0,0.0,0.0,0.0
727942930478773002,0.0,0.0,0.0,0.0,0.0
728042930518785901,0.0,0.0,0.0,0.0,0.0
728142930541764201,0.0,0.0,0.0,0.0,0.0
728242930448434602,0.0,0.0,0.0,0.0,0.0
728242930519752501,0.0,0.0,0.0,0.0,0.0
728442930520123101,0.0,0.0,0.0,0.0,0.0
728442930529061501,2.0,1.0389440844872755,1.0389221556886228,0.15952330827713013,1.0389440844872755
728442930545119902,0.0,0.0,0.0,0.0,0.0
728542930522298301,0.0,0.0,0.0,0.0,0.0
728642930529333901,0.0,0.0,0.0,0.0,0.0
728742930522733101,0.0,0.0,0.0,0.0,0.0
728742930525038602,0.0,0.0,0.0,0.0,0.0
728842930460376401,0.0,0.0,0.0,0.0,0.0
728842930549897002,0.0,0.0,0.0,0.0,0.0
728942930459500901,0.0,0.0,0.0,0.0,0.0
728942930508830501,0.0,0.0,0.0,0.0,0.0
728942930523743302,0.0,0.0,0.0,0.0,0.0
729442928202993902,2.5625,13.410084434504268,41.66513460275772,20.25862693786621,214.5613443195546
729642930509316501,0.0,0.0,0.0,0.0,0.0
729742930473396301,0.0,0.0,0.0,0.0,0.0
729842928664038701,0.0,0.0,0.0,0.0,0.0
729942930528741801,0.0,0.0,0.0,0.0,0.0
729942930531735002,0.0,0.0,0.0,0.0,0.0
729942930538749302,1.0,6.591675156475144,6.5914985590778095,0.8901762962341309,6.591675156475144
731342930509055901,0.0,0.0,0.0,0.0,0.0
731342930529588602,0.0,0.0,0.0,0.0,0.0
731542929861231001,0.0,0.0,0.0,0.0,0.0
731642930474993502,0.0,4.95720365024011,0.0,57.17400360107422,411.4479151331113
731842930529884101,0.11304347962141037,10.571204818742906,222.45516458569807,147.71734619140625,1215.6885497821718
732242930455101101,3.142857074737549,14.020042913732395,164.94788732394366,54.43998718261719,883.26270109499
732342930527132002,0.0,0.0,0.0,0.0,0.0
732442930462972101,2.5999999046325684,6.451118240682953,31.223965763195434,3.6993141174316406,32.25559122518194
732542930475142002,0.0,0.0,0.0,0.0,0.0
732642930509335302,0.0,0.0,0.0,0.0,0.0
732742930531854702,0.0,0.0,0.0,0.0,0.0
732942930460657301,4.333333492279053,1.3959335168921165,6.928742355756448,2.223736047744751,12.563402141925028
733042930527487301,2.3548386096954346,5.2851147999787775,91.45500848896435,30.36292266845703,327.6771054238199
733342930510619002,0.0,0.0,0.0,0.0,0.0
733542929012617102,0.0,0.0,0.0,0.0,0.0
733642930466511702,0.0,0.0,0.0,0.0,0.0
733642930507971802,0.0,0.0,0.0,0.0,0.0
733742930515525102,0.0,0.0,0.0,0.0,0.0
733742930546339002,0.0,0.0,0.0,0.0,0.0
733842929800091802,0.0,0.0,0.0,0.0,0.0
734242930457519401,0.0,0.0,0.0,0.0,0.0
734342930549901602,0.0,0.0,0.0,0.0,0.0
734442930534817002,0.0,0.0,0.0,0.0,0.0
734742930076008601,0.0,0.0,0.0,0.0,0.0
734742930543673001,0.0,0.0,0.0,0.0,0.0
734842930479746102,2.5,2.2054920496043824,30.489105295191724,25.010766983032227,123.50755297520939
734942930518880301,0.0,0.0,0.0,0.0,0.0
735042930545828002,0.0,0.0,0.0,0.0,0.0
735142930522300602,0.0,0.0,0.0,0.0,0.0
735142930522899001,0.0,0.0,0.0,0.0,0.0
735342930472325001,0.0,0.0,0.0,0.0,0.0
735342930520929801,0.0,0.0,0.0,0.0,0.0
735442929800456501,0.0,0.0,0.0,0.0,0.0
735442930475264201,0.0,0.0,0.0,0.0,0.0
735542930460016202,2.220339059829712,6.360120473736013,99.64214670534604,91.7474594116211,750.4942082026862
735642928015149902,0.5699999928474426,20.144209617640787,305.7679180887372,132.40194702148438,2014.4209883526323
735742930524567701,0.0,0.0,0.0,0.0,0.0
735742930533007802,0.0,0.0,0.0,0.0,0.0
735942930521494601,0.0,0.0,0.0,0.0,0.0
736042930543201701,0.0,0.0,0.0,0.0,0.0
736142928096645402,2.5416667461395264,6.348316917598269,62.46628200504868,16.492860794067383,152.35959834068896
736142930467949601,0.0,0.0,0.0,0.0,0.0
736242930538538202,1.8441557884216309,16.28161880817819,58.827792553191486,106.95256805419922,1253.6846452767545
736342930518400701,0.0,0.0,0.0,0.0,0.0
736442930477504102,0.0,0.0,0.0,0.0,0.0
736442930515792202,0.11981566995382309,3.938237604748603,21.58752327746741,135.92843627929688,854.5975465011164
736442930549875302,0.0,0.0,0.0,0.0,0.0
736642930446691002,0.0,0.0,0.0,0.0,0.0
736742930546638901,0.0,0.0,0.0,0.0,0.0
736942930542401802,3.0999999046325684,4.984406166888298,18.096207215541167,14.524588584899902,99.68812446700105
737142930543350701,0.0,0.0,0.0,0.0,0.0
737142930549156801,0.0,0.0,0.0,0.0,0.0
737242928633983801,0.0,0.0,0.0,0.0,0.0
737542929476623601,2.027027130126953,8.30480222510745,167.0214899713467,91.39207458496094,921.8330796851128
737542930531384801,0.0,0.0,0.0,0.0,0.0
737742930453612901,1.75,10.829322519783119,63.157092614302464,19.593021392822266,173.26915322521708
737742930526022401,2.317073106765747,5.521327891601032,99.45084193373167,65.07610321044922,452.74889174445303
737942930097616401,2.242424249649048,10.122529769445148,258.9057512034457,109.22335815429688,1336.173897516344
738042930527178102,2.930232524871826,11.0815763212944,431.0833333333333,55.29814529418945,476.50778955970304
738142930451961401,0.0,0.0,0.0,0.0,0.0
738142930533054302,0.0,0.0,0.0,0.0,0.0
738242930540616501,0.0,0.0,0.0,0.0,0.0
738242930543621201,2.323232412338257,4.133269494690425,80.09647228221742,77.28719329833984,409.1936786176491
738342930473904902,0.0,0.0,0.0,0.0,0.0
738442930524781601,0.0,0.0,0.0,0.0,0.0
738542930474153702,3.2142856121063232,21.79673317557054,255.7344398340249,18.06271743774414,610.3085056162474
738642930477169202,0.0,0.0,0.0,0.0,0.0
738642930527516801,0.0,0.0,0.0,0.0,0.0
738742930544018201,0.0,0.0,0.0,0.0,0.0
738842930544021902,0.0,0.0,0.0,0.0,0.0
739042930473663702,0.0,0.0,0.0,0.0,0.0
739142930525380301,0.0,0.0,0.0,0.0,0.0
739242928653524301,0.0,0.0,0.0,0.0,0.0
739242930475291601,0.0,0.0,0.0,0.0,0.0
739242930521845301,3.1517856121063232,13.95205355474589,299.1375186846039,100.90611267089844,1562.629925257422
739342930534811301,0.0,0.0,0.0,0.0,0.0
739542930518662002,0.0,0.0,0.0,0.0,0.0
739842930528586602,0.0,0.0,0.0,0.0,0.0
739942930474247801,0.0,0.0,0.0,0.0,0.0
739942930475675602,0.0,0.0,0.0,0.0,0.0
739942930509665302,0.0,0.0,0.0,0.0,0.0
741142930450133202,0.0,0.0,0.0,0.0,0.0
741242930464967602,0.0,0.0,0.0,0.0,0.0
741342930471659901,0.0,0.0,0.0,0.0,0.0
741342930507683502,0.0,0.0,0.0,0.0,0.0
741542930473974002,0.0,0.0,0.0,0.0,0.0
741642930526223702,0.0,0.0,0.0,0.0,0.0
741642930532255502,0.0,0.0,0.0,0.0,0.0
741842930534899702,0.0,0.0,0.0,0.0,0.0
741942930460427001,0.0,0.0,0.0,0.0,0.0
742142927988856202,0.0,0.0,0.0,0.0,0.0
742342930453758302,2.9590163230895996,5.048948680885281,103.11364680655537,91.81857299804688,615.9717088448981
742542930471723202,0.0,0.0,0.0,0.0,0.0
742742930471636501,0.0,0.0,0.0,0.0,0.0
742742930510071001,0.0,0.0,0.0,0.0,0.0
742942930184370202,0.0,0.0,0.0,0.0,0.0
742942930465440001,0.0,0.0,0.0,0.0,0.0
743142930464727701,0.0,0.0,0.0,0.0,0.0
743242930536606001,3.180722951889038,6.235298528982817,140.20746711921936,66.3453140258789,517.5297876680914
743442930541434601,0.0,0.0,0.0,0.0,0.0
743542930524091302,0.0,0.0,0.0,0.0,0.0
743542930544765102,0.4615384638309479,8.60482725906683,24.91361043194784,7.800085067749023,111.86275503940473
743542930547574501,0.0,0.0,0.0,0.0,0.0
743842930456424802,0.0,0.0,0.0,0.0,0.0
743942930479775402,0.0,0.0,0.0,0.0,0.0
743942930522308902,0.0,0.0,0.0,0.0,0.0
744042929543889402,0.0,0.0,0.0,0.0,0.0
744042930532707001,2.3333332538604736,2.336865969134747,55.63044752784835,54.505592346191406,245.3709219158546
744142930521176202,57.0,0.4649003557906673,0.46494464944649444,0.02875603549182415,0.4649003557906673
744142930534687902,2.0,5.493484751855288,388.2922077922078,66.3872299194336,472.4396828667352
744642930462634201,0.0,0.0,0.0,0.0,0.0
744742930475299301,0.0,0.0,0.0,0.0,0.0
744842929800342902,0.0,0.0,0.0,0.0,0.0
744942930472424402,0.0,0.0,0.0,0.0,0.0
745042930456188002,0.0,0.0,0.0,0.0,0.0
745042930478192601,0.0,0.0,0.0,0.0,0.0
745242930526604202,0.0,0.0,0.0,0.0,0.0
745342930451956402,0.0,0.0,0.0,0.0,0.0
745442930200242001,0.0,0.0,0.0,0.0,0.0
745642928091208001,0.0,0.0,0.0,0.0,0.0
745642930454699602,0.0,0.0,0.0,0.0,0.0
745842930461008802,0.0,0.0,0.0,0.0,0.0
745842930543313301,0.0,0.0,0.0,0.0,0.0
746042930142328302,0.0,0.0,0.0,0.0,0.0
746042930476625101,0.0,0.0,0.0,0.0,0.0
746142930460295001,2.697674512863159,3.8526782572487566,45.93262644271371,48.293060302734375,331.3303176548419
746142930524520202,0.0,0.0,0.0,0.0,0.0
746242930463776001,0.0,0.0,0.0,0.0,0.0
746342930457665402,0.0,0.0,0.0,0.0,0.0
746342930463878801,2.5333333015441895,8.399712033685969,86.60653303637713,24.840126037597656,125.99568209120673
746642927966216502,0.0,0.0,0.0,0.0,0.0
746742929372946401,0.0,0.0,0.0,0.0,0.0
746742930469050901,0.0,0.0,0.0,0.0,0.0
746742930477841502,0.0,0.0,0.0,0.0,0.0
746742930530543702,0.0,0.0,0.0,0.0,0.0
746742930543821902,0.0,0.0,0.0,0.0,0.0
747042930524642501,0.0,0.0,0.0,0.0,0.0
747242930477155201,0.0,0.0,0.0,0.0,0.0
747442930467088501,3.0833332538604736,12.75992668949092,156.7573682643644,87.24726104736328,918.714716548755
747742930541866701,0.0,0.0,0.0,0.0,0.0
748042930531543202,0.0,0.0,0.0,0.0,0.0
748242930454229802,2.776923179626465,7.291918512487599,356.60863563818316,104.25991821289062,947.949440562231
748242930518778501,0.0,0.0,0.0,0.0,0.0
748342928967256601,0.0,0.0,0.0,0.0,0.0
748342930464625102,0.0,0.0,0.0,0.0,0.0
748342930546884901,0.0,0.0,0.0,0.0,0.0
748542930454194802,0.0,0.0,0.0,0.0,0.0
748542930459519002,2.5,5.392733291840889,10.94806338028169,2.8468422889709473,21.570932898722905
748542930509083001,0.0,0.0,0.0,0.0,0.0
748542930524919801,0.0,0.0,0.0,0.0,0.0
748942928979759201,0.0,0.0,0.0,0.0,0.0
748942930524024102,0.0,0.0,0.0,0.0,0.0
748942930528259001,0.5565217137336731,7.583905994537752,49.84661117717003,87.1414566040039,872.1492067670425
749042930535188201,0.0,0.0,0.0,0.0,0.0
749142930533508002,0.875,5.640509648763776,45.1882153197811,84.89948272705078,767.1093152840086
749142930545493601,0.0,0.0,0.0,0.0,0.0
749342928043475002,0.0,0.0,0.0,0.0,0.0
751142930473745402,0.0,0.0,0.0,0.0,0.0
751142930535995802,0.0,0.0,0.0,0.0,0.0
751242930462920302,0.0,0.0,0.0,0.0,0.0
751242930540585502,0.0,0.0,0.0,0.0,0.0
751342930468117401,2.419847249984741,4.640167796881674,607.862141276067,72.69883728027344,607.8619939455879
751542930516435202,0.0,0.0,0.0,0.0,0.0
751542930536437302,3.1224489212036133,5.819169087625628,55.48534338358459,42.41085433959961,285.1392895612285
751742930473859501,0.0,0.0,0.0,0.0,0.0
751842930476377802,0.0,0.0,0.0,0.0,0.0
752042930469315501,0.0,0.0,0.0,0.0,0.0
752142930526027902,0.0,0.0,0.0,0.0,0.0
752442930525788701,0.0,0.0,0.0,0.0,0.0
752842930473388502,0.0,9.955466459734437,0.0,1.658593773841858,9.955466459734437
753142930528832802,0.0,0.0,0.0,0.0,0.0
753242927904948402,0.0,0.0,0.0,0.0,0.0
753242930475495502,0.0,0.0,0.0,0.0,0.0
753242930525301802,0.0,0.0,0.0,0.0,0.0
753342930458410102,0.0,0.0,0.0,0.0,0.0
753342930517172002,0.0,0.0,0.0,0.0,0.0
753442930458177702,0.0,0.0,0.0,0.0,0.0
753442930546984902,0.0,0.0,0.0,0.0,0.0
753742930508107502,2.0731706619262695,3.5614084478320764,37.16589327146172,18.829822540283203,146.01774294249142
753842929284173502,0.0,0.0,0.0,0.0,0.0
753942930458126802,0.0,0.0,0.0,0.0,0.0
754042930474411501,0.0,0.0,0.0,0.0,0.0
754142930510380702,0.0,0.0,0.0,0.0,0.0
754242930539056601,0.0,0.0,0.0,0.0,0.0
754242930546328902,2.8888888359069824,5.409395000653083,54.0919540229885,35.47875213623047,243.4227846996662
754342930508346001,0.0,0.0,0.0,0.0,0.0
754542930450506301,0.0,0.0,0.0,0.0,0.0
754542930521328001,0.0,0.0,0.0,0.0,0.0
754542930534566901,0.0,0.0,0.0,0.0,0.0
754642930411668402,1.0,14.427908482142858,14.428,2.0489630699157715,14.427908482142858
754642930448728702,0.0,0.0,0.0,0.0,0.0
754642930468904202,0.0,0.0,0.0,0.0,0.0
754742930509141001,0.0,0.0,0.0,0.0,0.0
754742930519092101,0.0,0.0,0.0,0.0,0.0
754842929194568002,0.0,0.0,0.0,0.0,0.0
754842930531037201,0.0,0.0,0.0,0.0,0.0
754942929091873102,0.0,0.0,0.0,0.0,0.0
754942930510146201,0.0,0.0,0.0,0.0,0.0
754942930519302201,2.1140940189361572,7.253659993104807,292.35500394011035,110.74589538574219,1080.7952842441857
754942930537316102,3.0,20.65201795353514,6.350550381033023,6.483479976654053,41.30403511893638
755042930463252802,0.0,0.0,0.0,0.0,0.0
755142930525235801,0.0,0.0,0.0,0.0,0.0
755342930469345301,0.0,0.0,0.0,0.0,0.0
755342930538800701,0.0,0.0,0.0,0.0,0.0
755442930475572701,0.0,0.0,0.0,0.0,0.0
755542930526175202,0.0,0.0,0.0,0.0,0.0
755642930446488302,0.0,0.0,0.0,0.0,0.0
755842930447690702,0.0,0.0,0.0,0.0,0.0
756242930458599801,0.0,0.0,0.0,0.0,0.0
756442928726364102,0.0,0.0,0.0,0.0,0.0
756642930480195101,1.5555555820465088,14.627725713072246,82.33619456366237,7.747011184692383,131.64953508499866
756742930543284001,0.0,0.0,0.0,0.0,0.0
756942930532631301,0.0,5.174784335137441,0.0,98.40432739257812,533.0027996708153
757042930456484001,0.0,0.0,0.0,0.0,0.0
757042930526438702,0.0,0.0,0.0,0.0,0.0
757142930515607701,1.3536585569381714,6.805541422061495,30.16502335236118,60.36183547973633,558.0544014897566
757442930466583202,0.0,0.0,0.0,0.0,0.0
757542930529923202,0.0,0.0,0.0,0.0,0.0
757742928757969001,0.0,0.0,0.0,0.0,0.0
757842928258270602,0.0,0.0,0.0,0.0,0.0
758042928602853002,2.95652174949646,10.199402181163286,404.36125933831374,114.32744598388672,1172.931229346081
758042930474086402,0.8271604776382446,7.26837084310684,29.320217917675546,75.81241607666016,588.7380451522497
758142930530827302,0.0,0.0,0.0,0.0,0.0
758242930159219901,0.0,0.0,0.0,0.0,0.0
758242930459609201,0.0,0.0,0.0,0.0,0.0
758242930524619902,0.0,0.0,0.0,0.0,0.0
758342930532955101,3.0,0.4530040795351483,0.4531568228105906,0.0726282149553299,0.4530040795351483
758542930538871101,0.0,0.0,0.0,0.0,0.0
758742930509973401,0.0,0.0,0.0,0.0,0.0
758842930516754702,0.0,0.0,0.0,0.0,0.0
759142930517837001,2.859375,23.44080265266532,329.32658569500677,125.32868194580078,1500.211349641746
759442928967092902,0.0,0.0,0.0,0.0,0.0
759442930475081701,0.0,0.0,0.0,0.0,0.0
759742930475779602,0.0,0.0,0.0,0.0,0.0
759742930518516101,0.0,0.0,0.0,0.0,0.0
759742930531826402,1.9431818723678589,2.7134309210526317,57.32989473684211,40.09263229370117,238.78192537689208
759842930342859001,0.0,0.0,0.0,0.0,0.0
761142930529910401,3.0930233001708984,4.975221236088211,52.908491343775765,68.69087982177734,427.86901331694776
761342929839451902,1.0844444036483765,6.643108713682922,376.2269535527926,170.31997680664062,1494.699435469432
761342930534268601,0.0,0.0,0.0,0.0,0.0
761442929901274502,0.0,0.0,0.0,0.0,0.0
761442930456868501,0.47999998927116394,8.845123691949283,16.287503819126183,99.31986999511719,1105.6404732365947
761442930509005001,0.0,0.0,0.0,0.0,0.0
761642929372779502,0.0,0.0,0.0,0.0,0.0
761742928878266802,0.0,0.0,0.0,0.0,0.0
761742930516272301,0.03529411926865578,7.982235813375388,63.55778894472362,146.80288696289062,2035.4701827324661
761842930539848401,0.0,0.0,0.0,0.0,0.0
762142930519940701,0.0,0.0,0.0,0.0,0.0
762242929309570201,0.0,0.0,0.0,0.0,0.0
762242930460430702,2.186046600341797,5.836764600115075,316.23794911136685,101.89347076416016,752.9426135341312
762242930536443802,0.0,316.1481379056047,102.58702064896755,21.797576904296875,316.1481379056047
762442930475939001,0.0,0.0,0.0,0.0,0.0
762742930459418802,0.0,0.0,0.0,0.0,0.0
762742930459632601,0.0,0.0,0.0,0.0,0.0
762942930455609302,0.0,0.0,0.0,0.0,0.0
762942930549462102,0.0,0.0,0.0,0.0,0.0
763342930012331001,0.6190476417541504,4.912707213759105,68.07132705631551,107.67791748046875,825.334790823959
763442930459100501,0.0,0.0,0.0,0.0,0.0
763442930520624602,0.0,0.0,0.0,0.0,0.0
763742930468785601,0.0,0.0,0.0,0.0,0.0
763742930522540202,1.4905660152435303,4.0466481903452935,82.56095679012346,36.431705474853516,214.4723453639466
763742930549198901,6.0,19.120952628251445,34.34971098265896,3.9192378520965576,38.24190666772038
763942928739548802,1.4814814329147339,6.506355592977032,323.78621908127207,119.35444641113281,878.3580502365166
763942930527556701,0.0,16.67193397854907,33.143988215798196,2.5024266242980957,33.34386795709814
764142930542767902,0.0,0.0,0.0,0.0,0.0
764242930531902702,0.0,0.0,0.0,0.0,0.0
764342929735780202,0.0,0.0,0.0,0.0,0.0
764642930543133502,0.0,0.0,0.0,0.0,0.0
764742930550657701,0.0,0.0,0.0,0.0,0.0
764842930458088902,2.5932202339172363,2.958538940573469,43.12249705535925,31.960424423217773,174.55379283891548
764842930524609801,0.0,0.0,0.0,0.0,0.0
764942930451690902,0.0,0.0,0.0,0.0,0.0
764942930476892201,0.0,0.0,0.0,0.0,0.0
765242928990481001,0.0,0.0,0.0,0.0,0.0
765342930451224102,0.0,0.0,0.0,0.0,0.0
765342930532594302,0.0,0.0,0.0,0.0,0.0
765442930450956601,0.0,0.0,0.0,0.0,0.0
765442930461657301,1.3333333730697632,3.2464042765601784,9.73904160475483,1.3030303716659546,9.73921274253199
765542930544129601,0.0,0.0,0.0,0.0,0.0
765642929456721202,3.7878787517547607,18.589293504124367,243.81725888324874,46.1412467956543,613.4467025674539
765642930541715502,0.0,0.0,0.0,0.0,0.0
765742930454226601,0.0,0.0,0.0,0.0,0.0
765742930468090501,0.0,0.0,0.0,0.0,0.0
765942930479079402,0.0,0.0,0.0,0.0,0.0
766042930526573601,2.6190476417541504,6.323054737756796,54.3191533513177,21.661075592041016,132.78415075944503
766242930524092001,0.0,0.0,0.0,0.0,0.0
766442930461358101,0.0,0.0,0.0,0.0,0.0
766442930542604801,0.0,0.0,0.0,0.0,0.0
766542927975285601,0.0,0.0,0.0,0.0,0.0
766542930525683902,0.0,0.0,0.0,0.0,0.0
766542930544795501,12.0,1.9894760370178515,17.90564233343959,1.1540895700454712,17.90528497522638
766642929456991301,0.0,0.0,0.0,0.0,0.0
766642930533177401,0.0,0.0,0.0,0.0,0.0
766842930480172401,0.19819819927215576,5.888675745640111,44.17162108600872,93.47543334960938,653.6430015911718
766842930546929202,0.0,0.0,0.0,0.0,0.0
766942930532052102,0.0,102.4951171875,195.3125,19.264019012451172,204.990234375
766942930533452502,0.0,0.0,0.0,0.0,0.0
767042928789923501,0.0,0.0,0.0,0.0,0.0
767142930545023602,0.0,0.0,0.0,0.0,0.0
767342930474126302,0.0,0.0,0.0,0.0,0.0
767742930527127401,0.0,0.0,0.0,0.0,0.0
767942930517197501,0.0,111.92595500411862,0.0,15.729336738586426,111.92595500411862
768142928607058202,0.0,0.0,0.0,0.0,0.0
768142929012910901,0.0,0.0,0.0,0.0,0.0
768142930479507402,0.0,0.0,0.0,0.0,0.0
768342930549072102,0.0,0.0,0.0,0.0,0.0
768442929543790002,0.0,0.0,0.0,0.0,0.0
768442930453312102,3.4285714626312256,3.404049956995413,14.928440366972477,3.5046777725219727,23.828348567857656
768442930516932402,0.0,0.0,0.0,0.0,0.0
768742930459748301,1.883720874786377,2.8007168754119975,71.7574159525379,48.782318115234375,240.86163988338149
768742930519976801,0.0,0.0,0.0,0.0,0.0
768742930532593301,0.0,0.0,0.0,0.0,0.0
768742930546262102,0.0,0.0,0.0,0.0,0.0
768942930477568501,0.0,0.0,0.0,0.0,0.0
769042929721548401,0.0,0.0,0.0,0.0,0.0
769042930454948301,2.8378379344940186,11.441832006156316,151.26124197002142,117.23921203613281,846.6955404583852
769042930510266802,0.0,0.0,0.0,0.0,0.0
769142930524552902,0.0,0.0,0.0,0.0,0.0
769242930465461002,0.0,0.0,0.0,0.0,0.0
769342930515814002,0.0,0.0,0.0,0.0,0.0
769542930449226601,0.0,0.0,0.0,0.0,0.0
769542930478713902,0.5052631497383118,4.486017143983185,98.77631809423717,140.2989044189453,852.3432517669355
769742929839403502,0.0,0.0,0.0,0.0,0.0
769742930524787902,0.0,0.0,0.0,0.0,0.0
769742930529503102,0.0,0.0,0.0,0.0,0.0
769942930533553002,0.0,0.0,0.0,0.0,0.0
771242930517918102,0.0,0.0,0.0,0.0,0.0
771242930549734802,0.0,0.0,0.0,0.0,0.0
771442927975242201,0.0,0.0,0.0,0.0,0.0
771442930531741101,0.0,0.0,0.0,0.0,0.0
771542930475690702,0.0,0.0,0.0,0.0,0.0
771542930530420301,0.0,0.0007242003292120247,0.000689714630571601,7.16331705916673e-05,0.0007242003292120247
771642929269267201,0.0,0.0,0.0,0.0,0.0
771742930526615202,2.257575750350952,14.245465862534868,106.53695955369595,85.01709747314453,940.2007329347576
771842928932571602,0.0,0.0,0.0,0.0,0.0
772042930518296002,11.129032135009766,3.7839097799445867,117.30144927536232,21.27832794189453,117.30119925886774
772142930460642302,2.475524425506592,5.461082260358914,243.64380896799923,105.67744445800781,780.9347408648282
772442927901338901,12.535714149475098,9.366910820492025,262.2733171127332,36.85094451904297,262.2735109837128
772442930525244601,0.0,0.0,0.0,0.0,0.0
772442930529133601,1.5357142686843872,8.001446442265557,43.18755477651183,26.89573097229004,224.04049899262571
772842930524188301,0.0,0.0,0.0,0.0,0.0
772842930533471901,2.3333332538604736,3.9041871539918414,31.73892773892774,9.254095077514648,58.5628066287452
772842930534651101,2.2727272510528564,5.029918323863637,55.32874692874693,2.9278059005737305,55.329100617729765
772842930545597801,0.0,0.0,0.0,0.0,0.0
773042930474939502,0.0,0.0,0.0,0.0,0.0
773042930517042102,0.0,0.0,0.0,0.0,0.0
773142928258122402,0.0,0.0,0.0,0.0,0.0
773142930455877401,2.8648648262023926,10.079448822861746,131.26713532513182,30.68863868713379,372.93958853222716
773442930476283801,0.0,0.0,0.0,0.0,0.0
773542930466500401,0.0,0.0,0.0,0.0,0.0
773742927963650802,1.0,4.010622396508688,4.0103734439834025,0.4570920467376709,4.010622396508688
773842930475318301,3.159090995788574,11.904523645339244,114.29923695607341,80.2392349243164,523.799024365174
773842930542881302,0.0,0.0,0.0,0.0,0.0
773942930457397801,0.0,158.19924124280232,158.1996161228407,18.498226165771484,158.19924124280232
773942930524179501,0.0,0.0,0.0,0.0,0.0
773942930535252001,0.0,0.0,0.0,0.0,0.0
773942930545339702,0.0,0.0,0.0,0.0,0.0
774142930473192902,0.9285714030265808,8.94353196464254,45.42095914742451,42.78529739379883,375.6283272019923
774442930473346201,0.0,0.0,0.0,0.0,0.0
774442930516563901,0.0,0.0,0.0,0.0,0.0
774642930478609202,0.0,0.0,0.0,0.0,0.0
774842930509319202,2.5,2.4985163467404568,22.151124280983094,13.202359199523926,84.9495546378511
774942930528725202,0.0,0.0,0.0,0.0,0.0
775042930549875901,2.5827338695526123,6.394660977859779,234.64186141861418,117.25775146484375,888.857912960055
775242930477103701,1.399999976158142,1.8312169934014955,8.451490856679579,1.3646082878112793,9.156084945014808
775342930515885902,0.0,0.0,0.0,0.0,0.0
775342930533707102,0.0,0.0,0.0,0.0,0.0
775342930536044501,0.0,0.0,0.0,0.0,0.0
775342930544529802,0.0,0.0,0.0,0.0,0.0
775442928247207701,0.0,0.0,0.0,0.0,0.0
775542930509392802,0.0,0.0,0.0,0.0,0.0
775742930451514601,0.0,0.0,0.0,0.0,0.0
775742930469338602,0.0,0.0,0.0,0.0,0.0
775742930531576201,0.0,0.0,0.0,0.0,0.0
775842930545108101,0.0,0.0,0.0,0.0,0.0
776142929439514102,0.0,0.0,0.0,0.0,0.0
776142930543691701,0.0,0.0,0.0,0.0,0.0
776342930466918701,0.0,0.0,0.0,0.0,0.0
776342930479367001,0.0,0.0,0.0,0.0,0.0
776342930520595402,0.0,0.0,0.0,0.0,0.0
776342930529182402,0.0,0.0,0.0,0.0,0.0
776342930531140302,3.303030252456665,7.0900295425511,145.38482704402514,86.05708312988281,701.9129130338911
776342930543786801,0.0,0.0,0.0,0.0,0.0
776542930531824101,0.0,0.0,0.0,0.0,0.0
776642928021818302,0.0,0.0,0.0,0.0,0.0
776642930515873301,0.0,0.0,0.0,0.0,0.0
776742930480086601,0.0,0.0,0.0,0.0,0.0
776742930523716602,0.0,0.0,0.0,0.0,0.0
776842930528938501,0.0,0.0,0.0,0.0,0.0
776842930536068502,0.0,0.0,0.0,0.0,0.0
776942930524452701,0.0,0.0,0.0,0.0,0.0
777242930450063302,0.0,0.0,0.0,0.0,0.0
777342930534776602,0.0,0.0,0.0,0.0,0.0
777442930516602301,0.0,0.0,0.0,0.0,0.0
777442930527433102,0.0,0.0,0.0,0.0,0.0
777442930530250002,0.0,0.0,0.0,0.0,0.0
777642930519773301,67.5,74.69775474956822,116.86816350028785,22.375917434692383,149.39550949913644
777742930479628601,70.19999694824219,9.652405541150575,47.660050738695716,9.212417602539062,48.26202890578001
777842930472830402,0.0,0.0,0.0,0.0,0.0
777842930516503902,0.0,0.0,0.0,0.0,0.0
777842930526744102,2.0307693481445312,6.790164365724886,183.4488584474886,78.03092193603516,882.7213867993115
778242930531554001,2.5,3.0553428655952617,5.0543219666931005,0.9436254501342773,6.110685827994895
778242930543394801,0.0,0.0,0.0,0.0,0.0
778342930548631302,0.0,0.0,0.0,0.0,0.0
778442929331751501,0.0,0.0,0.0,0.0,0.0
778442930454922102,0.0,0.0,0.0,0.0,0.0
778542930519394202,2.6236557960510254,6.861878899015498,392.45530753484746,71.45889282226562,638.1547583630122
778642930528102201,0.13793103396892548,13.069918497838616,163.19020172910663,153.32745361328125,1137.082898303938
778842929946433101,1.9329267740249634,4.2672598751697635,106.55480105181033,107.74542236328125,699.830619263071
779142928067753302,1.0,1.1191251124053976,2.238855622089155,0.38521715998649597,2.2382501638974657
779142930454007402,0.0,0.0,0.0,0.0,0.0
779342930475595301,0.0,0.0,0.0,0.0,0.0
779342930528311502,1.5301204919815063,4.708675611300232,40.24211225506476,58.30363845825195,390.8200723324373
779542930525824701,0.0,0.0,0.0,0.0,0.0
779742930518126701,0.0,0.0,0.0,0.0,0.0
779742930550836101,1.112069010734558,6.9254911560548615,85.41391614629795,96.41624450683594,803.3569728015897
779842930528013401,0.0,0.0,0.0,0.0,0.0
779942928242605201,0.0,0.0,0.0,0.0,0.0
779942930525768601,0.0,0.0,0.0,0.0,0.0
781242930528004102,1.8410255908966064,9.64781757758769,1395.3830811554333,191.4619598388672,1881.3244433858863
781542929613319202,0.0,0.0,0.0,0.0,0.0
781742930545603602,0.0,0.0,0.0,0.0,0.0
781842930478569102,2.307692289352417,6.098092726817136,47.71809339965848,9.274822235107422,79.27520539424442
782042930519983001,0.0,0.0,0.0,0.0,0.0
782142930509565602,0.0,0.0,0.0,0.0,0.0
782242930463891102,4.111111164093018,24.81374556929977,155.5462962962963,18.651756286621094,223.32370383651167
782342930464471102,0.0,0.0,0.0,0.0,0.0
782642930460611001,0.0,0.0,0.0,0.0,0.0
782642930526694301,0.0,0.0,0.0,0.0,0.0
782742929069883302,0.0,0.0,0.0,0.0,0.0
782742930518665902,0.0,0.0,0.0,0.0,0.0
782742930548055602,0.0,0.0,0.0,0.0,0.0
782842930472211801,1.0118577480316162,5.825451749327182,642.1458413430731,228.38876342773438,1473.8392385792165
782842930523338101,0.8455284833908081,9.885596422949938,89.30835380835381,90.07905578613281,1215.9283466292247
782942928855295402,0.0,0.0,0.0,0.0,0.0
782942930550273902,0.0,0.0,0.0,0.0,0.0
783142930475311202,0.0,0.0,0.0,0.0,0.0
783142930524033101,0.0,0.0,0.0,0.0,0.0
783242930435923402,0.0,0.0,0.0,0.0,0.0
783442930457873101,0.0,0.0,0.0,0.0,0.0
783442930475894501,0.0,0.0,0.0,0.0,0.0
783442930534528202,2.6105263233184814,4.530353131031864,104.49821219504477,53.57122802734375,430.38354068265187
783442930546572802,0.0,0.0,0.0,0.0,0.0
783742930458253801,0.0,0.0,0.0,0.0,0.0
783742930521498701,0.0,0.0,0.0,0.0,0.0
783842930548599002,0.0,0.0,0.0,0.0,0.0
783942930449037902,2.777777671813965,7.803915822251902,31.656349805470064,6.07447624206543,70.23524157933522
783942930474252402,1.723880648612976,8.81478255729862,678.0084557187361,214.4027862548828,1181.1808949111035
783942930531632201,3.4772727489471436,9.0778904690174,70.14603536794067,41.64802932739258,399.4271832410091
784642929501690802,3.3061225414276123,5.1134256650135255,156.33483618875863,71.40641021728516,501.1157350834261
784842930534724801,0.0,0.0,0.0,0.0,0.0
784842930545061101,0.0,0.0,0.0,0.0,0.0
784942930476591601,0.0,0.0,0.0,0.0,0.0
784942930529549701,0.0,0.0,0.0,0.0,0.0
785042930462606001,0.0,0.0,0.0,0.0,0.0
785242928042281901,0.0,0.0,0.0,0.0,0.0
785342930474536401,0.0,0.0,0.0,0.0,0.0
785342930523919402,1.5645161867141724,6.695438398301394,434.11393728223,120.99259948730469,830.2343788550705
785342930524892802,0.0,0.0,0.0,0.0,0.0
785542930528001701,0.0,0.0,0.0,0.0,0.0
785642930532277002,0.0,0.0,0.0,0.0,0.0
785742930184537101,0.0,0.0,0.0,0.0,0.0
785742930184590001,0.0,0.0,0.0,0.0,0.0
785842930446725402,0.0,0.0,0.0,0.0,0.0
785842930465005902,2.006211280822754,4.253155643535602,147.86784201175345,120.10966491699219,684.7580482449805
785842930519421901,0.0,0.0,0.0,0.0,0.0
785942930548106801,2.2193548679351807,4.530181207662478,114.52179462006676,62.4503288269043,702.1780627685283
786042930549165502,0.0,0.0,0.0,0.0,0.0
786442930469601302,0.0,0.0,0.0,0.0,0.0
786442930542702602,0.0,0.0,0.0,0.0,0.0
786542930473755202,0.0,0.0,0.0,0.0,0.0
786542930544320802,0.0,0.0,0.0,0.0,0.0
786642928135690801,0.0,0.0,0.0,0.0,0.0
786642929800291402,0.0,0.0,0.0,0.0,0.0
786642930474830401,0.0,0.0,0.0,0.0,0.0
786742930477382902,0.0,0.0,0.0,0.0,0.0
787142929346398801,0.0,0.0,0.0,0.0,0.0
787442930518450901,0.0,0.0,0.0,0.0,0.0
787642930534343202,0.0,0.0,0.0,0.0,0.0
787742928258284701,0.0,0.0,0.0,0.0,0.0
787742930476743501,0.0,0.0,0.0,0.0,0.0
787942930463685102,0.0,0.0,0.0,0.0,0.0
788042929331622001,0.0,0.0,0.0,0.0,0.0
788042930545910402,1.4615384340286255,4.6365776909722225,53.87047619047619,94.83610534667969,602.7551081327408
788142930480566001,0.0,0.0,0.0,0.0,0.0
788342928988192502,0.0,0.0,0.0,0.0,0.0
788342930516599802,0.0,0.0,0.0,0.0,0.0
788542930530225502,0.0,0.0,0.0,0.0,0.0
788642928099739401,0.0,0.0,0.0,0.0,0.0
788742930545224501,0.0,0.0,0.0,0.0,0.0
788842930457949001,0.0,0.0,0.0,0.0,0.0
789142930474951301,0.0,0.0,0.0,0.0,0.0
789242930473443202,0.0,0.0,0.0,0.0,0.0
789242930510920601,0.0,0.0,0.0,0.0,0.0
789342928664009802,0.0,0.0,0.0,0.0,0.0
789342930530039601,0.0,0.0,0.0,0.0,0.0
789542930516170601,0.0,0.0,0.0,0.0,0.0
789642930521356701,2.142857074737549,5.500645940912868,21.256410256410255,4.800596237182617,38.504520861851184
789642930546785901,0.0,0.0,0.0,0.0,0.0
789842929761637902,0.0,0.0,0.0,0.0,0.0
791242930459821801,3.3589744567871094,8.360029378203075,326.040999359385,28.061155319213867,326.04114029302116
791242930473795302,0.90625,8.313878992101648,163.83104395604394,80.44720458984375,798.1323783043977
791242930477581001,0.0,0.0,0.0,0.0,0.0
791442930527242601,0.0,0.0,0.0,0.0,0.0
791642930550280802,1.2700729370117188,3.9868809505528255,72.94938574938575,98.21086883544922,546.2026750281832
791942928759342702,0.0,0.0,0.0,0.0,0.0
791942929346145902,0.0,0.0,0.0,0.0,0.0
791942930464434002,0.0,0.0,0.0,0.0,0.0
791942930477646801,2.8125,4.588201934159767,46.64132480240873,9.244672775268555,73.41122822946384
792042929389319801,0.0,0.0,0.0,0.0,0.0
792042930459871802,0.0,0.0,0.0,0.0,0.0
792142930474135901,0.0,0.0,0.0,0.0,0.0
792142930523805202,0.0,0.0,0.0,0.0,0.0
792142930540998802,0.0,0.0,0.0,0.0,0.0
792142930544740501,7.125,3.6012765822077664,28.810234382758964,3.152470350265503,28.810211881765817
792642930463270101,0.0,0.0,0.0,0.0,0.0
792942930475742502,0.0,0.0,0.0,0.0,0.0
792942930527241002,2.1041667461395264,6.160062300929537,153.06370254810193,83.1956787109375,887.0489372515269
793042930528322601,0.0,0.0,0.0,0.0,0.0
793142930460010501,2.240000009536743,1.545853052383814,15.245726495726496,6.266195774078369,38.646327580651665
793542930515407802,0.0,80.6776756343985,80.67763157894737,10.413996696472168,80.6776756343985
793542930531525801,0.0,0.0,0.0,0.0,0.0
793742930479837702,3.775510311126709,6.310542335488089,85.93114468332365,48.69626998901367,309.2165833769116
793742930529081301,0.0,0.0,0.0,0.0,0.0
793842930454257301,0.0,0.0,0.0,0.0,0.0
793842930479910501,1.0,4.3943234628921015,8.876795162509449,5.7592363357543945,43.94323510179354
793942930462395002,0.0,0.0,0.0,0.0,0.0
794242930534591401,0.0,0.0,0.0,0.0,0.0
794442930447904801,0.0,0.0,0.0,0.0,0.0
794542930101290201,0.0,0.0,0.0,0.0,0.0
794542930532969201,1.3333333730697632,1.2567864519583842,3.770348837209302,0.4849090576171875,3.770359355875153
794642930546989801,1.9763779640197754,5.626251761272142,146.51433172302737,102.83055877685547,714.5339767677197
794742930479829901,0.0,0.0,0.0,0.0,0.0
794842930529842901,0.0,0.0,0.0,0.0,0.0
794942930516814001,0.0,0.0,0.0,0.0,0.0
795142930524750802,0.0,0.0,0.0,0.0,0.0
795142930526088701,2.7547168731689453,9.974676232814254,142.70931537598204,60.22491455078125,528.6578221305051
795142930532308602,0.0,0.0,0.0,0.0,0.0
795342930450598901,0.0,0.0,0.0,0.0,0.0
795442928823159701,0.0,0.0,0.0,0.0,0.0
795442930458219802,0.0,0.0,0.0,0.0,0.0
795642930464761502,0.0,0.0,0.0,0.0,0.0
795742927975326001,2.896226406097412,11.765705354180492,454.22163238221634,151.57833862304688,1247.1648037180491
795942930523988901,0.0,0.0,0.0,0.0,0.0
796042929457044501,0.0,0.0,0.0,0.0,0.0
796042930525061902,0.0,0.0,0.0,0.0,0.0
796142930476360402,0.0,0.0,0.0,0.0,0.0
796242929514115302,0.0,0.0,0.0,0.0,0.0
796242930508282101,0.0,0.0,0.0,0.0,0.0
796442930519745301,1.7586207389831543,7.277839911461447,95.40705319784817,62.74776840209961,422.114708950045
796442930543616402,0.795918345451355,7.898702155741311,246.00351957765068,125.56007385253906,1161.1092118598058
796542930534869402,0.0,0.0,0.0,0.0,0.0
796742930468079202,0.0,0.0,0.0,0.0,0.0
796742930548112102,0.0,0.0,0.0,0.0,0.0
797042930533526401,0.0,0.0,0.0,0.0,0.0
797242930519193302,0.0,0.0,0.0,0.0,0.0
797242930525539302,0.0,0.0,0.0,0.0,0.0
797242930530108302,0.0,0.0,0.0,0.0,0.0
797642930457443801,3.9285714626312256,21.399686715898724,898.7773722627737,69.31842803955078,898.7868342504014
797742930476311902,0.0,0.0,0.0,0.0,0.0
797842930450324201,0.0,0.0,0.0,0.0,0.0
797942930460336502,0.0,0.0,0.0,0.0,0.0
797942930522003401,0.0,0.0,0.0,0.0,0.0
798142929259265402,0.0,0.0,0.0,0.0,0.0
798242930543941802,0.0,0.0,0.0,0.0,0.0
798342929194635601,3.0679612159729004,12.690928302744709,184.4920634920635,103.7929916381836,1307.1656309057164
798342930447675001,0.0,0.0,0.0,0.0,0.0
798342930545453401,0.6629213690757751,9.09740477735623,170.32140575079873,113.74982452392578,809.6690504884567
798442930529701001,1.4356435537338257,5.325694212111074,49.770603323296534,78.8259506225586,537.8951265656909
798542930460582702,0.0,0.0,0.0,0.0,0.0
798642930517286101,0.0,0.0,0.0,0.0,0.0
798742930289645702,0.0,0.0,0.0,0.0,0.0
798742930477310602,1.8828125,9.335267253564405,152.97418879056048,84.03649139404297,1194.914199773541
798742930519398002,0.0,0.0,0.0,0.0,0.0
798842930464854601,0.0,0.0,0.0,0.0,0.0
798842930529034001,0.0,0.0,0.0,0.0,0.0
798842930532926501,0.0,0.0,0.0,0.0,0.0
799042930536547301,0.0,0.0,0.0,0.0,0.0
799142930461449601,0.0,0.0,0.0,0.0,0.0
799142930464148602,2.642857074737549,5.941945814767664,89.12858052196053,104.42097473144531,665.4979180032025
799142930508440501,0.0,0.0,0.0,0.0,0.0
799242929055602502,0.0,0.0,0.0,0.0,0.0
799342930542861401,1.0409835577011108,4.044350514726909,69.22619388046897,93.87588500976562,493.41077716861207
799442930478913201,0.0,0.0,0.0,0.0,0.0
799542930545858902,2.0,2.598033328480849,5.196169772256729,0.8268859386444092,5.196066467411523
799642930466424101,0.0,0.0,0.0,0.0,0.0
799742930462511801,0.0,0.0,0.0,0.0,0.0
799942929166177302,0.0,0.0,0.0,0.0,0.0
801242930456743501,0.0,0.0,0.0,0.0,0.0
801242930508147801,0.0,0.0,0.0,0.0,0.0
801242930532614201,0.0,0.0,0.0,0.0,0.0
801342930471544502,0.0,0.0,0.0,0.0,0.0
801342930517927201,0.0,0.0,0.0,0.0,0.0
801342930543387302,2.0,1.889174768662439,3.686106275387549,0.6315587162971497,3.7783496385188697
801342930545082102,0.0,0.0,0.0,0.0,0.0
801442930454081002,2.3913042545318604,2.642419400690701,19.769272237196766,10.025644302368164,60.77564661894847
801442930454206002,0.0,0.0,0.0,0.0,0.0
801442930461586702,2.7547168731689453,6.697097127555988,149.50516066212268,107.59156799316406,709.8923038923288
801542930516330302,67.0,12.77486767536356,37.775876817792984,2.260708808898926,38.32460380926206
801742930476306102,0.0,0.0,0.0,0.0,0.0
801942930454879602,0.0,0.0,0.0,0.0,0.0
801942930517639202,0.0,0.0,0.0,0.0,0.0
801942930532113802,0.0,0.0,0.0,0.0,0.0
801942930533183301,0.0,0.0,0.0,0.0,0.0
802142929118570801,0.0,0.0,0.0,0.0,0.0
802142930472974701,0.0,0.0,0.0,0.0,0.0
802342930544949602,0.6078431606292725,12.899174708946079,178.97504456327985,69.7850570678711,657.8579083066998
803342930510992002,0.0,0.0,0.0,0.0,0.0
803342930534987401,3.0,37.00937059031044,37.009407337723424,1.3528120517730713,37.00937059031044
803442930521940801,7.21999979019165,5.162594088561351,118.45653817082389,39.051780700683594,258.1297060004648
803542930532680301,0.0,0.0,0.0,0.0,0.0
803742930445520301,0.0,0.0,0.0,0.0,0.0
803742930526737802,0.0,0.0,0.0,0.0,0.0
803742930547269501,1.0,4.449480351276219,11.180566085418246,1.779569149017334,13.348441794209629
803842930451807801,2.966386556625366,5.932115966203155,126.61913076011723,96.3956069946289,705.9217891884599
804042930519203602,0.0,0.0,0.0,0.0,0.0
804042930530337202,0.0,0.0,0.0,0.0,0.0
804042930536220601,1.6666666269302368,1.6928232896202324,8.563620558513529,1.7367615699768066,10.156939770881863
804242930474631801,0.0,28.62874740837346,82.39192081326912,14.581372261047363,114.51498796800804
804242930529420801,0.0,0.0,0.0,0.0,0.0
804342928210622202,0.0,0.0,0.0,0.0,0.0
804342930476485601,0.0,0.0,0.0,0.0,0.0
804642930473426902,0.0,0.0,0.0,0.0,0.0
804642930476514001,2.6183207035064697,8.461322750517473,235.16193839035674,81.59706115722656,1108.4332564830142
804642930480351502,0.0,0.0,0.0,0.0,0.0
804842930456788302,0.0,0.0,0.0,0.0,0.0
804842930466678301,0.0,0.0,0.0,0.0,0.0
805042930477888801,0.0,0.0,0.0,0.0,0.0
805042930508791002,0.0,0.0,0.0,0.0,0.0
805142930461169201,0.0,0.0,0.0,0.0,0.0
805142930475602602,0.0,0.0,0.0,0.0,0.0
805142930526343601,0.0,0.0,0.0,0.0,0.0
805242930480563402,0.0,0.0,0.0,0.0,0.0
805242930516737201,0.2083333283662796,4.394818930176237,71.76750700280112,119.5234603881836,527.3782981512816
805342928242527202,2.555555582046509,10.136832201741013,74.57381258023106,9.29420280456543,91.23148871876003
805342930474260902,0.0,0.0,0.0,0.0,0.0
805542930550087701,0.0,0.0,0.0,0.0,0.0
805642927975205602,0.0,0.0,0.0,0.0,0.0
805642930462133301,1.109890103340149,16.591530744803695,24.510392609699768,97.0971450805664,1509.829246748127
805642930478159602,2.5,9.06519214527027,15.83056133056133,3.93257212638855,18.13038429054054
805642930542344202,2.5929203033447266,6.393718828305706,93.63569776407093,122.11376190185547,722.4902659931271
805742930458053401,0.0,0.0,0.0,0.0,0.0
805842930164781701,0.0,0.0,0.0,0.0,0.0
805842930477843401,0.0,0.0,0.0,0.0,0.0
805842930509185101,0.0,0.0,0.0,0.0,0.0
805942930516763002,0.0,0.0,0.0,0.0,0.0
806042930470171401,0.0,0.0,0.0,0.0,0.0
806042930547047701,0.0,0.0,0.0,0.0,0.0
806142930528568802,0.0,0.0,0.0,0.0,0.0
806242928025344402,0.0,0.0,0.0,0.0,0.0
806442930184475602,0.0,0.0,0.0,0.0,0.0
806442930453834601,302.0,113.66219595362583,76.21664014548762,17.7890682220459,113.66219595362583
806742930461542102,0.0,0.0,0.0,0.0,0.0
806842928042203701,0.0,0.0,0.0,0.0,0.0
806842930548733102,0.0,0.0,0.0,0.0,0.0
806942930541666101,0.0,0.0,0.0,0.0,0.0
807142930541357101,3.1980197429656982,12.574572934829991,226.55100261551874,124.80287170410156,1270.0318596864017
807242930524016601,0.0,0.0,0.0,0.0,0.0
807442930532775301,0.0,0.0,0.0,0.0,0.0
807642930479770802,0.0,0.0,0.0,0.0,0.0
807642930526525601,2.0147058963775635,5.120654175668842,72.96437436793234,93.36138153076172,696.4089653775832
807642930529617301,0.0,0.0,0.0,0.0,0.0
807742930472778202,0.0,0.0,0.0,0.0,0.0
807842928887149302,23.66666603088379,57.609797835084365,172.8293991904307,15.986112594604492,172.8293991904307
807842929456879002,0.0,0.0,0.0,0.0,0.0
807842929494157501,0.0,0.0,0.0,0.0,0.0
807842929839905601,0.0,0.0,0.0,0.0,0.0
807842930507639202,2.432835817337036,8.03444718417825,134.63654946852003,45.97618103027344,538.3079637198398
807942930476863901,3.5,26.8222411234319,53.645161290322584,4.334010124206543,53.64448159057179
808042928311037201,0.07692307978868484,5.488603166661287,69.0627199070338,82.71126556396484,927.5739276693521
808242930453213402,0.0,0.0,0.0,0.0,0.0
808242930518812602,170.0,0.027182590860244157,0.027227481214013857,0.004201758652925491,0.027182590860244157
808342930525211902,0.0,0.0,0.0,0.0,0.0
808342930526709602,0.0,0.0,0.0,0.0,0.0
808342930542401702,0.0,0.0,0.0,0.0,0.0
808542928633733802,0.0,0.0,0.0,0.0,0.0
808542928726620402,0.0,0.0,0.0,0.0,0.0
808542930524760302,0.0,0.0,0.0,0.0,0.0
809142930544794502,0.0,0.0,0.0,0.0,0.0
809242929843198402,3.3636362552642822,16.035250996188495,111.58004158004158,13.809115409851074,176.38776150793973
809242930518498701,0.0,0.0,0.0,0.0,0.0
809542930479730101,0.0,0.0,0.0,0.0,0.0
809742930533538002,0.0,0.0,0.0,0.0,0.0
809942929321324301,0.0,0.0,0.0,0.0,0.0
809942930526801502,0.0,0.0,0.0,0.0,0.0
811142930462068801,1.3671875,4.899100210119114,1254.1703217188021,188.85317993164062,1254.169654367284
811142930472130002,0.0,12.472629351568477,0.0,66.66558837890625,785.7756336915556
811142930519659602,0.0,0.0,0.0,0.0,0.0
811242930531975002,0.0,0.0,0.0,0.0,0.0
811442930463711802,0.0,0.0,0.0,0.0,0.0
811542930534954201,0.0,0.0,0.0,0.0,0.0
811642930476767801,0.0,0.0,0.0,0.0,0.0
811942928166711001,0.0,0.0,0.0,0.0,0.0
812142930460560902,0.0,0.0,0.0,0.0,0.0
812442930464460202,0.0,0.0,0.0,0.0,0.0
812442930527667102,1.1984126567840576,7.615099823241479,93.5605511240029,102.56706237792969,959.5025786523632
812642930516099601,0.0,0.0,0.0,0.0,0.0
812942930462104402,0.0,0.0,0.0,0.0,0.0
812942930543424902,0.0,0.0,0.0,0.0,0.0
813042930517057001,0.0,0.0,0.0,0.0,0.0
813142930516301902,0.0,0.0,0.0,0.0,0.0
813342930538496902,2.876288652420044,16.360394858374384,549.1773399014778,99.07432556152344,1586.958359459938
813442930534812601,0.0,0.0,0.0,0.0,0.0
813742930449674101,2.475409746170044,4.832398555598258,87.20481680758391,72.75308227539062,589.552629634047
813842930464787802,0.0,0.0,0.0,0.0,0.0
813842930525574102,0.0,0.0,0.0,0.0,0.0
814042930528019102,0.0,0.0,0.0,0.0,0.0
814242928664083701,0.0,0.0,0.0,0.0,0.0
814342930462456201,0.0,0.0,0.0,0.0,0.0
814342930476834602,3.51111102104187,15.482719809322035,1216.6610169491526,125.64447021484375,1393.4447629244949
814442930453336502,0.0,0.0,0.0,0.0,0.0
814742930509403102,0.0,0.0,0.0,0.0,0.0
814842930510356101,0.0,0.0,0.0,0.0,0.0
814842930515938701,0.0,0.0,0.0,0.0,0.0
815042930508138902,0.0,0.0,0.0,0.0,0.0
815042930547570001,0.0,0.0,0.0,0.0,0.0
815142930464010802,0.0,0.0,0.0,0.0,0.0
815142930534968402,0.0,0.0,0.0,0.0,0.0
815442930516584202,0.0,0.0,0.0,0.0,0.0
815442930549748702,2.529411792755127,13.343266642594537,154.0453781512605,98.09537506103516,1361.0131572915727
815542930478218101,0.0,0.0,0.0,0.0,0.0
815742927979933901,0.0,0.0,0.0,0.0,0.0
815742930455532001,0.0,0.0,0.0,0.0,0.0
815742930542317802,0.0,0.0,0.0,0.0,0.0
815842930464087702,1.25,7.179845756062767,41.28644793152639,8.208334922790527,57.43876784211729
815942930474266901,0.0,0.0,0.0,0.0,0.0
816142930464457301,2.4779412746429443,5.405787321998935,137.308224647325,107.0907211303711,735.1870815821839
816242928108698401,0.0,0.0,0.0,0.0,0.0
816442930400204201,2.875,8.98210597826087,63.111304347826085,9.037430763244629,71.85685071198837
816542930516310401,0.0,0.0,0.0,0.0,0.0
816642930479262802,0.0,0.0,0.0,0.0,0.0
816742930454170502,4.875,11.147434869096509,122.51129363449692,38.955753326416016,267.538437265635
816742930474717402,0.0,0.0,0.0,0.0,0.0
817142928663921402,0.0,0.0,0.0,0.0,0.0
817242928932412501,0.0,0.0,0.0,0.0,0.0
817242930342472002,0.0,0.0,0.0,0.0,0.0
817342929417378502,3.8333332538604736,30.69393584801762,69.61674008810573,18.539276123046875,184.1636134748417
817342930517381702,0.0,0.0,0.0,0.0,0.0
817342930530317902,0.0,0.0,0.0,0.0,0.0
817442930531891001,0.0,0.0,0.0,0.0,0.0
817542930478283502,0.0,0.0,0.0,0.0,0.0
817642930474595001,0.0,0.0,0.0,0.0,0.0
817742928196979602,0.0,0.0,0.0,0.0,0.0
817742930446571202,0.0,0.0,0.0,0.0,0.0
817742930534934501,0.0,0.0,0.0,0.0,0.0
817942929493986702,0.0,0.0,0.0,0.0,0.0
817942929800191402,0.0,0.0,0.0,0.0,0.0
818142930522942502,3.24731183052063,19.390586070679255,431.3000262260687,103.4790267944336,1803.3245968857432
818242930534831802,0.0,0.0,0.0,0.0,0.0
818342930518628202,0.0,0.0,0.0,0.0,0.0
818342930529817502,0.0,0.0,0.0,0.0,0.0
818342930532790801,0.0,0.0,0.0,0.0,0.0
818642930446433501,0.0,0.0,0.0,0.0,0.0
819142930541095801,0.0,0.0,0.0,0.0,0.0
819242930453621202,0.0,0.0,0.0,0.0,0.0
819242930531787001,2.0752687454223633,2.2485245403144556,48.10372255806554,42.87239074707031,209.11278320595295
819342930534641502,3.617647171020508,11.9493264895686,169.3111739745403,49.64300537109375,406.27708157454384
819442928030479102,0.0,0.0,0.0,0.0,0.0
819442930462741302,0.0,0.0,0.0,0.0,0.0
819542930454647602,0.0,0.0,0.0,0.0,0.0
819642930524373201,0.0,0.0,0.0,0.0,0.0
819642930550470702,0.0,83.16684737404942,83.16682509505704,13.455491065979004,83.16684737404942
819742930475517901,4.0227274894714355,10.097160582983193,104.15294117647059,61.11455535888672,444.2750880906562
819742930476177601,0.0,0.0,0.0,0.0,0.0
821242930455582301,0.0,0.0,0.0,0.0,0.0
821542930460498902,0.0,0.0,0.0,0.0,0.0
821642930480059302,0.0,0.0,0.0,0.0,0.0
821942930530217601,0.0,0.0,0.0,0.0,0.0
821942930537341902,6.372549057006836,2.276438510932125,116.09896798094734,21.869918823242188,116.09836020952937
822042930543471402,0.0,0.0,0.0,0.0,0.0
822342930455951801,0.0,0.0,0.0,0.0,0.0
822442928789829102,0.0,0.0,0.0,0.0,0.0
822442930464350402,0.0,0.0,0.0,0.0,0.0
822442930533126101,0.0,0.0,0.0,0.0,0.0
822542930518122602,0.0,0.0,0.0,0.0,0.0
822542930550422301,0.0,0.0,0.0,0.0,0.0
822742930537489702,0.0,0.0,0.0,0.0,0.0
822942930517948001,3.2173912525177,11.913961151779096,54.75685693106004,57.497528076171875,274.0211126696542
822942930544325501,0.0,0.0,0.0,0.0,0.0
823142929022556501,0.0,0.0,0.0,0.0,0.0
823342930446736401,0.006493506487458944,2.904879799166519,6.056038304663947,80.7379150390625,447.351491606263
823342930466729101,0.0,0.0,0.0,0.0,0.0
823442930461957001,0.0,0.0,0.0,0.0,0.0
823542928281571202,0.0,0.0,0.0,0.0,0.0
823542930448997102,0.0,0.0,0.0,0.0,0.0
823642930519878201,0.0,0.0,0.0,0.0,0.0
823742930522802202,0.0,0.0,0.0,0.0,0.0
823842930452734401,0.0,0.0,0.0,0.0,0.0
824242930518683202,0.0,0.0,0.0,0.0,0.0
824442930516415402,3.949367046356201,13.284342145388012,173.04739776951672,120.48172760009766,1049.4630082329963
824442930527155301,0.0,0.0,0.0,0.0,0.0
824542929380254101,0.0,0.0,0.0,0.0,0.0
824542930464352301,3.5647058486938477,9.620486465374315,197.9868639204183,101.10151672363281,817.7413148163624
824542930550604002,0.0,0.0,0.0,0.0,0.0
824942930461485102,2.2727272510528564,5.261758117404407,51.91354609228337,95.27986145019531,578.7933948601839
824942930534355601,0.0,0.0,0.0,0.0,0.0
825042930527969201,0.3444444537162781,6.299187625798168,106.8306496390894,80.988525390625,566.9268991765812
825342930517966301,0.0,0.0,0.0,0.0,0.0
825342930528662702,13.9375,4.857924550028344,36.74527588813303,8.433646202087402,77.72679405183568
825442930458105101,0.0,0.0,0.0,0.0,0.0
825442930516566802,0.0,0.0,0.0,0.0,0.0
825442930525679301,0.0,0.0,0.0,0.0,0.0
825542930537831702,0.0,0.0,0.0,0.0,0.0
825642930475638602,0.0,0.0,0.0,0.0,0.0
825742930478649902,3.6122448444366455,8.130158622309846,112.29599056603773,58.67338943481445,398.3777811729683
825942929761688202,2.397590398788452,5.8210132790075075,104.5527710311327,68.92599487304688,483.14411630670503
825942930463971702,0.0,0.0,0.0,0.0,0.0
826142928119230302,0.0,0.0,0.0,0.0,0.0
826242930510359201,1.4485293626785278,5.802948883941369,117.17123091329523,83.23566436767578,789.2010316884658
826342929021034101,2.0,3.2204504387449235,16.086443627924965,8.352694511413574,57.96810637772648
826342930475486701,1.548387050628662,7.711965607967585,64.86402753872633,30.197208404541016,239.07093776236712
826442930515901101,0.0,0.0,0.0,0.0,0.0
826542930464180701,0.0,0.0,0.0,0.0,0.0
826542930469923401,0.0,0.0,0.0,0.0,0.0
826542930479871801,0.0,0.0,0.0,0.0,0.0
827042930522281002,0.0,0.0,0.0,0.0,0.0
827142929604523301,0.0,0.0,0.0,0.0,0.0
827142930530486801,3.142857074737549,16.103836976600984,150.95714285714286,115.55890655517578,1014.5417475634608
827242928197098401,0.0,0.0,0.0,0.0,0.0
827442930457227302,0.0,0.0,0.0,0.0,0.0
827642930544739202,0.0,0.0,0.0,0.0,0.0
827842930517436002,0.0,0.0,0.0,0.0,0.0
828042930452839902,0.35555556416511536,6.816724632218567,18.90253411306043,109.68087005615234,920.2577993716412
828242930549987701,0.0,0.0,0.0,0.0,0.0
828442930466467401,1.2878787517547607,4.099818666922291,86.11656441717791,81.37921142578125,541.1760787464602
828442930476132101,0.0,0.0,0.0,0.0,0.0
828542930452138102,0.0,0.0,0.0,0.0,0.0
828542930528993801,0.0,0.0,0.0,0.0,0.0
828642930475053801,3.329411745071411,4.82759463028169,410.34535211267604,68.22562408447266,410.34552824109375
828642930480325302,2.284313678741455,4.339248771154804,134.51592832254852,67.73171997070312,442.6033671556153
828842930531300102,0.0,0.0,0.0,0.0,0.0
829042930475597601,11.1875,15.947079090589888,255.1685393258427,10.573469161987305,255.15325782347597
829342930536253801,0.0,0.0,0.0,0.0,0.0
829342930545907002,0.0,0.0,0.0,0.0,0.0
829442930452869901,0.0,0.0,0.0,0.0,0.0
829442930508923701,0.0,0.0,0.0,0.0,0.0
829442930534169102,0.0,0.0,0.0,0.0,0.0
829742930529086402,0.0,0.0,0.0,0.0,0.0
829742930530184901,0.0,0.0,0.0,0.0,0.0
829842928213735102,0.0,0.0,0.0,0.0,0.0
831142930289817501,0.0,0.0,0.0,0.0,0.0
831242930453786301,0.0,0.0,0.0,0.0,0.0
831242930531796201,0.0,0.0,0.0,0.0,0.0
831542930518419202,0.0,0.0,0.0,0.0,0.0
832042930511109702,0.0,22.341882406884874,243.96794582392778,31.557443618774414,625.5726897573363
832242930474068801,1.5957447290420532,4.479529939660463,46.868045612599715,81.43927764892578,631.6137203201728
832342930523521702,0.0,0.0,0.0,0.0,0.0
832442929613539201,0.0,0.0,0.0,0.0,0.0
832642930475823402,0.0,0.0,0.0,0.0,0.0
832642930520792801,0.0,0.0,0.0,0.0,0.0
832742930459978602,0.0,5.365442544668712,0.0,63.94370651245117,799.450956465908
833042929126817802,0.0,0.0,0.0,0.0,0.0
833042930525249402,0.0,0.0,0.0,0.0,0.0
833142930542841402,0.0,0.0,0.0,0.0,0.0
833342930544656502,0.0,0.0,0.0,0.0,0.0
833442930527530001,0.0,0.0,0.0,0.0,0.0
833542930446907502,1.1166666746139526,16.309592507102273,623.9318181818181,70.31013488769531,978.5755240452754
833642930474043501,0.0,0.0,0.0,0.0,0.0
833642930479236101,0.0,0.0,0.0,0.0,0.0
833742930509863801,0.0,0.0,0.0,0.0,0.0
833742930539239902,0.0,0.0,0.0,0.0,0.0
833742930547538101,0.0,0.0,0.0,0.0,0.0
833842930476862502,0.0,0.0,0.0,0.0,0.0
833942930463710902,1.7391303777694702,6.956896718063941,1440.0735455543359,175.8506317138672,1440.0776575875727
834042930458153801,2.450000047683716,5.9156443277994795,51.24107142857143,18.126951217651367,118.31288606212253
834242929800241602,0.0,0.0,0.0,0.0,0.0
834442927928420801,1.6814814805984497,8.7602875,312.6016,101.72935485839844,1182.6387673217773
834442930515364402,0.0,0.0,0.0,0.0,0.0
834442930517835102,3.0,0.5582569340358836,0.55800792303339,0.07594799995422363,0.5582569340358836
834442930525675402,0.0,0.0,0.0,0.0,0.0
834442930531819002,0.0,0.0,0.0,0.0,0.0
834742930532099001,0.0,0.0,0.0,0.0,0.0
834842930542858001,2.2460317611694336,4.885020079551649,599.2671027527937,89.1520004272461,615.5125322510872
834942930526462301,0.0,0.0,0.0,0.0,0.0
835042930480274002,0.0,0.0,0.0,0.0,0.0
835242930450010401,0.0,0.0,0.0,0.0,0.0
835242930522282001,2.7916667461395264,6.551970880681818,85.59818181818181,19.946067810058594,157.24730252410427
835342930450913802,0.0,0.0,0.0,0.0,0.0
835342930524987902,0.0,0.0,0.0,0.0,0.0
835342930541093701,0.0,0.0,0.0,0.0,0.0
835542930480626901,0.0,0.0,0.0,0.0,0.0
836042929800256801,0.0,0.0,0.0,0.0,0.0
836042930522772702,0.0,0.0,0.0,0.0,0.0
836042930528204101,0.0,0.0,0.0,0.0,0.0
836142930474183802,0.0,0.0,0.0,0.0,0.0
836342930524210302,0.0,0.0,0.0,0.0,0.0
836642930454674902,0.0,0.0,0.0,0.0,0.0
836642930477249101,0.0,0.0,0.0,0.0,0.0
836642930530434802,0.0,0.0,0.0,0.0,0.0
836642930545490301,0.0,0.0,0.0,0.0,0.0
836842928015410501,2.0,3.30542927394129,53.471029836381135,12.963132858276367,89.24658762516026
836842930525650601,0.0,0.0,0.0,0.0,0.0
837042930479968701,0.0,0.0,0.0,0.0,0.0
837242930518141601,0.0,0.0,0.0,0.0,0.0
837442930528264801,4.400000095367432,6.249583191254967,19.097404556125326,3.5681450366973877,31.24791616119556
837442930529264402,0.0,0.0,0.0,0.0,0.0
837542930542795001,1.635658860206604,6.040697065148717,181.2603032659409,105.30894470214844,779.2499414268956
837742928967046502,0.0,0.0,0.0,0.0,0.0
837742930470022902,0.0,0.0,0.0,0.0,0.0
837942928676524701,0.0,0.0,0.0,0.0,0.0
837942930464892901,0.0,0.0,0.0,0.0,0.0
837942930529605302,0.0,0.0,0.0,0.0,0.0
838042928665736602,3.3466665744781494,11.132704804590116,190.52471036808916,87.18290710449219,834.9528407600203
838142930465161002,1.8344371318817139,4.771797277615954,65.82149525730077,105.84957885742188,720.5413699921131
838142930515602502,38.88888931274414,6.626896479843388,41.49013921113689,8.950697898864746,59.64206945149362
838242930470782301,3.3333332538604736,62.40159122242647,187.2044117647059,16.5158748626709,187.20476648667278
838542930519555902,2.2957746982574463,7.907087384030794,186.24437425977104,123.09848022460938,1122.806386948385
838642930475790101,0.0,0.0,0.0,0.0,0.0
838642930477805401,0.0,0.0,0.0,0.0,0.0
838942930465195502,2.3597121238708496,5.991726216537403,209.73104828621467,104.00615692138672,832.8499349642312
839142930463661901,0.0,0.0,0.0,0.0,0.0
839242928607176801,0.0,0.0,0.0,0.0,0.0
839442930521478501,0.0,0.0,0.0,0.0,0.0
839542930008406001,0.0,0.0,0.0,0.0,0.0
839542930289421302,0.0,0.0,0.0,0.0,0.0
839542930463726301,0.0,0.0,0.0,0.0,0.0
839542930526547302,0.0,0.0,0.0,0.0,0.0
839642930467637102,0.0,4.451432414273383,0.0,97.48783111572266,391.7260579338481
839842930462171301,0.0,0.0,0.0,0.0,0.0
841342928096721201,0.0,0.0,0.0,0.0,0.0
841442930507801702,0.0,0.0,0.0,0.0,0.0
841442930526434201,0.0,0.0,0.0,0.0,0.0
841542930529205201,1.9069766998291016,9.072814047695951,131.12058570198104,45.19301986694336,390.13099603381886
841642930459290601,0.0,0.0,0.0,0.0,0.0
841642930524385902,1.9811320304870605,3.5699306934737796,241.51973452662276,92.32193756103516,567.618958665916
841942929428305502,0.0,0.0,0.0,0.0,0.0
841942930480076802,0.0,0.0,0.0,0.0,0.0
842042928932295402,0.0,0.0,0.0,0.0,0.0
842142930477007101,0.0,0.0,0.0,0.0,0.0
842142930521528501,3.799999952316284,9.237166974823728,92.76578786020846,20.454633712768555,230.92916886957053
842142930548550901,0.0,0.0,0.0,0.0,0.0
842242930533564601,1.402597427368164,5.332953337585034,81.67401360544218,98.60540771484375,821.2747831471761
842342930459389101,0.0,0.0,0.0,0.0,0.0
842442930479262601,0.0,0.0,0.0,0.0,0.0
842542930543771002,0.0,0.0,0.0,0.0,0.0
842642929946490901,2.4193549156188965,5.580021179047767,102.57320099255583,19.95393180847168,172.98065196905776
842642930459093802,0.0,0.0,0.0,0.0,0.0
842742930518445901,0.0,0.0,0.0,0.0,0.0
842742930545257801,0.0,0.0,0.0,0.0,0.0
842842930548514102,0.0,0.0,0.0,0.0,0.0
842942930546835001,0.0,0.0,0.0,0.0,0.0
843042930523606401,1.2857142686843872,5.440879229080578,85.71363636363637,122.3150634765625,761.7231186354455
843142930469340002,0.0,0.0,0.0,0.0,0.0
843242930459766502,0.5116279125213623,6.8729072514379626,59.544371405094495,149.8463134765625,886.6050490999967
843242930476303802,0.0,0.0,0.0,0.0,0.0
843342930541339502,0.0,0.0,0.0,0.0,0.0
843642930529697002,0.0,0.0,0.0,0.0,0.0
843842930515847702,3.3894736766815186,5.906531374857306,84.98310502283105,71.17337799072266,561.1204961053857
843942930509736802,0.0,0.0,0.0,0.0,0.0
844142930547098901,0.0,0.0,0.0,0.0,0.0
844542930527015502,0.0,0.0,0.0,0.0,0.0
844842930546514402,2.441176414489746,4.794053742461866,59.04710890386662,14.402857780456543,162.9978232901669
844942928645857101,0.0,0.0,0.0,0.0,0.0
845142930520139101,0.0,0.0,0.0,0.0,0.0
845142930544417302,0.0,0.0,0.0,0.0,0.0
845342930460613302,2.547826051712036,4.734786199125798,94.81921067904817,106.7169418334961,544.5004156041269
845442929613374502,0.0,0.0,0.0,0.0,0.0
845542930480631502,3.555555582046509,4.152764472866611,45.12924606462303,33.198585510253906,224.24928283533382
845542930518553602,0.0,0.0,0.0,0.0,0.0
845542930524548902,0.0,0.0,0.0,0.0,0.0
845542930534184502,0.0,0.0,0.0,0.0,0.0
845642930546189602,0.0,0.0,0.0,0.0,0.0
845842930543021502,0.0,0.0,0.0,0.0,0.0
845942930457810901,0.0,0.0,0.0,0.0,0.0
845942930464815502,0.0,0.0,0.0,0.0,0.0
845942930476179902,0.0,0.0,0.0,0.0,0.0
846042930508914502,0.0,0.0,0.0,0.0,0.0
846042930519367002,0.0,0.0,0.0,0.0,0.0
846142930457038902,0.0,0.0,0.0,0.0,0.0
846142930469593202,0.0,0.0,0.0,0.0,0.0
846242930519827402,0.0,0.0,0.0,0.0,0.0
846342930455537002,0.0,0.0,0.0,0.0,0.0
846442930470857401,0.0,124.12535909712722,124.12537619699043,20.749048233032227,124.12535909712722
846442930475489401,0.0,0.0,0.0,0.0,0.0
846942930475716502,0.0,0.0,0.0,0.0,0.0
847042930473780002,0.0,0.0,0.0,0.0,0.0
847142930522181302,0.0,0.0,0.0,0.0,0.0
847142930526473901,0.0,0.0,0.0,0.0,0.0
847242930461347501,0.0,0.0,0.0,0.0,0.0
847342928979715101,3.5932202339172363,16.34860391422194,344.91224489795917,70.41133117675781,964.5676575719094
847342930454310101,2.2857143878936768,3.823547090308836,58.56297594584794,36.64606857299805,321.1779522623186
847342930461386002,0.0,0.0,0.0,0.0,0.0
847642930531798302,0.0,0.0,0.0,0.0,0.0
847642930532420301,0.0,0.0,0.0,0.0,0.0
847642930549235901,0.0,0.0,0.0,0.0,0.0
847742930520009601,1.4431818723678589,7.772014796845685,58.03846153846154,75.076171875,683.9373000052811
847842930548089302,2.25,6.3122861681329425,25.0019550342131,3.432927131652832,25.24914516475077
847942930474001102,0.0,0.0,0.0,0.0,0.0
847942930550687401,0.0,0.0,0.0,0.0,0.0
848142930518599101,0.0,0.0,0.0,0.0,0.0
848142930546877402,0.0,0.0,0.0,0.0,0.0
848542929272107001,1.212499976158142,5.058183625979786,101.92739273927393,65.84980773925781,404.65469790567266
848642930474098702,0.0,0.0,0.0,0.0,0.0
848642930515458801,0.0,0.0,0.0,0.0,0.0
848742930474465301,0.15833333134651184,4.055738945158103,17.736627140974967,89.20822143554688,486.68866943062847
848742930527002601,0.0,0.0,0.0,0.0,0.0
848842929417283102,0.0,0.0,0.0,0.0,0.0
848842930453571002,0.0,0.0,0.0,0.0,0.0
848842930523664101,0.0,0.0,0.0,0.0,0.0
849142930453075102,0.0,0.0,0.0,0.0,0.0
849342930509788702,1.204545497894287,8.706088013831437,134.6142709410548,73.86284637451172,766.1357180093412
849342930543236502,0.0,0.0,0.0,0.0,0.0
849442930515789602,0.05128205195069313,14.294840824266194,0.340080971659919,54.50206756591797,557.4987885775836
849442930516675901,3.0,13.654878211991434,311.1277658815132,101.18680572509766,1283.5586105553616
849442930530919102,0.0,0.0,0.0,0.0,0.0
849542930508064101,0.0,0.0,0.0,0.0,0.0
849542930508937701,0.0,0.0,0.0,0.0,0.0
849642928281688101,0.0,0.0,0.0,0.0,0.0
849642930510091802,0.0,0.0,0.0,0.0,0.0
849742928232592202,0.0,0.0,0.0,0.0,0.0
849742930465173101,0.0,0.0,0.0,0.0,0.0
849942930541466401,0.0,0.0,0.0,0.0,0.0
851142930456979301,0.0,0.0,0.0,0.0,0.0
851142930516500302,0.0,0.0,0.0,0.0,0.0
851242930464994401,0.0,4.278764935031542,0.0,106.699951171875,603.3058578838572
851342930532811802,0.0,0.0,0.0,0.0,0.0
851342930533843601,0.0,0.0,0.0,0.0,0.0
851442928197867501,0.0,0.0,0.0,0.0,0.0
851442930517556402,0.0,0.0,0.0,0.0,0.0
851442930541819701,0.0,0.0,0.0,0.0,0.0
851542930473554901,1.9848484992980957,4.842409538850584,137.4055159872708,29.259746551513672,319.5990343736977
851542930479652201,0.0,0.0,0.0,0.0,0.0
851642929800393702,0.0,0.0,0.0,0.0,0.0
851842930548226801,0.0,0.0,0.0,0.0,0.0
851942928168167902,0.0,0.0,0.0,0.0,0.0
851942930524132701,0.0,0.0,0.0,0.0,0.0
852042930451607302,0.0,0.0,0.0,0.0,0.0
852042930472169702,0.0,0.0,0.0,0.0,0.0
852042930473437401,0.0,0.0,0.0,0.0,0.0
852042930475570301,0.0,0.0,0.0,0.0,0.0
852242930460969701,2.3496503829956055,5.34031744288225,101.40093222281654,104.43701171875,763.6653698061097
852342929373045201,2.260162591934204,15.497477994541747,452.01247600767755,144.987548828125,1906.1897724759326
852542930473401302,0.4736842215061188,35.991879241635104,240.87878787878788,123.10678100585938,2051.5371442274613
852542930524117702,1.3333333730697632,0.5109398999900396,1.532827276730483,0.21490944921970367,1.5328197204478495
852642930524078902,0.0,0.0,0.0,0.0,0.0
852742930511203801,0.0,0.0,0.0,0.0,0.0
852842930459571501,2.642857074737549,3.300520395535631,45.870645372186424,21.997282028198242,184.82914805855415
852842930525394302,0.0,0.0,0.0,0.0,0.0
852942930473536101,0.0,0.0,0.0,0.0,0.0
852942930478392801,0.0,0.0,0.0,0.0,0.0
852942930509739101,0.0,0.0,0.0,0.0,0.0
852942930530305401,0.0,0.0,0.0,0.0,0.0
853042930509911702,0.0,0.0,0.0,0.0,0.0
853342930477740601,0.0,0.0,0.0,0.0,0.0
853342930477883601,0.0,6.37937053134515,0.0,17.704849243164062,159.4842580734724
853442930200179101,0.0,0.0,0.0,0.0,0.0
853442930517536102,0.052173912525177,8.460820594685243,0.5273477812177503,105.57434844970703,972.9943421437316
853442930544397802,0.0,0.0,0.0,0.0,0.0
853442930546952402,0.0,0.0,0.0,0.0,0.0
853542930075840502,0.0,0.0,0.0,0.0,0.0
853642930526406301,0.0,0.0,0.0,0.0,0.0
853842928633866502,0.0,0.0,0.0,0.0,0.0
853842930523791502,0.0,0.0,0.0,0.0,0.0
854042930477061502,2.367347002029419,3.6450917281752346,80.10154384848002,46.90943145751953,357.2189808084614
854042930520187702,0.5087719559669495,5.689363753867449,170.82608695652175,105.10862731933594,648.587498414363
854242930547722102,0.0,0.0,0.0,0.0,0.0
854442930534463402,2.1521739959716797,5.78443724271944,77.29605481833755,76.78707122802734,798.252326196438
854642928000561902,0.0,0.0,0.0,0.0,0.0
854742930470528401,0.0,0.0,0.0,0.0,0.0
854742930534326101,0.0,0.0,0.0,0.0,0.0
854742930541679401,0.0,0.0,0.0,0.0,0.0
854742930547269101,0.0,0.0,0.0,0.0,0.0
855042930479722302,0.9736841917037964,7.082775902732596,219.05888093689003,96.89752197265625,807.4364760488213
855142930531636301,0.0,0.0,0.0,0.0,0.0
855442930454874201,0.0,0.0,0.0,0.0,0.0
855742929922100201,2.7234041690826416,3.6866228221792037,33.912057522123895,29.571197509765625,173.2712732368866
855842930526750501,0.0,0.0,0.0,0.0,0.0
856242927949032701,0.0,0.0,0.0,0.0,0.0
856442930545553601,0.0,0.0,0.0,0.0,0.0
856542930530007901,0.0,0.0,0.0,0.0,0.0
856642930519891202,0.0,0.0,0.0,0.0,0.0
856742930458761302,0.0,0.0,0.0,0.0,0.0
856742930465409602,0.0,0.0,0.0,0.0,0.0
857242930476276902,0.0,0.0,0.0,0.0,0.0
857242930508670402,53.0,5.510075296005524,32.38993453355155,5.0491790771484375,33.06045077709442
857242930524371102,0.0,0.0,0.0,0.0,0.0
857442930518866601,0.0,0.0,0.0,0.0,0.0
857542930465260501,0.0,0.0,0.0,0.0,0.0
857742930525646702,2.0,2.2325012246081255,18.476434207720196,3.4419517517089844,29.022516456843185
857742930530769201,0.0,0.0,0.0,0.0,0.0
857842930460536701,0.0,0.0,0.0,0.0,0.0
858042929155550101,0.0,10.045121889597556,118.29877829680201,38.15576171875,522.3463285684671
858042930462066802,0.0,0.0,0.0,0.0,0.0
858342930463483402,0.0,0.0,0.0,0.0,0.0
858342930472058502,0.0,0.0,0.0,0.0,0.0
858542930464169701,0.0,0.0,0.0,0.0,0.0
858542930468014502,2.0,9.821724370717549,21.636086791016368,1.858708381652832,39.2868972969999
858642929649204902,0.0,0.0,0.0,0.0,0.0
858742929303831001,0.0,0.0,0.0,0.0,0.0
858742929493932302,0.0,0.0,0.0,0.0,0.0
858742930449379501,0.0,0.0,0.0,0.0,0.0
858842930455930602,0.0,0.0,0.0,0.0,0.0
858842930477463802,0.0,0.0,0.0,0.0,0.0
858842930522413401,0.0,0.0,0.0,0.0,0.0
859042930546815401,0.0,0.0,0.0,0.0,0.0
859142930456578101,0.0,0.0,0.0,0.0,0.0
859142930459286302,1.0423728227615356,9.032952953453798,138.0,150.44113159179688,1065.8884656440198
859342930455322901,0.21212121844291687,3.3884918620110276,5.569263645558057,45.2277946472168,335.4606822273563
859442930540607101,0.0,0.0,0.0,0.0,0.0
859642930457644301,0.0,0.0,0.0,0.0,0.0
861342930509458601,0.0,0.0,0.0,0.0,0.0
861342930510892602,2.950000047683716,5.448597557129469,48.42214532871972,14.995306968688965,108.97194896464805
861642930478205701,0.0,0.0,0.0,0.0,0.0
861942928636897801,2.444444417953491,16.531585789629336,90.15930599369085,11.644706726074219,148.78427697581824
862242930534647301,0.0,0.0,0.0,0.0,0.0
862242930535062302,0.0,0.0,0.0,0.0,0.0
862342930473319301,2.5,6.90498002283105,247.6802407638024,102.24545288085938,966.697194854369
862542930542401601,0.0,0.0,0.0,0.0,0.0
862642930449976702,0.49065420031547546,5.740872926658673,230.19488409272583,174.07086181640625,1228.546779155655
862742930526496102,4.857142925262451,48.87843703078078,342.14864864864865,37.130889892578125,342.1490594598505
863042930476428201,0.0,0.0,0.0,0.0,0.0
863242930524324202,0.0,0.0,0.0,0.0,0.0
863242930531653402,0.0,0.0,0.0,0.0,0.0
863742930468804801,0.0,0.0,0.0,0.0,0.0
864042930479321901,0.0,0.0,0.0,0.0,0.0
864242930548351701,0.0,0.0,0.0,0.0,0.0
864342930509826301,2.455284595489502,4.402219991834513,74.63347849755036,77.7880859375,541.4730838732027
864342930530677902,0.0,71.69424321824907,50.80702836004932,11.221976280212402,71.69424321824907
864542930477405101,0.0,0.0,0.0,0.0,0.0
864842930448018302,0.0,0.0,0.0,0.0,0.0
864942930448335102,0.0,0.0,0.0,0.0,0.0
865242930471612302,0.0,0.0,0.0,0.0,0.0
865342930446606702,0.0,0.0,0.0,0.0,0.0
865342930530172102,2.8421051502227783,7.506642893947911,199.66816563612517,81.2963638305664,713.1310600822553
865542930459456602,0.0,0.0,0.0,0.0,0.0
865742930528998502,0.0,0.0,0.0,0.0,0.0
865942930463814801,2.9772727489471436,7.52687080343186,96.4480602529487,74.29519653320312,662.3646432004633
865942930470030902,1.486842155456543,16.060210935886847,149.74870947759652,135.22793579101562,1220.5759936499492
866042927917644201,3.6666667461395264,18.735578913015793,44.71879775853286,9.072890281677246,56.20673835587271
866042928912051802,0.0,0.0,0.0,0.0,0.0
866042930464056401,0.0,0.0,0.0,0.0,0.0
866042930532465602,0.0,0.0,0.0,0.0,0.0
866242930525769601,0.0,0.0,0.0,0.0,0.0
866442929761753701,343.0,1.5283388019773005,1.528501628664495,0.1248294860124588,1.5283388019773005
866442930517624802,0.0,0.0,0.0,0.0,0.0
866442930545178801,2.4368932247161865,9.143666294642857,146.80714285714285,102.22077178955078,941.797586113018
866542930528633702,0.0,0.0,0.0,0.0,0.0
866642930533055601,2.0833332538604736,7.50294677734375,39.030833333333334,12.880780220031738,90.03536580403646
867142930454378502,0.0,0.0,0.0,0.0,0.0
867142930510401702,0.0,0.0,0.0,0.0,0.0
867142930546069701,0.0,0.0,0.0,0.0,0.0
867342928255449102,0.0,0.0,0.0,0.0,0.0
867342930518913702,0.0,0.0,0.0,0.0,0.0
867342930524194302,0.0,0.0,0.0,0.0,0.0
867342930538873202,0.0,0.0,0.0,0.0,0.0
867542930474478802,0.0,48.95447900690184,48.954754601226995,6.438221454620361,48.95447900690184
867642930516478102,0.0,0.0,0.0,0.0,0.0
867642930541363401,0.0,0.0,0.0,0.0,0.0
867842930461437102,0.0,0.0,0.0,0.0,0.0
867942930533916401,0.0,0.0,0.0,0.0,0.0
868042930470817501,0.0,0.0,0.0,0.0,0.0
868242930531074002,0.0,0.0,0.0,0.0,0.0
868342930477434601,2.954545497894287,4.337759394481644,23.738628492265065,33.13511657714844,190.86141079938102
868442930461389001,0.0,0.0,0.0,0.0,0.0
868542930547589402,0.0,0.0,0.0,0.0,0.0
868642930515771301,0.0,0.0,0.0,0.0,0.0
868842930528247102,0.0,0.0,0.0,0.0,0.0
868942930452894801,3.047619104385376,3.9265135951735783,57.57901350926799,21.268470764160156,164.9135707848633
868942930460670501,2.0,9.24607378936423,9.246108140225788,1.3827303647994995,9.24607378936423
869542930478570501,0.0,0.0,0.0,0.0,0.0
869542930509071702,0.0,0.0,0.0,0.0,0.0
869542930530863101,1.39130437374115,5.72528682089891,9.71912832929782,13.692934036254883,131.6815988018784
869542930542513401,1.663865566253662,3.538396157379711,36.881634048371936,87.29779052734375,421.0691571853047
869642930468064501,0.0,0.0,0.0,0.0,0.0
869642930541881202,0.0,0.0,0.0,0.0,0.0
869642930544401701,3.4285714626312256,6.142434169571713,78.68605577689243,27.871387481689453,257.9822306355632
869742930542034002,0.0,119.59035923753666,119.59017595307918,18.232051849365234,119.59035923753666
869842930517944101,0.0,0.0,0.0,0.0,0.0
869942930464423201,0.0,0.0,0.0,0.0,0.0
869942930529109802,0.0,0.0,0.0,0.0,0.0
869942930543346502,0.0,0.0,0.0,0.0,0.0
871142930450013702,1.0,13.031050129039498,26.062836624775585,2.8026468753814697,26.06210097033845
871142930480719401,0.0,0.0,0.0,0.0,0.0
871242930523367401,0.0,0.0,0.0,0.0,0.0
871342930521539001,0.0,0.0,0.0,0.0,0.0
871342930525209801,1.3009709119796753,8.884694580414456,48.964892868657856,70.08297729492188,915.1235226654841
871342930534708502,3.0999999046325684,4.528369035467517,14.650394831299353,5.978976726531982,45.28368980150298
871442930450821301,0.0,0.0,0.0,0.0,0.0
871542929309376301,0.0,0.0,0.0,0.0,0.0
871542930475100402,0.0,0.0,0.0,0.0,0.0
871842930471544702,0.0,0.0,0.0,0.0,0.0
871842930473777201,0.0,4.440461071186352,0.0,99.27816772460938,639.4263829345098
871842930477164102,0.0,0.0,0.0,0.0,0.0
871842930546587302,0.0,0.0,0.0,0.0,0.0
871942930522152902,0.0,0.0,0.0,0.0,0.0
872042930531248002,0.0,0.0,0.0,0.0,0.0
872142928191352102,0.0,0.0,0.0,0.0,0.0
872142930517248702,0.0,0.0,0.0,0.0,0.0
872142930525374001,0.0,0.0,0.0,0.0,0.0
872242930535099602,2.689655065536499,5.540348981946243,49.15716753022453,17.25285530090332,160.67012187895173
872542930526772802,0.0,0.0,0.0,0.0,0.0
872642930471804901,1.950819730758667,5.921170075456712,95.41445591739476,89.32884979248047,722.3827411903096
872842930463802702,0.0,0.0,0.0,0.0,0.0
872942930518030701,0.0,0.0,0.0,0.0,0.0
873042930475504502,0.0,0.0,0.0,0.0,0.0
873142929400229701,0.0,0.0,0.0,0.0,0.0
873142930528481601,0.0,0.0,0.0,0.0,0.0
873442930525416502,0.0,0.0,0.0,0.0,0.0
873442930531294301,0.0,0.0,0.0,0.0,0.0
873542930530923201,0.0,0.0,0.0,0.0,0.0
873842930463851302,0.0,0.0,0.0,0.0,0.0
873942930478273401,3.774193525314331,11.069407729103727,395.41389728096675,155.7781219482422,1029.4549205507276
873942930524006502,0.0,0.0,0.0,0.0,0.0
873942930524909502,0.0,0.0,0.0,0.0,0.0
873942930528998602,0.0,0.0,0.0,0.0,0.0
874042930452220201,0.0,0.0,0.0,0.0,0.0
874042930472430802,0.0,0.0,0.0,0.0,0.0
874042930508878001,0.0,0.0,0.0,0.0,0.0
874142930549247501,0.0,0.0,0.0,0.0,0.0
874242930457617401,0.0,0.0,0.0,0.0,0.0
874242930461871701,0.0,0.0,0.0,0.0,0.0
874242930524490802,0.0,0.0,0.0,0.0,0.0
874542930051179802,2.372549057006836,3.147188342048776,61.15454877603215,26.68877601623535,160.50660646784945
874642930467125901,0.0,0.0,0.0,0.0,0.0
874642930524115201,2.200000047683716,2.815922353459501,13.903735632183908,2.16359281539917,14.079611723450409
874842928176254401,0.0,0.0,0.0,0.0,0.0
874842930456115302,2.142857074737549,6.958188060878001,178.54887218045113,115.73204803466797,925.4389923178048
874842930531525802,0.0,0.0,0.0,0.0,0.0
875142928823088002,0.0,0.0,0.0,0.0,0.0
875142930518232402,1.188524603843689,9.613384732580142,196.52626892252894,143.29481506347656,1172.832989386544
875242929166244901,0.0,0.0,0.0,0.0,0.0
875242930265176101,0.0,0.0,0.0,0.0,0.0
875442930534879301,4.753424644470215,20.490756609581954,1398.4238410596026,132.972412109375,1495.825175607836
875542930476089902,2.170731782913208,4.610550732803169,54.65043638033992,25.547813415527344,189.03258391394766
875642930535245501,0.0,0.0,0.0,0.0,0.0
875942930532537202,0.0,0.0,0.0,0.0,0.0
876042930516405702,0.0,0.0,0.0,0.0,0.0
876142930516358702,0.0,0.0,0.0,0.0,0.0
876142930520974101,0.0,0.0,0.0,0.0,0.0
876142930526299101,0.0,0.0,0.0,0.0,0.0
876242930517852801,1.1325300931930542,6.798788351887048,309.81496062992125,88.00625610351562,564.2994372230362
876242930524959801,3.0490195751190186,12.004922022035759,223.52697616060226,150.98667907714844,1224.5019852124913
876342929194683901,0.0,0.0,0.0,0.0,0.0
876342930533438402,0.0,0.0,0.0,0.0,0.0
876642928623805201,0.0,0.0,0.0,0.0,0.0
876642930527818202,0.0,0.0,0.0,0.0,0.0
876642930532431701,0.0,0.0,0.0,0.0,0.0
876942930455630201,5.0,76.37785354872881,152.75593220338982,11.406013488769531,152.75570709745762
876942930476500202,2.84536075592041,5.0165881893996325,83.60053440213761,82.59955596923828,486.6090417465689
877042930520595202,0.0,0.0,0.0,0.0,0.0
877242930452789102,0.0,0.0,0.0,0.0,0.0
877342930533611101,1.75,2.583311827234267,20.666500958738727,2.6390180587768555,20.666494181939697
877442930517084701,0.0,0.0,0.0,0.0,0.0
877442930517549801,0.0,0.0,0.0,0.0,0.0
877442930541810301,0.0,0.0,0.0,0.0,0.0
877642930474762901,0.0,0.0,0.0,0.0,0.0
877642930509111001,0.0,0.0,0.0,0.0,0.0
877642930536051902,0.0,0.0,0.0,0.0,0.0
877842930530796501,0.0,0.0,0.0,0.0,0.0
877942930509116701,0.0,0.0,0.0,0.0,0.0
878042930550394601,4.20895528793335,20.08683186026936,311.92929292929296,101.04840087890625,1345.8177666108616
878142930522432301,0.0,0.0,0.0,0.0,0.0
878242930289535201,1.8571428060531616,8.984282834462851,38.41967871485944,25.015993118286133,251.55991797083354
878342930534037002,1.0727273225784302,5.038055518259935,65.87110633727175,64.59922790527344,554.1861131895498
878442930457568501,0.0,0.0,0.0,0.0,0.0
878442930464591201,0.0,0.0,0.0,0.0,0.0
878542930093539401,0.0,0.0,0.0,0.0,0.0
878642930453062702,0.0,0.0,0.0,0.0,0.0
878642930472689301,0.0,0.0,0.0,0.0,0.0
878642930541630601,0.0,0.0,0.0,0.0,0.0
878742929309357202,0.0,0.0,0.0,0.0,0.0
878742930447545202,0.0,0.0,0.0,0.0,0.0
878742930461545401,3.814814805984497,13.03837890625,128.57534246575344,21.88638687133789,352.03624338483155
878842930547963502,0.0,0.0,0.0,0.0,0.0
878942930477741302,2.033057928085327,15.857248345935728,225.91493383742912,166.74359130859375,1918.726989948006
879142929012644202,0.0,0.0,0.0,0.0,0.0
879142929861272302,0.0,0.0,0.0,0.0,0.0
879142930545722802,0.0,0.0,0.0,0.0,0.0
879242930473936201,0.0,0.0,0.0,0.0,0.0
879242930525474302,0.0,0.0,0.0,0.0,0.0
879342930550665702,0.0,0.0,0.0,0.0,0.0
879542930447227302,0.0,0.0,0.0,0.0,0.0
879542930471811501,0.0,0.0,0.0,0.0,0.0
879542930542044901,0.0,0.0,0.0,0.0,0.0
879742930524472601,0.0,0.0,0.0,0.0,0.0
879742930530521802,0.0,0.0,0.0,0.0,0.0
879842930460504202,2.700000047683716,7.799859421091446,193.52280462899932,88.2278823852539,935.9831350793745
879942930446940201,0.0,0.0,0.0,0.0,0.0
879942930459835002,0.0,12.34501794010947,250.60590631364562,139.4342498779297,1222.156763206917
881242930450290802,0.0,0.0,0.0,0.0,0.0
881342930524302201,218.0,432.1542331055429,415.3705391040243,24.61427879333496,432.1542331055429
881342930534866401,0.0,0.0,0.0,0.0,0.0
881442930538844801,0.0,0.0,0.0,0.0,0.0
881542930448893901,2.640625,5.477126565248346,149.18630119775526,78.82931518554688,701.0722055426394
881542930537459101,32.400001525878906,2.090013659619224,20.9000285225328,2.7071645259857178,20.900137170681734
881642930453490402,0.0,0.0,0.0,0.0,0.0
881842930548693302,0.0,0.0,0.0,0.0,0.0
881942930458473002,0.0,0.0,0.0,0.0,0.0
882042930451587001,0.0,0.0,0.0,0.0,0.0
882042930460138902,0.0,0.0,0.0,0.0,0.0
882042930518036902,0.0,0.0,0.0,0.0,0.0
882242927979733302,0.0,0.0,0.0,0.0,0.0
882342930532789302,0.0,0.0,0.0,0.0,0.0
882442930534443801,0.0,0.0,0.0,0.0,0.0
882742928832350602,0.0,0.0,0.0,0.0,0.0
882742930474333401,1.0109890699386597,7.2809696967052915,53.07427055702918,72.53115844726562,662.5682493713371
882742930476653301,2.323943614959717,4.913576372644031,94.11529207325223,102.33528137207031,697.7278103837991
882742930480113002,0.0,0.0,0.0,0.0,0.0
882842930517036602,0.0,0.0,0.0,0.0,0.0
882842930530281801,0.0,0.0,0.0,0.0,0.0
882942930528952802,0.0,0.0,0.0,0.0,0.0
883042927979653202,0.0,0.0,0.0,0.0,0.0
883042930464210701,0.0,0.0,0.0,0.0,0.0
883042930533976102,0.0,0.0,0.0,0.0,0.0
883142928108880501,0.0,0.0,0.0,0.0,0.0
883142930540240101,0.0,0.0,0.0,0.0,0.0
883342928845045702,0.0,0.0,0.0,0.0,0.0
883342930516084201,0.0,0.0,0.0,0.0,0.0
883342930522943101,0.0,0.0,0.0,0.0,0.0
883542930509244801,0.0,0.0,0.0,0.0,0.0
883842928634028901,0.0,0.0,0.0,0.0,0.0
883842930530746501,0.0,0.0,0.0,0.0,0.0
883942930520327901,0.0,0.0,0.0,0.0,0.0
884242930530802101,0.0,0.0,0.0,0.0,0.0
884442928697249802,0.0,0.0,0.0,0.0,0.0
884542930508371602,0.20155039429664612,5.0344996533703075,22.966552901023892,91.61373901367188,649.4504454420695
884642930472927902,0.0,0.0,0.0,0.0,0.0
884642930550779101,0.0,0.0,0.0,0.0,0.0
884742930528071801,0.0,0.0,0.0,0.0,0.0
884842930528175701,0.0,0.0,0.0,0.0,0.0
884942928726710702,0.0,0.0,0.0,0.0,0.0
885042930464006301,1.2000000476837158,9.731177761130137,98.16438356164383,138.05392456054688,924.4618691463177
885142930477436202,0.0,0.0,0.0,0.0,0.0
885242930520068101,1.6666666269302368,7.693041008470696,35.86300366300366,4.95490837097168,46.15824810768658
885442929543839302,0.0,0.0,0.0,0.0,0.0
885642930511258901,0.0,0.0,0.0,0.0,0.0
885742929613518902,0.0,0.0,0.0,0.0,0.0
885942928726169702,0.0,0.0,0.0,0.0,0.0
885942930450228701,0.0,0.0,0.0,0.0,0.0
885942930460737202,0.0,0.0,0.0,0.0,0.0
886142930477536701,0.0,0.0,0.0,0.0,0.0
886242930534854202,0.0,0.0,0.0,0.0,0.0
886242930541392601,0.0,0.0,0.0,0.0,0.0
886342930547993002,3.057142972946167,5.214628397779479,46.52577845839714,21.52227783203125,182.51198667357806
886442930461291402,0.0,0.0,0.0,0.0,0.0
886442930479641201,0.0,0.0,0.0,0.0,0.0
886442930526393201,0.0,0.0,0.0,0.0,0.0
886542930453863001,0.0,0.0,0.0,0.0,0.0
886742930453000701,0.0,0.0,0.0,0.0,0.0
886742930479942201,0.0,0.0,0.0,0.0,0.0
886742930509750502,0.0,0.0,0.0,0.0,0.0
886742930516418501,0.0,0.0,0.0,0.0,0.0
886942930525439601,0.0,0.0,0.0,0.0,0.0
887042930519802501,0.0,0.0,0.0,0.0,0.0
887142927963846701,2.2916667461395264,7.563083195531857,95.12850971922246,21.086393356323242,181.51399439174207
887342930475309002,0.0,0.0,0.0,0.0,0.0
887542930532755102,0.0,0.0,0.0,0.0,0.0
887642930460145701,0.0,0.0,0.0,0.0,0.0
887842930519240601,0.0,0.0,0.0,0.0,0.0
887842930521675302,0.0,0.0,0.0,0.0,0.0
887842930524419802,0.0,0.0,0.0,0.0,0.0
887942930461968101,0.0,0.0,0.0,0.0,0.0
888042930480079302,23.214284896850586,2.73896753117412,33.93848644273574,4.802196025848389,38.34554441136322
888142930464421702,0.0,0.0,0.0,0.0,0.0
888442930544244301,0.0,31.285172820109977,31.285153181461116,7.554173469543457,31.285172820109977
888542928602970201,2.4159998893737793,6.884136776442528,414.1654160168792,99.15744018554688,860.5170699467146
888542929372994801,0.0,0.0,0.0,0.0,0.0
888742930460589802,0.0,0.0,0.0,0.0,0.0
888742930515417702,0.0,0.0,0.0,0.0,0.0
888842930523174002,0.6140350699424744,4.550531482020168,33.408687943262414,31.672321319580078,259.3802992409848
888842930525252101,0.0,0.0,0.0,0.0,0.0
888842930534199202,0.0,0.0,0.0,0.0,0.0
888942930456231601,0.0,0.0,0.0,0.0,0.0
889142930540539802,0.0,0.0,0.0,0.0,0.0
889342930468765601,2.4642856121063232,10.49382085755814,82.24232558139535,31.385456085205078,293.8269850052235
889342930477304901,0.0,0.0,0.0,0.0,0.0
889742930527794902,0.0,0.0,0.0,0.0,0.0
889742930538694302,0.0,0.0,0.0,0.0,0.0
891142929197828702,0.0,0.0,0.0,0.0,0.0
891142930524308901,0.0,0.0,0.0,0.0,0.0
891142930524983002,0.0,0.0,0.0,0.0,0.0
891142930526397302,2.3697478771209717,11.714152807408844,264.0453840186191,113.70417785644531,1393.9841545909944
891142930533040802,3.209523916244507,8.521717842810792,321.4303278688525,128.2023162841797,894.7803940561299
891242930480126701,0.0,0.0,0.0,0.0,0.0
891342930518678402,0.0,0.0,0.0,0.0,0.0
891442930474265002,0.0,0.0,0.0,0.0,0.0
891442930519394501,0.0,0.0,0.0,0.0,0.0
891642928099619102,0.0,0.0,0.0,0.0,0.0
891642930545936502,0.0,0.0,0.0,0.0,0.0
891742930542655002,0.0,0.0,0.0,0.0,0.0
891842930529493501,0.0,0.0,0.0,0.0,0.0
891842930536029501,0.0,0.0,0.0,0.0,0.0
891942928074491401,0.0,0.0,0.0,0.0,0.0
891942930534585101,0.0,0.0,0.0,0.0,0.0
892342930479133402,2.1925926208496094,4.561386217166293,142.78381017478762,87.80224609375,615.7871428136655
892442930459069701,0.0,0.0,0.0,0.0,0.0
892442930528126802,0.0,0.0,0.0,0.0,0.0
892442930545085002,0.0,0.0,0.0,0.0,0.0
892742930547903302,1.4610389471054077,7.819785964961275,196.54438486744118,102.37382507324219,1204.2470711579379
893142927975166402,0.0,0.0,0.0,0.0,0.0
893142930455255102,3.096153736114502,11.7221759908954,336.75136911281487,119.9725341796875,1219.1062615071826
893342930528780001,0.0,0.0,0.0,0.0,0.0
893442930545531201,2.3333332538604736,47.319809743311644,252.588575560376,24.4235897064209,283.91885139868043
893642928077920702,1.365461826324463,5.577120673671199,1380.1692624639472,251.28765869140625,1388.7030155579544
893642929424116302,0.0,0.0,0.0,0.0,0.0
893742930463306101,0.0,0.0,0.0,0.0,0.0
893842930527186101,0.0,0.0,0.0,0.0,0.0
894042930477690402,0.0,0.0,0.0,0.0,0.0
894342930184380301,0.0,0.0,0.0,0.0,0.0
894442930463609702,0.0,0.0,0.0,0.0,0.0
894742930518898001,0.0,0.0,0.0,0.0,0.0
894742930521856602,0.0,0.0,0.0,0.0,0.0
894942928210492902,0.0,0.0,0.0,0.0,0.0
895042930546773801,0.0,0.0,0.0,0.0,0.0
895342927982896301,0.0,0.0,0.0,0.0,0.0
895542930447808001,0.0,0.0,0.0,0.0,0.0
895742930457228602,0.0,0.0,0.0,0.0,0.0
895742930530491102,4.142857074737549,6.396000424404102,37.85435144124168,13.424701690673828,89.54400891475296
896042930535044301,0.0,0.0,0.0,0.0,0.0
896142930453359302,2.0,2.8828838936031334,8.121845082680592,0.9422841668128967,8.64865142018822
896242930449464402,0.0,0.0,0.0,0.0,0.0
896242930528754401,3.1235954761505127,6.1518989827730675,102.04189668769716,61.69357681274414,547.5190056009624
896242930539614902,0.0,0.0,0.0,0.0,0.0
896342930538899601,0.0,0.0,0.0,0.0,0.0
896342930546451101,0.0,0.0,0.0,0.0,0.0
896442930459265001,0.0,0.0,0.0,0.0,0.0
896542928119391301,0.0,0.0,0.0,0.0,0.0
896642930521106401,3.4895832538604736,11.29084214766041,202.96301485009806,109.03923034667969,1083.920801683179
896742927944985902,0.0,0.0,0.0,0.0,0.0
896842930460665702,0.0,0.0,0.0,0.0,0.0
896842930522097502,0.0,0.0,0.0,0.0,0.0
896842930529787402,0.0,0.0,0.0,0.0,0.0
897042930455342701,0.0,0.0,0.0,0.0,0.0
897042930460206502,0.0,0.0,0.0,0.0,0.0
897242930545432902,3.6447367668151855,6.388902830656514,100.26670079344765,73.05921936035156,485.55660842219856
897242930547626402,0.0,0.0,0.0,0.0,0.0
897642930523595201,0.0,0.0,0.0,0.0,0.0
897842930459772701,0.0,0.0,0.0,0.0,0.0
897942929946658301,0.0,0.0,0.0,0.0,0.0
897942930478722601,3.0275230407714844,2.578645554150741,61.330660949007175,60.11610794067383,281.0723720297872
898142930472063702,0.0,0.0,0.0,0.0,0.0
898242929118597101,0.0,0.0,0.0,0.0,0.0
898542930460696001,0.0,0.0,0.0,0.0,0.0
898642928878430201,0.0,0.0,0.0,0.0,0.0
898642929269102702,0.0,0.0,0.0,0.0,0.0
898642930457963402,0.0,0.0,0.0,0.0,0.0
898642930464550601,0.0,0.0,0.0,0.0,0.0
898642930515610702,0.0,0.0,0.0,0.0,0.0
898642930525899401,19.0,3.466144668839433,3.4661529994496423,0.5794379711151123,3.466144668839433
898642930526253401,2.194444417953491,4.004942956104421,231.97961902881957,44.63301467895508,288.35588965508197
898742930527914001,0.0,0.0,0.0,0.0,0.0
898942930534781701,0.0,0.0,0.0,0.0,0.0
899142930458916502,0.0,0.0,0.0,0.0,0.0
899142930520949702,0.0,0.0,0.0,0.0,0.0
899442930477602002,0.0,0.0,0.0,0.0,0.0
899542930479072802,0.0,0.0,0.0,0.0,0.0
899542930518010302,2.7200000286102295,5.315852864583333,96.62635658914729,86.78514862060547,531.5852931384892
899542930529210902,0.0,0.0,0.0,0.0,0.0
899642929259359502,0.0,0.0,0.0,0.0,0.0
899642930538859901,0.0,0.0,0.0,0.0,0.0
899742929012951802,2.632478713989258,5.4484162891525,88.81848184818482,56.890506744384766,637.4647071021707
899742930519645701,1.4923076629638672,5.025051550445916,58.544564206379604,85.72444915771484,653.2567199651239
901242928823042002,0.0,0.0,0.0,0.0,0.0
901242930509448502,0.0,0.0,0.0,0.0,0.0
901342930543043201,0.0,0.0,0.0,0.0,0.0
901442928087989501,0.0,0.0,0.0,0.0,0.0
901542930540856402,0.0,0.0,0.0,0.0,0.0
901742930453905802,0.0,0.0,0.0,0.0,0.0
901842930462787701,0.0,0.0,0.0,0.0,0.0
901942928175981702,0.0,145.76841640935157,9.756065284516982,10.920758247375488,145.76841640935157
902042930476478901,0.0,0.0,0.0,0.0,0.0
902442930542582601,0.0,0.0,0.0,0.0,0.0
902542930463173102,0.0,0.0,0.0,0.0,0.0
902642930517698402,0.0,0.0,0.0,0.0,0.0
902742928109525001,0.0,0.0,0.0,0.0,0.0
902742930453899501,2.6341464519500732,4.6347097404690905,49.70613363423874,28.477663040161133,190.0230933846057
902742930519255402,0.0,0.0,0.0,0.0,0.0
902842930524465902,3.1025640964508057,9.198597555515759,579.4770773638968,85.5008544921875,717.4906022036315
903142930518312801,0.0,0.0,0.0,0.0,0.0
903142930518862702,0.0,0.0,0.0,0.0,0.0
903342930466703601,0.0,0.0,0.0,0.0,0.0
903442930527707601,2.909090995788574,7.81718546886079,40.85440794138501,6.956292152404785,85.98904338882652
903542930447094901,0.0,0.0,0.0,0.0,0.0
903742929488676902,0.0,0.0,0.0,0.0,0.0
903842930509351502,3.055555582046509,7.535631618593494,330.5476246197051,139.8747100830078,813.848205544534
903942930475834401,0.0,0.0,0.0,0.0,0.0
904042929922159801,0.0,0.0,0.0,0.0,0.0
904042930465200202,0.0,0.0,0.0,0.0,0.0
904042930548901001,0.0,125.59807592975207,125.59814049586777,7.4776716232299805,125.59807592975207
904142929735970401,0.0,0.0,0.0,0.0,0.0
904142930515785701,0.0,0.0,0.0,0.0,0.0
904342930466563902,0.0,0.0,0.0,0.0,0.0
904642930462924201,0.0,0.0,0.0,0.0,0.0
904642930524324701,0.0,0.0,0.0,0.0,0.0
904642930526554502,0.0,0.0,0.0,0.0,0.0
904742930459111701,0.0,0.0,0.0,0.0,0.0
904742930527109901,0.0,0.0,0.0,0.0,0.0
905042930460852201,2.2580645084381104,3.838370648014344,144.6544637122672,52.81544494628906,475.95794831106275
905142930446820001,0.0,0.0,0.0,0.0,0.0
905242930463572302,0.0,0.0,0.0,0.0,0.0
905342930475284702,0.0,0.0,0.0,0.0,0.0
905342930518946001,3.1794872283935547,3.646961155483754,57.4686556347385,20.669225692749023,142.2314850094958
905542930510527201,2.4272727966308594,13.061768578701331,157.42930327868854,86.2901382446289,1436.794507040352
906042928191142702,0.0,0.0,0.0,0.0,0.0
906142930464080001,0.0,0.0,0.0,0.0,0.0
906142930467844802,2.7022900581359863,9.721078874950416,170.36255454184848,122.63947296142578,1273.4613357280655
906142930530048102,0.0,0.0,0.0,0.0,0.0
906142930545816502,0.0,0.0,0.0,0.0,0.0
906242930524307702,0.2641509473323822,3.9457243226457575,24.6692027016536,92.94294738769531,627.3701748655094
906342930525706801,0.0,0.0,0.0,0.0,0.0
906442930220683002,0.0,0.0,0.0,0.0,0.0
906442930517855702,0.0,0.0,0.0,0.0,0.0
906542930532165101,0.0,0.0,0.0,0.0,0.0
906642930533847202,0.0,0.0,0.0,0.0,0.0
906642930543050002,0.0,0.0,0.0,0.0,0.0
906742930466029301,0.0,0.0,0.0,0.0,0.0
906742930543871702,3.4000000953674316,12.824885275511615,102.27876106194691,30.805015563964844,320.62212005125735
906842930453354501,0.0,0.0,0.0,0.0,0.0
906942930459183502,0.0,0.0,0.0,0.0,0.0
907042930546299502,0.0,0.0,0.0,0.0,0.0
907142930530076001,0.0,0.0,0.0,0.0,0.0
907442930509708802,0.0,0.0,0.0,0.0,0.0
907542930479797202,2.1578948497772217,2.0074648902529764,16.79047619047619,7.864609718322754,38.14183341564775
907542930542775001,0.0,0.0,0.0,0.0,0.0
907842929230221302,0.0,0.0,0.0,0.0,0.0
907942930456347202,0.0,0.0,0.0,0.0,0.0
908142930480102102,0.0,0.0,0.0,0.0,0.0
908142930527591102,0.0,0.0,0.0,0.0,0.0
908342930476180501,0.0,0.0,0.0,0.0,0.0
908342930535016301,0.7064220309257507,12.471496025787076,202.9420049710025,149.8208770751953,1359.3930248712447
908442930453832802,2.313953399658203,17.374595506656803,75.91885038038885,118.2509536743164,1494.2152057625133
908642930541948102,0.0,0.0,0.0,0.0,0.0
908742930473883801,0.0,0.0,0.0,0.0,0.0
908942930479161202,0.06400000303983688,3.8132794811320756,10.343245283018868,81.28837585449219,476.6599319414823
909342930456023901,0.0,0.0,0.0,0.0,0.0
909342930459358202,0.6767676472663879,10.778368081401531,151.09357720119098,99.81595611572266,1067.0584731278445
909742930342632902,0.0,0.0,0.0,0.0,0.0
909942930476421402,1.434426188468933,5.569994518477521,36.20799273387829,82.4707260131836,679.539317398695
911142930462634802,0.0,0.0,0.0,0.0,0.0
911242929047773602,0.0,0.0,0.0,0.0,0.0
911242930462622402,0.0,0.0,0.0,0.0,0.0
911342930462867102,0.0,0.0,0.0,0.0,0.0
911342930475753101,0.0,0.0,0.0,0.0,0.0
911342930517880701,0.0,0.0,0.0,0.0,0.0
911442930448484202,2.4148147106170654,8.65973981821563,527.0437026361058,156.2598419189453,1169.0649124816198
911442930460199502,0.0,0.0,0.0,0.0,0.0
911442930475919801,0.0,0.0,0.0,0.0,0.0
911542930517724801,1.0,38.384276221264365,38.38390804597701,2.481386661529541,38.384276221264365
911642930475045702,0.0,0.0,0.0,0.0,0.0
911742928832515201,0.0,0.0,0.0,0.0,0.0
911742930457471501,0.0,0.0,0.0,0.0,0.0
911842930461864202,0.0,0.0,0.0,0.0,0.0
911942930472953102,0.0,0.0,0.0,0.0,0.0
911942930516869201,0.0,0.0,0.0,0.0,0.0
912142928726384801,0.0,0.0,0.0,0.0,0.0
912242930548239401,0.0,0.0,0.0,0.0,0.0
912342930525341802,0.0,0.0,0.0,0.0,0.0
912442929400197302,0.0,0.0,0.0,0.0,0.0
912542929861386501,0.0,0.0,0.0,0.0,0.0
912542930515904602,0.0,0.0,0.0,0.0,0.0
912742930455090201,0.0,10.854928637528474,0.0,104.62026977539062,586.1661565758916
912742930532192501,3.375,9.89057988784424,56.134734971868525,7.661389350891113,79.12463863283564
913042930509519302,0.0,0.0,0.0,0.0,0.0
913142929197853301,0.0,0.0,0.0,0.0,0.0
913142930480500101,0.0,0.0,0.0,0.0,0.0
913442930530963902,0.0,0.0,0.0,0.0,0.0
913642930448600901,0.0,0.0,0.0,0.0,0.0
913842930478057302,0.0,0.0,0.0,0.0,0.0
914142930517074001,0.0,0.0,0.0,0.0,0.0
914242930473594801,0.0,0.0,0.0,0.0,0.0
914542930547475602,0.0,0.0,0.0,0.0,0.0
914642930227350201,0.0,0.0,0.0,0.0,0.0
914642930476804802,0.0,0.0,0.0,0.0,0.0
914742930547647501,0.0,0.0,0.0,0.0,0.0
914842930520222101,0.0,0.0,0.0,0.0,0.0
915042930475554401,1.6423357725143433,4.692021495149871,103.63286134608312,99.35116577148438,642.8069628308301
915142930544348802,0.0,25.652432865969583,25.652302492606676,2.870708703994751,25.652432865969583
915242928305203602,0.7707006335258484,2.9259314323319163,25.04404945904173,84.5759048461914,459.3712449888941
915242930480492201,0.0,0.0,0.0,0.0,0.0
915242930508811001,0.0,0.0,0.0,0.0,0.0
915242930509816702,0.0,0.0,0.0,0.0,0.0
915442929269199002,0.0,0.0,0.0,0.0,0.0
915542930465206901,0.0,0.0,0.0,0.0,0.0
915542930529604401,0.0,0.0,0.0,0.0,0.0
915642927968928601,0.0,0.0,0.0,0.0,0.0
915942930477582201,0.0,0.0,0.0,0.0,0.0
916042928932341102,0.0,0.0,0.0,0.0,0.0
916142930544186502,0.0,0.0,0.0,0.0,0.0
916442930465386302,0.0,0.0,0.0,0.0,0.0
916442930477521901,0.8153846263885498,8.006202754831671,65.19052369077306,89.0654067993164,520.4031874735159
916442930519516402,0.0,0.0,0.0,0.0,0.0
916442930531058302,0.0,0.0,0.0,0.0,0.0
916542930458707102,3.1285715103149414,12.261777158552151,168.60977388767324,132.02264404296875,858.3244205439378
916942930453882902,0.0,0.0,0.0,0.0,0.0
916942930466486402,2.5833332538604736,4.7440072825492345,77.85470459518599,15.63341999053955,113.85617968436144
917142930472598802,0.0,0.0,0.0,0.0,0.0
917142930530393302,2.1794872283935547,2.679466139954853,26.769390519187358,32.81282424926758,208.99835019575337
917342928932595901,0.0,0.0,0.0,0.0,0.0
917342930463979101,3.411764621734619,9.573921182479225,191.28462603878117,68.86627197265625,813.7833241808778
917642930465328001,2.375,5.076066160993505,33.40004811161896,9.753876686096191,81.21706069017621
917842930548096601,0.0,0.0,0.0,0.0,0.0
918142929012861401,0.0,0.0,0.0,0.0,0.0
918142930253656501,0.0,0.0,0.0,0.0,0.0
918242930474581902,0.0,0.0,0.0,0.0,0.0
918342927979693102,0.0,0.0,0.0,0.0,0.0
918342930454501102,2.909909963607788,4.615694180571618,90.26766341758908,76.40092468261719,512.3420421874066
918342930520974002,3.97560977935791,8.411270010544479,136.21779141104295,103.62776184082031,689.7241241721471
918442930455977001,0.0,0.0,0.0,0.0,0.0
918542929467168701,0.0,0.0,0.0,0.0,0.0
918542930475106301,0.0,0.0,0.0,0.0,0.0
918542930542991502,6.166666507720947,7.448423001469029,271.29512616918015,18.433696746826172,312.83375502073375
918642929197993601,0.0,0.0,0.0,0.0,0.0
918642930549125002,0.0,0.0,0.0,0.0,0.0
918642930550643602,0.9142857193946838,9.501084067604758,122.78977272727273,116.25849151611328,997.6138444122943
918742930460371302,0.0,0.0,0.0,0.0,0.0
918742930508026202,0.0,0.0,0.0,0.0,0.0
918742930531152201,0.0,0.0,0.0,0.0,0.0
918942930478364602,0.0,0.0,0.0,0.0,0.0
919042930469010301,0.0,0.0,0.0,0.0,0.0
919242930520752401,0.0,0.0,0.0,0.0,0.0
919242930531509301,0.0,0.0,0.0,0.0,0.0
919442930472211202,0.0,0.0,0.0,0.0,0.0
919442930509887001,0.0,0.0,0.0,0.0,0.0
919642928043962401,0.0,0.0,0.0,0.0,0.0
921142929091778602,0.0,0.0,0.0,0.0,0.0
921142929389126502,0.0,0.0,0.0,0.0,0.0
921242930458500401,0.0,0.0,0.0,0.0,0.0
921242930530092101,0.0,0.0,0.0,0.0,0.0
921642928078039601,4.1186442375183105,17.66067759770034,236.6591422121896,76.73066711425781,1041.979965072184
921642930446965202,0.0,0.0,0.0,0.0,0.0
921642930450707002,0.0,0.0,0.0,0.0,0.0
921642930518061601,0.0,0.0,0.0,0.0,0.0
921642930540510502,0.0,0.0,0.0,0.0,0.0
921742930454453502,0.0,0.0,0.0,0.0,0.0
921742930463066401,0.0,0.0,0.0,0.0,0.0
921742930540525702,0.0,0.0,0.0,0.0,0.0
921842930461837502,6.490740776062012,5.726895457300647,145.38706896551724,107.34579467773438,618.5047218487181
921842930472659001,0.0,0.0,0.0,0.0,0.0
921942930550317201,0.0,0.0,0.0,0.0,0.0
922142929348263902,0.0,0.0,0.0,0.0,0.0
922142930517340901,0.0,0.0,0.0,0.0,0.0
922142930526841101,0.0,0.0,0.0,0.0,0.0
922342930469190301,0.0,0.0,0.0,0.0,0.0
922442930460481302,0.0,0.0,0.0,0.0,0.0
922642930534558601,0.0,0.0,0.0,0.0,0.0
922842930454476201,0.0,0.0,0.0,0.0,0.0
923342930520845202,0.8974359035491943,5.1508161055017805,32.03293279928794,32.92362976074219,200.88183432045543
923542930532841602,0.0,0.0,0.0,0.0,0.0
923642929013263801,2.875,5.544489841835172,56.69914215686274,51.75795364379883,487.9151237443382
923642929649319001,0.0,0.0,0.0,0.0,0.0
923642930464565102,0.0,0.0,0.0,0.0,0.0
923742930532311502,0.0,0.0,0.0,0.0,0.0
923742930549712601,0.0,0.0,0.0,0.0,0.0
924042930457907601,0.0,0.0,0.0,0.0,0.0
924042930534125702,0.7247706651687622,7.13622525817556,46.62994836488812,80.63273620605469,777.8485870308803
924042930545163801,2.288590669631958,6.936399128382059,228.24822952605774,89.93937683105469,1033.5235009360533
924142930176829802,0.0,0.0,0.0,0.0,0.0
924442930537866702,0.0,0.0,0.0,0.0,0.0
924742930448499801,2.682926893234253,5.974361105292398,120.24861792912503,74.25424194335938,734.84644282398
924842930521817802,1.9040000438690186,5.427220042695566,93.50396539293439,96.26412200927734,678.4025083884285
925142930462707702,2.719008207321167,8.83788568787917,152.06622851365015,107.55257415771484,1069.3841162602992
925142930521019702,0.0,0.0,0.0,0.0,0.0
925142930525855502,0.0,0.0,0.0,0.0,0.0
925242930472946001,3.3636362552642822,9.95826182793489,138.09174613613942,42.46665573120117,547.7043905449478
925342930480199601,0.0,0.0,0.0,0.0,0.0
925442930508489802,0.0,0.0,0.0,0.0,0.0
925542930447262202,0.0,0.0,0.0,0.0,0.0
925542930462223801,0.0,0.0,0.0,0.0,0.0
925542930542927902,2.309734582901001,5.594215713629202,127.00665266106442,102.15056610107422,632.1463911732038
925642930507931001,0.0,0.0,0.0,0.0,0.0
925642930529789801,3.799999952316284,11.019513668052838,20.84344422700587,7.511828422546387,55.09756986912916
925742930478150301,0.0,0.0,0.0,0.0,0.0
926142928130770801,0.0,0.0,0.0,0.0,0.0
926142929531151402,0.0,0.0,0.0,0.0,0.0
926142930519148602,0.0,0.0,0.0,0.0,0.0
926142930521247202,0.0,0.0,0.0,0.0,0.0
926242930469504601,0.0,0.0,0.0,0.0,0.0
926242930478959302,0.0,0.0,0.0,0.0,0.0
926342930528966201,0.0,0.0,0.0,0.0,0.0
926542930526227901,0.0,0.0,0.0,0.0,0.0
926642929118794501,0.0,0.0,0.0,0.0,0.0
926642930455989802,0.0,0.0,0.0,0.0,0.0
926842928979692001,0.0,0.0,0.0,0.0,0.0
926842930544877601,2.9000000953674316,7.361278107432854,25.10306058713304,8.292673110961914,73.61277954940272
926942930478740102,0.0,0.0,0.0,0.0,0.0
927042930528664701,5.470588207244873,1.0687379729509974,13.634258456201215,3.5786917209625244,18.16854618598561
927142930480317501,0.0,0.0,0.0,0.0,0.0
927142930546284601,0.0,0.0,0.0,0.0,0.0
927242930159107402,0.0,0.0,0.0,0.0,0.0
927342928726214702,0.0,0.0,0.0,0.0,0.0
927342930526498301,1.5894039869308472,2.7240543912175648,18.83952095808383,68.6125717163086,411.33223639056115
927342930534838401,0.0,0.0,0.0,0.0,0.0
927442930542870102,0.0,0.0,0.0,0.0,0.0
927542930445557601,0.0,0.0,0.0,0.0,0.0
927642930476937502,0.0,0.0,0.0,0.0,0.0
927742930528484302,0.0,0.0,0.0,0.0,0.0
927742930541695301,0.0,0.0,0.0,0.0,0.0
927842930453178501,0.0,0.0,0.0,0.0,0.0
927842930459752401,0.0,0.0,0.0,0.0,0.0
927942930457708901,0.0,0.0,0.0,0.0,0.0
928142930460844002,0.0,0.0,0.0,0.0,0.0
928242928932525602,0.0,0.0,0.0,0.0,0.0
928242930479349501,5.5333333015441895,8.360791015625,377.05806451612904,83.4023208618164,501.64746689181175
928642928932432602,0.0,0.0,0.0,0.0,0.0
928742929613586801,0.0,0.0,0.0,0.0,0.0
928742930455807701,0.0,0.0,0.0,0.0,0.0
928842930532139901,0.0,0.0,0.0,0.0,0.0
928942930531496402,0.0,0.0,0.0,0.0,0.0
929042929321017602,3.4607841968536377,12.448861647586888,204.9650798879921,114.8379898071289,1269.7839112398829
929042930543566302,5.552631378173828,13.136082283893035,148.76119402985074,73.54893493652344,499.17111613857213
929242930464682202,2.0,3.9972009403189435,3.997422680412371,0.4524973928928375,3.9972009403189435
929242930542184601,0.0,0.0,0.0,0.0,0.0
929342930454829702,0.0,0.0,0.0,0.0,0.0
929342930526001302,4.285714149475098,2.7376633121468927,6.012429378531073,2.152148723602295,19.163644150556145
929542930516026601,1.9888888597488403,10.192755053005591,1767.1053122087606,244.1090850830078,1834.6958782315144
929542930534858701,0.0,0.0,0.0,0.0,0.0
929642929389152602,0.0,0.0,0.0,0.0,0.0
929642930525318801,1.8598130941390991,8.700191812275985,93.44014336917563,117.00640106201172,930.9205342118458
929642930528741302,0.886956512928009,9.449638852348563,101.32546201232033,150.75115966796875,1086.7084666571334
929742930465057902,1.7999999523162842,3.9727295010771937,64.614759072703,68.5271987915039,576.045770261079
929842930458129101,0.0,0.0,0.0,0.0,0.0
931242930476050402,0.0,0.0,0.0,0.0,0.0
931442930515638602,0.0,0.0,0.0,0.0,0.0
931742930463661702,0.27272728085517883,15.07089491334283,196.5982905982906,136.02938842773438,1326.238774190035
931842930528286902,0.0,0.0,0.0,0.0,0.0
931942928791257601,0.0,0.0,0.0,0.0,0.0
932042927963688202,0.0,0.0,0.0,0.0,0.0
932042930457131901,231.0,137.7459749552773,137.7459749552773,20.486005783081055,137.7459749552773
932042930480780201,0.0,0.0,0.0,0.0,0.0
932342930459475501,0.0,0.0,0.0,0.0,0.0
932442928716053102,0.0,0.0,0.0,0.0,0.0
932542928932360901,0.0,0.0,0.0,0.0,0.0
932542930527348602,0.0,0.0,0.0,0.0,0.0
932642930454303502,0.0,0.0,0.0,0.0,0.0
932742930455556601,0.0,0.0,0.0,0.0,0.0
932742930519252302,0.0,0.0,0.0,0.0,0.0
932942930550179502,0.0,0.0,0.0,0.0,0.0
933042928956248401,2.190476179122925,12.459904100529101,172.46031746031747,96.72303771972656,1046.631969848848
933042930457014801,0.0,0.0,0.0,0.0,0.0
933142930540993801,0.0,0.0,0.0,0.0,0.0
933242930449161502,2.0,2.843592489919355,5.687683284457478,0.452143132686615,5.687184800849981
933242930537963601,0.0,0.0,0.0,0.0,0.0
933342930525591301,0.0,0.0,0.0,0.0,0.0
933342930527377502,0.0,0.0,0.0,0.0,0.0
933442930530951801,0.0,0.0,0.0,0.0,0.0
933542929696803401,0.0,0.0,0.0,0.0,0.0
933642930454959501,0.0,0.0,0.0,0.0,0.0
933742930472953802,0.0,0.0,0.0,0.0,0.0
933742930528937901,0.0,0.0,0.0,0.0,0.0
933742930538047201,0.0,0.0,0.0,0.0,0.0
933842930474197002,0.0,0.0,0.0,0.0,0.0
933842930518159301,0.48181816935539246,6.609626194082013,120.4520037278658,93.12538146972656,727.0588688917062
933842930524928301,2.5784313678741455,10.444758299920691,112.39302079661614,149.5306854248047,1065.3653366766557
933942929839568101,0.0,0.0,0.0,0.0,0.0
933942930509091501,0.0,0.0,0.0,0.0,0.0
934142930518525302,0.0,0.0,0.0,0.0,0.0
934142930530981902,0.0,0.0,0.0,0.0,0.0
934342930531028502,0.0,0.0,0.0,0.0,0.0
934542929155433302,0.0,0.0,0.0,0.0,0.0
934542930517681201,0.0,0.0,0.0,0.0,0.0
934642930477461301,0.0,0.0,0.0,0.0,0.0
935142930463786502,0.0,0.0,0.0,0.0,0.0
935142930541222702,0.0,0.0,0.0,0.0,0.0
935242930460078602,0.0,0.0,0.0,0.0,0.0
935342927959101101,0.0,0.0,0.0,0.0,0.0
935442928592643802,0.0,0.0,0.0,0.0,0.0
935642930452402301,0.0,0.0,0.0,0.0,0.0
935642930515567401,0.0,0.0,0.0,0.0,0.0
935742930520382601,15.75,9.880071859444136,125.73893805309734,16.46579933166504,158.08115022372357
935742930541781601,0.0,0.0,0.0,0.0,0.0
935842928811545302,0.0,0.0,0.0,0.0,0.0
935842930460463801,0.0,0.0,0.0,0.0,0.0
935842930534066701,0.0,0.0,0.0,0.0,0.0
935942929514180801,0.0,0.0,0.0,0.0,0.0
936042930546719001,79.25,38.164806303348655,98.4898227183191,24.281883239746094,152.65922521339462
936142930476343402,0.0,0.0,0.0,0.0,0.0
936342930527599201,0.0,0.0,0.0,0.0,0.0
936442930525946601,0.0,0.0,0.0,0.0,0.0
936542930457068901,0.0,0.0,0.0,0.0,0.0
936642930544230002,0.0,0.0,0.0,0.0,0.0
936842930526253202,0.0,0.0,0.0,0.0,0.0
936942930523966801,0.0,0.0,0.0,0.0,0.0
937042930527302401,0.0,0.0,0.0,0.0,0.0
937142930544141601,0.0,0.0,0.0,0.0,0.0
937342929197877702,0.0,0.0,0.0,0.0,0.0
937342930480526801,0.0,0.0,0.0,0.0,0.0
937442928855459801,0.0,0.0,0.0,0.0,0.0
937442930453112102,0.0,0.0,0.0,0.0,0.0
937442930475637001,0.0,0.0,0.0,0.0,0.0
937442930516024602,1.6942148208618164,6.956041434743427,39.11959287531807,84.36451721191406,841.6809713818241
937442930542739702,0.0,0.0,0.0,0.0,0.0
937542930526897101,0.0,0.0,0.0,0.0,0.0
937542930526985101,2.6692306995391846,5.194617124339241,201.31902985074626,103.32910919189453,675.3002077256566
937642930454191101,0.0,0.0,0.0,0.0,0.0
937642930473170801,0.0,0.0,0.0,0.0,0.0
937742928592898001,0.0,0.0,0.0,0.0,0.0
937842930459924202,0.0,0.0,0.0,0.0,0.0
937842930461638902,0.0,0.0,0.0,0.0,0.0
938142930515723001,0.0,0.0,0.0,0.0,0.0
938142930526940802,0.0,0.0,0.0,0.0,0.0
938242928197772002,2.7165353298187256,8.237854878721059,212.65738699007719,99.73062896728516,1046.2075995168718
938342929816265001,0.0,0.0,0.0,0.0,0.0
938442930454105402,0.0,0.0,0.0,0.0,0.0
938542930462120901,0.0,0.0,0.0,0.0,0.0
938742930518999702,3.75,5.559549816743827,97.02283950617284,64.60957336425781,378.0493716911033
938842930474976401,0.0,0.0,0.0,0.0,0.0
938842930543152902,0.0,0.0,0.0,0.0,0.0
939042930548332801,0.0,0.0,0.0,0.0,0.0
939242930446771801,29.0,16.03937007874016,0.5826771653543307,4.310791969299316,32.07874015748032
939242930479992301,0.0,0.0,0.0,0.0,0.0
939242930509041702,0.0,0.0,0.0,0.0,0.0
939242930548211701,0.0,0.0,0.0,0.0,0.0
939242930548652701,1.182539701461792,7.4501428938488985,141.10114799875893,140.7674560546875,938.717983810716
939342929765966202,0.0,0.0,0.0,0.0,0.0
939342930473934202,0.0,0.0,0.0,0.0,0.0
939342930523241902,0.0,0.0,0.0,0.0,0.0
939442930452957201,2.6818182468414307,7.4082254792756705,124.3750817527796,134.25669860839844,814.904776304356
939442930528608801,0.0,0.0,0.0,0.0,0.0
939542930451272102,0.0,0.0,0.0,0.0,0.0
939642930451471602,0.0,0.0,0.0,0.0,0.0
939842929704106701,2.908256769180298,4.84520226160948,128.91580542924072,82.64031219482422,528.1270293164421
939842930507810401,0.0,0.0,0.0,0.0,0.0
939842930517522401,0.0,0.0,0.0,0.0,0.0
939942930476165701,0.0,0.0,0.0,0.0,0.0
939942930542289402,0.0,0.0,0.0,0.0,0.0
941142930534431501,2.8681318759918213,8.666000302838025,292.3257960313798,122.53921508789062,788.6059922225116
941142930545872602,0.0,0.0,0.0,0.0,0.0
941142930548990301,0.0,188.92334835578447,114.05705229793978,22.31431007385254,188.92334835578447
941242930474424202,0.0,0.0,0.0,0.0,0.0
941342930461458301,0.0,0.0,0.0,0.0,0.0
941442930479692801,0.0,0.0,0.0,0.0,0.0
941542928255482301,0.0,0.0,0.0,0.0,0.0
941542930462060502,0.0,0.0,0.0,0.0,0.0
941542930470118401,0.0,0.0,0.0,0.0,0.0
941542930529255201,0.0,0.0,0.0,0.0,0.0
941942927910731901,0.0,0.0,0.0,0.0,0.0
941942930461589102,0.0,0.0,0.0,0.0,0.0
942042930032274901,0.0,0.0,0.0,0.0,0.0
942142930447592902,0.0,0.0,0.0,0.0,0.0
942342930518833601,0.0,0.0,0.0,0.0,0.0
942442930453329401,0.0,0.0,0.0,0.0,0.0
942442930457807202,0.0,0.0,0.0,0.0,0.0
942442930460632602,0.0,0.0,0.0,0.0,0.0
942642929012902302,0.0,0.0,0.0,0.0,0.0
942742930466822802,0.0,0.0,0.0,0.0,0.0
942742930519720902,0.0,0.0,0.0,0.0,0.0
942842930477915801,2.1666667461395264,4.928425673897385,38.197695035460995,11.7981538772583,88.711658846402
942942930547137602,0.0,0.0,0.0,0.0,0.0
943142930509444401,0.0,0.0,0.0,0.0,0.0
943342930509329501,0.0,0.0,0.0,0.0,0.0
943342930544199401,0.0,0.0,0.0,0.0,0.0
943542930464139501,0.0,0.0,0.0,0.0,0.0
943642930479213902,0.0,0.0,0.0,0.0,0.0
943742928087871102,0.0,0.0,0.0,0.0,0.0
943842930529052702,0.0,0.0,0.0,0.0,0.0
944142930542121701,3.359999895095825,10.026027721465729,189.7001223990208,101.53487396240234,1002.6027897002501
944242930342578102,0.0,0.0,0.0,0.0,0.0
944242930445392502,0.0,0.0,0.0,0.0,0.0
944242930472298301,0.0,0.0,0.0,0.0,0.0
944242930474047102,0.0,0.0,0.0,0.0,0.0
944442930542017101,0.8172042965888977,8.262686454790249,40.65532879818594,85.9459457397461,768.4298243360455
944542930529336601,0.0,0.0,0.0,0.0,0.0
944642929346227102,0.1818181872367859,13.356381623641305,96.88142292490119,38.6299934387207,440.7605954347392
944742930546665502,0.0,0.0,0.0,0.0,0.0
944842930465235601,0.0,0.0,0.0,0.0,0.0
944942930520025202,0.0,0.0,0.0,0.0,0.0
944942930538226902,0.0,0.0,0.0,0.0,0.0
945242930518057601,0.0,0.0,0.0,0.0,0.0
945342928042164101,3.4479167461395264,11.935526131025327,120.11601307189542,119.39733123779297,1145.8105335905661
945442930461182102,2.8985507488250732,6.737282628009023,106.51957603287909,50.14217758178711,464.87251717597593
945442930518184901,0.0,0.0,0.0,0.0,0.0
945542930463901201,2.0055556297302246,2.4259699929925254,145.12773625200214,95.70179748535156,436.6745805035157
945542930546254701,0.0,0.0,0.0,0.0,0.0
945642930159053002,0.0,0.0,0.0,0.0,0.0
945642930478660402,0.0,0.0,0.0,0.0,0.0
945842930451087302,0.0,0.0,0.0,0.0,0.0
945842930476731902,0.0,0.0,0.0,0.0,0.0
945942930521806602,0.0,0.0,0.0,0.0,0.0
945942930526366102,1.3333333730697632,6.362356735061813,1039.4192307692308,224.20831298828125,1507.8785101960361
946042930519863902,0.0,0.0,0.0,0.0,0.0
946142930477236001,0.0,0.0,0.0,0.0,0.0
946242930509212701,2.9739129543304443,5.152062363451935,106.40674157303371,91.27606201171875,592.4871499108018
946242930531513302,0.0,0.0,0.0,0.0,0.0
946542930465158901,3.447058916091919,12.033223838116033,209.11353711790392,105.60061645507812,1022.8239929046916
946842930473857801,0.0,0.0,0.0,0.0,0.0
946842930476230701,0.0,0.0,0.0,0.0,0.0
946942930530661002,0.5161290168762207,8.018491234152139,37.44611727416799,14.990161895751953,248.5732323635966
946942930537237702,0.0,0.0,0.0,0.0,0.0
947242930475971002,0.0,0.0,0.0,0.0,0.0
947842930527354601,0.0,0.0,0.0,0.0,0.0
947942930473102701,0.0,0.0,0.0,0.0,0.0
948042930467962102,80.66666412353516,10.95197188680518,31.878575283324338,4.2086687088012695,32.85591480401292
948042930532359001,0.0,0.0,0.0,0.0,0.0
948042930532892601,0.0,0.0,0.0,0.0,0.0
948142930480739001,0.0,0.0,0.0,0.0,0.0
948242930452569402,0.0,0.0,0.0,0.0,0.0
948442928758016001,0.0,0.0,0.0,0.0,0.0
948442930476324001,0.0,0.0,0.0,0.0,0.0
948442930547843002,2.367347002029419,5.941758499816715,90.74706744868035,46.44838333129883,582.2923428599786
948542930465223801,0.0,0.0,0.0,0.0,0.0
948642930510240601,0.0,0.0,0.0,0.0,0.0
948842930479969002,0.0,0.0,0.0,0.0,0.0
948942928932458401,0.0,0.0,0.0,0.0,0.0
948942930516425501,0.0,0.0,0.0,0.0,0.0
949042929022389002,0.0,0.0,0.0,0.0,0.0
949042930521017201,2.375,18.66113179630593,51.76482830385016,13.260725021362305,149.2890586178211
949142930529305901,0.0,0.0,0.0,0.0,0.0
949242930460437801,0.0,0.0,0.0,0.0,0.0
949242930517862002,3.0833332538604736,6.872162708261395,58.665055248618785,20.89151954650879,164.9319058808174
949342930517533902,3.6063830852508545,6.176219497492284,153.0543209876543,66.95169830322266,580.5646169403453
949442930530844502,0.0,0.0,0.0,0.0,0.0
949642930473528401,0.0,0.0,0.0,0.0,0.0
949642930475075602,0.0,0.0,0.0,0.0,0.0
949742930475932202,0.0,0.0,0.0,0.0,0.0
951142930454404802,0.0,0.0,0.0,0.0,0.0
951242930522972602,0.0,0.0,0.0,0.0,0.0
951342930534067702,0.0,0.0,0.0,0.0,0.0
951642928153700201,0.08461538702249527,10.613313268442623,223.41744730679156,114.93378448486328,1379.7307155603175
951642930545898901,0.0,0.0,0.0,0.0,0.0
951742930547731801,0.0,0.0,0.0,0.0,0.0
951742930548683601,0.0,0.0,0.0,0.0,0.0
951842928005351602,2.447761297225952,4.29002002747345,109.25299099341309,85.63745880126953,574.86268618902
951842930480654401,0.0,0.0,0.0,0.0,0.0
951942930531831401,0.0,0.0,0.0,0.0,0.0
952042930529873001,0.0,0.0,0.0,0.0,0.0
952042930534458201,0.0,0.0,0.0,0.0,0.0
952342928832402902,0.0,0.0,0.0,0.0,0.0
952442930522661301,0.0,0.0,0.0,0.0,0.0
952642930466446201,0.0,0.0,0.0,0.0,0.0
952742930519006401,0.0,0.0,0.0,0.0,0.0
953042930474364501,2.2643678188323975,25.435177868559162,125.9885496183206,107.8532485961914,2212.8604977847513
953042930529477401,2.0,8.368421676669426,8.368377483443709,0.7400093674659729,8.368421676669426
953142930462837201,0.0,267.0575863710555,0.0,19.194398880004883,267.0575863710555
953242930538614501,0.0,0.0,0.0,0.0,0.0
953342930524863801,2.762500047683716,7.131631900666426,94.98126801152738,87.1961669921875,570.5305494698736
953442930451189902,0.0,0.0,0.0,0.0,0.0
953442930515440001,31.0,2.166781484521576,6.500345610743556,0.9025762677192688,6.500344164270021
953542930454383101,3.2068965435028076,28.318185517282195,372.86742424242425,115.8401107788086,1642.4547782739003
953542930455845302,2.6363637447357178,8.571260340073529,192.0642954856361,101.4435806274414,848.5547471261709
953642930540523101,0.0,0.0,0.0,0.0,0.0
953942930458602702,0.0,0.0,0.0,0.0,0.0
954042930521132401,0.0,0.0,0.0,0.0,0.0
954142930453395402,0.0,0.0,0.0,0.0,0.0
954242929843369301,0.0,0.0,0.0,0.0,0.0
954242930528200102,0.0,0.0,0.0,0.0,0.0
954342930467802401,0.0,0.0,0.0,0.0,0.0
954442930547976801,0.0,0.0,0.0,0.0,0.0
954542930452237002,1.8318583965301514,7.594553953523089,124.32424363057325,139.28970336914062,858.1845812850697
954542930480346202,0.0,0.0,0.0,0.0,0.0
954542930546452101,0.0,0.0,0.0,0.0,0.0
955342928159200301,0.0,0.0,0.0,0.0,0.0
955342930473324302,191.0,0.22761030385932537,0.22761975542193094,0.04894740879535675,0.22761030385932537
955542930480227901,4.5,4.420096311707428,17.377536231884058,2.5856857299804688,17.68038459446119
955642930531170101,0.0,0.0,0.0,0.0,0.0
955742930539644702,0.0,0.0,0.0,0.0,0.0
956042929141354202,0.0,0.0,0.0,0.0,0.0
956142929309425801,0.0,0.0,0.0,0.0,0.0
956342930479677001,3.4000000953674316,6.627097540386653,129.52372881355933,103.49358367919922,662.7097503487337
956542930473319301,0.0,0.0,0.0,0.0,0.0
956542930525395202,0.0,0.0,0.0,0.0,0.0
956542930541439401,0.0,0.0,0.0,0.0,0.0
956842930450876002,0.0,0.0,0.0,0.0,0.0
956842930527651202,0.0,0.0,0.0,0.0,0.0
956842930532920901,0.0,0.0,0.0,0.0,0.0
956942928043638902,0.0,0.0,0.0,0.0,0.0
956942930479612601,0.0,0.0,0.0,0.0,0.0
956942930526853301,2.754237174987793,14.647151295731707,1728.3650406504064,141.95932006835938,1728.3639237799296
957142930548126201,0.0,0.0,0.0,0.0,0.0
957442930455747502,1.9583333730697632,3.7506735182080733,54.80547072101979,42.74343490600586,270.0485014854049
957642928954607202,0.0,0.0,0.0,0.0,0.0
957842930530259601,0.0,0.0,0.0,0.0,0.0
957942930479052102,337.0,40.615647712697736,40.615647712697736,6.587432384490967,40.615647712697736
958242930542525701,3.8235294818878174,7.274880780210224,153.4837416817907,83.00862121582031,618.3648799612388
958442930462254801,0.0,0.0,0.0,0.0,0.0
958542928258080802,0.0,0.0,0.0,0.0,0.0
958742930518895201,2.58730149269104,7.302236948331539,218.0833153928956,93.4397201538086,920.0818343915005
958942930527515102,0.0,0.0,0.0,0.0,0.0
959042930526136701,0.0,0.0,0.0,0.0,0.0
959442930546133502,0.0,0.0,0.0,0.0,0.0
959742930537123502,0.0,0.0,0.0,0.0,0.0
959942930543369201,1.2000000476837158,47.925595719991364,331.412780656304,44.67087173461914,1198.1398824583064
961142930351069302,2.0,7.480840055061824,19.286450283359095,4.933670520782471,44.88503907256247
961142930461546202,0.0,0.0,0.0,0.0,0.0
961142930517747501,0.0,0.0,0.0,0.0,0.0
961242930455161301,0.0,0.0,0.0,0.0,0.0
961242930464261901,0.0,0.0,0.0,0.0,0.0
961442930467759901,0.0,0.0,0.0,0.0,0.0
961442930518773602,0.0,0.0,0.0,0.0,0.0
961442930532689401,0.0,0.0,0.0,0.0,0.0
961542929346340301,0.0,0.0,0.0,0.0,0.0
961942929839471701,0.0,0.0,0.0,0.0,0.0
961942930515553502,0.0,0.0,0.0,0.0,0.0
962142930530993302,0.0,0.0,0.0,0.0,0.0
962342930452810602,2.0,6.289081379431648,80.28754091340124,79.87906646728516,886.7605013656417
962342930468882301,0.0,0.0,0.0,0.0,0.0
962342930508053501,0.0,2.925810173666401,0.0,18.52170181274414,143.36470020318487
962442928210611301,0.0,0.0,0.0,0.0,0.0
962542930463322701,0.0,0.0,0.0,0.0,0.0
962642930469208602,0.0,0.0,0.0,0.0,0.0
962742929456836401,0.0,0.0,0.0,0.0,0.0
962842930531880501,0.0,0.0,0.0,0.0,0.0
962942927979853501,0.0,0.0,0.0,0.0,0.0
962942930460668301,3.2300000190734863,8.514508300506472,152.97439504783344,138.3387451171875,851.4508244274168
963042930532763301,0.0,55.61850783182193,55.61830173124485,2.4577620029449463,55.61850783182193
963342928043761402,0.0,0.0,0.0,0.0,0.0
963342930518326502,0.0,0.0,0.0,0.0,0.0
963442928683947202,0.0,0.0,0.0,0.0,0.0
963442930510408502,0.0,0.0,0.0,0.0,0.0
963442930516942101,0.0,0.0,0.0,0.0,0.0
963642929658219501,0.0,0.0,0.0,0.0,0.0
963642930509821701,2.409722328186035,5.112821296129703,315.59317900123943,89.2493667602539,736.2462444929993
963742930449124201,0.0,0.0,0.0,0.0,0.0
963842930450989202,0.0,0.0,0.0,0.0,0.0
963842930527426602,0.0,0.0,0.0,0.0,0.0
963842930531766301,0.0,0.0,0.0,0.0,0.0
963842930546998002,0.0,0.0,0.0,0.0,0.0
963942930460038501,0.0,0.0,0.0,0.0,0.0
964042930464943902,0.0,0.0,0.0,0.0,0.0
964142930516904502,3.020618438720703,11.281736185622318,287.8147353361946,120.27373504638672,1094.3283805847168
964142930517458502,0.0,0.0,0.0,0.0,0.0
964242930529017801,0.0,0.0,0.0,0.0,0.0
964342930516445401,0.0,0.0,0.0,0.0,0.0
964442930451204401,0.0,0.0,0.0,0.0,0.0
964442930468841802,75.33333587646484,13.835511145272868,41.5065334358186,6.046632766723633,41.5065334358186
964442930516029901,0.7789473533630371,10.60842976120283,37.4377358490566,89.13776397705078,1007.8008391326329
964542930534829601,0.0,0.0,0.0,0.0,0.0
964642930447303601,0.0,0.0,0.0,0.0,0.0
964642930508199002,0.0,0.0,0.0,0.0,0.0
964742928265489001,3.0,6.95142311070748,13.636017151024298,1.6690956354141235,13.902846686666269
965042930523449702,0.0,0.0,0.0,0.0,0.0
965042930527584901,0.0,0.0,0.0,0.0,0.0
965242930478938802,0.0,0.0,0.0,0.0,0.0
965242930545341502,0.0,0.0,0.0,0.0,0.0
965442929269076802,0.0,0.0,0.0,0.0,0.0
965442930466459402,0.0,0.0,0.0,0.0,0.0
965542930518402902,3.8333332538604736,5.884100746742746,32.28072445019405,11.571778297424316,70.60921022425383
965542930519327801,0.0,0.0,0.0,0.0,0.0
965642930507931901,0.0,0.0,0.0,0.0,0.0
965642930550576402,0.0,0.0,0.0,0.0,0.0
965842930462978301,0.0,0.0,0.0,0.0,0.0
965942930456290901,0.0,0.0,0.0,0.0,0.0
965942930479991401,0.0,0.0,0.0,0.0,0.0
966042930523863102,0.0,0.0,0.0,0.0,0.0
966242930458293601,0.0,0.0,0.0,0.0,0.0
966242930507778301,0.0,0.0,0.0,0.0,0.0
966242930537487801,0.0,0.0,0.0,0.0,0.0
966542930452374102,0.0,0.0,0.0,0.0,0.0
966642930509129402,0.0,0.0,0.0,0.0,0.0
966842930546828601,2.0399999618530273,7.506355734180764,83.90774838769978,14.835626602172852,187.65888795140458
967142930464488001,0.0,0.0,0.0,0.0,0.0
967142930547103301,0.0,0.0,0.0,0.0,0.0
967242930460534302,0.0,0.0,0.0,0.0,0.0
967242930472745001,0.0,0.0,0.0,0.0,0.0
967342930528042701,0.0,0.0,0.0,0.0,0.0
967442930520025701,0.0,0.0,0.0,0.0,0.0
967842930463013002,0.0,0.0,0.0,0.0,0.0
967842930542203001,0.0,0.0,0.0,0.0,0.0
968142930475744302,2.4146342277526855,3.808949394682442,32.2716396903589,24.079620361328125,156.16692996310314
968142930477114302,0.0,0.0,0.0,0.0,0.0
968242930522030001,0.0,0.0,0.0,0.0,0.0
968342930475811501,0.0,0.0,0.0,0.0,0.0
968442930465095302,0.0,0.0,0.0,0.0,0.0
968542930461923801,0.0,0.0,0.0,0.0,0.0
968542930529489202,0.0,0.0,0.0,0.0,0.0
968542930532377101,0.0,0.0,0.0,0.0,0.0
968642930464498502,0.0,0.0,0.0,0.0,0.0
968742929476694201,0.0,0.0,0.0,0.0,0.0
969142928602042001,0.0,0.0,0.0,0.0,0.0
969242930522298301,0.0,0.0,0.0,0.0,0.0
969342930519945302,3.0,1.8489417318439676,2.711525499887666,0.6800739765167236,3.6978835733894067
969342930533498502,2.7289719581604004,9.380379597273144,231.82768102658113,96.79177856445312,1003.7005747883392
969442928865184902,2.6875,2.539289675245098,17.056941176470588,6.786198139190674,40.62863415168314
969542928213898601,0.0,0.0,0.0,0.0,0.0
969742930530626001,0.0,0.0,0.0,0.0,0.0
969842930524830001,0.10000000149011612,22.93123918571728,12.741610738255034,46.673255920410156,687.9371760899588
969942930469259302,0.0,0.0,0.0,0.0,0.0
971242930533584501,0.0,0.0,0.0,0.0,0.0
971542930543396901,0.0,0.0,0.0,0.0,0.0
971642930528796401,0.0,0.0,0.0,0.0,0.0
971842928119434301,0.0,0.0,0.0,0.0,0.0
971942930462817402,0.0,0.0,0.0,0.0,0.0
972142930534486401,0.0,0.0,0.0,0.0,0.0
972242930466527502,1.4462809562683105,7.529367570935583,478.23680981595095,160.77565002441406,911.0534504393127
972342930456637902,0.0,0.0,0.0,0.0,0.0
972442930463760402,0.0,0.0,0.0,0.0,0.0
972542928779048802,0.0,0.0,0.0,0.0,0.0
972642928168076602,0.0,0.0,0.0,0.0,0.0
972842930545512801,1.3396226167678833,3.7883384998402994,23.735718196751233,31.275535583496094,200.78194661148274
973142930549041502,0.0,0.0,0.0,0.0,0.0
973242930455705001,6.9375,8.562172669712341,106.13173985547526,11.371740341186523,136.99476251183384
973242930523546102,0.0,0.0,0.0,0.0,0.0
973342930468039502,0.0,0.0,0.0,0.0,0.0
973442930476837301,0.0,0.0,0.0,0.0,0.0
973542930517808201,0.0,0.0,0.0,0.0,0.0
973642930459367202,0.0,0.0,0.0,0.0,0.0
973742930459430801,0.0,0.0,0.0,0.0,0.0
973742930459958501,0.0,0.0,0.0,0.0,0.0
973842930533953702,0.0,0.0,0.0,0.0,0.0
974142930460705201,0.0,0.0,0.0,0.0,0.0
974342930474992301,0.0,0.0,0.0,0.0,0.0
974342930526845102,0.0,0.0,0.0,0.0,0.0
974342930550376201,2.3333332538604736,1.7533409401347904,8.41601952518305,3.1436233520507812,15.780068545852503
974542928135600801,0.0,0.0,0.0,0.0,0.0
974642930459633401,1.5895522832870483,3.7193556201550386,46.21356589147287,102.85944366455078,498.39366678784984
974742930478575402,0.0,0.0,0.0,0.0,0.0
974742930529994401,0.0,0.0,0.0,0.0,0.0
974742930550060201,0.0,0.0,0.0,0.0,0.0
974942930457040201,0.0,0.0,0.0,0.0,0.0
974942930543725101,0.0,0.0,0.0,0.0,0.0
975042930510541501,0.0,0.0,0.0,0.0,0.0
975242930453297801,0.0,0.0,0.0,0.0,0.0
975242930461071801,0.0,0.0,0.0,0.0,0.0
975842928932504301,0.0,0.0,0.0,0.0,0.0
975842929372830602,2.8151259422302246,7.1537736970948576,145.84211991832188,104.15457916259766,851.2990598885717
975842930459401601,0.0,0.0,0.0,0.0,0.0
975942930550236302,0.0,0.0,0.0,0.0,0.0
976042930510456402,0.0,0.0,0.0,0.0,0.0
976142930517873802,0.0,0.0,0.0,0.0,0.0
976342930474245901,1.6666666269302368,1.3506023737694506,3.8876627500793903,0.5734474062919617,4.05180732724628
976542930455330202,0.0,0.0,0.0,0.0,0.0
976642928236013301,0.0,0.0,0.0,0.0,0.0
976642930525848502,0.0,0.0,0.0,0.0,0.0
976742930515539501,0.0,0.0,0.0,0.0,0.0
976842930528358801,0.0,0.0,0.0,0.0,0.0
976942929166149801,0.0,0.0,0.0,0.0,0.0
976942929649420101,0.0,0.0,0.0,0.0,0.0
976942930517612501,0.0,0.0,0.0,0.0,0.0
976942930544036701,0.5890411138534546,4.3714848653363365,18.246695709960864,67.50285339355469,638.2367907762615
977042929761804101,0.0,0.0,0.0,0.0,0.0
977042929766082001,0.0,0.0,0.0,0.0,0.0
977042930453187802,0.0,0.0,0.0,0.0,0.0
977042930455229602,0.0,0.0,0.0,0.0,0.0
977042930520193801,1.8799999952316284,4.993166904097963,107.61857419980602,129.16256713867188,624.1458520792157
977242930456572102,1.5135135650634766,13.38636050300802,206.82673796791443,109.04142761230469,990.5906388389873
977442930530523401,0.0,0.0,0.0,0.0,0.0
977542929575506301,0.0,0.0,0.0,0.0,0.0
977542930452687101,0.0,0.0,0.0,0.0,0.0
977542930475079801,0.0,0.0,0.0,0.0,0.0
977742930517508802,0.0,0.0,0.0,0.0,0.0
977842930530993101,0.0,0.0,0.0,0.0,0.0
978042930473153201,0.0,0.0,0.0,0.0,0.0
978042930477375602,0.0,0.0,0.0,0.0,0.0
978042930534141902,0.0,0.0,0.0,0.0,0.0
978242930518591502,0.0,0.0,0.0,0.0,0.0
978342930537191602,0.0,0.0,0.0,0.0,0.0
978442930517492601,1.5399999618530273,8.207711551966293,141.03308364544318,60.20105743408203,410.3855859039726
978542930508391901,0.4923076927661896,4.5743649071574835,11.104988830975428,38.45710754394531,297.3337082213106
978842930400230701,0.0,0.0,0.0,0.0,0.0
978842930528686002,0.0,0.0,0.0,0.0,0.0
978942930532049202,9.675675392150879,15.111296124646893,324.02259887005647,32.928775787353516,559.1179650258209
979142930452654002,0.0,0.0,0.0,0.0,0.0
979242930527183501,0.0,0.0,0.0,0.0,0.0
979442930462990301,0.0,0.0,0.0,0.0,0.0
979442930509263301,0.0,0.0,0.0,0.0,0.0
979442930524665801,0.0,0.0,0.0,0.0,0.0
979442930525011102,0.0,8.417329796640141,0.0,1.1391549110412598,8.417329796640141
979542928748781302,0.0,0.0,0.0,0.0,0.0
979542930454523202,0.0,0.0,0.0,0.0,0.0
979642930533659501,0.0,0.0,0.0,0.0,0.0
979642930535500002,0.0,0.0,0.0,0.0,0.0
979742930142546301,0.0,0.0,0.0,0.0,0.0
979742930523962802,0.0,0.0,0.0,0.0,0.0
979842930522363902,0.0,0.0,0.0,0.0,0.0
979942930544406401,0.0,0.0,0.0,0.0,0.0
981142928030358901,0.0,0.0,0.0,0.0,0.0
981242930533902402,0.0,0.0,0.0,0.0,0.0
981342928887221701,0.0,0.0,0.0,0.0,0.0
981542930534375901,0.0,0.0,0.0,0.0,0.0
981742930459941402,0.0,0.0,0.0,0.0,0.0
981742930548355901,0.0,0.0,0.0,0.0,0.0
981942930469934001,0.5,7.282985567340547,385.1239179954442,190.12254333496094,1383.767267065765
981942930529053301,0.0,0.0,0.0,0.0,0.0
982142930455207302,0.0,0.0,0.0,0.0,0.0
982142930544994001,0.0,0.0,0.0,0.0,0.0
982242930289696801,0.0,0.0,0.0,0.0,0.0
982242930460539502,0.0,0.0,0.0,0.0,0.0
982542930479890101,6.0,14.619113378762849,14.619126284875184,1.7815800905227661,14.619113378762849
982642930544558602,0.0,0.0,0.0,0.0,0.0
983042930460799001,0.0,0.0,0.0,0.0,0.0
983042930466731102,0.0,0.0,0.0,0.0,0.0
983242930451643002,0.0,0.0,0.0,0.0,0.0
983342929259477301,0.0,0.0,0.0,0.0,0.0
983342930459033601,0.0,0.0,0.0,0.0,0.0
983542930453502302,40.33333206176758,456.55833905284834,427.55044612216886,102.52916717529297,1369.675017158545
983642928131153402,291.0,0.8108721546557472,0.8111769686706182,0.1114063411951065,0.8108721546557472
983842930526950101,0.0,0.0,0.0,0.0,0.0
984142929194564701,2.269503593444824,5.758128161463506,120.01365441906654,90.19681549072266,811.8960872979718
984142930475337102,0.0,0.0,0.0,0.0,0.0
984142930540765001,0.0,0.0,0.0,0.0,0.0
984342930458719601,0.0,68.01655022385904,0.0,9.682306289672852,68.01655022385904
984442930473622301,0.0,0.0,0.0,0.0,0.0
984442930508716301,0.0,0.0,0.0,0.0,0.0
984742930461979802,0.0,0.0,0.0,0.0,0.0
984742930524745701,0.0,0.0,0.0,0.0,0.0
984842930464541401,0.0,0.0,0.0,0.0,0.0
984842930522944902,0.0,0.0,0.0,0.0,0.0
984942930471672501,5.015384674072266,16.62511745143581,123.81891891891892,123.90943908691406,1080.632623460164
985042930200071502,0.0,0.0,0.0,0.0,0.0
985142928043557302,0.0,0.0,0.0,0.0,0.0
985142930453584501,0.0,0.0,0.0,0.0,0.0
985242928800758901,0.0,0.0,0.0,0.0,0.0
985242930524502401,0.0,0.0,0.0,0.0,0.0
985342930474563601,3.0,7.056453623670213,7.056737588652482,1.1100127696990967,7.056453623670213
985442927963764302,0.0,0.0,0.0,0.0,0.0
985442930524342302,0.0,0.0,0.0,0.0,0.0
985542930469752901,0.0,0.0,0.0,0.0,0.0
985642930461590101,0.0,0.0,0.0,0.0,0.0
985642930550518002,0.0,0.0,0.0,0.0,0.0
985742930534538501,1.8571428060531616,3.656010549081921,17.19373822975518,3.7952332496643066,25.59207283206803
986042930008347601,2.308943033218384,9.031421592377262,361.64405684754524,137.19775390625,1110.8648350300407
986042930528538801,0.0,0.0,0.0,0.0,0.0
986142929613470602,0.0,0.0,0.0,0.0,0.0
986142930459552302,0.0,59.21646858055771,9.055770720371806,8.292381286621094,59.21646858055771
986442929331698002,0.0,0.0,0.0,0.0,0.0
986642930473804201,0.9550561904907227,6.341649682971014,49.989975845410626,62.91170120239258,564.4068176334031
986642930473913701,0.0,0.0,0.0,0.0,0.0
986742930540662901,0.0,0.0,0.0,0.0,0.0
986942930538931002,0.0,0.0,0.0,0.0,0.0
987142928113131802,1.6530612707138062,6.895053597383721,21.907778668805133,40.89730453491211,337.8576442554844
987242930522519402,0.0,0.0,0.0,0.0,0.0
987342930447013802,1.6666666269302368,2.270510805467382,3.487740805604203,0.5797736048698425,6.811532309510453
987342930543887301,0.0,0.0,0.0,0.0,0.0
987342930546530302,0.0,0.0,0.0,0.0,0.0
987442930540724001,0.0,0.0,0.0,0.0,0.0
987542930462842201,0.0,0.0,0.0,0.0,0.0
987642930463086101,0.0,0.0,0.0,0.0,0.0
987842930520131102,0.0,0.0,0.0,0.0,0.0
987842930521523001,0.0,0.0,0.0,0.0,0.0
987942930516014102,0.0,0.0,0.0,0.0,0.0
988342930518856902,0.0,0.0,0.0,0.0,0.0
988442930454093302,4.297618865966797,4.838300915096204,109.82340537691091,57.91770553588867,406.4172760355642
988442930541634602,0.0,0.0,0.0,0.0,0.0
988542930526469502,0.0,0.0,0.0,0.0,0.0
988542930534748501,0.0,0.0,0.0,0.0,0.0
988842930463926802,0.0,0.0,0.0,0.0,0.0
988842930464065702,0.0,0.0,0.0,0.0,0.0
988842930532545401,0.0,0.0,0.0,0.0,0.0
988942930454690401,0.0,0.0,0.0,0.0,0.0
989242930473765001,0.0,0.0,0.0,0.0,0.0
989542930524500402,0.0,0.0,0.0,0.0,0.0
989542930533468702,0.0,0.0,0.0,0.0,0.0
989842930461754501,0.0,0.0,0.0,0.0,0.0
989842930464132602,0.0,0.0,0.0,0.0,0.0
989942930456260802,0.0,0.0,0.0,0.0,0.0
991242930479098802,0.0,0.0,0.0,0.0,0.0
991342930540098101,14.0,73.52941176470588,73.52941176470588,7.618171215057373,73.52941176470588
991542930463664001,0.0,0.0,0.0,0.0,0.0
991542930518643601,3.5,2.5815570899943765,9.066838046272494,2.7031919956207275,15.489342412865867
991742930463945202,0.0,0.0,0.0,0.0,0.0
991842928825498401,0.0,0.0,0.0,0.0,0.0
991842930537303401,0.0,0.0,0.0,0.0,0.0
991942930511125502,0.0,0.0,0.0,0.0,0.0
992342930480155301,0.0,0.0,0.0,0.0,0.0
992542930480099201,0.0,18.02413553587148,0.0,41.16990661621094,630.8447483223929
992542930525733701,0.0,0.0,0.0,0.0,0.0
992642930459466402,0.0,0.0,0.0,0.0,0.0
992642930477821202,0.0,0.0,0.0,0.0,0.0
993042930464585401,0.0,0.0,0.0,0.0,0.0
993042930510029501,2.991304397583008,9.140969772065413,146.5489844683393,109.7259750366211,1051.2115404819501
993042930544697301,0.0,0.0,0.0,0.0,0.0
993142930475756501,0.0,0.0,0.0,0.0,0.0
993142930522642001,0.0,0.0,0.0,0.0,0.0
993142930528831101,0.0,0.0,0.0,0.0,0.0
993242930533153901,0.0,0.0,0.0,0.0,0.0
993242930550348701,0.0,0.0,0.0,0.0,0.0
993342927924660101,0.0,0.0,0.0,0.0,0.0
993442930474715502,0.0,0.0,0.0,0.0,0.0
993542929118579602,0.0,0.0,0.0,0.0,0.0
993542930477441201,0.0,0.0,0.0,0.0,0.0
993642930516157402,0.0,0.0,0.0,0.0,0.0
993842929550806601,0.0,0.0,0.0,0.0,0.0
993842930464478901,0.0,0.0,0.0,0.0,0.0
994042930473777501,0.0,0.0,0.0,0.0,0.0
994142930447787902,0.0,0.0,0.0,0.0,0.0
994142930465080302,2.3521127700805664,12.975151909722221,82.71144278606965,111.93156433105469,921.2357847615459
994142930528868802,0.0,0.0,0.0,0.0,0.0
994342929861219802,0.0,0.0,0.0,0.0,0.0
994442929341356902,0.0,0.0,0.0,0.0,0.0
994442930527397301,0.0,0.0,0.0,0.0,0.0
994742930545699501,0.0,0.0,0.0,0.0,0.0
994842930524179102,0.0,0.0,0.0,0.0,0.0
994942930459951601,0.9751552939414978,16.87721535011574,1066.587962962963,213.46656799316406,2717.23171462091
994942930515618002,3.405797004699707,13.03015572147909,308.0246002460025,60.92627716064453,899.0807783495163
995042930164891701,0.0,0.0,0.0,0.0,0.0
995242930475545801,0.0,0.0,0.0,0.0,0.0
995242930476650102,0.0,0.0,0.0,0.0,0.0
995342930544702302,0.0,0.0,0.0,0.0,0.0
995442930480700601,0.0,0.0,0.0,0.0,0.0
995642930452472602,2.882352828979492,4.669429511381046,143.16975268111185,77.19783020019531,555.6621185603301
995642930542493302,2.481203079223633,7.1846414592689625,125.07984031936128,136.281005859375,955.5572903936733
995842930518515201,0.0,0.0,0.0,0.0,0.0
995842930539241201,0.0,0.0,0.0,0.0,0.0
995942930477593501,0.0,0.0,0.0,0.0,0.0
995942930529939201,1.9090908765792847,4.366969996237772,15.829909706546275,5.209163188934326,48.0366702525395
996042930476708302,0.0,0.0,0.0,0.0,0.0
996142930517008302,2.8421051502227783,3.4239479636797303,16.358318098720293,8.297175407409668,65.05500954727368
996142930534753101,0.0,0.0,0.0,0.0,0.0
996242930516143801,0.0,0.0,0.0,0.0,0.0
996642930531987401,12.699999809265137,2.037554049463866,10.033490011750882,3.158581256866455,20.37554010913459
996742930528624701,0.0,0.0,0.0,0.0,0.0
996842930454202601,0.0,0.0,0.0,0.0,0.0
996842930527901802,0.0,0.0,0.0,0.0,0.0
996942930456686002,0.0,0.0,0.0,0.0,0.0
997042930525912602,0.0,0.0,0.0,0.0,0.0
997042930535548801,0.0,0.0,0.0,0.0,0.0
997042930547202501,0.0,0.0,0.0,0.0,0.0
997142930448340801,0.0,0.0,0.0,0.0,0.0
997142930533991201,0.0,0.0,0.0,0.0,0.0
997442930528682401,0.0,0.0,0.0,0.0,0.0
997442930541550202,0.0,3.2696009020949517,0.0,1.8957055807113647,16.348004438816226
997542927924780301,0.0,0.0,0.0,0.0,0.0
997542930465068602,0.0,0.0,0.0,0.0,0.0
997542930480726001,0.0,0.0,0.0,0.0,0.0
997642930458651301,0.0,0.0,0.0,0.0,0.0
998242930519613301,0.0,0.0,0.0,0.0,0.0
998242930520997601,0.0,0.0,0.0,0.0,0.0
998342930480337001,0.0,0.0,0.0,0.0,0.0
998342930516629202,0.0,0.0,0.0,0.0,0.0
998542930468052601,0.0,0.0,0.0,0.0,0.0
998542930473876202,0.0,0.0,0.0,0.0,0.0
998642930289367002,113.0,1.605122584922641,3.2107843137254903,0.23374375700950623,3.210245169845282
998642930455141602,3.125,4.53329062609662,32.30050298280501,9.124027252197266,72.53265090283769
998642930528189201,0.0,0.0,0.0,0.0,0.0
998642930550792801,0.0,0.0,0.0,0.0,0.0
998742930477922401,0.0,0.0,0.0,0.0,0.0
998942930519365201,0.0,0.0,0.0,0.0,0.0
998942930542691102,2.384615421295166,4.5910745415805785,41.99936427209155,4.402926921844482,59.68396719261407
999142930447758201,2.721311569213867,3.67855564408323,42.96776193428394,33.785736083984375,224.39190238200575
999142930478783801,0.0,0.0,0.0,0.0,0.0
999242930508250202,0.0,0.0,0.0,0.0,0.0
999342930468853301,0.0,0.0,0.0,0.0,0.0
999442928311744002,0.0,0.0,0.0,0.0,0.0
999442930549845202,105.5,1.1642949897577886,2.3285611381235367,0.3136424124240875,2.3285899355500406
999542930479245001,0.0,0.0,0.0,0.0,0.0
999742930289423701,0.0,0.0,0.0,0.0,0.0
999842928912241201,0.0,0.0,0.0,0.0,0.0
999842930521939101,0.0,0.0,0.0,0.0,0.0
999842930529623202,0.0,0.0,0.0,0.0,0.0
999942930461543701,0.0,0.0,0.0,0.0,0.0
999942930462720301,0.0,0.0,0.0,0.0,0.0
999942930526263601,0.0,0.0,0.0,0.0,0.0
