BDAP,A1,A2,A3,A4,A5
111142930451558302,0.0,0.0,0.0,0.0,0.0
111142930456078402,2.75,16.076992296309193,64.30807799442897,5.382740020751953,64.30797029033013
111142930549694901,0.0,0.0,0.0,0.0,0.0
111242928159168602,0.0,0.0,0.0,0.0,0.0
111342928035516202,0.0,5.471978538895215,140.0682367317466,77.48291778564453,601.9176519780984
111442929417157902,0.0,0.0,0.0,0.0,0.0
111642930521380602,0.0,0.0,0.0,0.0,0.0
111742930520228201,1.452054738998413,4.081137791103677,686.9140574249708,117.72555541992188,893.7691719882656
111742930546032201,0.0,0.0,0.0,0.0,0.0
111842930472913601,0.0,0.0,0.0,0.0,0.0
111942930075789802,0.0,0.0,0.0,0.0,0.0
111942930475464201,0.0,0.0,0.0,0.0,0.0
112242929589459502,0.0,0.0,0.0,0.0,0.0
112442930475351402,0.0,0.0,0.0,0.0,0.0
112442930547500901,0.0,0.0,0.0,0.0,0.0
112542930549591602,0.0,0.0,0.0,0.0,0.0
112642930518447902,0.0,0.0,0.0,0.0,0.0
112642930527384301,0.0,0.0,0.0,0.0,0.0
112942930456488402,4.416666507720947,5.826262575676638,64.06438746438747,32.11042022705078,209.74544507051127
112942930511152602,0.0,0.0,0.0,0.0,0.0
112942930520095401,0.0,0.0,0.0,0.0,0.0
112942930526084102,0.0,0.0,0.0,0.0,0.0
112942930546542602,0.0,0.0,0.0,0.0,0.0
113042930446652901,0.17475728690624237,13.41431234883096,186.9572695511959,144.58901977539062,1381.6742230943055
113042930459198201,0.0,11.738902725563909,19.530526315789473,4.962113857269287,35.21670993890977
113242929494046101,0.0,0.0,0.0,0.0,0.0
113242929989809401,0.0,0.0,0.0,0.0,0.0
113242930525412901,0.0,0.0,0.0,0.0,0.0
113342930540408502,0.0,0.0,0.0,0.0,0.0
113442928800667002,0.0,0.0,0.0,0.0,0.0
113642930452986502,0.0,0.0,0.0,0.0,0.0
113742928592687902,0.0,0.0,0.0,0.0,0.0
113842930528713802,3.161290407180786,21.365434050150345,149.4553264604811,111.98983001708984,1324.6568707502174
113942930453012402,0.0,0.0,0.0,0.0,0.0
113942930543093902,0.0,0.0,0.0,0.0,0.0
114042930544217902,0.0,0.0,0.0,0.0,0.0
114242930474451702,0.0,0.0,0.0,0.0,0.0
114342930531636602,0.0,0.0,0.0,0.0,0.0
114442930473232502,0.0,0.0,0.0,0.0,0.0
114542930460128001,0.0,43.16538755088195,43.16553595658073,6.422893524169922,43.16538755088195
114642930550556102,0.0,0.0,0.0,0.0,0.0
114742930453726801,0.0,0.0,0.0,0.0,0.0
114742930536446301,0.0,0.0,0.0,0.0,0.0
114842930517178501,2.9052631855010986,6.18311676213906,127.80261456687258,65.99531555175781,587.396106682158
115042930473371901,0.0,0.0,0.0,0.0,0.0
115142930468670302,1.3461538553237915,4.816110131048387,23.769032258064517,83.34163665771484,626.0942951050625
115142930475433101,0.0,0.0,0.0,0.0,0.0
115242928210658501,0.0,0.0,0.0,0.0,0.0
115242930059291902,0.0,0.0,0.0,0.0,0.0
115242930541272802,0.0,0.0,0.0,0.0,0.0
115242930543567601,0.0,0.0,0.0,0.0,0.0
115642930548436401,0.0,0.0,0.0,0.0,0.0
115742928293162401,0.0,0.0,0.0,0.0,0.0
115742930529898402,0.0,0.0,0.0,0.0,0.0
116142930549453302,0.0,0.0,0.0,0.0,0.0
116242928577698301,0.0,0.0,0.0,0.0,0.0
116242930137942201,0.0,0.0,0.0,0.0,0.0
116242930508328601,0.0,0.0,0.0,0.0,0.0
116342930537140702,0.0,0.0,0.0,0.0,0.0
116442929000220902,0.0,0.0,0.0,0.0,0.0
116442930516457902,0.0,0.0,0.0,0.0,0.0
116542930525090302,0.0,0.0,0.0,0.0,0.0
116542930529336002,0.0,0.0,0.0,0.0,0.0
116642930529136802,0.0,0.0,0.0,0.0,0.0
116642930539090401,0.8145695328712463,4.567578767047221,60.65092621385101,77.64462280273438,689.7043953519751
116742928739525602,0.0,0.0,0.0,0.0,0.0
116742930532472902,0.0,0.0,0.0,0.0,0.0
116742930546334201,7.75,5.5266507873271395,22.107173725151252,2.169719696044922,22.10660357133211
116842930454465301,18.294116973876953,15.21385440180587,215.7269525959368,11.61284351348877,258.6355252715858
117042930453153601,3.3809523582458496,4.873882760368965,44.06411095119717,13.993791580200195,102.35153826450032
117042930548083602,5.234375,20.810896688432837,305.1134328358209,0.0,1331.8973738029822
117142930529346502,0.0,0.0,0.0,0.0,0.0
117242930542099701,0.0,0.0,0.0,0.0,0.0
117442930538907902,3.153846263885498,7.132292429319667,44.83284523541338,14.280184745788574,92.71980217926995
117642930521238202,0.0,0.0,0.0,0.0,0.0
117742930508207301,0.0,0.0,0.0,0.0,0.0
117742930530612302,0.0,0.0,0.0,0.0,0.0
117842930473510401,3.091743230819702,6.942036698697174,115.79297381384495,63.323577880859375,756.6819795327141
118242930535103802,0.0,0.0,0.0,0.0,0.0
118742929012963801,0.0,0.0,0.0,0.0,0.0
118742929424205701,3.5,3.6293402777777777,12.534722222222221,1.5825811624526978,14.517360828540943
118742930461810902,0.0,0.0,0.0,0.0,0.0
118742930524063701,2.0,13.544333261986301,27.088584474885845,2.88702654838562,27.088666523972602
118742930527891202,0.0,0.0,0.0,0.0,0.0
118742930530890402,0.0,0.0,0.0,0.0,0.0
118742930533556102,0.0,0.0,0.0,0.0,0.0
118742930534065002,0.0,0.0,0.0,0.0,0.0
118842930455593301,0.0,0.0,0.0,0.0,0.0
119042929528989701,0.0,0.0,0.0,0.0,0.0
119142930531415701,0.0,0.0,0.0,0.0,0.0
119242930463926601,0.0,0.0,0.0,0.0,0.0
119442930526684402,0.0,0.0,0.0,0.0,0.0
119542930473450501,0.0,0.0,0.0,0.0,0.0
119642930460902801,0.0,0.0,0.0,0.0,0.0
119642930474784802,0.0,0.0,0.0,0.0,0.0
119642930543451002,0.0,0.0,0.0,0.0,0.0
119742930531276501,0.0,0.0,0.0,0.0,0.0
119942930518238201,0.0,0.0,0.0,0.0,0.0
119942930529966301,0.0,0.0,0.0,0.0,0.0
121242929321210202,2.0799999237060547,10.186897440159575,1257.4165302782324,140.64068603515625,1273.3621396969656
121242930508820902,2.4166667461395264,4.818488000960594,110.89697078009114,74.66532135009766,693.8622530413189
121242930520578002,0.0,0.0,0.0,0.0,0.0
121342930459339902,0.0,0.0,0.0,0.0,0.0
121342930532867601,0.0,0.0,0.0,0.0,0.0
121642928932197502,0.0,6.488237919698235,0.0,112.28768920898438,999.18861583808
121642930531710102,2.2608695030212402,6.9061645211956675,135.80065368858342,82.38501739501953,794.208929206024
121742928857169102,0.0,0.0,0.0,0.0,0.0
121942930532691902,0.0,0.0,0.0,0.0,0.0
122042930453747502,0.0,0.0,0.0,0.0,0.0
122142930476059801,0.0,0.0,0.0,0.0,0.0
122142930524050702,0.0,0.0,0.0,0.0,0.0
122242930516823202,0.0,0.0,0.0,0.0,0.0
122242930542103301,0.0,0.0,0.0,0.0,0.0
122342929604572701,0.0,0.0,0.0,0.0,0.0
122342930478315301,18.461538314819336,26.686473645662005,346.92763157894734,16.345478057861328,346.92415081827266
122342930518922302,0.0,0.0,0.0,0.0,0.0
122342930519827402,0.0,0.0,0.0,0.0,0.0
122642930459111602,0.0,0.0,0.0,0.0,0.0
122642930550255802,0.3272727131843567,4.257680002585316,8.491623578076526,33.395320892333984,234.17240103215687
122742930457734301,0.0,0.0,0.0,0.0,0.0
122742930471847401,1.0,8.775741844846491,17.551900584795323,2.047649383544922,17.551483957391035
122842930473415802,5.342857360839844,20.763181115164976,151.42301184433165,89.23687744140625,726.7113379722117
122842930534949401,3.5094339847564697,8.177097144367615,134.46670247046188,68.86465454101562,433.38615038674067
122842930544924201,0.0,183.85724734042554,0.0,22.612300872802734,183.85724734042554
122942929194588301,0.0,0.0,0.0,0.0,0.0
123042930475944402,0.0,0.0,0.0,0.0,0.0
123142930463041001,0.0,0.0,0.0,0.0,0.0
123142930474506401,0.0,0.0,0.0,0.0,0.0
123242929642362602,0.0,0.0,0.0,0.0,0.0
123442930527137401,2.6086957454681396,6.971906856796116,39.141359223300974,21.01564598083496,160.3538630276282
123442930543516602,0.0,0.0,0.0,0.0,0.0
123542930548721902,2.200000047683716,12.052689570166198,60.264044943820224,4.611245155334473,60.263447093606445
123642930526093702,190.0,37.00962250185048,37.00962250185048,3.9897098541259766,37.00962250185048
123642930543678502,2.913461446762085,6.068475564552919,172.28941605839415,87.58082580566406,631.1214699153483
123742930477029802,0.0,30.09792790767386,1.8525179856115108,73.91809844970703,2678.715642834739
123742930480013402,0.0,0.0,0.0,0.0,0.0
123842930472867801,0.0,0.0,0.0,0.0,0.0
123942930458498402,0.0,0.0,0.0,0.0,0.0
124242930458525101,0.0,0.0,0.0,0.0,0.0
124242930509420702,0.0,0.0,0.0,0.0,0.0
124342930525826602,0.0,0.0,0.0,0.0,0.0
124342930527986701,0.0,0.0,0.0,0.0,0.0
124542930520334001,2.450000047683716,3.450498833497053,27.145383104125738,9.877669334411621,69.00997549180666
124742930477121702,3.0232558250427246,14.091498187890847,186.93973848777713,33.71158981323242,605.9344288455687
124942927917484702,0.0,0.0,0.0,0.0,0.0
125042930526270701,0.0,0.0,0.0,0.0,0.0
125042930531186701,0.0,0.0,0.0,0.0,0.0
125142930542024401,1.0280898809432983,14.879794346416007,1633.1635883905012,333.1628112792969,2648.6032886820713
125242930523820602,4.0933332443237305,16.38171937168435,229.5450928381963,142.5266571044922,1228.628956519008
125342930454820802,2.6483516693115234,10.457896876295605,513.5605306799337,93.6458511352539,951.6685940709281
125442929568624202,0.0,0.0,0.0,0.0,0.0
125442929765978601,2.828571319580078,8.150620366767694,141.1310615989515,69.54073333740234,570.5434103799522
125442930529058102,0.0,0.0,0.0,0.0,0.0
125442930531011902,0.0,0.0,0.0,0.0,0.0
125742930453762001,0.0,0.0,0.0,0.0,0.0
125742930530905702,0.0,0.0,0.0,0.0,0.0
126142928602946801,0.0,0.0,0.0,0.0,0.0
126142930532118001,0.0,0.0,0.0,0.0,0.0
126442930456035301,0.0,0.0,0.0,0.0,0.0
126442930459684102,0.0,0.0,0.0,0.0,0.0
126542930458708001,0.0,0.0,0.0,0.0,0.0
126542930517020901,0.0,0.0,0.0,0.0,0.0
126542930526631202,0.0,0.0,0.0,0.0,0.0
126742930534060501,0.0,16.76534253660089,33.53074474856779,4.485068321228027,33.53068507320178
126842930458679802,0.0,0.0,0.0,0.0,0.0
127042930509937601,0.0,0.0,0.0,0.0,0.0
127242930465170502,0.0,0.0,0.0,0.0,0.0
127342930544319402,0.0,0.0,0.0,0.0,0.0
127442930521046502,1.5970149040222168,8.297591183817094,102.24329054842474,78.00916290283203,555.9386219794719
127442930526713101,2.040816307067871,14.24583861204955,171.3310810810811,106.7538070678711,1396.0921772535858
127542929927508201,0.0,0.0,0.0,0.0,0.0
127742930538769502,0.0,0.0,0.0,0.0,0.0
127842930478658501,0.0,0.0,0.0,0.0,0.0
127942930476460801,0.0,0.0,0.0,0.0,0.0
128042930530738002,0.0,0.0,0.0,0.0,0.0
128042930530834301,2.555555582046509,6.793636444650882,108.97684064984445,123.24498748779297,672.5699880344828
128242930475470402,0.0,14.488614208040422,0.0,11.969135284423828,86.93168202128128
128242930533241301,0.0,0.0,0.0,0.0,0.0
128342930480027202,0.0,0.0,0.0,0.0,0.0
128442930525819801,0.0,0.0,0.0,0.0,0.0
128442930543538501,0.0,0.0,0.0,0.0,0.0
128542930509668001,0.0,0.0,0.0,0.0,0.0
128642930463054502,0.0,0.0,0.0,0.0,0.0
128642930516861302,0.0,0.0,0.0,0.0,0.0
129242930521771901,3.3333332538604736,23.470812774122805,98.54385964912281,16.979772567749023,140.82487734075178
129342929605912602,0.0,0.0,0.0,0.0,0.0
129342930475939201,0.0,0.0,0.0,0.0,0.0
129442930457306502,3.4137930870056152,17.188360952733287,406.516713091922,95.76087188720703,1495.3873968894768
129542928219724801,0.0,0.0,0.0,0.0,0.0
129542930532555102,0.0,0.0,0.0,0.0,0.0
129542930538128702,0.0,4.773144735980084,0.0,0.8244410157203674,4.773144735980084
129642930544823502,2.7249999046325684,50.93593086316748,566.0776699029126,72.08500671386719,2037.437312519666
129742930546105901,3.117647171020508,6.680803495546641,41.76788142507479,17.022098541259766,113.5736639060694
129742930549689001,0.0,0.0,0.0,0.0,0.0
129942930463915001,0.0,0.0,0.0,0.0,0.0
129942930517119002,0.0,0.0,0.0,0.0,0.0
131242930547233301,0.0,0.0,0.0,0.0,0.0
131342930449411402,3.146341562271118,7.094972776506104,83.48938428874735,35.59446716308594,290.8938800544496
131742930464510202,0.0,0.0,0.0,0.0,0.0
131942930456273702,0.0,0.0,0.0,0.0,0.0
132042930544478501,0.0,0.0,0.0,0.0,0.0
132142930516846102,0.0,0.0,0.0,0.0,0.0
132142930543892602,0.0,0.0,0.0,0.0,0.0
132242930544450901,0.0,0.0,0.0,0.0,0.0
132242930546422601,0.0,0.0,0.0,0.0,0.0
132342930477421702,248.0,0.06334488088691784,0.06333498268184068,0.008033419027924538,0.06334488088691784
132342930525346801,6.333333492279053,1.9974486653172003,4.619723435225619,0.8846937417984009,5.992345921915749
132442930316683302,0.0,81.43322475570032,0.0,8.444120407104492,81.43322475570032
132642930457432501,2.661764621734619,6.953878431008902,244.77490462060194,122.1981201171875,945.7274673447967
132642930528427002,1.2586207389831543,20.358895854989605,41.34095634095634,79.6265869140625,1180.8159033285606
133042930530349202,0.0,0.0,0.0,0.0,0.0
133042930549781002,0.0,0.0,0.0,0.0,0.0
133242930477853802,0.0,0.0,0.0,0.0,0.0
133342930526510901,0.0,0.0,0.0,0.0,0.0
133442929373095001,0.0,0.0,0.0,0.0,0.0
133742930510374501,0.0,0.0,0.0,0.0,0.0
133842928067730402,3.923076868057251,27.35710505128817,216.31297709923663,33.70018005371094,355.6423641233954
133942930515980301,0.0,0.0,0.0,0.0,0.0
133942930517455202,4.5428571701049805,10.744796752929688,120.625,41.647796630859375,376.0678779512644
133942930519424601,0.0,0.0,0.0,0.0,0.0
134042929268266502,0.0,0.0,0.0,0.0,0.0
134142930456974502,0.0,0.0,0.0,0.0,0.0
134342930526904002,0.0,0.0,0.0,0.0,0.0
134342930541890202,0.0,0.0,0.0,0.0,0.0
134442928030278202,1.0338983535766602,8.73289653884462,92.82270916334662,54.29497146606445,515.2409005554549
134442930530421902,0.0,0.0,0.0,0.0,0.0
134542928005472101,0.2461538463830948,6.32057144155695,11.75290875688916,44.33578109741211,410.8371290191141
134542930452103202,3.5714285373687744,4.985741624459481,49.60490070467649,14.690191268920898,104.70057599045083
134542930479743002,0.0,0.0,0.0,0.0,0.0
134542930515885601,0.0,0.0,0.0,0.0,0.0
134642930516950001,0.0,0.0,0.0,0.0,0.0
134642930545090501,0.0,0.0,0.0,0.0,0.0
134942930519119102,0.0,0.0,0.0,0.0,0.0
134942930538026601,0.0,0.0,0.0,0.0,0.0
135042930544385201,4.208333492279053,9.646255640633884,124.89084707220012,106.65130615234375,694.5304236311747
135142930528286501,0.0,0.0,0.0,0.0,0.0
135242929303665102,0.0,0.0,0.0,0.0,0.0
135442930470672302,0.7575757503509521,7.347479717548077,65.77451923076923,44.867069244384766,484.93364693568304
135442930477857901,0.0,0.0,0.0,0.0,0.0
135442930507917802,0.0,0.0,0.0,0.0,0.0
135442930542827201,0.0,0.0,0.0,0.0,0.0
135542928235893302,0.0,0.0,0.0,0.0,0.0
135642930479563102,0.0,0.0,0.0,0.0,0.0
135742930519956701,0.0,0.0,0.0,0.0,0.0
135842928236098401,0.0,0.0,0.0,0.0,0.0
135842930536357601,0.0,0.0,0.0,0.0,0.0
136042930476722802,0.0,0.0,0.0,0.0,0.0
136142930455392102,0.0,0.0,0.0,0.0,0.0
136142930458954702,0.0,19.710415851989442,19.71043112718741,3.652754545211792,19.710415851989442
136242930459147501,0.0,0.0,0.0,0.0,0.0
136242930477909801,0.0,0.0,0.0,0.0,0.0
136442929721382302,0.0,0.0,0.0,0.0,0.0
136542928086560001,0.0,0.0,0.0,0.0,0.0
136542930528454802,2.3333332538604736,15.80727850826826,46.189251263206245,7.726373672485352,47.421834066914045
136642929104783902,0.0,0.0,0.0,0.0,0.0
136642930473633302,0.0,0.0,0.0,0.0,0.0
136642930516789801,0.0,0.0,0.0,0.0,0.0
136642930523848802,0.0,0.0,0.0,0.0,0.0
136642930529001601,0.0,0.0,0.0,0.0,0.0
136642930529692001,0.0,0.0,0.0,0.0,0.0
136742930447072601,0.0,0.0,0.0,0.0,0.0
136742930524580802,0.0,0.0,0.0,0.0,0.0
136742930529409401,0.0,0.0,0.0,0.0,0.0
136842930473053701,10.933333396911621,7.664899553571429,61.96850044365572,13.458702087402344,114.97349774446124
136842930509823702,2.3203125,7.553442952255994,80.39030155821342,87.8182144165039,966.8407004937528
137142930450130801,2.4166667461395264,3.924468116845232,109.63318128779039,82.46623229980469,565.1233919491075
137142930542063202,1.4576271772384644,14.986801810886549,183.2201086956522,45.325923919677734,884.2213384379511
137142930548214702,0.0,0.0,0.0,0.0,0.0
137242930534526902,0.0,0.0,0.0,0.0,0.0
137442928091164701,0.0,0.0,0.0,0.0,0.0
137442930473557502,1.0,6.618666717470824,6.618649480346049,1.4877688884735107,13.237333434941648
137442930517981002,2.5322580337524414,3.5695547403184675,44.802395919819716,85.82823181152344,442.62478238443873
137642930535030001,0.0,0.0,0.0,0.0,0.0
137742930541310502,0.0,0.0,0.0,0.0,0.0
137842930529236702,1.0,39.766939174107144,157.82285714285715,6.296677589416504,198.83468906947544
138042930472490102,0.0,0.0,0.0,0.0,0.0
138042930532021202,0.0,0.0,0.0,0.0,0.0
138242930467934502,1.0,109.77116728648372,47.02846883816363,11.642919540405273,109.77116728648372
138242930516299601,0.0,0.0,0.0,0.0,0.0
138542930473712401,0.0,3.673783043512165,0.0,22.31585121154785,194.71050856073276
138542930510041202,0.0,0.0,0.0,0.0,0.0
138642930447265701,0.0,0.0,0.0,0.0,0.0
138642930528352101,0.0,0.0,0.0,0.0,0.0
138742930466694401,0.0,0.0,0.0,0.0,0.0
138842930447969802,0.0,0.0,0.0,0.0,0.0
138842930510699801,0.0,0.0,0.0,0.0,0.0
139042930518753001,0.0,0.0,0.0,0.0,0.0
139242929091334801,0.0,0.0,0.0,0.0,0.0
139242930528119601,0.0,0.0,0.0,0.0,0.0
139342930529079402,0.0,0.0,0.0,0.0,0.0
139342930536041402,0.0,0.0,0.0,0.0,0.0
139642930470719502,0.0,0.0,0.0,0.0,0.0
139842927994817202,2.047619104385376,4.887418639811398,67.820008200082,9.44281005859375,102.63579253712459
139842930508561902,2.4918031692504883,6.876135361155121,213.89903499927985,69.66710662841797,838.8885333294589
139942930542738402,0.0,0.0,0.0,0.0,0.0
141142929230384801,0.0,0.0,0.0,0.0,0.0
141342930533725002,0.0,0.0,0.0,0.0,0.0
141542927945008302,0.0,0.0,0.0,0.0,0.0
141942930527918802,0.0,0.0,0.0,0.0,0.0
142042928242898502,0.0,0.0,0.0,0.0,0.0
142242930521644402,0.0,0.0,0.0,0.0,0.0
142242930527228701,0.0,0.0,0.0,0.0,0.0
142342930479210702,0.0,0.0,0.0,0.0,0.0
142342930543992402,0.0,0.0,0.0,0.0,0.0
142542930456763202,0.0,0.0,0.0,0.0,0.0
142542930510792801,0.0,0.0,0.0,0.0,0.0
142542930528712602,0.0,0.0,0.0,0.0,0.0
142642930466984202,0.0,0.0,0.0,0.0,0.0
142742930454799701,0.0,0.0,0.0,0.0,0.0
142742930545407002,0.0,0.0,0.0,0.0,0.0
142842930526424402,0.0,0.0,0.0,0.0,0.0
142942930519535801,1.9736841917037964,2.6501871435361215,26.2184199408534,23.870500564575195,100.70711048482389
142942930526801701,0.0,0.0,0.0,0.0,0.0
142942930544449401,0.0,0.0,0.0,0.0,0.0
143042930462302501,0.0,0.0,0.0,0.0,0.0
143342930519396801,0.0,0.0,0.0,0.0,0.0
143442930473411701,0.0,0.0,0.0,0.0,0.0
143542930508193002,0.0,0.0,0.0,0.0,0.0
143942930476759202,0.0,0.0,0.0,0.0,0.0
143942930547024101,0.0,0.0,0.0,0.0,0.0
144042930518784002,0.0,0.0,0.0,0.0,0.0
144142930516627302,0.6141732335090637,8.478120466029617,234.06063638182908,95.3514175415039,1076.72130087516
144242928758061801,0.0,0.0,0.0,0.0,0.0
144342930516888102,0.0,0.0,0.0,0.0,0.0
144342930536405301,0.0,0.0,0.0,0.0,0.0
144342930546083402,0.0,0.0,0.0,0.0,0.0
144442930475711802,0.0,0.0,0.0,0.0,0.0
144542930477317802,3.1089107990264893,5.960091937332578,105.6365134968061,75.54203033447266,601.9692822504899
144642930465883002,0.0,0.0,0.0,0.0,0.0
144642930473806401,0.0,0.0,0.0,0.0,0.0
144642930532617302,0.0,0.0,0.0,0.0,0.0
144742930542766901,0.0,0.0,0.0,0.0,0.0
144842930530614201,0.0,0.0,0.0,0.0,0.0
144942930519506501,0.0,0.0,0.0,0.0,0.0
145042930473345201,0.0,0.0,0.0,0.0,0.0
145042930516473101,0.0,0.0,0.0,0.0,0.0
145142930461490302,0.0,45.19917201520439,0.0,5.9748735427856445,45.19917201520439
145242930530017602,0.0,0.0,0.0,0.0,0.0
145342929703889902,0.14035087823867798,10.510745700314748,269.63549160671465,105.04183197021484,1198.2250472167127
145542930449651701,0.0,0.0,0.0,0.0,0.0
145542930461706001,0.0,0.0,0.0,0.0,0.0
145542930537934402,0.0,0.0,0.0,0.0,0.0
145642930539008501,0.0,0.0,0.0,0.0,0.0
145842930447522202,0.0,0.0,0.0,0.0,0.0
145842930541202802,0.0,0.0,0.0,0.0,0.0
145942929820831802,0.0,0.0,0.0,0.0,0.0
146142930450300301,0.0,0.0,0.0,0.0,0.0
146142930463763601,0.0,0.0,0.0,0.0,0.0
146242930520059602,0.0,0.0,0.0,0.0,0.0
146542930451341801,0.0,0.0,0.0,0.0,0.0
146642930536166401,0.0,0.0,0.0,0.0,0.0
146642930542554401,0.0,0.0,0.0,0.0,0.0
146742930476644701,0.0,0.0,0.0,0.0,0.0
146742930509457302,0.0,0.0,0.0,0.0,0.0
146842930530364101,0.0,0.0,0.0,0.0,0.0
146842930542607102,1.0,0.4931912894870924,0.4930434782608696,0.04542456567287445,0.4931912894870924
146942928726482201,0.0,0.0,0.0,0.0,0.0
147042929295093101,0.935943067073822,12.092134831460674,1517.3825736697054,288.9182434082031,3397.88991903726
147042930517911201,0.0,0.0,0.0,0.0,0.0
147342930463839802,0.0,0.0,0.0,0.0,0.0
147442930452303701,84.5,0.12370346906286546,0.24741150631792122,0.041002240031957626,0.24740693812573092
147442930533789501,0.0,0.0,0.0,0.0,0.0
147542930462402502,3.2195122241973877,5.358440077283438,49.56294883303411,29.857425689697266,219.69604032643178
147642929372880402,0.0,0.0,0.0,0.0,0.0
147642930528895902,0.0,0.0,0.0,0.0,0.0
147842930535076502,0.0,0.0,0.0,0.0,0.0
148042930511023901,0.0,0.0,0.0,0.0,0.0
148142930539768402,0.0,0.0,0.0,0.0,0.0
148242929249038602,0.0,0.0,0.0,0.0,0.0
148342930537454201,0.0,0.0,0.0,0.0,0.0
148542930479380901,0.0,0.0,0.0,0.0,0.0
148642930479971702,0.0,0.0,0.0,0.0,0.0
148942930528636601,0.0,0.0,0.0,0.0,0.0
149042930519576702,0.0,0.0,0.0,0.0,0.0
149242930469838702,1.1410256624221802,6.105964132489819,6.7393833624200115,61.875389099121094,476.2651878831829
149242930523100401,0.0,0.0,0.0,0.0,0.0
149242930528314001,0.0,0.0,0.0,0.0,0.0
149242930538102502,0.0,0.0,0.0,0.0,0.0
149342930456788201,0.0,0.0,0.0,0.0,0.0
149542928726666202,0.0,0.0,0.0,0.0,0.0
149642928653501701,0.0,0.0,0.0,0.0,0.0
149642930464155901,0.0,0.0,0.0,0.0,0.0
149842930518260702,0.0,0.0,0.0,0.0,0.0
149842930550702801,0.0,0.0,0.0,0.0,0.0
151342930508974301,0.0,0.0,0.0,0.0,0.0
151542930475519001,0.0,0.0,0.0,0.0,0.0
151742927963730101,0.0,0.0,0.0,0.0,0.0
151842930448135701,0.0,0.0,0.0,0.0,0.0
151842930463750102,0.0,12.155121813322369,0.0,7.418054103851318,218.7921830026727
151942930544978002,0.0,0.0,0.0,0.0,0.0
152042930464035102,3.4000000953674316,4.247751299264971,26.326839826839826,9.875663757324219,63.71627013955109
152042930477182301,0.0,0.0,0.0,0.0,0.0
152042930531609501,0.0,0.0,0.0,0.0,0.0
152142930534314602,1.0,120.09608800935204,4.1055444221776884,19.347864151000977,120.09608800935204
152242930543096402,0.0,0.0,0.0,0.0,0.0
152342928770281901,0.0,0.0,0.0,0.0,0.0
152342930450686901,0.0,0.0,0.0,0.0,0.0
152542930476846501,0.36036035418510437,7.641658212137442,51.2300593276203,94.20558166503906,848.2240847453681
153142930542972702,0.0,0.0,0.0,0.0,0.0
153342930458996002,0.0,0.0,0.0,0.0,0.0
153342930475440202,4.71999979019165,9.128931871954647,77.42391304347827,30.111501693725586,228.22329322651944
153442930467893301,0.0,0.0,0.0,0.0,0.0
153642930449164501,0.0,0.0,0.0,0.0,0.0
153642930516703902,1.6666666269302368,5.201898495487798,15.605702995674694,2.165494203567505,15.6056959036418
153842930524916302,2.883333444595337,6.899053350225225,177.83345507669833,37.59157943725586,413.94320113286796
153942930516129101,1.75,5.624960014763779,22.49984251968504,3.087584972381592,22.499839520792325
154142928025264602,0.0,0.0,0.0,0.0,0.0
154142930537343902,0.0,0.0,0.0,0.0,0.0
154342930515951901,0.0,0.0,0.0,0.0,0.0
154342930521332601,0.018018018454313278,6.726215403864979,14.82497079162588,99.97477722167969,746.609923758578
154342930532730101,2.697479009628296,10.194400656434912,132.7819526627219,93.2551498413086,1213.1336254258129
154342930544862901,0.0,0.0,0.0,0.0,0.0
154442930342690301,1.75,3.149247958607231,43.13034100246508,68.6904525756836,365.3127705163415
154542930547669701,0.0,0.0,0.0,0.0,0.0
154642930450207102,0.0,0.0,0.0,0.0,0.0
154642930453645502,1.8239436149597168,4.341475854454685,58.79615975422427,100.63587951660156,616.4895816964854
154742928946604302,0.0,0.0,0.0,0.0,0.0
154842930457094601,0.0,0.0,0.0,0.0,0.0
154942930521003602,1.3333333730697632,10.605890486725663,25.501002949852506,2.804605722427368,31.817670538348082
155042930546029701,2.9814815521240234,7.252434788691917,75.07066795740562,49.150264739990234,391.63148766634885
155142930532843201,0.0,0.0,0.0,0.0,0.0
155342930473738501,0.0,0.0,0.0,0.0,0.0
155442928135508801,1.875,1.6889087919247208,9.268667131891137,1.832894206047058,13.511269781694326
155442930458741801,0.0,0.0,0.0,0.0,0.0
155442930546716402,0.0,0.0,0.0,0.0,0.0
155542930467099901,0.0,0.0,0.0,0.0,0.0
155642930519275401,2.2012579441070557,3.2988300072277545,88.0085662276475,85.8416519165039,524.5139547371782
155642930546746501,2.5333333015441895,7.962128708115586,63.87570447791782,18.521265029907227,119.43192636884862
155942930517438602,0.0,0.0,0.0,0.0,0.0
155942930525766602,0.0,0.0,0.0,0.0,0.0
156042930537289702,0.0,0.0,0.0,0.0,0.0
156342930522775202,0.0,0.0,0.0,0.0,0.0
156642929575390702,0.0,0.0,0.0,0.0,0.0
156742930529460202,2.0,11.773061999332443,35.318647085002226,5.415411949157715,35.31918599799733
156842930516325302,0.0,0.0,0.0,0.0,0.0
156942930521143101,0.0,0.0,0.0,0.0,0.0
157042928932618502,0.0,0.0,0.0,0.0,0.0
157042930474743902,0.0,0.0,0.0,0.0,0.0
157242930550208302,0.0,0.0,0.0,0.0,0.0
157342930469553702,0.0,0.0,0.0,0.0,0.0
157442930527548402,3.21052622795105,6.19870750485402,103.40673090752193,41.4918098449707,353.3263182127783
157642930523961501,2.3495934009552,7.718854465138491,70.21537726838586,117.87145233154297,949.4190929762614
157742930545228701,2.411764621734619,4.048756467544685,20.13809971777987,11.31795883178711,68.82886169376177
157842930467986402,37.0,1.0257150732394489,1.0257992148065058,0.14631548523902893,1.0257150732394489
157842930474296502,0.0,0.0,0.0,0.0,0.0
157842930529640802,0.0,0.0,0.0,0.0,0.0
157942930475444302,0.0,0.0,0.0,0.0,0.0
158042930463092601,1.4433962106704712,7.721319418063536,522.294220998148,135.7150115966797,1636.9196493102363
158042930478706402,0.0,0.0,0.0,0.0,0.0
158142929189241902,0.0,0.0,0.0,0.0,0.0
158242927979933702,0.0,0.0,0.0,0.0,0.0
158342930478366301,0.0,0.0,0.0,0.0,0.0
158342930516054701,0.0,0.0,0.0,0.0,0.0
158342930526117801,0.0,0.0,0.0,0.0,0.0
158442930519045901,0.0,0.0,0.0,0.0,0.0
158742930467019501,0.8026315569877625,10.005681874017295,380.1421383647799,66.60892486572266,760.431802804815
158742930533543501,0.0,0.0,0.0,0.0,0.0
158742930541831501,0.0,0.0,0.0,0.0,0.0
158842930544096501,2.5999999046325684,7.474212419467322,33.738575982996814,2.9316623210906982,37.37106144871646
158942930510998002,0.0,0.0,0.0,0.0,0.0
158942930526499202,3.3333332538604736,14.265454403799863,146.9181568088033,95.06961059570312,641.9454438788035
159142928135435302,0.0,0.0,0.0,0.0,0.0
159142930465136102,0.0,0.0,0.0,0.0,0.0
159342930458732502,0.0,0.0,0.0,0.0,0.0
159342930525299201,1.4456521272659302,5.219787316388249,147.73444700460828,87.52217102050781,480.2204201342323
159442930509101502,0.0,0.0,0.0,0.0,0.0
159542930515787101,0.0,0.0,0.0,0.0,0.0
159642929166032802,3.545454502105713,4.978879333357061,27.45899772209567,16.591968536376953,109.53534109337183
159642930549182602,0.0,0.0,0.0,0.0,0.0
159842930524167302,0.0,0.0,0.0,0.0,0.0
161142930541557502,0.0,0.0,0.0,0.0,0.0
161542929309260302,2.9200000762939453,9.545042999031008,715.8798449612403,71.90792083740234,715.8782197387181
161542930531648401,3.5,16.7202629128886,228.76165803108807,106.12982940673828,1437.9426050389986
161642930467750602,0.0,0.0,0.0,0.0,0.0
161642930549932401,2.59375,7.811073462833421,111.32635983263599,59.22670364379883,499.9087009868861
161742930524729901,0.0,0.0,0.0,0.0,0.0
161942930445609901,0.0,0.0,0.0,0.0,0.0
161942930458787802,2.120300769805908,3.6756061683619334,89.49866452014196,60.11216735839844,488.8556229068421
161942930533316402,0.0,0.0,0.0,0.0,0.0
162042930527284502,3.2857143878936768,13.281462043346313,199.03275309207513,48.1485481262207,371.88092543584077
162242930545636301,0.0,0.0,0.0,0.0,0.0
162342930453250801,0.0,0.0,0.0,0.0,0.0
162342930454060301,0.0,0.0,0.0,0.0,0.0
162442930530754802,2.60606050491333,9.116186064470892,246.05427531837478,127.6940689086914,902.5024223871271
162442930531321102,0.0,0.0,0.0,0.0,0.0
162542930549518202,3.5,3.2476047201838734,4.060728744939271,0.8958358764648438,6.495209110893219
162642928676339002,0.0,0.0,0.0,0.0,0.0
162742930541386401,0.0,0.0,0.0,0.0,0.0
163342930450908301,0.0,0.0,0.0,0.0,0.0
163342930473979502,0.0,0.0,0.0,0.0,0.0
163442930530935502,0.0,0.0,0.0,0.0,0.0
163442930539694902,4.84375,17.686961570945947,248.86936936936937,63.08139419555664,565.9827438766891
163942930544633802,178.5,333.1864484551851,338.2768430712756,37.64352035522461,666.3728969103702
164042930460051801,0.0,0.0,0.0,0.0,0.0
164142930540465502,0.0,0.0,0.0,0.0,0.0
164242930447341201,0.0,0.0,0.0,0.0,0.0
164442929816278102,2.6640625,4.753604841820987,145.21626223925074,89.24234008789062,608.4614388240353
164442930540918602,0.7852349281311035,5.241182579660059,124.72769953051643,86.0280532836914,780.9361968852193
164542930519765302,0.0,0.0,0.0,0.0,0.0
164642930461808702,0.0,0.0,0.0,0.0,0.0
164642930463614001,0.0,0.0,0.0,0.0,0.0
164942930533952001,0.0,0.0,0.0,0.0,0.0
165442928043802902,0.0,0.0,0.0,0.0,0.0
165442930517273502,0.0,0.0,0.0,0.0,0.0
165542930460232502,2.444444417953491,5.967774256077116,21.892707460184408,7.913722991943359,53.70996740937533
165542930549612201,0.0,0.0,0.0,0.0,0.0
165742929341386202,0.0,0.0,0.0,0.0,0.0
165742930508698002,0.0,0.0,0.0,0.0,0.0
165742930532248602,0.0,0.0,0.0,0.0,0.0
165842930012164202,0.0,0.0,0.0,0.0,0.0
165842930455941702,0.0,0.0,0.0,0.0,0.0
165842930518748802,0.0,0.0,0.0,0.0,0.0
166042930524047202,0.0,0.0,0.0,0.0,0.0
166342930527989502,1.865384578704834,6.61121095662953,938.0607247796278,157.561279296875,1031.348874374188
166542930474173501,0.0,0.0,0.0,0.0,0.0
166642930509729801,0.0,0.0,0.0,0.0,0.0
166842930477693702,0.0,0.0,0.0,0.0,0.0
166942930446842501,0.0,0.0,0.0,0.0,0.0
166942930516676602,0.0,0.0,0.0,0.0,0.0
167142929091270702,0.0,0.0,0.0,0.0,0.0
167142929091319102,0.0,0.0,0.0,0.0,0.0
167242930473687902,2.8518519401550293,2.994425387467592,49.20115906664633,9.482036590576172,80.84948194886883
167242930550454301,0.0,0.0,0.0,0.0,0.0
167342930453887901,0.4751773178577423,5.264682327340183,29.54337899543379,113.21183776855469,742.3202165385903
167342930476156602,0.0,0.0,0.0,0.0,0.0
167342930531512902,4.588235378265381,8.723166790830197,74.14721873693016,11.716747283935547,148.29383983635992
167442930473715802,0.0,0.0,0.0,0.0,0.0
167442930524318301,0.0,0.0,0.0,0.0,0.0
167542929021132401,0.0,0.0,0.0,0.0,0.0
167642929703741002,0.0,0.0,0.0,0.0,0.0
167642929946319602,0.0,0.0,0.0,0.0,0.0
167642930464043701,0.0,0.0,0.0,0.0,0.0
167842930517704901,0.0,0.0,0.0,0.0,0.0
167942930451477101,2.25,30.47021321070234,105.38060200668896,14.730328559875488,121.88085300611414
167942930460089502,0.0,0.0,0.0,0.0,0.0
167942930530333001,2.4782607555389404,3.0468182969026922,32.42011984133682,10.216517448425293,70.07681764378428
168142930510642701,1.4285714626312256,17.820991034980292,124.74549549549549,17.38966178894043,124.74693696992891
168242930517025502,0.0,0.0,0.0,0.0,0.0
168342929385464201,0.0,0.0,0.0,0.0,0.0
168342930519986502,0.0,0.0,0.0,0.0,0.0
168442927948912302,0.09615384787321091,8.55693213619403,4.821660926138538,107.45458984375,889.9209797782912
168542929456942701,0.0,0.0,0.0,0.0,0.0
168542930515726001,0.0,0.0,0.0,0.0,0.0
168542930533980102,2.2876713275909424,9.903374365774908,131.9457037427517,42.88624572753906,722.9463212330465
168642930529431702,5.0,1.786037233545949,1.78585086042065,0.17832881212234497,1.786037233545949
168842929687124301,0.0,0.0,0.0,0.0,0.0
168942930531666302,2.171428680419922,4.974448034521537,73.94465648854961,102.1386947631836,696.422742003963
168942930549296402,0.0,0.0,0.0,0.0,0.0
169242930452916401,0.0,0.0,0.0,0.0,0.0
169442930525777302,2.3057851791381836,6.439952412855894,109.48812103242483,107.13801574707031,779.2342279844356
169542930460793202,0.0,0.0,0.0,0.0,0.0
169542930526167301,0.0,0.0,0.0,0.0,0.0
169542930531102902,0.0,0.0,0.0,0.0,0.0
169642930544551501,0.0,0.0,0.0,0.0,0.0
169742930545230402,0.0,0.0,0.0,0.0,0.0
169842930460896602,0.0,0.0,0.0,0.0,0.0
169842930525450402,0.0,0.0,0.0,0.0,0.0
169942928779211601,0.6527777910232544,7.12539209843881,43.6663872590109,66.4052963256836,513.0282191095089
171242930451390501,0.0,0.0,0.0,0.0,0.0
171442930537661702,0.0,0.0,0.0,0.0,0.0
171542930474857101,0.0,0.0,0.0,0.0,0.0
171642930528089402,0.0,0.0,0.0,0.0,0.0
171642930545331501,0.0,0.0,0.0,0.0,0.0
171642930548872901,0.0,0.0,0.0,0.0,0.0
171742930469562402,0.0,0.0,0.0,0.0,0.0
171742930547131501,0.0,0.0,0.0,0.0,0.0
171842930464726602,0.24277456104755402,4.84486375023634,51.71194932879561,127.16172790527344,838.161446271845
171842930474320601,0.0,0.0,0.0,0.0,0.0
171942930537327601,0.0,0.0,0.0,0.0,0.0
172242930457255402,0.0,0.0,0.0,0.0,0.0
172342930453413201,3.1294116973876953,16.157758763227513,213.44444444444446,115.64651489257812,1373.4094654775802
172342930526656302,2.3255813121795654,3.350236166857798,101.92385321100917,37.853065490722656,288.12031593768967
172442930461991502,0.0,0.0,0.0,0.0,0.0
172442930516550001,0.0,0.0,0.0,0.0,0.0
172442930519165302,0.0,0.0,0.0,0.0,0.0
172442930532392601,0.0,0.0,0.0,0.0,0.0
172542930479622601,0.0,0.0,0.0,0.0,0.0
172642930519336001,0.0,0.0,0.0,0.0,0.0
172742930527843301,3.6666667461395264,9.7287550096388,46.9448051948052,3.2323384284973145,87.5587983564897
172942930455034402,0.0,0.0,0.0,0.0,0.0
172942930519421902,4.0,13.888447989233692,13.888537048765041,2.3531405925750732,13.888447989233692
173042930533913101,0.0,0.0,0.0,0.0,0.0
173142928932478502,0.0,0.0,0.0,0.0,0.0
173142930531959201,0.0,0.0,0.0,0.0,0.0
173242930458027501,0.0,0.0,0.0,0.0,0.0
173342930511232501,4.5625,11.916611516442838,87.39393939393939,21.858781814575195,190.66578568177445
173342930526722801,0.0,0.0,0.0,0.0,0.0
173742930479305901,0.0,0.0,0.0,0.0,0.0
173742930534262602,0.0,0.0,0.0,0.0,0.0
173842930533276002,0.0,0.0,0.0,0.0,0.0
174042930461713401,0.0,0.0,0.0,0.0,0.0
174042930516249201,0.0,0.0,0.0,0.0,0.0
174042930548710301,0.0,0.0,0.0,0.0,0.0
174242929514158301,0.0061349691823124886,5.502174600729046,1.6377714255743208,90.59442901611328,896.8544422124849
174242930538951702,0.0,0.0,0.0,0.0,0.0
174442930054961402,0.0,0.0,0.0,0.0,0.0
174542930452423502,0.0,0.0,0.0,0.0,0.0
174642929385350302,0.0,0.0,0.0,0.0,0.0
174742928236055201,0.0,0.0,0.0,0.0,0.0
174842930469978501,2.3432836532592773,6.580310068929932,121.72650296359018,0.0,440.88078421803476
174842930478757801,0.0,0.0,0.0,0.0,0.0
174942930455252701,0.0,0.0,0.0,0.0,0.0
174942930529771102,0.0,0.0,0.0,0.0,0.0
175042930541851802,0.008547008968889713,7.301670194915844,95.20809570176658,98.92365264892578,854.2953939043873
175042930546232402,0.0,0.0,0.0,0.0,0.0
175142930455190102,0.0,0.0,0.0,0.0,0.0
175142930480181001,0.0,0.0,0.0,0.0,0.0
175142930529037101,0.0,0.0,0.0,0.0,0.0
175342930454055602,0.0,0.0,0.0,0.0,0.0
175342930457543401,4.648648738861084,9.138479854283707,105.26621020599251,36.67206573486328,338.1237563229679
175342930508312801,0.0,0.0,0.0,0.0,0.0
175442930515676102,3.0,3.122056870669746,5.2842494226327945,0.5616281032562256,6.24411356091224
175442930523935601,3.0,8.69907999619418,49.41001353179973,8.349886894226074,78.2917182803638
175442930525537602,0.0,0.0,0.0,0.0,0.0
175542930517516502,0.0,0.0,0.0,0.0,0.0
175842930518895102,0.0,0.0,0.0,0.0,0.0
175842930522254701,0.0,0.0,0.0,0.0,0.0
176042930544553402,2.866666555404663,7.851546895805592,43.82822902796271,21.575971603393555,117.77319949539937
176142930480559002,1.6891891956329346,5.4747654268389345,667.4956668780385,144.4022216796875,810.2652959353927
176242930523833802,0.0,0.0,0.0,0.0,0.0
176342929201182702,0.0,0.0,0.0,0.0,0.0
176442928242942002,0.0,0.0,0.0,0.0,0.0
176442930548703702,0.0,0.0,0.0,0.0,0.0
176542930469300802,0.0,0.0,0.0,0.0,0.0
176642930543382501,0.0,0.0,0.0,0.0,0.0
176742930477931002,0.0,0.0,0.0,0.0,0.0
176942930476904801,0.0,0.0,0.0,0.0,0.0
176942930478602102,0.0,0.0,0.0,0.0,0.0
177042930546702502,3.2142856121063232,7.040931431391378,67.14575330772514,28.899200439453125,197.14607370973295
177342930462158901,0.0,0.0,0.0,0.0,0.0
177342930530273402,0.0,0.0,0.0,0.0,0.0
177342930546684601,0.0,0.0,0.0,0.0,0.0
177542930508507301,3.4067797660827637,7.127298016083849,118.21213292117466,58.16600799560547,420.5105632608051
177642930453702301,0.0,0.0,0.0,0.0,0.0
177742930456060701,0.0,0.0,0.0,0.0,0.0
177842930460193901,0.0,0.0,0.0,0.0,0.0
178042930479266802,3.1578948497772217,9.435663502687103,60.277866242038215,13.504378318786621,179.27761172640857
178142930462707102,0.0,0.0,0.0,0.0,0.0
178142930528847201,0.0,0.0,0.0,0.0,0.0
178142930543623401,2.86956524848938,9.376414572183997,116.61569826707441,71.36091613769531,646.9725737187719
178542930476543901,0.2601625919342041,4.569318086262435,12.670875431764964,57.38262939453125,562.0261440486097
178642930459055902,0.28358209133148193,5.341269362800726,19.437585111211984,61.88666534423828,357.86505409722105
178642930460996501,0.0,0.0,0.0,0.0,0.0
178642930528419301,0.0,0.0,0.0,0.0,0.0
178842928062695402,0.0,0.0,0.0,0.0,0.0
178942930474454801,0.0,0.0,0.0,0.0,0.0
179142930463396901,0.0,0.0,0.0,0.0,0.0
179342928213854001,4.545454502105713,8.317785580396235,92.41287215411559,27.842479705810547,182.991282108995
179342930546197102,0.0,0.0,0.0,0.0,0.0
179542930525133101,0.0,0.0,0.0,0.0,0.0
179842930449428701,0.0,0.0,0.0,0.0,0.0
179842930510259202,3.48888897895813,9.120308695772465,86.76648959716688,93.86725616455078,820.8278059767326
179842930538524902,2.408695697784424,4.77031190251422,80.72802447301754,75.95133209228516,548.5858809372348
179942930549169901,0.0,0.0,0.0,0.0,0.0
181142929703907301,0.0,0.0,0.0,0.0,0.0
181142930523877701,2.9636363983154297,11.596962090811425,332.5631951466127,67.48731231689453,637.8328939872757
181142930527486402,1.9586776494979858,16.324423257406657,410.06290584415586,125.88971710205078,1975.2551702740905
181242930509374402,0.0,0.0,0.0,0.0,0.0
181342930521827301,2.2799999713897705,4.9902141784519465,27.398570559610704,12.449361801147461,124.75535351458547
181442930476085601,2.3129770755767822,4.877609334870418,125.8162502918515,65.26611328125,638.9668497738647
181442930543003101,0.0,0.0,0.0,0.0,0.0
181642930464002802,0.0,0.0,0.0,0.0,0.0
181742930531711401,0.0,0.0,0.0,0.0,0.0
182242930537956102,0.0,0.0,0.0,0.0,0.0
182342929012808301,0.0,0.0,0.0,0.0,0.0
182342930541689202,0.0,0.0,0.0,0.0,0.0
182442930456071301,0.0,0.0,0.0,0.0,0.0
182942930469857701,0.0,0.0,0.0,0.0,0.0
183042930475213801,1.5643564462661743,8.573114377204154,98.44435736677116,111.07333374023438,865.8845197933969
183042930517930602,0.0,0.0,0.0,0.0,0.0
183042930530573402,0.0,0.0,0.0,0.0,0.0
183142930518918701,0.0,0.0,0.0,0.0,0.0
183542930509064901,0.0,0.0,0.0,0.0,0.0
183642930531972901,0.0,0.0,0.0,0.0,0.0
183742930525710802,0.0,0.0,0.0,0.0,0.0
183742930527080001,1.545454502105713,3.862029863963803,140.69554087039353,79.74880981445312,637.2349220968249
184142930507781401,0.0,0.0,0.0,0.0,0.0
184242930458791701,4.17391300201416,15.93981824925816,177.12314540059347,42.58338928222656,366.6158079888771
184442930455796202,0.0,0.0,0.0,0.0,0.0
184442930517219702,0.0,0.0,0.0,0.0,0.0
184442930544068301,3.8333332538604736,7.9433515998208595,23.404458598726116,4.265331268310547,47.66010882140724
184542930473060602,0.0,0.0,0.0,0.0,0.0
184542930521086801,4.333333492279053,11.681027221679688,67.796875,25.67670249938965,175.21540632247925
184642930462171501,0.0,0.0,0.0,0.0,0.0
184642930524539701,0.0,0.0,0.0,0.0,0.0
184742929839739802,0.0,0.0,0.0,0.0,0.0
184842929021081301,0.0,0.0,0.0,0.0,0.0
184842930463990202,0.0,0.0,0.0,0.0,0.0
185242930475044302,0.0,0.0,0.0,0.0,0.0
185242930508862201,0.0,0.0,0.0,0.0,0.0
185242930549979501,0.0,0.0,0.0,0.0,0.0
185342930472893601,0.0,0.0,0.0,0.0,0.0
185342930542156801,0.0,0.0,0.0,0.0,0.0
185442930539869301,0.0,0.0,0.0,0.0,0.0
185642930527158702,0.0,0.0,0.0,0.0,0.0
185742930316791302,0.0,0.0,0.0,0.0,0.0
185742930531538401,0.0,0.0,0.0,0.0,0.0
185942930529803701,1.103773593902588,11.807969954570485,56.49045521292217,107.3783187866211,1251.6448491400383
186242930525209502,0.0,0.0,0.0,0.0,0.0
186342930457277601,0.0,0.0,0.0,0.0,0.0
186342930526904701,0.0,0.0,0.0,0.0,0.0
186442930519296301,3.1627907752990723,9.3420437383829,175.89697291556027,96.90515899658203,803.4157953530756
186442930549950901,0.0,0.0,0.0,0.0,0.0
186542930507655802,0.0,0.0,0.0,0.0,0.0
186742930451038602,0.0,0.0,0.0,0.0,0.0
186842930478135802,0.0,0.0,0.0,0.0,0.0
187042930475738102,0.0,0.0,0.0,0.0,0.0
187242930521653902,0.0,0.0,0.0,0.0,0.0
187442930519530002,0.0,0.0,0.0,0.0,0.0
187642930455584402,0.0,0.0,0.0,0.0,0.0
187642930527571602,0.0,0.0,0.0,0.0,0.0
187742930446810702,0.0,0.0,0.0,0.0,0.0
187742930459631002,0.0,0.0,0.0,0.0,0.0
187742930522129302,0.0,0.0,0.0,0.0,0.0
187742930531273002,0.0,0.0,0.0,0.0,0.0
187842930460474102,2.4672131538391113,5.984842873029615,139.85884881776929,105.074462890625,730.1508234015848
187842930463290001,0.0,0.0,0.0,0.0,0.0
187942930524637001,0.0,0.0,0.0,0.0,0.0
187942930528980602,0.0,0.0,0.0,0.0,0.0
188242929013166301,0.0,0.0,0.0,0.0,0.0
188242930464850202,0.0,0.0,0.0,0.0,0.0
188242930522584702,3.153846263885498,10.442925576963795,67.75820453101842,19.382911682128906,135.75803062669962
188342930526586002,0.0,0.0,0.0,0.0,0.0
188442930457576502,4.0,6.714220899770691,19.97269624573379,2.251443862915039,20.142662282689848
188442930534496402,0.0,0.0,0.0,0.0,0.0
188642929800356701,3.4347825050354004,29.89768211019164,405.18989547038325,33.276851654052734,1375.2934439921628
188742928316187402,0.0,0.0,0.0,0.0,0.0
188742930515997302,0.0,0.0,0.0,0.0,0.0
189142930445491702,0.0,0.0,0.0,0.0,0.0
189242928087944401,0.0,0.0,0.0,0.0,0.0
189442930529519802,0.0,0.0,0.0,0.0,0.0
189442930532402802,0.0,0.0,0.0,0.0,0.0
189542930532566802,0.0,0.0,0.0,0.0,0.0
189742927986105002,0.1805555522441864,10.183437225127053,106.96168881939015,95.84813690185547,733.2074934875154
189742930517890202,0.0,0.0,0.0,0.0,0.0
189942930526846502,0.0,0.0,0.0,0.0,0.0
191142930477001502,0.0,0.0,0.0,0.0,0.0
191242928823204201,4.0,7.011755121970663,7.012244897959183,0.4748016893863678,7.011755121970663
191342930457253501,0.0,0.0,0.0,0.0,0.0
191342930516577602,0.0,0.0,0.0,0.0,0.0
191342930525032501,0.8888888955116272,33.241085583205226,163.40507302075326,79.71733093261719,598.3395390433591
191342930539983202,2.0,6.126142578125,12.252142857142857,1.6727256774902344,12.25228515625
191342930541755801,9.333333015441895,4.0429133329144324,12.128686327077748,1.3222986459732056,12.128739671477044
191442930462855702,0.0,0.0,0.0,0.0,0.0
191442930542916701,1.191489338874817,3.864942186292193,107.67704199948467,65.73753356933594,544.9568556956365
191942930462739701,0.0,0.0,0.0,0.0,0.0
191942930517330601,0.0,0.0,0.0,0.0,0.0
192042930472522002,0.0,0.0,0.0,0.0,0.0
192442930528707601,0.0,0.0,0.0,0.0,0.0
192542930545880701,0.0,0.0,0.0,0.0,0.0
192642930462426001,0.0,0.0,0.0,0.0,0.0
192642930466614901,0.0,0.0,0.0,0.0,0.0
192642930517070502,0.0,0.0,0.0,0.0,0.0
193142928888081701,0.0,0.0,0.0,0.0,0.0
193142930516186502,0.0,0.0,0.0,0.0,0.0
193242929947863901,0.0,0.0,0.0,0.0,0.0
193242930529969302,0.0,0.0,0.0,0.0,0.0
193442930518696401,0.0,0.0,0.0,0.0,0.0
193842928176142301,0.0,0.0,0.0,0.0,0.0
193842930534095702,0.0,0.0,0.0,0.0,0.0
193942930458399401,0.0,0.0,0.0,0.0,0.0
194042929309310102,0.0,0.0,0.0,0.0,0.0
194242929166198701,0.0,0.0,0.0,0.0,0.0
194242930531402601,0.0,0.0,0.0,0.0,0.0
194342930525935501,0.5615384578704834,6.428081996502699,69.83372614612635,76.42681884765625,835.6506353677166
194542930544892701,0.0,0.0,0.0,0.0,0.0
194642930461157702,0.0,0.0,0.0,0.0,0.0
194642930462519702,0.0,0.0,0.0,0.0,0.0
194642930545150301,1.0,9.211082087412052,9.211083282349342,0.7512784600257874,9.211082087412052
194642930546396201,0.0,0.0,0.0,0.0,0.0
194742930533156002,0.0,0.0,0.0,0.0,0.0
194742930548711401,0.0,0.0,0.0,0.0,0.0
194842930528510301,0.0,0.0,0.0,0.0,0.0
194842930532490002,1.75,41.11749497733361,80.2683906861735,25.23328399658203,164.46998192162064
195142930450872301,0.0,0.0,0.0,0.0,0.0
195142930540612502,0.0,0.0,0.0,0.0,0.0
195342928779164901,0.0,0.0,0.0,0.0,0.0
195442930454031802,0.0,0.0,0.0,0.0,0.0
195742929321180801,0.0,0.0,0.0,0.0,0.0
195742929476628902,0.0,0.0,0.0,0.0,0.0
195742930478077902,0.0,0.0,0.0,0.0,0.0
195942930456866702,0.0,0.0,0.0,0.0,0.0
195942930473561901,3.5,5.431772410880709,11.541379310344828,5.593562602996826,32.59063521613613
195942930532109202,0.0,0.0,0.0,0.0,0.0
196042930540599302,0.0,0.0,0.0,0.0,0.0
196242930528428102,0.0,0.0,0.0,0.0,0.0
196242930528957301,0.0,0.0,0.0,0.0,0.0
196442930527100201,0.0,0.0,0.0,0.0,0.0
196542930536473202,120.5,2.2002117664219036,4.4002732240437155,0.7962625026702881,4.400423532843807
196642930516978601,0.0,6.542279716511937,62.22049071618037,99.14180755615234,660.7702620686397
196842930540591201,0.0,0.0,0.0,0.0,0.0
196942929885937002,0.0,0.0,0.0,0.0,0.0
197142928135571602,0.0,0.0,0.0,0.0,0.0
197142930526756002,2.2582781314849854,3.5493330071403992,82.3228492773572,120.12279510498047,535.949303027768
197142930529403302,0.0,0.0,0.0,0.0,0.0
197242930518932201,0.0,0.0,0.0,0.0,0.0
197342930455782501,0.0,0.0,0.0,0.0,0.0
197342930462733702,0.0,0.0,0.0,0.0,0.0
197542929575341802,0.0,0.0,0.0,0.0,0.0
197642930528232101,0.0,0.0,0.0,0.0,0.0
197742930548902501,0.0,0.0,0.0,0.0,0.0
197942929165986602,0.0,0.0,0.0,0.0,0.0
197942930508734101,0.0,0.0,0.0,0.0,0.0
197942930541585801,0.0,0.0,0.0,0.0,0.0
198142930550292001,0.0,0.0,0.0,0.0,0.0
198542930542434002,0.0,0.0,0.0,0.0,0.0
198742930458981302,4.0,47.67177877468677,47.67169250371629,5.1941046714782715,47.67177877468677
198942930550515102,0.0,0.0,0.0,0.0,0.0
199042930461844201,0.0,0.0,0.0,0.0,0.0
199042930548544802,0.0,0.0,0.0,0.0,0.0
199142930541839502,0.0,0.0,0.0,0.0,0.0
199242930451638001,0.0,0.0,0.0,0.0,0.0
199242930462005002,0.0,0.0,0.0,0.0,0.0
199542930509304402,0.0,0.0,0.0,0.0,0.0
199542930510230901,0.0,6.152041698135131,12.304072503340498,1.6338047981262207,12.304083396270261
199642930454548302,0.0,0.0,0.0,0.0,0.0
199742930449773702,0.0,0.0,0.0,0.0,0.0
199842929126793302,0.0,0.0,0.0,0.0,0.0
199942930530867601,3.2142856121063232,2.7221210186298075,17.642806267806268,7.018446922302246,38.10969305921484
201242930477969001,0.0,0.0,0.0,0.0,0.0
201442930467818102,0.0,0.0,0.0,0.0,0.0
201542929584070601,0.0,0.0,0.0,0.0,0.0
201542930518523202,0.0,0.0,0.0,0.0,0.0
201842927928402701,0.0,0.0,0.0,0.0,0.0
201942930541697001,0.0,0.0,0.0,0.0,0.0
202142930527320702,0.0,0.0,0.0,0.0,0.0
202442930546098002,0.0,0.0,0.0,0.0,0.0
202542927928301302,0.0,0.0,0.0,0.0,0.0
202542930519452201,0.0,26.671932315180587,398.12189616252823,125.17485809326172,1867.035322753355
202642928676362302,0.0,0.0,0.0,0.0,0.0
202642930461705002,0.0,0.0,0.0,0.0,0.0
202642930475655402,3.620689630508423,6.829346332533658,71.0830707533658,26.522153854370117,198.0510491984719
202742928043675701,0.0,0.0,0.0,0.0,0.0
202842928570580602,3.3218390941619873,7.7463925746803355,146.98324514991182,79.55691528320312,673.9361692778438
203042930545739702,0.0,0.0,0.0,0.0,0.0
203442930479279901,0.0,0.0,0.0,0.0,0.0
203542930446366902,0.0,0.0,0.0,0.0,0.0
203542930476118802,0.0,0.0,0.0,0.0,0.0
203642930519858202,0.0,0.0,0.0,0.0,0.0
203742930456700602,0.0,0.0,0.0,0.0,0.0
203842930508275702,3.4791667461395264,10.835683119481237,102.35540838852097,76.97784423828125,520.1127733142171
203842930509485801,0.0,0.0,0.0,0.0,0.0
203842930547535202,0.0,0.0,0.0,0.0,0.0
203942928119349601,0.0,0.0,0.0,0.0,0.0
204042928042145401,0.0,0.0,0.0,0.0,0.0
204042930475363702,0.0,0.0,0.0,0.0,0.0
204042930542899602,0.0,0.0,0.0,0.0,0.0
204342930461193302,0.0,0.0,0.0,0.0,0.0
204542930457014502,2.2797203063964844,11.193723398297491,1600.7043010752689,152.93963623046875,1600.7023883794513
204542930524947501,0.0,0.0,0.0,0.0,0.0
204642930475134001,0.0,0.0,0.0,0.0,0.0
204842930342747201,0.0,0.0,0.0,0.0,0.0
204842930388638301,1.1956521272659302,5.978653863292042,61.80030300329739,93.52971649169922,825.0542218221826
204842930534921901,0.0,0.0,0.0,0.0,0.0
205042930456457801,0.0,0.0,0.0,0.0,0.0
205042930531009601,0.0,0.0,0.0,0.0,0.0
205142930518281701,0.0,0.0,0.0,0.0,0.0
205242930462843402,0.0,0.0,0.0,0.0,0.0
205242930471668002,0.0,0.0,0.0,0.0,0.0
205242930533677402,0.0,0.0,0.0,0.0,0.0
205242930549818802,0.932584285736084,4.696574623394168,38.62112561174551,71.38731384277344,417.99514438428264
205342930534423002,0.0,0.0,0.0,0.0,0.0
205342930549076202,1.0,6.1212626755839645,6.121212121212121,0.8212799429893494,6.1212626755839645
205442930451140102,1.6415094137191772,7.286555752992732,1544.7507481829841,154.41773986816406,1544.7497869069987
205442930526065202,0.0,0.0,0.0,0.0,0.0
205642930474298101,0.6982758641242981,10.289380172724002,251.75422813961856,104.57088470458984,1193.5681041698313
205842928288536202,0.0,0.0,0.0,0.0,0.0
205842928932735101,0.8934426307678223,9.145074072844752,188.871658700655,89.21694946289062,1115.6990601453006
205842930534884102,0.0,0.0,0.0,0.0,0.0
205942930459277902,0.0,0.0,0.0,0.0,0.0
206142930464701102,0.0,0.0,0.0,0.0,0.0
206242929321374401,0.6571428775787354,11.12802087255271,124.98644578313252,42.710594177246094,389.4807377895677
206242929476530502,0.0,0.0,0.0,0.0,0.0
206242930461224402,0.0,0.0,0.0,0.0,0.0
206242930528713001,3.3896102905273438,12.910724497906328,334.7655086848635,62.311641693115234,994.1257992690017
206242930529600601,2.2988505363464355,5.0572416813472865,68.62978544383677,60.6083869934082,439.9800385076758
206442930526147401,0.0,0.0,0.0,0.0,0.0
206542930541423001,0.0,0.0,0.0,0.0,0.0
206742929927339802,0.5894736647605896,15.335457897876893,39.75115207373272,156.36715698242188,1456.8684459887813
206842930463599601,0.0,0.0,0.0,0.0,0.0
206842930517947502,8.5,0.07063782246597602,0.14137720901889092,0.019224300980567932,0.14127564493195205
207142930449579901,0.0,0.0,0.0,0.0,0.0
207142930510244802,0.0,0.0,0.0,0.0,0.0
207442930507714902,0.0,0.0,0.0,0.0,0.0
207542929839789102,0.0,0.0,0.0,0.0,0.0
207742930475609901,0.0,0.0,0.0,0.0,0.0
207742930533085401,0.0,0.0,0.0,0.0,0.0
208042930515529002,1.8799999952316284,2.4488561938622753,27.017964071856287,7.7341203689575195,61.22140425265192
208042930528313102,0.0,0.0,0.0,0.0,0.0
208042930542384402,0.0,0.0,0.0,0.0,0.0
208142930527700802,0.0,0.0,0.0,0.0,0.0
208342930460922602,0.0,0.0,0.0,0.0,0.0
208442930509150801,0.0,0.0,0.0,0.0,0.0
208442930533643502,0.0,0.0,0.0,0.0,0.0
208542930454276302,0.0,6.172727610216473,0.0,127.905517578125,1358.000034896625
208642930448971302,0.18000000715255737,4.952653923290688,21.79383389261745,45.09257888793945,247.63268700222042
208742930459881901,0.0,0.0,0.0,0.0,0.0
208742930526452502,4.650000095367432,6.053362428601775,242.13746223564954,33.860530853271484,242.13450276815638
209142930342804001,0.0,0.0,0.0,0.0,0.0
209242930452690302,0.0,0.0,0.0,0.0,0.0
209342930470808201,2.8620688915252686,4.733499100568943,103.80053547523427,42.1490478515625,274.5429395933547
209642930542527302,0.0,0.0,0.0,0.0,0.0
209742930473717902,2.9421486854553223,9.066695409923057,227.9652427699655,89.51190185546875,1097.0701168765754
209742930516270101,0.0,0.0,0.0,0.0,0.0
209942930547042502,0.0,0.0,0.0,0.0,0.0
211142930550015701,3.3589744567871094,14.157389692826705,102.2909090909091,43.53840255737305,552.138183298978
211242930465105802,0.0,0.0,0.0,0.0,0.0
211542929160935901,0.0,0.0,0.0,0.0,0.0
211642928614409302,0.0,0.0,0.0,0.0,0.0
211642930452905601,0.0,0.0,0.0,0.0,0.0
211642930463091102,0.0,0.0,0.0,0.0,0.0
211642930542496201,0.0,0.0,0.0,0.0,0.0
211742929160847802,0.0,0.0,0.0,0.0,0.0
211742930289750601,0.0,0.0,0.0,0.0,0.0
211742930471091801,0.0,0.0,0.0,0.0,0.0
212042928921270801,1.375,4.198981563341994,56.92417244033872,59.62222671508789,403.1022479502947
212342930448223102,0.0,0.0,0.0,0.0,0.0
212442930454093601,0.0,0.0,0.0,0.0,0.0
212542930461335402,0.0,0.0,0.0,0.0,0.0
212642930477761102,2.8360655307769775,3.672049441786284,223.99478033927795,27.286787033081055,223.9950121403501
212842928258040302,1.7235772609710693,7.732222266463251,132.9580203862661,139.8828887939453,951.0633257780976
213042930479540402,0.0,0.0,0.0,0.0,0.0
213042930480513401,0.0,0.0,0.0,0.0,0.0
213342930450456101,0.0,0.0,0.0,0.0,0.0
213342930472590701,0.0,0.0,0.0,0.0,0.0
213442930525710701,0.0,0.0,0.0,0.0,0.0
213542930520818802,0.0,0.0,0.0,0.0,0.0
213642930525015001,2.75,6.628882388818534,26.253873659117996,2.9263510704040527,26.515530246375427
213642930529319202,0.0,0.0,0.0,0.0,0.0
213742930448749601,0.0,0.0,0.0,0.0,0.0
213942930527571901,1.8217054605484009,5.00692109375,44.4682,120.40808868408203,645.8928319070577
213942930549045802,0.0,6.254489100817438,0.0,78.24241638183594,631.7034116309475
214042930461938401,3.777777671813965,3.69607884192753,27.980060034305318,12.404266357421875,66.52942018075423
214042930533285602,0.0,0.0,0.0,0.0,0.0
214242930476777102,2.857142925262451,4.393130767552064,182.51745853597706,103.93230438232422,553.5344676521892
214342930528543402,2.115384578704834,7.639172453703703,53.82666666666667,53.27833938598633,397.2369728003608
214542930463014801,0.0,0.0,0.0,0.0,0.0
214642930541063701,0.0,0.0,0.0,0.0,0.0
214742930464176902,3.6363637447357178,9.209345518867925,117.43270440251572,26.298755645751953,202.60560742024356
214742930518803202,2.2682926654815674,10.697429126921982,877.1887813211845,125.20777130126953,877.1891595365687
214742930529008801,3.0581395626068115,6.48528367412983,81.62613865183623,68.04530334472656,557.7343701249127
214942929249151201,0.9342105388641357,5.899038105901657,53.36991607488702,93.10911560058594,896.6537896914202
214942930521792701,0.0,0.0,0.0,0.0,0.0
214942930539115801,0.0,0.0,0.0,0.0,0.0
215242930508075102,0.0,0.0,0.0,0.0,0.0
215242930532660101,0.0,0.0,0.0,0.0,0.0
215342930457772202,0.0,0.0,0.0,0.0,0.0
215342930535908602,0.0,0.0,0.0,0.0,0.0
215642930509549502,0.0,0.0,0.0,0.0,0.0
215742930515530701,0.0,0.0,0.0,0.0,0.0
215842928087914902,0.0,0.0,0.0,0.0,0.0
215842930474952702,0.0,0.0,0.0,0.0,0.0
215942930472937802,0.0,0.0,0.0,0.0,0.0
215942930534226501,0.0,0.0,0.0,0.0,0.0
216042930517885901,0.0,0.0,0.0,0.0,0.0
216042930525548201,0.0,0.0,0.0,0.0,0.0
216042930549546702,3.9861111640930176,9.74571484375,165.2168,90.104248046875,701.691487475586
216142930529762501,0.0,0.0,0.0,0.0,0.0
216142930533879302,0.0,0.0,0.0,0.0,0.0
216242930462445402,0.011363636702299118,10.424321674014523,0.47074688796680497,98.78370666503906,917.3403306446629
216242930539128802,0.0,0.0,0.0,0.0,0.0
216342930464379001,0.0,0.0,0.0,0.0,0.0
216542930527751801,0.0,0.0,0.0,0.0,0.0
216742930473831902,0.0,0.0,0.0,0.0,0.0
216742930527214301,0.0,0.0,0.0,0.0,0.0
217142928739711201,0.0,0.0,0.0,0.0,0.0
217142930464930701,0.0,0.0,0.0,0.0,0.0
217242930462792202,0.0,0.0,0.0,0.0,0.0
217242930523998102,0.0,0.0,0.0,0.0,0.0
217342930452353601,0.0,0.0,0.0,0.0,0.0
217342930461880202,0.0,0.0,0.0,0.0,0.0
217342930474375302,0.0,0.0,0.0,0.0,0.0
217442930510769402,0.210317462682724,4.2082401156074205,56.738481114385216,163.197021484375,1060.476492960077
217642930478744201,11.300000190734863,4.649346040447473,40.30745075649443,7.8048529624938965,46.49346168892676
217742930478248501,0.0,0.0,0.0,0.0,0.0
217842930542664701,3.0843372344970703,4.659054158486917,68.33276685516716,53.604496002197266,386.7015076354231
218142930548310601,0.0,0.0,0.0,0.0,0.0
218442927995017401,0.0,0.0,0.0,0.0,0.0
218542930447738002,0.0,0.0,0.0,0.0,0.0
218642930516546502,2.3496503829956055,5.016723758511875,233.75452582627472,92.00472259521484,717.3914940261777
218742928694273101,1.0,149.50028789782243,100.27973199329983,26.275510787963867,149.50028789782243
218842929013215201,0.0,0.0,0.0,0.0,0.0
218942930515688402,2.456692934036255,3.8926690918702356,64.2629792443381,60.08860397338867,494.36899221202816
219142930460880402,2.648648738861084,5.238062310987903,151.78709677419354,16.64000701904297,193.80830169185515
219142930540645401,0.0,0.0,0.0,0.0,0.0
219342930184422702,0.0,0.0,0.0,0.0,0.0
219342930461496201,0.0,0.0,0.0,0.0,0.0
219342930479864602,0.0,0.0,0.0,0.0,0.0
219642930519637602,3.9200000762939453,7.977191918200179,49.193297426690606,26.47405433654785,199.42979463112704
219742930532576901,0.0,0.0,0.0,0.0,0.0
219742930533665601,0.0,0.0,0.0,0.0,0.0
219842930546832202,0.0,0.0,0.0,0.0,0.0
219942930478109202,0.0,0.0,0.0,0.0,0.0
219942930526327501,0.0,0.0,0.0,0.0,0.0
221142930546480202,0.1818181872367859,4.544369590098606,109.77698695136418,75.69587707519531,449.89257645974664
221242930525006201,2.4285714626312256,9.998610892181588,41.98612862547289,4.934014797210693,69.9902768610104
221542930460197101,2.7215189933776855,5.251527375681199,60.92664011737581,52.903812408447266,414.8706649339716
221542930530640802,3.769230842590332,11.511986637636612,313.6928961748634,163.2542266845703,1047.590820956165
221542930541745402,0.0,0.0,0.0,0.0,0.0
221642930455184701,2.6666667461395264,3.7639995649393145,9.843407900999525,1.717022180557251,11.291998840070576
221642930525763302,0.0,0.0,0.0,0.0,0.0
221742930526945402,0.0,0.0,0.0,0.0,0.0
221742930548772001,0.0,0.0,0.0,0.0,0.0
221842930543068801,0.0,0.0,0.0,0.0,0.0
221842930548629802,0.0,0.0,0.0,0.0,0.0
222242930544009002,3.7837836742401123,14.055107421875,186.86714285714285,22.894580841064453,520.0389740317208
222342930530148102,0.0,0.0,0.0,0.0,0.0
222442930529814102,0.0,0.0,0.0,0.0,0.0
222542930509430901,0.0,0.0,0.0,0.0,0.0
222542930542764902,0.0,0.0,0.0,0.0,0.0
222642930457658001,0.0,0.0,0.0,0.0,0.0
222742930520958001,0.0,0.0,0.0,0.0,0.0
222842930519131302,0.0,0.0,0.0,0.0,0.0
222942930524801801,4.275000095367432,8.787001283790975,110.6262239250745,42.98822021484375,351.4800490326149
223042930446533101,2.304054021835327,4.510527391106685,133.39504676134396,110.78868103027344,667.5580327919622
223142930524586801,0.0,0.0,0.0,0.0,0.0
223242929687182701,0.0,0.0,0.0,0.0,0.0
223242930515474901,0.0,0.0,0.0,0.0,0.0
223242930522271402,0.0,6.116097416263657,0.0,76.72626495361328,629.9580135102898
223542930509711401,0.0,0.0,0.0,0.0,0.0
223542930524943702,0.0,0.0,0.0,0.0,0.0
223742929259310802,0.5700934529304504,5.625673075799364,30.166043380703066,104.21185302734375,601.9470022418379
223942930510424802,0.0,0.0,0.0,0.0,0.0
224042928592854201,0.0,0.0,0.0,0.0,0.0
224042930519163101,4.887096881866455,9.026741578406895,142.79574742268042,86.71592712402344,559.657990853811
224242930455491302,0.0,0.0,0.0,0.0,0.0
224342928021699402,0.0,0.0,0.0,0.0,0.0
224342930465361801,2.9692306518554688,6.19178218335177,87.19279393173198,58.54640579223633,402.46582890883104
224442930059407701,0.0,0.0,0.0,0.0,0.0
224442930465045101,0.7887324094772339,13.463213853433098,61.292840375586856,80.78623962402344,955.8882148948634
224542930521392801,0.0,0.0,0.0,0.0,0.0
224542930535872302,0.0,0.0,0.0,0.0,0.0
224942930459667401,0.0,0.0,0.0,0.0,0.0
225042929800207601,0.0,0.0,0.0,0.0,0.0
225442930536192201,1.0,154.79953102773825,43.4975106685633,23.533615112304688,154.79953102773825
225542930526813002,0.0,0.0,0.0,0.0,0.0
225642928823251301,0.0,0.0,0.0,0.0,0.0
225742930542785202,0.0,0.0,0.0,0.0,0.0
225942930518197202,0.0,0.0,0.0,0.0,0.0
226142930510564702,4.5714287757873535,21.26654278790509,238.35185185185185,65.17291259765625,893.1948140241482
226242930530711402,0.0,0.0,0.0,0.0,0.0
226442930530900801,0.0,0.0,0.0,0.0,0.0
226542930518849501,2.941176414489746,4.616109655089629,72.37439180537773,19.554780960083008,156.947729621135
226642930455066701,3.1600000858306885,23.39946993670886,231.3759493670886,34.70927429199219,584.9867545251001
226642930474481301,1.2268041372299194,9.28390700167329,872.7943944781426,213.323486328125,1801.0779793572162
226642930541254802,0.0,0.0,0.0,0.0,0.0
226942930525434501,0.0,0.0,0.0,0.0,0.0
227042927979772501,0.5,8.726209447553897,186.11774461028193,129.55902099609375,959.8830063592142
227042929704188102,0.0,0.0,0.0,0.0,0.0
227042930459882702,2.5,33.461670938029904,200.7701556960074,18.748228073120117,200.77002815445343
227142930477466802,0.0,0.0,0.0,0.0,0.0
227242929127079502,0.0,0.0,0.0,0.0,0.0
227342929501640302,0.0,0.0,0.0,0.0,0.0
227442930456397101,0.0,0.0,0.0,0.0,0.0
227442930476092802,0.0,0.0,0.0,0.0,0.0
227442930537540601,0.0,0.0,0.0,0.0,0.0
227542930142494701,0.0,0.0,0.0,0.0,0.0
227742929321159702,0.0,0.0,0.0,0.0,0.0
227742930541985201,0.0,0.0,0.0,0.0,0.0
227842930515700502,0.0,0.0,0.0,0.0,0.0
228042930508088301,2.9406778812408447,7.323288185694902,240.1625896491568,81.71522521972656,864.1480321006827
228042930509501002,0.0,0.0,0.0,0.0,0.0
228442930532044401,1.0,14.629878886056863,14.630097645031592,2.1923751831054688,14.629878886056863
228442930535190902,0.0,0.0,0.0,0.0,0.0
228542930474401902,2.477612018585205,14.228062340017065,1220.8885096700797,197.78811645507812,1906.5604016951734
228742929800041902,0.0,0.0,0.0,0.0,0.0
228742930458562502,0.0,0.0,0.0,0.0,0.0
228842930530653801,0.0,0.0,0.0,0.0,0.0
228942930461646102,7.909090995788574,13.017153897849463,71.59569892473118,14.893768310546875,143.18868748928057
229142930460413102,1.0,66.28004103165298,79.15474794841735,14.862284660339355,132.56008206330597
229242929765863102,0.0,0.0,0.0,0.0,0.0
229242930464650702,2.98734188079834,6.247176967790103,105.81618722574353,48.257835388183594,493.52696875186734
229342930448175602,0.0,0.0,0.0,0.0,0.0
229542930477542801,0.0,0.0,0.0,0.0,0.0
229842928130723801,0.0,0.0,0.0,0.0,0.0
229842930473204002,0.0,0.0,0.0,0.0,0.0
229942929839807701,0.0,0.0,0.0,0.0,0.0
231142929604407702,0.0,0.0,0.0,0.0,0.0
231242930518258301,0.0,0.0,0.0,0.0,0.0
231442930468593002,0.0,0.0,0.0,0.0,0.0
231442930518389502,0.0,0.0,0.0,0.0,0.0
231542930471698101,0.0,0.0,0.0,0.0,0.0
231542930515932502,0.0,0.0,0.0,0.0,0.0
231542930531937402,0.0,0.0,0.0,0.0,0.0
231742930475459301,2.7123286724090576,8.262416845625987,212.3870458135861,51.72062301635742,603.1564124952561
231942930516452801,0.0,0.0,0.0,0.0,0.0
231942930527300101,0.4285714328289032,10.574572135589472,256.86341517363417,96.9877700805664,1110.3300619135914
232042930546849802,17.0,25.9676237276693,25.967594515995014,3.9759416580200195,25.9676237276693
232342930480521002,0.0,8.298549929395874,0.0,60.77906799316406,522.8086380574464
232442930455043601,0.0,0.0,0.0,0.0,0.0
232442930532909002,0.0,0.0,0.0,0.0,0.0
232542930522580802,0.0,0.0,0.0,0.0,0.0
232542930530980201,2.137681245803833,4.170048240112161,73.37001180637544,88.34210968017578,575.4666603570283
232742930531694702,0.0,0.0,0.0,0.0,0.0
232942930545939201,0.0,0.0,0.0,0.0,0.0
233042930530581602,2.625,12.563845903445513,74.67948717948718,9.338367462158203,100.51076942835098
233142930519507601,0.0,0.0,0.0,0.0,0.0
233142930545192801,0.0,0.0,0.0,0.0,0.0
233142930548538502,3.200000047683716,5.782332207851184,74.04520990312163,20.14162254333496,144.55830914237654
233242930448797601,4.0,12.269201724516696,12.269244288224955,1.534358024597168,12.269201724516696
233342930543064402,0.0,0.0,0.0,0.0,0.0
233442930516186401,0.0,0.0,0.0,0.0,0.0
233442930543210202,0.0,0.0,0.0,0.0,0.0
233542930464095302,0.0,0.0,0.0,0.0,0.0
233542930475867401,0.0,0.0,0.0,0.0,0.0
233742930548685602,0.0,0.0,0.0,0.0,0.0
233842930530354701,0.0,0.0,0.0,0.0,0.0
234042930476811801,3.6666667461395264,11.551666618795956,34.65294117647059,4.309708595275879,34.65500066420611
234042930480240401,2.5,3.6870769527002536,6.220913374411018,1.9800513982772827,14.748307277655938
234042930480645902,0.44594594836235046,4.066869898782625,151.1697869593286,89.7864990234375,601.8967451874888
234142930463876201,0.0,0.0,0.0,0.0,0.0
234142930516208801,0.0,0.0,0.0,0.0,0.0
234342930459315401,0.0,0.0,0.0,0.0,0.0
234342930534636802,0.0,0.0,0.0,0.0,0.0
234442930519488502,0.0,0.0,0.0,0.0,0.0
234942930447392501,0.0,0.0,0.0,0.0,0.0
234942930528080102,0.0,0.0,0.0,0.0,0.0
235042928235935102,0.0,0.0,0.0,0.0,0.0
235042930459852101,0.0,0.0,0.0,0.0,0.0
235142930524357902,0.0,0.0,0.0,0.0,0.0
235142930532587302,0.0,0.0,0.0,0.0,0.0
235142930547606802,0.0,0.0,0.0,0.0,0.0
235442929488789901,0.9726775884628296,8.738001773231908,490.10526315789474,146.98146057128906,1599.0543091367733
235442930544367302,0.0,0.0,0.0,0.0,0.0
235542930546451802,1.6060606241226196,10.539995424636087,237.354096140826,39.49350357055664,347.8198549765223
235642930220797901,3.1339285373687744,6.868303639250121,94.56806028196402,64.27330780029297,769.2500146501668
235642930469364202,0.0,190.8490078018996,190.84871099050204,18.375595092773438,190.8490078018996
235642930479363401,0.0,0.0,0.0,0.0,0.0
235642930522798702,1.1317365169525146,3.291696441863927,42.05097513771029,92.37312316894531,549.7133221799922
235842929839691602,0.0,0.0,0.0,0.0,0.0
235942930455679801,0.3095238208770752,17.051575203252032,170.14959349593497,93.4193115234375,716.1661394444908
236042930457786301,0.0,0.0,0.0,0.0,0.0
236042930547778101,1.5108696222305298,5.135177414041432,399.8608727629321,145.83218383789062,944.8726130768667
236142930544684002,0.0,0.0,0.0,0.0,0.0
236242930471200901,0.0,0.0,0.0,0.0,0.0
236242930474371601,0.0,0.0,0.0,0.0,0.0
236342930546254302,0.0,0.0,0.0,0.0,0.0
236442930449556802,1.8888888359069824,3.673402581796072,67.78762848751836,29.334177017211914,231.42436431963188
236642930530457701,0.0,0.0,0.0,0.0,0.0
236642930543830802,0.38461539149284363,8.210011073521205,52.106009347098215,101.55941772460938,853.8411471280934
236742930543645202,0.0,0.0,0.0,0.0,0.0
237142930537923602,5.875,11.304852179761204,35.43396226415094,5.107400894165039,90.43881878762875
237142930541491901,0.0,0.0,0.0,0.0,0.0
237442928235852702,2.4000000953674316,7.1197846902469655,72.89974884889075,8.384725570678711,106.79676724701758
237642930510191802,0.0,0.0,0.0,0.0,0.0
237642930536276402,0.0,0.0,0.0,0.0,0.0
237742930540437102,0.0,0.0,0.0,0.0,0.0
237742930543536302,0.0,0.0,0.0,0.0,0.0
238042929765913402,0.0,0.0,0.0,0.0,0.0
238042930508527402,0.0,0.0,0.0,0.0,0.0
238142930518014401,0.0,0.0,0.0,0.0,0.0
238242930459729901,0.37931033968925476,5.927561560342478,47.78706395348837,33.328189849853516,343.7985622189766
238242930479484202,0.0,0.0,0.0,0.0,0.0
238342930549815502,0.0,0.0,0.0,0.0,0.0
238442930451793002,0.0,0.0,0.0,0.0,0.0
238742930478203001,0.0,0.0,0.0,0.0,0.0
238742930547727901,0.0,0.0,0.0,0.0,0.0
239242930462518401,3.254237174987793,9.60777642316879,131.60191082802547,61.40352249145508,566.8588074645672
239242930463967601,0.0,0.0,0.0,0.0,0.0
239242930528882101,0.0,0.0,0.0,0.0,0.0
239242930549135202,0.0,0.0,0.0,0.0,0.0
239342930518492102,2.0638298988342285,9.82257196969697,506.30109090909093,93.83229064941406,1384.982586041075
239442929921990602,3.566037654876709,6.529482858789299,141.4328899637243,44.94919204711914,346.0625769604795
239442930531431601,3.875,31.25494047979187,94.03969022265247,29.364744186401367,250.03951662992347
239542930541650302,0.0,116.74672719594595,116.74662162162163,7.454560279846191,116.74672719594595
239842930456653101,1.1351351737976074,8.905608770887943,85.92070773263434,39.57325744628906,329.50753539199127
239842930527482101,0.0,0.0,0.0,0.0,0.0
239942930455010102,1.0,16.03746916118421,16.0375,1.8620606660842896,16.03746916118421
239942930541439502,0.0,0.0,0.0,0.0,0.0
241142928603062201,0.0,0.0,0.0,0.0,0.0
241142928726332101,0.0,0.0,0.0,0.0,0.0
241142930465417902,0.0,0.0,0.0,0.0,0.0
241142930524075202,0.0,0.0,0.0,0.0,0.0
241242930534408101,0.0,0.0,0.0,0.0,0.0
241442930516032402,0.0,0.0,0.0,0.0,0.0
241442930528886802,0.0,0.0,0.0,0.0,0.0
241542930547557702,0.0,0.0,0.0,0.0,0.0
241742930474208501,2.1572327613830566,8.688829946686836,520.5188902007084,136.5817413330078,1381.5239571939533
241842930515814201,0.0,0.0,0.0,0.0,0.0
241942930509935501,0.0,0.0,0.0,0.0,0.0
241942930548691901,0.0,0.0,0.0,0.0,0.0
242242930528340102,0.0,0.0,0.0,0.0,0.0
242342930522564602,0.0,2.665532511283461,0.0,2.9217326641082764,18.658728288253528
242542928159125602,2.299999952316284,6.5779571533203125,67.85282258064517,8.520581245422363,131.5591471579767
242942930508408802,0.0,0.0,0.0,0.0,0.0
242942930520106201,1.8350515365600586,5.061659489685601,205.56919121084618,0.0,490.9809563522196
243042930316903701,3.769230842590332,2.559350307909721,12.141277438521207,4.52540397644043,33.27155481877747
243142930454432801,4.152542591094971,8.82093199339207,213.6183420104125,59.14504623413086,520.4349646913943
243342930517752501,0.0,0.0,0.0,0.0,0.0
243342930544502102,0.0,0.0,0.0,0.0,0.0
243442930475280302,0.0,0.0,0.0,0.0,0.0
243442930550673002,0.0,0.0,0.0,0.0,0.0
243542930453927802,2.147286891937256,5.379155922602128,155.25322829529765,94.96890258789062,693.9111399598294
243642930459961602,1.361344575881958,8.711662946428572,98.25783972125436,67.42745208740234,1036.687868451906
243642930510568001,0.0,0.0,0.0,0.0,0.0
243742930531152501,0.0,0.0,0.0,0.0,0.0
243842930460171001,0.0,0.0,0.0,0.0,0.0
244042930472452202,0.0,0.0,0.0,0.0,0.0
244042930544339501,26.91666603088379,3.3745528765565136,40.49425287356322,4.646360874176025,40.4946354860547
244142930476425802,0.0,0.0,0.0,0.0,0.0
244242929462816302,0.0,0.0,0.0,0.0,0.0
244342929341449002,0.0,0.0,0.0,0.0,0.0
244342929801781202,0.0,0.0,0.0,0.0,0.0
244342930459751502,0.0,0.0,0.0,0.0,0.0
244342930460159502,0.4375,12.426176630128493,220.8512173128945,132.02066040039062,994.0941223201718
244342930474676602,0.0,0.0,0.0,0.0,0.0
244342930520360501,0.0,0.0,0.0,0.0,0.0
244442930459439302,0.0,0.0,0.0,0.0,0.0
244442930462294302,0.0,0.0,0.0,0.0,0.0
244442930524266402,0.0,0.0,0.0,0.0,0.0
244542930518141302,0.0,0.0,0.0,0.0,0.0
244742928663965702,0.0,0.0,0.0,0.0,0.0
244742930523922102,0.0,0.0,0.0,0.0,0.0
244742930529662601,0.0,0.0,0.0,0.0,0.0
244842928789946301,0.0,4.9684302075363425,0.0,24.81365394592285,248.42151658190235
244842930462669801,0.0,0.0,0.0,0.0,0.0
244942930458206101,0.0,0.0,0.0,0.0,0.0
244942930480466202,0.0,0.0,0.0,0.0,0.0
245042930448990901,0.0,0.0,0.0,0.0,0.0
245642930524900701,0.0,0.0,0.0,0.0,0.0
245942930459583802,0.0,0.0,0.0,0.0,0.0
245942930474260601,9.571428298950195,16.130381013685103,242.42437923250566,51.845802307128906,451.6506543041083
246042930508095402,0.0,0.0,0.0,0.0,0.0
246042930546071401,0.0,0.0,0.0,0.0,0.0
246142930548556802,0.0,0.0,0.0,0.0,0.0
246242930453999001,0.0,0.0,0.0,0.0,0.0
246642929820806302,0.0,0.0,0.0,0.0,0.0
246842930535479401,0.0,0.0,0.0,0.0,0.0
246942930453237002,0.0,0.0,0.0,0.0,0.0
246942930525049001,0.0,0.0,0.0,0.0,0.0
247042930471770102,0.0,0.0,0.0,0.0,0.0
247042930477042902,0.0,0.0,0.0,0.0,0.0
247042930548138301,0.0,0.0,0.0,0.0,0.0
247142928726194001,0.0,0.0,0.0,0.0,0.0
247142930521840402,20.0,25.824100776006713,75.50335570469798,9.394651412963867,77.47230289126402
247142930527309001,0.0,0.0,0.0,0.0,0.0
247442930516618101,0.0,0.0,0.0,0.0,0.0
247542930455305002,0.0,0.0,0.0,0.0,0.0
247542930525796802,0.0,0.0,0.0,0.0,0.0
247642930515817802,0.0,0.0,0.0,0.0,0.0
247642930526681902,0.0,0.0,0.0,0.0,0.0
247842930455165602,0.0,0.0,0.0,0.0,0.0
247842930531104201,0.0,0.0,0.0,0.0,0.0
247942930516274002,0.0,0.0,0.0,0.0,0.0
248142930538291001,0.0,0.0,0.0,0.0,0.0
248242930509840102,3.0,2.8754301827172752,19.370245914159156,8.797890663146973,51.75774589924298
248442930477943401,0.0,0.0,0.0,0.0,0.0
248442930530739201,0.0,0.0,0.0,0.0,0.0
248842930460261002,0.0,0.0,0.0,0.0,0.0
248842930476112602,0.0,0.0,0.0,0.0,0.0
248942930464579101,0.0,0.0,0.0,0.0,0.0
249142930461593201,148.0,1.2875693807852255,2.5751464472566292,0.2948119640350342,2.575138761570451
249242930518300002,0.0,0.0,0.0,0.0,0.0
249342930507773402,0.0,0.0,0.0,0.0,0.0
249542930530366302,2.4166667461395264,8.468195953932195,1219.4169741697417,130.7588348388672,1219.4202651608034
249642930527520802,0.0,0.0,0.0,0.0,0.0
249642930539463702,0.0,0.0,0.0,0.0,0.0
249842929000335401,1.6559139490127563,11.785302782576505,1014.8696939782824,177.12684631347656,2192.066256834718
249842930519587202,0.0,0.0,0.0,0.0,0.0
249942930532822402,0.0,0.0,0.0,0.0,0.0
251242930474606902,0.0,0.0,0.0,0.0,0.0
251342928108622702,0.0,0.0,0.0,0.0,0.0
251342930012280301,3.323943614959717,6.843039558631431,115.61012861736334,69.5291748046875,485.85578378757094
251342930517654102,0.0,0.0,0.0,0.0,0.0
251442930476629802,0.0,0.0,0.0,0.0,0.0
251542930535989801,0.0,0.0,0.0,0.0,0.0
251642930546482101,0.0,0.0,0.0,0.0,0.0
251742930542242702,0.0,0.0,0.0,0.0,0.0
251842930470777901,3.5199999809265137,11.352366136170426,184.4273641046157,71.8510513305664,851.427436470741
251942930447639201,10.875,1.6175098858531076,18.339952343129468,3.953432083129883,25.880158738733947
252342930543445002,0.0,0.0,0.0,0.0,0.0
252442928725940202,2.5905511379241943,3.154676166185056,43.21945705804879,52.069602966308594,400.64387266907397
252442930465818002,3.5,22.830001431609947,136.97905759162305,4.5202531814575195,136.9800009203207
252442930528910601,0.0,0.0,0.0,0.0,0.0
252542928683993102,0.0,0.0,0.0,0.0,0.0
252542930480707601,0.0,0.0,0.0,0.0,0.0
252742928030399201,0.5,5.126069405019375,98.13940704694963,99.54063415527344,768.9104228336403
252742929118680102,0.0,0.0,0.0,0.0,0.0
252742930449925801,0.0,0.0,0.0,0.0,0.0
252742930454283301,0.0,0.0,0.0,0.0,0.0
252742930548077501,0.0,0.0,0.0,0.0,0.0
252742930549312001,0.0,0.0,0.0,0.0,0.0
252842930457281702,1.0,195.29244151169766,195.29244151169766,10.619174003601074,195.29244151169766
252842930473606302,0.0,0.0,0.0,0.0,0.0
252842930515912101,0.0,0.0,0.0,0.0,0.0
253042930460311801,0.0,0.0,0.0,0.0,0.0
253342928921105802,0.0,0.0,0.0,0.0,0.0
253342930478229202,2.9666666984558105,6.045519268251756,141.12546468401487,111.85572052001953,725.4622989432569
253342930533526902,0.0,0.0,0.0,0.0,0.0
253542930460951801,0.0,0.0,0.0,0.0,0.0
253542930473454802,0.0,0.0,0.0,0.0,0.0
253642930474121701,2.180000066757202,4.120278806301084,96.23633412555795,58.41482162475586,412.0278919908345
253642930517892002,1.850000023841858,4.219744275241838,20.30846432889964,12.748826026916504,84.3948833497865
253842930456207201,0.0,0.0,0.0,0.0,0.0
253842930462375002,0.0,0.0,0.0,0.0,0.0
253842930546890301,0.0,0.0,0.0,0.0,0.0
254042930520816602,0.0,0.0,0.0,0.0,0.0
254142930454477502,2.763636350631714,10.737115158976732,216.12215758857747,52.790489196777344,590.5413420004923
254142930519710602,0.0,0.0,0.0,0.0,0.0
254142930541858601,0.0,0.0,0.0,0.0,0.0
254242930466965302,0.0,0.0,0.0,0.0,0.0
254242930530851801,0.0,0.0,0.0,0.0,0.0
254342930461275701,0.0,0.0,0.0,0.0,0.0
254442930456754501,1.840000033378601,4.916029756646475,860.3052330472825,129.8826446533203,860.3052330135838
254442930525539801,0.0,0.0,0.0,0.0,0.0
254642929249216101,0.0,0.0,0.0,0.0,0.0
254642930549295101,0.0,0.0,0.0,0.0,0.0
255042930547075401,0.0,0.0,0.0,0.0,0.0
255142930436090001,0.0,0.0,0.0,0.0,0.0
255142930463688201,1.2753623723983765,7.636355554207833,56.13920254057869,71.96553039550781,526.908545850109
255242927945047202,4.363636493682861,8.913055807622504,80.90925589836661,41.580142974853516,294.1308347283171
255342929021009101,0.0,0.0,0.0,0.0,0.0
255342930449499902,2.2337663173675537,5.597772282764297,215.59551928995776,104.02017974853516,862.0569710540717
255442930516645202,0.0,9.7186050973093,0.0,107.92908477783203,874.6744366810738
255642930463932702,0.0,0.0,0.0,0.0,0.0
255742930534123101,2.4657533168792725,8.661115317080618,272.8243756786102,77.69691467285156,632.2613990102348
256042930518170701,3.3214285373687744,15.98181610961231,112.75699440447642,90.49820709228516,894.9816755548084
256142930528386001,2.0,11.776516569782201,23.553028379956338,2.134979724884033,23.553033139564402
256242930463635002,0.0,0.0,0.0,0.0,0.0
256242930532496001,0.0,0.0,0.0,0.0,0.0
256342930459586501,1.0,7.632350885143474,7.632212280160444,0.4289766550064087,7.632350885143474
256442930546114502,3.0964913368225098,9.456147623206194,250.10309667673715,138.8699188232422,1078.0008307468495
256742930518989901,1.9027026891708374,4.003632596220394,428.5505998154414,164.5791015625,740.6720319892472
256742930523892702,0.0,0.0,0.0,0.0,0.0
256742930528824702,0.0,5.4465330702231896,164.16754370047784,99.01375579833984,757.0680858252349
256842928043839301,0.0,0.0,0.0,0.0,0.0
257042928210580802,15.166666984558105,31.04112621861645,186.24358974358975,12.476469039916992,186.24675355456833
257042930459363701,2.1123595237731934,8.179304534313726,104.63830532212886,108.33505249023438,727.9580754642727
257042930460144001,186.0,54.04638460497836,54.0465367965368,7.5093092918396,54.04638460497836
257442930527639402,0.0,8.798378645200486,78.30643985419198,138.1609649658203,1108.5956975758438
257542930531992402,0.0,0.0,0.0,0.0,0.0
257642930474949601,0.0,0.0,0.0,0.0,0.0
257742930463712801,0.0,0.0,0.0,0.0,0.0
257742930541837301,0.0,0.0,0.0,0.0,0.0
257842930448633102,0.0,0.0,0.0,0.0,0.0
257842930474322902,1.6666666269302368,5.326728853828463,14.877705627705629,5.159212589263916,31.960372858749324
257842930525994302,0.0,0.0,0.0,0.0,0.0
257842930534388801,0.0,0.0,0.0,0.0,0.0
258242930521159301,2.2371134757995605,5.518812793480913,98.56104402975973,60.227596282958984,535.324828966636
258242930532428802,0.0,0.0,0.0,0.0,0.0
258342930457933401,4.666666507720947,8.203372207125604,86.62125603864735,22.481807708740234,172.27081351902174
258542930477109202,0.0,0.0,0.0,0.0,0.0
258542930528680001,0.0,0.0,0.0,0.0,0.0
258642929800141202,0.0,0.0,0.0,0.0,0.0
258742930449263202,0.0,0.0,0.0,0.0,0.0
258842930524132401,0.0,0.0,0.0,0.0,0.0
258942930455643301,0.0,0.0,0.0,0.0,0.0
259142930428343602,0.0,0.0,0.0,0.0,0.0
259242930521374202,0.0,0.0,0.0,0.0,0.0
259242930526590001,0.0,0.0,0.0,0.0,0.0
259242930542989201,0.0,0.0,0.0,0.0,0.0
259342927979570502,0.0,0.0,0.0,0.0,0.0
259542930549929202,107.5,6.036364354515341,12.072524407252441,0.7292909622192383,12.072728709030683
259642929034814401,0.0,0.0,0.0,0.0,0.0
259642930546744502,0.9213483333587646,13.431707611802286,99.75924680564896,99.0859146118164,1195.421944225083
259742930544586602,2.5376343727111816,4.7199457992344245,146.4960929250264,66.75828552246094,438.95497432898065
259942930526882402,1.0,1.4448996815546,1.4448788115715403,0.2161242663860321,1.4448996815546
261142930455927801,0.0,0.0,0.0,0.0,0.0
261142930526174002,0.04938271641731262,7.27977104894351,4.52411753834781,95.5082015991211,589.6614504788122
261242930519812601,3.090909004211426,11.476806733701869,180.81471597407548,119.41202545166016,1136.2038306622753
261342930550042501,0.0,0.0,0.0,0.0,0.0
261442930531207501,0.0,0.0,0.0,0.0,0.0
261542929903230801,0.0,0.0,0.0,0.0,0.0
261542930527398002,0.0,0.0,0.0,0.0,0.0
261642930534151601,0.0,0.0,0.0,0.0,0.0
261642930541661902,0.0,0.0,0.0,0.0,0.0
261742928043880601,0.0,0.0,0.0,0.0,0.0
262242930462873701,0.0,0.0,0.0,0.0,0.0
262342930459644301,0.0,0.0,0.0,0.0,0.0
262342930541339301,0.0,0.0,0.0,0.0,0.0
262442930520993002,0.0,0.0,0.0,0.0,0.0
262542930537165501,0.0,0.0,0.0,0.0,0.0
262842930541577902,0.0,0.0,0.0,0.0,0.0
263042930458424401,2.819672107696533,7.768725865274599,125.10892448512585,89.48639678955078,947.7846007497687
263242930458255702,0.0,0.0,0.0,0.0,0.0
263442930466846301,0.0,0.0,0.0,0.0,0.0
263442930521798901,0.0,0.0,0.0,0.0,0.0
263542930524815602,0.0,0.0,0.0,0.0,0.0
263642930517146502,1.1415929794311523,9.580342653508772,42.06035087719298,113.53038024902344,1082.57868738325
263742930474811502,0.0,0.0,0.0,0.0,0.0
263942930474844501,0.0,0.0,0.0,0.0,0.0
264042930457452702,4.392857074737549,9.66490033998027,285.3630214205186,44.1607780456543,541.2344012341075
264142928135731901,0.0,0.0,0.0,0.0,0.0
264142929197899901,3.0923078060150146,3.4406202249855102,63.986774856420254,38.65623474121094,223.64030899296282
264242930469660601,0.0,0.0,0.0,0.0,0.0
264242930472909102,0.0,0.0,0.0,0.0,0.0
264442930528585602,0.0,0.0,0.0,0.0,0.0
264542929991113002,0.0,0.0,0.0,0.0,0.0
264642930550424401,2.641509532928467,4.77598350488744,73.50947867298578,40.61676025390625,253.12712487858053
264642930550565001,0.0,0.0,0.0,0.0,0.0
264742928243059901,0.0,0.0,0.0,0.0,0.0
264742929373243501,3.263157844543457,6.40498674401512,46.089878202435955,12.319256782531738,121.69475019463768
264742930458813402,0.0,0.0,0.0,0.0,0.0
264842930468130001,0.0,0.0,0.0,0.0,0.0
264842930471898001,0.0,0.0,0.0,0.0,0.0
264942930461356002,0.0,0.0,0.0,0.0,0.0
265142930474007702,0.0,0.0,0.0,0.0,0.0
265342930525067001,0.0,0.0,0.0,0.0,0.0
265342930543016301,0.0,0.0,0.0,0.0,0.0
265842929476646701,0.0,0.0,0.0,0.0,0.0
265842930534545802,0.0,0.0,0.0,0.0,0.0
265842930543162202,0.0,0.0,0.0,0.0,0.0
266042930454985302,4.388888835906982,35.88730971700644,412.3449570815451,85.9387435913086,1937.9146938815138
266042930524204401,0.0,0.0,0.0,0.0,0.0
266042930541519002,0.0,0.0,0.0,0.0,0.0
266142928265489802,3.777777671813965,3.37137559574083,19.533783783783782,4.572892665863037,30.34238000081773
266442930454746502,0.0,0.0,0.0,0.0,0.0
266442930476981601,0.0,0.0,0.0,0.0,0.0
266542930469002501,0.0,0.0,0.0,0.0,0.0
266642930455716702,0.0,0.0,0.0,0.0,0.0
266742930526545901,0.0,0.0,0.0,0.0,0.0
266942930451361702,1.840000033378601,18.371300703642383,280.4807947019868,123.1490249633789,1837.1300645035624
266942930458448002,1.2452830076217651,15.112701730321236,147.1162334477685,49.43168640136719,800.9731861917104
266942930546957102,0.0,0.0,0.0,0.0,0.0
267042930522688401,0.0,0.0,0.0,0.0,0.0
267042930528033102,3.7750000953674316,12.51732570842161,241.08474576271186,115.79458618164062,1001.3860088081683
267142930451551001,2.459183692932129,5.16109827730312,123.11753343239228,51.25399398803711,505.78764071811713
267142930480320402,0.0,0.0,0.0,0.0,0.0
267342929197690602,0.0,0.0,0.0,0.0,0.0
267342930470650002,0.0,0.0,0.0,0.0,0.0
267342930528504901,0.0,0.0,0.0,0.0,0.0
267442930449858502,0.0,0.0,0.0,0.0,0.0
267442930519167501,2.7948718070983887,59.905374961324256,805.1435643564356,44.96837615966797,2336.309692014562
267542930528558402,0.0,0.0,0.0,0.0,0.0
267542930536388401,0.0,0.0,0.0,0.0,0.0
267642929269363301,2.2150537967681885,3.48816625569044,119.8567526555387,64.77212524414062,324.3994488022939
267742930530602901,1.9388889074325562,7.048122187575501,1268.6634452766368,156.73133850097656,1268.6619604563016
268042930458333202,0.0,0.0,0.0,0.0,0.0
268142930316798501,0.0,0.0,0.0,0.0,0.0
268242930476680702,0.0,0.0,0.0,0.0,0.0
268642930459538102,0.0,0.0,0.0,0.0,0.0
268742930518171302,3.3333332538604736,7.813364225898693,8.703267973856208,1.204114317893982,23.440092039419934
268842930465034701,0.0,0.0,0.0,0.0,0.0
268842930547504902,2.0,5.095473243915929,20.38141592920354,1.5305839776992798,20.381893407771017
268942930468831801,3.3684210777282715,4.279867625036749,85.85183007496693,43.04476547241211,243.9524557160469
269142930517279701,0.0,0.0,0.0,0.0,0.0
269542930465015202,0.0,0.0,0.0,0.0,0.0
269642930464550602,2.1666667461395264,4.605582787882298,67.60858819894965,8.285845756530762,82.90048773774107
269742930448412001,0.04444444552063942,4.192532978360615,7.2337549603174605,88.02715301513672,565.9919798650911
269742930461248501,0.0,0.0,0.0,0.0,0.0
269942928130694402,2.2931034564971924,6.179778868523642,300.2205734406439,61.768619537353516,358.42717892111426
269942929155481702,0.0,0.0,0.0,0.0,0.0
269942930526785002,0.0,0.0,0.0,0.0,0.0
269942930526875602,0.0,0.0,0.0,0.0,0.0
269942930529106301,0.0,0.0,0.0,0.0,0.0
271142930462946402,0.0,0.0,0.0,0.0,0.0
271242928684109501,0.0,0.0,0.0,0.0,0.0
271442930543173501,0.0,0.0,0.0,0.0,0.0
271442930548182901,0.0,0.0,0.0,0.0,0.0
271542928099579202,0.0,0.0,0.0,0.0,0.0
271542930519868601,1.9251337051391602,13.954356927981323,2609.465038314176,299.8260803222656,2609.464832506198
271642930459031202,1.0,1.0131716428103146,1.0131118881118881,0.1545591801404953,1.0131716428103146
271642930462452902,0.0,0.0,0.0,0.0,0.0
271742930475173801,0.0,0.0,0.0,0.0,0.0
271742930508828202,1.0,5.929493467914775,11.859051941502774,1.1327253580093384,11.85898644336233
271942930459908702,0.0,0.0,0.0,0.0,0.0
272042930519339402,3.081395387649536,4.3049162607909475,72.27920360864832,61.0077018737793,370.2228083560841
272042930529516901,0.0,0.0,0.0,0.0,0.0
272242928845210701,0.0,0.0,0.0,0.0,0.0
272242930476204301,0.0,0.0,0.0,0.0,0.0
272342930526128902,0.0,0.0,0.0,0.0,0.0
272442930461241502,2.609375,5.4774340618388155,115.33448740142335,79.1639175415039,701.1115372451045
272842930460178202,0.0,0.0,0.0,0.0,0.0
272842930531914801,0.0,0.0,0.0,0.0,0.0
272942930522697701,0.0,0.0,0.0,0.0,0.0
273042930515730901,0.0,0.0,0.0,0.0,0.0
273042930524748101,0.0,0.0,0.0,0.0,0.0
273142930470689702,0.0,0.0,0.0,0.0,0.0
273142930533768001,3.0,9.245348880438478,68.24065261726716,18.839887619018555,166.41628218183382
273442930546731802,0.0,0.0,0.0,0.0,0.0
273542929989589602,0.0,0.0,0.0,0.0,0.0
273542930453669902,0.0,0.0,0.0,0.0,0.0
273542930542605502,0.0,0.0,0.0,0.0,0.0
273642930508767101,0.0,0.0,0.0,0.0,0.0
273642930533961901,0.0,0.0,0.0,0.0,0.0
273742930475146401,1.0,8.570515329974583,8.570806100217865,1.4074270725250244,8.570515329974583
273842930518582102,0.0,0.0,0.0,0.0,0.0
274042928043842102,0.0,0.0,0.0,0.0,0.0
274042930533205801,0.0,0.0,0.0,0.0,0.0
274142930469864701,0.0,0.0,0.0,0.0,0.0
274242930457202402,0.0,5.5723078620272535,29.021625357953983,73.32807922363281,557.2307854239275
274242930457849201,0.0,0.0,0.0,0.0,0.0
274242930545682101,0.0,0.0,0.0,0.0,0.0
274342930547205401,8.600000381469727,1.856414845364153,3.6272727272727274,1.0607303380966187,9.282074025051653
274542930448087501,0.0,0.0,0.0,0.0,0.0
274642930509549001,2.4561402797698975,3.310380231962535,74.52239133616274,69.20820617675781,377.3833521145531
274742930507794401,0.0,0.0,0.0,0.0,0.0
274942930473043401,0.0,0.0,0.0,0.0,0.0
275042928135390702,0.9729729890823364,3.215331353646267,51.283062725506525,36.724037170410156,237.93451499700745
275042930517825101,2.7317073345184326,9.686737790632476,321.4461722488038,50.577430725097656,397.1562383904982
275242929861334501,0.0,0.0,0.0,0.0,0.0
275242930464028901,0.0,0.0,0.0,0.0,0.0
275442929613423202,2.0,8.12661096099624,93.96015037593985,31.610525131225586,357.57088977698993
275442930464639801,3.338235378265381,18.73073121950075,247.85135135135135,128.57986450195312,1273.6897491363434
275442930527084202,0.0,0.0,0.0,0.0,0.0
275542930545852601,0.0,0.0,0.0,0.0,0.0
275742930548107602,0.0,0.0,0.0,0.0,0.0
275842928021779401,0.0,0.0,0.0,0.0,0.0
275842930519335401,0.0,0.0,0.0,0.0,0.0
275942930479575502,0.0,0.0,0.0,0.0,0.0
276042930464092201,0.0,0.0,0.0,0.0,0.0
276242930472097402,0.0,0.0,0.0,0.0,0.0
276642928042242301,0.0,0.0,0.0,0.0,0.0
276642929649295001,0.0,0.0,0.0,0.0,0.0
276742930527201601,1.5517241954803467,5.786164717557688,74.24742974640165,88.61167907714844,671.1951230550046
276842929104948101,0.0,0.0,0.0,0.0,0.0
276842930525970802,3.2340426445007324,9.599314616984088,85.53519768563163,53.90022659301758,451.1677755504818
276842930549490302,0.0,0.0,0.0,0.0,0.0
277242930457175502,0.0,0.0,0.0,0.0,0.0
277242930516254902,0.0,0.0,0.0,0.0,0.0
277442930454145502,1.4663677215576172,6.401311003648535,312.4688819201544,151.82305908203125,1427.492346531231
277542930456323102,0.0,0.0,0.0,0.0,0.0
277542930473742702,0.0,0.0,0.0,0.0,0.0
277542930531233702,24.0,10.309278350515465,10.309278350515465,0.5473556518554688,10.309278350515465
277642929969542602,2.0,1.436285154948829,1.436280309208486,0.1487310379743576,1.436285154948829
277742930525180201,0.0,0.0,0.0,0.0,0.0
277742930547603701,0.0,0.0,0.0,0.0,0.0
277842930518285201,3.2142856121063232,5.528550389724942,32.19412442396313,22.282880783081055,154.79940721186625
278042930509677102,0.0,0.0,0.0,0.0,0.0
278242930455278201,0.0,0.0,0.0,0.0,0.0
278342928932688301,0.0,0.0,0.0,0.0,0.0
278442930473949402,4.111111164093018,20.667530137421753,209.96087636932708,41.26997375488281,744.0311079308834
278642930515756102,0.0,0.0,0.0,0.0,0.0
278742930460003702,0.0,0.0,0.0,0.0,0.0
278842930477822401,0.0,0.0,0.0,0.0,0.0
278842930516981202,4.384615421295166,32.24404317608811,422.51380042462847,155.80982971191406,2515.035411013666
278842930524592002,0.0,0.0,0.0,0.0,0.0
278942930525158501,3.0714285373687744,4.379652681826199,40.297507055503296,18.682575225830078,122.63027382076403
279142928086601001,0.0,0.0,0.0,0.0,0.0
279442930473480502,0.0,0.0,0.0,0.0,0.0
279642930453807602,0.0,0.0,0.0,0.0,0.0
279642930541353202,4.7272725105285645,7.0011036651575385,68.34393404004712,5.640537738800049,77.01214304857737
279742930525071701,2.6964285373687744,10.167590518129378,195.3770086526576,74.04512786865234,569.3850714986493
279942930518740602,4.75,23.12593779536862,176.0775047258979,27.86812973022461,277.5112567934963
281142929642567301,0.0,0.0,0.0,0.0,0.0
281142930529025802,0.0,0.0,0.0,0.0,0.0
281342929684635902,0.0,0.0,0.0,0.0,0.0
281342930453948401,0.0,0.0,0.0,0.0,0.0
281342930534319302,2.3586957454681396,11.340237448482577,248.83664293742976,59.737125396728516,1043.3018197309395
281842930455480101,0.0,0.0,0.0,0.0,0.0
281842930478686702,0.0,0.0,0.0,0.0,0.0
281942930477643701,1.4765957593917847,5.306008746143731,581.034238608203,117.932861328125,1246.9120591480562
282042930457742102,0.0,0.0,0.0,0.0,0.0
282142930550607302,2.7826087474823,5.198901375557079,145.91316910720408,72.30138397216797,597.8736610302374
282342930530675901,0.0,0.0,0.0,0.0,0.0
282442930450635301,0.0,0.0,0.0,0.0,0.0
282442930508133501,0.0,0.0,0.0,0.0,0.0
282542930524809801,0.0,0.0,0.0,0.0,0.0
282642930469586102,0.0,0.0,0.0,0.0,0.0
283142930479193502,0.0,0.0,0.0,0.0,0.0
283242930527502002,0.0,0.0,0.0,0.0,0.0
283342928005313202,0.0,0.0,0.0,0.0,0.0
283342930528881501,0.0,0.0,0.0,0.0,0.0
283442930458935102,0.14018692076206207,5.4331708336312925,15.158323798627002,81.33658599853516,581.3492684980824
283442930510207402,0.0,0.0,0.0,0.0,0.0
283542930519666102,0.0,0.0,0.0,0.0,0.0
283642928757851802,0.0,0.0,0.0,0.0,0.0
283742930536990002,2.4285714626312256,36.63750754830918,237.27826086956523,11.663679122924805,256.462549181952
283742930550168602,0.0,0.0,0.0,0.0,0.0
283842930477529801,0.0,0.0,0.0,0.0,0.0
283842930509256702,0.0,0.0,0.0,0.0,0.0
283842930519159102,0.0,0.0,0.0,0.0,0.0
283842930532141702,0.0,0.0,0.0,0.0,0.0
284042930450482202,0.0,0.0,0.0,0.0,0.0
284142927921591502,0.0,0.0,0.0,0.0,0.0
284142930469310702,0.0,0.0,0.0,0.0,0.0
284142930517593401,0.0,0.0,0.0,0.0,0.0
284142930545369602,0.0,0.0,0.0,0.0,0.0
284242930457062102,0.0,0.0,0.0,0.0,0.0
284242930542269101,0.0,0.0,0.0,0.0,0.0
284342929118646901,0.0,0.0,0.0,0.0,0.0
284342930542910402,0.0,48.11839715505768,48.118456078083405,4.574656009674072,48.11839715505768
284542930289309602,0.0,0.0,0.0,0.0,0.0
284642930462574802,0.0,0.0,0.0,0.0,0.0
284842929331811301,0.0,0.0,0.0,0.0,0.0
284942930474896701,0.0,0.0,0.0,0.0,0.0
284942930526933301,0.0,0.0,0.0,0.0,0.0
285042930530335901,0.0,0.0,0.0,0.0,0.0
285242929529038501,0.0,0.0,0.0,0.0,0.0
285342930477471501,0.0,0.0,0.0,0.0,0.0
285342930477479902,0.0,0.0,0.0,0.0,0.0
285642929025477601,0.0,0.0,0.0,0.0,0.0
285642930536209902,3.6086957454681396,11.321139736975642,141.2083897158322,61.75700378417969,520.7724195281611
285842930543680701,3.0365853309631348,5.744989126609011,72.5443818718155,80.82817840576172,471.08912778482517
285942930466952001,0.0,0.0,0.0,0.0,0.0
286042930529533502,1.5947136878967285,6.514952897913736,1471.6502578527895,168.64340209960938,1478.8942886411837
286142930461326201,0.0,0.0,0.0,0.0,0.0
286242930509415601,0.0,0.0,0.0,0.0,0.0
286342927982837101,0.0,0.0,0.0,0.0,0.0
286342930526716102,0.0,0.0,0.0,0.0,0.0
286542930471697302,1.7865169048309326,3.959438596772421,33.79454865181712,58.314735412597656,352.39004258002655
286542930524444701,0.0,0.0,0.0,0.0,0.0
286742930519788302,0.0,0.0,0.0,0.0,0.0
286742930533445401,0.0,0.0,0.0,0.0,0.0
286942928570832201,0.0,0.0,0.0,0.0,0.0
286942928684064701,0.0,0.0,0.0,0.0,0.0
287142930538503402,0.0,0.0,0.0,0.0,0.0
287142930546935102,0.0,0.0,0.0,0.0,0.0
287242930472712401,0.0,0.0,0.0,0.0,0.0
287242930478058801,0.0,0.0,0.0,0.0,0.0
287442929424281301,0.0,0.0,0.0,0.0,0.0
287542930449605602,0.0,0.0,0.0,0.0,0.0
287542930471836801,0.0,0.0,0.0,0.0,0.0
287842930464915402,0.0,0.0,0.0,0.0,0.0
287942929309212902,0.0,0.0,0.0,0.0,0.0
287942930465536202,0.0,0.0,0.0,0.0,0.0
288042930543019902,0.0,0.0,0.0,0.0,0.0
288042930543246201,0.0,0.0,0.0,0.0,0.0
288242930469467601,0.0,0.0,0.0,0.0,0.0
288242930547391702,2.680000066757202,4.843391043142463,39.171585989767806,38.30879592895508,242.16955121808613
288442930541622001,0.0,0.0,0.0,0.0,0.0
288742930522472501,2.238095283508301,2.9563674994454305,20.86477373558119,9.25477409362793,62.08371906432835
288842930452286102,0.0,0.0,0.0,0.0,0.0
288842930460077201,0.0,0.0,0.0,0.0,0.0
288842930547629101,0.0,0.0,0.0,0.0,0.0
288842930549622001,0.0,0.0,0.0,0.0,0.0
288942930516013801,0.0,0.0,0.0,0.0,0.0
289042930527326901,0.0,0.0,0.0,0.0,0.0
289042930547054202,0.0,0.0,0.0,0.0,0.0
289142930458890701,0.0,0.0,0.0,0.0,0.0
289342930451844602,0.0,0.0,0.0,0.0,0.0
289442930462773001,0.0,0.0,0.0,0.0,0.0
289542930473308102,0.0,0.0,0.0,0.0,0.0
289642930545972401,0.0,0.0,0.0,0.0,0.0
289742930530455002,0.0,0.0,0.0,0.0,0.0
289842930516115902,2.384615421295166,3.2583935041653986,32.60407790626902,5.850129127502441,42.35911722583736
289942930511244801,2.25,3.5869979147681246,14.326447954637505,1.9349589347839355,14.347990960715608
291542930469697801,0.0,0.0,0.0,0.0,0.0
291642930542641001,0.0,0.0,0.0,0.0,0.0
291742930142600201,0.0,0.0,0.0,0.0,0.0
291942930446774202,0.0,0.0,0.0,0.0,0.0
291942930533612102,1.0,13.267826431446768,13.267844268204758,1.8690993785858154,13.267826431446768
292042930517688202,0.0,0.0,0.0,0.0,0.0
292142930479925101,2.302013397216797,3.7143045058834785,38.851525877738446,105.80062103271484,553.4313751942551
292242930515574002,3.8636362552642822,9.188707095286885,60.202185792349724,27.81036376953125,202.15155355734905
292442930460041502,0.0,0.0,0.0,0.0,0.0
292442930462885501,0.0,0.0,0.0,0.0,0.0
292942929456669102,0.0,0.0,0.0,0.0,0.0
293142930517194901,0.0,0.0,0.0,0.0,0.0
293242930526249502,0.0,0.0,0.0,0.0,0.0
293242930531600502,0.0,0.0,0.0,0.0,0.0
293242930550733201,0.0,0.0,0.0,0.0,0.0
293342930508080601,0.0,0.0,0.0,0.0,0.0
293342930508994302,0.0,0.0,0.0,0.0,0.0
293642930164668102,0.0,0.0,0.0,0.0,0.0
293642930446861002,1.941176414489746,3.9414775992482602,49.7927435387674,11.36158561706543,67.00511985365486
293742930524691402,0.0,0.0,0.0,0.0,0.0
294142930461696302,0.0,0.0,0.0,0.0,0.0
294342930527502601,2.529411792755127,7.393678579757463,175.87579957356076,103.60708618164062,754.1552316181695
294742929721498401,0.0,0.0,0.0,0.0,0.0
294742930517719501,0.0,0.0,0.0,0.0,0.0
294742930542542101,2.46875,6.088391442980994,148.108036012004,88.96337127685547,779.3140894962017
294942930446267502,1.9865771532058716,3.7535270312932467,100.28632715195128,102.197021484375,559.2755416853752
294942930455870402,2.8681318759918213,9.018781142503036,206.16936462970457,67.39666748046875,820.7090922061947
294942930531762002,0.43820226192474365,11.39729655488649,138.90254706533776,127.0414810180664,1014.3594207003267
295442930453856202,0.0,30.301604467975206,0.0,154.4115447998047,1999.9059525238908
295542928159286201,0.0,0.0,0.0,0.0,0.0
295542930480599701,0.0,0.0,0.0,0.0,0.0
295542930538104301,0.0,0.0,0.0,0.0,0.0
295742930474957402,0.0,0.0,0.0,0.0,0.0
295742930524433702,0.0,0.0,0.0,0.0,0.0
295842930532647602,0.0,0.0,0.0,0.0,0.0
295942930515960302,0.0,0.0,0.0,0.0,0.0
295942930516742801,0.0,0.0,0.0,0.0,0.0
296242930455377601,0.0,0.0,0.0,0.0,0.0
296342930508236301,0.0,0.0,0.0,0.0,0.0
296342930517781701,0.0,0.0,0.0,0.0,0.0
296442930519883402,0.0,0.0,0.0,0.0,0.0
296542930474349602,0.0,0.0,0.0,0.0,0.0
296642929820997201,0.0,0.0,0.0,0.0,0.0
296742927980095501,2.9811320304870605,7.583055877910404,137.10285882699677,46.1925163269043,401.901968506842
296742930529195101,0.0,0.0,0.0,0.0,0.0
296842930458231501,1.4659091234207153,8.167655508999784,183.3865596033628,89.05725860595703,718.7536560719731
296842930475425901,0.0,0.0,0.0,0.0,0.0
297142930453227601,0.0,0.0,0.0,0.0,0.0
297142930460015402,1.0,1.3987695376078289,1.3990885416666667,0.17318494617938995,1.3987695376078289
297142930544064501,0.0,0.0,0.0,0.0,0.0
297142930548160502,0.0,0.0,0.0,0.0,0.0
297242930550572001,0.0,0.0,0.0,0.0,0.0
297442930464887802,0.0,0.0,0.0,0.0,0.0
297742930468887502,0.0,0.0,0.0,0.0,0.0
297942930447564901,0.0,0.0,0.0,0.0,0.0
297942930472700202,1.991735577583313,4.9179087424726555,135.7263119085658,79.2562255859375,595.0669726263587
297942930473282202,0.0,0.0,0.0,0.0,0.0
298042930524275601,0.0,0.0,0.0,0.0,0.0
298242930477089302,0.3265306055545807,10.460483328953751,21.78137128072445,37.009918212890625,512.5636858082681
298242930510235002,3.2558138370513916,6.856623618197279,103.93850340136055,40.08528137207031,294.8348207289508
298342930447643102,1.600000023841858,7.389766734951396,25.09172482552343,3.2265732288360596,36.94883264026281
298342930544433301,0.0,0.0,0.0,0.0,0.0
298342930548585002,3.5161290168762207,4.682592279986766,56.22930702598653,25.480863571166992,145.16035853818246
298542930475335702,0.0,0.0,0.0,0.0,0.0
298542930528293701,0.0,0.0,0.0,0.0,0.0
298842930529840402,15.333333015441895,23.753317266031196,285.03986135181975,25.762325286865234,285.03980606846005
299042929197945001,0.0,0.0,0.0,0.0,0.0
299242930449084201,0.0,0.0,0.0,0.0,0.0
299442930462151402,0.0,0.0,0.0,0.0,0.0
299542930517598002,0.0,0.0,0.0,0.0,0.0
299642930472921601,1.0512820482254028,43.1562890625,75.06666666666666,72.67627716064453,1683.0952892896864
299642930524834302,0.0,0.0,0.0,0.0,0.0
299742930528227402,0.0,0.0,0.0,0.0,0.0
299742930545005402,0.0,0.0,0.0,0.0,0.0
301242930459796901,0.0,0.0,0.0,0.0,0.0
301542930508533601,0.0,0.0,0.0,0.0,0.0
301542930528796002,0.0,0.0,0.0,0.0,0.0
301642930479679501,0.0,0.0,0.0,0.0,0.0
301642930524385402,0.0,0.0,0.0,0.0,0.0
301842930461762701,0.0,0.0,0.0,0.0,0.0
301842930544711402,0.0,0.0,0.0,0.0,0.0
301942929839855901,0.0,112.38498495989305,0.0,15.140997886657715,112.38498495989305
301942930474861802,0.0,0.0,0.0,0.0,0.0
302042930474602301,0.0,0.0,0.0,0.0,0.0
302142930528684002,3.493975877761841,8.043632915567283,128.60385224274407,71.02042388916016,667.6215260528323
302142930534298101,3.5581395626068115,9.745499687668827,119.957320367369,49.12955093383789,419.05648529613296
302542930466332502,0.0,0.0,0.0,0.0,0.0
302542930541058901,2.6666667461395264,21.454783640521065,231.53362897265336,32.13640213012695,514.9148120640475
302542930544385002,0.0,0.0,0.0,0.0,0.0
302542930550807001,0.0,0.0,0.0,0.0,0.0
302842930457098302,0.0,0.0,0.0,0.0,0.0
302942930517101002,0.0,0.0,0.0,0.0,0.0
303142930474287802,0.0,0.0,0.0,0.0,0.0
303142930522970002,1.4285714626312256,4.690489580626299,55.42290367290367,103.37103271484375,591.0016698412654
303242930525631102,0.0,0.0,0.0,0.0,0.0
303442929946432702,0.0,0.0,0.0,0.0,0.0
303642928077879902,0.0,0.0,0.0,0.0,0.0
303742930463339901,0.0,0.0,0.0,0.0,0.0
303742930466476901,0.0,0.0,0.0,0.0,0.0
303742930474687902,0.0,0.0,0.0,0.0,0.0
303942927963809701,0.0,0.0,0.0,0.0,0.0
303942930465122701,3.1290323734283447,7.00801742182869,124.10195613515116,84.87326049804688,651.745626905223
304042930476111801,0.0,0.0,0.0,0.0,0.0
304142930516774902,0.0,0.0,0.0,0.0,0.0
304142930548522101,0.0,0.0,0.0,0.0,0.0
304542929249094801,0.0,0.0,0.0,0.0,0.0
304542930461310101,0.0,0.0,0.0,0.0,0.0
304542930546424301,0.0,0.0,0.0,0.0,0.0
304742930530586601,1.7058823108673096,8.58060266842225,87.96195816914216,20.195362091064453,145.87024232899648
304842930517668701,0.0,0.0,0.0,0.0,0.0
304842930519811202,0.0,0.0,0.0,0.0,0.0
305142930508959602,0.5037037134170532,3.774992122130444,22.308159908460272,68.0,509.62391996271134
305442928726076102,0.0,0.0,0.0,0.0,0.0
305442930454598402,0.0,0.0,0.0,0.0,0.0
305442930471191902,0.0,0.0,0.0,0.0,0.0
305542930529910201,3.5,7.343512256973796,8.77861369399831,2.1492919921875,14.687024513947591
305742930528768702,2.247706413269043,4.4543595840301,94.06310891377053,71.44763946533203,485.52518036123865
306242930537512101,3.3809523582458496,5.619525149609575,73.98028673835125,35.359134674072266,236.02006249103067
306442930473335602,0.0,0.0,0.0,0.0,0.0
306442930517138902,0.0,0.0,0.0,0.0,0.0
306542930533804102,0.0,0.0,0.0,0.0,0.0
306642930462906002,0.0,0.0,0.0,0.0,0.0
306642930479796202,2.732142925262451,8.189762488981557,171.9845402766477,70.03890228271484,917.2533717019661
306842930453555401,0.0,0.0,0.0,0.0,0.0
306842930480406501,0.0,0.0,0.0,0.0,0.0
306942930550479101,0.0,0.0,0.0,0.0,0.0
307042930532334402,3.0,7.254399634009009,21.07873873873874,3.445535182952881,21.763198154208897
307142929091435101,0.0,0.0,0.0,0.0,0.0
307142930458079601,0.0,0.0,0.0,0.0,0.0
307142930474623902,0.0,0.0,0.0,0.0,0.0
307242930515916901,0.0,0.0,0.0,0.0,0.0
307342930509616201,0.0,0.0,0.0,0.0,0.0
307342930534097002,0.0,0.0,0.0,0.0,0.0
307442930479630902,0.0,0.0,0.0,0.0,0.0
307442930509778802,5.0,12.14743091373382,12.147249190938512,1.0823520421981812,12.14743091373382
307542930524280301,2.0416667461395264,2.796573935395078,29.773100172711572,9.875934600830078,67.11777464384036
307742930544301201,0.0,0.0,0.0,0.0,0.0
307842928636919901,0.0,0.0,0.0,0.0,0.0
308042930455771602,0.0,0.0,0.0,0.0,0.0
308142930466652001,0.0,0.0,0.0,0.0,0.0
308142930478039102,0.6071428656578064,5.7564202990979,26.3969239869861,25.965700149536133,161.179765459279
308142930529668602,0.0,0.0,0.0,0.0,0.0
308142930532520002,0.0,0.0,0.0,0.0,0.0
308242930544806301,0.0,0.0,0.0,0.0,0.0
308342929901445701,2.6666667461395264,8.513025717366842,14.365341335333833,3.0941121578216553,25.539076602646755
308342930080355601,0.0,0.0,0.0,0.0,0.0
308342930546970002,5.0,11.247001136726228,37.31014677728143,9.69137191772461,78.72901014317048
308542930477019402,0.0,0.0,0.0,0.0,0.0
308742930465134201,0.0,0.0,0.0,0.0,0.0
308842930547509501,0.0,0.0,0.0,0.0,0.0
308942929843657702,0.0,0.0,0.0,0.0,0.0
308942930464926901,1.0,2.359228260147564,2.3590582079790714,0.3293898403644562,2.359228260147564
308942930541987802,0.0,0.0,0.0,0.0,0.0
309042930531011002,0.0,0.0,0.0,0.0,0.0
309142929118744101,0.0,0.0,0.0,0.0,0.0
309142930464369601,0.0,0.0,0.0,0.0,0.0
309442930462659701,156.0,0.4693029751121776,0.46933085501858735,0.06840326637029648,0.4693029751121776
309542930530726202,2.532374143600464,5.436348518394054,172.6701524106984,65.51589965820312,755.6524048997774
309742930510620701,0.0,0.0,0.0,0.0,0.0
309942930545580002,0.0,0.0,0.0,0.0,0.0
311442930542281902,0.0,0.0,0.0,0.0,0.0
311542930446688901,0.0,0.0,0.0,0.0,0.0
311542930455740902,0.0,0.0,0.0,0.0,0.0
311642930475115902,0.0,0.0,0.0,0.0,0.0
311842930517670502,102.0,17.38293650793651,23.521604938271604,2.4424960613250732,34.76587301587302
311942930455638502,0.0,0.0,0.0,0.0,0.0
312042930480484602,23.5,37.257824143070046,42.22553402881272,10.982574462890625,74.51564828614009
312042930543741001,0.0,0.0,0.0,0.0,0.0
312142929704156101,0.0,0.0,0.0,0.0,0.0
312142930446570101,0.0,0.0,0.0,0.0,0.0
312242930543752601,0.0,0.0,0.0,0.0,0.0
312442930454121202,2.911764621734619,21.94325826625631,469.02525252525254,55.520084381103516,746.0707755425964
312542930528071701,0.0,0.0,0.0,0.0,0.0
312642930456892002,1.6666666269302368,6.540025210549645,316.0649208947081,96.39678192138672,843.663243506557
312642930515697601,0.0,0.0,0.0,0.0,0.0
312842930542735201,0.0,0.0,0.0,0.0,0.0
313042928021659402,0.0,0.0,0.0,0.0,0.0
313042930517111502,0.0,0.0,0.0,0.0,0.0
313142930516351402,0.0,0.0,0.0,0.0,0.0
313442930521399602,0.0,0.0,0.0,0.0,0.0
313442930533729502,0.0,0.0,0.0,0.0,0.0
313542930477137801,0.0,0.0,0.0,0.0,0.0
313542930525965001,0.0,0.0,0.0,0.0,0.0
313542930540390402,0.0,0.0,0.0,0.0,0.0
313642930460297502,0.0,0.0,0.0,0.0,0.0
313742930453968502,0.0,0.0,0.0,0.0,0.0
313742930525229401,0.0,0.0,0.0,0.0,0.0
313942930475403102,0.0,0.0,0.0,0.0,0.0
314042930466352302,0.0,0.0,0.0,0.0,0.0
314042930543493001,0.0,0.0,0.0,0.0,0.0
314242930527104402,0.0,0.0,0.0,0.0,0.0
314542930452521402,0.0,0.0,0.0,0.0,0.0
314642930525598602,0.0,0.0,0.0,0.0,0.0
314742930457973501,0.0,0.0,0.0,0.0,0.0
314742930461770301,0.0,0.0,0.0,0.0,0.0
314742930543917201,0.0,0.0,0.0,0.0,0.0
314942930524836901,0.0,0.0,0.0,0.0,0.0
315442930531999501,0.0,0.0,0.0,0.0,0.0
315542930519478501,0.0,0.0,0.0,0.0,0.0
315542930529561302,0.0,0.0,0.0,0.0,0.0
315642930530192301,0.0,0.0,0.0,0.0,0.0
315842930530136202,0.0,0.0,0.0,0.0,0.0
316642930462545502,1.3829786777496338,9.198528031861654,48.16014234875445,59.756717681884766,432.3308271699953
316642930469409301,2.4571428298950195,4.365217987804878,127.39695121951219,84.25138092041016,611.1305106551008
316642930530285002,0.0,0.0,0.0,0.0,0.0
316742930528486302,1.6065573692321777,4.08122564935065,87.40615955473098,72.84070587158203,497.90953580056583
316842930524674801,0.0,0.0,0.0,0.0,0.0
316842930534404902,0.0,0.0,0.0,0.0,0.0
317042930448374701,0.0,0.0,0.0,0.0,0.0
317042930461574402,0.0,0.0,0.0,0.0,0.0
317142930448776802,0.0,0.0,0.0,0.0,0.0
317242930351294101,0.0,0.0,0.0,0.0,0.0
317242930448551201,3.2830188274383545,11.954191810344827,170.23103448275862,48.04279708862305,633.5721494266904
317242930509868302,0.0,0.0,0.0,0.0,0.0
317242930541173401,0.0,0.0,0.0,0.0,0.0
317342930545988302,0.0,0.0,0.0,0.0,0.0
317442930478135302,0.0,0.0,0.0,0.0,0.0
317442930515782902,0.0,0.0,0.0,0.0,0.0
317542930447869902,0.0,0.0,0.0,0.0,0.0
317642930460503501,0.0,0.0,0.0,0.0,0.0
317642930516056901,2.6666667461395264,9.106302195581897,1038.1169181034484,141.9464111328125,1038.1184771374383
317642930525366102,0.0,0.0,0.0,0.0,0.0
317642930534374702,0.0,0.0,0.0,0.0,0.0
317742930447601401,0.0,0.0,0.0,0.0,0.0
317742930519615102,0.0,0.0,0.0,0.0,0.0
317942930545716001,0.0,0.0,0.0,0.0,0.0
318042930473003702,0.0,0.0,0.0,0.0,0.0
318042930474158602,0.0,0.0,0.0,0.0,0.0
318142930545846502,36.33333206176758,8.082652758526546,24.247311827956988,1.8946422338485718,24.247957619287636
318242930051124302,76.0,21.86276761795116,43.72552970088782,4.32196569442749,43.72553523590232
318242930445751301,0.4528301954269409,23.195767045454545,573.6490909090909,0.0,1229.3756851473722
318442930451906402,0.0,0.0,0.0,0.0,0.0
318442930472979202,0.0,0.0,0.0,0.0,0.0
318542929194731901,0.0,0.0,0.0,0.0,0.0
318742930519035401,0.0,0.0,0.0,0.0,0.0
318942930462878702,0.0,1.1876448169825453,0.0,0.18677127361297607,1.1876448169825453
319142930459262201,0.0,0.0,0.0,0.0,0.0
319142930473924202,0.0,0.0,0.0,0.0,0.0
319242930541495002,0.0,0.0,0.0,0.0,0.0
319342930472134402,0.0,0.0,0.0,0.0,0.0
319442930529431002,0.0,0.0,0.0,0.0,0.0
319542927897875801,0.0,0.0,0.0,0.0,0.0
319542930476446802,2.883720874786377,19.6422119140625,218.17676767676767,42.736305236816406,1689.2302081175524
319742930534511301,0.0,0.0,0.0,0.0,0.0
319942930521968101,0.0,0.0,0.0,0.0,0.0
321142929177982401,0.0,0.0,0.0,0.0,0.0
321242930519562901,0.0,0.0,0.0,0.0,0.0
321342930549425202,0.0,0.0,0.0,0.0,0.0
321842930538717302,3.2835819721221924,15.930608915441177,255.36705882352942,107.69393920898438,1067.3508023755692
322042930475107601,0.0,0.0,0.0,0.0,0.0
322042930475841301,0.0,0.0,0.0,0.0,0.0
322142930541473402,0.0,0.0,0.0,0.0,0.0
322442930518961301,0.0,0.0,0.0,0.0,0.0
322542930547495002,0.0,0.0,0.0,0.0,0.0
322642929537342401,0.0,0.0,0.0,0.0,0.0
322742930519716202,1.2765957117080688,17.908234705379353,82.31343283582089,62.50509262084961,841.6870380764577
322742930530703601,0.0,0.0,0.0,0.0,0.0
322842930476696802,0.0,0.0,0.0,0.0,0.0
323042929488733102,0.0,0.0,0.0,0.0,0.0
323042930546015301,0.0,0.0,0.0,0.0,0.0
323142930521426302,0.0,0.0,0.0,0.0,0.0
323342930509386901,1.2777777910232544,6.993684999502388,857.8455414012739,168.54193115234375,1258.863274810118
323342930527679301,0.0,0.0,0.0,0.0,0.0
323342930528370002,0.0,0.0,0.0,0.0,0.0
323442927975082002,0.0,0.0,0.0,0.0,0.0
323742930456266901,1.4056603908538818,8.168139931541937,126.1107437246775,133.5612030029297,865.82282776247
323742930477129001,0.0,0.0,0.0,0.0,0.0
323742930516063802,0.5,1.5270536585449648,0.03210202286719437,0.5236836075782776,3.0541072902494917
323842930542709901,2.7125000953674316,5.916233700901481,63.057308435286544,47.585113525390625,473.2987139267685
323942930517140201,0.0,0.0,0.0,0.0,0.0
324042930516101402,1.0909091234207153,17.434537503087945,288.90612648221344,82.11864471435547,1917.7990791505504
324142929467067101,0.0,0.0,0.0,0.0,0.0
324342930453507201,0.0,0.0,0.0,0.0,0.0
324442930473115401,0.0,0.0,0.0,0.0,0.0
324442930545607801,0.0,0.0,0.0,0.0,0.0
324542930516684901,0.0,0.0,0.0,0.0,0.0
324542930529308002,0.0,0.0,0.0,0.0,0.0
324742930529490902,0.0,0.0,0.0,0.0,0.0
324842930536416901,0.0,0.0,0.0,0.0,0.0
324942930516603101,0.0,0.0,0.0,0.0,0.0
325842927959121701,0.0,0.0,0.0,0.0,0.0
325942930456155801,0.0,0.0,0.0,0.0,0.0
325942930509005302,0.0,0.0,0.0,0.0,0.0
326242929348469101,0.4028435945510864,7.625475904538021,368.6467702371218,204.79010009765625,1608.9753950336676
326242930475913001,0.0,0.0,0.0,0.0,0.0
326242930479798102,2.86956524848938,5.880025920730134,51.76780185758514,19.746456146240234,135.24059995605973
326242930532815501,0.0,0.0,0.0,0.0,0.0
326742930545741002,0.0,0.0,0.0,0.0,0.0
326942930462396301,1.861313819885254,5.352322048611111,110.23027375201288,93.2925796508789,733.2681401898255
327042930518364901,1.6024096012115479,1.6542898728673352,88.8518462813217,9.68820571899414,137.30606097668536
327042930543509002,0.0,0.0,0.0,0.0,0.0
327142928822976102,0.0,0.0,0.0,0.0,0.0
327142930531769601,0.0,7.984498742508562,0.0,52.29473876953125,479.0699400340041
327242930480443201,0.0,0.0,0.0,0.0,0.0
327342930519145801,0.0,0.0,0.0,0.0,0.0
327442930468325001,0.0,0.0,0.0,0.0,0.0
327442930518731202,0.0,0.0,0.0,0.0,0.0
327842930545368201,0.0,0.0,0.0,0.0,0.0
327942930472483502,0.0,0.0,0.0,0.0,0.0
328142930525625702,0.0,0.0,0.0,0.0,0.0
328142930530120601,1.8571428060531616,0.9367638470722591,3.629734219269103,0.7744652628898621,6.557347091725498
328442930531385702,0.0,0.0,0.0,0.0,0.0
328642930476288101,0.0,0.0,0.0,0.0,0.0
328742930447855701,0.0,0.0,0.0,0.0,0.0
328742930516958201,0.0,0.0,0.0,0.0,0.0
328842930458449401,0.0,0.0,0.0,0.0,0.0
329042930528042701,0.0,0.0,0.0,0.0,0.0
329142930476959202,0.0,0.0,0.0,0.0,0.0
329142930539175902,0.0,0.0,0.0,0.0,0.0
329242929307482901,1.4074074029922485,8.337678054283405,73.26149425287356,31.20446014404297,450.2346290062214
329342930450180801,0.0,0.0,0.0,0.0,0.0
329442930539290901,0.0,0.0,0.0,0.0,0.0
329542930459791702,2.882352828979492,11.457450284090909,203.11127272727273,133.4235076904297,1168.6599433122115
329742928108713902,0.0,0.0,0.0,0.0,0.0
329742930510530302,0.0,0.0,0.0,0.0,0.0
331342928577536302,1.2298136949539185,7.164912916025923,946.9934094903339,167.90940856933594,1153.550961627273
331342930530428001,0.0,0.0,0.0,0.0,0.0
331542930458358102,0.0,0.0,0.0,0.0,0.0
331542930518042601,3.8333332538604736,10.36053103885135,53.41261261261261,7.271667003631592,62.16318804358577
331642930342522902,0.0,0.0,0.0,0.0,0.0
331642930475173601,0.0,0.0,0.0,0.0,0.0
331642930515500302,1.3045977354049683,8.891532412421572,441.7319988048999,104.31158447265625,1547.1265982396217
331742930456837602,0.0,0.0,0.0,0.0,0.0
331842930532015701,0.0,0.0,0.0,0.0,0.0
331942930518709902,0.0,0.0,0.0,0.0,0.0
332042930456928601,3.829268217086792,12.706531167390484,123.02416918429003,36.34596252441406,520.9677900634143
332342930517243401,0.0,0.0,0.0,0.0,0.0
332542930464905401,0.0,0.0,0.0,0.0,0.0
332742930527107102,0.0,0.0,0.0,0.0,0.0
332842930458384002,0.0,0.0,0.0,0.0,0.0
332842930526526402,0.0,0.0,0.0,0.0,0.0
333042929921931502,0.0,0.0,0.0,0.0,0.0
333042930525878601,4.358209133148193,9.087856642055861,99.03388278388279,83.52371978759766,608.8863686624464
333042930526610301,2.607142925262451,6.354690316040164,54.59577754891864,60.43490982055664,355.8626647643768
333142930538263901,0.0,0.0,0.0,0.0,0.0
333242929703991002,0.0,0.0,0.0,0.0,0.0
333342930544586401,0.0,0.0,0.0,0.0,0.0
333542930452004602,0.0,0.0,0.0,0.0,0.0
333542930532226401,0.0,0.0,0.0,0.0,0.0
333742928623643602,0.0,0.0,0.0,0.0,0.0
333742930447710401,0.0,0.0,0.0,0.0,0.0
333842930525494501,0.0,0.0,0.0,0.0,0.0
334042930480420201,0.0,0.0,0.0,0.0,0.0
334142930518709202,0.0,0.0,0.0,0.0,0.0
334342930517250501,4.142857074737549,10.322766101086414,126.10889110889111,22.362825393676758,216.77809531776816
334542928757944602,2.524193525314331,8.464058789376265,256.9036809387442,77.81709289550781,1049.543310020359
334642930463735102,0.0,0.0,0.0,0.0,0.0
334742930464407302,0.0,0.0,0.0,0.0,0.0
334742930550062701,0.0,0.0,0.0,0.0,0.0
334842930540429202,0.0,0.0,0.0,0.0,0.0
334942930519074702,0.0,0.0,0.0,0.0,0.0
335042930456163602,0.0,0.0,0.0,0.0,0.0
335242930549567202,0.9743589758872986,4.628497354583831,42.20397489539749,32.24430465698242,180.5113942202735
335642930473582201,0.0,0.0,0.0,0.0,0.0
335742928811707801,0.0,0.0,0.0,0.0,0.0
335842930479885101,0.0,0.0,0.0,0.0,0.0
335842930547547102,0.0,0.0,0.0,0.0,0.0
336042930529221701,0.0,0.0,0.0,0.0,0.0
336142930480247501,2.142857074737549,4.649652364509522,32.41829052258636,4.230699062347412,32.54756637333345
336342928855703402,0.0,0.0,0.0,0.0,0.0
336342930479111802,0.0,0.0,0.0,0.0,0.0
336542928235791602,0.0,0.0,0.0,0.0,0.0
336642930547172801,5.0,24.385891508983182,77.88073394495413,11.73570442199707,146.3153487739213
336842928235971801,0.0,0.0,0.0,0.0,0.0
336942930511301301,0.0,0.0,0.0,0.0,0.0
337042930478901701,0.0,0.0,0.0,0.0,0.0
337042930532277601,1.4054054021835327,3.577906695897741,82.47358586716494,65.628662109375,264.7650936976219
337142930476072102,1.0,5.535315583881579,5.53578947368421,0.33733564615249634,5.535315583881579
337342930456181701,0.0,0.0,0.0,0.0,0.0
337442930525066402,0.0,0.0,0.0,0.0,0.0
337542930462685102,1.0,27.521188766891893,27.521621621621623,1.800330400466919,27.521188766891893
337642930543341001,0.0,0.0,0.0,0.0,0.0
337742930526684701,0.0,0.0,0.0,0.0,0.0
337842930452940302,0.0,0.0,0.0,0.0,0.0
337842930477414902,0.0,0.0,0.0,0.0,0.0
337942929800508901,0.0,0.0,0.0,0.0,0.0
338042928845019702,0.0,0.0,0.0,0.0,0.0
338042930541162002,0.0,0.0,0.0,0.0,0.0
338242930461890002,0.0,0.0,0.0,0.0,0.0
338442930521976001,2.905172348022461,6.811694764254386,147.66666666666666,121.62413787841797,790.1566110139029
338742930455466002,0.0,0.0,0.0,0.0,0.0
338842930548855501,0.0,0.0,0.0,0.0,0.0
338942930517342702,0.0,0.0,0.0,0.0,0.0
338942930543405802,0.0,0.0,0.0,0.0,0.0
339042930474793701,0.0,0.0,0.0,0.0,0.0
339042930545527902,1.0,7.25417894320795,13.610381077529567,0.8669109344482422,14.508357966619785
339242930220743401,0.0,0.0,0.0,0.0,0.0
339442930523968302,0.0,0.0,0.0,0.0,0.0
339642930480766401,0.0,0.0,0.0,0.0,0.0
339642930525423102,0.0,0.0,0.0,0.0,0.0
339742930526997301,0.0,0.0,0.0,0.0,0.0
339842927963711401,0.0,0.0,0.0,0.0,0.0
339842930447217001,0.0,0.0,0.0,0.0,0.0
339842930550330402,0.0,0.0,0.0,0.0,0.0
339942930532939901,0.0,0.0,0.0,0.0,0.0
341142929417399601,0.0,0.0,0.0,0.0,0.0
341242930518833102,0.0,0.0,0.0,0.0,0.0
341242930523112101,0.0,0.0,0.0,0.0,0.0
341342930456359501,2.1063830852508545,6.343243473915453,95.93793540215326,52.7044792175293,298.132446322885
341342930477720902,0.0,0.0,0.0,0.0,0.0
341442930475907401,3.2439024448394775,5.669983317445186,443.41992373689226,72.50566864013672,464.9386233915251
341442930519841401,0.0,0.0,0.0,0.0,0.0
341442930538862202,3.0657894611358643,16.32247088423609,183.90874300853693,103.42108917236328,1240.507813382647
341442930546207101,0.0,0.0,0.0,0.0,0.0
341542930550753601,0.6576576828956604,6.0214685913541235,249.88375466224616,111.88794708251953,668.3830273846003
341642930529403602,0.0,0.0,0.0,0.0,0.0
341742930469756902,0.0,0.0,0.0,0.0,0.0
341742930548656502,0.0,0.0,0.0,0.0,0.0
341842930524241201,0.0,0.0,0.0,0.0,0.0
341942930459636002,0.0,0.0,0.0,0.0,0.0
342042928560914101,2.7669901847839355,11.8792009522929,209.50650887573966,124.5518569946289,1223.5576532126884
342242930460756801,0.0,0.0,0.0,0.0,0.0
342442930479952501,2.8852458000183105,8.299534412709225,134.86278707668353,42.44479751586914,506.2715870228757
342542930456553701,0.0,0.0,0.0,0.0,0.0
342542930508067702,0.0,0.0,0.0,0.0,0.0
342642930541899602,0.0,0.0,0.0,0.0,0.0
342642930546268701,0.0,0.0,0.0,0.0,0.0
342742930540958102,0.0,0.0,0.0,0.0,0.0
342842930534602701,101.66666412353516,1.3862001223893292,4.158649147573026,0.7276034951210022,4.158600367167987
343042930519223402,0.0,0.0,0.0,0.0,0.0
343142930525678801,0.0,0.0,0.0,0.0,0.0
343242929400142802,0.0,0.0,0.0,0.0,0.0
343242929800157201,0.0,8.744466268347761,265.19533308242376,117.50198364257812,1302.9254237639084
343342930464798602,3.0549449920654297,14.290057116596639,186.62689075630252,96.84969329833984,1300.3951528789617
343342930466774202,0.0,0.0,0.0,0.0,0.0
343442930548167501,0.0,0.0,0.0,0.0,0.0
343542930548828801,0.0,7.703724876539932,0.0,28.987211227416992,184.88939593500675
343642930531569302,2.1909091472625732,6.756219691309189,102.6390060947023,105.69037628173828,743.1841873910245
343642930544262102,0.0,0.0,0.0,0.0,0.0
343742928912076802,0.0,0.0,0.0,0.0,0.0
343842930527264502,0.0,0.0,0.0,0.0,0.0
343842930546595402,2.4285714626312256,6.244877681911214,60.27009668995695,21.601398468017578,174.85657307753172
343942930548932901,0.0,0.0,0.0,0.0,0.0
344042930455560502,0.0,0.0,0.0,0.0,0.0
344042930528869902,0.0,0.0,0.0,0.0,0.0
344142930479051402,0.5,44.594605876417454,86.12415913895829,17.813947677612305,89.18921100206612
344242930508956602,0.0,0.0,0.0,0.0,0.0
344542930518632701,0.0,0.0,0.0,0.0,0.0
344642930531930701,0.0,0.0,0.0,0.0,0.0
344742930474743902,0.0,0.0,0.0,0.0,0.0
344842930453546402,2.4000000953674316,3.0533184509225,17.54534707078627,7.756777763366699,91.59955245092709
345142930452588901,0.0,0.0,0.0,0.0,0.0
345242930101315801,2.0264899730682373,4.821781153195273,84.20752065167508,59.500179290771484,728.0889817162247
345242930475998202,0.0,0.0,0.0,0.0,0.0
345242930478022802,0.019480518996715546,7.277555347568867,155.30227398779812,121.16034698486328,1120.7435287118376
345242930535683001,0.0,0.0,0.0,0.0,0.0
345342929544053901,0.0,0.0,0.0,0.0,0.0
345342930466643601,0.0,0.0,0.0,0.0,0.0
345342930478327301,2.5514705181121826,5.125485472930733,101.17879469867466,98.72722625732422,697.0660425860096
345842930527032402,0.0,0.0,0.0,0.0,0.0
345842930527886501,0.0,0.0,0.0,0.0,0.0
345942929091386401,0.0,0.0,0.0,0.0,0.0
346042930463684402,0.0,0.0,0.0,0.0,0.0
346442930545956501,0.0,0.0,0.0,0.0,0.0
346542930473729001,0.0,0.0,0.0,0.0,0.0
346542930526196101,2.9152543544769287,8.981376726130968,247.93890589852538,67.7206802368164,1059.8025048301388
346542930534670102,0.0,0.0,0.0,0.0,0.0
346542930543801102,0.0,0.0,0.0,0.0,0.0
346742930473292901,0.0,0.0,0.0,0.0,0.0
346842930518058602,3.2857143878936768,5.681633670569707,130.17817036428374,75.69185638427734,517.0286563174818
346942928923773502,0.0,0.0,0.0,0.0,0.0
346942930545787402,0.0,0.0,0.0,0.0,0.0
347042930542852202,0.0,0.0,0.0,0.0,0.0
347142930518996802,2.5747127532958984,3.7212863856406386,45.42982522318622,41.468387603759766,323.7519230364254
347142930542876001,0.0,0.0,0.0,0.0,0.0
347242930518420401,0.0,0.0,0.0,0.0,0.0
347342930541527202,0.0,0.0,0.0,0.0,0.0
347342930543230401,0.0,0.0,0.0,0.0,0.0
347942928176065301,0.20454545319080353,10.76151820047807,156.2896487216795,85.10282897949219,947.0136191498538
347942930470091601,0.0,0.0,0.0,0.0,0.0
348142930525884202,0.0,0.0,0.0,0.0,0.0
348242930472143502,0.0,0.0,0.0,0.0,0.0
348342930459843702,0.0,0.0,0.0,0.0,0.0
348542928242444802,1.0,93.61080876795162,6.239002267573696,11.563908576965332,93.61080876795162
348542930458368601,0.0,0.0,0.0,0.0,0.0
348642930463647301,6.25,6.400391683030877,20.833694474539545,4.423126697540283,25.60156600472728
348642930474443601,0.0,0.0,0.0,0.0,0.0
348742930550264202,0.0,0.0,0.0,0.0,0.0
348842930446522602,0.0,0.0,0.0,0.0,0.0
348842930448305701,0.0,0.0,0.0,0.0,0.0
349042930522319202,0.0,0.0,0.0,0.0,0.0
349042930528256602,0.0,0.0,0.0,0.0,0.0
349042930539087601,5.166666507720947,20.387018615660185,198.66223132036848,48.73397445678711,366.96632032677485
349342930462812102,0.0,0.0,0.0,0.0,0.0
349442930516840901,0.0,0.0,0.0,0.0,0.0
349442930542073801,0.0,0.0,0.0,0.0,0.0
349542930463037902,0.0,0.0,0.0,0.0,0.0
349542930464233001,0.0,0.0,0.0,0.0,0.0
349742930530005702,0.0,0.0,0.0,0.0,0.0
349842930526868801,0.0,0.0,0.0,0.0,0.0
349842930537161802,0.0,0.0,0.0,0.0,0.0
349942930453287002,0.0,0.0,0.0,0.0,0.0
351142930518610302,0.0,0.0,0.0,0.0,0.0
351242929197737002,0.0,0.0,0.0,0.0,0.0
351342930458841902,31.83333396911621,58.866688829787236,273.65754812563324,40.296112060546875,353.2001260527482
351542930472807902,0.0,0.0,0.0,0.0,0.0
351542930542392001,0.0,0.0,0.0,0.0,0.0
351542930542888401,0.0,0.0,0.0,0.0,0.0
351842930473013801,0.0,0.0,0.0,0.0,0.0
351842930516795801,0.0,0.0,0.0,0.0,0.0
351942930478868202,3.3333332538604736,4.537518923488331,18.636492220650638,3.6208410263061523,27.225113484276065
352042930457340302,0.0,0.0,0.0,0.0,0.0
352042930537324302,1.6666666269302368,4.658910238018014,10.527307202914098,1.9858019351959229,13.976731103889623
352142930462425302,0.0,0.0,0.0,0.0,0.0
352342930460748201,0.0,0.0,0.0,0.0,0.0
352442930453460201,0.0,0.0,0.0,0.0,0.0
352542930469163501,0.0,0.0,0.0,0.0,0.0
352642930459600202,0.0,0.0,0.0,0.0,0.0
352642930478847701,0.0,0.0,0.0,0.0,0.0
352642930531604201,0.8125,24.161578869872507,38.9490022172949,57.94060516357422,773.1705082049655
352842930534654102,0.0,0.0,0.0,0.0,0.0
352942930524844002,0.0,0.0,0.0,0.0,0.0
353342930537832101,2.0,4.511981652288301,67.55139500734214,15.88070011138916,121.82350552297957
353542929613487101,0.0,0.0,0.0,0.0,0.0
353542930462492101,0.0,0.0,0.0,0.0,0.0
353742929989757001,0.0,0.0,0.0,0.0,0.0
353742930449690102,0.0,0.0,0.0,0.0,0.0
353842930476422401,0.0,0.0,0.0,0.0,0.0
354142930466805102,0.0,0.0,0.0,0.0,0.0
354442927929225802,0.0,0.0,0.0,0.0,0.0
354642930520764501,2.494845390319824,8.13332274763014,142.83290488431876,118.9622573852539,788.9323176209908
354742930516887001,0.0,0.0,0.0,0.0,0.0
354742930525620201,0.0,0.0,0.0,0.0,0.0
354842930508660902,2.6666667461395264,9.461156384698276,28.30507662835249,3.6642918586730957,28.38346791906832
354842930519368602,0.0,0.0,0.0,0.0,0.0
355142930548645401,0.0,0.0,0.0,0.0,0.0
355242930526529902,0.0,0.0,0.0,0.0,0.0
355342930468737802,0.0,0.0,0.0,0.0,0.0
355442928697224902,0.0,0.0,0.0,0.0,0.0
355642930479523202,0.0,0.0,0.0,0.0,0.0
355942930525937802,0.0,0.0,0.0,0.0,0.0
355942930529354002,0.0,0.0,0.0,0.0,0.0
356242930460398301,0.31292515993118286,9.68347926667509,189.33956543708945,134.31069946289062,1423.4714139116238
356542930508363702,0.0,0.0,0.0,0.0,0.0
356542930547187501,0.0,0.0,0.0,0.0,0.0
356942930453980302,0.0,0.0,0.0,0.0,0.0
357242930474146102,0.0,0.0,0.0,0.0,0.0
357742930453737101,0.0,0.0,0.0,0.0,0.0
357742930516969102,0.0,0.0,0.0,0.0,0.0
357842929626479301,4.480000019073486,10.238900588333973,138.80674846625766,58.78001022338867,511.9450288550254
357942929642451502,0.0,0.0,0.0,0.0,0.0
357942930184642001,0.0,0.0,0.0,0.0,0.0
357942930530778202,3.9000000953674316,4.3589135381670445,21.975154308930385,6.684389591217041,43.58913525291435
358142930544582002,2.75,27.800294518849206,191.58412698412698,0.0,889.6093969314817
358242930460895502,1.0,4.056950081513433,4.056957511123187,0.48224785923957825,4.056950081513433
358442928258216002,0.0,0.0,0.0,0.0,0.0
358642929321259402,0.0,0.0,0.0,0.0,0.0
358742930549587401,0.0,0.0,0.0,0.0,0.0
358842930464104801,1.5192307233810425,5.932836033432464,57.262087490406756,54.03659439086914,308.5074829239161
359042930531360101,0.0,0.0,0.0,0.0,0.0
359042930533227901,0.0,0.0,0.0,0.0,0.0
359242930534008902,2.3495144844055176,8.786882683291495,298.4319255759008,108.3252944946289,905.0488921310235
359342930547018002,0.0,0.0,0.0,0.0,0.0
359542928823136501,0.0,0.0,0.0,0.0,0.0
359542930510540501,0.0,0.0,0.0,0.0,0.0
359542930546652401,0.0,0.0,0.0,0.0,0.0
359542930547704001,1.4182692766189575,7.426365410585671,550.1664139499621,216.2249755859375,1544.683987147705
359642930460549701,0.0,0.0,0.0,0.0,0.0
359642930474938401,0.0,111.04758803666185,163.22981186685962,31.299589157104492,222.09517004341535
359642930543976301,0.0,0.0,0.0,0.0,0.0
359742930529177501,0.0,0.0,0.0,0.0,0.0
359942929703939902,0.0,0.0,0.0,0.0,0.0
359942930456560502,0.0,0.0,0.0,0.0,0.0
359942930456840101,0.0,0.0,0.0,0.0,0.0
359942930524706101,0.0,0.0,0.0,0.0,0.0
361142927975121802,3.453488349914551,4.721317612536302,100.81109113538929,74.1959228515625,406.0333216238147
361342930462349102,0.0,0.0,0.0,0.0,0.0
361342930477354902,0.0,0.0,0.0,0.0,0.0
361342930480586502,0.0,0.0,0.0,0.0,0.0
361542930508297202,0.0,0.0,0.0,0.0,0.0
361642930480458002,0.0,0.0,0.0,0.0,0.0
361642930526437301,4.0,27.704489301108374,54.364532019704434,3.10872745513916,55.4089769184883
361942930525512301,0.42105263471603394,11.128888391782965,93.97593840230991,84.25550842285156,845.7955190238182
361942930530406602,1.0,15.515325107716412,15.515276145710928,2.374218225479126,15.515325107716412
361942930532111701,0.0,0.0,0.0,0.0,0.0
362042930544823201,0.0,0.0,0.0,0.0,0.0
362242930460297302,0.021739130839705467,7.914930815141547,0.17065390749601275,51.80819320678711,364.0868244953513
362242930547052601,2.5999999046325684,16.044826683529156,39.91731940818103,7.926584243774414,80.22413596741733
362442930465016701,0.0,0.0,0.0,0.0,0.0
362442930549738201,0.0,0.0,0.0,0.0,0.0
362642930463508202,6.153846263885498,22.52432837320348,142.0499243570348,22.85865592956543,292.816278339334
362642930510624401,1.9672131538391113,4.173579655283505,97.4560824742268,30.237600326538086,254.5883697714265
362742930460187602,2.8214285373687744,8.192981747414569,60.797661870503596,17.34879493713379,229.4034995706819
362742930528277302,2.4726028442382812,3.5117846659393184,124.58802992518703,91.67451477050781,512.7205612429955
362842930531219902,0.0,0.0,0.0,0.0,0.0
363242930533930601,0.0,0.0,0.0,0.0,0.0
363542930480759601,2.1666667461395264,4.427643177977791,106.43527139802745,59.37211608886719,611.0147593165605
363642929704205701,0.0,0.0,0.0,0.0,0.0
363642930533345502,0.0,0.0,0.0,0.0,0.0
363742929725351301,4.125,5.189352263815154,65.0057915057915,36.71703338623047,249.0889140777146
363742930461833501,0.0,0.0,0.0,0.0,0.0
363842930473755601,0.0,0.0,0.0,0.0,0.0
363942927929319102,0.0,0.0,0.0,0.0,0.0
364142930476434801,0.0,0.0,0.0,0.0,0.0
364242930539775901,0.0,0.0,0.0,0.0,0.0
364242930543965801,0.0,0.0,0.0,0.0,0.0
364442930550625301,0.0,0.0,0.0,0.0,0.0
364542930546529701,3.0,1.7839688640186695,2.0227445034116753,0.47944867610931396,3.56793782058496
364742929013050002,2.8947367668151855,7.092719935279952,47.92634958860124,12.777024269104004,134.7616839576337
364742930533039701,0.0,0.0,0.0,0.0,0.0
364842930545377702,0.0,0.0,0.0,0.0,0.0
364942930464560301,16.5,12.794894385555947,36.875439831104856,13.24829387664795,102.35915577168367
365342929696795902,0.0,0.0,0.0,0.0,0.0
365442930462918502,0.0,0.0,0.0,0.0,0.0
365542930453482901,0.0,0.0,0.0,0.0,0.0
365542930528183702,0.0,0.0,0.0,0.0,0.0
365542930545595702,0.0,0.0,0.0,0.0,0.0
365642930475386902,0.0,0.0,0.0,0.0,0.0
365742929197782602,0.0,0.0,0.0,0.0,0.0
365742930451079301,0.0,0.0,0.0,0.0,0.0
366042930480305402,5.0,34.54053598093269,34.540546749368254,3.417093515396118,34.54053598093269
366042930524678302,0.0,0.0,0.0,0.0,0.0
366342929230173202,0.0,0.0,0.0,0.0,0.0
366342930461666002,0.0,0.0,0.0,0.0,0.0
366442930475860401,0.0,0.0,0.0,0.0,0.0
366642930516534001,0.0,0.0,0.0,0.0,0.0
366742930548750902,0.0,0.0,0.0,0.0,0.0
366842930476474902,0.0,0.0,0.0,0.0,0.0
366842930544745901,0.0,0.0,0.0,0.0,0.0
366942929424165902,3.1454546451568604,12.744071628736412,120.58152173913044,68.42745208740234,700.9239440033401
366942930543596502,0.0,0.0,0.0,0.0,0.0
367342930531717502,4.300000190734863,14.889437746062992,149.63307086614174,52.47211456298828,446.6831184777688
367442930453595802,3.8507461547851562,19.86528074807961,208.22206703910615,135.07846069335938,1330.9737694916112
367542930545579601,5.30555534362793,9.216449349261849,331.7925407925408,40.167259216308594,331.7921848300824
367642930538319801,0.0,0.0,0.0,0.0,0.0
367742928043720302,2.777777671813965,9.313155440596846,46.078828828828826,8.60966682434082,83.818399614042
367742930529880302,0.0,0.0,0.0,0.0,0.0
367842930518636802,0.0,0.0,0.0,0.0,0.0
368042930532028402,0.0,7.788953234265734,142.1619318181818,140.9529571533203,942.4633353544282
368042930542122402,0.0,0.0,0.0,0.0,0.0
368042930549846802,0.0,0.0,0.0,0.0,0.0
368142930457605901,0.0,0.0,0.0,0.0,0.0
368142930529370002,0.0,0.0,0.0,0.0,0.0
368142930530685501,0.0,0.0,0.0,0.0,0.0
368342930525229002,0.0,0.0,0.0,0.0,0.0
368442930519901401,0.0,0.0,0.0,0.0,0.0
368542930472747002,1.600000023841858,36.53273140688602,182.66350067842606,18.81843376159668,182.66365902200644
368542930529988102,3.0,6.020330888045835,7.385877980799009,1.9918783903121948,12.040661473656705
368642929385436301,0.0,0.0,0.0,0.0,0.0
368642930533408402,0.17322835326194763,3.4350132840850183,126.2230771329568,81.90809631347656,436.24668020191325
368742930461061301,0.0,0.0,0.0,0.0,0.0
368742930523579301,0.0,0.0,0.0,0.0,0.0
368942929160959801,0.0,0.0,0.0,0.0,0.0
368942930452764802,0.0,0.0,0.0,0.0,0.0
369042930528159301,0.0,22.073232382655622,0.0,38.28681564331055,728.4166375968351
369042930543856402,0.0,0.0,0.0,0.0,0.0
369442929476744201,3.05747127532959,7.722252797272246,153.8135593220339,86.30823516845703,671.8360112804478
369442930454635702,0.0,0.0,0.0,0.0,0.0
369642930447472302,0.0,0.0,0.0,0.0,0.0
369742928305303001,0.0,0.0,0.0,0.0,0.0
369742930529632401,0.0,0.0,0.0,0.0,0.0
369842930184265802,1.575757622718811,12.961569393382353,121.34393757503001,53.871192932128906,427.7317870541924
369842930519868001,2.5999999046325684,5.312415345681252,20.212152633761924,3.760979413986206,26.562076260073457
369842930530305702,0.0,0.0,0.0,0.0,0.0
369942930462320502,0.0,0.0,0.0,0.0,0.0
371142930531876202,5.57692289352417,10.936766751330431,433.5611998064828,53.03810119628906,568.7118916356973
371242930477195101,0.0,0.0,0.0,0.0,0.0
371242930527151002,0.0,0.0,0.0,0.0,0.0
371342929649371201,0.0,0.0,0.0,0.0,0.0
371342930447099902,0.0,0.0,0.0,0.0,0.0
371542930453662501,0.0,0.0,0.0,0.0,0.0
372042929493873702,0.8636363744735718,20.69801056690705,175.10897435897436,65.82183074951172,910.7124975400093
372042930465107002,0.0,0.0,0.0,0.0,0.0
372242930460591101,4.037499904632568,12.596974734042552,172.60283687943263,115.22017669677734,1007.7580072694406
372242930525378602,0.0,0.0,0.0,0.0,0.0
372442930453370702,0.0,0.0,0.0,0.0,0.0
372542930550452801,0.0,0.0,0.0,0.0,0.0
372642930456949402,5.0,19.38547843343535,19.385615914307575,2.9150760173797607,19.38547843343535
372642930549216101,2.3333332538604736,11.433402484279972,31.818928829133963,2.785534143447876,34.300208430739836
372842930470223101,0.0,0.0,0.0,0.0,0.0
372842930518254302,0.0,0.0,0.0,0.0,0.0
372842930526986302,2.954545497894287,8.81563352034396,96.66711409395973,14.292831420898438,193.94393194825858
373042929735805402,0.0,0.0,0.0,0.0,0.0
373042930537235601,0.0,0.0,0.0,0.0,0.0
373042930545550402,0.0,0.0,0.0,0.0,0.0
373142930476026202,0.0,0.0,0.0,0.0,0.0
373142930520861102,0.0,0.0,0.0,0.0,0.0
373242930529193902,0.0,0.0,0.0,0.0,0.0
373242930533335102,2.7460317611694336,4.074560740411518,64.99259734203777,31.98417854309082,256.6973291149393
373642929543954001,0.0,0.0,0.0,0.0,0.0
373642930526412302,0.0,0.0,0.0,0.0,0.0
373742930508176902,0.0,0.0,0.0,0.0,0.0
373742930510758901,0.0,0.0,0.0,0.0,0.0
374042930527670901,0.0,0.0,0.0,0.0,0.0
374142930449654802,4.766666889190674,7.56634002834287,179.62152998516635,43.30014419555664,453.98041428365707
374142930516963102,0.0,0.0,0.0,0.0,0.0
374242930464914402,0.0,0.0,0.0,0.0,0.0
374442930475103502,0.0,0.0,0.0,0.0,0.0
374442930476794701,0.0,0.0,0.0,0.0,0.0
374442930520343301,0.0,0.0,0.0,0.0,0.0
374442930534586502,0.0,0.0,0.0,0.0,0.0
374642929424230501,0.0,0.0,0.0,0.0,0.0
374642930521895602,0.0,0.0,0.0,0.0,0.0
374742930449722201,0.0,0.0,0.0,0.0,0.0
374842930429014701,0.0,0.0,0.0,0.0,0.0
374842930550442702,0.0,0.0,0.0,0.0,0.0
374942930517445901,2.555555582046509,1.7109045560955813,12.835286664554957,2.756164312362671,15.39814066652788
375042930524971302,0.0,0.0,0.0,0.0,0.0
375642928135615002,1.5714285373687744,3.187366859585631,17.82107843137255,1.4544919729232788,22.311568540685318
375842930456000201,0.0,0.0,0.0,0.0,0.0
375842930457831501,0.0,0.0,0.0,0.0,0.0
375842930469730202,0.0,0.0,0.0,0.0,0.0
376242930521159901,0.0,0.0,0.0,0.0,0.0
376342930526305002,0.0,0.0,0.0,0.0,0.0
376542930449361902,0.0,0.0,0.0,0.0,0.0
376542930459222301,0.0,0.0,0.0,0.0,0.0
376542930517808302,0.0,0.0,0.0,0.0,0.0
376642930474478102,3.25,1.3356205368427705,5.166329625884732,0.9153628945350647,5.342482324798862
376642930510212301,0.0,0.0,0.0,0.0,0.0
376842929025362102,2.6434781551361084,4.449656112788145,70.35876326381266,56.74346923828125,511.71043454758905
376842929303779501,0.0,0.0,0.0,0.0,0.0
376842930454741401,0.0,0.0,0.0,0.0,0.0
376942929400309801,3.2093024253845215,7.643681886817227,63.42268907563025,43.93226623535156,328.6783287625353
377042930452844201,0.0,0.0,0.0,0.0,0.0
377342930546095002,0.0,0.0,0.0,0.0,0.0
377642930450262401,0.0,0.0,0.0,0.0,0.0
377742930529740002,0.0,0.0,0.0,0.0,0.0
377842930527632401,0.0,0.0,0.0,0.0,0.0
378042930531933202,2.0,7.1044929223100075,56.15801354401806,96.5865707397461,603.8818956953498
378142930534621701,0.0,0.0,0.0,0.0,0.0
378242930480468501,0.0,0.0,0.0,0.0,0.0
378442927994754502,0.0,0.0,0.0,0.0,0.0
378542930455525302,0.3400000035762787,7.876597528872282,66.0375,67.25540161132812,393.8298895960269
378542930527331202,0.0,0.0,0.0,0.0,0.0
378642930517357601,3.066666603088379,6.911937834087171,44.3375,15.243898391723633,103.67907066345215
378642930548795902,0.0,0.0,0.0,0.0,0.0
378742930508361701,0.0,0.0,0.0,0.0,0.0
378842930534603702,0.0,0.0,0.0,0.0,0.0
379042928021898801,0.0,0.0,0.0,0.0,0.0
379042930529748301,0.0,0.0,0.0,0.0,0.0
379142930462597802,0.0,0.0,0.0,0.0,0.0
379442930464406301,2.6666667461395264,7.580012741416309,115.0068669527897,18.49819564819336,136.44023369392102
379442930525877202,0.0,0.0,0.0,0.0,0.0
379642930518465202,0.0,0.0,0.0,0.0,0.0
379942930458861702,2.392857074737549,2.8772771124242933,60.934555854643335,26.11907196044922,161.12751447849607
379942930538220701,2.407407522201538,6.0730673764058105,168.62699156513588,42.94152069091797,327.9456329738971
381142928258160401,0.0,0.0,0.0,0.0,0.0
381142930455402501,2.3809523582458496,8.743240521227051,62.368250539956804,22.589508056640625,183.6080557409167
381142930517571901,0.0,0.0,0.0,0.0,0.0
381242930530479402,0.0,0.0,0.0,0.0,0.0
381242930533425301,0.0,0.0,0.0,0.0,0.0
381342930464663802,0.0,0.0,0.0,0.0,0.0
381342930537371202,0.0,0.0,0.0,0.0,0.0
381342930545549801,2.8181817531585693,14.53410035576373,138.44164759725402,57.069801330566406,479.62532215205704
381442928592554802,0.0,0.0,0.0,0.0,0.0
381542930511082102,0.0,0.0,0.0,0.0,0.0
381642928726286801,0.0,0.0,0.0,0.0,0.0
381642930462800901,0.0,0.0,0.0,0.0,0.0
381842930473491101,0.0,0.0,0.0,0.0,0.0
381842930523905901,0.0,0.0,0.0,0.0,0.0
382042930478418501,0.0,0.0,0.0,0.0,0.0
382242930508843601,0.0,0.0,0.0,0.0,0.0
382342930527765702,2.7341771125793457,14.229200215242347,161.284693877551,122.53044891357422,1124.1068150890117
382442929816333701,0.0,0.0,0.0,0.0,0.0
382442930542936301,0.0,0.0,0.0,0.0,0.0
382542930547749401,2.7874999046325684,5.2812707210386725,102.96646132785763,0.0,422.501662907088
382742930459525601,4.115384578704834,6.7737182358014865,42.261146496815286,23.400188446044922,176.11666961151576
382742930529938201,0.0,0.0,0.0,0.0,0.0
382742930543048902,0.0,0.0,0.0,0.0,0.0
382742930545121801,0.0,0.0,0.0,0.0,0.0
382942930452010801,0.0,0.0,0.0,0.0,0.0
382942930519235701,0.0,0.0,0.0,0.0,0.0
382942930527975702,1.0,106.79221728769497,43.895436164067014,7.124554634094238,106.79221728769497
383042928022064701,1.0,117.01290335213032,117.01315789473684,16.15738868713379,117.01290335213032
383242928021739302,0.0,0.0,0.0,0.0,0.0
383242930526777101,2.365079402923584,9.213248068778334,215.6231209735147,87.9404067993164,1160.8692580040813
383442930517005701,0.0,0.0,0.0,0.0,0.0
383442930541590302,0.0,0.0,0.0,0.0,0.0
383542930478274501,0.0,0.0,0.0,0.0,0.0
383642930531412502,0.0,0.0,0.0,0.0,0.0
383642930541252702,3.620253086090088,23.76646555100975,328.933147632312,104.69640350341797,1877.5506837042594
383742930522503801,2.492537260055542,4.588270990113619,129.41546406964733,68.04607391357422,614.8283106812478
383842929166292701,0.0,0.0,0.0,0.0,0.0
384042930476955701,0.0,0.0,0.0,0.0,0.0
384142930474020702,0.0,0.0,0.0,0.0,0.0
384342930531682701,0.0,0.0,0.0,0.0,0.0
384442930531919902,2.269662857055664,4.64332290639382,72.43261012491782,65.89614868164062,413.255730718002
384542930531852601,1.6818181276321411,5.413483212925628,68.08387096774193,79.17224884033203,595.4831383482957
384642929231919301,0.0,0.0,0.0,0.0,0.0
384742930465311101,0.0,0.0,0.0,0.0,0.0
384942928967210401,0.0,0.0,0.0,0.0,0.0
384942930541042402,0.0,0.0,0.0,0.0,0.0
385042930518965302,0.0,28.13474693480861,0.0,166.19912719726562,2053.8364941690243
385042930542465302,0.0,0.0,0.0,0.0,0.0
385242930460781901,0.0,0.0,0.0,0.0,0.0
385342930533430402,3.1481480598449707,7.712989844712131,200.84975369458127,87.76168823242188,624.7521550432215
385442928043678802,0.0,0.0,0.0,0.0,0.0
385542929501805001,0.0,0.0,0.0,0.0,0.0
385542930518312701,0.0,0.0,0.0,0.0,0.0
385642930453262502,2.8019802570343018,9.35586100091051,215.09209157127992,123.64114379882812,944.9419320192843
385842930137776202,0.0,4.257349255692678,0.0,69.50337219238281,600.286232998313
386042930464980502,2.247422695159912,4.976145763206874,156.22208141929352,46.03150939941406,482.6861411218086
386142929047985301,0.0,0.0,0.0,0.0,0.0
386142930517200602,0.0,0.0,0.0,0.0,0.0
386142930533884901,0.0,0.0,0.0,0.0,0.0
386342930509658701,0.0,0.0,0.0,0.0,0.0
386342930522489501,0.0,0.0,0.0,0.0,0.0
386642930508954301,0.0,0.0,0.0,0.0,0.0
386642930545910101,3.4800000190734863,6.986183913523274,72.10834670947031,47.302547454833984,349.3091965686069
386742930517778002,0.0,0.0,0.0,0.0,0.0
386742930524873801,0.0,0.0,0.0,0.0,0.0
386942930516833302,51.599998474121094,27.17989002356638,92.69442262372348,17.76643943786621,135.8994501178319
386942930535033502,0.0,0.0,0.0,0.0,0.0
387142929070047801,0.0,0.0,0.0,0.0,0.0
387142930545653001,0.0,0.0,0.0,0.0,0.0
387242928779095702,0.0,0.0,0.0,0.0,0.0
387542930460935401,71.33333587646484,4.871978610064821,14.615977575332867,2.1518914699554443,14.615935402477882
387542930517584202,0.0,0.0,0.0,0.0,0.0
387542930524891601,0.0,0.0,0.0,0.0,0.0
387642930454143201,0.0,0.0,0.0,0.0,0.0
387742930508649701,0.0,0.0,0.0,0.0,0.0
387742930547812502,0.0,0.0,0.0,0.0,0.0
387942928025304302,0.0,0.0,0.0,0.0,0.0
388042930518093902,0.0,0.0,0.0,0.0,0.0
388042930524151601,1.75,2.0496759858404383,8.185383678440926,0.8574549555778503,8.19870413665214
388542930544726801,2.9066667556762695,10.179521427759463,223.06092986245312,42.14268112182617,763.4641038938668
388842930464829801,2.9814815521240234,10.771662617365742,246.22428922428924,160.80926513671875,1163.339575055525
388942930453069001,0.0,0.0,0.0,0.0,0.0
388942930480651502,0.0,0.0,0.0,0.0,0.0
389042930537878602,0.0,0.0,0.0,0.0,0.0
389142930509577502,0.42105263471603394,3.9341957587767764,40.243029581774906,10.688233375549316,74.7497175541592
389142930524417401,0.0,0.0,0.0,0.0,0.0
389242929417183102,0.0,0.0,0.0,0.0,0.0
389242930540877902,0.0,0.0,0.0,0.0,0.0
389342930335195702,0.0,0.0,0.0,0.0,0.0
389342930480540002,0.0,0.0,0.0,0.0,0.0
389542930520053202,0.0,0.0,0.0,0.0,0.0
389842930524519702,0.009615384973585606,4.828116521975041,0.3185024416711883,72.21593475341797,502.124100243987
389942930447477901,0.6516854166984558,6.900635362545843,44.34749388753056,82.13645935058594,614.1565418348335
389942930454321801,0.0,0.0,0.0,0.0,0.0
391242930472753802,0.0,0.0,0.0,0.0,0.0
391442930534416501,2.9275362491607666,22.292522063078703,379.34722222222223,83.33155822753906,1538.184007116159
391542930477955601,0.0,0.0,0.0,0.0,0.0
391642930516707901,2.25,8.394505360220043,85.1442205726405,35.27073287963867,235.0461525618714
391642930523212602,0.8571428656578064,9.55647815574687,35.24865831842576,10.177644729614258,66.89534698104175
391742930516466402,0.0,0.0,0.0,0.0,0.0
391742930525043601,5.333333492279053,5.184441197206191,16.442549842602308,5.351955413818359,31.10664849616548
391842930517761402,0.0,0.0,0.0,0.0,0.0
392042929704089602,2.0416667461395264,13.540844188017005,324.9834558823529,23.83034896850586,324.980260826209
392542930545437602,0.0,0.0,0.0,0.0,0.0
392642929843823801,3.142857074737549,7.80115150609837,159.85327870407252,72.2878189086914,819.1209093270174
392642930464602801,0.0,0.0,0.0,0.0,0.0
392642930473037902,0.0,0.0,0.0,0.0,0.0
392642930477428701,0.0,0.0,0.0,0.0,0.0
392942930516888401,0.0,0.0,0.0,0.0,0.0
393042930517697601,0.0,0.0,0.0,0.0,0.0
393042930542269002,0.0,0.0,0.0,0.0,0.0
393042930546631302,0.0,0.0,0.0,0.0,0.0
393142930544519301,0.0,0.0,0.0,0.0,0.0
393142930547471501,0.0,0.0,0.0,0.0,0.0
393242929766133401,0.0,0.0,0.0,0.0,0.0
393242930467765502,0.0,0.0,0.0,0.0,0.0
393242930476399502,0.0,0.0,0.0,0.0,0.0
393342930527369802,0.0,0.0,0.0,0.0,0.0
393542930480018402,0.0,0.0,0.0,0.0,0.0
393742930520197501,0.0,0.0,0.0,0.0,0.0
393742930545799702,0.0,0.0,0.0,0.0,0.0
394042929514211502,0.0,0.0,0.0,0.0,0.0
394042930459453101,0.44999998807907104,7.392764559659091,174.37033492822965,107.99447631835938,739.2764342276104
394442928121460502,0.0,0.0,0.0,0.0,0.0
394442930510586502,0.0,0.0,0.0,0.0,0.0
394542930458628602,0.0,0.0,0.0,0.0,0.0
394542930461458602,0.0,0.0,0.0,0.0,0.0
394842928269821601,0.0,0.0,0.0,0.0,0.0
394942930455046402,0.0,0.0,0.0,0.0,0.0
395242930457477202,0.0,0.0,0.0,0.0,0.0
395242930527336501,0.0,0.0,0.0,0.0,0.0
395442930465144201,0.0,0.0,0.0,0.0,0.0
395542930452254701,0.0,0.0,0.0,0.0,0.0
395642930474569001,0.0,3.986709108777866,0.0,11.379592895507812,87.70759846875622
395642930479548602,0.0,0.0,0.0,0.0,0.0
395942928191430301,3.8157894611358643,16.067387105082418,226.20219780219782,0.0,610.5607271718455
396042929762471102,0.0,0.0,0.0,0.0,0.0
396042930508149701,0.0,0.0,0.0,0.0,0.0
396142929020966702,0.0,0.0,0.0,0.0,0.0
396142930508118401,2.848484754562378,3.574518153934762,20.916697140349594,19.46249008178711,117.95910168231157
396242930474193301,0.0,0.0,0.0,0.0,0.0
396242930530884601,14.319999694824219,5.394575293186247,59.082126948775056,13.62686538696289,134.8643845216203
396242930540908902,2.194444417953491,5.20976748431415,127.78273474686283,94.94025421142578,562.6548899037763
396442930549904601,3.6666667461395264,7.625422415536336,22.876057740169237,3.5749671459198,22.87626703394296
396742930534244302,0.0,0.0,0.0,0.0,0.0
396842928607154801,0.0,0.0,0.0,0.0,0.0
396842930527885301,4.716980934143066,9.715803809952783,161.0765407554672,73.29637145996094,514.9375847405041
396942930477809802,0.0,0.0,0.0,0.0,0.0
396942930516506501,2.7906975746154785,15.300115790034072,81.19471890971039,102.11537170410156,1315.8100115995392
396942930529685301,0.0,0.0,0.0,0.0,0.0
396942930546900402,1.6173913478851318,11.493011912983425,174.253591160221,114.62081146240234,1321.6963937158744
397042930476226001,0.0,0.0,0.0,0.0,0.0
397242930538647501,0.0,0.0,0.0,0.0,0.0
397642930475479502,2.0,1.4044074516791802,1.4042207792207793,0.2175530642271042,1.4044074516791802
397842930476469701,0.0,0.0,0.0,0.0,0.0
397842930529378901,0.0,0.0,0.0,0.0,0.0
398342930477370602,0.0,0.0,0.0,0.0,0.0
398342930509659302,0.0,0.0,0.0,0.0,0.0
398542928779258801,0.0,0.0,0.0,0.0,0.0
398642930464486202,0.0,0.0,0.0,0.0,0.0
398742930474713601,0.0,9.740781816606228,0.0,136.54779052734375,1071.4859669123086
398742930527440801,0.0,0.0,0.0,0.0,0.0
398942928695745901,0.0,0.0,0.0,0.0,0.0
398942930516805102,8.909090995788574,12.754533688947634,180.64853977844913,47.57291793823242,420.89960767855456
399042930516875102,0.0,0.0,0.0,0.0,0.0
399042930533094102,4.5333333015441895,15.087737798317685,139.4745696400626,125.72710418701172,1131.5803037771784
399242930463225402,0.0,0.0,0.0,0.0,0.0
399342929373145101,0.0,0.0,0.0,0.0,0.0
399642927979893401,0.0,0.0,0.0,0.0,0.0
399642930527611501,3.700000047683716,6.674510888448332,153.90974493132765,75.2275161743164,533.9608558844398
399742930528621802,4.431818008422852,8.72391084233357,94.13456090651557,35.53868865966797,383.85207929692257
399742930542355302,0.0,0.0,0.0,0.0,0.0
399842930477787802,0.0,0.0,0.0,0.0,0.0
399842930518555101,0.0,0.0,0.0,0.0,0.0
401442930456696401,0.0,7.843480486400765,0.0,62.03354263305664,627.4784611200432
401442930533792802,0.0,0.0,0.0,0.0,0.0
401542930528130801,0.0,0.0,0.0,0.0,0.0
401642930471936801,0.0,0.0,0.0,0.0,0.0
401742928921383502,0.0,0.0,0.0,0.0,0.0
401942930466958002,0.0,0.0,0.0,0.0,0.0
402142930516212601,2.1081080436706543,3.4584182134693533,53.030816119200814,30.537153244018555,255.9229577019624
402142930525329602,3.0,3.4662939332391383,9.318615330271989,2.385756254196167,17.331469235004196
402242930220850201,0.0,0.0,0.0,0.0,0.0
402542930529279302,0.0,0.0,0.0,0.0,0.0
402642930511105501,0.0,0.0,0.0,0.0,0.0
402742930476771901,0.0,0.0,0.0,0.0,0.0
402742930528567501,0.0,0.0,0.0,0.0,0.0
402742930538104702,0.0,12.033174467409706,0.0,80.36947631835938,962.6539999572203
402842928726872901,2.762500047683716,7.000064561475999,110.51976142569704,62.00752639770508,560.0051703073403
402842930543174502,1.0222222805023193,10.000015346712939,8.148245154531168,139.70994567871094,900.0013641149602
403042930510952501,0.0,0.0,0.0,0.0,0.0
403242930464977002,0.0,0.0,0.0,0.0,0.0
403342930479456202,0.0,0.0,0.0,0.0,0.0
403442928135526702,0.0,0.0,0.0,0.0,0.0
403542930459240401,0.0,0.0,0.0,0.0,0.0
403642930457403402,26.0,77.67580452920143,77.67580452920143,7.252440929412842,77.67580452920143
403642930549127701,0.0,0.0,0.0,0.0,0.0
404042930534149001,0.0,0.0,0.0,0.0,0.0
404142930516623201,0.0,0.0,0.0,0.0,0.0
404142930543207202,0.3758865296840668,4.52287341511808,13.641308555942702,76.4286117553711,637.7251405527644
404342928592736402,2.3333332538604736,2.803362064696773,8.116104868913858,1.3835493326187134,8.41008622925895
404342929161928001,0.0,0.0,0.0,0.0,0.0
404342930530378302,0.0,0.0,0.0,0.0,0.0
404342930530450502,324.0,0.6235631444858637,0.6235476374903176,0.12825652956962585,0.6235631444858637
404542928009669402,0.0,0.0,0.0,0.0,0.0
404542930516805801,0.0,0.0,0.0,0.0,0.0
404742930534327401,0.0,0.0,0.0,0.0,0.0
404942928243018501,0.0,0.0,0.0,0.0,0.0
404942930462232801,0.0,0.0,0.0,0.0,0.0
405242929965425402,0.0,0.0,0.0,0.0,0.0
405242930075763902,0.0,0.0,0.0,0.0,0.0
405242930542378301,2.4482758045196533,3.7577774079183777,52.56083162217659,14.010574340820312,108.9755479418032
405342930516793902,0.0,0.0,0.0,0.0,0.0
405442930463122202,2.6867470741271973,3.8880500475888327,73.77593908629441,55.84257125854492,322.70815785814665
405642929034787301,0.0,0.0,0.0,0.0,0.0
405642930454048701,0.0,0.0,0.0,0.0,0.0
405742930435843402,0.0,0.0,0.0,0.0,0.0
405742930547082702,0.0,0.0,0.0,0.0,0.0
405942930463724801,0.0,0.0,0.0,0.0,0.0
406042930527059902,0.0,0.0,0.0,0.0,0.0
406142930253488602,0.0,0.0,0.0,0.0,0.0
406142930465603601,113.0,0.7912979025191959,0.7912813738441216,0.14064982533454895,0.7912979025191959
406142930480624702,0.0,0.0,0.0,0.0,0.0
406142930519779901,0.0,0.0,0.0,0.0,0.0
406242930448090402,0.0,0.0,0.0,0.0,0.0
406242930457494901,2.875,7.094122151762683,60.305932932072224,16.186418533325195,113.50595885758142
406242930532467501,0.0,0.0,0.0,0.0,0.0
406542930547152702,1.600000023841858,6.54190985120076,133.7304768486524,80.80023956298828,588.7718773454984
406642930549402802,0.0,0.0,0.0,0.0,0.0
406742930453129401,0.0,0.0,0.0,0.0,0.0
406842930476564801,0.0,0.0,0.0,0.0,0.0
406842930550301202,0.0,0.0,0.0,0.0,0.0
407042930462689801,0.0,0.0,0.0,0.0,0.0
407042930516282502,0.0,0.0,0.0,0.0,0.0
407142930456439801,5.0,6.2700241334752205,24.717847370021282,8.261246681213379,56.43021868586577
407142930461291902,0.0,0.0,0.0,0.0,0.0
407242930448943101,2.0,43.05826337064676,47.48673300165837,4.9868855476379395,86.11652350228026
407342930458624101,0.0,0.0,0.0,0.0,0.0
407342930463113101,0.0,0.0,0.0,0.0,0.0
407442929091989401,0.0,0.0,0.0,0.0,0.0
407442930545205401,0.0,0.0,0.0,0.0,0.0
407642930469038001,0.0,0.0,0.0,0.0,0.0
407742930465061701,1.04347825050354,9.804711579623287,94.48904109589041,85.89913177490234,676.5250992231173
407742930544345001,3.5416667461395264,8.459405446724709,42.7379767827529,27.40084457397461,203.02572210511164
407942930473018401,0.0,0.0,0.0,0.0,0.0
408042930479169602,0.7200000286102295,4.837851448946221,25.47325581395349,35.587711334228516,241.8925695818524
408242930522563502,1.9722222089767456,13.334406258172072,71.77824267782427,60.488224029541016,480.03860931715707
408242930526666201,0.0,0.0,0.0,0.0,0.0
408342930477095702,0.0,0.0,0.0,0.0,0.0
408342930534809402,0.0,0.0,0.0,0.0,0.0
408842930457682702,0.0,0.0,0.0,0.0,0.0
408842930529595802,4.0,8.387179118222631,8.387176240359157,1.2171807289123535,8.387179118222631
409142930517800302,2.5757575035095215,15.56268755173841,238.1953642384106,28.803468704223633,513.5686981251698
409242930459718201,2.3877551555633545,9.383274024151403,342.45129886546613,63.95547103881836,919.5608763268172
409242930471121901,0.0,0.0,0.0,0.0,0.0
409242930530387301,0.0,0.0,0.0,0.0,0.0
409242930538171502,0.0,0.0,0.0,0.0,0.0
409342930474059602,0.4897959232330322,8.923655043508703,22.54130826165233,99.3702621459961,874.5181694114702
409342930526145602,6.550000190734863,8.109508341044622,324.3810405099733,50.998512268066406,324.3803332464307
409542930342586901,0.0,0.0,0.0,0.0,0.0
409542930472605301,0.13533835113048553,7.752556758736137,233.27971332914836,103.01841735839844,1031.0900504461365
409542930532421802,0.0,0.0,0.0,0.0,0.0
409642930479184301,0.0,0.0,0.0,0.0,0.0
409742930518180302,3.142857074737549,7.394855869113574,49.85595567867036,10.62161922454834,103.52797823401369
411142930479404701,0.0,0.0,0.0,0.0,0.0
411342930458816501,3.1315789222717285,3.4508127344123642,51.49671508042389,39.53541946411133,262.26177990820946
411342930550028202,0.0,0.0,0.0,0.0,0.0
411442930515834401,0.0,0.0,0.0,0.0,0.0
411842928042083402,109.0,157.49685006299873,157.49685006299873,25.443859100341797,157.49685006299873
411942928213938501,0.0,0.0,0.0,0.0,0.0
412042930449031401,5.333333492279053,10.398876791620728,50.803197353914,9.59830379486084,62.39325772151926
412142930453103101,0.0,0.0,0.0,0.0,0.0
412142930530157001,2.048275947570801,4.023624155139893,101.59666771455517,72.92022705078125,583.4254882730154
412242930518214602,0.0,0.0,0.0,0.0,0.0
412342930289588601,0.0,0.0,0.0,0.0,0.0
412342930289643401,0.0,0.0,0.0,0.0,0.0
412342930532782902,1.7857142686843872,6.380984575320513,64.31474358974359,6.231421947479248,89.33378220093556
412442930508733902,3.0714285373687744,20.273709432952923,120.83566333808845,99.8414535522461,1702.9915387598492
412542930544672702,0.0,0.0,0.0,0.0,0.0
412642930534747002,1.0,13.517177714404397,13.517382413087935,1.5354238748550415,13.517177714404397
412742930460627101,0.0,0.0,0.0,0.0,0.0
412942930474369302,0.0,0.0,0.0,0.0,0.0
412942930474631602,0.0,0.0,0.0,0.0,0.0
413042930474117101,0.0,0.0,0.0,0.0,0.0
413042930548763702,0.036764707416296005,6.298210685074069,13.730840528806283,81.75865936279297,856.5566338224737
413242930480593002,0.0,0.0,0.0,0.0,0.0
413342930468101401,0.0,0.0,0.0,0.0,0.0
413342930526388702,0.0,0.0,0.0,0.0,0.0
413942928707726702,3.680000066757202,5.776903139164923,71.85425383542538,30.766376495361328,288.8451560737365
413942930457365502,3.9285714626312256,14.523926988870569,99.93239901071723,22.330585479736328,203.33497664914677
414042930526910902,0.0,0.0,0.0,0.0,0.0
414042930531468302,0.0,0.0,0.0,0.0,0.0
414142930458203501,2.604395627975464,7.092083864795918,149.900583090379,80.60395050048828,645.3796406643036
414342930507824901,3.422222137451172,7.577028989222852,102.1807875894988,43.78347396850586,340.96629357121014
414342930510733001,0.0,0.0,0.0,0.0,0.0
414442930548842301,3.4909090995788574,6.999902950310559,128.83074534161491,57.710575103759766,384.9946554274786
414542930521761901,0.0,0.0,0.0,0.0,0.0
414642930550599801,0.0,0.0,0.0,0.0,0.0
414842930447360602,0.0,0.0,0.0,0.0,0.0
414942930465336301,0.0,0.0,0.0,0.0,0.0
415042930470615302,0.0,0.0,0.0,0.0,0.0
415142930516126502,0.0,0.0,0.0,0.0,0.0
415242930544952501,0.0,0.0,0.0,0.0,0.0
415342928086441102,0.29411765933036804,7.202686543367347,68.01661129568106,41.4959602355957,489.78268874919297
415642930459931101,3.2682926654815674,30.689366566051138,204.65454545454546,78.82378387451172,1258.2640674509785
415642930475389902,0.0,4.1174031954164425,0.0,52.07267379760742,547.6146116837692
415742930478104002,0.0,0.0,0.0,0.0,0.0
415942930466888101,1.8251748085021973,9.741351072029149,1124.6224215246637,183.37669372558594,1393.013212118448
416142930454167201,0.0,0.0,0.0,0.0,0.0
416242930455137601,0.0,0.0,0.0,0.0,0.0
416442929626364102,2.569767475128174,8.976049777530589,174.62180200222468,70.6731185913086,771.9402933428364
416442930473063501,0.0,0.0,0.0,0.0,0.0
416842930450242402,0.0,0.0,0.0,0.0,0.0
416842930518543801,0.0,0.0,0.0,0.0,0.0
416842930543259501,0.0,0.0,0.0,0.0,0.0
417042930452964302,0.0,0.0,0.0,0.0,0.0
417042930452976501,0.43478259444236755,3.4287257683164594,15.955671090436448,77.5305404663086,473.1641622113536
417042930524389801,0.0,0.0,0.0,0.0,0.0
417142930459672401,56.5,1.379588439669063,2.7592133531647662,0.32488155364990234,2.759176879338126
417342930449522002,0.0,0.0,0.0,0.0,0.0
417542930525139002,0.0,0.0,0.0,0.0,0.0
418042930544336502,0.0,0.0,0.0,0.0,0.0
418342930508967902,2.402777671813965,7.678911465415997,223.84077141797502,95.64595794677734,1105.763252798272
418342930516375702,0.0,0.0,0.0,0.0,0.0
418442930528735301,0.0,0.0,0.0,0.0,0.0
418442930530225202,0.0,0.0,0.0,0.0,0.0
418642930452678002,0.0,0.0,0.0,0.0,0.0
418842930480448501,0.0,0.0,0.0,0.0,0.0
419042930534507802,0.0,0.0,0.0,0.0,0.0
419142930510250002,0.0,0.0,0.0,0.0,0.0
419142930528931202,0.0,57.32301519059902,22.92920607623961,8.5772705078125,57.32301519059902
419342930464253801,0.0,0.0,0.0,0.0,0.0
419342930464733702,0.0,0.0,0.0,0.0,0.0
419342930511050901,0.0,0.0,0.0,0.0,0.0
419442930446618101,0.0,0.0,0.0,0.0,0.0
419442930510332601,0.0,0.0,0.0,0.0,0.0
419542930460743402,3.0470588207244873,12.237635670092281,258.26761744966444,101.31036376953125,1040.1990217074451
419642928135481802,3.6666667461395264,4.963239354076255,14.889956602603844,1.6473299264907837,14.889718062228766
419742930510455002,0.0,51.434497627541305,0.0,7.544140815734863,51.434497627541305
419742930526312002,3.0,3.2293258093366957,18.498699978495885,5.755079746246338,38.75191135386732
419742930544479201,2.3134329319000244,11.100011196257961,100.15732484076433,103.81165313720703,743.7007121383764
419942930519726001,3.7191011905670166,6.021024331701807,136.92168674698794,73.50017547607422,535.8711638132253
419942930534902402,0.0,0.0,0.0,0.0,0.0
421142930524863402,0.0,0.0,0.0,0.0,0.0
421342930476293502,0.0,0.0,0.0,0.0,0.0
421542930478606501,0.0,0.0,0.0,0.0,0.0
421542930542662602,0.0,0.0,0.0,0.0,0.0
421742930472103102,0.0,0.0,0.0,0.0,0.0
421742930478809101,0.0,0.0,0.0,0.0,0.0
421742930527837001,0.0,0.0,0.0,0.0,0.0
421742930545929201,0.0,0.0,0.0,0.0,0.0
421842930464510002,0.0,0.0,0.0,0.0,0.0
421842930464512601,0.0,0.0,0.0,0.0,0.0
421842930530493601,0.0,0.0,0.0,0.0,0.0
421942930525619301,0.0,0.0,0.0,0.0,0.0
422042929012799102,0.0,0.0,-48.11256544502618,0.0,0.0
422242930462962702,1.4901961088180542,11.193987276607428,89.85143769968052,70.84638214111328,570.8933583448489
422242930464839802,0.0,0.0,0.0,0.0,0.0
422242930519309302,1.0,1.576104525862069,3.5640663274919917,0.6304920315742493,4.7283134855791875
422342929348291702,0.6736111044883728,4.834000375477881,36.352403058438014,89.7007064819336,696.0960900528323
422342930528770702,0.0,0.0,0.0,0.0,0.0
422342930536281502,0.0,0.0,0.0,0.0,0.0
422442930532646302,0.0,0.0,0.0,0.0,0.0
422542929800558901,0.0,0.0,0.0,0.0,0.0
422642930533379302,0.0,44.341911764705884,0.0,131.16427612304688,4877.610320550554
422842930455013301,0.0,0.0,0.0,0.0,0.0
422942930517743102,0.0,0.0,0.0,0.0,0.0
423042930220628402,3.3333332538604736,7.906455795374294,18.228248587570622,3.2527780532836914,23.719367937853107
423142930472510701,2.4749999046325684,3.583732951206834,75.97197613451455,59.76953887939453,286.6986227068283
423142930529658201,0.0,5.2758289606200375,10.552078468005606,1.0580350160598755,10.551657921240075
423342930462033501,0.0,0.0,0.0,0.0,0.0
423342930528595001,2.5765764713287354,3.2806300568242808,56.87709317303564,60.239891052246094,364.1499416575303
423342930541522601,0.0,0.0,0.0,0.0,0.0
423442930510727701,0.0,0.0,0.0,0.0,0.0
423742930476657202,0.0,0.0,0.0,0.0,0.0
423742930532899201,0.0,0.0,0.0,0.0,0.0
423842929307319302,0.0,0.0,0.0,0.0,0.0
423842930008236502,0.0,0.0,0.0,0.0,0.0
423842930456507002,0.0,0.0,0.0,0.0,0.0
423842930461862401,0.0,0.0,0.0,0.0,0.0
423942930473588601,0.0,0.0,0.0,0.0,0.0
424042930527942301,4.0,12.346391785819575,12.346698113207546,1.1083159446716309,12.346391785819575
424442930526962502,2.0,5.912092958647629,41.407758620689656,11.269693374633789,106.41767230856007
424542930476618101,1.4959349632263184,5.395842472885262,118.17142011459016,102.7786865234375,663.6886062930156
424542930544796702,0.0,0.0,0.0,0.0,0.0
424842930455850101,2.6761903762817383,4.076731337141751,87.26560805577073,55.6837043762207,428.0568012147426
424842930525167202,0.0,0.0,0.0,0.0,0.0
424842930531682102,0.0,0.0,0.0,0.0,0.0
424942930478216002,0.0,0.0,0.0,0.0,0.0
424942930522432801,0.0,0.0,0.0,0.0,0.0
425042927982774902,2.4647886753082275,4.309581573632023,149.46603011384502,106.2047119140625,611.9605860496854
425042930527812502,0.0,0.0,0.0,0.0,0.0
425142930476491301,0.0,0.0,0.0,0.0,0.0
425142930517641001,4.55555534362793,8.219756772706834,37.58345323741007,9.81662654876709,73.97781244730778
425142930532447901,0.0,0.0,0.0,0.0,0.0
425342930452771101,10.529411315917969,8.239030017324094,140.06311300639658,15.56241226196289,140.06350491407838
425342930473661602,0.0,0.0,0.0,0.0,0.0
425442930517412402,0.0,0.0,0.0,0.0,0.0
425442930547332502,0.0,0.0,0.0,0.0,0.0
425542930467542701,2.558558464050293,3.5408645168737407,78.25016789791806,76.27299499511719,393.0359580861714
425942930461917102,1.836734652519226,4.328582349950702,64.18129159477446,29.545331954956055,212.10052570351715
425942930525262001,0.0,0.0,0.0,0.0,0.0
426242930508104501,0.0,0.0,0.0,0.0,0.0
426242930541919002,0.0,0.0,0.0,0.0,0.0
426442929249040201,0.0,0.0,0.0,0.0,0.0
426442930508858402,9.666666984558105,0.575946638559372,3.003777148253069,0.0,3.4556799106039566
426542928728354801,0.0,0.0,0.0,0.0,0.0
426542930525179902,0.9375,15.425702295306612,14.529519241749458,28.799442291259766,246.8112467057604
426642930476601002,0.0,0.0,0.0,0.0,0.0
426742930534010201,0.0,0.0,0.0,0.0,0.0
426842928030317302,3.0238094329833984,5.510254616994177,90.1969917515769,37.415313720703125,231.43068720980907
426842930531351102,5.7272725105285645,30.573351368400623,263.7701863354037,108.39306640625,1008.9206126906116
426942930534675001,0.0,0.0,0.0,0.0,0.0
427042929467119401,0.0,0.0,0.0,0.0,0.0
427042930472219801,4.0,6.855789440677451,148.96533690099733,65.09391021728516,479.9052729698261
427142929346284802,0.0,0.0,0.0,0.0,0.0
427142929816392201,0.0,0.0,0.0,0.0,0.0
427142930455661602,0.0,0.0,0.0,0.0,0.0
427142930519082401,0.0,0.0,0.0,0.0,0.0
427242930508481601,0.0,0.0,0.0,0.0,0.0
427242930549574301,0.0,0.0,0.0,0.0,0.0
427342930454849801,0.0,0.0,0.0,0.0,0.0
427442930475405802,0.0,0.0,0.0,0.0,0.0
427542930524283402,0.0,0.0,0.0,0.0,0.0
427642930450569802,3.1785714626312256,5.197179777953473,56.87542881646655,18.487346649169922,145.5210316365211
427642930532071401,0.0,0.0,0.0,0.0,0.0
427642930546508501,0.0,0.0,0.0,0.0,0.0
427842930511054402,10.199999809265137,2.158274381354665,15.247740563530037,3.3729803562164307,21.582743374481282
427942928225066301,0.9166666865348816,5.697483741162743,118.36378612121628,140.50833129882812,752.0678524648622
428042930534754302,0.0,0.0,0.0,0.0,0.0
428342930530081502,0.0,0.0,0.0,0.0,0.0
428442930475850102,0.0,0.0,0.0,0.0,0.0
428442930533635001,0.0,0.0,0.0,0.0,0.0
428542930545389202,0.0,0.0,0.0,0.0,0.0
428742930455226301,0.0,0.0,0.0,0.0,0.0
428842930515464502,0.6964285969734192,5.187730725111234,158.5428253615128,101.0885009765625,871.5387414993778
428942930452187902,1.2796610593795776,4.243224749830394,20.912075983717774,75.09712982177734,500.7005070974901
429042930524070901,1.6666666269302368,33.44376469435737,94.04388714733543,14.287039756774902,100.33129775666144
429142930549347602,0.0,0.0,0.0,0.0,0.0
429342928269818402,0.0,0.0,0.0,0.0,0.0
429342929417543301,3.4000000953674316,5.432465936659301,25.315142198308994,5.243910789489746,27.162329407676562
429342930530952502,2.5416667461395264,10.178483634159482,267.3125,103.512939453125,977.1344639103988
429442930526423701,0.0,0.0,0.0,0.0,0.0
429542930463343201,0.0,0.0,0.0,0.0,0.0
429542930534678901,0.0,0.0,0.0,0.0,0.0
429742930480276102,0.0,0.0,0.0,0.0,0.0
429842929411157202,0.0,0.0,0.0,0.0,0.0
431142928242857102,0.0,0.0,0.0,0.0,0.0
431142930528814302,0.0,0.0,0.0,0.0,0.0
431342928188537602,0.0,0.0,0.0,0.0,0.0
431342930436036701,2.911290407180786,9.401781325240771,306.647191011236,126.23894500732422,1165.8209108698618
431442930460324301,0.0,0.0,0.0,0.0,0.0
431642930546311502,0.0,0.0,0.0,0.0,0.0
431742930460715902,0.0,0.0,0.0,0.0,0.0
431742930528369702,36.14285659790039,20.313859671165996,67.48994830557152,0.0,142.1970132107984
431842930517103301,0.0,0.0,0.0,0.0,0.0
431942930461501701,0.0,0.0,0.0,0.0,0.0
432042930475664902,3.0,7.574898005052804,94.44501092498179,21.116552352905273,151.49796070118325
432242930450432502,0.0,0.0,0.0,0.0,0.0
432342930529109301,0.0,0.0,0.0,0.0,0.0
432442929687010202,2.6666667461395264,0.669815241903286,1.9696838458207016,0.26693710684776306,2.0094456695384824
432642930529775401,0.0,0.0,0.0,0.0,0.0
432642930544091501,127.5,3.213607380096925,6.427361853832442,0.7953462600708008,6.42721476019385
432742930464778202,0.0,0.0,0.0,0.0,0.0
432942928887199501,0.0,0.0,0.0,0.0,0.0
433042930454629101,0.0,0.0,0.0,0.0,0.0
433042930523638701,3.5897436141967773,12.424273264934738,130.59738955823292,37.55909729003906,484.54666467076805
433242930479913101,0.0,0.0,0.0,0.0,0.0
433242930517302902,0.0,0.0,0.0,0.0,0.0
433242930526829102,2.6666667461395264,2.985340956558062,56.65316067947647,45.24730682373047,223.90057647968527
433542930468923802,0.0,0.0,0.0,0.0,0.0
433542930546801001,0.0,0.0,0.0,0.0,0.0
433642930456624001,0.0,0.0,0.0,0.0,0.0
433742930524402901,3.5409836769104004,13.567999052721643,124.98305084745763,94.59651184082031,827.6479258431605
434242930550216202,3.0,8.660368354072398,128.9235532269588,32.75895309448242,277.13177725711756
434342928577579702,0.0,0.0,0.0,0.0,0.0
434442930476749802,4.643835544586182,17.482494872379217,278.67274384685504,104.7921371459961,1276.2221113846535
434542929543902501,0.0,0.0,0.0,0.0,0.0
434542930478188502,1.0,223.66545131330722,148.9619793934117,19.174875259399414,223.66545131330722
434542930516168402,2.0416667461395264,3.3439606701790163,36.74053931565828,13.620903968811035,80.25505556564279
434542930534207102,0.0,0.0,0.0,0.0,0.0
434642930525286701,0.0,0.0,0.0,0.0,0.0
434642930537432001,0.0,0.0,0.0,0.0,0.0
435142930542793802,0.0,0.0,0.0,0.0,0.0
435242930531846502,3.25,3.158698192190442,14.687079709495203,4.373440742492676,25.269586651183925
435242930532869402,1.25,7.516589072761839,74.90010369858278,53.6031608581543,420.92897041504085
435342929013116401,0.0,0.0,0.0,0.0,0.0
435442930460426002,0.0,0.0,0.0,0.0,0.0
435442930518610701,1.0,156.93617562071918,54.73116438356164,13.143487930297852,156.93617562071918
435742930543774002,0.0,0.0,0.0,0.0,0.0
435842930478161502,0.0,0.0,0.0,0.0,0.0
435842930510965401,0.0,0.0,0.0,0.0,0.0
435942930527914001,1.5583332777023315,3.823336841353871,112.42684282010124,55.679813385009766,458.8004107856209
436242930547456902,0.0,0.0,0.0,0.0,0.0
436342928726782501,0.0,0.0,0.0,0.0,0.0
436442930475111001,0.0,0.0,0.0,0.0,0.0
436542930542212901,0.0,0.0,0.0,0.0,0.0
436642930516141202,0.0,0.0,0.0,0.0,0.0
436842930473132001,0.0,0.0,0.0,0.0,0.0
436942930531863101,0.0,0.0,0.0,0.0,0.0
437142930549638801,0.0,0.0,0.0,0.0,0.0
437442930458940101,2.605839490890503,3.9822952526852107,105.10498485265767,88.43196868896484,545.5744456698566
437642929456777302,0.0,0.0,0.0,0.0,0.0
437642929703857301,0.0,12.410859853493875,0.0,118.61234283447266,968.0471061927439
437642930541280602,0.0,0.0,0.0,0.0,0.0
437642930542057902,0.0,0.0,0.0,0.0,0.0
437842930531739502,0.0,0.0,0.0,0.0,0.0
438042930524689201,0.45679011940956116,12.717153866125377,66.34642497482376,150.974853515625,1030.0894457230274
438242930467080401,1.1729323863983154,3.3171910918307828,41.54429424277774,78.5330581665039,441.18643110025675
438242930510427602,0.0,0.0,0.0,0.0,0.0
438442930516910302,0.0,0.0,0.0,0.0,0.0
438542928614385802,0.0,0.0,0.0,0.0,0.0
438542930008180002,0.0,0.0,0.0,0.0,0.0
438542930528147302,0.0,0.0,0.0,0.0,0.0
438742930529846001,0.0,0.0,0.0,0.0,0.0
439242930508921102,22.200000762939453,38.693606472913864,193.46904441453566,22.452728271484375,193.46803384321373
439442930530243202,0.0,0.0,0.0,0.0,0.0
439642930518496702,0.0,0.0,0.0,0.0,0.0
439742929704304201,0.0,0.0,0.0,0.0,0.0
439742930468869302,0.0,0.0,0.0,0.0,0.0
439742930534365702,0.0,0.0,0.0,0.0,0.0
439942928197140001,0.0,0.0,0.0,0.0,0.0
439942929575556101,0.0,0.0,0.0,0.0,0.0
441242928932386902,0.0,0.0,0.0,0.0,0.0
441242930516479301,0.0,0.0,0.0,0.0,0.0
441342930455691402,1.5714285373687744,36.52048727294455,207.96367112810708,33.19451141357422,255.64342345607895
441342930538665302,2.6666667461395264,9.247026344046208,16.17594786729858,4.39316463470459,27.741078453606338
441442930546173402,0.0,0.0,0.0,0.0,0.0
441542930528341302,0.0,0.0,0.0,0.0,0.0
441642930543933102,0.0,0.0,0.0,0.0,0.0
441742930543287101,0.0,0.0,0.0,0.0,0.0
441842930450618302,2.178217887878418,12.18502978093037,128.67899291896146,120.91413116455078,1230.6880256778888
441842930519782902,0.0,0.0,0.0,0.0,0.0
442042930522229201,0.0,0.0,0.0,0.0,0.0
442142930450340102,0.0,0.0,0.0,0.0,0.0
442242928232687101,0.0,0.0,0.0,0.0,0.0
442242930456507901,0.0,0.0,0.0,0.0,0.0
442342928210699901,2.825000047683716,5.813615128800675,109.06385135135135,64.12507629394531,465.0892134312037
442442930537131802,3.6666667461395264,15.696399379264594,46.646702047005306,10.806607246398926,47.08919739741281
442542930464754601,0.0,0.0,0.0,0.0,0.0
442642930472517502,0.0,0.0,0.0,0.0,0.0
442642930516534602,0.0,0.0,0.0,0.0,0.0
442742930521986601,0.0,0.0,0.0,0.0,0.0
442742930541026901,0.0,0.0,0.0,0.0,0.0
442842930460244201,0.0,0.0,0.0,0.0,0.0
443042929544004001,0.0,0.0,0.0,0.0,0.0
443042930544171201,0.0,0.0,0.0,0.0,0.0
443142930530546101,0.7832167744636536,7.892100871431932,97.91828732747804,104.92942810058594,1128.5704425529973
443142930531245401,2.0,1.3029504113488488,1.3029529529529529,0.15790969133377075,1.3029504113488488
443242928932549701,2.75,24.25266135014837,81.54005934718101,8.523138999938965,194.0212870340319
443642928242815302,0.0,0.0,0.0,0.0,0.0
443642930533744301,0.0,0.0,0.0,0.0,0.0
443742930527623402,0.0,0.0,0.0,0.0,0.0
443942930454346501,0.0,0.0,0.0,0.0,0.0
443942930515762202,0.0,0.0,0.0,0.0,0.0
444042930540957902,0.0,0.0,0.0,0.0,0.0
444042930547155601,0.0,0.0,0.0,0.0,0.0
444142930531489501,0.0,0.0,0.0,0.0,0.0
444342929025526601,0.0,0.0,0.0,0.0,0.0
444342930453038602,0.0,0.0,0.0,0.0,0.0
444442930521385601,0.0,0.0,0.0,0.0,0.0
444642930473703801,3.0,6.7002185837765955,36.501063829787235,6.800173759460449,40.20131108710106
444642930527844202,2.144230842590332,4.711129096398567,70.63528539659006,70.90104675292969,489.9574199228308
444642930534681902,0.0,0.0,0.0,0.0,0.0
445042930530644301,0.0,0.0,0.0,0.0,0.0
445042930538085702,0.0,0.0,0.0,0.0,0.0
445242928258168502,0.0,0.0,0.0,0.0,0.0
445442930509399801,3.0357143878936768,3.7248423556729193,208.59151338553997,35.97370910644531,208.59116292038894
445442930533671402,0.0,0.0,0.0,0.0,0.0
445542930184431601,0.0,0.0,0.0,0.0,0.0
445542930521743101,5.722222328186035,10.415767283102294,231.6998087954111,56.72707748413086,374.967609294286
445642930526329602,0.0,0.0,0.0,0.0,0.0
445742929118695701,2.49367094039917,5.676541688012295,99.3118169398907,58.42507553100586,448.4467800183456
445742930525116902,0.9777777791023254,11.80922203771398,29.016405135520685,61.6065559387207,531.414997498081
446042930461902202,0.0,0.0,0.0,0.0,0.0
446042930480613802,0.0,0.0,0.0,0.0,0.0
446342930516040102,0.0,0.0,0.0,0.0,0.0
446542930079741302,0.0,0.0,0.0,0.0,0.0
446542930454596401,2.588235378265381,38.41363525390625,356.1575,42.49068069458008,653.0318086051941
446642930527472202,0.0,53.53017854397294,53.53013530135301,0.0,53.53017854397294
446942930447130201,0.0,0.0,0.0,0.0,0.0
447042928757899402,0.0,0.0,0.0,0.0,0.0
447142930477449802,0.0,0.0,0.0,0.0,0.0
447142930543077802,0.0,0.0,0.0,0.0,0.0
447242930464320602,1.0823529958724976,3.6876081791289024,37.867673716012085,47.67620086669922,313.44668044506125
447242930465702601,1.0,17.637887510490977,17.63785144775493,1.8758292198181152,17.637887510490977
447342930520081202,0.0,0.0,0.0,0.0,0.0
447342930545466902,0.0,0.0,0.0,0.0,0.0
447442930459006701,0.0,0.0,0.0,0.0,0.0
447742930527213302,0.0,0.0,0.0,0.0,0.0
447842929222943602,0.0,0.0,0.0,0.0,0.0
447842930509520701,0.0,0.0,0.0,0.0,0.0
447942930459258802,0.2738095223903656,6.720564687718226,52.76571229050279,86.11573028564453,564.5274134644583
448042928636802302,2.303030252456665,7.50959078782172,223.63691148775894,132.524658203125,991.2659537679956
448242930159026302,0.0,0.0,0.0,0.0,0.0
448442930533817702,0.0,0.0,0.0,0.0,0.0
448642930531059601,2.0,3.7850984810946793,58.27443207806068,89.2071304321289,457.99693366852017
448642930537036702,0.0,0.0,0.0,0.0,0.0
448742930530409801,0.0,0.0,0.0,0.0,0.0
448742930542480601,0.0,0.0,0.0,0.0,0.0
448942929424332001,2.461538553237915,2.1866105510326914,19.530410542321338,4.990945339202881,28.425938268391782
448942930460387202,0.0,30.602370042067307,426.3884615384615,127.73897552490234,2233.9729520467613
449042930480604502,0.0,0.0,0.0,0.0,0.0
449142930220905101,3.0999999046325684,6.428794676202569,45.12936958470272,28.343400955200195,192.86384857879813
449342930472986802,0.0,0.0,0.0,0.0,0.0
449542930529138102,3.34246563911438,7.406416314316967,75.32384618620893,51.27753829956055,540.668404299869
449542930541325102,0.0,0.0,0.0,0.0,0.0
449842930012267802,0.0,0.0,0.0,0.0,0.0
449942928143339102,0.0,0.0,0.0,0.0,0.0
451342928303933502,2.50632905960083,12.262035657451323,303.7249126310534,66.3939437866211,968.7008544990437
451342929091219502,0.0,0.0,0.0,0.0,0.0
451342929118629102,1.881118893623352,3.445899935395132,51.74098032677559,86.11898803710938,492.76367314698973
451542930462958501,0.0,0.0,0.0,0.0,0.0
451642930515849801,3.1470587253570557,12.71456043956044,453.28979591836736,141.02468872070312,1296.8851576492214
451642930516655801,0.0,0.0,0.0,0.0,0.0
451742930546667901,1.0,1.7042345058073762,3.408477260728562,0.42775437235832214,3.4084690116147525
451842930530890901,0.0,0.0,0.0,0.0,0.0
451842930539712002,0.0,0.0,0.0,0.0,0.0
452042928113086902,0.0,0.0,0.0,0.0,0.0
452042929606028501,0.0,0.0,0.0,0.0,0.0
452042930474775901,0.0,0.0,0.0,0.0,0.0
452042930529364501,0.0,0.0,0.0,0.0,0.0
452142930534008702,3.529411792755127,5.636985836382347,68.8696546992911,44.74156188964844,287.4862688048437
452142930540910401,3.096774101257324,6.868898013439457,64.0615866388309,26.75834846496582,212.93583561333833
452242930543963002,0.0,0.0,0.0,0.0,0.0
452342930452739702,1.0,143.81725819315545,123.40371229698376,9.250020027160645,143.81725819315545
452342930540695301,1.7142857313156128,19.666587331187184,125.01005025125629,18.363847732543945,137.66610733108905
452442930519503202,4.791666507720947,8.50841416994106,56.420432220039295,29.62581443786621,204.20194754909673
452542929012692802,0.0,0.0,0.0,0.0,0.0
452842930477818401,2.9555554389953613,11.011453765585376,163.33389687235842,44.4158935546875,495.5154342635244
453142929766029601,0.0,0.0,0.0,0.0,0.0
453142930458014602,0.0,0.0,0.0,0.0,0.0
453142930460223101,3.25,7.097295155406274,26.073797891488816,5.33706521987915,28.389180213573137
453142930509752902,0.0,0.0,0.0,0.0,0.0
453242930549785802,0.0,0.0,0.0,0.0,0.0
453342930528236201,0.0,0.0,0.0,0.0,0.0
453442930510558902,0.0,0.0,0.0,0.0,0.0
453542930451520802,0.0,0.0,0.0,0.0,0.0
453642930536070902,0.0,0.0,0.0,0.0,0.0
453642930550812901,5.352941036224365,14.62686366889313,140.74885496183205,28.964601516723633,248.65668842810712
453742930460363401,0.0,0.0,0.0,0.0,0.0
453942928878217602,0.0,0.0,0.0,0.0,0.0
454242930477045102,0.0,0.0,0.0,0.0,0.0
454342930542587602,1.516806721687317,5.010504872311828,1191.2555555555555,112.03889465332031,1192.5001274840379
454442930458915501,3.114035129547119,5.7416854812551215,158.1196394427752,115.05264282226562,654.552126169921
454442930539269601,0.0,0.0,0.0,0.0,0.0
454842930525563501,0.0,0.0,0.0,0.0,0.0
454942930543521201,0.0,0.0,0.0,0.0,0.0
455042930478737701,0.0,0.0,0.0,0.0,0.0
455042930544365902,0.0,0.0,0.0,0.0,0.0
455142930449806501,0.0,0.0,0.0,0.0,0.0
455142930473987601,4.642857074737549,2.3530727312125186,23.25737131434283,5.135448932647705,32.94301881270668
455142930475151802,0.0,0.0,0.0,0.0,0.0
455142930517384102,0.0,0.0,0.0,0.0,0.0
455242930508988402,0.0,0.0,0.0,0.0,0.0
455242930525565202,0.0,0.0,0.0,0.0,0.0
455542930543803602,0.0,0.0,0.0,0.0,0.0
455642930534616002,0.0,0.0,0.0,0.0,0.0
455742930464265902,0.0,0.0,0.0,0.0,0.0
455842928153642502,0.0,0.0,0.0,0.0,0.0
455842929927453401,0.0,0.0,0.0,0.0,0.0
455942930543789701,0.0,0.0,0.0,0.0,0.0
456042930456447502,4.3125,9.323260486008383,52.44575936883629,20.21967887878418,149.1721722303763
456242929514231701,2.292207717895508,3.7546527606700746,129.63413807969454,68.96985626220703,578.2165077103186
456342930536247302,0.0,0.0,0.0,0.0,0.0
456342930544849801,0.0,0.0,0.0,0.0,0.0
456442930460584501,0.0,0.0,0.0,0.0,0.0
456542930453086802,0.0,0.0,0.0,0.0,0.0
456542930535531102,0.0,0.0,0.0,0.0,0.0
456742929213571201,0.9527559280395508,4.728876786800487,82.73861661452902,104.39714050292969,600.5673306993532
456842930461438101,0.0,0.0,0.0,0.0,0.0
456842930477211101,0.0,0.0,0.0,0.0,0.0
457142930456083901,4.800000190734863,25.57286213353737,289.19072164948454,108.76184844970703,1534.3717455519843
457142930456139802,0.0,0.0,0.0,0.0,0.0
457142930525741002,2.75,12.990205515669686,175.14489990467112,37.96015548706055,467.64739998234694
457242930460414301,0.0,0.0,0.0,0.0,0.0
457542930525267002,0.0,0.0,0.0,0.0,0.0
457742930540380202,0.0,0.0,0.0,0.0,0.0
457842930454640301,0.0,0.0,0.0,0.0,0.0
457842930539063701,0.0,0.0,0.0,0.0,0.0
457942930459386202,0.0,0.0,0.0,0.0,0.0
457942930474542201,1.5909091234207153,10.524986140975676,123.2240290283564,47.10809326171875,463.0994068623038
457942930531665701,0.0,0.0,0.0,0.0,0.0
458042930542087302,0.08602150529623032,18.196991047745357,395.32758620689657,99.87714385986328,1692.3201939813023
458142930478821701,2.9017856121063232,11.541962899777413,185.3556701030928,59.168113708496094,1292.699878638776
458242930524238502,0.0,0.0,0.0,0.0,0.0
458342930515579901,3.529411792755127,6.408305496545426,62.45108005082592,8.077914237976074,108.941194639727
458442930457513502,0.0,0.0,0.0,0.0,0.0
458542930454771202,0.0,0.0,0.0,0.0,0.0
458842929605961902,0.0,0.0,0.0,0.0,0.0
458842930456663701,0.0,0.0,0.0,0.0,0.0
459042930546001801,0.0,0.0,0.0,0.0,0.0
459142930463034701,2.470588207244873,2.5220673308913844,26.67643446218635,16.9327449798584,85.75028900933654
459242930454477302,0.0,0.0,0.0,0.0,0.0
459242930516648702,2.5,4.450529197756585,5.209257795127736,0.9011649489402771,8.901058781563473
459442930468001301,0.0,0.0,0.0,0.0,0.0
459542930463913602,0.0,0.0,0.0,0.0,0.0
459742930530104301,0.0,0.0,0.0,0.0,0.0
459742930534620601,0.0,0.0,0.0,0.0,0.0
459842930469084801,1.0,9.762132637277649,5.770512550094916,1.8100440502166748,9.762132637277649
459842930475160701,0.0,0.0,0.0,0.0,0.0
459842930477617001,0.0,0.0,0.0,0.0,0.0
459842930509910101,0.0,0.0,0.0,0.0,0.0
459842930526608101,0.0,0.0,0.0,0.0,0.0
461142930540984802,0.0,0.0,0.0,0.0,0.0
461242930531454902,0.0,0.0,0.0,0.0,0.0
461242930532147401,0.0,0.0,0.0,0.0,0.0
461442928235811802,0.0,0.0,0.0,0.0,0.0
461742930456999102,0.0,0.0,0.0,0.0,0.0
461742930519807502,0.0,0.0,0.0,0.0,0.0
461742930549960301,0.0,0.0,0.0,0.0,0.0
461842929550832801,0.0,0.0,0.0,0.0,0.0
461842930455301401,0.0,0.0,0.0,0.0,0.0
462042930475984002,0.0,0.0,0.0,0.0,0.0
462342927979813301,0.0,0.0,0.0,0.0,0.0
462342928855343602,0.0,0.0,0.0,0.0,0.0
462442930516228901,0.4615384638309479,10.341740906002965,31.99604743083004,112.02168273925781,941.0983830327573
462542930518806401,1.0,0.010820474822726377,0.01083086053412463,0.0017118544783443213,0.010820474822726377
462742930459340401,0.0,0.0,0.0,0.0,0.0
462742930542168801,0.0,0.0,0.0,0.0,0.0
462842930525650701,0.0,0.0,0.0,0.0,0.0
463042930545892301,0.0,0.0,0.0,0.0,0.0
463242930452818801,0.0,0.0,0.0,0.0,0.0
463242930517357101,2.319999933242798,9.837582933370976,126.6634669678148,17.35065269470215,245.93956347766533
463242930541785001,2.933333396911621,12.39749828634702,214.21147356580428,108.19221496582031,1301.7373581972179
463342928232635702,0.0,0.0,0.0,0.0,0.0
463342930449213002,0.0,0.0,0.0,0.0,0.0
463342930478795301,0.0,0.0,0.0,0.0,0.0
463342930545461902,0.0,0.0,0.0,0.0,0.0
463442930549415502,1.8461538553237915,5.8375705601943535,180.8752220158014,85.64546203613281,682.995720714459
463542928021859501,0.0,0.0,0.0,0.0,0.0
463542928932642301,3.392857074737549,5.20327472586275,50.314014752370916,20.7755069732666,145.69168582442438
463542930142380002,0.0,0.0,0.0,0.0,0.0
463542930468513501,0.0,0.0,0.0,0.0,0.0
463542930515915102,0.0,0.0,0.0,0.0,0.0
463742930457863702,0.0,0.0,0.0,0.0,0.0
463842928091046702,2.8850574493408203,4.02420245398773,93.58920245398772,58.28197479248047,350.1056187626189
463942928119476901,0.0,0.0,0.0,0.0,0.0
463942929331512802,3.2580645084381104,5.2691915602232395,51.769288249579674,52.808006286621094,326.6898824469789
463942930540578001,0.0,0.0,0.0,0.0,0.0
464242930478339501,0.0,0.0,0.0,0.0,0.0
464442930451305101,0.0,0.0,0.0,0.0,0.0
464742928878383001,0.0,0.0,0.0,0.0,0.0
464842928168330801,0.9548872113227844,6.21787512383848,80.75022205520634,100.41381072998047,826.9774086697302
464942930458282102,0.0181818176060915,10.570904787678517,85.28593132786388,80.4840087890625,1162.7995442564602
465042930548323001,109.0,1005.3619302949062,1005.3619302949062,122.13750457763672,1005.3619302949062
465142930459723502,0.0,0.0,0.0,0.0,0.0
465242930476132702,0.0,0.0,0.0,0.0,0.0
465342930534731001,1.7887324094772339,4.949112805768233,47.863483000259535,44.53114318847656,351.3870101392099
465442930525456901,3.5102040767669678,8.386041456653226,131.77956989247312,53.37081527709961,410.91604983422064
465442930545557502,0.0,0.0,0.0,0.0,0.0
465742930536585001,0.0,0.0,0.0,0.0,0.0
465842930460001301,0.0,0.0,0.0,0.0,0.0
465842930528454901,0.0,0.0,0.0,0.0,0.0
466042928166732401,7.0,1.5638581837322696,6.25531914893617,0.45461228489875793,6.255432619496158
466142930526490301,0.0,0.0,0.0,0.0,0.0
466242930455505001,0.3636363744735718,5.8816620792489545,33.22488107250973,89.14012145996094,905.7759247491558
466242930525743701,0.0,0.0,0.0,0.0,0.0
466342930457832802,1.0,90.70087817392448,90.70082883831076,13.742734909057617,90.70087817392448
466342930461729302,2.5,10.057296703226791,255.06514657980455,43.051231384277344,784.4691638449505
466542930519226202,0.0,9.918224566915761,0.0,2.8649909496307373,29.754674231487773
466642930524025601,0.0,0.0,0.0,0.0,0.0
466642930525797101,0.0,0.0,0.0,0.0,0.0
466842930545666201,0.0,0.0,0.0,0.0,0.0
466942930458474701,0.0,0.0,0.0,0.0,0.0
467042930458964601,50.33333206176758,47.40608228980322,97.49552772808586,24.44200325012207,142.21824686940965
467042930546302601,0.0,0.0,0.0,0.0,0.0
467142928570715002,0.0,0.0,0.0,0.0,0.0
467142930529166402,3.8181817531585693,8.442629913601456,26.889248181083264,9.315690994262695,92.86893141799717
467142930541650701,0.0,0.0,0.0,0.0,0.0
467142930542033202,0.0,0.0,0.0,0.0,0.0
467142930549650102,1.0,95.91011586041358,95.9100812407681,17.097604751586914,95.91011586041358
467542930544167502,0.0,0.0,0.0,0.0,0.0
467642930475072302,0.0,0.0,0.0,0.0,0.0
468042930449809502,0.0,0.0,0.0,0.0,0.0
468042930473361702,1.298578143119812,6.557545609389589,1207.6360877684408,199.94970703125,1383.6421290754047
468042930474736401,0.0,0.0,0.0,0.0,0.0
468042930518820101,0.0,0.0,0.0,0.0,0.0
468042930529448601,0.0,0.0,0.0,0.0,0.0
468242930509685501,0.0,0.0,0.0,0.0,0.0
468342930448583102,0.0,0.0,0.0,0.0,0.0
468442930460274501,0.0,0.0,0.0,0.0,0.0
468442930474428202,0.0,0.0,0.0,0.0,0.0
468642928800830101,0.0,0.0,0.0,0.0,0.0
468742929127193901,0.0,0.0,0.0,0.0,0.0
468942930461994101,0.0,0.0,0.0,0.0,0.0
468942930529548902,0.0,0.0,0.0,0.0,0.0
469142930479823702,0.0,0.0,0.0,0.0,0.0
469142930532768202,3.25,8.66574478149414,51.745535714285715,4.23893928527832,69.32595884799957
469242930456536202,0.0,0.0,0.0,0.0,0.0
469242930464238102,17.200000762939453,6.321315036969035,29.11631599841207,4.508793830871582,31.60657421564857
469342930460128602,0.0,0.0,0.0,0.0,0.0
469442930476395602,0.0,0.0,0.0,0.0,0.0
469442930477083301,0.0,0.0,0.0,0.0,0.0
469542930534434102,3.0,3.01732584371965,28.542894140498543,11.088021278381348,66.38117169361355
469542930541619202,0.748633861541748,18.251767113095237,1009.0131362889983,221.2339630126953,3340.073423670626
469642930530191302,0.0,0.0,0.0,0.0,0.0
469742930465097501,0.0,0.0,0.0,0.0,0.0
469742930471751402,0.0,0.0,0.0,0.0,0.0
469742930524778402,0.0,0.0,0.0,0.0,0.0
469842930547519201,0.0,0.0,0.0,0.0,0.0
471142930475783801,0.0,0.0,0.0,0.0,0.0
471142930508056702,0.0,0.0,0.0,0.0,0.0
471242928890508701,1.9047619104385376,9.965896364576155,159.960372157133,101.26948547363281,1046.4191307617334
471242930517623201,0.0,0.0,0.0,0.0,0.0
471442930519177702,1.75,7.217087541070739,138.62504831851567,14.48642349243164,202.07844532250346
471442930532511302,0.0,0.0,0.0,0.0,0.0
471642929346172602,0.0,0.0,0.0,0.0,0.0
471642930518281602,3.1666667461395264,11.79835762637519,130.0773899848255,37.06388473510742,424.7408851629324
471642930530253501,0.0,0.0,0.0,0.0,0.0
471742930459609601,0.0,0.0,0.0,0.0,0.0
471942930509142702,1.0,72.35127774041695,11.628468953149518,13.359766006469727,72.35127774041695
471942930548031302,0.0,0.0,0.0,0.0,0.0
472042930464677601,0.0,0.0,0.0,0.0,0.0
472142930468182101,0.0,0.0,0.0,0.0,0.0
472142930475906602,0.0,0.0,0.0,0.0,0.0
472142930518773901,3.0,2.613778196116086,8.099572790009859,3.505166530609131,23.524004276512564
472142930532073701,0.0,0.0,0.0,0.0,0.0
472242930480688601,0.0,0.0,0.0,0.0,0.0
472442929189265702,0.0,38.061654135338344,38.061654135338344,3.0310051441192627,38.061654135338344
472442930516125302,0.0,0.0,0.0,0.0,0.0
472442930526224901,2.7551021575927734,5.525250416340126,90.37931034482759,32.671119689941406,270.73725954013935
472442930533753802,0.0,0.0,0.0,0.0,0.0
472542930523904701,0.0,0.0,0.0,0.0,0.0
472542930528826501,0.0,0.0,0.0,0.0,0.0
472742930528923302,0.0,0.0,0.0,0.0,0.0
472842930524195801,0.0,0.0,0.0,0.0,0.0
472842930529543301,0.0,0.0,0.0,0.0,0.0
472842930533150401,0.0,0.0,0.0,0.0,0.0
472942930480232901,0.3802816867828369,5.559077601541654,158.77693447969168,86.4731674194336,789.3890405179343
472942930525044502,0.0,0.0,0.0,0.0,0.0
473042930452072501,0.0,0.0,0.0,0.0,0.0
473142930458053402,0.3103448152542114,11.281429103993776,171.76597510373443,110.89022064208984,981.4843074941042
473142930532079502,0.0,5.342181472722263,0.0,41.79010009765625,283.1356100493017
473642929189480701,0.0,0.0,0.0,0.0,0.0
473742930453944302,0.0,0.0,0.0,0.0,0.0
473742930525907602,0.0,0.0,0.0,0.0,0.0
474042930462750101,0.0,0.0,0.0,0.0,0.0
474142930476260601,0.0,0.0,0.0,0.0,0.0
474142930545496402,0.0,0.0,0.0,0.0,0.0
474242928759826901,0.0,0.0,0.0,0.0,0.0
474342927929265602,0.0,0.0,0.0,0.0,0.0
474442930463813901,0.0,0.0,0.0,0.0,0.0
474742928592599302,0.0,0.0,0.0,0.0,0.0
474742930523946102,1.0,4.83451724031497,4.834503950834065,0.6340054869651794,4.83451724031497
474742930545769002,0.0,0.0,0.0,0.0,0.0
474942930448140102,0.0,0.0,0.0,0.0,0.0
474942930480281202,2.2261905670166016,10.66865234375,894.715037593985,88.54850769042969,896.1668024392952
474942930522669201,0.0,0.0,0.0,0.0,0.0
475042930549926102,0.9411764740943909,3.9742517605633805,37.6993006993007,91.3243408203125,472.9359763791781
475142930465272501,0.0,0.0,0.0,0.0,0.0
475142930527132602,0.0,0.0,0.0,0.0,0.0
475342930533480402,0.0,0.0,0.0,0.0,0.0
475342930545136301,0.0,0.0,0.0,0.0,0.0
475442930472575302,0.0,0.0,0.0,0.0,0.0
475742930461738401,3.9268293380737305,9.21185594426285,142.4704688908927,93.24838256835938,755.372215010864
475942930516528102,0.0,0.0,0.0,0.0,0.0
476142930470075602,0.0,0.0,0.0,0.0,0.0
476142930475967801,0.0,0.0,0.0,0.0,0.0
476142930527268702,0.0,0.0,0.0,0.0,0.0
476242930528458102,0.0,0.0,0.0,0.0,0.0
476342930515666102,0.0,0.0,0.0,0.0,0.0
476342930519796601,2.555555582046509,8.97393329326923,106.58307692307692,38.179229736328125,403.8269828444261
476442928043634301,0.0,0.0,0.0,0.0,0.0
476442930537266702,3.4000000953674316,4.759844910272277,67.14851485148515,24.030384063720703,166.59456554639456
476542930460255501,0.0,0.0,0.0,0.0,0.0
476542930469712102,0.0,0.0,0.0,0.0,0.0
476642930454569401,0.0,0.0,0.0,0.0,0.0
476642930543979702,0.0,0.0,0.0,0.0,0.0
476742930465546201,0.0,0.0,0.0,0.0,0.0
476942930455668701,0.0,0.0,0.0,0.0,0.0
476942930460860902,0.0,0.0,0.0,0.0,0.0
476942930540885102,0.0,0.0,0.0,0.0,0.0
477042930542571901,0.0,0.0,0.0,0.0,0.0
477242930476480602,1.5555555820465088,35.22174995796907,276.34566240753196,0.0,316.9957572972927
477342930525142301,1.1797752380371094,10.209572305484693,82.97321428571429,99.23857879638672,908.6519403652269
477342930528510302,0.0,0.0,0.0,0.0,0.0
477442930476772902,0.0,0.0,0.0,0.0,0.0
477542927917445902,0.0,0.0,0.0,0.0,0.0
477542930455038201,0.18840579688549042,5.4132269299591,34.54498977505112,81.33197784423828,373.5126449923655
478042929000168302,0.0,0.0,0.0,0.0,0.0
478142928664127601,1.3538461923599243,6.552047579220252,163.02108678021088,103.8066177368164,851.76620882945
478142930455427601,0.0,0.0,0.0,0.0,0.0
478142930524314602,0.0,0.0,0.0,0.0,0.0
478242929417495501,1.0,5.534887079098727,5.53484476211749,1.0980281829833984,5.534887079098727
478542930459497102,0.0,0.0,0.0,0.0,0.0
478642930509156802,2.843137264251709,7.587874366440655,95.71750805585393,44.72956466674805,386.98158813777724
478742930520008402,0.0,0.0,0.0,0.0,0.0
478842930456813102,0.0,0.0,0.0,0.0,0.0
478842930539445902,0.0,0.0,0.0,0.0,0.0
479042929762446002,0.0,0.0,0.0,0.0,0.0
479142930544767301,0.0,0.0,0.0,0.0,0.0
479242928592717301,3.672727346420288,6.321032703067721,92.89511865714837,40.646305084228516,347.6568040374161
479242930531187502,0.0,0.0,0.0,0.0,0.0
479342930540753401,0.0,0.0,0.0,0.0,0.0
479542930517473801,0.0,0.0,0.0,0.0,0.0
479542930544388701,0.0,0.0,0.0,0.0,0.0
479642929056654202,0.007194244768470526,7.295106758191747,179.6247399445215,99.69609832763672,1014.0198308669247
479642930474220501,1.8200000524520874,4.997522983621756,84.70690839170443,52.841163635253906,499.7523081402516
481142930475809902,0.0,3.9940935537593347,3.9938900203665986,0.5189710855484009,3.9940935537593347
481242929456826602,0.0,0.0,0.0,0.0,0.0
481242930451908901,0.0,0.0,0.0,0.0,0.0
481242930531757002,0.0,0.0,0.0,0.0,0.0
481342930459210702,0.0,0.0,0.0,0.0,0.0
481442929372930702,0.0,0.0,0.0,0.0,0.0
481442930520024901,0.0,0.0,0.0,0.0,0.0
481542930531340702,4.103448390960693,44.86942622346698,330.66509433962267,58.63028335571289,1301.2134020823353
481642928135551001,0.0,0.0,0.0,0.0,0.0
481642928988313701,0.0,0.0,0.0,0.0,0.0
481842928748805202,0.0,0.0,0.0,0.0,0.0
481842930453811401,0.0,0.0,0.0,0.0,0.0
482542930460807101,3.75,18.11231107861584,153.4698952879581,53.60887145996094,652.0431793272808
482642930450734601,0.0,0.0,0.0,0.0,0.0
482642930452915102,0.0,0.0,0.0,0.0,0.0
482642930549279601,0.0,0.0,0.0,0.0,0.0
482742930509292102,0.0,0.0,0.0,0.0,0.0
482742930542291101,0.0,0.0,0.0,0.0,0.0
482842928210538302,0.6000000238418579,3.6656590544871794,109.40934472934472,91.7308349609375,513.1922524135405
483042929346456101,0.0,0.0,0.0,0.0,0.0
483142930461766602,0.0,0.0,0.0,0.0,0.0
483142930477796401,0.0,0.0,0.0,0.0,0.0
483342930462087002,0.0,0.0,0.0,0.0,0.0
483342930545459401,3.726027488708496,15.720865885416666,252.69027777777777,74.7977066040039,1147.623249774509
483442930464676302,0.0,0.0,0.0,0.0,0.0
483442930474998302,1.8783783912658691,4.642913069701198,102.64033251947448,76.10517883300781,687.1511620746742
483442930545936002,0.0,0.0,0.0,0.0,0.0
483542930480032801,2.470149278640747,6.261282498989014,81.01455819909685,84.72949981689453,839.0118640918427
483642930475599001,0.0,0.0,0.0,0.0,0.0
483742930523610901,0.14444445073604584,16.78388641640867,202.93065015479877,111.4115982055664,1510.5497917860284
483842930469690901,0.0,0.0,0.0,0.0,0.0
484042930520073202,2.0,42.90970458984375,42.909375,6.711080551147461,42.90970458984375
484142928135303102,0.0,0.0,0.0,0.0,0.0
484142930463468802,0.0,0.0,0.0,0.0,0.0
484142930528446901,0.0,0.0,0.0,0.0,0.0
484342930479147702,0.0,0.0,0.0,0.0,0.0
484342930531945101,0.0,0.0,0.0,0.0,0.0
484342930533303902,0.0,0.0,0.0,0.0,0.0
484342930543059601,0.0,0.0,0.0,0.0,0.0
484542928130607802,2.6607143878936768,5.361310250834128,95.78393708293613,103.35332489013672,600.4667418379006
484542929606003201,0.0,0.0,0.0,0.0,0.0
484542930539665602,0.0,0.0,0.0,0.0,0.0
484842930465435302,0.0,0.0,0.0,0.0,0.0
485142930531284002,0.0,0.0,0.0,0.0,0.0
485342930532723502,0.0,0.0,0.0,0.0,0.0
485442930518017002,3.6451613903045654,5.195295572916667,60.138333333333335,22.799222946166992,161.05416310119628
485542930527680002,0.0,0.0,0.0,0.0,0.0
485742930509804102,0.0,0.0,0.0,0.0,0.0
485742930524663902,2.950000047683716,13.98118461996822,207.13983050847457,24.8077392578125,279.62368842302743
485942930543984301,2.2857143878936768,3.3693624250856162,50.71671232876712,32.93623352050781,235.8553695015058
486042928726241301,0.0,0.0,0.0,0.0,0.0
486042930519717701,0.0,0.0,0.0,0.0,0.0
486042930528603402,0.0,0.0,0.0,0.0,0.0
486242930517171402,1.9285714626312256,4.349151011560694,36.86268464996789,10.683165550231934,60.88811545938579
486442930534310301,0.0,0.0,0.0,0.0,0.0
486542930464426302,0.0,0.0,0.0,0.0,0.0
486542930515998601,0.0,0.0,0.0,0.0,0.0
486942930462033301,0.0,0.0,0.0,0.0,0.0
486942930472886702,0.0,0.0,0.0,0.0,0.0
486942930508703401,0.3360655605792999,5.126631320618344,30.779183998583946,82.94886779785156,625.449001052856
487042930539321401,0.0,0.0,0.0,0.0,0.0
487042930550701502,3.200000047683716,5.798706430288462,32.526666666666664,9.783273696899414,57.987066423465045
487142930459698301,0.0,0.0,0.0,0.0,0.0
487142930510011501,0.0,0.0,0.0,0.0,0.0
487242930477163901,0.0,128.7570085751979,128.75697323784394,19.025272369384766,128.7570085751979
487342930526627602,0.0,0.0,0.0,0.0,0.0
487542930524247701,2.4210526943206787,4.212421517405445,98.44246366337428,75.39276885986328,560.2520743974057
487642929606077601,2.661417245864868,10.618935476618706,1348.6067146282974,194.90548706054688,1348.6047679965159
488242930530102402,0.0,0.0,0.0,0.0,0.0
488442930479218601,2.875,33.127017947330444,158.39033189033188,13.790388107299805,265.0161339180466
488542930464707902,0.0,0.0,0.0,0.0,0.0
488642930527052801,0.0,0.0,0.0,0.0,0.0
488642930543643901,0.06557376682758331,8.150840928819445,26.733333333333334,114.85181427001953,994.4026161664798
488742930458242901,0.0,0.0,0.0,0.0,0.0
488842930530153101,0.0,0.0,0.0,0.0,0.0
488942930477242701,0.0,0.0,0.0,0.0,0.0
489042930480486501,0.0,0.0,0.0,0.0,0.0
489142930460620301,0.0,0.0,0.0,0.0,0.0
489242930532832001,2.625,7.007935420976699,84.71428571428571,11.182578086853027,112.12696710779277
489342930137664202,0.0,0.0,0.0,0.0,0.0
489442930526872502,3.0,3.4446609139841136,15.811872909698996,2.6991183757781982,20.667965517926508
489542930456386201,0.0,0.0,0.0,0.0,0.0
489542930475798102,0.0,0.0,0.0,0.0,0.0
489642928042122902,1.6666666269302368,4.555505691606273,5.937032196744683,2.2904317378997803,13.666516610728287
489942930465090901,0.5,2.735594296724984,5.471303605717943,0.7348747253417969,5.471188593449968
489942930509169701,0.0,0.0,0.0,0.0,0.0
491142930509202201,0.0,0.0,0.0,0.0,0.0
491642930546620901,1.165048599243164,8.249928901231263,98.98115631691648,88.27963256835938,849.742703807839
491642930546647202,0.0,0.0,0.0,0.0,0.0
491842930510073702,0.0,0.0,0.0,0.0,0.0
492442930546128301,0.0,0.0,0.0,0.0,0.0
492842930316851101,0.0,0.0,0.0,0.0,0.0
492942928623687402,3.588235378265381,13.988475147192029,155.73478260869564,29.110008239746094,475.6081689806952
492942929501728001,2.1979167461395264,6.147047365949454,93.29462659380692,84.13226318359375,590.1165424670027
492942930452864802,0.0,0.0,0.0,0.0,0.0
493042930456094501,0.0,0.0,0.0,0.0,0.0
493042930526748301,0.0,0.0,0.0,0.0,0.0
493142930475772302,0.0,2.007241338668624,2.0071343638525563,0.33333662152290344,2.007241338668624
493142930480139801,0.0,0.0,0.0,0.0,0.0
493142930515680001,0.0,0.0,0.0,0.0,0.0
493142930524205602,0.0,0.0,0.0,0.0,0.0
493242928890484801,7.833333492279053,14.319640625,62.48,4.640976428985596,85.91784197998047
493242929649304202,0.0,0.0,0.0,0.0,0.0
493242930453365101,0.0,0.0,0.0,0.0,0.0
493442930510933301,0.0,0.0,0.0,0.0,0.0
493842930454422501,0.0,0.0,0.0,0.0,0.0
493842930458372701,4.238095283508301,13.595077762470998,165.80974477958236,51.527496337890625,570.9932701925114
494042930525265502,0.016129031777381897,4.995138239523005,82.10022522522523,91.98304748535156,619.3971236827886
494042930533700802,0.0,0.0,0.0,0.0,0.0
494542930520051801,0.0,0.0,0.0,0.0,0.0
494542930526270702,1.441176414489746,6.426989154777704,55.782680822826805,65.50249481201172,437.0352729108845
494842929189434001,2.4827585220336914,6.973138086305783,137.7316153362665,91.28964233398438,606.6629927531493
494842930458101002,0.0,0.0,0.0,0.0,0.0
494942930527841402,0.0,0.0,0.0,0.0,0.0
495042930461272602,4.613333225250244,15.457418665639672,219.7887323943662,126.7616195678711,1159.306398273074
495242930523127401,0.0,0.0,0.0,0.0,0.0
495242930543124302,1.7272727489471436,9.375506926834726,45.90871121718377,82.67998504638672,825.0446182310154
495342930475809001,2.473684310913086,8.196091174748439,95.39139486467731,13.136818885803223,155.72573448038202
495442930462856202,3.1578948497772217,11.687244811160259,97.32596121129636,46.85902404785156,444.11527936740083
495542930526511702,2.7333333492279053,7.059940525742828,36.747950819672134,15.994933128356934,105.8991031125595
495742930516585401,4.19444465637207,23.679638950025893,292.190056965303,96.47954559326172,852.4670104901448
495842930477300401,1.099099040031433,8.874726378242924,150.988679245283,142.4700927734375,985.0946246453051
495842930532802501,0.0,0.0,0.0,0.0,0.0
495942930458591402,0.0,0.0,0.0,0.0,0.0
495942930536112302,0.0,0.0,0.0,0.0,0.0
496042930477707602,4.400000095367432,2.763447743145231,12.59297520661157,2.1288304328918457,13.817238400461918
496142929194472102,0.0,0.0,0.0,0.0,0.0
496142930477137102,6.666666507720947,7.172386561784301,21.517176764522173,2.714515209197998,21.517159685352905
496142930536425402,0.0,0.0,0.0,0.0,0.0
496542930515960801,0.0,0.0,0.0,0.0,0.0
496542930526051401,0.0,0.0,0.0,0.0,0.0
496642930459468201,0.0,0.0,0.0,0.0,0.0
496642930543573801,0.0,0.0,0.0,0.0,0.0
496842930471698401,0.0,0.0,0.0,0.0,0.0
497142929704040602,3.4210526943206787,11.230880239243323,206.80118694362017,98.6330795288086,853.5468970288391
497142930458518502,0.0,0.0,0.0,0.0,0.0
497142930465289301,0.0,0.0,0.0,0.0,0.0
497142930521572401,1.18478262424469,9.673599546107628,74.19148380355277,74.40242004394531,889.9711578373127
497242930524416802,0.0,0.0,0.0,0.0,0.0
497342930545824601,0.0,0.0,0.0,0.0,0.0
497442928304094101,0.0,0.0,0.0,0.0,0.0
497442930480371302,0.0,0.0,0.0,0.0,0.0
497542930526277002,0.0,0.0,0.0,0.0,0.0
497642928726688401,2.507042169570923,9.129593948255353,116.88144329896907,83.32305908203125,648.2011897142306
497642929013014901,0.0,0.0,0.0,0.0,0.0
497942930474576401,0.0,0.0,0.0,0.0,0.0
498142930526916802,3.25,7.9760115820881925,13.76603498542274,2.782649040222168,31.90404543862746
498442930448451801,3.0,6.704396692019698,49.943335132218024,12.57127857208252,87.15715577495594
498742930476930701,0.0,0.0,0.0,0.0,0.0
498742930535870002,2.5596330165863037,6.457677215637576,135.7313883299799,90.59947204589844,703.8868073913413
498942930455821102,2.604316473007202,9.992456922870263,277.8827667057444,122.4209213256836,1388.9514669214855
498942930509485002,0.0,0.0,0.0,0.0,0.0
499042930470319801,0.0,0.0,0.0,0.0,0.0
499142930456531901,0.0,0.0,0.0,0.0,0.0
499242930548738301,0.0,0.0,0.0,0.0,0.0
499342928759319702,5.333333492279053,1.225126495834353,1.8376570403002122,0.5413984656333923,3.675379370491624
499342929816166302,0.0,0.0,0.0,0.0,0.0
499442929684697002,1.0,0.018687785901124646,0.018679757935037667,0.0030577746219933033,0.018687785901124646
499742930529461601,0.0,0.0,0.0,0.0,0.0
499942928726148601,0.0,0.0,0.0,0.0,0.0
499942930478076302,2.161290407180786,3.3861146065189534,32.96978281397545,16.426855087280273,104.9695535112003
501242930542373002,0.0,0.0,0.0,0.0,0.0
501342930530242201,0.0,0.0,0.0,0.0,0.0
501442928865230702,0.0,0.0,0.0,0.0,0.0
501442929743318701,1.5,17.304545345335725,37.34905176832394,8.681117057800293,69.2181816316152
501942928159244701,0.0,0.0,0.0,0.0,0.0
502142930454972402,0.109375,9.313972241950758,188.63842975206612,138.434326171875,1192.1884184855733
502242930519922101,0.0,0.0,0.0,0.0,0.0
502342930462673302,0.0,0.0,0.0,0.0,0.0
502342930526203701,0.5546218752861023,7.499343138293773,301.07459926017265,103.64448547363281,892.4218052230252
502442930518077802,1.0084034204483032,12.104570618775163,169.12884085611358,102.96572875976562,1440.4438807072593
502442930530766202,0.0,0.0,0.0,0.0,0.0
502742930470765201,0.0,0.0,0.0,0.0,0.0
503042929331684901,0.0,0.0,0.0,0.0,0.0
503142930507893702,3.344444513320923,8.592361111111112,118.2957264957265,90.46878814697266,773.3124897867186
503342929284336901,0.0,0.0,0.0,0.0,0.0
503342930510069202,0.0,0.0,0.0,0.0,0.0
503442930457501602,0.0,0.0,0.0,0.0,0.0
503442930542795201,0.0,0.0,0.0,0.0,0.0
503542930544768701,0.0,0.0,0.0,0.0,0.0
503542930548255301,0.0,0.0,0.0,0.0,0.0
503642930289255802,0.0,0.0,0.0,0.0,0.0
503642930453436801,0.0,0.0,0.0,0.0,0.0
503642930474418101,0.0,0.0,0.0,0.0,0.0
503742930525386401,0.0,0.0,0.0,0.0,0.0
503942930478925301,3.9487178325653076,9.694554151686948,179.82853982300884,86.66374969482422,756.1752655210748
503942930528397202,0.0,8.154291849807032,0.0,98.04523468017578,1100.8293651593897
503942930549548401,2.5859375,10.166993088387915,239.63018911439116,102.15242767333984,1301.3750615350393
504042930542576202,0.0,0.0,0.0,0.0,0.0
504142930451421902,0.0,0.0,0.0,0.0,0.0
504342930526925301,1.582608699798584,7.902306917367482,82.5861365953109,121.10257720947266,908.7653082270141
504642930530044501,0.0,0.0,0.0,0.0,0.0
504642930538397802,2.6666667461395264,5.830431266249113,54.52635310801229,9.204907417297363,87.45647174423772
504842930464703201,2.4159293174743652,5.450129783278927,174.570837867247,74.31090545654297,615.8646490684401
504942930451255101,0.0,0.0,0.0,0.0,0.0
504942930544768102,0.0,0.0,0.0,0.0,0.0
505142928247005002,0.0,0.0,0.0,0.0,0.0
505242930517313502,0.0,0.0,0.0,0.0,0.0
505242930543535301,2.384615421295166,5.4552724505575885,58.57677731312075,77.27294158935547,638.2668681752082
505342930478257402,0.0,0.0,0.0,0.0,0.0
505342930532382802,0.0,0.0,0.0,0.0,0.0
505542930457376602,0.0,0.0,0.0,0.0,0.0
505642930531559201,5.340909004211426,21.049322312878026,190.01612903225808,94.5429458618164,926.1701614241446
505742930454327802,0.0,0.0,0.0,0.0,0.0
505842930526220202,0.0,0.0,0.0,0.0,0.0
505942930528910001,0.0,0.0,0.0,0.0,0.0
506042929166340601,2.5727272033691406,4.701660056539718,79.22074739636513,88.56523132324219,517.1825943091511
506142930545523801,0.0,0.0,0.0,0.0,0.0
506242930535157402,0.0,0.0,0.0,0.0,0.0
506442930460633701,1.8954248428344727,2.948441990898446,59.327123695976155,74.26904296875,451.1116100654009
506442930463838902,0.0,0.0,0.0,0.0,0.0
506442930519662001,0.0,0.0,0.0,0.0,0.0
506442930539820501,0.0,0.0,0.0,0.0,0.0
506542929012850302,0.0,0.0,0.0,0.0,0.0
506642930510412501,0.0,0.0,0.0,0.0,0.0
506642930542825801,2.03125,10.952258507680085,350.47266949152544,25.017797470092773,350.4722629611775
506742930463954401,3.0,8.397194554555227,143.55811609782316,106.2752456665039,965.6773519200748
506842930476150901,0.0,0.0,0.0,0.0,0.0
506842930543581002,0.0,0.0,0.0,0.0,0.0
506942930473639902,4.041666507720947,44.7669494558992,373.69415807560136,219.33436584472656,3223.220257587586
507242930478677602,0.0,0.0,0.0,0.0,0.0
507342930452489501,0.0,0.0,0.0,0.0,0.0
507442928025464301,4.513513565063477,11.66151759702067,171.55321020228672,125.68876647949219,862.952311835377
507442930534261702,1.7999999523162842,10.401908730261791,49.598379389154374,5.097613334655762,52.009542788979715
507442930538366402,0.0,0.0,0.0,0.0,0.0
507542930459442602,0.0,0.0,0.0,0.0,0.0
507542930465039802,0.0,0.0,0.0,0.0,0.0
507642930462577801,0.0,0.0,0.0,0.0,0.0
507642930475155102,0.0,0.0,0.0,0.0,0.0
507642930539035801,1.8571428060531616,4.341870157830708,44.65975156870278,12.283039093017578,91.1792695178221
507742930453695202,0.0,0.0,0.0,0.0,0.0
507742930476257801,0.0,0.0,0.0,0.0,0.0
507742930522315701,0.0,0.0,0.0,0.0,0.0
507842930477223801,0.0,0.0,0.0,0.0,0.0
507842930515435302,0.0,0.0,0.0,0.0,0.0
507842930520627202,3.18367338180542,15.083742039004752,1478.209081309398,165.44677734375,1478.2067186784593
507942930524452702,0.0,0.0,0.0,0.0,0.0
508042930460964002,3.0,7.4945622214055385,89.45637329286798,33.32535171508789,307.2770627431334
508542930520963101,0.0,0.0,0.0,0.0,0.0
508642930461811801,0.0,0.0,0.0,0.0,0.0
508642930477069102,0.0,0.0,0.0,0.0,0.0
508942930526551501,0.0,0.0,0.0,0.0,0.0
509042930526340202,3.4361701011657715,10.874571075033273,159.57054125998226,104.16997528076172,1022.2097212073014
509042930533248102,0.0,0.0,0.0,0.0,0.0
509342930474233502,2.8888888359069824,14.773068450218023,60.31395348837209,13.850104331970215,132.95761889080669
509342930516309802,0.0,0.0,0.0,0.0,0.0
509542930448255401,0.0,0.0,0.0,0.0,0.0
509542930541584802,2.930555582046509,11.885950783740702,160.48724760892668,80.48888397216797,855.7884661923306
509542930544989402,1.5490195751190186,4.08691279316191,87.94857304323256,65.37734985351562,416.8651008009338
509642928052225901,0.0,0.0,0.0,0.0,0.0
509642930450791502,0.0,0.0,0.0,0.0,0.0
509642930520079401,0.0,0.0,0.0,0.0,0.0
509842930528199402,0.0,0.0,0.0,0.0,0.0
509942930458318801,0.0,0.0,0.0,0.0,0.0
509942930516833901,3.423076868057251,7.644431263231332,46.52193995381062,22.68256187438965,198.75520440998034
511242929721432102,0.0,0.0,0.0,0.0,0.0
511242930527800702,0.0,0.0,0.0,0.0,0.0
511342929613283702,0.0,0.0,0.0,0.0,0.0
511342930541133801,0.0,0.0,0.0,0.0,0.0
511742930476524002,0.0,0.0,0.0,0.0,0.0
511942930549594601,0.0,0.0,0.0,0.0,0.0
512042930474491802,0.0,0.0,0.0,0.0,0.0
512142930450743102,0.0,0.0,0.0,0.0,0.0
512142930510216902,0.0,0.0,0.0,0.0,0.0
512242930456751602,0.0,0.0,0.0,0.0,0.0
512242930517231702,0.0,0.0,0.0,0.0,0.0
512242930532860401,0.0,0.0,0.0,0.0,0.0
512342930524586101,0.0,0.0,0.0,0.0,0.0
512442930533583302,0.9611650705337524,6.802086990870786,39.865917602996255,55.805973052978516,700.6149255259653
512542930034890302,0.0,0.0,0.0,0.0,0.0
512542930447428101,0.046875,4.838397233434683,5.477458586705809,97.9751968383789,619.314820280613
512542930475376202,0.004385964944958687,5.417829467179903,89.16909778498109,175.5269775390625,1235.2651513023418
512642930457716302,3.0,29.496974185542506,58.993288590604024,6.149107933044434,58.99394837108501
512742930537291401,0.0,0.0,0.0,0.0,0.0
512942930466301102,0.0,0.0,0.0,0.0,0.0
513042930464313501,0.0,0.0,0.0,0.0,0.0
513142930464625601,0.0,0.0,0.0,0.0,0.0
513242930478886801,2.444444417953491,5.630965730736188,21.526103621464447,8.862979888916016,50.67869273827815
513242930526360602,1.399999976158142,3.626022351530083,15.319917012448133,2.1481332778930664,18.130111580369878
513342930456017302,0.0,0.0,0.0,0.0,0.0
513542930532871401,0.0,0.0,0.0,0.0,0.0
513742929664075601,0.0,0.0,0.0,0.0,0.0
513842930529817001,0.0,0.0,0.0,0.0,0.0
513842930547240801,2.2748091220855713,6.484052952612241,260.8326957922287,83.75,849.4109432467374
514042930450771701,0.0,0.0,0.0,0.0,0.0
514042930480452202,0.0,0.0,0.0,0.0,0.0
514142930543922802,0.0,0.0,0.0,0.0,0.0
514242930474094101,0.0,0.0,0.0,0.0,0.0
514242930529829401,0.0,0.0,0.0,0.0,0.0
514342928021819501,4.550000190734863,14.712465436271067,167.99157303370785,57.7530403137207,588.4986243942815
514342930516646901,0.0,0.0,0.0,0.0,0.0
514342930544960202,0.0,0.0,0.0,0.0,0.0
514342930547228702,0.0,0.0,0.0,0.0,0.0
514442930477650702,0.0,0.0,0.0,0.0,0.0
514642930517490501,0.0,0.0,0.0,0.0,0.0
514942930450840302,0.0,0.0,0.0,0.0,0.0
515042930519916902,0.0,0.0,0.0,0.0,0.0
515042930548602902,0.0,0.0,0.0,0.0,0.0
515142930476508902,2.1005916595458984,5.529947916666667,934.5614533965245,144.9652099609375,934.5611963741776
515242930464587302,0.0,0.0,0.0,0.0,0.0
515442930527986401,0.0,0.0,0.0,0.0,0.0
515542930461758002,0.0,0.0,0.0,0.0,0.0
515542930522168902,1.8548387289047241,4.311515068222824,80.46786197564276,114.92413330078125,534.6278892258131
515642930516671402,0.0,0.0,0.0,0.0,0.0
515642930545201102,0.0,0.0,0.0,0.0,0.0
515742929303612002,6.782608509063721,5.722414935671438,84.45148389812671,28.782838821411133,263.2310859392729
515742930508268002,2.779069662094116,7.412747820680986,68.36536044160245,73.7815933227539,637.4963283235469
515742930516762801,0.0,0.0,0.0,0.0,0.0
515742930519307902,0.0,0.0,0.0,0.0,0.0
515842930509301901,0.0,0.0,0.0,0.0,0.0
515942930475211801,0.0,0.0,0.0,0.0,0.0
516142930459157302,0.0,0.0,0.0,0.0,0.0
516242929991282201,0.0,0.0,0.0,0.0,0.0
516242930526581001,0.0,0.0,0.0,0.0,0.0
516342930518380501,0.0,0.0,0.0,0.0,0.0
516542930462044701,1.0,0.41420626278714295,0.41456016177957533,0.049206141382455826,0.41420626278714295
516542930545901402,0.0,0.0,0.0,0.0,0.0
516642930538134302,0.0,0.0,0.0,0.0,0.0
516942930536217702,0.0,0.0,0.0,0.0,0.0
517042930456397402,0.0,0.0,0.0,0.0,0.0
517542930447311702,0.0,0.0,0.0,0.0,0.0
517542930543913501,4.0,167.62068525326796,335.24183006535947,18.98976707458496,335.2413768892974
517642930456732001,0.0,0.0,0.0,0.0,0.0
517742929083253102,2.4159293174743652,5.5091779199660635,82.71525533290239,115.2031478881836,622.537113776882
517742930459785702,0.0,0.0,0.0,0.0,0.0
517842930545188702,5.315789699554443,6.792950153470308,134.67919485509063,37.5347900390625,258.13210387434225
517942930509245701,0.0,0.0,0.0,0.0,0.0
518142930464255502,0.0,0.0,0.0,0.0,0.0
518242929696964301,0.0,0.0,0.0,0.0,0.0
518242930460910601,2.180952310562134,22.183255581117926,568.7845944103613,167.15567016601562,2329.241860379308
518242930480673301,0.36681222915649414,6.52813049024372,339.9168660287081,207.1007843017578,1494.941907345393
518242930524234402,0.0,0.0,0.0,0.0,0.0
518242930534219002,0.0,0.0,0.0,0.0,0.0
518542930531123101,0.0,0.0,0.0,0.0,0.0
518642930518090401,0.0,0.0,0.0,0.0,0.0
518842930459553101,28.5,1.303705806225802,2.6084070796460175,0.19565527141094208,2.607411612451604
518842930547093602,0.0,0.0,0.0,0.0,0.0
518942930456292602,0.0,0.0,0.0,0.0,0.0
519142930450171602,0.0,0.0,0.0,0.0,0.0
519142930454298802,0.0,0.0,0.0,0.0,0.0
519242930535055702,0.0,0.0,0.0,0.0,0.0
519542930470388902,0.0,0.0,0.0,0.0,0.0
519542930528475701,0.0,0.0,0.0,0.0,0.0
519742930461844302,0.0,0.0,0.0,0.0,0.0
519842930451311602,2.9666666984558105,14.874543446729957,145.67257383966245,0.0,446.2362919545878
519842930473770402,0.0,0.0,0.0,0.0,0.0
519842930527443702,0.0,0.0,0.0,0.0,0.0
521242930456422201,0.0,0.0,0.0,0.0,0.0
521342929543705902,0.0,0.0,0.0,0.0,0.0
521442930446384001,3.5333333015441895,11.832632739314988,75.3887587822014,22.592905044555664,177.48949797762083
521442930516243902,0.0,0.0,0.0,0.0,0.0
521442930550695802,2.125,44.689488555839006,349.0498866213152,2.8803622722625732,357.51592311729377
521642929820882502,0.0,0.0,0.0,0.0,0.0
521642930466537502,3.512195110321045,11.936331954656863,141.40915032679737,48.137115478515625,489.38959343106137
521642930529911802,0.2647058963775635,13.759452307650392,4.53182214472537,78.61499786376953,1403.4640925306803
521742929248984702,0.0,0.0,0.0,0.0,0.0
521742930289474802,0.0,0.0,0.0,0.0,0.0
521742930476572201,0.0,0.0,0.0,0.0,0.0
521842930464664801,0.0,0.0,0.0,0.0,0.0
521942930518970902,0.0,0.0,0.0,0.0,0.0
522042930476800702,0.0,0.0,0.0,0.0,0.0
522142930469906601,0.0,0.0,0.0,0.0,0.0
522142930516375802,0.0,0.0,0.0,0.0,0.0
522242930459711202,0.0,0.0,0.0,0.0,0.0
522342930544686501,2.1470587253570557,4.87644127911055,30.661054994388326,55.011600494384766,331.5980087862539
522642930515876402,0.0,0.0,0.0,0.0,0.0
522742930531960302,0.0,0.0,0.0,0.0,0.0
523042930525975001,0.0,0.0,0.0,0.0,0.0
523042930539813501,0.0,0.0,0.0,0.0,0.0
523242930476453102,0.0,0.0,0.0,0.0,0.0
523242930533811701,0.0,0.0,0.0,0.0,0.0
523242930549913201,0.0,0.0,0.0,0.0,0.0
523342930527468302,0.0,0.0,0.0,0.0,0.0
523442930464798501,0.8969072103500366,13.587591786202186,571.7267759562842,135.6745147705078,1317.996377584224
523442930543257102,0.0,0.0,0.0,0.0,0.0
523542930517232102,0.0,0.0,0.0,0.0,0.0
523542930542853201,0.0,0.0,0.0,0.0,0.0
523742930476968902,0.0,0.0,0.0,0.0,0.0
523742930530552602,3.8181817531585693,6.964830001293996,46.27991718426501,21.156648635864258,153.22625497379659
523942930477531001,2.777777671813965,4.431369507510359,26.013812154696133,6.918799877166748,39.88232579240044
523942930545877502,0.0,0.0,0.0,0.0,0.0
524042930530774101,2.809523820877075,8.466385762357856,82.64632165235554,29.885967254638672,177.79410788995756
524242930532164301,0.0,0.0,0.0,0.0,0.0
524342930456612601,0.0,0.0,0.0,0.0,0.0
524442927921789101,2.575000047683716,4.3766058932866825,129.3567679860048,66.49211120605469,525.1927216590533
524442930457683001,0.0,0.0,0.0,0.0,0.0
524542929644301002,0.0,0.0,0.0,0.0,0.0
524542930448041102,0.0,0.0,0.0,0.0,0.0
524542930453022401,0.0,0.0,0.0,0.0,0.0
524542930510187201,0.0,0.0,0.0,0.0,0.0
524542930517113001,0.0,0.0,0.0,0.0,0.0
524642929946600601,0.0,0.0,0.0,0.0,0.0
524642930507929602,4.0,17.0018401172391,17.001849405548217,2.279305934906006,17.0018401172391
524742930524493501,0.0,0.0,0.0,0.0,0.0
524742930524888502,0.0,0.0,0.0,0.0,0.0
524842930468636502,0.0,0.0,0.0,0.0,0.0
524842930525479102,0.0,0.0,0.0,0.0,0.0
524842930532705901,0.0,0.0,0.0,0.0,0.0
524942930528164202,0.0,0.0,0.0,0.0,0.0
525242930456243101,3.0,6.268848312178981,55.26940932437772,18.173683166503906,175.52775724449444
525242930476598501,3.0,6.323953800270108,73.74129651860744,9.362983703613281,120.1551248429059
525542929991226701,0.0,0.0,0.0,0.0,0.0
525542930519128501,0.0,0.0,0.0,0.0,0.0
525642930457580101,2.1188812255859375,6.032280094562073,93.5180737535552,69.94951629638672,862.6160407647424
525642930515445502,0.0,0.0,0.0,0.0,0.0
525742930462141902,2.0,4.5665988309303955,13.699767806037043,1.3791605234146118,13.699797020121228
525842930515830002,0.0,0.0,0.0,0.0,0.0
525942929013002102,0.0,0.0,0.0,0.0,0.0
525942930534269801,0.0,0.0,0.0,0.0,0.0
526142930525745102,0.0,0.0,0.0,0.0,0.0
526242930448845701,0.0,0.0,0.0,0.0,0.0
526342930527313402,0.0,0.0,0.0,0.0,0.0
526442930528398402,1.4270833730697632,8.63855006276427,17.273784355179703,116.95181274414062,829.3008293818218
526442930545311801,0.0,0.0,0.0,0.0,0.0
526742927905068101,0.0,0.0,0.0,0.0,0.0
526942930453045801,0.0,0.0,0.0,0.0,0.0
526942930507933602,0.0,0.0,0.0,0.0,0.0
527342930456726202,0.0,0.0,0.0,0.0,0.0
527342930533695601,0.0,0.0,0.0,0.0,0.0
527442930528109502,8.0,1.0817357330580064,12.972404730617608,3.3747527599334717,20.552979108560862
527542930452604902,0.0,0.0,0.0,0.0,0.0
527542930455826401,0.0,0.0,0.0,0.0,0.0
527542930530669502,0.0,0.0,0.0,0.0,0.0
527742930508942102,0.0,0.0,0.0,0.0,0.0
527742930539602001,4.199999809265137,23.052570299878838,275.21324717285944,19.20054817199707,345.78854926799534
527842930519336902,0.0,0.0,0.0,0.0,0.0
527942930509473501,0.0,0.0,0.0,0.0,0.0
527942930519957502,0.0,0.0,0.0,0.0,0.0
527942930527946202,0.0,0.0,0.0,0.0,0.0
528042930531882502,0.0,0.0,0.0,0.0,0.0
528642930532677102,2.174603223800659,10.034516757475926,94.95362392295996,86.7140121459961,632.1745854845158
528842930448825702,0.0,0.0,0.0,0.0,0.0
528842930474056201,0.0,7.337254919421226,0.0,81.31829833984375,601.6549046447816
528842930537470801,0.0,0.0,0.0,0.0,0.0
528942930517857701,0.0,0.0,0.0,0.0,0.0
529042930452799502,16.866666793823242,15.422396858906392,114.05634656164798,32.644691467285156,231.33595880036353
529142930528514802,2.3333332538604736,5.515147864300272,48.018478260869564,8.243639945983887,66.1817769009134
529242930549000602,0.0,0.0,0.0,0.0,0.0
529342930474315402,0.0,0.0,0.0,0.0,0.0
529342930527717402,1.4375,7.7094653958386195,1744.4792692210099,190.24012756347656,1850.2716665081614
529442930477183002,0.0,0.0,0.0,0.0,0.0
529442930526829101,0.0,0.0,0.0,0.0,0.0
529542928990317602,1.5137615203857422,6.1910135336109455,367.02201070791193,181.1663818359375,1349.6409943899464
529642930518469401,0.0,0.0,0.0,0.0,0.0
529742930460107701,4.666666507720947,10.978065238904996,100.13024085637824,27.99632453918457,230.53936770300479
529742930532663702,0.0,0.0,0.0,0.0,0.0
529842928135420501,2.8210525512695312,3.583898831973976,178.39201357786055,65.36612701416016,340.4704031480499
531142929684609602,0.0,0.0,0.0,0.0,0.0
531142930526117402,6.0,16.706278766957364,16.706976744186047,2.1594114303588867,16.706278766957364
531342930519090202,1.80110502243042,7.00811662809588,1232.1392839627267,132.45777893066406,1268.469082768493
531342930521353802,0.029045643284916878,3.611613607459454,3.251737685101239,152.28282165527344,870.3988451981239
531342930534825402,0.0,0.0,0.0,0.0,0.0
531442930509846501,2.549999952316284,2.919149644661472,52.19729960508059,33.0804443359375,233.53197881116571
531442930549950602,0.9910714030265808,3.5639104607837697,193.50198440232023,69.92317962646484,399.1579820764693
531542930461010801,0.0,0.0,0.0,0.0,0.0
531542930542068501,0.0,0.0,0.0,0.0,0.0
531642930509346502,0.0,0.0,0.0,0.0,0.0
531742930478634302,0.0,0.0,0.0,0.0,0.0
531742930525753001,0.0,0.0,0.0,0.0,0.0
532042930548155202,0.0,0.0,0.0,0.0,0.0
532242930478188602,0.0,0.0,0.0,0.0,0.0
532242930542455601,0.0,0.0,0.0,0.0,0.0
532442930459984001,2.0,38.467398665287625,86.56501182033097,15.924242973327637,153.8695992784673
532442930472851202,0.0,0.0,0.0,0.0,0.0
532542929118531402,1.9302325248718262,6.553573556341561,97.60606060606061,28.309419631958008,281.8036591552621
532542930543483502,0.0,0.0,0.0,0.0,0.0
532642930524212001,0.0,0.0,0.0,0.0,0.0
532642930527773702,2.274509906768799,9.56158387254193,151.26026604973973,79.95523834228516,975.281612573296
532742930508593502,0.0,0.0,0.0,0.0,0.0
533042928257856601,0.0,0.0,0.0,0.0,0.0
533042930464310102,0.0,0.0,0.0,0.0,0.0
533242930464522301,0.0,0.0,0.0,0.0,0.0
533342929269151302,0.0,0.0,0.0,0.0,0.0
533342930461618601,0.0,0.0,0.0,0.0,0.0
533442929501754601,0.0,0.0,0.0,0.0,0.0
533642930461272401,0.0,0.0,0.0,0.0,0.0
533742930528841102,0.0,0.0,0.0,0.0,0.0
533842930450656002,0.030927835032343864,7.594715387595359,16.939605848696758,178.24681091308594,1473.374740891599
533842930532705502,2.692307710647583,5.91637010881614,28.284362991427727,11.039644241333008,76.91280825730792
534142930462567801,0.0,0.0,0.0,0.0,0.0
534142930464536002,0.0,0.0,0.0,0.0,0.0
534242930449890701,0.0,0.0,0.0,0.0,0.0
534342929528923002,0.0,0.0,0.0,0.0,0.0
534342930472965901,0.0,0.0,0.0,0.0,0.0
534442928293182001,0.0,0.0,0.0,0.0,0.0
534642930541733801,0.0,0.0,0.0,0.0,0.0
534742928716216301,0.0,0.0,0.0,0.0,0.0
534842928887104802,0.0,0.0,0.0,0.0,0.0
534842930454500201,0.0,0.0,0.0,0.0,0.0
534942930460349701,0.0,0.0,0.0,0.0,0.0
535042930544297801,0.0,0.0,0.0,0.0,0.0
535142930542720502,1.5980392694473267,8.554622249202327,84.25975975975976,51.398189544677734,872.5714614541681
535442930509897502,0.0,0.0,0.0,0.0,0.0
535642929346340802,4.333333492279053,5.633160864822894,18.20335724321526,3.5661911964416504,33.798965622226945
535742930508737102,0.0,0.0,0.0,0.0,0.0
535742930547538701,0.07692307978868484,11.967277079417293,18.150375939849624,108.72384643554688,1089.0222103161918
535842930475256801,0.0,0.0,0.0,0.0,0.0
535942930480358302,0.0,0.0,0.0,0.0,0.0
536042930524260402,0.0,0.0,0.0,0.0,0.0
536242930479479502,0.0,0.0,0.0,0.0,0.0
536242930531045102,0.0,0.0,0.0,0.0,0.0
536442930518004201,0.0,0.0,0.0,0.0,0.0
536642928030238702,0.0,0.0,0.0,0.0,0.0
536742930477969701,0.0,0.0,0.0,0.0,0.0
536842928096602302,0.0,0.0,0.0,0.0,0.0
536842930517065202,0.0,11.334642559757054,0.0,57.119014739990234,634.7399766706748
536942930521186501,0.0,0.0,0.0,0.0,0.0
536942930546660802,0.0,0.0,0.0,0.0,0.0
537042930459870402,3.51111102104187,5.7851483685372,115.10075662042875,81.70323944091797,520.6633313740638
537042930475994501,0.0,0.0,0.0,0.0,0.0
537042930515757301,0.0,0.0,0.0,0.0,0.0
537242930472882002,3.5,11.014731997535343,119.18452380952381,22.619333267211914,198.26517992927916
537442930462553302,0.0,0.0,0.0,0.0,0.0
537742930537487701,0.0,0.0,0.0,0.0,0.0
537842930472684901,0.0,129.17991323480572,0.0,15.68386173248291,129.17991323480572
537842930539585501,0.0,0.0,0.0,0.0,0.0
538242930527708102,0.0,0.0,0.0,0.0,0.0
538742930051294101,291.0,3.778813452575891,3.778813452575891,0.5828577876091003,3.778813452575891
538742930544730402,0.0,0.0,0.0,0.0,0.0
538842930458550301,0.0,0.0,0.0,0.0,0.0
538942928601996601,0.0,0.0,0.0,0.0,0.0
539142930531965102,1.717514157295227,5.413464504967508,958.183329167708,143.77976989746094,958.1832477504746
539142930533963502,0.0,0.0,0.0,0.0,0.0
539242930080248202,0.0,0.0,0.0,0.0,0.0
539242930452638301,0.0,0.0,0.0,0.0,0.0
539342930460514101,0.0,0.0,0.0,0.0,0.0
539342930534180401,0.0,0.0,0.0,0.0,0.0
539442930457747202,0.0,3.2139176523219275,3.214036312849162,0.23319709300994873,3.2139176523219275
539542930524258101,2.7153847217559814,6.290031887169361,241.08559882439383,123.45853424072266,817.7041333979495
539542930529863002,0.0,0.0,0.0,0.0,0.0
539642930547018201,2.799999952316284,3.1179902440507785,9.644727530077848,1.5807859897613525,15.589950529126858
539742930456462402,0.0,0.0,0.0,0.0,0.0
539742930542241701,0.0,0.0,0.0,0.0,0.0
539842930509501001,3.4864864349365234,7.102686071908602,78.0390492359932,37.622947692871094,262.799389453277
539842930544496001,2.941666603088379,6.434178830687278,134.27478936007242,65.9002685546875,772.1014352584232
539942928887267601,0.0,0.0,0.0,0.0,0.0
541342930547951202,0.0,0.0,0.0,0.0,0.0
541442930463825901,0.0,0.0,0.0,0.0,0.0
541542930479667301,0.0,0.0,0.0,0.0,0.0
541542930538712902,0.0,0.0,0.0,0.0,0.0
541642930526968002,0.0,0.0,0.0,0.0,0.0
541642930549264901,2.0,4.187611050498753,4.187531172069826,0.379892498254776,4.187611050498753
541742930456042502,0.0,0.0,0.0,0.0,0.0
541742930475975601,0.0,0.0,0.0,0.0,0.0
541742930544290302,0.0,0.0,0.0,0.0,0.0
541842930473594102,76.0,8.188094035233602,16.376237623762375,2.1440670490264893,16.376188070467204
541942930465491901,1.0,56.0701905125594,76.66259334691107,13.252769470214844,112.1403810251188
541942930516487601,0.0,0.0,0.0,0.0,0.0
542042930527285602,0.0,0.0,0.0,0.0,0.0
542042930541493402,0.0,0.0,0.0,0.0,0.0
542142930451723601,0.0,0.0,0.0,0.0,0.0
542142930461059702,0.0,0.0,0.0,0.0,0.0
542142930550147302,0.0,0.0,0.0,0.0,0.0
542242930460488801,0.0,0.0,0.0,0.0,0.0
542342930463533802,0.0,0.0,0.0,0.0,0.0
542442930459874901,0.7708333134651184,8.105031554136254,8.099756690997568,50.21198654174805,389.04150604491105
542642930475186901,0.0,0.0,0.0,0.0,0.0
542842930515348302,0.0,0.0,0.0,0.0,0.0
542942928269661402,2.038759708404541,12.685907341452205,245.2669117647059,147.11769104003906,1636.481977612832
542942930467896902,0.0,0.0,0.0,0.0,0.0
543042930517155302,0.0,0.0,0.0,0.0,0.0
543142930510592802,1.4031007289886475,4.719639756944445,37.47397260273973,89.3536148071289,608.8335189174844
543142930519755302,4.358974456787109,12.625733268325904,233.1792966815255,98.2518539428711,984.8072015729914
543242930461378502,0.0,0.0,0.0,0.0,0.0
543242930463811702,0.0,0.0,0.0,0.0,0.0
543242930519274302,0.0,0.0,0.0,0.0,0.0
543242930531815101,0.0,0.0,0.0,0.0,0.0
543242930542042201,0.0,0.0,0.0,0.0,0.0
543442930541462601,0.0,0.0,0.0,0.0,0.0
543542930467923101,0.0,0.0,0.0,0.0,0.0
543742928086481802,0.0,0.0,0.0,0.0,0.0
543742929568598802,1.2222222089767456,4.763925192431046,22.46529826812059,98.31818389892578,514.5039046350544
543842930470748101,0.0,0.0,0.0,0.0,0.0
543942929861115802,0.06962025165557861,3.7897473728466684,9.741457858769932,124.12700653076172,598.7800733242735
543942930454431102,0.0,0.0,0.0,0.0,0.0
544042930546906902,0.0,0.0,0.0,0.0,0.0
544142930477290902,2.5,5.273849420755452,158.21557632398753,19.344030380249023,158.21548894721772
544142930527736401,0.0,0.0,0.0,0.0,0.0
544342930461160202,3.371134042739868,6.224775414106332,121.88463799091637,80.20783996582031,603.8032299713371
544442930534290402,0.0,0.0,0.0,0.0,0.0
544842929091483101,3.346153736114502,7.051948784722223,91.87644444444445,29.445575714111328,183.35066418457032
544842930472859602,0.0,0.0,0.0,0.0,0.0
545142927968949301,0.0,0.0,0.0,0.0,0.0
545142930525857501,24.33333396911621,3.8353088732009315,23.011923239734724,4.716475486755371,23.01185380330926
545242930452170201,0.0,0.0,0.0,0.0,0.0
545442930516399001,0.0,0.0,0.0,0.0,0.0
545442930549864302,0.0,0.0,0.0,0.0,0.0
545542929704005801,1.2704918384552002,7.169705647535785,141.15283565863382,98.23676300048828,874.7041141422228
545542930518725601,1.8235293626785278,11.008333333333333,112.6,21.83608055114746,187.14166488120776
545742930518330102,0.0,0.0,0.0,0.0,0.0
545842930462759002,0.0,0.0,0.0,0.0,0.0
545842930521406102,2.309859037399292,6.505095021240988,116.92945417095777,64.76644134521484,461.8617517488992
545842930528948202,0.0,0.0,0.0,0.0,0.0
545942930531461501,0.0,0.0,0.0,0.0,0.0
546142930543021401,0.11403508484363556,4.653039124266769,2.0827595001275183,69.91442108154297,530.44647469523
546442930463560202,2.4568965435028076,4.634849471504154,113.24188982224904,80.08329010009766,537.642518940982
546642930527206702,0.0,0.0,0.0,0.0,0.0
546842930522448401,0.0,0.0,0.0,0.0,0.0
547042930474978302,0.0,0.0,0.0,0.0,0.0
547042930517487202,0.0,0.0,0.0,0.0,0.0
547042930531498801,3.955223798751831,7.949343950320513,130.54846779237022,77.00808715820312,532.6060540614984
547642930532282601,0.0,0.0,0.0,0.0,0.0
547742930526035202,0.0,0.0,0.0,0.0,0.0
547742930538261001,0.0,0.0,0.0,0.0,0.0
548142928074373402,0.0,0.0,0.0,0.0,0.0
548242930550008501,2.6136362552642822,11.11226097470238,225.30857142857144,67.42593383789062,488.9394938441685
548342930527872802,0.0,0.0,0.0,0.0,0.0
548542928790834402,0.0,0.0,0.0,0.0,0.0
548642929800443002,0.0,0.0,0.0,0.0,0.0
548842930519045702,0.0,0.0,0.0,0.0,0.0
548842930524558501,1.9455782175064087,10.448775502314659,975.1830754510926,145.74363708496094,1535.9699544747257
548842930531426702,1.9051095247268677,8.109953216338056,242.48538591102744,115.67707061767578,1111.0636236769917
548942930459670202,0.0,0.0,0.0,0.0,0.0
548942930468881502,0.0,0.0,0.0,0.0,0.0
549842930531368902,0.0,0.0,0.0,0.0,0.0
551142930012217002,0.0,0.0,0.0,0.0,0.0
551142930534783602,0.0,0.0,0.0,0.0,0.0
551142930546057701,0.0,0.0,0.0,0.0,0.0
551242930516939202,2.2100000381469727,4.7878614770561,29.880900508351488,76.7622299194336,478.7861522738277
551242930525237102,0.0,0.0,0.0,0.0,0.0
551342930475628502,0.0,0.0,0.0,0.0,0.0
551342930510981301,0.0,0.0,0.0,0.0,0.0
551442930461046401,2.5,9.279746414372434,148.89192886456908,33.40873718261719,352.63036512382706
551542930510651401,0.0,0.0,0.0,0.0,0.0
551642930462492502,0.0,0.0,0.0,0.0,0.0
551742930537219302,0.0,0.0,0.0,0.0,0.0
551842930474095401,0.0,0.0,0.0,0.0,0.0
551942930461508601,0.0,0.0,0.0,0.0,0.0
552042930517985101,1.1907514333724976,13.342838347180733,727.6579536967887,176.8897705078125,2308.311084972379
552142930517714802,0.0,0.0,0.0,0.0,0.0
552242928021779802,0.0,0.0,0.0,0.0,0.0
552442930517302801,0.0,0.0,0.0,0.0,0.0
552542930469038101,3.454545497894287,4.4972861162742666,20.330579650282253,6.248712062835693,49.47014771600277
552642930476017702,0.0,0.0,0.0,0.0,0.0
552742930511122301,0.0,0.0,0.0,0.0,0.0
552742930519002501,0.0,0.0,0.0,0.0,0.0
552842930520109302,0.0,0.0,0.0,0.0,0.0
552842930526058302,2.661417245864868,4.1041908580883355,116.47733768885259,109.39256286621094,521.2322474591697
552842930534076701,0.0,0.0,0.0,0.0,0.0
553042930522335502,0.0,0.0,0.0,0.0,0.0
553142927979773102,0.0,0.0,0.0,0.0,0.0
553142930519641901,0.0,0.0,0.0,0.0,0.0
553142930525095601,0.0,0.0,0.0,0.0,0.0
553442930447528101,0.0,0.0,0.0,0.0,0.0
553442930457344001,0.0,0.0,0.0,0.0,0.0
553642930530697802,0.0,0.0,0.0,0.0,0.0
553742928726828901,2.6666667461395264,15.631919612594903,123.162147505423,41.722564697265625,515.8533443732272
553942930537403801,0.0,0.0,0.0,0.0,0.0
554042930531433001,2.834951400756836,4.961318396475306,127.10735894188828,56.715354919433594,511.0158077383303
554142930459817702,0.0,0.0,0.0,0.0,0.0
554242930542090802,0.0,0.0,0.0,0.0,0.0
554242930543050701,0.0,0.0,0.0,0.0,0.0
554342930457428302,0.0,0.0,0.0,0.0,0.0
554442929583904102,0.0,0.0,0.0,0.0,0.0
554442930480398002,0.0,0.0,0.0,0.0,0.0
554542928560706302,0.0,0.0,0.0,0.0,0.0
554542928683902002,0.0,0.0,0.0,0.0,0.0
554542930523931701,0.0,0.0,0.0,0.0,0.0
554642930527272401,1.040816307067871,6.236162741903634,54.58957345971564,73.78589630126953,611.1439678029426
554842930541292702,0.0,0.0,0.0,0.0,0.0
554942928088031901,0.0,0.0,0.0,0.0,0.0
554942930477615202,0.0,0.0,0.0,0.0,0.0
554942930525147302,0.0,0.0,0.0,0.0,0.0
555042930460461801,0.0,0.0,0.0,0.0,0.0
555142929726669102,0.0,0.0,0.0,0.0,0.0
555142930521219102,1.7235772609710693,8.435088967011929,63.739513217811606,71.09172821044922,1037.5159565960344
555542929774131802,1.6666666269302368,15.619295930741094,30.028625954198475,6.577491283416748,46.85788841344625
556042930456816801,0.0,3.6235098073235648,0.0,123.85611724853516,786.3016170093056
556342930477631501,0.0,0.0,0.0,0.0,0.0
556442930454854102,0.0,0.0,0.0,0.0,0.0
556742930508706002,0.0,0.0,0.0,0.0,0.0
556742930527870101,0.0,0.0,0.0,0.0,0.0
556742930538894801,0.0,0.0,0.0,0.0,0.0
556742930544434101,0.0,0.0,0.0,0.0,0.0
556842930548802901,0.0,0.0,0.0,0.0,0.0
557042930543946701,0.0,0.0,0.0,0.0,0.0
557142930527185802,0.0,0.0,0.0,0.0,0.0
557142930548186002,0.0,0.0,0.0,0.0,0.0
557242928726103501,2.615384578704834,11.269407138377927,93.69788182831661,19.219444274902344,146.50229798724155
557242930515969802,0.0,0.0,0.0,0.0,0.0
557342930519016702,0.0,0.0,0.0,0.0,0.0
557442930461953502,2.054877996444702,6.696355366878373,1098.2230215827337,96.88072967529297,1098.2023055604893
557842930459073502,0.0,0.0,0.0,0.0,0.0
557942930462279901,0.0,0.0,0.0,0.0,0.0
557942930533494001,0.0,0.0,0.0,0.0,0.0
558042930452454801,0.0,0.0,0.0,0.0,0.0
558142930464202002,0.0,216.1012811634349,0.0,19.666343688964844,216.1012811634349
558142930542231401,3.1192660331726074,10.074098268072289,228.60626506024096,108.46722412109375,1098.0767118991714
558342930459575501,0.0,0.0,0.0,0.0,0.0
558442930469720701,0.0,0.0,0.0,0.0,0.0
558442930509513301,0.0,0.0,0.0,0.0,0.0
558542930457990002,3.3333332538604736,8.709600545954851,102.35838474481211,25.287630081176758,182.9016102797786
558842930447952101,0.0,0.0,0.0,0.0,0.0
558842930527041001,0.0,0.0,0.0,0.0,0.0
559042929514327501,0.0,0.0,0.0,0.0,0.0
559042930459904901,0.0,0.0,0.0,0.0,0.0
559042930540567602,2.3333332538604736,5.033737444196428,43.277142857142856,5.5094475746154785,45.303636169433595
559142930449974901,7.55555534362793,4.121706375607966,82.8314949068551,24.579898834228516,185.47678887842554
559342930474453902,0.0,0.0,0.0,0.0,0.0
559442928242647001,0.0,0.0,0.0,0.0,0.0
559442930531483002,0.0,5.415105301313001,0.0,15.090264320373535,81.22658216464761
559542930523324601,0.0,0.0,0.0,0.0,0.0
559642930035056801,0.0,0.0,0.0,0.0,0.0
559642930456132201,4.0,10.22489488551611,17.513126491646776,2.481431007385254,20.449790645044004
559742930525871201,0.0,0.0,0.0,0.0,0.0
559842930517085602,3.2727272510528564,35.77553273809524,393.5310476190476,51.53103256225586,393.53085942150295
561142930458888302,0.0,0.0,0.0,0.0,0.0
561242930460817802,1.3103448152542114,6.262275272328693,113.84704393418912,71.38764190673828,544.8179519369166
561342930508219601,0.0,0.0,0.0,0.0,0.0
561542928897699201,0.0,0.0,0.0,0.0,0.0
561542930473946302,0.0,0.0,0.0,0.0,0.0
561742930458343901,0.0,0.0,0.0,0.0,0.0
561742930527745402,2.3877551555633545,6.669292359002474,177.5982905982906,133.56126403808594,980.385989061734
561842930508624602,0.0,0.0,0.0,0.0,0.0
562142930457999401,0.0,0.0,0.0,0.0,0.0
562242930516762201,0.0,0.0,0.0,0.0,0.0
562542927901384601,0.0,0.0,0.0,0.0,0.0
562542930524733502,1.8033708333969116,6.851404256225223,599.8909811694747,101.82201385498047,1219.5499691126722
562642929859057801,0.0,0.0,0.0,0.0,0.0
562642930533395402,0.0,0.0,0.0,0.0,0.0
562742928592805401,0.0,0.0,0.0,0.0,0.0
562842930535224101,3.307692289352417,6.411758686102236,69.6964856230032,25.93838119506836,166.7057311767968
562942930400107802,0.0,0.0,0.0,0.0,0.0
562942930472538801,2.355072498321533,6.256828333565072,105.92338709677419,118.8576431274414,863.4422844583386
562942930524087901,3.7142856121063232,10.027703737745098,135.60056022408963,78.75033569335938,631.7453258012189
563042930447412502,0.0,0.0,0.0,0.0,0.0
563242930523466202,3.0,8.139808607943866,59.09213548845174,9.5855712890625,89.53789701224001
563342930517166701,0.0,0.0,0.0,0.0,0.0
563442930478766302,0.0,0.0,0.0,0.0,0.0
563842930518338801,0.7285714149475098,16.955204650433394,234.7682481751825,161.7914581298828,1186.8643674363184
563842930519687902,1.0,8.640396047847062,20.066820276497698,14.168214797973633,120.96554257270927
563942929879951101,0.0,0.0,0.0,0.0,0.0
563942930518265001,0.0,0.0,0.0,0.0,0.0
564042930467698902,0.0,0.0,0.0,0.0,0.0
564042930474130202,0.0,0.0,0.0,0.0,0.0
564042930545302301,2.5609755516052246,10.648027487362132,148.63676470588234,50.9279670715332,436.56912599591647
564142930473610102,2.153284788131714,5.26953018832669,204.09499003442653,87.86895751953125,721.9256446521812
564142930541405401,2.481203079223633,5.3375637928029125,131.029284164859,116.70099639892578,709.8960007288376
564242930479823502,0.0,0.0,0.0,0.0,0.0
564242930548268301,0.0,0.0,0.0,0.0,0.0
564442930461651601,0.0,0.0,0.0,0.0,0.0
564542930474770502,4.012820720672607,8.363514713921283,186.23123177842567,82.90507507324219,652.3541478233266
564542930518717701,0.0,0.0,0.0,0.0,0.0
564642930546316601,0.0,0.0,0.0,0.0,0.0
564842930451772701,1.91304349899292,4.261098267431973,67.09399092970521,91.2888412475586,686.0367988776728
564942930476944301,1.125,5.028257369658308,48.66466537171111,65.21512603759766,563.1648153972441
564942930510791302,3.0,38.383545918367346,71.81355102040817,15.019540786743164,115.15063520408164
564942930545163102,0.0,0.0,0.0,0.0,0.0
565042929230337001,0.0,0.0,0.0,0.0,0.0
565142930531312102,1.3333333730697632,4.389558227350883,61.49270722162932,76.97643280029297,566.2529923341657
565242929417347501,0.0,49.885084047248185,0.0,9.51956844329834,49.885084047248185
565542930466898901,2.7217390537261963,8.831204355419136,223.38865368331923,146.6916961669922,1015.5884788765128
565742930510705701,0.0,0.0,0.0,0.0,0.0
565742930510970501,0.0,0.0,0.0,0.0,0.0
565742930533556001,0.0,0.0,0.0,0.0,0.0
565842930455500602,0.0,0.0,0.0,0.0,0.0
565942930532283302,2.5,7.824807678150766,15.649587750294463,2.170687437057495,15.649614781176384
566042930480045402,0.0,0.0,0.0,0.0,0.0
566242930517841701,0.0,0.0,0.0,0.0,0.0
566342930464201901,0.0,0.0,0.0,0.0,0.0
566342930534237701,0.0,0.0,0.0,0.0,0.0
566842928663876202,0.0,0.0,0.0,0.0,0.0
566842930455650202,0.45652174949645996,4.173262986472078,29.955751032920165,111.50203704833984,575.910308130166
566842930471587602,0.0,0.0,0.0,0.0,0.0
566842930521696602,0.0,0.0,0.0,0.0,0.0
566842930527942301,2.538461446762085,8.295887298003802,89.31094212082806,14.681344985961914,107.84653961864966
566842930546245201,0.0,0.0,0.0,0.0,0.0
566942930474848802,2.821917772293091,4.998604357656095,91.87234886025769,49.57390213012695,364.89811649133475
567042930474703002,0.0,0.0,0.0,0.0,0.0
567242930525117701,0.0,0.0,0.0,0.0,0.0
567242930534208901,0.0,64.75858579429735,-51.05906313645621,0.0,64.75858579429735
567242930538634301,0.0,0.0,0.0,0.0,0.0
567342930478576802,2.6728971004486084,6.005096748642124,74.67984308992155,105.21678924560547,642.5453290939331
567442929268241802,0.0,0.0,0.0,0.0,0.0
567442930519118001,3.0,4.321626741793415,34.565267616480554,12.801698684692383,69.14603024829017
567542930477190301,0.0,0.0,0.0,0.0,0.0
567742930536589701,0.0,0.0,0.0,0.0,0.0
567842930533979901,0.0,0.0,0.0,0.0,0.0
567942930449203501,2.4000000953674316,2.4969508717327624,6.810274898602974,1.095517873764038,12.484754160622746
567942930477467801,4.333333492279053,6.739081457802654,11.638155248692854,2.9784233570098877,20.21724489710417
568142930509898301,0.0,0.0,0.0,0.0,0.0
568242930474081501,0.0,0.0,0.0,0.0,0.0
568542928888035401,0.0,0.0,0.0,0.0,0.0
568642930448284102,3.03125,7.578493955291971,130.13226277372263,28.2274227142334,242.5118032118526
568642930517970701,0.0,0.0,0.0,0.0,0.0
568642930549098001,2.8648648262023926,8.461246508907005,169.64613526570048,33.26776123046875,313.06611336602106
568742930508158102,0.0,0.0,0.0,0.0,0.0
568842930508896801,0.0,0.0,0.0,0.0,0.0
568842930526668401,0.0,0.0,0.0,0.0,0.0
568842930535912902,0.0,0.0,0.0,0.0,0.0
568942930521809401,0.0,0.0,0.0,0.0,0.0
569042929989643102,0.0,0.0,0.0,0.0,0.0
569042930474384601,3.409090995788574,17.567037953795378,284.1268793546021,32.34231948852539,386.47482774298754
569042930522915601,0.0,0.0,0.0,0.0,0.0
569042930532748602,0.0,0.0,0.0,0.0,0.0
569142930524772701,0.0,0.0,0.0,0.0,0.0
569242930448533202,0.0,0.0,0.0,0.0,0.0
569242930518886302,0.0,0.0,0.0,0.0,0.0
569242930520724301,0.0,0.0,0.0,0.0,0.0
569242930544909101,0.0,0.0,0.0,0.0,0.0
569342930546613702,0.0,0.0,0.0,0.0,0.0
569442930455416802,0.0,0.0,0.0,0.0,0.0
569442930534471901,0.0,0.0,0.0,0.0,0.0
569742930520040302,0.0,0.0,0.0,0.0,0.0
571142930478703301,0.0,0.0,0.0,0.0,0.0
571242930462540901,0.0,0.0,0.0,0.0,0.0
571442928168238301,0.0,0.0,0.0,0.0,0.0
571442930518125902,0.0,0.0,0.0,0.0,0.0
571542928191310502,3.4571428298950195,11.714560991957105,248.52815013404825,41.392189025878906,410.0096244227151
571642930517592301,0.0,0.0,0.0,0.0,0.0
571642930525404001,0.0,0.0,0.0,0.0,0.0
571642930529436001,2.0,5.09726536047299,78.63431786216596,29.736324310302734,224.27968478859816
571842930449526801,0.0,0.0,0.0,0.0,0.0
571942930519538402,0.0,0.0,0.0,0.0,0.0
572042930477638502,0.0,0.0,0.0,0.0,0.0
572242930476538501,0.0,0.0,0.0,0.0,0.0
572442930520255801,0.0,0.0,0.0,0.0,0.0
572542930519030002,0.0,0.0,0.0,0.0,0.0
572642930456622302,1.0,7.555995830361774,7.556016597510373,0.6878687739372253,7.555995830361774
572642930468538502,3.069999933242798,10.133794925361025,130.5042998539672,77.56961822509766,1013.3795044648459
572742930509858301,0.0,0.0,0.0,0.0,0.0
572742930525592201,0.0,0.0,0.0,0.0,0.0
573042929681101202,0.0,0.0,0.0,0.0,0.0
573042930464326101,0.0,0.0,0.0,0.0,0.0
573242930529251302,0.0,0.0,0.0,0.0,0.0
573342929456888301,3.357142925262451,2.6276933272365133,17.04644865652989,12.905623435974121,73.57541282105957
573542930474819301,0.0,0.0,0.0,0.0,0.0
573642930517772902,0.0,0.0,0.0,0.0,0.0
573742930451856301,0.0,0.0,0.0,0.0,0.0
573842929155647901,0.0,0.0,0.0,0.0,0.0
573842930453679001,0.0,0.0,0.0,0.0,0.0
573842930464965301,0.0,0.0,0.0,0.0,0.0
573842930542908001,2.5,25.18192943956786,25.18185910420887,7.732438087463379,50.36385887913572
574042930462561401,9.769230842590332,11.457898315270535,184.05084745762713,35.926666259765625,297.90536220505777
574142930464398002,0.0,0.0,0.0,0.0,0.0
574142930517773901,0.0,0.0,0.0,0.0,0.0
574642930461515002,0.0,0.0,0.0,0.0,0.0
574642930461999801,0.0,0.0,0.0,0.0,0.0
574942930517405201,0.0,0.0,0.0,0.0,0.0
575342930459315802,0.0,0.0,0.0,0.0,0.0
575542930456924902,0.0,0.0,0.0,0.0,0.0
575742929649255602,2.986842155456543,8.267330678795938,191.17214700193423,60.426063537597656,628.3171103309617
575742930543431602,0.0,0.0,0.0,0.0,0.0
575942929642387902,0.0,0.0,0.0,0.0,0.0
575942930519477602,0.0,0.0,0.0,0.0,0.0
575942930530011001,0.0,0.0,0.0,0.0,0.0
576142929047937501,3.3333332538604736,1.9707390031621104,4.077189510143493,1.3050652742385864,5.912216864146554
576242930508191701,0.0,0.0,0.0,0.0,0.0
576342929644467501,2.127659559249878,30.89467585256085,459.3651115618661,90.54940795898438,2904.099584180975
577042930529391901,0.0,0.0,0.0,0.0,0.0
577342930460467902,3.8157894611358643,5.882509054424432,69.30783085356303,37.70933532714844,223.53535360815755
577642930456314401,0.0,0.0,0.0,0.0,0.0
577642930542833502,0.9130434989929199,3.171135221208845,34.575613839285715,11.263588905334473,72.93610837430295
577842930517373302,0.0,0.0,0.0,0.0,0.0
577842930525195102,4.0,12.083612172881518,12.083588957055214,0.6858295798301697,12.083612172881518
578242930461628901,3.5090909004211426,4.759343276970206,59.41999038923594,53.7388801574707,261.763874945762
578342930453531001,0.0,0.0,0.0,0.0,0.0
578442930477795202,0.0,0.0,0.0,0.0,0.0
578542930449771801,3.4431817531585693,5.821870627178161,125.71169078044144,76.02385711669922,512.3246136832632
578542930477348802,0.0,0.0,0.0,0.0,0.0
578542930538582801,3.372340440750122,7.551072938438153,117.95173855215657,98.12129211425781,709.8008407996494
578642928247046702,0.0,0.0,0.0,0.0,0.0
578642930450407501,0.0,0.0,0.0,0.0,0.0
578742930456531402,4.066666603088379,4.555513491189427,60.00308370044053,13.594138145446777,68.33270395085675
578842930544158201,0.0,0.0,0.0,0.0,0.0
578942930527274801,0.0,0.0,0.0,0.0,0.0
579142930524604301,0.0,0.0,0.0,0.0,0.0
579142930543145301,2.45652174949646,9.39642444433517,220.49305009179125,39.27000427246094,432.235542047252
579342930462972902,0.0,0.0,0.0,0.0,0.0
579342930530210801,0.0,0.0,0.0,0.0,0.0
579542930533839801,0.44186046719551086,18.239124152281136,69.44389642416769,103.2096939086914,1568.564643355
579742930464612902,0.0,0.0,0.0,0.0,0.0
579842929543736402,0.0,0.0,0.0,0.0,0.0
581142928021939101,0.0,0.0,0.0,0.0,0.0
581142929514065002,0.0,0.0,0.0,0.0,0.0
581142930456597102,0.0,0.0,0.0,0.0,0.0
581142930550197802,0.0,0.0,0.0,0.0,0.0
581342930458767201,3.454545497894287,3.489616194700119,19.89667458432304,6.12382698059082,38.38577759803899
581342930517552302,0.0,0.0,0.0,0.0,0.0
581342930542448702,4.108108043670654,24.32190081716954,211.03304597701148,59.462501525878906,899.9103040092293
581542930464865602,0.0,0.0,0.0,0.0,0.0
581542930519191201,0.0,0.0,0.0,0.0,0.0
581542930531076401,0.0,0.0,0.0,0.0,0.0
581842930541975902,0.0,0.0,0.0,0.0,0.0
581942930529283101,0.0,0.0,0.0,0.0,0.0
582142930517224801,0.0,0.0,0.0,0.0,0.0
582142930517408502,1.0714285373687744,4.545021674275188,71.65769662021464,125.818115234375,572.672735096609
582342930449478601,0.0,0.0,0.0,0.0,0.0
582442930543160701,0.0,0.0,0.0,0.0,0.0
582442930544226302,0.0,0.0,0.0,0.0,0.0
582742930465726302,0.0,0.0,0.0,0.0,0.0
582842930220790102,0.0,0.0,0.0,0.0,0.0
582842930527808601,0.0,0.0,0.0,0.0,0.0
582842930538678201,0.0,0.0,0.0,0.0,0.0
582942930480100701,2.732142925262451,4.250184130950529,67.14654635967642,40.85234832763672,238.01031725823546
582942930527405202,0.0,0.0,0.0,0.0,0.0
583142930542128701,0.0,0.0,0.0,0.0,0.0
583242930458535402,0.0,0.0,0.0,0.0,0.0
583342930515495901,1.0,0.7400340013009771,0.740016992353441,0.10396279394626617,0.7400340013009771
583442930447834902,0.0,0.0,0.0,0.0,0.0
583442930515472902,1.0,84.49250243258271,84.49249374478732,9.536275863647461,84.49250243258271
583542930452714702,0.0,0.0,0.0,0.0,0.0
583642930534574102,1.9042552709579468,9.167565486848604,167.88466287972338,80.79510498046875,861.7511414348652
583742930462041502,0.0,0.0,0.0,0.0,0.0
583742930524576502,0.0,0.0,0.0,0.0,0.0
583742930549754102,0.0,0.0,0.0,0.0,0.0
583842930523464402,1.0,128.21150557075842,128.21188428459735,13.385104179382324,128.21150557075842
584042930474517201,0.0,0.0,0.0,0.0,0.0
584042930515521701,0.0,0.0,0.0,0.0,0.0
584042930525849001,0.0,0.0,0.0,0.0,0.0
584142930509593402,0.0,0.0,0.0,0.0,0.0
584242930527056502,0.0,0.0,0.0,0.0,0.0
584342929439542302,0.0,0.0,0.0,0.0,0.0
584442930456661802,0.0,0.0,0.0,0.0,0.0
584542930460728101,2.094202995300293,3.3058946518606103,47.46832054256648,52.69154357910156,456.2134397880916
584642929069856702,0.0,0.0,0.0,0.0,0.0
584742930548988402,0.0,0.0,0.0,0.0,0.0
584842930532016401,3.341463327407837,7.011212509081827,85.19934610843701,38.92822265625,287.4597205800458
584842930549536902,0.0,0.0,0.0,0.0,0.0
584942929166082202,3.3529412746429443,5.501820964017923,128.0940014630578,67.96368408203125,467.6547864594421
585042929816225002,3.117647171020508,6.578583374742344,86.48527679623086,30.77351951599121,223.671830982707
585042930524706102,0.0,0.0,0.0,0.0,0.0
585142929494098001,1.0,37.486686862244895,37.486656200941916,2.9734668731689453,37.486686862244895
585142930455279902,0.0,0.0,0.0,0.0,0.0
585342930476207401,0.0,0.0,0.0,0.0,0.0
585342930525444502,0.0,0.0,0.0,0.0,0.0
585542930470647202,0.0,0.0,0.0,0.0,0.0
585642930015479602,0.0,0.0,0.0,0.0,0.0
585642930507653402,0.0,0.0,0.0,0.0,0.0
585742930455366802,0.0,0.0,0.0,0.0,0.0
585942930469500002,0.0,0.0,0.0,0.0,0.0
586142929321228501,0.0,0.0,0.0,0.0,0.0
586242930528427301,0.0,0.0,0.0,0.0,0.0
586342930521266002,2.2239999771118164,6.798883977926002,126.98968160377359,126.76062774658203,849.8604879020801
586342930546496302,0.0,0.0,0.0,0.0,0.0
586442930515845701,1.8333333730697632,3.8296828134738234,64.71798067933936,10.571189880371094,114.89048511033194
586442930542132202,3.0735294818878174,3.716083683379709,114.67337328767124,47.940391540527344,252.69368361446956
586542930542625602,0.0,4.308807801530811,0.0,4.2949323654174805,51.705694981186696
586642930459044301,2.2767856121063232,4.431897454427467,87.98743436965371,55.08110809326172,496.3725297684923
586642930509511902,0.0,0.0,0.0,0.0,0.0
586642930547111102,0.0,0.0,0.0,0.0,0.0
586742930472476902,0.17391304671764374,5.615372697277182,0.4833579881656805,92.7118148803711,516.6142889536344
586742930473877602,0.0,0.0,0.0,0.0,0.0
586742930539668202,0.0,0.0,0.0,0.0,0.0
586842930526323702,0.0,0.0,0.0,0.0,0.0
587042930509703002,0.0,0.0,0.0,0.0,0.0
587142930461747102,0.0,0.0,0.0,0.0,0.0
587742928281527002,0.0,0.0,0.0,0.0,0.0
587742930460346402,0.0,0.0,0.0,0.0,0.0
587742930472337201,0.0,0.0,0.0,0.0,0.0
587942929417447601,0.0,0.0,0.0,0.0,0.0
587942930524650302,0.0,0.0,0.0,0.0,0.0
587942930529959002,0.0,0.0,0.0,0.0,0.0
588042929417233502,0.0,0.0,0.0,0.0,0.0
588042930534336502,0.0,15.638831700762829,0.0,77.18643951416016,1251.1065323689002
588142929231894901,0.0,0.0,0.0,0.0,0.0
588142930449937102,0.0,0.0,0.0,0.0,0.0
588142930529250001,0.0,0.0,0.0,0.0,0.0
588142930534105601,0.0,0.0,0.0,0.0,0.0
588242930462767202,0.0,0.0,0.0,0.0,0.0
588242930510749901,0.0,0.0,0.0,0.0,0.0
588642930455895302,0.0,0.0,0.0,0.0,0.0
588642930473831901,1.6666666269302368,3.6549398222178304,10.847964353731719,2.2072267532348633,10.964819756158706
588642930543710601,0.0,0.0,0.0,0.0,0.0
588642930546161702,0.0,0.0,0.0,0.0,0.0
588742930541310501,0.0,0.0,0.0,0.0,0.0
588842930526032001,0.0,0.0,0.0,0.0,0.0
588842930530071501,4.026315689086914,8.057876649093316,95.61287693561532,27.363615036010742,306.19929943380066
588842930531093601,0.0,0.0,0.0,0.0,0.0
588942930454522301,4.128571510314941,18.956377951689774,307.525129982669,137.86891174316406,1326.9464950164847
588942930460786702,0.0,0.0,0.0,0.0,0.0
588942930509288502,0.0,0.0,0.0,0.0,0.0
589142930533897302,0.0,0.0,0.0,0.0,0.0
589242930509826302,0.0,0.0,0.0,0.0,0.0
589342930458575501,0.0,0.0,0.0,0.0,0.0
589342930543595001,0.0,0.0,0.0,0.0,0.0
589642930477663402,0.0,0.0,0.0,0.0,0.0
589642930522282001,0.0,0.0,0.0,0.0,0.0
589742930477775701,0.0,0.0,0.0,0.0,0.0
589842930532627701,0.0,0.0,0.0,0.0,0.0
589942930461929202,2.6578948497772217,4.188104446342044,65.24561124791485,37.75905990600586,318.2959485626342
591142930517656102,2.7971014976501465,3.4480154685109197,55.11086381972458,43.131290435791016,237.91307498954703
591242930459409302,0.0,0.0,0.0,0.0,0.0
591242930525928101,0.0,0.0,0.0,0.0,0.0
591442930460881901,0.0,0.0,0.0,0.0,0.0
591442930542682902,0.0,0.0,0.0,0.0,0.0
591542929861064502,3.6885244846343994,5.2902703166543175,55.36812971276642,60.29264450073242,322.7064953035731
591642929696689202,0.0,0.0,0.0,0.0,0.0
591642930520245202,0.0,0.0,0.0,0.0,0.0
591742930528396801,0.0,0.0,0.0,0.0,0.0
591842930466935302,0.0,42.59557324968031,42.59590792838875,3.0298354625701904,42.59557324968031
591942930475826602,0.0,0.0,0.0,0.0,0.0
592142930449312802,0.5223880410194397,5.882962077736567,77.98797113071372,36.94683837890625,394.1584617841119
592242930477337602,0.0,0.0,0.0,0.0,0.0
592342929488844701,0.0,0.0,0.0,0.0,0.0
592342930459708602,0.0,0.0,0.0,0.0,0.0
592442930463877002,0.0,0.0,0.0,0.0,0.0
592542929272083201,0.0,0.0,0.0,0.0,0.0
592542930458683501,2.075000047683716,6.0232898800872094,67.1312292358804,100.00895690917969,722.7947976597123
592542930471919401,0.0,0.0,0.0,0.0,0.0
592542930473120501,0.0,0.0,0.0,0.0,0.0
592642930456067102,0.0,0.0,0.0,0.0,0.0
592842930526388301,0.0,0.0,0.0,0.0,0.0
593042930472567801,0.0,0.0,0.0,0.0,0.0
593042930525941702,0.0,0.0,0.0,0.0,0.0
593242930475730801,1.8783068656921387,4.9440319864092395,934.0468968735418,136.74981689453125,934.4220398109453
593342930477133702,0.0,0.0,0.0,0.0,0.0
593342930550723402,3.049999952316284,21.83067988006162,274.7042253521127,113.2476577758789,1309.8407569670342
593442930515371502,0.0,0.0,0.0,0.0,0.0
593442930549666501,0.0,0.0,0.0,0.0,0.0
593542929061068602,0.0,0.0,0.0,0.0,0.0
593542930521351902,2.65625,9.769291339767038,153.25144397381595,72.79000091552734,937.8519771768351
593542930527158301,0.0,0.0,0.0,0.0,0.0
593742930508002202,0.0,0.0,0.0,0.0,0.0
593742930521614202,0.0,0.0,0.0,0.0,0.0
593942930528641901,1.76691734790802,3.7029794477331133,51.32452276064611,83.8971176147461,492.49625124210127
594142930457190501,0.0,0.0,0.0,0.0,0.0
594442930508177201,0.0,0.0,0.0,0.0,0.0
594542930541697702,0.0,0.0,0.0,0.0,0.0
594642930449328501,0.0,0.0,0.0,0.0,0.0
594642930515594001,0.0,0.0,0.0,0.0,0.0
594642930531581601,0.0,0.0,0.0,0.0,0.0
595342930546098901,0.0,0.0,0.0,0.0,0.0
595642930465653401,0.0,0.0,0.0,0.0,0.0
595642930532404801,0.0,0.0,0.0,0.0,0.0
595942930518746201,0.0,0.0,0.0,0.0,0.0
596042930526196402,0.0,33.15,0.0,1.0555964708328247,33.15
596142930529081401,0.0,0.0,0.0,0.0,0.0
596142930531579402,1.5,7.2752042214912285,19.4459649122807,4.028724193572998,29.100817656935305
596142930546348202,0.0,0.0,0.0,0.0,0.0
596242930523059101,0.0,5.640680182470034,0.0,14.099830627441406,135.37632293135064
596342928865348301,0.0,0.0,0.0,0.0,0.0
596342930458865101,2.5322580337524414,3.1428193895876912,59.59374655950677,31.790517807006836,194.85480463233117
596342930519682902,0.0,0.0,0.0,0.0,0.0
596342930530862902,0.0,0.0,0.0,0.0,0.0
596442930460384102,0.0,0.0,0.0,0.0,0.0
596442930475623901,0.0,0.0,0.0,0.0,0.0
596542928666175601,0.0,9.945451633118827,0.0,99.174560546875,1362.5269330744613
596542930459563002,0.0,0.0,0.0,0.0,0.0
596542930459823601,0.0,0.0,0.0,0.0,0.0
596542930478696401,2.529411792755127,4.874875975237449,90.3921302578019,48.17435073852539,331.49156595072236
596842930531387001,0.0,0.0,0.0,0.0,0.0
597042930457165401,0.0,0.0,0.0,0.0,0.0
597242930449725302,3.351351261138916,10.679650237356011,115.80741540676746,41.869625091552734,395.1470690274771
597542930525509602,0.0,0.0,0.0,0.0,0.0
597542930540997201,3.7291667461395264,15.585661322822398,231.4558823529412,73.3907241821289,748.1117533493905
597842927910570102,0.0,0.0,0.0,0.0,0.0
598042930480248302,0.0,0.0,0.0,0.0,0.0
598342930464702101,0.0,0.0,0.0,0.0,0.0
598542930461791302,4.304347991943359,13.35997865080549,200.0286396181384,81.79752349853516,921.8385480366345
598542930475870101,75.0,116.99144820971867,350.97419204836086,33.530601501464844,350.97434025835196
598542930533871601,5.5,8.637752867453282,23.66315285098227,3.9147982597351074,34.551011235849906
598642929013099802,7.486486434936523,9.690868797570257,217.16598360655738,49.79001235961914,358.56214302652614
598642930477505101,0.0,0.0,0.0,0.0,0.0
598742930519103702,6.666666507720947,15.123005737751832,305.36446886446885,38.68642807006836,499.0591712714115
598742930532516401,0.0,0.0,0.0,0.0,0.0
598942930524473502,0.0,0.0,0.0,0.0,0.0
598942930528649802,0.0,0.0,0.0,0.0,0.0
599242930479376201,0.0,0.0,0.0,0.0,0.0
599242930523902202,0.0,0.0,0.0,0.0,0.0
599242930530515602,0.0,0.0,0.0,0.0,0.0
599442930455207201,0.0,0.0,0.0,0.0,0.0
599442930479292302,0.0,0.0,0.0,0.0,0.0
599542930517704302,5.44444465637207,12.226149373559908,53.66635944700461,13.67410659790039,110.03534579650598
599642930529222701,0.0,0.0,0.0,0.0,0.0
599742930537896002,4.535714149475098,18.14604094454073,512.0849220103986,71.22050476074219,1016.1783130532534
599742930543267201,1.8695652484893799,4.373506884813542,67.27453385672227,18.105546951293945,100.59065975455002
599842930469507701,3.2285714149475098,5.3570504881247265,72.89144688911554,31.155582427978516,187.49677254933755
599942930477494401,0.0,0.0,0.0,0.0,0.0
599942930517386201,1.409638524055481,4.838761999251995,48.84929078014184,68.83831787109375,401.61725560654986
601142930530304601,0.0,0.0,0.0,0.0,0.0
601142930532628902,0.0,0.0,0.0,0.0,0.0
601342930534500301,0.0,0.0,0.0,0.0,0.0
601542930548744701,1.8333333730697632,2.356491026073817,14.13940329218107,2.301464319229126,14.138945920967762
601742929704138702,42.5,99.21506485849056,198.43053173241853,30.88823127746582,198.43013306710978
601842930531541802,0.0,0.0,0.0,0.0,0.0
601942930477296302,0.0,0.0,0.0,0.0,0.0
601942930545625601,0.0,0.0,0.0,0.0,0.0
602042930459604702,0.0,0.0,0.0,0.0,0.0
602042930533617202,0.0,0.0,0.0,0.0,0.0
602142930459145702,0.0,0.0,0.0,0.0,0.0
602142930463647002,0.0,0.0,0.0,0.0,0.0
602442930461109002,0.0,0.0,0.0,0.0,0.0
602442930476369502,0.0,0.0,0.0,0.0,0.0
602442930543862902,0.0,0.0,0.0,0.0,0.0
602542930516182701,0.0,0.0,0.0,0.0,0.0
602642930517270801,0.0,0.0,0.0,0.0,0.0
602742928923797302,0.0,0.0,0.0,0.0,0.0
602842930465367401,0.0,0.0,0.0,0.0,0.0
602842930550309601,0.0,0.0,0.0,0.0,0.0
603042930517565201,0.0,0.0,0.0,0.0,0.0
603042930517800901,2.433962345123291,3.4435173280626343,69.51679459625421,27.61627769470215,182.50641774571963
603142930464879901,0.0,0.0,0.0,0.0,0.0
603142930536135501,0.0,0.0,0.0,0.0,0.0
603242929528873402,0.0,0.0,0.0,0.0,0.0
603242930453273701,0.0,0.0,0.0,0.0,0.0
603442930540543902,0.0,0.0,0.0,0.0,0.0
603542930459425401,0.0,0.0,0.0,0.0,0.0
603542930461122101,0.0,0.0,0.0,0.0,0.0
603642930473938801,0.0,0.0,0.0,0.0,0.0
603742930532254401,0.0,0.0,0.0,0.0,0.0
603942928288395502,0.0,0.0,0.0,0.0,0.0
604042930533456501,0.0,0.0,0.0,0.0,0.0
604442930516714501,0.0,0.0,0.0,0.0,0.0
604442930524119801,0.0,0.0,0.0,0.0,0.0
604542930549186401,0.0,0.0,0.0,0.0,0.0
604742930527736902,0.0,0.0,0.0,0.0,0.0
604942930455731001,0.0,0.0,0.0,0.0,0.0
604942930518583101,0.0,0.0,0.0,0.0,0.0
605042930463498402,0.0,0.0,0.0,0.0,0.0
605142928043599202,6.333333492279053,1.5194352213541666,4.55843137254902,0.5779147148132324,4.558305759803922
605242928247165901,0.0,0.0,0.0,0.0,0.0
605242929514279101,0.0,0.0,0.0,0.0,0.0
605442930523496602,0.0,0.0,0.0,0.0,0.0
605542930518208001,0.0,0.0,0.0,0.0,0.0
605642930462346002,0.0,0.0,0.0,0.0,0.0
605842927909613602,0.0,0.0,0.0,0.0,0.0
605842929488900701,0.0,0.0,0.0,0.0,0.0
606042930459235902,2.310344934463501,4.10989501598025,86.24389497052745,69.62620544433594,476.7478315312802
606042930524723102,1.8673468828201294,6.769844358599836,33.67158671586716,108.18183898925781,663.4447719570846
606042930533821802,0.0,0.0,0.0,0.0,0.0
606142930530396101,0.0,0.0,0.0,0.0,0.0
606242930529461702,0.0,0.0,0.0,0.0,0.0
606342930473257802,0.0,0.0,0.0,0.0,0.0
606342930520935601,0.0,0.0,0.0,0.0,0.0
606342930525324901,3.0,3.2695443718869455,5.845013320977644,1.9155124425888062,9.808633059100979
606442930266044402,0.0,0.0,0.0,0.0,0.0
606442930509031902,0.0,0.0,0.0,0.0,0.0
606542930474426001,0.0,0.0,0.0,0.0,0.0
606542930508410601,0.0,0.0,0.0,0.0,0.0
606742930451742602,2.0535714626312256,3.4885741349089003,60.589048936373175,52.811256408691406,390.7203173818882
607042929816234301,0.0,0.0,0.0,0.0,0.0
607042930523355301,13.0,9.592074573863636,33.54618181818182,4.580374717712402,47.960373180042616
607342928096763401,2.0,12.075796356421357,24.151630591630592,3.2432456016540527,24.15159327651515
607342930517964902,1.3150684833526611,10.049757233056265,140.45907928388746,91.28910827636719,733.6322841266232
607542930518974101,2.2857143878936768,4.08593684066166,15.8218837032661,3.5684165954589844,28.601558440948338
607642930454021201,0.0,0.0,0.0,0.0,0.0
607642930463621501,0.0,0.0,0.0,0.0,0.0
607642930468169701,0.0,0.0,0.0,0.0,0.0
607642930537271102,0.0,0.0,0.0,0.0,0.0
607742930533867501,1.0,1.5983826645441663,1.598285872269837,0.22812917828559875,1.5983826645441663
608142929309521301,0.0,0.0,0.0,0.0,0.0
608242929166128302,0.0,0.0,0.0,0.0,0.0
608342930460180901,2.8125,6.5646662833121825,114.28652002256064,86.453857421875,525.173313723939
608342930466842201,0.0,0.0,0.0,0.0,0.0
608442930450561601,0.0,0.0,0.0,0.0,0.0
608442930544190202,0.0,0.0,0.0,0.0,0.0
608642930550485002,0.0,6.906841489712288,0.0,88.7889175415039,635.4294311892598
608742930527235302,0.0,0.0,0.0,0.0,0.0
608842930448699501,0.0,0.0,0.0,0.0,0.0
608942930519744202,0.0,0.0,0.0,0.0,0.0
609142930478083502,0.0,0.0,0.0,0.0,0.0
609142930545018002,0.0,0.0,0.0,0.0,0.0
609242930475241401,0.0,0.0,0.0,0.0,0.0
609342930519980402,0.0,0.0,0.0,0.0,0.0
609442929613635201,0.0,0.0,0.0,0.0,0.0
609542928176021402,0.0,0.0,0.0,0.0,0.0
609742930471752701,0.0,0.0,0.0,0.0,0.0
609942930510039901,0.0,0.0,0.0,0.0,0.0
609942930528550401,0.0,0.0,0.0,0.0,0.0
611142930519056902,2.5,4.617223776118806,13.239052117524619,1.8621629476547241,18.468895221747157
611242930456564601,0.0,0.0,0.0,0.0,0.0
611242930544170802,0.0,0.0,0.0,0.0,0.0
611442929236057902,0.0,0.0,0.0,0.0,0.0
611442930536252502,0.0,0.0,0.0,0.0,0.0
611542928135643301,0.0,0.0,0.0,0.0,0.0
611542930463206002,0.0,0.0,0.0,0.0,0.0
611542930465552501,0.0,0.0,0.0,0.0,0.0
611842930525086802,0.0,0.0,0.0,0.0,0.0
611842930528062002,0.24175824224948883,10.614159534235668,49.83248407643312,158.2186279296875,965.8884752145998
611942930458139602,2.5744681358337402,11.149371698532162,191.6133133881825,79.64482116699219,1048.040950851469
611942930516991901,0.0,0.0,0.0,0.0,0.0
611942930525522002,0.0,0.0,0.0,0.0,0.0
612142929514163102,0.0,0.0,0.0,0.0,0.0
612342928108786601,2.081632614135742,8.820769943380594,191.95212668016939,107.19292449951172,864.4354570191597
612342930457889302,2.542553186416626,6.835285321639022,208.11479703186382,58.63093948364258,642.5168039845566
612342930543404502,0.0,0.0,0.0,0.0,0.0
612442930473165602,0.0,0.0,0.0,0.0,0.0
612542928601833902,0.0,0.0,0.0,0.0,0.0
612742930457760601,0.0,0.0,0.0,0.0,0.0
612742930473475701,0.0,0.0,0.0,0.0,0.0
612742930509766401,0.0,0.0,0.0,0.0,0.0
612942930464604802,0.0,0.0,0.0,0.0,0.0
613142930522255301,0.0,0.0,0.0,0.0,0.0
613142930527786601,0.0,0.0,0.0,0.0,0.0
613142930541713601,0.0,0.0,0.0,0.0,0.0
613242930469281302,0.0,0.0,0.0,0.0,0.0
613342930527812301,0.0,0.0,0.0,0.0,0.0
613642930458178401,0.0,0.0,0.0,0.0,0.0
613742930531180301,1.9870967864990234,4.064356882266867,134.36541959977853,106.67322540283203,629.9753104770126
613842930474030501,0.0,0.0,0.0,0.0,0.0
613842930529166701,0.0,0.0,0.0,0.0,0.0
613842930530935001,0.0,0.0,0.0,0.0,0.0
614042930510485702,0.0,0.0,0.0,0.0,0.0
614142930449855601,0.0,0.0,0.0,0.0,0.0
614142930545162802,0.0,35.95036807159353,36.02886836027714,10.334189414978027,71.90073253464203
614242930526869301,0.0,0.0,0.0,0.0,0.0
614342930316630702,4.411764621734619,8.029077171711153,85.5910390848427,18.7150821685791,136.49431886482057
614442930529223002,0.0,0.0,0.0,0.0,0.0
614642930460835202,0.30472102761268616,5.967818965517242,165.41193103448276,143.28933715820312,1390.501821659132
614942930520133301,4.2272725105285645,10.372444145927602,102.584012066365,25.214200973510742,228.19376883528352
615042930535854102,1.2222222089767456,11.486478734344303,65.21119842829077,72.22265625,620.2698739582054
615242930529026902,0.0,0.0,0.0,0.0,0.0
615242930534894001,0.0,0.0,0.0,0.0,0.0
615542930453514002,0.0,0.0,0.0,0.0,0.0
615542930472245601,2.2063491344451904,5.071280377655633,150.8670948616601,110.20027160644531,638.9813434519316
615542930472598101,0.0,0.0,0.0,0.0,0.0
615542930524160001,0.0,0.0,0.0,0.0,0.0
615642928791241702,0.0,0.0,0.0,0.0,0.0
615642930453924201,0.0,0.0,0.0,0.0,0.0
615642930548013602,0.0,0.0,0.0,0.0,0.0
615742930472569902,0.0,0.0,0.0,0.0,0.0
615742930517542101,0.0,0.0,0.0,0.0,0.0
615842930452120801,0.0,0.0,0.0,0.0,0.0
615842930464614501,0.0,0.0,0.0,0.0,0.0
615842930540550801,0.0,0.0,0.0,0.0,0.0
616142930535327501,0.0,0.0,0.0,0.0,0.0
616342928009789001,0.0,0.0,0.0,0.0,0.0
616342930540564901,0.0,0.0,0.0,0.0,0.0
616542930525105801,0.0,0.0,0.0,0.0,0.0
616842929189316902,9.085714340209961,7.675951164720696,135.58608058608058,31.27556800842285,268.65828130533407
616842930524612002,0.33980581164360046,6.490158061925407,67.17091516924363,72.37745666503906,668.4862719550573
616942930507685202,0.0,0.0,0.0,0.0,0.0
617242930472545102,0.0,0.0,0.0,0.0,0.0
617542930461420101,0.0,0.0,0.0,0.0,0.0
617742930535217001,0.0,0.0,0.0,0.0,0.0
617942930460510202,0.0,0.0,0.0,0.0,0.0
618042930451043001,0.0,0.0,0.0,0.0,0.0
618042930525354301,0.0,0.0,0.0,0.0,0.0
618342930517732602,0.8181818127632141,9.4648757791583,53.39223560910308,98.89893341064453,1249.3636241348552
618442930479187302,0.0,0.0,0.0,0.0,0.0
618642930476813602,0.0,0.0,0.0,0.0,0.0
618842930525478901,0.4178403615951538,6.239501504061925,108.02288984263234,214.91360473632812,1329.0138096905866
619042930458308802,0.0,0.0,0.0,0.0,0.0
619442930456902601,0.0,0.0,0.0,0.0,0.0
619642930461679002,0.0,0.0,0.0,0.0,0.0
619642930467832502,0.0,0.0,0.0,0.0,0.0
619842930518854401,0.0,0.0,0.0,0.0,0.0
621242930519112201,0.0,0.0,0.0,0.0,0.0
621342930458041402,0.0,0.0,0.0,0.0,0.0
621342930460442702,0.0,0.0,0.0,0.0,0.0
621442930509631801,0.0,0.0,0.0,0.0,0.0
621442930533515701,0.0,0.0,0.0,0.0,0.0
621442930542426801,4.469135761260986,21.200020757850243,764.0330112721417,126.38963317871094,1717.2016412394057
621842928305365001,0.0,0.0,0.0,0.0,0.0
621942930527380301,0.4628099203109741,9.654665232716798,114.42449969678593,99.08336639404297,1168.2145061406893
622142930525597202,0.0,0.0,0.0,0.0,0.0
622342930454373401,0.0,0.0,0.0,0.0,0.0
622342930530575101,0.0,0.0,0.0,0.0,0.0
622542930524635402,0.0,0.0,0.0,0.0,0.0
623042930453137202,0.0,0.0,0.0,0.0,0.0
623042930474490501,0.31578946113586426,4.2747993838547815,4.890672963400236,82.91769409179688,568.5483133230468
623042930476919301,2.2574257850646973,5.3807505774638456,104.2447777182646,73.41659545898438,543.4558146828691
623142930537296402,2.91304349899292,12.723187544606443,172.3931484502447,49.28480911254883,877.8999219368566
623342930473502501,4.829268455505371,10.506043672044468,123.64678235719451,55.38498306274414,430.74779128683537
623742930507962602,0.0,0.0,0.0,0.0,0.0
623742930536195201,2.9406778812408447,11.849978476491348,250.735883424408,164.5729522705078,1398.2974808042384
623942928258542701,0.0,0.0,-74.45517774343122,0.0,0.0
623942930530823901,0.0,0.0,0.0,0.0,0.0
624142929684805401,0.0,0.0,0.0,0.0,0.0
624142930451687501,3.2727272510528564,16.85085967092803,70.19090909090909,10.3638916015625,185.3594546693744
624242930455754701,0.0,0.0,0.0,0.0,0.0
624242930475530502,2.3223683834075928,4.944651520490026,172.26851691240242,73.49276733398438,751.5870303740422
624342930529722402,0.0,0.0,0.0,0.0,0.0
624342930532757901,0.0,0.0,0.0,0.0,0.0
624442928726031502,0.0,0.0,0.0,0.0,0.0
624442930464003901,0.0,0.0,0.0,0.0,0.0
624542930530514701,2.9178082942962646,3.739707128406782,49.13129685420024,45.70371627807617,272.9986169041727
624742930142486002,0.0,0.0,0.0,0.0,0.0
624742930530714801,16.071428298950195,10.448341304660529,122.90333716915995,23.761154174804688,146.27677635833774
624942930479378202,0.8333333134651184,7.654808456330547,88.83699059561128,91.70796203613281,964.5058316576568
624942930509974501,0.0,0.0,0.0,0.0,0.0
625042930475269601,0.0,0.0,0.0,0.0,0.0
625142930460858601,0.0,0.0,0.0,0.0,0.0
625342929466954002,0.0,0.0,0.0,0.0,0.0
625442930530055402,2.040816307067871,2.0622803924555746,67.55629816008806,56.64140701293945,303.15521509584755
625542930533010301,0.0,0.0,0.0,0.0,0.0
625742930470569001,0.0,0.0,0.0,0.0,0.0
625842930518152502,0.0,0.0,0.0,0.0,0.0
626142930480164301,0.0,0.0,0.0,0.0,0.0
626142930540691101,2.0360360145568848,6.480783582089552,86.22537313432836,0.0,719.3669923099119
626142930545055902,0.0,0.0,0.0,0.0,0.0
626442930541959602,0.0,0.0,0.0,0.0,0.0
626642930534157502,0.0,0.0,0.0,0.0,0.0
626742930469978402,0.0,0.0,0.0,0.0,0.0
626742930547755901,0.0,0.0,0.0,0.0,0.0
626942930531391002,2.6447367668151855,5.238398863850207,120.2593150169364,61.68723678588867,398.1183256982725
626942930550762501,2.4881889820098877,5.856732586575981,113.05484500325169,96.36560821533203,743.8050509853268
627142930477846402,0.0,8.416672999756809,0.0,53.04399871826172,361.9169290912622
627142930519283702,0.0,0.0,0.0,0.0,0.0
627242930521030802,0.0,0.0,0.0,0.0,0.0
627242930530633202,0.0,0.0,0.0,0.0,0.0
627742930535001801,0.0,0.0,0.0,0.0,0.0
627742930542430902,0.0,0.0,0.0,0.0,0.0
627842930454353502,0.29032257199287415,5.683088125,121.904,164.96151733398438,1233.23018729599
627842930455116302,0.0,0.0,0.0,0.0,0.0
627842930527026502,0.0,0.0,0.0,0.0,0.0
627942930468002802,0.0,0.0,0.0,0.0,0.0
628042930476683502,0.0,0.0,0.0,0.0,0.0
628242930463571801,3.6041667461395264,6.182066719871474,113.83575363044567,99.23828887939453,593.4784350948369
628242930528148101,5.1052632331848145,5.8378062671939475,45.43081155433288,14.795930862426758,110.9183184664384
628442930546282602,0.0,0.0,0.0,0.0,0.0
628542930529940802,0.0,0.0,0.0,0.0,0.0
628742930447174202,0.0,0.0,0.0,0.0,0.0
629142930462199101,2.4384615421295166,7.8586203835227275,1021.620202020202,197.98695373535156,1021.6206520420133
629342930476512301,1.8461538553237915,8.059753117302956,77.35432793807178,13.536381721496582,104.77678616100596
629342930509172202,0.0,0.0,0.0,0.0,0.0
629442930454891802,0.0,0.0,0.0,0.0,0.0
629442930546221601,0.0,0.0,0.0,0.0,0.0
629542930524103602,0.0,0.0,0.0,0.0,0.0
629942930465575701,0.0,0.0,0.0,0.0,0.0
631342930544564001,2.5833332538604736,5.980543449299635,120.04969549330086,67.66715240478516,789.4317423157222
631442930453559201,2.3499999046325684,7.361288376239346,120.69768655418333,24.141162872314453,147.22577266026258
631442930465223901,0.0,0.0,0.0,0.0,0.0
631442930478758802,0.0,0.0,0.0,0.0,0.0
631442930534697501,0.05907173082232475,6.040871227618406,0.7595302271852137,186.4204559326172,1431.6864623079678
631442930544035201,0.0,0.0,0.0,0.0,0.0
631542930137891201,0.0,0.0,0.0,0.0,0.0
631642930515728402,0.0,0.0,0.0,0.0,0.0
631742929269314901,0.0,0.0,0.0,0.0,0.0
631842930544615602,0.0,0.0,0.0,0.0,0.0
631842930546616102,0.0,0.0,0.0,0.0,0.0
632142929417331502,0.0,0.0,0.0,0.0,0.0
632142930475451901,3.450000047683716,8.511196117305277,107.60469011725293,45.81543731689453,340.4478379254365
632142930529489601,0.11764705926179886,4.86107487939072,2.5967042497831745,49.14282989501953,330.5530865984385
632242928242485402,0.0,0.0,0.0,0.0,0.0
632242928726267002,0.0,0.0,0.0,0.0,0.0
632242930528090201,2.8131868839263916,8.765281764335015,211.46349880541544,96.27633666992188,797.6406098718443
632542930460063802,0.0,0.0,0.0,0.0,0.0
632742928602899402,0.0,0.0,0.0,0.0,0.0
632742930471641102,0.0,0.0,0.0,0.0,0.0
632842930545035902,0.0,0.0,0.0,0.0,0.0
633042930524124402,0.0,0.0,0.0,0.0,0.0
633142930479439902,0.0,0.0,0.0,0.0,0.0
633142930480181601,0.0,0.0,0.0,0.0,0.0
633142930546696501,0.0,0.0,0.0,0.0,0.0
633742930519064501,0.0,0.0,0.0,0.0,0.0
634042930454923601,0.0,0.0,0.0,0.0,0.0
634142930378995901,0.0,0.0,0.0,0.0,0.0
634242930480300802,0.0,0.0,0.0,0.0,0.0
634342930517827402,0.0,0.0,0.0,0.0,0.0
634342930538918502,0.0,37.251385983263596,0.0,5.613958358764648,37.251385983263596
634442928570877701,4.0,5.654119688902808,22.26119636705293,4.237978935241699,33.92471935679612
634442928601879102,0.0,0.0,0.0,0.0,0.0
634442930509229101,0.0,0.0,0.0,0.0,0.0
634542930516387001,0.0,0.0,0.0,0.0,0.0
634542930518933602,2.642857074737549,5.282706969146746,75.42399633992909,54.87934494018555,517.7053014446993
634542930547167301,3.620689630508423,16.23354256871235,91.44603413654619,39.19173812866211,470.7727408198468
635042930475778201,0.5567010045051575,9.710885134412436,90.36794067313177,117.29925537109375,941.9558524465644
635242930466868001,0.0,0.0,0.0,0.0,0.0
635242930523886601,3.402597427368164,5.826808690615025,107.02062361895409,77.9546127319336,448.66427904143546
635342930529573401,8.416666984558105,5.313554050217834,23.617352614015573,8.005337715148926,63.76264814999884
635442930450110302,0.0,0.0,0.0,0.0,0.0
635442930457627902,2.558558464050293,4.357200310289287,89.57200606366852,59.12849426269531,483.6492566884076
635542930533071202,3.857142925262451,0.4786752344621375,2.3906947100063736,0.5741828680038452,3.350726563433616
635842930448036901,0.0,0.0,0.0,0.0,0.0
635942930457087702,0.0,0.0,0.0,0.0,0.0
636142930528352101,0.0,0.0,0.0,0.0,0.0
636342930526638701,0.0,0.0,0.0,0.0,0.0
636442930460092501,0.0,0.0,0.0,0.0,0.0
636442930520175701,0.0,0.0,0.0,0.0,0.0
636542930536561801,0.0,0.0,0.0,0.0,0.0
636742928865301501,0.0,0.0,0.0,0.0,0.0
636742929020918202,0.0,0.0,0.0,0.0,0.0
636842930510820302,0.0,0.0,0.0,0.0,0.0
636842930525655902,1.0,19.52294524898374,34.69588414634146,6.051750659942627,39.04589099418826
636942930472736801,0.0,0.0,0.0,0.0,0.0
637142930511097902,0.0,0.0,0.0,0.0,0.0
637542930466070001,0.0,0.0,0.0,0.0,0.0
637642930474869901,0.0,0.0,0.0,0.0,0.0
637642930550717001,0.0,0.0,0.0,0.0,0.0
637742930532452802,0.0,0.0,0.0,0.0,0.0
637842928603015501,0.0,0.0,0.0,0.0,0.0
637842930510482502,0.0,0.0,0.0,0.0,0.0
637942930548982002,0.0,0.0,0.0,0.0,0.0
638042930450992201,0.0,0.0,0.0,0.0,0.0
638042930509034601,70.0,3.3385217703627426,13.186553281955886,2.430715799331665,13.354087016571718
638042930529760102,0.0,0.0,0.0,0.0,0.0
638042930538055401,0.0,0.0,0.0,0.0,0.0
638142930447921202,0.0,0.0,0.0,0.0,0.0
638142930450063801,0.0,0.0,0.0,0.0,0.0
638142930455866601,0.0,0.0,0.0,0.0,0.0
638142930540569102,0.0,0.0,0.0,0.0,0.0
638242930455311801,0.0,0.0,0.0,0.0,0.0
638242930533781801,0.3076923191547394,32.5071585009734,170.41823491239455,41.71328353881836,422.59305056993406
638542930476079201,0.0,0.0,0.0,0.0,0.0
638642930519829201,0.0,0.0,0.0,0.0,0.0
638742930527718701,0.0,0.0,0.0,0.0,0.0
638842930452336902,0.0,0.0,0.0,0.0,0.0
639042930529309401,0.0,0.0,0.0,0.0,0.0
639142930518547302,0.0,0.0,0.0,0.0,0.0
639142930529139001,0.0,0.0,0.0,0.0,0.0
639342930454898101,0.0,0.0,0.0,0.0,0.0
639342930461614402,0.0,0.0,0.0,0.0,0.0
639342930465207602,0.0,0.0,0.0,0.0,0.0
639442928988290801,0.0,0.0,0.0,0.0,0.0
639442930538235001,0.0,0.0,0.0,0.0,0.0
639542930532563901,0.0,0.0,0.0,0.0,0.0
639642930530084702,0.0,0.0,0.0,0.0,0.0
641142930477278001,0.0,0.0,0.0,0.0,0.0
641242930464771301,0.0,0.0,0.0,0.0,0.0
641242930528742302,0.0,0.0,0.0,0.0,0.0
641242930548136302,0.0,0.0,0.0,0.0,0.0
641342930545059402,0.0,0.0,0.0,0.0,0.0
641442929528823102,0.0,0.0,0.0,0.0,0.0
641442930464779301,0.0,0.0,0.0,0.0,0.0
641442930524145502,0.0,0.0,0.0,0.0,0.0
641742930516236501,0.0,0.0,0.0,0.0,0.0
641842928570742801,5.199999809265137,24.06766214456644,341.3783783783784,83.97543334960938,962.7064616916416
641942930474911501,4.2727274894714355,13.31632290544181,66.98275862068965,19.207717895507812,146.47955195985992
641942930534201702,0.0,0.0,0.0,0.0,0.0
642042930525103802,0.0,0.0,0.0,0.0,0.0
642142930542004602,0.0,0.0,0.0,0.0,0.0
642242930456211802,0.0,0.0,0.0,0.0,0.0
642342930453637401,0.0,0.0,0.0,0.0,0.0
642342930457120101,0.0,0.0,0.0,0.0,0.0
642542930456223802,0.0,0.0,0.0,0.0,0.0
642642930474766001,0.0,0.0,0.0,0.0,0.0
642742930526624501,0.0,0.0,0.0,0.0,0.0
643142930459533201,0.0,0.0,0.0,0.0,0.0
643142930519928302,2.6372549533843994,3.719415374300373,59.04869402985074,61.26308822631836,379.3803513583852
643242929821047101,0.0,0.0,0.0,0.0,0.0
643442930550034201,0.0,0.0,0.0,0.0,0.0
643742930454947202,0.0,0.0,0.0,0.0,0.0
643742930476853602,0.0,0.0,0.0,0.0,0.0
643742930524019802,21.5,2.668226733650129,5.336082474226804,0.3903334140777588,5.336453467300258
643742930542962201,0.0,0.0,0.0,0.0,0.0
643942930525309802,3.299999952316284,4.709342196549228,22.697200772200773,6.437468528747559,47.09342016271643
644142930446451802,0.0,0.0,0.0,0.0,0.0
644142930474924401,0.0,0.0,0.0,0.0,0.0
644642930474099402,3.189873456954956,15.372763226141078,365.5200553250346,140.9623565673828,1214.4482465245417
644642930510593801,6.037735939025879,10.380389059944807,512.9926410466066,53.56528854370117,550.1606228704445
644742929681216001,0.0,0.0,0.0,0.0,0.0
644742930477479302,0.0,0.0,0.0,0.0,0.0
644942930511287101,0.0,0.0,0.0,0.0,0.0
644942930516721002,2.8181817531585693,7.088091681985294,20.87201907790143,9.606782913208008,77.96901000891657
645042930468804501,282.0,117.71630370806356,117.71630370806356,14.14376163482666,117.71630370806356
645242930524530001,0.0,0.0,0.0,0.0,0.0
645342930532493602,0.0,0.0,0.0,0.0,0.0
645542930453093001,0.0,0.0,0.0,0.0,0.0
645742930461298301,0.0,0.0,0.0,0.0,0.0
646142930516997802,0.0,0.0,0.0,0.0,0.0
646442930476673001,2.314814805984497,12.714483261108398,79.078125,79.05609130859375,686.5821062922478
646442930515735902,2.185185194015503,3.8783473266361157,37.989092561733074,14.950642585754395,104.71537818787333
646742928967163401,0.0,0.0,0.0,0.0,0.0
646742930464184902,3.2249999046325684,7.854987453853253,81.67489616982003,45.65447235107422,314.1995001827675
646742930527254501,0.0,0.0,0.0,0.0,0.0
647042929800407201,0.0,0.0,0.0,0.0,0.0
647042930457784202,0.0,0.0,0.0,0.0,0.0
647142930520231302,0.0,0.0,0.0,0.0,0.0
647242930515716702,0.0,0.0,0.0,0.0,0.0
647242930529731001,0.0,0.0,0.0,0.0,0.0
647542927963609202,0.9007092118263245,7.352388706328139,204.69172803562253,92.91358947753906,1036.6868455772185
647642930462303702,3.6666667461395264,7.129098479572888,53.402352212937174,13.148551940917969,106.93647269647728
647942930515080402,3.070796489715576,8.070484302662036,187.6951566951567,109.59800720214844,911.9646917197779
648042930528529302,2.6363637447357178,5.483882642946577,153.87212020033388,91.49881744384766,603.2271122137971
648342930459509102,0.0,3.4306793229335057,0.0,81.6016845703125,483.7257947316906
648342930463022901,2.3597121238708496,6.076783023839211,147.950866880418,107.99444580078125,844.6728322043043
648342930527411001,0.0,0.0,0.0,0.0,0.0
648342930534785301,0.0,0.0,0.0,0.0,0.0
648342930547014502,0.0,0.0,0.0,0.0,0.0
648442930449073502,0.0,0.0,0.0,0.0,0.0
648442930526664902,0.0,695.0,695.0,23.832752227783203,695.0
648442930547127301,0.0,0.0,0.0,0.0,0.0
648642930531693201,0.0,0.0,0.0,0.0,0.0
648742930454987101,0.0,0.0,0.0,0.0,0.0
648742930478797202,0.0,0.0,0.0,0.0,0.0
648742930524846701,0.0,0.0,0.0,0.0,0.0
648842930460023301,0.0,0.0,0.0,0.0,0.0
648942929567799701,0.0,0.0,0.0,0.0,0.0
648942930449110702,0.0,0.0,0.0,0.0,0.0
649042930527078002,2.625,11.336615253754358,84.69133816036471,9.791539192199707,90.69292019685237
649142930518226402,1.4365079402923584,5.241788389405375,1320.9308726067748,127.89804077148438,1320.9306409355468
649342930117707001,3.479452133178711,12.427445933360927,614.2582781456954,68.14659118652344,907.2035678997735
649442930480047802,0.0,0.0,0.0,0.0,0.0
649642930467947801,0.0,0.0,0.0,0.0,0.0
649742930539647002,0.849056601524353,13.14870956286657,134.57697947214075,107.4499740600586,1393.7631863736688
649942930476139101,0.1666666716337204,76.40161360981308,177.65420560747663,48.45492935180664,458.40967090998856
649942930479236002,0.0,0.0,0.0,0.0,0.0
651142930450359001,0.0,0.0,0.0,0.0,0.0
651342928887918302,0.0,0.0,0.0,0.0,0.0
651442930479445702,1.600000023841858,2.5489954969618056,12.745,1.9189651012420654,12.744977671305339
651642930515551701,0.0,0.0,0.0,0.0,0.0
651742930533814901,0.0,0.0,0.0,0.0,0.0
651842930526320601,3.1566264629364014,5.602865605376766,61.8724925867783,94.6819839477539,465.03785743477164
651942930454825201,0.0,0.0,0.0,0.0,0.0
651942930478231102,0.0,0.0,0.0,0.0,0.0
652142930447137102,0.0,0.0,0.0,0.0,0.0
652142930509584901,0.0,0.0,0.0,0.0,0.0
652442930515802601,0.0,0.0,0.0,0.0,0.0
652542930454752501,0.0,0.0,0.0,0.0,0.0
652542930546548902,0.0,0.0,0.0,0.0,0.0
652642930533782602,0.0,0.0,0.0,0.0,0.0
652842930516145901,1.121212124824524,13.050870112559242,287.2894154818325,110.43008422851562,1292.0361980498496
652842930529521401,0.0,0.0,0.0,0.0,0.0
653042927963768501,0.0,133.61588935045316,68.53058912386707,0.0,133.61588935045316
653042930542015202,0.0,0.0,0.0,0.0,0.0
653142930459478902,0.0,0.0,0.0,0.0,0.0
653142930479524002,2.3333332538604736,2.5644483958837774,16.820581113801452,4.252021789550781,23.080036099597848
653342930508972101,0.0,0.0,0.0,0.0,0.0
653342930533725301,3.027027130126953,5.946444517150625,126.34891254049052,64.78224182128906,440.03689541302583
653542930529153902,0.0,0.0,0.0,0.0,0.0
653642930462867801,0.0,0.0,0.0,0.0,0.0
653742930510384802,3.0,2.9759987401598282,2.975826972010178,0.38116341829299927,2.9759987401598282
653842929400256501,0.0,0.0,0.0,0.0,0.0
653842929696743002,4.416666507720947,3.8555782392496516,36.05571030640669,6.118978977203369,46.2669391844598
653842930453388901,1.9333332777023315,8.228377325686417,148.32707129094413,107.15994262695312,863.9796335145917
653842930473075901,2.0,12.787262882494563,51.14911463187325,2.466938018798828,51.1490510369947
653942930509065402,0.0,0.0,0.0,0.0,0.0
654042930449629701,0.0,0.0,0.0,0.0,0.0
654042930470916901,0.8979591727256775,13.25437384544335,98.57832512315271,85.03681945800781,649.4643225458456
654242930542632701,0.8064516186714172,5.574030593611813,67.21193935565383,96.67303466796875,691.1798166297917
654342930546863601,0.0,0.0,0.0,0.0,0.0
654542930474824902,2.5714285373687744,11.2348839857553,142.97659010600708,19.960601806640625,235.93255911917547
654542930477661102,0.0,0.0,0.0,0.0,0.0
654642930453465602,0.0,0.0,0.0,0.0,0.0
654642930454790701,0.0,0.0,0.0,0.0,0.0
654642930460302701,0.0,0.0,0.0,0.0,0.0
654942930509543701,0.0,0.0,0.0,0.0,0.0
655042930472188302,0.0,0.0,0.0,0.0,0.0
655042930479484502,0.0,0.0,0.0,0.0,0.0
655142928726124202,0.0,0.0,0.0,0.0,0.0
655342930509983701,0.0,0.0,0.0,0.0,0.0
655342930543181102,0.0,0.0,0.0,0.0,0.0
655442930469818502,3.1458332538604736,13.368317957970225,182.5933188090051,64.66141510009766,641.6792813968035
655442930510824702,0.0,0.0,0.0,0.0,0.0
655842928887872002,0.0,0.0,0.0,0.0,0.0
655842930523085001,2.310606002807617,8.88499242997729,373.5024981074943,112.88233184814453,1172.8189851301986
656042930475018502,0.0,0.0,0.0,0.0,0.0
656242930456953401,0.0,0.0,0.0,0.0,0.0
656242930473377402,0.0,0.0,0.0,0.0,0.0
656342930342691002,0.0,0.0,0.0,0.0,0.0
656442930472250401,3.313953399658203,5.597390048398816,99.20937354025017,55.32487869262695,481.3755400028982
656542928592761601,0.0,0.0,0.0,0.0,0.0
656542930543599602,0.0,0.0,0.0,0.0,0.0
656642930474235001,2.3714284896850586,7.197707251104385,101.36092931937172,21.039600372314453,251.9197562851831
656642930517305401,1.1200000047683716,10.127480660232843,28.470588235294116,14.384888648986816,253.1870194379021
656742928789992001,0.0,0.0,0.0,0.0,0.0
656842930475431902,0.0,0.0,0.0,0.0,0.0
657242928887312101,0.0,0.0,0.0,0.0,0.0
657342930541170002,0.0,0.0,0.0,0.0,0.0
657442930477734402,4.840000152587891,3.2816408317893067,62.68501852832186,4.968196392059326,82.04101798369052
657742930465781302,0.0,0.0,0.0,0.0,0.0
657742930474796002,0.0,0.0,0.0,0.0,0.0
657742930532598501,0.0,0.0,0.0,0.0,0.0
658142930473567902,0.0,0.0,0.0,0.0,0.0
658142930546394001,0.0,0.0,0.0,0.0,0.0
658642929303719501,2.9200000762939453,5.49935540657057,32.699681641315884,15.19992733001709,137.48388329672233
658942930456879602,1.827957034111023,6.931494059649668,74.13847429519072,91.57685852050781,644.6289395456006
658942930479038602,0.0,0.0,0.0,0.0,0.0
659142928232753901,0.0,0.0,0.0,0.0,0.0
659142930532505601,0.0,0.0,0.0,0.0,0.0
659542930519222201,0.0,0.0,0.0,0.0,0.0
659742930464854101,2.548872232437134,6.330556314586645,840.0870429252782,129.83226013183594,841.9639873691791
659742930544352401,0.0,0.0,0.0,0.0,0.0
659842930534373901,0.0,0.0,0.0,0.0,0.0
659942929259428501,0.0,0.0,0.0,0.0,0.0
659942930461469101,0.0,0.0,0.0,0.0,0.0
659942930519363301,0.0,0.0,0.0,0.0,0.0
661142930533758202,0.0,0.0,0.0,0.0,0.0
661242930541930402,0.0,0.0,0.0,0.0,0.0
661342930531787402,0.0,0.0,0.0,0.0,0.0
661542930458841401,1.5,7.169612886748395,34.78342089900759,12.152588844299316,71.6961265681991
661542930526107101,0.0,6.588263539962608,0.0,98.58465576171875,744.4737886498815
661642928062746602,0.0,0.0,0.0,0.0,0.0
662142928255461701,0.0,0.0,0.0,0.0,0.0
662142930529150601,0.0,0.0,0.0,0.0,0.0
662242930517506301,3.153846263885498,14.70760772864856,110.5261780104712,125.10484313964844,1147.1933760767831
662342930463195201,0.0,0.0,0.0,0.0,0.0
662342930464993502,3.0,0.10467766991542904,0.10473047304730473,0.01549764908850193,0.10467766991542904
662542930461143901,1.0,735.4841325811001,735.4841325811001,21.850706100463867,735.4841325811001
662542930525213101,0.0,0.0,0.0,0.0,0.0
662742929621897902,0.0,0.0,0.0,0.0,0.0
662742930474015002,2.455284595489502,4.01701648248576,65.77106995463693,87.01311492919922,494.09302239610105
662942930534037001,0.0,0.0,0.0,0.0,0.0
663042930479679601,2.673076868057251,4.098360215263882,138.67083541770884,51.025726318359375,426.22946602466885
663042930524347201,0.0,0.0,0.0,0.0,0.0
663142929839447601,0.0,0.0,0.0,0.0,0.0
663342930451105601,0.0,0.0,0.0,0.0,0.0
663542930529957101,2.5,9.049876945970697,11.118681318681318,1.64009690284729,18.099754607371796
663642930480208101,0.0,0.0,0.0,0.0,0.0
663742930515497202,2.7349398136138916,7.645110338071201,141.25345377258236,73.81863403320312,634.5441464110971
663842930455452701,0.0,0.0,0.0,0.0,0.0
664042930448245002,0.0,0.0,0.0,0.0,0.0
664042930459310502,0.0,0.0,0.0,0.0,0.0
664042930542970902,0.0,0.0,0.0,0.0,0.0
664242930518346602,0.0,0.0,0.0,0.0,0.0
664642930528521401,0.0,0.0,0.0,0.0,0.0
664742929309406402,0.0,0.0,0.0,0.0,0.0
664742930179843902,0.0,0.0,0.0,0.0,0.0
664742930518939202,0.0,0.0,0.0,0.0,0.0
664742930532198301,2.5,6.671308865857198,57.460139318885446,15.60515308380127,160.11141091455985
664942930450522402,0.0,0.0,0.0,0.0,0.0
665142930474649402,0.0,19.65788758181673,0.0,3.344106912612915,19.65788758181673
665242930463609802,0.0,0.0,0.0,0.0,0.0
665342930460685202,2.75,12.088380556277619,32.78996620743436,6.22357702255249,48.35352171740967
665342930528787802,0.0,0.0,0.0,0.0,0.0
665642930550842201,0.0,0.0,0.0,0.0,0.0
665742930527645201,0.0,0.0,0.0,0.0,0.0
665842929380279101,0.0,0.0,0.0,0.0,0.0
665842930471889901,0.0,0.0,0.0,0.0,0.0
665842930528854901,0.0,0.0,0.0,0.0,0.0
665942929400362701,3.8152174949645996,34.30102379493464,800.7450980392157,101.64143371582031,3155.69417886173
665942930515546002,0.3866666555404663,21.129935771420826,193.93926247288502,108.36402893066406,1584.745191046059
665942930524702001,0.0,0.0,0.0,0.0,0.0
665942930543219101,0.0,0.0,0.0,0.0,0.0
666042930475028101,2.230769157409668,1.5822429355483933,9.990412023840372,3.7109367847442627,20.569157482027606
666042930525712202,0.0,0.0,0.0,0.0,0.0
666142930462109402,0.0,0.0,0.0,0.0,0.0
666142930464828901,0.0,0.0,0.0,0.0,0.0
666142930533023602,0.0,0.0,0.0,0.0,0.0
666242928113204401,0.0,0.0,0.0,0.0,0.0
666242930516082801,0.0,0.0,0.0,0.0,0.0
666242930525492302,0.0,0.0,0.0,0.0,0.0
666342930519029801,2.026845693588257,3.3925364793437547,39.691543005330644,91.00418853759766,505.487936271884
666342930544643602,0.0,0.0,0.0,0.0,0.0
666442930480433801,0.0,0.0,0.0,0.0,0.0
666442930546688702,0.0,0.0,0.0,0.0,0.0
666942930531738801,0.0,37.43518174122717,0.0,4.002660274505615,37.43518174122717
667042929885514702,0.0,0.0,0.0,0.0,0.0
667042930450950202,0.0,0.0,0.0,0.0,0.0
667142927966337801,0.0,0.0,0.0,0.0,0.0
667142930518229601,1.75,3.1113655306616534,10.74897208396451,2.923922300338745,12.445462122646614
667242930457538102,0.0,0.0,0.0,0.0,0.0
667342928113248801,0.0,0.0,0.0,0.0,0.0
667442930464212402,0.0,0.0,0.0,0.0,0.0
667442930515645402,0.0,0.0,0.0,0.0,0.0
667442930549503402,0.0,0.0,0.0,0.0,0.0
667942930528227902,0.0,0.0,0.0,0.0,0.0
667942930530965901,0.0,0.0,0.0,0.0,0.0
668042928091088502,0.0,0.0,0.0,0.0,0.0
668142930526970101,0.0,0.0,0.0,0.0,0.0
668242930533365502,3.702127695083618,8.23426074604743,62.35454545454545,41.15376281738281,387.0102563669559
668442930532995202,0.0,0.0,0.0,0.0,0.0
668642930527433401,0.0,0.0,0.0,0.0,0.0
668642930544536701,1.2941176891326904,4.690207311584306,51.30221008194686,93.53343200683594,558.1346830392198
668742928235978602,0.0,0.0,0.0,0.0,0.0
668842930538829901,0.0,0.0,0.0,0.0,0.0
668942930527960502,0.0,0.0,0.0,0.0,0.0
668942930529847002,3.5999999046325684,12.770104449728262,48.11449275362319,7.105973720550537,63.8505230281664
669142930289529202,0.0,0.0,0.0,0.0,0.0
669142930450104201,15.55555534362793,10.981205687422934,54.66091245376079,15.89777660369873,98.83085303065515
669242930527333102,0.0,0.0,0.0,0.0,0.0
669242930529373802,0.0,0.0,0.0,0.0,0.0
669342930526060301,0.0,0.0,0.0,0.0,0.0
669442930474293901,1.0,224.70834672236504,71.13367609254499,16.39705467224121,224.70834672236504
669642930539906702,3.7962963581085205,6.971755773572632,80.47328945354354,64.67919921875,376.4748067477752
669842930542477401,4.243589878082275,3.3950558496900825,92.62414660438375,37.026329040527344,264.814349555558
671142930534395002,0.0,0.0,0.0,0.0,0.0
671242930455919502,0.0,0.0,0.0,0.0,0.0
671542930478300201,0.0,0.0,0.0,0.0,0.0
671642928739595002,3.0227272510528564,5.051780256723716,66.12762836185819,32.84092712402344,222.27832487148294
671742930528968102,0.0,0.0,0.0,0.0,0.0
671842927929385701,0.0,0.0,0.0,0.0,0.0
671942930546143302,0.0,0.0,0.0,0.0,0.0
672042929801894901,2.904761791229248,6.015208788715175,35.28423236514523,17.69209098815918,126.31938379420002
672142928726429701,0.0,0.0,0.0,0.0,0.0
672142929373030202,0.0,0.0,0.0,0.0,0.0
672442930530787602,0.0,0.0,0.0,0.0,0.0
672542930080417901,1.0,2.577746566157347,2.577744751997028,0.34483975172042847,2.577746566157347
672742930531909101,0.0,0.0,0.0,0.0,0.0
673042930517612002,0.0,0.0,0.0,0.0,0.0
673042930529893101,1.1287128925323486,4.552969031291454,53.35967405722948,74.50572967529297,459.84987834694033
673142930477769301,2.0,7.473342070439739,14.947231270358307,1.512392520904541,14.946684140879478
673142930516487402,2.7425742149353027,4.777737961707012,148.4747913188648,82.91529846191406,482.55153062928696
673242930461406401,0.0,0.0,0.0,0.0,0.0
673342930467794802,0.0,0.0,0.0,0.0,0.0
673342930518841002,0.0,0.0,0.0,0.0,0.0
673342930534726802,0.0,0.0,0.0,0.0,0.0
673442930531133301,0.0824742242693901,8.972053484728107,56.18290960451977,175.5203857421875,1740.578403753076
673542930463546502,0.0,0.0,0.0,0.0,0.0
673742930533903301,0.0,0.0,0.0,0.0,0.0
673842930475061702,1.0,10.19408296813046,10.194079241570522,1.2115617990493774,10.19408296813046
674042930461682601,0.0,0.0,0.0,0.0,0.0
674142930516069702,0.0,0.0,0.0,0.0,0.0
674242930435870002,1.795918345451355,7.5579207322433195,136.4764416315049,92.78282928466797,1111.0143519950147
674242930473017302,0.0,0.0,0.0,0.0,0.0
674342930457227401,3.5625,6.192174232527759,124.73122142390595,47.09919357299805,297.2243671647713
674342930524419701,0.0,0.0,0.0,0.0,0.0
674542930458635101,0.0,0.0,0.0,0.0,0.0
674542930480126701,0.0,0.0,0.0,0.0,0.0
674742930528798301,0.0,0.0,0.0,0.0,0.0
675142930451155701,3.9000000953674316,4.8991410121609285,46.045905059989565,7.117384910583496,48.991407685934035
675142930540256901,0.0,0.0,0.0,0.0,0.0
675242928055989402,0.0,0.0,0.0,0.0,0.0
675342930525185901,2.8020832538604736,6.459559574665676,57.280832095096585,110.96390533447266,620.1177382083386
675442930516295301,0.0,0.0,0.0,0.0,0.0
675542930448864102,2.0695652961730957,9.17775284426714,188.28156028368795,95.66062927246094,1055.441623522711
675642929321111502,0.0,0.0,0.0,0.0,0.0
675642930451386202,0.0,0.0,0.0,0.0,0.0
675642930524949302,0.0,0.0,0.0,0.0,0.0
675742930526577702,0.0,0.0,0.0,0.0,0.0
675742930528981401,0.0,0.0,0.0,0.0,0.0
675842930459007402,0.0,0.0,0.0,0.0,0.0
675942930475206502,3.8333332538604736,24.336885005659767,239.22768434670115,22.272302627563477,292.042624904144
676142929194519602,0.0,0.0,0.0,0.0,0.0
676142930524860502,0.0,0.0,0.0,0.0,0.0
676242930220737602,0.0,0.0,0.0,0.0,0.0
676242930469479001,4.199999809265137,9.591238227404448,29.80952380952381,4.889174938201904,47.956189722046815
676242930473283902,0.0,0.0,0.0,0.0,0.0
676242930542299602,0.0,0.0,0.0,0.0,0.0
676342930012382501,0.0,0.0,0.0,0.0,0.0
676442930461411002,0.0,0.0,0.0,0.0,0.0
676442930464954101,0.0,0.0,0.0,0.0,0.0
676442930546368201,0.0,0.0,0.0,0.0,0.0
676542930477748601,0.0,0.0,0.0,0.0,0.0
676542930517857402,0.0,0.0,0.0,0.0,0.0
676742930475025802,0.0,0.0,0.0,0.0,0.0
676842930545340301,2.4959349632263184,9.395111506283536,235.60971476983903,93.5067138671875,1155.598766516508
676942930479197201,2.05633807182312,14.5595703125,256.2229136163982,98.51103973388672,1033.7294956902983
676942930533687801,1.0,3.3594117997093607,3.3593906594507916,0.5735466480255127,3.3594117997093607
677042930478874701,3.115044355392456,5.813724305555556,110.63342222222222,96.57899475097656,656.9508304245843
677142930527521402,0.0,0.0,0.0,0.0,0.0
677242928932243302,0.0,0.0,0.0,0.0,0.0
677242928988167902,0.0,0.0,0.0,0.0,0.0
677242930517222601,0.0,0.0,0.0,0.0,0.0
677242930544609802,0.0,0.0,0.0,0.0,0.0
677242930547631701,1.0,18.436724124032676,18.436801375752363,3.423588275909424,18.436724124032676
677742930447987101,0.0,0.0,0.0,0.0,0.0
677742930519472901,0.0,0.0,0.0,0.0,0.0
677842930461361101,0.0,0.0,0.0,0.0,0.0
677942930525818002,3.019230842590332,8.071901134427753,148.7159413556347,80.21168518066406,839.4776801166964
678142930479964501,0.0,0.0,0.0,0.0,0.0
678142930521363801,0.0,0.0,0.0,0.0,0.0
678242930530196802,0.0,0.0,0.0,0.0,0.0
678542930476045002,0.0,0.0,0.0,0.0,0.0
678642930458165102,0.0,0.0,0.0,0.0,0.0
678742930222068601,0.0,0.0,0.0,0.0,0.0
678742930462308501,0.0,0.0,0.0,0.0,0.0
678742930528119502,0.0,0.0,0.0,0.0,0.0
678842930547371802,0.0,0.0,0.0,0.0,0.0
679042928030516801,0.0,0.0,0.0,0.0,0.0
679142930464344202,0.0,0.0,0.0,0.0,0.0
679242930478303301,1.4846153259277344,5.678403867240216,118.24358974358974,99.7264633178711,738.1924964001304
679342930519642702,0.0,0.0,0.0,0.0,0.0
679442930456249102,0.0,0.0,0.0,0.0,0.0
679442930546701301,0.0,272.97736842105263,272.97684210526313,13.938285827636719,272.97736842105263
679742929946486602,0.625,10.710695641063085,32.333333333333336,126.69970703125,942.5412279913359
679942930541716201,0.0,0.0,0.0,0.0,0.0
681142930454118401,0.5,5.6372597531704525,113.22698287597622,103.66638946533203,800.4908803185599
681342930534908101,0.0,0.0,0.0,0.0,0.0
681442930464803501,0.0,0.0,0.0,0.0,0.0
681742930510597001,3.700000047683716,14.80727599718556,118.4751552795031,29.598098754882812,296.1455298477078
682042930525009502,0.0,0.0,0.0,0.0,0.0
682442928121580101,0.0,0.0,0.0,0.0,0.0
682442930509273402,0.0,0.0,0.0,0.0,0.0
682542930478153201,0.0,0.0,0.0,0.0,0.0
682542930521194702,0.0,0.0,0.0,0.0,0.0
682542930523950602,0.0,0.0,0.0,0.0,0.0
682542930531441302,3.857142925262451,9.137912371134021,88.16824742268041,36.898311614990234,255.86155293887424
682642930545320202,0.0,0.0,0.0,0.0,0.0
682842928064987401,0.0,0.0,0.0,0.0,0.0
682842930526003901,0.0,0.0,0.0,0.0,0.0
683042930455966702,0.0,0.0,0.0,0.0,0.0
683142930518339501,0.0,0.0,0.0,0.0,0.0
683342930517481102,0.0,0.0,0.0,0.0,0.0
683342930549650701,0.0,0.0,0.0,0.0,0.0
683442930464374402,0.0,0.0,0.0,0.0,0.0
683542930530462101,2.3142857551574707,4.5169239485025034,77.19453004622495,24.8958740234375,158.09234460439814
683642929780713401,0.0,0.0,0.0,0.0,0.0
683742930461427702,0.0,0.0,0.0,0.0,0.0
683842930531713201,0.0,0.0,0.0,0.0,0.0
684142930516547701,0.0,0.0,0.0,0.0,0.0
684342930519896201,0.0,0.0,0.0,0.0,0.0
684342930526179301,0.0,0.0,0.0,0.0,0.0
684342930538673401,0.6056337952613831,20.41860684481534,196.5909090909091,121.74005126953125,1449.721070578604
684342930549015902,0.0,0.0,0.0,0.0,0.0
684742928878191202,0.0,0.0,0.0,0.0,0.0
684942930529277701,0.0,0.0,0.0,0.0,0.0
685042930523351301,0.0,0.0,0.0,0.0,0.0
685142930474884601,0.0,0.0,0.0,0.0,0.0
685142930523762602,0.0,0.0,0.0,0.0,0.0
685142930546857301,0.0,0.0,0.0,0.0,0.0
685242928725986102,0.0,0.0,0.0,0.0,0.0
685542930545717101,0.0,0.0,0.0,0.0,0.0
685642930473229702,3.5930233001708984,8.865125218313374,762.3982035928144,104.04798889160156,762.4007397083466
685642930480066702,0.0,0.0,0.0,0.0,0.0
686142928159082502,0.0,0.0,0.0,0.0,0.0
686142930516730902,0.0,0.0,0.0,0.0,0.0
686242930478176701,0.0,0.0,0.0,0.0,0.0
686242930534114102,1.4444444179534912,17.146568134746587,54.34892787524367,10.221972465515137,154.31910690694292
686442930474073202,0.0,0.0,0.0,0.0,0.0
686442930536461201,1.9915965795516968,6.39485223876362,105.07173123486683,84.8153076171875,760.9874098543394
686442930544290302,1.3982300758361816,13.895958705357144,299.28457142857144,103.69429779052734,1570.2433943699427
686542930549153402,1.0,7.295529650124473,7.29548652451564,0.8527761101722717,7.295529650124473
686642930530558201,0.0,0.0,0.0,0.0,0.0
686742930460247802,0.0,0.0,0.0,0.0,0.0
686742930471518302,0.0,0.0,0.0,0.0,0.0
686742930480404201,2.4814815521240234,5.750757246076481,96.18788682581786,74.43607330322266,776.3522513271116
686742930530161202,0.0,0.0,0.0,0.0,0.0
686942930508038502,0.0,0.0,0.0,0.0,0.0
687042930454546001,0.0,0.0,0.0,0.0,0.0
687142930472558801,0.0,0.0,0.0,0.0,0.0
687242930525582202,0.0,0.0,0.0,0.0,0.0
687342930521812002,0.0,0.0,0.0,0.0,0.0
687442930545692702,2.047619104385376,6.580879492404594,133.77198962578734,92.12165832519531,829.1907906440772
687542930516092602,0.0,0.0,0.0,0.0,0.0
687742930448383602,0.0,0.0,0.0,0.0,0.0
687842930528045202,0.0,0.0,0.0,0.0,0.0
687942930478920301,0.0,0.0,0.0,0.0,0.0
688042930519267601,0.0,0.0,0.0,0.0,0.0
688242930479600701,3.537313461303711,14.303901549966577,105.46702317290553,85.38683319091797,958.3613857262487
688242930479708301,1.5714285373687744,3.3280955672816845,15.43946419371458,17.24247932434082,93.18667704834267
688342930454573002,0.0,0.0,0.0,0.0,0.0
688442930478551502,0.0,0.0,0.0,0.0,0.0
688542930547601101,0.0,3.1251054893332846,0.0,0.4792534112930298,3.1251054893332846
688742928087825902,0.0,66.07708024560661,0.0,7.712714672088623,66.07708024560661
688842930462822501,0.0,0.0,0.0,0.0,0.0
689042929230287301,0.0,0.0,0.0,0.0,0.0
689142930539934701,0.0,0.0,0.0,0.0,0.0
689242930533588202,0.0,0.0,0.0,0.0,0.0
689442930543590601,0.0,0.0,0.0,0.0,0.0
689542930547519802,0.0,0.0,0.0,0.0,0.0
689642930516857701,0.0,0.0,0.0,0.0,0.0
689842929800307001,0.0,0.0,0.0,0.0,0.0
689842930445443202,0.0,0.0,0.0,0.0,0.0
689842930531065801,0.3442623019218445,8.734386210538903,129.7110969387755,64.78263854980469,532.7975435451585
691142930454716601,0.0,0.0,0.0,0.0,0.0
691142930459899401,0.0,0.0,0.0,0.0,0.0
691142930477836702,2.904761791229248,5.315695821780217,62.799004074241736,40.9254264831543,223.25923004081315
691142930520228202,0.0,0.0,0.0,0.0,0.0
691142930545181902,0.0,0.0,0.0,0.0,0.0
691242930471865101,0.0,0.0,0.0,0.0,0.0
691242930519659401,0.0,0.0,0.0,0.0,0.0
691242930521321801,1.9090908765792847,10.594211986622359,88.30061349693251,24.24750518798828,233.0726624991346
691242930545521202,0.0,0.0,0.0,0.0,0.0
691742930461913501,0.0,0.0,0.0,0.0,0.0
691742930480379601,0.0,0.0,0.0,0.0,0.0
691842930446404902,0.0,0.0,0.0,0.0,0.0
691942930460283802,3.3619048595428467,5.193441774472643,79.34772577455504,99.84102630615234,545.3113684984281
691942930461252602,1.9818181991577148,9.066286387677648,86.93733850129199,100.67689514160156,997.2914773660112
691942930544112801,0.0,0.0,0.0,0.0,0.0
692042930455091602,3.5,2.851726947053109,5.703799654576857,0.6212545037269592,5.703454095053138
692042930476840302,0.0,0.0,0.0,0.0,0.0
692042930526194602,0.0,0.0,0.0,0.0,0.0
692142930465080401,0.0,0.0,0.0,0.0,0.0
692242928258200901,0.0,0.0,0.0,0.0,0.0
692242930461896101,0.0,0.0,0.0,0.0,0.0
692242930478049202,4.027777671813965,7.434766285583427,113.00676437429537,69.33067321777344,535.3031570674871
692342930460767302,0.0,0.0,0.0,0.0,0.0
692342930530025502,0.0,0.0,0.0,0.0,0.0
692442930461132602,0.0,0.0,0.0,0.0,0.0
692542930461026101,0.0,0.0,0.0,0.0,0.0
692542930464877602,0.0,0.0,0.0,0.0,0.0
692642930474182301,0.0,0.0,0.0,0.0,0.0
692742930515987001,0.0,0.0,0.0,0.0,0.0
692942930479854902,0.0,0.0,0.0,0.0,0.0
693342928042043202,0.0,0.0,0.0,0.0,0.0
693342930521784902,0.0,0.0,0.0,0.0,0.0
693442930478861301,0.0,0.0,0.0,0.0,0.0
693642930542975801,0.0,0.0,0.0,0.0,0.0
693642930549537501,0.0,0.0,0.0,0.0,0.0
693842930526783301,0.4000000059604645,29.93508392909788,232.44811320754718,84.32994842529297,1047.727968764755
693942930517351702,0.0,0.0,0.0,0.0,0.0
694042930471569902,0.0,0.0,0.0,0.0,0.0
694342930515665501,1.0,181.32205549263873,62.28652321630804,0.0,181.32205549263873
694342930533946902,0.0,0.0,0.0,0.0,0.0
694542930474143501,2.5138888359069824,4.831269802656974,152.49974266598045,110.04524230957031,695.7028617957052
694542930527930802,0.0,0.0,0.0,0.0,0.0
694642930542427401,0.0,0.0,0.0,0.0,0.0
694842928181430002,0.0,0.0,0.0,0.0,0.0
694842930547250201,0.0,0.0,0.0,0.0,0.0
694942930509632101,0.0,0.0,0.0,0.0,0.0
695042930476106001,0.0,0.0,0.0,0.0,0.0
695142930529650002,3.2666666507720947,13.223389041225417,67.910741301059,14.370617866516113,198.35083127851385
695242930446942902,2.5,90.84237681313994,330.1672354948806,27.1464900970459,545.0542608788396
695242930468155102,0.0,0.0,0.0,0.0,0.0
695342930458421202,3.2962963581085205,14.961251068985177,132.3605473204105,22.20567512512207,403.95379079124945
695642929248923802,4.375,8.749791356745652,33.61311231537562,8.00771427154541,69.998331614932
695842930524152402,0.0,0.0,0.0,0.0,0.0
696042930517018501,0.0,0.0,0.0,0.0,0.0
696142928633821702,4.333333492279053,5.6815178855959205,15.291268323773103,2.596801519393921,17.04455378126992
696642930474802301,0.0,5.3733560380025125,0.0,83.8768310546875,585.6957960377136
696642930541606002,0.0,0.0,0.0,0.0,0.0
696642930544942101,2.0,2.5216906035600735,17.65194109772423,1.5792769193649292,17.651833918519127
696842928030437801,0.0,0.0,0.0,0.0,0.0
696942930473808002,0.0,0.0,0.0,0.0,0.0
697042930473910301,0.0,0.0,0.0,0.0,0.0
697242930479552002,0.0,0.0,0.0,0.0,0.0
697342929012746502,0.0,0.0,0.0,0.0,0.0
697342930534528301,0.0,0.0,0.0,0.0,0.0
697442930527780301,2.375,20.41436475561134,248.05699940933255,26.4816837310791,326.62982877133095
697642930537356401,5.0,2.936158099185862,4.706115965051628,0.812793493270874,5.872316120805203
697742930508268501,0.0,0.0,0.0,0.0,0.0
697942930448206801,3.161290407180786,9.288470336321899,118.11954261954261,23.59001922607422,287.9425808489529
697942930532346202,0.0,0.0,0.0,0.0,0.0
697942930534180601,0.0,0.0,0.0,0.0,0.0
698142930476799201,0.0,0.0,0.0,0.0,0.0
698142930519445901,0.0,0.0,0.0,0.0,0.0
698442930520214102,1.8024691343307495,8.605041534810127,675.1559493670886,150.55517578125,1394.0166912542416
698542928135348302,0.0,0.0,0.0,0.0,0.0
698542930517150901,0.0,0.0,0.0,0.0,0.0
698642930472207101,3.0,11.117281936813187,64.55824175824176,21.172626495361328,211.22835286004204
698642930518661301,0.0,0.0,0.0,0.0,0.0
698642930527561602,0.0,0.0,0.0,0.0,0.0
698842930453783402,0.0,0.0,0.0,0.0,0.0
698942930522124802,0.029702970758080482,8.117601436140546,0.28918014500836586,114.90847778320312,819.8777361134212
699142928159330601,0.0,0.0,0.0,0.0,0.0
699742930449276401,0.0,0.0,0.0,0.0,0.0
699742930529576902,0.0,0.0,0.0,0.0,0.0
699742930529711202,0.0,0.0,0.0,0.0,0.0
699842928265614001,0.0,0.0,0.0,0.0,0.0
699842929800132601,2.25,8.79111203852608,14.053419102223465,3.395090103149414,35.164447334725914
699842930526989702,0.0,0.0,0.0,0.0,0.0
699942930472631801,0.0,0.0,0.0,0.0,0.0
701442930518355201,0.0,0.0,0.0,0.0,0.0
701542930477281501,0.0,0.0,0.0,0.0,0.0
701542930525900501,0.0,0.0,0.0,0.0,0.0
701642928043515102,0.0,0.0,0.0,0.0,0.0
701642930527873402,4.0,14.264902442392676,42.79545454545455,2.0171682834625244,42.79470917672822
701742930453720802,0.0,0.0,0.0,0.0,0.0
701742930526291201,0.0,0.0,0.0,0.0,0.0
701742930526811201,0.0,0.0,0.0,0.0,0.0
701942930508392401,2.464912176132202,14.36869039163961,262.61224489795916,154.02706909179688,1638.0307064706628
702142930534562902,0.0,0.0,0.0,0.0,0.0
702242930521210002,3.1978023052215576,10.454531362734487,92.38744588744589,114.78910827636719,951.3623591928083
702442930463800001,0.0,0.0,0.0,0.0,0.0
702542930464549202,0.0,0.0,0.0,0.0,0.0
702542930469787202,3.299999952316284,5.964722485964333,19.87450462351387,6.3059611320495605,59.647226472197
702742930465685701,5.25,5.322249788851352,106.01375921375922,18.047582626342773,106.44499250782209
702742930472798502,3.616666555404663,3.6456281787325504,218.73765747361253,27.376941680908203,218.7376869677036
702942930457151702,0.0,0.0,0.0,0.0,0.0
703042930532533001,0.0,0.0,0.0,0.0,0.0
703242930461794801,0.0,0.0,0.0,0.0,0.0
703242930527544401,0.0,0.0,0.0,0.0,0.0
703342930472057401,0.0,0.0,0.0,0.0,0.0
703342930542327302,2.777777671813965,14.820305598498233,84.73498233215548,16.334238052368164,133.38275459208674
703542930447435902,0.0,0.0,0.0,0.0,0.0
703542930529683202,0.0,0.0,0.0,0.0,0.0
703642929467003402,0.0,0.0,0.0,0.0,0.0
703742929341560901,2.7279999256134033,3.3641386238071322,80.89335342374017,76.71070098876953,420.51731411512225
703842930465284901,0.0,0.0,0.0,0.0,0.0
703942930456878301,0.0,0.0,0.0,0.0,0.0
704042930480086002,2.305732488632202,4.034101066630943,142.2932426689333,87.72969818115234,633.353848532141
704042930516438602,0.0,0.0,0.0,0.0,0.0
704142929091942401,2.4609928131103516,8.751659370284205,282.7821931589537,68.51866912841797,1233.984029082945
704342930462932901,2.677419424057007,13.363115577369118,187.68257123923127,39.14291763305664,414.2565772926831
704342930464054902,0.0,0.0,0.0,0.0,0.0
704442930446654802,0.0,0.0,0.0,0.0,0.0
704542930546364601,0.0,0.0,0.0,0.0,0.0
704842930473832701,2.911764621734619,4.699204591090699,37.70343520883104,20.01988410949707,159.77295562947776
704842930518386102,0.0,0.0,0.0,0.0,0.0
704842930543354302,0.0,0.0,0.0,0.0,0.0
704942930550367501,0.0,0.0,0.0,0.0,0.0
705042930517986502,0.0,0.0,0.0,0.0,0.0
705042930520388601,0.0,0.0,0.0,0.0,0.0
705042930542945301,0.0,0.0,0.0,0.0,0.0
705142930446317302,0.0,0.0,0.0,0.0,0.0
705142930511073702,0.0,0.0,0.0,0.0,0.0
705142930518615901,0.0,0.0,0.0,0.0,0.0
705342928043798601,3.0,8.300287972383721,8.300465116279069,0.4681186378002167,8.300287972383721
705342929013067401,3.1489362716674805,11.497278859727926,187.71149897330596,97.6837387084961,1080.7442178848587
705342930474395702,0.0,0.0,0.0,0.0,0.0
705542930478356501,0.0,0.0,0.0,0.0,0.0
705542930543915002,0.0,0.0,0.0,0.0,0.0
705642930467932701,0.0,0.0,0.0,0.0,0.0
705642930523995501,0.0,0.0,0.0,0.0,0.0
705842930446977101,0.0,0.0,0.0,0.0,0.0
705842930539803201,0.0,0.0,0.0,0.0,0.0
706142929047821502,0.0,0.0,0.0,0.0,0.0
706342930476820301,0.0,0.0,0.0,0.0,0.0
706542930549790602,2.0108695030212402,4.928604720474838,234.30614177489178,44.05253982543945,453.4316134586995
706642929449864401,0.0,0.0,0.0,0.0,0.0
706742930461573101,0.0,0.0,0.0,0.0,0.0
706742930509540002,0.0,0.0,0.0,0.0,0.0
706842930534709802,0.0,0.0,0.0,0.0,0.0
706942930524806002,1.6538461446762085,6.588852302497278,19.535111594991836,20.960962295532227,171.3101624606677
707242930509951101,0.0,0.0,0.0,0.0,0.0
707242930533645202,0.0,0.0,0.0,0.0,0.0
707342928043758401,0.0,0.0,0.0,0.0,0.0
707342930464718201,0.0,0.0,0.0,0.0,0.0
707442930447015301,0.0,0.0,0.0,0.0,0.0
707542930534451302,2.384615421295166,5.742858076673398,520.7867859203693,73.89493560791016,522.6000925992447
707642930519538401,0.0,0.0,0.0,0.0,0.0
707642930544005001,0.0,0.0,0.0,0.0,0.0
707742930524510001,0.0,0.0,0.0,0.0,0.0
707842930455442102,0.0,0.0,0.0,0.0,0.0
707842930524286802,2.837606906890869,7.013383623873541,211.48674102526223,87.7221908569336,820.5658965597548
707842930543553902,0.0,0.0,0.0,0.0,0.0
708242930527684101,0.0,0.0,0.0,0.0,0.0
708242930532709102,0.0,0.0,0.0,0.0,0.0
708342930456371102,0.0,0.0,0.0,0.0,0.0
708442930518563602,0.0,0.0,0.0,0.0,0.0
708542929644415901,0.0,0.0,0.0,0.0,0.0
708642930508236301,3.802469253540039,13.467342635255648,237.49623464130005,81.87142181396484,1090.8547345432457
708742930529787502,0.0,0.0,0.0,0.0,0.0
708942930545115602,0.0,0.0,0.0,0.0,0.0
709142930454722902,0.0,0.0,0.0,0.0,0.0
709142930529107902,0.0,0.0,0.0,0.0,0.0
709342930462657202,12.75,9.532211077032215,37.36972124853948,6.145139694213867,38.128843574606705
709342930463189902,0.0,0.0,0.0,0.0,0.0
709342930523776902,0.0,0.0,0.0,0.0,0.0
709342930543115601,0.0,0.0,0.0,0.0,0.0
709442929476579602,4.166666507720947,18.66439143197979,56.796407185628745,11.300115585327148,111.98634548529893
709442930480607601,0.0,0.0,0.0,0.0,0.0
709542928119272102,0.0,0.0,0.0,0.0,0.0
709542930527752701,0.0,0.0,0.0,0.0,0.0
709742929321275401,0.0,0.0,0.0,0.0,0.0
709742930463751901,0.0,0.0,0.0,0.0,0.0
709842930457914302,0.0,0.0,0.0,0.0,0.0
711142928043716701,0.0,0.0,0.0,0.0,0.0
711142928623619902,0.0,0.0,0.0,0.0,0.0
711142930529725002,0.0,0.0,0.0,0.0,0.0
711542930534089201,0.0,0.0,0.0,0.0,0.0
711842930537906902,2.596774101257324,5.032214718200424,59.35597331716192,47.0606575012207,311.99732517661147
711942930467776401,0.0,0.0,0.0,0.0,0.0
711942930530934902,0.0,5.581286865546442,0.0,11.26214599609375,94.88187395769533
712142930518571101,0.0,0.0,0.0,0.0,0.0
712142930547855301,2.9900989532470703,45.69837724401596,1810.3670212765958,171.6046905517578,4615.536303388311
712342930544714301,0.0,0.0,0.0,0.0,0.0
712442930521584402,1.8404254913330078,20.383560919693732,179.35612535612535,186.73675537109375,1916.0547154145024
712542930529577101,0.0,0.0,0.0,0.0,0.0
712542930531904702,6.0,6.36565974418548,6.365706500583885,1.171499252319336,6.36565974418548
712542930547080001,0.0,0.0,0.0,0.0,0.0
712942929303552002,0.0,0.0,0.0,0.0,0.0
712942930459172101,0.0,0.0,0.0,0.0,0.0
713042930460573101,0.0,0.0,0.0,0.0,0.0
713042930547421102,0.0,0.0,0.0,0.0,0.0
713342930479106802,0.0,0.0,0.0,0.0,0.0
713342930515708601,3.385964870452881,8.58464911192697,120.43976979559436,81.50884246826172,489.324984686553
713542930457938602,0.5773195624351501,11.553750865097955,22.032367972742758,133.76284790039062,1120.7138510465215
713542930543641801,0.0,0.0,0.0,0.0,0.0
713642930520847002,3.0701754093170166,5.357845759188324,132.94283359193173,79.91746520996094,610.7944215370575
713842928716168701,0.0,0.0,0.0,0.0,0.0
713842930455618501,0.0,0.0,0.0,0.0,0.0
713842930546729101,0.0,0.0,0.0,0.0,0.0
714042930508735101,0.0,0.0,0.0,0.0,0.0
714242930509730002,0.0,0.0,0.0,0.0,0.0
714242930519201201,0.0,0.0,0.0,0.0,0.0
714342930474663402,0.0,0.0,0.0,0.0,0.0
714442930532459401,0.0,0.0,0.0,0.0,0.0
714542930476876001,2.7350428104400635,7.011175386980492,214.57506361323155,125.58039855957031,820.3075524665826
714542930509917201,3.4556961059570312,4.723640388934259,92.12209064924458,62.04676818847656,373.16760185642016
714642928243104701,0.0,0.0,0.0,0.0,0.0
714742930546759701,0.0,0.0,0.0,0.0,0.0
715042930457003501,0.0,0.0,0.0,0.0,0.0
715042930476333602,0.0,0.0,0.0,0.0,0.0
715042930526729701,0.0,79.37791646019161,0.0,7.6428632736206055,79.37791646019161
715242930535188001,0.0,0.0,0.0,0.0,0.0
715242930541662702,0.0,0.0,0.0,0.0,0.0
715342930530796402,0.0,0.0,0.0,0.0,0.0
715542930516326301,0.0,14.062740181587838,0.0,13.503260612487793,182.8156286291174
715642930458588702,0.0,0.0,0.0,0.0,0.0
715842930453973101,7.5,43.052671370967744,85.9247311827957,5.802737236022949,86.10533924171148
715942930462479201,1.0,37.0135558732952,37.013638363396396,6.97529411315918,37.0135558732952
715942930517913801,0.9583333134651184,6.123424195050559,65.78113358169239,68.5345230102539,440.88654567790576
716042930452054202,2.066666603088379,6.359759664433995,112.70511000709723,118.8809585571289,667.7747781823255
716142930474628101,0.0,0.0,0.0,0.0,0.0
716242930455354902,0.0,0.0,0.0,0.0,0.0
716342930453440202,3.253164529800415,8.177004062745484,142.8970934799686,80.61184692382812,645.9833085138032
716342930547575302,0.0,0.0,0.0,0.0,0.0
716342930548795201,2.653846263885498,5.312823532919848,81.58587786259542,15.869766235351562,138.13341304618893
716542930524372901,0.0,0.0,0.0,0.0,0.0
716542930538702501,0.0,0.0,0.0,0.0,0.0
716842930527589702,0.0,0.0,0.0,0.0,0.0
716942930510570001,2.577777862548828,13.016002373709439,174.37364798426745,32.38800811767578,585.7200861417907
716942930548060802,0.0,0.0,0.0,0.0,0.0
717042930524936602,2.3333332538604736,3.58412966636671,19.152268760907504,3.28220796585083,21.504777865052016
717142930142250702,0.0,0.0,0.0,0.0,0.0
717142930448680702,0.0,0.0,0.0,0.0,0.0
717342930462710901,2.926605463027954,8.181017883999612,225.3737628565884,67.019775390625,891.7309165264643
717342930516923801,0.0,0.0,0.0,0.0,0.0
717442930526366001,0.0,0.0,0.0,0.0,0.0
717642929528798602,0.0,0.0,0.0,0.0,0.0
717642930474342302,0.0,0.0,0.0,0.0,0.0
717942929704056301,0.0,0.0,0.0,0.0,0.0
717942930545697601,2.4568965435028076,6.448782625195873,105.7346565682946,71.45085906982422,748.0588042084123
718042930542624402,0.0,0.0,0.0,0.0,0.0
718042930542813302,0.0,22.143691425645482,96.79443892750744,13.859603881835938,155.00583585797852
718242930547462902,0.0,0.0,0.0,0.0,0.0
718442930464314901,2.632652997970581,4.590951246610425,82.97348598975596,57.4100227355957,449.9132085662536
718942930448650001,0.0,0.0,0.0,0.0,0.0
719042930517652301,0.0,0.0,0.0,0.0,0.0
719042930532077502,1.1808511018753052,10.300467931711687,154.08020948180817,127.4588623046875,968.2440044149354
719042930546226002,0.0,0.0,0.0,0.0,0.0
719142930508420101,0.0,0.0,0.0,0.0,0.0
719142930528578601,0.0,0.0,0.0,0.0,0.0
719342929575458001,0.0,0.0,0.0,0.0,0.0
719642930457602102,0.0,0.0,0.0,0.0,0.0
719642930515572502,0.0,0.0,0.0,0.0,0.0
719642930522915302,2.4838709831237793,6.584500301652126,73.59272322257286,0.0,204.11951481196175
719642930529291802,0.0,0.0,0.0,0.0,0.0
719742930478003601,0.0,0.0,0.0,0.0,0.0
721342930461532101,1.5948717594146729,6.695566072832435,663.0696316262354,125.15397644042969,1305.6354002125715
721342930476968801,0.0,0.0,0.0,0.0,0.0
721642930525564601,0.0,0.0,0.0,0.0,0.0
721742930464967901,0.0,0.0,0.0,0.0,0.0
721942929155598201,0.0,0.0,0.0,0.0,0.0
721942930537211101,0.0,0.0,0.0,0.0,0.0
722042930460960701,3.5,41.02166296028134,66.46338436077782,6.709070205688477,82.04332592056268
722042930532045801,0.0,0.0,0.0,0.0,0.0
722042930545968602,0.3125,5.898788375095639,20.5707727620505,85.25917053222656,755.0448923696155
722242930463139302,0.0,0.0,0.0,0.0,0.0
722542930531607802,0.0,0.0,0.0,0.0,0.0
722742929861282501,2.1015625,3.071591254426299,69.02933248771207,51.16487503051758,393.1636811996274
722742930508588502,0.0,0.0,0.0,0.0,0.0
722842930456337501,0.0,0.0,0.0,0.0,0.0
722942930518085401,0.0,0.0,0.0,0.0,0.0
723042930142431802,1.0,43.222668393782385,86.44559585492227,9.344939231872559,86.44533906452396
723142929505807502,0.0,0.0,0.0,0.0,0.0
723342930479511702,0.0,0.0,0.0,0.0,0.0
723342930519547602,0.0,0.0,0.0,0.0,0.0
723342930522941101,2.096774101257324,6.259482106854839,125.19247311827957,64.23767852783203,582.1318322894393
723342930548142402,0.0,0.0,0.0,0.0,0.0
723442930454249601,0.0,0.0,0.0,0.0,0.0
723442930529973901,3.0508475303649902,10.569011020041705,154.3336422613531,33.923221588134766,623.5716655897365
723642930526466502,0.0,0.0,0.0,0.0,0.0
723742930543772201,0.0,133.83439650229357,133.83448012232415,39.025169372558594,133.83439650229357
723942928577741801,0.0,0.0,0.0,0.0,0.0
724042930455904601,2.5135135650634766,5.713664087957638,74.80405405405405,14.51292610168457,211.40556747556442
724142930534294101,0.0,0.0,0.0,0.0,0.0
724142930536224301,3.5,20.179713585141904,77.13522537562605,8.331755638122559,80.71885542744853
724242928955424601,0.0,0.0,0.0,0.0,0.0
724242929621924102,0.0,0.0,0.0,0.0,0.0
724242930452538101,5.115384578704834,14.518647546057844,106.53486529318542,50.56433868408203,377.4848249770949
724242930460547301,0.0,0.0,0.0,0.0,0.0
724342930479595301,0.0,0.0,0.0,0.0,0.0
724542930470416402,2.266055107116699,5.450447699430655,78.64176049129989,73.75306701660156,594.0987991226366
724542930518199302,0.0,0.0,0.0,0.0,0.0
724542930543143101,0.0,0.0,0.0,0.0,0.0
724642930518447602,0.0,0.0,0.0,0.0,0.0
724742930510510502,2.1666667461395264,8.436249343487395,31.69747899159664,5.635088920593262,50.61749565060399
724742930541235102,0.0,0.0,0.0,0.0,0.0
724842930543942001,0.0,0.0,0.0,0.0,0.0
724942929331638002,0.0,0.0,0.0,0.0,0.0
725042930477408302,3.4583332538604736,4.061948064271255,75.33603238866397,16.919265747070312,97.48674922433459
725142930454394001,0.0,0.0,0.0,0.0,0.0
725142930518660101,0.0,0.0,0.0,0.0,0.0
725442930528155802,0.0,0.0,0.0,0.0,0.0
725542929230123302,0.0,0.0,0.0,0.0,0.0
725542930523879402,3.965909004211426,12.615133223057883,114.25514089870525,115.4798583984375,1110.1317501126223
725642930527444301,0.0,0.0,0.0,0.0,0.0
725842930474771402,2.514925479888916,3.9421592620481927,69.93975903614458,84.11408996582031,528.249322949886
726042927901222702,0.0,0.0,0.0,0.0,0.0
726042927945167401,0.0,0.0,0.0,0.0,0.0
726042930525993201,0.0,0.0,0.0,0.0,0.0
726042930548509302,0.0,0.0,0.0,0.0,0.0
726142930466752102,0.0,0.0,0.0,0.0,0.0
726342929331582102,0.0,0.0,0.0,0.0,0.0
726342930479757802,2.6315789222717285,4.4532689293635705,82.67454282093065,42.19732666015625,338.4484327151554
726442930511203801,0.0,0.0,0.0,0.0,0.0
726542930527959101,0.0,0.0,0.0,0.0,0.0
726542930530133101,0.0,0.0,0.0,0.0,0.0
726642930537169902,0.0,0.0,0.0,0.0,0.0
726742930335253302,2.225806474685669,5.67234128593526,81.69931336301215,11.055540084838867,175.84257186444077
726742930446891001,0.0,0.0,0.0,0.0,0.0
726942930544834401,0.0,0.0,0.0,0.0,0.0
727142930454666401,0.0,0.0,0.0,0.0,0.0
727142930516918701,2.4000000953674316,6.848281220897746,37.902309554851925,5.427016258239746,68.48280897476216
727542928577623102,0.0,0.0,0.0,0.0,0.0
727542930509628102,2.4473683834075928,6.45940124671916,106.7096062992126,118.5286636352539,736.3717450864297
727542930526079601,0.0,0.0,0.0,0.0,0.0
727642930520165201,2.5,12.125562739463602,68.3295785440613,9.345474243164062,72.75337868175288
727642930524987001,0.0,0.0,0.0,0.0,0.0
727642930544262202,0.0,0.0,0.0,0.0,0.0
727742930458207302,0.0,0.0,0.0,0.0,0.0
727942930478773002,0.0,0.0,0.0,0.0,0.0
728042930518785901,0.0,0.0,0.0,0.0,0.0
728142930541764201,0.0,0.0,0.0,0.0,0.0
728242930448434602,0.0,0.0,0.0,0.0,0.0
728242930519752501,0.0,0.0,0.0,0.0,0.0
728442930520123101,0.0,0.0,0.0,0.0,0.0
728442930529061501,0.0,0.0,0.0,0.0,0.0
728442930545119902,0.0,0.0,0.0,0.0,0.0
728542930522298301,0.0,0.0,0.0,0.0,0.0
728642930529333901,0.0,0.0,0.0,0.0,0.0
728742930522733101,0.0,0.0,0.0,0.0,0.0
728742930525038602,3.6666667461395264,5.66983872432952,47.39609902475619,24.75737190246582,119.0666129168763
728842930460376401,0.0,0.0,0.0,0.0,0.0
728842930549897002,0.0,0.0,0.0,0.0,0.0
728942930459500901,0.0,0.0,0.0,0.0,0.0
728942930508830501,0.0,0.0,0.0,0.0,0.0
728942930523743302,0.0,0.0,0.0,0.0,0.0
729442928202993902,3.200000047683716,27.932869412251655,106.36291390728476,14.088491439819336,139.66434649536941
729642930509316501,0.0,0.0,0.0,0.0,0.0
729742930473396301,0.0,0.0,0.0,0.0,0.0
729842928664038701,0.0,0.0,0.0,0.0,0.0
729942930528741801,0.0,0.0,0.0,0.0,0.0
729942930531735002,0.0,0.0,0.0,0.0,0.0
729942930538749302,3.5714285373687744,11.02831888997633,60.469045884923524,11.156143188476562,77.19823265214602
731342930509055901,0.0,0.0,0.0,0.0,0.0
731342930529588602,2.461538553237915,4.803688941276367,47.79513764747944,17.571365356445312,124.89590907991891
731542929861231001,0.0,0.0,0.0,0.0,0.0
731642930474993502,1.0,0.526152070324453,0.5261627906976745,0.06589223444461823,0.526152070324453
731842930529884101,0.5714285969734192,11.064780476659168,195.67829021372327,147.83963012695312,1239.2553635287204
732242930455101101,3.5161290168762207,21.36396412037037,625.4474074074074,82.79578399658203,1324.5657789159704
732342930527132002,0.0,0.0,0.0,0.0,0.0
732442930462972101,0.0,0.0,0.0,0.0,0.0
732542930475142002,0.0,0.0,0.0,0.0,0.0
732642930509335302,0.0,0.0,0.0,0.0,0.0
732742930531854702,0.0,0.0,0.0,0.0,0.0
732942930460657301,2.5428571701049805,4.320849446070234,51.27612040133779,50.8864631652832,302.4594691140676
733042930527487301,2.0,5.983422649793388,11.96694214876033,1.0404210090637207,11.966845299586776
733342930510619002,0.0,0.0,0.0,0.0,0.0
733542929012617102,0.0,0.0,0.0,0.0,0.0
733642930466511702,0.0,0.0,0.0,0.0,0.0
733642930507971802,0.0,0.0,0.0,0.0,0.0
733742930515525102,0.0,0.0,0.0,0.0,0.0
733742930546339002,0.0,0.0,0.0,0.0,0.0
733842929800091802,0.0,0.0,0.0,0.0,0.0
734242930457519401,0.0,0.0,0.0,0.0,0.0
734342930549901602,0.0,0.0,0.0,0.0,0.0
734442930534817002,0.0,0.0,0.0,0.0,0.0
734742930076008601,0.0,0.0,0.0,0.0,0.0
734742930543673001,0.0,0.0,0.0,0.0,0.0
734842930479746102,3.1111111640930176,3.205442093175853,66.78644714865187,36.446006774902344,173.09387315209912
734942930518880301,0.0,0.0,0.0,0.0,0.0
735042930545828002,0.0,0.0,0.0,0.0,0.0
735142930522300602,2.3333332538604736,19.329971280087527,57.989059080962804,7.1545515060424805,57.989910935416525
735142930522899001,0.0,0.0,0.0,0.0,0.0
735342930472325001,0.0,0.0,0.0,0.0,0.0
735342930520929801,0.0,0.0,0.0,0.0,0.0
735442929800456501,0.0,0.0,0.0,0.0,0.0
735442930475264201,0.0,0.0,0.0,0.0,0.0
735542930460016202,0.0,5.571332634056488,0.0,77.30598449707031,590.5612612937837
735642928015149902,0.35227271914482117,16.33244757401316,117.48771929824561,90.5076675415039,1437.255370832849
735742930524567701,0.0,0.0,0.0,0.0,0.0
735742930533007802,0.0,0.0,0.0,0.0,0.0
735942930521494601,0.0,0.0,0.0,0.0,0.0
736042930543201701,0.0,0.0,0.0,0.0,0.0
736142928096645402,3.125,10.722775481468023,38.85973837209303,8.993119239807129,85.78220496066781
736142930467949601,0.0,0.0,0.0,0.0,0.0
736242930538538202,0.0833333358168602,19.089438802083333,2.458,59.492645263671875,687.21978125
736342930518400701,0.0,0.0,0.0,0.0,0.0
736442930477504102,0.0,0.0,0.0,0.0,0.0
736442930515792202,0.0,0.8413118120079641,0.0,0.23997575044631958,1.6826236240159282
736442930549875302,0.0,0.0,0.0,0.0,0.0
736642930446691002,0.0,0.0,0.0,0.0,0.0
736742930546638901,0.0,0.0,0.0,0.0,0.0
736942930542401802,3.0,8.642596302059097,8.642624476500698,1.1833033561706543,8.642596302059097
737142930543350701,0.0,0.0,0.0,0.0,0.0
737142930549156801,0.0,0.0,0.0,0.0,0.0
737242928633983801,0.0,0.0,0.0,0.0,0.0
737542929476623601,2.0693068504333496,9.673534734104827,260.4913544668588,110.70964813232422,977.0270123660392
737542930531384801,0.0,0.0,0.0,0.0,0.0
737742930453612901,2.690000057220459,8.381224400788835,179.39805825242718,90.22383117675781,838.1224540830816
737742930526022401,2.1416666507720947,4.8206944587099425,105.32484250890167,86.26180267333984,578.483314166752
737942930097616401,2.327868938446045,11.266584377390972,408.45116041826066,109.36359405517578,1374.523264928668
738042930527178102,0.0139860138297081,8.267278417868177,24.67833848266392,133.6659393310547,1182.2207959591217
738142930451961401,0.0,0.0,0.0,0.0,0.0
738142930533054302,0.0,0.0,0.0,0.0,0.0
738242930540616501,0.0,0.0,0.0,0.0,0.0
738242930543621201,2.594339609146118,3.60707343412527,63.42015838732901,71.60017395019531,382.34978524325476
738342930473904902,0.0,0.0,0.0,0.0,0.0
738442930524781601,0.0,0.0,0.0,0.0,0.0
738542930474153702,2.882352828979492,16.13585639920869,91.48068669527898,7.505675315856934,274.309566907105
738642930477169202,0.0,0.0,0.0,0.0,0.0
738642930527516801,0.0,0.0,0.0,0.0,0.0
738742930544018201,0.0,0.0,0.0,0.0,0.0
738842930544021902,0.0,0.0,0.0,0.0,0.0
739042930473663702,0.0,0.0,0.0,0.0,0.0
739142930525380301,0.0,0.0,0.0,0.0,0.0
739242928653524301,0.0,0.0,0.0,0.0,0.0
739242930475291601,0.0,0.0,0.0,0.0,0.0
739242930521845301,4.636363506317139,33.564818967145015,664.2447129909366,171.97433471679688,2584.491083837798
739342930534811301,0.0,0.0,0.0,0.0,0.0
739542930518662002,0.0,0.0,0.0,0.0,0.0
739842930528586602,0.0,0.0,0.0,0.0,0.0
739942930474247801,0.0,0.0,0.0,0.0,0.0
739942930475675602,0.0,0.0,0.0,0.0,0.0
739942930509665302,0.0,0.0,0.0,0.0,0.0
741142930450133202,0.0,0.0,0.0,0.0,0.0
741242930464967602,0.0,0.0,0.0,0.0,0.0
741342930471659901,0.0,0.0,0.0,0.0,0.0
741342930507683502,0.0,0.0,0.0,0.0,0.0
741542930473974002,0.0,0.0,0.0,0.0,0.0
741642930526223702,0.0,0.0,0.0,0.0,0.0
741642930532255502,0.0,0.0,0.0,0.0,0.0
741842930534899702,0.0,0.0,0.0,0.0,0.0
741942930460427001,0.0,0.0,0.0,0.0,0.0
742142927988856202,0.0,0.0,0.0,0.0,0.0
742342930453758302,1.863157868385315,6.467882410139485,47.83062538320049,95.2374038696289,614.4488419872497
742542930471723202,0.0,0.0,0.0,0.0,0.0
742742930471636501,0.0,0.0,0.0,0.0,0.0
742742930510071001,0.0,0.0,0.0,0.0,0.0
742942930184370202,0.0,0.0,0.0,0.0,0.0
742942930465440001,0.0,0.0,0.0,0.0,0.0
743142930464727701,0.0,0.0,0.0,0.0,0.0
743242930536606001,3.219780206680298,7.072353216634325,155.9335920655455,87.25271606445312,643.5841426505976
743442930541434601,0.0,0.0,0.0,0.0,0.0
743542930524091302,4.5714287757873535,16.482597724541083,100.24475524475524,9.779203414916992,115.37818492542614
743542930544765102,2.640000104904175,16.57328839708202,175.17586750788644,26.477876663208008,414.3321929354021
743542930547574501,2.75,5.95027707657724,22.087264150943398,3.179199695587158,23.801109170014005
743842930456424802,0.0,0.0,0.0,0.0,0.0
743942930479775402,0.0,0.0,0.0,0.0,0.0
743942930522308902,0.0,0.0,0.0,0.0,0.0
744042929543889402,0.0,0.0,0.0,0.0,0.0
744042930532707001,2.25,5.672281339356143,20.878130546243344,4.76324462890625,22.689126079591674
744142930521176202,0.0,0.0,0.0,0.0,0.0
744142930534687902,2.1960785388946533,7.294934101843265,57.538604219800604,51.868675231933594,372.04163822993974
744642930462634201,0.0,0.0,0.0,0.0,0.0
744742930475299301,0.0,0.0,0.0,0.0,0.0
744842929800342902,0.0,0.0,0.0,0.0,0.0
744942930472424402,0.0,0.0,0.0,0.0,0.0
745042930456188002,1.0,112.61287671925567,112.61326860841424,15.992838859558105,112.61287671925567
745042930478192601,0.0,0.0,0.0,0.0,0.0
745242930526604202,0.0,0.0,0.0,0.0,0.0
745342930451956402,0.0,0.0,0.0,0.0,0.0
745442930200242001,2.6226415634155273,7.209585373671527,117.92881858625803,39.00688552856445,382.1080342828491
745642928091208001,0.0,0.0,0.0,0.0,0.0
745642930454699602,0.0,0.0,0.0,0.0,0.0
745842930461008802,0.0,0.0,0.0,0.0,0.0
745842930543313301,0.0,0.0,0.0,0.0,0.0
746042930142328302,2.3888888359069824,6.564878800765469,56.67566801332483,12.232512474060059,118.16781317574586
746042930476625101,0.0,0.0,0.0,0.0,0.0
746142930460295001,2.528846263885498,5.431523470501268,67.44147188585374,86.25298309326172,564.8784350938868
746142930524520202,0.0,0.0,0.0,0.0,0.0
746242930463776001,0.0,0.0,0.0,0.0,0.0
746342930457665402,0.0,0.0,0.0,0.0,0.0
746342930463878801,0.0,0.0,0.0,0.0,0.0
746642927966216502,0.0,0.0,0.0,0.0,0.0
746742929372946401,0.0,0.0,0.0,0.0,0.0
746742930469050901,0.0,0.0,0.0,0.0,0.0
746742930477841502,0.0,0.0,0.0,0.0,0.0
746742930530543702,0.0,0.0,0.0,0.0,0.0
746742930543821902,0.0,0.0,0.0,0.0,0.0
747042930524642501,1.0,3.039698305443101,3.0399290150842946,0.2460588812828064,3.039698305443101
747242930477155201,0.0,0.0,0.0,0.0,0.0
747442930467088501,3.244680881500244,14.205269401392632,229.2144354597185,127.7916488647461,1335.2952930322483
747742930541866701,0.0,0.0,0.0,0.0,0.0
748042930531543202,0.0,0.0,0.0,0.0,0.0
748242930454229802,0.35338345170021057,5.165308537479514,144.0450487363064,75.64881134033203,686.9860294858323
748242930518778501,0.0,0.0,0.0,0.0,0.0
748342928967256601,0.0,0.0,0.0,0.0,0.0
748342930464625102,0.0,0.0,0.0,0.0,0.0
748342930546884901,0.0,0.0,0.0,0.0,0.0
748542930454194802,0.0,0.0,0.0,0.0,0.0
748542930459519002,0.0,0.0,0.0,0.0,0.0
748542930509083001,0.0,0.0,0.0,0.0,0.0
748542930524919801,0.0,0.0,0.0,0.0,0.0
748942928979759201,0.0,0.0,0.0,0.0,0.0
748942930524024102,0.0,0.0,0.0,0.0,0.0
748942930528259001,0.5740740895271301,7.014269724539701,16.727272727272727,40.13182830810547,378.7705551625944
749042930535188201,1.5,83.69170577076677,113.15974440894568,16.846363067626953,167.38341778154953
749142930533508002,2.133802890777588,4.956740491229665,94.57694871095762,79.86883544921875,703.857181148176
749142930545493601,0.0,0.0,0.0,0.0,0.0
749342928043475002,0.0,0.0,0.0,0.0,0.0
751142930473745402,0.0,0.0,0.0,0.0,0.0
751142930535995802,0.0,0.0,0.0,0.0,0.0
751242930462920302,0.0,0.0,0.0,0.0,0.0
751242930540585502,0.0,0.0,0.0,0.0,0.0
751342930468117401,1.8133333921432495,5.151846247268613,464.9180973934759,87.33393096923828,772.7769025228354
751542930516435202,0.0,0.0,0.0,0.0,0.0
751542930536437302,3.6226415634155273,9.23859142369727,113.90942928039702,68.57865142822266,489.64533205876376
751742930473859501,0.0,0.0,0.0,0.0,0.0
751842930476377802,0.0,0.0,0.0,0.0,0.0
752042930469315501,0.0,0.0,0.0,0.0,0.0
752142930526027902,0.0,0.0,0.0,0.0,0.0
752442930525788701,0.0,0.0,0.0,0.0,0.0
752842930473388502,0.3333333432674408,56.66481795088908,79.41202370872142,25.395021438598633,169.99445120660457
753142930528832802,0.0,0.0,0.0,0.0,0.0
753242927904948402,0.0,0.0,0.0,0.0,0.0
753242930475495502,0.0,0.0,0.0,0.0,0.0
753242930525301802,0.0,0.0,0.0,0.0,0.0
753342930458410102,0.0,0.0,0.0,0.0,0.0
753342930517172002,0.0,0.0,0.0,0.0,0.0
753442930458177702,0.0,0.0,0.0,0.0,0.0
753442930546984902,2.829787254333496,6.288683770659812,79.91124414367516,39.53250503540039,295.5681470685921
753742930508107502,2.7272727489471436,5.343665008105187,42.545244956772336,6.764639377593994,58.78031229244529
753842929284173502,0.0,0.0,0.0,0.0,0.0
753942930458126802,0.0,0.0,0.0,0.0,0.0
754042930474411501,0.0,0.0,0.0,0.0,0.0
754142930510380702,0.0,0.0,0.0,0.0,0.0
754242930539056601,1.0,6.151946077641752,6.152061855670103,0.8411498665809631,6.151946077641752
754242930546328902,2.8399999141693115,5.5696399238782055,114.54410256410256,58.102291107177734,417.7229936335637
754342930508346001,0.0,0.0,0.0,0.0,0.0
754542930450506301,0.0,0.0,0.0,0.0,0.0
754542930521328001,0.0,0.0,0.0,0.0,0.0
754542930534566901,0.0,0.0,0.0,0.0,0.0
754642930411668402,0.0,0.0,0.0,0.0,0.0
754642930448728702,0.0,0.0,0.0,0.0,0.0
754642930468904202,0.0,0.0,0.0,0.0,0.0
754742930509141001,0.0,0.0,0.0,0.0,0.0
754742930519092101,0.0,0.0,0.0,0.0,0.0
754842929194568002,0.0,0.0,0.0,0.0,0.0
754842930531037201,0.0,0.0,0.0,0.0,0.0
754942929091873102,2.0,2.4171675424727184,4.834325396825397,0.7438933849334717,4.834335246414104
754942930510146201,0.0,0.0,0.0,0.0,0.0
754942930519302201,2.1025640964508057,9.31181174138606,174.8108848864526,93.34192657470703,1452.642679469886
754942930537316102,63.33333206176758,11.404178889970533,3.1256577562618397,4.8810930252075195,34.2125366699116
755042930463252802,0.0,0.0,0.0,0.0,0.0
755142930525235801,0.0,0.0,0.0,0.0,0.0
755342930469345301,0.0,0.0,0.0,0.0,0.0
755342930538800701,0.0,0.0,0.0,0.0,0.0
755442930475572701,0.0,0.0,0.0,0.0,0.0
755542930526175202,0.0,0.0,0.0,0.0,0.0
755642930446488302,0.0,0.0,0.0,0.0,0.0
755842930447690702,0.0,0.0,0.0,0.0,0.0
756242930458599801,0.0,0.0,0.0,0.0,0.0
756442928726364102,0.0,0.0,0.0,0.0,0.0
756642930480195101,0.0,0.0,0.0,0.0,0.0
756742930543284001,0.0,0.0,0.0,0.0,0.0
756942930532631301,0.06542056053876877,5.277384294470293,11.695060844667143,95.27973937988281,564.6801060981724
757042930456484001,0.0,0.0,0.0,0.0,0.0
757042930526438702,0.0,0.0,0.0,0.0,0.0
757142930515607701,0.6938775777816772,8.170495008454735,51.49349635796046,84.14705657958984,800.708504429717
757442930466583202,0.0,0.0,0.0,0.0,0.0
757542930529923202,0.0,48.52822049015046,48.52815262912983,2.9085004329681396,48.52822049015046
757742928757969001,0.0,0.0,0.0,0.0,0.0
757842928258270602,3.0,5.39315243198152,28.662012320328543,4.6240315437316895,32.35891564621818
758042928602853002,2.1494252681732178,7.898175456613254,102.05757740358501,69.71336364746094,687.1412619984973
758042930474086402,2.86956524848938,10.559285332722833,98.47252747252747,33.98820114135742,242.86355377495363
758142930530827302,0.0,0.0,0.0,0.0,0.0
758242930159219901,0.0,0.0,0.0,0.0,0.0
758242930459609201,0.0,0.0,0.0,0.0,0.0
758242930524619902,0.0,0.0,0.0,0.0,0.0
758342930532955101,2.5,5.664470381526105,18.60542168674699,3.50093150138855,22.65788079074109
758542930538871101,0.0,0.0,0.0,0.0,0.0
758742930509973401,0.0,0.0,0.0,0.0,0.0
758842930516754702,0.0,0.0,0.0,0.0,0.0
759142930517837001,1.4285714626312256,18.146410290948275,175.8993103448276,0.0,1270.2487628450065
759442928967092902,0.0,0.0,0.0,0.0,0.0
759442930475081701,0.0,0.0,0.0,0.0,0.0
759742930475779602,0.0,0.0,0.0,0.0,0.0
759742930518516101,0.0,0.0,0.0,0.0,0.0
759742930531826402,2.351351261138916,4.396608402558017,64.6789029535865,27.317771911621094,162.67451031519894
759842930342859001,0.0,0.0,0.0,0.0,0.0
761142930529910401,1.8301886320114136,6.870757434346035,36.67394438722966,57.720218658447266,364.1501492548431
761342929839451902,0.06315789371728897,6.735766994454061,15.926075527345002,70.3934555053711,639.8978822501094
761342930534268601,0.0,0.0,0.0,0.0,0.0
761442929901274502,0.0,0.0,0.0,0.0,0.0
761442930456868501,0.5785123705863953,9.372663647741385,20.961192176342752,101.17115783691406,1134.09226800314
761442930509005001,0.0,0.0,0.0,0.0,0.0
761642929372779502,0.0,0.0,0.0,0.0,0.0
761742928878266802,0.0,0.0,0.0,0.0,0.0
761742930516272301,0.0873015895485878,8.625294968093591,198.76352034033502,139.09219360351562,2173.5742373021476
761842930539848401,0.0,0.0,0.0,0.0,0.0
762142930519940701,0.0,0.0,0.0,0.0,0.0
762242929309570201,0.0,0.0,0.0,0.0,0.0
762242930460430702,0.0,7.648280181420972,0.0,115.50537872314453,871.9039660746565
762242930536443802,0.0,263.7147641509434,204.84075471698114,17.996891021728516,263.7147641509434
762442930475939001,0.0,0.0,0.0,0.0,0.0
762742930459418802,0.0,0.0,0.0,0.0,0.0
762742930459632601,0.0,0.0,0.0,0.0,0.0
762942930455609302,0.0,0.0,0.0,0.0,0.0
762942930549462102,0.0,0.0,0.0,0.0,0.0
763342930012331001,1.139393925666809,5.13590953393585,86.1494772284246,109.44631958007812,847.4250978851453
763442930459100501,0.0,0.0,0.0,0.0,0.0
763442930520624602,0.0,0.0,0.0,0.0,0.0
763742930468785601,0.0,0.0,0.0,0.0,0.0
763742930522540202,0.0,0.0,0.0,0.0,0.0
763742930549198901,7.0,18.914785320839187,117.85955056179775,33.92750549316406,359.3809293039729
763942928739548802,1.4016393423080444,5.9314391816143495,132.83339082442222,104.60379028320312,723.6355945222663
763942930527556701,0.0,0.0,-32.634889169219676,0.0,0.0
764142930542767902,0.0,0.0,0.0,0.0,0.0
764242930531902702,0.0,0.0,0.0,0.0,0.0
764342929735780202,0.0,0.0,0.0,0.0,0.0
764642930543133502,2.200000047683716,12.999805818653474,324.992277992278,35.37677764892578,324.9951365702861
764742930550657701,0.0,0.0,0.0,0.0,0.0
764842930458088902,2.8644068241119385,5.091231253693853,80.82978723404256,52.01202392578125,300.3826559891937
764842930524609801,0.0,0.0,0.0,0.0,0.0
764942930451690902,0.0,0.0,0.0,0.0,0.0
764942930476892201,0.0,0.0,0.0,0.0,0.0
765242928990481001,0.0,0.0,0.0,0.0,0.0
765342930451224102,0.0,0.0,0.0,0.0,0.0
765342930532594302,0.0,0.0,0.0,0.0,0.0
765442930450956601,0.0,0.0,0.0,0.0,0.0
765442930461657301,0.0,0.0,0.0,0.0,0.0
765542930544129601,0.0,0.0,0.0,0.0,0.0
765642929456721202,3.2941176891326904,26.006321957236842,280.7105263157895,67.64408111572266,884.2149523885627
765642930541715502,0.0,0.0,0.0,0.0,0.0
765742930454226601,0.0,0.0,0.0,0.0,0.0
765742930468090501,0.0,0.0,0.0,0.0,0.0
765942930479079402,0.0,130.26741121958122,130.26740237691,4.565985679626465,130.26741121958122
766042930526573601,2.8157894611358643,6.565778257634576,135.5399585921325,118.47079467773438,748.498703492601
766242930524092001,0.0,0.0,0.0,0.0,0.0
766442930461358101,0.0,0.0,0.0,0.0,0.0
766442930542604801,0.0,0.0,0.0,0.0,0.0
766542927975285601,0.0,0.0,0.0,0.0,0.0
766542930525683902,0.0,0.0,0.0,0.0,0.0
766542930544795501,1.795918345451355,5.958880014370142,387.6713082901554,84.16815185546875,583.9702224583206
766642929456991301,0.0,0.0,0.0,0.0,0.0
766642930533177401,0.0,0.0,0.0,0.0,0.0
766842930480172401,2.880000114440918,7.186343048444269,90.38440330838912,100.91626739501953,718.634314707951
766842930546929202,0.0,0.0,0.0,0.0,0.0
766942930532052102,0.0,0.0,0.0,0.0,0.0
766942930533452502,0.0,0.0,0.0,0.0,0.0
767042928789923501,0.0,0.0,0.0,0.0,0.0
767142930545023602,0.0,0.0,0.0,0.0,0.0
767342930474126302,0.0,0.0,0.0,0.0,0.0
767742930527127401,0.0,0.0,0.0,0.0,0.0
767942930517197501,0.0,0.0,0.0,0.0,0.0
768142928607058202,0.0,0.0,0.0,0.0,0.0
768142929012910901,0.0,0.0,0.0,0.0,0.0
768142930479507402,0.0,0.0,0.0,0.0,0.0
768342930549072102,0.0,0.0,0.0,0.0,0.0
768442929543790002,0.0,0.0,0.0,0.0,0.0
768442930453312102,4.0,6.424283305469037,23.90692561377794,9.590873718261719,64.24282983407383
768442930516932402,0.0,0.0,0.0,0.0,0.0
768742930459748301,1.8461538553237915,2.3526972507338852,44.00587108084967,11.250860214233398,61.17012656810606
768742930519976801,0.0,0.0,0.0,0.0,0.0
768742930532593301,0.0,0.0,0.0,0.0,0.0
768742930546262102,0.0,0.0,0.0,0.0,0.0
768942930477568501,0.0,0.0,0.0,0.0,0.0
769042929721548401,0.0,0.0,0.0,0.0,0.0
769042930454948301,0.3684210479259491,12.976620923348566,129.99750727046114,132.712646484375,986.2231757052716
769042930510266802,0.0,0.0,0.0,0.0,0.0
769142930524552902,0.0,0.0,0.0,0.0,0.0
769242930465461002,0.0,0.0,0.0,0.0,0.0
769342930515814002,0.0,0.0,0.0,0.0,0.0
769542930449226601,0.0,0.0,0.0,0.0,0.0
769542930478713902,2.389312982559204,5.375738253565491,56.82736897366349,105.029541015625,704.2217299058917
769742929839403502,0.0,0.0,0.0,0.0,0.0
769742930524787902,0.0,0.0,0.0,0.0,0.0
769742930529503102,0.0,0.0,0.0,0.0,0.0
769942930533553002,0.0,0.0,0.0,0.0,0.0
771242930517918102,0.0,0.0,0.0,0.0,0.0
771242930549734802,0.0,0.0,0.0,0.0,0.0
771442927975242201,0.0,0.0,0.0,0.0,0.0
771442930531741101,0.0,0.0,0.0,0.0,0.0
771542930475690702,0.0,0.0,0.0,0.0,0.0
771542930530420301,0.0,0.0,0.0,0.0,0.0
771642929269267201,0.0,0.0,0.0,0.0,0.0
771742930526615202,2.0,18.116174969596944,116.15844336344684,110.81685638427734,1231.8999265759583
771842928932571602,0.0,0.0,0.0,0.0,0.0
772042930518296002,0.0,0.0,0.0,0.0,0.0
772142930460642302,0.5766423344612122,4.594289891293798,100.22687566728138,75.37522888183594,629.4177383286599
772442927901338901,3.4270832538604736,5.113755831176791,424.2854807954236,58.74613952636719,490.92056393811697
772442930525244601,0.0,0.0,0.0,0.0,0.0
772442930529133601,3.090909004211426,6.210498939295039,68.99303742384683,35.0331916809082,273.2619575537008
772842930524188301,0.0,0.0,0.0,0.0,0.0
772842930533471901,2.814814805984497,6.209576384391192,123.25506358926049,71.50341796875,502.97568272398826
772842930534651101,0.0,0.0,0.0,0.0,0.0
772842930545597801,0.0,0.0,0.0,0.0,0.0
773042930474939502,0.0,0.0,0.0,0.0,0.0
773042930517042102,0.0,0.0,0.0,0.0,0.0
773142928258122402,1.5,2.0974474744005995,4.194805194805195,0.5385537147521973,4.194895146967291
773142930455877401,2.2249999046325684,8.467927047510466,84.41267942583733,24.109312057495117,338.7170884025653
773442930476283801,0.0,0.0,0.0,0.0,0.0
773542930466500401,0.0,0.0,0.0,0.0,0.0
773742927963650802,3.5161290168762207,6.932124357045807,75.75776397515529,29.651647567749023,214.89585990194948
773842930475318301,3.6666667461395264,9.359745584792345,66.77951954397395,16.13425064086914,112.31694812029114
773842930542881302,0.0,0.0,0.0,0.0,0.0
773942930457397801,0.0,0.0,0.0,0.0,0.0
773942930524179501,0.0,0.0,0.0,0.0,0.0
773942930535252001,0.0,0.0,0.0,0.0,0.0
773942930545339702,0.0,0.0,0.0,0.0,0.0
774142930473192902,2.3255813121795654,10.973362995766488,99.1354723707665,53.931846618652344,471.85461627055827
774442930473346201,4.800000190734863,71.30552731612447,243.11315417256012,18.797061920166016,356.52763122817584
774442930516563901,0.0,0.0,0.0,0.0,0.0
774642930478609202,0.0,0.0,0.0,0.0,0.0
774842930509319202,0.0,0.0,0.0,0.0,0.0
774942930528725202,0.0,0.0,0.0,0.0,0.0
775042930549875901,1.4500000476837158,5.699918946619813,128.46305220883534,96.00148010253906,797.9886209921983
775242930477103701,2.142857074737549,2.5801595344502335,16.899928135106002,5.271272659301758,36.12223329708553
775342930515885902,0.0,0.0,0.0,0.0,0.0
775342930533707102,6.0,1.3984788494837952,1.3983272347098799,0.2246534377336502,1.3984788494837952
775342930536044501,0.0,0.0,0.0,0.0,0.0
775342930544529802,0.0,0.0,0.0,0.0,0.0
775442928247207701,5.875,9.579279276170494,44.514575971731446,13.349679946899414,76.6342360493151
775542930509392802,0.0,0.0,0.0,0.0,0.0
775742930451514601,0.0,0.0,0.0,0.0,0.0
775742930469338602,0.0,0.0,0.0,0.0,0.0
775742930531576201,0.0,0.0,0.0,0.0,0.0
775842930545108101,0.0,0.0,0.0,0.0,0.0
776142929439514102,0.0,0.0,0.0,0.0,0.0
776142930543691701,4.954545497894287,2.9946178520404425,26.902923291083596,11.577641487121582,65.88159064763072
776342930466918701,0.0,0.0,0.0,0.0,0.0
776342930479367001,0.0,0.0,0.0,0.0,0.0
776342930520595402,0.0,0.0,0.0,0.0,0.0
776342930529182402,0.0,0.0,0.0,0.0,0.0
776342930531140302,3.4000000953674316,8.460421652931307,125.44216344255823,55.09573745727539,465.32318576070287
776342930543786801,0.0,0.0,0.0,0.0,0.0
776542930531824101,0.0,0.0,0.0,0.0,0.0
776642928021818302,0.0,0.0,0.0,0.0,0.0
776642930515873301,0.0,0.0,0.0,0.0,0.0
776742930480086601,0.0,0.0,0.0,0.0,0.0
776742930523716602,0.0,0.0,0.0,0.0,0.0
776842930528938501,0.0,0.0,0.0,0.0,0.0
776842930536068502,0.0,0.0,0.0,0.0,0.0
776942930524452701,0.0,0.0,0.0,0.0,0.0
777242930450063302,0.0,0.0,0.0,0.0,0.0
777342930534776602,0.0,0.0,0.0,0.0,0.0
777442930516602301,3.777777671813965,12.205439488379964,113.02527075812274,22.54564094543457,219.69790588303164
777442930527433102,0.0,0.0,0.0,0.0,0.0
777442930530250002,0.0,0.0,0.0,0.0,0.0
777642930519773301,0.0,150.13017066820942,150.13017066820942,20.92580795288086,150.13017066820942
777742930479628601,0.0,0.0,0.0,0.0,0.0
777842930472830402,1.0,104.51056927254358,104.51048244506188,5.957746505737305,104.51056927254358
777842930516503902,0.0,0.0,0.0,0.0,0.0
777842930526744102,2.827868938446045,7.526036286157025,178.41322314049586,85.25096893310547,918.1764211186145
778242930531554001,0.0,0.0,0.0,0.0,0.0
778242930543394801,0.0,0.0,0.0,0.0,0.0
778342930548631302,0.0,0.0,0.0,0.0,0.0
778442929331751501,0.0,0.0,0.0,0.0,0.0
778442930454922102,0.0,0.0,0.0,0.0,0.0
778542930519394202,0.0,6.811256807414281,0.0,2.9999165534973145,27.245027277354815
778642930528102201,0.0,0.0,0.0,0.0,0.0
778842929946433101,0.6290322542190552,4.917964104962441,48.42741958873517,41.40903854370117,304.91378537323556
779142928067753302,3.875,6.784471169755129,64.35737921906022,16.30988883972168,108.55153473476004
779142930454007402,0.0,0.0,0.0,0.0,0.0
779342930475595301,0.0,0.0,0.0,0.0,0.0
779342930528311502,4.882352828979492,7.627116152850805,113.97699638514624,70.15979766845703,518.6439123648858
779542930525824701,0.0,0.0,0.0,0.0,0.0
779742930518126701,0.0,0.0,0.0,0.0,0.0
779742930550836101,2.704918146133423,7.122598033739247,128.03239861467992,100.6092758178711,868.9569663937539
779842930528013401,0.0,0.0,0.0,0.0,0.0
779942928242605201,0.0,0.0,0.0,0.0,0.0
779942930525768601,0.0,0.0,0.0,0.0,0.0
781242930528004102,2.305194854736328,11.541119210136078,1777.3335659455688,146.28082275390625,1777.3323737921119
781542929613319202,1.0,3.4792350249496815,3.479369339147937,0.2501494586467743,3.4792350249496815
781742930545603602,0.0,0.0,0.0,0.0,0.0
781842930478569102,2.6621620655059814,6.304858214602096,86.89760815000739,56.24710464477539,466.5594919887054
782042930519983001,0.0,0.0,0.0,0.0,0.0
782142930509565602,0.0,0.0,0.0,0.0,0.0
782242930463891102,4.1132073402404785,21.59182612687212,240.9815668202765,86.8907241821289,1144.3668191795525
782342930464471102,0.0,0.0,0.0,0.0,0.0
782642930460611001,0.0,0.0,0.0,0.0,0.0
782642930526694301,0.0,0.0,0.0,0.0,0.0
782742929069883302,0.0,0.0,0.0,0.0,0.0
782742930518665902,0.0,0.0,0.0,0.0,0.0
782742930548055602,0.0,0.0,0.0,0.0,0.0
782842930472211801,0.5130111575126648,4.4443749468054925,319.73246709033134,164.88980102539062,1195.536881899785
782842930523338101,2.675675630569458,14.4803564453125,320.5675,119.87245178222656,1607.3195106577873
782942928855295402,31.14285659790039,3.4993452065677966,24.494915254237288,2.294102668762207,24.49541694253178
782942930550273902,0.0,0.0,0.0,0.0,0.0
783142930475311202,0.0,0.0,0.0,0.0,0.0
783142930524033101,0.0,0.0,0.0,0.0,0.0
783242930435923402,0.0,0.0,0.0,0.0,0.0
783442930457873101,0.0,0.0,0.0,0.0,0.0
783442930475894501,0.0,0.0,0.0,0.0,0.0
783442930534528202,2.811594247817993,5.565898196038854,72.22290904503595,44.65104675292969,384.04696231359367
783442930546572802,0.0,0.0,0.0,0.0,0.0
783742930458253801,0.0,0.0,0.0,0.0,0.0
783742930521498701,0.0,0.0,0.0,0.0,0.0
783842930548599002,0.0,0.0,0.0,0.0,0.0
783942930449037902,3.3333332538604736,7.209894084675354,131.16303420019347,21.623462677001953,216.29681686608023
783942930474252402,0.0,6.455479930679785,0.0,37.74519348144531,232.39728154116753
783942930531632201,3.7714285850524902,9.006377952068194,49.20961430967021,30.280305862426758,315.2232254224493
784642929501690802,5.0,2.2006282073149026,2.200640721404841,0.32468923926353455,2.2006282073149026
784842930534724801,0.0,0.0,0.0,0.0,0.0
784842930545061101,0.0,0.0,0.0,0.0,0.0
784942930476591601,0.0,0.0,0.0,0.0,0.0
784942930529549701,0.0,0.0,0.0,0.0,0.0
785042930462606001,0.0,0.0,0.0,0.0,0.0
785242928042281901,0.0,0.0,0.0,0.0,0.0
785342930474536401,0.0,0.0,0.0,0.0,0.0
785342930523919402,1.669565200805664,5.247700197037266,347.3486400565171,82.29279327392578,603.4855175847007
785342930524892802,0.0,0.0,0.0,0.0,0.0
785542930528001701,0.0,0.0,0.0,0.0,0.0
785642930532277002,0.0,0.0,0.0,0.0,0.0
785742930184537101,1.0,100.92691454475309,201.85185185185185,11.617609977722168,201.85382306134258
785742930184590001,0.0,0.0,0.0,0.0,0.0
785842930446725402,0.0,0.0,0.0,0.0,0.0
785842930465005902,0.4959999918937683,6.357921660958904,88.18328767123288,134.5499725341797,794.7402110396346
785842930519421901,0.0,0.0,0.0,0.0,0.0
785942930548106801,1.1862069368362427,5.04748101139013,50.29182047794832,61.166019439697266,731.8847572095931
786042930549165502,0.0,0.0,0.0,0.0,0.0
786442930469601302,0.0,0.0,0.0,0.0,0.0
786442930542702602,0.0,0.0,0.0,0.0,0.0
786542930473755202,0.0,0.0,0.0,0.0,0.0
786542930544320802,0.0,0.0,0.0,0.0,0.0
786642928135690801,0.0,0.0,0.0,0.0,0.0
786642929800291402,0.0,0.0,0.0,0.0,0.0
786642930474830401,0.0,0.0,0.0,0.0,0.0
786742930477382902,0.0,0.0,0.0,0.0,0.0
787142929346398801,0.0,0.0,0.0,0.0,0.0
787442930518450901,2.2391304969787598,12.563814533290579,1733.8097014925372,192.04164123535156,1733.8064460327375
787642930534343202,0.0,0.0,0.0,0.0,0.0
787742928258284701,0.0,0.0,0.0,0.0,0.0
787742930476743501,0.0,0.0,0.0,0.0,0.0
787942930463685102,0.0,0.0,0.0,0.0,0.0
788042929331622001,1.0,6.312476462701856,12.624969872258376,2.084211826324463,12.624952925403711
788042930545910402,2.9509804248809814,4.59824434094154,94.18513524232569,76.63899993896484,469.0209320254752
788142930480566001,0.0,0.0,0.0,0.0,0.0
788342928988192502,0.0,0.0,0.0,0.0,0.0
788342930516599802,0.0,0.0,0.0,0.0,0.0
788542930530225502,0.0,0.0,0.0,0.0,0.0
788642928099739401,0.0,0.0,0.0,0.0,0.0
788742930545224501,0.0,0.0,0.0,0.0,0.0
788842930457949001,0.0,0.0,0.0,0.0,0.0
789142930474951301,0.0,0.0,0.0,0.0,0.0
789242930473443202,0.0,0.0,0.0,0.0,0.0
789242930510920601,0.0,0.0,0.0,0.0,0.0
789342928664009802,0.0,0.0,0.0,0.0,0.0
789342930530039601,0.0,0.0,0.0,0.0,0.0
789542930516170601,0.0,0.0,0.0,0.0,0.0
789642930521356701,0.0,0.0,0.0,0.0,0.0
789642930546785901,0.0,0.0,0.0,0.0,0.0
789842929761637902,0.0,0.0,0.0,0.0,0.0
791242930459821801,3.3152174949645996,11.160920048964066,1026.8034962771123,76.5311050415039,1026.8046026430534
791242930473795302,2.3913042545318604,5.645490567109592,53.09972299168975,16.258398056030273,129.8462803655219
791242930477581001,3.25,11.759892079690454,73.4461247637051,14.004887580871582,141.11870132186687
791442930527242601,0.0,0.0,0.0,0.0,0.0
791642930550280802,1.0485436916351318,3.543753098191162,38.92683716413079,62.79442596435547,365.00657579342345
791942928759342702,0.0,0.0,0.0,0.0,0.0
791942929346145902,0.0,0.0,0.0,0.0,0.0
791942930464434002,0.0,0.0,0.0,0.0,0.0
791942930477646801,3.0,8.083871807166917,75.000374251497,19.60001564025879,169.76130351513444
792042929389319801,0.0,21.65496141753072,21.65437788018433,0.0,21.65496141753072
792042930459871802,1.0,2.4372876436944333,4.541735092587349,0.613479733467102,4.874575149136064
792142930474135901,0.0,0.0,0.0,0.0,0.0
792142930523805202,0.0,0.0,0.0,0.0,0.0
792142930540998802,0.0,0.0,0.0,0.0,0.0
792142930544740501,1.0,1.6657775900064378,1.6657752686574556,0.18287162482738495,1.6657775900064378
792642930463270101,0.0,0.0,0.0,0.0,0.0
792942930475742502,0.0,0.0,0.0,0.0,0.0
792942930527241002,1.9580419063568115,6.916952867814636,123.39225120283616,95.7939224243164,989.124282838363
793042930528322601,0.0,0.0,0.0,0.0,0.0
793142930460010501,1.75,1.904670087806074,12.381764069264069,3.716318368911743,22.85604174725421
793542930515407802,1.0,107.96107766761095,26.902423670129053,13.109814643859863,107.96107766761095
793542930531525801,0.0,0.0,0.0,0.0,0.0
793742930479837702,4.073529243469238,7.062262526049152,75.48512503592987,71.66732025146484,480.23385253285636
793742930529081301,0.0,0.0,0.0,0.0,0.0
793842930454257301,0.0,0.0,0.0,0.0,0.0
793842930479910501,2.3529412746429443,6.509993941695602,86.52932098765432,42.569976806640625,332.00968674082816
793942930462395002,0.0,0.0,0.0,0.0,0.0
794242930534591401,0.0,0.0,0.0,0.0,0.0
794442930447904801,0.0,0.0,0.0,0.0,0.0
794542930101290201,0.0,0.0,0.0,0.0,0.0
794542930532969201,0.0,0.0,0.0,0.0,0.0
794642930546989801,0.4166666567325592,9.01236076108871,140.8083870967742,110.49848175048828,757.0382987308502
794742930479829901,0.0,0.0,0.0,0.0,0.0
794842930529842901,0.0,0.0,0.0,0.0,0.0
794942930516814001,2.9259259700775146,4.612871342759072,34.35185790563365,14.09879207611084,124.54752138604834
795142930524750802,0.0,0.0,0.0,0.0,0.0
795142930526088701,2.424778699874878,9.943671919490319,174.2255125284738,122.27577209472656,1123.634953605287
795142930532308602,2.5081968307495117,4.968587780315614,64.85429520645468,28.463411331176758,303.08385696490905
795342930450598901,0.0,0.0,0.0,0.0,0.0
795442928823159701,0.0,0.0,0.0,0.0,0.0
795442930458219802,0.0,0.0,0.0,0.0,0.0
795642930464761502,3.8611111640930176,7.236736401560883,70.5517419799931,30.7065486907959,260.522502553097
795742927975326001,2.5199999809265137,9.979403052908726,227.1106653293213,123.46245574951172,997.9403298121956
795942930523988901,0.0,0.0,0.0,0.0,0.0
796042929457044501,0.0,0.0,0.0,0.0,0.0
796042930525061902,0.0,0.0,0.0,0.0,0.0
796142930476360402,0.0,0.0,0.0,0.0,0.0
796242929514115302,0.0,0.0,0.0,0.0,0.0
796242930508282101,0.0,0.0,0.0,0.0,0.0
796442930519745301,5.306122303009033,4.160152173710495,134.04025044722718,21.99301528930664,203.84745694401013
796442930543616402,0.6194030046463013,8.661419037063553,218.07787201233617,127.79998779296875,1160.6301362610873
796542930534869402,0.0,0.0,0.0,0.0,0.0
796742930468079202,0.0,0.0,0.0,0.0,0.0
796742930548112102,0.0,0.0,0.0,0.0,0.0
797042930533526401,0.0,0.0,0.0,0.0,0.0
797242930519193302,0.0,0.0,0.0,0.0,0.0
797242930525539302,3.2580645084381104,13.432394915565345,122.59765051395007,38.667510986328125,416.4042385510236
797242930530108302,0.0,0.0,0.0,0.0,0.0
797642930457443801,0.3636363744735718,17.16418585526316,34.747368421052634,16.226465225219727,188.80603514554207
797742930476311902,0.0,0.0,0.0,0.0,0.0
797842930450324201,0.0,0.0,0.0,0.0,0.0
797942930460336502,0.0,0.0,0.0,0.0,0.0
797942930522003401,0.0,0.0,0.0,0.0,0.0
798142929259265402,0.0,0.0,0.0,0.0,0.0
798242930543941802,2.700000047683716,7.797796038600981,49.89062699936021,17.85865592956543,155.9559157736191
798342929194635601,2.8470587730407715,19.39906170819257,351.92972972972973,106.620849609375,1648.9202337303677
798342930447675001,0.0,0.0,0.0,0.0,0.0
798342930545453401,0.0,9.02278727468652,25.328526645768026,118.15792083740234,848.1419940506029
798442930529701001,1.0932203531265259,4.428947945072069,52.35310813066948,72.19049072265625,522.6158697778019
798542930460582702,0.0,0.0,0.0,0.0,0.0
798642930517286101,0.0,0.0,0.0,0.0,0.0
798742930289645702,0.0,0.0,0.0,0.0,0.0
798742930477310602,0.6068376302719116,11.06876984922299,174.2994573260977,78.58209228515625,1295.046117613865
798742930519398002,0.0,0.0,0.0,0.0,0.0
798842930464854601,0.0,0.0,0.0,0.0,0.0
798842930529034001,0.0,0.0,0.0,0.0,0.0
798842930532926501,0.0,0.0,0.0,0.0,0.0
799042930536547301,0.0,0.0,0.0,0.0,0.0
799142930461449601,0.0,0.0,0.0,0.0,0.0
799142930464148602,3.189873456954956,6.971635242828978,103.65501346735901,73.75611877441406,550.7591815463664
799142930508440501,0.0,0.0,0.0,0.0,0.0
799242929055602502,0.0,0.0,0.0,0.0,0.0
799342930542861401,0.14666666090488434,3.1847553074410677,42.62666856006816,43.19512176513672,238.85664101562458
799442930478913201,0.0,0.0,0.0,0.0,0.0
799542930545858902,3.238095283508301,8.183155293367347,87.45408163265306,52.16200637817383,343.69252390666884
799642930466424101,0.0,0.0,0.0,0.0,0.0
799742930462511801,0.0,0.0,0.0,0.0,0.0
799942929166177302,0.0,0.0,0.0,0.0,0.0
801242930456743501,0.0,0.0,0.0,0.0,0.0
801242930508147801,0.0,0.0,0.0,0.0,0.0
801242930532614201,0.0,0.0,0.0,0.0,0.0
801342930471544502,0.0,0.0,0.0,0.0,0.0
801342930517927201,0.0,0.0,0.0,0.0,0.0
801342930543387302,2.4285714626312256,6.694276282051282,21.114420512820512,7.743405342102051,46.85993191105769
801342930545082102,0.0,0.0,0.0,0.0,0.0
801442930454081002,2.045454502105713,3.628158424722448,20.841321418900623,13.055095672607422,79.81948373661821
801442930454206002,0.0,0.0,0.0,0.0,0.0
801442930461586702,1.5188679695129395,7.253038535125588,144.0278649921507,120.8545913696289,768.8220593184467
801542930516330302,0.0,0.0,0.0,0.0,0.0
801742930476306102,0.0,0.0,0.0,0.0,0.0
801942930454879602,0.0,0.0,0.0,0.0,0.0
801942930517639202,0.0,0.0,0.0,0.0,0.0
801942930532113802,0.0,0.0,0.0,0.0,0.0
801942930533183301,0.0,0.0,0.0,0.0,0.0
802142929118570801,0.0,0.0,0.0,0.0,0.0
802142930472974701,0.0,0.0,0.0,0.0,0.0
802342930544949602,0.06976744532585144,11.807377885698198,135.34324324324325,121.77947235107422,1015.4345160475722
803342930510992002,0.0,0.0,0.0,0.0,0.0
803342930534987401,3.952380895614624,31.885091449207827,260.3988816402609,24.07366371154785,669.5869182813016
803442930521940801,3.2142856121063232,7.054379710856346,204.89232328350647,68.81963348388672,493.8065896388365
803542930532680301,0.0,0.0,0.0,0.0,0.0
803742930445520301,2.857142925262451,4.346250159296546,28.365133171912834,17.603229522705078,152.11875848907474
803742930526737802,0.0,0.0,0.0,0.0,0.0
803742930547269501,2.319999933242798,4.33104963652706,50.576384508641354,24.425813674926758,216.5524852603986
803842930451807801,3.159574508666992,6.445843855879032,84.69412724306689,83.72904205322266,605.9093038535265
804042930519203602,3.177215099334717,4.175970618122336,95.31129176167344,49.3470458984375,329.90167167751565
804042930530337202,0.0,0.0,0.0,0.0,0.0
804042930536220601,2.5,9.532824971685903,26.638981771114228,5.478321075439453,38.13129951807046
804242930474631801,2.803030252456665,5.309747377276326,76.37978358405911,43.56040954589844,350.44331562125797
804242930529420801,0.0,0.0,0.0,0.0,0.0
804342928210622202,0.0,0.0,0.0,0.0,0.0
804342930476485601,0.0,0.0,0.0,0.0,0.0
804642930473426902,0.0,0.0,0.0,0.0,0.0
804642930476514001,2.0138888359069824,7.787012093516461,289.6786911735003,80.15267181396484,1121.3297089590012
804642930480351502,0.0,0.0,0.0,0.0,0.0
804842930456788302,0.0,0.0,0.0,0.0,0.0
804842930466678301,0.0,0.0,0.0,0.0,0.0
805042930477888801,0.0,0.0,0.0,0.0,0.0
805042930508791002,0.0,0.0,0.0,0.0,0.0
805142930461169201,0.0,0.0,0.0,0.0,0.0
805142930475602602,0.0,0.0,0.0,0.0,0.0
805142930526343601,0.0,0.0,0.0,0.0,0.0
805242930480563402,0.0,0.0,0.0,0.0,0.0
805242930516737201,0.9655172228813171,5.33823274161015,60.8299812909261,95.6773910522461,464.4262465204002
805342928242527202,1.6666666269302368,9.999612172444662,36.919270833333336,8.111000061035156,89.99650915463765
805342930474260902,0.0,0.0,0.0,0.0,0.0
805542930550087701,5.538461685180664,12.868584021983311,48.43388960205392,18.80437469482422,167.29159197238044
805642927975205602,0.0,0.0,0.0,0.0,0.0
805642930462133301,3.4084506034851074,18.336054460392443,107.23488372093023,101.36158752441406,1301.8598955944526
805642930478159602,1.8235293626785278,4.204306680648053,24.087090163934427,29.558351516723633,142.94642613364047
805642930542344202,3.51111102104187,6.335972970198996,140.12017001545595,88.57054901123047,570.237601104807
805742930458053401,0.0,0.0,0.0,0.0,0.0
805842930164781701,0.0,0.0,0.0,0.0,0.0
805842930477843401,0.0,0.0,0.0,0.0,0.0
805842930509185101,0.0,0.0,0.0,0.0,0.0
805942930516763002,7.0,2.4899360282207823,20.042736107650136,6.46773099899292,29.879232597208485
806042930470171401,0.0,0.0,0.0,0.0,0.0
806042930547047701,0.0,0.0,0.0,0.0,0.0
806142930528568802,0.0,0.0,0.0,0.0,0.0
806242928025344402,0.0,0.0,0.0,0.0,0.0
806442930184475602,0.0,0.0,0.0,0.0,0.0
806442930453834601,0.0,67.85795068988917,0.0,10.50372314453125,67.85795068988917
806742930461542102,0.0,0.0,0.0,0.0,0.0
806842928042203701,0.0,0.0,0.0,0.0,0.0
806842930548733102,0.0,0.0,0.0,0.0,0.0
806942930541666101,0.0,0.0,0.0,0.0,0.0
807142930541357101,3.66292142868042,17.92754470144357,189.1084864391951,154.0884552001953,1595.551519896206
807242930524016601,0.0,0.0,0.0,0.0,0.0
807442930532775301,0.0,0.0,0.0,0.0,0.0
807642930479770802,0.0,0.0,0.0,0.0,0.0
807642930526525601,1.9632352590560913,4.212630018973823,83.4054717324123,74.27537536621094,572.9176718618756
807642930529617301,0.0,0.0,0.0,0.0,0.0
807742930472778202,0.0,0.0,0.0,0.0,0.0
807842928887149302,0.0,0.0,0.0,0.0,0.0
807842929456879002,0.0,0.0,0.0,0.0,0.0
807842929494157501,0.0,0.0,0.0,0.0,0.0
807842929839905601,0.0,0.0,0.0,0.0,0.0
807842930507639202,3.527777671813965,9.851196586070559,131.83313057583132,58.780879974365234,709.2861726966604
807942930476863901,0.0,0.0,0.0,0.0,0.0
808042928311037201,1.8059701919555664,7.736503605633348,170.44595183875188,97.3187255859375,1036.6914922359144
808242930453213402,0.0,0.0,0.0,0.0,0.0
808242930518812602,0.0,0.0,0.0,0.0,0.0
808342930525211902,0.0,0.0,0.0,0.0,0.0
808342930526709602,0.0,0.0,0.0,0.0,0.0
808342930542401702,0.0,0.0,0.0,0.0,0.0
808542928633733802,0.0,0.0,0.0,0.0,0.0
808542928726620402,0.0,0.0,0.0,0.0,0.0
808542930524760302,2.0,14.104959296888284,28.209941619905912,1.7679959535598755,28.209918593776568
809142930544794502,0.0,0.0,0.0,0.0,0.0
809242929843198402,3.0,33.16780404515109,61.965565706254395,7.050987720489502,99.50341076291286
809242930518498701,0.0,0.0,0.0,0.0,0.0
809542930479730101,0.0,0.0,0.0,0.0,0.0
809742930533538002,0.0,0.0,0.0,0.0,0.0
809942929321324301,2.6666667461395264,4.596492409633999,27.000604960677556,3.0537712574005127,27.578953837021437
809942930526801502,4.0,0.06739111633432379,0.06727037516170763,0.011885548941791058,0.06739111633432379
811142930462068801,0.10526315867900848,4.831292465399855,69.60901836039957,188.54698181152344,1285.123760462712
811142930472130002,0.0,27.71122696237586,0.0,11.600944519042969,138.55613569779828
811142930519659602,0.0,0.0,0.0,0.0,0.0
811242930531975002,0.0,0.0,0.0,0.0,0.0
811442930463711802,0.0,0.0,0.0,0.0,0.0
811542930534954201,0.0,0.0,0.0,0.0,0.0
811642930476767801,0.0,0.0,0.0,0.0,0.0
811942928166711001,0.0,0.0,0.0,0.0,0.0
812142930460560902,0.0,0.0,0.0,0.0,0.0
812442930464460202,0.0,0.0,0.0,0.0,0.0
812442930527667102,2.5849056243896484,11.7082455420511,278.8537970191625,122.00788879394531,1241.0739798806424
812642930516099601,0.0,0.0,0.0,0.0,0.0
812942930462104402,0.0,0.0,0.0,0.0,0.0
812942930543424902,0.0,0.0,0.0,0.0,0.0
813042930517057001,0.0,0.0,0.0,0.0,0.0
813142930516301902,0.0,0.0,0.0,0.0,0.0
813342930538496902,1.8139535188674927,22.316285983682267,274.58620689655174,142.4254608154297,1919.2005381184845
813442930534812601,0.0,0.0,0.0,0.0,0.0
813742930449674101,2.7191011905670166,5.010596130937132,78.4935184710765,50.41286849975586,445.94306539723254
813842930464787802,0.0,0.0,0.0,0.0,0.0
813842930525574102,0.0,0.0,0.0,0.0,0.0
814042930528019102,0.0,0.0,0.0,0.0,0.0
814242928664083701,0.0,0.0,0.0,0.0,0.0
814342930462456201,0.0,0.0,0.0,0.0,0.0
814342930476834602,2.3529412746429443,18.780204665492956,1915.5774647887324,173.33663940429688,1915.5808475590807
814442930453336502,0.0,0.0,0.0,0.0,0.0
814742930509403102,0.0,0.0,0.0,0.0,0.0
814842930510356101,0.0,0.0,0.0,0.0,0.0
814842930515938701,0.0,0.0,0.0,0.0,0.0
815042930508138902,0.0,0.0,0.0,0.0,0.0
815042930547570001,0.0,0.0,0.0,0.0,0.0
815142930464010802,0.0,0.0,0.0,0.0,0.0
815142930534968402,0.0,0.0,0.0,0.0,0.0
815442930516584202,0.0,0.0,0.0,0.0,0.0
815442930549748702,0.1145833358168602,13.909358244421577,10.53899480069324,102.91200256347656,1335.2983715129271
815542930478218101,0.0,0.0,0.0,0.0,0.0
815742927979933901,3.0,6.739750273589494,19.470038910505835,7.971673011779785,47.17825296008633
815742930455532001,0.0,0.0,0.0,0.0,0.0
815742930542317802,1.6666666269302368,7.32525413151431,13.761640324647587,2.6388015747070312,21.97576239454293
815842930464087702,2.7333333492279053,3.6941964688221294,23.434218118869012,7.799537658691406,55.412947912816016
815942930474266901,0.0,0.0,0.0,0.0,0.0
816142930464457301,1.7727272510528564,5.540968924349096,48.58156216790648,89.37715148925781,609.5066052070966
816242928108698401,0.0,0.0,0.0,0.0,0.0
816442930400204201,4.709677219390869,10.591874275400507,141.858347386172,49.87651443481445,328.3481116463724
816542930516310401,0.0,0.0,0.0,0.0,0.0
816642930479262802,0.0,0.0,0.0,0.0,0.0
816742930454170502,4.150000095367432,7.835375431826826,52.824543610547664,24.743316650390625,156.7075060676126
816742930474717402,0.0,0.0,0.0,0.0,0.0
817142928663921402,0.0,0.0,0.0,0.0,0.0
817242928932412501,0.0,0.0,0.0,0.0,0.0
817242930342472002,0.0,0.0,0.0,0.0,0.0
817342929417378502,2.1794872283935547,10.61745018295095,41.37552742616034,36.675384521484375,414.08055041510346
817342930517381702,0.0,0.0,0.0,0.0,0.0
817342930530317902,0.0,0.0,0.0,0.0,0.0
817442930531891001,0.0,0.0,0.0,0.0,0.0
817542930478283502,0.0,0.0,0.0,0.0,0.0
817642930474595001,0.0,0.0,0.0,0.0,0.0
817742928196979602,0.0,0.0,0.0,0.0,0.0
817742930446571202,3.4375,6.20049566224564,57.90930232558139,27.2253360748291,198.41586859503457
817742930534934501,0.0,0.0,0.0,0.0,0.0
817942929493986702,0.0,0.0,0.0,0.0,0.0
817942929800191402,2.4242424964904785,6.57662551302641,53.6005710206995,23.880701065063477,217.0286350944568
818142930522942502,3.411764621734619,23.537409738485557,240.1480614103565,21.175561904907227,400.13596269546497
818242930534831802,0.0,0.0,0.0,0.0,0.0
818342930518628202,4.625,10.79312428808439,43.76228209191759,0.0,86.34499275703249
818342930529817502,0.0,0.0,0.0,0.0,0.0
818342930532790801,0.0,0.0,0.0,0.0,0.0
818642930446433501,0.0,0.0,0.0,0.0,0.0
819142930541095801,0.0,0.0,0.0,0.0,0.0
819242930453621202,0.0,0.0,0.0,0.0,0.0
819242930531787001,1.899999976158142,5.095690835954996,34.69521168817319,8.644269943237305,50.95690642962314
819342930534641502,2.5714285373687744,14.077881562950289,80.60662824207493,11.627314567565918,98.5451732272717
819442928030479102,0.0,0.0,0.0,0.0,0.0
819442930462741302,0.0,0.0,0.0,0.0,0.0
819542930454647602,0.0,0.0,0.0,0.0,0.0
819642930524373201,0.0,0.0,0.0,0.0,0.0
819642930550470702,0.0,14.849423749780406,14.849446624114305,2.281226396560669,14.849423749780406
819742930475517901,2.799999952316284,5.280477748136857,28.4260162601626,7.047227382659912,52.80477986322832
819742930476177601,0.0,0.0,0.0,0.0,0.0
821242930455582301,0.0,0.0,0.0,0.0,0.0
821542930460498902,0.0,0.0,0.0,0.0,0.0
821642930480059302,0.0,0.0,0.0,0.0,0.0
821942930530217601,0.0,0.0,0.0,0.0,0.0
821942930537341902,0.0,0.0,0.0,0.0,0.0
822042930543471402,0.0,0.0,0.0,0.0,0.0
822342930455951801,0.0,0.0,0.0,0.0,0.0
822442928789829102,0.0,0.0,0.0,0.0,0.0
822442930464350402,0.0,0.0,0.0,0.0,0.0
822442930533126101,0.0,0.0,0.0,0.0,0.0
822542930518122602,0.0,0.0,0.0,0.0,0.0
822542930550422301,0.0,0.0,0.0,0.0,0.0
822742930537489702,0.0,0.0,0.0,0.0,0.0
822942930517948001,3.382978677749634,7.035597739118508,87.0329188002926,62.169166564941406,330.6731028211492
822942930544325501,0.0,0.0,0.0,0.0,0.0
823142929022556501,0.0,0.0,0.0,0.0,0.0
823342930446736401,1.8417266607284546,3.362719858056553,65.51526032315978,84.29085540771484,467.4180776581516
823342930466729101,0.0,0.0,0.0,0.0,0.0
823442930461957001,0.0,0.0,0.0,0.0,0.0
823542928281571202,0.0,0.0,0.0,0.0,0.0
823542930448997102,0.0,0.0,0.0,0.0,0.0
823642930519878201,0.0,0.0,0.0,0.0,0.0
823742930522802202,0.0,0.0,0.0,0.0,0.0
823842930452734401,0.0,0.0,0.0,0.0,0.0
824242930518683202,0.0,0.0,0.0,0.0,0.0
824442930516415402,0.013888888992369175,11.869474569662662,78.92883548983365,91.55307006835938,854.6021846548247
824442930527155301,0.0,0.0,0.0,0.0,0.0
824542929380254101,0.0,0.0,0.0,0.0,0.0
824542930464352301,3.4852941036224365,14.022833900351186,196.70939420544337,110.0793228149414,953.5527120638294
824542930550604002,0.0,0.0,0.0,0.0,0.0
824942930461485102,0.8113207817077637,5.284698764751091,32.10898452994844,94.28607940673828,560.1780493954542
824942930534355601,0.0,0.0,0.0,0.0,0.0
825042930527969201,3.103773593902588,6.442136482272982,142.62163677130044,92.7591552734375,682.8664768201888
825342930517966301,0.0,0.0,0.0,0.0,0.0
825342930528662702,93.0,0.2656104841482327,0.5318352059925093,0.059207819402217865,0.5312209682964654
825442930458105101,0.0,0.0,0.0,0.0,0.0
825442930516566802,0.0,0.0,0.0,0.0,0.0
825442930525679301,0.0,0.0,0.0,0.0,0.0
825542930537831702,0.0,0.0,0.0,0.0,0.0
825642930475638602,0.0,0.0,0.0,0.0,0.0
825742930478649902,4.153846263885498,13.264428254599883,93.74883177570094,26.383472442626953,172.4375694756196
825942929761688202,0.9553571343421936,4.704525721633762,121.9752661934339,72.55654907226562,526.9068617911178
825942930463971702,0.0,0.0,0.0,0.0,0.0
826142928119230302,0.0,0.0,0.0,0.0,0.0
826242930510359201,2.7364342212677,6.071164064425611,103.26149441632064,79.69764709472656,783.18013085052
826342929021034101,0.0,0.0,0.0,0.0,0.0
826342930475486701,1.0,8.612512442467855,43.738164815897136,52.7208251953125,387.56307034740524
826442930515901101,0.0,0.0,0.0,0.0,0.0
826542930464180701,1.5,3.365458485856313,9.94211485870556,2.834014892578125,20.192750539579713
826542930469923401,0.0,0.0,0.0,0.0,0.0
826542930479871801,0.0,0.0,0.0,0.0,0.0
827042930522281002,0.0,0.0,0.0,0.0,0.0
827142929604523301,0.0,0.0,0.0,0.0,0.0
827142930530486801,3.3499999046325684,11.8851915310005,111.22904191616766,113.75779724121094,950.815353911318
827242928197098401,0.0,0.0,0.0,0.0,0.0
827442930457227302,0.0,0.0,0.0,0.0,0.0
827642930544739202,0.0,0.0,0.0,0.0,0.0
827842930517436002,0.0,0.0,0.0,0.0,0.0
828042930452839902,0.0,7.671505978634885,0.0,88.44336700439453,813.1796277516836
828242930549987701,1.75,1.117340589443742,3.6406393966015984,0.5429216623306274,4.4693624780954035
828442930466467401,2.5833332538604736,4.2677822788065845,42.86296296296296,23.129234313964844,153.64016868057564
828442930476132101,0.0,0.0,0.0,0.0,0.0
828542930452138102,0.0,0.0,0.0,0.0,0.0
828542930528993801,0.0,0.0,0.0,0.0,0.0
828642930475053801,0.0,0.0,0.0,0.0,0.0
828642930480325302,2.2586207389831543,6.197452026818742,128.69469790382243,110.4781265258789,718.9044554648065
828842930531300102,0.0,0.0,0.0,0.0,0.0
829042930475597601,0.0,0.0,0.0,0.0,0.0
829342930536253801,0.0,0.0,0.0,0.0,0.0
829342930545907002,0.0,0.0,0.0,0.0,0.0
829442930452869901,0.0,0.0,0.0,0.0,0.0
829442930508923701,0.0,0.0,0.0,0.0,0.0
829442930534169102,0.0,0.0,0.0,0.0,0.0
829742930529086402,0.0,0.0,0.0,0.0,0.0
829742930530184901,0.0,0.0,0.0,0.0,0.0
829842928213735102,0.0,0.0,0.0,0.0,0.0
831142930289817501,0.0,0.0,0.0,0.0,0.0
831242930453786301,3.0,3.951164483387133,3.951246660730187,0.7556399703025818,3.951164483387133
831242930531796201,0.0,0.0,0.0,0.0,0.0
831542930518419202,0.0,0.0,0.0,0.0,0.0
832042930511109702,0.0,0.0,0.0,0.0,0.0
832242930474068801,2.336134433746338,4.510641969261305,62.72017099671747,57.239402770996094,536.7664168002651
832342930523521702,0.0,0.0,0.0,0.0,0.0
832442929613539201,2.5,14.319251722230154,28.28726442033124,2.4243857860565186,28.638502747314035
832642930475823402,0.0,0.0,0.0,0.0,0.0
832642930520792801,0.0,0.0,0.0,0.0,0.0
832742930459978602,2.5920000076293945,6.522616213758425,103.70230020327378,66.1524658203125,815.3270010373038
833042929126817802,0.0,0.0,0.0,0.0,0.0
833042930525249402,5.705882549285889,11.001740933641976,56.32345679012346,23.3465633392334,187.0296038898421
833142930542841402,0.0,0.0,0.0,0.0,0.0
833342930544656502,0.0,0.0,0.0,0.0,0.0
833442930527530001,0.0,0.0,0.0,0.0,0.0
833542930446907502,1.2229729890823364,17.33516079970882,1145.341098169717,156.9793243408203,2565.6036837858687
833642930474043501,0.0,0.0,0.0,0.0,0.0
833642930479236101,0.0,0.0,0.0,0.0,0.0
833742930509863801,1.0,0.5811937186582681,0.5812133072407045,0.06540797650814056,0.5811937186582681
833742930539239902,0.0,0.0,0.0,0.0,0.0
833742930547538101,0.0,0.0,0.0,0.0,0.0
833842930476862502,3.625,5.722728466386554,28.60952380952381,7.20589017868042,45.78182643174457
833942930463710902,0.010416666977107525,6.547906467487718,1.2117903930131004,131.38784790039062,1257.1980682094804
834042930458153801,3.470588207244873,9.79620741061267,122.36874051593323,84.63138580322266,666.142094917471
834242929800241602,0.0,0.0,0.0,0.0,0.0
834442927928420801,3.2988505363464355,12.694136862961477,362.9325842696629,93.59503936767578,1104.3898770805347
834442930515364402,0.0,0.0,0.0,0.0,0.0
834442930517835102,3.119999885559082,3.565391183035714,18.678285714285714,11.577354431152344,89.1347778843471
834442930525675402,0.0,0.0,0.0,0.0,0.0
834442930531819002,0.0,0.0,0.0,0.0,0.0
834742930532099001,0.0,0.0,0.0,0.0,0.0
834842930542858001,0.9333333373069763,6.458920050523952,207.11186717474143,96.27548217773438,678.1865970100731
834942930526462301,0.0,0.0,0.0,0.0,0.0
835042930480274002,0.0,0.0,0.0,0.0,0.0
835242930450010401,0.0,0.0,0.0,0.0,0.0
835242930522282001,2.65625,6.779228136377427,110.19720873786407,27.63421630859375,216.93530206830755
835342930450913802,0.0,0.0,0.0,0.0,0.0
835342930524987902,0.0,0.0,0.0,0.0,0.0
835342930541093701,0.0,0.0,0.0,0.0,0.0
835542930480626901,0.0,0.0,0.0,0.0,0.0
836042929800256801,0.0,0.0,0.0,0.0,0.0
836042930522772702,0.0,0.0,0.0,0.0,0.0
836042930528204101,0.0,0.0,0.0,0.0,0.0
836142930474183802,0.0,0.0,0.0,0.0,0.0
836342930524210302,0.0,0.0,0.0,0.0,0.0
836642930454674902,21.0,2.81614743199619,8.448772226926334,1.3305449485778809,8.448442192626747
836642930477249101,0.0,0.0,0.0,0.0,0.0
836642930530434802,0.0,0.0,0.0,0.0,0.0
836642930545490301,0.0,0.0,0.0,0.0,0.0
836842928015410501,2.3611111640930176,6.8407903311450085,84.71867155821587,36.97972106933594,246.26845653509628
836842930525650601,0.0,0.0,0.0,0.0,0.0
837042930479968701,0.0,0.0,0.0,0.0,0.0
837242930518141601,34.5,2.422725333479459,14.535738142952571,1.7048174142837524,14.53635241878614
837442930528264801,1.8571428060531616,1.668458174765808,20.463062711423365,2.643948793411255,23.358415096847768
837442930529264402,0.0,0.0,0.0,0.0,0.0
837542930542795001,1.4503816366195679,6.139579526072125,242.32748538011697,108.22525787353516,804.2849416914971
837742928967046502,0.0,0.0,0.0,0.0,0.0
837742930470022902,0.0,0.0,0.0,0.0,0.0
837942928676524701,0.0,0.0,0.0,0.0,0.0
837942930464892901,0.0,0.0,0.0,0.0,0.0
837942930529605302,0.0,0.0,0.0,0.0,0.0
838042928665736602,2.194444417953491,8.60089182797863,150.18969555035127,97.5060043334961,928.8962923313471
838142930465161002,0.8392857313156128,3.3446160273883696,21.487909805666813,56.50055694580078,374.597007343101
838142930515602502,0.0,8.831625013674154,0.0,4.72913122177124,35.32649898640333
838242930470782301,0.0,0.0,0.0,0.0,0.0
838542930519555902,1.9506173133850098,6.347079384180231,60.56689162366018,57.00413131713867,514.1134443968333
838642930475790101,0.0,0.0,0.0,0.0,0.0
838642930477805401,0.0,0.0,0.0,0.0,0.0
838942930465195502,0.0,4.918496959667488,0.0,71.02749633789062,639.404599127746
839142930463661901,0.0,0.0,0.0,0.0,0.0
839242928607176801,0.0,0.0,0.0,0.0,0.0
839442930521478501,0.0,0.0,0.0,0.0,0.0
839542930008406001,0.0,0.0,0.0,0.0,0.0
839542930289421302,0.0,0.0,0.0,0.0,0.0
839542930463726301,0.0,0.0,0.0,0.0,0.0
839542930526547302,0.0,0.0,0.0,0.0,0.0
839642930467637102,0.5316455960273743,5.237987525689071,25.303030303030305,100.86045837402344,413.80100793856946
839842930462171301,0.0,0.0,0.0,0.0,0.0
841342928096721201,0.0,0.0,0.0,0.0,0.0
841442930507801702,0.0,0.0,0.0,0.0,0.0
841442930526434201,0.0,0.0,0.0,0.0,0.0
841542930529205201,0.0,0.0,0.0,0.0,0.0
841642930459290601,0.0,0.0,0.0,0.0,0.0
841642930524385902,0.9870129823684692,4.082949636198272,72.39285533828507,98.9382095336914,628.7742418573779
841942929428305502,0.0,0.0,0.0,0.0,0.0
841942930480076802,0.0,0.0,0.0,0.0,0.0
842042928932295402,0.0,0.0,0.0,0.0,0.0
842142930477007101,0.0,0.0,0.0,0.0,0.0
842142930521528501,5.307692527770996,14.044244600885225,222.72832722832723,71.32306671142578,730.3007180815943
842142930548550901,0.0,0.0,0.0,0.0,0.0
842242930533564601,2.174496650695801,4.65254900539102,145.43742322915244,75.91734313964844,693.2297649435609
842342930459389101,0.0,0.0,0.0,0.0,0.0
842442930479262601,0.0,0.0,0.0,0.0,0.0
842542930543771002,0.0,0.0,0.0,0.0,0.0
842642929946490901,2.3428571224212646,6.524667133253255,165.49907005579666,33.360374450683594,456.7267051848727
842642930459093802,0.0,0.0,0.0,0.0,0.0
842742930518445901,0.0,0.0,0.0,0.0,0.0
842742930545257801,0.0,0.0,0.0,0.0,0.0
842842930548514102,3.0,9.779249590572487,19.558245514098548,3.1736268997192383,19.558499181144974
842942930546835001,0.0,0.0,0.0,0.0,0.0
843042930523606401,2.504587173461914,5.342787619942946,86.5643153526971,64.00665283203125,582.3638471405536
843142930469340002,0.0,0.0,0.0,0.0,0.0
843242930459766502,1.046632170677185,7.106938036342018,360.535153019024,243.38043212890625,1371.6389722488927
843242930476303802,0.0,0.0,0.0,0.0,0.0
843342930541339502,0.0,0.0,0.0,0.0,0.0
843642930529697002,0.0,0.0,0.0,0.0,0.0
843842930515847702,0.0,0.0,0.0,0.0,0.0
843942930509736802,0.0,0.0,0.0,0.0,0.0
844142930547098901,0.0,0.0,0.0,0.0,0.0
844542930527015502,0.0,0.0,0.0,0.0,0.0
844842930546514402,3.0,3.644058697406698,17.246629771533986,1.8354144096374512,21.86435256553099
844942928645857101,0.0,0.0,0.0,0.0,0.0
845142930520139101,0.0,0.0,0.0,0.0,0.0
845142930544417302,0.0,0.0,0.0,0.0,0.0
845342930460613302,2.3863637447357178,5.7168295800896,82.63396004700353,74.99707794189453,503.0810213806206
845442929613374502,0.0,0.0,0.0,0.0,0.0
845542930480631502,3.1500000953674316,4.076324551715177,48.95176715176715,12.485367774963379,81.52649052931217
845542930518553602,0.0,0.0,0.0,0.0,0.0
845542930524548902,0.0,0.0,0.0,0.0,0.0
845542930534184502,0.0,0.0,0.0,0.0,0.0
845642930546189602,0.0,0.0,0.0,0.0,0.0
845842930543021502,0.0,0.0,0.0,0.0,0.0
845942930457810901,0.0,0.0,0.0,0.0,0.0
845942930464815502,0.0,0.0,0.0,0.0,0.0
845942930476179902,0.0,0.0,0.0,0.0,0.0
846042930508914502,0.0,0.0,0.0,0.0,0.0
846042930519367002,0.0,0.0,0.0,0.0,0.0
846142930457038902,0.0,0.0,0.0,0.0,0.0
846142930469593202,0.0,0.0,0.0,0.0,0.0
846242930519827402,0.0,0.0,0.0,0.0,0.0
846342930455537002,0.0,0.0,0.0,0.0,0.0
846442930470857401,0.5,96.07971014492753,118.39095928226364,24.11994743347168,192.15942891649414
846442930475489401,0.0,0.0,0.0,0.0,0.0
846942930475716502,0.0,0.0,0.0,0.0,0.0
847042930473780002,0.0,0.0,0.0,0.0,0.0
847142930522181302,0.0,0.0,0.0,0.0,0.0
847142930526473901,0.0,0.0,0.0,0.0,0.0
847242930461347501,0.0,0.0,0.0,0.0,0.0
847342928979715101,1.0810810327529907,18.80124647073922,129.10266940451746,47.00005340576172,695.6461216341054
847342930454310101,2.7413792610168457,5.6758496561231295,132.976913288493,64.4629135131836,658.398566923943
847342930461386002,0.0,0.0,0.0,0.0,0.0
847642930531798302,0.0,0.0,0.0,0.0,0.0
847642930532420301,0.0,0.0,0.0,0.0,0.0
847642930549235901,0.0,0.0,0.0,0.0,0.0
847742930520009601,1.548387050628662,8.146124188311688,62.87792207792208,76.28211212158203,757.5895585547653
847842930548089302,2.8888888359069824,8.348182354135432,220.21889055472263,94.22016906738281,826.4700168722096
847942930474001102,0.0,0.0,0.0,0.0,0.0
847942930550687401,0.0,0.0,0.0,0.0,0.0
848142930518599101,0.0,0.0,0.0,0.0,0.0
848142930546877402,0.0,0.0,0.0,0.0,0.0
848542929272107001,0.6428571343421936,6.029681348425197,12.835060091172814,87.90249633789062,590.9087881079562
848642930474098702,0.0,0.0,0.0,0.0,0.0
848642930515458801,0.0,0.0,0.0,0.0,0.0
848742930474465301,2.4609928131103516,3.24606840801114,94.0781127129751,80.01493072509766,457.6956600289201
848742930527002601,0.0,0.0,0.0,0.0,0.0
848842929417283102,0.0,0.0,0.0,0.0,0.0
848842930453571002,0.0,0.0,0.0,0.0,0.0
848842930523664101,0.0,0.0,0.0,0.0,0.0
849142930453075102,0.0,0.0,0.0,0.0,0.0
849342930509788702,2.7419354915618896,13.38152400835073,206.0417536534447,123.08790588378906,1244.4817116524332
849342930543236502,0.0,0.0,0.0,0.0,0.0
849442930515789602,0.0,0.0,0.0,0.0,0.0
849442930516675901,1.9252336025238037,13.325015291370107,106.79644128113878,104.43599700927734,1425.7765915867274
849442930530919102,0.0,0.0,0.0,0.0,0.0
849542930508064101,3.3421051502227783,12.383212541006989,91.25631151048353,31.746219635009766,470.56205673119837
849542930508937701,2.25,5.852582085157909,11.705414012738853,3.7545359134674072,23.410328211045314
849642928281688101,0.0,0.0,0.0,0.0,0.0
849642930510091802,0.0,0.0,0.0,0.0,0.0
849742928232592202,0.0,0.0,0.0,0.0,0.0
849742930465173101,16.090909957885742,3.5511190397036474,39.062613981762915,5.417759418487549,39.06230993763654
849942930541466401,4.714285850524902,19.50667216614907,121.99068322981367,12.660215377807617,136.54670971224766
851142930456979301,0.0,0.0,0.0,0.0,0.0
851142930516500302,0.0,0.0,0.0,0.0,0.0
851242930464994401,0.9024389982223511,5.181895100329852,117.78119846069269,111.33528900146484,637.373109271413
851342930532811802,0.0,0.0,0.0,0.0,0.0
851342930533843601,0.0,0.0,0.0,0.0,0.0
851442928197867501,0.0,0.0,0.0,0.0,0.0
851442930517556402,0.0,0.0,0.0,0.0,0.0
851442930541819701,0.0,0.0,0.0,0.0,0.0
851542930473554901,2.083832263946533,5.609461342416158,205.8094512195122,82.28985595703125,936.780025772932
851542930479652201,0.0,0.0,0.0,0.0,0.0
851642929800393702,0.0,0.0,0.0,0.0,0.0
851842930548226801,1.0,19.45659337616305,38.913159060700046,5.27138090133667,38.91318502159947
851942928168167902,0.0,0.0,0.0,0.0,0.0
851942930524132701,1.894736886024475,2.5039486324593128,20.144665461121157,8.348122596740723,47.575024791294766
852042930451607302,0.0,0.0,0.0,0.0,0.0
852042930472169702,0.0,0.0,0.0,0.0,0.0
852042930473437401,0.0,0.0,0.0,0.0,0.0
852042930475570301,0.0,0.0,0.0,0.0,0.0
852242930460969701,2.669173002243042,6.283136021587109,208.46891152325935,100.42393493652344,835.6571214195442
852342929373045201,0.0,14.54563507320374,334.78937007874015,61.63566970825195,930.9206565496489
852542930473401302,0.0,33.52923464307598,0.0,12.729066848754883,167.6461768056832
852542930524117702,0.0,0.0,0.0,0.0,0.0
852642930524078902,0.0,0.0,0.0,0.0,0.0
852742930511203801,0.0,0.0,0.0,0.0,0.0
852842930459571501,3.3235294818878174,7.305248188321372,171.73930468822817,82.12712860107422,745.1353465924782
852842930525394302,0.0,0.0,0.0,0.0,0.0
852942930473536101,0.0,0.0,0.0,0.0,0.0
852942930478392801,0.0,0.0,0.0,0.0,0.0
852942930509739101,0.0,0.0,0.0,0.0,0.0
852942930530305401,0.0,0.0,0.0,0.0,0.0
853042930509911702,0.0,0.0,0.0,0.0,0.0
853342930477740601,0.0,0.0,0.0,0.0,0.0
853342930477883601,0.37272727489471436,5.5811079389291995,40.462181178540014,66.74340057373047,613.9218871184578
853442930200179101,0.0,0.0,0.0,0.0,0.0
853442930517536102,1.0808080434799194,6.886388606252165,54.954970557672326,68.20508575439453,681.7524971801763
853442930544397802,14.25,8.951843789400217,16.840057636887607,4.133741855621338,35.80737641084435
853442930546952402,0.0,0.0,0.0,0.0,0.0
853542930075840502,0.0,0.0,0.0,0.0,0.0
853642930526406301,0.0,0.0,0.0,0.0,0.0
853842928633866502,0.0,0.0,0.0,0.0,0.0
853842930523791502,0.0,0.0,0.0,0.0,0.0
854042930477061502,2.307086706161499,4.517278402716564,98.58273900152255,70.01499938964844,573.6943577062492
854042930520187702,2.3465347290039062,3.7728117790046145,39.13694792353329,54.86470413208008,381.0539858062643
854242930547722102,0.0,0.0,0.0,0.0,0.0
854442930534463402,1.47183096408844,5.939563701800469,114.6842803223503,78.78861999511719,843.4180429616802
854642928000561902,0.0,0.0,0.0,0.0,0.0
854742930470528401,2.5,5.288838265873945,21.23149015932521,5.737981796264648,42.31070679912192
854742930534326101,0.0,0.0,0.0,0.0,0.0
854742930541679401,0.0,0.0,0.0,0.0,0.0
854742930547269101,0.0,0.0,0.0,0.0,0.0
855042930479722302,0.0,8.7467840936715,179.05882829592414,101.80127716064453,830.9444923669803
855142930531636301,0.0,0.0,0.0,0.0,0.0
855442930454874201,0.0,0.0,0.0,0.0,0.0
855742929922100201,3.1927711963653564,3.0759743561726736,40.18988703604088,45.18120193481445,255.3058788485268
855842930526750501,0.0,0.0,0.0,0.0,0.0
856242927949032701,0.0,0.0,0.0,0.0,0.0
856442930545553601,0.0,0.0,0.0,0.0,0.0
856542930530007901,0.0,0.0,0.0,0.0,0.0
856642930519891202,0.0,0.0,0.0,0.0,0.0
856742930458761302,0.0,0.0,0.0,0.0,0.0
856742930465409602,0.0,0.0,0.0,0.0,0.0
857242930476276902,0.0,0.0,0.0,0.0,0.0
857242930508670402,0.0,0.0,0.0,0.0,0.0
857242930524371102,0.0,0.0,0.0,0.0,0.0
857442930518866601,0.0,0.0,0.0,0.0,0.0
857542930465260501,0.0,0.0,0.0,0.0,0.0
857742930525646702,2.0396039485931396,4.971045545212766,246.14127659574467,59.89045715332031,502.0755793007384
857742930530769201,0.0,0.0,0.0,0.0,0.0
857842930460536701,0.0,0.0,0.0,0.0,0.0
858042929155550101,3.200000047683716,7.7740582633776265,67.48195367211349,13.68332290649414,194.35146522761718
858042930462066802,0.0,0.0,0.0,0.0,0.0
858342930463483402,0.0,0.0,0.0,0.0,0.0
858342930472058502,0.0,0.0,0.0,0.0,0.0
858542930464169701,0.0,0.0,0.0,0.0,0.0
858542930468014502,1.0,13.228041982922202,13.228083491461101,0.6146742701530457,13.228041982922202
858642929649204902,0.0,0.0,0.0,0.0,0.0
858742929303831001,0.0,0.0,0.0,0.0,0.0
858742929493932302,0.0,0.0,0.0,0.0,0.0
858742930449379501,1.399999976158142,2.764143384262465,13.820706371191136,2.3460915088653564,13.82071671842538
858842930455930602,0.0,0.0,0.0,0.0,0.0
858842930477463802,0.0,0.0,0.0,0.0,0.0
858842930522413401,0.0,0.0,0.0,0.0,0.0
859042930546815401,0.0,0.0,0.0,0.0,0.0
859142930456578101,0.0,0.0,0.0,0.0,0.0
859142930459286302,0.8181818127632141,8.497717196053832,107.47445255474453,117.10151672363281,841.273987686547
859342930455322901,2.224489688873291,3.9907022371732195,49.97142124412957,54.27141571044922,391.0888265443033
859442930540607101,0.0,0.0,0.0,0.0,0.0
859642930457644301,0.0,0.0,0.0,0.0,0.0
861342930509458601,0.0,0.0,0.0,0.0,0.0
861342930510892602,3.1931817531585693,9.806879242081449,145.64932126696831,98.6517562866211,863.0053348325496
861642930478205701,2.5151515007019043,7.883355387180974,95.41624129930395,27.093191146850586,260.1507159593764
861942928636897801,2.9555554389953613,23.754826831210192,244.28980891719746,68.90411376953125,1068.9672009838614
862242930534647301,0.0,0.0,0.0,0.0,0.0
862242930535062302,0.0,0.0,0.0,0.0,0.0
862342930473319301,2.6111111640930176,7.596119030869817,190.31809153355954,105.95987701416016,957.1109985892055
862542930542401601,0.0,0.0,0.0,0.0,0.0
862642930449976702,1.735576868057251,6.422327944584485,1335.845665961945,180.69847106933594,1335.8442129866246
862742930526496102,13.47826099395752,16.83056933008982,138.11077844311376,41.65288543701172,387.103076729232
863042930476428201,0.0,0.0,0.0,0.0,0.0
863242930524324202,0.0,0.0,0.0,0.0,0.0
863242930531653402,0.0,0.0,0.0,0.0,0.0
863742930468804801,0.0,0.0,0.0,0.0,0.0
864042930479321901,0.0,0.0,0.0,0.0,0.0
864242930548351701,0.0,0.0,0.0,0.0,0.0
864342930509826301,2.60606050491333,5.762995151782271,92.72321084237782,77.33671569824219,760.7153636265521
864342930530677902,0.0,31.16640210628315,0.0,5.011347770690918,31.16640210628315
864542930477405101,2.5,5.4691035384815025,33.11476028690072,9.486370086669922,65.62924149406321
864842930448018302,0.0,0.0,0.0,0.0,0.0
864942930448335102,0.0,0.0,0.0,0.0,0.0
865242930471612302,0.0,0.0,0.0,0.0,0.0
865342930446606702,0.0,0.0,0.0,0.0,0.0
865342930530172102,0.1339285671710968,7.826255796895703,32.4699981071361,91.86675262451172,876.5406296118267
865542930459456602,0.0,0.0,0.0,0.0,0.0
865742930528998502,0.0,0.0,0.0,0.0,0.0
865942930463814801,0.0,221.69450568990044,221.69445234708394,24.02276039123535,221.69450568990044
865942930470030902,4.638888835906982,16.324429092737777,187.79203631112028,59.28785705566406,587.6794300154113
866042927917644201,2.909090995788574,5.138146278345026,190.69932347782512,36.54058074951172,226.07844335756275
866042928912051802,0.0,0.0,0.0,0.0,0.0
866042930464056401,0.0,0.0,0.0,0.0,0.0
866042930532465602,0.0,0.0,0.0,0.0,0.0
866242930525769601,0.0,0.0,0.0,0.0,0.0
866442929761753701,0.0,0.0,0.0,0.0,0.0
866442930517624802,0.0,0.0,0.0,0.0,0.0
866442930545178801,1.663636326789856,6.762582632211538,90.31071428571428,86.6786880493164,743.8841143177597
866542930528633702,0.0,0.0,0.0,0.0,0.0
866642930533055601,0.0,0.0,0.0,0.0,0.0
867142930454378502,0.0,0.0,0.0,0.0,0.0
867142930510401702,0.0,0.0,0.0,0.0,0.0
867142930546069701,0.0,0.0,0.0,0.0,0.0
867342928255449102,0.0,0.0,0.0,0.0,0.0
867342930518913702,0.0,0.0,0.0,0.0,0.0
867342930524194302,0.0,0.0,0.0,0.0,0.0
867342930538873202,0.0,0.0,0.0,0.0,0.0
867542930474478802,1.0,52.28113944575472,2.095125786163522,5.848176956176758,52.28113944575472
867642930516478102,0.0,0.0,0.0,0.0,0.0
867642930541363401,0.0,0.0,0.0,0.0,0.0
867842930461437102,0.0,0.0,0.0,0.0,0.0
867942930533916401,0.0,0.0,0.0,0.0,0.0
868042930470817501,0.0,0.0,0.0,0.0,0.0
868242930531074002,3.0,9.11053667248513,116.38608740625808,18.923168182373047,173.10020412990588
868342930477434601,3.6666667461395264,3.746718062028248,53.16742909423605,32.41559982299805,191.08262563602486
868442930461389001,5.333333492279053,24.773172905525847,78.3083778966132,21.142568588256836,148.63903879311846
868542930547589402,0.0,0.0,0.0,0.0,0.0
868642930515771301,0.0,0.0,0.0,0.0,0.0
868842930528247102,0.0,0.0,0.0,0.0,0.0
868942930452894801,3.9268293380737305,5.174596517437304,243.0382445141066,54.15718078613281,424.3169279531999
868942930460670501,0.0,0.7031960444107641,0.0,0.20721514523029327,1.4063921342979728
869542930478570501,0.0,0.0,0.0,0.0,0.0
869542930509071702,0.0,0.0,0.0,0.0,0.0
869542930530863101,0.0,0.0,0.0,0.0,0.0
869542930542513401,1.0357142686843872,3.6172258635039536,25.456429463171037,78.55789184570312,405.12928552266413
869642930468064501,0.0,0.0,0.0,0.0,0.0
869642930541881202,0.0,0.0,0.0,0.0,0.0
869642930544401701,0.0,0.0,0.0,0.0,0.0
869742930542034002,0.0,102.23407228017884,-19.316691505216095,0.0,102.23407228017884
869842930517944101,0.0,0.0,0.0,0.0,0.0
869942930464423201,0.0,0.0,0.0,0.0,0.0
869942930529109802,0.0,0.0,0.0,0.0,0.0
869942930543346502,0.0,0.0,0.0,0.0,0.0
871142930450013702,2.3333332538604736,9.675164426702468,45.26325411334552,6.057347774505615,58.05098716693997
871142930480719401,0.0,0.0,0.0,0.0,0.0
871242930523367401,0.0,0.0,0.0,0.0,0.0
871342930521539001,0.0,0.0,0.0,0.0,0.0
871342930525209801,2.6222221851348877,8.088530748369127,273.8366048523052,80.90754699707031,1091.951680454477
871342930534708502,1.3125,9.084477320214916,63.21822189566495,36.53487777709961,290.70328137736215
871442930450821301,0.0,0.0,0.0,0.0,0.0
871542929309376301,0.0,0.0,0.0,0.0,0.0
871542930475100402,0.0,0.0,0.0,0.0,0.0
871842930471544702,0.0,0.0,0.0,0.0,0.0
871842930473777201,1.6602563858032227,5.090727634169084,93.2453377538334,124.06238555908203,794.1535007265461
871842930477164102,0.0,0.0,0.0,0.0,0.0
871842930546587302,0.0,0.0,0.0,0.0,0.0
871942930522152902,3.859649181365967,9.688664878286966,193.6905487804878,63.5706901550293,552.2538849987635
872042930531248002,0.0,0.0,0.0,0.0,0.0
872142928191352102,3.8275861740112305,7.072022615625536,98.95134717693496,73.4795150756836,410.1773014215902
872142930517248702,0.0,0.0,0.0,0.0,0.0
872142930525374001,0.0,0.0,0.0,0.0,0.0
872242930535099602,3.724138021469116,8.31979222074468,131.59914893617022,48.542537689208984,482.54795945999473
872542930526772802,0.0,0.0,0.0,0.0,0.0
872642930471804901,2.2200000286102295,5.953556585989999,101.19471792467573,71.76248931884766,595.3556789237832
872842930463802702,0.0,0.0,0.0,0.0,0.0
872942930518030701,3.848484754562378,111.70201822916667,1942.6833333333334,119.82987213134766,3686.1666067759197
873042930475504502,0.0,0.0,0.0,0.0,0.0
873142929400229701,0.0,0.0,0.0,0.0,0.0
873142930528481601,0.0,0.0,0.0,0.0,0.0
873442930525416502,0.0,0.0,0.0,0.0,0.0
873442930531294301,0.0,0.0,0.0,0.0,0.0
873542930530923201,0.0,0.0,0.0,0.0,0.0
873842930463851302,0.0,0.0,0.0,0.0,0.0
873942930478273401,0.3243243098258972,8.432850802609096,171.36593059936908,92.6299819946289,624.0309653257095
873942930524006502,0.0,0.0,0.0,0.0,0.0
873942930524909502,0.0,0.0,0.0,0.0,0.0
873942930528998602,0.0,0.0,0.0,0.0,0.0
874042930452220201,0.0,0.0,0.0,0.0,0.0
874042930472430802,0.0,0.0,0.0,0.0,0.0
874042930508878001,0.0,0.0,0.0,0.0,0.0
874142930549247501,0.0,0.0,0.0,0.0,0.0
874242930457617401,0.0,0.0,0.0,0.0,0.0
874242930461871701,0.0,0.0,0.0,0.0,0.0
874242930524490802,0.0,0.0,0.0,0.0,0.0
874542930051179802,2.2857143878936768,7.099147482544432,47.350743561842584,23.486726760864258,149.08209900411524
874642930467125901,0.0,0.0,0.0,0.0,0.0
874642930524115201,2.8521738052368164,6.708069663749121,131.38845883180858,116.25579833984375,771.4279992454577
874842928176254401,0.0,0.0,0.0,0.0,0.0
874842930456115302,0.2230769246816635,8.546479587928921,135.6563725490196,131.88584899902344,1111.0422897189271
874842930531525802,0.0,0.0,0.0,0.0,0.0
875142928823088002,0.0,0.0,0.0,0.0,0.0
875142930518232402,1.5702478885650635,10.499598431145504,243.1802982376864,147.27413940429688,1270.4514150692767
875242929166244901,0.0,0.0,0.0,0.0,0.0
875242930265176101,0.0,0.0,0.0,0.0,0.0
875442930534879301,3.0329670906066895,19.896600710465606,1032.268456375839,144.29409790039062,1810.5906856044028
875542930476089902,2.6179776191711426,4.956809696071595,110.40213854021385,60.26438903808594,441.1560520691852
875642930535245501,0.0,0.0,0.0,0.0,0.0
875942930532537202,0.0,0.0,0.0,0.0,0.0
876042930516405702,0.0,0.0,0.0,0.0,0.0
876142930516358702,0.0,0.0,0.0,0.0,0.0
876142930520974101,0.0,0.0,0.0,0.0,0.0
876142930526299101,0.0,0.0,0.0,0.0,0.0
876242930517852801,0.3962264060974121,3.8933458486913297,0.0022994724739618558,30.214887619018555,206.34733486962418
876242930524959801,1.615384578704834,12.240492560434516,37.95348837209303,0.0,159.12640071994963
876342929194683901,0.0,0.0,0.0,0.0,0.0
876342930533438402,169.0,108.40108401084011,108.40108401084011,16.447315216064453,108.40108401084011
876642928623805201,0.0,0.0,0.0,0.0,0.0
876642930527818202,0.0,0.0,0.0,0.0,0.0
876642930532431701,0.0,0.0,0.0,0.0,0.0
876942930455630201,5.099999904632568,35.5030734963613,265.7431506849315,21.302486419677734,355.03074633585265
876942930476500202,7.354838848114014,6.41829605940934,61.29120879120879,31.82810401916504,198.9671837576143
877042930520595202,0.0,0.0,0.0,0.0,0.0
877242930452789102,0.0,0.0,0.0,0.0,0.0
877342930533611101,0.0,0.0,0.0,0.0,0.0
877442930517084701,0.0,0.0,0.0,0.0,0.0
877442930517549801,0.0,0.0,0.0,0.0,0.0
877442930541810301,0.0,0.0,0.0,0.0,0.0
877642930474762901,0.0,0.0,0.0,0.0,0.0
877642930509111001,0.0,0.0,0.0,0.0,0.0
877642930536051902,0.0,0.0,0.0,0.0,0.0
877842930530796501,0.0,0.0,0.0,0.0,0.0
877942930509116701,0.0,0.0,0.0,0.0,0.0
878042930550394601,4.349999904632568,24.281387339418526,345.6524678837052,135.1092529296875,1942.5110822655688
878142930522432301,0.0,0.0,0.0,0.0,0.0
878242930289535201,2.875,7.479539565284654,42.095049504950495,5.6200947761535645,59.83631676400062
878342930534037002,0.36274510622024536,7.788829523932507,30.086501377410467,108.76422119140625,794.4606264350828
878442930457568501,3.1111111640930176,3.554694686823593,17.74199134199134,4.002076148986816,31.992250490395023
878442930464591201,1.0,8.896998262319169,8.896925858951175,0.7175720930099487,8.896998262319169
878542930093539401,0.0,0.0,0.0,0.0,0.0
878642930453062702,0.0,0.0,0.0,0.0,0.0
878642930472689301,0.0,0.0,0.0,0.0,0.0
878642930541630601,4.5,21.070166400098426,118.24803149606299,22.231637954711914,252.84200370968796
878742929309357202,0.0,0.0,0.0,0.0,0.0
878742930447545202,0.0,0.0,0.0,0.0,0.0
878742930461545401,10.703703880310059,24.238209525070623,175.73728813559322,37.7901611328125,654.4316600460118
878842930547963502,0.0,0.0,0.0,0.0,0.0
878942930477741302,0.6931818127632141,16.157906801645993,184.6698473282443,112.29729461669922,1421.895869267806
879142929012644202,0.0,0.0,0.0,0.0,0.0
879142929861272302,0.0,0.0,0.0,0.0,0.0
879142930545722802,0.0,0.0,0.0,0.0,0.0
879242930473936201,0.0,0.0,0.0,0.0,0.0
879242930525474302,0.0,0.0,0.0,0.0,0.0
879342930550665702,0.0,0.0,0.0,0.0,0.0
879542930447227302,0.0,0.0,0.0,0.0,0.0
879542930471811501,0.0,0.0,0.0,0.0,0.0
879542930542044901,0.0,0.0,0.0,0.0,0.0
879742930524472601,0.0,0.0,0.0,0.0,0.0
879742930530521802,0.0,0.0,0.0,0.0,0.0
879842930460504202,2.517857074737549,7.851823096388314,162.2364849321371,78.75981903076172,879.4041611114425
879942930446940201,0.0,0.0,0.0,0.0,0.0
879942930459835002,1.7448979616165161,11.666016622510215,159.46373850868233,114.02169799804688,1143.2695949990855
881242930450290802,4.328358173370361,58.991037819602276,838.9818181818182,142.1266326904297,3952.399548287825
881342930524302201,0.0,0.0,0.0,0.0,0.0
881342930534866401,0.0,0.0,0.0,0.0,0.0
881442930538844801,0.0,0.0,0.0,0.0,0.0
881542930448893901,2.3493151664733887,5.487291811242193,185.26963598511134,85.5945053100586,801.1446057434897
881542930537459101,5.709677219390869,4.666514676131481,144.66198796906332,19.731014251708984,144.6619575782411
881642930453490402,0.0,0.0,0.0,0.0,0.0
881842930548693302,0.0,0.0,0.0,0.0,0.0
881942930458473002,0.0,0.0,0.0,0.0,0.0
882042930451587001,0.0,0.0,0.0,0.0,0.0
882042930460138902,10.533333778381348,29.675135627229487,445.1269322235434,24.657508850097656,445.127023622057
882042930518036902,0.0,0.0,0.0,0.0,0.0
882242927979733302,0.0,0.0,0.0,0.0,0.0
882342930532789302,0.0,0.0,0.0,0.0,0.0
882442930534443801,0.0,0.0,0.0,0.0,0.0
882742928832350602,0.0,0.0,0.0,0.0,0.0
882742930474333401,1.9634146690368652,7.205161259976197,81.405068608233,62.245052337646484,590.8232171564201
882742930476653301,2.560283660888672,5.4392872209784136,153.0633562788211,117.60430145263672,766.9395312351522
882742930480113002,0.0,0.0,0.0,0.0,0.0
882842930517036602,0.0,0.0,0.0,0.0,0.0
882842930530281801,0.0,0.0,0.0,0.0,0.0
882942930528952802,0.0,0.0,0.0,0.0,0.0
883042927979653202,0.0,0.0,0.0,0.0,0.0
883042930464210701,0.0,0.0,0.0,0.0,0.0
883042930533976102,0.0,0.0,0.0,0.0,0.0
883142928108880501,0.0,0.0,0.0,0.0,0.0
883142930540240101,0.0,0.0,0.0,0.0,0.0
883342928845045702,0.0,0.0,0.0,0.0,0.0
883342930516084201,0.0,0.0,0.0,0.0,0.0
883342930522943101,1.5882352590560913,3.9504778750984832,805.8971833760095,136.7694854736328,805.8974480109584
883542930509244801,0.0,0.0,0.0,0.0,0.0
883842928634028901,1.3333333730697632,46.67949464942227,140.0420168067227,6.443779468536377,140.0384859998687
883842930530746501,0.0,0.0,0.0,0.0,0.0
883942930520327901,0.0,0.0,0.0,0.0,0.0
884242930530802101,0.0,0.0,0.0,0.0,0.0
884442928697249802,0.0,0.0,0.0,0.0,0.0
884542930508371602,0.2451612949371338,5.382945592555799,157.3260060872506,107.55729675292969,834.3565583616082
884642930472927902,0.0,0.0,0.0,0.0,0.0
884642930550779101,6.900000095367432,2.2468746321798494,22.468926553672315,3.0979464054107666,22.468745574663814
884742930528071801,0.0,0.0,0.0,0.0,0.0
884842930528175701,0.0,0.0,0.0,0.0,0.0
884942928726710702,0.0,0.0,0.0,0.0,0.0
885042930464006301,1.0275229215621948,8.671603429024968,129.76668101592767,143.48377990722656,945.2048159487229
885142930477436202,0.0,0.0,0.0,0.0,0.0
885242930520068101,1.1111111640930176,5.801800785547305,39.64668133480015,9.961787223815918,52.21620561091245
885442929543839302,0.0,0.0,0.0,0.0,0.0
885642930511258901,0.0,0.0,0.0,0.0,0.0
885742929613518902,0.0,0.0,0.0,0.0,0.0
885942928726169702,0.0,0.0,0.0,0.0,0.0
885942930450228701,0.0,0.0,0.0,0.0,0.0
885942930460737202,0.0,0.0,0.0,0.0,0.0
886142930477536701,0.0,0.0,0.0,0.0,0.0
886242930534854202,0.0,0.0,0.0,0.0,0.0
886242930541392601,0.0,0.0,0.0,0.0,0.0
886342930547993002,4.75,10.703238023477157,151.29289340101522,48.40103530883789,428.12953119035905
886442930461291402,0.0,0.0,0.0,0.0,0.0
886442930479641201,0.0,0.0,0.0,0.0,0.0
886442930526393201,0.0,0.0,0.0,0.0,0.0
886542930453863001,28.0,89.84725965858041,89.84725965858041,13.701210975646973,89.84725965858041
886742930453000701,0.0,0.0,0.0,0.0,0.0
886742930479942201,3.0,12.759910567434211,85.38947368421053,18.096012115478516,267.9581273129112
886742930509750502,0.0,0.0,0.0,0.0,0.0
886742930516418501,3.7272727489471436,18.161950005425346,79.00694444444444,11.07784652709961,199.7814577817917
886942930525439601,0.0,0.0,0.0,0.0,0.0
887042930519802501,0.0,0.0,0.0,0.0,0.0
887142927963846701,1.8904109001159668,11.291162056701726,87.28047464940668,88.8459701538086,824.2548153446073
887342930475309002,0.0,0.0,0.0,0.0,0.0
887542930532755102,0.0,0.0,0.0,0.0,0.0
887642930460145701,0.0,0.0,0.0,0.0,0.0
887842930519240601,0.0,0.0,0.0,0.0,0.0
887842930521675302,0.0,0.0,0.0,0.0,0.0
887842930524419802,0.0,0.0,0.0,0.0,0.0
887942930461968101,0.0,0.0,0.0,0.0,0.0
888042930480079302,58.5,0.768537790761829,4.61138014527845,0.5484259724617004,4.611226707624754
888142930464421702,4.0,5.508368361323255,42.29675810473815,8.762344360351562,77.11715568865921
888442930544244301,0.0,0.0,-28.46708055491684,0.0,0.0
888542928602970201,0.2118644118309021,8.499640286126692,197.09243390400323,113.88220977783203,1002.9575581768495
888542929372994801,0.0,0.0,0.0,0.0,0.0
888742930460589802,0.0,0.0,0.0,0.0,0.0
888742930515417702,0.0,0.0,0.0,0.0,0.0
888842930523174002,2.049999952316284,5.744544614406306,59.11001788908766,14.288068771362305,114.89089514914907
888842930525252101,0.0,0.0,0.0,0.0,0.0
888842930534199202,0.0,0.0,0.0,0.0,0.0
888942930456231601,0.0,0.0,0.0,0.0,0.0
889142930540539802,0.0,0.0,0.0,0.0,0.0
889342930468765601,2.4782607555389404,9.90715823566159,124.01903855306996,76.0135726928711,683.5939282395055
889342930477304901,2.5714285373687744,5.393330282129882,39.19073569482289,10.729124069213867,75.50662261935173
889742930527794902,0.0,0.0,0.0,0.0,0.0
889742930538694302,0.0,0.0,0.0,0.0,0.0
891142929197828702,0.0,0.0,0.0,0.0,0.0
891142930524308901,0.0,0.0,0.0,0.0,0.0
891142930524983002,0.0,0.0,0.0,0.0,0.0
891142930526397302,1.9694656133651733,14.204958451983504,169.61233307148467,120.90789794921875,1860.8494679656258
891142930533040802,0.33944955468177795,8.895971758697412,130.92233009708738,150.52700805664062,969.6609007841561
891242930480126701,0.0,0.0,0.0,0.0,0.0
891342930518678402,0.0,0.0,0.0,0.0,0.0
891442930474265002,0.0,0.0,0.0,0.0,0.0
891442930519394501,0.0,0.0,0.0,0.0,0.0
891642928099619102,0.0,0.0,0.0,0.0,0.0
891642930545936502,0.0,0.0,0.0,0.0,0.0
891742930542655002,0.0,0.0,0.0,0.0,0.0
891842930529493501,0.0,0.0,0.0,0.0,0.0
891842930536029501,0.0,0.0,0.0,0.0,0.0
891942928074491401,0.0,0.0,0.0,0.0,0.0
891942930534585101,0.0,0.0,0.0,0.0,0.0
892342930479133402,1.0080000162124634,4.828206962507252,149.98037130148907,92.34758758544922,603.5258697571733
892442930459069701,0.0,0.0,0.0,0.0,0.0
892442930528126802,0.0,0.0,0.0,0.0,0.0
892442930545085002,0.0,0.0,0.0,0.0,0.0
892742930547903302,2.2446043491363525,8.590358367011634,171.82444478017828,110.52320098876953,1194.059825045264
893142927975166402,0.0,0.0,0.0,0.0,0.0
893142930455255102,2.7283949851989746,17.541890684833152,202.42669584245075,137.30526733398438,1420.8931619364532
893342930528780001,0.0,0.0,0.0,0.0,0.0
893442930545531201,0.1846153885126114,25.781064802151715,16.12910284463895,134.32176208496094,1675.7692925295285
893642928077920702,1.3726235628128052,7.438437299775749,1956.309466602595,363.56451416015625,1956.3089883821756
893642929424116302,0.0,0.0,0.0,0.0,0.0
893742930463306101,0.0,0.0,0.0,0.0,0.0
893842930527186101,0.0,0.0,0.0,0.0,0.0
894042930477690402,0.0,0.0,0.0,0.0,0.0
894342930184380301,0.0,0.0,0.0,0.0,0.0
894442930463609702,0.0,0.0,0.0,0.0,0.0
894742930518898001,0.0,0.0,0.0,0.0,0.0
894742930521856602,2.5,4.780220788043478,25.268985507246377,5.092726230621338,38.241767958489014
894942928210492902,0.0,0.0,0.0,0.0,0.0
895042930546773801,0.0,0.0,0.0,0.0,0.0
895342927982896301,0.0,0.0,0.0,0.0,0.0
895542930447808001,0.0,0.0,0.0,0.0,0.0
895742930457228602,0.0,0.0,0.0,0.0,0.0
895742930530491102,1.75,3.100245667564281,5.695343988881167,1.7884907722473145,12.400982670257124
896042930535044301,0.0,0.0,0.0,0.0,0.0
896142930453359302,2.6301369667053223,5.936682810788609,95.01423877327491,49.34627151489258,433.37785892737264
896242930449464402,0.0,0.0,0.0,0.0,0.0
896242930528754401,2.9200000762939453,5.533860961036724,70.75425814709068,48.361297607421875,415.03957698349177
896242930539614902,0.0,0.0,0.0,0.0,0.0
896342930538899601,0.0,0.0,0.0,0.0,0.0
896342930546451101,0.0,0.0,0.0,0.0,0.0
896442930459265001,0.0,0.0,0.0,0.0,0.0
896542928119391301,2.060606002807617,4.281367347353981,59.736607142857146,9.123245239257812,141.28512553941636
896642930521106401,3.3595504760742188,11.921121372146436,138.5175389755011,104.73116302490234,1060.9797809065583
896742927944985902,0.0,0.0,0.0,0.0,0.0
896842930460665702,0.0,0.0,0.0,0.0,0.0
896842930522097502,0.0,0.0,0.0,0.0,0.0
896842930529787402,0.0,0.0,0.0,0.0,0.0
897042930455342701,0.0,0.0,0.0,0.0,0.0
897042930460206502,0.0,0.0,0.0,0.0,0.0
897242930545432902,3.3529412746429443,6.522348101522021,90.66528497409327,97.7217025756836,665.2794866046758
897242930547626402,0.0,0.0,0.0,0.0,0.0
897642930523595201,0.0,0.0,0.0,0.0,0.0
897842930459772701,0.0,0.0,0.0,0.0,0.0
897942929946658301,0.0,0.0,0.0,0.0,0.0
897942930478722601,1.4666666984558105,3.7508982988511117,896.0095273678311,189.7846221923828,900.2155733440676
898142930472063702,0.0,0.0,0.0,0.0,0.0
898242929118597101,0.0,0.0,0.0,0.0,0.0
898542930460696001,0.0,0.0,0.0,0.0,0.0
898642928878430201,0.0,0.0,0.0,0.0,0.0
898642929269102702,0.0,0.0,0.0,0.0,0.0
898642930457963402,4.0,9.423702038213245,77.40066638900458,34.135833740234375,358.1006850528995
898642930464550601,0.0,0.0,0.0,0.0,0.0
898642930515610702,0.0,0.0,0.0,0.0,0.0
898642930525899401,0.0,0.0,0.0,0.0,0.0
898642930526253401,0.4615384638309479,4.8520993979978355,96.26165879574971,106.60281372070312,693.8501914154588
898742930527914001,0.0,0.0,0.0,0.0,0.0
898942930534781701,0.0,0.0,0.0,0.0,0.0
899142930458916502,0.0,0.0,0.0,0.0,0.0
899142930520949702,0.0,0.0,0.0,0.0,0.0
899442930477602002,0.0,0.0,0.0,0.0,0.0
899542930479072802,0.0,0.0,0.0,0.0,0.0
899542930518010302,1.9090908765792847,5.579040956162178,93.40983606557377,79.05353546142578,552.3250363355126
899542930529210902,0.0,0.0,0.0,0.0,0.0
899642929259359502,0.0,0.0,0.0,0.0,0.0
899642930538859901,2.3333332538604736,11.411034659271628,125.43893129770993,12.501359939575195,205.39861491739597
899742929012951802,2.9464285373687744,6.042480224487243,112.07159829914957,67.72633361816406,676.7577923817179
899742930519645701,2.137096881866455,4.837652521325991,73.29386675305042,77.87763214111328,599.8689261698952
901242928823042002,0.0,0.0,0.0,0.0,0.0
901242930509448502,0.0,0.0,0.0,0.0,0.0
901342930543043201,0.0,0.0,0.0,0.0,0.0
901442928087989501,0.0,0.0,0.0,0.0,0.0
901542930540856402,0.0,0.0,0.0,0.0,0.0
901742930453905802,0.0,0.0,0.0,0.0,0.0
901842930462787701,0.0,0.0,0.0,0.0,0.0
901942928175981702,0.0,35.933090554448874,0.0,2.9000205993652344,35.933090554448874
902042930476478901,0.0,0.0,0.0,0.0,0.0
902442930542582601,0.0,0.0,0.0,0.0,0.0
902542930463173102,0.0,0.0,0.0,0.0,0.0
902642930517698402,0.0,0.0,0.0,0.0,0.0
902742928109525001,0.0,0.0,0.0,0.0,0.0
902742930453899501,1.1111111640930176,5.122093719736099,27.15180372851263,34.86793899536133,230.4942236167545
902742930519255402,4.875,11.629122907251437,62.02218570254725,12.24768352508545,93.03298220481653
902842930524465902,1.7234042882919312,7.98123676088739,1360.0495626822158,167.7502899169922,1500.4724859809041
903142930518312801,0.0,0.0,0.0,0.0,0.0
903142930518862702,0.0,0.0,0.0,0.0,0.0
903342930466703601,3.2916667461395264,28.70064829631024,372.86746987951807,43.432918548583984,688.8155366033914
903442930527707601,3.0,17.62165963431786,69.0675105485232,5.261040687561035,70.48663899510666
903542930447094901,0.0,0.0,0.0,0.0,0.0
903742929488676902,0.0,0.0,0.0,0.0,0.0
903842930509351502,0.1355932205915451,7.077903229919562,6.430869666588949,64.95257568359375,417.5962881584995
903942930475834401,0.0,0.0,0.0,0.0,0.0
904042929922159801,0.0,0.0,0.0,0.0,0.0
904042930465200202,0.0,0.0,0.0,0.0,0.0
904042930548901001,0.0,36.87274785586278,36.87250384024578,2.261286497116089,36.87274785586278
904142929735970401,0.0,0.0,0.0,0.0,0.0
904142930515785701,0.0,0.0,0.0,0.0,0.0
904342930466563902,0.0,0.0,0.0,0.0,0.0
904642930462924201,0.0,0.0,0.0,0.0,0.0
904642930524324701,0.0,0.0,0.0,0.0,0.0
904642930526554502,0.0,0.0,0.0,0.0,0.0
904742930459111701,0.0,0.0,0.0,0.0,0.0
904742930527109901,0.0,0.0,0.0,0.0,0.0
905042930460852201,1.8571428060531616,6.953013746044304,149.7613924050633,47.928829193115234,243.3554906402459
905142930446820001,0.0,0.0,0.0,0.0,0.0
905242930463572302,0.0,0.0,0.0,0.0,0.0
905342930475284702,0.0,0.0,0.0,0.0,0.0
905342930518946001,4.0652174949646,6.662405930162553,105.62540638169777,42.09782028198242,306.4706652527039
905542930510527201,2.5316455364227295,17.575433246159957,140.02330508474577,79.37767028808594,1388.4592322495025
906042928191142702,2.4375,4.807321259469697,34.91307814992025,10.302112579345703,76.91714285435289
906142930464080001,0.0,0.0,0.0,0.0,0.0
906142930467844802,2.107142925262451,15.453173638132295,507.0474708171206,202.53854370117188,2163.444237800331
906142930530048102,0.0,0.0,0.0,0.0,0.0
906142930545816502,0.0,0.0,0.0,0.0,0.0
906242930524307702,0.30921053886413574,3.8426545146978874,37.008931345138244,93.10738372802734,584.0834683523151
906342930525706801,0.0,0.0,0.0,0.0,0.0
906442930220683002,0.0,0.0,0.0,0.0,0.0
906442930517855702,0.0,0.0,0.0,0.0,0.0
906542930532165101,0.0,0.0,0.0,0.0,0.0
906642930533847202,0.0,0.0,0.0,0.0,0.0
906642930543050002,0.0,0.0,0.0,0.0,0.0
906742930466029301,0.0,0.0,0.0,0.0,0.0
906742930543871702,3.0714285373687744,10.401189630681818,99.27217294900221,13.49431324005127,145.61665415288076
906842930453354501,0.0,0.0,0.0,0.0,0.0
906942930459183502,0.0,0.0,0.0,0.0,0.0
907042930546299502,0.0,0.0,0.0,0.0,0.0
907142930530076001,0.0,0.0,0.0,0.0,0.0
907442930509708802,0.0,0.0,0.0,0.0,0.0
907542930479797202,1.6666666269302368,4.54254427304588,10.481563296516567,2.729515314102173,13.62763298507859
907542930542775001,0.0,0.0,0.0,0.0,0.0
907842929230221302,0.0,0.0,0.0,0.0,0.0
907942930456347202,0.0,0.0,0.0,0.0,0.0
908142930480102102,0.0,0.0,0.0,0.0,0.0
908142930527591102,0.0,0.0,0.0,0.0,0.0
908342930476180501,0.0,0.0,0.0,0.0,0.0
908342930535016301,1.5922330617904663,10.888372843697567,203.05620805369128,129.69483947753906,1121.5024383020082
908442930453832802,0.0,14.268952978348976,0.0,99.60121154785156,1170.054196217768
908642930541948102,0.0,0.0,0.0,0.0,0.0
908742930473883801,0.0,0.0,0.0,0.0,0.0
908942930479161202,2.654867172241211,4.3654872891395,75.06398786959818,87.05366516113281,493.3000553319091
909342930456023901,0.0,0.0,0.0,0.0,0.0
909342930459358202,2.0990991592407227,10.54284984213083,235.37262521588946,105.6778564453125,1170.256324964072
909742930342632902,0.0,0.0,0.0,0.0,0.0
909942930476421402,2.9320387840270996,9.034422012953067,154.48791821561338,111.78085327148438,930.5454549714265
911142930462634802,0.0,0.0,0.0,0.0,0.0
911242929047773602,0.0,0.0,0.0,0.0,0.0
911242930462622402,0.0,0.0,0.0,0.0,0.0
911342930462867102,0.0,0.0,0.0,0.0,0.0
911342930475753101,0.0,0.0,0.0,0.0,0.0
911342930517880701,0.0,0.0,0.0,0.0,0.0
911442930448484202,4.283783912658691,10.383527708826744,438.745308799417,0.0,768.381026087834
911442930460199502,0.0,0.0,0.0,0.0,0.0
911442930475919801,0.0,0.0,0.0,0.0,0.0
911542930517724801,0.0,0.0,0.0,0.0,0.0
911642930475045702,0.0,0.0,0.0,0.0,0.0
911742928832515201,0.0,0.0,0.0,0.0,0.0
911742930457471501,0.0,0.0,0.0,0.0,0.0
911842930461864202,0.0,0.0,0.0,0.0,0.0
911942930472953102,0.0,0.0,0.0,0.0,0.0
911942930516869201,0.0,0.0,0.0,0.0,0.0
912142928726384801,0.0,0.0,0.0,0.0,0.0
912242930548239401,0.0,0.0,0.0,0.0,0.0
912342930525341802,0.0,0.0,0.0,0.0,0.0
912442929400197302,3.0,7.418768866522773,7.418668668668668,0.7797715067863464,7.418768866522773
912542929861386501,0.0,0.0,0.0,0.0,0.0
912542930515904602,0.0,0.0,0.0,0.0,0.0
912742930455090201,1.25,8.757421168306196,1339.182722749887,289.42791748046875,1821.5435725074449
912742930532192501,4.375,9.71436663350217,168.6301013024602,65.35774993896484,699.4344274661648
913042930509519302,2.7058823108673096,9.951782433111251,126.06598984771574,34.1936149597168,338.3605906588172
913142929197853301,0.0,0.0,0.0,0.0,0.0
913142930480500101,0.0,0.0,0.0,0.0,0.0
913442930530963902,0.0,0.0,0.0,0.0,0.0
913642930448600901,0.0,0.0,0.0,0.0,0.0
913842930478057302,0.0,0.0,0.0,0.0,0.0
914142930517074001,0.0,0.0,0.0,0.0,0.0
914242930473594801,0.0,0.0,0.0,0.0,0.0
914542930547475602,0.0,0.0,0.0,0.0,0.0
914642930227350201,0.0,0.0,0.0,0.0,0.0
914642930476804802,5.456140518188477,29.866928946779964,1702.4132379248658,69.21986389160156,1702.4148576596556
914742930547647501,0.0,0.0,0.0,0.0,0.0
914842930520222101,0.0,0.0,0.0,0.0,0.0
915042930475554401,2.081300735473633,4.162063333371257,70.62027851096751,74.57333374023438,511.93379888189946
915142930544348802,3.123076915740967,10.122285809773402,57.849639983058026,78.10489654541016,657.9485556809693
915242928305203602,2.126984119415283,5.2169118228705225,102.35628401468169,122.90803527832031,657.3308688024828
915242930480492201,2.75,14.683800666607015,29.018134096874256,9.482608795166016,58.73520359848485
915242930508811001,0.0,0.0,0.0,0.0,0.0
915242930509816702,0.0,0.0,0.0,0.0,0.0
915442929269199002,0.0,0.0,0.0,0.0,0.0
915542930465206901,0.0,0.0,0.0,0.0,0.0
915542930529604401,0.0,0.0,0.0,0.0,0.0
915642927968928601,0.0,0.0,0.0,0.0,0.0
915942930477582201,0.0,0.0,0.0,0.0,0.0
916042928932341102,0.0,0.0,0.0,0.0,0.0
916142930544186502,1.0,56.680629711055275,56.68090452261306,5.981688499450684,56.680629711055275
916442930465386302,1.0,0.1363887749713917,0.13634592910011686,0.02017512172460556,0.1363887749713917
916442930477521901,0.17475728690624237,5.857416567595108,13.246541501976285,97.7815933227539,603.3138907229005
916442930519516402,0.0,0.0,0.0,0.0,0.0
916442930531058302,0.0,0.0,0.0,0.0,0.0
916542930458707102,0.02222222276031971,8.071676097196692,1.1970588235294117,55.36079406738281,363.2254215240479
916942930453882902,0.0,0.0,0.0,0.0,0.0
916942930466486402,2.5999999046325684,5.302694321485201,29.024947145877377,7.216542720794678,53.02694285354453
917142930472598802,0.0,0.0,0.0,0.0,0.0
917142930530393302,2.176870822906494,2.963118248370681,50.49841978394786,63.277137756347656,435.5783952648816
917342928932595901,4.153846263885498,5.559672074954296,32.24619134673979,7.413669586181641,72.27573366415058
917342930463979101,3.5164835453033447,12.985365473646723,237.4309116809117,94.17810821533203,1181.668268029846
917642930465328001,1.1313130855560303,5.17170142059289,35.44192841490139,63.5354118347168,511.9984216604147
917842930548096601,0.0,0.0,0.0,0.0,0.0
918142929012861401,0.0,0.0,0.0,0.0,0.0
918142930253656501,0.0,0.0,0.0,0.0,0.0
918242930474581902,0.0,0.0,0.0,0.0,0.0
918342927979693102,0.0,0.0,0.0,0.0,0.0
918342930454501102,3.1473684310913086,5.042206546977361,90.10882604970008,67.46012115478516,479.00961955785124
918342930520974002,3.507462739944458,7.358192009654472,90.4308943089431,76.27839660644531,492.99885721308056
918442930455977001,0.0,0.0,0.0,0.0,0.0
918542929467168701,0.0,0.0,0.0,0.0,0.0
918542930475106301,0.0,0.0,0.0,0.0,0.0
918542930542991502,4.4193549156188965,6.297532203248569,352.7360213360991,24.05070686340332,390.44700905532784
918642929197993601,0.0,0.0,0.0,0.0,0.0
918642930549125002,0.0,0.0,0.0,0.0,0.0
918642930550643602,0.7478991746902466,8.86852875244749,93.56603773584905,120.86859130859375,1055.3549472792542
918742930460371302,0.0,0.0,0.0,0.0,0.0
918742930508026202,0.0,0.0,0.0,0.0,0.0
918742930531152201,0.0,0.0,0.0,0.0,0.0
918942930478364602,0.0,0.0,0.0,0.0,0.0
919042930469010301,0.0,0.0,0.0,0.0,0.0
919242930520752401,0.0,0.0,0.0,0.0,0.0
919242930531509301,0.0,0.0,0.0,0.0,0.0
919442930472211202,0.0,0.0,0.0,0.0,0.0
919442930509887001,0.0,0.0,0.0,0.0,0.0
919642928043962401,0.0,0.0,0.0,0.0,0.0
921142929091778602,0.0,0.0,0.0,0.0,0.0
921142929389126502,0.0,0.0,0.0,0.0,0.0
921242930458500401,0.0,0.0,0.0,0.0,0.0
921242930530092101,0.0,0.0,0.0,0.0,0.0
921642928078039601,0.7333333492279053,16.256005298132184,106.31264367816092,74.26302337646484,975.3602996387701
921642930446965202,0.0,0.0,0.0,0.0,0.0
921642930450707002,1.0,0.922780478330652,1.8455560951918406,0.4050259292125702,1.845560956661304
921642930518061601,0.0,0.0,0.0,0.0,0.0
921642930540510502,0.0,0.0,0.0,0.0,0.0
921742930454453502,0.0,0.0,0.0,0.0,0.0
921742930463066401,0.0,0.0,0.0,0.0,0.0
921742930540525702,0.0,0.0,0.0,0.0,0.0
921842930461837502,1.573170781135559,4.1854311122720365,31.820234476769432,57.88272476196289,343.20533897940925
921842930472659001,0.0,0.0,0.0,0.0,0.0
921942930550317201,0.0,0.0,0.0,0.0,0.0
922142929348263902,0.0,0.0,0.0,0.0,0.0
922142930517340901,0.0,0.0,0.0,0.0,0.0
922142930526841101,0.0,0.0,0.0,0.0,0.0
922342930469190301,0.0,0.0,0.0,0.0,0.0
922442930460481302,0.0,0.0,0.0,0.0,0.0
922642930534558601,0.0,0.0,0.0,0.0,0.0
922842930454476201,0.0,0.0,0.0,0.0,0.0
923342930520845202,0.0,0.0,0.0,0.0,0.0
923542930532841602,0.0,0.0,0.0,0.0,0.0
923642929013263801,2.8541667461395264,6.080465621149107,96.0486752926679,70.28131866455078,583.7246986666507
923642929649319001,0.0,0.0,0.0,0.0,0.0
923642930464565102,0.0,0.0,0.0,0.0,0.0
923742930532311502,0.0,0.0,0.0,0.0,0.0
923742930549712601,0.0,0.0,0.0,0.0,0.0
924042930457907601,0.0,0.0,0.0,0.0,0.0
924042930534125702,1.2142857313156128,9.956917040114863,650.4371736860425,129.80213928222656,1393.9683475799773
924042930545163801,1.0399999618530273,7.643081441303153,55.85227272727273,103.24604034423828,955.3852231131971
924142930176829802,0.0,0.0,0.0,0.0,0.0
924442930537866702,1.0,30.72375997550569,30.723767383059418,5.869309902191162,30.72375997550569
924742930448499801,2.9173552989959717,6.426207616752143,177.32054511516645,84.20502471923828,777.5711218458769
924842930521817802,2.700000047683716,6.102058679917279,91.89301470588235,89.43855285644531,671.2264619574827
925142930462707702,4.370370388031006,10.044159387774656,310.75012774655085,78.25523376464844,813.5768892286259
925142930521019702,0.0,0.0,0.0,0.0,0.0
925142930525855502,0.0,0.0,0.0,0.0,0.0
925242930472946001,3.961538553237915,13.564992228672596,201.9245718050066,82.99378967285156,1058.0693978823535
925342930480199601,0.0,0.0,0.0,0.0,0.0
925442930508489802,0.0,0.0,0.0,0.0,0.0
925542930447262202,0.0,0.0,0.0,0.0,0.0
925542930462223801,0.0,0.0,0.0,0.0,0.0
925542930542927902,0.1111111119389534,8.016967427629249,106.14518413597733,158.55686950683594,937.9851666696518
925642930507931001,0.0,0.0,0.0,0.0,0.0
925642930529789801,3.8275861740112305,8.615931035975851,82.0443388756928,64.75505828857422,499.7239914514295
925742930478150301,0.0,0.0,0.0,0.0,0.0
926142928130770801,0.0,0.0,0.0,0.0,0.0
926142929531151402,0.0,0.0,0.0,0.0,0.0
926142930519148602,0.0,0.0,0.0,0.0,0.0
926142930521247202,0.0,0.0,0.0,0.0,0.0
926242930469504601,0.0,0.0,0.0,0.0,0.0
926242930478959302,0.0,0.0,0.0,0.0,0.0
926342930528966201,3.859649181365967,19.399906027347026,327.85079631181895,65.09199523925781,1105.794638378722
926542930526227901,0.0,0.0,0.0,0.0,0.0
926642929118794501,0.0,0.0,0.0,0.0,0.0
926642930455989802,0.0,0.0,0.0,0.0,0.0
926842928979692001,0.0,0.0,0.0,0.0,0.0
926842930544877601,0.0,0.0,0.0,0.0,0.0
926942930478740102,0.0,0.0,0.0,0.0,0.0
927042930528664701,0.0,0.0,0.0,0.0,0.0
927142930480317501,0.0,0.0,0.0,0.0,0.0
927142930546284601,0.0,0.0,0.0,0.0,0.0
927242930159107402,0.0,0.0,0.0,0.0,0.0
927342928726214702,3.5,8.176850709226365,35.864063417498535,12.407414436340332,81.76850444011946
927342930526498301,0.3472222089767456,2.5789793550958606,8.774105567142628,57.56852340698242,371.37303671445926
927342930534838401,0.0,0.0,0.0,0.0,0.0
927442930542870102,0.0,0.0,0.0,0.0,0.0
927542930445557601,0.0,0.0,0.0,0.0,0.0
927642930476937502,0.0,0.0,0.0,0.0,0.0
927742930528484302,0.0,0.0,0.0,0.0,0.0
927742930541695301,0.0,0.0,0.0,0.0,0.0
927842930453178501,0.0,0.0,0.0,0.0,0.0
927842930459752401,0.0,0.0,0.0,0.0,0.0
927942930457708901,0.0,0.0,0.0,0.0,0.0
928142930460844002,0.0,0.0,0.0,0.0,0.0
928242928932525602,0.0,0.0,0.0,0.0,0.0
928242930479349501,0.13636364042758942,7.551460326953748,57.12599681020733,85.84083557128906,498.3963976834189
928642928932432602,0.0,0.0,0.0,0.0,0.0
928742929613586801,0.0,0.0,0.0,0.0,0.0
928742930455807701,0.0,0.0,0.0,0.0,0.0
928842930532139901,0.0,0.0,0.0,0.0,0.0
928942930531496402,0.0,0.0,0.0,0.0,0.0
929042929321017602,2.367347002029419,13.078882497945768,108.9518488085456,110.34391021728516,1281.730521318221
929042930543566302,5.875,23.132786904611894,80.33568548387096,26.900009155273438,185.06229957457512
929242930464682202,0.0,0.0,0.0,0.0,0.0
929242930542184601,0.0,0.0,0.0,0.0,0.0
929342930454829702,0.0,0.0,0.0,0.0,0.0
929342930526001302,3.3333332538604736,6.476939845045606,27.4555002763958,8.530795097351074,77.72327722113985
929542930516026601,0.012738853693008423,12.151347574147595,99.88977113498365,243.2037811279297,1907.761599080577
929542930534858701,0.0,0.0,0.0,0.0,0.0
929642929389152602,0.0,0.0,0.0,0.0,0.0
929642930525318801,1.9514563083648682,7.917184508342451,135.98322392414295,97.83482360839844,815.4700318207105
929642930528741302,1.6057692766189575,6.766373123865405,35.73755186721991,93.51957702636719,703.7028026343381
929742930465057902,2.1793103218078613,4.840638911757531,110.98365654348092,85.5006103515625,701.8926314070015
929842930458129101,0.0,0.0,0.0,0.0,0.0
931242930476050402,0.0,0.0,0.0,0.0,0.0
931442930515638602,0.0,0.0,0.0,0.0,0.0
931742930463661702,1.264957308769226,14.074292802132701,279.53175355450236,159.9869842529297,1646.692247725211
931842930528286902,0.0,0.0,0.0,0.0,0.0
931942928791257601,0.0,0.0,0.0,0.0,0.0
932042927963688202,2.200000047683716,14.263301310627675,66.7089871611983,8.494647979736328,71.31650550831401
932042930457131901,0.0,0.0,0.0,0.0,0.0
932042930480780201,0.0,0.0,0.0,0.0,0.0
932342930459475501,0.0,12.70106079964648,12.701198893329234,1.0359675884246826,12.70106079964648
932442928716053102,0.0,0.0,0.0,0.0,0.0
932542928932360901,0.0,0.0,0.0,0.0,0.0
932542930527348602,5.75,11.11661685805723,74.07951807228916,10.907381057739258,177.865869361234
932642930454303502,0.0,0.0,0.0,0.0,0.0
932742930455556601,0.0,0.0,0.0,0.0,0.0
932742930519252302,0.0,0.0,0.0,0.0,0.0
932942930550179502,0.0,0.0,0.0,0.0,0.0
933042928956248401,1.1782177686691284,12.330232501665186,52.0461811722913,121.87085723876953,1245.3534434032272
933042930457014801,0.0,0.0,0.0,0.0,0.0
933142930540993801,0.0,0.0,0.0,0.0,0.0
933242930449161502,3.357142925262451,8.69054049262481,52.29803328290469,9.739404678344727,121.66756578869611
933242930537963601,0.0,0.0,0.0,0.0,0.0
933342930525591301,2.5999999046325684,7.8027226980412205,28.9332913782253,10.601362228393555,78.0272273798271
933342930527377502,0.0,0.0,0.0,0.0,0.0
933442930530951801,0.0,0.0,0.0,0.0,0.0
933542929696803401,0.0,0.0,0.0,0.0,0.0
933642930454959501,0.0,0.0,0.0,0.0,0.0
933742930472953802,0.0,0.0,0.0,0.0,0.0
933742930528937901,0.0,0.0,0.0,0.0,0.0
933742930538047201,0.0,0.0,0.0,0.0,0.0
933842930474197002,0.0,0.0,0.0,0.0,0.0
933842930518159301,2.0990099906921387,5.936881888051044,95.30719257540603,94.48583221435547,599.6250801682748
933842930524928301,1.5696202516555786,9.33280659392581,51.91490857946554,90.009033203125,737.2917133511035
933942929839568101,0.0,0.0,0.0,0.0,0.0
933942930509091501,0.0,0.0,0.0,0.0,0.0
934142930518525302,0.0,0.0,0.0,0.0,0.0
934142930530981902,0.0,0.0,0.0,0.0,0.0
934342930531028502,0.0,0.0,0.0,0.0,0.0
934542929155433302,0.0,0.0,0.0,0.0,0.0
934542930517681201,0.0,0.0,0.0,0.0,0.0
934642930477461301,0.0,0.0,0.0,0.0,0.0
935142930463786502,0.0,0.0,0.0,0.0,0.0
935142930541222702,0.0,0.0,0.0,0.0,0.0
935242930460078602,0.0,0.0,0.0,0.0,0.0
935342927959101101,0.0,0.0,0.0,0.0,0.0
935442928592643802,0.0,0.0,0.0,0.0,0.0
935642930452402301,0.0,0.0,0.0,0.0,0.0
935642930515567401,0.0,0.0,0.0,0.0,0.0
935742930520382601,0.0,12.410576398982558,0.0,5.462714672088623,62.05288419501726
935742930541781601,1.8181818723678589,1.8478691332267991,30.734848484848484,6.9201979637146,40.65312119686242
935842928811545302,0.0,0.0,0.0,0.0,0.0
935842930460463801,0.0,0.0,0.0,0.0,0.0
935842930534066701,0.0,0.0,0.0,0.0,0.0
935942929514180801,0.0,0.0,0.0,0.0,0.0
936042930546719001,2.8947367668151855,5.206150503573749,156.28167641325535,105.66712951660156,593.5011751417838
936142930476343402,0.0,0.0,0.0,0.0,0.0
936342930527599201,0.0,0.0,0.0,0.0,0.0
936442930525946601,0.0,0.0,0.0,0.0,0.0
936542930457068901,0.0,0.0,0.0,0.0,0.0
936642930544230002,0.0,0.0,0.0,0.0,0.0
936842930526253202,0.0,0.0,0.0,0.0,0.0
936942930523966801,0.0,0.0,0.0,0.0,0.0
937042930527302401,0.0,0.0,0.0,0.0,0.0
937142930544141601,0.0,0.0,0.0,0.0,0.0
937342929197877702,0.0,0.0,0.0,0.0,0.0
937342930480526801,0.0,0.0,0.0,0.0,0.0
937442928855459801,0.0,0.0,0.0,0.0,0.0
937442930453112102,8.0,19.38690767626022,19.38692098092643,1.8770993947982788,19.38690767626022
937442930475637001,2.473684310913086,2.9942971162441085,20.633837152608482,8.092000961303711,56.8916427089047
937442930516024602,2.4015748500823975,8.838449605736663,145.39034716342084,112.95751953125,1122.4830593235104
937442930542739702,0.0,0.0,0.0,0.0,0.0
937542930526897101,2.142857074737549,143.73077928870293,977.0753138075314,66.07649230957031,1006.1154683963025
937542930526985101,0.007462686393409967,5.623207542602634,14.807591014717273,97.196044921875,753.5098103204871
937642930454191101,0.0,0.0,0.0,0.0,0.0
937642930473170801,1.0,20.565964673913044,38.00869565217391,3.3744521141052246,41.13193040930707
937742928592898001,0.0,0.0,0.0,0.0,0.0
937842930459924202,0.0,0.0,0.0,0.0,0.0
937842930461638902,0.0,0.0,0.0,0.0,0.0
938142930515723001,0.0,0.0,0.0,0.0,0.0
938142930526940802,0.0,0.0,0.0,0.0,0.0
938242928197772002,0.0,9.526012442851206,57.98947076752563,91.69145202636719,1038.335405353431
938342929816265001,0.0,0.0,0.0,0.0,0.0
938442930454105402,0.0,0.0,0.0,0.0,0.0
938542930462120901,0.0,0.0,0.0,0.0,0.0
938742930518999702,3.620689630508423,6.365186119904262,68.92649783817171,33.56471633911133,184.59039126567592
938842930474976401,0.0,0.0,0.0,0.0,0.0
938842930543152902,0.0,0.0,0.0,0.0,0.0
939042930548332801,0.0,0.0,0.0,0.0,0.0
939242930446771801,0.6000000238418579,26.38283401357199,44.00472069236822,34.80144500732422,263.82835435004426
939242930479992301,0.0,0.0,0.0,0.0,0.0
939242930509041702,0.0,0.0,0.0,0.0,0.0
939242930548211701,0.0,0.0,0.0,0.0,0.0
939242930548652701,4.949999809265137,8.775758429148539,125.59042883778744,84.16212463378906,526.5455157704943
939342929765966202,0.0,0.0,0.0,0.0,0.0
939342930473934202,0.0,0.0,0.0,0.0,0.0
939342930523241902,0.0,0.0,0.0,0.0,0.0
939442930452957201,3.5714285373687744,9.808483769460086,128.6922822126532,107.51957702636719,686.5938562328115
939442930528608801,0.0,0.0,0.0,0.0,0.0
939542930451272102,0.0,0.0,0.0,0.0,0.0
939642930451471602,0.0,0.0,0.0,0.0,0.0
939842929704106701,2.4642856121063232,3.4322927396648812,46.3715149017992,12.911943435668945,96.10419517027744
939842930507810401,0.0,0.0,0.0,0.0,0.0
939842930517522401,0.0,0.0,0.0,0.0,0.0
939942930476165701,0.0,0.0,0.0,0.0,0.0
939942930542289402,0.0,0.0,0.0,0.0,0.0
941142930534431501,2.8979592323303223,7.734243652118839,121.47627821280516,126.10293579101562,757.9558813359978
941142930545872602,0.0,0.0,0.0,0.0,0.0
941142930548990301,145.5,105.83088599445325,62.40095087163233,24.328495025634766,211.66176425069335
941242930474424202,0.0,0.0,0.0,0.0,0.0
941342930461458301,0.0,0.0,0.0,0.0,0.0
941442930479692801,0.0,0.0,0.0,0.0,0.0
941542928255482301,0.0,0.0,0.0,0.0,0.0
941542930462060502,0.0,0.0,0.0,0.0,0.0
941542930470118401,1.8333333730697632,3.20531350403128,18.445198836081474,3.317039728164673,19.231881690187205
941542930529255201,0.0,0.0,0.0,0.0,0.0
941942927910731901,0.0,0.0,0.0,0.0,0.0
941942930461589102,0.0,0.0,0.0,0.0,0.0
942042930032274901,0.0,0.0,0.0,0.0,0.0
942142930447592902,0.0,0.0,0.0,0.0,0.0
942342930518833601,0.0,0.0,0.0,0.0,0.0
942442930453329401,0.0,0.0,0.0,0.0,0.0
942442930457807202,0.0,0.0,0.0,0.0,0.0
942442930460632602,2.238095283508301,4.951497395833333,106.49761051373955,28.07994842529297,207.9628815941486
942642929012902302,0.0,0.0,0.0,0.0,0.0
942742930466822802,0.0,0.0,0.0,0.0,0.0
942742930519720902,0.0,0.0,0.0,0.0,0.0
942842930477915801,2.2761905193328857,3.9541292508157064,125.94014401440144,51.2341423034668,415.183559654641
942942930547137602,0.0,0.0,0.0,0.0,0.0
943142930509444401,0.0,0.0,0.0,0.0,0.0
943342930509329501,0.0,0.0,0.0,0.0,0.0
943342930544199401,0.0,0.0,0.0,0.0,0.0
943542930464139501,0.0,0.0,0.0,0.0,0.0
943642930479213902,0.0,42.53004045050761,42.52994923857868,0.9251588582992554,42.53004045050761
943742928087871102,0.0,0.0,0.0,0.0,0.0
943842930529052702,0.0,0.0,0.0,0.0,0.0
944142930542121701,1.0989011526107788,13.787968308892722,54.2107904642409,138.24891662597656,1254.7051332251192
944242930342578102,0.0,0.0,0.0,0.0,0.0
944242930445392502,0.0,0.0,0.0,0.0,0.0
944242930472298301,0.0,0.0,0.0,0.0,0.0
944242930474047102,0.0,0.0,0.0,0.0,0.0
944442930542017101,3.965909004211426,11.409581935530921,156.77829638273045,113.9227066040039,1004.0432211788004
944542930529336601,0.0,0.0,0.0,0.0,0.0
944642929346227102,0.0,9.33983779535061,9.341463414634147,0.8212930560112,9.33983779535061
944742930546665502,0.0,0.0,0.0,0.0,0.0
944842930465235601,0.0,0.0,0.0,0.0,0.0
944942930520025202,0.0,0.0,0.0,0.0,0.0
944942930538226902,0.0,0.0,0.0,0.0,0.0
945242930518057601,0.0,0.0,0.0,0.0,0.0
945342928042164101,0.0,4.943030452421624,0.0,2.2043488025665283,19.77212188328194
945442930461182102,31.75,5.260038378370089,25.689537772597614,3.8526198863983154,42.08030660761663
945442930518184901,0.0,0.0,0.0,0.0,0.0
945542930463901201,0.0,2.818918363118682,0.0,94.62747955322266,326.9945238510799
945542930546254701,0.0,0.0,0.0,0.0,0.0
945642930159053002,0.0,0.0,0.0,0.0,0.0
945642930478660402,0.0,0.0,0.0,0.0,0.0
945842930451087302,0.0,0.0,0.0,0.0,0.0
945842930476731902,0.0,0.0,0.0,0.0,0.0
945942930521806602,0.0,0.0,0.0,0.0,0.0
945942930526366102,0.15086206793785095,5.610954717630854,138.56198347107437,199.8576202392578,1301.7414594098557
946042930519863902,0.0,0.0,0.0,0.0,0.0
946142930477236001,0.0,0.0,0.0,0.0,0.0
946242930509212701,0.0,182.11233320745217,599.5798086606244,131.0342254638672,728.4493623332074
946242930531513302,0.0,0.0,0.0,0.0,0.0
946542930465158901,3.873563289642334,10.594494342501585,216.31071655041217,94.74758911132812,921.720998506419
946842930473857801,0.0,0.0,0.0,0.0,0.0
946842930476230701,4.800000190734863,38.58407990828805,771.6739130434783,29.845760345458984,771.681596286055
946942930530661002,1.0,13.417159834488068,13.41724403387221,0.9756131768226624,13.417159834488068
946942930537237702,0.0,0.0,0.0,0.0,0.0
947242930475971002,0.0,0.0,0.0,0.0,0.0
947842930527354601,0.0,0.0,0.0,0.0,0.0
947942930473102701,0.0,0.0,0.0,0.0,0.0
948042930467962102,2.203252077102661,8.420858340930579,124.43057806591032,114.578857421875,1035.7656012034815
948042930532359001,0.0,0.0,0.0,0.0,0.0
948042930532892601,0.0,0.0,0.0,0.0,0.0
948142930480739001,0.0,0.0,0.0,0.0,0.0
948242930452569402,0.0,0.0,0.0,0.0,0.0
948442928758016001,13.0,2.5732056529809397,51.46382978723404,5.9246063232421875,51.46411399029671
948442930476324001,0.0,0.0,0.0,0.0,0.0
948442930547843002,1.7659574747085571,8.358468175078674,90.66521423384168,33.28026580810547,392.84802500222213
948542930465223801,0.0,0.0,0.0,0.0,0.0
948642930510240601,0.0,0.0,0.0,0.0,0.0
948842930479969002,0.0,0.0,0.0,0.0,0.0
948942928932458401,0.0,0.0,0.0,0.0,0.0
948942930516425501,0.0,0.0,0.0,0.0,0.0
949042929022389002,0.0,0.0,0.0,0.0,0.0
949042930521017201,3.047619104385376,8.59021903632199,137.21832460732983,48.68523406982422,541.1837742161376
949142930529305901,2.5,5.341593608597285,10.683257918552036,1.8127832412719727,10.68318721719457
949242930460437801,0.0,0.0,0.0,0.0,0.0
949242930517862002,1.5,5.675345439767283,11.350444900752908,1.3617743253707886,11.350691547955167
949342930517533902,4.161290168762207,7.237061786167513,174.9720812182741,54.4780387878418,448.69784614640446
949442930530844502,0.0,0.0,0.0,0.0,0.0
949642930473528401,0.0,0.0,0.0,0.0,0.0
949642930475075602,0.0,0.0,0.0,0.0,0.0
949742930475932202,0.0,0.0,0.0,0.0,0.0
951142930454404802,0.0,0.0,0.0,0.0,0.0
951242930522972602,0.0,0.0,0.0,0.0,0.0
951342930534067702,0.0,0.0,0.0,0.0,0.0
951642928153700201,0.3030303120613098,10.713126200975562,183.1344107213244,122.3536148071289,1414.132659360279
951642930545898901,0.0,0.0,0.0,0.0,0.0
951742930547731801,0.0,0.0,0.0,0.0,0.0
951742930548683601,0.0,0.0,0.0,0.0,0.0
951842928005351602,2.307142972946167,4.44581726934326,106.84352565806967,93.88249206542969,622.4144424929386
951842930480654401,0.0,0.0,0.0,0.0,0.0
951942930531831401,0.0,0.0,0.0,0.0,0.0
952042930529873001,0.0,0.0,0.0,0.0,0.0
952042930534458201,0.0,0.0,0.0,0.0,0.0
952342928832402902,0.0,0.0,0.0,0.0,0.0
952442930522661301,0.0,0.0,0.0,0.0,0.0
952642930466446201,0.0,0.0,0.0,0.0,0.0
952742930519006401,0.0,0.0,0.0,0.0,0.0
953042930474364501,2.507042169570923,30.82906385738417,88.45173745173746,92.1002426147461,2188.8635897226777
953042930529477401,0.0,0.0,0.0,0.0,0.0
953142930462837201,0.0,160.95638513513512,0.0,8.114737510681152,160.95638513513512
953242930538614501,0.0,0.0,0.0,0.0,0.0
953342930524863801,4.6964287757873535,11.765597673508836,120.25478645066273,94.17550659179688,658.873488403736
953442930451189902,0.0,0.0,0.0,0.0,0.0
953442930515440001,1.3333333730697632,4.851242083374167,28.672689631517052,9.708425521850586,72.76862957280368
953542930454383101,0.0,0.0,0.0,0.0,0.0
953542930455845302,1.6292134523391724,9.360949471633953,97.76515151515152,98.24285888671875,833.1245040883703
953642930540523101,0.0,0.0,0.0,0.0,0.0
953942930458602702,0.0,0.0,0.0,0.0,0.0
954042930521132401,0.0,0.0,0.0,0.0,0.0
954142930453395402,0.0,0.0,0.0,0.0,0.0
954242929843369301,0.0,0.0,0.0,0.0,0.0
954242930528200102,0.0,0.0,0.0,0.0,0.0
954342930467802401,0.0,0.0,0.0,0.0,0.0
954442930547976801,0.0,0.0,0.0,0.0,0.0
954542930452237002,2.232558250427246,6.382491883921491,203.33663758921492,140.0574493408203,823.3414490841193
954542930480346202,0.0,0.0,0.0,0.0,0.0
954542930546452101,0.0,0.0,0.0,0.0,0.0
955342928159200301,0.0,0.0,0.0,0.0,0.0
955342930473324302,0.0,0.0,0.0,0.0,0.0
955542930480227901,0.0,0.0,0.0,0.0,0.0
955642930531170101,0.0,0.0,0.0,0.0,0.0
955742930539644702,0.0,0.0,0.0,0.0,0.0
956042929141354202,0.0,0.0,0.0,0.0,0.0
956142929309425801,0.0,0.0,0.0,0.0,0.0
956342930479677001,3.948051929473877,9.191539197865099,161.1056105610561,100.95391082763672,707.7485451462245
956542930473319301,0.0,0.0,0.0,0.0,0.0
956542930525395202,0.0,0.0,0.0,0.0,0.0
956542930541439401,0.0,0.0,0.0,0.0,0.0
956842930450876002,0.0,0.0,0.0,0.0,0.0
956842930527651202,0.0,0.0,0.0,0.0,0.0
956842930532920901,0.0,0.0,0.0,0.0,0.0
956942928043638902,0.0,0.0,0.0,0.0,0.0
956942930479612601,0.0,0.0,0.0,0.0,0.0
956942930526853301,0.034090910106897354,13.47696038803557,43.00080840743735,109.04492950439453,1185.9724517496923
957142930548126201,0.0,0.0,0.0,0.0,0.0
957442930455747502,2.4324324131011963,5.0250630174946584,102.30235042735043,77.57152557373047,557.7819753905646
957642928954607202,0.0,0.0,0.0,0.0,0.0
957842930530259601,0.0,0.0,0.0,0.0,0.0
957942930479052102,106.66666412353516,22.07130730050934,66.21392190152801,10.24073600769043,66.21392190152801
958242930542525701,4.328125,6.942833296646856,124.06310074106685,64.95872497558594,444.3413406630694
958442930462254801,0.0,0.0,0.0,0.0,0.0
958542928258080802,0.0,0.0,0.0,0.0,0.0
958742930518895201,0.701298713684082,7.284158345892991,113.45440844009043,55.10086441040039,560.8801686343085
958942930527515102,0.0,0.0,0.0,0.0,0.0
959042930526136701,0.0,0.0,0.0,0.0,0.0
959442930546133502,0.0,0.0,0.0,0.0,0.0
959742930537123502,0.0,0.0,0.0,0.0,0.0
959942930543369201,0.0,55.603994693396224,166.39536878216123,12.238455772399902,333.6239673228452
961142930351069302,0.0,0.0,0.0,0.0,0.0
961142930461546202,0.0,0.0,0.0,0.0,0.0
961142930517747501,0.0,0.0,0.0,0.0,0.0
961242930455161301,0.0,0.0,0.0,0.0,0.0
961242930464261901,0.0,0.0,0.0,0.0,0.0
961442930467759901,0.0,0.0,0.0,0.0,0.0
961442930518773602,0.0,0.0,0.0,0.0,0.0
961442930532689401,0.0,0.0,0.0,0.0,0.0
961542929346340301,0.0,0.0,0.0,0.0,0.0
961942929839471701,0.0,0.0,0.0,0.0,0.0
961942930515553502,2.2571427822113037,5.008940234236627,76.26425788168615,12.26876163482666,175.31291119815018
962142930530993302,0.0,0.0,0.0,0.0,0.0
962342930452810602,0.8768116235733032,5.5588203426495415,31.66473709599614,63.31096649169922,767.1172056228023
962342930468882301,0.0,0.0,0.0,0.0,0.0
962342930508053501,2.799999952316284,5.346631538400758,102.27307206068268,28.288698196411133,240.59841363763087
962442928210611301,0.0,0.0,0.0,0.0,0.0
962542930463322701,0.0,0.0,0.0,0.0,0.0
962642930469208602,0.0,0.0,0.0,0.0,0.0
962742929456836401,0.0,0.0,0.0,0.0,0.0
962842930531880501,0.0,0.0,0.0,0.0,0.0
962942927979853501,0.0,0.0,0.0,0.0,0.0
962942930460668301,2.5050504207611084,7.490868413893569,118.37545633249087,123.19450378417969,741.5959658254502
963042930532763301,0.0,0.0,0.0,0.0,0.0
963342928043761402,0.0,0.0,0.0,0.0,0.0
963342930518326502,0.0,0.0,0.0,0.0,0.0
963442928683947202,0.0,0.0,0.0,0.0,0.0
963442930510408502,0.0,0.0,0.0,0.0,0.0
963442930516942101,0.0,0.0,0.0,0.0,0.0
963642929658219501,0.0,0.0,0.0,0.0,0.0
963642930509821701,0.006896551698446274,6.2249851961869265,85.66022094084299,105.27840423583984,902.6228831571134
963742930449124201,0.0,0.0,0.0,0.0,0.0
963842930450989202,0.0,0.0,0.0,0.0,0.0
963842930527426602,0.0,0.0,0.0,0.0,0.0
963842930531766301,0.0,0.0,0.0,0.0,0.0
963842930546998002,0.0,0.0,0.0,0.0,0.0
963942930460038501,0.0,0.0,0.0,0.0,0.0
964042930464943902,0.0,0.0,0.0,0.0,0.0
964142930516904502,1.2337661981582642,13.396718119034508,229.34214390602057,108.43081665039062,1031.5472756720499
964142930517458502,0.0,0.0,0.0,0.0,0.0
964242930529017801,0.0,0.0,0.0,0.0,0.0
964342930516445401,0.0,0.0,0.0,0.0,0.0
964442930451204401,0.0,0.0,0.0,0.0,0.0
964442930468841802,157.0,73.9268680445151,73.9268680445151,10.35594367980957,73.9268680445151
964442930516029901,2.2266666889190674,15.025402879162645,101.52123552123552,97.0622787475586,1126.9052124016102
964542930534829601,0.0,0.0,0.0,0.0,0.0
964642930447303601,0.0,0.0,0.0,0.0,0.0
964642930508199002,0.0,0.0,0.0,0.0,0.0
964742928265489001,43.599998474121094,0.4277903106508876,2.1389349112426035,0.2595173120498657,2.1389515261678302
965042930523449702,0.0,0.0,0.0,0.0,0.0
965042930527584901,0.0,0.0,0.0,0.0,0.0
965242930478938802,0.0,0.0,0.0,0.0,0.0
965242930545341502,0.0,0.0,0.0,0.0,0.0
965442929269076802,0.0,0.0,0.0,0.0,0.0
965442930466459402,0.0,0.0,0.0,0.0,0.0
965542930518402902,2.2962963581085205,2.426512729939831,24.688958295057873,11.39490795135498,65.51584489700791
965542930519327801,0.0,0.0,0.0,0.0,0.0
965642930507931901,0.0,0.0,0.0,0.0,0.0
965642930550576402,0.0,0.0,0.0,0.0,0.0
965842930462978301,0.0,0.0,0.0,0.0,0.0
965942930456290901,0.0,0.0,0.0,0.0,0.0
965942930479991401,0.0,0.0,0.0,0.0,0.0
966042930523863102,0.0,0.0,0.0,0.0,0.0
966242930458293601,0.0,0.0,0.0,0.0,0.0
966242930507778301,0.0,0.0,0.0,0.0,0.0
966242930537487801,0.0,0.0,0.0,0.0,0.0
966542930452374102,0.0,0.0,0.0,0.0,0.0
966642930509129402,0.0,0.0,0.0,0.0,0.0
966842930546828601,2.3628318309783936,7.2696326347094224,180.4055858566861,72.26200866699219,821.4685213154636
967142930464488001,0.0,0.0,0.0,0.0,0.0
967142930547103301,0.0,0.0,0.0,0.0,0.0
967242930460534302,0.0,0.0,0.0,0.0,0.0
967242930472745001,0.0,0.0,0.0,0.0,0.0
967342930528042701,0.0,0.0,0.0,0.0,0.0
967442930520025701,0.0,0.0,0.0,0.0,0.0
967842930463013002,0.0,0.0,0.0,0.0,0.0
967842930542203001,1.0,5.746400889875531,5.7463570127504555,0.8881052732467651,5.746400889875531
968142930475744302,2.9285714626312256,6.061457252766251,102.7116182572614,75.2576675415039,509.1623846294145
968142930477114302,0.0,0.0,0.0,0.0,0.0
968242930522030001,0.0,0.0,0.0,0.0,0.0
968342930475811501,3.0,2.2665574702132107,9.328874024526199,1.6368790864944458,11.332787078891444
968442930465095302,1.6666666269302368,2.826055753136714,8.478134110787172,1.2014172077178955,8.478167462775927
968542930461923801,0.0,0.0,0.0,0.0,0.0
968542930529489202,0.0,0.0,0.0,0.0,0.0
968542930532377101,6.5,4.932554798026806,64.3946388682055,42.87611770629883,236.76262283836473
968642930464498502,0.0,0.0,0.0,0.0,0.0
968742929476694201,0.0,0.0,0.0,0.0,0.0
969142928602042001,0.0,0.0,0.0,0.0,0.0
969242930522298301,0.0,0.0,0.0,0.0,0.0
969342930519945302,0.0,0.0,0.0,0.0,0.0
969342930533498502,0.6315789222717285,12.14422759027139,42.349586016559336,120.64421081542969,1153.7016423661005
969442928865184902,2.0,0.0920203803848697,0.09200626959247649,0.015234253369271755,0.0920203803848697
969542928213898601,0.0,0.0,0.0,0.0,0.0
969742930530626001,0.0,0.0,0.0,0.0,0.0
969842930524830001,2.777777671813965,20.355700125102125,120.05228758169935,39.09943389892578,549.6038901385139
969942930469259302,0.0,0.0,0.0,0.0,0.0
971242930533584501,0.0,0.0,0.0,0.0,0.0
971542930543396901,0.0,0.0,0.0,0.0,0.0
971642930528796401,0.0,0.0,0.0,0.0,0.0
971842928119434301,0.0,0.0,0.0,0.0,0.0
971942930462817402,0.0,0.0,0.0,0.0,0.0
972142930534486401,0.0,0.0,0.0,0.0,0.0
972242930466527502,2.532710313796997,8.325773364712733,203.68198757763975,155.22052001953125,890.8577744466409
972342930456637902,0.0,0.0,0.0,0.0,0.0
972442930463760402,0.0,0.0,0.0,0.0,0.0
972542928779048802,0.0,0.0,0.0,0.0,0.0
972642928168076602,0.0,0.0,0.0,0.0,0.0
972842930545512801,0.0,0.0,0.0,0.0,0.0
973142930549041502,0.0,0.0,0.0,0.0,0.0
973242930455705001,3.6500000953674316,10.147976131889763,179.00562429696288,65.42241668701172,811.8380783068181
973242930523546102,0.0,0.0,0.0,0.0,0.0
973342930468039502,0.0,0.0,0.0,0.0,0.0
973442930476837301,0.0,0.0,0.0,0.0,0.0
973542930517808201,0.0,0.0,0.0,0.0,0.0
973642930459367202,0.0,0.0,0.0,0.0,0.0
973742930459430801,0.0,0.0,0.0,0.0,0.0
973742930459958501,0.0,0.0,0.0,0.0,0.0
973842930533953702,0.0,0.0,0.0,0.0,0.0
974142930460705201,0.0,0.0,0.0,0.0,0.0
974342930474992301,0.0,0.0,0.0,0.0,0.0
974342930526845102,0.0,0.0,0.0,0.0,0.0
974342930550376201,2.3389830589294434,3.179710429128466,46.53264758497317,35.86845397949219,187.60291497054808
974542928135600801,0.0,0.0,0.0,0.0,0.0
974642930459633401,2.2899999618530273,5.245280551556705,102.62482920163967,107.34815216064453,524.5280444079862
974742930478575402,0.0,0.0,0.0,0.0,0.0
974742930529994401,0.0,0.0,0.0,0.0,0.0
974742930550060201,0.0,0.0,0.0,0.0,0.0
974942930457040201,0.0,0.0,0.0,0.0,0.0
974942930543725101,0.0,0.0,0.0,0.0,0.0
975042930510541501,0.0,0.0,0.0,0.0,0.0
975242930453297801,0.0,0.0,0.0,0.0,0.0
975242930461071801,2.5797102451324463,7.476863393032144,225.8859270874167,77.9010238647461,515.9035577987139
975842928932504301,0.0,0.0,0.0,0.0,0.0
975842929372830602,3.7101449966430664,6.722547551186598,135.61572824569566,58.64692306518555,463.8557996360243
975842930459401601,0.0,0.0,0.0,0.0,0.0
975942930550236302,5.677419185638428,12.762238955318864,395.63022508038586,40.34764099121094,395.6293961994134
976042930510456402,0.0,0.0,0.0,0.0,0.0
976142930517873802,0.0,0.0,0.0,0.0,0.0
976342930474245901,1.0,1.7167416241580824,1.7167591125198098,0.19564376771450043,1.7167416241580824
976542930455330202,0.0,0.0,0.0,0.0,0.0
976642928236013301,15.214285850524902,2.040635758538583,28.568793982043193,4.013941764831543,28.568900900944666
976642930525848502,0.0,0.0,0.0,0.0,0.0
976742930515539501,0.0,0.0,0.0,0.0,0.0
976842930528358801,0.0,0.0,0.0,0.0,0.0
976942929166149801,0.0,0.0,0.0,0.0,0.0
976942929649420101,0.0,0.0,0.0,0.0,0.0
976942930517612501,0.0,0.0,0.0,0.0,0.0
976942930544036701,2.3986012935638428,4.920985143669671,77.29631407888905,73.93982696533203,703.7008714682947
977042929761804101,0.0,0.0,0.0,0.0,0.0
977042929766082001,0.0,0.0,0.0,0.0,0.0
977042930453187802,0.0,0.0,0.0,0.0,0.0
977042930455229602,0.0,0.0,0.0,0.0,0.0
977042930520193801,0.0,4.500652613471753,0.0,105.96831512451172,531.0770181490568
977242930456572102,5.354838848114014,22.900604081284154,196.69508196721313,86.66336059570312,709.9187541190392
977442930530523401,0.0,0.0,0.0,0.0,0.0
977542929575506301,0.0,0.0,0.0,0.0,0.0
977542930452687101,0.0,0.0,0.0,0.0,0.0
977542930475079801,0.0,0.0,0.0,0.0,0.0
977742930517508802,0.0,0.0,0.0,0.0,0.0
977842930530993101,0.0,0.0,0.0,0.0,0.0
978042930473153201,0.0,0.0,0.0,0.0,0.0
978042930477375602,0.0,0.0,0.0,0.0,0.0
978042930534141902,0.0,0.0,0.0,0.0,0.0
978242930518591502,0.0,0.0,0.0,0.0,0.0
978342930537191602,0.0,0.0,0.0,0.0,0.0
978442930517492601,0.542553186416626,4.445506952363164,49.85907518087449,52.99140548706055,417.87765056752875
978542930508391901,2.522387981414795,5.016940777992368,129.2656366344006,74.25141906738281,672.2700519254646
978842930400230701,0.0,0.0,0.0,0.0,0.0
978842930528686002,0.0,0.0,0.0,0.0,0.0
978942930532049202,6.5714287757873535,3.8308576761539,26.81705948372615,1.5244308710098267,26.816004589350538
979142930452654002,0.0,0.0,0.0,0.0,0.0
979242930527183501,0.0,0.0,0.0,0.0,0.0
979442930462990301,0.0,0.0,0.0,0.0,0.0
979442930509263301,2.769230842590332,5.818161494586233,53.00316388947479,21.15699005126953,151.27219983873124
979442930524665801,0.0,0.0,0.0,0.0,0.0
979442930525011102,63.0,8.440547729287754,8.440547729287754,1.3611475229263306,8.440547729287754
979542928748781302,0.0,0.0,0.0,0.0,0.0
979542930454523202,0.0,0.0,0.0,0.0,0.0
979642930533659501,0.0,0.0,0.0,0.0,0.0
979642930535500002,0.0,0.0,0.0,0.0,0.0
979742930142546301,0.0,0.0,0.0,0.0,0.0
979742930523962802,0.0,0.0,0.0,0.0,0.0
979842930522363902,0.0,0.0,0.0,0.0,0.0
979942930544406401,0.0,0.0,0.0,0.0,0.0
981142928030358901,0.0,0.0,0.0,0.0,0.0
981242930533902402,0.0,0.0,0.0,0.0,0.0
981342928887221701,0.0,0.0,0.0,0.0,0.0
981542930534375901,0.0,0.0,0.0,0.0,0.0
981742930459941402,0.0,0.0,0.0,0.0,0.0
981742930548355901,0.0,0.0,0.0,0.0,0.0
981942930469934001,1.6321839094161987,7.9719988962950135,1101.1168051708219,161.59703063964844,1387.1277296923975
981942930529053301,0.0,0.0,0.0,0.0,0.0
982142930455207302,0.0,0.0,0.0,0.0,0.0
982142930544994001,0.0,0.0,0.0,0.0,0.0
982242930289696801,1.0,1.219781578967778,1.2197220383851755,0.18592937290668488,1.219781578967778
982242930460539502,0.0,0.0,0.0,0.0,0.0
982542930479890101,0.0,0.0,0.0,0.0,0.0
982642930544558602,0.0,0.0,0.0,0.0,0.0
983042930460799001,0.0,0.0,0.0,0.0,0.0
983042930466731102,0.0,0.0,0.0,0.0,0.0
983242930451643002,0.0,0.0,0.0,0.0,0.0
983342929259477301,0.0,0.0,0.0,0.0,0.0
983342930459033601,0.0,0.0,0.0,0.0,0.0
983542930453502302,0.0,631.1935675492193,122.20909708078752,0.0,631.1935675492193
983642928131153402,0.0,0.0,0.0,0.0,0.0
983842930526950101,0.0,0.0,0.0,0.0,0.0
984142929194564701,0.029999999329447746,3.2120777511312917,4.911976196379866,38.61455154418945,321.2077671820018
984142930475337102,0.0,0.0,0.0,0.0,0.0
984142930540765001,0.0,0.0,0.0,0.0,0.0
984342930458719601,0.0,48.06907942898975,0.0,8.243046760559082,48.06907942898975
984442930473622301,2.142857074737549,5.09760151947048,15.805005314523143,5.381709098815918,35.683211438378706
984442930508716301,0.0,0.0,0.0,0.0,0.0
984742930461979802,0.0,0.0,0.0,0.0,0.0
984742930524745701,0.0,0.0,0.0,0.0,0.0
984842930464541401,0.0,0.0,0.0,0.0,0.0
984842930522944902,0.0,0.0,0.0,0.0,0.0
984942930471672501,2.5272727012634277,22.532246546725784,122.92633015006821,130.01556396484375,1239.2735420112558
985042930200071502,0.0,0.0,0.0,0.0,0.0
985142928043557302,0.0,0.0,0.0,0.0,0.0
985142930453584501,0.0,0.0,0.0,0.0,0.0
985242928800758901,0.0,0.0,0.0,0.0,0.0
985242930524502401,0.0,0.0,0.0,0.0,0.0
985342930474563601,0.0,0.0,0.0,0.0,0.0
985442927963764302,0.0,0.0,0.0,0.0,0.0
985442930524342302,0.0,0.0,0.0,0.0,0.0
985542930469752901,0.0,0.0,0.0,0.0,0.0
985642930461590101,0.0,0.0,0.0,0.0,0.0
985642930550518002,0.0,0.0,0.0,0.0,0.0
985742930534538501,2.5,7.25767901205829,36.24079333302295,15.116316795349121,101.60750424788093
986042930008347601,0.0,9.563785552978516,109.97786458333333,169.05841064453125,1090.271555744422
986042930528538801,0.0,0.0,0.0,0.0,0.0
986142929613470602,0.0,0.0,0.0,0.0,0.0
986142930459552302,1.0,71.27149506450351,11.499609069585613,9.91981315612793,71.27149506450351
986442929331698002,0.0,0.0,0.0,0.0,0.0
986642930473804201,3.8241758346557617,8.108869292008812,144.52309232926098,79.93790435791016,737.9071289915134
986642930473913701,0.0,0.0,0.0,0.0,0.0
986742930540662901,0.0,0.0,0.0,0.0,0.0
986942930538931002,0.0,0.0,0.0,0.0,0.0
987142928113131802,3.4528300762176514,10.863169642857143,169.9004081632653,69.69770050048828,575.747978839485
987242930522519402,0.0,0.0,0.0,0.0,0.0
987342930447013802,3.188405752182007,8.580274137544803,64.68189964157706,46.62766647338867,592.0389221026479
987342930543887301,3.200000047683716,9.204611696395817,68.04695524578136,9.391772270202637,92.04611935968882
987342930546530302,0.0,0.0,0.0,0.0,0.0
987442930540724001,0.0,0.0,0.0,0.0,0.0
987542930462842201,0.0,0.0,0.0,0.0,0.0
987642930463086101,0.0,0.0,0.0,0.0,0.0
987842930520131102,0.0,0.0,0.0,0.0,0.0
987842930521523001,0.0,0.0,0.0,0.0,0.0
987942930516014102,0.0,0.0,0.0,0.0,0.0
988342930518856902,1.5,3.82574549835292,7.4916904083570754,1.387089490890503,7.65149099670584
988442930454093302,2.4820144176483154,5.1719768287449135,116.42548321464903,82.16546630859375,718.9048040293968
988442930541634602,3.5999999046325684,29.260448408324688,103.08298755186722,12.60612964630127,146.30223900252852
988542930526469502,0.0,0.0,0.0,0.0,0.0
988542930534748501,0.0,0.0,0.0,0.0,0.0
988842930463926802,0.0,0.0,0.0,0.0,0.0
988842930464065702,0.0,0.0,0.0,0.0,0.0
988842930532545401,0.0,0.0,0.0,0.0,0.0
988942930454690401,0.0,0.0,0.0,0.0,0.0
989242930473765001,0.0,0.0,0.0,0.0,0.0
989542930524500402,0.0,0.0,0.0,0.0,0.0
989542930533468702,0.0,0.0,0.0,0.0,0.0
989842930461754501,0.0,0.0,0.0,0.0,0.0
989842930464132602,0.0,0.0,0.0,0.0,0.0
989942930456260802,0.0,0.0,0.0,0.0,0.0
991242930479098802,0.0,0.0,0.0,0.0,0.0
991342930540098101,0.0,0.0,0.0,0.0,0.0
991542930463664001,0.0,0.0,0.0,0.0,0.0
991542930518643601,0.0,0.0,0.0,0.0,0.0
991742930463945202,0.0,0.0,0.0,0.0,0.0
991842928825498401,0.0,0.0,0.0,0.0,0.0
991842930537303401,0.0,0.0,0.0,0.0,0.0
991942930511125502,0.0,0.0,0.0,0.0,0.0
992342930480155301,0.0,0.0,0.0,0.0,0.0
992542930480099201,0.0,10.819916501569976,0.0,2.7880795001983643,43.2796656412371
992542930525733701,0.0,0.0,0.0,0.0,0.0
992642930459466402,0.0,0.0,0.0,0.0,0.0
992642930477821202,0.0,0.0,0.0,0.0,0.0
993042930464585401,0.0,0.0,0.0,0.0,0.0
993042930510029501,1.2407407760620117,9.971052234299517,51.966787439613526,115.45065307617188,1076.8736312897597
993042930544697301,0.0,0.0,0.0,0.0,0.0
993142930475756501,0.0,0.0,0.0,0.0,0.0
993142930522642001,0.0,0.0,0.0,0.0,0.0
993142930528831101,0.0,0.0,0.0,0.0,0.0
993242930533153901,0.0,0.0,0.0,0.0,0.0
993242930550348701,0.0,0.0,0.0,0.0,0.0
993342927924660101,0.5,94.85969490453186,129.0303657694962,33.097190856933594,189.71938980906373
993442930474715502,0.0,0.0,0.0,0.0,0.0
993542929118579602,0.0,0.0,0.0,0.0,0.0
993542930477441201,0.0,0.0,0.0,0.0,0.0
993642930516157402,0.0,0.0,0.0,0.0,0.0
993842929550806601,0.0,0.0,0.0,0.0,0.0
993842930464478901,0.0,0.0,0.0,0.0,0.0
994042930473777501,0.0,0.0,0.0,0.0,0.0
994142930447787902,0.0,0.0,0.0,0.0,0.0
994142930465080302,3.474226713180542,8.116075124172186,126.37086092715232,96.1366958618164,787.2592661941288
994142930528868802,0.0,0.0,0.0,0.0,0.0
994342929861219802,0.0,0.0,0.0,0.0,0.0
994442929341356902,0.0,0.0,0.0,0.0,0.0
994442930527397301,1.0,5.535402123028909,11.070696452036794,0.6515944004058838,11.070804246057818
994742930545699501,0.0,0.0,0.0,0.0,0.0
994842930524179102,0.0,0.0,0.0,0.0,0.0
994942930459951601,0.11764705926179886,20.8884156915639,99.7085201793722,194.77359008789062,2485.721481579836
994942930515618002,3.4050633907318115,12.186635795976132,210.7233782129743,64.58738708496094,962.7441878207894
995042930164891701,0.0,0.0,0.0,0.0,0.0
995242930475545801,0.0,0.0,0.0,0.0,0.0
995242930476650102,0.0,0.0,0.0,0.0,0.0
995342930544702302,0.0,0.0,0.0,0.0,0.0
995442930480700601,0.0,0.0,0.0,0.0,0.0
995642930452472602,2.616666555404663,4.1921386508772684,44.08712479573407,39.37261199951172,251.52831296329396
995642930542493302,2.4715447425842285,6.834309170842613,154.81959910913142,95.23018646240234,840.6200322871218
995842930518515201,3.200000047683716,8.14461505308669,91.71059544658493,49.13359832763672,325.7845946122385
995842930539241201,0.0,0.0,0.0,0.0,0.0
995942930477593501,0.0,0.0,0.0,0.0,0.0
995942930529939201,3.3368420600891113,9.628504372427983,116.58802843247288,74.90560150146484,914.7079008605477
996042930476708302,0.0,0.0,0.0,0.0,0.0
996142930517008302,0.0,0.0,0.0,0.0,0.0
996142930534753101,0.0,0.0,0.0,0.0,0.0
996242930516143801,0.0,0.0,0.0,0.0,0.0
996642930531987401,0.0,0.0,0.0,0.0,0.0
996742930528624701,0.0,0.0,0.0,0.0,0.0
996842930454202601,0.0,0.0,0.0,0.0,0.0
996842930527901802,0.0,0.0,0.0,0.0,0.0
996942930456686002,0.0,22.684361786469346,39.017265680056376,20.849637985229492,113.42180526192153
997042930525912602,0.0,0.0,0.0,0.0,0.0
997042930535548801,0.0,0.0,0.0,0.0,0.0
997042930547202501,0.0,0.0,0.0,0.0,0.0
997142930448340801,0.0,0.0,0.0,0.0,0.0
997142930533991201,0.0,0.0,0.0,0.0,0.0
997442930528682401,0.0,0.0,0.0,0.0,0.0
997442930541550202,3.357142925262451,7.885147296503085,116.89362327358214,62.86237716674805,551.9603073743383
997542927924780301,0.0,0.0,0.0,0.0,0.0
997542930465068602,0.0,0.0,0.0,0.0,0.0
997542930480726001,0.0,0.0,0.0,0.0,0.0
997642930458651301,0.0,0.0,0.0,0.0,0.0
998242930519613301,0.0,0.0,0.0,0.0,0.0
998242930520997601,0.0,0.0,0.0,0.0,0.0
998342930480337001,0.0,0.0,0.0,0.0,0.0
998342930516629202,0.0,0.0,0.0,0.0,0.0
998542930468052601,0.0,0.0,0.0,0.0,0.0
998542930473876202,0.0,0.0,0.0,0.0,0.0
998642930289367002,1.5798319578170776,7.921299939854627,942.6339066339067,68.64508056640625,942.6347402846784
998642930455141602,3.1666667461395264,3.560710540898818,19.02862772369031,5.2470703125,42.72852585411868
998642930528189201,0.0,0.0,0.0,0.0,0.0
998642930550792801,0.0,0.0,0.0,0.0,0.0
998742930477922401,0.0,0.0,0.0,0.0,0.0
998942930519365201,0.0,0.0,0.0,0.0,0.0
998942930542691102,3.0,25.356061405866093,50.71222358722359,6.684977054595947,50.71212146206042
999142930447758201,2.5,3.759201780862544,59.81999081585795,18.4132080078125,127.81286035313205
999142930478783801,0.0,0.0,0.0,0.0,0.0
999242930508250202,0.0,0.0,0.0,0.0,0.0
999342930468853301,0.0,0.0,0.0,0.0,0.0
999442928311744002,0.0,0.0,0.0,0.0,0.0
999442930549845202,0.0,0.0,0.0,0.0,0.0
999542930479245001,0.0,0.0,0.0,0.0,0.0
999742930289423701,0.0,0.0,0.0,0.0,0.0
999842928912241201,1.5,6.073661617555089,11.73722547180223,1.180570125579834,12.147323127333719
999842930521939101,0.0,0.0,0.0,0.0,0.0
999842930529623202,0.0,0.0,0.0,0.0,0.0
999942930461543701,0.0,0.0,0.0,0.0,0.0
999942930462720301,0.0,0.0,0.0,0.0,0.0
999942930526263601,0.0,0.0,0.0,0.0,0.0
