BDAP,A1,A2,A3,A4,A5
111142930451558302,4.0,27.85847778981582,34.97020585048754,3.9016215801239014,83.57543336944745
111142930456078402,0.0,0.0,0.0,0.0,0.0
111142930549694901,0.0,0.0,0.0,0.0,0.0
111242928159168602,0.0,0.0,0.0,0.0,0.0
111342928035516202,0.0,0.0,0.0,0.0,0.0
111442929417157902,1.9615384340286255,11.009430359857344,95.25444340505145,65.49268341064453,572.4903695951342
111642930521380602,0.0,0.0,0.0,0.0,0.0
111742930520228201,0.0,4.837911496918639,0.0,45.01582336425781,285.4367719842967
111742930546032201,0.0,0.0,0.0,0.0,0.0
111842930472913601,0.0,0.0,0.0,0.0,0.0
111942930075789802,0.0,0.0,0.0,0.0,0.0
111942930475464201,0.0,0.0,0.0,0.0,0.0
112242929589459502,0.0,0.0,0.0,0.0,0.0
112442930475351402,0.0,0.0,0.0,0.0,0.0
112442930547500901,0.0,0.0,0.0,0.0,0.0
112542930549591602,0.0,0.0,0.0,0.0,0.0
112642930518447902,0.0,0.0,0.0,0.0,0.0
112642930527384301,0.0,0.0,0.0,0.0,0.0
112942930456488402,0.10958904027938843,9.712260945025587,15.62251655629139,91.46680450439453,708.9950342654895
112942930511152602,3.2121212482452393,4.652154398563734,98.5870736086176,56.25469970703125,460.5632816590926
112942930520095401,0.0,0.0,0.0,0.0,0.0
112942930526084102,0.0,0.0,0.0,0.0,0.0
112942930546542602,0.0,0.0,0.0,0.0,0.0
113042930446652901,5.790322780609131,10.698501459354281,136.57163447679446,75.79002380371094,663.3070701520496
113042930459198201,0.0,0.0,0.0,0.0,0.0
113242929494046101,0.0,0.0,0.0,0.0,0.0
113242929989809401,0.0,0.0,0.0,0.0,0.0
113242930525412901,0.0,0.0,0.0,0.0,0.0
113342930540408502,3.6666667461395264,4.135918128874225,12.407718456308737,1.9895347356796265,12.407754044894146
113442928800667002,0.0,0.0,0.0,0.0,0.0
113642930452986502,0.0,0.0,0.0,0.0,0.0
113742928592687902,0.0,0.0,0.0,0.0,0.0
113842930528713802,4.0,1.8072289156626506,1.8072289156626506,0.0,1.8072289156626506
113942930453012402,0.0,0.0,0.0,0.0,0.0
113942930543093902,0.0,0.0,0.0,0.0,0.0
114042930544217902,0.0,0.0,0.0,0.0,0.0
114242930474451702,0.0,0.0,0.0,0.0,0.0
114342930531636602,0.0,0.0,0.0,0.0,0.0
114442930473232502,0.0,0.0,0.0,0.0,0.0
114542930460128001,0.0,0.0,0.0,0.0,0.0
114642930550556102,0.0,0.0,0.0,0.0,0.0
114742930453726801,0.0,0.0,0.0,0.0,0.0
114742930536446301,0.0,0.0,0.0,0.0,0.0
114842930517178501,0.0,0.0,0.0,0.0,0.0
115042930473371901,0.0,0.0,0.0,0.0,0.0
115142930468670302,0.0,0.0,0.0,0.0,0.0
115142930475433101,0.0,0.0,0.0,0.0,0.0
115242928210658501,4.349999904632568,30.8749889809591,345.2172073342736,33.09657287597656,617.4998020930755
115242930059291902,0.0,0.0,0.0,0.0,0.0
115242930541272802,2.8918919563293457,6.19457228733417,42.79526712083184,45.00419616699219,229.19917662180467
115242930543567601,0.0,0.0,0.0,0.0,0.0
115642930548436401,0.0,0.0,0.0,0.0,0.0
115742928293162401,0.0,0.0,0.0,0.0,0.0
115742930529898402,0.0,0.0,0.0,0.0,0.0
116142930549453302,0.0,0.0,0.0,0.0,0.0
116242928577698301,0.0,0.0,0.0,0.0,0.0
116242930137942201,0.0,0.0,0.0,0.0,0.0
116242930508328601,0.0,0.0,0.0,0.0,0.0
116342930537140702,0.0,0.0,0.0,0.0,0.0
116442929000220902,0.0,0.0,0.0,0.0,0.0
116442930516457902,0.0,0.0,0.0,0.0,0.0
116542930525090302,0.0,0.0,0.0,0.0,0.0
116542930529336002,0.0,0.0,0.0,0.0,0.0
116642930529136802,0.4444444477558136,12.16080390837664,64.728285077951,19.56926727294922,218.89446523430854
116642930539090401,5.166666507720947,7.146295320906537,15.493738989668143,3.692356586456299,42.87777262288423
116742928739525602,0.0,0.0,0.0,0.0,0.0
116742930532472902,0.0,0.0,0.0,0.0,0.0
116742930546334201,1.6486486196517944,8.685108799192447,41.03503184713376,61.02428436279297,642.6980813245973
116842930454465301,5.0,15.305842838664159,232.75804327375351,25.588668823242188,535.7045167163982
117042930453153601,4.416666507720947,5.474640596337788,39.430162473794546,6.620007038116455,65.69568461292195
117042930548083602,0.0,0.0,0.0,0.0,0.0
117142930529346502,0.0,0.0,0.0,0.0,0.0
117242930542099701,0.0,0.0,0.0,0.0,0.0
117442930538907902,0.0,0.0,0.0,0.0,0.0
117642930521238202,0.0,0.0,0.0,0.0,0.0
117742930508207301,0.0,0.0,0.0,0.0,0.0
117742930530612302,0.0,0.0,0.0,0.0,0.0
117842930473510401,3.8333332538604736,9.156844877647352,137.99341655797775,88.63648986816406,769.175007055379
118242930535103802,0.0,0.0,0.0,0.0,0.0
118742929012963801,0.0,0.0,0.0,0.0,0.0
118742929424205701,0.0,0.0,0.0,0.0,0.0
118742930461810902,0.0,0.0,0.0,0.0,0.0
118742930524063701,0.0,0.0,0.0,0.0,0.0
118742930527891202,0.0,0.0,0.0,0.0,0.0
118742930530890402,0.0,0.0,0.0,0.0,0.0
118742930533556102,0.0,0.0,0.0,0.0,0.0
118742930534065002,0.0,0.0,0.0,0.0,0.0
118842930455593301,0.0,0.0,0.0,0.0,0.0
119042929528989701,0.0,0.0,0.0,0.0,0.0
119142930531415701,0.0,0.0,0.0,0.0,0.0
119242930463926601,0.0,0.0,0.0,0.0,0.0
119442930526684402,0.0,80.12658043748061,80.12659013341607,7.231431484222412,80.12658043748061
119542930473450501,0.0,0.0,0.0,0.0,0.0
119642930460902801,0.0,0.0,0.0,0.0,0.0
119642930474784802,0.0,0.0,0.0,0.0,0.0
119642930543451002,326.0,1.858045336306206,1.3006317354143442,0.1727692186832428,1.858045336306206
119742930531276501,0.0,0.0,0.0,0.0,0.0
119942930518238201,0.0,0.0,0.0,0.0,0.0
119942930529966301,0.0,0.0,0.0,0.0,0.0
121242929321210202,0.9166666865348816,13.685929673889373,14.793554006968641,70.29436492919922,656.9246325319444
121242930508820902,2.8965516090393066,7.305214742357239,154.5978657950394,76.5032958984375,847.4048998969675
121242930520578002,0.0,0.0,0.0,0.0,0.0
121342930459339902,0.0,0.0,0.0,0.0,0.0
121342930532867601,0.0,0.0,0.0,0.0,0.0
121642928932197502,3.7951807975769043,6.978601952302835,133.93846725269285,59.49360275268555,579.2239623131751
121642930531710102,2.0,5.45780922889044,5.457811409630146,0.4945128560066223,5.45780922889044
121742928857169102,0.0,0.0,0.0,0.0,0.0
121942930532691902,4.538461685180664,7.609489774624374,104.65887590428493,34.41276550292969,296.7701026368818
122042930453747502,0.0,0.0,0.0,0.0,0.0
122142930476059801,0.0,0.0,0.0,0.0,0.0
122142930524050702,0.0,0.0,0.0,0.0,0.0
122242930516823202,0.0,0.0,0.0,0.0,0.0
122242930542103301,0.0,0.0,0.0,0.0,0.0
122342929604572701,0.0,0.0,0.0,0.0,0.0
122342930478315301,2.0,95.68753814697266,95.6875,3.5995500087738037,95.68753814697266
122342930518922302,0.0,0.0,0.0,0.0,0.0
122342930519827402,0.0,0.0,0.0,0.0,0.0
122642930459111602,0.0,42.62450298210736,0.0,3.4008944034576416,42.62450298210736
122642930550255802,0.0,0.0,0.0,0.0,0.0
122742930457734301,0.0,0.0,0.0,0.0,0.0
122742930471847401,0.0,0.0,0.0,0.0,0.0
122842930473415802,0.0,0.0,0.0,0.0,0.0
122842930534949401,0.0,0.0,0.0,0.0,0.0
122842930544924201,0.625,15.241487323113208,9.38679245283019,78.42467498779297,853.5232693242898
122942929194588301,0.0,0.0,0.0,0.0,0.0
123042930475944402,4.92307710647583,8.398537274365012,137.64383561643837,22.78641128540039,218.36196462204467
123142930463041001,0.0,0.0,0.0,0.0,0.0
123142930474506401,0.0,0.0,0.0,0.0,0.0
123242929642362602,0.0,0.0,0.0,0.0,0.0
123442930527137401,0.0,0.0,0.0,0.0,0.0
123442930543516602,0.0,0.0,0.0,0.0,0.0
123542930548721902,0.0,0.0,0.0,0.0,0.0
123642930526093702,0.0,0.0,0.0,0.0,0.0
123642930543678502,3.7717392444610596,8.434530149228864,144.26580350342726,117.35010528564453,775.9768023136018
123742930477029802,0.0,0.0,0.0,0.0,0.0
123742930480013402,3.0833332538604736,10.40548410988419,53.499057366011314,18.635629653930664,124.86580813505756
123842930472867801,0.0,0.0,0.0,0.0,0.0
123942930458498402,0.0,0.0,0.0,0.0,0.0
124242930458525101,0.0,0.0,0.0,0.0,0.0
124242930509420702,0.0,0.0,0.0,0.0,0.0
124342930525826602,0.0,0.0,0.0,0.0,0.0
124342930527986701,0.0,0.0,0.0,0.0,0.0
124542930520334001,0.0,0.0,0.0,0.0,0.0
124742930477121702,0.0,0.0,0.0,0.0,0.0
124942927917484702,0.0,0.0,0.0,0.0,0.0
125042930526270701,0.0,0.0,0.0,0.0,0.0
125042930531186701,0.0,0.0,0.0,0.0,0.0
125142930542024401,0.0,7.047428641732283,0.0,52.307735443115234,465.1302976364226
125242930523820602,4.464788913726807,16.109778427496188,188.8140243902439,120.54692840576172,1143.7942486972343
125342930454820802,0.0,0.0,0.0,0.0,0.0
125442929568624202,0.0,0.0,0.0,0.0,0.0
125442929765978601,2.625,12.011701006726065,423.9385045422781,170.9684295654297,1537.4977557934446
125442930529058102,0.0,0.0,0.0,0.0,0.0
125442930531011902,0.0,0.0,0.0,0.0,0.0
125742930453762001,2.4285714626312256,5.91824581804682,41.933438155136265,13.988897323608398,124.28316555916221
125742930530905702,0.0,0.0,0.0,0.0,0.0
126142928602946801,0.0,0.0,0.0,0.0,0.0
126142930532118001,0.0,0.0,-0.4281524926686217,0.0,0.0
126442930456035301,0.0,0.0,0.0,0.0,0.0
126442930459684102,0.0,0.0,0.0,0.0,0.0
126542930458708001,0.0,0.0,0.0,0.0,0.0
126542930517020901,1.287500023841858,21.314189575706067,116.61297071129707,80.32660675048828,1705.1351348046978
126542930526631202,0.0,0.0,0.0,0.0,0.0
126742930534060501,3.1956522464752197,6.343274510452501,70.92564170415454,71.04133605957031,583.5812584381629
126842930458679802,0.0,0.0,0.0,0.0,0.0
127042930509937601,0.0,0.0,0.0,0.0,0.0
127242930465170502,0.0,0.0,0.0,0.0,0.0
127342930544319402,0.0,0.0,0.0,0.0,0.0
127442930521046502,0.0,0.0,0.0,0.0,0.0
127442930526713101,2.444444417953491,8.51454870822576,38.51290877796902,6.324000835418701,76.63093921444707
127542929927508201,0.792682945728302,14.188568628998317,79.60157126823793,115.34403991699219,1163.4626571915367
127742930538769502,4.789473533630371,11.742859771286232,108.72753623188406,16.660802841186523,223.1143320940543
127842930478658501,0.0,0.0,0.0,0.0,0.0
127942930476460801,4.599999904632568,84.47245553359684,254.1581027667984,29.264516830444336,422.3622902127594
128042930530738002,0.0,0.0,0.0,0.0,0.0
128042930530834301,1.1111111640930176,6.860932289736939,97.22600963319748,84.83727264404297,555.7355400896726
128242930475470402,4.0,27.553309211451886,55.106921778278,8.298736572265625,55.10661983114316
128242930533241301,0.0,0.0,0.0,0.0,0.0
128342930480027202,0.0,0.0,0.0,0.0,0.0
128442930525819801,0.0,0.0,0.0,0.0,0.0
128442930543538501,2.0,32.028350830078125,6.673611111111111,8.335342407226562,64.05670166015625
128542930509668001,0.0,0.0,0.0,0.0,0.0
128642930463054502,0.0,0.0,0.0,0.0,0.0
128642930516861302,0.0,0.0,0.0,0.0,0.0
129242930521771901,3.0,11.259912933478375,109.38818565400844,35.130001068115234,371.57713004003597
129342929605912602,0.0,0.0,0.0,0.0,0.0
129342930475939201,0.0,0.0,0.0,0.0,0.0
129442930457306502,2.9157893657684326,16.78810945024077,178.43178170144463,90.2564697265625,1594.8704587064242
129542928219724801,2.3333332538604736,25.74012376985497,147.0303867403315,20.050989151000977,386.1018469531233
129542930532555102,0.0,0.0,0.0,0.0,0.0
129542930538128702,2.3114755153656006,7.7697532956245325,36.24382946896036,70.79454040527344,473.9549451213143
129642930544823502,0.0,0.0,0.0,0.0,0.0
129742930546105901,0.0,0.0,0.0,0.0,0.0
129742930549689001,0.0,0.0,0.0,0.0,0.0
129942930463915001,0.0,0.0,0.0,0.0,0.0
129942930517119002,0.0,0.0,0.0,0.0,0.0
131242930547233301,0.0,0.0,0.0,0.0,0.0
131342930449411402,4.344827651977539,30.176596446603426,218.6138310893513,68.48558807373047,875.1213252792452
131742930464510202,4.320000171661377,24.69087485083532,236.1801909307876,44.95390319824219,1234.5436980126865
131942930456273702,0.0,0.0,0.0,0.0,0.0
132042930544478501,0.0,0.0,0.0,0.0,0.0
132142930516846102,0.0,0.0,0.0,0.0,0.0
132142930543892602,3.952380895614624,7.406795803003681,106.55957161981259,63.049171447753906,622.1708260042121
132242930544450901,0.0,0.0,0.0,0.0,0.0
132242930546422601,0.0,0.0,0.0,0.0,0.0
132342930477421702,0.0,0.0,0.0,0.0,0.0
132342930525346801,2.269662857055664,6.206334640264334,66.45470340034748,76.87499237060547,552.3637904164572
132442930316683302,3.0,13.751270880559154,111.70639032815198,0.0,990.0915173117155
132642930457432501,179.0,0.044314569293761076,0.04426299957026214,0.005029693711549044,0.044314569293761076
132642930528427002,0.19298245012760162,25.51618772771861,17.52017937219731,72.02444458007812,1454.4227275420733
133042930530349202,0.0,0.0,0.0,0.0,0.0
133042930549781002,61.0,0.8684165952587903,1.7368472841773812,0.10865623503923416,1.7368331905175807
133242930477853802,1.0,7.771698536659782,17.12467142320691,0.9983199834823608,23.31509597669452
133342930526510901,0.0,0.0,0.0,0.0,0.0
133442929373095001,0.0,0.0,0.0,0.0,0.0
133742930510374501,0.0,0.0,0.0,0.0,0.0
133842928067730402,0.0,0.0,0.0,0.0,0.0
133942930515980301,2.614285707473755,11.548821504237289,166.1717514124294,49.39331817626953,808.4175125359142
133942930517455202,0.9230769276618958,9.29940865482492,19.612377850162865,12.696511268615723,120.89231122044865
133942930519424601,0.0,0.0,0.0,0.0,0.0
134042929268266502,0.0,0.0,0.0,0.0,0.0
134142930456974502,0.032258063554763794,16.344674161585367,17.848780487804877,54.487979888916016,1013.3697887389641
134342930526904002,0.0,0.0,0.0,0.0,0.0
134342930541890202,1.5714285373687744,16.97971442846761,60.33554817275748,46.19993209838867,475.4320192151205
134442928030278202,0.0,0.0,0.0,0.0,0.0
134442930530421902,1.144736886024475,27.948249213129497,188.95923261390888,86.58063507080078,2124.066903874743
134542928005472101,4.375,16.951366650189133,292.084250343879,121.512451171875,1356.1092852144982
134542930452103202,0.0,0.0,0.0,0.0,0.0
134542930479743002,0.0,0.0,0.0,0.0,0.0
134542930515885601,0.0,0.0,0.0,0.0,0.0
134642930516950001,0.0,0.0,0.0,0.0,0.0
134642930545090501,0.0,0.0,0.0,0.0,0.0
134942930519119102,0.0,0.0,0.0,0.0,0.0
134942930538026601,0.0,0.0,0.0,0.0,0.0
135042930544385201,1.0,8.635176204527864,17.270588235294117,2.4204318523406982,17.27035271139706
135142930528286501,0.0,0.0,0.0,0.0,0.0
135242929303665102,0.0,0.0,0.0,0.0,0.0
135442930470672302,0.0,0.0,0.0,0.0,0.0
135442930477857901,0.0,0.0,0.0,0.0,0.0
135442930507917802,0.0,0.0,0.0,0.0,0.0
135442930542827201,0.0,0.0,0.0,0.0,0.0
135542928235893302,0.0,0.0,0.0,0.0,0.0
135642930479563102,0.0,0.0,0.0,0.0,0.0
135742930519956701,0.0,0.0,0.0,0.0,0.0
135842928236098401,4.400000095367432,4.915924747889306,13.897748592870544,2.8624863624572754,24.579623693641533
135842930536357601,3.799999952316284,31.668438893016344,66.36849925705795,11.020353317260742,158.3421973671991
136042930476722802,0.0,0.0,0.0,0.0,0.0
136142930455392102,0.0,0.0,0.0,0.0,0.0
136142930458954702,4.111111164093018,4.772990399096385,37.91753219775654,15.517032623291016,85.913829465897
136242930459147501,0.0,0.0,0.0,0.0,0.0
136242930477909801,0.0,0.0,0.0,0.0,0.0
136442929721382302,0.0,0.0,0.0,0.0,0.0
136542928086560001,1.6666666269302368,4.607126719916045,13.82089552238806,1.0398305654525757,13.821380159748134
136542930528454802,0.0,0.0,0.0,0.0,0.0
136642929104783902,0.0,0.0,0.0,0.0,0.0
136642930473633302,0.0,0.0,0.0,0.0,0.0
136642930516789801,0.0,0.0,0.0,0.0,0.0
136642930523848802,0.0,0.0,0.0,0.0,0.0
136642930529001601,0.0,0.0,0.0,0.0,0.0
136642930529692001,0.0,0.0,0.0,0.0,0.0
136742930447072601,1.6454545259475708,3.5858776587909498,36.87233875402624,59.06014633178711,394.4465448258294
136742930524580802,0.0,0.0,0.0,0.0,0.0
136742930529409401,4.516129016876221,7.863089852449889,58.20155902004454,26.887386322021484,243.7557828722393
136842930473053701,3.8787879943847656,8.416750380915392,115.33604206500956,35.228729248046875,277.7527610079508
136842930509823702,2.6500000953674316,6.935570495004883,187.57384296766855,81.66166687011719,832.2684722074175
137142930450130801,0.0,0.0,0.0,0.0,0.0
137142930542063202,0.0,0.0,0.0,0.0,0.0
137142930548214702,0.0,0.0,0.0,0.0,0.0
137242930534526902,0.0,0.0,0.0,0.0,0.0
137442928091164701,0.0,0.0,0.0,0.0,0.0
137442930473557502,3.3125,7.0369068433322095,63.48825974609594,12.077747344970703,112.59050729903943
137442930517981002,4.266666889190674,7.093999402889432,39.44296865897705,28.630781173706055,212.81997798220561
137642930535030001,0.0,0.0,0.0,0.0,0.0
137742930541310502,0.0,0.0,0.0,0.0,0.0
137842930529236702,0.0,0.0,0.0,0.0,0.0
138042930472490102,0.0,0.0,0.0,0.0,0.0
138042930532021202,0.0,0.0,0.0,0.0,0.0
138242930467934502,0.0,0.0,0.0,0.0,0.0
138242930516299601,0.0,0.0,0.0,0.0,0.0
138542930473712401,3.085106372833252,7.7249796490593345,147.73339765235568,82.18862915039062,726.1480714368904
138542930510041202,0.0,0.0,0.0,0.0,0.0
138642930447265701,0.0,0.0,0.0,0.0,0.0
138642930528352101,0.0,0.0,0.0,0.0,0.0
138742930466694401,0.0,0.0,0.0,0.0,0.0
138842930447969802,0.0,0.0,0.0,0.0,0.0
138842930510699801,0.0,0.0,0.0,0.0,0.0
139042930518753001,0.0,0.0,0.0,0.0,0.0
139242929091334801,0.0,0.0,0.0,0.0,0.0
139242930528119601,0.0,0.0,0.0,0.0,0.0
139342930529079402,0.0,0.0,0.0,0.0,0.0
139342930536041402,0.0,0.0,0.0,0.0,0.0
139642930470719502,0.0,0.0,0.0,0.0,0.0
139842927994817202,3.4285714626312256,9.862126561067827,191.9211732355637,84.0875244140625,966.4884355559905
139842930508561902,3.042105197906494,10.255934175531914,120.32752659574469,106.70062255859375,974.3137415500397
139942930542738402,0.0,0.0,0.0,0.0,0.0
141142929230384801,0.0,0.0,0.0,0.0,0.0
141342930533725002,0.0,0.0,0.0,0.0,0.0
141542927945008302,0.0,0.0,0.0,0.0,0.0
141942930527918802,0.0,0.0,0.0,0.0,0.0
142042928242898502,0.0,0.0,0.0,0.0,0.0
142242930521644402,0.0,0.0,0.0,0.0,0.0
142242930527228701,0.0,0.0,0.0,0.0,0.0
142342930479210702,0.0,0.0,0.0,0.0,0.0
142342930543992402,0.0,0.0,0.0,0.0,0.0
142542930456763202,0.0,0.0,0.0,0.0,0.0
142542930510792801,5.0,9.523539277293798,35.53580562659847,12.840072631835938,114.28246846894169
142542930528712602,0.0,0.0,0.0,0.0,0.0
142642930466984202,0.0,0.0,0.0,0.0,0.0
142742930454799701,0.0,0.0,0.0,0.0,0.0
142742930545407002,0.0,0.0,0.0,0.0,0.0
142842930526424402,0.0,0.0,0.0,0.0,0.0
142942930519535801,5.0,4.121588318133047,11.935450643776823,3.7572991847991943,20.607941328711775
142942930526801701,0.0,0.0,0.0,0.0,0.0
142942930544449401,3.7142856121063232,6.759831656416343,80.48712415479787,61.047454833984375,520.5070525037523
143042930462302501,0.0,0.0,0.0,0.0,0.0
143342930519396801,2.5833332538604736,10.755837378640777,110.02368932038834,0.0,516.2801918163115
143442930473411701,0.0,0.0,0.0,0.0,0.0
143542930508193002,0.0,0.0,0.0,0.0,0.0
143942930476759202,0.0,118.47325536809817,118.47326906222612,4.941694259643555,118.47325536809817
143942930547024101,0.0,0.0,0.0,0.0,0.0
144042930518784002,0.0,0.0,0.0,0.0,0.0
144142930516627302,0.24175824224948883,13.58890210394648,151.27029458061614,114.7565689086914,1236.590065813933
144242928758061801,0.0,0.0,0.0,0.0,0.0
144342930516888102,0.0,0.0,0.0,0.0,0.0
144342930536405301,3.0561797618865967,6.716362191133721,84.07255813953488,84.46324157714844,597.7562307100518
144342930546083402,0.0,0.0,0.0,0.0,0.0
144442930475711802,0.0,0.0,0.0,0.0,0.0
144542930477317802,3.2471909523010254,6.3159174474161865,124.1827888105915,92.87360382080078,562.1166467446689
144642930465883002,0.0,0.0,0.0,0.0,0.0
144642930473806401,0.0,0.0,0.0,0.0,0.0
144642930532617302,0.0,0.0,0.0,0.0,0.0
144742930542766901,0.0,0.0,0.0,0.0,0.0
144842930530614201,0.0,0.0,0.0,0.0,0.0
144942930519506501,6.705882549285889,53.64655241419057,245.13934426229508,12.777647018432617,911.9913920418161
145042930473345201,0.0,0.0,0.0,0.0,0.0
145042930516473101,0.0,0.0,0.0,0.0,0.0
145142930461490302,2.8709676265716553,12.927011238115213,219.56040268456377,133.38746643066406,1202.2120511355815
145242930530017602,0.0,0.0,0.0,0.0,0.0
145342929703889902,1.378787875175476,29.471927118429917,345.0101078167116,131.07107543945312,1945.1471710616365
145542930449651701,0.0,0.0,0.0,0.0,0.0
145542930461706001,0.0,0.0,0.0,0.0,0.0
145542930537934402,0.0,0.0,0.0,0.0,0.0
145642930539008501,0.0,0.0,0.0,0.0,0.0
145842930447522202,0.0,0.0,0.0,0.0,0.0
145842930541202802,0.0,0.0,0.0,0.0,0.0
145942929820831802,0.0,0.0,0.0,0.0,0.0
146142930450300301,1.2077921628952026,10.532765147450206,1188.614010989011,295.08782958984375,2433.0688076163387
146142930463763601,0.0,0.0,0.0,0.0,0.0
146242930520059602,0.0,0.0,0.0,0.0,0.0
146542930451341801,0.0,0.0,0.0,0.0,0.0
146642930536166401,0.0,0.0,0.0,0.0,0.0
146642930542554401,0.0,0.0,0.0,0.0,0.0
146742930476644701,0.0,0.0,0.0,0.0,0.0
146742930509457302,0.0,0.0,0.0,0.0,0.0
146842930530364101,0.0,0.0,0.0,0.0,0.0
146842930542607102,0.0,0.0,0.0,0.0,0.0
146942928726482201,0.0,0.0,0.0,0.0,0.0
147042929295093101,3.02521014213562,7.022065941765436,175.32819519917848,66.10902404785156,835.6258458635385
147042930517911201,0.0,0.0,0.0,0.0,0.0
147342930463839802,0.0,0.0,0.0,0.0,0.0
147442930452303701,3.2686567306518555,3.7048783903730866,58.45698736976893,34.20180130004883,248.2268556790568
147442930533789501,0.0,0.0,0.0,0.0,0.0
147542930462402502,2.3333332538604736,9.118714144854787,23.00848571770049,7.284180164337158,54.7122863864363
147642929372880402,0.0,0.0,0.0,0.0,0.0
147642930528895902,0.0,0.0,0.0,0.0,0.0
147842930535076502,0.0,0.0,0.0,0.0,0.0
148042930511023901,0.0,0.0,0.0,0.0,0.0
148142930539768402,0.0,0.0,0.0,0.0,0.0
148242929249038602,0.0,0.0,0.0,0.0,0.0
148342930537454201,3.045454502105713,4.520752721417463,55.189905347325116,20.473045349121094,198.91312011007258
148542930479380901,0.0,0.0,0.0,0.0,0.0
148642930479971702,0.0,0.0,0.0,0.0,0.0
148942930528636601,0.0,0.0,0.0,0.0,0.0
149042930519576702,0.0,0.0,0.0,0.0,0.0
149242930469838702,4.157142639160156,8.884029342949393,76.52887460894561,70.7822494506836,621.8820384909255
149242930523100401,0.0,0.0,0.0,0.0,0.0
149242930528314001,0.0,0.0,0.0,0.0,0.0
149242930538102502,0.0,0.0,0.0,0.0,0.0
149342930456788201,3.6914894580841064,8.09345543547415,218.08732922582374,114.73555755615234,760.784821507888
149542928726666202,0.0,0.0,0.0,0.0,0.0
149642928653501701,0.0,0.0,0.0,0.0,0.0
149642930464155901,0.0,0.0,0.0,0.0,0.0
149842930518260702,0.0,0.0,0.0,0.0,0.0
149842930550702801,0.0,0.0,0.0,0.0,0.0
151342930508974301,0.0,0.0,0.0,0.0,0.0
151542930475519001,0.0,0.0,0.0,0.0,0.0
151742927963730101,1.4285714626312256,5.258307519852136,17.68696604600219,6.146599292755127,36.80815317377464
151842930448135701,0.0,0.0,0.0,0.0,0.0
151842930463750102,0.0,0.0,0.0,0.0,0.0
151942930544978002,0.0,0.0,0.0,0.0,0.0
152042930464035102,0.0,0.0,0.0,0.0,0.0
152042930477182301,0.0,0.0,0.0,0.0,0.0
152042930531609501,0.0,0.0,0.0,0.0,0.0
152142930534314602,0.0,0.0,0.0,0.0,0.0
152242930543096402,0.0,0.0,0.0,0.0,0.0
152342928770281901,1.8589743375778198,8.060057141327368,207.71696451942984,59.27427291870117,628.6844775317423
152342930450686901,0.0,0.0,0.0,0.0,0.0
152542930476846501,0.0,0.0,0.0,0.0,0.0
153142930542972702,0.0,0.0,0.0,0.0,0.0
153342930458996002,0.0,0.0,0.0,0.0,0.0
153342930475440202,4.800000190734863,11.85897682060838,64.05842062852538,13.421375274658203,118.58976987827987
153442930467893301,3.799999952316284,13.017544558731158,40.466331658291466,5.777842044830322,65.08772416771359
153642930449164501,0.0,0.0,0.0,0.0,0.0
153642930516703902,0.0,0.0,0.0,0.0,0.0
153842930524916302,4.223684310913086,8.689058496855711,167.91405613136135,92.6891098022461,660.3684354155503
153942930516129101,1.5333333015441895,3.4307464030699504,26.16162134427912,6.556528091430664,51.46119624438481
154142928025264602,0.0,0.0,0.0,0.0,0.0
154142930537343902,0.0,0.0,0.0,0.0,0.0
154342930515951901,0.0,0.0,0.0,0.0,0.0
154342930521332601,2.310606002807617,5.619327087055384,166.03482215364625,88.2026138305664,741.7511572114945
154342930532730101,0.9368420839309692,11.710398253367003,120.04407713498622,101.01966094970703,1112.4878554748475
154342930544862901,0.0,0.0,0.0,0.0,0.0
154442930342690301,4.556962013244629,5.4485568885829485,131.15035893401514,79.3159408569336,430.4360038854108
154542930547669701,3.3636362552642822,8.092295200522562,72.93563370935634,8.792654991149902,89.01524769176136
154642930450207102,2.6909091472625732,21.40336607142857,178.75542857142858,18.593564987182617,1177.185105329241
154642930453645502,4.630136966705322,5.1867662143990065,45.27611888835253,61.420719146728516,378.6339441953088
154742928946604302,0.0,0.0,0.0,0.0,0.0
154842930457094601,0.0,0.0,0.0,0.0,0.0
154942930521003602,0.9459459185600281,11.978308091352948,85.4553514069125,81.39895629882812,886.3947715826517
155042930546029701,6.291666507720947,18.061127213685225,117.63065049614113,57.23225784301758,433.4670578726334
155142930532843201,0.0,0.0,0.0,0.0,0.0
155342930473738501,0.0,0.0,0.0,0.0,0.0
155442928135508801,1.1204819679260254,8.688270411511061,98.65204349456317,81.90133666992188,721.1264407054556
155442930458741801,0.0,0.0,0.0,0.0,0.0
155442930546716402,0.0,0.0,0.0,0.0,0.0
155542930467099901,0.0,0.0,0.0,0.0,0.0
155642930519275401,0.0,0.0,0.0,0.0,0.0
155642930546746501,0.0,0.0,0.0,0.0,0.0
155942930517438602,0.0,0.0,0.0,0.0,0.0
155942930525766602,0.0,0.0,0.0,0.0,0.0
156042930537289702,0.0,0.0,0.0,0.0,0.0
156342930522775202,0.0,0.0,0.0,0.0,0.0
156642929575390702,0.0,0.0,0.0,0.0,0.0
156742930529460202,0.0,0.0,0.0,0.0,0.0
156842930516325302,0.0,0.0,0.0,0.0,0.0
156942930521143101,0.0,0.0,0.0,0.0,0.0
157042928932618502,0.0,0.0,0.0,0.0,0.0
157042930474743902,0.0,0.0,0.0,0.0,0.0
157242930550208302,0.0,0.0,0.0,0.0,0.0
157342930469553702,0.0,0.0,0.0,0.0,0.0
157442930527548402,1.7613636255264282,6.0228594426956406,58.21175196317357,76.64697265625,530.0116526872008
157642930523961501,2.25,8.389676175318316,73.47894221351616,26.175268173217773,268.4696237496835
157742930545228701,0.0,0.0,0.0,0.0,0.0
157842930467986402,0.0,0.0,0.0,0.0,0.0
157842930474296502,0.0,0.0,0.0,0.0,0.0
157842930529640802,0.0,0.0,0.0,0.0,0.0
157942930475444302,0.0,0.0,0.0,0.0,0.0
158042930463092601,4.693877696990967,13.96974714306916,102.8699910952805,51.532894134521484,684.5176251378318
158042930478706402,0.0,0.0,0.0,0.0,0.0
158142929189241902,3.3333332538604736,10.193288242669754,25.22222222222222,2.2872610092163086,30.579865210733296
158242927979933702,0.0,0.0,0.0,0.0,0.0
158342930478366301,0.0,0.0,0.0,0.0,0.0
158342930516054701,0.0,0.0,0.0,0.0,0.0
158342930526117801,0.0,0.0,0.0,0.0,0.0
158442930519045901,0.0,0.0,0.0,0.0,0.0
158742930467019501,5.3728814125061035,20.71526450299202,415.6090425531915,63.85265350341797,1222.2005829202367
158742930533543501,0.0,0.0,0.0,0.0,0.0
158742930541831501,0.0,0.0,0.0,0.0,0.0
158842930544096501,0.0,0.0,0.0,0.0,0.0
158942930510998002,0.0,0.0,0.0,0.0,0.0
158942930526499202,0.0,0.0,0.0,0.0,0.0
159142928135435302,0.0,0.0,0.0,0.0,0.0
159142930465136102,0.0,0.0,0.0,0.0,0.0
159342930458732502,4.800000190734863,11.91975838797433,104.80357142857143,25.212554931640625,357.5927537963504
159342930525299201,4.420000076293945,10.62492216687422,131.39165628891655,86.82970428466797,531.2460830517457
159442930509101502,0.0,0.0,0.0,0.0,0.0
159542930515787101,0.0,0.0,0.0,0.0,0.0
159642929166032802,0.0,0.0,0.0,0.0,0.0
159642930549182602,0.0,0.0,0.0,0.0,0.0
159842930524167302,0.0,0.0,0.0,0.0,0.0
161142930541557502,0.0,0.0,0.0,0.0,0.0
161542929309260302,0.0,0.0,0.0,0.0,0.0
161542930531648401,4.150000095367432,10.382771449806416,95.12389380530973,16.398513793945312,207.65543167991976
161642930467750602,0.0,0.0,0.0,0.0,0.0
161642930549932401,0.0,17.15764144992236,0.0,86.53170013427734,840.7244389267441
161742930524729901,0.0,0.0,0.0,0.0,0.0
161942930445609901,0.0,0.0,0.0,0.0,0.0
161942930458787802,2.904761791229248,4.775781220448613,65.06827552294133,56.01698684692383,501.4570345283569
161942930533316402,0.0,0.0,0.0,0.0,0.0
162042930527284502,0.0,0.0,0.0,0.0,0.0
162242930545636301,0.0,0.0,0.0,0.0,0.0
162342930453250801,0.0,0.0,0.0,0.0,0.0
162342930454060301,0.0,0.0,0.0,0.0,0.0
162442930530754802,0.7977527976036072,9.662621314560901,40.84589502018842,77.06629180908203,859.9732902784848
162442930531321102,4.214285850524902,12.109593809675365,293.11075747931255,110.91532135009766,1017.205910248638
162542930549518202,0.0,0.0,0.0,0.0,0.0
162642928676339002,0.0,0.0,0.0,0.0,0.0
162742930541386401,3.7428572177886963,18.179443359375,325.0467032967033,76.59298706054688,1272.5610817133725
163342930450908301,0.0,0.0,0.0,0.0,0.0
163342930473979502,4.559999942779541,53.925007470969945,968.2185792349727,82.39264678955078,2696.2504023567576
163442930530935502,0.0,0.0,0.0,0.0,0.0
163442930539694902,3.4583332538604736,25.696762053105427,244.84655532359082,55.057308197021484,616.7222740794522
163942930544633802,0.0,41.266301860890785,0.0,5.2972493171691895,82.53260372178157
164042930460051801,0.0,0.0,0.0,0.0,0.0
164142930540465502,0.0,0.0,0.0,0.0,0.0
164242930447341201,0.0,0.0,0.0,0.0,0.0
164442929816278102,0.0,0.0,0.0,0.0,0.0
164442930540918602,3.504950523376465,6.000587131427544,106.86263933836749,78.66645812988281,606.0593188250506
164542930519765302,0.0,0.0,0.0,0.0,0.0
164642930461808702,0.0,0.0,0.0,0.0,0.0
164642930463614001,0.0,0.0,0.0,0.0,0.0
164942930533952001,4.133333206176758,11.403888369080178,132.25449834460917,72.70269012451172,684.233306704107
165442928043802902,0.0,0.0,0.0,0.0,0.0
165442930517273502,0.0,0.0,0.0,0.0,0.0
165542930460232502,0.0,0.0,0.0,0.0,0.0
165542930549612201,0.0,0.0,0.0,0.0,0.0
165742929341386202,0.0,0.0,0.0,0.0,0.0
165742930508698002,0.0,0.0,0.0,0.0,0.0
165742930532248602,0.0,0.0,0.0,0.0,0.0
165842930012164202,0.0,0.0,0.0,0.0,0.0
165842930455941702,0.0,0.0,0.0,0.0,0.0
165842930518748802,0.0,0.0,0.0,0.0,0.0
166042930524047202,0.0,0.0,0.0,0.0,0.0
166342930527989502,0.0,0.0,0.0,0.0,0.0
166542930474173501,3.700000047683716,4.672843053241928,59.20425422860072,47.296302795410156,327.0989970535208
166642930509729801,0.0,0.0,0.0,0.0,0.0
166842930477693702,0.0,0.0,0.0,0.0,0.0
166942930446842501,0.0,0.0,0.0,0.0,0.0
166942930516676602,0.0,0.0,0.0,0.0,0.0
167142929091270702,0.0,0.0,0.0,0.0,0.0
167142929091319102,0.0,0.0,0.0,0.0,0.0
167242930473687902,0.0,0.0,0.0,0.0,0.0
167242930550454301,0.0,0.0,0.0,0.0,0.0
167342930453887901,6.166666507720947,6.30584947436636,21.03963133640553,5.924379348754883,37.835096839166454
167342930476156602,0.0,0.0,0.0,0.0,0.0
167342930531512902,0.0,14.229128868149095,0.0,12.793119430541992,156.52041672752227
167442930473715802,0.0,0.0,0.0,0.0,0.0
167442930524318301,0.0,0.0,0.0,0.0,0.0
167542929021132401,0.0,0.0,0.0,0.0,0.0
167642929703741002,0.0,0.0,0.0,0.0,0.0
167642929946319602,0.0,0.0,0.0,0.0,0.0
167642930464043701,0.0,0.0,0.0,0.0,0.0
167842930517704901,4.1724138259887695,13.375986136642156,202.31792717086836,70.79827880859375,775.807185138307
167942930451477101,0.0,0.0,0.0,0.0,0.0
167942930460089502,0.0,0.0,0.0,0.0,0.0
167942930530333001,0.3333333432674408,5.830224923944166,105.08929849677881,69.08961486816406,454.75754733928716
168142930510642701,0.0,0.0,0.0,0.0,0.0
168242930517025502,0.0,0.0,0.0,0.0,0.0
168342929385464201,0.0,0.0,0.0,0.0,0.0
168342930519986502,0.0,0.0,0.0,0.0,0.0
168442927948912302,4.415384769439697,10.580358026524149,124.31353919239905,76.75508117675781,687.7232880339392
168542929456942701,0.0,0.0,-0.0005647590361445783,0.0,0.0
168542930515726001,0.0,0.0,0.0,0.0,0.0
168542930533980102,0.0,0.0,0.0,0.0,0.0
168642930529431702,0.0,0.0,0.0,0.0,0.0
168842929687124301,0.0,0.0,0.0,0.0,0.0
168942930531666302,2.378048896789551,6.171404900208519,101.71134941912422,72.70184326171875,506.0551984762556
168942930549296402,0.0,0.0,0.0,0.0,0.0
169242930452916401,0.0,0.0,0.0,0.0,0.0
169442930525777302,2.7333333492279053,3.5282933540438894,23.252442617866006,7.462896347045898,52.92439818559746
169542930460793202,0.0,0.0,0.0,0.0,0.0
169542930526167301,0.0,0.0,0.0,0.0,0.0
169542930531102902,0.0,0.0,0.0,0.0,0.0
169642930544551501,0.0,0.0,0.0,0.0,0.0
169742930545230402,0.0,0.0,0.0,0.0,0.0
169842930460896602,0.0,0.0,0.0,0.0,0.0
169842930525450402,0.0,0.0,0.0,0.0,0.0
169942928779211601,0.0,0.0,0.0,0.0,0.0
171242930451390501,0.0,0.0,0.0,0.0,0.0
171442930537661702,0.0,0.0,0.0,0.0,0.0
171542930474857101,4.82608699798584,9.801359359910672,198.5345243843554,79.94672393798828,676.2938004166305
171642930528089402,0.0,0.0,0.0,0.0,0.0
171642930545331501,0.0,0.0,0.0,0.0,0.0
171642930548872901,0.0,0.0,0.0,0.0,0.0
171742930469562402,0.0,0.0,0.0,0.0,0.0
171742930547131501,0.0,0.0,0.0,0.0,0.0
171842930464726602,0.0,0.0,0.0,0.0,0.0
171842930474320601,0.0,0.0,0.0,0.0,0.0
171942930537327601,0.0,0.0,0.0,0.0,0.0
172242930457255402,4.0,5.072056486615144,9.431899641577061,0.9918026328086853,10.144112973230287
172342930453413201,0.0,0.0,0.0,0.0,0.0
172342930526656302,2.9285714626312256,7.90597463264011,27.864089045108376,18.679658889770508,110.68364197266007
172442930461991502,6.0,6.3127877900094695,6.3121212121212125,0.2545657157897949,6.3127877900094695
172442930516550001,0.0,0.0,0.0,0.0,0.0
172442930519165302,0.0,0.0,0.0,0.0,0.0
172442930532392601,0.0,0.0,0.0,0.0,0.0
172542930479622601,0.0,0.0,0.0,0.0,0.0
172642930519336001,0.0,0.0,0.0,0.0,0.0
172742930527843301,4.282051086425781,48.09092106894841,416.8968253968254,100.63982391357422,1875.5459201146687
172942930455034402,0.0,0.0,0.0,0.0,0.0
172942930519421902,0.10144927352666855,8.413373543112552,6.700060350030175,83.5159683227539,580.5227614456296
173042930533913101,5.636363506317139,8.975792075977601,46.18716780561883,14.456527709960938,98.73371292844178
173142928932478502,0.0,0.0,0.0,0.0,0.0
173142930531959201,0.0,0.0,0.0,0.0,0.0
173242930458027501,2.5306122303009033,5.782506296522074,52.871919917864474,38.57777404785156,283.34281444353735
173342930511232501,0.0,0.0,0.0,0.0,0.0
173342930526722801,0.0,0.0,0.0,0.0,0.0
173742930479305901,0.0,0.0,0.0,0.0,0.0
173742930534262602,0.0,0.0,0.0,0.0,0.0
173842930533276002,0.0,0.0,0.0,0.0,0.0
174042930461713401,0.0,0.0,0.0,0.0,0.0
174042930516249201,6.122807025909424,14.331978258236434,207.62126245847176,84.0470199584961,816.9227526177335
174042930548710301,0.0,0.0,0.0,0.0,0.0
174242929514158301,2.4285714626312256,2.06967402523697,10.190253033481135,1.447780728340149,14.487718747095956
174242930538951702,0.0,0.0,0.0,0.0,0.0
174442930054961402,0.0,0.0,0.0,0.0,0.0
174542930452423502,0.0,0.0,0.0,0.0,0.0
174642929385350302,0.0,0.0,0.0,0.0,0.0
174742928236055201,1.5,13.02727896232485,25.61366885902202,80.69142150878906,729.5276200062962
174842930469978501,3.5744681358337402,11.103561046511627,200.51382185168933,57.273563385009766,521.8673516039578
174842930478757801,0.0,0.0,0.0,0.0,0.0
174942930455252701,0.0,0.0,0.0,0.0,0.0
174942930529771102,0.0,0.0,0.0,0.0,0.0
175042930541851802,3.0759494304656982,6.619081988759971,73.02306018854242,65.61869049072266,522.9074769836824
175042930546232402,0.0,0.0,0.0,0.0,0.0
175142930455190102,0.0,0.0,0.0,0.0,0.0
175142930480181001,0.0,0.0,0.0,0.0,0.0
175142930529037101,2.9833333492279053,5.31767063392754,122.53155199630386,58.25442886352539,638.1205089808345
175342930454055602,3.3684210777282715,24.049905395507814,281.05625,46.5029296875,913.8963788986206
175342930457543401,0.0,0.0,0.0,0.0,0.0
175342930508312801,2.222222328186035,18.699247098956757,88.19201693377684,28.959623336791992,168.29322915067115
175442930515676102,5.0,5.511725708189015,15.267986145472538,3.8328142166137695,38.58207924459194
175442930523935601,0.0,0.0,0.0,0.0,0.0
175442930525537602,0.0,0.0,0.0,0.0,0.0
175542930517516502,0.0,0.0,0.0,0.0,0.0
175842930518895102,2.0806450843811035,15.815807099082443,134.5362914270063,98.82660675048828,980.5800486522581
175842930522254701,0.0,0.0,0.0,0.0,0.0
176042930544553402,0.0,0.0,0.0,0.0,0.0
176142930480559002,0.0,0.0,0.0,0.0,0.0
176242930523833802,0.0,0.0,0.0,0.0,0.0
176342929201182702,0.0,0.0,0.0,0.0,0.0
176442928242942002,0.0,0.0,0.0,0.0,0.0
176442930548703702,0.0,0.0,0.0,0.0,0.0
176542930469300802,0.0,0.0,0.0,0.0,0.0
176642930543382501,0.0,0.0,0.0,0.0,0.0
176742930477931002,150.0,174.38083881578947,174.37894736842105,10.017849922180176,174.38083881578947
176942930476904801,0.0,0.0,0.0,0.0,0.0
176942930478602102,0.0,0.0,0.0,0.0,0.0
177042930546702502,0.0,0.0,0.0,0.0,0.0
177342930462158901,0.0,0.0,0.0,0.0,0.0
177342930530273402,0.0,0.0,0.0,0.0,0.0
177342930546684601,4.722222328186035,9.913215161271266,54.22337744171393,15.219954490661621,178.4378744989502
177542930508507301,0.0,0.0,0.0,0.0,0.0
177642930453702301,2.940000057220459,4.054428797639109,300.96816449864275,47.1452522277832,405.4428910794665
177742930456060701,0.0,0.0,0.0,0.0,0.0
177842930460193901,0.0,0.0,0.0,0.0,0.0
178042930479266802,2.0,21.31233454189687,42.6243093922652,2.702120065689087,42.62466908379374
178142930462707102,0.0,0.0,0.0,0.0,0.0
178142930528847201,0.0,0.0,0.0,0.0,0.0
178142930543623401,0.0,0.0,0.0,0.0,0.0
178542930476543901,11.0,5.364497639017082,58.114263547226344,15.747828483581543,177.02842089228474
178642930459055902,3.0833332538604736,7.236308959634255,45.71320249776985,13.217229843139648,86.83570969349353
178642930460996501,0.0,0.0,0.0,0.0,0.0
178642930528419301,0.0,0.0,0.0,0.0,0.0
178842928062695402,0.0,0.0,0.0,0.0,0.0
178942930474454801,0.0,0.0,0.0,0.0,0.0
179142930463396901,0.0,0.0,0.0,0.0,0.0
179342928213854001,0.0,0.0,0.0,0.0,0.0
179342930546197102,0.0,0.0,0.0,0.0,0.0
179542930525133101,0.0,0.0,0.0,0.0,0.0
179842930449428701,0.0,0.0,0.0,0.0,0.0
179842930510259202,0.0731707289814949,9.907604214058235,2.095768880800728,88.20035552978516,812.4235631302338
179842930538524902,0.0,0.0,-0.36605007565034897,0.0,0.0
179942930549169901,0.0,0.0,0.0,0.0,0.0
181142929703907301,0.0,0.0,0.0,0.0,0.0
181142930523877701,0.0,0.0,0.0,0.0,0.0
181142930527486402,2.843478202819824,18.54225636951959,365.8535447761194,110.49065399169922,2132.359530736595
181242930509374402,0.0,0.0,0.0,0.0,0.0
181342930521827301,2.75,3.8071202840946112,17.063400013031863,4.829699516296387,45.68544239897506
181442930476085601,3.4000000953674316,5.212081300650459,9.125826402217957,3.620880603790283,26.06040563174569
181442930543003101,0.0,0.0,0.0,0.0,0.0
181642930464002802,0.0,0.0,0.0,0.0,0.0
181742930531711401,4.304347991943359,5.911145782304594,50.7350315697801,17.33418083190918,135.9563501159947
182242930537956102,0.0,0.0,0.0,0.0,0.0
182342929012808301,0.0,0.0,0.0,0.0,0.0
182342930541689202,0.0,0.0,0.0,0.0,0.0
182442930456071301,0.0,0.0,0.0,0.0,0.0
182942930469857701,0.0,0.0,0.0,0.0,0.0
183042930475213801,0.0,12.120339363916523,1.7508650519031141,79.50862121582031,884.7847486188423
183042930517930602,0.0,0.0,0.0,0.0,0.0
183042930530573402,0.0,0.0,0.0,0.0,0.0
183142930518918701,0.0,0.0,0.0,0.0,0.0
183542930509064901,0.0,0.0,0.0,0.0,0.0
183642930531972901,0.0,0.0,0.0,0.0,0.0
183742930525710802,0.0,0.0,0.0,0.0,0.0
183742930527080001,0.0,0.0,0.0,0.0,0.0
184142930507781401,2.75,25.051773563508064,59.492831541218635,7.221822261810303,100.20709512908826
184242930458791701,0.0,0.0,0.0,0.0,0.0
184442930455796202,0.0,0.0,0.0,0.0,0.0
184442930517219702,0.0,0.0,0.0,0.0,0.0
184442930544068301,0.0,0.0,0.0,0.0,0.0
184542930473060602,0.0,0.0,0.0,0.0,0.0
184542930521086801,0.0,0.0,0.0,0.0,0.0
184642930462171501,0.0,0.0,0.0,0.0,0.0
184642930524539701,0.0,0.0,0.0,0.0,0.0
184742929839739802,0.0,0.0,0.0,0.0,0.0
184842929021081301,0.0,0.0,0.0,0.0,0.0
184842930463990202,0.0,0.0,0.0,0.0,0.0
185242930475044302,0.0,0.0,0.0,0.0,0.0
185242930508862201,0.0,0.0,0.0,0.0,0.0
185242930549979501,0.0,0.0,0.0,0.0,0.0
185342930472893601,4.234568119049072,10.655601644551762,134.61027756939234,84.7754898071289,863.1037258550983
185342930542156801,0.0,0.0,0.0,0.0,0.0
185442930539869301,0.0,0.0,0.0,0.0,0.0
185642930527158702,0.0,0.0,0.0,0.0,0.0
185742930316791302,0.0,0.0,0.0,0.0,0.0
185742930531538401,3.1578948497772217,12.541770351624182,110.02842318971351,39.78569030761719,476.58728910412174
185942930529803701,0.7796609997749329,18.268759665635667,31.795221843003414,95.8612060546875,1077.8568654174285
186242930525209502,0.0,0.0,0.0,0.0,0.0
186342930457277601,3.0,21.065245301573427,77.94405594405595,14.9396333694458,147.45671497691762
186342930526904701,0.0,0.0,0.0,0.0,0.0
186442930519296301,2.310344934463501,6.441973108413325,53.62507058159232,0.0,560.4516385184513
186442930549950901,0.0,0.0,0.0,0.0,0.0
186542930507655802,0.0,0.0,0.0,0.0,0.0
186742930451038602,0.0,0.0,0.0,0.0,0.0
186842930478135802,0.0,0.0,0.0,0.0,0.0
187042930475738102,0.0,0.0,0.0,0.0,0.0
187242930521653902,0.0,0.0,0.0,0.0,0.0
187442930519530002,0.0,0.0,0.0,0.0,0.0
187642930455584402,0.0,0.0,0.0,0.0,0.0
187642930527571602,0.0,0.0,0.0,0.0,0.0
187742930446810702,0.0,0.0,0.0,0.0,0.0
187742930459631002,0.0,0.0,0.0,0.0,0.0
187742930522129302,0.0,0.0,0.0,0.0,0.0
187742930531273002,0.0,0.0,0.0,0.0,0.0
187842930460474102,0.9560439586639404,7.523028165389001,57.7863659401926,75.3895034790039,684.5955690286272
187842930463290001,0.0,0.0,0.0,0.0,0.0
187942930524637001,0.0,0.0,0.0,0.0,0.0
187942930528980602,0.0,0.0,0.0,0.0,0.0
188242929013166301,0.0,0.0,0.0,0.0,0.0
188242930464850202,0.0,0.0,0.0,0.0,0.0
188242930522584702,0.0,0.0,0.0,0.0,0.0
188342930526586002,0.0,0.0,0.0,0.0,0.0
188442930457576502,1.0,8.6722001953125,8.672,0.8375828266143799,8.6722001953125
188442930534496402,0.0,0.0,0.0,0.0,0.0
188642929800356701,0.0,0.0,0.0,0.0,0.0
188742928316187402,4.25,15.270262323031767,56.30386740331492,3.742584228515625,61.08104929212707
188742930515997302,0.0,0.0,0.0,0.0,0.0
189142930445491702,0.0,0.0,0.0,0.0,0.0
189242928087944401,0.0,0.0,0.0,0.0,0.0
189442930529519802,0.0,0.0,0.0,0.0,0.0
189442930532402802,0.0,0.0,0.0,0.0,0.0
189542930532566802,0.0,0.0,0.0,0.0,0.0
189742927986105002,2.769230842590332,12.613657230676074,77.33361415332772,21.422636032104492,163.97753978840123
189742930517890202,0.0,0.0,0.0,0.0,0.0
189942930526846502,0.0,0.0,0.0,0.0,0.0
191142930477001502,0.0,0.0,0.0,0.0,0.0
191242928823204201,0.0,0.0,0.0,0.0,0.0
191342930457253501,0.0,0.0,0.0,0.0,0.0
191342930516577602,0.0,0.0,0.0,0.0,0.0
191342930525032501,0.0,0.0,0.0,0.0,0.0
191342930539983202,0.0,0.0,0.0,0.0,0.0
191342930541755801,0.0,0.0,0.0,0.0,0.0
191442930462855702,0.0,0.0,0.0,0.0,0.0
191442930542916701,1.8679245710372925,5.778652450090744,109.58975289683093,64.23802185058594,612.5371368173878
191942930462739701,0.0,0.0,0.0,0.0,0.0
191942930517330601,0.0,0.0,0.0,0.0,0.0
192042930472522002,0.0,0.0,0.0,0.0,0.0
192442930528707601,0.0,0.0,0.0,0.0,0.0
192542930545880701,0.0,0.0,0.0,0.0,0.0
192642930462426001,0.0,0.0,0.0,0.0,0.0
192642930466614901,0.0,0.0,0.0,0.0,0.0
192642930517070502,3.3181817531585693,42.18688716845372,520.7697516930023,18.386024475097656,928.1114827106553
193142928888081701,3.371134042739868,5.098178885524798,84.66966551326414,68.18036651611328,494.52334193985354
193142930516186502,0.0,0.0,0.0,0.0,0.0
193242929947863901,0.0,0.0,0.0,0.0,0.0
193242930529969302,0.0,0.0,0.0,0.0,0.0
193442930518696401,0.0,0.0,0.0,0.0,0.0
193842928176142301,0.0,0.0,0.0,0.0,0.0
193842930534095702,0.0,0.0,0.0,0.0,0.0
193942930458399401,0.0,0.0,0.0,0.0,0.0
194042929309310102,0.0,0.0,0.0,0.0,0.0
194242929166198701,0.0,0.0,0.0,0.0,0.0
194242930531402601,0.0,0.0,0.0,0.0,0.0
194342930525935501,2.8876404762268066,18.815951621423928,150.43319245773733,158.5310516357422,1674.6197377069718
194542930544892701,0.0,0.0,0.0,0.0,0.0
194642930461157702,0.20000000298023224,10.443944818037975,5.757974683544304,26.765602111816406,313.3183466271509
194642930462519702,0.0,0.0,0.0,0.0,0.0
194642930545150301,0.0,0.0,0.0,0.0,0.0
194642930546396201,0.0,0.0,0.0,0.0,0.0
194742930533156002,0.0,0.0,0.0,0.0,0.0
194742930548711401,0.0,0.0,0.0,0.0,0.0
194842930528510301,0.0,0.0,0.0,0.0,0.0
194842930532490002,0.0,0.0,0.0,0.0,0.0
195142930450872301,3.6363637447357178,6.682731444070581,128.9601526070369,110.1082992553711,588.0803677913444
195142930540612502,0.0,0.0,0.0,0.0,0.0
195342928779164901,0.0,0.0,0.0,0.0,0.0
195442930454031802,0.0,0.0,0.0,0.0,0.0
195742929321180801,0.0,0.0,0.0,0.0,0.0
195742929476628902,0.0,0.0,0.0,0.0,0.0
195742930478077902,0.0,0.0,0.0,0.0,0.0
195942930456866702,0.0,0.0,0.0,0.0,0.0
195942930473561901,3.297297239303589,2.8313962849990277,19.130274159051137,48.912818908691406,209.5233195560604
195942930532109202,0.0,0.0,0.0,0.0,0.0
196042930540599302,4.166666507720947,9.439645253566006,88.76921847530765,27.07363510131836,226.55149357963222
196242930528428102,0.0,0.0,0.0,0.0,0.0
196242930528957301,3.119999885559082,4.181724495619447,33.55700888450148,16.082679748535156,104.54311632945296
196442930527100201,0.0,0.0,0.0,0.0,0.0
196542930536473202,0.0,0.0,0.0,0.0,0.0
196642930516978601,3.46875,4.136983377383914,132.38341625207298,21.065664291381836,132.38346890248667
196842930540591201,0.0,0.0,0.0,0.0,0.0
196942929885937002,3.5999999046325684,18.507713393409652,83.48762376237623,6.4888153076171875,92.53856439873724
197142928135571602,0.0,0.0,0.0,0.0,0.0
197142930526756002,1.4375,2.183464846492628,16.481521669751707,8.916504859924316,69.87087654088934
197142930529403302,0.027397260069847107,9.508691330488752,17.993017843289373,86.67854309082031,1388.2688827015245
197242930518932201,0.0,0.0,0.0,0.0,0.0
197342930455782501,0.0,0.0,0.0,0.0,0.0
197342930462733702,0.0,0.0,0.0,0.0,0.0
197542929575341802,0.0,0.0,0.0,0.0,0.0
197642930528232101,0.0,0.0,0.0,0.0,0.0
197742930548902501,0.0,0.0,0.0,0.0,0.0
197942929165986602,0.0,0.0,0.0,0.0,0.0
197942930508734101,0.0,0.0,0.0,0.0,0.0
197942930541585801,0.0,0.0,0.0,0.0,0.0
198142930550292001,0.0,0.0,0.0,0.0,0.0
198542930542434002,0.0,0.0,0.0,0.0,0.0
198742930458981302,0.0,0.0,0.0,0.0,0.0
198942930550515102,1.0,3.1824489268503093,3.1824131366016184,0.393075555562973,3.1824489268503093
199042930461844201,0.0,0.0,0.0,0.0,0.0
199042930548544802,0.0,0.0,0.0,0.0,0.0
199142930541839502,0.0,0.0,0.0,0.0,0.0
199242930451638001,3.0,2.887148324602601,2.887090558766859,0.11850446462631226,2.887148324602601
199242930462005002,0.0,0.0,0.0,0.0,0.0
199542930509304402,0.0,0.0,0.0,0.0,0.0
199542930510230901,2.9677419662475586,10.54179678048633,157.41489233002662,88.6897964477539,980.3871253544557
199642930454548302,0.0,0.0,0.0,0.0,0.0
199742930449773702,0.0,0.0,0.0,0.0,0.0
199842929126793302,0.0,0.0,0.0,0.0,0.0
199942930530867601,0.0,0.0,0.0,0.0,0.0
201242930477969001,0.0,0.0,0.0,0.0,0.0
201442930467818102,0.0,0.0,0.0,0.0,0.0
201542929584070601,0.0,0.0,0.0,0.0,0.0
201542930518523202,0.0,0.0,0.0,0.0,0.0
201842927928402701,6.166666507720947,49.57549872665535,124.33616298811545,27.94385528564453,297.4529853134285
201942930541697001,0.0,0.0,0.0,0.0,0.0
202142930527320702,0.0,0.0,0.0,0.0,0.0
202442930546098002,0.0,0.0,0.0,0.0,0.0
202542927928301302,3.4666666984558105,7.673767098632109,37.18041756659467,10.948925018310547,115.10650748135461
202542930519452201,1.8333333730697632,18.686337425595237,172.34837092731829,72.98194885253906,1457.5342958349931
202642928676362302,0.0,0.0,0.0,0.0,0.0
202642930461705002,0.0,0.0,0.0,0.0,0.0
202642930475655402,0.0,0.0,0.0,0.0,0.0
202742928043675701,0.0,0.0,0.0,0.0,0.0
202842928570580602,0.0,0.0,0.0,0.0,0.0
203042930545739702,0.0,0.0,0.0,0.0,0.0
203442930479279901,0.0,0.0,0.0,0.0,0.0
203542930446366902,0.0,0.0,0.0,0.0,0.0
203542930476118802,0.0,0.0,0.0,0.0,0.0
203642930519858202,4.400000095367432,9.054906801386343,22.063703024747937,4.436495304107666,45.274532720214395
203742930456700602,1.7799999713897705,9.263833490368508,55.745896147403684,55.9394645690918,463.19168527369925
203842930508275702,0.0,0.0,0.0,0.0,0.0
203842930509485801,0.25925925374031067,31.435396352208645,22.975563909774436,78.3392562866211,1697.511326926095
203842930547535202,0.0,0.0,0.0,0.0,0.0
203942928119349601,0.0,0.0,0.0,0.0,0.0
204042928042145401,0.0,0.0,0.0,0.0,0.0
204042930475363702,0.0,0.0,0.0,0.0,0.0
204042930542899602,0.0,0.0,0.0,0.0,0.0
204342930461193302,0.0,0.0,0.0,0.0,0.0
204542930457014502,7.857142925262451,29.43056888351135,291.9766355140187,62.490745544433594,618.0419512444408
204542930524947501,0.0,0.0,0.0,0.0,0.0
204642930475134001,2.0,2.0116078959489854,2.0114854517611027,0.30927774310112,2.0116078959489854
204842930342747201,0.0,0.0,0.0,0.0,0.0
204842930388638301,22.5,7.0895765019729895,59.641916300783635,11.763370513916016,99.25407378657962
204842930534921901,0.0,0.0,0.0,0.0,0.0
205042930456457801,0.0,0.0,0.0,0.0,0.0
205042930531009601,0.0,0.0,0.0,0.0,0.0
205142930518281701,0.0,0.0,0.0,0.0,0.0
205242930462843402,0.2068965584039688,5.945317140947725,10.67090111496984,16.7585391998291,172.41419862214835
205242930471668002,0.0,0.0,0.0,0.0,0.0
205242930533677402,0.0,0.0,0.0,0.0,0.0
205242930549818802,0.0,0.0,0.0,0.0,0.0
205342930534423002,111.33333587646484,45.076171875,135.22842401500938,30.91645622253418,135.228512985845
205342930549076202,6.1086955070495605,11.846757772626743,127.08063967335829,63.356021881103516,544.9508400878439
205442930451140102,2.454545497894287,8.521451808633172,62.86090390522159,12.738438606262207,93.73596777922232
205442930526065202,0.0,0.0,0.0,0.0,0.0
205642930474298101,1.674698829650879,18.43322314938791,391.2444529456771,127.2773666381836,1529.9575806187597
205842928288536202,0.0,0.0,0.0,0.0,0.0
205842928932735101,0.4117647111415863,8.56707311687394,23.998680987375163,69.26103973388672,728.2012049112702
205842930534884102,0.0,0.0,0.0,0.0,0.0
205942930459277902,0.0,0.0,0.0,0.0,0.0
206142930464701102,0.0,0.0,0.0,0.0,0.0
206242929321374401,3.4285714626312256,7.108300321330455,40.293563579277865,6.046576976776123,49.75810066833975
206242929476530502,0.0,0.0,0.0,0.0,0.0
206242930461224402,0.0,0.0,0.0,0.0,0.0
206242930528713001,3.379310369491577,15.717415442833534,63.59975961538461,30.58776092529297,455.8050314279703
206242930529600601,0.0,0.0,0.0,0.0,0.0
206442930526147401,0.0,0.0,0.0,0.0,0.0
206542930541423001,0.0,0.0,0.0,0.0,0.0
206742929927339802,0.0,0.0,0.0,0.0,0.0
206842930463599601,2.5,29.356263272770175,58.71236432279377,5.461704254150391,58.71252493253009
206842930517947502,0.0,0.0,0.0,0.0,0.0
207142930449579901,0.0,0.0,0.0,0.0,0.0
207142930510244802,0.0,0.0,0.0,0.0,0.0
207442930507714902,0.0,0.0,0.0,0.0,0.0
207542929839789102,2.444444417953491,10.458875793212856,30.649330942198922,11.508865356445312,94.12988616358183
207742930475609901,0.0,0.0,0.0,0.0,0.0
207742930533085401,0.0,0.0,0.0,0.0,0.0
208042930515529002,3.7714285850524902,6.053011949163505,70.55501897205933,27.769426345825195,211.8554242552869
208042930528313102,0.0,0.0,0.0,0.0,0.0
208042930542384402,0.0,0.0,0.0,0.0,0.0
208142930527700802,0.0,0.0,0.0,0.0,0.0
208342930460922602,0.0,0.0,0.0,0.0,0.0
208442930509150801,0.0,0.0,0.0,0.0,0.0
208442930533643502,0.0,0.0,0.0,0.0,0.0
208542930454276302,0.0,7.479720325630252,0.0,128.1717529296875,1316.4307265861696
208642930448971302,4.2727274894714355,5.401938213924233,62.62849431270484,68.51596069335938,356.52792139533216
208742930459881901,2.75,7.756333891572866,13.826675963741408,6.927954196929932,62.050672464060085
208742930526452502,0.0,0.0,0.0,0.0,0.0
209142930342804001,0.0,0.0,0.0,0.0,0.0
209242930452690302,0.0,0.0,0.0,0.0,0.0
209342930470808201,0.0,0.0,0.0,0.0,0.0
209642930542527302,0.0,0.0,0.0,0.0,0.0
209742930473717902,3.4893617630004883,10.12118907723239,165.30088740987244,69.77003479003906,951.3917919207598
209742930516270101,0.0,0.0,0.0,0.0,0.0
209942930547042502,0.0,0.0,0.0,0.0,0.0
211142930550015701,4.683333396911621,28.775056776889535,330.42790697674417,34.19776153564453,1726.5034473064334
211242930465105802,1.507462739944458,24.013072428854468,168.38472622478386,94.58928680419922,1608.8759183581349
211542929160935901,0.0,0.0,0.0,0.0,0.0
211642928614409302,0.0,0.0,0.0,0.0,0.0
211642930452905601,0.0,0.0,0.0,0.0,0.0
211642930463091102,0.0,0.0,0.0,0.0,0.0
211642930542496201,0.0,0.0,0.0,0.0,0.0
211742929160847802,0.0,0.0,0.0,0.0,0.0
211742930289750601,0.0,0.0,0.0,0.0,0.0
211742930471091801,0.0,0.0,0.0,0.0,0.0
212042928921270801,0.0,0.0,0.0,0.0,0.0
212342930448223102,0.0,0.0,0.0,0.0,0.0
212442930454093601,0.0,0.0,0.0,0.0,0.0
212542930461335402,0.0,0.0,0.0,0.0,0.0
212642930477761102,0.0,0.0,0.0,0.0,0.0
212842928258040302,0.720588207244873,6.140734838888096,69.69483300028547,62.50487518310547,417.56998303669576
213042930479540402,0.0,0.0,0.0,0.0,0.0
213042930480513401,0.0,0.0,0.0,0.0,0.0
213342930450456101,0.0,0.0,0.0,0.0,0.0
213342930472590701,0.0,0.0,0.0,0.0,0.0
213442930525710701,0.0,0.0,0.0,0.0,0.0
213542930520818802,0.0,0.0,0.0,0.0,0.0
213642930525015001,0.0,0.0,0.0,0.0,0.0
213642930529319202,0.0,0.0,0.0,0.0,0.0
213742930448749601,0.0,0.0,0.0,0.0,0.0
213942930527571901,0.25,5.7813789838907885,17.91258815986322,63.6969108581543,439.384810273019
213942930549045802,3.4473683834075928,8.138881847652234,63.63509653832971,75.0549087524414,618.5550070333029
214042930461938401,0.0,0.0,0.0,0.0,0.0
214042930533285602,0.0,0.0,0.0,0.0,0.0
214242930476777102,2.933333396911621,2.2598330557238038,23.558382125311258,5.87622594833374,33.89749752665699
214342930528543402,2.5,9.220698857428987,17.928623452294246,1.9239543676376343,18.44139842611981
214542930463014801,0.0,0.0,0.0,0.0,0.0
214642930541063701,0.0,0.0,0.0,0.0,0.0
214742930464176902,5.666666507720947,4.429481360705764,10.70337738619677,1.3029742240905762,13.28844372361417
214742930518803202,1.1698113679885864,11.595172633737993,28.816168623265742,98.36908721923828,614.5441469947709
214742930529008801,0.0,0.0,0.0,0.0,0.0
214942929249151201,3.3009707927703857,6.795017258101324,127.49497946143313,73.84355926513672,699.8867743895621
214942930521792701,0.0,0.0,0.0,0.0,0.0
214942930539115801,1.6559139490127563,5.24934178252338,89.56613226452906,93.32542419433594,488.18879252879236
215242930508075102,0.0,0.0,0.0,0.0,0.0
215242930532660101,0.0,0.0,0.0,0.0,0.0
215342930457772202,1.4594594240188599,20.908934133842443,111.53826366559485,33.02212905883789,773.6305621475269
215342930535908602,0.0,0.0,0.0,0.0,0.0
215642930509549502,0.0,0.0,0.0,0.0,0.0
215742930515530701,0.0,0.0,0.0,0.0,0.0
215842928087914902,0.0,0.0,0.0,0.0,0.0
215842930474952702,0.0,0.0,0.0,0.0,0.0
215942930472937802,0.0,0.0,0.0,0.0,0.0
215942930534226501,0.0,0.0,0.0,0.0,0.0
216042930517885901,0.0,0.0,0.0,0.0,0.0
216042930525548201,0.0,0.0,0.0,0.0,0.0
216042930549546702,0.0,0.0,0.0,0.0,0.0
216142930529762501,0.0,0.0,0.0,0.0,0.0
216142930533879302,0.0,0.0,0.0,0.0,0.0
216242930462445402,0.0,0.0,0.0,0.0,0.0
216242930539128802,3.0273971557617188,7.1457495751319,60.624188311688314,82.02518463134766,521.6397465637752
216342930464379001,0.0,0.0,0.0,0.0,0.0
216542930527751801,0.0,0.0,0.0,0.0,0.0
216742930473831902,0.0,0.0,0.0,0.0,0.0
216742930527214301,0.0,0.0,0.0,0.0,0.0
217142928739711201,0.0,0.0,0.0,0.0,0.0
217142930464930701,0.0,0.0,0.0,0.0,0.0
217242930462792202,0.0,0.0,0.0,0.0,0.0
217242930523998102,0.0,0.0,0.0,0.0,0.0
217342930452353601,0.0,0.0,0.0,0.0,0.0
217342930461880202,2.904761791229248,4.750031859771836,64.06385504852365,14.019450187683105,99.75066955931887
217342930474375302,0.0,0.0,0.0,0.0,0.0
217442930510769402,0.0,0.0,0.0,0.0,0.0
217642930478744201,0.0,0.0,0.0,0.0,0.0
217742930478248501,0.0,0.0,0.0,0.0,0.0
217842930542664701,3.3015873432159424,3.8664442849876473,54.22929806714141,35.4788703918457,243.5859864061819
218142930548310601,0.0,0.0,0.0,0.0,0.0
218442927995017401,0.0,0.0,0.0,0.0,0.0
218542930447738002,0.0,0.0,0.0,0.0,0.0
218642930516546502,0.0,0.0,0.0,0.0,0.0
218742928694273101,2.2200000286102295,14.567840562243267,71.15015974440895,98.7438735961914,728.3920432978273
218842929013215201,0.0,0.0,0.0,0.0,0.0
218942930515688402,0.27173912525177,5.62034035190346,10.372462929855926,73.4526138305664,517.0713256794216
219142930460880402,0.0,0.0,0.0,0.0,0.0
219142930540645401,0.0,0.0,0.0,0.0,0.0
219342930184422702,0.0,0.0,0.0,0.0,0.0
219342930461496201,0.0,0.0,0.0,0.0,0.0
219342930479864602,0.0,0.0,0.0,0.0,0.0
219642930519637602,0.0,0.0,0.0,0.0,0.0
219742930532576901,0.0,0.0,0.0,0.0,0.0
219742930533665601,3.2469136714935303,4.493717339046823,69.19085841694537,68.31895446777344,363.99110695510404
219842930546832202,0.0,0.0,0.0,0.0,0.0
219942930478109202,0.0,0.0,0.0,0.0,0.0
219942930526327501,0.0,0.0,0.0,0.0,0.0
221142930546480202,0.0,0.0,0.0,0.0,0.0
221242930525006201,5.05555534362793,22.35614865325218,146.6889534883721,33.07160949707031,402.41068292218586
221542930460197101,0.0,0.0,0.0,0.0,0.0
221542930530640802,2.7078652381896973,6.703380176750276,47.739801543550165,99.55181884765625,596.6008170032186
221542930541745402,0.0,0.0,0.0,0.0,0.0
221642930455184701,0.0,0.0,0.0,0.0,0.0
221642930525763302,0.0,0.0,0.0,0.0,0.0
221742930526945402,0.0,0.0,0.0,0.0,0.0
221742930548772001,0.0,0.0,0.0,0.0,0.0
221842930543068801,6.909090995788574,14.470762456383415,86.25779967159278,20.352237701416016,159.17839040270775
221842930548629802,0.0,0.0,0.0,0.0,0.0
222242930544009002,2.139785051345825,31.24759765625,477.86571428571426,142.95172119140625,2906.026663216863
222342930530148102,0.0,0.0,0.0,0.0,0.0
222442930529814102,2.2352941036224365,10.578763474859901,117.8082191780822,42.13475036621094,359.6779666202303
222542930509430901,0.0,0.0,0.0,0.0,0.0
222542930542764902,0.0,0.0,0.0,0.0,0.0
222642930457658001,0.0,0.0,0.0,0.0,0.0
222742930520958001,0.0,0.0,0.0,0.0,0.0
222842930519131302,4.454545497894287,14.832158982889734,189.32319391634982,145.7247314453125,1142.0762314132865
222942930524801801,0.0,0.0,0.0,0.0,0.0
223042930446533101,0.0,0.0,0.0,0.0,0.0
223142930524586801,0.0,0.0,0.0,0.0,0.0
223242929687182701,0.0,0.0,0.0,0.0,0.0
223242930515474901,0.0,0.0,0.0,0.0,0.0
223242930522271402,0.0,0.0,0.0,0.0,0.0
223542930509711401,0.0,0.0,0.0,0.0,0.0
223542930524943702,3.045454502105713,13.014807949926091,194.41685144124168,14.819892883300781,286.3257660678996
223742929259310802,0.35849055647850037,11.260725419051512,22.103025347506133,78.46097564697266,596.8184530621947
223942930510424802,0.0,0.0,0.0,0.0,0.0
224042928592854201,0.0,0.0,0.0,0.0,0.0
224042930519163101,0.0,0.0,0.0,0.0,0.0
224242930455491302,0.0,0.0,0.0,0.0,0.0
224342928021699402,2.0,6.874034565324165,11.93320235756385,2.930720090866089,20.622102544818272
224342930465361801,0.0,0.0,0.0,0.0,0.0
224442930059407701,0.0,0.0,0.0,0.0,0.0
224442930465045101,0.0,0.0,0.0,0.0,0.0
224542930521392801,0.0,0.0,0.0,0.0,0.0
224542930535872302,0.0,0.0,0.0,0.0,0.0
224942930459667401,0.0,0.0,0.0,0.0,0.0
225042929800207601,0.0,0.0,0.0,0.0,0.0
225442930536192201,0.0,0.0,0.0,0.0,0.0
225542930526813002,0.0,0.0,0.0,0.0,0.0
225642928823251301,0.0,0.0,0.0,0.0,0.0
225742930542785202,0.0,0.0,0.0,0.0,0.0
225942930518197202,0.0,0.0,0.0,0.0,0.0
226142930510564702,0.0,0.0,0.0,0.0,0.0
226242930530711402,0.0,0.0,0.0,0.0,0.0
226442930530900801,0.0,0.0,0.0,0.0,0.0
226542930518849501,3.144444465637207,7.23124451526059,74.58852927177534,78.05817413330078,650.8120081219317
226642930455066701,0.0,0.0,0.0,0.0,0.0
226642930474481301,0.0,0.0,0.0,0.0,0.0
226642930541254802,0.0,0.0,0.0,0.0,0.0
226942930525434501,0.0,0.0,0.0,0.0,0.0
227042927979772501,5.085106372833252,11.69011035863904,160.13858695652175,50.19953918457031,549.4352000796276
227042929704188102,0.0,0.0,0.0,0.0,0.0
227042930459882702,0.9375,13.480804479572809,298.9094761824038,82.6221694946289,862.7715207863145
227142930477466802,0.0,0.0,0.0,0.0,0.0
227242929127079502,0.0,0.0,0.0,0.0,0.0
227342929501640302,4.42307710647583,8.550298212452622,238.59444093493366,98.7020263671875,666.9232665198706
227442930456397101,0.0,0.0,0.0,0.0,0.0
227442930476092802,0.0,0.0,0.0,0.0,0.0
227442930537540601,0.0,0.0,0.0,0.0,0.0
227542930142494701,0.0,0.0,0.0,0.0,0.0
227742929321159702,0.0,0.0,0.0,0.0,0.0
227742930541985201,4.181818008422852,23.057431153053805,201.27096461463887,25.969728469848633,253.63174990248575
227842930515700502,0.0,0.0,0.0,0.0,0.0
228042930508088301,0.3499999940395355,6.0086182058145585,23.670458770168786,10.978232383728027,120.17236411629118
228042930509501002,0.0,0.0,0.0,0.0,0.0
228442930532044401,2.620253086090088,11.966546407807309,187.42591362126245,99.45479583740234,945.3572141679023
228442930535190902,0.0,0.0,0.0,0.0,0.0
228542930474401902,0.0,0.0,0.0,0.0,0.0
228742929800041902,0.0,0.0,0.0,0.0,0.0
228742930458562502,0.0,0.0,0.0,0.0,0.0
228842930530653801,0.0,0.0,0.0,0.0,0.0
228942930461646102,0.0,0.0,0.0,0.0,0.0
229142930460413102,4.833333492279053,5.985528159897334,31.80979827089337,2.975710153579712,35.91316992680003
229242929765863102,57.0,0.32690421706440015,0.32690421706440015,0.05595051497220993,0.32690421706440015
229242930464650702,3.461538553237915,7.357673633312021,36.88797953964195,9.58824348449707,95.6497548837491
229342930448175602,0.0,0.0,0.0,0.0,0.0
229542930477542801,0.0,0.0,0.0,0.0,0.0
229842928130723801,0.0,0.0,0.0,0.0,0.0
229842930473204002,0.4000000059604645,14.840306332236842,11.760358342665173,55.4034423828125,593.6122473474312
229942929839807701,0.0,0.0,0.0,0.0,0.0
231142929604407702,0.0,0.0,0.0,0.0,0.0
231242930518258301,0.0,0.0,0.0,0.0,0.0
231442930468593002,0.0,0.0,0.0,0.0,0.0
231442930518389502,0.0,0.0,0.0,0.0,0.0
231542930471698101,0.0,0.0,0.0,0.0,0.0
231542930515932502,0.0,0.0,0.0,0.0,0.0
231542930531937402,0.0,0.0,0.0,0.0,0.0
231742930475459301,0.0,0.0,0.0,0.0,0.0
231942930516452801,0.0,1.4737539327703262,0.0,0.49356961250305176,2.9475078655406524
231942930527300101,0.0,0.0,0.0,0.0,0.0
232042930546849802,0.0,0.0,0.0,0.0,0.0
232342930480521002,0.0,0.0,0.0,0.0,0.0
232442930455043601,0.0,0.0,0.0,0.0,0.0
232442930532909002,0.0,0.0,0.0,0.0,0.0
232542930522580802,0.0,0.0,0.0,0.0,0.0
232542930530980201,4.0,4.4027741034685475,36.88477366255144,28.761552810668945,211.33315047455284
232742930531694702,0.0,0.0,0.0,0.0,0.0
232942930545939201,0.0416666679084301,7.831349560776732,0.5601882985877606,71.57215118408203,939.7619440010433
233042930530581602,0.0,0.0,0.0,0.0,0.0
233142930519507601,0.0,0.0,0.0,0.0,0.0
233142930545192801,0.0,0.0,0.0,0.0,0.0
233142930548538502,0.0,0.0,0.0,0.0,0.0
233242930448797601,0.0,0.0,0.0,0.0,0.0
233342930543064402,0.0,0.0,0.0,0.0,0.0
233442930516186401,0.0,0.0,0.0,0.0,0.0
233442930543210202,0.0,0.0,0.0,0.0,0.0
233542930464095302,0.0,0.0,0.0,0.0,0.0
233542930475867401,0.0,0.0,0.0,0.0,0.0
233742930548685602,0.0,0.0,0.0,0.0,0.0
233842930530354701,0.0,0.0,0.0,0.0,0.0
234042930476811801,0.0,0.0,0.0,0.0,0.0
234042930480240401,0.0,0.0,0.0,0.0,0.0
234042930480645902,3.1573033332824707,7.306767684945308,265.4145557474573,95.31082916259766,650.302308010291
234142930463876201,0.0,0.0,0.0,0.0,0.0
234142930516208801,0.0,0.0,0.0,0.0,0.0
234342930459315401,0.0,0.0,0.0,0.0,0.0
234342930534636802,0.0,0.0,0.0,0.0,0.0
234442930519488502,3.0,4.2164410621171236,6.263710618436406,0.7885667085647583,8.432881981795143
234942930447392501,0.0,0.0,0.0,0.0,0.0
234942930528080102,0.0,0.0,0.0,0.0,0.0
235042928235935102,0.0,0.0,0.0,0.0,0.0
235042930459852101,0.0,0.0,0.0,0.0,0.0
235142930524357902,0.0,0.0,0.0,0.0,0.0
235142930532587302,0.0,0.0,0.0,0.0,0.0
235142930547606802,0.0,0.0,0.0,0.0,0.0
235442929488789901,3.661290407180786,12.468324463292834,53.11943986820428,93.22764587402344,773.036093612872
235442930544367302,0.0,0.0,0.0,0.0,0.0
235542930546451802,0.0,0.0,0.0,0.0,0.0
235642930220797901,0.0,0.0,0.0,0.0,0.0
235642930469364202,0.0,0.0,0.0,0.0,0.0
235642930479363401,0.0,0.0,0.0,0.0,0.0
235642930522798702,2.2933332920074463,5.91716961661142,59.31443492401026,51.959205627441406,443.78771840958655
235842929839691602,0.0,0.0,0.0,0.0,0.0
235942930455679801,0.0,0.0,0.0,0.0,0.0
236042930457786301,0.0,0.0,0.0,0.0,0.0
236042930547778101,4.375,5.560450954004195,46.608464955577496,36.56389617919922,222.4180466255572
236142930544684002,0.0,0.0,0.0,0.0,0.0
236242930471200901,0.0,0.0,0.0,0.0,0.0
236242930474371601,0.0,0.0,0.0,0.0,0.0
236342930546254302,0.0,0.0,0.0,0.0,0.0
236442930449556802,3.9397590160369873,10.909379933885928,146.02743240576277,104.31233978271484,905.4785126587661
236642930530457701,0.0,0.0,0.0,0.0,0.0
236642930543830802,3.1379311084747314,6.079363401692883,60.618976038367244,64.33735656738281,528.9046160499508
236742930543645202,0.0,0.0,0.0,0.0,0.0
237142930537923602,2.799999952316284,38.98208306760204,173.3622448979592,9.799643516540527,194.91041023877202
237142930541491901,0.0,0.0,0.0,0.0,0.0
237442928235852702,0.0,0.0,0.0,0.0,0.0
237642930510191802,0.0,0.0,0.0,0.0,0.0
237642930536276402,0.0,0.0,0.0,0.0,0.0
237742930540437102,0.0,0.0,0.0,0.0,0.0
237742930543536302,0.0,0.0,0.0,0.0,0.0
238042929765913402,0.0,0.0,0.0,0.0,0.0
238042930508527402,0.0,0.0,0.0,0.0,0.0
238142930518014401,0.0,0.0,0.0,0.0,0.0
238242930459729901,4.102941036224365,20.838693243982494,221.42625820568927,86.7607192993164,1417.031197706093
238242930479484202,0.0,0.0,0.0,0.0,0.0
238342930549815502,0.0,0.0,0.0,0.0,0.0
238442930451793002,0.0,0.0,0.0,0.0,0.0
238742930478203001,0.0,0.0,0.0,0.0,0.0
238742930547727901,0.0,0.0,0.0,0.0,0.0
239242930462518401,4.75,16.997175270151867,157.80841121495328,95.92678833007812,951.84184460328
239242930463967601,0.0,0.0,0.0,0.0,0.0
239242930528882101,0.0,0.0,0.0,0.0,0.0
239242930549135202,0.0,0.0,0.0,0.0,0.0
239342930518492102,0.0,0.0,0.0,0.0,0.0
239442929921990602,0.0,0.0,0.0,0.0,0.0
239442930531431601,0.0,0.0,0.0,0.0,0.0
239542930541650302,0.0,0.0,0.0,0.0,0.0
239842930456653101,0.0,0.0,0.0,0.0,0.0
239842930527482101,0.0,0.0,0.0,0.0,0.0
239942930455010102,0.0,0.0,0.0,0.0,0.0
239942930541439502,0.0,0.0,0.0,0.0,0.0
241142928603062201,0.0,0.0,0.0,0.0,0.0
241142928726332101,0.0,0.0,0.0,0.0,0.0
241142930465417902,0.0,0.0,0.0,0.0,0.0
241142930524075202,0.0,0.0,0.0,0.0,0.0
241242930534408101,0.0,0.0,0.0,0.0,0.0
241442930516032402,0.0,0.0,0.0,0.0,0.0
241442930528886802,0.0,0.0,0.0,0.0,0.0
241542930547557702,0.0,0.0,0.0,0.0,0.0
241742930474208501,3.7411763668060303,6.758995878367794,81.55122180451127,82.77835083007812,574.5146505018523
241842930515814201,0.0,0.0,0.0,0.0,0.0
241942930509935501,0.0,0.0,0.0,0.0,0.0
241942930548691901,0.0,0.0,0.0,0.0,0.0
242242930528340102,0.0,0.0,0.0,0.0,0.0
242342930522564602,0.0,0.0,0.0,0.0,0.0
242542928159125602,0.0,0.0,0.0,0.0,0.0
242942930508408802,0.0,0.0,0.0,0.0,0.0
242942930520106201,0.0,0.0,0.0,0.0,0.0
243042930316903701,0.0,0.0,0.0,0.0,0.0
243142930454432801,0.0,0.0,0.0,0.0,0.0
243342930517752501,0.0,0.0,0.0,0.0,0.0
243342930544502102,0.0,0.0,0.0,0.0,0.0
243442930475280302,0.0,0.0,0.0,0.0,0.0
243442930550673002,0.0,0.0,0.0,0.0,0.0
243542930453927802,0.0,7.313303978656512,0.0,66.58887481689453,511.93129709684064
243642930459961602,0.8510638475418091,13.215494791666666,21.66812227074236,75.86940002441406,1242.2564539263863
243642930510568001,0.0,0.0,0.0,0.0,0.0
243742930531152501,0.0,0.0,0.0,0.0,0.0
243842930460171001,0.0,0.0,0.0,0.0,0.0
244042930472452202,0.0,0.0,0.0,0.0,0.0
244042930544339501,6.756756782531738,16.739669273639546,293.35991379310343,74.60977935791016,619.3677630000587
244142930476425802,0.0,4.614419720130052,30.494760479041915,17.588064193725586,203.03446017054026
244242929462816302,0.0,0.0,0.0,0.0,0.0
244342929341449002,0.0,12.119913395045518,0.0,66.63158416748047,884.7536343967213
244342929801781202,0.0,0.0,0.0,0.0,0.0
244342930459751502,0.0,0.0,0.0,0.0,0.0
244342930460159502,0.0,0.0,0.0,0.0,0.0
244342930474676602,0.0,0.0,0.0,0.0,0.0
244342930520360501,0.0,0.0,0.0,0.0,0.0
244442930459439302,0.0,0.0,0.0,0.0,0.0
244442930462294302,0.0,0.0,0.0,0.0,0.0
244442930524266402,161.0,1.1686670878079595,0.03158559696778269,0.08737977594137192,1.1686670878079595
244542930518141302,4.888888835906982,9.823890141350475,50.180229655516726,20.530818939208984,176.83002949189498
244742928663965702,0.0,0.0,0.0,0.0,0.0
244742930523922102,0.0,0.0,0.0,0.0,0.0
244742930529662601,0.0,0.0,0.0,0.0,0.0
244842928789946301,0.0,0.0,0.0,0.0,0.0
244842930462669801,0.0,0.0,0.0,0.0,0.0
244942930458206101,0.0,0.0,0.0,0.0,0.0
244942930480466202,0.0,0.0,0.0,0.0,0.0
245042930448990901,0.0,0.0,0.0,0.0,0.0
245642930524900701,0.0,0.0,0.0,0.0,0.0
245942930459583802,3.7125000953674316,8.57602140490954,73.2598318185679,67.56713104248047,686.0816999348101
245942930474260601,4.666666507720947,5.27170229527148,15.815035799522674,1.676990032196045,15.8151071771517
246042930508095402,0.0,0.0,0.0,0.0,0.0
246042930546071401,0.0,0.0,0.0,0.0,0.0
246142930548556802,2.0,6.475989561935086,13.0257463708573,1.8973129987716675,25.90395814743606
246242930453999001,0.0,0.0,0.0,0.0,0.0
246642929820806302,0.0,0.0,0.0,0.0,0.0
246842930535479401,0.0,0.0,0.0,0.0,0.0
246942930453237002,0.0,0.0,0.0,0.0,0.0
246942930525049001,0.0,0.0,0.0,0.0,0.0
247042930471770102,0.0,0.0,0.0,0.0,0.0
247042930477042902,0.0,0.0,0.0,0.0,0.0
247042930548138301,0.0,0.0,0.0,0.0,0.0
247142928726194001,3.6578948497772217,6.760762771259475,77.45446994081611,56.79013442993164,513.8179706917684
247142930521840402,0.0,0.0,0.0,0.0,0.0
247142930527309001,0.0,0.0,0.0,0.0,0.0
247442930516618101,0.0,0.0,0.0,0.0,0.0
247542930455305002,0.0,0.0,0.0,0.0,0.0
247542930525796802,0.0,0.0,0.0,0.0,0.0
247642930515817802,0.0,0.0,0.0,0.0,0.0
247642930526681902,0.0,0.0,0.0,0.0,0.0
247842930455165602,0.469696968793869,10.929439045936396,63.388103651354534,102.32075500488281,721.3429945698897
247842930531104201,7.5,12.879267795830016,25.06687898089172,2.505794048309326,25.75853559166003
247942930516274002,0.0,0.0,0.0,0.0,0.0
248142930538291001,0.0,0.0,0.0,0.0,0.0
248242930509840102,0.0,0.0,0.0,0.0,0.0
248442930477943401,0.0,0.0,0.0,0.0,0.0
248442930530739201,5.203389644622803,7.53840048011412,50.0589337421223,71.70065307617188,444.7656405081316
248842930460261002,0.0,0.0,0.0,0.0,0.0
248842930476112602,0.0,0.0,0.0,0.0,0.0
248942930464579101,0.0,0.0,0.0,0.0,0.0
249142930461593201,2.4095237255096436,5.320581519654301,71.30056864337936,68.98103332519531,558.6610765413253
249242930518300002,0.0,0.0,0.0,0.0,0.0
249342930507773402,0.0,0.0,0.0,0.0,0.0
249542930530366302,3.0,14.476802805955497,114.99267015706806,89.14771270751953,912.0385786525866
249642930527520802,0.0,0.0,0.0,0.0,0.0
249642930539463702,0.0,0.0,0.0,0.0,0.0
249842929000335401,0.0,0.0,0.0,0.0,0.0
249842930519587202,0.0,0.0,0.0,0.0,0.0
249942930532822402,3.4814815521240234,7.185926434596959,62.693813788794,19.452302932739258,194.02000833108906
251242930474606902,0.0,11.679309016452418,0.0,103.9159164428711,829.230939973892
251342928108622702,0.0,0.0,0.0,0.0,0.0
251342930012280301,0.0,0.0,0.0,0.0,0.0
251342930517654102,0.0,0.0,0.0,0.0,0.0
251442930476629802,0.0,0.0,0.0,0.0,0.0
251542930535989801,1.0,1.4078726845509344,1.40793724042455,0.19069112837314606,1.4078726845509344
251642930546482101,4.128571510314941,13.337013456405694,220.42277580071175,79.18789672851562,933.5909738561013
251742930542242702,0.0,0.0,0.0,0.0,0.0
251842930470777901,0.6666666865348816,7.390680164758746,13.832673585107521,3.887359380722046,44.34408171990344
251942930447639201,0.0,0.0,0.0,0.0,0.0
252342930543445002,0.0,0.0,0.0,0.0,0.0
252442928725940202,0.0,0.0,0.0,0.0,0.0
252442930465818002,0.0,35.324635041065704,0.0,93.4934310913086,2402.0752552228096
252442930528910601,0.0,0.0,0.0,0.0,0.0
252542928683993102,0.0,0.0,0.0,0.0,0.0
252542930480707601,0.0,0.0,0.0,0.0,0.0
252742928030399201,3.7179486751556396,10.838384771761227,145.03123267418223,81.4135971069336,845.394034225208
252742929118680102,0.0,0.0,0.0,0.0,0.0
252742930449925801,0.0,0.0,0.0,0.0,0.0
252742930454283301,0.0,0.0,0.0,0.0,0.0
252742930548077501,0.0,0.0,0.0,0.0,0.0
252742930549312001,0.0,0.0,0.0,0.0,0.0
252842930457281702,4.849315166473389,18.086493990384614,264.432,65.9500732421875,1320.3140282639724
252842930473606302,0.7250000238418579,11.183067969381568,26.996766370250608,40.933387756347656,447.3227035970387
252842930515912101,0.0,0.0,0.0,0.0,0.0
253042930460311801,0.0,0.0,0.0,0.0,0.0
253342928921105802,0.0,0.0,0.0,0.0,0.0
253342930478229202,4.565789699554443,5.994363156019254,45.60155154687354,64.80081939697266,455.57161200502253
253342930533526902,0.0,0.0,0.0,0.0,0.0
253542930460951801,0.0,0.0,0.0,0.0,0.0
253542930473454802,0.0,0.0,0.0,0.0,0.0
253642930474121701,2.4375,5.805610169363604,27.755826590991425,42.296363830566406,278.6692882142138
253642930517892002,2.155038833618164,4.330916543128744,52.65998288299303,81.06669616699219,558.6882221292117
253842930456207201,0.0,0.0,0.0,0.0,0.0
253842930462375002,0.0,0.0,0.0,0.0,0.0
253842930546890301,0.0,0.0,0.0,0.0,0.0
254042930520816602,0.0,0.0,0.0,0.0,0.0
254142930454477502,4.214285850524902,9.65729957451765,205.56402104801577,0.0,270.4043823228387
254142930519710602,0.0,0.0,0.0,0.0,0.0
254142930541858601,6.777777671813965,15.87596828654661,396.0823244552058,54.975894927978516,571.5348546759205
254242930466965302,0.0,0.0,0.0,0.0,0.0
254242930530851801,0.0,0.0,0.0,0.0,0.0
254342930461275701,1.1333333253860474,5.061697910204715,28.866253101736973,28.853410720825195,227.77640586455465
254442930456754501,2.1196582317352295,5.870938846982758,97.64637931034483,95.45500183105469,686.8998134317069
254442930525539801,4.882352828979492,9.799828696412108,95.91579594345421,95.63195037841797,666.3883449552098
254642929249216101,0.0,0.0,0.0,0.0,0.0
254642930549295101,0.0,0.0,0.0,0.0,0.0
255042930547075401,0.0,0.0,0.0,0.0,0.0
255142930436090001,3.625,6.269614096518393,24.15765765765766,11.112476348876953,100.31382916424725
255142930463688201,0.0,0.0,0.0,0.0,0.0
255242927945047202,4.833333492279053,14.899518373043279,50.605893186003684,10.60379695892334,89.39711023825967
255342929021009101,0.0,0.0,0.0,0.0,0.0
255342930449499902,3.079646110534668,5.886296323740749,87.34971617446288,73.19873809814453,665.1515148535897
255442930516645202,0.0,0.0,0.0,0.0,0.0
255642930463932702,0.0,0.0,0.0,0.0,0.0
255742930534123101,1.2613636255264282,7.365871321766237,14.218416004384762,90.31437683105469,648.1966785878866
256042930518170701,0.0,0.0,0.0,0.0,0.0
256142930528386001,0.0,0.0,0.0,0.0,0.0
256242930463635002,0.0,0.0,0.0,0.0,0.0
256242930532496001,0.0,0.0,0.0,0.0,0.0
256342930459586501,0.0,0.0,0.0,0.0,0.0
256442930546114502,2.747126340866089,7.657010535610606,103.70505128701375,76.70028686523438,666.1599073194087
256742930518989901,0.0,0.0,0.0,0.0,0.0
256742930523892702,0.0,0.0,0.0,0.0,0.0
256742930528824702,1.5604395866394043,6.885292105021714,41.6661569514955,81.79842376708984,626.561602716541
256842928043839301,0.0,0.0,0.0,0.0,0.0
257042928210580802,0.0,0.0,0.0,0.0,0.0
257042930459363701,4.648648738861084,7.01754135940229,75.35823791965845,0.0,519.2980598658468
257042930460144001,0.0,0.0,0.0,0.0,0.0
257442930527639402,3.1111111640930176,8.060557386975242,50.9990581270183,72.81684875488281,725.4501437440242
257542930531992402,0.0,0.0,0.0,0.0,0.0
257642930474949601,0.0,0.0,0.0,0.0,0.0
257742930463712801,0.0,0.0,0.0,0.0,0.0
257742930541837301,0.0,0.0,0.0,0.0,0.0
257842930448633102,0.0,0.0,0.0,0.0,0.0
257842930474322902,0.0,25.189761678027267,32.80299385191125,22.114030838012695,251.89761693832614
257842930525994302,0.0,0.0,0.0,0.0,0.0
257842930534388801,0.0,0.0,0.0,0.0,0.0
258242930521159301,2.9629628658294678,6.611781121958034,105.71740749937919,64.88338470458984,714.072357470444
258242930532428802,0.0,0.0,0.0,0.0,0.0
258342930457933401,0.0,0.0,0.0,0.0,0.0
258542930477109202,0.0,0.0,0.0,0.0,0.0
258542930528680001,0.0,0.0,0.0,0.0,0.0
258642929800141202,0.0,0.0,0.0,0.0,0.0
258742930449263202,0.0,0.0,0.0,0.0,0.0
258842930524132401,0.0,0.0,0.0,0.0,0.0
258942930455643301,0.0,0.0,0.0,0.0,0.0
259142930428343602,0.0,0.0,0.0,0.0,0.0
259242930521374202,0.0,0.0,0.0,0.0,0.0
259242930526590001,0.0,0.0,0.0,0.0,0.0
259242930542989201,0.0,0.0,0.0,0.0,0.0
259342927979570502,2.0,1.3634777297061753,4.090388446215139,0.338955283164978,4.090433356296494
259542930549929202,2.75,26.728800455729168,89.09185606060606,6.459707736968994,106.91520367246686
259642929034814401,0.0,0.0,0.0,0.0,0.0
259642930546744502,2.232142925262451,23.447175940688776,319.36661807580174,22.259750366210938,1313.0418886512778
259742930544586602,0.0,0.0,0.0,0.0,0.0
259942930526882402,0.0,0.0,0.0,0.0,0.0
261142930455927801,0.0,0.0,0.0,0.0,0.0
261142930526174002,0.0,0.0,0.0,0.0,0.0
261242930519812601,0.0,0.0,0.0,0.0,0.0
261342930550042501,0.0,0.0,0.0,0.0,0.0
261442930531207501,0.0,0.0,0.0,0.0,0.0
261542929903230801,16.266666412353516,2.3797490496288316,35.695402298850574,3.4266092777252197,35.69623523083662
261542930527398002,0.0,0.0,0.0,0.0,0.0
261642930534151601,0.0,0.0,0.0,0.0,0.0
261642930541661902,0.0,0.0,0.0,0.0,0.0
261742928043880601,0.0,0.0,0.0,0.0,0.0
262242930462873701,0.0,0.0,0.0,0.0,0.0
262342930459644301,0.0,0.0,0.0,0.0,0.0
262342930541339301,0.0,0.0,0.0,0.0,0.0
262442930520993002,0.0,0.0,0.0,0.0,0.0
262542930537165501,0.0,0.0,0.0,0.0,0.0
262842930541577902,0.0,0.0,0.0,0.0,0.0
263042930458424401,3.4268293380737305,12.530126808498519,149.5308726361358,78.9171371459961,1027.4704123353818
263242930458255702,0.0,0.0,0.0,0.0,0.0
263442930466846301,0.0,0.0,0.0,0.0,0.0
263442930521798901,0.0,0.0,0.0,0.0,0.0
263542930524815602,0.0,0.0,0.0,0.0,0.0
263642930517146502,0.0,0.0,0.0,0.0,0.0
263742930474811502,4.285714149475098,10.9738334642306,37.477072310405646,7.016739845275879,76.81683430343709
263942930474844501,0.0,0.0,0.0,0.0,0.0
264042930457452702,0.0,0.0,0.0,0.0,0.0
264142928135731901,0.0,0.0,0.0,0.0,0.0
264142929197899901,0.0,0.0,0.0,0.0,0.0
264242930469660601,0.0,0.0,0.0,0.0,0.0
264242930472909102,0.0,0.0,0.0,0.0,0.0
264442930528585602,0.0,0.0,0.0,0.0,0.0
264542929991113002,0.0,0.0,0.0,0.0,0.0
264642930550424401,0.0,0.0,0.0,0.0,0.0
264642930550565001,0.0,0.0,0.0,0.0,0.0
264742928243059901,0.0,0.0,0.0,0.0,0.0
264742929373243501,1.84375,7.678726827638307,56.72756857275686,22.883607864379883,245.71925956977904
264742930458813402,0.0,0.0,0.0,0.0,0.0
264842930468130001,0.0,0.0,0.0,0.0,0.0
264842930471898001,0.0,0.0,0.0,0.0,0.0
264942930461356002,349.0,0.11489645958583834,0.11489645958583834,0.017246944829821587,0.11489645958583834
265142930474007702,0.0,0.0,0.0,0.0,0.0
265342930525067001,0.0,0.0,0.0,0.0,0.0
265342930543016301,0.0,0.0,0.0,0.0,0.0
265842929476646701,0.0,0.0,0.0,0.0,0.0
265842930534545802,0.0,0.0,0.0,0.0,0.0
265842930543162202,0.0,0.0,0.0,0.0,0.0
266042930454985302,0.0,0.0,0.0,0.0,0.0
266042930524204401,0.0,0.0,0.0,0.0,0.0
266042930541519002,0.0,0.0,0.0,0.0,0.0
266142928265489802,0.0,0.0,0.0,0.0,0.0
266442930454746502,0.0,0.0,0.0,0.0,0.0
266442930476981601,0.0,0.0,0.0,0.0,0.0
266542930469002501,0.0,0.0,0.0,0.0,0.0
266642930455716702,0.0,0.0,0.0,0.0,0.0
266742930526545901,0.0,0.0,0.0,0.0,0.0
266942930451361702,0.32894736528396606,11.707161097645429,22.695752539242843,72.40815734863281,889.7442279438783
266942930458448002,6.0,38.45713136495553,265.73511231720187,97.67475891113281,2153.5993226603973
266942930546957102,2.3495144844055176,9.587611698117053,307.5202151940006,113.83708190917969,987.5240114595745
267042930522688401,0.0,0.0,0.0,0.0,0.0
267042930528033102,0.0,0.0,0.0,0.0,0.0
267142930451551001,0.0,0.0,0.0,0.0,0.0
267142930480320402,0.0,0.0,0.0,0.0,0.0
267342929197690602,0.0,0.0,0.0,0.0,0.0
267342930470650002,0.0,0.0,0.0,0.0,0.0
267342930528504901,0.0,0.0,0.0,0.0,0.0
267442930449858502,0.0,0.0,0.0,0.0,0.0
267442930519167501,0.0,40.17567419368316,0.0,33.437156677246094,2048.959353360263
267542930528558402,0.0,0.0,0.0,0.0,0.0
267542930536388401,0.0,0.0,0.0,0.0,0.0
267642929269363301,0.0,0.0,0.0,0.0,0.0
267742930530602901,0.0,0.0,0.0,0.0,0.0
268042930458333202,0.0,0.0,0.0,0.0,0.0
268142930316798501,4.166666507720947,10.049187236756845,186.36724445164427,82.42064666748047,844.131721162881
268242930476680702,0.0,0.0,0.0,0.0,0.0
268642930459538102,0.0,0.0,0.0,0.0,0.0
268742930518171302,5.657142639160156,24.99115900616083,280.56420233463035,44.06426239013672,874.6905982533009
268842930465034701,0.0,0.0,0.0,0.0,0.0
268842930547504902,3.059999942779541,9.410274146968483,216.26923076923077,29.433670043945312,470.51372773830707
268942930468831801,4.0,5.693605901364006,46.518186753528774,37.508052825927734,204.96980467888483
269142930517279701,0.0,0.0,0.0,0.0,0.0
269542930465015202,0.0,0.0,0.0,0.0,0.0
269642930464550602,0.0,0.0,0.0,0.0,0.0
269742930448412001,3.195876359939575,4.758346986305396,66.24485717644293,70.60093688964844,461.5596614782491
269742930461248501,0.0,0.0,0.0,0.0,0.0
269942928130694402,1.5421686172485352,3.179996273257992,96.6386113886114,39.71318054199219,263.939693610985
269942929155481702,0.0,0.0,0.0,0.0,0.0
269942930526785002,0.0,0.0,0.0,0.0,0.0
269942930526875602,0.0,0.0,0.0,0.0,0.0
269942930529106301,0.0,0.0,0.0,0.0,0.0
271142930462946402,0.0,0.0,0.0,0.0,0.0
271242928684109501,0.0,0.0,0.0,0.0,0.0
271442930543173501,0.0,0.0,0.0,0.0,0.0
271442930548182901,0.0,0.0,0.0,0.0,0.0
271542928099579202,0.0,0.0,0.0,0.0,0.0
271542930519868601,2.508474588394165,9.934174581290849,44.583333333333336,50.87887191772461,586.1163283620265
271642930459031202,0.3571428656578064,4.930482243486534,16.319379391100703,45.46400833129883,276.1070006836459
271642930462452902,0.0,0.0,0.0,0.0,0.0
271742930475173801,0.0,0.0,0.0,0.0,0.0
271742930508828202,3.9677419662475586,9.059688509196855,86.68098848638023,24.97818946838379,280.8503438118836
271942930459908702,0.0,0.0,0.0,0.0,0.0
272042930519339402,0.0,0.0,0.0,0.0,0.0
272042930529516901,1.8571428060531616,3.1317699897209073,21.093529362903897,2.5054030418395996,21.92238996860464
272242928845210701,0.0,0.0,0.0,0.0,0.0
272242930476204301,0.0,0.0,0.0,0.0,0.0
272342930526128902,0.0,0.0,0.0,0.0,0.0
272442930461241502,1.865384578704834,6.151672122035573,67.48814229249012,67.00782012939453,639.7738872935179
272842930460178202,0.0,0.0,0.0,0.0,0.0
272842930531914801,0.0,0.0,0.0,0.0,0.0
272942930522697701,0.0,0.0,0.0,0.0,0.0
273042930515730901,0.0,0.0,0.0,0.0,0.0
273042930524748101,0.0,0.0,0.0,0.0,0.0
273142930470689702,0.0,0.0,0.0,0.0,0.0
273142930533768001,0.0,0.0,0.0,0.0,0.0
273442930546731802,0.0,0.0,0.0,0.0,0.0
273542929989589602,0.0,0.0,0.0,0.0,0.0
273542930453669902,0.0,0.0,0.0,0.0,0.0
273542930542605502,0.0,0.0,0.0,0.0,0.0
273642930508767101,0.0,0.0,0.0,0.0,0.0
273642930533961901,0.0,0.0,0.0,0.0,0.0
273742930475146401,0.0,0.0,0.0,0.0,0.0
273842930518582102,0.0,0.0,0.0,0.0,0.0
274042928043842102,0.0,0.0,0.0,0.0,0.0
274042930533205801,2.3373494148254395,4.429392707281676,77.62569409389198,53.59124755859375,367.6395859898049
274142930469864701,0.0,0.0,0.0,0.0,0.0
274242930457202402,5.816666603088379,8.558031204672607,131.89204309987568,90.62907409667969,513.4818670444354
274242930457849201,0.0,0.0,0.0,0.0,0.0
274242930545682101,0.0,0.0,0.0,0.0,0.0
274342930547205401,0.0,0.0,0.0,0.0,0.0
274542930448087501,0.0,0.0,0.0,0.0,0.0
274642930509549001,3.769230842590332,7.984816061160481,217.9323426181764,0.0,622.8156653002497
274742930507794401,0.0,0.0,0.0,0.0,0.0
274942930473043401,0.0,0.0,0.0,0.0,0.0
275042928135390702,2.6666667461395264,5.016852886823597,73.76094445241854,86.44817352294922,511.71898532334677
275042930517825101,3.0,14.688198231878959,14.688247712878255,1.8177814483642578,14.688198231878959
275242929861334501,4.142857074737549,11.231586893343351,61.806930693069305,8.084803581237793,78.6211075627652
275242930464028901,0.0,0.0,0.0,0.0,0.0
275442929613423202,0.0,0.0,0.0,0.0,0.0
275442930464639801,6.25,16.27863477427991,262.1299852289512,70.79588317871094,781.3744433359346
275442930527084202,0.0,5.0387216439271665,0.0,10.488332748413086,65.50337908061857
275542930545852601,0.0,0.0,0.0,0.0,0.0
275742930548107602,0.0,0.0,0.0,0.0,0.0
275842928021779401,0.0,0.0,0.0,0.0,0.0
275842930519335401,0.0,0.0,0.0,0.0,0.0
275942930479575502,0.0,0.0,0.0,0.0,0.0
276042930464092201,0.0,0.0,0.0,0.0,0.0
276242930472097402,0.0,0.0,0.0,0.0,0.0
276642928042242301,0.0,0.0,0.0,0.0,0.0
276642929649295001,0.0,0.0,0.0,0.0,0.0
276742930527201601,3.9452054500579834,10.547340823553817,142.75011853959222,66.92652893066406,769.9558665308132
276842929104948101,0.0,0.0,0.0,0.0,0.0
276842930525970802,0.0,0.0,0.0,0.0,0.0
276842930549490302,0.0,0.0,0.0,0.0,0.0
277242930457175502,0.0,0.0,0.0,0.0,0.0
277242930516254902,0.0,0.0,0.0,0.0,0.0
277442930454145502,3.8965516090393066,6.590804498204067,137.7421770364057,57.00547409057617,573.4000029867261
277542930456323102,0.0,0.0,0.0,0.0,0.0
277542930473742702,0.0,0.0,0.0,0.0,0.0
277542930531233702,0.0,0.0,0.0,0.0,0.0
277642929969542602,3.1034483909606934,4.003508056767572,39.22465127845726,12.528599739074707,116.10173534072236
277742930525180201,3.880000114440918,5.703798171936759,133.9887747035573,57.18916702270508,427.78488432028547
277742930547603701,0.0,0.0,0.0,0.0,0.0
277842930518285201,0.0,0.0,0.0,0.0,0.0
278042930509677102,0.0,0.0,0.0,0.0,0.0
278242930455278201,0.0,0.0,0.0,0.0,0.0
278342928932688301,0.0,0.0,0.0,0.0,0.0
278442930473949402,2.9166667461395264,16.819972134568403,138.7459283387622,28.908750534057617,403.6793167909504
278642930515756102,0.0,0.0,0.0,0.0,0.0
278742930460003702,0.0,0.0,0.0,0.0,0.0
278842930477822401,0.0,0.0,0.0,0.0,0.0
278842930516981202,3.153846263885498,25.148138321893065,180.77745664739885,58.784873962402344,980.7774343325224
278842930524592002,5.388059616088867,10.461674528301886,197.8092243186583,113.30776977539062,700.9322117539572
278942930525158501,0.0,0.0,0.0,0.0,0.0
279142928086601001,0.0,0.059319017677067265,-0.014711116383912683,0.016291731968522072,0.1186380371644073
279442930473480502,0.0,0.0,0.0,0.0,0.0
279642930453807602,0.0,0.0,0.0,0.0,0.0
279642930541353202,0.0,16.366039265129682,0.0,24.23078155517578,376.4189039169883
279742930525071701,0.0,0.0,0.0,0.0,0.0
279942930518740602,0.0,0.0,0.0,0.0,0.0
281142929642567301,0.0,0.0,0.0,0.0,0.0
281142930529025802,0.0,0.0,0.0,0.0,0.0
281342929684635902,0.0,0.0,0.0,0.0,0.0
281342930453948401,0.0,0.0,0.0,0.0,0.0
281342930534319302,0.0,0.0,0.0,0.0,0.0
281842930455480101,0.0,0.0,0.0,0.0,0.0
281842930478686702,0.0,0.0,0.0,0.0,0.0
281942930477643701,2.1794872283935547,5.508676788779743,67.98431166849458,20.52808952331543,214.83839590330842
282042930457742102,0.0,0.0,0.0,0.0,0.0
282142930550607302,0.0,0.0,0.0,0.0,0.0
282342930530675901,0.0,0.0,0.0,0.0,0.0
282442930450635301,0.0,0.0,0.0,0.0,0.0
282442930508133501,0.0,0.0,0.0,0.0,0.0
282542930524809801,4.291666507720947,4.731151997509708,23.64089144014857,18.943424224853516,113.54764811895636
282642930469586102,0.0,0.0,0.0,0.0,0.0
283142930479193502,0.0,0.0,0.0,0.0,0.0
283242930527502002,0.0,0.0,0.0,0.0,0.0
283342928005313202,0.0,0.0,0.0,0.0,0.0
283342930528881501,0.0,0.0,0.0,0.0,0.0
283442930458935102,0.0,0.0,0.0,0.0,0.0
283442930510207402,0.0,0.0,0.0,0.0,0.0
283542930519666102,0.0,0.0,0.0,0.0,0.0
283642928757851802,0.0,0.0,0.0,0.0,0.0
283742930536990002,3.4607841968536377,20.091755403185036,570.4772497472194,88.8860855102539,2049.359140255333
283742930550168602,0.0,0.0,0.0,0.0,0.0
283842930477529801,0.0,0.0,0.0,0.0,0.0
283842930509256702,2.653846263885498,17.226347670291158,194.4450035945363,112.56317901611328,1343.6550764759868
283842930519159102,6.020833492279053,4.8392897978317055,69.63764898340732,24.11096954345703,232.2859184521886
283842930532141702,0.0,0.0,0.0,0.0,0.0
284042930450482202,0.0,0.0,0.0,0.0,0.0
284142927921591502,0.0,0.0,0.0,0.0,0.0
284142930469310702,0.0,0.0,0.0,0.0,0.0
284142930517593401,0.0,0.0,0.0,0.0,0.0
284142930545369602,0.0,0.0,0.0,0.0,0.0
284242930457062102,0.0,0.0,0.0,0.0,0.0
284242930542269101,0.0,0.0,0.0,0.0,0.0
284342929118646901,0.0,0.0,0.0,0.0,0.0
284342930542910402,0.0,0.0,0.0,0.0,0.0
284542930289309602,1.5,17.156520333195363,33.44039735099338,4.1815900802612305,34.31304058554946
284642930462574802,0.0,0.0,0.0,0.0,0.0
284842929331811301,0.0,0.0,0.0,0.0,0.0
284942930474896701,0.0,0.0,0.0,0.0,0.0
284942930526933301,3.715909004211426,5.914621229034012,128.80051250194128,58.079742431640625,520.4866558631248
285042930530335901,0.0,0.0,0.0,0.0,0.0
285242929529038501,0.0,0.0,0.0,0.0,0.0
285342930477471501,0.0,0.0,0.0,0.0,0.0
285342930477479902,0.0,0.0,0.0,0.0,0.0
285642929025477601,0.0,22.648459555363864,0.0,62.22169876098633,1155.071377111648
285642930536209902,0.0,17.637721895146846,0.0,107.82250213623047,1022.9878745687042
285842930543680701,0.0,0.0,0.0,0.0,0.0
285942930466952001,0.0,0.0,0.0,0.0,0.0
286042930529533502,2.3389830589294434,10.469087837837838,228.86756756756756,126.66693878173828,1235.3523816506067
286142930461326201,4.576271057128906,6.8921640493807725,86.08406801007557,0.0,406.63769047926894
286242930509415601,0.0,0.0,0.0,0.0,0.0
286342927982837101,0.0,0.0,0.0,0.0,0.0
286342930526716102,0.0,0.0,0.0,0.0,0.0
286542930471697302,4.5,4.618670265023315,7.864921780986763,0.8904611468315125,9.23734053004663
286542930524444701,0.0,0.0,0.0,0.0,0.0
286742930519788302,0.0,0.0,0.0,0.0,0.0
286742930533445401,0.0,0.0,0.0,0.0,0.0
286942928570832201,0.0,0.0,0.0,0.0,0.0
286942928684064701,0.0,0.0,0.0,0.0,0.0
287142930538503402,0.0,0.0,0.0,0.0,0.0
287142930546935102,2.5,4.97782494031748,31.32461090097352,7.956247329711914,79.64519904507968
287242930472712401,0.0,0.0,0.0,0.0,0.0
287242930478058801,0.0,0.0,0.0,0.0,0.0
287442929424281301,3.3229167461395264,5.351074354346015,136.99152087383135,60.7729377746582,513.7031467190917
287542930449605602,0.0,0.0,0.0,0.0,0.0
287542930471836801,0.0,0.0,0.0,0.0,0.0
287842930464915402,0.0,0.0,0.0,0.0,0.0
287942929309212902,3.200000047683716,15.604491360605419,137.56562235393733,24.423065185546875,312.0898204483691
287942930465536202,0.0,0.0,0.0,0.0,0.0
288042930543019902,0.0,0.0,0.0,0.0,0.0
288042930543246201,0.0,0.0,0.0,0.0,0.0
288242930469467601,0.0,0.0,0.0,0.0,0.0
288242930547391702,276.0,0.2038295243977764,0.2038295243977764,0.03073263168334961,0.2038295243977764
288442930541622001,0.0,0.0,0.0,0.0,0.0
288742930522472501,6.117647171020508,10.779128406398105,48.67848341232227,25.222972869873047,183.2451776079657
288842930452286102,0.0,0.0,0.0,0.0,0.0
288842930460077201,3.7272727489471436,23.945892575039494,361.61137440758296,101.00321960449219,2107.2384919623064
288842930547629101,0.0,0.0,0.0,0.0,0.0
288842930549622001,0.0,0.0,0.0,0.0,0.0
288942930516013801,0.0,0.0,0.0,0.0,0.0
289042930527326901,0.0,0.0,0.0,0.0,0.0
289042930547054202,0.0,0.0,0.0,0.0,0.0
289142930458890701,0.0,0.0,0.0,0.0,0.0
289342930451844602,0.0,0.0,0.0,0.0,0.0
289442930462773001,0.0,0.0,0.0,0.0,0.0
289542930473308102,0.0,0.0,0.0,0.0,0.0
289642930545972401,0.0,0.0,0.0,0.0,0.0
289742930530455002,0.0,0.0,0.0,0.0,0.0
289842930516115902,3.125,7.659075950091575,95.03862803862803,34.96599197387695,306.36303464007943
289942930511244801,0.0,0.0,0.0,0.0,0.0
291542930469697801,0.0,0.0,0.0,0.0,0.0
291642930542641001,6.0,0.3255208333333333,0.6510416666666666,0.12206025421619415,0.6510416696468989
291742930142600201,0.0,0.0,0.0,0.0,0.0
291942930446774202,0.0,0.0,0.0,0.0,0.0
291942930533612102,0.0,0.0,0.0,0.0,0.0
292042930517688202,0.0,0.0,0.0,0.0,0.0
292142930479925101,3.840909004211426,8.479242452624964,86.50033839311612,93.1393051147461,746.1733132802829
292242930515574002,3.5,3.6970527251184833,7.848341232227488,1.7483696937561035,14.788211045107005
292442930460041502,0.0,0.0,0.0,0.0,0.0
292442930462885501,0.0,0.0,0.0,0.0,0.0
292942929456669102,0.0,0.0,0.0,0.0,0.0
293142930517194901,4.349999904632568,14.927214998386402,270.9776247848537,88.26390075683594,1194.1772571110685
293242930526249502,0.0,0.0,0.0,0.0,0.0
293242930531600502,0.0,0.0,0.0,0.0,0.0
293242930550733201,0.0,0.0,0.0,0.0,0.0
293342930508080601,0.9242424368858337,6.119396997119239,18.496492985971944,77.646240234375,403.88020670628975
293342930508994302,0.0,0.0,0.0,0.0,0.0
293642930164668102,0.0,0.0,0.0,0.0,0.0
293642930446861002,0.3076923191547394,14.05040380559816,5.4815950920245395,0.0,182.6552509081632
293742930524691402,0.0,0.0,0.0,0.0,0.0
294142930461696302,0.0,0.0,0.0,0.0,0.0
294342930527502601,7.199999809265137,15.973640121257915,105.8013816925734,24.85365867614746,239.60460554352423
294742929721498401,3.2232143878936768,8.620110663935064,189.3408420071462,119.37733459472656,965.4523612379899
294742930517719501,0.0,0.0,0.0,0.0,0.0
294742930542542101,2.936842203140259,9.186645220588236,149.22655462184875,92.09516906738281,872.7313043546276
294942930446267502,2.359375,7.402322644141902,36.278686193658466,74.68267822265625,473.7486655361263
294942930455870402,4.611111164093018,39.763079115247855,371.192219201004,26.31277847290039,1431.4707979522623
294942930531762002,2.1927711963653564,12.437325151276525,80.27718832891247,88.70358276367188,1032.2980170211995
295442930453856202,0.0,0.0,0.0,0.0,0.0
295542928159286201,0.0,0.0,0.0,0.0,0.0
295542930480599701,0.0,0.0,0.0,0.0,0.0
295542930538104301,0.0,0.0,0.0,0.0,0.0
295742930474957402,0.0,0.0,0.0,0.0,0.0
295742930524433702,3.5098040103912354,7.463452312416043,136.07733640376128,35.88026428222656,380.6360829442825
295842930532647602,0.0,0.0,0.0,0.0,0.0
295942930515960302,0.0,0.0,0.0,0.0,0.0
295942930516742801,0.0,0.0,0.0,0.0,0.0
296242930455377601,0.0,0.0,0.0,0.0,0.0
296342930508236301,0.0,0.0,0.0,0.0,0.0
296342930517781701,0.0,0.0,0.0,0.0,0.0
296442930519883402,0.0,0.0,0.0,0.0,0.0
296542930474349602,1.0,2.76136578685259,2.761434262948207,0.36248481273651123,2.76136578685259
296642929820997201,0.0,0.0,0.0,0.0,0.0
296742927980095501,1.1333333253860474,9.173857216909276,48.390318212593094,52.31084442138672,550.4314140120954
296742930529195101,0.0,0.0,0.0,0.0,0.0
296842930458231501,1.9384615421295166,5.156438698427564,123.32976783161631,99.33230590820312,670.3370369571647
296842930475425901,0.0,0.0,0.0,0.0,0.0
297142930453227601,0.0,0.0,0.0,0.0,0.0
297142930460015402,3.315068483352661,9.167087544364612,154.5803324099723,34.311180114746094,669.1973929550509
297142930544064501,0.0,0.0,0.0,0.0,0.0
297142930548160502,0.0,0.0,0.0,0.0,0.0
297242930550572001,0.0,0.0,0.0,0.0,0.0
297442930464887802,0.0,0.0,0.0,0.0,0.0
297742930468887502,0.0,0.0,0.0,0.0,0.0
297942930447564901,0.0,0.0,0.0,0.0,0.0
297942930472700202,4.125,9.016538161414982,84.29785969084423,15.33294677734375,144.26461265827047
297942930473282202,0.0,0.0,0.0,0.0,0.0
298042930524275601,0.0,0.0,0.0,0.0,0.0
298242930477089302,0.0,0.0,0.0,0.0,0.0
298242930510235002,0.0,0.0,0.0,0.0,0.0
298342930447643102,0.0,0.0,0.0,0.0,0.0
298342930544433301,0.0,0.0,0.0,0.0,0.0
298342930548585002,2.189655065536499,4.7611619227707,65.93019108280255,0.0,552.2947908549704
298542930475335702,0.0,0.0,0.0,0.0,0.0
298542930528293701,0.0,0.0,0.0,0.0,0.0
298842930529840402,0.0,11.420545191946394,0.0,25.149364471435547,285.5136271077311
299042929197945001,0.0,0.0,0.0,0.0,0.0
299242930449084201,0.0,0.0,0.0,0.0,0.0
299442930462151402,0.0,0.0,0.0,0.0,0.0
299542930517598002,0.0,0.0,0.0,0.0,0.0
299642930472921601,0.0,0.0,0.0,0.0,0.0
299642930524834302,2.7142856121063232,7.072718739020963,116.63777959948472,86.20892333984375,643.6174089842985
299742930528227402,0.0,0.0,0.0,0.0,0.0
299742930545005402,3.344827651977539,16.18595125440141,180.15633802816902,151.9513397216797,1408.1777845955428
301242930459796901,0.0,0.0,0.0,0.0,0.0
301542930508533601,0.0,0.0,0.0,0.0,0.0
301542930528796002,24.454545974731445,21.57647594290062,77.33636462447012,56.99892807006836,237.3412353719068
301642930479679501,0.0,0.0,0.0,0.0,0.0
301642930524385402,0.0,0.0,0.0,0.0,0.0
301842930461762701,0.0,0.0,0.0,0.0,0.0
301842930544711402,0.0,0.0,0.0,0.0,0.0
301942929839855901,0.44736841320991516,3.2720997357821537,13.585789038832278,33.56166458129883,248.679575277931
301942930474861802,4.400000095367432,5.478097848262289,24.428571428571427,7.421096324920654,82.17146692700832
302042930474602301,0.0,0.0,0.0,0.0,0.0
302142930528684002,3.3766233921051025,5.361215187160987,116.64062020264046,43.293914794921875,412.8135832569004
302142930534298101,0.0,0.0,0.0,0.0,0.0
302542930466332502,0.0,0.0,0.0,0.0,0.0
302542930541058901,0.0,0.0,0.0,0.0,0.0
302542930544385002,0.0,0.0,0.0,0.0,0.0
302542930550807001,0.0,0.0,0.0,0.0,0.0
302842930457098302,3.316831588745117,6.123736110026169,107.76545717298754,77.20570373535156,618.4973336986809
302942930517101002,0.0,0.0,0.0,0.0,0.0
303142930474287802,0.0,0.0,0.0,0.0,0.0
303142930522970002,0.0,5.286503893263797,0.0,68.78203582763672,422.92031553355935
303242930525631102,0.0,0.0,0.0,0.0,0.0
303442929946432702,0.0,0.0,0.0,0.0,0.0
303642928077879902,0.0,0.0,0.0,0.0,0.0
303742930463339901,0.0,0.0,0.0,0.0,0.0
303742930466476901,0.0,0.0,0.0,0.0,0.0
303742930474687902,2.4078948497772217,8.921985602776559,107.00175592625109,69.48094177246094,678.0708838281556
303942927963809701,0.0,0.0,0.0,0.0,0.0
303942930465122701,0.0,0.0,0.0,0.0,0.0
304042930476111801,0.0,0.0,0.0,0.0,0.0
304142930516774902,0.0,0.0,0.0,0.0,0.0
304142930548522101,0.0,0.0,0.0,0.0,0.0
304542929249094801,0.0,0.0,0.0,0.0,0.0
304542930461310101,0.0,0.0,-0.7265857734505559,0.0,0.0
304542930546424301,0.0,0.0,0.0,0.0,0.0
304742930530586601,0.0,0.0,0.0,0.0,0.0
304842930517668701,0.0,0.0,0.0,0.0,0.0
304842930519811202,3.75,5.400658413140987,14.687356043156747,2.8783535957336426,21.602634155702585
305142930508959602,3.8433735370635986,11.180939401622718,287.4451115618661,123.81913757324219,928.0179912772962
305442928726076102,0.0,0.0,0.0,0.0,0.0
305442930454598402,0.0,0.0,0.0,0.0,0.0
305442930471191902,0.0,0.0,0.0,0.0,0.0
305542930529910201,3.0,8.698314127187366,15.296030729833547,2.621997594833374,17.39662842109475
305742930528768702,0.0,0.0,0.0,0.0,0.0
306242930537512101,0.0,0.0,0.0,0.0,0.0
306442930473335602,0.0,0.0,0.0,0.0,0.0
306442930517138902,0.0,0.0,0.0,0.0,0.0
306542930533804102,0.0,0.0,0.0,0.0,0.0
306642930462906002,0.0,0.0,0.0,0.0,0.0
306642930479796202,0.0,0.0,0.0,0.0,0.0
306842930453555401,0.0,0.0,0.0,0.0,0.0
306842930480406501,0.0,0.0,0.0,0.0,0.0
306942930550479101,0.0,0.0,0.0,0.0,0.0
307042930532334402,3.095238208770752,7.5010184280128795,73.21379944802207,58.01295852661133,315.042763072192
307142929091435101,0.0,0.0,0.0,0.0,0.0
307142930458079601,0.0,0.0,0.0,0.0,0.0
307142930474623902,0.0,0.0,0.0,0.0,0.0
307242930515916901,0.0,0.0,0.0,0.0,0.0
307342930509616201,0.0,0.0,0.0,0.0,0.0
307342930534097002,0.0,0.0,0.0,0.0,0.0
307442930479630902,0.0,0.0,0.0,0.0,0.0
307442930509778802,2.640625,10.123897220996913,133.86281429201588,57.270809173583984,647.9294227565773
307542930524280301,1.47826087474823,8.93592690446243,35.500710926391776,92.6922836303711,616.5789714739384
307742930544301201,0.0,0.0,0.0,0.0,0.0
307842928636919901,0.20000000298023224,1.0230318035670953,4.438485804416404,0.5185658931732178,5.115158758647116
308042930455771602,0.0,0.0,0.0,0.0,0.0
308142930466652001,0.0,0.0,0.0,0.0,0.0
308142930478039102,3.0357143878936768,4.585754024621212,30.3829346092504,18.130603790283203,128.40111015356328
308142930529668602,0.0,0.0,0.0,0.0,0.0
308142930532520002,0.0,0.0,0.0,0.0,0.0
308242930544806301,0.0,0.0,0.0,0.0,0.0
308342929901445701,1.5818182229995728,12.403358734631148,51.51639344262295,67.69572448730469,682.1847098428694
308342930080355601,0.0,0.0,0.0,0.0,0.0
308342930546970002,2.36956524848938,6.5251742160278745,111.61602787456447,33.85719680786133,300.1580176150757
308542930477019402,0.0,0.0,0.0,0.0,0.0
308742930465134201,0.0,0.0,0.0,0.0,0.0
308842930547509501,0.0,0.0,0.0,0.0,0.0
308942929843657702,0.0,0.0,0.0,0.0,0.0
308942930464926901,0.0,0.0,0.0,0.0,0.0
308942930541987802,0.0,0.0,0.0,0.0,0.0
309042930531011002,0.0,0.0,0.0,0.0,0.0
309142929118744101,0.0,0.0,0.0,0.0,0.0
309142930464369601,0.0,0.0,0.0,0.0,0.0
309442930462659701,5.304347991943359,12.55614075112773,92.42260208926875,79.15642547607422,577.5824942303519
309542930530726202,0.0,0.0,0.0,0.0,0.0
309742930510620701,0.0,0.0,0.0,0.0,0.0
309942930545580002,2.8333332538604736,87.46891276041667,512.452380952381,6.271302223205566,524.8134849185035
311442930542281902,0.2857142984867096,26.43665760869565,92.04521739130435,0.0,740.2263986206054
311542930446688901,4.0,12.393365683478596,89.51986670084594,8.007525444030762,161.11375313421237
311542930455740902,0.0,0.0,0.0,0.0,0.0
311642930475115902,0.0,0.0,0.0,0.0,0.0
311842930517670502,2.0,8.585602081102783,17.17130620985011,1.095824122428894,17.171204162205566
311942930455638502,0.0,0.0,0.0,0.0,0.0
312042930480484602,1.1132075786590576,16.411234143386544,24.39794754846066,101.26932525634766,869.795381522097
312042930543741001,0.0,0.0,0.0,0.0,0.0
312142929704156101,0.0,0.0,0.0,0.0,0.0
312142930446570101,0.0,0.0,0.0,0.0,0.0
312242930543752601,0.0,0.0,0.0,0.0,0.0
312442930454121202,4.388059616088867,14.726160589254127,220.04834905660377,64.07294464111328,986.6527942891391
312542930528071701,0.0,0.0,0.0,0.0,0.0
312642930456892002,6.217391490936279,8.936711766376026,77.39742086752638,24.821619033813477,205.54437228355988
312642930515697601,0.0,0.0,0.0,0.0,0.0
312842930542735201,0.0,0.0,0.0,0.0,0.0
313042928021659402,0.0,0.0,0.0,0.0,0.0
313042930517111502,0.0,0.0,0.0,0.0,0.0
313142930516351402,0.0,0.0,0.0,0.0,0.0
313442930521399602,0.0,0.0,0.0,0.0,0.0
313442930533729502,0.0,0.0,0.0,0.0,0.0
313542930477137801,0.0,0.0,0.0,0.0,0.0
313542930525965001,2.635294198989868,8.673804475352869,159.13591746077236,75.23959350585938,737.2733677234555
313542930540390402,0.0,0.0,0.0,0.0,0.0
313642930460297502,0.0,0.0,0.0,0.0,0.0
313742930453968502,0.0,0.0,0.0,0.0,0.0
313742930525229401,0.0,0.0,0.0,0.0,0.0
313942930475403102,0.0,0.0,0.0,0.0,0.0
314042930466352302,0.0,0.0,0.0,0.0,0.0
314042930543493001,0.0,0.0,0.0,0.0,0.0
314242930527104402,0.0,0.0,0.0,0.0,0.0
314542930452521402,0.0,0.0,0.0,0.0,0.0
314642930525598602,0.0,0.0,0.0,0.0,0.0
314742930457973501,3.6956522464752197,4.138140153906134,92.36024060597059,0.0,380.70889859048674
314742930461770301,0.0,0.0,0.0,0.0,0.0
314742930543917201,0.0,0.0,0.0,0.0,0.0
314942930524836901,0.0,0.0,0.0,0.0,0.0
315442930531999501,0.0,0.0,0.0,0.0,0.0
315542930519478501,0.0,0.0,0.0,0.0,0.0
315542930529561302,0.0,0.0,0.0,0.0,0.0
315642930530192301,0.0,0.0,0.0,0.0,0.0
315842930530136202,0.0,0.0,0.0,0.0,0.0
316642930462545502,3.857142925262451,8.347407588252315,127.8861111111111,48.390098571777344,350.5911273514783
316642930469409301,3.0291261672973633,5.749830115695567,111.61188128849128,80.72505950927734,592.2324931635751
316642930530285002,0.0,0.0,0.0,0.0,0.0
316742930528486302,0.0,0.0,0.0,0.0,0.0
316842930524674801,0.0,0.0,0.0,0.0,0.0
316842930534404902,2.692307710647583,6.606506213056481,38.25976013775464,7.153454780578613,85.88457854730154
317042930448374701,0.0,0.0,0.0,0.0,0.0
317042930461574402,0.0,0.0,0.0,0.0,0.0
317142930448776802,0.0,0.0,0.0,0.0,0.0
317242930351294101,0.0,0.0,0.0,0.0,0.0
317242930448551201,8.38888931274414,4.725259397024276,33.67736883320282,5.149646759033203,85.05467224121094
317242930509868302,0.0,0.0,0.0,0.0,0.0
317242930541173401,0.0,0.0,0.0,0.0,0.0
317342930545988302,3.48888897895813,14.61854002346246,396.0926517571885,60.6008186340332,657.8342743407424
317442930478135302,0.0,0.0,0.0,0.0,0.0
317442930515782902,0.0,0.0,0.0,0.0,0.0
317542930447869902,0.0,0.0,0.0,0.0,0.0
317642930460503501,0.0,0.0,0.0,0.0,0.0
317642930516056901,0.0,0.37899449089419834,0.3789086450030656,0.04493281990289688,0.37899449089419834
317642930525366102,0.0,0.0,0.0,0.0,0.0
317642930534374702,5.769230842590332,16.474971783880054,224.36447978793905,84.94229125976562,856.6985151853049
317742930447601401,0.0,0.0,0.0,0.0,0.0
317742930519615102,6.333333492279053,8.520734428179146,20.764851485148515,1.9560542106628418,25.56220268022896
317942930545716001,0.0,0.0,0.0,0.0,0.0
318042930473003702,0.0,0.0,0.0,0.0,0.0
318042930474158602,0.0,0.0,0.0,0.0,0.0
318142930545846502,0.0,0.0,0.0,0.0,0.0
318242930051124302,0.0,0.0,0.0,0.0,0.0
318242930445751301,4.8813557624816895,14.383724025038422,329.9364754098361,71.48839569091797,848.6397123727642
318442930451906402,0.0,0.0,0.0,0.0,0.0
318442930472979202,0.0,0.0,0.0,0.0,0.0
318542929194731901,0.0,0.0,0.0,0.0,0.0
318742930519035401,0.0,0.0,0.0,0.0,0.0
318942930462878702,2.8809523582458496,4.256498298627268,111.52052117263844,82.99713897705078,536.3187841600903
319142930459262201,0.0,0.0,0.0,0.0,0.0
319142930473924202,0.0,0.0,0.0,0.0,0.0
319242930541495002,1.9800000190734863,18.065173185324365,90.54430379746836,73.46432495117188,903.2586688753925
319342930472134402,0.0,0.0,0.0,0.0,0.0
319442930529431002,0.0,0.0,0.0,0.0,0.0
319542927897875801,0.0,0.0,0.0,0.0,0.0
319542930476446802,0.7763158082962036,25.256997143587995,138.76261937244203,82.31010437011719,1919.5317736569725
319742930534511301,4.319149017333984,13.298957096814267,146.45737632508832,51.5258903503418,625.0509736802521
319942930521968101,4.0,20.739507427130047,20.739910313901344,1.4917818307876587,20.739507427130047
321142929177982401,3.200000047683716,9.516477325258876,64.29302268244577,8.703020095825195,95.16477433605307
321242930519562901,0.0,0.0,0.0,0.0,0.0
321342930549425202,0.0,0.0,0.0,0.0,0.0
321842930538717302,0.0,0.0,0.0,0.0,0.0
322042930475107601,0.0,0.0,0.0,0.0,0.0
322042930475841301,0.0,0.0,0.0,0.0,0.0
322142930541473402,0.0,0.0,0.0,0.0,0.0
322442930518961301,0.0,0.0,0.0,0.0,0.0
322542930547495002,0.0,0.0,0.0,0.0,0.0
322642929537342401,3.2200000286102295,4.528471092687901,98.43406486696446,83.14605712890625,452.84709789813616
322742930519716202,0.0,31.97569982233965,0.0,73.41380310058594,1534.8336084771781
322742930530703601,3.738095283508301,37.720959981282554,570.5026041666666,56.0079460144043,1584.2803259690602
322842930476696802,0.0,0.0,0.0,0.0,0.0
323042929488733102,0.0,0.0,0.0,0.0,0.0
323042930546015301,2.8305084705352783,3.650120439434057,113.55015975386071,68.20980072021484,430.7142256415177
323142930521426302,0.0,0.0,0.0,0.0,0.0
323342930509386901,0.0,0.0,0.0,0.0,0.0
323342930527679301,171.0,120.0960768614892,120.0960768614892,14.486332893371582,120.0960768614892
323342930528370002,0.0,0.0,0.0,0.0,0.0
323442927975082002,0.0,0.0,0.0,0.0,0.0
323742930456266901,0.0,1.3091232924680876,-99.44050392447551,0.5140661597251892,3.927369833532686
323742930477129001,3.777777671813965,7.45241813130517,136.60655737704917,78.49589538574219,536.5741092858068
323742930516063802,0.0,0.0,0.0,0.0,0.0
323842930542709901,3.5567009449005127,8.270125492762052,153.03211839214165,71.08712005615234,802.2021958488078
323942930517140201,0.0,0.0,0.0,0.0,0.0
324042930516101402,0.0,15.208046400075988,190.65248226950354,69.45726776123047,1094.9793753193987
324142929467067101,0.0,0.0,0.0,0.0,0.0
324342930453507201,0.0,0.0,0.0,0.0,0.0
324442930473115401,0.0,0.0,0.0,0.0,0.0
324442930545607801,0.0,0.0,0.0,0.0,0.0
324542930516684901,0.0,0.0,0.0,0.0,0.0
324542930529308002,0.0,0.0,0.0,0.0,0.0
324742930529490902,0.0,0.0,0.0,0.0,0.0
324842930536416901,0.0,0.0,0.0,0.0,0.0
324942930516603101,0.0,0.0,0.0,0.0,0.0
325842927959121701,0.0,0.0,0.0,0.0,0.0
325942930456155801,0.0,0.0,0.0,0.0,0.0
325942930509005302,3.25,6.203340066232309,12.27148774594408,4.0138115882873535,24.81335999104003
326242929348469101,6.333333492279053,10.95548824763339,141.62048192771084,31.393474578857422,262.9317134760333
326242930475913001,0.0,0.0,0.0,0.0,0.0
326242930479798102,0.0,0.0,0.0,0.0,0.0
326242930532815501,4.599999904632568,12.358046953874306,76.3932357395255,46.59811782836914,370.74140286241015
326742930545741002,0.0,0.0,0.0,0.0,0.0
326942930462396301,0.0,0.0,0.0,0.0,0.0
327042930518364901,0.0,0.0,0.0,0.0,0.0
327042930543509002,2.8636362552642822,8.05585406811014,89.84570596797671,33.446205139160156,177.22878101021269
327142928822976102,4.90625,11.11729105911983,205.73117709437963,79.38381958007812,711.5066475569886
327142930531769601,1.5789474248886108,11.690777524217586,56.20193740685544,38.3267936706543,444.24955887659473
327242930480443201,0.0,0.0,0.0,0.0,0.0
327342930519145801,0.0,0.0,0.0,0.0,0.0
327442930468325001,0.0,0.0,0.0,0.0,0.0
327442930518731202,0.0,0.0,0.0,0.0,0.0
327842930545368201,0.0,0.0,0.0,0.0,0.0
327942930472483502,0.0,0.0,0.0,0.0,0.0
328142930525625702,0.0,0.0,0.0,0.0,0.0
328142930530120601,0.0,0.0,0.0,0.0,0.0
328442930531385702,0.0,0.0,0.0,0.0,0.0
328642930476288101,0.0,0.0,0.0,0.0,0.0
328742930447855701,0.0,0.0,0.0,0.0,0.0
328742930516958201,0.0,0.0,0.0,0.0,0.0
328842930458449401,0.0,0.0,0.0,0.0,0.0
329042930528042701,0.0,0.0,0.0,0.0,0.0
329142930476959202,0.0,0.0,0.0,0.0,0.0
329142930539175902,0.0,0.0,0.0,0.0,0.0
329242929307482901,0.37599998712539673,13.5708505714224,97.04101855052426,110.3580093383789,1696.3562530464724
329342930450180801,0.0,0.0,0.0,0.0,0.0
329442930539290901,0.0,0.0,0.0,0.0,0.0
329542930459791702,0.15942029654979706,13.997710179570895,30.611194029850747,101.25745391845703,965.8420064029409
329742928108713902,0.0,0.0,0.0,0.0,0.0
329742930510530302,0.0,0.0,0.0,0.0,0.0
331342928577536302,0.0,0.0,0.0,0.0,0.0
331342930530428001,0.0,0.0,0.0,0.0,0.0
331542930458358102,0.0,0.0,0.0,0.0,0.0
331542930518042601,0.0,0.0,0.0,0.0,0.0
331642930342522902,0.0,0.0,0.0,0.0,0.0
331642930475173601,0.0,0.0,0.0,0.0,0.0
331642930515500302,0.06666667014360428,15.4848745782455,2.5482005141388173,76.63853454589844,1161.3656284239114
331742930456837602,0.0,0.0,0.0,0.0,0.0
331842930532015701,2.257575750350952,2.865885274160009,31.685746598081064,32.89255142211914,189.14843118125532
331942930518709902,0.0,0.0,0.0,0.0,0.0
332042930456928601,3.4285714626312256,18.309577594241922,138.0878210439105,41.140506744384766,640.835192747519
332342930517243401,0.0,0.0,0.0,0.0,0.0
332542930464905401,0.0,0.0,0.0,0.0,0.0
332742930527107102,0.0,0.0,0.0,0.0,0.0
332842930458384002,0.0,0.0,0.0,0.0,0.0
332842930526526402,4.666666507720947,15.755626117010092,160.18839360807402,55.2646369934082,425.4019181401515
333042929921931502,0.0,0.0,0.0,0.0,0.0
333042930525878601,2.8333332538604736,5.144698401162791,21.462790697674418,3.756577491760254,30.868190960551416
333042930526610301,3.887096881866455,8.55261546328006,140.34956874682902,64.54606628417969,530.262164026393
333142930538263901,0.0,0.0,0.0,0.0,0.0
333242929703991002,0.0,0.0,0.0,0.0,0.0
333342930544586401,0.0,0.0,0.0,0.0,0.0
333542930452004602,0.0,0.0,0.0,0.0,0.0
333542930532226401,0.0,0.0,0.0,0.0,0.0
333742928623643602,0.0,0.0,0.0,0.0,0.0
333742930447710401,0.0,0.0,0.0,0.0,0.0
333842930525494501,0.0,0.0,0.0,0.0,0.0
334042930480420201,0.0,0.0,0.0,0.0,0.0
334142930518709202,0.0,0.0,0.0,0.0,0.0
334342930517250501,0.0,0.0,0.0,0.0,0.0
334542928757944602,0.0,0.0,0.0,0.0,0.0
334642930463735102,0.0,0.0,0.0,0.0,0.0
334742930464407302,0.0,0.0,0.0,0.0,0.0
334742930550062701,0.0,0.0,0.0,0.0,0.0
334842930540429202,0.0,0.0,0.0,0.0,0.0
334942930519074702,0.0,0.0,0.0,0.0,0.0
335042930456163602,0.0,0.0,0.0,0.0,0.0
335242930549567202,2.0365853309631348,7.636512812308985,40.138600244498775,93.40498352050781,626.1940461790649
335642930473582201,0.0,0.0,0.0,0.0,0.0
335742928811707801,0.0,0.0,0.0,0.0,0.0
335842930479885101,0.0,0.0,0.0,0.0,0.0
335842930547547102,0.0,43.52477287523674,0.0,74.66472625732422,2567.9616578781242
336042930529221701,0.0,0.0,0.0,0.0,0.0
336142930480247501,0.0,0.0,0.0,0.0,0.0
336342928855703402,0.0,0.0,0.0,0.0,0.0
336342930479111802,0.0,0.0,0.0,0.0,0.0
336542928235791602,0.0,0.0,0.0,0.0,0.0
336642930547172801,0.0,0.0,0.0,0.0,0.0
336842928235971801,0.0,0.0,0.0,0.0,0.0
336942930511301301,5.0,7.53760074384598,7.537601626016261,1.7813829183578491,7.53760074384598
337042930478901701,0.0,0.0,0.0,0.0,0.0
337042930532277601,0.0,0.0,0.0,0.0,0.0
337142930476072102,0.0,0.0,0.0,0.0,0.0
337342930456181701,0.0,0.0,0.0,0.0,0.0
337442930525066402,0.0,0.0,0.0,0.0,0.0
337542930462685102,5.0,19.62707395151019,19.627365356623,0.9668346047401428,19.62707395151019
337642930543341001,0.0,0.0,0.0,0.0,0.0
337742930526684701,0.8846153616905212,10.634910544315566,44.300159376660176,90.63075256347656,829.5230375694895
337842930452940302,0.0,0.0,0.0,0.0,0.0
337842930477414902,0.0,0.0,0.0,0.0,0.0
337942929800508901,0.0,0.0,0.0,0.0,0.0
338042928845019702,4.175675868988037,7.371274901583319,117.05779546634366,84.05877685546875,545.4743572841736
338042930541162002,0.0,0.0,0.0,0.0,0.0
338242930461890002,3.142857074737549,6.406794667536855,36.83200245700246,7.810772895812988,44.84756147304975
338442930521976001,5.03636360168457,6.818017271029874,124.22327044025157,53.55730438232422,374.990939043153
338742930455466002,0.0,0.0,0.0,0.0,0.0
338842930548855501,0.0,0.0,0.0,0.0,0.0
338942930517342702,0.0,0.0,0.0,0.0,0.0
338942930543405802,0.0,0.0,0.0,0.0,0.0
339042930474793701,0.0,0.0,0.0,0.0,0.0
339042930545527902,5.25,22.773875876753507,282.07014028056113,46.179378509521484,819.859557840453
339242930220743401,0.0,0.0,0.0,0.0,0.0
339442930523968302,0.0,0.0,0.0,0.0,0.0
339642930480766401,0.0,0.0,0.0,0.0,0.0
339642930525423102,0.0,0.0,0.0,0.0,0.0
339742930526997301,0.0,0.0,0.0,0.0,0.0
339842927963711401,0.0,0.0,0.0,0.0,0.0
339842930447217001,0.0,0.0,0.0,0.0,0.0
339842930550330402,0.0,0.0,0.0,0.0,0.0
339942930532939901,0.0,0.0,0.0,0.0,0.0
341142929417399601,0.0,0.0,0.0,0.0,0.0
341242930518833102,0.0,0.0,0.0,0.0,0.0
341242930523112101,0.0,0.0,0.0,0.0,0.0
341342930456359501,4.523809432983398,8.169718918690958,105.67408906882591,46.313316345214844,343.12819158757424
341342930477720902,0.0,0.0,0.0,0.0,0.0
341442930475907401,0.0,0.0,0.0,0.0,0.0
341442930519841401,0.0,0.0,0.0,0.0,0.0
341442930538862202,0.0,0.0,0.0,0.0,0.0
341442930546207101,0.0,0.0,0.0,0.0,0.0
341542930550753601,2.5833332538604736,6.480033214505827,82.87584043030031,90.48155212402344,622.0831698212908
341642930529403602,0.0,0.0,0.0,0.0,0.0
341742930469756902,0.0,0.0,0.0,0.0,0.0
341742930548656502,0.0,0.0,0.0,0.0,0.0
341842930524241201,0.0,0.0,0.0,0.0,0.0
341942930459636002,0.0,0.0,0.0,0.0,0.0
342042928560914101,0.0,0.0,0.0,0.0,0.0
342242930460756801,0.0,0.0,0.0,0.0,0.0
342442930479952501,2.5128204822540283,8.52273742769046,122.95437677363022,92.3897705078125,997.1603190320674
342542930456553701,0.0,0.0,0.0,0.0,0.0
342542930508067702,0.0,0.0,0.0,0.0,0.0
342642930541899602,0.0,0.0,0.0,0.0,0.0
342642930546268701,0.0,0.0,0.0,0.0,0.0
342742930540958102,0.0,0.0,0.0,0.0,0.0
342842930534602701,4.400000095367432,4.187511970122574,27.107252298263536,6.54404354095459,41.87511834746188
343042930519223402,0.0,0.0,0.0,0.0,0.0
343142930525678801,0.0,0.0,0.0,0.0,0.0
343242929400142802,0.0,0.0,0.0,0.0,0.0
343242929800157201,0.6162790656089783,13.744819937064246,38.01857657573347,0.0,1182.0544822926347
343342930464798602,0.0,0.0,0.0,0.0,0.0
343342930466774202,4.066666603088379,17.517662464488637,160.5742424242424,27.469579696655273,262.76493588360876
343442930548167501,4.5,10.400153850025534,43.10983658076681,8.49935245513916,62.400920146220436
343542930548828801,4.776315689086914,8.360497046671322,203.84729981378027,86.49909210205078,635.3977862869561
343642930531569302,0.0,0.0,0.0,0.0,0.0
343642930544262102,5.181818008422852,10.675826266263941,32.73048327137546,9.198283195495605,117.4340904717995
343742928912076802,0.0,37.0721920411733,339.05274488697523,110.93385314941406,2446.764777225622
343842930527264502,0.0,0.0,0.0,0.0,0.0
343842930546595402,0.1649484485387802,8.60548606394767,61.343723191306836,84.09362030029297,834.7321465339257
343942930548932901,0.0,0.0,0.0,0.0,0.0
344042930455560502,0.0,0.0,0.0,0.0,0.0
344042930528869902,0.0,0.0,0.0,0.0,0.0
344142930479051402,0.0,0.0,0.0,0.0,0.0
344242930508956602,0.0,0.0,0.0,0.0,0.0
344542930518632701,0.0,0.0,0.0,0.0,0.0
344642930531930701,0.0,0.0,0.0,0.0,0.0
344742930474743902,0.0,0.0,0.0,0.0,0.0
344842930453546402,3.4795918464660645,8.044161335939018,162.20256360458342,76.15412902832031,788.3277909720979
345142930452588901,0.0,0.0,0.0,0.0,0.0
345242930101315801,2.4000000953674316,8.23304325133884,326.92372394178693,81.79840087890625,987.9652088566131
345242930475998202,0.0,0.0,0.0,0.0,0.0
345242930478022802,0.0555555559694767,6.3881893076301015,20.09390162686709,86.0903549194336,689.924426081972
345242930535683001,0.0,0.0,0.0,0.0,0.0
345342929544053901,0.0,0.0,0.0,0.0,0.0
345342930466643601,0.0,0.0,0.0,0.0,0.0
345342930478327301,1.4800000190734863,4.913253068212639,71.25278003797125,71.72238159179688,614.1566169858787
345842930527032402,0.0,0.0,0.0,0.0,0.0
345842930527886501,0.0,0.0,0.0,0.0,0.0
345942929091386401,0.0,0.0,0.0,0.0,0.0
346042930463684402,0.0,0.0,0.0,0.0,0.0
346442930545956501,4.048387050628662,16.855867379285858,261.87867721647393,105.41613006591797,1045.0637521989497
346542930473729001,0.0,0.0,0.0,0.0,0.0
346542930526196101,0.0,0.0,0.0,0.0,0.0
346542930534670102,0.0,0.0,0.0,0.0,0.0
346542930543801102,0.0,0.0,0.0,0.0,0.0
346742930473292901,0.0,0.0,0.0,0.0,0.0
346842930518058602,3.7142856121063232,10.37761193698494,64.03324808184144,20.350990295410156,145.28656564784612
346942928923773502,0.0,0.0,0.0,0.0,0.0
346942930545787402,0.0,0.0,0.0,0.0,0.0
347042930542852202,0.0,0.0,0.0,0.0,0.0
347142930518996802,3.696629285812378,6.115550236868935,88.95729152018,60.49424743652344,544.2839751128656
347142930542876001,0.0,0.0,0.0,0.0,0.0
347242930518420401,0.0,0.0,0.0,0.0,0.0
347342930541527202,0.0,0.0,0.0,0.0,0.0
347342930543230401,0.0,0.0,0.0,0.0,0.0
347942928176065301,3.465116262435913,8.133060800784989,189.31112387516754,55.8953971862793,699.4432479580848
347942930470091601,0.0,0.0,0.0,0.0,0.0
348142930525884202,0.0,0.0,0.0,0.0,0.0
348242930472143502,0.0,0.0,0.0,0.0,0.0
348342930459843702,0.0,0.0,0.0,0.0,0.0
348542928242444802,1.587499976158142,9.75747971353348,212.92738132662686,103.16759490966797,780.5983625865889
348542930458368601,0.0,0.0,0.0,0.0,0.0
348642930463647301,0.0,0.0,0.0,0.0,0.0
348642930474443601,0.0,0.0,0.0,0.0,0.0
348742930550264202,0.0,0.0,0.0,0.0,0.0
348842930446522602,0.0,0.0,0.0,0.0,0.0
348842930448305701,0.0,0.0,0.0,0.0,0.0
349042930522319202,0.0,0.0,0.0,0.0,0.0
349042930528256602,4.666666507720947,4.118480586526382,10.557286432160804,1.7650744915008545,12.35544169823728
349042930539087601,4.625,5.6923009801793985,27.687037037037037,0.0,45.5384082087764
349342930462812102,0.0,0.0,0.0,0.0,0.0
349442930516840901,12.0,43.49156026984835,43.49152542372882,5.9894843101501465,43.49156026984835
349442930542073801,0.0,0.0,0.0,0.0,0.0
349542930463037902,0.0,0.0,0.0,0.0,0.0
349542930464233001,0.0,0.0,0.0,0.0,0.0
349742930530005702,0.0,0.0,0.0,0.0,0.0
349842930526868801,0.0,0.0,0.0,0.0,0.0
349842930537161802,0.0,0.0,0.0,0.0,0.0
349942930453287002,0.0,0.0,0.0,0.0,0.0
351142930518610302,0.0,0.0,0.0,0.0,0.0
351242929197737002,0.0,0.0,0.0,0.0,0.0
351342930458841902,0.0,17.874635476670505,0.0,16.38885498046875,178.74634998514904
351542930472807902,0.0,0.0,0.0,0.0,0.0
351542930542392001,0.0,0.0,0.0,0.0,0.0
351542930542888401,0.0,0.0,0.0,0.0,0.0
351842930473013801,3.384615421295166,5.745775984938734,37.2501701837985,7.552642822265625,74.69508752721168
351842930516795801,0.0,0.0,0.0,0.0,0.0
351942930478868202,47.5,5.206038307458067,7.386581469648562,1.2906315326690674,10.412076614916135
352042930457340302,0.0,0.0,0.0,0.0,0.0
352042930537324302,3.0,1.0270588735550397,1.6642199086210772,0.3854450285434723,3.081176669428632
352142930462425302,0.0,0.0,0.0,0.0,0.0
352342930460748201,0.0,0.0,0.0,0.0,0.0
352442930453460201,0.0,0.0,0.0,0.0,0.0
352542930469163501,0.0,0.0,0.0,0.0,0.0
352642930459600202,0.0,0.0,0.0,0.0,0.0
352642930478847701,0.0,0.0,0.0,0.0,0.0
352642930531604201,0.8275862336158752,11.977406474379896,29.744125326370757,53.54859161376953,694.6895582184156
352842930534654102,0.0,0.0,0.0,0.0,0.0
352942930524844002,1.162500023841858,8.828816627526331,40.302875035582126,68.8078842163086,706.3053357903176
353342930537832101,0.0,0.0,0.0,0.0,0.0
353542929613487101,3.5199999809265137,5.1417214110439415,91.91367654706188,8.21774673461914,128.54303208032252
353542930462492101,0.0,0.0,0.0,0.0,0.0
353742929989757001,0.0,0.0,0.0,0.0,0.0
353742930449690102,0.0,0.0,0.0,0.0,0.0
353842930476422401,0.0,0.0,0.0,0.0,0.0
354142930466805102,0.0,0.0,0.0,0.0,0.0
354442927929225802,0.0,0.0,0.0,0.0,0.0
354642930520764501,0.0,0.0,0.0,0.0,0.0
354742930516887001,0.0,0.0,0.0,0.0,0.0
354742930525620201,0.0,0.0,0.0,0.0,0.0
354842930508660902,0.0,0.0,0.0,0.0,0.0
354842930519368602,1.8533333539962769,9.824738254971539,138.13757669845495,91.85140991210938,736.8553342377875
355142930548645401,0.0,0.0,0.0,0.0,0.0
355242930526529902,0.0,0.0,0.0,0.0,0.0
355342930468737802,0.0,0.0,0.0,0.0,0.0
355442928697224902,0.0,0.0,0.0,0.0,0.0
355642930479523202,0.0,0.0,0.0,0.0,0.0
355942930525937802,0.0,0.0,0.0,0.0,0.0
355942930529354002,4.0,11.266648207253557,68.47611788617886,47.32270431518555,405.5993494076457
356242930460398301,0.14468085765838623,12.039371627697841,122.53553956834533,240.9627685546875,2829.2522919503904
356542930508363702,0.0,0.0,0.0,0.0,0.0
356542930547187501,0.0,0.0,0.0,0.0,0.0
356942930453980302,0.0,0.0,0.0,0.0,0.0
357242930474146102,0.0,0.0,0.0,0.0,0.0
357742930453737101,0.0,0.0,0.0,0.0,0.0
357742930516969102,0.0,0.0,0.0,0.0,0.0
357842929626479301,5.34375,11.592638960040984,88.39016393442623,40.1622428894043,370.96445750252144
357942929642451502,0.0,0.0,0.0,0.0,0.0
357942930184642001,0.0,0.0,0.0,0.0,0.0
357942930530778202,0.0,0.0,0.0,0.0,0.0
358142930544582002,1.8202247619628906,19.145797729492188,292.62847222222223,0.0,1703.9759929397324
358242930460895502,1.7872340679168701,4.11437716057751,53.198230868297976,24.700716018676758,193.37572401935333
358442928258216002,0.0,0.0,0.0,0.0,0.0
358642929321259402,0.0,0.0,0.0,0.0,0.0
358742930549587401,0.0,0.0,0.0,0.0,0.0
358842930464104801,0.0,0.0,0.0,0.0,0.0
359042930531360101,0.0,0.0,0.0,0.0,0.0
359042930533227901,0.0,0.0,0.0,0.0,0.0
359242930534008902,1.645320177078247,9.086702458048224,370.8147605083089,209.01048278808594,1844.600621626485
359342930547018002,0.0,0.0,0.0,0.0,0.0
359542928823136501,0.0,0.0,0.0,0.0,0.0
359542930510540501,0.0,0.0,0.0,0.0,0.0
359542930546652401,0.0,0.0,0.0,0.0,0.0
359542930547704001,4.285714149475098,10.453834944200876,67.58349940215226,17.618154525756836,146.35369320721585
359642930460549701,0.0,0.0,0.0,0.0,0.0
359642930474938401,3.225806474685669,3.3761561225645673,41.62415043044857,14.489298820495605,104.66084261480694
359642930543976301,0.0,0.0,0.0,0.0,0.0
359742930529177501,0.0,0.0,0.0,0.0,0.0
359942929703939902,0.7288135886192322,13.071061546667877,187.6297439622299,85.33776092529297,771.1926292279509
359942930456560502,0.0,0.0,0.0,0.0,0.0
359942930456840101,0.0,0.0,0.0,0.0,0.0
359942930524706101,0.0,0.0,0.0,0.0,0.0
361142927975121802,4.509090900421143,8.058726936771688,98.16227880880449,67.8692855834961,443.2299912778821
361342930462349102,0.0,0.0,0.0,0.0,0.0
361342930477354902,0.0,0.0,0.0,0.0,0.0
361342930480586502,0.0,0.0,0.0,0.0,0.0
361542930508297202,0.0,0.0,0.0,0.0,0.0
361642930480458002,0.0,0.0,0.0,0.0,0.0
361642930526437301,0.0,0.0,0.0,0.0,0.0
361942930525512301,0.0,0.0,0.0,0.0,0.0
361942930530406602,0.0,0.0,0.0,0.0,0.0
361942930532111701,0.0,0.0,0.0,0.0,0.0
362042930544823201,0.0,0.0,0.0,0.0,0.0
362242930460297302,3.4891304969787598,7.723977962730318,279.2713567839196,81.87000274658203,710.605995825587
362242930547052601,0.0,0.0,0.0,0.0,0.0
362442930465016701,0.0,0.0,0.0,0.0,0.0
362442930549738201,0.0,0.0,0.0,0.0,0.0
362642930463508202,0.0,0.0,0.0,0.0,0.0
362642930510624401,0.0,0.0,0.0,0.0,0.0
362742930460187602,0.0,0.0,0.0,0.0,0.0
362742930528277302,0.0,14.116681210484721,0.0,1.8851752281188965,14.116681210484721
362842930531219902,0.0,0.0,0.0,0.0,0.0
363242930533930601,0.0,0.0,0.0,0.0,0.0
363542930480759601,0.0,0.0,0.0,0.0,0.0
363642929704205701,0.0,0.0,0.0,0.0,0.0
363642930533345502,0.0,0.0,0.0,0.0,0.0
363742929725351301,2.200000047683716,5.958975184961615,48.1431401684002,81.27326965332031,506.5128914519901
363742930461833501,0.0,0.0,0.0,0.0,0.0
363842930473755601,0.0,0.0,0.0,0.0,0.0
363942927929319102,0.0,0.0,0.0,0.0,0.0
364142930476434801,0.0,0.0,0.0,0.0,0.0
364242930539775901,0.0,0.0,0.0,0.0,0.0
364242930543965801,0.0,0.0,0.0,0.0,0.0
364442930550625301,0.0,0.0,0.0,0.0,0.0
364542930546529701,0.0,0.0,0.0,0.0,0.0
364742929013050002,0.0,0.0,0.0,0.0,0.0
364742930533039701,0.0,0.0,0.0,0.0,0.0
364842930545377702,0.0,0.0,0.0,0.0,0.0
364942930464560301,0.0,0.0,0.0,0.0,0.0
365342929696795902,0.0,0.0,0.0,0.0,0.0
365442930462918502,0.0,5.925955741529996,17.64091497626241,21.102710723876953,154.0748492013703
365542930453482901,0.0,0.0,0.0,0.0,0.0
365542930528183702,0.0,0.0,0.0,0.0,0.0
365542930545595702,7.4285712242126465,21.0419921875,292.7889908256881,0.0,294.5878904850111
365642930475386902,0.0,0.0,0.0,0.0,0.0
365742929197782602,0.0,0.0,0.0,0.0,0.0
365742930451079301,0.0,0.0,0.0,0.0,0.0
366042930480305402,0.0,0.0,0.0,0.0,0.0
366042930524678302,0.0,0.0,0.0,0.0,0.0
366342929230173202,0.0,0.0,0.0,0.0,0.0
366342930461666002,0.0,0.0,0.0,0.0,0.0
366442930475860401,0.0,0.0,0.0,0.0,0.0
366642930516534001,0.0,0.0,0.0,0.0,0.0
366742930548750902,0.0,0.0,0.0,0.0,0.0
366842930476474902,0.0,0.0,0.0,0.0,0.0
366842930544745901,0.0,0.0,0.0,0.0,0.0
366942929424165902,4.777777671813965,12.720324476709905,134.76415094339623,27.954816818237305,343.44875764666864
366942930543596502,0.0,0.0,0.0,0.0,0.0
367342930531717502,7.59375,19.39075892857143,173.16571428571427,58.49843215942383,620.5042645154681
367442930453595802,3.4285714626312256,12.459988183737151,83.72099853157121,16.013277053833008,174.4398373507193
367542930545579601,0.0,0.0,0.0,0.0,0.0
367642930538319801,0.0,0.0,0.0,0.0,0.0
367742928043720302,0.0,0.0,0.0,0.0,0.0
367742930529880302,0.0,0.0,0.0,0.0,0.0
367842930518636802,0.0,0.0,0.0,0.0,0.0
368042930532028402,0.49450549483299255,6.974493352107151,8.744227751625196,66.52362823486328,634.678886897573
368042930542122402,0.0,0.0,0.0,0.0,0.0
368042930549846802,0.0,0.0,0.0,0.0,0.0
368142930457605901,0.0,0.0,0.0,0.0,0.0
368142930529370002,0.0,0.0,0.0,0.0,0.0
368142930530685501,0.0,0.0,0.0,0.0,0.0
368342930525229002,0.0,0.0,0.0,0.0,0.0
368442930519901401,0.0,0.0,0.0,0.0,0.0
368542930472747002,0.0,0.0,0.0,0.0,0.0
368542930529988102,1.3142857551574707,7.026677164638812,23.894245485154578,71.75078582763672,491.8674135374519
368642929385436301,0.0,0.0,0.0,0.0,0.0
368642930533408402,0.6195651888847351,3.528712214946858,44.40960056061668,50.085350036621094,324.64152540488936
368742930461061301,0.0,0.0,0.0,0.0,0.0
368742930523579301,0.0,0.0,0.0,0.0,0.0
368942929160959801,5.400000095367432,8.206348832831326,33.92921686746988,4.513752460479736,41.031745778508935
368942930452764802,0.0,0.0,0.0,0.0,0.0
369042930528159301,0.0,0.0,0.0,0.0,0.0
369042930543856402,5.737704753875732,11.594202016950168,154.2117872544322,103.32067108154297,707.2463050960181
369442929476744201,0.0,0.5455735116993038,0.6459240821406347,0.17786957323551178,1.6367205540883147
369442930454635702,0.0,0.0,0.0,0.0,0.0
369642930447472302,0.0,0.0,0.0,0.0,0.0
369742928305303001,0.0,0.0,0.0,0.0,0.0
369742930529632401,0.0,0.0,0.0,0.0,0.0
369842930184265802,0.4716981053352356,11.19322867003294,21.53120665742025,82.14158630371094,593.2411140714786
369842930519868001,0.0,0.0,0.0,0.0,0.0
369842930530305702,0.0,0.0,0.0,0.0,0.0
369942930462320502,0.0,0.0,0.0,0.0,0.0
371142930531876202,0.0,11.391161952371382,0.0,0.0,808.7724757213684
371242930477195101,0.0,0.0,0.0,0.0,0.0
371242930527151002,0.0,0.0,0.0,0.0,0.0
371342929649371201,0.0,0.0,0.0,0.0,0.0
371342930447099902,0.0,0.0,0.0,0.0,0.0
371542930453662501,0.0,0.0,0.0,0.0,0.0
372042929493873702,0.0,0.0,0.0,0.0,0.0
372042930465107002,0.0,0.0,0.0,0.0,0.0
372242930460591101,0.0,0.0,0.0,0.0,0.0
372242930525378602,0.0,0.0,0.0,0.0,0.0
372442930453370702,0.0,0.0,0.0,0.0,0.0
372542930550452801,0.0,0.0,0.0,0.0,0.0
372642930456949402,0.0,0.0,0.0,0.0,0.0
372642930549216101,2.8854167461395264,8.642189053077994,91.78707839109403,53.51573181152344,829.6501457115961
372842930470223101,0.0,0.0,0.0,0.0,0.0
372842930518254302,0.0,0.0,0.0,0.0,0.0
372842930526986302,2.0,7.9064198369565215,15.81304347826087,1.3798645734786987,15.812840027740036
373042929735805402,0.0,0.0,0.0,0.0,0.0
373042930537235601,0.0,0.0,0.0,0.0,0.0
373042930545550402,0.0,0.0,0.0,0.0,0.0
373142930476026202,0.0,12.311371388443018,0.0,8.52686882019043,98.49097533983748
373142930520861102,0.0,0.0,0.0,0.0,0.0
373242930529193902,0.0,0.0,0.0,0.0,0.0
373242930533335102,0.0,6.468882081488996,0.0,67.59133911132812,504.5727945832211
373642929543954001,0.0,0.0,0.0,0.0,0.0
373642930526412302,3.1733334064483643,8.767218331073957,81.28739267962042,68.98100280761719,657.541378648117
373742930508176902,0.0,0.0,0.0,0.0,0.0
373742930510758901,0.0,0.0,0.0,0.0,0.0
374042930527670901,0.0,0.0,0.0,0.0,0.0
374142930449654802,3.1666667461395264,16.89642594646173,106.89581184237673,68.27622985839844,912.407013077969
374142930516963102,0.0,0.0,0.0,0.0,0.0
374242930464914402,0.0,0.0,0.0,0.0,0.0
374442930475103502,0.0,0.0,0.0,0.0,0.0
374442930476794701,0.0,0.0,0.0,0.0,0.0
374442930520343301,0.0,0.0,0.0,0.0,0.0
374442930534586502,0.0,0.0,0.0,0.0,0.0
374642929424230501,0.0,0.0,0.0,0.0,0.0
374642930521895602,0.0,0.0,0.0,0.0,0.0
374742930449722201,0.0,0.0,0.0,0.0,0.0
374842930429014701,0.0,0.0,0.0,0.0,0.0
374842930550442702,0.0,0.0,0.0,0.0,0.0
374942930517445901,0.0,3.5933883691884176,0.0,17.50328254699707,114.9884314706625
375042930524971302,0.0,0.0,0.0,0.0,0.0
375642928135615002,0.0,0.0,0.0,0.0,0.0
375842930456000201,0.0,0.0,0.0,0.0,0.0
375842930457831501,0.0,41.16191907051282,0.0,4.622794151306152,123.48576215434278
375842930469730202,0.0,0.0,0.0,0.0,0.0
376242930521159901,0.043478261679410934,7.104200855446927,2.1798882681564247,27.321277618408203,326.79324784660696
376342930526305002,0.0,0.0,0.0,0.0,0.0
376542930449361902,0.0,0.0,0.0,0.0,0.0
376542930459222301,0.0,0.0,0.0,0.0,0.0
376542930517808302,0.0,0.0,0.0,0.0,0.0
376642930474478102,0.0,0.0,0.0,0.0,0.0
376642930510212301,0.0,0.0,0.0,0.0,0.0
376842929025362102,2.454545497894287,3.5768083554759706,34.08373382624769,5.206911563873291,39.34489112896311
376842929303779501,0.0,0.0,0.0,0.0,0.0
376842930454741401,0.0,0.0,0.0,0.0,0.0
376942929400309801,0.0,5.772804576098206,0.0,5.515892505645752,46.182437690552376
377042930452844201,0.0,0.0,0.0,0.0,0.0
377342930546095002,0.0,0.0,0.0,0.0,0.0
377642930450262401,0.0,0.0,0.0,0.0,0.0
377742930529740002,0.0,0.0,0.0,0.0,0.0
377842930527632401,0.0,0.0,0.0,0.0,0.0
378042930531933202,0.0,0.0,0.0,0.0,0.0
378142930534621701,3.7317073345184326,7.779431401466836,167.04591836734693,100.07563781738281,637.9134077143723
378242930480468501,0.0,0.0,0.0,0.0,0.0
378442927994754502,0.0,0.0,0.0,0.0,0.0
378542930455525302,3.402061939239502,5.858702180840302,97.94146209873213,79.01673889160156,568.294099380168
378542930527331202,0.0,0.0,0.0,0.0,0.0
378642930517357601,0.0,0.0,0.0,0.0,0.0
378642930548795902,2.923076868057251,12.073533018737564,153.51249170904268,25.54636001586914,313.9118517297521
378742930508361701,0.0,0.0,0.0,0.0,0.0
378842930534603702,0.0,0.0,0.0,0.0,0.0
379042928021898801,0.0,0.0,0.0,0.0,0.0
379042930529748301,0.0,0.0,0.0,0.0,0.0
379142930462597802,0.0,0.0,0.0,0.0,0.0
379442930464406301,0.0,0.0,0.0,0.0,0.0
379442930525877202,0.0,0.0,0.0,0.0,0.0
379642930518465202,0.0,0.0,0.0,0.0,0.0
379942930458861702,4.270588397979736,7.707351695384479,128.9822820694543,95.75299835205078,655.1249182161754
379942930538220701,0.0,0.0,0.0,0.0,0.0
381142928258160401,0.0,0.0,0.0,0.0,0.0
381142930455402501,19.0,28.752686693075116,28.752347417840376,3.7034294605255127,28.752686693075116
381142930517571901,0.0,0.0,0.0,0.0,0.0
381242930530479402,0.0,0.0,0.0,0.0,0.0
381242930533425301,0.0,0.0,0.0,0.0,0.0
381342930464663802,0.0,0.0,0.0,0.0,0.0
381342930537371202,0.0,0.0,0.0,0.0,0.0
381342930545549801,0.0,0.0,0.0,0.0,0.0
381442928592554802,0.0,0.0,0.0,0.0,0.0
381542930511082102,0.0,0.0,0.0,0.0,0.0
381642928726286801,0.0,0.0,0.0,0.0,0.0
381642930462800901,0.0,0.0,0.0,0.0,0.0
381842930473491101,0.0,0.0,0.0,0.0,0.0
381842930523905901,4.544117450714111,15.221718405837004,150.84140969162996,87.9269790649414,1035.0768779076843
382042930478418501,0.0,0.0,0.0,0.0,0.0
382242930508843601,0.0,0.0,0.0,0.0,0.0
382342930527765702,1.5499999523162842,16.743190802984667,15.721796276013144,35.89609909057617,334.8638254982488
382442929816333701,3.0,2.699075532976801,4.640009326183259,0.8501231670379639,5.398151065953602
382442930542936301,0.0,0.0,0.0,0.0,0.0
382542930547749401,4.689655303955078,7.304538816788778,103.61472480343102,27.496843338012695,211.83162184252407
382742930459525601,4.047618865966797,6.662014342500643,62.99235120195398,10.379305839538574,139.90230150832082
382742930529938201,0.0,0.0,0.0,0.0,0.0
382742930543048902,0.0,0.0,0.0,0.0,0.0
382742930545121801,0.0,0.0,0.0,0.0,0.0
382942930452010801,0.0,0.0,0.0,0.0,0.0
382942930519235701,0.0,0.0,0.0,0.0,0.0
382942930527975702,0.0,23.997316939725668,-31.05479146531856,65.20362091064453,1055.8819252736203
383042928022064701,0.6232557892799377,5.723607544798951,168.7923076923077,178.16404724121094,1230.5756489903151
383242928021739302,0.0,0.0,0.0,0.0,0.0
383242930526777101,2.781818151473999,8.97982475200048,201.0011838043576,74.99340057373047,987.780728854299
383442930517005701,2.0,0.5192295708989777,1.0383247728170684,0.13540247082710266,1.0384591176829192
383442930541590302,0.0,0.0,0.0,0.0,0.0
383542930478274501,3.7352941036224365,7.823531451775626,100.66585956416465,31.23554801940918,266.00006792562635
383642930531412502,0.0,0.0,0.0,0.0,0.0
383642930541252702,5.869565010070801,34.97924349767081,601.4627329192547,68.9223403930664,1609.0451480083584
383742930522503801,0.0,0.0,0.0,0.0,0.0
383842929166292701,0.0,0.0,-0.12274341521160106,0.0,0.0
384042930476955701,0.0,0.0,0.0,0.0,0.0
384142930474020702,0.0,0.0,0.0,0.0,0.0
384342930531682701,0.0,0.0,0.0,0.0,0.0
384442930531919902,0.0,0.0,0.0,0.0,0.0
384542930531852601,3.0319149494171143,9.95783429106405,332.199173553719,125.5392837524414,936.036398356414
384642929231919301,3.5,30.053088841868437,114.08077994428969,3.983893871307373,120.21235641371598
384742930465311101,0.0,0.0,0.0,0.0,0.0
384942928967210401,0.0,0.0,0.0,0.0,0.0
384942930541042402,0.0,0.0,0.0,0.0,0.0
385042930518965302,0.10106383264064789,11.045197697996183,33.94211195928753,158.57095336914062,2076.4972632792765
385042930542465302,0.0,0.0,0.0,0.0,0.0
385242930460781901,0.2112676054239273,16.80141345988292,18.834022038567493,111.79246520996094,1192.9003460571457
385342930533430402,0.0,0.0,0.0,0.0,0.0
385442928043678802,0.0,0.0,0.0,0.0,0.0
385542929501805001,0.0,0.0,0.0,0.0,0.0
385542930518312701,0.0,0.0,0.0,0.0,0.0
385642930453262502,3.1864407062530518,7.966767873413877,48.81155507559395,68.42894744873047,470.0392954879909
385842930137776202,3.24210524559021,4.234860080683009,49.93249691034526,64.51838684082031,402.31170168790777
386042930464980502,3.0352940559387207,9.98677622510698,154.7345292955892,77.41584777832031,848.8759791742743
386142929047985301,0.0,0.0,0.0,0.0,0.0
386142930517200602,0.0,0.0,0.0,0.0,0.0
386142930533884901,4.034482955932617,7.601585342762531,110.39179906295135,0.0,220.44596311021135
386342930509658701,0.0,0.0,0.0,0.0,0.0
386342930522489501,0.0,0.0,0.0,0.0,0.0
386642930508954301,0.0,0.0,0.0,0.0,0.0
386642930545910101,0.0,0.0,0.0,0.0,0.0
386742930517778002,3.4800000190734863,8.929875906117397,109.4947666195191,17.710500717163086,223.24690339170724
386742930524873801,1.2804877758026123,6.6391282579262105,52.10357666704276,70.60186767578125,544.4085255859264
386942930516833302,0.0,0.0,0.0,0.0,0.0
386942930535033502,0.0,0.0,0.0,0.0,0.0
387142929070047801,0.0,0.0,0.0,0.0,0.0
387142930545653001,0.0,0.0,0.0,0.0,0.0
387242928779095702,0.0,0.0,0.0,0.0,0.0
387542930460935401,0.0,0.0,0.0,0.0,0.0
387542930517584202,0.0,0.0,0.0,0.0,0.0
387542930524891601,0.0,0.0,0.0,0.0,0.0
387642930454143201,0.0,0.0,0.0,0.0,0.0
387742930508649701,0.0,0.0,0.0,0.0,0.0
387742930547812502,0.0,0.0,0.0,0.0,0.0
387942928025304302,0.0,0.0,0.0,0.0,0.0
388042930518093902,0.0,0.0,0.0,0.0,0.0
388042930524151601,2.526315689086914,3.1021951687116562,75.76736196319018,14.851970672607422,117.88341920068659
388542930544726801,0.0,0.0,0.0,0.0,0.0
388842930464829801,0.0,0.0,0.0,0.0,0.0
388942930453069001,0.0,0.0,0.0,0.0,0.0
388942930480651502,0.0,0.0,0.0,0.0,0.0
389042930537878602,0.0,0.0,0.0,0.0,0.0
389142930509577502,0.0,0.0,0.0,0.0,0.0
389142930524417401,0.0,0.0,0.0,0.0,0.0
389242929417183102,0.0,0.0,0.0,0.0,0.0
389242930540877902,0.0,0.0,0.0,0.0,0.0
389342930335195702,0.0,0.0,0.0,0.0,0.0
389342930480540002,0.0,0.0,0.0,0.0,0.0
389542930520053202,1.0,3.360755300353357,13.442873969375736,1.2395837306976318,13.443021201413428
389842930524519702,0.0,0.0,0.0,0.0,0.0
389942930447477901,3.0,6.298699069317104,42.60575403098324,40.920108795166016,333.83105650620485
389942930454321801,0.0,0.0,0.0,0.0,0.0
391242930472753802,3.123076915740967,19.047694541167136,180.15655853314527,129.92758178710938,1238.100174509756
391442930534416501,0.0,0.0,0.0,0.0,0.0
391542930477955601,0.0,0.0,0.0,0.0,0.0
391642930516707901,0.0,0.0,0.0,0.0,0.0
391642930523212602,0.0,0.0,0.0,0.0,0.0
391742930516466402,0.0,0.0,0.0,0.0,0.0
391742930525043601,0.0,0.0,0.0,0.0,0.0
391842930517761402,0.0,0.0,0.0,0.0,0.0
392042929704089602,0.0,0.0,0.0,0.0,0.0
392542930545437602,4.931506633758545,15.46340314716312,325.45153664302603,60.74227523803711,1128.828426008247
392642929843823801,0.01123595517128706,9.11668329800721,0.7591616813913871,71.39547729492188,811.3848150200475
392642930464602801,0.0,0.0,0.0,0.0,0.0
392642930473037902,1.1694915294647217,8.214546980468189,118.06003159557662,82.5320816040039,484.65826331865475
392642930477428701,0.0,0.0,0.0,0.0,0.0
392942930516888401,0.0,0.0,0.0,0.0,0.0
393042930517697601,3.1979167461395264,6.690559895833333,124.11829268292684,97.48821258544922,642.2937225155714
393042930542269002,0.0,0.0,0.0,0.0,0.0
393042930546631302,0.0,0.0,0.0,0.0,0.0
393142930544519301,0.0,0.0,0.0,0.0,0.0
393142930547471501,2.0,4.084972473122001,4.084902177925434,0.5001068711280823,4.084972473122001
393242929766133401,0.0,0.0,0.0,0.0,0.0
393242930467765502,0.0,0.0,0.0,0.0,0.0
393242930476399502,0.0,0.0,0.0,0.0,0.0
393342930527369802,0.0,0.0,0.0,0.0,0.0
393542930480018402,0.0,0.0,0.0,0.0,0.0
393742930520197501,0.0,0.0,0.0,0.0,0.0
393742930545799702,0.0,0.0,0.0,0.0,0.0
394042929514211502,0.0,0.0,0.0,0.0,0.0
394042930459453101,0.0,0.0,0.0,0.0,0.0
394442928121460502,0.0,0.0,0.0,0.0,0.0
394442930510586502,0.0,0.0,0.0,0.0,0.0
394542930458628602,0.0,0.0,0.0,0.0,0.0
394542930461458602,0.0,0.0,0.0,0.0,0.0
394842928269821601,0.0,0.0,0.0,0.0,0.0
394942930455046402,0.0,0.0,0.0,0.0,0.0
395242930457477202,4.5,14.966033418299789,225.67055084745763,56.208805084228516,688.4375398765176
395242930527336501,0.0,0.0,0.0,0.0,0.0
395442930465144201,0.0,0.0,0.0,0.0,0.0
395542930452254701,0.0,0.0,0.0,0.0,0.0
395642930474569001,0.0,0.0,0.0,0.0,0.0
395642930479548602,0.0,0.0,0.0,0.0,0.0
395942928191430301,0.0,0.0,0.0,0.0,0.0
396042929762471102,0.0,0.0,0.0,0.0,0.0
396042930508149701,0.0,0.0,0.0,0.0,0.0
396142929020966702,0.0,0.0,0.0,0.0,0.0
396142930508118401,3.863013744354248,6.994368362592111,74.23161392862303,72.51081085205078,510.5888885511275
396242930474193301,0.0,0.0,0.0,0.0,0.0
396242930530884601,3.117647171020508,12.203633229886863,102.73350094280327,18.927587509155273,207.46176901289235
396242930540908902,0.0,0.0,0.0,0.0,0.0
396442930549904601,0.0,0.0,0.0,0.0,0.0
396742930534244302,0.0,6.537117630963165,0.0,5.1203765869140625,98.05676260317006
396842928607154801,0.0,0.0,0.0,0.0,0.0
396842930527885301,0.0,0.0,0.0,0.0,0.0
396942930477809802,0.0,0.0,0.0,0.0,0.0
396942930516506501,1.051948070526123,17.03291588057213,71.61460161460161,80.5084457397461,1311.534523007576
396942930529685301,0.0,0.0,0.0,0.0,0.0
396942930546900402,0.09589041024446487,18.246944147903726,179.61739130434782,96.56832885742188,1332.0269399026906
397042930476226001,0.0,0.0,0.0,0.0,0.0
397242930538647501,0.0,0.0,0.0,0.0,0.0
397642930475479502,0.0,0.0,0.0,0.0,0.0
397842930476469701,0.0,0.0,0.0,0.0,0.0
397842930529378901,0.0,0.0,0.0,0.0,0.0
398342930477370602,0.0,0.0,0.0,0.0,0.0
398342930509659302,0.0,0.0,0.0,0.0,0.0
398542928779258801,0.0,0.0,0.0,0.0,0.0
398642930464486202,0.0,0.0,0.0,0.0,0.0
398742930474713601,3.3108108043670654,9.000178076641573,53.368046842325384,91.2796401977539,666.0131864910692
398742930527440801,0.0,0.0,0.0,0.0,0.0
398942928695745901,0.0,0.0,0.0,0.0,0.0
398942930516805102,3.014925479888916,16.36798060093349,152.3220536756126,97.7059555053711,1096.6546853776574
399042930516875102,0.0,0.0,0.0,0.0,0.0
399042930533094102,0.0,17.943795938560122,0.0,89.16545104980469,1076.6277231905894
399242930463225402,0.0,0.7751937984496124,0.0,0.06993135809898376,0.7751937984496124
399342929373145101,3.576923131942749,7.839415375402351,66.16034134291489,17.20762825012207,203.82480230530595
399642927979893401,0.0,0.0,0.0,0.0,0.0
399642930527611501,0.0,0.0,0.0,0.0,0.0
399742930528621802,0.0,0.0,0.0,0.0,0.0
399742930542355302,0.0,0.0,0.0,0.0,0.0
399842930477787802,0.0,0.0,0.0,0.0,0.0
399842930518555101,0.0,0.0,0.0,0.0,0.0
401442930456696401,2.438596487045288,10.419444476690193,81.62072808320951,50.885860443115234,593.9083185061303
401442930533792802,0.0,0.0,0.0,0.0,0.0
401542930528130801,0.0,0.0,0.0,0.0,0.0
401642930471936801,0.0,0.0,0.0,0.0,0.0
401742928921383502,0.0,0.0,0.0,0.0,0.0
401942930466958002,0.0,0.0,0.0,0.0,0.0
402142930516212601,0.6583333611488342,9.1144899199069,195.01095290251916,102.11146545410156,1093.7387766514264
402142930525329602,0.0,0.0,0.0,0.0,0.0
402242930220850201,0.0,0.0,0.0,0.0,0.0
402542930529279302,0.0,0.0,0.0,0.0,0.0
402642930511105501,0.0,0.0,0.0,0.0,0.0
402742930476771901,0.0,0.0,0.0,0.0,0.0
402742930528567501,0.0,0.0,0.0,0.0,0.0
402742930538104702,0.0,0.0,0.0,0.0,0.0
402842928726872901,0.686274528503418,8.047567990164914,78.58430873938896,32.90885925292969,410.42597913090316
402842930543174502,1.9428571462631226,9.681534052539169,34.417071853052406,43.20389175415039,338.85368657949357
403042930510952501,0.0,0.0,0.0,0.0,0.0
403242930464977002,0.0,0.0,0.0,0.0,0.0
403342930479456202,0.0,0.0,0.0,0.0,0.0
403442928135526702,0.0,0.0,0.0,0.0,0.0
403542930459240401,0.0,0.0,0.0,0.0,0.0
403642930457403402,0.0,0.0,0.0,0.0,0.0
403642930549127701,0.0,0.0,0.0,0.0,0.0
404042930534149001,3.75,30.83761880962402,167.3804713804714,11.454351425170898,493.4019042078226
404142930516623201,2.896103858947754,7.377297898860399,82.24980056980057,0.0,568.0519504123264
404142930543207202,3.207547187805176,5.325633687653312,71.09239574816026,39.2024040222168,282.25857648748115
404342928592736402,3.1363637447357178,6.970904987614329,87.21920731707317,60.37888717651367,460.07974193270616
404342929161928001,5.615384578704834,9.00985301624645,91.02379261363636,54.668968200683594,351.3842795677483
404342930530378302,0.0,0.0,0.0,0.0,0.0
404342930530450502,0.0,0.0,0.0,0.0,0.0
404542928009669402,0.0,0.0,0.0,0.0,0.0
404542930516805801,0.0,0.0,0.0,0.0,0.0
404742930534327401,0.0,0.0,0.0,0.0,0.0
404942928243018501,4.023529529571533,17.638821322559366,203.86596306068603,87.36260223388672,1499.299818782006
404942930462232801,5.75,28.161443300399643,122.44227353463587,24.02471923828125,225.29154380134324
405242929965425402,0.0,0.0,0.0,0.0,0.0
405242930075763902,0.0,0.0,0.0,0.0,0.0
405242930542378301,0.0,0.0,0.0,0.0,0.0
405342930516793902,0.0,0.0,0.0,0.0,0.0
405442930463122202,0.25233644247055054,5.173874064783305,28.738264437994196,88.37720489501953,553.6045063672846
405642929034787301,0.0,0.0,0.0,0.0,0.0
405642930454048701,0.0,0.0,0.0,0.0,0.0
405742930435843402,0.0,0.0,0.0,0.0,0.0
405742930547082702,0.0,0.0,0.0,0.0,0.0
405942930463724801,0.0,0.0,0.0,0.0,0.0
406042930527059902,0.0,0.0,0.0,0.0,0.0
406142930253488602,0.0,2.3616861062206573,0.0,0.9196015000343323,7.08505811234595
406142930465603601,0.0,0.0,0.0,0.0,0.0
406142930480624702,0.0,0.0,0.0,0.0,0.0
406142930519779901,0.0,0.0,0.0,0.0,0.0
406242930448090402,0.0,0.0,0.0,0.0,0.0
406242930457494901,0.0,0.0,0.0,0.0,0.0
406242930532467501,5.25,13.45750487695078,36.18247298919568,8.043360710144043,53.83001833545919
406542930547152702,0.0,0.0,0.0,0.0,0.0
406642930549402802,0.0,0.0,0.0,0.0,0.0
406742930453129401,0.0,0.0,0.0,0.0,0.0
406842930476564801,0.0,0.0,0.0,0.0,0.0
406842930550301202,0.0,0.0,0.0,0.0,0.0
407042930462689801,0.0,0.0,0.0,0.0,0.0
407042930516282502,0.0,0.0,0.0,0.0,0.0
407142930456439801,1.693333387374878,6.095929463704427,87.1279296875,54.328826904296875,457.1947209313512
407142930461291902,0.0,0.0,0.0,0.0,0.0
407242930448943101,0.0,0.0,0.0,0.0,0.0
407342930458624101,0.0,0.0,0.0,0.0,0.0
407342930463113101,0.0,0.0,0.0,0.0,0.0
407442929091989401,0.0,0.0,0.0,0.0,0.0
407442930545205401,0.0,0.0,0.0,0.0,0.0
407642930469038001,0.0,0.0,0.0,0.0,0.0
407742930465061701,0.0,0.0,0.0,0.0,0.0
407742930544345001,0.0,0.0,0.0,0.0,0.0
407942930473018401,0.0,0.0,0.0,0.0,0.0
408042930479169602,0.0,0.0,0.0,0.0,0.0
408242930522563502,0.0,0.0,0.0,0.0,0.0
408242930526666201,0.0,0.0,0.0,0.0,0.0
408342930477095702,0.0,0.0,0.0,0.0,0.0
408342930534809402,6.636363506317139,13.170814355873963,68.43153526970954,13.183492660522461,144.87896108033746
408842930457682702,0.0,0.0,0.0,0.0,0.0
408842930529595802,0.0,0.0,0.0,0.0,0.0
409142930517800302,0.0,0.0,0.0,0.0,0.0
409242930459718201,2.6890757083892822,11.403649890275595,415.08690707289674,92.2194595336914,1357.0344022305233
409242930471121901,0.0,0.0,0.0,0.0,0.0
409242930530387301,0.0,0.0,0.0,0.0,0.0
409242930538171502,0.0,0.0,0.0,0.0,0.0
409342930474059602,0.0,0.0,0.0,0.0,0.0
409342930526145602,0.0,0.0,0.0,0.0,0.0
409542930342586901,0.0,0.0,0.0,0.0,0.0
409542930472605301,0.0,0.0,0.0,0.0,0.0
409542930532421802,4.818181991577148,6.154073945063694,87.12101910828025,66.9858169555664,338.47407105269707
409642930479184301,0.0,0.0,0.0,0.0,0.0
409742930518180302,0.0,0.0,0.0,0.0,0.0
411142930479404701,1.4852941036224365,5.08898891102184,45.49893465909091,66.21576690673828,346.0512485991825
411342930458816501,0.0,0.0,0.0,0.0,0.0
411342930550028202,0.0,0.0,0.0,0.0,0.0
411442930515834401,0.0,0.0,0.0,0.0,0.0
411842928042083402,4.5,4.745008278677983,10.461316872427984,3.1829464435577393,18.980032562130273
411942928213938501,2.777777671813965,10.359539406289786,168.49007068327163,72.93878936767578,839.1226741838836
412042930449031401,3.3809523582458496,8.824791847293426,121.11158021712907,85.29598236083984,741.2825330566296
412142930453103101,0.0,0.0,0.0,0.0,0.0
412142930530157001,3.1111111640930176,6.185207500689085,39.85435501653804,5.795446395874023,55.66686898665759
412242930518214602,0.0,0.0,0.0,0.0,0.0
412342930289588601,0.0,0.0,0.0,0.0,0.0
412342930289643401,0.0,0.0,0.0,0.0,0.0
412342930532782902,0.0,0.0,0.0,0.0,0.0
412442930508733902,0.0,0.0,0.0,0.0,0.0
412542930544672702,0.0,0.0,0.0,0.0,0.0
412642930534747002,0.0,0.0,0.0,0.0,0.0
412742930460627101,0.0,0.0,0.0,0.0,0.0
412942930474369302,0.0,0.0,0.0,0.0,0.0
412942930474631602,0.0,0.0,0.0,0.0,0.0
413042930474117101,0.0,0.0,-0.13089005235602094,0.0,0.0
413042930548763702,3.151515245437622,6.180392197811377,74.13592014033915,62.19591522216797,611.8588336098534
413242930480593002,0.0,0.0,0.0,0.0,0.0
413342930468101401,0.0,0.0,0.0,0.0,0.0
413342930526388702,0.0,0.0,0.0,0.0,0.0
413942928707726702,1.8125,11.311654721843585,102.42852274663485,80.8925552368164,723.9459293214035
413942930457365502,0.0,0.0,0.0,0.0,0.0
414042930526910902,0.0,0.0,0.0,0.0,0.0
414042930531468302,0.0,0.0,0.0,0.0,0.0
414142930458203501,0.0,0.0,0.0,0.0,0.0
414342930507824901,0.0,0.31446540880503143,0.31446540880503143,0.05111846327781677,0.31446540880503143
414342930510733001,0.0,0.0,0.0,0.0,0.0
414442930548842301,4.0,3.5643132364083376,10.63681345868382,1.6896698474884033,10.692939524247114
414542930521761901,0.0,0.0,0.0,0.0,0.0
414642930550599801,0.0,0.0,0.0,0.0,0.0
414842930447360602,0.0,0.0,0.0,0.0,0.0
414942930465336301,0.0,0.0,0.0,0.0,0.0
415042930470615302,0.0,0.0,0.0,0.0,0.0
415142930516126502,0.0,0.0,0.0,0.0,0.0
415242930544952501,0.0,0.0,0.0,0.0,0.0
415342928086441102,0.0,10.153021375162549,0.0,80.08467102050781,893.4659160341181
415642930459931101,0.0,0.0,0.0,0.0,0.0
415642930475389902,1.919708013534546,4.880591353325884,91.9194550167613,63.56087875366211,668.6410234025778
415742930478104002,0.0,0.0,0.0,0.0,0.0
415942930466888101,0.0,0.0,0.0,0.0,0.0
416142930454167201,0.0,0.0,0.0,0.0,0.0
416242930455137601,4.5,11.4527822330298,22.905392620624408,2.3356611728668213,22.905563657646937
416442929626364102,3.8709676265716553,12.790181466138328,201.51008645533142,71.35325622558594,792.991221759917
416442930473063501,0.0,0.0,0.0,0.0,0.0
416842930450242402,2.41121506690979,5.9977764638629845,68.41989478718317,78.37938690185547,641.7620982362687
416842930518543801,0.0,0.0,0.0,0.0,0.0
416842930543259501,0.0,0.0,0.0,0.0,0.0
417042930452964302,0.0,0.0,0.0,0.0,0.0
417042930452976501,0.0,4.940489598515967,0.0,57.1634635925293,400.17964364639795
417042930524389801,0.0,0.0,0.0,0.0,0.0
417142930459672401,3.674698829650879,8.66597934805141,100.49220563847429,78.69876861572266,719.2763002866932
417342930449522002,2.0,2.095687813044425,2.980587356893977,0.5771112442016602,6.287063196086361
417542930525139002,0.0,0.0,0.0,0.0,0.0
418042930544336502,0.0,0.0,0.0,0.0,0.0
418342930508967902,0.0,0.0,0.0,0.0,0.0
418342930516375702,0.0,0.0,0.0,0.0,0.0
418442930528735301,0.0,0.0,0.0,0.0,0.0
418442930530225202,0.0,0.0,0.0,0.0,0.0
418642930452678002,0.0,0.0,0.0,0.0,0.0
418842930480448501,3.1186439990997314,5.101362956005735,43.11745964316058,0.0,300.9804097469722
419042930534507802,0.0,0.0,0.0,0.0,0.0
419142930510250002,0.0,0.0,0.0,0.0,0.0
419142930528931202,3.7564103603363037,7.531339433197603,154.4502151198525,68.02388000488281,587.4444714776563
419342930464253801,3.3333332538604736,5.449325640654309,6.932389937106918,1.8738813400268555,16.347976921962925
419342930464733702,0.0,0.0,0.0,0.0,0.0
419342930511050901,0.0,0.0,0.0,0.0,0.0
419442930446618101,0.0,0.0,0.0,0.0,0.0
419442930510332601,0.0,0.0,0.0,0.0,0.0
419542930460743402,0.0,14.933647033748825,0.0,16.827865600585938,253.87199681767405
419642928135481802,0.0,0.0,0.0,0.0,0.0
419742930510455002,2.6052632331848145,5.517210388841017,55.69582076691081,26.610885620117188,209.65399656853216
419742930526312002,3.277777671813965,7.227221516348693,143.04552222508983,72.91061401367188,650.4499342248679
419742930544479201,3.7752809524536133,9.238160760693592,116.939672801636,102.59971618652344,822.1963362149747
419942930519726001,0.0,0.0,0.0,0.0,0.0
419942930534902402,0.0,0.0,0.0,0.0,0.0
421142930524863402,0.0,0.0,0.0,0.0,0.0
421342930476293502,0.0,0.0,0.0,0.0,0.0
421542930478606501,0.0,0.0,0.0,0.0,0.0
421542930542662602,4.099999904632568,14.424049877183407,204.39126637554585,77.2673568725586,721.2025074821372
421742930472103102,2.6578948497772217,5.478301968232044,42.530386740331494,27.97590446472168,208.17547664523784
421742930478809101,0.0,0.0,0.0,0.0,0.0
421742930527837001,0.0,0.0,0.0,0.0,0.0
421742930545929201,0.0,0.0,-17.336914161781152,0.0,0.0
421842930464510002,0.0,0.0,0.0,0.0,0.0
421842930464512601,0.0,0.0,0.0,0.0,0.0
421842930530493601,0.0,0.0,0.0,0.0,0.0
421942930525619301,0.0,0.0,0.0,0.0,0.0
422042929012799102,5.4375,9.507095905172413,88.91172413793103,13.27316665649414,152.11353007349476
422242930462962702,0.0,0.0,0.0,0.0,0.0
422242930464839802,0.0,0.0,0.0,0.0,0.0
422242930519309302,1.9220778942108154,4.491658162641768,82.69407508799374,47.202857971191406,345.8576660245762
422342929348291702,3.7261905670166016,9.78499606723699,168.93014705882354,85.91389465332031,821.9396440545897
422342930528770702,0.0,0.0,0.0,0.0,0.0
422342930536281502,0.0,0.0,0.0,0.0,0.0
422442930532646302,0.0,0.0,0.0,0.0,0.0
422542929800558901,0.0,0.0,0.0,0.0,0.0
422642930533379302,0.0,0.0,0.0,0.0,0.0
422842930455013301,0.0,0.0,0.0,0.0,0.0
422942930517743102,0.0,0.0,0.0,0.0,0.0
423042930220628402,0.0,0.0,0.0,0.0,0.0
423142930472510701,0.0,0.0,0.0,0.0,0.0
423142930529658201,0.0,0.0,0.0,0.0,0.0
423342930462033501,0.0,0.0,0.0,0.0,0.0
423342930528595001,0.0,0.0,0.0,0.0,0.0
423342930541522601,0.0,0.0,0.0,0.0,0.0
423442930510727701,0.0,0.0,0.0,0.0,0.0
423742930476657202,0.0,0.0,0.0,0.0,0.0
423742930532899201,0.0,0.0,0.0,0.0,0.0
423842929307319302,0.0,0.0,0.0,0.0,0.0
423842930008236502,0.0,0.0,0.0,0.0,0.0
423842930456507002,166.5,22.865514380530975,41.94336283185841,3.2600839138031006,45.731027896847344
423842930461862401,0.0,0.0,0.0,0.0,0.0
423942930473588601,0.0,0.0,0.0,0.0,0.0
424042930527942301,0.0,0.0,0.0,0.0,0.0
424442930526962502,3.1571428775787354,18.392471976902176,188.84021739130435,117.26498413085938,1287.473052679974
424542930476618101,3.9264705181121826,9.396670757697853,160.72264399016032,64.10770416259766,638.9736007287895
424542930544796702,0.0,0.0,0.0,0.0,0.0
424842930455850101,0.2545454502105713,4.141363432278634,26.973444184357092,29.29545783996582,227.77499021372657
424842930525167202,0.0,0.0,0.0,0.0,0.0
424842930531682102,0.0,0.0,0.0,0.0,0.0
424942930478216002,0.0,0.0,0.0,0.0,0.0
424942930522432801,5.0,302.29189668769715,302.29179810725554,9.662890434265137,302.29189668769715
425042927982774902,2.805309772491455,6.427545626989056,64.78731661879996,125.34712219238281,726.3126885206037
425042930527812502,0.0,0.0,0.0,0.0,0.0
425142930476491301,0.0,0.0,0.0,0.0,0.0
425142930517641001,0.0,0.0,0.0,0.0,0.0
425142930532447901,0.0,0.0,0.0,0.0,0.0
425342930452771101,0.0,13.96512479431457,128.53109396277802,114.78541564941406,921.6982115616973
425342930473661602,0.0,0.0,0.0,0.0,0.0
425442930517412402,0.0,0.0,0.0,0.0,0.0
425442930547332502,0.0,0.0,0.0,0.0,0.0
425542930467542701,1.9047619104385376,4.598549424810247,30.63919761452968,78.21463775634766,386.27814478265395
425942930461917102,0.2666666805744171,9.408029497329263,28.240239094493194,85.9894027709961,705.6021799065451
425942930525262001,0.0,0.0,0.0,0.0,0.0
426242930508104501,0.0,0.0,0.0,0.0,0.0
426242930541919002,0.0,0.0,0.0,0.0,0.0
426442929249040201,0.0,0.0,0.0,0.0,0.0
426442930508858402,1.1176470518112183,4.241646470825074,13.500991080277503,11.897933006286621,72.10799328564889
426542928728354801,0.0,0.0,0.0,0.0,0.0
426542930525179902,2.1318681240081787,11.565595660808858,86.53863745787193,100.10908508300781,1052.4691956271674
426642930476601002,4.550000190734863,12.973673472881666,136.04163623082542,23.893239974975586,259.4734557035459
426742930534010201,0.0,0.0,0.0,0.0,0.0
426842928030317302,0.0,0.0,0.0,0.0,0.0
426842930531351102,0.2857142984867096,12.92676955809708,18.986254295532646,58.69818878173828,633.4117118271765
426942930534675001,0.0,0.0,0.0,0.0,0.0
427042929467119401,0.0,0.0,0.0,0.0,0.0
427042930472219801,3.700000047683716,8.284954572754511,37.73089606751534,28.43360710144043,248.54863953846558
427142929346284802,0.0,0.0,0.0,0.0,0.0
427142929816392201,5.909090995788574,9.216609993255396,72.03705035971223,19.144384384155273,202.76541326783544
427142930455661602,0.0,0.0,0.0,0.0,0.0
427142930519082401,0.0,0.0,0.0,0.0,0.0
427242930508481601,0.0,0.0,0.0,0.0,0.0
427242930549574301,0.449438214302063,5.557266301802857,7.425942402247717,68.26559448242188,494.5967153168261
427342930454849801,0.0,0.0,0.0,0.0,0.0
427442930475405802,0.0,0.0,0.0,0.0,0.0
427542930524283402,0.0,0.0,0.0,0.0,0.0
427642930450569802,0.0,0.0,0.0,0.0,0.0
427642930532071401,2.1046512126922607,6.771425364921224,165.96876737720112,23.571435928344727,582.3426108486681
427642930546508501,0.0,0.0,0.0,0.0,0.0
427842930511054402,0.0,0.0,0.0,0.0,0.0
427942928225066301,0.0,0.0,0.0,0.0,0.0
428042930534754302,0.0,0.0,0.0,0.0,0.0
428342930530081502,0.0,0.0,0.0,0.0,0.0
428442930475850102,0.0,0.0,0.0,0.0,0.0
428442930533635001,0.0,0.0,0.0,0.0,0.0
428542930545389202,0.0,0.0,0.0,0.0,0.0
428742930455226301,0.0,0.0,0.0,0.0,0.0
428842930515464502,2.675213575363159,7.607487776493377,152.4443889027743,77.971923828125,890.076092917959
428942930452187902,2.25,63.61825706845238,237.80059523809524,39.658897399902344,254.47302420479912
429042930524070901,0.0,0.0,0.0,0.0,0.0
429142930549347602,0.0,0.0,0.0,0.0,0.0
429342928269818402,0.0,0.0,0.0,0.0,0.0
429342929417543301,0.0,0.0,0.0,0.0,0.0
429342930530952502,0.0,7.264388542157325,0.0,17.46201515197754,159.81655129115086
429442930526423701,0.0,0.0,0.0,0.0,0.0
429542930463343201,0.0,0.0,0.0,0.0,0.0
429542930534678901,0.0,0.0,0.0,0.0,0.0
429742930480276102,0.0,0.0,0.0,0.0,0.0
429842929411157202,0.0,0.0,0.0,0.0,0.0
431142928242857102,0.0,0.0,0.0,0.0,0.0
431142930528814302,0.0,0.0,0.0,0.0,0.0
431342928188537602,0.43478259444236755,14.610564908215194,143.10723373318794,25.146726608276367,336.04298229210593
431342930436036701,21.0,3.465003465003465,1.386001386001386,0.2953417897224426,3.465003465003465
431442930460324301,0.0,0.0,0.0,0.0,0.0
431642930546311502,0.0,0.0,0.0,0.0,0.0
431742930460715902,0.0,0.0,0.0,0.0,0.0
431742930528369702,7.588235378265381,15.908711107231532,213.69739292364991,55.526649475097656,540.8961721546971
431842930517103301,0.0,0.0,0.0,0.0,0.0
431942930461501701,1.3404254913330078,12.849847598221267,110.98514464425332,84.96675109863281,1207.8856419346312
432042930475664902,0.0,0.0,0.0,0.0,0.0
432242930450432502,5.479166507720947,10.942550678324968,102.50627352572145,59.44496154785156,525.2424384228408
432342930529109301,0.0,0.0,0.0,0.0,0.0
432442929687010202,0.0,0.0,0.0,0.0,0.0
432642930529775401,0.0,0.0,0.0,0.0,0.0
432642930544091501,3.344085931777954,8.314273740597782,79.5595803642122,102.15325164794922,773.2274919858737
432742930464778202,0.0,0.0,0.0,0.0,0.0
432942928887199501,0.0,0.0,0.0,0.0,0.0
433042930454629101,0.0,0.0,0.0,0.0,0.0
433042930523638701,0.0,0.0,0.0,0.0,0.0
433242930479913101,0.0,0.0,0.0,0.0,0.0
433242930517302902,0.0,0.0,0.0,0.0,0.0
433242930526829102,0.0,0.0,0.0,0.0,0.0
433542930468923802,0.0,0.0,0.0,0.0,0.0
433542930546801001,0.0,0.0,0.0,0.0,0.0
433642930456624001,0.0,0.0,0.0,0.0,0.0
433742930524402901,4.5714287757873535,12.691887102351314,70.53526970954357,19.12228012084961,177.68641484525688
434242930550216202,0.0,0.0,0.0,0.0,0.0
434342928577579702,0.0,0.0,0.0,0.0,0.0
434442930476749802,3.5921051502227783,18.97333984375,134.706,0.0,1441.9737628440857
434542929543902501,0.0,0.0,0.0,0.0,0.0
434542930478188502,0.0,235.63433827644096,153.0170677112479,19.136329650878906,235.63433827644096
434542930516168402,0.0,0.0,0.0,0.0,0.0
434542930534207102,0.0,0.0,0.0,0.0,0.0
434642930525286701,0.0,0.0,0.0,0.0,0.0
434642930537432001,3.41304349899292,8.43450493246822,162.55338983050848,33.98212814331055,387.98723687640694
435142930542793802,0.0,0.0,0.0,0.0,0.0
435242930531846502,5.875,4.103711584288016,13.670008055132909,6.897895812988281,32.82969164184691
435242930532869402,0.0,0.0,0.0,0.0,0.0
435342929013116401,0.0,0.0,0.0,0.0,0.0
435442930460426002,3.5,8.553184133074458,20.607001972386588,3.4582605361938477,34.21273605075814
435442930518610701,2.42391300201416,20.440312865070094,533.7364485981309,167.01263427734375,1880.5087762395913
435742930543774002,0.0,0.0,0.0,0.0,0.0
435842930478161502,0.0,0.0,0.0,0.0,0.0
435842930510965401,0.0,0.0,0.0,0.0,0.0
435942930527914001,0.0,0.0,0.0,0.0,0.0
436242930547456902,0.0,0.0,0.0,0.0,0.0
436342928726782501,0.0,0.0,0.0,0.0,0.0
436442930475111001,0.0,0.0,0.0,0.0,0.0
436542930542212901,0.0,0.0,0.0,0.0,0.0
436642930516141202,7.0,79.03610847778981,79.03611412062116,3.1160097122192383,79.03610847778981
436842930473132001,0.0,0.0,0.0,0.0,0.0
436942930531863101,0.0,0.0,0.0,0.0,0.0
437142930549638801,0.0,0.0,0.0,0.0,0.0
437442930458940101,0.0,1.7456593914083671,0.0,0.5605813264846802,3.4913187828167342
437642929456777302,0.0,0.0,0.0,0.0,0.0
437642929703857301,5.4285712242126465,18.833967742548662,286.712895377129,108.43412017822266,922.8644060195218
437642930541280602,0.0,0.0,0.0,0.0,0.0
437642930542057902,0.0,0.0,0.0,0.0,0.0
437842930531739502,0.0,0.0,0.0,0.0,0.0
438042930524689201,4.2727274894714355,7.24718400030177,36.99141630901288,34.99732208251953,239.15707971302737
438242930467080401,1.8089888095855713,6.265065752569485,39.96540243196294,80.94854736328125,557.5908743566216
438242930510427602,0.0,10.3323178398154,0.0,1.955710530281067,10.3323178398154
438442930516910302,333.0,0.15695067264573992,0.15695067264573992,0.0325644426047802,0.15695067264573992
438542928614385802,0.0,0.0,0.0,0.0,0.0
438542930008180002,0.0,0.0,0.0,0.0,0.0
438542930528147302,0.0,0.0,0.0,0.0,0.0
438742930529846001,0.0,0.0,0.0,0.0,0.0
439242930508921102,0.0,0.0,0.0,0.0,0.0
439442930530243202,0.0,0.0,0.0,0.0,0.0
439642930518496702,0.0,0.0,0.0,0.0,0.0
439742929704304201,4.491228103637695,15.211204546267162,271.10011441647595,87.6946792602539,867.0386718121491
439742930468869302,0.0,0.0,0.0,0.0,0.0
439742930534365702,0.0,0.0,0.0,0.0,0.0
439942928197140001,0.0,0.0,0.0,0.0,0.0
439942929575556101,2.1785714626312256,10.500153890347997,100.08667104399213,49.94290542602539,588.0086052853734
441242928932386902,0.0,0.0,0.0,0.0,0.0
441242930516479301,0.0,0.0,0.0,0.0,0.0
441342930455691402,3.4000000953674316,6.798158527585505,15.861020629750271,3.596367597579956,33.99079216626775
441342930538665302,0.0,0.0,0.0,0.0,0.0
441442930546173402,0.0,0.0,0.0,0.0,0.0
441542930528341302,0.0,0.0,0.0,0.0,0.0
441642930543933102,0.0,0.0,0.0,0.0,0.0
441742930543287101,0.0,0.0,0.0,0.0,0.0
441842930450618302,0.5652173757553101,10.099237273814476,39.818635607321134,44.676727294921875,464.5649011456431
441842930519782902,0.0,0.0,0.0,0.0,0.0
442042930522229201,0.0,0.0,0.0,0.0,0.0
442142930450340102,0.0,0.0,0.0,0.0,0.0
442242928232687101,0.0,0.0,0.0,0.0,0.0
442242930456507901,0.0,0.0,0.0,0.0,0.0
442342928210699901,0.0,0.0,0.0,0.0,0.0
442442930537131802,0.0,0.0,0.0,0.0,0.0
442542930464754601,0.0,0.0,0.0,0.0,0.0
442642930472517502,3.9166667461395264,3.4298311817906226,9.586418755052547,6.611536502838135,41.157972720985754
442642930516534602,0.0,0.0,0.0,0.0,0.0
442742930521986601,3.7173912525177,6.562739768378105,157.95284517619874,69.79998016357422,603.7720341993714
442742930541026901,2.4848484992980957,4.601818775447492,63.09607948580062,16.26233673095703,151.86001408345868
442842930460244201,0.0,0.0,0.0,0.0,0.0
443042929544004001,0.0,0.0,0.0,0.0,0.0
443042930544171201,0.0,0.0,0.0,0.0,0.0
443142930530546101,2.732142925262451,9.405446284705008,196.12031069244753,78.73778533935547,1053.4099739098663
443142930531245401,3.340909004211426,8.254748344656132,103.15876532269975,97.39691162109375,726.4178582238745
443242928932549701,0.0,0.0,0.0,0.0,0.0
443642928242815302,0.0,0.0,0.0,0.0,0.0
443642930533744301,0.0,0.0,0.0,0.0,0.0
443742930527623402,0.0,0.0,0.0,0.0,0.0
443942930454346501,0.0,0.0,0.0,0.0,0.0
443942930515762202,7.545454502105713,5.751942569849763,30.56506701253783,9.721510887145996,63.27137022105018
444042930540957902,0.0,0.0,0.0,0.0,0.0
444042930547155601,0.0,0.0,0.0,0.0,0.0
444142930531489501,0.0,0.0,0.0,0.0,0.0
444342929025526601,0.0,0.0,0.0,0.0,0.0
444342930453038602,0.0,0.0,0.0,0.0,0.0
444442930521385601,0.0,0.0,0.0,0.0,0.0
444642930473703801,0.0,0.0,0.0,0.0,0.0
444642930527844202,2.934579372406006,6.144359798287314,185.91039333159677,84.48405456542969,657.4465084453328
444642930534681902,0.0,0.0,0.0,0.0,0.0
445042930530644301,0.0,0.0,0.0,0.0,0.0
445042930538085702,0.0,0.0,0.0,0.0,0.0
445242928258168502,0.0,0.0,0.0,0.0,0.0
445442930509399801,1.9882352352142334,5.4368608150524285,40.655077262693155,74.48182678222656,462.1331770632353
445442930533671402,0.0,0.0,0.0,0.0,0.0
445542930184431601,0.0,0.0,0.0,0.0,0.0
445542930521743101,1.3090908527374268,11.07996577710177,70.12389380530973,97.02572631835938,609.3980976637368
445642930526329602,0.0,0.0,0.0,0.0,0.0
445742929118695701,1.615384578704834,8.088370785882141,116.83152566883587,75.54830169677734,736.0417533593168
445742930525116902,3.6744186878204346,11.734163090383156,256.53641881638845,107.9653549194336,1009.1380511212964
446042930461902202,0.0,59.116061197916665,239.56333333333333,31.131574630737305,295.58029703776043
446042930480613802,0.0,0.0,0.0,0.0,0.0
446342930516040102,0.0,0.0,0.0,0.0,0.0
446542930079741302,0.0,0.0,0.0,0.0,0.0
446542930454596401,1.0,3.8240001331676137,3.824242424242424,0.08659981936216354,3.8240001331676137
446642930527472202,0.0,0.0,0.0,0.0,0.0
446942930447130201,0.0,0.0,0.0,0.0,0.0
447042928757899402,0.0,0.0,0.0,0.0,0.0
447142930477449802,0.0,0.0,0.0,0.0,0.0
447142930543077802,0.0,0.0,0.0,0.0,0.0
447242930464320602,3.076923131942749,3.706719882246377,41.84590792838875,9.415812492370605,48.18735971149988
447242930465702601,0.0,0.0,0.0,0.0,0.0
447342930520081202,0.0,0.0,0.0,0.0,0.0
447342930545466902,0.0,0.0,0.0,0.0,0.0
447442930459006701,0.0,0.0,0.0,0.0,0.0
447742930527213302,0.0,0.0,0.0,0.0,0.0
447842929222943602,0.0,0.0,0.0,0.0,0.0
447842930509520701,0.0,0.0,0.0,0.0,0.0
447942930459258802,0.0,0.0,0.0,0.0,0.0
448042928636802302,5.035714149475098,13.494356423434319,87.9527749490835,57.2861328125,377.84198271524156
448242930159026302,3.9682538509368896,14.130662287136115,163.41629271660335,54.81208419799805,890.2316815112156
448442930533817702,1.1566264629364014,9.162152027411283,34.92720655141037,76.71514892578125,760.458608665284
448642930531059601,3.0550458431243896,4.806513500286478,178.5818181818182,64.63885498046875,523.9099744664156
448642930537036702,0.0,0.0,0.0,0.0,0.0
448742930530409801,0.0,0.0,0.0,0.0,0.0
448742930542480601,6.666666507720947,9.653164330192409,7.051133368476542,3.8777177333831787,28.959493376672047
448942929424332001,0.0,0.0,0.0,0.0,0.0
448942930460387202,3.903846263885498,61.39709635416666,313.4888888888889,133.7390899658203,3192.6490519629583
449042930480604502,0.0,0.0,0.0,0.0,0.0
449142930220905101,0.5797101259231567,7.53602578779882,16.419745420676808,78.16874694824219,519.9857968108619
449342930472986802,3.133333444595337,6.2179456803671185,93.14185953711093,16.301301956176758,186.53836476051228
449542930529138102,4.446808338165283,8.838884418531025,102.7007809202195,38.633201599121094,415.42757756437317
449542930541325102,4.045454502105713,4.3800763820362105,30.353097648875924,17.404706954956055,96.36167699140526
449842930012267802,0.0,0.0,0.0,0.0,0.0
449942928143339102,0.0,0.0,0.0,0.0,0.0
451342928303933502,7.0,9.7968652829602,9.797125483692648,0.6316058039665222,9.7968652829602
451342929091219502,0.0,0.0,0.0,0.0,0.0
451342929118629102,2.551020383834839,5.3853096139157,83.80445802374835,45.59250259399414,527.7603289803716
451542930462958501,0.0,0.0,0.0,0.0,0.0
451642930515849801,0.0,0.0,0.0,0.0,0.0
451642930516655801,7.266666889190674,10.449099230410448,94.71940298507462,20.602413177490234,156.73648612748332
451742930546667901,3.700000047683716,8.660103827282601,259.87409820805215,91.6114273071289,779.4093395325185
451842930530890901,0.0,0.0,0.0,0.0,0.0
451842930539712002,0.0,0.0,0.0,0.0,0.0
452042928113086902,0.0,0.0,0.0,0.0,0.0
452042929606028501,0.0,0.0,0.0,0.0,0.0
452042930474775901,0.0,0.0,0.0,0.0,0.0
452042930529364501,4.486486434936523,7.671092426635536,135.24438035068442,72.92559051513672,567.6608396730203
452142930534008702,0.0,0.0,0.0,0.0,0.0
452142930540910401,0.0,0.0,0.0,0.0,0.0
452242930543963002,0.0,0.0,0.0,0.0,0.0
452342930452739702,0.0,0.0,0.0,0.0,0.0
452342930540695301,0.0,0.0,0.0,0.0,0.0
452442930519503202,0.0,0.0,0.0,0.0,0.0
452542929012692802,0.0,0.0,0.0,0.0,0.0
452842930477818401,3.555555582046509,15.840448160583104,297.92929292929296,81.4590072631836,997.9482399386151
453142929766029601,0.0,0.0,0.0,0.0,0.0
453142930458014602,0.0,0.0,0.0,0.0,0.0
453142930460223101,0.0,0.0,0.0,0.0,0.0
453142930509752902,0.0,0.0,0.0,0.0,0.0
453242930549785802,0.569767415523529,7.743282545627674,26.437453805857825,62.164268493652344,665.9222835636901
453342930528236201,0.0,0.0,0.0,0.0,0.0
453442930510558902,0.0,0.0,0.0,0.0,0.0
453542930451520802,0.0,0.0,0.0,0.0,0.0
453642930536070902,0.0,0.0,0.0,0.0,0.0
453642930550812901,0.0,0.0,0.0,0.0,0.0
453742930460363401,0.0,0.0,0.0,0.0,0.0
453942928878217602,0.0,0.0,0.0,0.0,0.0
454242930477045102,0.0,0.0,0.0,0.0,0.0
454342930542587602,3.0,4.051844592448035,4.051828991558501,0.49734315276145935,4.051844592448035
454442930458915501,3.17391300201416,8.559449181993157,118.65098374679214,88.30413818359375,590.6019793451427
454442930539269601,0.0,0.0,0.0,0.0,0.0
454842930525563501,1.4356435537338257,6.104410194093111,51.02623789020452,100.60552978515625,616.5454166665337
454942930543521201,0.0,0.0,0.0,0.0,0.0
455042930478737701,3.700000047683716,11.88893918715612,37.90440165061898,6.508757591247559,118.88939596435883
455042930544365902,0.0,0.0,0.0,0.0,0.0
455142930449806501,1.559999942779541,7.423456357758621,42.60524137931034,71.16305541992188,556.7592069596916
455142930473987601,0.0,0.0,0.0,0.0,0.0
455142930475151802,0.0,0.0,0.0,0.0,0.0
455142930517384102,0.0,0.0,0.0,0.0,0.0
455242930508988402,0.0,0.0,0.0,0.0,0.0
455242930525565202,0.0,0.0,0.0,0.0,0.0
455542930543803602,0.0,0.0,0.0,0.0,0.0
455642930534616002,0.0,0.0,0.0,0.0,0.0
455742930464265902,0.0,0.0,0.0,0.0,0.0
455842928153642502,0.0,0.0,0.0,0.0,0.0
455842929927453401,0.0,0.0,0.0,0.0,0.0
455942930543789701,0.0,0.0,0.0,0.0,0.0
456042930456447502,0.0,0.0,0.0,0.0,0.0
456242929514231701,0.0,0.0,0.0,0.0,0.0
456342930536247302,0.0,0.0,0.0,0.0,0.0
456342930544849801,0.0,0.0,0.0,0.0,0.0
456442930460584501,4.175000190734863,11.353565772804053,247.17432432432432,71.74215698242188,908.2852634790781
456542930453086802,0.0,0.0,0.0,0.0,0.0
456542930535531102,0.0,0.0,0.0,0.0,0.0
456742929213571201,0.4025973975658417,5.403394341679951,7.309688274884874,73.99325561523438,416.0613706942108
456842930461438101,153.5,0.05837030119075414,0.11674060238150828,0.01230363268405199,0.11674059881886784
456842930477211101,0.0,0.0,0.0,0.0,0.0
457142930456083901,0.0,0.0,0.0,0.0,0.0
457142930456139802,4.75,9.50278124710889,51.84549912110278,9.517258644104004,114.03337514317766
457142930525741002,0.0,0.0,0.0,0.0,0.0
457242930460414301,0.0,0.0,0.0,0.0,0.0
457542930525267002,0.0,0.0,0.0,0.0,0.0
457742930540380202,0.0,0.0,0.0,0.0,0.0
457842930454640301,0.0,0.0,0.0,0.0,0.0
457842930539063701,1.9206348657608032,15.53088658456584,108.13740458015268,91.0309829711914,978.4458473656923
457942930459386202,0.0,0.0,0.0,0.0,0.0
457942930474542201,0.0,0.0,0.0,0.0,0.0
457942930531665701,0.0,0.0,0.0,0.0,0.0
458042930542087302,1.2643678188323975,20.402199279871976,201.03129445234708,106.8673324584961,1774.9913718147604
458142930478821701,0.0,0.0,0.0,0.0,0.0
458242930524238502,0.0,0.0,0.0,0.0,0.0
458342930515579901,0.0,0.0,0.0,0.0,0.0
458442930457513502,0.0,0.0,0.0,0.0,0.0
458542930454771202,0.0,0.0,0.0,0.0,0.0
458842929605961902,0.0,0.0,0.0,0.0,0.0
458842930456663701,0.0,0.0,0.0,0.0,0.0
459042930546001801,0.0,0.0,0.0,0.0,0.0
459142930463034701,0.0,0.0,0.0,0.0,0.0
459242930454477302,0.0,0.0,0.0,0.0,0.0
459242930516648702,2.3483145236968994,6.834531797589538,94.75553466108214,62.765892028808594,608.2733258624487
459442930468001301,0.0,0.0,0.0,0.0,0.0
459542930463913602,0.0,0.0,0.0,0.0,0.0
459742930530104301,0.0,0.0,0.0,0.0,0.0
459742930534620601,0.0,0.0,0.0,0.0,0.0
459842930469084801,12.0,23.632680621201892,23.632680621201892,3.5027167797088623,23.632680621201892
459842930475160701,4.066666603088379,66.1981230945122,433.0975609756098,22.064950942993164,992.9718415795303
459842930477617001,0.0,0.0,0.0,0.0,0.0
459842930509910101,0.0,0.0,0.0,0.0,0.0
459842930526608101,0.0,0.0,0.0,0.0,0.0
461142930540984802,0.0,0.0,0.0,0.0,0.0
461242930531454902,0.0,0.0,0.0,0.0,0.0
461242930532147401,0.0,0.0,0.0,0.0,0.0
461442928235811802,0.0,0.0,0.0,0.0,0.0
461742930456999102,0.0,0.0,0.0,0.0,0.0
461742930519807502,0.0,0.0,0.0,0.0,0.0
461742930549960301,4.035714149475098,14.841554679718625,237.5438247011952,51.56515121459961,831.1270561180266
461842929550832801,0.0,0.0,0.0,0.0,0.0
461842930455301401,0.0,0.0,0.0,0.0,0.0
462042930475984002,0.0,0.0,0.0,0.0,0.0
462342927979813301,0.0,0.0,0.0,0.0,0.0
462342928855343602,0.0,0.0,0.0,0.0,0.0
462442930516228901,4.8947367668151855,7.086137275006642,46.75982996811902,12.298437118530273,134.63660877645333
462542930518806401,3.0843372344970703,8.139228483298224,132.3665362624135,86.35213470458984,675.5559807704796
462742930459340401,0.0,0.0,0.0,0.0,0.0
462742930542168801,0.0,0.0,0.0,0.0,0.0
462842930525650701,0.0,0.0,0.0,0.0,0.0
463042930545892301,0.0,0.0,0.0,0.0,0.0
463242930452818801,0.0,0.0,0.0,0.0,0.0
463242930517357101,0.0,16.28251532141773,107.12750455373406,44.0273323059082,358.21533570002987
463242930541785001,0.0,0.0,0.0,0.0,0.0
463342928232635702,0.0,0.0,0.0,0.0,0.0
463342930449213002,0.0,0.0,0.0,0.0,0.0
463342930478795301,0.0,0.0,0.0,0.0,0.0
463342930545461902,0.0,0.0,0.0,0.0,0.0
463442930549415502,0.0,0.0,0.0,0.0,0.0
463542928021859501,0.0,0.0,0.0,0.0,0.0
463542928932642301,0.0,0.0,0.0,0.0,0.0
463542930142380002,0.0,0.0,0.0,0.0,0.0
463542930468513501,0.0,0.0,0.0,0.0,0.0
463542930515915102,0.0,0.0,0.0,0.0,0.0
463742930457863702,4.513513565063477,16.03215626113685,279.8702779757662,51.55546188354492,593.1897990538746
463842928091046702,3.65625,3.7781599307963836,33.960862026257125,19.468708038330078,120.90111407378478
463942928119476901,0.0,0.0,0.0,0.0,0.0
463942929331512802,0.6290322542190552,6.994260051274679,14.438949587885759,78.02586364746094,433.6441328777352
463942930540578001,0.0,0.0,0.0,0.0,0.0
464242930478339501,0.0,0.0,0.0,0.0,0.0
464442930451305101,2.9417476654052734,4.342449768337997,75.7130143584568,57.952457427978516,447.2723374542848
464742928878383001,0.0,0.0,0.0,0.0,0.0
464842928168330801,3.365591287612915,7.640304839790972,148.22834943445525,56.167205810546875,710.5483657501045
464942930458282102,0.44999998807907104,14.131773589976845,9.596758187231227,21.429357528686523,282.6354624836247
465042930548323001,0.0,0.0,0.0,0.0,0.0
465142930459723502,0.0,0.0,0.0,0.0,0.0
465242930476132702,0.0,0.0,0.0,0.0,0.0
465342930534731001,1.2284482717514038,4.836172425452944,241.93381982888778,126.02894592285156,1121.9919927310991
465442930525456901,3.857142925262451,15.767987809670522,148.69919517102616,60.3004264831543,551.8795606356032
465442930545557502,0.0,0.0,0.0,0.0,0.0
465742930536585001,0.0,0.0,0.0,0.0,0.0
465842930460001301,0.0,0.0,0.0,0.0,0.0
465842930528454901,0.0,0.0,0.0,0.0,0.0
466042928166732401,0.0,0.0,0.0,0.0,0.0
466142930526490301,0.0,0.0,0.0,0.0,0.0
466242930455505001,3.9285714626312256,6.2917454484983235,43.454803907275114,8.113415718078613,88.08443446367227
466242930525743701,0.0,0.0,0.0,0.0,0.0
466342930457832802,0.0,0.0,0.0,0.0,0.0
466342930461729302,5.791666507720947,72.96477840381041,664.8996282527881,86.26013946533203,1751.1547604245325
466542930519226202,2.5316455364227295,14.728496789224778,90.33827893175074,108.44596862792969,1163.5512495942921
466642930524025601,0.0,0.0,0.0,0.0,0.0
466642930525797101,0.0,0.0,0.0,0.0,0.0
466842930545666201,0.0,0.0,0.0,0.0,0.0
466942930458474701,0.0,0.0,0.0,0.0,0.0
467042930458964601,0.0,0.0,0.0,0.0,0.0
467042930546302601,4.164556980133057,10.011585784812704,164.3244299674267,87.35089111328125,790.9152785366443
467142928570715002,0.0,0.0,0.0,0.0,0.0
467142930529166402,0.0,0.0,0.0,0.0,0.0
467142930541650701,0.0,0.0,0.0,0.0,0.0
467142930542033202,0.0,0.0,0.0,0.0,0.0
467142930549650102,0.0,0.0,0.0,0.0,0.0
467542930544167502,0.0,0.0,0.0,0.0,0.0
467642930475072302,0.0,0.0,0.0,0.0,0.0
468042930449809502,0.0,0.0,0.0,0.0,0.0
468042930473361702,0.5566037893295288,6.425553317173305,23.464477055672024,125.50194549560547,681.1086440425138
468042930474736401,0.0,0.0,0.0,0.0,0.0
468042930518820101,0.0,0.0,0.0,0.0,0.0
468042930529448601,0.0,0.0,0.0,0.0,0.0
468242930509685501,0.0,0.0,0.0,0.0,0.0
468342930448583102,0.0,0.0,0.0,0.0,0.0
468442930460274501,0.0,0.0,0.0,0.0,0.0
468442930474428202,0.0,0.0,0.0,0.0,0.0
468642928800830101,1.0,6.942576406708211,13.885337243401759,1.6553783416748047,13.885152813416422
468742929127193901,0.0,0.0,0.0,0.0,0.0
468942930461994101,0.0,0.0,0.0,0.0,0.0
468942930529548902,6.0,9.523968408978174,19.047619047619047,1.3666986227035522,19.047936817956348
469142930479823702,0.0,0.0,0.0,0.0,0.0
469142930532768202,0.0,0.0,0.0,0.0,0.0
469242930456536202,0.0,0.0,0.0,0.0,0.0
469242930464238102,0.0,0.0,0.0,0.0,0.0
469342930460128602,0.0,0.0,0.0,0.0,0.0
469442930476395602,0.0,0.0,0.0,0.0,0.0
469442930477083301,0.0,0.0,0.0,0.0,0.0
469542930534434102,0.0,0.0,0.0,0.0,0.0
469542930541619202,14.88888931274414,18.72707437848513,337.08550185873605,17.121395111083984,337.0873259363564
469642930530191302,0.0,0.0,0.0,0.0,0.0
469742930465097501,0.0,0.0,0.0,0.0,0.0
469742930471751402,0.0,0.0,0.0,0.0,0.0
469742930524778402,0.0,0.0,0.0,0.0,0.0
469842930547519201,0.0,0.0,0.0,0.0,0.0
471142930475783801,0.0,0.0,0.0,0.0,0.0
471142930508056702,0.0,0.0,0.0,0.0,0.0
471242928890508701,0.4399999976158142,9.248377852815233,11.48432944606414,19.875207901000977,231.20944067027756
471242930517623201,0.0,0.0,0.0,0.0,0.0
471442930519177702,0.0,0.0,0.0,0.0,0.0
471442930532511302,0.0,0.0,0.0,0.0,0.0
471642929346172602,0.0,0.0,0.0,0.0,0.0
471642930518281602,5.714285850524902,9.405113891382406,43.37881508078995,4.734395980834961,65.83579811630386
471642930530253501,0.0,0.0,0.0,0.0,0.0
471742930459609601,0.0,0.0,0.0,0.0,0.0
471942930509142702,0.0,0.0,0.0,0.0,0.0
471942930548031302,0.0,0.0,0.0,0.0,0.0
472042930464677601,0.0,0.0,0.0,0.0,0.0
472142930468182101,0.0,0.0,0.0,0.0,0.0
472142930475906602,0.0,0.0,0.0,0.0,0.0
472142930518773901,0.0,0.0,0.0,0.0,0.0
472142930532073701,0.0,0.0,0.0,0.0,0.0
472242930480688601,0.0,0.0,0.0,0.0,0.0
472442929189265702,0.0,0.0,0.0,0.0,0.0
472442930516125302,0.0,0.0,0.0,0.0,0.0
472442930526224901,3.066666603088379,7.424958552051611,68.1780734092002,0.0,222.74875241362298
472442930533753802,0.0,0.0,0.0,0.0,0.0
472542930523904701,0.0,0.0,0.0,0.0,0.0
472542930528826501,0.0,0.0,0.0,0.0,0.0
472742930528923302,0.0,0.0,0.0,0.0,0.0
472842930524195801,0.0,0.0,0.0,0.0,0.0
472842930529543301,0.0,0.0,0.0,0.0,0.0
472842930533150401,0.0,0.0,0.0,0.0,0.0
472942930480232901,0.0,0.0,0.0,0.0,0.0
472942930525044502,2.9473683834075928,3.353787559950586,44.82433872686755,10.366247177124023,63.72196623590863
473042930452072501,0.0,0.0,0.0,0.0,0.0
473142930458053402,0.0,0.0,0.0,0.0,0.0
473142930532079502,0.0,3.8460416762302607,0.0,5.795344829559326,46.15250044351168
473642929189480701,0.0,0.0,0.0,0.0,0.0
473742930453944302,0.0,0.0,0.0,0.0,0.0
473742930525907602,0.0,0.0,0.0,0.0,0.0
474042930462750101,0.0,0.0,0.0,0.0,0.0
474142930476260601,0.0,0.0,0.0,0.0,0.0
474142930545496402,0.0,0.0,0.0,0.0,0.0
474242928759826901,0.0,0.0,0.0,0.0,0.0
474342927929265602,0.0,0.0,0.0,0.0,0.0
474442930463813901,4.583333492279053,9.563135159329194,150.58512584043896,73.65174865722656,688.5457237296914
474742928592599302,0.0,0.0,0.0,0.0,0.0
474742930523946102,0.0,0.0,0.0,0.0,0.0
474742930545769002,0.0,0.0,0.0,0.0,0.0
474942930448140102,0.0,0.0,0.0,0.0,0.0
474942930480281202,2.71875,11.248780353760823,128.28932178932178,25.437501907348633,359.96098225250904
474942930522669201,0.0,0.0,0.0,0.0,0.0
475042930549926102,3.361445665359497,3.630010763064133,73.7790973871734,48.498443603515625,301.2908992203737
475142930465272501,0.0,0.0,0.0,0.0,0.0
475142930527132602,0.0,0.0,0.0,0.0,0.0
475342930533480402,0.0,0.0,0.0,0.0,0.0
475342930545136301,0.0,0.0,0.0,0.0,0.0
475442930472575302,2.1956522464752197,13.435077318399705,90.49852507374631,87.03392028808594,1236.0270873213237
475742930461738401,0.0,0.0,0.0,0.0,0.0
475942930516528102,0.0,0.0,0.0,0.0,0.0
476142930470075602,0.0,0.0,0.0,0.0,0.0
476142930475967801,0.0,0.0,0.0,0.0,0.0
476142930527268702,0.0,0.0,0.0,0.0,0.0
476242930528458102,0.0,0.0,0.0,0.0,0.0
476342930515666102,0.0,0.0,0.0,0.0,0.0
476342930519796601,0.0,0.0,0.0,0.0,0.0
476442928043634301,0.0,0.0,0.0,0.0,0.0
476442930537266702,0.0,0.0,0.0,0.0,0.0
476542930460255501,0.0,0.0,0.0,0.0,0.0
476542930469712102,0.0,0.0,0.0,0.0,0.0
476642930454569401,0.0,0.0,0.0,0.0,0.0
476642930543979702,0.0,0.0,0.0,0.0,0.0
476742930465546201,4.43055534362793,11.450508703421137,107.05107613234821,79.47754669189453,824.4366118674526
476942930455668701,0.0,0.0,0.0,0.0,0.0
476942930460860902,0.0,0.0,0.0,0.0,0.0
476942930540885102,0.0,0.0,0.0,0.0,0.0
477042930542571901,0.0,0.0,0.0,0.0,0.0
477242930476480602,0.0,7.9129737510813145,0.0,65.79627227783203,522.2562491552228
477342930525142301,0.0,0.0,0.0,0.0,0.0
477342930528510302,0.0,0.0,0.0,0.0,0.0
477442930476772902,0.0,0.0,0.0,0.0,0.0
477542927917445902,0.0,0.0,0.0,0.0,0.0
477542930455038201,3.076923131942749,5.970316809277986,95.35202602361926,75.0182876586914,543.2988382210937
478042929000168302,0.0,0.0,0.0,0.0,0.0
478142928664127601,2.1025640964508057,6.345083187738246,139.98881829733165,74.13664245605469,742.3747183902746
478142930455427601,3.0,22.558376942006642,203.28937381404174,126.31233215332031,1173.035600361833
478142930524314602,0.0,0.0,0.0,0.0,0.0
478242929417495501,0.0,0.0,0.0,0.0,0.0
478542930459497102,0.0,0.0,0.0,0.0,0.0
478642930509156802,0.0,0.0,0.0,0.0,0.0
478742930520008402,0.0,0.0,0.0,0.0,0.0
478842930456813102,0.0,0.0,0.0,0.0,0.0
478842930539445902,0.0,0.0,0.0,0.0,0.0
479042929762446002,0.0,0.0,0.0,0.0,0.0
479142930544767301,0.0,0.0,0.0,0.0,0.0
479242928592717301,4.490196228027344,10.134900896111786,124.70591585662211,62.87111282348633,516.8799275366968
479242930531187502,4.382352828979492,5.999637397052032,57.97906403940887,28.80144500732422,203.98767296081692
479342930540753401,0.0,0.0,0.0,0.0,0.0
479542930517473801,0.0,0.0,0.0,0.0,0.0
479542930544388701,0.0,0.0,0.0,0.0,0.0
479642929056654202,2.735849142074585,6.205316219914849,68.42158310887132,74.16417694091797,657.7635265519051
479642930474220501,1.8488372564315796,8.879169080816387,208.86363636363637,103.8830795288086,763.6085456888499
481142930475809902,2.0,17.582368631916328,17.582321187584345,2.8645591735839844,17.582368631916328
481242929456826602,3.5,4.0994336134984835,15.366632962588474,4.672888278961182,32.79546866113183
481242930451908901,0.0,0.0,0.0,0.0,0.0
481242930531757002,0.0,0.0,0.0,0.0,0.0
481342930459210702,0.0,0.0,0.0,0.0,0.0
481442929372930702,0.0,0.0,0.0,0.0,0.0
481442930520024901,0.0,0.0,0.0,0.0,0.0
481542930531340702,4.349206447601318,40.27770712209303,778.8488372093024,100.9388427734375,2537.495463570883
481642928135551001,0.0,0.0,0.0,0.0,0.0
481642928988313701,2.8333332538604736,4.726851085614901,19.742549371633753,4.981978416442871,28.36110568089374
481842928748805202,0.0,0.0,0.0,0.0,0.0
481842930453811401,0.0,0.0,0.0,0.0,0.0
482542930460807101,4.823529243469238,17.974943067904462,222.6652719665272,44.948265075683594,611.1480749468092
482642930450734601,0.0,0.0,0.0,0.0,0.0
482642930452915102,0.0,0.0,0.0,0.0,0.0
482642930549279601,0.0,0.0,0.0,0.0,0.0
482742930509292102,0.0,0.0,0.0,0.0,0.0
482742930542291101,3.3980581760406494,5.902919811787197,114.59582042323159,64.02131652832031,608.0007541376597
482842928210538302,333.0,3.055814193220101,3.0558113419427286,0.549841046333313,3.055814193220101
483042929346456101,0.0,0.0,0.0,0.0,0.0
483142930461766602,0.0,0.0,0.0,0.0,0.0
483142930477796401,0.0,0.0,0.0,0.0,0.0
483342930462087002,0.0,0.0,0.0,0.0,0.0
483342930545459401,0.0,0.0,0.0,0.0,0.0
483442930464676302,0.0,0.0,0.0,0.0,0.0
483442930474998302,7.244897842407227,9.955402975577671,160.60644017387327,49.08024597167969,487.81475004302206
483442930545936002,0.0,0.0,0.0,0.0,0.0
483542930480032801,1.6796116828918457,7.18154722545493,62.053886302722525,68.45012664794922,739.6993438940254
483642930475599001,0.0,0.0,0.0,0.0,0.0
483742930523610901,0.5256410241127014,14.552713589941641,33.6958462066598,83.87226867675781,1135.1116386109761
483842930469690901,2.0,4.4465923457182654,13.083091085271318,1.693373441696167,13.33977717022563
484042930520073202,0.0,0.0,0.0,0.0,0.0
484142928135303102,0.0,0.0,0.0,0.0,0.0
484142930463468802,0.0,0.0,0.0,0.0,0.0
484142930528446901,0.0,0.1572336112119761,0.1572965293281916,0.0237770713865757,0.1572336112119761
484342930479147702,0.0,0.0,0.0,0.0,0.0
484342930531945101,0.0,0.0,0.0,0.0,0.0
484342930533303902,0.0,0.0,0.0,0.0,0.0
484342930543059601,0.0,0.0,0.0,0.0,0.0
484542928130607802,2.4177215099334717,10.389083092253294,48.491849198695874,80.26786804199219,820.7375656557449
484542929606003201,0.0,0.0,0.0,0.0,0.0
484542930539665602,0.0,0.0,0.0,0.0,0.0
484842930465435302,0.0,0.0,0.0,0.0,0.0
485142930531284002,6.324324131011963,35.02603862441589,434.98130841121497,99.37698364257812,1295.96343196144
485342930532723502,0.0,0.0,0.0,0.0,0.0
485442930518017002,0.0,0.0,0.0,0.0,0.0
485542930527680002,0.0,0.0,0.0,0.0,0.0
485742930509804102,0.0,0.0,0.0,0.0,0.0
485742930524663902,0.0,0.0,0.0,0.0,0.0
485942930543984301,0.0,0.0,0.0,0.0,0.0
486042928726241301,0.0,0.0,0.0,0.0,0.0
486042930519717701,0.0,0.0,0.0,0.0,0.0
486042930528603402,0.0,0.0,0.0,0.0,0.0
486242930517171402,3.3428571224212646,6.129788517629238,47.018306046151864,30.174274444580078,214.54260041459528
486442930534310301,0.0,0.0,0.0,0.0,0.0
486542930464426302,0.0,0.0,0.0,0.0,0.0
486542930515998601,0.0,0.0,0.0,0.0,0.0
486942930462033301,0.0,0.0,0.0,0.0,0.0
486942930472886702,0.0,0.0,0.0,0.0,0.0
486942930508703401,2.5643563270568848,5.014221231800132,64.84760368409442,72.01884460449219,506.43632604606154
487042930539321401,0.0,0.0,0.0,0.0,0.0
487042930550701502,0.0,0.0,0.0,0.0,0.0
487142930459698301,1.9805824756622314,4.6034061536368585,73.33194268093597,69.62602233886719,474.1508195025398
487142930510011501,0.0,0.0,0.0,0.0,0.0
487242930477163901,0.0,5.447095631453992,0.0,49.75889205932617,386.7437808996809
487342930526627602,0.0,0.0,0.0,0.0,0.0
487542930524247701,2.859649181365967,8.301337832614534,73.76507445683131,67.10150146484375,473.1762596533601
487642929606077601,0.0,0.0,0.0,0.0,0.0
488242930530102402,0.0,0.0,0.0,0.0,0.0
488442930479218601,0.0,0.0,0.0,0.0,0.0
488542930464707902,0.0,0.0,0.0,0.0,0.0
488642930527052801,0.0,0.0,0.0,0.0,0.0
488642930543643901,0.0,0.0,0.0,0.0,0.0
488742930458242901,0.0,0.0,0.0,0.0,0.0
488842930530153101,0.0,0.0,0.0,0.0,0.0
488942930477242701,0.0,0.0,0.0,0.0,0.0
489042930480486501,0.0,0.0,0.0,0.0,0.0
489142930460620301,0.0,0.0,0.0,0.0,0.0
489242930532832001,0.0,0.0,0.0,0.0,0.0
489342930137664202,0.0,0.0,0.0,0.0,0.0
489442930526872502,0.0,0.0,0.0,0.0,0.0
489542930456386201,0.0,0.0,0.0,0.0,0.0
489542930475798102,0.0,0.0,0.0,0.0,0.0
489642928042122902,0.0,0.0,0.0,0.0,0.0
489942930465090901,4.400000095367432,18.288852240814418,241.40393166393633,87.99063110351562,1097.331094870265
489942930509169701,0.0,0.0,0.0,0.0,0.0
491142930509202201,0.0,0.0,0.0,0.0,0.0
491642930546620901,0.0,0.0,0.0,0.0,0.0
491642930546647202,0.0,0.0,0.0,0.0,0.0
491842930510073702,0.0,0.0,0.0,0.0,0.0
492442930546128301,0.0,0.0,0.0,0.0,0.0
492842930316851101,2.567164182662964,22.62496383101852,188.68615984405457,107.22798156738281,1515.8725645091333
492942928623687402,0.0,0.0,0.0,0.0,0.0
492942929501728001,0.0,0.0,0.0,0.0,0.0
492942930452864802,3.648648738861084,11.047365872226242,88.38253738543175,48.89466857910156,408.752549285079
493042930456094501,0.0,0.0,0.0,0.0,0.0
493042930526748301,0.0,0.0,0.0,0.0,0.0
493142930475772302,0.0,0.0,0.0,0.0,0.0
493142930480139801,0.0,0.0,0.0,0.0,0.0
493142930515680001,0.0,0.0,0.0,0.0,0.0
493142930524205602,4.400000095367432,5.639457031583896,33.62569450380374,9.768753051757812,84.59185851012573
493242928890484801,0.0,0.0,0.0,0.0,0.0
493242929649304202,0.0,0.0,0.0,0.0,0.0
493242930453365101,0.0,0.0,0.0,0.0,0.0
493442930510933301,0.0,0.0,0.0,0.0,0.0
493842930454422501,0.0,0.0,0.0,0.0,0.0
493842930458372701,0.0,0.0,0.0,0.0,0.0
494042930525265502,3.8021976947784424,6.278955192834769,199.6025841816758,65.57805633544922,571.3849058747198
494042930533700802,0.0,0.0,0.0,0.0,0.0
494542930520051801,0.0,0.0,0.0,0.0,0.0
494542930526270702,0.0,0.0,0.0,0.0,0.0
494842929189434001,4.333333492279053,14.950780962564385,235.73951434878586,78.38774108886719,1166.1608814607218
494842930458101002,0.0,0.0,0.0,0.0,0.0
494942930527841402,0.0,0.0,0.0,0.0,0.0
495042930461272602,0.0,0.0,0.0,0.0,0.0
495242930523127401,0.0,0.0,0.0,0.0,0.0
495242930543124302,0.0,0.0,0.0,0.0,0.0
495342930475809001,0.0,0.0,0.0,0.0,0.0
495442930462856202,3.3333332538604736,4.352101761122881,13.999322033898306,2.8204073905944824,26.112610732256357
495542930526511702,0.0,0.39444349168238724,0.39444349168238724,0.05665458366274834,0.39444349168238724
495742930516585401,1.013157844543457,10.642471366153625,62.0897583429229,75.45441436767578,808.8278456469537
495842930477300401,0.0,0.0,0.0,0.0,0.0
495842930532802501,0.0,0.0,0.0,0.0,0.0
495942930458591402,0.0,0.0,0.0,0.0,0.0
495942930536112302,0.0,0.0,0.0,0.0,0.0
496042930477707602,2.0,42.975226192883135,113.7484836231298,0.0,128.9256785786494
496142929194472102,0.0,0.0,0.0,0.0,0.0
496142930477137102,4.0,8.422641901519949,10.889803673210894,2.266641616821289,16.845284215352542
496142930536425402,0.0,0.0,0.0,0.0,0.0
496542930515960801,0.0,0.0,0.0,0.0,0.0
496542930526051401,1.9500000476837158,7.140199337472201,55.55423770694342,51.21089553833008,285.6079669336876
496642930459468201,0.0,0.0,0.0,0.0,0.0
496642930543573801,0.0,0.0,0.0,0.0,0.0
496842930471698401,0.0,0.0,0.0,0.0,0.0
497142929704040602,0.0,0.0,0.0,0.0,0.0
497142930458518502,0.0,0.0,0.0,0.0,0.0
497142930465289301,2.0,7.240343421779989,21.446102819237147,3.1006124019622803,21.721029365614058
497142930521572401,0.0,0.0,0.0,0.0,0.0
497242930524416802,0.0,0.0,0.0,0.0,0.0
497342930545824601,2.860214948654175,4.366860966953315,54.65683772597628,60.552669525146484,406.11806299081525
497442928304094101,0.0,0.0,0.0,0.0,0.0
497442930480371302,0.0,0.0,0.0,0.0,0.0
497542930526277002,0.0,0.0,0.0,0.0,0.0
497642928726688401,0.0,0.0,0.0,0.0,0.0
497642929013014901,0.0,0.0,0.0,0.0,0.0
497942930474576401,0.0,0.0,0.0,0.0,0.0
498142930526916802,0.0,0.0,0.0,0.0,0.0
498442930448451801,0.0,8.022154460523055,0.0,84.65381622314453,577.5951090060547
498742930476930701,0.0,0.0,0.0,0.0,0.0
498742930535870002,0.0,0.0,0.0,0.0,0.0
498942930455821102,0.0,0.0,0.0,0.0,0.0
498942930509485002,0.0,0.0,0.0,0.0,0.0
499042930470319801,0.0,0.0,0.0,0.0,0.0
499142930456531901,0.0,0.0,0.0,0.0,0.0
499242930548738301,0.0,0.0,0.0,0.0,0.0
499342928759319702,1.9888888597488403,6.100108199434885,99.26113360323886,61.81515121459961,549.0097669480461
499342929816166302,0.0,0.0,0.0,0.0,0.0
499442929684697002,3.0,0.04645880652488127,0.10176690953069231,0.03174985945224762,0.18583522249873713
499742930529461601,0.0,0.0,0.0,0.0,0.0
499942928726148601,0.5866666436195374,8.28772924977837,55.073581560283685,65.68072509765625,621.5796701815111
499942930478076302,0.0,0.0,0.0,0.0,0.0
501242930542373002,0.0,0.0,0.0,0.0,0.0
501342930530242201,0.0,0.0,0.0,0.0,0.0
501442928865230702,0.0,0.0,0.0,0.0,0.0
501442929743318701,4.771929740905762,11.315712813207814,210.45186862967157,0.0,644.9956464151834
501942928159244701,0.0,0.0,0.0,0.0,0.0
502142930454972402,0.0,0.0,0.0,0.0,0.0
502242930519922101,0.0,0.0,0.0,0.0,0.0
502342930462673302,0.0,0.0,0.0,0.0,0.0
502342930526203701,3.8210525512695312,10.061717369256105,361.66131105398455,117.47122192382812,955.863147206049
502442930518077802,0.0,0.0,0.0,0.0,0.0
502442930530766202,0.0,0.0,0.0,0.0,0.0
502742930470765201,0.0,0.0,0.0,0.0,0.0
503042929331684901,0.0,0.0,0.0,0.0,0.0
503142930507893702,0.0,0.0,0.0,0.0,0.0
503342929284336901,0.0,0.0,0.0,0.0,0.0
503342930510069202,0.0,0.0,0.0,0.0,0.0
503442930457501602,0.0,0.0,0.0,0.0,0.0
503442930542795201,0.0,0.0,0.0,0.0,0.0
503542930544768701,0.0,0.0,0.0,0.0,0.0
503542930548255301,8.181818008422852,22.9194819132487,174.4921875,30.475486755371094,252.11430997898182
503642930289255802,0.0,0.0,0.0,0.0,0.0
503642930453436801,0.0,0.0,0.0,0.0,0.0
503642930474418101,0.0,0.0,0.0,0.0,0.0
503742930525386401,0.0,0.0,0.0,0.0,0.0
503942930478925301,0.0,0.0,0.0,0.0,0.0
503942930528397202,0.4545454680919647,22.29374294498574,115.91349809885932,65.36137390136719,735.6934991390533
503942930549548401,0.0,0.0,0.0,0.0,0.0
504042930542576202,0.0,0.0,0.0,0.0,0.0
504142930451421902,0.0,0.0,0.0,0.0,0.0
504342930526925301,1.1204819679260254,9.048579372976254,58.77819751753913,79.0012435913086,751.0320809267047
504642930530044501,0.0,0.0,0.0,0.0,0.0
504642930538397802,3.625,9.383194423143284,36.15509374640543,4.861544132232666,75.0655570513796
504842930464703201,2.2906975746154785,6.406716309293494,86.14982803095442,62.38045120239258,550.9776247701866
504942930451255101,3.8333332538604736,124.21376092940415,533.9326424870467,9.345939636230469,745.2825896109941
504942930544768102,0.0,0.0,0.0,0.0,0.0
505142928247005002,0.0,0.0,0.0,0.0,0.0
505242930517313502,0.0,0.0,0.0,0.0,0.0
505242930543535301,0.7866666913032532,6.42324681595156,29.933667397431883,50.74225997924805,481.74350667591693
505342930478257402,0.0,0.0,0.0,0.0,0.0
505342930532382802,0.0,0.0,0.0,0.0,0.0
505542930457376602,0.0,0.0,0.0,0.0,0.0
505642930531559201,5.2272725105285645,14.683760732974646,129.41037735849056,26.968551635742188,323.04273606696216
505742930454327802,0.0,0.0,0.0,0.0,0.0
505842930526220202,0.0,0.0,0.0,0.0,0.0
505942930528910001,0.0,0.0,0.0,0.0,0.0
506042929166340601,0.0,0.0,0.0,0.0,0.0
506142930545523801,0.0,0.0,0.0,0.0,0.0
506242930535157402,0.0,0.0,0.0,0.0,0.0
506442930460633701,1.6285713911056519,6.157227769622992,141.28739184177996,78.5203628540039,646.5089046421688
506442930463838902,3.59183669090271,5.357636308061875,183.0504567390555,78.8305435180664,525.0483496033788
506442930519662001,4.636363506317139,6.702844031493681,55.10863135251412,22.8868465423584,147.46256736761526
506442930539820501,0.0,0.0,0.0,0.0,0.0
506542929012850302,0.0,0.0,0.0,0.0,0.0
506642930510412501,0.0,0.0,0.0,0.0,0.0
506642930542825801,0.0,0.0,0.0,0.0,0.0
506742930463954401,0.0,8.120205397181294,0.0,75.42537689208984,820.140759566684
506842930476150901,0.0,0.0,0.0,0.0,0.0
506842930543581002,3.1226415634155273,7.28965253094742,187.19446010540508,64.5743408203125,772.7031750549623
506942930473639902,0.0,0.0,0.0,0.0,0.0
507242930478677602,0.0,0.0,0.0,0.0,0.0
507342930452489501,4.411764621734619,7.334884146644162,62.10881652104845,18.622982025146484,124.69303388648605
507442928025464301,4.142857074737549,8.99363653091266,29.290480863591757,7.031198024749756,62.95545439865217
507442930534261702,0.0,0.0,0.0,0.0,0.0
507442930538366402,0.0,0.0,0.0,0.0,0.0
507542930459442602,0.0,0.0,0.0,0.0,0.0
507542930465039802,0.0,0.0,0.0,0.0,0.0
507642930462577801,0.0,0.0,0.0,0.0,0.0
507642930475155102,0.0,0.0,0.0,0.0,0.0
507642930539035801,0.0,0.0,0.0,0.0,0.0
507742930453695202,0.0,0.0,0.0,0.0,0.0
507742930476257801,0.0,0.0,0.0,0.0,0.0
507742930522315701,0.0,0.0,0.0,0.0,0.0
507842930477223801,0.0,0.0,0.0,0.0,0.0
507842930515435302,0.0,0.0,0.0,0.0,0.0
507842930520627202,0.0,0.0,0.0,0.0,0.0
507942930524452702,0.0,0.0,0.0,0.0,0.0
508042930460964002,0.0,0.0,0.0,0.0,0.0
508542930520963101,0.0,0.0,0.0,0.0,0.0
508642930461811801,0.0,0.0,0.0,0.0,0.0
508642930477069102,0.0,0.0,0.0,0.0,0.0
508942930526551501,0.0,0.0,0.0,0.0,0.0
509042930526340202,3.597701072692871,7.172751159371969,144.16488845780796,61.82309341430664,624.0293420399427
509042930533248102,0.0,0.0,0.0,0.0,0.0
509342930474233502,3.202127695083618,17.2501108248498,251.34846461949266,170.31996154785156,1621.5104666125471
509342930516309802,0.0,0.0,0.0,0.0,0.0
509542930448255401,0.0,0.0,0.0,0.0,0.0
509542930541584802,0.0,0.0,0.0,0.0,0.0
509542930544989402,0.0,0.0,0.0,0.0,0.0
509642928052225901,0.0,0.0,0.0,0.0,0.0
509642930450791502,3.2962963581085205,9.157643880208333,72.06466666666667,30.12773895263672,247.25638225046794
509642930520079401,0.0,0.0,0.0,0.0,0.0
509842930528199402,0.0,0.0,0.0,0.0,0.0
509942930458318801,0.0,0.0,0.0,0.0,0.0
509942930516833901,0.0,0.0,0.0,0.0,0.0
511242929721432102,0.0,0.0,0.0,0.0,0.0
511242930527800702,0.0,0.0,0.0,0.0,0.0
511342929613283702,0.0,0.0,0.0,0.0,0.0
511342930541133801,0.0,0.0,0.0,0.0,0.0
511742930476524002,0.0,0.0,0.0,0.0,0.0
511942930549594601,0.0,0.0,0.0,0.0,0.0
512042930474491802,0.0,0.0,0.0,0.0,0.0
512142930450743102,0.0,0.0,0.0,0.0,0.0
512142930510216902,0.0,0.0,0.0,0.0,0.0
512242930456751602,0.0,0.0,0.0,0.0,0.0
512242930517231702,0.0,0.0,0.0,0.0,0.0
512242930532860401,0.0,0.0,0.0,0.0,0.0
512342930524586101,0.0,0.0,0.0,0.0,0.0
512442930533583302,2.125,11.919248792860243,166.91059027777777,50.596988677978516,667.4779145452711
512542930034890302,0.0,0.0,0.0,0.0,0.0
512542930447428101,0.0,0.0,0.0,0.0,0.0
512542930475376202,0.0,0.0,0.0,0.0,0.0
512642930457716302,5.0,27.495891366260924,69.81023720349563,10.150972366333008,82.48767673240023
512742930537291401,0.0,0.0,0.0,0.0,0.0
512942930466301102,3.0,7.26317632784169,7.263223708890834,1.5392730236053467,7.26317632784169
513042930464313501,0.0,0.0,0.0,0.0,0.0
513142930464625601,0.0,0.0,0.0,0.0,0.0
513242930478886801,2.418181896209717,6.923066210887407,55.887182610925876,52.09208679199219,380.76863988077497
513242930526360602,4.714285850524902,8.812794572439499,54.32713915298185,49.839962005615234,370.1373647625527
513342930456017302,0.0,0.0,0.0,0.0,0.0
513542930532871401,0.0,0.0,0.0,0.0,0.0
513742929664075601,0.0,0.0,0.0,0.0,0.0
513842930529817001,0.0,0.0,0.0,0.0,0.0
513842930547240801,3.067307710647583,6.720338862289101,144.21021431828547,79.29459381103516,698.91524294898
514042930450771701,0.0,0.0,0.0,0.0,0.0
514042930480452202,0.0,0.0,0.0,0.0,0.0
514142930543922802,0.0,0.0,0.0,0.0,0.0
514242930474094101,0.0,0.0,0.0,0.0,0.0
514242930529829401,0.0,0.0,0.0,0.0,0.0
514342928021819501,0.0,0.0,0.0,0.0,0.0
514342930516646901,0.0,0.0,0.0,0.0,0.0
514342930544960202,0.0,0.0,0.0,0.0,0.0
514342930547228702,0.0,0.0,0.0,0.0,0.0
514442930477650702,0.0,0.0,0.0,0.0,0.0
514642930517490501,0.0,0.0,0.0,0.0,0.0
514942930450840302,0.0,0.0,0.0,0.0,0.0
515042930519916902,0.0,0.0,0.0,0.0,0.0
515042930548602902,0.0,0.0,0.0,0.0,0.0
515142930476508902,0.0,0.0,0.0,0.0,0.0
515242930464587302,0.0,0.0,0.0,0.0,0.0
515442930527986401,3.049999952316284,5.060851082623186,59.4617364157948,61.2883186340332,506.08511072648685
515542930461758002,0.0,0.0,0.0,0.0,0.0
515542930522168902,3.0,0.07069794543085725,0.07073803348266919,0.013544633984565735,0.07069794543085725
515642930516671402,0.0,0.0,0.0,0.0,0.0
515642930545201102,0.0,0.0,0.0,0.0,0.0
515742929303612002,1.0555555820465088,6.267102650050437,52.63147276395427,60.125606536865234,564.0392443140748
515742930508268002,0.0,0.0,0.0,0.0,0.0
515742930516762801,0.0,0.0,0.0,0.0,0.0
515742930519307902,0.0,0.0,0.0,0.0,0.0
515842930509301901,0.0,0.0,0.0,0.0,0.0
515942930475211801,0.0,0.0,0.0,0.0,0.0
516142930459157302,0.0,0.0,0.0,0.0,0.0
516242929991282201,4.099999904632568,17.232246010990465,303.15889830508473,82.67185974121094,1378.579649311001
516242930526581001,1.8260869979858398,8.013032070051075,64.62557238464248,30.241361618041992,368.59946335176636
516342930518380501,0.0,0.0,0.0,0.0,0.0
516542930462044701,3.4285714626312256,8.83924186416387,59.088366890380314,18.8356876373291,185.62408278292457
516542930545901402,0.0,0.0,0.0,0.0,0.0
516642930538134302,5.385964870452881,12.824908088235293,116.17065287653523,68.75641632080078,731.0197946589149
516942930536217702,0.0,0.0,0.0,0.0,0.0
517042930456397402,0.0,0.0,0.0,0.0,0.0
517542930447311702,0.0,0.0,0.0,0.0,0.0
517542930543913501,0.0,0.0,0.0,0.0,0.0
517642930456732001,0.0,0.0,0.0,0.0,0.0
517742929083253102,3.6666667461395264,1.1189931283153143,4.7444120505345,1.3000119924545288,6.713958609247038
517742930459785702,0.0,0.0,0.0,0.0,0.0
517842930545188702,4.160919666290283,7.557101549235993,182.80761326065587,80.39117431640625,657.4678312480082
517942930509245701,0.0,0.0,0.0,0.0,0.0
518142930464255502,0.0,0.0,0.0,0.0,0.0
518242929696964301,0.0,0.0,0.0,0.0,0.0
518242930460910601,0.0,0.0,0.0,0.0,0.0
518242930480673301,4.171875,8.528172051442912,108.40966122961105,78.14454650878906,545.8030146667021
518242930524234402,0.0,0.0,0.0,0.0,0.0
518242930534219002,1.603960394859314,5.131631675348325,48.853766992758224,76.68895721435547,518.2948119595015
518542930531123101,0.0,0.0,0.0,0.0,0.0
518642930518090401,0.0,0.0,0.0,0.0,0.0
518842930459553101,0.0,1.2062726176115801,1.2062726176115801,0.08626693487167358,1.2062726176115801
518842930547093602,0.0,0.0,0.0,0.0,0.0
518942930456292602,0.0,0.0,0.0,0.0,0.0
519142930450171602,0.0,0.0,0.0,0.0,0.0
519142930454298802,0.0,0.0,0.0,0.0,0.0
519242930535055702,0.0,0.0,0.0,0.0,0.0
519542930470388902,0.0,0.0,0.0,0.0,0.0
519542930528475701,0.0,0.0,0.0,0.0,0.0
519742930461844302,0.0,0.0,0.0,0.0,0.0
519842930451311602,3.254237174987793,18.546155230326296,113.33301343570058,112.27591705322266,1094.2231470737713
519842930473770402,0.0,0.0,0.0,0.0,0.0
519842930527443702,0.0,0.0,0.0,0.0,0.0
521242930456422201,0.0,0.0,0.0,0.0,0.0
521342929543705902,0.0,0.0,0.0,0.0,0.0
521442930446384001,0.0,0.0,0.0,0.0,0.0
521442930516243902,0.0,0.0,0.0,0.0,0.0
521442930550695802,0.0,0.0,0.0,0.0,0.0
521642929820882502,0.0,0.0,0.0,0.0,0.0
521642930466537502,8.69444465637207,20.868730280949517,259.13798076923075,57.2686653137207,751.2742613315581
521642930529911802,2.882978677749634,17.33296010406281,162.3569292123629,87.00965118408203,1629.2981669786325
521742929248984702,0.0,0.0,0.0,0.0,0.0
521742930289474802,1.9838709831237793,12.550787093305908,151.23672400897533,42.753047943115234,778.1488099422754
521742930476572201,0.0,0.0,0.0,0.0,0.0
521842930464664801,0.0,0.0,0.0,0.0,0.0
521942930518970902,0.0,0.0,0.0,0.0,0.0
522042930476800702,3.875,3.7391070099914967,22.11700680272109,10.46424674987793,89.73857173789926
522142930469906601,0.0,0.0,0.0,0.0,0.0
522142930516375802,0.0,0.0,0.0,0.0,0.0
522242930459711202,0.0,0.0,0.0,0.0,0.0
522342930544686501,0.0,0.0,0.0,0.0,0.0
522642930515876402,0.0,0.0,0.0,0.0,0.0
522742930531960302,0.0,0.0,0.0,0.0,0.0
523042930525975001,0.0,0.0,0.0,0.0,0.0
523042930539813501,3.390625,10.928148067942152,111.26905694486291,78.73859405517578,699.401487807762
523242930476453102,0.0,0.0,0.0,0.0,0.0
523242930533811701,0.0,0.0,0.0,0.0,0.0
523242930549913201,0.0,0.0,0.0,0.0,0.0
523342930527468302,0.0,0.0,0.0,0.0,0.0
523442930464798501,0.0,0.0,0.0,0.0,0.0
523442930543257102,6.0,7.194171236158433,25.158858603066438,8.733945846557617,57.55336884948626
523542930517232102,0.0,0.0,0.0,0.0,0.0
523542930542853201,0.0,0.0,0.0,0.0,0.0
523742930476968902,0.6860465407371521,8.371734493337168,18.331607707794074,63.17499923706055,719.9691500842497
523742930530552602,2.5,5.704180905852907,37.599152868694645,40.66284942626953,239.57559337476422
523942930477531001,1.5,2.840607788917965,11.388023369036027,2.637605905532837,17.043646867226485
523942930545877502,0.0,0.0,0.0,0.0,0.0
524042930530774101,0.0,0.0,0.0,0.0,0.0
524242930532164301,0.0,0.0,0.0,0.0,0.0
524342930456612601,2.5376343727111816,5.034102257595933,44.655368599443165,55.212642669677734,468.1715019086619
524442927921789101,3.0999999046325684,8.311412724117197,125.00809008418061,79.76426696777344,748.0271662854101
524442930457683001,0.0,0.0,0.0,0.0,0.0
524542929644301002,0.0,0.0,0.0,0.0,0.0
524542930448041102,2.0,13.116872365434501,37.621271076523996,4.550483226776123,39.35061576635457
524542930453022401,0.0,0.0,0.0,0.0,0.0
524542930510187201,0.9753086566925049,11.246468150958467,106.09744408945687,99.67393493652344,910.9639426130838
524542930517113001,0.0,0.0,0.0,0.0,0.0
524642929946600601,0.0,0.0,0.0,0.0,0.0
524642930507929602,0.0,0.0,0.0,0.0,0.0
524742930524493501,0.0,0.0,0.0,0.0,0.0
524742930524888502,0.0,0.0,0.0,0.0,0.0
524842930468636502,0.0,0.0,0.0,0.0,0.0
524842930525479102,0.0,0.0,0.0,0.0,0.0
524842930532705901,0.0,0.0,0.0,0.0,0.0
524942930528164202,0.0,0.0,0.0,0.0,0.0
525242930456243101,3.298245668411255,8.869590775475384,152.98334710137655,41.43484115600586,505.5666893356604
525242930476598501,3.7200000286102295,18.27056510920374,115.06447453255964,0.0,456.7641315078981
525542929991226701,0.0,0.0,0.0,0.0,0.0
525542930519128501,0.0,0.0,0.0,0.0,0.0
525642930457580101,1.0,48.78946296017655,48.78945982545892,4.154945373535156,48.78946296017655
525642930515445502,0.0,0.0,0.0,0.0,0.0
525742930462141902,0.0,0.0,0.0,0.0,0.0
525842930515830002,0.0,0.0,0.0,0.0,0.0
525942929013002102,1.0,3.763871059622816,3.763440860215054,0.3277578055858612,3.763871059622816
525942930534269801,3.1451613903045654,6.945840219350962,69.21410256410256,0.0,430.6421039752471
526142930525745102,4.900000095367432,19.013854935424355,106.87724477244772,14.30811882019043,190.13855876852224
526242930448845701,1.7419354915618896,8.410410882150115,69.64982578397212,65.39338684082031,782.1681980123088
526342930527313402,0.0,0.0,0.0,0.0,0.0
526442930528398402,0.0,0.0,0.0,0.0,0.0
526442930545311801,0.0,0.0,0.0,0.0,0.0
526742927905068101,0.0,0.0,0.0,0.0,0.0
526942930453045801,0.0,0.0,0.0,0.0,0.0
526942930507933602,2.0,28.116651391657175,28.11617312072893,2.056370735168457,28.116651391657175
527342930456726202,0.0,0.0,0.0,0.0,0.0
527342930533695601,3.9285714626312256,6.735863923927683,48.59345213427269,6.673710346221924,94.30209767349123
527442930528109502,4.666666507720947,3.8316029874603488,11.47026169706582,1.974859595298767,11.494809349598533
527542930452604902,0.0,0.0,0.0,0.0,0.0
527542930455826401,0.0,0.0,0.0,0.0,0.0
527542930530669502,0.0,0.0,0.0,0.0,0.0
527742930508942102,0.0,0.0,0.0,0.0,0.0
527742930539602001,0.0,22.40251400596217,0.0,17.067235946655273,380.8427484474684
527842930519336902,0.0,0.0,0.0,0.0,0.0
527942930509473501,0.0,0.0,0.0,0.0,0.0
527942930519957502,0.0,0.0,0.0,0.0,0.0
527942930527946202,0.0,0.0,0.0,0.0,0.0
528042930531882502,0.0,8.43243709123904,0.0,61.778953552246094,817.9463781861544
528642930532677102,1.399999976158142,10.848463692911826,19.224392819429777,79.44285583496094,542.4232078761712
528842930448825702,0.0,0.0,0.0,0.0,0.0
528842930474056201,0.0,0.0,0.0,0.0,0.0
528842930537470801,0.0,0.0,0.0,0.0,0.0
528942930517857701,0.0,0.0,0.0,0.0,0.0
529042930452799502,4.07692289352417,14.146944690174458,123.39400921658986,20.427616119384766,183.91028426712165
529142930528514802,0.0,0.0,0.0,0.0,0.0
529242930549000602,4.969230651855469,6.797596267390931,86.56750257643421,71.15142822265625,441.84374900144303
529342930474315402,0.0,0.0,0.0,0.0,0.0
529342930527717402,2.3863637447357178,7.245629752363337,69.93110357583231,66.19097137451172,637.615414012277
529442930477183002,0.0,0.0,0.0,0.0,0.0
529442930526829101,4.07692289352417,10.932236599973233,91.56745182012848,20.93086814880371,142.11907955716967
529542928990317602,0.0,0.0,0.0,0.0,0.0
529642930518469401,0.0,0.0,0.0,0.0,0.0
529742930460107701,0.0,0.0,0.0,0.0,0.0
529742930532663702,0.0,0.0,0.0,0.0,0.0
529842928135420501,0.0,0.0,0.0,0.0,0.0
531142929684609602,0.0,0.0,0.0,0.0,0.0
531142930526117402,0.0,0.0,0.0,0.0,0.0
531342930519090202,1.807228922843933,12.275089337106676,295.0787925300588,95.44127655029297,1018.8324054284728
531342930521353802,3.4189188480377197,7.276614888155937,107.8420791588136,93.30667877197266,538.4694746630661
531342930534825402,0.0,0.0,0.0,0.0,0.0
531442930509846501,3.2234041690826416,3.4804537546716725,83.80690984729338,51.69940948486328,327.1626628727165
531442930549950602,0.0,0.0,0.0,0.0,0.0
531542930461010801,0.0,0.0,0.0,0.0,0.0
531542930542068501,0.0,0.0,0.0,0.0,0.0
531642930509346502,0.0,0.0,0.0,0.0,0.0
531742930478634302,0.0,0.0,0.0,0.0,0.0
531742930525753001,0.0,0.0,0.0,0.0,0.0
532042930548155202,0.0,0.0,0.0,0.0,0.0
532242930478188602,0.0,0.0,0.0,0.0,0.0
532242930542455601,0.0,0.0,0.0,0.0,0.0
532442930459984001,4.507692337036133,16.583971133474577,176.3584745762712,80.29019927978516,1077.9581280918444
532442930472851202,0.0,0.0,0.0,0.0,0.0
532542929118531402,1.3188406229019165,9.664305133302152,63.03143124415342,57.43743133544922,666.83705205391
532542930543483502,0.0,0.0,0.0,0.0,0.0
532642930524212001,0.0,0.0,0.0,0.0,0.0
532642930527773702,0.9569892287254333,11.771516157506909,59.69665336198956,85.792236328125,1094.7510044969297
532742930508593502,0.0,0.0,0.0,0.0,0.0
533042928257856601,0.0,0.0,0.0,0.0,0.0
533042930464310102,0.0,0.0,0.0,0.0,0.0
533242930464522301,0.0,0.0,0.0,0.0,0.0
533342929269151302,0.0,0.0,0.0,0.0,0.0
533342930461618601,0.0,0.0,0.0,0.0,0.0
533442929501754601,0.0,0.0,0.0,0.0,0.0
533642930461272401,0.0,0.0,0.0,0.0,0.0
533742930528841102,0.0,0.0,0.0,0.0,0.0
533842930450656002,4.333333492279053,16.481118916022194,230.3530598520511,133.55801391601562,1236.0839644780317
533842930532705502,0.0,0.0,0.0,0.0,0.0
534142930462567801,0.0,0.0,0.0,0.0,0.0
534142930464536002,0.0,0.0,0.0,0.0,0.0
534242930449890701,0.0,0.0,0.0,0.0,0.0
534342929528923002,0.0,0.0,0.0,0.0,0.0
534342930472965901,0.0,0.0,0.0,0.0,0.0
534442928293182001,0.0,0.0,0.0,0.0,0.0
534642930541733801,0.0,0.0,0.0,0.0,0.0
534742928716216301,0.0,0.0,0.0,0.0,0.0
534842928887104802,0.0,0.0,0.0,0.0,0.0
534842930454500201,48.5,6.794049485749494,13.587967644084934,1.7072620391845703,13.588098971498988
534942930460349701,0.0,0.0,0.0,0.0,0.0
535042930544297801,0.0,0.0,0.0,0.0,0.0
535142930542720502,1.6078431606292725,23.690728702820188,29.364715860899068,0.0,1208.2271659280204
535442930509897502,0.0,0.0,0.0,0.0,0.0
535642929346340802,0.0,0.0,0.0,0.0,0.0
535742930508737102,0.0,0.0,0.0,0.0,0.0
535742930547538701,0.0,0.0,0.0,0.0,0.0
535842930475256801,0.0,0.0,0.0,0.0,0.0
535942930480358302,0.0,0.0,0.0,0.0,0.0
536042930524260402,0.0,0.0,0.0,0.0,0.0
536242930479479502,0.0,0.0,0.0,0.0,0.0
536242930531045102,0.0,0.0,0.0,0.0,0.0
536442930518004201,0.0,0.0,0.0,0.0,0.0
536642928030238702,0.0,0.0,0.0,0.0,0.0
536742930477969701,0.0,0.0,0.0,0.0,0.0
536842928096602302,0.0,0.0,0.0,0.0,0.0
536842930517065202,0.0,0.0,0.0,0.0,0.0
536942930521186501,0.0,0.0,0.0,0.0,0.0
536942930546660802,0.0,0.0,0.0,0.0,0.0
537042930459870402,0.0,0.0,0.0,0.0,0.0
537042930475994501,0.0,0.0,0.0,0.0,0.0
537042930515757301,0.0,0.0,0.0,0.0,0.0
537242930472882002,0.0,0.0,0.0,0.0,0.0
537442930462553302,0.0,0.0,0.0,0.0,0.0
537742930537487701,0.0,0.0,0.0,0.0,0.0
537842930472684901,0.4193548262119293,9.770166193181819,19.407636363636364,56.958011627197266,605.7503167655251
537842930539585501,0.0,0.0,0.0,0.0,0.0
538242930527708102,0.0,0.0,0.0,0.0,0.0
538742930051294101,0.0,0.0,0.0,0.0,0.0
538742930544730402,0.0,0.0,0.0,0.0,0.0
538842930458550301,0.0,0.0,0.0,0.0,0.0
538942928601996601,0.0,0.0,0.0,0.0,0.0
539142930531965102,177.0,0.32674807529577377,0.32671137542705303,0.038665879517793655,0.32674807529577377
539142930533963502,0.0,0.0,0.0,0.0,0.0
539242930080248202,0.0,0.0,0.0,0.0,0.0
539242930452638301,0.0,0.0,0.0,0.0,0.0
539342930460514101,2.1875,19.640110948350696,227.25555555555556,12.740259170532227,314.24177415635853
539342930534180401,0.0,153.95829121743037,153.95822102425876,13.093429565429688,153.95829121743037
539442930457747202,0.0,0.0,0.0,0.0,0.0
539542930524258101,4.3734941482543945,6.188317484445701,126.95946455505279,45.690826416015625,513.6303689174163
539542930529863002,0.0,0.0,0.0,0.0,0.0
539642930547018201,0.0,0.0,0.0,0.0,0.0
539742930456462402,0.0,0.0,0.0,0.0,0.0
539742930542241701,0.0,0.0,0.0,0.0,0.0
539842930509501001,1.105263113975525,4.394155649038462,30.22957662492546,25.37370491027832,166.97791478174673
539842930544496001,2.810344934463501,6.481340442125206,191.05342414294347,68.51200103759766,751.8355127351074
539942928887267601,0.0,3.8736979166666665,39.98923327895596,63.22785949707031,418.359370230695
541342930547951202,0.0,0.0,0.0,0.0,0.0
541442930463825901,3.0,9.573001684841506,53.74796803034408,27.46059799194336,287.19005206967717
541542930479667301,0.0,0.0,0.0,0.0,0.0
541542930538712902,1.75,30.011827722639485,61.412017167381975,11.700910568237305,240.09461828840307
541642930526968002,0.5403226017951965,8.081894749070631,54.6542750929368,90.44407653808594,1002.1549932997466
541642930549264901,0.30000001192092896,4.566315587698939,32.3342175066313,19.304309844970703,182.65262461695178
541742930456042502,0.0,0.0,0.0,0.0,0.0
541742930475975601,0.0,0.0,0.0,0.0,0.0
541742930544290302,0.0,0.0,0.0,0.0,0.0
541842930473594102,0.0,0.0,0.0,0.0,0.0
541942930465491901,4.139999866485596,17.36118686124214,186.26179245283018,93.08804321289062,868.0593509434154
541942930516487601,0.0,0.0,0.0,0.0,0.0
542042930527285602,0.0,0.0,0.0,0.0,0.0
542042930541493402,0.0,0.0,0.0,0.0,0.0
542142930451723601,0.0,0.0,0.0,0.0,0.0
542142930461059702,0.0,0.0,0.0,0.0,0.0
542142930550147302,3.5,5.24615776831037,63.69470630891951,32.300655364990234,262.3078916111228
542242930460488801,0.0,0.0,0.0,0.0,0.0
542342930463533802,0.0,0.0,0.0,0.0,0.0
542442930459874901,0.0,0.0,0.0,0.0,0.0
542642930475186901,0.0,0.0,0.0,0.0,0.0
542842930515348302,0.0,0.0,0.0,0.0,0.0
542942928269661402,2.6451613903045654,8.81770417066283,112.39812446717818,19.21239471435547,273.348820561948
542942930467896902,2.5999999046325684,14.370764899685287,57.942564909520065,8.015987396240234,71.85382208535279
543042930517155302,0.0,0.0,0.0,0.0,0.0
543142930510592802,3.188405752182007,12.475688101959483,151.52341414812355,77.6998291015625,860.8225041759723
543142930519755302,0.0,0.0,0.0,0.0,0.0
543242930461378502,0.0,0.0,0.0,0.0,0.0
543242930463811702,0.0,0.0,0.0,0.0,0.0
543242930519274302,0.0,0.0,0.0,0.0,0.0
543242930531815101,0.0,0.0,0.0,0.0,0.0
543242930542042201,0.0,0.0,0.0,0.0,0.0
543442930541462601,0.0,0.0,0.0,0.0,0.0
543542930467923101,0.0,0.0,0.0,0.0,0.0
543742928086481802,0.0,0.0,0.0,0.0,0.0
543742929568598802,2.2835819721221924,4.8963531314119,36.35906642728905,59.456573486328125,328.0556739724945
543842930470748101,0.0,0.0,0.0,0.0,0.0
543942929861115802,2.6666667461395264,1.339546924191471,3.451058958214081,0.6722090840339661,4.018640650294478
543942930454431102,0.0,0.0,0.0,0.0,0.0
544042930546906902,0.0,0.0,0.0,0.0,0.0
544142930477290902,0.0,0.0,0.0,0.0,0.0
544142930527736401,0.0,0.0,0.0,0.0,0.0
544342930461160202,0.0,0.0,0.0,0.0,0.0
544442930534290402,0.0,0.0,0.0,0.0,0.0
544842929091483101,0.0,0.0,0.0,0.0,0.0
544842930472859602,1.423076868057251,9.174733023001096,72.17086527929901,0.0,715.6291656744833
545142927968949301,0.0,0.0,0.0,0.0,0.0
545142930525857501,0.0,0.0,0.0,0.0,0.0
545242930452170201,0.0,0.0,0.0,0.0,0.0
545442930516399001,0.0,0.0,0.0,0.0,0.0
545442930549864302,0.0,0.0,0.0,0.0,0.0
545542929704005801,0.0,0.0,0.0,0.0,0.0
545542930518725601,0.0,11.546382044168842,0.0,96.93302917480469,854.4322863828628
545742930518330102,0.0,0.0,0.0,0.0,0.0
545842930462759002,0.0,0.0,0.0,0.0,0.0
545842930521406102,3.78723406791687,6.155297517123287,133.72038678485092,88.65198516845703,578.5979930081164
545842930528948202,0.0,0.0,0.0,0.0,0.0
545942930531461501,0.0,0.0,0.0,0.0,0.0
546142930543021401,2.3764705657958984,5.307150120769368,65.897694268271,64.16101837158203,451.10774638768544
546442930463560202,3.9583332538604736,10.593059046003763,169.69273051401407,68.0462875366211,508.46682727470295
546642930527206702,0.0,0.0,0.0,0.0,0.0
546842930522448401,0.0,0.0,0.0,0.0,0.0
547042930474978302,0.0,0.0,0.0,0.0,0.0
547042930517487202,0.0,0.0,0.0,0.0,0.0
547042930531498801,0.0,0.0,0.0,0.0,0.0
547642930532282601,0.0,0.0,0.0,0.0,0.0
547742930526035202,0.0,0.0,0.0,0.0,0.0
547742930538261001,0.0,0.0,0.0,0.0,0.0
548142928074373402,0.0,0.0,0.0,0.0,0.0
548242930550008501,0.0,0.0,0.0,0.0,0.0
548342930527872802,0.0,0.0,0.0,0.0,0.0
548542928790834402,0.0,0.0,0.0,0.0,0.0
548642929800443002,0.0,0.0,0.0,0.0,0.0
548842930519045702,0.0,0.0,0.0,0.0,0.0
548842930524558501,69.80000305175781,1.098764076085904,3.6996359340808302,0.5745061039924622,5.493820266961502
548842930531426702,0.0,0.0,0.0,0.0,0.0
548942930459670202,0.0,0.0,0.0,0.0,0.0
548942930468881502,5.095238208770752,17.466727120535715,145.57635467980296,73.14838409423828,733.6025162588786
549842930531368902,0.0,0.0,0.0,0.0,0.0
551142930012217002,4.657142639160156,10.617088524070944,146.15495495495492,47.57170486450195,371.598106714197
551142930534783602,0.0,0.0,0.0,0.0,0.0
551142930546057701,0.0,0.0,0.0,0.0,0.0
551242930516939202,3.461538553237915,4.84978035045347,96.47634069400631,61.88762283325195,378.28287484367564
551242930525237102,0.0,0.0,0.0,0.0,0.0
551342930475628502,0.0,0.0,0.0,0.0,0.0
551342930510981301,0.0,0.0,0.0,0.0,0.0
551442930461046401,0.0,0.0,0.0,0.0,0.0
551542930510651401,0.0,0.0,0.0,0.0,0.0
551642930462492502,0.0,0.0,0.0,0.0,0.0
551742930537219302,0.0,0.0,0.0,0.0,0.0
551842930474095401,0.0,0.0,0.0,0.0,0.0
551942930461508601,0.0,0.0,0.0,0.0,0.0
552042930517985101,2.883720874786377,13.051515414353688,159.4750198255353,41.3964729309082,561.2151811313856
552142930517714802,4.309523582458496,9.873722658831792,138.07072042300067,42.2655143737793,414.6963572369769
552242928021779802,3.5714285373687744,4.498234198148332,41.39277204130262,13.292289733886719,94.46291843986965
552442930517302801,0.0,0.0,0.0,0.0,0.0
552542930469038101,0.0,0.0,0.0,0.0,0.0
552642930476017702,0.0,0.0,0.0,0.0,0.0
552742930511122301,0.0,0.0,0.0,0.0,0.0
552742930519002501,0.0,0.0,0.0,0.0,0.0
552842930520109302,0.0,0.0,0.0,0.0,0.0
552842930526058302,0.0,0.0,0.0,0.0,0.0
552842930534076701,0.0,0.0,0.0,0.0,0.0
553042930522335502,2.2857143878936768,4.627318121837376,13.240795672657477,5.387113571166992,32.39122702326165
553142927979773102,0.0,0.0,0.0,0.0,0.0
553142930519641901,0.0,0.0,0.0,0.0,0.0
553142930525095601,0.0,0.0,0.0,0.0,0.0
553442930447528101,0.0,0.0,0.0,0.0,0.0
553442930457344001,0.0,0.0,0.0,0.0,0.0
553642930530697802,0.0,0.0,0.0,0.0,0.0
553742928726828901,2.799999952316284,7.632728677408464,37.02521008403362,2.9615206718444824,38.163643753399796
553942930537403801,0.0,0.0,0.0,0.0,0.0
554042930531433001,4.55555534362793,7.59448352658371,77.21160500399255,56.14714050292969,410.10212170192466
554142930459817702,0.0,0.0,0.0,0.0,0.0
554242930542090802,0.0,0.0,0.0,0.0,0.0
554242930543050701,3.6136362552642822,7.854804553724315,86.68493150684931,42.342655181884766,345.61139619905657
554342930457428302,0.0,0.0,0.0,0.0,0.0
554442929583904102,0.0,0.0,0.0,0.0,0.0
554442930480398002,0.0,0.0,0.0,0.0,0.0
554542928560706302,0.0,3.6584686279296874,0.0,0.45911335945129395,3.6584686279296874
554542928683902002,0.0,0.0,0.0,0.0,0.0
554542930523931701,0.0,0.0,0.0,0.0,0.0
554642930527272401,1.600000023841858,6.600921116402563,61.73027646662171,72.9764175415039,660.0921125251219
554842930541292702,2.9107143878936768,12.326671554038281,58.71148459383753,87.81448364257812,690.2935896658876
554942928088031901,0.0,0.0,0.0,0.0,0.0
554942930477615202,0.0,0.0,0.0,0.0,0.0
554942930525147302,1.211111068725586,6.440155768062436,52.99607439947658,72.82572174072266,579.6140274260354
555042930460461801,0.0,0.0,0.0,0.0,0.0
555142929726669102,1.0,2.4083196915643064,6.346242774566474,3.738212823867798,33.71647652863078
555142930521219102,2.2063491344451904,9.361153745398855,122.52426180176792,89.75635528564453,1179.5053274357651
555542929774131802,2.7142856121063232,11.371598128434066,38.65750915750916,5.223817348480225,79.60118805416046
556042930456816801,26.33333396911621,40.3107152185269,118.63393116257473,0.0,120.93214928318532
556342930477631501,0.0,0.0,0.0,0.0,0.0
556442930454854102,0.0,0.0,0.0,0.0,0.0
556742930508706002,0.0,0.0,0.0,0.0,0.0
556742930527870101,0.0,0.0,0.0,0.0,0.0
556742930538894801,1.75,9.11591044636078,21.911720044174487,29.675697326660156,255.24548253059913
556742930544434101,0.0,0.0,0.0,0.0,0.0
556842930548802901,0.0,0.0,0.0,0.0,0.0
557042930543946701,0.0,0.0,0.0,0.0,0.0
557142930527185802,0.0,0.0,0.0,0.0,0.0
557142930548186002,0.0,0.0,0.0,0.0,0.0
557242928726103501,0.0,0.0,0.0,0.0,0.0
557242930515969802,0.0,0.0,0.0,0.0,0.0
557342930519016702,0.0,0.0,0.0,0.0,0.0
557442930461953502,0.0,0.0,0.0,0.0,0.0
557842930459073502,0.0,0.0,0.0,0.0,0.0
557942930462279901,0.0,0.0,0.0,0.0,0.0
557942930533494001,0.0,0.0,0.0,0.0,0.0
558042930452454801,0.0,0.0,0.0,0.0,0.0
558142930464202002,0.0,14.737761781444481,0.0013101867016049786,54.198646545410156,677.9370193281527
558142930542231401,2.1212120056152344,9.583953921037272,87.77019928291504,20.534269332885742,316.2704882464516
558342930459575501,0.0,0.0,0.0,0.0,0.0
558442930469720701,0.0,0.0,0.0,0.0,0.0
558442930509513301,5.910714149475098,23.194427005828373,316.43650793650795,26.6169376373291,1298.8878945358215
558542930457990002,0.0,0.0,0.0,0.0,0.0
558842930447952101,0.0,0.0,0.0,0.0,0.0
558842930527041001,0.0,0.0,0.0,0.0,0.0
559042929514327501,0.0,0.0,0.0,0.0,0.0
559042930459904901,0.0,0.0,0.0,0.0,0.0
559042930540567602,0.0,0.0,0.0,0.0,0.0
559142930449974901,3.892857074737549,6.105779044464557,133.5434343045312,67.22979736328125,512.8854541825211
559342930474453902,0.0,0.0,0.0,0.0,0.0
559442928242647001,0.0,0.0,0.0,0.0,0.0
559442930531483002,0.0,0.0,0.0,0.0,0.0
559542930523324601,0.0,0.0,0.0,0.0,0.0
559642930035056801,0.0,0.0,0.0,0.0,0.0
559642930456132201,4.034482955932617,6.245063084314404,80.65235457063712,15.866722106933594,181.10683003422957
559742930525871201,0.0,0.0,0.0,0.0,0.0
559842930517085602,0.0,0.0,0.0,0.0,0.0
561142930458888302,0.0,0.0,0.0,0.0,0.0
561242930460817802,0.8634146451950073,6.059813561449963,370.6716581446311,147.42413330078125,1242.2617321306984
561342930508219601,0.0,0.0,0.0,0.0,0.0
561542928897699201,0.0,0.0,0.0,0.0,0.0
561542930473946302,0.0,0.0,0.0,0.0,0.0
561742930458343901,0.0,0.0,0.0,0.0,0.0
561742930527745402,3.2857143878936768,6.2790922174043065,26.88468899521531,8.498773574829102,87.90729113127055
561842930508624602,1.0,1.7667622800733223,1.7663934426229508,0.09176069498062134,1.7667622800733223
562142930457999401,0.0,0.0,0.0,0.0,0.0
562242930516762201,4.204819202423096,6.658866058649128,128.15812431842966,73.4189453125,552.6858815106857
562542927901384601,3.2391304969787598,2.864150391439413,54.726711700441996,27.402097702026367,131.75092358748634
562542930524733502,0.42352941632270813,17.167522206488158,194.735324407827,98.18550109863281,1459.2393253998703
562642929859057801,0.0,0.0,0.0,0.0,0.0
562642930533395402,3.635294198989868,21.219576154436385,211.15959821428572,79.23286437988281,1803.6639897823334
562742928592805401,0.0,0.0,0.0,0.0,0.0
562842930535224101,3.125,7.364951354017217,42.26972740315639,5.18319845199585,58.91961277506102
562942930400107802,0.0,0.0,0.0,0.0,0.0
562942930472538801,3.075000047683716,7.321337830827323,145.40522520070758,59.3322639465332,585.7070380353753
562942930524087901,4.535714149475098,12.578723992463958,67.62909567496723,32.91620635986328,352.20428826768307
563042930447412502,0.0,0.0,0.0,0.0,0.0
563242930523466202,3.6956522464752197,5.8440191871761655,62.88890328151986,14.319112777709961,134.41243720441696
563342930517166701,0.0,0.0,0.0,0.0,0.0
563442930478766302,0.0,0.0,0.0,0.0,0.0
563842930518338801,0.0,18.8108890892094,0.0,76.68925476074219,714.8137638630011
563842930519687902,0.0,0.0,0.0,0.0,0.0
563942929879951101,0.0,0.0,0.0,0.0,0.0
563942930518265001,0.0,0.0,0.0,0.0,0.0
564042930467698902,0.0,0.0,0.0,0.0,0.0
564042930474130202,0.0,0.0,0.0,0.0,0.0
564042930545302301,0.0,0.0,0.0,0.0,0.0
564142930473610102,2.814516067504883,6.3790874452775705,473.1584854694486,99.77196502685547,791.0068548617527
564142930541405401,4.365079402923584,6.5550502321485755,105.31292026897214,65.25470733642578,412.9681577325211
564242930479823502,0.0,0.0,0.0,0.0,0.0
564242930548268301,0.0,0.0,0.0,0.0,0.0
564442930461651601,0.0,0.0,0.0,0.0,0.0
564542930474770502,4.57692289352417,9.54519894304682,155.16264849755416,61.983890533447266,496.35033785155565
564542930518717701,0.0,0.0,0.0,0.0,0.0
564642930546316601,0.0,0.0,0.0,0.0,0.0
564842930451772701,0.0,0.0,0.0,0.0,0.0
564942930476944301,3.033707857131958,6.348383907004831,39.243478260869566,73.57493591308594,565.0061512675262
564942930510791302,0.0,0.0,0.0,0.0,0.0
564942930545163102,0.0,0.0,0.0,0.0,0.0
565042929230337001,0.0,0.0,0.0,0.0,0.0
565142930531312102,4.0227274894714355,8.074315757257782,127.17010609770315,111.17715454101562,710.539818501214
565242929417347501,0.0,0.0,0.0,0.0,0.0
565542930466898901,3.700000047683716,4.963309684106251,18.058115644261814,6.793131351470947,49.63309662608692
565742930510705701,0.0,0.0,0.0,0.0,0.0
565742930510970501,0.0,0.0,0.0,0.0,0.0
565742930533556001,0.0,0.0,0.0,0.0,0.0
565842930455500602,0.0,0.0,0.0,0.0,0.0
565942930532283302,0.0,0.0,0.0,0.0,0.0
566042930480045402,0.0,0.0,0.0,0.0,0.0
566242930517841701,0.0,0.0,0.0,0.0,0.0
566342930464201901,0.4615384638309479,11.835701779881525,80.83424680285667,50.69134521484375,615.4564931105322
566342930534237701,0.0,0.0,0.0,0.0,0.0
566842928663876202,5.1724138259887695,15.707098627940129,208.13271560940842,67.14366149902344,911.0117206989487
566842930455650202,0.12162162363529205,4.876803420941914,22.818858687337446,0.0,360.8834393472247
566842930471587602,0.0,0.0,0.0,0.0,0.0
566842930521696602,0.0,0.0,0.0,0.0,0.0
566842930527942301,0.0,0.0,0.0,0.0,0.0
566842930546245201,0.0,0.0,0.0,0.0,0.0
566942930474848802,3.0740740299224854,5.005271956613311,66.72809604043807,17.70162582397461,135.14234585267914
567042930474703002,0.0,0.0,0.0,0.0,0.0
567242930525117701,0.0,0.0,0.0,0.0,0.0
567242930534208901,2.799999952316284,13.11771178080448,20.976985743380855,6.22763729095459,65.58856059460922
567242930538634301,0.0,0.0,0.0,0.0,0.0
567342930478576802,0.0,0.0,0.0,0.0,0.0
567442929268241802,0.0,0.0,0.0,0.0,0.0
567442930519118001,0.0,4.527792694764529,0.0,14.900151252746582,81.50026840179382
567542930477190301,0.0,0.0,0.0,0.0,0.0
567742930536589701,0.0,0.0,0.0,0.0,0.0
567842930533979901,0.0,9396.878475798147,0.0,0.0,9396.878475798147
567942930449203501,0.0,0.0,0.0,0.0,0.0
567942930477467801,1.192307710647583,5.948358982959298,16.926122107610816,17.253177642822266,154.6573317702979
568142930509898301,0.0,0.0,0.0,0.0,0.0
568242930474081501,0.0,0.0,0.0,0.0,0.0
568542928888035401,0.0,0.0,0.0,0.0,0.0
568642930448284102,3.8720929622650146,9.71890795793656,170.43566702432045,103.3279800415039,835.8260711854396
568642930517970701,0.0,0.0,0.0,0.0,0.0
568642930549098001,0.0,0.0,0.0,0.0,0.0
568742930508158102,0.0,0.0,0.0,0.0,0.0
568842930508896801,0.0,0.0,0.0,0.0,0.0
568842930526668401,0.0,0.0,0.0,0.0,0.0
568842930535912902,0.0,0.0,0.0,0.0,0.0
568942930521809401,0.0,0.0,0.0,0.0,0.0
569042929989643102,0.0,0.0,0.0,0.0,0.0
569042930474384601,0.0,0.0,0.0,0.0,0.0
569042930522915601,0.0,0.0,0.0,0.0,0.0
569042930532748602,0.0,0.0,0.0,0.0,0.0
569142930524772701,6.285714149475098,4.988689327365309,15.013140604467806,7.873415946960449,34.92082476772554
569242930448533202,0.0,0.0,0.0,0.0,0.0
569242930518886302,0.0,0.0,0.0,0.0,0.0
569242930520724301,0.0,0.0,0.0,0.0,0.0
569242930544909101,0.0,0.0,0.0,0.0,0.0
569342930546613702,0.0,0.0,0.0,0.0,0.0
569442930455416802,4.150000095367432,9.365426461245235,119.31359593392631,73.30875396728516,749.234101063051
569442930534471901,2.8085105419158936,7.465029567788504,113.4596051830594,41.54326248168945,350.85639122534093
569742930520040302,0.0,0.0,0.0,0.0,0.0
571142930478703301,0.0,0.0,0.0,0.0,0.0
571242930462540901,0.0,5.841887718023256,0.0,72.48197174072266,397.2483779043274
571442928168238301,0.0,0.0,0.0,0.0,0.0
571442930518125902,0.0,0.0,0.0,0.0,0.0
571542928191310502,3.1588785648345947,10.700026915358947,265.3001443001443,72.53600311279297,1144.902861422804
571642930517592301,0.0,0.0,0.0,0.0,0.0
571642930525404001,0.0,0.0,0.0,0.0,0.0
571642930529436001,0.0,0.0,0.0,0.0,0.0
571842930449526801,0.0,0.0,0.0,0.0,0.0
571942930519538402,0.0,0.0,0.0,0.0,0.0
572042930477638502,3.696969747543335,5.500308543951146,61.354907729339395,28.366132736206055,181.51018190685733
572242930476538501,0.0,0.0,0.0,0.0,0.0
572442930520255801,0.0,0.0,0.0,0.0,0.0
572542930519030002,0.0,0.0,0.0,0.0,0.0
572642930456622302,5.176470756530762,15.679682387107329,106.93717277486911,18.683868408203125,266.5546075673628
572642930468538502,0.0,0.0,0.0,0.0,0.0
572742930509858301,0.0,0.0,0.0,0.0,0.0
572742930525592201,0.0,0.0,0.0,0.0,0.0
573042929681101202,0.0,0.0,0.0,0.0,0.0
573042930464326101,0.0,0.0,0.0,0.0,0.0
573242930529251302,0.0,0.0,0.0,0.0,0.0
573342929456888301,1.465116262435913,2.7432259861041874,22.111066799601197,17.53791618347168,117.95872073568114
573542930474819301,12.708333015441895,5.485311632958528,61.5911214953271,21.335411071777344,131.64747830431594
573642930517772902,0.0,0.0,0.0,0.0,0.0
573742930451856301,0.0,0.0,0.0,0.0,0.0
573842929155647901,0.0,0.0,0.0,0.0,0.0
573842930453679001,0.0,0.0,0.0,0.0,0.0
573842930464965301,1.7142857313156128,16.5970942179362,59.510416666666664,13.816082000732422,116.17966063817342
573842930542908001,0.0,0.0,0.0,0.0,0.0
574042930462561401,6.5,9.637123724005768,23.58166363084396,5.275857448577881,38.54849430308895
574142930464398002,0.0,0.0,0.0,0.0,0.0
574142930517773901,0.0,0.0,0.0,0.0,0.0
574642930461515002,0.0,0.0,0.0,0.0,0.0
574642930461999801,0.0,0.0,0.0,0.0,0.0
574942930517405201,0.0,0.0,0.0,0.0,0.0
575342930459315802,0.0,0.0,0.0,0.0,0.0
575542930456924902,0.0,0.0,0.0,0.0,0.0
575742929649255602,0.0,0.0,0.0,0.0,0.0
575742930543431602,0.0,0.0,0.0,0.0,0.0
575942929642387902,0.0,0.0,0.0,0.0,0.0
575942930519477602,0.0,0.0,0.0,0.0,0.0
575942930530011001,0.0,0.0,0.0,0.0,0.0
576142929047937501,4.454545497894287,4.015415492710415,24.91158841158841,9.865405082702637,44.16957104098904
576242930508191701,0.0,0.0,0.0,0.0,0.0
576342929644467501,4.882352828979492,48.787551353717674,758.8943965517242,77.28388977050781,2488.1651366168053
577042930529391901,0.0,0.0,0.0,0.0,0.0
577342930460467902,0.0,0.0,0.0,0.0,0.0
577642930456314401,0.0,0.0,0.0,0.0,0.0
577642930542833502,0.0,0.0,0.0,0.0,0.0
577842930517373302,0.0,0.0,0.0,0.0,0.0
577842930525195102,0.0,0.0,0.0,0.0,0.0
578242930461628901,0.0,1.1452130096197892,1.1452130096197892,0.22137393057346344,1.1452130096197892
578342930453531001,0.0,0.0,0.0,0.0,0.0
578442930477795202,0.0,0.0,0.0,0.0,0.0
578542930449771801,0.2298850566148758,4.414977641045293,12.548753955696203,56.27821731567383,384.1030503777386
578542930477348802,0.0,0.0,0.0,0.0,0.0
578542930538582801,3.971428632736206,9.56254655661284,95.13168012302961,96.19659423828125,669.3782621293469
578642928247046702,0.0,0.0,0.0,0.0,0.0
578642930450407501,0.0,0.0,0.0,0.0,0.0
578742930456531402,5.695652008056641,8.588593144379844,85.584496124031,36.04728698730469,197.53764577466387
578842930544158201,0.0,0.0,0.0,0.0,0.0
578942930527274801,0.0,0.0,0.0,0.0,0.0
579142930524604301,0.0,0.0,0.0,0.0,0.0
579142930543145301,3.0,5.969762506193375,16.858720271800678,1.5371513366699219,17.909286758232764
579342930462972902,0.0,0.0,0.0,0.0,0.0
579342930530210801,0.0,0.0,0.0,0.0,0.0
579542930533839801,0.9354838728904724,22.13221663135593,73.4606692742286,98.12461853027344,2058.2961867182007
579742930464612902,2.7874999046325684,10.18410653957529,66.34804191947049,122.20523071289062,814.7285475040495
579842929543736402,0.0,0.0,0.0,0.0,0.0
581142928021939101,5.25,34.48177537020906,226.31358885017423,25.98753547668457,689.635519755842
581142929514065002,0.0,0.0,0.0,0.0,0.0
581142930456597102,0.0,0.0,0.0,0.0,0.0
581142930550197802,0.0,0.0,0.0,0.0,0.0
581342930458767201,0.0,0.0,0.0,0.0,0.0
581342930517552302,0.0,0.0,0.0,0.0,0.0
581342930542448702,7.5,14.256675535929952,19.834138486312398,2.1993730068206787,28.513350285577697
581542930464865602,0.0,30.748539919969513,0.0,53.4179801940918,1168.4444819752764
581542930519191201,0.0,0.0,0.0,0.0,0.0
581542930531076401,0.0,0.0,0.0,0.0,0.0
581842930541975902,0.0,0.0,0.0,0.0,0.0
581942930529283101,0.0,0.0,0.0,0.0,0.0
582142930517224801,0.0,0.0,0.0,0.0,0.0
582142930517408502,3.07608699798584,4.758281098839084,90.502902289584,78.85894775390625,437.7618720414407
582342930449478601,2.7714285850524902,2.9615966666028637,40.705229308628745,19.785892486572266,103.6558830250132
582442930543160701,0.0,0.0,0.0,0.0,0.0
582442930544226302,0.5,19.205153354378634,31.93059593023256,8.769429206848145,115.23092172866644
582742930465726302,0.0,0.0,0.0,0.0,0.0
582842930220790102,0.0,0.0,0.0,0.0,0.0
582842930527808601,2.1632652282714844,5.353695518684548,166.85723626715622,19.488954544067383,262.331070174519
582842930538678201,0.0,0.0,0.0,0.0,0.0
582942930480100701,0.0,0.0,0.0,0.0,0.0
582942930527405202,0.0,0.0,0.0,0.0,0.0
583142930542128701,0.0,0.0,0.0,0.0,0.0
583242930458535402,5.354838848114014,3.3462602151581473,140.52336910477266,27.324447631835938,207.46813224975216
583342930515495901,0.0,0.0,0.0,0.0,0.0
583442930447834902,0.0,0.0,0.0,0.0,0.0
583442930515472902,2.423076868057251,9.380276799024259,104.36481908117631,0.0,731.6616039823987
583542930452714702,0.0,0.0,0.0,0.0,0.0
583642930534574102,0.9047619104385376,10.084266226282736,70.2169962586852,76.61941528320312,847.0783192228341
583742930462041502,0.0,0.0,0.0,0.0,0.0
583742930524576502,0.0,0.0,0.0,0.0,0.0
583742930549754102,0.0,0.0,0.0,0.0,0.0
583842930523464402,0.0,0.0,0.0,0.0,0.0
584042930474517201,0.0,0.0,0.0,0.0,0.0
584042930515521701,0.0,0.0,0.0,0.0,0.0
584042930525849001,0.0,0.0,0.0,0.0,0.0
584142930509593402,0.0,0.0,0.0,0.0,0.0
584242930527056502,0.0,0.0,0.0,0.0,0.0
584342929439542302,0.0,0.0,0.0,0.0,0.0
584442930456661802,0.0,0.0,0.0,0.0,0.0
584542930460728101,1.9772727489471436,5.767778515899508,110.3140372452565,68.62294006347656,507.56452386444585
584642929069856702,0.0,0.0,0.0,0.0,0.0
584742930548988402,0.0,0.0,0.0,0.0,0.0
584842930532016401,0.0,0.0,0.0,0.0,0.0
584842930549536902,0.0,0.0,0.0,0.0,0.0
584942929166082202,4.25,5.863521887171997,96.75973759737597,37.636863708496094,281.4490505967682
585042929816225002,0.0,0.0,0.0,0.0,0.0
585042930524706102,0.0,0.0,0.0,0.0,0.0
585142929494098001,0.0,0.0,0.0,0.0,0.0
585142930455279902,0.0,0.0,0.0,0.0,0.0
585342930476207401,0.0,0.0,0.0,0.0,0.0
585342930525444502,0.0,0.0,0.0,0.0,0.0
585542930470647202,3.8275861740112305,7.965333536742035,62.05960945529291,26.694501876831055,230.99466617501898
585642930015479602,0.0,0.0,0.0,0.0,0.0
585642930507653402,0.0,0.0,0.0,0.0,0.0
585742930455366802,0.0,0.0,0.0,0.0,0.0
585942930469500002,0.0,0.0,0.0,0.0,0.0
586142929321228501,0.0,0.0,0.0,0.0,0.0
586242930528427301,0.0,0.0,0.0,0.0,0.0
586342930521266002,2.7622950077056885,5.692590565286624,147.3200636942675,89.78196716308594,694.4960279683398
586342930546496302,3.3684210777282715,4.51915365720524,58.5111615720524,14.161476135253906,85.86392188512811
586442930515845701,2.5757575035095215,11.001574861958135,142.61727377616614,82.1935043334961,1089.1558830383997
586442930542132202,0.0,0.0,0.0,0.0,0.0
586542930542625602,2.761904716491699,26.0297087366145,141.52553542009883,15.591780662536621,546.6238843738738
586642930459044301,5.517857074737549,9.817904891790377,98.42944017170453,60.2783088684082,549.8026838453285
586642930509511902,0.0,0.0,0.0,0.0,0.0
586642930547111102,0.0,0.0,0.0,0.0,0.0
586742930472476902,0.0,0.0,0.0,0.0,0.0
586742930473877602,0.0,0.0,0.0,0.0,0.0
586742930539668202,0.0,0.0,0.0,0.0,0.0
586842930526323702,0.0,0.0,0.0,0.0,0.0
587042930509703002,0.0,0.0,0.0,0.0,0.0
587142930461747102,0.0,0.0,0.0,0.0,0.0
587742928281527002,0.0,0.0,0.0,0.0,0.0
587742930460346402,0.0,0.0,0.0,0.0,0.0
587742930472337201,0.0,0.0,0.0,0.0,0.0
587942929417447601,0.0,0.0,0.0,0.0,0.0
587942930524650302,0.0,0.0,0.0,0.0,0.0
587942930529959002,0.0,0.0,0.0,0.0,0.0
588042929417233502,0.0,0.0,0.0,0.0,0.0
588042930534336502,0.7349397540092468,18.01579196694831,117.15457256461232,82.38804626464844,1495.3107920821096
588142929231894901,6.0,18.344899544585346,98.84299516908213,17.04732322692871,165.10409628212355
588142930449937102,3.555555582046509,7.351105431438281,35.062454077883906,6.895423412322998,66.15994924171106
588142930529250001,0.0,0.0,0.0,0.0,0.0
588142930534105601,0.0,0.0,0.0,0.0,0.0
588242930462767202,2.3839285373687744,16.166470556042032,271.300350262697,128.7908935546875,1810.6447925534223
588242930510749901,0.0,0.0,0.0,0.0,0.0
588642930455895302,0.0,0.0,0.0,0.0,0.0
588642930473831901,0.01904761977493763,3.525986600849621,0.759743970739513,75.04866790771484,370.2285802037974
588642930543710601,0.0,0.0,0.0,0.0,0.0
588642930546161702,0.0,0.0,0.0,0.0,0.0
588742930541310501,0.0,0.0,0.0,0.0,0.0
588842930526032001,0.0,0.0,0.0,0.0,0.0
588842930530071501,0.0,0.0,0.0,0.0,0.0
588842930531093601,3.9666666984558105,7.286389998807252,73.57797164667393,24.417530059814453,218.5917031944383
588942930454522301,4.057971000671387,14.25020777925532,139.82651391162028,0.0,983.2643192871893
588942930460786702,0.0,0.0,0.0,0.0,0.0
588942930509288502,0.0,0.0,0.0,0.0,0.0
589142930533897302,0.0,0.0,0.0,0.0,0.0
589242930509826302,0.0,0.0,0.0,0.0,0.0
589342930458575501,0.0,0.0,0.0,0.0,0.0
589342930543595001,0.0,0.0,0.0,0.0,0.0
589642930477663402,0.0,0.0,0.0,0.0,0.0
589642930522282001,0.0,0.0,0.0,0.0,0.0
589742930477775701,0.0,0.0,0.0,0.0,0.0
589842930532627701,0.0,0.0,0.0,0.0,0.0
589942930461929202,3.4831459522247314,8.331125397162802,127.44097377606731,79.07667541503906,741.4701827337841
591142930517656102,3.9000000953674316,5.365387208716916,47.17635212888378,18.3185977935791,107.30774804829728
591242930459409302,0.0,0.0,0.0,0.0,0.0
591242930525928101,0.0,0.0,0.0,0.0,0.0
591442930460881901,0.0,0.0,0.0,0.0,0.0
591442930542682902,0.0,0.0,0.0,0.0,0.0
591542929861064502,2.644444465637207,4.546167510332977,24.282496633074814,59.142433166503906,409.1550630727038
591642929696689202,0.0,0.0,0.0,0.0,0.0
591642930520245202,0.0,0.0,0.0,0.0,0.0
591742930528396801,0.0,0.0,0.0,0.0,0.0
591842930466935302,0.0,10.819831808613989,10.819948186528498,0.8741772174835205,10.819831808613989
591942930475826602,0.0,0.0,0.0,0.0,0.0
592142930449312802,0.0,14.424658117910122,0.0,75.93559265136719,937.6028307070907
592242930477337602,0.0,0.0,0.0,0.0,0.0
592342929488844701,0.0,0.0,0.0,0.0,0.0
592342930459708602,0.0,0.0,0.0,0.0,0.0
592442930463877002,0.0,0.0,0.0,0.0,0.0
592542929272083201,0.0,0.0,0.0,0.0,0.0
592542930458683501,4.015384674072266,12.471381738872083,108.56266205704408,95.2732925415039,810.6398273359215
592542930471919401,0.0,0.0,0.0,0.0,0.0
592542930473120501,0.0,0.0,0.0,0.0,0.0
592642930456067102,0.0,0.0,0.0,0.0,0.0
592842930526388301,0.0,0.0,0.0,0.0,0.0
593042930472567801,0.0,0.0,0.0,0.0,0.0
593042930525941702,0.0,0.0,0.0,0.0,0.0
593242930475730801,2.569230794906616,8.918642979452056,51.48368617683686,79.9591293334961,579.7117834967664
593342930477133702,0.0,0.0,0.0,0.0,0.0
593342930550723402,5.8947367668151855,29.23935136171145,211.6448598130841,35.32609939575195,555.5476579487881
593442930515371502,0.0,0.0,0.0,0.0,0.0
593442930549666501,0.0,0.0,0.0,0.0,0.0
593542929061068602,3.5,28.34731049905838,111.2165725047081,14.614109992980957,113.38924457097458
593542930521351902,0.0,40.58814453125,40.58833333333333,3.413231372833252,40.58814453125
593542930527158301,0.0,0.0,0.0,0.0,0.0
593742930508002202,0.0,0.0,0.0,0.0,0.0
593742930521614202,0.0,0.0,0.0,0.0,0.0
593942930528641901,3.299999952316284,5.269370433973534,141.47757765116705,78.38301849365234,579.6307629846602
594142930457190501,0.0,0.0,0.0,0.0,0.0
594442930508177201,0.0,0.0,0.0,0.0,0.0
594542930541697702,0.0,0.0,0.0,0.0,0.0
594642930449328501,0.0,0.0,0.0,0.0,0.0
594642930515594001,0.0,0.0,0.0,0.0,0.0
594642930531581601,0.0,0.0,0.0,0.0,0.0
595342930546098901,0.0,0.0,0.0,0.0,0.0
595642930465653401,0.0,0.0,0.0,0.0,0.0
595642930532404801,0.0,0.0,0.0,0.0,0.0
595942930518746201,2.6190476417541504,10.176141445878622,114.51920289855073,71.42806243896484,641.0969111401101
596042930526196402,0.0,0.0,0.0,0.0,0.0
596142930529081401,0.0,0.0,0.0,0.0,0.0
596142930531579402,0.0,0.0,0.0,0.0,0.0
596142930546348202,0.0,0.0,0.0,0.0,0.0
596242930523059101,0.0,0.0,0.0,0.0,0.0
596342928865348301,0.0,0.0,0.0,0.0,0.0
596342930458865101,3.020618438720703,4.938745019920319,133.15316511730853,79.08123016357422,479.0582627831336
596342930519682902,0.0,0.0,0.0,0.0,0.0
596342930530862902,0.0,0.0,0.0,0.0,0.0
596442930460384102,4.0,4.531015931209725,16.445559024779115,2.11163067817688,18.124063335589252
596442930475623901,0.0,0.0,0.0,0.0,0.0
596542928666175601,0.0,22.799904814414113,0.0,119.81348419189453,1937.9919502928794
596542930459563002,0.0,0.0,0.0,0.0,0.0
596542930459823601,0.0,0.0,0.0,0.0,0.0
596542930478696401,1.0888888835906982,6.477542562724015,46.01447477253929,70.94129180908203,582.9788419914404
596842930531387001,0.0,0.0,0.0,0.0,0.0
597042930457165401,0.0,0.0,0.0,0.0,0.0
597242930449725302,0.0,0.0,0.0,0.0,0.0
597542930525509602,0.0,0.0,0.0,0.0,0.0
597542930540997201,3.392857074737549,9.26971536980659,67.81203438395416,22.938125610351562,259.5520322783287
597842927910570102,0.0,0.0,0.0,0.0,0.0
598042930480248302,0.0,0.0,0.0,0.0,0.0
598342930464702101,0.0,0.0,0.0,0.0,0.0
598542930461791302,0.0,0.0,0.0,0.0,0.0
598542930475870101,0.0,0.0,0.0,0.0,0.0
598542930533871601,5.375,8.11148967620109,129.52352649826648,35.87150573730469,324.4595918886847
598642929013099802,3.2941176891326904,13.495289729191708,292.9182692307692,54.289283752441406,458.83987003106336
598642930477505101,0.0,0.0,0.0,0.0,0.0
598742930519103702,0.0,0.0,0.0,0.0,0.0
598742930532516401,0.0,0.0,0.0,0.0,0.0
598942930524473502,0.0,0.0,0.0,0.0,0.0
598942930528649802,0.0,0.0,0.0,0.0,0.0
599242930479376201,3.5411765575408936,7.927029189588221,79.64598333468166,75.636474609375,673.7974985550256
599242930523902202,0.0,0.0,0.0,0.0,0.0
599242930530515602,0.0,0.0,0.0,0.0,0.0
599442930455207201,0.0,0.0,0.0,0.0,0.0
599442930479292302,0.0,0.0,0.0,0.0,0.0
599542930517704302,0.0,0.0,0.0,0.0,0.0
599642930529222701,3.753424644470215,7.636886872634236,249.44174961446797,69.02501678466797,557.4927384400459
599742930537896002,0.0,0.0,0.0,0.0,0.0
599742930543267201,0.0,0.0,0.0,0.0,0.0
599842930469507701,3.0,6.2637786078583,139.74164088967447,84.62680053710938,482.3109417537611
599942930477494401,0.0,0.0,0.0,0.0,0.0
599942930517386201,3.903225898742676,10.227420081126992,273.058106841612,171.28372192382812,951.1500958080343
601142930530304601,0.0,0.0,0.0,0.0,0.0
601142930532628902,0.0,0.0,0.0,0.0,0.0
601342930534500301,0.0,0.0,0.0,0.0,0.0
601542930548744701,0.0,0.0,0.0,0.0,0.0
601742929704138702,0.0,0.0,0.0,0.0,0.0
601842930531541802,0.0,0.0,0.0,0.0,0.0
601942930477296302,0.0,0.0,0.0,0.0,0.0
601942930545625601,0.0,0.0,0.0,0.0,0.0
602042930459604702,6.1785712242126465,11.041074384810333,81.9241334205363,39.827919006347656,309.150095987663
602042930533617202,0.0,0.0,0.0,0.0,0.0
602142930459145702,0.0,0.0,0.0,0.0,0.0
602142930463647002,0.0,0.0,0.0,0.0,0.0
602442930461109002,3.612903118133545,6.050965092741315,176.27419745208917,74.01313781738281,562.7397794120238
602442930476369502,0.0,0.0,0.0,0.0,0.0
602442930543862902,0.0,0.0,0.0,0.0,0.0
602542930516182701,11.285714149475098,4.6355617077754605,30.03336259877085,8.158609390258789,64.89786589156127
602642930517270801,0.0,0.0,0.0,0.0,0.0
602742928923797302,0.0,0.0,0.0,0.0,0.0
602842930465367401,0.0,0.0,0.0,0.0,0.0
602842930550309601,0.0,0.0,0.0,0.0,0.0
603042930517565201,0.0,0.0,0.0,0.0,0.0
603042930517800901,0.0,0.0,0.0,0.0,0.0
603142930464879901,0.0,0.0,0.0,0.0,0.0
603142930536135501,0.0,0.0,0.0,0.0,0.0
603242929528873402,0.0,0.0,0.0,0.0,0.0
603242930453273701,0.0,0.0,0.0,0.0,0.0
603442930540543902,0.0,0.0,0.0,0.0,0.0
603542930459425401,0.0,0.0,0.0,0.0,0.0
603542930461122101,0.0,0.0,0.0,0.0,0.0
603642930473938801,0.0,0.0,0.0,0.0,0.0
603742930532254401,0.0,0.0,0.0,0.0,0.0
603942928288395502,0.0,0.0,0.0,0.0,0.0
604042930533456501,3.0999999046325684,19.758143401342974,295.55371900826447,60.08966064453125,987.9071605829496
604442930516714501,0.0,0.0,0.0,0.0,0.0
604442930524119801,0.0,0.0,0.0,0.0,0.0
604542930549186401,0.0,0.0,0.0,0.0,0.0
604742930527736902,0.0,0.0,0.0,0.0,0.0
604942930455731001,0.0,0.0,0.0,0.0,0.0
604942930518583101,0.0,0.0,0.0,0.0,0.0
605042930463498402,0.0,0.0,0.0,0.0,0.0
605142928043599202,0.0,0.0,0.0,0.0,0.0
605242928247165901,0.0,0.0,0.0,0.0,0.0
605242929514279101,0.0,0.0,0.0,0.0,0.0
605442930523496602,0.0,0.0,0.0,0.0,0.0
605542930518208001,0.0,0.0,0.0,0.0,0.0
605642930462346002,0.0,0.0,0.0,0.0,0.0
605842927909613602,0.0,0.0,0.0,0.0,0.0
605842929488900701,0.0,0.0,0.0,0.0,0.0
606042930459235902,2.717647075653076,6.943580513586755,108.58281980844903,75.97374725341797,590.2043316675654
606042930524723102,0.0,0.0,0.0,0.0,0.0
606042930533821802,0.0,0.0,0.0,0.0,0.0
606142930530396101,0.0,0.0,0.0,0.0,0.0
606242930529461702,4.5714287757873535,13.412100966712792,87.56580565805658,44.50232696533203,563.3082498149238
606342930473257802,0.0,0.0,0.0,0.0,0.0
606342930520935601,0.0,0.0,0.0,0.0,0.0
606342930525324901,0.0,0.0,0.0,0.0,0.0
606442930266044402,0.0,0.0,0.0,0.0,0.0
606442930509031902,3.6020407676696777,14.502747766413325,401.15782664941787,126.17266082763672,1421.2693343283188
606542930474426001,0.0,0.0,0.0,0.0,0.0
606542930508410601,0.0,0.0,0.0,0.0,0.0
606742930451742602,0.0,5.423433348222466,0.0,5.463136196136475,32.54060053672462
607042929816234301,0.0,0.0,0.0,0.0,0.0
607042930523355301,2.0,4.225343437850075,8.450709484690067,0.7192772030830383,8.45068687570015
607342928096763401,0.0,0.0,0.0,0.0,0.0
607342930517964902,0.0,0.0,0.0,0.0,0.0
607542930518974101,0.34567901492118835,5.980858141319336,72.38339041857569,58.083736419677734,484.4495104405439
607642930454021201,0.0,0.0,0.0,0.0,0.0
607642930463621501,0.0,0.0,0.0,0.0,0.0
607642930468169701,4.8222222328186035,10.660427417262454,125.53874538745387,59.352073669433594,479.7192349099585
607642930537271102,0.0,0.0,0.0,0.0,0.0
607742930533867501,0.0,0.0,0.0,0.0,0.0
608142929309521301,356.0,0.2541942043721403,0.2541942043721403,0.03438226133584976,0.2541942043721403
608242929166128302,2.753424644470215,6.213903884211389,97.50613019192711,35.05864334106445,453.6149618713278
608342930460180901,0.0,0.0,0.0,0.0,0.0
608342930466842201,0.0,0.0,0.0,0.0,0.0
608442930450561601,0.0,0.0,0.0,0.0,0.0
608442930544190202,0.0,0.0,0.0,0.0,0.0
608642930550485002,0.0,0.0,0.0,0.0,0.0
608742930527235302,0.0,0.0,0.0,0.0,0.0
608842930448699501,6.659090995788574,19.405609067675982,241.56728778467908,58.85482406616211,853.8467924856498
608942930519744202,0.0,0.0,0.0,0.0,0.0
609142930478083502,0.0,0.0,0.0,0.0,0.0
609142930545018002,0.0,0.0,0.0,0.0,0.0
609242930475241401,8.0,39.415009765625,300.0,56.771873474121094,827.7151958211263
609342930519980402,1.1818181276321411,10.516934271490536,57.49211356466877,10.868250846862793,115.68627782875807
609442929613635201,0.0,0.0,0.0,0.0,0.0
609542928176021402,0.0,0.0,0.0,0.0,0.0
609742930471752701,0.0,0.0,0.0,0.0,0.0
609942930510039901,0.0,0.0,0.0,0.0,0.0
609942930528550401,0.0,0.0,0.0,0.0,0.0
611142930519056902,0.0,0.0,0.0,0.0,0.0
611242930456564601,0.0,0.0,0.0,0.0,0.0
611242930544170802,0.0,0.0,0.0,0.0,0.0
611442929236057902,0.0,0.0,0.0,0.0,0.0
611442930536252502,0.0,0.0,0.0,0.0,0.0
611542928135643301,0.0,0.0,0.0,0.0,0.0
611542930463206002,0.0,0.0,0.0,0.0,0.0
611542930465552501,0.0,0.0,0.0,0.0,0.0
611842930525086802,0.0,0.0,0.0,0.0,0.0
611842930528062002,5.689655303955078,11.362419949740596,179.2036316472114,92.93399810791016,659.0203500276409
611942930458139602,0.0,16.824379258385743,0.0,88.71788787841797,1228.1797065207043
611942930516991901,0.0,0.0,0.0,0.0,0.0
611942930525522002,0.0,0.0,0.0,0.0,0.0
612142929514163102,0.0,0.0,0.0,0.0,0.0
612342928108786601,4.65217399597168,12.753010051060876,272.68471148126116,89.95793151855469,879.9577049241756
612342930457889302,0.0,0.0,0.0,0.0,0.0
612342930543404502,0.0,0.0,0.0,0.0,0.0
612442930473165602,0.0,0.0,0.0,0.0,0.0
612542928601833902,0.0,0.0,0.0,0.0,0.0
612742930457760601,5.166666507720947,26.533697794976636,396.6485981308411,105.93370819091797,1114.4153294500904
612742930473475701,0.0,0.0,0.0,0.0,0.0
612742930509766401,0.0,0.0,0.0,0.0,0.0
612942930464604802,3.204545497894287,9.079622666536729,121.43381843381843,33.95341873168945,399.5034071102129
613142930522255301,0.0,0.0,0.0,0.0,0.0
613142930527786601,0.0,0.0,0.0,0.0,0.0
613142930541713601,0.0,0.0,0.0,0.0,0.0
613242930469281302,0.0,0.0,0.0,0.0,0.0
613342930527812301,0.0,0.0,0.0,0.0,0.0
613642930458178401,0.0,0.0,0.0,0.0,0.0
613742930531180301,0.0,0.0,0.0,0.0,0.0
613842930474030501,0.0,0.0,0.0,0.0,0.0
613842930529166701,0.0,0.0,0.0,0.0,0.0
613842930530935001,0.0,0.0,0.0,0.0,0.0
614042930510485702,0.0,0.0,0.0,0.0,0.0
614142930449855601,3.3428571224212646,6.269685245868883,146.76492097428417,79.48210144042969,658.3169580725953
614142930545162802,0.0,0.0,0.0,0.0,0.0
614242930526869301,0.0,0.0,0.0,0.0,0.0
614342930316630702,2.875,6.092301089638158,32.6,5.952978134155273,48.73841066059313
614442930529223002,0.0,0.0,0.0,0.0,0.0
614642930460835202,3.383838415145874,9.862589161759779,294.3042989133036,110.36425018310547,976.3963608057629
614942930520133301,0.0,0.0,0.0,0.0,0.0
615042930535854102,0.0,0.0,0.0,0.0,0.0
615242930529026902,0.0,0.0,0.0,0.0,0.0
615242930534894001,0.0,0.0,0.0,0.0,0.0
615542930453514002,0.0,0.0,0.0,0.0,0.0
615542930472245601,4.377777576446533,6.30628815874036,103.49665809768638,47.0036735534668,283.78296611952595
615542930472598101,4.333333492279053,16.94250560512204,230.9023668639053,98.53379821777344,1219.8603681445827
615542930524160001,0.0,0.0,0.0,0.0,0.0
615642928791241702,0.018518518656492233,16.57567500588882,0.12060301507537688,54.787940979003906,895.0864583307774
615642930453924201,0.0,0.0,0.0,0.0,0.0
615642930548013602,0.0,0.0,0.0,0.0,0.0
615742930472569902,0.0,0.0,0.0,0.0,0.0
615742930517542101,0.0,0.0,0.0,0.0,0.0
615842930452120801,0.0,0.0,0.0,0.0,0.0
615842930464614501,0.0,0.0,0.0,0.0,0.0
615842930540550801,0.0,0.0,0.0,0.0,0.0
616142930535327501,0.0,0.0,0.0,0.0,0.0
616342928009789001,0.0,0.0,0.0,0.0,0.0
616342930540564901,4.0333333015441895,12.534829417802912,241.12302448094206,164.55210876464844,1128.1346987170778
616542930525105801,0.0,0.0,0.0,0.0,0.0
616842929189316902,5.0,7.233190693986526,43.31192660550459,14.834403991699219,130.1974316168269
616842930524612002,3.1340205669403076,8.52513472176804,121.93176367996512,82.50384521484375,826.9380516828159
616942930507685202,0.0,0.0,0.0,0.0,0.0
617242930472545102,0.0,0.0,0.0,0.0,0.0
617542930461420101,0.0,0.0,0.0,0.0,0.0
617742930535217001,0.0,0.0,0.0,0.0,0.0
617942930460510202,0.0,0.0,0.0,0.0,0.0
618042930451043001,0.0,0.0,0.0,0.0,0.0
618042930525354301,0.0,0.0,0.0,0.0,0.0
618342930517732602,1.8613861799240112,16.397470768666107,106.33305369127517,98.4384536743164,1656.1445529476907
618442930479187302,0.0,0.0,0.0,0.0,0.0
618642930476813602,0.0,0.0,0.0,0.0,0.0
618842930525478901,0.7795275449752808,10.6722131677576,245.26942567567568,197.26016235351562,1355.3711136118384
619042930458308802,1.399999976158142,4.819076122476897,14.644212062256809,3.1389451026916504,24.095381740466166
619442930456902601,0.0,0.0,0.0,0.0,0.0
619642930461679002,0.0,0.0,0.0,0.0,0.0
619642930467832502,0.0,0.0,0.0,0.0,0.0
619842930518854401,0.0,0.0,0.0,0.0,0.0
621242930519112201,0.0,0.0,0.0,0.0,0.0
621342930458041402,0.0,0.0,0.0,0.0,0.0
621342930460442702,0.0,0.0,0.0,0.0,0.0
621442930509631801,0.0,0.0,0.0,0.0,0.0
621442930533515701,0.0,0.0,0.0,0.0,0.0
621442930542426801,0.0,0.0,0.0,0.0,0.0
621842928305365001,0.0,0.0,0.0,0.0,0.0
621942930527380301,2.1818182468414307,8.56390421603805,412.98998664886517,37.059173583984375,471.01474212789077
622142930525597202,3.0,15.261897974620664,26.8121387283237,3.151914596557617,45.78569357105762
622342930454373401,0.0,0.0,0.0,0.0,0.0
622342930530575101,0.0,0.0,0.0,0.0,0.0
622542930524635402,0.0,0.0,0.0,0.0,0.0
623042930453137202,0.0,0.0,0.0,0.0,0.0
623042930474490501,0.0,0.0,0.0,0.0,0.0
623042930476919301,5.5333333015441895,9.569687242161717,49.6017601760176,21.300832748413086,143.54530893458
623142930537296402,3.75,38.787622025184845,473.99445471349355,78.49690246582031,1241.203908359718
623342930473502501,0.46875,9.342389774578383,49.2974319662706,72.2660140991211,896.8694203684914
623742930507962602,0.0,0.0,0.0,0.0,0.0
623742930536195201,0.0,0.0,0.0,0.0,0.0
623942928258542701,3.779660940170288,9.971763083102049,210.22288642186166,48.954498291015625,588.3340123385879
623942930530823901,0.0,0.0,0.0,0.0,0.0
624142929684805401,0.0,0.0,0.0,0.0,0.0
624142930451687501,0.0,0.0,0.0,0.0,0.0
624242930455754701,0.0,0.0,0.0,0.0,0.0
624242930475530502,2.8505747318267822,8.235684954198828,111.98437645308286,69.26048278808594,716.5046051913702
624342930529722402,0.0,0.0,0.0,0.0,0.0
624342930532757901,0.0,0.0,0.0,0.0,0.0
624442928726031502,0.0,0.0,0.0,0.0,0.0
624442930464003901,0.0,0.0,0.0,0.0,0.0
624542930530514701,4.400000095367432,6.592089895013124,21.730568678915137,3.90384578704834,32.96044920166229
624742930142486002,0.0,0.0,0.0,0.0,0.0
624742930530714801,1.454545497894287,4.831226649386005,84.68118628359592,57.01188278198242,372.00445452965005
624942930479378202,0.0,0.0,0.0,0.0,0.0
624942930509974501,0.0,0.0,0.0,0.0,0.0
625042930475269601,0.0,0.0,0.0,0.0,0.0
625142930460858601,0.0,0.0,0.0,0.0,0.0
625342929466954002,0.0,0.0,0.0,0.0,0.0
625442930530055402,0.06976744532585144,3.089569323575949,2.1587816455696203,28.104177474975586,132.85148446710804
625542930533010301,0.0,0.0,0.0,0.0,0.0
625742930470569001,0.0,0.0,0.0,0.0,0.0
625842930518152502,0.0,0.0,0.0,0.0,0.0
626142930480164301,0.0,0.0,0.0,0.0,0.0
626142930540691101,3.763157844543457,7.814649132562278,101.19003558718862,37.19817352294922,296.9566749111189
626142930545055902,0.0,0.0,0.0,0.0,0.0
626442930541959602,0.0,0.0,0.0,0.0,0.0
626642930534157502,0.0,0.0,0.0,0.0,0.0
626742930469978402,0.0,0.0,0.0,0.0,0.0
626742930547755901,0.0,0.0,0.0,0.0,0.0
626942930531391002,0.0,0.0,0.0,0.0,0.0
626942930550762501,0.0,0.0,0.0,0.0,0.0
627142930477846402,0.0,0.0,0.0,0.0,0.0
627142930519283702,0.0,0.0,0.0,0.0,0.0
627242930521030802,0.0,0.0,0.0,0.0,0.0
627242930530633202,0.0,0.0,0.0,0.0,0.0
627742930535001801,0.0,0.0,0.0,0.0,0.0
627742930542430902,0.0,0.0,0.0,0.0,0.0
627842930454353502,0.0,0.0,0.0,0.0,0.0
627842930455116302,0.0,0.0,0.0,0.0,0.0
627842930527026502,0.0,0.0,0.0,0.0,0.0
627942930468002802,0.0,0.0,0.0,0.0,0.0
628042930476683502,0.0,0.0,0.0,0.0,0.0
628242930463571801,0.0,0.0,0.0,0.0,0.0
628242930528148101,0.0,0.0,0.0,0.0,0.0
628442930546282602,0.0,0.0,0.0,0.0,0.0
628542930529940802,3.4000000953674316,13.818930827220864,182.0476772616137,18.095369338989258,207.28396360215464
628742930447174202,0.0,0.0,0.0,0.0,0.0
629142930462199101,0.0,4.154191320813199,0.0,3.654879570007324,24.92514811115129
629342930476512301,0.0,0.0,0.0,0.0,0.0
629342930509172202,0.0,0.0,0.0,0.0,0.0
629442930454891802,0.0,0.0,0.0,0.0,0.0
629442930546221601,0.0,0.0,0.0,0.0,0.0
629542930524103602,0.0,0.0,0.0,0.0,0.0
629942930465575701,0.0,0.0,0.0,0.0,0.0
631342930544564001,0.054054055362939835,9.001506627620222,67.00813810110974,62.214202880859375,666.1114757020435
631442930453559201,0.0,0.0,0.0,0.0,0.0
631442930465223901,0.0,0.0,0.0,0.0,0.0
631442930478758802,0.0,0.0,0.0,0.0,0.0
631442930534697501,3.4634146690368652,5.648812269372693,130.50444975037985,31.79558563232422,231.6013006695134
631442930544035201,0.0,0.0,0.0,0.0,0.0
631542930137891201,0.0,0.0,0.0,0.0,0.0
631642930515728402,0.0,0.0,0.0,0.0,0.0
631742929269314901,0.0,0.0,0.0,0.0,0.0
631842930544615602,0.0,0.0,0.0,0.0,0.0
631842930546616102,0.0,0.0,0.0,0.0,0.0
632142929417331502,0.0,0.0,0.0,0.0,0.0
632142930475451901,4.0,7.182300380699864,17.77676950998185,3.4751312732696533,28.729201245870435
632142930529489601,0.0,0.0,0.0,0.0,0.0
632242928242485402,0.0,0.0,0.0,0.0,0.0
632242928726267002,0.0,0.0,0.0,0.0,0.0
632242930528090201,0.0,0.0,0.0,0.0,0.0
632542930460063802,3.0,0.26055237102657636,0.26055237102657636,0.03781084716320038,0.26055237102657636
632742928602899402,0.0,0.0,0.0,0.0,0.0
632742930471641102,0.0,0.0,0.0,0.0,0.0
632842930545035902,0.0,0.0,0.0,0.0,0.0
633042930524124402,0.0,0.0,0.0,0.0,0.0
633142930479439902,0.0,0.0,0.0,0.0,0.0
633142930480181601,0.0,0.0,0.0,0.0,0.0
633142930546696501,0.0,0.0,0.0,0.0,0.0
633742930519064501,0.0,0.0,0.0,0.0,0.0
634042930454923601,0.0,0.0,0.0,0.0,0.0
634142930378995901,2.049999952316284,4.375897932716203,31.711066931742877,10.403011322021484,87.51795795155014
634242930480300802,0.0,0.0,0.0,0.0,0.0
634342930517827402,0.0,0.0,0.0,0.0,0.0
634342930538918502,0.0,0.0,0.0,0.0,0.0
634442928570877701,0.0,0.0,0.0,0.0,0.0
634442928601879102,3.29347825050354,7.691104149578158,134.5376142488868,91.68228149414062,707.5816025937332
634442930509229101,2.0,11.813554352405024,11.813725490196079,1.467478632926941,11.813554352405024
634542930516387001,0.0,0.0,0.0,0.0,0.0
634542930518933602,5.857142925262451,11.096287602483724,90.39763684591271,15.533924102783203,155.34802613949412
634542930547167301,0.0,0.0,0.0,0.0,0.0
635042930475778201,0.0,6.192668547453704,0.0,17.235063552856445,130.04604060797044
635242930466868001,0.0,0.0,0.0,0.0,0.0
635242930523886601,0.0,0.0,0.0,0.0,0.0
635342930529573401,0.0,0.0,0.0,0.0,0.0
635442930450110302,0.0,0.0,0.0,0.0,0.0
635442930457627902,0.9824561476707458,6.968558008435175,40.51009564293305,50.78640365600586,397.2078004086056
635542930533071202,3.7727272510528564,6.147817440003276,107.4771889589647,87.19215393066406,541.0079418782746
635842930448036901,0.0,0.0,0.0,0.0,0.0
635942930457087702,0.0,70.66413022064617,70.66403992645128,6.138011455535889,70.66413022064617
636142930528352101,0.0,0.0,0.0,0.0,0.0
636342930526638701,0.0,0.0,0.0,0.0,0.0
636442930460092501,0.0,0.0,0.0,0.0,0.0
636442930520175701,0.0,0.0,0.0,0.0,0.0
636542930536561801,0.0,0.0,0.0,0.0,0.0
636742928865301501,13.0,12.671021146924083,25.340314136125656,2.500849485397339,25.342042293848166
636742929020918202,0.0,0.0,0.0,0.0,0.0
636842930510820302,0.0,0.0,0.0,0.0,0.0
636842930525655902,1.0961538553237915,5.7852736914274105,42.143282773564465,49.64777755737305,300.83422062030206
636942930472736801,0.0,0.0,0.0,0.0,0.0
637142930511097902,0.0,0.0,0.0,0.0,0.0
637542930466070001,0.0,0.0,0.0,0.0,0.0
637642930474869901,0.0,0.0,0.0,0.0,0.0
637642930550717001,0.0,0.0,0.0,0.0,0.0
637742930532452802,0.0,0.0,0.0,0.0,0.0
637842928603015501,0.0,0.0,0.0,0.0,0.0
637842930510482502,0.0,0.0,0.0,0.0,0.0
637942930548982002,0.0,0.0,0.0,0.0,0.0
638042930450992201,0.0,0.0,0.0,0.0,0.0
638042930509034601,0.0,0.9988363882211538,0.0,0.16223257780075073,0.9988363882211538
638042930529760102,0.0,0.0,0.0,0.0,0.0
638042930538055401,0.0,0.0,0.0,0.0,0.0
638142930447921202,0.0,0.0,0.0,0.0,0.0
638142930450063801,3.25,12.457773715184711,93.19659713320125,6.742833614349365,149.49328742734676
638142930455866601,0.02500000037252903,12.647600446428571,72.94285714285714,23.225780487060547,505.90400081089564
638142930540569102,0.0,0.0,0.0,0.0,0.0
638242930455311801,0.0,0.0,0.0,0.0,0.0
638242930533781801,0.0,9.189362386738056,0.0,53.73201370239258,661.6341009828168
638542930476079201,2.9433963298797607,4.184999938365198,50.2950334676972,22.988157272338867,221.80499518646647
638642930519829201,0.0,0.0,0.0,0.0,0.0
638742930527718701,0.0,0.0,0.0,0.0,0.0
638842930452336902,0.0,0.0,0.0,0.0,0.0
639042930529309401,0.0,0.0,0.0,0.0,0.0
639142930518547302,0.0,0.0,0.0,0.0,0.0
639142930529139001,0.0,0.0,0.0,0.0,0.0
639342930454898101,0.0,0.0,0.0,0.0,0.0
639342930461614402,0.0,0.0,0.0,0.0,0.0
639342930465207602,0.0,0.0,0.0,0.0,0.0
639442928988290801,0.0,0.0,0.0,0.0,0.0
639442930538235001,0.0,0.0,0.0,0.0,0.0
639542930532563901,2.9473683834075928,4.499328461538462,77.69789538461538,59.0161247253418,512.9234497907903
639642930530084702,0.0,0.0,0.0,0.0,0.0
641142930477278001,0.0,0.0,0.0,0.0,0.0
641242930464771301,0.0,0.0,0.0,0.0,0.0
641242930528742302,0.0,0.0,0.0,0.0,0.0
641242930548136302,1.0,2.822484011511042,2.822469982847341,0.350729763507843,2.822484011511042
641342930545059402,0.0,0.0,0.0,0.0,0.0
641442929528823102,0.0,0.0,0.0,0.0,0.0
641442930464779301,0.0,0.0,0.0,0.0,0.0
641442930524145502,0.0,0.0,0.0,0.0,0.0
641742930516236501,0.0,0.0,0.0,0.0,0.0
641842928570742801,4.714285850524902,87.88918432858911,388.25,22.332500457763672,615.2242915087407
641942930474911501,0.0,0.0,0.0,0.0,0.0
641942930534201702,0.0,0.0,0.0,0.0,0.0
642042930525103802,0.0,0.0,0.0,0.0,0.0
642142930542004602,0.0,0.0,0.0,0.0,0.0
642242930456211802,0.0,0.0,0.0,0.0,0.0
642342930453637401,0.0,0.0,0.0,0.0,0.0
642342930457120101,0.0,0.0,0.0,0.0,0.0
642542930456223802,0.0,0.0,0.0,0.0,0.0
642642930474766001,0.0,0.0,0.0,0.0,0.0
642742930526624501,0.0,0.0,0.0,0.0,0.0
643142930459533201,0.0,0.0,0.0,0.0,0.0
643142930519928302,0.08050847798585892,7.851682876419175,89.1411065056767,227.37100219726562,1852.9972051108157
643242929821047101,0.0,0.0,0.0,0.0,0.0
643442930550034201,0.0,0.0,0.0,0.0,0.0
643742930454947202,0.0,0.0,0.0,0.0,0.0
643742930476853602,6.705882549285889,11.27455295138889,85.76166666666667,42.03948974609375,383.3347888522678
643742930524019802,0.0,0.0,0.0,0.0,0.0
643742930542962201,0.0,0.0,0.0,0.0,0.0
643942930525309802,0.0,0.0,0.0,0.0,0.0
644142930446451802,4.5,24.028535065827548,131.4537037037037,7.008180618286133,144.17120998877067
644142930474924401,2.9040000438690186,4.33107473668734,116.79544482463645,88.28797149658203,541.3843488897188
644642930474099402,6.71999979019165,16.7724609375,126.72585669781931,40.62255859375,419.3115375792126
644642930510593801,5.028571605682373,17.694046188186814,323.2875457875458,77.98845672607422,1238.583241328215
644742929681216001,0.0,0.0,0.0,0.0,0.0
644742930477479302,0.0,0.0,0.0,0.0,0.0
644942930511287101,0.0,0.0,0.0,0.0,0.0
644942930516721002,0.0,0.0,0.0,0.0,0.0
645042930468804501,14.0,32.212522446566226,32.21233356692362,2.665220022201538,32.212522446566226
645242930524530001,0.0,0.0,0.0,0.0,0.0
645342930532493602,0.0,0.0,0.0,0.0,0.0
645542930453093001,0.0,0.0,0.0,0.0,0.0
645742930461298301,0.0,0.0,0.0,0.0,0.0
646142930516997802,0.0,0.0,0.0,0.0,0.0
646442930476673001,0.0,0.0,0.0,0.0,0.0
646442930515735902,0.0,0.0,0.0,0.0,0.0
646742928967163401,0.0,0.0,0.0,0.0,0.0
646742930464184902,0.0,0.0,0.0,0.0,0.0
646742930527254501,3.344827651977539,5.69425537109375,128.164,41.877227783203125,330.2668212924004
647042929800407201,0.0,0.0,0.0,0.0,0.0
647042930457784202,0.0,0.0,0.0,0.0,0.0
647142930520231302,0.0,0.0,0.0,0.0,0.0
647242930515716702,0.0,0.0,0.0,0.0,0.0
647242930529731001,5.769230842590332,10.19830950092789,65.06892895015906,28.4112491607666,265.1560517813722
647542927963609202,3.2289156913757324,13.606654249089017,113.84122852680895,114.35002136230469,1129.3522745339837
647642930462303702,0.0,0.0,0.0,0.0,0.0
647942930515080402,2.0757575035095215,9.698486511001873,92.42172284644195,76.44287109375,640.1001299683074
648042930528529302,0.0,0.0,0.0,0.0,0.0
648342930459509102,2.799999952316284,4.584450524679086,11.67227081676701,3.66050124168396,22.922253510876974
648342930463022901,0.0,0.0,0.0,0.0,0.0
648342930527411001,0.032967034727334976,15.056211324257426,9.839321074964639,71.94044494628906,1370.1152444928505
648342930534785301,0.0,0.0,0.0,0.0,0.0
648342930547014502,5.0,11.569458342863678,23.13860933211345,3.7684202194213867,23.13891579225755
648442930449073502,0.0,0.0,0.0,0.0,0.0
648442930526664902,0.0,0.0,0.0,0.0,0.0
648442930547127301,0.0,0.0,0.0,0.0,0.0
648642930531693201,0.0,0.0,0.0,0.0,0.0
648742930454987101,0.0,0.0,0.0,0.0,0.0
648742930478797202,0.0,0.0,0.0,0.0,0.0
648742930524846701,4.7272725105285645,11.933631273091134,112.99507389162562,16.60765266418457,131.2699392534829
648842930460023301,0.0,0.0,0.0,0.0,0.0
648942929567799701,0.0,1.1749500646222535,0.0,0.13008737564086914,1.1749500646222535
648942930449110702,0.0,0.0,0.0,0.0,0.0
649042930527078002,0.0,0.0,0.0,0.0,0.0
649142930518226402,2.70652174949646,6.950975084479558,76.56427585550426,58.703277587890625,639.4896894711587
649342930117707001,0.0,0.0,0.0,0.0,0.0
649442930480047802,0.0,0.0,0.0,0.0,0.0
649642930467947801,0.0,0.0,0.0,0.0,0.0
649742930539647002,3.6521739959716797,12.682421269848954,205.39194422927963,92.20161437988281,1166.782738606566
649942930476139101,0.0,0.0,0.0,0.0,0.0
649942930479236002,0.0,0.0,0.0,0.0,0.0
651142930450359001,0.0,0.0,0.0,0.0,0.0
651342928887918302,0.0,0.0,0.0,0.0,0.0
651442930479445702,0.0,0.0,0.0,0.0,0.0
651642930515551701,0.0,0.0,0.0,0.0,0.0
651742930533814901,0.0,0.0,0.0,0.0,0.0
651842930526320601,0.0,0.0,0.0,0.0,0.0
651942930454825201,0.0,0.0,0.0,0.0,0.0
651942930478231102,0.0,4.258112536425713,28.60821155184412,32.34973907470703,246.97053663748872
652142930447137102,0.0,0.0,0.0,0.0,0.0
652142930509584901,0.0,0.0,0.0,0.0,0.0
652442930515802601,2.1379311084747314,12.268487149729344,72.7070989981687,68.83348846435547,711.5722591783497
652542930454752501,0.0,0.0,0.0,0.0,0.0
652542930546548902,0.0,0.0,0.0,0.0,0.0
652642930533782602,2.5250000953674316,7.693096057165786,35.329305135951664,32.30545425415039,307.72385413409
652842930516145901,4.161764621734619,14.755961604683195,111.2961432506887,77.82381439208984,1003.4053669350207
652842930529521401,0.0,0.0,0.0,0.0,0.0
653042927963768501,0.0,39.404714756140976,39.40477038091848,3.8460755348205566,39.404714756140976
653042930542015202,0.0,0.0,0.0,0.0,0.0
653142930459478902,0.0,0.0,0.0,0.0,0.0
653142930479524002,3.5,5.18071424160079,50.649267612183216,63.381587982177734,341.92714932141706
653342930508972101,0.0,0.0,0.0,0.0,0.0
653342930533725301,3.941176414489746,8.037280184226553,132.0801461632156,74.7272720336914,546.5350721240769
653542930529153902,1.0,30.794500732421874,30.8,1.779593825340271,30.794500732421874
653642930462867801,0.0,0.0,0.0,0.0,0.0
653742930510384802,0.0,0.0,0.0,0.0,0.0
653842929400256501,0.0,0.0,0.0,0.0,0.0
653842929696743002,0.0,0.0,0.0,0.0,0.0
653842930453388901,0.0,0.0,0.0,0.0,0.0
653842930473075901,0.0,0.0,0.0,0.0,0.0
653942930509065402,0.0,0.0,0.0,0.0,0.0
654042930449629701,0.0,0.0,0.0,0.0,0.0
654042930470916901,0.0,0.0,0.0,0.0,0.0
654242930542632701,0.0,0.0,0.0,0.0,0.0
654342930546863601,3.0888888835906982,5.432083505173965,52.82363527294541,31.802452087402344,244.44376289994688
654542930474824902,0.0,0.0,0.0,0.0,0.0
654542930477661102,0.0,0.0,0.0,0.0,0.0
654642930453465602,0.0,0.0,0.0,0.0,0.0
654642930454790701,0.0,0.0,0.0,0.0,0.0
654642930460302701,0.0,0.0,0.0,0.0,0.0
654942930509543701,0.0,0.0,0.0,0.0,0.0
655042930472188302,0.0,0.0,0.0,0.0,0.0
655042930479484502,0.0,0.0,0.0,0.0,0.0
655142928726124202,0.0,0.0,0.0,0.0,0.0
655342930509983701,0.0,0.0,0.0,0.0,0.0
655342930543181102,0.0,0.0,0.0,0.0,0.0
655442930469818502,0.0,0.0,0.0,0.0,0.0
655442930510824702,0.0,0.0,0.0,0.0,0.0
655842928887872002,0.0,0.0,0.0,0.0,0.0
655842930523085001,0.0,10.84304355685797,0.0,70.04057312011719,1019.2461068276347
656042930475018502,0.0,0.0,0.0,0.0,0.0
656242930456953401,0.0,4.285885182102996,-7.290752888192677,3.6161630153656006,25.7153116782304
656242930473377402,0.0,0.0,0.0,0.0,0.0
656342930342691002,0.0,0.0,0.0,0.0,0.0
656442930472250401,2.4177215099334717,7.521742977776654,80.92326751447425,72.69256591796875,594.2176868096436
656542928592761601,0.0,25.757921294761275,0.0,87.41448974609375,1262.1381399625177
656542930543599602,0.0,0.0,0.0,0.0,0.0
656642930474235001,0.0,0.0,0.0,0.0,0.0
656642930517305401,3.9620254039764404,20.010626287774727,418.6131868131868,94.03807067871094,1580.8394255124606
656742928789992001,0.0,0.0,0.0,0.0,0.0
656842930475431902,0.0,0.0,0.0,0.0,0.0
657242928887312101,0.0,0.0,0.0,0.0,0.0
657342930541170002,0.0,0.0,0.0,0.0,0.0
657442930477734402,2.761467933654785,16.063641943711826,219.36535258189895,130.9679718017578,1750.9370279147981
657742930465781302,0.0,0.0,0.0,0.0,0.0
657742930474796002,0.0,0.0,0.0,0.0,0.0
657742930532598501,0.0,0.0,0.0,0.0,0.0
658142930473567902,0.0,0.0,0.0,0.0,0.0
658142930546394001,0.0,0.0,0.0,0.0,0.0
658642929303719501,4.1518988609313965,7.6974802697416305,113.7396288209607,72.0061264038086,608.1009325516103
658942930456879602,0.0,0.0,0.0,0.0,0.0
658942930479038602,0.0,0.0,0.0,0.0,0.0
659142928232753901,0.0,0.0,0.0,0.0,0.0
659142930532505601,0.0,0.0,0.0,0.0,0.0
659542930519222201,5.400000095367432,13.024572114007448,46.257447722715554,6.731685638427734,65.12286029030005
659742930464854101,0.0,0.0,0.0,0.0,0.0
659742930544352401,0.0,0.0,0.0,0.0,0.0
659842930534373901,0.0,0.0,0.0,0.0,0.0
659942929259428501,0.0,0.0,0.0,0.0,0.0
659942930461469101,3.5,24.41888688568376,39.74786324786325,2.9761011600494385,48.83777585803953
659942930519363301,0.0,0.0,0.0,0.0,0.0
661142930533758202,0.0,0.0,0.0,0.0,0.0
661242930541930402,0.0,0.0,0.0,0.0,0.0
661342930531787402,0.0,0.0,0.0,0.0,0.0
661542930458841401,0.0,0.0,0.0,0.0,0.0
661542930526107101,4.483333110809326,9.907851356443105,127.18161266013564,67.53497314453125,594.4710908615239
661642928062746602,0.0,0.0,0.0,0.0,0.0
662142928255461701,0.0,0.0,0.0,0.0,0.0
662142930529150601,0.0,0.0,0.0,0.0,0.0
662242930517506301,1.8181818723678589,15.223955021348111,72.86191860465117,97.03079223632812,1172.244550882384
662342930463195201,0.0,0.0,0.0,0.0,0.0
662342930464993502,0.0,0.0,0.0,0.0,0.0
662542930461143901,0.0,0.0,0.0,0.0,0.0
662542930525213101,0.0,0.0,0.0,0.0,0.0
662742929621897902,0.0,0.0,0.0,0.0,0.0
662742930474015002,2.7066667079925537,4.313301529666255,39.142854690289795,44.702476501464844,323.4976245957144
662942930534037001,0.0,0.0,0.0,0.0,0.0
663042930479679601,0.0,0.0,0.0,0.0,0.0
663042930524347201,0.0,0.0,0.0,0.0,0.0
663142929839447601,0.0,0.0,0.0,0.0,0.0
663342930451105601,0.0,0.0,0.0,0.0,0.0
663542930529957101,0.0,0.0,0.0,0.0,0.0
663642930480208101,0.0,0.0,0.0,0.0,0.0
663742930515497202,1.75,7.451446290173493,20.60523321956769,3.251253128051758,29.80578528329374
663842930455452701,0.0,0.0,0.0,0.0,0.0
664042930448245002,0.0,0.0,0.0,0.0,0.0
664042930459310502,0.0,0.0,0.0,0.0,0.0
664042930542970902,0.0,0.0,0.0,0.0,0.0
664242930518346602,0.0,13.36051214831706,0.0,103.62772369384766,1376.1327006993288
664642930528521401,0.0,0.0,0.0,0.0,0.0
664742929309406402,0.0,0.0,0.0,0.0,0.0
664742930179843902,0.0,0.0,0.0,0.0,0.0
664742930518939202,0.0,0.0,0.0,0.0,0.0
664742930532198301,1.54347825050354,11.01571170823991,89.15067264573992,40.486000061035156,506.7227418779792
664942930450522402,0.0,0.0,0.0,0.0,0.0
665142930474649402,0.0,0.0,0.0,0.0,0.0
665242930463609802,0.0,0.0,0.0,0.0,0.0
665342930460685202,2.383333444595337,10.572143977076125,64.85121107266436,79.02510833740234,634.3286350531208
665342930528787802,0.0,0.0,0.0,0.0,0.0
665642930550842201,0.0,0.0,0.0,0.0,0.0
665742930527645201,0.0,14.37394960541699,36.17225253312549,8.818227767944336,129.36554423664475
665842929380279101,0.0,0.0,0.0,0.0,0.0
665842930471889901,0.0,0.0,0.0,0.0,0.0
665842930528854901,0.0,0.0,0.0,0.0,0.0
665942929400362701,0.0,25.655424911610403,0.0,57.48215866088867,1718.9134266567926
665942930515546002,0.4430379867553711,19.091385098646313,49.30069124423963,98.81690216064453,1508.2194674554783
665942930524702001,0.0,0.0,0.0,0.0,0.0
665942930543219101,0.0,0.0,0.0,0.0,0.0
666042930475028101,0.0,0.0,0.0,0.0,0.0
666042930525712202,0.0,0.0,0.0,0.0,0.0
666142930462109402,0.0,0.0,0.0,0.0,0.0
666142930464828901,5.760000228881836,8.671389553474238,40.95645863570392,21.92264175415039,216.7847332781389
666142930533023602,0.0,0.0,0.0,0.0,0.0
666242928113204401,0.0,0.0,0.0,0.0,0.0
666242930516082801,0.0,0.0,0.0,0.0,0.0
666242930525492302,0.0,0.0,0.0,0.0,0.0
666342930519029801,0.0,0.0,0.0,0.0,0.0
666342930544643602,0.0,0.0,0.0,0.0,0.0
666442930480433801,0.0,0.0,0.0,0.0,0.0
666442930546688702,0.0,0.0,0.0,0.0,0.0
666942930531738801,2.8214285373687744,12.605628815707782,143.89507450331126,122.42388916015625,1058.8728435827013
667042929885514702,0.0,0.0,0.0,0.0,0.0
667042930450950202,0.0,0.0,0.0,0.0,0.0
667142927966337801,0.0,0.0,0.0,0.0,0.0
667142930518229601,0.0,0.0,0.0,0.0,0.0
667242930457538102,0.0,0.0,0.0,0.0,0.0
667342928113248801,3.454545497894287,3.7078088543323786,50.3500238625517,10.05429458618164,81.57179286146432
667442930464212402,0.0,0.0,0.0,0.0,0.0
667442930515645402,0.0,0.0,0.0,0.0,0.0
667442930549503402,4.599999904632568,14.021091286195528,49.091743119266056,8.652616500854492,140.21091818153312
667942930528227902,0.0,0.0,0.0,0.0,0.0
667942930530965901,297.0,0.8010253123998718,0.8010253123998718,0.13382963836193085,0.8010253123998718
668042928091088502,0.0,0.0,0.0,0.0,0.0
668142930526970101,0.0,0.0,0.0,0.0,0.0
668242930533365502,3.7941176891326904,9.1372528674917,79.00060368246302,32.210418701171875,310.6666051955012
668442930532995202,0.0,0.0,0.0,0.0,0.0
668642930527433401,0.0,0.0,0.0,0.0,0.0
668642930544536701,0.0,0.0,0.0,0.0,0.0
668742928235978602,0.0,0.0,0.0,0.0,0.0
668842930538829901,0.0,0.0,0.0,0.0,0.0
668942930527960502,0.0,0.0,0.0,0.0,0.0
668942930529847002,0.0,0.0,0.0,0.0,0.0
669142930289529202,0.0,0.0,0.0,0.0,0.0
669142930450104201,5.935483932495117,7.575204836841677,69.50195058517555,39.4563102722168,234.83134125113023
669242930527333102,2.0,18.112879828673023,47.69626636495878,7.4396443367004395,90.56439712299984
669242930529373802,0.0,0.0,0.0,0.0,0.0
669342930526060301,0.0,0.0,0.0,0.0,0.0
669442930474293901,0.0,0.0,0.0,0.0,0.0
669642930539906702,0.0,0.0,0.0,0.0,0.0
669842930542477401,0.7419354915618896,4.663634540929204,19.130973451327435,35.91652297973633,289.1453402149572
671142930534395002,0.0,0.0,0.0,0.0,0.0
671242930455919502,0.0,0.0,0.0,0.0,0.0
671542930478300201,0.0,0.0,0.0,0.0,0.0
671642928739595002,0.0,0.0,0.0,0.0,0.0
671742930528968102,0.0,0.0,0.0,0.0,0.0
671842927929385701,0.0,0.0,0.0,0.0,0.0
671942930546143302,0.0,0.0,0.0,0.0,0.0
672042929801894901,3.5322580337524414,10.96380094115497,79.24298245614035,92.44384765625,679.7556663195293
672142928726429701,0.0,0.0,0.0,0.0,0.0
672142929373030202,0.0,0.0,0.0,0.0,0.0
672442930530787602,0.0,0.0,0.0,0.0,0.0
672542930080417901,0.0,0.0,0.0,0.0,0.0
672742930531909101,0.0,0.0,0.0,0.0,0.0
673042930517612002,0.0,0.0,0.0,0.0,0.0
673042930529893101,1.9770114421844482,9.661696483213849,207.13883546074487,91.42522430419922,840.5675837421234
673142930477769301,0.0,0.0,0.0,0.0,0.0
673142930516487402,2.3263158798217773,10.928588207823191,119.074540871444,121.17142486572266,1038.215871256399
673242930461406401,0.0,0.0,0.0,0.0,0.0
673342930467794802,0.0,0.0,0.0,0.0,0.0
673342930518841002,0.0,0.0,0.0,0.0,0.0
673342930534726802,0.0,0.0,0.0,0.0,0.0
673442930531133301,1.0,11.7904689841701,28.834769576620456,4.896141529083252,47.16187707794521
673542930463546502,0.0,0.0,0.0,0.0,0.0
673742930533903301,0.0,0.0,0.0,0.0,0.0
673842930475061702,0.0,0.0,0.0,0.0,0.0
674042930461682601,4.013888835906982,17.287398488898027,385.2294407894737,122.51937866210938,1244.6927240459543
674142930516069702,0.0,0.0,0.0,0.0,0.0
674242930435870002,3.403846263885498,10.636541409100122,118.74949331171463,0.0,553.1001632417509
674242930473017302,0.0,0.0,0.0,0.0,0.0
674342930457227401,4.6315789222717285,7.773624629764766,66.90693681318682,21.704227447509766,147.69887429541285
674342930524419701,0.0,0.0,0.0,0.0,0.0
674542930458635101,0.0,0.0,0.0,0.0,0.0
674542930480126701,2.6869564056396484,22.383491938164894,407.2505319148936,77.57184600830078,2574.101554172597
674742930528798301,1.6944444179534912,4.482066662731919,25.96139317853572,45.017486572265625,322.7088146211836
675142930451155701,0.0,0.0,0.0,0.0,0.0
675142930540256901,0.0,0.0,0.0,0.0,0.0
675242928055989402,0.0,0.0,0.0,0.0,0.0
675342930525185901,4.114285945892334,8.49477375322442,116.03095442820292,72.57903289794922,594.634170141354
675442930516295301,0.0,0.0,0.0,0.0,0.0
675542930448864102,3.109999895095825,11.474011942725436,132.6228845668098,77.84612274169922,1147.40123708262
675642929321111502,0.0,0.0,0.0,0.0,0.0
675642930451386202,0.0,0.0,0.0,0.0,0.0
675642930524949302,7.599999904632568,95.233642578125,255.734375,24.43364143371582,476.16820430755615
675742930526577702,0.0,0.0,0.0,0.0,0.0
675742930528981401,0.0,0.0,0.0,0.0,0.0
675842930459007402,3.2835819721221924,5.150673494427473,79.16395112016293,53.395790100097656,345.0951249415477
675942930475206502,0.0,0.0,0.0,0.0,0.0
676142929194519602,3.0,366.8764299084859,366.87687188019964,22.764751434326172,366.8764299084859
676142930524860502,0.0,0.0,0.0,0.0,0.0
676242930220737602,0.0,0.0,0.0,0.0,0.0
676242930469479001,0.0,0.0,0.0,0.0,0.0
676242930473283902,0.0,0.0,0.0,0.0,0.0
676242930542299602,0.0,0.0,0.0,0.0,0.0
676342930012382501,0.0,0.0,0.0,0.0,0.0
676442930461411002,0.0,0.0,0.0,0.0,0.0
676442930464954101,0.0,0.0,0.0,0.0,0.0
676442930546368201,0.0,0.0,0.0,0.0,0.0
676542930477748601,0.0,0.0,0.0,0.0,0.0
676542930517857402,2.972972869873047,22.057942708333332,69.53294573643412,48.737789154052734,816.1438844370288
676742930475025802,0.0,0.0,0.0,0.0,0.0
676842930545340301,2.1318681240081787,12.409930840989684,235.3223726627982,85.87576293945312,1129.303698194173
676942930479197201,0.0,0.0,0.0,0.0,0.0
676942930533687801,0.0,0.0,0.0,0.0,0.0
677042930478874701,0.0,0.0,0.0,0.0,0.0
677142930527521402,0.0,0.0,0.0,0.0,0.0
677242928932243302,0.0,0.0,0.0,0.0,0.0
677242928988167902,0.0,0.0,0.0,0.0,0.0
677242930517222601,0.0,0.0,0.0,0.0,0.0
677242930544609802,0.0,0.0,0.0,0.0,0.0
677242930547631701,0.0,0.0,0.0,0.0,0.0
677742930447987101,0.0,0.0,0.0,0.0,0.0
677742930519472901,0.0,0.0,0.0,0.0,0.0
677842930461361101,0.0,0.0,0.0,0.0,0.0
677942930525818002,1.6666666269302368,3.342469854504385,5.050119585437151,0.7581741809844971,10.027409719223359
678142930479964501,0.0,0.0,0.0,0.0,0.0
678142930521363801,0.0,0.0,0.0,0.0,0.0
678242930530196802,0.0,0.0,0.0,0.0,0.0
678542930476045002,0.0,0.0,0.0,0.0,0.0
678642930458165102,2.7142856121063232,16.130317938471983,96.00987410515923,12.751996040344238,112.91222846210812
678742930222068601,0.0,0.0,0.0,0.0,0.0
678742930462308501,0.0,0.0,0.0,0.0,0.0
678742930528119502,0.0,0.0,0.0,0.0,0.0
678842930547371802,0.0,0.0,0.0,0.0,0.0
679042928030516801,0.0,0.0,0.0,0.0,0.0
679142930464344202,1.0,10.21764767018115,42.46306255307105,62.92573928833008,531.3176872842952
679242930478303301,0.0,0.0,0.0,0.0,0.0
679342930519642702,0.0,0.0,0.0,0.0,0.0
679442930456249102,0.0,0.0,0.0,0.0,0.0
679442930546701301,4.454545497894287,17.95955318697808,77.07933194154488,11.681096076965332,197.55509378516848
679742929946486602,0.6065573692321777,10.900886725700623,102.68505338078292,61.70563507080078,664.9540906206993
679942930541716201,0.0,0.0,0.0,0.0,0.0
681142930454118401,0.0,0.0,0.0,0.0,0.0
681342930534908101,0.0,0.0,0.0,0.0,0.0
681442930464803501,0.0,0.0,0.0,0.0,0.0
681742930510597001,3.303030252456665,7.5092171223958335,98.45666666666666,22.804880142211914,247.80416562398275
682042930525009502,0.0,0.0,0.0,0.0,0.0
682442928121580101,0.0,0.0,0.0,0.0,0.0
682442930509273402,0.0,0.0,0.0,0.0,0.0
682542930478153201,0.0,0.0,0.0,0.0,0.0
682542930521194702,0.0,0.0,0.0,0.0,0.0
682542930523950602,1.6666666269302368,1.7600170075422175,5.2800581873379295,0.6460042595863342,5.280051177038533
682542930531441302,5.305084705352783,8.32842927137565,99.27392871445736,68.78518676757812,491.3773099252306
682642930545320202,0.0,0.0,0.0,0.0,0.0
682842928064987401,0.0,0.0,0.0,0.0,0.0
682842930526003901,0.0,0.0,0.0,0.0,0.0
683042930455966702,0.0,0.0,0.0,0.0,0.0
683142930518339501,0.0,0.0,0.0,0.0,0.0
683342930517481102,0.0,0.0,0.0,0.0,0.0
683342930549650701,0.0,0.0,0.0,0.0,0.0
683442930464374402,0.0,0.0,0.0,0.0,0.0
683542930530462101,0.0,0.0,0.0,0.0,0.0
683642929780713401,0.0,0.0,0.0,0.0,0.0
683742930461427702,0.0,0.0,0.0,0.0,0.0
683842930531713201,0.0,0.0,0.0,0.0,0.0
684142930516547701,0.0,0.0,0.0,0.0,0.0
684342930519896201,0.0,0.0,0.0,0.0,0.0
684342930526179301,0.0,7.208574187197092,0.0,66.19072723388672,519.0173621108344
684342930538673401,0.0,16.080175985125262,0.0,68.62149047851562,852.2493076757693
684342930549015902,0.0,0.0,0.0,0.0,0.0
684742928878191202,0.0,0.0,0.0,0.0,0.0
684942930529277701,0.0,0.0,0.0,0.0,0.0
685042930523351301,0.0,0.0,0.0,0.0,0.0
685142930474884601,0.0,0.0,0.0,0.0,0.0
685142930523762602,0.0,0.0,0.0,0.0,0.0
685142930546857301,0.0,0.0,0.0,0.0,0.0
685242928725986102,272.0,2.3836461463341347,2.383076923076923,0.31840434670448303,2.3836461463341347
685542930545717101,0.0,0.0,0.0,0.0,0.0
685642930473229702,3.8026316165924072,8.850249966559657,174.4633493846977,91.06160736083984,672.618989302552
685642930480066702,0.0,0.0,0.0,0.0,0.0
686142928159082502,0.0,0.0,0.0,0.0,0.0
686142930516730902,0.0,0.0,0.0,0.0,0.0
686242930478176701,0.0,0.0,0.0,0.0,0.0
686242930534114102,3.0,16.41190063346099,135.65514784467405,86.86697387695312,1181.6568421029858
686442930474073202,0.0,0.0,0.0,0.0,0.0
686442930536461201,2.410959005355835,10.86271469465649,99.14650616559014,77.76581573486328,792.9781617211091
686442930544290302,0.0,0.0,0.0,0.0,0.0
686542930549153402,4.063291072845459,9.479942125899667,125.84455902889677,80.05464935302734,748.9154542618605
686642930530558201,0.0,0.0,0.0,0.0,0.0
686742930460247802,0.0,0.0,0.0,0.0,0.0
686742930471518302,0.0,0.0,0.0,0.0,0.0
686742930480404201,1.4835164546966553,6.898151612858102,56.624888093106534,56.783512115478516,627.7317893362087
686742930530161202,0.0,0.0,0.0,0.0,0.0
686942930508038502,0.0,0.0,0.0,0.0,0.0
687042930454546001,0.0,0.0,0.0,0.0,0.0
687142930472558801,0.0,0.0,0.0,0.0,0.0
687242930525582202,0.0,0.0,0.0,0.0,0.0
687342930521812002,0.0,0.0,0.0,0.0,0.0
687442930545692702,0.0,10.610849237372577,95.12079405227256,76.05928039550781,689.7052263201558
687542930516092602,0.0,0.0,0.0,0.0,0.0
687742930448383602,0.0,0.0,0.0,0.0,0.0
687842930528045202,0.0,0.0,0.0,0.0,0.0
687942930478920301,0.0,0.0,0.0,0.0,0.0
688042930519267601,0.0,0.0,0.0,0.0,0.0
688242930479600701,0.5,20.959545970314032,67.95583905789991,73.08283233642578,1257.5727912109196
688242930479708301,0.0,0.0,0.0,0.0,0.0
688342930454573002,0.0,0.0,0.0,0.0,0.0
688442930478551502,0.0,0.0,0.0,0.0,0.0
688542930547601101,2.125,8.2699400851234,52.283973187081045,102.54097747802734,595.4356692707589
688742928087825902,43.0,0.12553641155723866,0.2510571652310102,0.02901427261531353,0.2510728277446893
688842930462822501,0.0,0.0,0.0,0.0,0.0
689042929230287301,0.0,0.0,0.0,0.0,0.0
689142930539934701,0.0,0.0,0.0,0.0,0.0
689242930533588202,0.0,0.0,0.0,0.0,0.0
689442930543590601,0.0,0.0,0.0,0.0,0.0
689542930547519802,0.0,0.0,0.0,0.0,0.0
689642930516857701,0.0,0.0,0.0,0.0,0.0
689842929800307001,0.0,0.0,0.0,0.0,0.0
689842930445443202,0.0,0.0,0.0,0.0,0.0
689842930531065801,3.4482758045196533,7.385654256906548,147.96862210095497,52.592437744140625,428.36794526645303
691142930454716601,0.0,0.0,0.0,0.0,0.0
691142930459899401,0.0,0.0,0.0,0.0,0.0
691142930477836702,1.0,9.113006214319695,9.113225499524262,1.2267992496490479,9.113006214319695
691142930520228202,0.0,0.0,0.0,0.0,0.0
691142930545181902,0.0,0.0,0.0,0.0,0.0
691242930471865101,0.0,0.0,0.0,0.0,0.0
691242930519659401,0.0,0.0,0.0,0.0,0.0
691242930521321801,0.0,4.0896610859426366,11.538132807363576,53.603267669677734,523.4766039539528
691242930545521202,0.0,0.0,0.0,0.0,0.0
691742930461913501,0.0,0.0,0.0,0.0,0.0
691742930480379601,0.0,0.0,0.0,0.0,0.0
691842930446404902,0.0,0.0,0.0,0.0,0.0
691942930460283802,0.0,0.0,0.0,0.0,0.0
691942930461252602,0.8409090638160706,7.790692335289582,39.85743660041124,62.81708908081055,685.5809127645513
691942930544112801,0.0,0.0,0.0,0.0,0.0
692042930455091602,0.0,0.0,0.0,0.0,0.0
692042930476840302,0.0,0.0,0.0,0.0,0.0
692042930526194602,0.0,0.0,0.0,0.0,0.0
692142930465080401,0.0,0.0,0.0,0.0,0.0
692242928258200901,0.0,0.0,0.0,0.0,0.0
692242930461896101,0.0,0.0,0.0,0.0,0.0
692242930478049202,5.375,7.004895759351326,35.18055555555556,14.528467178344727,112.07833250724909
692342930460767302,0.0,0.0,0.0,0.0,0.0
692342930530025502,0.0,0.0,0.0,0.0,0.0
692442930461132602,0.0,0.0,0.0,0.0,0.0
692542930461026101,0.0,0.0,0.0,0.0,0.0
692542930464877602,0.0,0.0,0.0,0.0,0.0
692642930474182301,1.7272727489471436,17.96200873251464,47.66558230318803,104.75434112548828,987.9104618750072
692742930515987001,0.0,0.0,0.0,0.0,0.0
692942930479854902,0.0,0.0,0.0,0.0,0.0
693342928042043202,0.0,0.0,0.0,0.0,0.0
693342930521784902,0.0,0.0,0.0,0.0,0.0
693442930478861301,0.0,0.0,0.0,0.0,0.0
693642930542975801,0.0,0.0,0.0,0.0,0.0
693642930549537501,0.0,0.0,0.0,0.0,0.0
693842930526783301,4.857142925262451,6.872649294038059,33.33519553072626,3.3716320991516113,48.10854727462684
693942930517351702,0.0,0.0,0.0,0.0,0.0
694042930471569902,0.0,0.0,0.0,0.0,0.0
694342930515665501,0.0,94.30619240487515,0.0,2.9818825721740723,94.30619240487515
694342930533946902,3.3333332538604736,7.52011953522307,37.18539066111882,6.6187520027160645,45.12071766282362
694542930474143501,4.5714287757873535,10.2303929315883,174.99398578458175,112.03228759765625,716.1275145917593
694542930527930802,0.0,0.0,0.0,0.0,0.0
694642930542427401,0.0,0.0,0.0,0.0,0.0
694842928181430002,0.0,0.0,0.0,0.0,0.0
694842930547250201,5.190476417541504,10.256642320911721,77.39652677279305,20.972204208374023,215.38949259662766
694942930509632101,0.0,0.0,0.0,0.0,0.0
695042930476106001,0.0,0.0,0.0,0.0,0.0
695142930529650002,0.0,0.0,0.0,0.0,0.0
695242930446942902,0.0,0.0,0.0,0.0,0.0
695242930468155102,0.0,0.0,0.0,0.0,0.0
695342930458421202,0.0,0.0,0.0,0.0,0.0
695642929248923802,0.0,0.0,0.0,0.0,0.0
695842930524152402,0.0,0.0,0.0,0.0,0.0
696042930517018501,0.0,0.0,0.0,0.0,0.0
696142928633821702,2.4800000190734863,4.250832811066326,54.622624197142486,0.0,212.5416418413829
696642930474802301,0.0,6.0557388117283955,0.0,19.67313003540039,169.56068871048146
696642930541606002,0.0,0.0,0.0,0.0,0.0
696642930544942101,0.0,0.0,0.0,0.0,0.0
696842928030437801,0.0,0.0,0.0,0.0,0.0
696942930473808002,0.0,20.60222945219617,0.0,66.02394104003906,1091.9181555416656
697042930473910301,0.0,0.0,0.0,0.0,0.0
697242930479552002,2.799999952316284,8.257432524008674,40.91697645600991,2.832289934158325,41.28716375452583
697342929012746502,0.0,0.0,0.0,0.0,0.0
697342930534528301,0.0,0.0,0.0,0.0,0.0
697442930527780301,0.0,0.0,0.0,0.0,0.0
697642930537356401,0.0,0.0,0.0,0.0,0.0
697742930508268501,0.7818182110786438,12.791512005082932,176.50882825040128,76.1429443359375,1407.0663584887247
697942930448206801,0.0,0.0,0.0,0.0,0.0
697942930532346202,0.0,0.0,0.0,0.0,0.0
697942930534180601,0.0,0.0,0.0,0.0,0.0
698142930476799201,0.0,0.0,0.0,0.0,0.0
698142930519445901,0.0,0.0,0.0,0.0,0.0
698442930520214102,2.82608699798584,15.54314583882446,176.07063784923562,165.643310546875,1429.969375974012
698542928135348302,0.0,0.0,0.0,0.0,0.0
698542930517150901,0.0,0.0,0.0,0.0,0.0
698642930472207101,0.0,0.0,0.0,0.0,0.0
698642930518661301,0.0,0.0,0.0,0.0,0.0
698642930527561602,0.0,0.0,0.0,0.0,0.0
698842930453783402,0.0,0.0,0.0,0.0,0.0
698942930522124802,4.7462687492370605,9.546792495938261,105.35553750338478,68.60340118408203,639.6351141827622
699142928159330601,0.0,0.0,0.0,0.0,0.0
699742930449276401,6.400000095367432,12.68401536554428,56.43050430504305,5.486980438232422,63.42007429397414
699742930529576902,4.5,1.9026721869401075,3.805349372920399,0.6385332345962524,3.8053442489042104
699742930529711202,0.0,0.0,0.0,0.0,0.0
699842928265614001,0.0,0.0,0.0,0.0,0.0
699842929800132601,0.0,0.0,0.0,0.0,0.0
699842930526989702,0.0,0.0,0.0,0.0,0.0
699942930472631801,3.6808509826660156,6.534061139771079,133.5382879251975,78.79720306396484,614.2017293816591
701442930518355201,4.789473533630371,8.636450226977951,132.74448767833982,24.726776123046875,164.09255565836273
701542930477281501,0.0,0.0,0.0,0.0,0.0
701542930525900501,0.0,0.0,0.0,0.0,0.0
701642928043515102,0.0,0.0,0.0,0.0,0.0
701642930527873402,0.3333333432674408,17.476392055615165,169.3376251788269,76.41639709472656,1677.733700098739
701742930453720802,0.0,0.0,0.0,0.0,0.0
701742930526291201,0.0,0.0,0.0,0.0,0.0
701742930526811201,0.0,0.0,0.0,0.0,0.0
701942930508392401,0.0,0.0,0.0,0.0,0.0
702142930534562902,0.0,0.0,0.0,0.0,0.0
702242930521210002,0.0,0.0,0.0,0.0,0.0
702442930463800001,0.5955055952072144,4.952119517010501,24.47394775243927,67.1353759765625,440.73861808987516
702542930464549202,8.25,23.343602964240905,39.89084065244668,7.497634410858154,93.37441522653309
702542930469787202,0.0,0.0,0.0,0.0,0.0
702742930465685701,0.0,0.0,0.0,0.0,0.0
702742930472798502,3.3333332538604736,5.32799680391561,65.70489668345199,14.009100914001465,111.88793478990765
702942930457151702,0.0,0.0,0.0,0.0,0.0
703042930532533001,0.0,0.0,0.0,0.0,0.0
703242930461794801,0.0,0.0,0.0,0.0,0.0
703242930527544401,0.0,0.0,0.0,0.0,0.0
703342930472057401,0.0,0.0,0.0,0.0,0.0
703342930542327302,2.1525423526763916,16.531218886497946,73.61973278520041,115.18385314941406,975.3419261748107
703542930447435902,0.0,0.0,0.0,0.0,0.0
703542930529683202,0.0,0.0,0.0,0.0,0.0
703642929467003402,0.0,0.0,0.0,0.0,0.0
703742929341560901,3.3924050331115723,6.173230357164183,104.9936466991497,83.33009338378906,487.68520237179285
703842930465284901,0.0,0.0,0.0,0.0,0.0
703942930456878301,0.0,0.0,0.0,0.0,0.0
704042930480086002,2.9166667461395264,4.350267367374737,33.410079888083054,12.118112564086914,104.4064149564809
704042930516438602,2.1212120056152344,8.66434428589144,91.05895691609977,68.66036987304688,571.8467292574799
704142929091942401,0.0,0.0,0.0,0.0,0.0
704342930462932901,0.0,12.20091607160629,0.0,79.17050170898438,902.8678071453313
704342930464054902,0.0,0.0,0.0,0.0,0.0
704442930446654802,0.0,0.0,0.0,0.0,0.0
704542930546364601,0.0,0.0,0.0,0.0,0.0
704842930473832701,0.0,0.0,0.0,0.0,0.0
704842930518386102,0.0,0.0,0.0,0.0,0.0
704842930543354302,0.0,0.0,0.0,0.0,0.0
704942930550367501,0.0,0.0,0.0,0.0,0.0
705042930517986502,0.0,0.0,0.0,0.0,0.0
705042930520388601,0.0,0.0,0.0,0.0,0.0
705042930542945301,0.0,0.0,0.0,0.0,0.0
705142930446317302,0.0,0.0,0.0,0.0,0.0
705142930511073702,4.375,5.706533160816266,23.081134304844426,4.76632022857666,45.652264901905276
705142930518615901,0.0,0.0,0.0,0.0,0.0
705342928043798601,0.0,0.0,0.0,0.0,0.0
705342929013067401,2.5,3.7490193088535797,7.498308906426155,0.47995731234550476,7.498038617707159
705342930474395702,0.0,0.0,0.0,0.0,0.0
705542930478356501,0.0,0.0,0.0,0.0,0.0
705542930543915002,0.0,0.0,0.0,0.0,0.0
705642930467932701,0.0,0.0,0.0,0.0,0.0
705642930523995501,0.0,0.0,0.0,0.0,0.0
705842930446977101,0.0,0.0,0.0,0.0,0.0
705842930539803201,0.0,0.0,0.0,0.0,0.0
706142929047821502,0.0,0.0,0.0,0.0,0.0
706342930476820301,0.0,0.0,0.0,0.0,0.0
706542930549790602,0.0,0.0,0.0,0.0,0.0
706642929449864401,0.0,0.0,0.0,0.0,0.0
706742930461573101,0.0,0.0,0.0,0.0,0.0
706742930509540002,0.0,0.0,0.0,0.0,0.0
706842930534709802,0.0,0.0,0.0,0.0,0.0
706942930524806002,5.722222328186035,9.886007950885668,86.1604938271605,25.89621925354004,177.94813866034286
707242930509951101,0.0,0.0,0.0,0.0,0.0
707242930533645202,0.0,0.0,0.0,0.0,0.0
707342928043758401,0.0,0.0,0.0,0.0,0.0
707342930464718201,0.0,0.0,0.0,0.0,0.0
707442930447015301,0.0,0.0,0.0,0.0,0.0
707542930534451302,0.0,0.0,0.0,0.0,0.0
707642930519538401,0.0,0.0,0.0,0.0,0.0
707642930544005001,0.0,0.0,0.0,0.0,0.0
707742930524510001,0.0,0.0,0.0,0.0,0.0
707842930455442102,0.0,0.0,0.0,0.0,0.0
707842930524286802,0.8064516186714172,4.546390892094017,22.327413479052822,15.763127326965332,422.8143591606201
707842930543553902,0.0,0.0,0.0,0.0,0.0
708242930527684101,0.0,0.0,0.0,0.0,0.0
708242930532709102,0.0,0.0,0.0,0.0,0.0
708342930456371102,0.0,0.0,0.0,0.0,0.0
708442930518563602,0.0,0.0,0.0,0.0,0.0
708542929644415901,0.0,0.0,0.0,0.0,0.0
708642930508236301,113.33333587646484,0.34914272392842494,1.047579983593109,0.05409308522939682,1.047428171785275
708742930529787502,0.0,0.0,0.0,0.0,0.0
708942930545115602,0.0,0.0,0.0,0.0,0.0
709142930454722902,0.0,0.0,0.0,0.0,0.0
709142930529107902,0.0,0.0,0.0,0.0,0.0
709342930462657202,0.0,0.0,0.0,0.0,0.0
709342930463189902,346.0,0.42830221003940383,0.42830221003940383,0.05455200746655464,0.42830221003940383
709342930523776902,0.0,0.0,0.0,0.0,0.0
709342930543115601,0.0,0.0,0.0,0.0,0.0
709442929476579602,0.0,0.0,0.0,0.0,0.0
709442930480607601,0.0,0.0,0.0,0.0,0.0
709542928119272102,0.0,0.0,0.0,0.0,0.0
709542930527752701,0.0,0.0,0.0,0.0,0.0
709742929321275401,0.0,0.0,0.0,0.0,0.0
709742930463751901,0.0,0.0,0.0,0.0,0.0
709842930457914302,3.5357143878936768,2.665187085730365,19.98624312156078,13.078989028930664,74.62524056064898
711142928043716701,0.0,0.0,0.0,0.0,0.0
711142928623619902,0.0,0.0,0.0,0.0,0.0
711142930529725002,0.0,0.0,0.0,0.0,0.0
711542930534089201,0.0,0.0,0.0,0.0,0.0
711842930537906902,49.79999923706055,6.555080953752468,32.775510204081634,3.992720603942871,32.77540549202292
711942930467776401,0.0,0.0,0.0,0.0,0.0
711942930530934902,0.0,0.0,0.0,0.0,0.0
712142930518571101,0.0,0.0,0.0,0.0,0.0
712142930547855301,0.0,34.37892280190678,0.0,110.54136657714844,3094.102963183559
712342930544714301,4.405797004699707,22.7587890625,454.0543209876543,108.82713317871094,1570.3564999427324
712442930521584402,1.4390244483947754,23.23401902721774,203.21612903225807,18.435115814208984,952.5947748184204
712542930529577101,0.0,0.0,0.0,0.0,0.0
712542930531904702,4.181818008422852,4.089787802118559,17.498309130694253,9.00731372833252,44.98766667320687
712542930547080001,4.621212005615234,10.520744275746855,184.34643605870022,94.7212905883789,694.3691266937576
712942929303552002,0.0,0.0,0.0,0.0,0.0
712942930459172101,0.0,0.0,0.0,0.0,0.0
713042930460573101,0.0,0.0,0.0,0.0,0.0
713042930547421102,0.0,0.0,0.0,0.0,0.0
713342930479106802,0.0,0.0,0.0,0.0,0.0
713342930515708601,0.0,0.0,0.0,0.0,0.0
713542930457938602,0.0,0.0,0.0,0.0,0.0
713542930543641801,0.0,0.0,0.0,0.0,0.0
713642930520847002,1.7647058963775635,4.415598045863265,42.00777012168304,61.76310729980469,450.3910062318556
713842928716168701,0.0,0.0,0.0,0.0,0.0
713842930455618501,0.0,0.0,0.0,0.0,0.0
713842930546729101,0.0,0.0,0.0,0.0,0.0
714042930508735101,0.0,0.0,0.0,0.0,0.0
714242930509730002,5.627450942993164,20.556142769607842,253.6421568627451,79.7936782836914,1048.3632244175556
714242930519201201,0.0,0.0,0.0,0.0,0.0
714342930474663402,0.0,0.0,0.0,0.0,0.0
714442930532459401,0.0,0.0,0.0,0.0,0.0
714542930476876001,1.3873517513275146,3.273876629759934,424.2925496688742,156.8641357421875,828.290758395195
714542930509917201,0.0,0.0,0.0,0.0,0.0
714642928243104701,0.0,0.0,0.0,0.0,0.0
714742930546759701,0.0,0.0,0.0,0.0,0.0
715042930457003501,0.0,0.0,0.0,0.0,0.0
715042930476333602,0.0,0.0,0.0,0.0,0.0
715042930526729701,0.3095238208770752,13.267272018030512,17.78606102635229,94.17323303222656,1114.4508466098907
715242930535188001,0.0,0.0,0.0,0.0,0.0
715242930541662702,4.236842155456543,56.080125899280574,633.6258992805756,42.15477752685547,2131.044757738731
715342930530796402,1.0,2.0221656070805287,3.8989030167040637,0.7949396371841431,4.0443312141610575
715542930516326301,0.0,0.0,0.0,0.0,0.0
715642930458588702,0.0,0.0,0.0,0.0,0.0
715842930453973101,0.0,0.0,0.0,0.0,0.0
715942930462479201,0.9306930899620056,6.343347111191861,16.344186046511627,118.67249298095703,640.6780680439084
715942930517913801,5.5625,4.334114071605231,49.900528526900665,9.826931953430176,69.34582499043213
716042930452054202,1.6328125,7.391609472800074,415.24963181148746,130.29507446289062,946.1260294120688
716142930474628101,0.0,0.0,0.0,0.0,0.0
716242930455354902,4.0,8.251285529980342,101.12110091743119,92.24349212646484,594.0925525670283
716342930453440202,37.0,2.2397094430992737,2.2397094430992737,0.2689427137374878,2.2397094430992737
716342930547575302,0.0,0.0,0.0,0.0,0.0
716342930548795201,0.2295081913471222,11.86176078680203,74.52446700507615,76.01542663574219,723.5674019940371
716542930524372901,0.0,0.0,0.0,0.0,0.0
716542930538702501,0.0,0.0,0.0,0.0,0.0
716842930527589702,0.0,0.0,0.0,0.0,0.0
716942930510570001,0.0,13.529760075136611,0.0,66.66051483154297,1041.7914856624081
716942930548060802,0.0,0.0,0.0,0.0,0.0
717042930524936602,0.0,0.0,0.0,0.0,0.0
717142930142250702,0.0,0.0,0.0,0.0,0.0
717142930448680702,0.0,0.0,0.0,0.0,0.0
717342930462710901,1.7926828861236572,14.065294284953524,133.16595662277305,86.00887298583984,1153.3540765391497
717342930516923801,0.0,0.0,0.0,0.0,0.0
717442930526366001,0.0,0.0,0.0,0.0,0.0
717642929528798602,0.0,0.0,0.0,0.0,0.0
717642930474342302,5.275000095367432,9.369259396114865,133.04890604890605,44.16740417480469,374.7703744699289
717942929704056301,3.810126543045044,23.385929333623693,347.62857142857143,157.509521484375,1847.4883711545724
717942930545697601,4.0,8.946431327160493,146.71083676268861,70.17288208007812,697.8216264052319
718042930542624402,0.0,0.0,0.0,0.0,0.0
718042930542813302,3.8705883026123047,12.066475703798492,276.5215517241379,87.95394897460938,1025.6504390979635
718242930547462902,0.0,0.0,0.0,0.0,0.0
718442930464314901,2.7642276287078857,5.42022716901356,142.93667113693937,74.29003143310547,666.6879157821071
718942930448650001,0.0,0.0,0.0,0.0,0.0
719042930517652301,0.0,0.0,0.0,0.0,0.0
719042930532077502,3.57608699798584,7.0205298597277555,108.33864541832669,66.42967224121094,645.8887336163565
719042930546226002,0.0,0.0,0.0,0.0,0.0
719142930508420101,0.0,0.0,0.0,0.0,0.0
719142930528578601,0.0,0.0,0.0,0.0,0.0
719342929575458001,0.0,0.0,0.0,0.0,0.0
719642930457602102,0.0,0.0,0.0,0.0,0.0
719642930515572502,0.0,0.0,0.0,0.0,0.0
719642930522915302,0.0,0.0,0.0,0.0,0.0
719642930529291802,0.0,0.0,0.0,0.0,0.0
719742930478003601,0.0,0.0,0.0,0.0,0.0
721342930461532101,0.0,0.0,0.0,0.0,0.0
721342930476968801,0.0,0.0,0.0,0.0,0.0
721642930525564601,0.0,0.0,0.0,0.0,0.0
721742930464967901,0.0,0.0,0.0,0.0,0.0
721942929155598201,0.0,0.0,0.0,0.0,0.0
721942930537211101,0.0,0.0,0.0,0.0,0.0
722042930460960701,0.0,0.0,0.0,0.0,0.0
722042930532045801,2.090909004211426,1.1746078443377743,7.233751306165099,2.040800094604492,12.92068651731485
722042930545968602,0.0,0.0,0.0,0.0,0.0
722242930463139302,4.128205299377441,4.455445509153318,37.03211289092296,32.38235855102539,173.7623738909386
722542930531607802,0.0,0.0,-0.39152077856703393,0.0,0.0
722742929861282501,0.0,7.5762456136980685,0.0,52.745662689208984,386.38852451016294
722742930508588502,0.0,0.0,0.0,0.0,0.0
722842930456337501,0.0,0.0,0.0,0.0,0.0
722942930518085401,0.0,0.0,0.0,0.0,0.0
723042930142431802,0.0,3.7036924257383244,0.0,0.30726560950279236,3.7036924257383244
723142929505807502,0.0,0.0,0.0,0.0,0.0
723342930479511702,0.0,0.0,0.0,0.0,0.0
723342930519547602,342.0,3.949447077409163,3.949447077409163,0.5628085136413574,3.949447077409163
723342930522941101,1.8181818723678589,9.049486762152778,71.70166666666667,25.095947265625,199.08871256934273
723342930548142402,0.0,0.0,0.0,0.0,0.0
723442930454249601,0.0,0.0,0.0,0.0,0.0
723442930529973901,0.0,0.0,0.0,0.0,0.0
723642930526466502,0.0,0.0,0.0,0.0,0.0
723742930543772201,0.0,0.0,0.0,0.0,0.0
723942928577741801,0.0,0.0,0.0,0.0,0.0
724042930455904601,0.6140350699424744,14.52538222579331,258.2014847675524,77.23307037353516,827.9467474492052
724142930534294101,0.0,0.0,0.0,0.0,0.0
724142930536224301,0.0,0.0,0.0,0.0,0.0
724242928955424601,0.0,0.0,0.0,0.0,0.0
724242929621924102,0.0,0.0,0.0,0.0,0.0
724242930452538101,0.7536231875419617,10.110135451331114,42.74792013311148,74.82208251953125,697.5993566243303
724242930460547301,0.0,0.0,0.0,0.0,0.0
724342930479595301,3.5,1.3524201604890271,2.398237428719544,0.2255551964044571,2.7048402872278383
724542930470416402,2.2876713275909424,9.415275501051589,89.27774341209947,86.10791778564453,687.3151468148875
724542930518199302,0.0,0.0,0.0,0.0,0.0
724542930543143101,0.0,0.0,0.0,0.0,0.0
724642930518447602,0.0,0.0,0.0,0.0,0.0
724742930510510502,3.1159420013427734,17.384610672278598,382.4649446494465,123.37257385253906,1199.5381419702649
724742930541235102,0.0,0.0,0.0,0.0,0.0
724842930543942001,0.0,0.0,0.0,0.0,0.0
724942929331638002,0.0,0.0,0.0,0.0,0.0
725042930477408302,0.0,0.0,0.0,0.0,0.0
725142930454394001,0.0,0.0,0.0,0.0,0.0
725142930518660101,0.0,0.0,0.0,0.0,0.0
725442930528155802,0.0,0.0,0.0,0.0,0.0
725542929230123302,307.0,0.33656435110393107,0.33656435110393107,0.05298997089266777,0.33656435110393107
725542930523879402,3.0714285373687744,7.698564047631921,103.4083044982699,19.987680435180664,215.55978303797104
725642930527444301,0.0,0.0,0.0,0.0,0.0
725842930474771402,0.0,0.0,0.0,0.0,0.0
726042927901222702,0.0,0.0,0.0,0.0,0.0
726042927945167401,0.0,0.0,0.0,0.0,0.0
726042930525993201,0.0,0.0,0.0,0.0,0.0
726042930548509302,0.0,5.64837918337446,0.0,51.3668098449707,310.66085577840647
726142930466752102,0.0,0.0,0.0,0.0,0.0
726342929331582102,0.0,0.0,0.0,0.0,0.0
726342930479757802,0.0,0.0,0.0,0.0,0.0
726442930511203801,0.0,0.0,0.0,0.0,0.0
726542930527959101,0.0,0.0,0.0,0.0,0.0
726542930530133101,0.0,0.0,0.0,0.0,0.0
726642930537169902,0.0,0.0,0.0,0.0,0.0
726742930335253302,3.0,8.727572435976658,60.719350470704555,5.070921421051025,78.54815069327415
726742930446891001,0.0,0.0,0.0,0.0,0.0
726942930544834401,0.0,0.0,0.0,0.0,0.0
727142930454666401,0.0,17.41008094294154,0.0,19.790178298950195,295.97136586696945
727142930516918701,0.0,0.0,0.0,0.0,0.0
727542928577623102,5.300000190734863,8.187908891300884,62.61092965824903,65.91653442382812,409.39543227417045
727542930509628102,2.587719202041626,3.417257340875474,96.84524359804013,63.538509368896484,389.56734747268183
727542930526079601,0.0,0.0,0.0,0.0,0.0
727642930520165201,2.299999952316284,2.9490150661220946,16.352776939329914,7.156503677368164,58.980302342611466
727642930524987001,0.0,0.0,0.0,0.0,0.0
727642930544262202,0.0,0.0,0.0,0.0,0.0
727742930458207302,6.583333492279053,15.249654835668103,102.45114942528735,16.72658920288086,182.99585820340562
727942930478773002,0.0,0.0,0.0,0.0,0.0
728042930518785901,0.0,0.0,0.0,0.0,0.0
728142930541764201,0.0,0.0,0.0,0.0,0.0
728242930448434602,0.0,0.0,0.0,0.0,0.0
728242930519752501,0.0,0.0,0.0,0.0,0.0
728442930520123101,0.0,0.0,0.0,0.0,0.0
728442930529061501,3.403225898742676,6.5617189034570815,86.88155568650559,67.68708801269531,406.82658723603765
728442930545119902,0.0,0.0,0.0,0.0,0.0
728542930522298301,4.666666507720947,14.828922271728516,87.32291666666667,23.952585220336914,311.40736787517864
728642930529333901,0.0,0.0,0.0,0.0,0.0
728742930522733101,0.0,0.0,0.0,0.0,0.0
728742930525038602,0.0,0.0,0.0,0.0,0.0
728842930460376401,0.0,0.0,0.0,0.0,0.0
728842930549897002,0.0,0.0,0.0,0.0,0.0
728942930459500901,0.0,0.0,0.0,0.0,0.0
728942930508830501,0.0,0.0,0.0,0.0,0.0
728942930523743302,0.0,0.0,0.0,0.0,0.0
729442928202993902,4.0,20.021879548762737,199.05021834061137,43.44160079956055,460.50322766699645
729642930509316501,1.0,1.9928179092123606,3.9851301115241635,0.5304104089736938,3.985635818424721
729742930473396301,0.0,0.0,0.0,0.0,0.0
729842928664038701,0.0,0.0,0.0,0.0,0.0
729942930528741801,0.0,0.0,0.0,0.0,0.0
729942930531735002,0.0,0.0,0.0,0.0,0.0
729942930538749302,0.0,0.0,0.0,0.0,0.0
731342930509055901,0.0,0.0,0.0,0.0,0.0
731342930529588602,0.0,0.0,0.0,0.0,0.0
731542929861231001,0.0,0.0,0.0,0.0,0.0
731642930474993502,0.0,0.0,0.0,0.0,0.0
731842930529884101,0.0,0.0,0.0,0.0,0.0
732242930455101101,3.194444417953491,25.456384519867548,292.932119205298,104.09061431884766,1832.859645035093
732342930527132002,0.0,0.0,0.0,0.0,0.0
732442930462972101,0.0,0.0,0.0,0.0,0.0
732542930475142002,0.0,0.0,0.0,0.0,0.0
732642930509335302,0.0,0.0,0.0,0.0,0.0
732742930531854702,0.0,0.0,0.0,0.0,0.0
732942930460657301,0.0,0.0,0.0,0.0,0.0
733042930527487301,0.0,0.0,0.0,0.0,0.0
733342930510619002,0.0,0.0,0.0,0.0,0.0
733542929012617102,2.0,1.1528530934187824,2.30564456494947,0.23926492035388947,2.305706186837565
733642930466511702,3.6666667461395264,7.601759978575544,9.064669451245859,4.565553665161133,22.805280498343656
733642930507971802,0.0,0.0,0.0,0.0,0.0
733742930515525102,3.0,5.0282116416477844,12.44209466263847,3.409519672393799,25.141057224792295
733742930546339002,0.0,0.0,0.0,0.0,0.0
733842929800091802,0.0,0.0,0.0,0.0,0.0
734242930457519401,0.0,0.0,0.0,0.0,0.0
734342930549901602,0.0,5.943254186751995,154.31981382978722,177.02757263183594,1295.6294373137966
734442930534817002,0.0,0.0,0.0,0.0,0.0
734742930076008601,0.0,0.0,0.0,0.0,0.0
734742930543673001,0.0,0.0,0.0,0.0,0.0
734842930479746102,0.0,0.0,0.0,0.0,0.0
734942930518880301,0.0,0.0,0.0,0.0,0.0
735042930545828002,0.0,0.0,0.0,0.0,0.0
735142930522300602,0.0,0.0,0.0,0.0,0.0
735142930522899001,0.0,0.0,0.0,0.0,0.0
735342930472325001,0.0,0.0,0.0,0.0,0.0
735342930520929801,0.0,0.0,0.0,0.0,0.0
735442929800456501,0.0,0.0,0.0,0.0,0.0
735442930475264201,0.0,0.0,0.0,0.0,0.0
735542930460016202,3.625,2.438634483197556,12.70570264765784,2.680288314819336,19.50907513216411
735642928015149902,4.042253494262695,25.555984933035713,410.48571428571427,92.05158233642578,1814.4748578389485
735742930524567701,0.0,0.0,0.0,0.0,0.0
735742930533007802,0.0,0.0,0.0,0.0,0.0
735942930521494601,0.0,0.0,0.0,0.0,0.0
736042930543201701,0.0,0.0,0.0,0.0,0.0
736142928096645402,0.0,0.0,0.0,0.0,0.0
736142930467949601,0.0,0.0,0.0,0.0,0.0
736242930538538202,0.0,0.0,0.0,0.0,0.0
736342930518400701,0.0,0.0,0.0,0.0,0.0
736442930477504102,0.0,0.0,0.0,0.0,0.0
736442930515792202,0.0,67.60569271016531,20.41540626099191,11.553110122680664,67.60569271016531
736442930549875302,1.0,8.449757706413676,8.450048496605238,0.38812753558158875,8.449757706413676
736642930446691002,0.0,0.0,0.0,0.0,0.0
736742930546638901,0.0,0.0,0.0,0.0,0.0
736942930542401802,4.333333492279053,7.33192160982376,35.81253263707572,5.361399173736572,43.991530168896865
737142930543350701,0.0,0.0,0.0,0.0,0.0
737142930549156801,0.0,0.0,0.0,0.0,0.0
737242928633983801,0.0,0.0,0.0,0.0,0.0
737542929476623601,4.184615612030029,12.141277057332294,219.85023400936038,90.8663558959961,789.1830085569908
737542930531384801,0.0,0.0,0.0,0.0,0.0
737742930453612901,4.0714287757873535,10.054404886551914,42.673048600883654,12.160099029541016,140.76166445657677
737742930526022401,3.5774648189544678,7.185028419066011,88.47977528089888,68.4176254272461,510.1370238743471
737942930097616401,1.1578947305679321,11.578387738047002,60.522420313344135,33.126136779785156,439.97874840602947
738042930527178102,3.5316455364227295,7.172881881768953,149.0490974729242,65.1208267211914,566.6576930503983
738142930451961401,0.0,0.0,0.0,0.0,0.0
738142930533054302,0.0,0.0,0.0,0.0,0.0
738242930540616501,0.0,0.0,0.0,0.0,0.0
738242930543621201,0.0,0.0,0.0,0.0,0.0
738342930473904902,0.0,0.0,0.0,0.0,0.0
738442930524781601,0.0,0.0,0.0,0.0,0.0
738542930474153702,0.0,0.0,0.0,0.0,0.0
738642930477169202,0.0,0.0,0.0,0.0,0.0
738642930527516801,0.0,0.0,0.0,0.0,0.0
738742930544018201,0.0,0.0,0.0,0.0,0.0
738842930544021902,0.0,0.0,0.0,0.0,0.0
739042930473663702,2.5999999046325684,9.134034110710967,45.67007434944238,5.277865409851074,45.67017259562326
739142930525380301,0.0,0.0,0.0,0.0,0.0
739242928653524301,0.0,0.0,0.0,0.0,0.0
739242930475291601,0.0,0.0,0.0,0.0,0.0
739242930521845301,0.0,0.0,0.0,0.0,0.0
739342930534811301,0.0,0.0,0.0,0.0,0.0
739542930518662002,0.0,0.0,0.0,0.0,0.0
739842930528586602,0.0,0.0,0.0,0.0,0.0
739942930474247801,0.0,0.0,0.0,0.0,0.0
739942930475675602,0.0,0.0,0.0,0.0,0.0
739942930509665302,0.0,78.24596905537459,78.24625407166124,6.628148555755615,78.24596905537459
741142930450133202,0.0,0.0,0.0,0.0,0.0
741242930464967602,0.0,0.0,0.0,0.0,0.0
741342930471659901,0.0,0.0,0.0,0.0,0.0
741342930507683502,0.0,0.0,0.0,0.0,0.0
741542930473974002,0.0,0.0,0.0,0.0,0.0
741642930526223702,3.7142856121063232,25.824446968410324,160.96603260869566,24.863046646118164,180.77113309113875
741642930532255502,1.5489130020141602,16.22537401848033,708.9067258883249,256.3509826660156,2985.4688270055703
741842930534899702,0.0,0.0,0.0,0.0,0.0
741942930460427001,0.0,0.0,0.0,0.0,0.0
742142927988856202,0.0,0.0,0.0,0.0,0.0
742342930453758302,0.4375,5.589418454892098,3.9185461625831577,25.30375862121582,178.86139708789315
742542930471723202,0.0,0.0,0.0,0.0,0.0
742742930471636501,0.0,0.0,0.0,0.0,0.0
742742930510071001,0.0,0.0,0.0,0.0,0.0
742942930184370202,0.0,0.0,0.0,0.0,0.0
742942930465440001,0.0,0.0,0.0,0.0,0.0
743142930464727701,0.0,0.0,0.0,0.0,0.0
743242930536606001,0.0,0.0,0.0,0.0,0.0
743442930541434601,0.0,0.0,0.0,0.0,0.0
743542930524091302,45.5,126.46929595226378,247.9448818897638,18.124441146850586,252.93858805979332
743542930544765102,0.0,0.0,0.0,0.0,0.0
743542930547574501,0.0,0.0,0.0,0.0,0.0
743842930456424802,0.0,0.0,0.0,0.0,0.0
743942930479775402,0.0,0.0,0.0,0.0,0.0
743942930522308902,0.0,0.0,0.0,0.0,0.0
744042929543889402,0.0,0.0,0.0,0.0,0.0
744042930532707001,4.559999942779541,7.552892503757515,60.1186372745491,40.3459358215332,188.8223099916875
744142930521176202,0.0,0.0,0.0,0.0,0.0
744142930534687902,3.200000047683716,6.926596623351777,48.64845773487168,13.018763542175293,103.89895079976283
744642930462634201,1.9453125,3.9899879194018966,59.02464745927547,73.087158203125,510.7184457519238
744742930475299301,0.0,0.0,0.0,0.0,0.0
744842929800342902,0.0,0.0,0.0,0.0,0.0
744942930472424402,0.0,0.0,0.0,0.0,0.0
745042930456188002,8.074999809265137,28.466885580099092,242.59537572254337,0.0,1138.675372702538
745042930478192601,0.0,0.0,0.0,0.0,0.0
745242930526604202,0.7865168452262878,6.37889518831414,43.77647725127431,81.12580108642578,567.7216550259179
745342930451956402,0.0,0.0,0.0,0.0,0.0
745442930200242001,1.8624999523162842,10.093266048839332,66.6755346896192,70.71956634521484,807.461266725276
745642928091208001,0.0,0.0,0.0,0.0,0.0
745642930454699602,0.0,0.0,0.0,0.0,0.0
745842930461008802,0.0,0.0,0.0,0.0,0.0
745842930543313301,0.0,0.0,0.0,0.0,0.0
746042930142328302,2.754901885986328,6.178916455007257,126.03776003870344,52.38871383666992,630.249461096776
746042930476625101,0.0,0.0,0.0,0.0,0.0
746142930460295001,0.0,0.0,0.0,0.0,0.0
746142930524520202,0.0,0.0,0.0,0.0,0.0
746242930463776001,0.0,0.0,0.0,0.0,0.0
746342930457665402,0.0,0.0,0.0,0.0,0.0
746342930463878801,0.0,0.0,0.0,0.0,0.0
746642927966216502,0.0,0.0,0.0,0.0,0.0
746742929372946401,0.0,0.0,0.0,0.0,0.0
746742930469050901,3.444444417953491,7.934944608441911,96.80446977922549,24.321491241455078,214.24349580171787
746742930477841502,5.0,17.518639271653544,47.21347331583552,6.29984712600708,70.07455763395481
746742930530543702,0.0,0.0,0.0,0.0,0.0
746742930543821902,3.545454502105713,5.382485087182625,43.98766187417151,7.215956687927246,59.20733812483271
747042930524642501,0.0,0.0,0.0,0.0,0.0
747242930477155201,0.0,0.0,0.0,0.0,0.0
747442930467088501,4.086206912994385,10.021865664969708,84.7445304611242,51.78620147705078,581.2682005356795
747742930541866701,0.0,0.0,0.0,0.0,0.0
748042930531543202,0.0,0.0,0.0,0.0,0.0
748242930454229802,0.0,0.0,0.0,0.0,0.0
748242930518778501,0.0,0.0,0.0,0.0,0.0
748342928967256601,0.0,0.0,0.0,0.0,0.0
748342930464625102,2.273972511291504,13.015261185007235,89.44992450931052,84.73418426513672,950.1140849401919
748342930546884901,0.0,0.0,0.0,0.0,0.0
748542930454194802,0.0,0.0,0.0,0.0,0.0
748542930459519002,0.0,0.0,0.0,0.0,0.0
748542930509083001,0.0,0.0,0.0,0.0,0.0
748542930524919801,0.0,0.0,0.0,0.0,0.0
748942928979759201,0.0,0.0,0.0,0.0,0.0
748942930524024102,0.0,0.0,0.0,0.0,0.0
748942930528259001,0.0,0.0,0.0,0.0,0.0
749042930535188201,4.181818008422852,10.893285918654056,30.69298245614035,7.057090759277344,119.82614122357285
749142930533508002,0.0,0.0,0.0,0.0,0.0
749142930545493601,0.0,0.0,0.0,0.0,0.0
749342928043475002,0.0,0.0,0.0,0.0,0.0
751142930473745402,0.0,0.0,0.0,0.0,0.0
751142930535995802,0.0,0.0,0.0,0.0,0.0
751242930462920302,0.0,0.0,0.0,0.0,0.0
751242930540585502,0.0,0.0,0.0,0.0,0.0
751342930468117401,2.5199999809265137,4.659187088342658,107.71896202832995,22.20206069946289,232.959354378385
751542930516435202,0.0,0.0,0.0,0.0,0.0
751542930536437302,7.079999923706055,10.148893365083508,87.42379958246346,35.30274200439453,253.72234095690894
751742930473859501,0.0,0.0,0.0,0.0,0.0
751842930476377802,0.0,0.0,0.0,0.0,0.0
752042930469315501,0.0,0.0,0.0,0.0,0.0
752142930526027902,0.0,0.0,0.0,0.0,0.0
752442930525788701,0.0,0.0,0.0,0.0,0.0
752842930473388502,4.111111164093018,10.80922430079464,88.79806793393581,55.81789779663086,486.41511267759824
753142930528832802,0.0,0.0,0.0,0.0,0.0
753242927904948402,0.0,0.0,0.0,0.0,0.0
753242930475495502,0.0,0.0,0.0,0.0,0.0
753242930525301802,0.0,0.0,0.0,0.0,0.0
753342930458410102,3.9629628658294678,10.106705568679814,100.47986852917009,25.797718048095703,272.88106255595306
753342930517172002,0.0,0.0,0.0,0.0,0.0
753442930458177702,0.0,0.0,0.0,0.0,0.0
753442930546984902,3.904761791229248,5.612227891452872,47.528165086447295,14.594383239746094,117.85678326531755
753742930508107502,2.799999952316284,3.0029097394245428,6.146341463414634,2.0981931686401367,15.0145484831275
753842929284173502,0.0,0.0,0.0,0.0,0.0
753942930458126802,0.0,0.0,0.0,0.0,0.0
754042930474411501,0.0,0.0,0.0,0.0,0.0
754142930510380702,0.0,0.0,0.0,0.0,0.0
754242930539056601,4.058823585510254,11.561792393492118,303.2978866152298,131.28738403320312,982.7523784131981
754242930546328902,2.257575750350952,8.946874067720763,39.57947494033413,87.3743896484375,590.4936787580249
754342930508346001,0.0,0.0,0.0,0.0,0.0
754542930450506301,0.0,0.0,0.0,0.0,0.0
754542930521328001,0.0,0.0,0.0,0.0,0.0
754542930534566901,0.0,0.0,0.0,0.0,0.0
754642930411668402,0.0,0.0,0.0,0.0,0.0
754642930448728702,0.0,0.0,0.0,0.0,0.0
754642930468904202,0.0,0.0,0.0,0.0,0.0
754742930509141001,0.0,0.0,0.0,0.0,0.0
754742930519092101,0.0,0.0,0.0,0.0,0.0
754842929194568002,0.0,0.0,0.0,0.0,0.0
754842930531037201,0.0,0.0,0.0,0.0,0.0
754942929091873102,0.0,0.0,0.0,0.0,0.0
754942930510146201,0.0,0.0,0.0,0.0,0.0
754942930519302201,3.649122714996338,7.017371266933497,44.16912972085386,68.39969635009766,399.99014247618675
754942930537316102,0.0,0.0,0.0,0.0,0.0
755042930463252802,0.0,0.0,0.0,0.0,0.0
755142930525235801,0.24444444477558136,8.426781575009812,21.051020408163264,42.412105560302734,379.2051682644399
755342930469345301,7.0,5.365784778546438,13.79643765903308,1.684088110923767,16.097353869722088
755342930538800701,0.0,0.0,0.0,0.0,0.0
755442930475572701,0.0,0.0,0.0,0.0,0.0
755542930526175202,0.0,0.0,0.0,0.0,0.0
755642930446488302,0.0,0.0,0.0,0.0,0.0
755842930447690702,0.0,0.0,0.0,0.0,0.0
756242930458599801,0.0,0.0,0.0,0.0,0.0
756442928726364102,1.9047619104385376,14.096551735701256,197.54737632793217,129.18089294433594,1184.1103233235476
756642930480195101,0.0,0.0,0.0,0.0,0.0
756742930543284001,0.0,0.0,0.0,0.0,0.0
756942930532631301,2.0,6.208329430498314,15.209441738478832,4.264402389526367,31.041648753263747
757042930456484001,0.0,0.0,0.0,0.0,0.0
757042930526438702,0.0,0.0,0.0,0.0,0.0
757142930515607701,0.7142857313156128,10.350967447233876,68.92160461457787,67.28104400634766,724.5677202841845
757442930466583202,0.0,0.0,0.0,0.0,0.0
757542930529923202,0.0,0.0,0.0,0.0,0.0
757742928757969001,0.0,0.0,0.0,0.0,0.0
757842928258270602,0.0,0.0,0.0,0.0,0.0
758042928602853002,5.300000190734863,11.080108607297689,86.51560693641619,0.0,443.20435601383275
758042930474086402,0.0,0.0,0.0,0.0,0.0
758142930530827302,0.0,0.0,0.0,0.0,0.0
758242930159219901,0.0,0.0,0.0,0.0,0.0
758242930459609201,4.28000020980835,7.1447757689845695,82.71329425240887,38.45936965942383,357.2387815756213
758242930524619902,0.0,0.0,0.0,0.0,0.0
758342930532955101,0.0,0.0,0.0,0.0,0.0
758542930538871101,2.1875,1.730972379129009,8.726005758617932,3.9966542720794678,27.695557538846927
758742930509973401,0.0,0.0,0.0,0.0,0.0
758842930516754702,0.0,0.0,0.0,0.0,0.0
759142930517837001,0.0,0.0,0.0,0.0,0.0
759442928967092902,0.0,0.0,0.0,0.0,0.0
759442930475081701,0.0,20.862578538359788,0.0,74.003662109375,1230.8921676344341
759742930475779602,0.0,0.0,0.0,0.0,0.0
759742930518516101,0.0,0.0,0.0,0.0,0.0
759742930531826402,3.7874999046325684,4.270727843770528,60.55375520035034,53.0618782043457,341.6582203182841
759842930342859001,0.0,0.0,0.0,0.0,0.0
761142930529910401,4.866666793823242,4.591485427302846,27.87051922659135,12.376009941101074,68.8722784923725
761342929839451902,0.0,0.0,0.0,0.0,0.0
761342930534268601,0.0,0.0,0.0,0.0,0.0
761442929901274502,0.0,0.0,0.0,0.0,0.0
761442930456868501,0.0,0.0,0.0,0.0,0.0
761442930509005001,0.0,0.0,0.0,0.0,0.0
761642929372779502,0.0,0.0,0.0,0.0,0.0
761742928878266802,0.0,0.0,-0.005733944954128441,0.0,0.0
761742930516272301,4.732394218444824,13.325651135312853,281.249511969588,74.46788024902344,946.1212262732023
761842930539848401,0.0,0.0,0.0,0.0,0.0
762142930519940701,0.0,0.0,0.0,0.0,0.0
762242929309570201,0.0,0.0,0.0,0.0,0.0
762242930460430702,4.442623138427734,11.85777266457382,122.51496702181633,83.44248962402344,723.32414623785
762242930536443802,0.0,298.8949816026165,298.8953393295176,12.637777328491211,298.8949816026165
762442930475939001,0.0,0.0,0.0,0.0,0.0
762742930459418802,3.0,19.962305686737505,19.962317985045257,2.7712209224700928,19.962305686737505
762742930459632601,0.0,0.0,0.0,0.0,0.0
762942930455609302,0.0,0.0,0.0,0.0,0.0
762942930549462102,0.0,0.0,0.0,0.0,0.0
763342930012331001,2.952380895614624,5.446115019446351,78.7105010295127,25.72134017944336,228.7368279541965
763442930459100501,0.0,0.0,0.0,0.0,0.0
763442930520624602,0.0,0.0,0.0,0.0,0.0
763742930468785601,3.2068965435028076,2.7903193987526675,23.680317040951124,15.574079513549805,80.91926196919819
763742930522540202,0.9599999785423279,8.276234650665888,31.021898812384155,0.0,620.7175775222742
763742930549198901,0.75,17.839185204910496,125.2447278077489,56.235633850097656,713.5673943276847
763942928739548802,4.464285850524902,14.48392098961687,110.67739858338699,80.79135131835938,811.0995855730577
763942930527556701,0.0,0.0,0.0,0.0,0.0
764142930542767902,0.0,0.0,0.0,0.0,0.0
764242930531902702,0.0,0.0,0.0,0.0,0.0
764342929735780202,0.0,0.0,0.0,0.0,0.0
764642930543133502,0.0,0.0,0.0,0.0,0.0
764742930550657701,0.0,0.0,0.0,0.0,0.0
764842930458088902,0.0,0.0,0.0,0.0,0.0
764842930524609801,0.0,0.0,0.0,0.0,0.0
764942930451690902,0.0,0.0,0.0,0.0,0.0
764942930476892201,0.0,0.0,0.0,0.0,0.0
765242928990481001,0.0,0.0,0.0,0.0,0.0
765342930451224102,0.0,0.0,0.0,0.0,0.0
765342930532594302,0.0,0.0,0.0,0.0,0.0
765442930450956601,0.0,0.0,0.0,0.0,0.0
765442930461657301,3.5862069129943848,4.617445282044737,35.882866159272325,14.281771659851074,133.90591570024083
765542930544129601,0.0,0.0,0.0,0.0,0.0
765642929456721202,0.0,0.0,0.0,0.0,0.0
765642930541715502,0.0,0.0,0.0,0.0,0.0
765742930454226601,0.0,0.0,0.0,0.0,0.0
765742930468090501,0.0,0.0,0.0,0.0,0.0
765942930479079402,0.0,0.0,0.0,0.0,0.0
766042930526573601,4.0,7.748734641391286,114.93832877288992,52.595970153808594,426.18040360001305
766242930524092001,0.0,0.0,0.0,0.0,0.0
766442930461358101,0.0,0.0,0.0,0.0,0.0
766442930542604801,0.0,0.0,0.0,0.0,0.0
766542927975285601,0.0,0.0,0.0,0.0,0.0
766542930525683902,0.0,0.0,0.0,0.0,0.0
766542930544795501,3.0,6.527354555670816,107.89107883817428,44.30463409423828,345.9497906366984
766642929456991301,0.0,0.0,0.0,0.0,0.0
766642930533177401,0.0,0.0,0.0,0.0,0.0
766842930480172401,0.0,0.0,0.0,0.0,0.0
766842930546929202,3.5176470279693604,7.055340748976267,78.22786315001541,69.1760025024414,599.703988193547
766942930532052102,3.9487178325653076,27.7693198728355,339.66883116883116,75.7651596069336,1083.003484750723
766942930533452502,0.0,0.0,0.0,0.0,0.0
767042928789923501,0.0,0.0,0.0,0.0,0.0
767142930545023602,0.0,0.0,0.0,0.0,0.0
767342930474126302,0.0,0.0,0.0,0.0,0.0
767742930527127401,3.25,1.253368541009791,2.6240458015267176,1.0223110914230347,5.013474083010081
767942930517197501,4.301587104797363,6.725979908975857,74.13045171339564,64.32592010498047,423.73675572166565
768142928607058202,0.0,0.0,0.0,0.0,0.0
768142929012910901,0.0,0.0,0.0,0.0,0.0
768142930479507402,4.596153736114502,14.901722714443668,184.7001862197393,68.39930725097656,774.8895872220869
768342930549072102,0.0,0.0,0.0,0.0,0.0
768442929543790002,0.0,0.0,0.0,0.0,0.0
768442930453312102,0.0,0.0,0.0,0.0,0.0
768442930516932402,0.0,0.0,0.0,0.0,0.0
768742930459748301,0.0,0.0,0.0,0.0,0.0
768742930519976801,0.0,0.0,0.0,0.0,0.0
768742930532593301,0.0,0.0,0.0,0.0,0.0
768742930546262102,0.0,0.0,0.0,0.0,0.0
768942930477568501,0.0,0.0,0.0,0.0,0.0
769042929721548401,0.0,0.0,0.0,0.0,0.0
769042930454948301,1.662162184715271,9.393580208733667,43.96156802459647,82.97423553466797,695.1249137456192
769042930510266802,0.0,0.0,0.0,0.0,0.0
769142930524552902,0.0,0.0,0.0,0.0,0.0
769242930465461002,4.833333492279053,10.480671533469945,43.695203400121436,13.480335235595703,125.76806255217821
769342930515814002,0.0,0.0,0.0,0.0,0.0
769542930449226601,0.0,0.0,0.0,0.0,0.0
769542930478713902,0.0,5.669251756936178,0.0,85.85321807861328,544.248184674957
769742929839403502,2.3333332538604736,7.506809751358068,43.44983818770226,7.208449363708496,45.04085873389101
769742930524787902,0.0,0.0,0.0,0.0,0.0
769742930529503102,0.0,0.0,0.0,0.0,0.0
769942930533553002,0.0,0.0,0.0,0.0,0.0
771242930517918102,0.0,0.0,0.0,0.0,0.0
771242930549734802,0.0,0.0,0.0,0.0,0.0
771442927975242201,0.0,0.0,0.0,0.0,0.0
771442930531741101,0.0,0.0,0.0,0.0,0.0
771542930475690702,4.385964870452881,9.17304470313741,132.4095843261848,62.546173095703125,522.8635292227444
771542930530420301,0.0,0.0,0.0,0.0,0.0
771642929269267201,0.0,0.0,0.0,0.0,0.0
771742930526615202,3.777777671813965,18.524556539703646,91.07978723404256,41.86915969848633,500.16304272358906
771842928932571602,0.0,0.0,0.0,0.0,0.0
772042930518296002,0.0,0.0,0.0,0.0,0.0
772142930460642302,3.28125,4.648961185995678,75.02040098487514,34.98138427734375,297.5335138691927
772442927901338901,2.0,5.265987771348476,8.64433582518689,1.3084701299667358,10.531975402305564
772442930525244601,0.0,0.0,0.0,0.0,0.0
772442930529133601,3.615384578704834,8.950155659820586,112.89235127478753,39.720035552978516,349.05605517163156
772842930524188301,0.0,0.0,0.0,0.0,0.0
772842930533471901,3.095238208770752,8.540859804145958,145.449385299503,88.18659973144531,717.4322383799791
772842930534651101,0.0,0.0,0.0,0.0,0.0
772842930545597801,0.0,0.0,0.0,0.0,0.0
773042930474939502,3.2178218364715576,20.7309655458033,538.4106021855382,95.96858978271484,2093.827490868887
773042930517042102,0.0,0.0,0.0,0.0,0.0
773142928258122402,0.0,0.0,0.0,0.0,0.0
773142930455877401,0.978723406791687,21.34454802374756,129.45933636955107,67.6952133178711,1003.1937392823636
773442930476283801,5.857142925262451,10.235907857978171,124.55024255024254,56.93870162963867,429.9081305215033
773542930466500401,0.0,0.0,0.0,0.0,0.0
773742927963650802,0.0,0.0,0.0,0.0,0.0
773842930475318301,0.0,0.5063294175091911,0.5062745098039215,0.07210611552000046,0.5063294175091911
773842930542881302,0.0,0.0,0.0,0.0,0.0
773942930457397801,1.273809552192688,13.727975576639906,97.84411812167177,63.336673736572266,1153.1499594429413
773942930524179501,0.0,0.0,0.0,0.0,0.0
773942930535252001,0.0,0.0,0.0,0.0,0.0
773942930545339702,0.0,0.0,0.0,0.0,0.0
774142930473192902,4.340425491333008,16.313002537636862,186.4817518248175,99.4193115234375,766.711095559336
774442930473346201,0.0,0.0,0.0,0.0,0.0
774442930516563901,0.0,0.0,0.0,0.0,0.0
774642930478609202,0.0,0.0,0.0,0.0,0.0
774842930509319202,0.0,0.0,0.0,0.0,0.0
774942930528725202,0.0,0.0,0.0,0.0,0.0
775042930549875901,1.552380919456482,10.104230020053915,398.5554605825498,105.1723861694336,1060.944127501378
775242930477103701,1.0930233001708984,5.110607763964259,28.13070733532934,69.58214569091797,439.5122806611889
775342930515885902,0.0,0.0,0.0,0.0,0.0
775342930533707102,0.0,0.0,0.0,0.0,0.0
775342930536044501,0.0,0.0,0.0,0.0,0.0
775342930544529802,0.0,0.0,0.0,0.0,0.0
775442928247207701,0.0,0.0,0.0,0.0,0.0
775542930509392802,0.0,0.0,0.0,0.0,0.0
775742930451514601,0.0,0.0,0.0,0.0,0.0
775742930469338602,0.0,0.0,0.0,0.0,0.0
775742930531576201,0.0,0.0,0.0,0.0,0.0
775842930545108101,0.0,0.0,0.0,0.0,0.0
776142929439514102,0.0,0.0,0.0,0.0,0.0
776142930543691701,0.0,0.0,0.0,0.0,0.0
776342930466918701,0.0,0.0,0.0,0.0,0.0
776342930479367001,0.0,0.0,0.0,0.0,0.0
776342930520595402,0.0,0.0,0.0,0.0,0.0
776342930529182402,3.6666667461395264,5.843728369480335,31.534289365327275,16.821311950683594,140.24948109284597
776342930531140302,0.0,0.0,0.0,0.0,0.0
776342930543786801,0.0,0.0,0.0,0.0,0.0
776542930531824101,0.0,0.0,0.0,0.0,0.0
776642928021818302,0.0,0.0,0.0,0.0,0.0
776642930515873301,0.0,0.0,0.0,0.0,0.0
776742930480086601,0.0,0.0,0.0,0.0,0.0
776742930523716602,0.0,0.0,0.0,0.0,0.0
776842930528938501,0.0,0.0,0.0,0.0,0.0
776842930536068502,0.0,0.0,0.0,0.0,0.0
776942930524452701,0.0,0.0,0.0,0.0,0.0
777242930450063302,0.0,0.0,0.0,0.0,0.0
777342930534776602,0.0,0.0,0.0,0.0,0.0
777442930516602301,0.0,0.0,0.0,0.0,0.0
777442930527433102,0.0,0.0,0.0,0.0,0.0
777442930530250002,0.0,0.0,0.0,0.0,0.0
777642930519773301,0.0,0.0,0.0,0.0,0.0
777742930479628601,0.0,0.0,-0.10802246867348408,0.0,0.0
777842930472830402,0.0,0.0,0.0,0.0,0.0
777842930516503902,0.0,0.0,0.0,0.0,0.0
777842930526744102,0.0,0.0,0.0,0.0,0.0
778242930531554001,0.0,0.0,0.0,0.0,0.0
778242930543394801,0.0,0.0,0.0,0.0,0.0
778342930548631302,0.0,0.0,0.0,0.0,0.0
778442929331751501,0.0,0.0,0.0,0.0,0.0
778442930454922102,0.0,0.0,0.0,0.0,0.0
778542930519394202,0.0,0.0,0.0,0.0,0.0
778642930528102201,1.3103448152542114,24.051173196166854,360.5772266065389,290.4964904785156,2789.9361299988313
778842929946433101,3.810126543045044,6.8594186211498345,63.978340900724014,68.66213989257812,541.8940835321501
779142928067753302,1.0,7.620749041045423,7.620665742024966,1.09938645362854,7.620749041045423
779142930454007402,0.0,0.0,0.0,0.0,0.0
779342930475595301,0.0,0.0,0.0,0.0,0.0
779342930528311502,3.0,22.35096523728539,22.350826044703595,3.2828826904296875,22.35096523728539
779542930525824701,0.0,0.0,0.0,0.0,0.0
779742930518126701,0.0,0.0,0.0,0.0,0.0
779742930550836101,2.742424249649048,7.437598905903429,85.39749189558096,60.84764099121094,490.88153568340067
779842930528013401,0.0,0.0,0.0,0.0,0.0
779942928242605201,0.0,0.0,0.0,0.0,0.0
779942930525768601,0.0,0.0,0.0,0.0,0.0
781242930528004102,3.4200000762939453,13.313047977076803,36.3166144200627,67.45611572265625,665.6523760493646
781542929613319202,306.0,9.701299140772129,9.701318267419962,0.5320597290992737,9.701299140772129
781742930545603602,0.0,0.0,0.0,0.0,0.0
781842930478569102,3.9285714626312256,6.196904966382541,32.794327283415384,10.686125755310059,86.75666730483962
782042930519983001,0.0,0.0,0.0,0.0,0.0
782142930509565602,0.0,0.0,0.0,0.0,0.0
782242930463891102,1.8627450466156006,19.720221656976744,45.84651162790698,73.11099243164062,1005.7313068734092
782342930464471102,0.0,0.0,0.0,0.0,0.0
782642930460611001,0.0,0.0,0.0,0.0,0.0
782642930526694301,0.0,0.0,0.0,0.0,0.0
782742929069883302,0.0,0.0,0.0,0.0,0.0
782742930518665902,0.0,0.0,0.0,0.0,0.0
782742930548055602,0.0,0.0,0.0,0.0,0.0
782842930472211801,3.34883713722229,3.9503142718318913,30.959536474164135,23.8985652923584,169.86351487322725
782842930523338101,0.0,23.30011665470208,0.0,81.37810516357422,1328.1066324811827
782942928855295402,0.0,0.0,0.0,0.0,0.0
782942930550273902,0.0,0.0,0.0,0.0,0.0
783142930475311202,0.0,0.0,0.0,0.0,0.0
783142930524033101,0.0,0.0,0.0,0.0,0.0
783242930435923402,0.0,0.0,0.0,0.0,0.0
783442930457873101,0.0,0.0,0.0,0.0,0.0
783442930475894501,0.0,0.0,0.0,0.0,0.0
783442930534528202,1.424242377281189,4.74467778767739,84.30520773132987,59.80693054199219,469.72308839129124
783442930546572802,0.0,0.0,0.0,0.0,0.0
783742930458253801,0.0,0.0,0.0,0.0,0.0
783742930521498701,0.0,14.051659964390963,0.0,2.7065091133117676,56.20663985756385
783842930548599002,0.0,0.0,0.0,0.0,0.0
783942930449037902,0.2222222238779068,7.911679426925409,17.19885329952037,52.087303161621094,640.8460343212269
783942930474252402,3.0,6.7542758767488955,13.50834560628375,2.0564215183258057,13.508552113056885
783942930531632201,0.0,0.0,0.0,0.0,0.0
784642929501690802,0.0,0.0,0.0,0.0,0.0
784842930534724801,0.0,8.71114628601492,-0.008212428141253763,0.0,191.64522610198887
784842930545061101,0.0,0.0,0.0,0.0,0.0
784942930476591601,0.0,0.0,0.0,0.0,0.0
784942930529549701,0.0,0.0,0.0,0.0,0.0
785042930462606001,0.0,0.0,0.0,0.0,0.0
785242928042281901,0.0,0.0,0.0,0.0,0.0
785342930474536401,0.0,0.0,0.0,0.0,0.0
785342930523919402,0.0,0.0,0.0,0.0,0.0
785342930524892802,4.655172348022461,16.852692747057002,171.73853779429987,101.53492736816406,977.4561938223195
785542930528001701,0.0,0.0,0.0,0.0,0.0
785642930532277002,0.0,651.7112010796221,651.7112010796221,28.049434661865234,651.7112010796221
785742930184537101,4.8983049392700195,26.929537259615383,345.1923076923077,91.91122436523438,1588.8426979749631
785742930184590001,0.0,0.0,0.0,0.0,0.0
785842930446725402,0.0,0.0,0.0,0.0,0.0
785842930465005902,0.0,0.0,0.0,0.0,0.0
785842930519421901,0.0,0.0,0.0,0.0,0.0
785942930548106801,0.0,0.0,0.0,0.0,0.0
786042930549165502,0.0,0.0,0.0,0.0,0.0
786442930469601302,0.0,0.0,0.0,0.0,0.0
786442930542702602,0.0,0.0,0.0,0.0,0.0
786542930473755202,0.0,0.0,0.0,0.0,0.0
786542930544320802,0.0,0.0,-0.16494391906751704,0.0,0.0
786642928135690801,0.0,0.0,0.0,0.0,0.0
786642929800291402,0.0,0.0,0.0,0.0,0.0
786642930474830401,0.0,0.0,0.0,0.0,0.0
786742930477382902,3.7142856121063232,6.445764016544118,15.05764705882353,7.914673805236816,45.120346823299634
787142929346398801,0.0,0.0,0.0,0.0,0.0
787442930518450901,0.0,0.0,0.0,0.0,0.0
787642930534343202,0.0,0.0,0.0,0.0,0.0
787742928258284701,0.0,0.0,0.0,0.0,0.0
787742930476743501,0.0,0.0,0.0,0.0,0.0
787942930463685102,0.0,0.0,0.0,0.0,0.0
788042929331622001,1.0,2.2866637986964564,2.286719961818399,0.36303406953811646,2.2866637986964564
788042930545910402,3.6212120056152344,5.177221700359865,50.899407281964436,49.2563362121582,341.696623032301
788142930480566001,0.0,0.0,0.0,0.0,0.0
788342928988192502,0.0,0.0,0.0,0.0,0.0
788342930516599802,0.0,0.0,0.0,0.0,0.0
788542930530225502,0.0,0.0,0.0,0.0,0.0
788642928099739401,3.117647171020508,3.214151078907048,42.75839291794348,8.101560592651367,54.640568337263524
788742930545224501,0.0,0.0,0.0,0.0,0.0
788842930457949001,4.888888835906982,12.214611309404953,63.00319488817891,8.635719299316406,109.93150122401813
789142930474951301,7.882352828979492,29.612232208251953,297.4609375,77.19628143310547,1006.8159174397588
789242930473443202,0.0,0.0,0.0,0.0,0.0
789242930510920601,0.0,0.0,0.0,0.0,0.0
789342928664009802,0.0,0.0,0.0,0.0,0.0
789342930530039601,1.4210525751113892,4.2501034707927134,21.680098652270168,28.128433227539062,242.25589439192666
789542930516170601,0.0,0.0,0.0,0.0,0.0
789642930521356701,3.9113924503326416,9.853366368722707,198.7674672489083,0.0,778.415977467616
789642930546785901,0.0,0.0,0.0,0.0,0.0
789842929761637902,0.0,0.0,0.0,0.0,0.0
791242930459821801,0.1794871836900711,14.8080725528292,56.68739084876004,42.94393539428711,577.5148113049538
791242930473795302,8.142857551574707,7.879672847786156,41.21577726218097,7.130385398864746,55.157712200309355
791242930477581001,0.0,0.0,0.0,0.0,0.0
791442930527242601,0.0,0.0,0.0,0.0,0.0
791642930550280802,2.730337142944336,5.628614422206681,51.15780812901102,92.29625701904297,500.94669591750835
791942928759342702,0.0,0.0,0.0,0.0,0.0
791942929346145902,0.0,0.0,0.0,0.0,0.0
791942930464434002,0.0,0.0,0.0,0.0,0.0
791942930477646801,0.0,0.0,0.0,0.0,0.0
792042929389319801,0.0,99.59767992424243,99.5969696969697,6.61830997467041,99.59767992424243
792042930459871802,0.0,0.0,0.0,0.0,0.0
792142930474135901,0.0,0.0,0.0,0.0,0.0
792142930523805202,0.0,0.0,0.0,0.0,0.0
792142930540998802,1.4823529720306396,11.634177428547599,52.588078291814945,106.14507293701172,988.9050597991808
792142930544740501,0.0,0.0,0.0,0.0,0.0
792642930463270101,0.0,0.0,0.0,0.0,0.0
792942930475742502,0.0,0.0,0.0,0.0,0.0
792942930527241002,0.0,9.823861212073325,65.66599241466498,50.168975830078125,481.3692092911181
793042930528322601,4.048387050628662,7.050456381513026,77.33186372745492,67.27263641357422,437.1282833623026
793142930460010501,0.0,0.0,0.0,0.0,0.0
793542930515407802,3.8202247619628906,7.651545670649613,200.9626388421407,77.30912780761719,680.9875437641176
793542930531525801,0.0,0.0,0.0,0.0,0.0
793742930479837702,0.9041095972061157,5.457966844109145,47.789254741592046,51.27763366699219,398.4315912090302
793742930529081301,0.0,0.0,0.0,0.0,0.0
793842930454257301,0.0,0.0,0.0,0.0,0.0
793842930479910501,3.5957446098327637,7.660491426112288,108.69237288135594,37.212127685546875,360.04308076632225
793942930462395002,0.0,0.0,0.0,0.0,0.0
794242930534591401,0.0,0.0,0.0,0.0,0.0
794442930447904801,0.0,0.0,0.0,0.0,0.0
794542930101290201,0.0,0.0,0.0,0.0,0.0
794542930532969201,0.0,0.0,0.0,0.0,0.0
794642930546989801,2.0754716396331787,6.0553909982085985,55.4531847133758,76.4084243774414,641.8714407524485
794742930479829901,0.0,0.0,0.0,0.0,0.0
794842930529842901,6.0,7.383420742467341,24.94605983986515,4.514345169067383,29.533683381400127
794942930516814001,0.0,0.0,0.0,0.0,0.0
795142930524750802,0.0,1.7133373837153048,0.0,0.3711877167224884,1.7133373837153048
795142930526088701,0.0,0.0,0.0,0.0,0.0
795142930532308602,0.09638553857803345,12.554455185347148,12.844456404736276,87.11168670654297,1042.0197861281868
795342930450598901,0.0,0.0,0.0,0.0,0.0
795442928823159701,0.0,0.0,0.0,0.0,0.0
795442930458219802,0.0,0.0,0.0,0.0,0.0
795642930464761502,0.0,0.0,0.0,0.0,0.0
795742927975326001,0.5185185074806213,7.399802866077834,14.572812051649928,26.900331497192383,199.79468205259042
795942930523988901,0.0,0.0,0.0,0.0,0.0
796042929457044501,0.0,0.0,0.0,0.0,0.0
796042930525061902,0.0,0.0,0.0,0.0,0.0
796142930476360402,0.0,0.0,0.0,0.0,0.0
796242929514115302,3.153846263885498,5.6520502426649015,45.780439738216046,19.262420654296875,220.42996456253678
796242930508282101,0.0,0.0,0.0,0.0,0.0
796442930519745301,2.777777671813965,13.706412899954072,152.9690753214942,95.91836547851562,986.8617235903206
796442930543616402,3.7472527027130127,7.648073229424232,155.33733663016602,71.57096099853516,695.9746728679478
796542930534869402,0.0,0.0,0.0,0.0,0.0
796742930468079202,0.0,0.0,0.0,0.0,0.0
796742930548112102,0.0,0.0,0.0,0.0,0.0
797042930533526401,5.599999904632568,8.794778243577905,116.99126930826058,34.34185028076172,219.86945707322448
797242930519193302,0.0,0.0,0.0,0.0,0.0
797242930525539302,0.0,0.0,0.0,0.0,0.0
797242930530108302,0.0,0.0,0.0,0.0,0.0
797642930457443801,0.0,0.0,0.0,0.0,0.0
797742930476311902,0.0,0.0,0.0,0.0,0.0
797842930450324201,0.0,0.0,0.0,0.0,0.0
797942930460336502,0.0,0.0,0.0,0.0,0.0
797942930522003401,0.0,0.0,0.0,0.0,0.0
798142929259265402,0.0,0.0,0.0,0.0,0.0
798242930543941802,3.5196077823638916,7.917339492327765,149.6282605648231,74.23848724365234,807.5686327317051
798342929194635601,0.0,0.0,0.0,0.0,0.0
798342930447675001,0.0,0.0,0.0,0.0,0.0
798342930545453401,0.97826087474823,12.158403862847223,22.739583333333332,68.94469451904297,559.286557510164
798442930529701001,3.61956524848938,7.8203001573588775,200.53659168610142,113.23616790771484,719.4676375873265
798542930460582702,0.0,0.0,0.0,0.0,0.0
798642930517286101,0.0,0.0,0.0,0.0,0.0
798742930289645702,0.0,0.5601385069762705,0.5601385069762705,0.05508604645729065,0.5601385069762705
798742930477310602,4.307692527770996,17.46821527216384,84.74265696577741,12.076300621032715,227.08680353804567
798742930519398002,0.0,0.0,0.0,0.0,0.0
798842930464854601,0.0,0.0,0.0,0.0,0.0
798842930529034001,0.0,0.0,0.0,0.0,0.0
798842930532926501,0.0,0.0,0.0,0.0,0.0
799042930536547301,0.0,0.0,0.0,0.0,0.0
799142930461449601,0.0,0.0,0.0,0.0,0.0
799142930464148602,0.0,0.0,0.0,0.0,0.0
799142930508440501,0.0,0.0,0.0,0.0,0.0
799242929055602502,3.885714292526245,7.205798180140892,111.15954377725595,60.63920974731445,504.40586143475736
799342930542861401,0.0,0.0,0.0,0.0,0.0
799442930478913201,0.0,0.0,0.0,0.0,0.0
799542930545858902,2.6046512126922607,8.267506066982714,60.67905056759546,27.412857055664062,355.50275173128205
799642930466424101,2.0,16.591921755115088,33.18367821436875,2.5885469913482666,33.183841920846895
799742930462511801,0.0,0.0,0.0,0.0,0.0
799942929166177302,0.0,0.0,0.0,0.0,0.0
801242930456743501,0.0,0.0,0.0,0.0,0.0
801242930508147801,0.0,0.0,0.0,0.0,0.0
801242930532614201,0.0,0.0,0.0,0.0,0.0
801342930471544502,0.0,0.0,0.0,0.0,0.0
801342930517927201,0.0,0.0,0.0,0.0,0.0
801342930543387302,0.0,0.0,0.0,0.0,0.0
801342930545082102,0.0,0.0,0.0,0.0,0.0
801442930454081002,0.0,0.0,0.0,0.0,0.0
801442930454206002,0.0,0.0,0.0,0.0,0.0
801442930461586702,0.0,0.0,0.0,0.0,0.0
801542930516330302,4.511111259460449,28.440376359854948,149.62627986348122,79.18762969970703,1279.8169648883286
801742930476306102,0.0,0.0,0.0,0.0,0.0
801942930454879602,0.0,0.0,0.0,0.0,0.0
801942930517639202,0.0,0.0,0.0,0.0,0.0
801942930532113802,0.0,0.0,0.0,0.0,0.0
801942930533183301,0.0,0.0,0.0,0.0,0.0
802142929118570801,3.9871795177459717,8.317031218235414,183.63976417971134,69.38409423828125,648.7284578343528
802142930472974701,0.0,0.0,0.0,0.0,0.0
802342930544949602,0.0,0.0,0.0,0.0,0.0
803342930510992002,0.0,0.0,0.0,0.0,0.0
803342930534987401,0.0,0.0,0.0,0.0,0.0
803442930521940801,3.25,6.954819615073219,10.03323007603492,3.326908826828003,27.819279285324555
803542930532680301,0.0,0.0,0.0,0.0,0.0
803742930445520301,4.485714435577393,6.381026055376516,74.56500774926812,58.191673278808594,446.6718271947082
803742930526737802,0.0,0.0,0.0,0.0,0.0
803742930547269501,3.1100916862487793,6.5556879884187556,111.4200225288651,80.12933349609375,714.569961499896
803842930451807801,3.307692289352417,6.377050524934384,62.548219934046706,20.61575698852539,165.80331759161115
804042930519203602,10.55555534362793,3.9018946754365995,20.741715177729358,6.106320381164551,35.1170528411493
804042930530337202,3.5151515007019043,19.419925986842106,199.21894736842106,122.37224578857422,1281.715143705669
804042930536220601,0.0,0.0,0.0,0.0,0.0
804242930474631801,3.7528090476989746,7.239351483298674,81.35612165323629,71.48583221435547,644.3022825004591
804242930529420801,0.0,0.0,0.0,0.0,0.0
804342928210622202,1.0,14.440470856311274,28.88235294117647,2.1985771656036377,28.88094123391544
804342930476485601,5.09375,5.995213461356168,71.30346309403438,81.51676940917969,383.69367096421695
804642930473426902,0.0,0.0,0.0,0.0,0.0
804642930476514001,0.0,0.0,0.0,0.0,0.0
804642930480351502,0.0,0.0,0.0,0.0,0.0
804842930456788302,0.0,0.0,0.0,0.0,0.0
804842930466678301,0.0,0.0,0.0,0.0,0.0
805042930477888801,0.0,0.0,0.0,0.0,0.0
805042930508791002,0.0,0.0,0.0,0.0,0.0
805142930461169201,0.0,0.0,0.0,0.0,0.0
805142930475602602,0.0,0.0,0.0,0.0,0.0
805142930526343601,0.0,0.0,0.0,0.0,0.0
805242930480563402,0.0,0.0,0.0,0.0,0.0
805242930516737201,4.026666641235352,8.65555407554979,70.08846058808994,104.25238037109375,649.1665832240521
805342928242527202,1.3333333730697632,17.544191532687393,135.89948892674616,39.090309143066406,894.7537583476234
805342930474260902,1.0526316165924072,8.528929540963503,26.44223046815432,33.92011260986328,324.0993165273244
805542930550087701,0.0,0.0,0.0,0.0,0.0
805642927975205602,0.0,0.0,0.0,0.0,0.0
805642930462133301,4.696969509124756,20.469452355295566,184.2832512315271,105.25743103027344,1350.9838107254704
805642930478159602,0.0,0.0,0.0,0.0,0.0
805642930542344202,0.0,0.0,0.0,0.0,0.0
805742930458053401,0.0,0.0,0.0,0.0,0.0
805842930164781701,3.0,16.821235795454545,32.13818181818182,3.4826159477233887,33.64247292258523
805842930477843401,0.0,0.0,0.0,0.0,0.0
805842930509185101,0.0,0.0,0.0,0.0,0.0
805942930516763002,0.0,0.0,0.0,0.0,0.0
806042930470171401,0.0,0.0,0.0,0.0,0.0
806042930547047701,3.792452812194824,9.634744983372814,138.03935860058309,66.85509490966797,510.64148066273236
806142930528568802,0.0,0.0,0.0,0.0,0.0
806242928025344402,0.0,0.0,0.0,0.0,0.0
806442930184475602,0.0,0.0,0.0,0.0,0.0
806442930453834601,4.333333492279053,1.553465359452842,2.367074275362319,0.7506552934646606,4.660396188929461
806742930461542102,0.0,0.0,0.0,0.0,0.0
806842928042203701,0.0,0.0,0.0,0.0,0.0
806842930548733102,0.0,0.0,0.0,0.0,0.0
806942930541666101,0.0,0.0,0.0,0.0,0.0
807142930541357101,0.0,18.402793457972063,0.0,93.09410858154297,975.3480417292012
807242930524016601,0.0,0.0,0.0,0.0,0.0
807442930532775301,0.0,0.0,0.0,0.0,0.0
807642930479770802,0.0,0.0,0.0,0.0,0.0
807642930526525601,2.0289855003356934,6.902681471764118,61.31456998773341,67.62602996826172,476.2850349061975
807642930529617301,0.0,0.0,0.0,0.0,0.0
807742930472778202,0.0,0.0,0.0,0.0,0.0
807842928887149302,0.0,0.0,0.0,0.0,0.0
807842929456879002,0.0,0.0,0.0,0.0,0.0
807842929494157501,0.0,0.0,0.0,0.0,0.0
807842929839905601,0.0,0.0,0.0,0.0,0.0
807842930507639202,0.0,0.0,0.0,0.0,0.0
807942930476863901,0.0,0.0,0.0,0.0,0.0
808042928311037201,3.7916667461395264,5.879325900076602,53.149357392118475,14.482176780700684,141.10382400397108
808242930453213402,0.0,0.0,0.0,0.0,0.0
808242930518812602,0.0,0.0,0.0,0.0,0.0
808342930525211902,0.0,0.0,0.0,0.0,0.0
808342930526709602,0.0,0.0,0.0,0.0,0.0
808342930542401702,0.0,0.0,0.0,0.0,0.0
808542928633733802,0.0,0.0,0.0,0.0,0.0
808542928726620402,0.0,0.0,0.0,0.0,0.0
808542930524760302,3.454545497894287,9.78211800609652,56.648624010027916,6.3202056884765625,107.60329597355341
809142930544794502,0.0,0.0,0.0,0.0,0.0
809242929843198402,2.0,8.9944498327164,52.510250569476085,5.061768531799316,71.95559665734966
809242930518498701,0.0,0.0,0.0,0.0,0.0
809542930479730101,0.0,0.0,0.0,0.0,0.0
809742930533538002,0.0,0.0,0.0,0.0,0.0
809942929321324301,0.0,0.0,0.0,0.0,0.0
809942930526801502,0.0,0.0,0.0,0.0,0.0
811142930462068801,0.0,0.0,0.0,0.0,0.0
811142930472130002,0.0,0.0,0.0,0.0,0.0
811142930519659602,1.563380241394043,8.532086847806047,98.28369284660766,65.80433654785156,605.7781439333891
811242930531975002,0.0,0.0,0.0,0.0,0.0
811442930463711802,0.0,0.0,0.0,0.0,0.0
811542930534954201,1.787500023841858,5.811528363892123,67.4837019790454,60.76407241821289,464.92227074856623
811642930476767801,0.0,0.0,0.0,0.0,0.0
811942928166711001,4.392157077789307,6.277789602252493,101.89565527065527,0.0,320.1672662343734
812142930460560902,0.0,0.0,0.0,0.0,0.0
812442930464460202,2.6666667461395264,16.113911541334662,48.3406374501992,4.223771572113037,48.34173365133217
812442930527667102,0.0,0.0,0.0,0.0,0.0
812642930516099601,0.0,0.0,0.0,0.0,0.0
812942930462104402,0.0,0.0,0.0,0.0,0.0
812942930543424902,0.0,0.0,0.0,0.0,0.0
813042930517057001,0.0,0.0,0.0,0.0,0.0
813142930516301902,0.0,0.0,0.0,0.0,0.0
813342930538496902,0.0,0.0,0.0,0.0,0.0
813442930534812601,0.0,0.0,0.0,0.0,0.0
813742930449674101,0.0,0.0,0.0,0.0,0.0
813842930464787802,0.0,0.0,0.0,0.0,0.0
813842930525574102,0.0,0.0,0.0,0.0,0.0
814042930528019102,0.0,0.0,0.0,0.0,0.0
814242928664083701,0.0,0.0,0.0,0.0,0.0
814342930462456201,0.0,0.0,0.0,0.0,0.0
814342930476834602,0.19354838132858276,20.806435032894736,7.204927211646137,99.81884002685547,1289.998933508041
814442930453336502,0.0,0.0,0.0,0.0,0.0
814742930509403102,3.46875,10.388179051598836,177.90116279069767,0.0,997.2652202206989
814842930510356101,0.0,0.0,0.0,0.0,0.0
814842930515938701,0.0,0.0,0.0,0.0,0.0
815042930508138902,0.0,0.0,0.0,0.0,0.0
815042930547570001,0.0,0.0,0.0,0.0,0.0
815142930464010802,0.0,0.0,0.0,0.0,0.0
815142930534968402,0.0,0.0,0.0,0.0,0.0
815442930516584202,0.0,0.0,0.0,0.0,0.0
815442930549748702,0.0,0.0,0.0,0.0,0.0
815542930478218101,2.799999952316284,7.887712069318647,37.357289153884665,3.9618401527404785,39.43856208005723
815742927979933901,0.0,0.0,0.0,0.0,0.0
815742930455532001,0.0,0.0,0.0,0.0,0.0
815742930542317802,2.654761791229248,9.355561311765246,93.43570903747245,81.08065795898438,785.8671241377663
815842930464087702,5.171428680419922,7.3598067789291886,84.40875071963156,37.12126541137695,257.5932425069068
815942930474266901,0.0,0.0,0.0,0.0,0.0
816142930464457301,0.0,0.0,0.0,0.0,0.0
816242928108698401,0.0,0.0,0.0,0.0,0.0
816442930400204201,5.0,2.898781816769776,2.8984771573604062,0.27063313126564026,2.898781816769776
816542930516310401,0.0,0.0,0.0,0.0,0.0
816642930479262802,0.0,0.0,0.0,0.0,0.0
816742930454170502,0.0,0.0,0.0,0.0,0.0
816742930474717402,0.0,0.0,0.0,0.0,0.0
817142928663921402,0.0,0.0,0.0,0.0,0.0
817242928932412501,0.0,0.0,0.0,0.0,0.0
817242930342472002,0.0,0.0,0.0,0.0,0.0
817342929417378502,6.0,4.372057462993421,4.373205741626794,0.3794252872467041,4.372057462993421
817342930517381702,0.0,0.0,0.0,0.0,0.0
817342930530317902,0.0,0.0,0.0,0.0,0.0
817442930531891001,0.0,0.0,0.0,0.0,0.0
817542930478283502,0.0,0.0,0.0,0.0,0.0
817642930474595001,0.0,0.0,0.0,0.0,0.0
817742928196979602,0.0,0.0,0.0,0.0,0.0
817742930446571202,1.5128204822540283,7.924812435536338,47.30244366867661,69.02597045898438,618.135358860666
817742930534934501,0.0,0.0,0.0,0.0,0.0
817942929493986702,0.0,0.0,0.0,0.0,0.0
817942929800191402,4.75,5.994636459281165,45.31704146626804,25.604761123657227,191.82836677633583
818142930522942502,0.0,0.0,0.0,0.0,0.0
818242930534831802,3.895522356033325,6.815656964001063,84.95324123273113,60.505714416503906,456.6490258461104
818342930518628202,0.0,0.0,0.0,0.0,0.0
818342930529817502,0.0,0.0,0.0,0.0,0.0
818342930532790801,0.0,0.0,0.0,0.0,0.0
818642930446433501,0.0,0.0,0.0,0.0,0.0
819142930541095801,1.1081081628799438,3.563977992758543,11.870389228332202,27.075847625732422,131.86718614642558
819242930453621202,0.0,0.0,0.0,0.0,0.0
819242930531787001,0.0,0.0,0.0,0.0,0.0
819342930534641502,0.0,0.0,0.0,0.0,0.0
819442928030479102,0.0,0.0,0.0,0.0,0.0
819442930462741302,0.0,0.0,0.0,0.0,0.0
819542930454647602,0.0,0.0,0.0,0.0,0.0
819642930524373201,0.0,0.0,0.0,0.0,0.0
819642930550470702,9.290322303771973,5.099563173940044,44.15214813978434,23.929523468017578,158.08645895466546
819742930475517901,0.0,0.0,0.0,0.0,0.0
819742930476177601,0.0,0.0,0.0,0.0,0.0
821242930455582301,0.0,0.0,0.0,0.0,0.0
821542930460498902,0.0,0.0,0.0,0.0,0.0
821642930480059302,0.0,0.0,0.0,0.0,0.0
821942930530217601,0.0,0.0,0.0,0.0,0.0
821942930537341902,0.0,0.0,0.0,0.0,0.0
822042930543471402,0.0,0.0,0.0,0.0,0.0
822342930455951801,0.0,0.0,0.0,0.0,0.0
822442928789829102,0.0,0.0,0.0,0.0,0.0
822442930464350402,1.600000023841858,20.481593116554055,76.54054054054055,81.3303451538086,921.6716771306218
822442930533126101,0.0,0.0,0.0,0.0,0.0
822542930518122602,0.0,0.0,0.0,0.0,0.0
822542930550422301,0.0,0.0,0.0,0.0,0.0
822742930537489702,0.0,0.0,0.0,0.0,0.0
822942930517948001,0.0,0.0,0.0,0.0,0.0
822942930544325501,0.0,0.0,0.0,0.0,0.0
823142929022556501,0.0,0.0,0.0,0.0,0.0
823342930446736401,0.0,0.0,0.0,0.0,0.0
823342930466729101,0.0,0.0,0.0,0.0,0.0
823442930461957001,0.0,0.0,0.0,0.0,0.0
823542928281571202,0.0,0.0,0.0,0.0,0.0
823542930448997102,0.0,0.0,0.0,0.0,0.0
823642930519878201,0.0,0.0,0.0,0.0,0.0
823742930522802202,0.0,0.0,0.0,0.0,0.0
823842930452734401,0.0,0.0,0.0,0.0,0.0
824242930518683202,0.0,0.0,0.0,0.0,0.0
824442930516415402,0.0,0.0,0.0,0.0,0.0
824442930527155301,0.0,0.0,0.0,0.0,0.0
824542929380254101,0.0,0.0,0.0,0.0,0.0
824542930464352301,0.0,0.0,0.0,0.0,0.0
824542930550604002,0.0,0.0,0.0,0.0,0.0
824942930461485102,0.0,0.0,0.0,0.0,0.0
824942930534355601,0.0,0.0,0.0,0.0,0.0
825042930527969201,0.0,0.0,0.0,0.0,0.0
825342930517966301,0.0,0.0,0.0,0.0,0.0
825342930528662702,1.0,0.48277237166219683,0.9656716417910448,0.11473752558231354,0.9655447433243937
825442930458105101,0.0,0.0,0.0,0.0,0.0
825442930516566802,0.0,0.0,0.0,0.0,0.0
825442930525679301,4.545454502105713,9.24415203344042,65.57009345794393,7.6147260665893555,101.68566989601587
825542930537831702,0.0,0.0,0.0,0.0,0.0
825642930475638602,1.759615421295166,9.376256375456425,130.3780066072912,66.49090576171875,975.1306462867079
825742930478649902,0.0,6.022315014367816,0.0,22.039690017700195,198.7363992547319
825942929761688202,0.0,0.0,0.0,0.0,0.0
825942930463971702,1.8571428060531616,3.7610441376351598,7.169967197181387,5.156647205352783,26.327308852216945
826142928119230302,0.0,0.0,0.0,0.0,0.0
826242930510359201,0.0,0.0,0.0,0.0,0.0
826342929021034101,2.3775510787963867,5.695040313088512,50.55278025572406,79.19434356689453,558.1139341806772
826342930475486701,0.0,0.0,0.0,0.0,0.0
826442930515901101,0.0,0.0,0.0,0.0,0.0
826542930464180701,1.0196079015731812,7.493351044975046,25.29174228675136,48.53044128417969,382.160888242635
826542930469923401,6.5714287757873535,12.189925002233739,55.73266619013581,22.46919059753418,170.6589479371426
826542930479871801,0.0,0.0,0.0,0.0,0.0
827042930522281002,0.0,0.0,0.0,0.0,0.0
827142929604523301,0.0,0.0,0.0,0.0,0.0
827142930530486801,3.8913042545318604,11.940676140320335,78.3259052924791,55.21316909790039,549.2711187038581
827242928197098401,0.0,0.0,0.0,0.0,0.0
827442930457227302,0.0,0.6672597864768683,0.6672597864768683,0.07680083066225052,0.6672597864768683
827642930544739202,0.0,0.0,0.0,0.0,0.0
827842930517436002,0.0,0.0,0.0,0.0,0.0
828042930452839902,3.7727272510528564,13.761389249694377,177.2713936430318,127.93989562988281,1211.0022525764036
828242930549987701,3.066666603088379,4.188206212685297,88.68724887062723,14.967876434326172,125.64618456270857
828442930466467401,2.5042734146118164,5.114004343708827,87.47299077733861,87.31940460205078,598.3384890162636
828442930476132101,3.5238094329833984,22.02450083537274,535.1385542168674,90.51091003417969,1850.058011391795
828542930452138102,0.25531914830207825,7.026561769908551,140.9980308390628,65.76341247558594,660.4968123685835
828542930528993801,18.0,0.10225634375719825,0.08026208026208026,0.0758950337767601,0.5112817295255668
828642930475053801,0.0,0.0,0.0,0.0,0.0
828642930480325302,1.0243902206420898,10.265031055900621,33.992298136645964,49.79301071166992,420.8662606394513
828842930531300102,0.0,0.0,0.0,0.0,0.0
829042930475597601,4.5471696853637695,43.532553029614824,907.6744186046511,84.41454315185547,2307.225242326426
829342930536253801,0.0,0.0,0.0,0.0,0.0
829342930545907002,0.0,0.0,0.0,0.0,0.0
829442930452869901,0.0,0.0,0.0,0.0,0.0
829442930508923701,0.0,0.0,0.0,0.0,0.0
829442930534169102,0.0,0.0,0.0,0.0,0.0
829742930529086402,0.0,0.0,0.0,0.0,0.0
829742930530184901,0.0,0.0,0.0,0.0,0.0
829842928213735102,0.0,0.0,0.0,0.0,0.0
831142930289817501,6.763157844543457,12.34212746076309,140.3095656879989,65.62195587158203,469.0008589721729
831242930453786301,0.0,0.0,0.0,0.0,0.0
831242930531796201,2.0,5.495014512611975,9.925349677824926,1.3853095769882202,10.99002848806086
831542930518419202,0.0,0.0,0.0,0.0,0.0
832042930511109702,0.0,0.0,0.0,0.0,0.0
832242930474068801,0.0,0.0,0.0,0.0,0.0
832342930523521702,0.0,0.0,0.0,0.0,0.0
832442929613539201,0.0,0.0,0.0,0.0,0.0
832642930475823402,0.0,0.0,0.0,0.0,0.0
832642930520792801,0.0,0.0,0.0,0.0,0.0
832742930459978602,2.313953399658203,6.804471017656706,41.8492257885881,55.16521072387695,585.1845061509024
833042929126817802,0.0,0.0,0.0,0.0,0.0
833042930525249402,0.0,0.0,0.0,0.0,0.0
833142930542841402,5.047618865966797,16.23938116776316,219.76008771929824,78.16876220703125,1023.0809636647241
833342930544656502,0.0,0.0,0.0,0.0,0.0
833442930527530001,0.0,0.0,0.0,0.0,0.0
833542930446907502,0.0,0.0,0.0,0.0,0.0
833642930474043501,0.0,0.0,0.0,0.0,0.0
833642930479236101,0.0,0.0,0.0,0.0,0.0
833742930509863801,0.0,0.0,0.0,0.0,0.0
833742930539239902,0.0,0.0,0.0,0.0,0.0
833742930547538101,0.0,0.0,0.0,0.0,0.0
833842930476862502,0.0,0.0,0.0,0.0,0.0
833942930463710902,0.0,0.0,0.0,0.0,0.0
834042930458153801,3.9166667461395264,5.316606426604406,42.94712643678161,7.992310523986816,63.799279212220874
834242929800241602,2.5681817531585693,10.598775867687795,156.1029819129868,122.69154357910156,932.69226120061
834442927928420801,1.0,15.739333929311774,230.61028192371475,84.06180572509766,1463.758056703887
834442930515364402,0.0,0.0,0.0,0.0,0.0
834442930517835102,2.526315689086914,7.864056845893644,37.458149779735685,11.596277236938477,149.41707925574445
834442930525675402,0.0,0.0,0.0,0.0,0.0
834442930531819002,0.0,0.0,0.0,0.0,0.0
834742930532099001,0.0,0.0,0.0,0.0,0.0
834842930542858001,0.0,0.0,0.0,0.0,0.0
834942930526462301,3.107142925262451,15.000054253472221,131.71815718157183,91.51297760009766,840.0030067619592
835042930480274002,0.0,0.0,0.0,0.0,0.0
835242930450010401,0.0,0.0,0.0,0.0,0.0
835242930522282001,0.0,0.0,0.0,0.0,0.0
835342930450913802,0.0,0.0,0.0,0.0,0.0
835342930524987902,0.0,0.0,0.0,0.0,0.0
835342930541093701,0.0,0.0,0.0,0.0,0.0
835542930480626901,0.0,0.0,0.0,0.0,0.0
836042929800256801,0.0,0.0,0.0,0.0,0.0
836042930522772702,0.0,0.0,0.0,0.0,0.0
836042930528204101,0.0,0.0,0.0,0.0,0.0
836142930474183802,0.0,0.0,0.0,0.0,0.0
836342930524210302,0.0,0.0,0.0,0.0,0.0
836642930454674902,0.0,0.0,0.0,0.0,0.0
836642930477249101,0.0,0.0,0.0,0.0,0.0
836642930530434802,0.0,0.0,0.0,0.0,0.0
836642930545490301,0.0,0.0,0.0,0.0,0.0
836842928015410501,2.460176944732666,5.449475914710289,138.85484515484515,56.617740631103516,615.790764962043
836842930525650601,0.0,0.0,0.0,0.0,0.0
837042930479968701,0.0,0.0,0.0,0.0,0.0
837242930518141601,0.0,0.0,0.0,0.0,0.0
837442930528264801,0.0,0.0,0.0,0.0,0.0
837442930529264402,0.0,0.0,0.0,0.0,0.0
837542930542795001,0.0,0.0,0.0,0.0,0.0
837742928967046502,0.53125,6.337243424287119,29.535725991478206,16.610244750976562,202.79178458344776
837742930470022902,0.0,0.0,0.0,0.0,0.0
837942928676524701,0.0,0.0,0.0,0.0,0.0
837942930464892901,0.0,0.0,0.0,0.0,0.0
837942930529605302,0.0,0.0,0.0,0.0,0.0
838042928665736602,0.0,0.0,0.0,0.0,0.0
838142930465161002,0.0,0.0,0.0,0.0,0.0
838142930515602502,0.0,0.0,0.0,0.0,0.0
838242930470782301,0.0,0.0,0.0,0.0,0.0
838542930519555902,2.936708927154541,14.189720676369863,159.90625,0.0,1120.9878770588605
838642930475790101,0.0,0.0,0.0,0.0,0.0
838642930477805401,0.0,0.0,0.0,0.0,0.0
838942930465195502,1.4117647409439087,22.786798118115055,38.896205630354956,95.60883331298828,774.7511553947608
839142930463661901,0.0,0.0,0.0,0.0,0.0
839242928607176801,1.25,4.471245053538175,8.659404096834264,5.653609275817871,53.65494146080656
839442930521478501,0.0,0.0,0.0,0.0,0.0
839542930008406001,0.0,0.0,0.0,0.0,0.0
839542930289421302,0.0,0.0,0.0,0.0,0.0
839542930463726301,0.0,0.0,0.0,0.0,0.0
839542930526547302,0.0,0.0,0.0,0.0,0.0
839642930467637102,0.0,0.0,0.0,0.0,0.0
839842930462171301,0.0,0.0,0.0,0.0,0.0
841342928096721201,0.0,0.0,0.0,0.0,0.0
841442930507801702,0.0,0.0,0.0,0.0,0.0
841442930526434201,0.0,0.0,0.0,0.0,0.0
841542930529205201,0.0,0.0,0.0,0.0,0.0
841642930459290601,0.0,0.0,0.0,0.0,0.0
841642930524385902,7.0,2.411004424823208,4.620807885995928,1.1572787761688232,7.233013065198757
841942929428305502,0.0,0.0,0.0,0.0,0.0
841942930480076802,0.0,0.0,0.0,0.0,0.0
842042928932295402,6.0,10.744185606060606,10.744242424242424,1.847084879875183,10.744185606060606
842142930477007101,0.0,0.0,0.0,0.0,0.0
842142930521528501,1.3333333730697632,10.105698602496819,50.55534351145038,64.07686614990234,697.2932193989062
842142930548550901,0.0,0.0,0.0,0.0,0.0
842242930533564601,2.88043475151062,7.47871559190203,71.97822889085025,85.16110229492188,688.0418217056603
842342930459389101,0.0,0.0,0.0,0.0,0.0
842442930479262601,0.0,0.0,0.0,0.0,0.0
842542930543771002,3.2352941036224365,9.618842912479062,82.81616415410386,21.425954818725586,163.52033274217666
842642929946490901,0.0,0.0,0.0,0.0,0.0
842642930459093802,0.0,0.0,0.0,0.0,0.0
842742930518445901,0.0,0.0,0.0,0.0,0.0
842742930545257801,0.0,0.0,0.0,0.0,0.0
842842930548514102,0.0,0.0,0.0,0.0,0.0
842942930546835001,0.0,0.0,0.0,0.0,0.0
843042930523606401,4.794117450714111,8.96255537307136,59.81340405014465,41.071441650390625,304.72689770042837
843142930469340002,0.0,0.0,0.0,0.0,0.0
843242930459766502,3.1111111640930176,7.753432317905122,62.41855583543241,98.2487564086914,558.2471382547886
843242930476303802,0.0,0.0,0.0,0.0,0.0
843342930541339502,0.0,0.0,0.0,0.0,0.0
843642930529697002,0.0,0.0,0.0,0.0,0.0
843842930515847702,0.0,0.0,0.0,0.0,0.0
843942930509736802,0.0,0.0,0.0,0.0,0.0
844142930547098901,0.0,0.0,0.0,0.0,0.0
844542930527015502,7.0,18.97094009907045,106.04696673189824,23.540180206298828,322.5059871934865
844842930546514402,0.0,0.0,0.0,0.0,0.0
844942928645857101,0.0,0.0,0.0,0.0,0.0
845142930520139101,0.0,0.0,0.0,0.0,0.0
845142930544417302,0.0,0.0,0.0,0.0,0.0
845342930460613302,0.0,5.7159098089376466,-1.562052571178753,0.0,342.95458945183617
845442929613374502,0.0,0.0,0.0,0.0,0.0
845542930480631502,0.0,0.0,0.0,0.0,0.0
845542930518553602,0.0,0.0,0.0,0.0,0.0
845542930524548902,4.310344696044922,8.323854250943905,84.21574973031284,23.019649505615234,241.391767815093
845542930534184502,0.0,0.0,0.0,0.0,0.0
845642930546189602,0.0,0.0,0.0,0.0,0.0
845842930543021502,0.0,0.0,0.0,0.0,0.0
845942930457810901,0.0,0.0,0.0,0.0,0.0
845942930464815502,0.0,0.0,0.0,0.0,0.0
845942930476179902,0.0,0.0,0.0,0.0,0.0
846042930508914502,0.0,0.0,0.0,0.0,0.0
846042930519367002,0.0,0.0,0.0,0.0,0.0
846142930457038902,2.75,7.243946701483862,25.024070021881837,3.304363489151001,28.975787707439398
846142930469593202,0.0,0.0,0.0,0.0,0.0
846242930519827402,2.6666667461395264,2.4838080523051427,6.926677380474086,1.311429738998413,7.451424304047182
846342930455537002,0.0,0.0,0.0,0.0,0.0
846442930470857401,4.515151500701904,5.3293151832361625,64.93526160369501,25.63620376586914,175.86740540017544
846442930475489401,0.0,0.0,0.0,0.0,0.0
846942930475716502,0.0,0.0,0.0,0.0,0.0
847042930473780002,0.0,0.0,0.0,0.0,0.0
847142930522181302,0.0,0.0,0.0,0.0,0.0
847142930526473901,0.0,0.0,0.0,0.0,0.0
847242930461347501,0.0,0.0,0.0,0.0,0.0
847342928979715101,4.4464287757873535,16.17042691647597,329.0,65.5657958984375,905.5438964306899
847342930454310101,0.0,0.0,0.0,0.0,0.0
847342930461386002,0.0,0.0,0.0,0.0,0.0
847642930531798302,0.0,0.0,0.0,0.0,0.0
847642930532420301,0.0,0.0,0.0,0.0,0.0
847642930549235901,0.0,0.0,0.0,0.0,0.0
847742930520009601,0.0,0.0,0.0,0.0,0.0
847842930548089302,0.0,10.851556014803542,0.0,81.5651626586914,716.2026875067892
847942930474001102,0.0,4.544105086790917,4.54409327479429,0.5569356083869934,4.544105086790917
847942930550687401,6.717948913574219,4.001806304282719,35.092842168313865,25.426023483276367,156.07044406649808
848142930518599101,0.0,0.0,0.0,0.0,0.0
848142930546877402,0.0,0.0,0.0,0.0,0.0
848542929272107001,0.0,0.0,0.0,0.0,0.0
848642930474098702,0.0,0.0,0.0,0.0,0.0
848642930515458801,0.0,0.0,0.0,0.0,0.0
848742930474465301,0.790123462677002,5.260722382020281,21.491029641185648,72.97859191894531,426.1185140366735
848742930527002601,0.0,0.0,0.0,0.0,0.0
848842929417283102,0.0,0.0,0.0,0.0,0.0
848842930453571002,0.0,0.0,0.0,0.0,0.0
848842930523664101,0.0,0.0,0.0,0.0,0.0
849142930453075102,0.0,0.0,0.0,0.0,0.0
849342930509788702,2.7058823108673096,11.479348711492891,151.58175355450237,86.72702026367188,1170.8935308433822
849342930543236502,0.0,0.0,0.0,0.0,0.0
849442930515789602,0.0,0.0,0.0,0.0,0.0
849442930516675901,0.0,0.0,0.0,0.0,0.0
849442930530919102,0.0,0.0,0.0,0.0,0.0
849542930508064101,2.3684210777282715,21.217284800204173,480.31792329006856,56.021339416503906,2821.89879296948
849542930508937701,1.5714285373687744,10.054796596947602,46.062283737024224,93.7519760131836,774.2193257420946
849642928281688101,0.0,0.0,0.0,0.0,0.0
849642930510091802,0.0,0.0,0.0,0.0,0.0
849742928232592202,0.0,0.0,0.0,0.0,0.0
849742930465173101,0.0,0.0,0.0,0.0,0.0
849942930541466401,0.0,0.0,0.0,0.0,0.0
851142930456979301,0.0,0.0,0.0,0.0,0.0
851142930516500302,0.0,0.0,0.0,0.0,0.0
851242930464994401,0.3820224702358246,4.052065304487179,33.7229304029304,74.53960418701172,360.6338052312271
851342930532811802,0.0,0.0,0.0,0.0,0.0
851342930533843601,0.0,0.0,0.0,0.0,0.0
851442928197867501,0.0,0.0,0.0,0.0,0.0
851442930517556402,0.0,0.0,0.0,0.0,0.0
851442930541819701,0.0,0.0,0.0,0.0,0.0
851542930473554901,0.0,0.0,0.0,0.0,0.0
851542930479652201,0.0,0.0,0.0,0.0,0.0
851642929800393702,0.0,0.0,0.0,0.0,0.0
851842930548226801,1.5714285373687744,8.680854093734911,60.408498309995174,78.2184829711914,607.6598171471744
851942928168167902,0.0,0.0,0.0,0.0,0.0
851942930524132701,2.5999999046325684,1.0414445350497568,5.10559324203251,0.9264929890632629,5.207222581504784
852042930451607302,0.0,0.0,0.0,0.0,0.0
852042930472169702,0.0,0.0,0.0,0.0,0.0
852042930473437401,0.0,0.0,0.0,0.0,0.0
852042930475570301,2.6883115768432617,13.076629560085838,113.15536480686696,99.59767150878906,1006.9004624264435
852242930460969701,0.0,0.0,0.0,0.0,0.0
852342929373045201,0.5873016119003296,20.456241102901302,68.55748373101952,90.24247741699219,1288.7431651547777
852542930473401302,0.0,0.0,0.0,0.0,0.0
852542930524117702,0.0,0.0,0.0,0.0,0.0
852642930524078902,0.0,0.0,0.0,0.0,0.0
852742930511203801,0.0,0.0,0.0,0.0,0.0
852842930459571501,0.34328359365463257,8.071407903439153,20.275132275132275,60.24943542480469,540.7843438802303
852842930525394302,0.0,0.0,0.0,0.0,0.0
852942930473536101,0.0,0.0,0.0,0.0,0.0
852942930478392801,0.0,0.0,0.0,0.0,0.0
852942930509739101,0.0,0.0,0.0,0.0,0.0
852942930530305401,0.0,6.117689550569414,0.0,2.6090710163116455,24.47075899666147
853042930509911702,0.3442623019218445,26.181661854619566,304.0728260869565,75.6240234375,1597.0813556505286
853342930477740601,0.0,0.0,0.0,0.0,0.0
853342930477883601,0.0,0.0,0.0,0.0,0.0
853442930200179101,0.0,0.0,0.0,0.0,0.0
853442930517536102,3.7341771125793457,7.095544337401499,222.0203728618105,73.41636657714844,560.5480036063765
853442930544397802,3.224489688873291,15.716162410783179,149.2716049382716,83.92168426513672,770.0919501693161
853442930546952402,0.0,0.0,0.0,0.0,0.0
853542930075840502,1.4895833730697632,6.225837699491406,108.07962118554893,80.79234313964844,597.6804235177223
853642930526406301,0.0,0.0,0.0,0.0,0.0
853842928633866502,0.0,0.0,0.0,0.0,0.0
853842930523791502,0.0,0.0,0.0,0.0,0.0
854042930477061502,3.8135592937469482,7.973727159377995,171.14374074396724,47.58853530883789,470.4499147396717
854042930520187702,0.0,0.0,0.0,0.0,0.0
854242930547722102,0.0,0.0,0.0,0.0,0.0
854442930534463402,0.0,0.0,0.0,0.0,0.0
854642928000561902,0.0,0.0,0.0,0.0,0.0
854742930470528401,0.0,0.0,0.0,0.0,0.0
854742930534326101,0.0,0.0,0.0,0.0,0.0
854742930541679401,0.0,0.0,0.0,0.0,0.0
854742930547269101,3.90625,10.05251350409479,136.08468374281233,73.01163482666016,643.3608446827457
855042930479722302,0.0,0.0,0.0,0.0,0.0
855142930531636301,341.0,0.13164823591363875,0.13164823591363875,0.013223167508840561,0.13164823591363875
855442930454874201,0.0,0.0,0.0,0.0,0.0
855742929922100201,0.0,0.0,0.0,0.0,0.0
855842930526750501,0.0,0.0,0.0,0.0,0.0
856242927949032701,5.0,8.106880101062664,77.33216476774759,19.94595718383789,170.2444787322169
856442930545553601,0.0,0.0,0.0,0.0,0.0
856542930530007901,3.973684310913086,8.270303377814846,108.91687517375591,82.01483154296875,628.5430497102417
856642930519891202,0.0,0.0,0.0,0.0,0.0
856742930458761302,0.0,0.0,0.0,0.0,0.0
856742930465409602,0.0,0.0,0.0,0.0,0.0
857242930476276902,0.0,0.0,0.0,0.0,0.0
857242930508670402,0.0,0.0,0.0,0.0,0.0
857242930524371102,0.0,0.0,0.0,0.0,0.0
857442930518866601,1.3333333730697632,6.577106566416557,27.83311345646438,3.778324604034424,39.46263827120094
857542930465260501,0.0,0.0,0.0,0.0,0.0
857742930525646702,0.31182795763015747,9.427372101814516,95.46303763440861,73.88736724853516,876.7455718816395
857742930530769201,0.0,0.0,0.0,0.0,0.0
857842930460536701,0.0,0.0,0.0,0.0,0.0
858042929155550101,0.0,0.0,0.0,0.0,0.0
858042930462066802,0.0,0.0,0.0,0.0,0.0
858342930463483402,0.0,0.0,0.0,0.0,0.0
858342930472058502,0.0,0.0,0.0,0.0,0.0
858542930464169701,0.0,0.0,0.0,0.0,0.0
858542930468014502,0.0,11.638094600554435,0.0,3.5433216094970703,69.828567406439
858642929649204902,0.0,0.0,0.0,0.0,0.0
858742929303831001,0.0,0.0,0.0,0.0,0.0
858742929493932302,0.0,0.0,0.0,0.0,0.0
858742930449379501,3.9200000762939453,5.836470766505036,55.455054084296904,18.51949119567871,145.9117712809852
858842930455930602,0.0,0.0,0.0,0.0,0.0
858842930477463802,0.0,0.0,0.0,0.0,0.0
858842930522413401,0.0,0.0,0.0,0.0,0.0
859042930546815401,0.0,0.0,0.0,0.0,0.0
859142930456578101,0.0,0.0,0.0,0.0,0.0
859142930459286302,3.2727272510528564,4.268472785145509,39.50870760769936,17.68696403503418,140.8596068503767
859342930455322901,2.25,3.66355720278216,91.81124018037829,59.71477508544922,439.6268670141221
859442930540607101,0.0,0.0,0.0,0.0,0.0
859642930457644301,0.0,0.0,0.0,0.0,0.0
861342930509458601,0.0,0.0,0.0,0.0,0.0
861342930510892602,0.0,0.0,0.0,0.0,0.0
861642930478205701,2.4285714626312256,8.387713153545674,126.2548076923077,23.709257125854492,234.85598008816058
861942928636897801,0.2222222238779068,19.248994961406517,31.430531732418526,108.58345031738281,1385.9275861342612
862242930534647301,0.0,0.0,0.0,0.0,0.0
862242930535062302,0.0,0.0,0.0,0.0,0.0
862342930473319301,0.5242718458175659,7.7027643265756724,113.47358490566037,77.69329071044922,793.3847483827522
862542930542401601,0.0,0.0,0.0,0.0,0.0
862642930449976702,2.7808218002319336,6.945786954111225,128.38263391334016,63.793670654296875,507.0424718970693
862742930526496102,0.0,412.0721340281144,364.5176926805623,49.80921936035156,412.0721340281144
863042930476428201,0.0,0.0,0.0,0.0,0.0
863242930524324202,0.0,0.0,0.0,0.0,0.0
863242930531653402,0.0,0.0,0.0,0.0,0.0
863742930468804801,1.308823585510254,9.381604630488559,100.21892393320965,79.61312866210938,637.949118911469
864042930479321901,0.0,0.0,0.0,0.0,0.0
864242930548351701,0.0,0.0,0.0,0.0,0.0
864342930509826301,0.10526315867900848,10.334568723702665,78.41694249649369,38.53974151611328,392.7136249061788
864342930530677902,3.4352941513061523,7.734930763874009,175.48489393614742,74.34729766845703,657.46913894055
864542930477405101,1.6288659572601318,5.8308863276720135,50.15036722071898,67.10482788085938,565.595964094917
864842930448018302,0.0,0.0,0.0,0.0,0.0
864942930448335102,0.0,0.0,0.0,0.0,0.0
865242930471612302,0.0,0.0,0.0,0.0,0.0
865342930446606702,0.0,0.0,0.0,0.0,0.0
865342930530172102,3.6666667461395264,11.39980255590627,87.66231542906056,80.2340316772461,854.9851663505243
865542930459456602,0.0,0.0,0.0,0.0,0.0
865742930528998502,0.0,0.0,0.0,0.0,0.0
865942930463814801,3.2073171138763428,6.902065816971229,178.66614826334887,54.87045669555664,565.9694041218888
865942930470030902,0.0,4.0758710737521335,61.222696245733786,15.605653762817383,187.4900615516376
866042927917644201,0.0,0.0,0.0,0.0,0.0
866042928912051802,0.0,0.0,0.0,0.0,0.0
866042930464056401,0.0,0.0,0.0,0.0,0.0
866042930532465602,0.0,0.0,0.0,0.0,0.0
866242930525769601,0.0,0.0,0.0,0.0,0.0
866442929761753701,3.4533333778381348,14.370702450345423,99.63730569948187,72.09452819824219,1077.8026461296542
866442930517624802,0.0,9.101114127745893,248.46803878883833,292.87396240234375,2284.379660856457
866442930545178801,0.0,0.0,0.0,0.0,0.0
866542930528633702,0.0,0.0,-0.28653295128939826,0.0,0.0
866642930533055601,0.0,0.0,0.0,0.0,0.0
867142930454378502,0.0,0.0,0.0,0.0,0.0
867142930510401702,7.25,11.305476625815379,22.61099031429136,3.8574655055999756,45.22190534505337
867142930546069701,2.277777671813965,20.021115451388887,95.1574074074074,34.44414138793945,360.3800835126712
867342928255449102,0.0,0.0,0.0,0.0,0.0
867342930518913702,0.0,0.0,0.0,0.0,0.0
867342930524194302,0.0,0.0,0.0,0.0,0.0
867342930538873202,0.0,0.0,0.0,0.0,0.0
867542930474478802,4.945945739746094,11.03157495223799,186.33886462882097,38.74287796020508,408.1682614655474
867642930516478102,1.84375,5.678782732213438,22.678418972332015,20.956510543823242,181.7210406856009
867642930541363401,0.0,0.0,0.0,0.0,0.0
867842930461437102,0.0,0.0,0.0,0.0,0.0
867942930533916401,0.0,0.0,0.0,0.0,0.0
868042930470817501,0.0,0.0,0.0,0.0,0.0
868242930531074002,4.117647171020508,18.55562393679665,405.7252028264852,82.21012115478516,1577.228105742218
868342930477434601,0.0,0.0,0.0,0.0,0.0
868442930461389001,0.0,0.0,0.0,0.0,0.0
868542930547589402,0.0,0.0,0.0,0.0,0.0
868642930515771301,0.0,0.0,0.0,0.0,0.0
868842930528247102,0.0,0.0,0.0,0.0,0.0
868942930452894801,3.803030252456665,9.10606913663903,137.99808673469389,69.6322021484375,601.0005486887328
868942930460670501,3.6666667461395264,4.807515365817536,30.804394657475225,5.531465530395508,43.26763834495166
869542930478570501,0.0,0.0,0.0,0.0,0.0
869542930509071702,0.0,0.0,0.0,0.0,0.0
869542930530863101,0.0,0.0,0.0,0.0,0.0
869542930542513401,1.0,3.404470444555662,3.404473844546958,0.6318439245223999,3.404470444555662
869642930468064501,3.142857074737549,5.6140846041223,22.419531487678736,4.474208831787109,39.29859163465926
869642930541881202,0.0,0.0,0.0,0.0,0.0
869642930544401701,0.0,0.0,0.0,0.0,0.0
869742930542034002,0.0,0.0,0.0,0.0,0.0
869842930517944101,0.0,0.0,0.0,0.0,0.0
869942930464423201,12.0,0.3067501955230228,0.30665588790083537,0.05539105460047722,0.3067501955230228
869942930529109802,0.0,0.0,0.0,0.0,0.0
869942930543346502,0.0,0.0,0.0,0.0,0.0
871142930450013702,0.0,0.0,0.0,0.0,0.0
871142930480719401,0.0,0.0,0.0,0.0,0.0
871242930523367401,0.0,0.0,0.0,0.0,0.0
871342930521539001,2.153846263885498,14.248248509369676,259.13935264054516,31.040903091430664,370.4544518920794
871342930525209801,3.0267856121063232,8.81660799008794,234.1039255386661,63.72043228149414,987.4600592105387
871342930534708502,0.0,0.0,0.0,0.0,0.0
871442930450821301,0.0,0.0,0.0,0.0,0.0
871542929309376301,0.0,0.0,0.0,0.0,0.0
871542930475100402,0.0,0.0,0.0,0.0,0.0
871842930471544702,0.0,0.0,0.0,0.0,0.0
871842930473777201,0.0,0.0,0.0,0.0,0.0
871842930477164102,0.0,0.0,0.0,0.0,0.0
871842930546587302,0.0,0.0,0.0,0.0,0.0
871942930522152902,0.0,0.0,0.0,0.0,0.0
872042930531248002,0.0,0.0,0.0,0.0,0.0
872142928191352102,0.0,0.0,0.0,0.0,0.0
872142930517248702,0.0,0.0,0.0,0.0,0.0
872142930525374001,0.0,0.0,0.0,0.0,0.0
872242930535099602,0.9599999785423279,11.980304314780168,47.64452759588401,76.81891632080078,898.5228372186673
872542930526772802,0.0,0.0,0.0,0.0,0.0
872642930471804901,0.0,0.0,0.0,0.0,0.0
872842930463802702,0.0,0.0,0.0,0.0,0.0
872942930518030701,0.0,0.0,0.0,0.0,0.0
873042930475504502,0.0,0.0,0.0,0.0,0.0
873142929400229701,0.0,0.0,0.0,0.0,0.0
873142930528481601,1.3333333730697632,5.381253091637494,12.32301972124981,40.5843391418457,242.15637903266793
873442930525416502,4.0,7.910361691928415,12.554419284149015,0.9971911311149597,15.82072338385683
873442930531294301,0.0,0.0,0.0,0.0,0.0
873542930530923201,0.0,0.0,0.0,0.0,0.0
873842930463851302,0.0,0.0,0.0,0.0,0.0
873942930478273401,0.0,0.0,0.0,0.0,0.0
873942930524006502,0.0,0.0,0.0,0.0,0.0
873942930524909502,0.0,0.0,0.0,0.0,0.0
873942930528998602,0.0,0.0,0.0,0.0,0.0
874042930452220201,0.0,0.0,0.0,0.0,0.0
874042930472430802,0.0,0.0,0.0,0.0,0.0
874042930508878001,4.111111164093018,7.512869833891434,179.31688403242862,52.66856384277344,540.9266324290348
874142930549247501,6.800000190734863,30.527626387849303,80.73153692614771,15.896890640258789,152.6381319392465
874242930457617401,0.0,0.0,0.0,0.0,0.0
874242930461871701,0.0,0.0,0.0,0.0,0.0
874242930524490802,0.0,0.0,0.0,0.0,0.0
874542930051179802,0.2278480976819992,8.496940303414307,2.5742157612853864,98.4901123046875,671.2582846512846
874642930467125901,0.0,0.0,0.0,0.0,0.0
874642930524115201,1.7075471878051758,7.175338056997137,1182.8346456692914,250.7263641357422,1521.1717418086707
874842928176254401,0.0,0.0,0.0,0.0,0.0
874842930456115302,1.4404761791229248,8.044026040226708,591.7578103400608,199.01544189453125,2027.0945455797607
874842930531525802,0.0,0.0,0.0,0.0,0.0
875142928823088002,0.0,0.0,0.0,0.0,0.0
875142930518232402,1.0990098714828491,9.488139419440243,31.005042864346947,74.88041687011719,958.3021307756248
875242929166244901,4.644444465637207,9.097003285587714,166.01949202598936,64.3498306274414,409.36515062741114
875242930265176101,0.0,0.0,0.0,0.0,0.0
875442930534879301,0.2881355881690979,12.830798791956019,114.70370370370371,47.226768493652344,757.0171064023618
875542930476089902,0.0,0.0,0.0,0.0,0.0
875642930535245501,0.0,0.0,0.0,0.0,0.0
875942930532537202,0.0,0.0,0.0,0.0,0.0
876042930516405702,0.0,0.0,0.0,0.0,0.0
876142930516358702,0.0,0.0,0.0,0.0,0.0
876142930520974101,0.0,0.0,0.0,0.0,0.0
876142930526299101,0.0,0.0,0.0,0.0,0.0
876242930517852801,0.16883116960525513,7.571167618362678,19.661999168168585,88.65396881103516,582.9798887129318
876242930524959801,0.0,0.0,0.0,0.0,0.0
876342929194683901,0.0,0.0,0.0,0.0,0.0
876342930533438402,0.0,0.0,0.0,0.0,0.0
876642928623805201,0.0,0.0,0.0,0.0,0.0
876642930527818202,0.0,0.0,0.0,0.0,0.0
876642930532431701,0.0,0.0,0.0,0.0,0.0
876942930455630201,6.3214287757873535,37.25939029137011,574.3896797153025,138.71499633789062,2086.5259391404556
876942930476500202,1.451612949371338,8.82653984487572,51.01152737752162,77.86127471923828,547.2454823595646
877042930520595202,0.0,0.0,0.0,0.0,0.0
877242930452789102,0.0,0.0,0.0,0.0,0.0
877342930533611101,0.0,0.0,0.0,0.0,0.0
877442930517084701,0.0,0.0,0.0,0.0,0.0
877442930517549801,0.0,0.0,0.0,0.0,0.0
877442930541810301,0.0,0.0,0.0,0.0,0.0
877642930474762901,3.142857074737549,5.154029202748494,15.986947791164658,4.980929851531982,36.07820270339169
877642930509111001,0.0,0.0,0.0,0.0,0.0
877642930536051902,0.0,0.0,0.0,0.0,0.0
877842930530796501,0.0,0.0,0.0,0.0,0.0
877942930509116701,1.6666666269302368,11.43363113890155,18.444849589790337,2.7047457695007324,34.30089252649271
878042930550394601,1.3043478727340698,19.026819029850746,45.427149964463396,31.39037322998047,437.61682410873925
878142930522432301,0.0,0.0,0.0,0.0,0.0
878242930289535201,1.9054054021835327,13.695409217247596,150.24423076923077,91.1397705078125,1013.4602705772106
878342930534037002,8.545454978942871,15.529973048789829,93.87438725490196,20.851253509521484,170.82970757577934
878442930457568501,0.0,0.0,0.0,0.0,0.0
878442930464591201,0.0,0.0,0.0,0.0,0.0
878542930093539401,0.0,0.0,0.0,0.0,0.0
878642930453062702,0.0,0.0,0.0,0.0,0.0
878642930472689301,0.0,0.0,0.0,0.0,0.0
878642930541630601,0.0,0.0,0.0,0.0,0.0
878742929309357202,0.0,0.0,0.0,0.0,0.0
878742930447545202,0.0,0.0,0.0,0.0,0.0
878742930461545401,2.081632614135742,23.738062111728162,149.84939759036143,0.0,1163.1650352794004
878842930547963502,0.0,8.000903492242518,0.0,71.5819091796875,464.0523851152877
878942930477741302,5.454545497894287,11.825939045909749,92.79729729729729,8.918322563171387,130.08532756083721
879142929012644202,0.0,0.0,0.0,0.0,0.0
879142929861272302,1.0,8.035015620056944,8.034988927554572,0.9871330261230469,8.035015620056944
879142930545722802,4.448276042938232,11.116740181419457,158.7993620414673,46.15788269042969,322.3854733407783
879242930473936201,0.0,0.0,0.0,0.0,0.0
879242930525474302,0.0,0.0,0.0,0.0,0.0
879342930550665702,0.0,0.0,0.0,0.0,0.0
879542930447227302,3.0,12.131107105348198,49.86871869445791,12.921740531921387,84.91774894848723
879542930471811501,0.0,0.0,0.0,0.0,0.0
879542930542044901,0.0,0.0,0.0,0.0,0.0
879742930524472601,0.0,0.0,0.0,0.0,0.0
879742930530521802,0.0,0.0,0.0,0.0,0.0
879842930460504202,3.5232558250427246,10.478440803793532,134.58756218905472,94.91316986083984,901.1458797473813
879942930446940201,0.0,0.0,0.0,0.0,0.0
879942930459835002,3.6056337356567383,17.267495509083513,305.36767895878523,113.83230590820312,1225.9921466388826
881242930450290802,0.0,0.0,0.0,0.0,0.0
881342930524302201,0.0,0.0,0.0,0.0,0.0
881342930534866401,0.0,0.0,0.0,0.0,0.0
881442930538844801,0.0,0.0,0.0,0.0,0.0
881542930448893901,1.4583333730697632,4.476786615601358,58.59756395181151,34.980567932128906,322.32864155434095
881542930537459101,0.0,0.0,0.0,0.0,0.0
881642930453490402,0.0,0.0,0.0,0.0,0.0
881842930548693302,0.6000000238418579,5.76938535830999,22.583255524431994,53.155967712402344,403.85697578218844
881942930458473002,0.0,0.0,0.0,0.0,0.0
882042930451587001,1.6304347515106201,5.342975694845301,75.85984761025168,64.05497741699219,491.55377069022745
882042930460138902,0.0,0.0,0.0,0.0,0.0
882042930518036902,0.0,0.0,0.0,0.0,0.0
882242927979733302,0.0,0.0,0.0,0.0,0.0
882342930532789302,0.0,0.0,0.0,0.0,0.0
882442930534443801,0.0,0.0,0.0,0.0,0.0
882742928832350602,0.0,0.0,0.0,0.0,0.0
882742930474333401,3.692307710647583,8.293972267646636,38.84445083381254,11.357006072998047,107.82163632060002
882742930476653301,3.0675675868988037,5.449706544012829,70.34632929436921,56.78274917602539,403.2783005815698
882742930480113002,0.0,0.0,0.0,0.0,0.0
882842930517036602,0.0,0.0,0.0,0.0,0.0
882842930530281801,0.0,0.0,0.0,0.0,0.0
882942930528952802,0.0,0.0,0.0,0.0,0.0
883042927979653202,0.0,0.0,0.0,0.0,0.0
883042930464210701,0.0,0.0,0.0,0.0,0.0
883042930533976102,0.0,0.0,0.0,0.0,0.0
883142928108880501,0.0,0.0,0.0,0.0,0.0
883142930540240101,4.861111164093018,11.104176568441064,132.1615969581749,28.509883880615234,399.75036081524405
883342928845045702,2.75,1.1087742842931871,4.316144387147957,0.7987567186355591,4.4350972158575
883342930516084201,0.0,0.0,0.0,0.0,0.0
883342930522943101,3.9180328845977783,4.643835118616911,72.94480049617532,45.311981201171875,283.2739485716411
883542930509244801,0.0,0.0,0.0,0.0,0.0
883842928634028901,0.0,0.0,0.0,0.0,0.0
883842930530746501,0.6590909361839294,5.266099245934191,15.910237014624306,0.0,231.70836485965168
883942930520327901,0.0,0.0,0.0,0.0,0.0
884242930530802101,0.0,0.0,0.0,0.0,0.0
884442928697249802,0.0,0.0,0.0,0.0,0.0
884542930508371602,0.0,0.0,0.0,0.0,0.0
884642930472927902,0.0,0.0,0.0,0.0,0.0
884642930550779101,0.0,0.0,0.0,0.0,0.0
884742930528071801,4.333333492279053,14.130887653836872,65.08108108108108,3.744403839111328,84.78532851524795
884842930528175701,0.0,0.0,0.0,0.0,0.0
884942928726710702,0.0,0.0,0.0,0.0,0.0
885042930464006301,1.8441557884216309,9.216881636657433,58.38965835641736,100.80900573730469,709.6998859509647
885142930477436202,0.0,0.0,0.0,0.0,0.0
885242930520068101,0.3472222089767456,11.911688673002887,94.60789220404234,92.68804168701172,857.6415814250105
885442929543839302,0.0,0.0,0.0,0.0,0.0
885642930511258901,0.0,0.0,0.0,0.0,0.0
885742929613518902,0.0,0.0,0.0,0.0,0.0
885942928726169702,0.0,0.0,0.0,0.0,0.0
885942930450228701,0.0,0.0,0.0,0.0,0.0
885942930460737202,0.0,0.0,0.0,0.0,0.0
886142930477536701,4.885714054107666,6.7013761862503625,43.760214430599824,23.888744354248047,234.54816306110604
886242930534854202,0.0,0.0,0.0,0.0,0.0
886242930541392601,0.0,0.0,0.0,0.0,0.0
886342930547993002,0.0,0.0,0.0,0.0,0.0
886442930461291402,0.0,0.0,0.0,0.0,0.0
886442930479641201,0.0,0.0,0.0,0.0,0.0
886442930526393201,0.0,0.0,0.0,0.0,0.0
886542930453863001,2.1086957454681396,9.942649768865568,87.33533233383308,74.29474639892578,457.3618686719872
886742930453000701,3.9245283603668213,6.122068138738174,87.48441847523651,59.09218215942383,324.46960075391155
886742930479942201,0.0,0.0,0.0,0.0,0.0
886742930509750502,0.0,0.0,0.0,0.0,0.0
886742930516418501,0.0,0.0,0.0,0.0,0.0
886942930525439601,0.0,0.0,0.0,0.0,0.0
887042930519802501,0.0,0.0,0.0,0.0,0.0
887142927963846701,0.9207921028137207,7.246868358939521,33.08472686733556,45.99528503417969,731.9337181008381
887342930475309002,0.0,0.0,0.0,0.0,0.0
887542930532755102,0.0,0.0,0.0,0.0,0.0
887642930460145701,0.0,0.0,0.0,0.0,0.0
887842930519240601,0.0,0.0,0.0,0.0,0.0
887842930521675302,0.0,0.0,0.0,0.0,0.0
887842930524419802,0.0,0.0,0.0,0.0,0.0
887942930461968101,0.0,0.0,0.0,0.0,0.0
888042930480079302,0.0,0.0,0.0,0.0,0.0
888142930464421702,0.19230769574642181,6.035611979166666,1.2612244897959184,17.70741081237793,156.9259188074644
888442930544244301,0.0,0.0,0.0,0.0,0.0
888542928602970201,2.634920597076416,3.934885129354437,53.92506556065988,45.670841217041016,495.79550991451094
888542929372994801,0.0,0.0,0.0,0.0,0.0
888742930460589802,0.0,0.0,0.0,0.0,0.0
888742930515417702,1.0,0.3059490084985836,0.3059490084985836,0.06344883888959885,0.3059490084985836
888842930523174002,3.633333444595337,8.696661555562564,71.54490413723512,28.022184371948242,260.8998480641878
888842930525252101,0.0,0.0,0.0,0.0,0.0
888842930534199202,0.0,0.0,0.0,0.0,0.0
888942930456231601,0.0,0.0,0.0,0.0,0.0
889142930540539802,0.0,0.0,0.0,0.0,0.0
889342930468765601,0.4693877696990967,15.023811983471074,105.62809917355372,0.0,736.1667994307421
889342930477304901,3.4000000953674316,12.182075811589806,31.633980582524273,6.871761322021484,60.910377428369614
889742930527794902,0.0,0.0,0.0,0.0,0.0
889742930538694302,0.0,0.0,0.0,0.0,0.0
891142929197828702,0.0,0.0,0.0,0.0,0.0
891142930524308901,3.799999952316284,16.377408172447645,78.48625654450262,16.95391273498535,163.77408787592543
891142930524983002,0.0,0.0,0.0,0.0,0.0
891142930526397302,0.0,0.0,0.0,0.0,0.0
891142930533040802,0.0,0.0,0.0,0.0,0.0
891242930480126701,0.0,0.0,0.0,0.0,0.0
891342930518678402,0.0,0.0,0.0,0.0,0.0
891442930474265002,4.947368621826172,6.064242942900739,51.399453902987474,15.999554634094238,115.22061152324927
891442930519394501,4.153846263885498,6.458337348476793,60.43729065872721,8.602813720703125,83.95838637389764
891642928099619102,0.0,0.0,0.0,0.0,0.0
891642930545936502,0.0,0.0,0.0,0.0,0.0
891742930542655002,0.0,0.0,0.0,0.0,0.0
891842930529493501,0.0,0.0,0.0,0.0,0.0
891842930536029501,0.0,0.0,0.0,0.0,0.0
891942928074491401,2.8181817531585693,4.301694017418751,19.45863923310732,7.648357391357422,47.31863610956862
891942930534585101,0.0,0.0,0.0,0.0,0.0
892342930479133402,0.8208954930305481,5.254482493681066,10.876746323529412,62.277652740478516,352.05032545819
892442930459069701,0.0,0.0,0.0,0.0,0.0
892442930528126802,0.0,0.0,0.0,0.0,0.0
892442930545085002,4.303797245025635,33.28981114246167,859.7018739352641,101.68025970458984,2629.895171911184
892742930547903302,2.9677419662475586,11.854953300974953,181.6333837619768,20.748281478881836,367.50353911568646
893142927975166402,0.0,0.0,0.0,0.0,0.0
893142930455255102,7.0,32.80146599264706,197.47058823529412,26.003252029418945,229.61026446174174
893342930528780001,0.0,0.0,0.0,0.0,0.0
893442930545531201,0.0,0.0,0.0,0.0,0.0
893642928077920702,2.9791667461395264,6.060254301619433,65.77185044058109,101.00068664550781,581.7843991429728
893642929424116302,0.0,0.0,0.0,0.0,0.0
893742930463306101,0.0,0.0,0.0,0.0,0.0
893842930527186101,346.0,1.0041283182872245,1.0042125729099158,0.1510806679725647,1.0041283182872245
894042930477690402,0.0,0.0,0.0,0.0,0.0
894342930184380301,0.0,0.0,0.0,0.0,0.0
894442930463609702,0.0,0.0,0.0,0.0,0.0
894742930518898001,0.0,0.0,0.0,0.0,0.0
894742930521856602,0.0,0.0,0.0,0.0,0.0
894942928210492902,0.0,0.0,0.0,0.0,0.0
895042930546773801,0.0,0.0,0.0,0.0,0.0
895342927982896301,0.0,0.0,0.0,0.0,0.0
895542930447808001,0.0,0.0,0.0,0.0,0.0
895742930457228602,0.0,0.0,0.0,0.0,0.0
895742930530491102,0.0,0.0,0.0,0.0,0.0
896042930535044301,0.0,0.0,0.0,0.0,0.0
896142930453359302,3.8947367668151855,7.7124613817010905,81.74216755627756,57.42802047729492,439.610310811016
896242930449464402,0.0,0.0,0.0,0.0,0.0
896242930528754401,4.890410900115967,8.099710524982264,187.1647917300091,67.23997497558594,591.2788564902955
896242930539614902,0.0,0.0,0.0,0.0,0.0
896342930538899601,0.0,0.0,0.0,0.0,0.0
896342930546451101,0.0,0.0,0.0,0.0,0.0
896442930459265001,0.0,0.0,0.0,0.0,0.0
896542928119391301,2.21052622795105,9.579569561298078,103.41538461538461,10.552549362182617,182.01181772085337
896642930521106401,2.6956522464752197,11.802051557179341,45.24375709421113,72.85749053955078,814.3415416350565
896742927944985902,0.0,0.0,0.0,0.0,0.0
896842930460665702,2.5,1.0339660909670938,2.068201563857515,0.34511715173721313,2.067932287990063
896842930522097502,0.0,0.0,0.0,0.0,0.0
896842930529787402,0.0,0.0,0.0,0.0,0.0
897042930455342701,0.0,0.0,0.0,0.0,0.0
897042930460206502,0.0,0.0,0.0,0.0,0.0
897242930545432902,0.0,1.3391745256696428,0.0,1.7365407943725586,12.0525712890625
897242930547626402,0.0,0.0,0.0,0.0,0.0
897642930523595201,0.0,0.0,0.0,0.0,0.0
897842930459772701,0.0,0.0,0.0,0.0,0.0
897942929946658301,0.0,0.0,0.0,0.0,0.0
897942930478722601,0.0,0.0,0.0,0.0,0.0
898142930472063702,0.0,0.0,0.0,0.0,0.0
898242929118597101,0.0,0.0,0.0,0.0,0.0
898542930460696001,0.0,0.0,0.0,0.0,0.0
898642928878430201,0.0,0.0,0.0,0.0,0.0
898642929269102702,0.0,0.0,0.0,0.0,0.0
898642930457963402,0.0,0.0,0.0,0.0,0.0
898642930464550601,0.0,0.0,0.0,0.0,0.0
898642930515610702,0.0,0.0,0.0,0.0,0.0
898642930525899401,5.0,21.834661754855993,21.83469524447421,2.5067501068115234,21.834661754855993
898642930526253401,3.6477272510528564,4.435167743092931,69.9152698754421,62.78877639770508,390.2947672835574
898742930527914001,0.0,0.0,0.0,0.0,0.0
898942930534781701,0.0,0.0,0.0,0.0,0.0
899142930458916502,0.0,0.0,0.0,0.0,0.0
899142930520949702,0.0,0.0,0.0,0.0,0.0
899442930477602002,0.0,0.0,0.0,0.0,0.0
899542930479072802,0.0,0.0,0.0,0.0,0.0
899542930518010302,4.927272796630859,8.980618794759115,162.55815972222223,66.78282928466797,493.93405361970264
899542930529210902,0.0,0.0,0.0,0.0,0.0
899642929259359502,0.0,0.0,0.0,0.0,0.0
899642930538859901,0.0,0.0,0.0,0.0,0.0
899742929012951802,1.5531915426254272,7.560261260724499,31.717762948840164,70.41658782958984,710.6645364000716
899742930519645701,0.0,0.0,0.0,0.0,0.0
901242928823042002,0.0,0.0,0.0,0.0,0.0
901242930509448502,0.0,0.0,0.0,0.0,0.0
901342930543043201,0.0,0.0,0.0,0.0,0.0
901442928087989501,0.0,0.0,0.0,0.0,0.0
901542930540856402,0.0,0.0,0.0,0.0,0.0
901742930453905802,0.0,0.0,0.0,0.0,0.0
901842930462787701,0.0,0.0,0.0,0.0,0.0
901942928175981702,0.0,0.0,0.0,0.0,0.0
902042930476478901,0.0,0.0,0.0,0.0,0.0
902442930542582601,0.0,0.0,0.0,0.0,0.0
902542930463173102,0.0,0.0,0.0,0.0,0.0
902642930517698402,0.0,0.0,0.0,0.0,0.0
902742928109525001,0.0,0.0,0.0,0.0,0.0
902742930453899501,3.6052632331848145,6.268777352890199,97.1321604991767,93.87081146240234,476.42710120831464
902742930519255402,0.0,0.0,0.0,0.0,0.0
902842930524465902,0.0,0.0,0.0,0.0,0.0
903142930518312801,0.0,0.0,0.0,0.0,0.0
903142930518862702,0.0,0.0,0.0,0.0,0.0
903342930466703601,6.44444465637207,36.72926591082317,331.50243902439024,29.472923278808594,661.1268064917588
903442930527707601,0.0,0.0,0.0,0.0,0.0
903542930447094901,2.200000047683716,12.016062721150089,41.89423870099422,9.042096138000488,60.08031547923004
903742929488676902,0.0,0.0,0.0,0.0,0.0
903842930509351502,0.0,0.0,0.0,0.0,0.0
903942930475834401,0.0,0.0,0.0,0.0,0.0
904042929922159801,0.0,0.0,0.0,0.0,0.0
904042930465200202,0.0,0.0,0.0,0.0,0.0
904042930548901001,0.0,0.0,0.0,0.0,0.0
904142929735970401,0.0,0.0,0.0,0.0,0.0
904142930515785701,0.0,0.0,0.0,0.0,0.0
904342930466563902,0.0,0.0,0.0,0.0,0.0
904642930462924201,0.0,0.0,0.0,0.0,0.0
904642930524324701,0.0,0.0,0.0,0.0,0.0
904642930526554502,0.0,0.0,0.0,0.0,0.0
904742930459111701,0.0,0.0,0.0,0.0,0.0
904742930527109901,0.0,0.0,0.0,0.0,0.0
905042930460852201,0.0,15.06635693295603,213.15585546364824,157.3530731201172,1084.7777483229747
905142930446820001,0.0,0.0,0.0,0.0,0.0
905242930463572302,0.0,0.0,0.0,0.0,0.0
905342930475284702,0.0,0.0,0.0,0.0,0.0
905342930518946001,0.0,0.0,0.0,0.0,0.0
905542930510527201,0.0,0.0,0.0,0.0,0.0
906042928191142702,4.3734941482543945,9.204390750054078,144.52563270603505,92.91123962402344,763.9644352929199
906142930464080001,0.0,0.0,0.0,0.0,0.0
906142930467844802,0.0,14.773070842645266,0.0,43.647979736328125,457.96521899158614
906142930530048102,0.0,0.0,0.0,0.0,0.0
906142930545816502,0.0,0.0,0.0,0.0,0.0
906242930524307702,0.8484848737716675,5.872780702981377,46.258332667252816,0.0,581.4052987405507
906342930525706801,0.0,0.0,0.0,0.0,0.0
906442930220683002,0.0,0.0,0.0,0.0,0.0
906442930517855702,0.0,0.0,0.0,0.0,0.0
906542930532165101,0.0,0.0,0.0,0.0,0.0
906642930533847202,0.0,0.0,0.0,0.0,0.0
906642930543050002,0.0,0.0,0.0,0.0,0.0
906742930466029301,0.0,0.0,0.0,0.0,0.0
906742930543871702,0.0,0.0,0.0,0.0,0.0
906842930453354501,0.0,0.0,0.0,0.0,0.0
906942930459183502,0.0,0.0,0.0,0.0,0.0
907042930546299502,0.0,0.0,0.0,0.0,0.0
907142930530076001,0.0,0.0,0.0,0.0,0.0
907442930509708802,0.0,0.0,0.0,0.0,0.0
907542930479797202,3.125,4.088704077812053,53.56527181688126,18.620418548583984,98.1288999781247
907542930542775001,0.0,0.0,0.0,0.0,0.0
907842929230221302,0.0,0.0,0.0,0.0,0.0
907942930456347202,1.4098360538482666,7.313106377180232,38.61395348837209,52.57318115234375,446.09949784315836
908142930480102102,0.0,0.0,0.0,0.0,0.0
908142930527591102,0.0,0.0,0.0,0.0,0.0
908342930476180501,0.0,0.0,0.0,0.0,0.0
908342930535016301,1.7647058963775635,12.856403407765859,139.27891791044777,144.8033905029297,1311.3531784833367
908442930453832802,0.0,0.0,0.0,0.0,0.0
908642930541948102,0.0,0.0,0.0,0.0,0.0
908742930473883801,0.0,0.0,0.0,0.0,0.0
908942930479161202,0.20481927692890167,5.197459291187739,12.806896551724138,81.43167877197266,431.3891326847296
909342930456023901,0.0,0.0,0.0,0.0,0.0
909342930459358202,0.0,0.0,0.0,0.0,0.0
909742930342632902,0.0,0.0,0.0,0.0,0.0
909942930476421402,4.771929740905762,15.302700344838966,91.31467793030623,89.57367706298828,872.2539086890699
911142930462634802,0.0,0.0,0.0,0.0,0.0
911242929047773602,2.2857143878936768,9.310592634985792,133.49017998105464,64.93498992919922,782.0897715523674
911242930462622402,0.0,0.0,0.0,0.0,0.0
911342930462867102,0.0,0.0,0.0,0.0,0.0
911342930475753101,0.0,0.0,0.0,0.0,0.0
911342930517880701,0.0,0.0,0.0,0.0,0.0
911442930448484202,0.0,0.0,0.0,0.0,0.0
911442930460199502,0.0,0.0,0.0,0.0,0.0
911442930475919801,0.0,0.0,0.0,0.0,0.0
911542930517724801,0.0,0.0,0.0,0.0,0.0
911642930475045702,0.0,0.0,0.0,0.0,0.0
911742928832515201,0.0,0.0,0.0,0.0,0.0
911742930457471501,0.0,0.0,0.0,0.0,0.0
911842930461864202,0.38823530077934265,7.822240391482179,92.53041615269753,63.531150817871094,664.890428302985
911942930472953102,0.0,0.0,0.0,0.0,0.0
911942930516869201,0.0,0.0,0.0,0.0,0.0
912142928726384801,3.267326831817627,6.9533575148809526,181.08743169398906,92.776611328125,702.2890930711804
912242930548239401,0.0,0.0,0.0,0.0,0.0
912342930525341802,0.0,0.0,0.0,0.0,0.0
912442929400197302,0.0,0.0,0.0,0.0,0.0
912542929861386501,0.0,0.0,0.0,0.0,0.0
912542930515904602,0.0,0.0,0.0,0.0,0.0
912742930455090201,0.6323529481887817,8.482683168912416,89.57699711260828,95.2800064086914,576.8224428927704
912742930532192501,0.0,0.0,0.0,0.0,0.0
913042930509519302,1.841269850730896,15.079046882674362,196.6326129666012,86.41761779785156,949.9799782513167
913142929197853301,0.0,0.0,0.0,0.0,0.0
913142930480500101,0.0,0.0,0.0,0.0,0.0
913442930530963902,0.0,0.0,0.0,0.0,0.0
913642930448600901,0.0,0.0,0.0,0.0,0.0
913842930478057302,5.222222328186035,22.30055565170095,265.18117088607596,48.02308654785156,401.4100001080881
914142930517074001,0.0,0.0,0.0,0.0,0.0
914242930473594801,0.0,0.0,0.0,0.0,0.0
914542930547475602,0.0,0.0,0.0,0.0,0.0
914642930227350201,0.0,0.0,0.0,0.0,0.0
914642930476804802,4.382716178894043,44.98635087985437,1387.442718446602,133.95742797851562,3643.8943708475354
914742930547647501,0.0,0.0,0.0,0.0,0.0
914842930520222101,0.0,0.0,0.0,0.0,0.0
915042930475554401,3.5833332538604736,7.260627815315315,40.97900813434794,11.212189674377441,87.12753233170974
915142930544348802,0.0,0.0,0.0,0.0,0.0
915242928305203602,2.1388888359069824,3.942130399681942,50.811502012203036,0.0,425.7500860577479
915242930480492201,4.25,3.1772956813243365,7.233302836230558,1.9456161260604858,12.709182334404305
915242930508811001,0.0,0.0,0.0,0.0,0.0
915242930509816702,1.0,3.9147756532870344,3.914778412100524,0.5848460793495178,3.9147756532870344
915442929269199002,0.0,0.0,0.0,0.0,0.0
915542930465206901,3.411764621734619,11.273899050524635,77.80656934306569,14.189607620239258,191.65627867984077
915542930529604401,0.0,0.0,0.0,0.0,0.0
915642927968928601,0.0,0.0,0.0,0.0,0.0
915942930477582201,0.0,0.0,0.0,0.0,0.0
916042928932341102,0.0,0.0,0.0,0.0,0.0
916142930544186502,0.0,0.0,0.0,0.0,0.0
916442930465386302,0.0,0.0,0.0,0.0,0.0
916442930477521901,0.0,0.0,0.0,0.0,0.0
916442930519516402,0.0,0.0,0.0,0.0,0.0
916442930531058302,0.0,0.0,0.0,0.0,0.0
916542930458707102,5.456140518188477,12.227511779735003,210.94001643385374,0.0,696.9681707991864
916942930453882902,0.0,0.0,0.0,0.0,0.0
916942930466486402,0.0,0.0,0.0,0.0,0.0
917142930472598802,0.0,0.0,0.0,0.0,0.0
917142930530393302,3.857142925262451,3.845299584372789,26.64378002010649,18.92173957824707,134.5854876392866
917342928932595901,0.0,0.0,0.0,0.0,0.0
917342930463979101,3.5731706619262695,19.86891341582774,152.57270693512305,124.60165405273438,1629.2509290707992
917642930465328001,3.6888887882232666,7.446026413870111,183.45461129888943,56.96140670776367,670.1423856992183
917842930548096601,0.0,0.0,0.0,0.0,0.0
918142929012861401,4.125,143.81861683238637,633.290909090909,43.520660400390625,1150.5489146839489
918142930253656501,0.0,0.0,0.0,0.0,0.0
918242930474581902,0.0,0.0,0.0,0.0,0.0
918342927979693102,0.0,0.0,0.0,0.0,0.0
918342930454501102,2.704918146133423,6.857922748514395,78.85210292505626,0.0,418.333299799152
918342930520974002,0.0,0.0,0.0,0.0,0.0
918442930455977001,6.0535712242126465,16.67523383434256,189.16608996539793,103.8283920288086,933.8130854834322
918542929467168701,0.0,0.0,0.0,0.0,0.0
918542930475106301,4.61904764175415,5.444923140797148,68.20194426441996,24.77387809753418,114.34338244415304
918542930542991502,0.0,0.0,0.0,0.0,0.0
918642929197993601,0.0,0.0,0.0,0.0,0.0
918642930549125002,0.0,0.0,0.0,0.0,0.0
918642930550643602,0.0,0.0,0.0,0.0,0.0
918742930460371302,0.0,0.0,0.0,0.0,0.0
918742930508026202,2.0,3.001142883300781,9.003571428571428,1.090645432472229,9.003428431919643
918742930531152201,0.0,0.0,0.0,0.0,0.0
918942930478364602,0.2321428507566452,8.272746338791514,16.605166051660518,81.73114776611328,463.27379140396397
919042930469010301,0.0,0.0,0.0,0.0,0.0
919242930520752401,0.0,0.0,0.0,0.0,0.0
919242930531509301,0.0,0.0,0.0,0.0,0.0
919442930472211202,0.0,0.0,0.0,0.0,0.0
919442930509887001,0.0,0.0,0.0,0.0,0.0
919642928043962401,0.0,0.0,0.0,0.0,0.0
921142929091778602,0.0,0.0,0.0,0.0,0.0
921142929389126502,0.0,0.0,0.0,0.0,0.0
921242930458500401,0.0,0.0,0.0,0.0,0.0
921242930530092101,0.0,0.0,0.0,0.0,0.0
921642928078039601,7.666666507720947,28.763184938877412,49.28099173553719,7.27509880065918,86.28955683432335
921642930446965202,0.0,0.0,0.0,0.0,0.0
921642930450707002,0.0,0.0,0.0,0.0,0.0
921642930518061601,0.0,0.0,0.0,0.0,0.0
921642930540510502,0.0,0.0,0.0,0.0,0.0
921742930454453502,0.0,0.0,0.0,0.0,0.0
921742930463066401,0.0,0.0,0.0,0.0,0.0
921742930540525702,0.0,0.0,0.0,0.0,0.0
921842930461837502,0.0,0.0,0.0,0.0,0.0
921842930472659001,0.0,0.0,0.0,0.0,0.0
921942930550317201,0.0,0.0,0.0,0.0,0.0
922142929348263902,4.214285850524902,11.636157639708776,54.76328217237308,19.014728546142578,162.90620431370832
922142930517340901,0.0,0.0,0.0,0.0,0.0
922142930526841101,0.0,0.0,0.0,0.0,0.0
922342930469190301,0.0,0.0,0.0,0.0,0.0
922442930460481302,0.0,0.0,0.0,0.0,0.0
922642930534558601,0.0,0.0,0.0,0.0,0.0
922842930454476201,0.0,0.0,0.0,0.0,0.0
923342930520845202,0.0,0.0,0.0,0.0,0.0
923542930532841602,1.0,0.36035882356102317,0.36038463720428887,0.048209816217422485,0.36035882356102317
923642929013263801,3.08695650100708,20.078687144410978,67.74765729585006,63.55316162109375,461.8098092034479
923642929649319001,0.0,0.0,0.0,0.0,0.0
923642930464565102,0.0,0.0,0.0,0.0,0.0
923742930532311502,0.0,0.0,0.0,0.0,0.0
923742930549712601,0.0,0.0,0.0,0.0,0.0
924042930457907601,0.0,0.0,0.0,0.0,0.0
924042930534125702,3.18367338180542,22.19099416208791,169.4897435897436,82.4363021850586,1087.3587331694998
924042930545163801,2.0379745960235596,7.8288855982518095,91.34971277944943,65.48529052734375,618.481986922033
924142930176829802,0.0,0.0,0.0,0.0,0.0
924442930537866702,0.0,0.0,0.0,0.0,0.0
924742930448499801,3.559523820877075,7.285439129294281,125.64620004703583,65.49971771240234,611.9768704174331
924842930521817802,0.0,0.0,0.0,0.0,0.0
925142930462707702,13.899999618530273,8.026662401850814,68.08917554683119,16.61000633239746,160.53325145590927
925142930521019702,0.0,0.0,0.0,0.0,0.0
925142930525855502,0.0,0.0,0.0,0.0,0.0
925242930472946001,0.0,0.0,0.0,0.0,0.0
925342930480199601,0.0,0.0,0.0,0.0,0.0
925442930508489802,0.46408841013908386,9.35593137336623,221.07068551613764,134.42218017578125,1693.423596712582
925542930447262202,0.0,0.0,0.0,0.0,0.0
925542930462223801,0.0,0.0,0.0,0.0,0.0
925542930542927902,5.44615364074707,10.384593675977102,176.16028424792736,105.2840347290039,674.9985666623287
925642930507931001,0.0,0.0,0.0,0.0,0.0
925642930529789801,0.0,0.0,0.0,0.0,0.0
925742930478150301,0.0,0.0,0.0,0.0,0.0
926142928130770801,5.679999828338623,11.525318908691407,77.63359375,31.476879119873047,288.13296806812286
926142929531151402,0.0,0.0,0.0,0.0,0.0
926142930519148602,0.0,0.0,0.0,0.0,0.0
926142930521247202,0.0,9.590745969469634,-0.6031286030351188,85.13792419433594,1064.5727855568493
926242930469504601,3.566037654876709,17.089832546606118,154.79158699808795,84.51161193847656,905.761090513853
926242930478959302,0.0,0.0,0.0,0.0,0.0
926342930528966201,3.799999952316284,13.91720871040724,36.053393665158374,3.5807511806488037,69.58604509862839
926542930526227901,0.0,0.0,0.0,0.0,0.0
926642929118794501,0.0,0.0,0.0,0.0,0.0
926642930455989802,0.0,0.0,0.0,0.0,0.0
926842928979692001,0.0,0.0,0.0,0.0,0.0
926842930544877601,0.0,0.0,0.0,0.0,0.0
926942930478740102,0.0,0.0,0.0,0.0,0.0
927042930528664701,0.0,0.0,0.0,0.0,0.0
927142930480317501,0.0,0.0,0.0,0.0,0.0
927142930546284601,0.0,0.0,0.0,0.0,0.0
927242930159107402,3.4554455280303955,3.484427204975996,82.67626832749448,65.61618041992188,351.9271471420777
927342928726214702,0.0,0.0,0.0,0.0,0.0
927342930526498301,1.3809523582458496,4.220402347606121,40.538499506416585,65.79389953613281,443.14225178762814
927342930534838401,0.0,0.0,0.0,0.0,0.0
927442930542870102,0.0,0.0,0.0,0.0,0.0
927542930445557601,0.0,0.0,0.0,0.0,0.0
927642930476937502,0.0,0.0,0.0,0.0,0.0
927742930528484302,0.0,0.0,0.0,0.0,0.0
927742930541695301,0.0,0.0,0.0,0.0,0.0
927842930453178501,0.0,0.0,0.0,0.0,0.0
927842930459752401,0.0,0.0,0.0,0.0,0.0
927942930457708901,3.5757575035095215,7.20604541407962,111.74068663257853,64.5835952758789,475.59897955705685
928142930460844002,0.0,0.0,0.0,0.0,0.0
928242928932525602,0.0,0.0,0.0,0.0,0.0
928242930479349501,0.0,0.0,0.0,0.0,0.0
928642928932432602,0.0,0.0,0.0,0.0,0.0
928742929613586801,0.0,0.0,0.0,0.0,0.0
928742930455807701,0.0,0.0,0.0,0.0,0.0
928842930532139901,0.0,0.0,0.0,0.0,0.0
928942930531496402,0.0,0.0,0.0,0.0,0.0
929042929321017602,4.022988319396973,12.58665789585819,225.0894835520709,82.34695434570312,1095.039210965651
929042930543566302,0.0,0.0,0.0,0.0,0.0
929242930464682202,0.0,0.0,0.0,0.0,0.0
929242930542184601,0.0,0.0,0.0,0.0,0.0
929342930454829702,0.0,0.0,0.0,0.0,0.0
929342930526001302,2.0327868461608887,13.052709751074499,100.46131805157593,94.70797729492188,796.2152669168817
929542930516026601,4.0,10.976579676991722,135.69063631660632,49.238529205322266,461.0163500450833
929542930534858701,0.0,0.0,0.0,0.0,0.0
929642929389152602,0.0,0.0,0.0,0.0,0.0
929642930525318801,0.6393442749977112,15.68154488357843,56.99732620320856,0.0,956.5742385179176
929642930528741302,2.676056385040283,14.093163355699637,82.89264173703256,110.97348022460938,1000.6146023155553
929742930465057902,1.4864864349365234,5.97726383977149,79.15778019586507,45.37721252441406,442.3175048994162
929842930458129101,0.0,0.0,0.0,0.0,0.0
931242930476050402,0.0,0.0,0.0,0.0,0.0
931442930515638602,0.0,0.0,0.0,0.0,0.0
931742930463661702,2.3417720794677734,14.440092768408856,65.95056642636457,76.65969848632812,1140.7673374892017
931842930528286902,0.0,0.0,0.0,0.0,0.0
931942928791257601,0.0,0.0,0.0,0.0,0.0
932042927963688202,0.0,0.0,0.0,0.0,0.0
932042930457131901,0.0,0.0,0.0,0.0,0.0
932042930480780201,0.0,23.0874336056593,0.0,71.06732177734375,1546.8580337675605
932342930459475501,0.0,0.0,0.0,0.0,0.0
932442928716053102,0.0,0.0,0.0,0.0,0.0
932542928932360901,0.0,0.0,0.0,0.0,0.0
932542930527348602,0.0,27.882617482980333,0.0,59.424713134765625,1226.8351733139891
932642930454303502,0.0,0.0,0.0,0.0,0.0
932742930455556601,0.0,0.0,0.0,0.0,0.0
932742930519252302,0.0,0.0,0.0,0.0,0.0
932942930550179502,0.0,0.0,0.0,0.0,0.0
933042928956248401,0.0,0.0,0.0,0.0,0.0
933042930457014801,0.0,0.0,0.0,0.0,0.0
933142930540993801,0.0,0.0,0.0,0.0,0.0
933242930449161502,0.0,0.0,0.0,0.0,0.0
933242930537963601,0.0,0.0,0.0,0.0,0.0
933342930525591301,0.0,0.0,0.0,0.0,0.0
933342930527377502,0.0,0.0,0.0,0.0,0.0
933442930530951801,0.0,0.0,0.0,0.0,0.0
933542929696803401,0.0,0.0,0.0,0.0,0.0
933642930454959501,0.0,0.0,0.0,0.0,0.0
933742930472953802,0.0,0.0,0.0,0.0,0.0
933742930528937901,3.75,4.682926071544981,25.828161668839634,22.14190673828125,112.3902274041008
933742930538047201,0.0,0.0,0.0,0.0,0.0
933842930474197002,4.0,2.9291638903976356,11.52303961196443,3.371988534927368,20.504146912065167
933842930518159301,5.5,12.453920682881478,156.84884836852208,45.8763427734375,423.4333190368828
933842930524928301,7.166666507720947,16.616155112079092,235.69655442443226,48.786136627197266,498.4846747509651
933942929839568101,332.0,15.756456211248892,15.756421612046058,1.8370400667190552,15.756456211248892
933942930509091501,0.0,0.0,0.0,0.0,0.0
934142930518525302,0.0,0.0,0.0,0.0,0.0
934142930530981902,0.0,0.0,0.0,0.0,0.0
934342930531028502,0.0,0.0,0.0,0.0,0.0
934542929155433302,0.0,0.0,0.0,0.0,0.0
934542930517681201,0.0,0.0,0.0,0.0,0.0
934642930477461301,0.0,0.0,0.0,0.0,0.0
935142930463786502,0.0,0.0,0.0,0.0,0.0
935142930541222702,0.0,0.0,0.0,0.0,0.0
935242930460078602,0.0,0.0,0.0,0.0,0.0
935342927959101101,0.0,0.0,0.0,0.0,0.0
935442928592643802,0.0,0.0,0.0,0.0,0.0
935642930452402301,0.0,0.0,0.0,0.0,0.0
935642930515567401,7.964285850524902,16.61461924488434,208.21530249110322,63.39893341064453,465.2093360737974
935742930520382601,0.0,0.0,0.0,0.0,0.0
935742930541781601,0.0,0.0,0.0,0.0,0.0
935842928811545302,0.0,0.0,0.0,0.0,0.0
935842930460463801,0.0,0.0,0.0,0.0,0.0
935842930534066701,0.0,0.0,0.0,0.0,0.0
935942929514180801,0.0,0.0,0.0,0.0,0.0
936042930546719001,4.413333415985107,5.922083191621319,94.34507042253522,70.54069519042969,444.1562301657722
936142930476343402,0.0,0.0,0.0,0.0,0.0
936342930527599201,0.0,0.0,0.0,0.0,0.0
936442930525946601,0.0,0.0,0.0,0.0,0.0
936542930457068901,0.0,0.0,0.0,0.0,0.0
936642930544230002,0.0,0.0,0.0,0.0,0.0
936842930526253202,0.0,0.0,0.0,0.0,0.0
936942930523966801,0.0,0.0,0.0,0.0,0.0
937042930527302401,0.0,0.0,0.0,0.0,0.0
937142930544141601,0.0,0.0,0.0,0.0,0.0
937342929197877702,0.0,0.0,0.0,0.0,0.0
937342930480526801,0.0,0.0,0.0,0.0,0.0
937442928855459801,0.0,0.0,0.0,0.0,0.0
937442930453112102,5.590909004211426,28.186952049268502,216.64716006884683,56.92322540283203,620.1129634679903
937442930475637001,0.0,0.0,0.0,0.0,0.0
937442930516024602,0.0,0.0,0.0,0.0,0.0
937442930542739702,0.0,0.0,0.0,0.0,0.0
937542930526897101,4.025000095367432,24.212313346674875,330.5960591133005,48.01511001586914,968.4925552941309
937542930526985101,0.0,0.0,0.0,0.0,0.0
937642930454191101,0.0,0.0,0.0,0.0,0.0
937642930473170801,0.0,0.0,0.0,0.0,0.0
937742928592898001,0.0,0.0,0.0,0.0,0.0
937842930459924202,0.0,0.0,0.0,0.0,0.0
937842930461638902,0.0,0.0,0.0,0.0,0.0
938142930515723001,0.0,0.0,0.0,0.0,0.0
938142930526940802,0.0,0.0,0.0,0.0,0.0
938242928197772002,0.5,13.112878233754234,8.190021558361565,2.632260322570801,26.225756467508468
938342929816265001,4.098039150238037,8.6308830221286,180.66492146596858,43.86869812011719,440.17502713827565
938442930454105402,0.0,0.0,0.0,0.0,0.0
938542930462120901,0.0,0.0,0.0,0.0,0.0
938742930518999702,0.0,0.0,0.0,0.0,0.0
938842930474976401,0.0,0.0,0.0,0.0,0.0
938842930543152902,2.3820223808288574,12.025246710526316,150.7709575142676,80.87071228027344,1070.2469424831315
939042930548332801,0.0,0.0,0.0,0.0,0.0
939242930446771801,4.573770523071289,17.02782952724359,355.98632478632476,0.0,1038.6976232426798
939242930479992301,0.0,0.0,0.0,0.0,0.0
939242930509041702,0.0,0.0,0.0,0.0,0.0
939242930548211701,0.0,0.0,0.0,0.0,0.0
939242930548652701,0.0,0.0,0.0,0.0,0.0
939342929765966202,0.0,0.0,0.0,0.0,0.0
939342930473934202,4.0,1.6831894569571615,3.540876389797253,0.8394834399223328,5.049568211198087
939342930523241902,0.0,0.0,0.0,0.0,0.0
939442930452957201,4.057971000671387,8.055619266055047,37.13040629095675,77.06583404541016,555.8377215634167
939442930528608801,0.0,0.0,0.0,0.0,0.0
939542930451272102,0.0,0.0,0.0,0.0,0.0
939642930451471602,0.0,0.0,0.0,0.0,0.0
939842929704106701,2.75,5.478401644411473,19.099477179595873,7.346177577972412,43.8272134657716
939842930507810401,0.0,0.0,0.0,0.0,0.0
939842930517522401,0.0,0.0,0.0,0.0,0.0
939942930476165701,0.0,0.0,0.0,0.0,0.0
939942930542289402,0.0,0.0,0.0,0.0,0.0
941142930534431501,5.563636302947998,7.45266205732819,98.24474053295933,61.21695327758789,409.89640798118415
941142930545872602,0.0,0.0,0.0,0.0,0.0
941142930548990301,0.0,0.0,0.0,0.0,0.0
941242930474424202,0.0,0.0,0.0,0.0,0.0
941342930461458301,0.0,0.0,0.0,0.0,0.0
941442930479692801,0.0,13.483407275169684,0.0,29.52280044555664,606.7533193044533
941542928255482301,341.0,1.0314006254368593,1.0314205831447212,0.172613725066185,1.0314006254368593
941542930462060502,0.0,0.0,0.0,0.0,0.0
941542930470118401,4.595238208770752,7.723237695210402,89.40146366962885,47.190696716308594,324.37599085465314
941542930529255201,0.0,0.0,0.0,0.0,0.0
941942927910731901,0.0,0.0,0.0,0.0,0.0
941942930461589102,0.0,0.0,0.0,0.0,0.0
942042930032274901,0.0,0.0,0.0,0.0,0.0
942142930447592902,0.0,0.0,0.0,0.0,0.0
942342930518833601,0.0,0.0,0.0,0.0,0.0
942442930453329401,0.0,0.0,0.0,0.0,0.0
942442930457807202,0.0,0.0,0.0,0.0,0.0
942442930460632602,0.0,0.0,0.0,0.0,0.0
942642929012902302,0.0,0.0,0.0,0.0,0.0
942742930466822802,0.0,0.0,0.0,0.0,0.0
942742930519720902,0.0,0.0,0.0,0.0,0.0
942842930477915801,4.318181991577148,5.67855688084893,43.18449197860963,13.300650596618652,124.9282484554352
942942930547137602,0.0,0.0,0.0,0.0,0.0
943142930509444401,3.0,3.938752428139003,7.672800076270378,0.736882746219635,7.8775047631745165
943342930509329501,2.738095283508301,6.979415286936162,196.77981651376146,101.162841796875,879.4063083187702
943342930544199401,0.0,0.0,0.0,0.0,0.0
943542930464139501,0.0,0.0,0.0,0.0,0.0
943642930479213902,0.0,115.5472853691774,115.54707631318136,2.8301525115966797,115.5472853691774
943742928087871102,0.0,0.0,0.0,0.0,0.0
943842930529052702,0.0,0.0,0.0,0.0,0.0
944142930542121701,2.3333332538604736,7.60024407778314,22.8005148005148,2.334092378616333,22.800732940320344
944242930342578102,0.0,0.0,0.0,0.0,0.0
944242930445392502,0.0,0.0,0.0,0.0,0.0
944242930472298301,0.0,0.0,0.0,0.0,0.0
944242930474047102,0.0,0.0,0.0,0.0,0.0
944442930542017101,3.769230842590332,8.189137178308824,73.56087551299589,0.0,106.45878364155948
944542930529336601,0.0,0.0,0.0,0.0,0.0
944642929346227102,0.0,0.0,0.0,0.0,0.0
944742930546665502,0.0,0.0,0.0,0.0,0.0
944842930465235601,0.0,0.0,0.0,0.0,0.0
944942930520025202,0.0,0.0,-0.705986878075451,0.0,0.0
944942930538226902,0.0,0.0,0.0,0.0,0.0
945242930518057601,0.0,0.0,0.0,0.0,0.0
945342928042164101,0.0,0.0,0.0,0.0,0.0
945442930461182102,3.5,2.10270678699955,4.205398110661268,0.3858286142349243,4.205413691145599
945442930518184901,0.0,0.0,0.0,0.0,0.0
945542930463901201,0.0,0.0,0.0,0.0,0.0
945542930546254701,0.0,0.0,0.0,0.0,0.0
945642930159053002,0.0,0.0,0.0,0.0,0.0
945642930478660402,0.0,0.0,0.0,0.0,0.0
945842930451087302,0.0,0.0,0.0,0.0,0.0
945842930476731902,0.0,0.0,0.0,0.0,0.0
945942930521806602,0.0,0.0,0.0,0.0,0.0
945942930526366102,2.6521739959716797,5.662431294939159,63.02488938053097,37.58631896972656,260.47183495074245
946042930519863902,0.0,0.0,0.0,0.0,0.0
946142930477236001,0.0,0.0,0.0,0.0,0.0
946242930509212701,0.0,141.57907681940702,259.77169811320755,49.05991744995117,424.7372473045822
946242930531513302,0.0,0.0,0.0,0.0,0.0
946542930465158901,4.1447367668151855,14.183148205978636,165.47829083390764,105.2642822265625,1077.9192504514751
946842930473857801,0.0,0.0,0.0,0.0,0.0
946842930476230701,0.0,0.0,0.0,0.0,0.0
946942930530661002,3.068965435028076,17.97882649216238,260.9855305466238,90.34495544433594,1564.1578624026185
946942930537237702,0.0,0.0,0.0,0.0,0.0
947242930475971002,3.829787254333496,6.136595826048951,139.75187775187774,49.38923645019531,288.42001100118773
947842930527354601,0.0,0.0,0.0,0.0,0.0
947942930473102701,0.0,0.0,0.0,0.0,0.0
948042930467962102,2.5681817531585693,8.007819281684029,56.9681712962963,41.170867919921875,352.34403856484977
948042930532359001,0.0,0.0,0.0,0.0,0.0
948042930532892601,0.0,0.0,0.0,0.0,0.0
948142930480739001,0.0,0.0,0.0,0.0,0.0
948242930452569402,0.0,0.0,0.0,0.0,0.0
948442928758016001,0.0,0.0,0.0,0.0,0.0
948442930476324001,0.5409836173057556,16.779604572556266,87.8582465569365,76.77255249023438,1023.5559053004168
948442930547843002,0.0,9.015979867371707,0.0,1.2674800157546997,18.031960186228616
948542930465223801,0.0,0.0,0.0,0.0,0.0
948642930510240601,0.0,0.0,0.0,0.0,0.0
948842930479969002,0.0,0.0,0.0,0.0,0.0
948942928932458401,0.0,0.0,0.0,0.0,0.0
948942930516425501,0.0,0.0,0.0,0.0,0.0
949042929022389002,0.0,0.0,0.0,0.0,0.0
949042930521017201,2.0526316165924072,14.289336915173493,92.16268486916951,94.63005828857422,1085.9895819879907
949142930529305901,0.0,0.0,0.0,0.0,0.0
949242930460437801,0.0,0.0,0.0,0.0,0.0
949242930517862002,0.0,0.0,0.0,0.0,0.0
949342930517533902,5.811320781707764,20.508091740714857,351.34345047923324,93.08351135253906,1086.9288772843515
949442930530844502,0.0,0.0,0.0,0.0,0.0
949642930473528401,0.0,0.0,0.0,0.0,0.0
949642930475075602,70.0,831.0249307479224,596.2271468144045,47.39784622192383,831.0249307479224
949742930475932202,0.0,0.0,0.0,0.0,0.0
951142930454404802,0.0,0.0,0.0,0.0,0.0
951242930522972602,0.0,0.0,0.0,0.0,0.0
951342930534067702,0.0,0.0,0.0,0.0,0.0
951642928153700201,0.6666666865348816,10.225000168809421,49.33102852203976,56.826568603515625,552.150010416991
951642930545898901,0.0,0.0,0.0,0.0,0.0
951742930547731801,0.0,0.0,0.0,0.0,0.0
951742930548683601,0.0,0.0,0.0,0.0,0.0
951842928005351602,0.0,0.0,0.0,0.0,0.0
951842930480654401,0.0,0.0,0.0,0.0,0.0
951942930531831401,0.0,0.0,0.0,0.0,0.0
952042930529873001,0.0,0.0,0.0,0.0,0.0
952042930534458201,0.0,0.0,0.0,0.0,0.0
952342928832402902,0.0,0.0,0.0,0.0,0.0
952442930522661301,0.0,0.0,0.0,0.0,0.0
952642930466446201,3.59183669090271,5.8065560130866425,63.89921780986763,47.1377067565918,284.5212455538923
952742930519006401,0.0,0.0,0.0,0.0,0.0
953042930474364501,4.5,25.03254416136615,429.9734513274336,0.0,1301.692348789061
953042930529477401,0.0,0.0,0.0,0.0,0.0
953142930462837201,0.0,0.0,0.0,0.0,0.0
953242930538614501,2.5,1.9080129119252542,3.8151571164510165,0.4172550439834595,3.816025767440937
953342930524863801,0.0,0.0,0.0,0.0,0.0
953442930451189902,0.0,0.0,0.0,0.0,0.0
953442930515440001,0.0,0.0,0.0,0.0,0.0
953542930454383101,4.024096488952637,26.31179495838201,424.9065420560748,102.3210678100586,2183.879021733721
953542930455845302,4.625,18.205817945075758,175.73560606060607,25.365966796875,291.2930800929214
953642930540523101,0.0,0.0,0.0,0.0,0.0
953942930458602702,0.0,0.0,0.0,0.0,0.0
954042930521132401,0.0,0.0,0.0,0.0,0.0
954142930453395402,3.5,8.115228448742956,25.71348071087993,5.4409379959106445,48.691369845849586
954242929843369301,4.1016950607299805,7.193432517922106,64.6167344318425,62.6307258605957,424.4125234676127
954242930528200102,0.0,0.0,0.0,0.0,0.0
954342930467802401,0.0,0.0,-20.398348813209495,0.0,0.0
954442930547976801,0.0,0.0,0.0,0.0,0.0
954542930452237002,3.2613637447357178,6.725418298705722,76.18843009851184,102.3672866821289,591.8368237890604
954542930480346202,0.0,0.0,0.0,0.0,0.0
954542930546452101,0.0,0.0,0.0,0.0,0.0
955342928159200301,0.0,0.0,0.0,0.0,0.0
955342930473324302,0.0,0.0,0.0,0.0,0.0
955542930480227901,0.0,0.0,0.0,0.0,0.0
955642930531170101,0.0,0.0,0.0,0.0,0.0
955742930539644702,0.0,0.0,0.0,0.0,0.0
956042929141354202,0.0,0.0,0.0,0.0,0.0
956142929309425801,0.0,0.0,0.0,0.0,0.0
956342930479677001,5.0333333015441895,9.382299495648734,160.74683544303798,77.83018493652344,562.9379629830124
956542930473319301,0.0,0.0,0.0,0.0,0.0
956542930525395202,0.0,0.0,0.0,0.0,0.0
956542930541439401,0.0,0.0,0.0,0.0,0.0
956842930450876002,0.0,0.0,0.0,0.0,0.0
956842930527651202,0.0,0.0,0.0,0.0,0.0
956842930532920901,14.0,1.0224846217023857,1.0225697881607603,0.13087531924247742,1.0224846217023857
956942928043638902,0.0,0.0,0.0,0.0,0.0
956942930479612601,0.0,0.0,0.0,0.0,0.0
956942930526853301,0.0625,7.042054332386364,4.993939393939394,8.727072715759277,112.67286622679079
957142930548126201,0.0,0.0,0.0,0.0,0.0
957442930455747502,1.6984126567840576,5.298589137371649,48.845407872219056,90.1584701538086,667.6222304231565
957642928954607202,0.0,0.0,0.0,0.0,0.0
957842930530259601,3.6410255432128906,8.607043353083,113.2176054170514,69.23095703125,671.3494101826003
957942930479052102,0.0,0.0,0.0,0.0,0.0
958242930542525701,5.133333206176758,8.087779413571578,36.64551007512462,16.848552703857422,121.31669395846914
958442930462254801,0.0,0.0,0.0,0.0,0.0
958542928258080802,0.0,0.0,0.0,0.0,0.0
958742930518895201,0.0,0.0,0.0,0.0,0.0
958942930527515102,0.0,0.0,0.0,0.0,0.0
959042930526136701,0.0,0.0,0.0,0.0,0.0
959442930546133502,0.0,0.0,0.0,0.0,0.0
959742930537123502,2.3658535480499268,5.891179229790922,38.93559928443649,53.09921646118164,241.53834287680965
959942930543369201,0.0,0.0,0.0,0.0,0.0
961142930351069302,0.0,0.0,0.0,0.0,0.0
961142930461546202,0.0,0.0,0.0,0.0,0.0
961142930517747501,0.0,0.0,0.0,0.0,0.0
961242930455161301,0.0,0.0,0.0,0.0,0.0
961242930464261901,0.0,0.0,0.0,0.0,0.0
961442930467759901,0.0,0.0,0.0,0.0,0.0
961442930518773602,0.0,0.0,0.0,0.0,0.0
961442930532689401,0.0,0.0,0.0,0.0,0.0
961542929346340301,6.050000190734863,27.039153645833334,202.31333333333333,38.89274978637695,540.7830662345887
961942929839471701,0.0,0.0,0.0,0.0,0.0
961942930515553502,0.0,0.0,0.0,0.0,0.0
962142930530993302,1.4579439163208008,23.97963427992725,638.6931216931217,223.89459228515625,2565.820895875597
962342930452810602,1.6190476417541504,6.554147024670091,56.832723245870376,51.75556564331055,550.5483445792363
962342930468882301,0.0,0.0,0.0,0.0,0.0
962342930508053501,0.0,0.0,0.0,0.0,0.0
962442928210611301,0.0,0.0,0.0,0.0,0.0
962542930463322701,3.629213571548462,7.382387495142802,133.35982125510006,70.94561004638672,657.0324653638829
962642930469208602,0.0,0.0,0.0,0.0,0.0
962742929456836401,0.0,0.0,0.0,0.0,0.0
962842930531880501,0.0,0.0,0.0,0.0,0.0
962942927979853501,0.0,0.0,0.0,0.0,0.0
962942930460668301,2.700000047683716,4.444245177877825,21.391242937853107,6.896928310394287,44.44245233481887
963042930532763301,4.090909004211426,9.520179086000448,33.79677708146822,8.226210594177246,104.72196920833741
963342928043761402,2.7462687492370605,5.819936542544334,84.40571143118808,51.08069610595703,389.93576367532035
963342930518326502,5.276595592498779,7.592758302097372,97.79346361185983,64.9705810546875,356.8596313250354
963442928683947202,0.0,0.0,0.0,0.0,0.0
963442930510408502,0.0,0.0,0.0,0.0,0.0
963442930516942101,0.0,0.0,0.0,0.0,0.0
963642929658219501,0.0,0.0,0.0,0.0,0.0
963642930509821701,3.9610390663146973,6.752514951805829,132.86968218944762,57.17519760131836,519.9436608271949
963742930449124201,4.333333492279053,10.587981735450635,79.4501811594203,10.844603538513184,95.29183633776678
963842930450989202,0.0,3.8351518769526165,0.0,2.170506000518799,19.175759144420272
963842930527426602,0.0,0.0,0.0,0.0,0.0
963842930531766301,0.0,0.0,0.0,0.0,0.0
963842930546998002,0.0,0.0,0.0,0.0,0.0
963942930460038501,0.0,0.0,0.0,0.0,0.0
964042930464943902,0.0,0.0,0.0,0.0,0.0
964142930516904502,4.766666889190674,16.981319228648758,204.62790697674419,0.0,1018.8791134978832
964142930517458502,0.0,0.0,0.0,0.0,0.0
964242930529017801,0.0,0.0,0.0,0.0,0.0
964342930516445401,6.028571605682373,22.71693229675293,437.4453125,53.87520217895508,795.0926582813263
964442930451204401,0.0,0.0,0.0,0.0,0.0
964442930468841802,1.0,9.010474258814103,18.02051282051282,1.9723888635635376,18.020948648045206
964442930516029901,0.0,0.0,0.0,0.0,0.0
964542930534829601,0.17499999701976776,9.78853548056965,16.367158671586715,70.69025421142578,783.0828229022862
964642930447303601,0.0,0.0,0.0,0.0,0.0
964642930508199002,5.526315689086914,15.757944723358005,128.0572951710574,22.99509620666504,299.4009510453126
964742928265489001,0.0,0.0,0.0,0.0,0.0
965042930523449702,0.0,0.0,0.0,0.0,0.0
965042930527584901,0.0,0.0,0.0,0.0,0.0
965242930478938802,0.0,0.0,0.0,0.0,0.0
965242930545341502,0.0,0.0,0.0,0.0,0.0
965442929269076802,0.0,0.0,0.0,0.0,0.0
965442930466459402,0.0,0.0,0.0,0.0,0.0
965542930518402902,0.0,0.0,0.0,0.0,0.0
965542930519327801,3.0,11.727805190945263,57.02173913043478,4.525884628295898,70.36683301747956
965642930507931901,0.0,0.0,0.0,0.0,0.0
965642930550576402,0.0,0.0,-1.3000520020800832,0.0,0.0
965842930462978301,4.199999809265137,3.7908362514638805,9.149901380670611,1.818168044090271,18.954181377704327
965942930456290901,0.0,7.301806865870066,139.3582778062532,143.84942626953125,1182.8927011180083
965942930479991401,0.0,0.0,0.0,0.0,0.0
966042930523863102,0.0,0.0,0.0,0.0,0.0
966242930458293601,0.0,0.0,0.0,0.0,0.0
966242930507778301,0.0,0.0,0.0,0.0,0.0
966242930537487801,0.0,0.0,0.0,0.0,0.0
966542930452374102,1.0,0.7863202679130707,0.7964922048997772,0.13123281300067902,1.5726406037940215
966642930509129402,0.0,0.0,0.0,0.0,0.0
966842930546828601,0.617977499961853,6.52878328859145,94.45109901189755,49.2071418762207,581.0617103953591
967142930464488001,0.0,0.0,0.0,0.0,0.0
967142930547103301,0.0,0.0,0.0,0.0,0.0
967242930460534302,4.575342655181885,9.344739512236739,133.34789391575663,76.08475494384766,682.1659639807833
967242930472745001,0.0,0.0,0.0,0.0,0.0
967342930528042701,0.0,0.0,0.0,0.0,0.0
967442930520025701,0.0,0.0,0.0,0.0,0.0
967842930463013002,0.0,0.0,0.0,0.0,0.0
967842930542203001,0.0,0.0,0.0,0.0,0.0
968142930475744302,0.5384615659713745,6.814034699015535,26.98699421965318,0.0,265.74735610057854
968142930477114302,0.0,0.0,0.0,0.0,0.0
968242930522030001,0.0,0.0,0.0,0.0,0.0
968342930475811501,0.0,0.0,0.0,0.0,0.0
968442930465095302,0.0,0.0,0.0,0.0,0.0
968542930461923801,0.0,0.0,0.0,0.0,0.0
968542930529489202,0.0,0.0,0.0,0.0,0.0
968542930532377101,2.4166667461395264,3.3716903903648197,37.78731456251892,6.097714900970459,40.460286031013325
968642930464498502,2.5714285373687744,6.288835522776184,35.183644189383074,5.500377178192139,44.02185104567146
968742929476694201,0.0,0.0,0.0,0.0,0.0
969142928602042001,0.0,0.0,0.0,0.0,0.0
969242930522298301,0.0,0.0,0.0,0.0,0.0
969342930519945302,0.0,0.0,0.0,0.0,0.0
969342930533498502,2.653846263885498,7.831037914479962,54.36259541984733,21.92627716064453,203.6069937999012
969442928865184902,0.0,0.0,0.0,0.0,0.0
969542928213898601,0.0,0.0,0.0,0.0,0.0
969742930530626001,0.0,0.0,0.0,0.0,0.0
969842930524830001,4.349999904632568,23.84423079801245,778.5632183908046,84.35781860351562,1907.5385129223382
969942930469259302,0.0,0.0,0.0,0.0,0.0
971242930533584501,0.0,0.0,0.0,0.0,0.0
971542930543396901,0.0,0.0,0.0,0.0,0.0
971642930528796401,0.0,0.0,0.0,0.0,0.0
971842928119434301,0.0,0.0,0.0,0.0,0.0
971942930462817402,0.0,0.0,0.0,0.0,0.0
972142930534486401,0.0,0.0,0.0,0.0,0.0
972242930466527502,0.0,0.0,0.0,0.0,0.0
972342930456637902,0.0,0.0,0.0,0.0,0.0
972442930463760402,1.600000023841858,19.914514953485323,90.27672955974843,8.937666893005371,99.57257759845982
972542928779048802,0.0,0.0,0.0,0.0,0.0
972642928168076602,0.0,0.0,0.0,0.0,0.0
972842930545512801,0.0,0.0,0.0,0.0,0.0
973142930549041502,0.0,0.0,0.0,0.0,0.0
973242930455705001,0.0,0.0,0.0,0.0,0.0
973242930523546102,0.0,0.0,0.0,0.0,0.0
973342930468039502,0.0,0.0,0.0,0.0,0.0
973442930476837301,0.0,0.0,0.0,0.0,0.0
973542930517808201,0.0,0.0,0.0,0.0,0.0
973642930459367202,0.0,0.0,0.0,0.0,0.0
973742930459430801,0.0,0.0,0.0,0.0,0.0
973742930459958501,0.0,0.0,0.0,0.0,0.0
973842930533953702,0.0,0.0,0.0,0.0,0.0
974142930460705201,0.0,0.0,0.0,0.0,0.0
974342930474992301,0.0,0.0,0.0,0.0,0.0
974342930526845102,0.0,0.0,0.0,0.0,0.0
974342930550376201,0.0,0.0,0.0,0.0,0.0
974542928135600801,0.0,0.0,0.0,0.0,0.0
974642930459633401,3.6666667461395264,6.312217380178227,226.98092485549134,107.08343505859375,568.0995574513842
974742930478575402,0.0,0.0,0.0,0.0,0.0
974742930529994401,0.0,0.0,0.0,0.0,0.0
974742930550060201,5.0,74.25990287162162,205.81621621621622,22.070842742919922,445.55940774453654
974942930457040201,0.0,0.0,0.0,0.0,0.0
974942930543725101,0.0,0.0,0.0,0.0,0.0
975042930510541501,0.0,0.0,0.0,0.0,0.0
975242930453297801,0.0,0.0,0.0,0.0,0.0
975242930461071801,2.103703737258911,4.7894409803556215,159.26916524701875,84.3530044555664,646.5745560237456
975842928932504301,0.0,0.0,0.0,0.0,0.0
975842929372830602,4.8275861740112305,6.92864713831663,34.31291759465479,22.09994888305664,200.93076894826683
975842930459401601,0.0,0.0,0.0,0.0,0.0
975942930550236302,0.0,0.0,0.0,0.0,0.0
976042930510456402,0.0,0.0,0.0,0.0,0.0
976142930517873802,0.0,0.0,0.0,0.0,0.0
976342930474245901,0.0,0.0,0.0,0.0,0.0
976542930455330202,0.0,0.0,0.0,0.0,0.0
976642928236013301,0.0,0.0,0.0,0.0,0.0
976642930525848502,0.0,0.0,0.0,0.0,0.0
976742930515539501,0.0,0.0,0.0,0.0,0.0
976842930528358801,0.0,0.0,0.0,0.0,0.0
976942929166149801,0.0,0.0,0.0,0.0,0.0
976942929649420101,0.0,0.0,0.0,0.0,0.0
976942930517612501,0.0,0.0,0.0,0.0,0.0
976942930544036701,2.0,7.226032106789033,34.49938560786422,60.99557876586914,513.0482801890448
977042929761804101,0.0,0.0,0.0,0.0,0.0
977042929766082001,0.0,0.0,0.0,0.0,0.0
977042930453187802,0.0,0.0,0.0,0.0,0.0
977042930455229602,0.0,0.0,0.0,0.0,0.0
977042930520193801,2.0,14.155399264801774,40.84167970787689,8.353403091430664,56.62159639059036
977242930456572102,3.4216866493225098,25.235821948625656,404.14659685863876,120.81221008300781,2094.5732434307715
977442930530523401,0.0,0.0,0.0,0.0,0.0
977542929575506301,0.0,0.0,0.0,0.0,0.0
977542930452687101,0.0,0.0,0.0,0.0,0.0
977542930475079801,0.0,0.0,0.0,0.0,0.0
977742930517508802,0.0,0.0,0.0,0.0,0.0
977842930530993101,0.0,0.0,0.0,0.0,0.0
978042930473153201,0.0,0.0,0.0,0.0,0.0
978042930477375602,0.0,0.0,0.0,0.0,0.0
978042930534141902,0.0,0.0,0.0,0.0,0.0
978242930518591502,0.0,0.0,0.0,0.0,0.0
978342930537191602,0.0,0.0,0.0,0.0,0.0
978442930517492601,3.883720874786377,14.039894495845921,207.58345921450152,113.53346252441406,1207.4309886762383
978542930508391901,3.3092782497406006,8.347059758049332,145.35812464695914,105.40234375,809.6647973467325
978842930400230701,0.0,0.0,0.0,0.0,0.0
978842930528686002,0.0,0.0,0.0,0.0,0.0
978942930532049202,0.0,0.0,0.0,0.0,0.0
979142930452654002,0.0,0.0,0.0,0.0,0.0
979242930527183501,0.0,0.0,0.0,0.0,0.0
979442930462990301,0.0,0.0,0.0,0.0,0.0
979442930509263301,0.0,0.0,0.0,0.0,0.0
979442930524665801,4.263157844543457,6.804363559364886,57.762135922330096,15.451692581176758,129.28291150641417
979442930525011102,0.0,0.0,0.0,0.0,0.0
979542928748781302,0.0,0.0,0.0,0.0,0.0
979542930454523202,0.0,0.0,0.0,0.0,0.0
979642930533659501,0.0,0.0,0.0,0.0,0.0
979642930535500002,355.0,1.0060362173038229,1.0060362173038229,0.13493068516254425,1.0060362173038229
979742930142546301,0.0,0.0,0.0,0.0,0.0
979742930523962802,4.588235378265381,21.797551258069248,232.3638497652582,17.310039520263672,370.5583822618068
979842930522363902,0.0,0.0,0.0,0.0,0.0
979942930544406401,0.0,0.0,0.0,0.0,0.0
981142928030358901,0.0,0.0,0.0,0.0,0.0
981242930533902402,0.0,0.0,0.0,0.0,0.0
981342928887221701,0.0,0.0,0.0,0.0,0.0
981542930534375901,0.0,0.0,0.0,0.0,0.0
981742930459941402,0.0,0.0,0.0,0.0,0.0
981742930548355901,0.0,0.0,0.0,0.0,0.0
981942930469934001,4.476190567016602,8.412195657630521,62.903112449799195,22.223064422607422,176.65610525598487
981942930529053301,0.0,0.0,0.0,0.0,0.0
982142930455207302,0.0,0.0,0.0,0.0,0.0
982142930544994001,0.0,0.0,0.0,0.0,0.0
982242930289696801,3.4285714626312256,7.468209790426587,42.32222222222222,16.328548431396484,104.55493699936639
982242930460539502,0.0,0.0,0.0,0.0,0.0
982542930479890101,0.0,0.0,0.0,0.0,0.0
982642930544558602,0.0,0.0,0.0,0.0,0.0
983042930460799001,0.0,0.0,0.0,0.0,0.0
983042930466731102,0.0,0.0,0.0,0.0,0.0
983242930451643002,0.0,0.0,0.0,0.0,0.0
983342929259477301,0.0,0.0,0.0,0.0,0.0
983342930459033601,0.0,0.0,0.0,0.0,0.0
983542930453502302,0.0,0.0,0.0,0.0,0.0
983642928131153402,0.0,0.0,0.0,0.0,0.0
983842930526950101,0.0,0.0,0.0,0.0,0.0
984142929194564701,0.0,0.0,0.0,0.0,0.0
984142930475337102,0.0,0.0,0.0,0.0,0.0
984142930540765001,3.8372092247009277,11.333859216905564,290.03063518830805,86.18023681640625,974.7118729178057
984342930458719601,0.0,0.0,0.0,0.0,0.0
984442930473622301,0.0,0.0,0.0,0.0,0.0
984442930508716301,0.0,0.0,0.0,0.0,0.0
984742930461979802,0.0,0.0,0.0,0.0,0.0
984742930524745701,0.0,0.0,0.0,0.0,0.0
984842930464541401,0.0,0.0,0.0,0.0,0.0
984842930522944902,0.0,0.0,0.0,0.0,0.0
984942930471672501,0.8409090638160706,10.20940796068689,32.53556485355649,48.369842529296875,449.2139465991756
985042930200071502,0.0,0.0,0.0,0.0,0.0
985142928043557302,0.0,0.0,0.0,0.0,0.0
985142930453584501,0.0,0.0,0.0,0.0,0.0
985242928800758901,0.0,0.0,0.0,0.0,0.0
985242930524502401,0.0,0.0,0.0,0.0,0.0
985342930474563601,0.0,0.0,0.0,0.0,0.0
985442927963764302,0.0,0.0,0.0,0.0,0.0
985442930524342302,0.0,0.0,0.0,0.0,0.0
985542930469752901,1.0,6.988887908430819,35.50201694231545,10.776865005493164,62.899994207322955
985642930461590101,0.0,0.0,0.0,0.0,0.0
985642930550518002,0.0,0.0,0.0,0.0,0.0
985742930534538501,0.0,0.0,0.0,0.0,0.0
986042930008347601,4.285714149475098,12.081310030498907,61.70356882738529,28.05348777770996,253.70750739534495
986042930528538801,0.0,7.1525382576407965,0.0,4.630483627319336,71.52538562819853
986142929613470602,0.0,0.0,0.0,0.0,0.0
986142930459552302,1.7894736528396606,22.846098736702128,78.67829787234042,103.51673889160156,868.1517667275286
986442929331698002,0.0,0.0,0.0,0.0,0.0
986642930473804201,0.7417218685150146,5.1454421573812885,68.24192916470773,86.18878936767578,776.961784225892
986642930473913701,0.0,642.609555984556,642.609555984556,15.762832641601562,642.609555984556
986742930540662901,0.0,5.500962482879181,0.0,61.729698181152344,412.5721730228939
986942930538931002,0.0,0.0,0.0,0.0,0.0
987142928113131802,3.1818182468414307,10.716910649271844,81.38305383936452,93.2442626953125,825.2021021089613
987242930522519402,0.0,0.0,0.0,0.0,0.0
987342930447013802,0.0,0.0,0.0,0.0,0.0
987342930543887301,4.637930870056152,10.570620445764867,128.45618153364632,55.348899841308594,613.0959672345801
987342930546530302,0.0,0.0,0.0,0.0,0.0
987442930540724001,0.0,0.0,0.0,0.0,0.0
987542930462842201,0.0,0.0,0.0,0.0,0.0
987642930463086101,0.0,0.0,0.0,0.0,0.0
987842930520131102,0.0,0.0,0.0,0.0,0.0
987842930521523001,0.0,0.0,0.0,0.0,0.0
987942930516014102,0.0,0.0,0.0,0.0,0.0
988342930518856902,0.0,0.0,0.0,0.0,0.0
988442930454093302,0.6868686676025391,6.961344808816512,48.64041994750656,89.20099639892578,689.17315407796
988442930541634602,5.0,66.56704313858695,66.56739130434782,6.8474249839782715,66.56704313858695
988542930526469502,0.0,0.0,0.0,0.0,0.0
988542930534748501,0.0,0.0,0.0,0.0,0.0
988842930463926802,0.0,0.0,0.0,0.0,0.0
988842930464065702,0.0,0.0,0.0,0.0,0.0
988842930532545401,0.0,0.0,0.0,0.0,0.0
988942930454690401,0.0,0.0,0.0,0.0,0.0
989242930473765001,0.0,0.0,0.0,0.0,0.0
989542930524500402,0.0,0.0,0.0,0.0,0.0
989542930533468702,0.0,0.0,0.0,0.0,0.0
989842930461754501,5.361111164093018,8.83877715316293,84.05104091310987,40.015377044677734,318.19597879432325
989842930464132602,0.0,0.0,0.0,0.0,0.0
989942930456260802,0.0,0.0,0.0,0.0,0.0
991242930479098802,0.0,0.0,0.0,0.0,0.0
991342930540098101,1.1076923608779907,7.92162307947648,57.82928679817906,66.37565612792969,514.9054936016818
991542930463664001,0.0,0.0,0.0,0.0,0.0
991542930518643601,0.0,0.0,0.0,0.0,0.0
991742930463945202,0.0,0.0,0.0,0.0,0.0
991842928825498401,0.0,0.0,0.0,0.0,0.0
991842930537303401,7.0,9.951625296430354,28.708437343984023,16.33984375,109.46787303480814
991942930511125502,0.0,0.0,0.0,0.0,0.0
992342930480155301,0.0,0.0,0.0,0.0,0.0
992542930480099201,0.0,0.0,0.0,0.0,0.0
992542930525733701,0.0,0.0,0.0,0.0,0.0
992642930459466402,0.0,0.0,0.0,0.0,0.0
992642930477821202,0.0,0.0,0.0,0.0,0.0
993042930464585401,0.0,0.0,0.0,0.0,0.0
993042930510029501,4.75,28.68052436440678,237.2122033898305,68.30973815917969,688.3325952562235
993042930544697301,0.0,0.0,0.0,0.0,0.0
993142930475756501,0.0,0.0,0.0,0.0,0.0
993142930522642001,0.0,0.0,0.0,0.0,0.0
993142930528831101,0.0,0.0,0.0,0.0,0.0
993242930533153901,0.0,0.0,0.0,0.0,0.0
993242930550348701,0.09677419066429138,9.986742961240749,9.766196943491451,29.817354202270508,309.58901935226845
993342927924660101,0.0,0.0,0.0,0.0,0.0
993442930474715502,0.0,0.0,0.0,0.0,0.0
993542929118579602,0.0,0.0,0.0,0.0,0.0
993542930477441201,0.0,0.0,0.0,0.0,0.0
993642930516157402,0.0,0.0,0.0,0.0,0.0
993842929550806601,0.0,0.0,0.0,0.0,0.0
993842930464478901,3.6621620655059814,10.379750930742555,37.04712362301102,73.1815185546875,768.1015700764775
994042930473777501,0.0,0.0,0.0,0.0,0.0
994142930447787902,0.0,0.0,0.0,0.0,0.0
994142930465080302,0.0,0.0,0.0,0.0,0.0
994142930528868802,0.0,0.0,-0.365764447695684,0.0,0.0
994342929861219802,0.0,0.0,0.0,0.0,0.0
994442929341356902,6.0,78.34516802226027,1102.6712328767123,143.17041015625,3995.603685561925
994442930527397301,0.0,18.091578614263142,0.0,107.7223892211914,2098.6231074827697
994742930545699501,0.0,0.0,0.0,0.0,0.0
994842930524179102,0.0,0.0,0.0,0.0,0.0
994942930459951601,0.0,0.0,0.0,0.0,0.0
994942930515618002,0.0,17.317184167896983,0.006561679790026247,0.0,1039.0310833366525
995042930164891701,0.0,0.0,0.0,0.0,0.0
995242930475545801,0.0,0.0,0.0,0.0,0.0
995242930476650102,3.799999952316284,8.864613276713124,48.270383275261324,19.649885177612305,177.2922655342625
995342930544702302,0.0,0.0,0.0,0.0,0.0
995442930480700601,0.0,0.0,0.0,0.0,0.0
995642930452472602,0.0,0.0,0.0,0.0,0.0
995642930542493302,2.1681416034698486,5.860249364098837,138.25363372093022,100.54104614257812,662.208184353141
995842930518515201,0.0,0.0,0.0,0.0,0.0
995842930539241201,0.0,0.0,0.0,0.0,0.0
995942930477593501,0.0,0.0,0.0,0.0,0.0
995942930529939201,0.0,0.0,0.0,0.0,0.0
996042930476708302,0.0,0.0,0.0,0.0,0.0
996142930517008302,0.0,0.0,0.0,0.0,0.0
996142930534753101,3.5,7.745895804676754,52.943493810178815,40.25043487548828,418.2783821804881
996242930516143801,0.0,0.8019518360588122,0.0,0.09793505072593689,0.8019518360588122
996642930531987401,0.0,0.0,0.0,0.0,0.0
996742930528624701,0.0,0.0,0.0,0.0,0.0
996842930454202601,0.0,0.0,0.0,0.0,0.0
996842930527901802,0.0,0.0,0.0,0.0,0.0
996942930456686002,4.888888835906982,7.037864493666994,35.23352188883423,8.43181037902832,63.34078176398026
997042930525912602,0.0,0.0,0.0,0.0,0.0
997042930535548801,0.0,0.0,0.0,0.0,0.0
997042930547202501,0.0,0.0,0.0,0.0,0.0
997142930448340801,0.3235294222831726,7.551866529525653,15.211035818005808,44.21037292480469,513.5269328216154
997142930533991201,0.0,0.0,0.0,0.0,0.0
997442930528682401,0.0,0.0,0.0,0.0,0.0
997442930541550202,0.0,0.0,0.0,0.0,0.0
997542927924780301,0.0,0.0,0.0,0.0,0.0
997542930465068602,0.0,0.0,0.0,0.0,0.0
997542930480726001,0.0,0.0,0.0,0.0,0.0
997642930458651301,0.0,0.0,0.0,0.0,0.0
998242930519613301,0.0,0.0,0.0,0.0,0.0
998242930520997601,0.0,0.0,0.0,0.0,0.0
998342930480337001,0.0,0.0,0.0,0.0,0.0
998342930516629202,0.0,0.0,0.0,0.0,0.0
998542930468052601,0.0,0.0,0.0,0.0,0.0
998542930473876202,0.0,0.0,0.0,0.0,0.0
998642930289367002,0.0,0.0,0.0,0.0,0.0
998642930455141602,0.0,0.0,0.0,0.0,0.0
998642930528189201,0.0,0.0,0.0,0.0,0.0
998642930550792801,0.0,0.0,0.0,0.0,0.0
998742930477922401,0.0,0.0,0.0,0.0,0.0
998942930519365201,5.4590163230896,24.18136679978288,353.4528535980149,112.37715148925781,1475.0633059707527
998942930542691102,0.0,0.0,0.0,0.0,0.0
999142930447758201,4.185184955596924,6.529320194991471,43.03783532330594,23.60704231262207,176.2916471954833
999142930478783801,0.0,0.0,0.0,0.0,0.0
999242930508250202,0.0,0.0,0.0,0.0,0.0
999342930468853301,0.0,0.0,0.0,0.0,0.0
999442928311744002,0.0,0.0,0.0,0.0,0.0
999442930549845202,0.0,0.0,0.0,0.0,0.0
999542930479245001,0.0,0.0,0.0,0.0,0.0
999742930289423701,0.0,0.0,0.0,0.0,0.0
999842928912241201,0.0,0.0,0.0,0.0,0.0
999842930521939101,0.0,0.0,0.0,0.0,0.0
999842930529623202,0.0,0.0,0.0,0.0,0.0
999942930461543701,2.25,23.576631303267046,174.93863636363636,13.7242431640625,188.61304685419256
999942930462720301,4.309523582458496,6.18501278899814,56.0708211533351,40.329471588134766,259.77053503340113
999942930526263601,0.0,0.0,0.0,0.0,0.0
