BDAP,A1,A2,A3,A4,A5
111142930451558302,3.0,32.037474378578864,32.03748047891723,1.6507092714309692,32.037474378578864
111142930456078402,0.0,0.0,0.0,0.0,0.0
111142930549694901,0.0,0.0,0.0,0.0,0.0
111242928159168602,0.0,0.0,0.0,0.0,0.0
111342928035516202,0.0,0.0,0.0,0.0,0.0
111442929417157902,4.507936477661133,7.934877385169104,30.457038391224863,173.5835418701172,499.8972913912707
111642930521380602,0.0,0.0,0.0,0.0,0.0
111742930520228201,0.0,0.0,0.0,0.0,0.0
111742930546032201,0.0,0.0,0.0,0.0,0.0
111842930472913601,0.0,0.0,0.0,0.0,0.0
111942930075789802,0.0,0.0,0.0,0.0,0.0
111942930475464201,4.548387050628662,4.943041869675575,72.66705566577197,31.96538543701172,153.23430331627816
112242929589459502,0.0,0.0,0.0,0.0,0.0
112442930475351402,0.0,0.0,0.0,0.0,0.0
112442930547500901,0.0,0.0,0.0,0.0,0.0
112542930549591602,0.0,0.0,0.0,0.0,0.0
112642930518447902,0.0,0.0,0.0,0.0,0.0
112642930527384301,0.0,0.0,0.0,0.0,0.0
112942930456488402,3.2929294109344482,7.619361548471648,228.62847017129357,119.20155334472656,754.3167940005704
112942930511152602,4.75,5.065742526747877,19.04026909408791,6.154789447784424,40.52593965723048
112942930520095401,0.0,0.0,0.0,0.0,0.0
112942930526084102,0.0,0.0,0.0,0.0,0.0
112942930546542602,0.0,0.0,0.0,0.0,0.0
113042930446652901,4.525640964508057,11.688668254157578,183.34432933478735,131.85733032226562,911.7161318665633
113042930459198201,0.0,0.0,0.0,0.0,0.0
113242929494046101,0.0,0.0,0.0,0.0,0.0
113242929989809401,3.0,101.64653253424657,473.14246575342463,73.09590911865234,914.8188028936517
113242930525412901,0.0,0.0,0.0,0.0,0.0
113342930540408502,0.0,0.0,0.0,0.0,0.0
113442928800667002,0.0,0.0,0.0,0.0,0.0
113642930452986502,0.0,0.0,0.0,0.0,0.0
113742928592687902,2.7142856121063232,3.550484879201094,14.286511835640912,5.098368167877197,24.853394430415232
113842930528713802,3.7647058963775635,21.935402199074073,285.8277777777778,27.249433517456055,372.9018490967927
113942930453012402,11.666666984558105,5.743039590461933,17.228400342172797,1.5931851863861084,17.22911845811725
113942930543093902,0.0,0.0,0.0,0.0,0.0
114042930544217902,0.0,0.0,0.0,0.0,0.0
114242930474451702,0.0,0.0,0.0,0.0,0.0
114342930531636602,0.0,0.0,0.0,0.0,0.0
114442930473232502,0.0,0.0,0.0,0.0,0.0
114542930460128001,1.1142857074737549,16.53877847615675,48.72379603399433,95.28846740722656,578.8572621872337
114642930550556102,0.0,0.0,0.0,0.0,0.0
114742930453726801,0.0,0.0,0.0,0.0,0.0
114742930536446301,0.0,0.0,0.0,0.0,0.0
114842930517178501,1.4038461446762085,6.795587175135056,110.53978683019419,32.79899215698242,353.37052145963656
115042930473371901,0.0,0.0,0.0,0.0,0.0
115142930468670302,0.0,0.0,0.0,0.0,0.0
115142930475433101,0.0,0.0,0.0,0.0,0.0
115242928210658501,0.0,0.0,0.0,0.0,0.0
115242930059291902,0.0,16.694292658025567,0.0,12.531479835510254,133.5543413769115
115242930541272802,0.0,0.0,0.0,0.0,0.0
115242930543567601,0.0,0.0,0.0,0.0,0.0
115642930548436401,0.0,0.0,0.0,0.0,0.0
115742928293162401,0.0,0.0,0.0,0.0,0.0
115742930529898402,0.0,0.0,0.0,0.0,0.0
116142930549453302,0.0,0.0,0.0,0.0,0.0
116242928577698301,0.0,0.0,0.0,0.0,0.0
116242930137942201,0.0,0.0,0.0,0.0,0.0
116242930508328601,0.0,0.0,0.0,0.0,0.0
116342930537140702,0.0,0.0,0.0,0.0,0.0
116442929000220902,0.0,0.0,0.0,0.0,0.0
116442930516457902,0.0,0.0,0.0,0.0,0.0
116542930525090302,0.0,0.0,0.0,0.0,0.0
116542930529336002,0.0,0.0,0.0,0.0,0.0
116642930529136802,0.0,0.0,0.0,0.0,0.0
116642930539090401,2.8119657039642334,3.662663235596943,102.21328879330069,59.2398567199707,428.531599539595
116742928739525602,0.0,0.0,0.0,0.0,0.0
116742930532472902,0.0,0.0,0.0,0.0,0.0
116742930546334201,3.423076868057251,11.2933275759008,145.5373665480427,22.48020362854004,293.62651112580215
116842930454465301,3.2608695030212402,21.238656543119934,611.4910299608415,124.23500061035156,1953.9564519259852
117042930453153601,4.599999904632568,11.334804955192409,131.32630469161833,40.63732147216797,396.71816601951815
117042930548083602,0.0,0.0,0.0,0.0,0.0
117142930529346502,0.0,0.0,0.0,0.0,0.0
117242930542099701,4.5,4.861727039124668,88.32130392293732,72.75914764404297,330.59745564687756
117442930538907902,3.5833332538604736,3.310522986913712,19.854017055655298,6.2155842781066895,39.7262754560159
117642930521238202,0.0,0.0,0.0,0.0,0.0
117742930508207301,0.0,0.0,0.0,0.0,0.0
117742930530612302,0.0,0.0,0.0,0.0,0.0
117842930473510401,0.0,0.0,0.0,0.0,0.0
118242930535103802,0.0,0.0,0.0,0.0,0.0
118742929012963801,0.0,0.0,0.0,0.0,0.0
118742929424205701,0.0,0.0,0.0,0.0,0.0
118742930461810902,4.190476417541504,20.811682626371475,291.04702194357367,74.2628402709961,874.0906385194545
118742930524063701,0.0,0.0,0.0,0.0,0.0
118742930527891202,0.0,0.0,0.0,0.0,0.0
118742930530890402,0.0,0.0,0.0,0.0,0.0
118742930533556102,0.0,0.0,0.0,0.0,0.0
118742930534065002,0.0,0.0,0.0,0.0,0.0
118842930455593301,0.0,0.0,0.0,0.0,0.0
119042929528989701,0.0,0.0,0.0,0.0,0.0
119142930531415701,3.5,3.0724738419645705,4.123204596233641,1.0028592348098755,6.144947372227098
119242930463926601,0.0,0.0,0.0,0.0,0.0
119442930526684402,0.0,0.0,0.0,0.0,0.0
119542930473450501,0.0,0.0,0.0,0.0,0.0
119642930460902801,0.0,0.0,0.0,0.0,0.0
119642930474784802,4.085714340209961,31.33929901257723,554.7608120035304,48.759464263916016,1096.8754716959024
119642930543451002,0.0,0.0,0.0,0.0,0.0
119742930531276501,0.0,0.0,0.0,0.0,0.0
119942930518238201,0.0,0.0,0.0,0.0,0.0
119942930529966301,5.629629611968994,15.201000650074294,205.01263001485884,38.48261260986328,410.4270114530249
121242929321210202,3.4466018676757812,7.468091444249794,344.9587798845837,80.19084930419922,769.2133954583567
121242930508820902,3.2621359825134277,6.03022794236825,125.24377141798648,82.19609832763672,621.113471596928
121242930520578002,0.0,3.241635961060109,53.89691250384655,57.73353958129883,330.6468748506833
121342930459339902,0.0,0.0,0.0,0.0,0.0
121342930532867601,0.0,0.0,0.0,0.0,0.0
121642928932197502,42.0,0.7119330548422876,2.1357724565455207,0.28002145886421204,2.135799223877932
121642930531710102,2.7338709831237793,5.361220207982602,298.79118194069514,64.11052703857422,664.7913247830451
121742928857169102,0.0,0.0,0.0,0.0,0.0
121942930532691902,2.3913042545318604,8.570670910243955,79.50820379965458,70.43598175048828,591.3762954026718
122042930453747502,0.0,0.0,0.0,0.0,0.0
122142930476059801,0.0,0.0,0.0,0.0,0.0
122142930524050702,2.615384578704834,3.377098362699468,24.987101063829787,5.3909831047058105,43.90227880599651
122242930516823202,0.0,0.0,0.0,0.0,0.0
122242930542103301,0.0,0.0,0.0,0.0,0.0
122342929604572701,0.0,0.0,0.0,0.0,0.0
122342930478315301,3.357142925262451,11.190853589201627,78.40068493150685,12.309910774230957,313.34390934852706
122342930518922302,0.0,0.0,0.0,0.0,0.0
122342930519827402,0.0,0.0,0.0,0.0,0.0
122642930459111602,4.214285850524902,25.382258102432296,154.68204613841525,27.075382232666016,355.3516124545512
122642930550255802,0.0,0.0,0.0,0.0,0.0
122742930457734301,0.0,0.0,0.0,0.0,0.0
122742930471847401,4.9375,9.166112497720642,95.945295404814,0.0,586.6311842948307
122842930473415802,7.642857074737549,23.977671253701352,124.62267343485618,39.14609146118164,335.68739271083257
122842930534949401,2.200000047683716,1.2007712762717646,2.954261954261954,0.9353917837142944,6.003856571697148
122842930544924201,2.75,9.670966569767442,39.38103756708408,11.797447204589844,77.36772995472808
122942929194588301,0.0,0.0,0.0,0.0,0.0
123042930475944402,0.0,0.0,0.0,0.0,0.0
123142930463041001,0.0,0.0,0.0,0.0,0.0
123142930474506401,0.0,0.0,0.0,0.0,0.0
123242929642362602,0.0,0.0,0.0,0.0,0.0
123442930527137401,4.714285850524902,11.75961780394525,54.39774557165862,20.33777618408203,82.31732629846644
123442930543516602,0.0,0.0,0.0,0.0,0.0
123542930548721902,0.0,0.0,0.0,0.0,0.0
123642930526093702,2.151515245437622,6.689225750550863,103.86595666544252,20.845571517944336,220.744449623884
123642930543678502,4.345678806304932,8.287837079611739,212.4841414509661,109.16788482666016,671.3148173742679
123742930477029802,0.0,0.0,0.0,0.0,0.0
123742930480013402,4.222222328186035,5.422079131785895,21.71486555048199,10.17374038696289,48.798712991204496
123842930472867801,0.0,0.0,0.0,0.0,0.0
123942930458498402,0.0,0.0,0.0,0.0,0.0
124242930458525101,0.0,0.0,0.0,0.0,0.0
124242930509420702,0.0,0.0,0.0,0.0,0.0
124342930525826602,0.0,0.0,0.0,0.0,0.0
124342930527986701,8.0,10.074445463642428,62.34289526350901,17.12203598022461,110.81890006443912
124542930520334001,4.333333492279053,2.259411016196182,6.085296506904955,0.8142228722572327,6.77823319733385
124742930477121702,0.0,0.0,0.0,0.0,0.0
124942927917484702,0.0,0.0,0.0,0.0,0.0
125042930526270701,4.814815044403076,14.786838888264388,162.77997601918466,25.611921310424805,399.24465678921706
125042930531186701,0.0,0.0,0.0,0.0,0.0
125142930542024401,6.531914710998535,22.33278537326389,290.3333333333333,124.63482666015625,1049.6408920570657
125242930523820602,6.0789475440979,21.76197851840327,263.3186344238976,100.11978149414062,826.9552003689545
125342930454820802,4.769230842590332,7.98235889735134,56.99162479061977,11.659543991088867,103.77066914160648
125442929568624202,0.0,0.0,0.0,0.0,0.0
125442929765978601,0.0,11.232383071192054,295.1066225165563,248.4763946533203,2493.5890910030203
125442930529058102,13.84615421295166,13.666089972465745,78.49145784481139,15.702136039733887,177.65917423790577
125442930531011902,0.0,0.0,0.0,0.0,0.0
125742930453762001,1.8288288116455078,7.246248426565967,103.00785116914149,102.09613800048828,804.3335709501033
125742930530905702,0.0,0.0,0.0,0.0,0.0
126142928602946801,0.0,0.0,0.0,0.0,0.0
126142930532118001,0.0,0.0,0.0,0.0,0.0
126442930456035301,0.0,0.0,0.0,0.0,0.0
126442930459684102,0.0,0.0,0.0,0.0,0.0
126542930458708001,0.0,0.0,0.0,0.0,0.0
126542930517020901,5.680850982666016,38.125939965483234,340.35305719921104,146.06887817382812,1791.919237953201
126542930526631202,0.0,0.0,0.0,0.0,0.0
126742930534060501,3.3039214611053467,5.344741302123305,144.6440266052699,73.0052490234375,545.1636116078333
126842930458679802,0.0,0.0,0.0,0.0,0.0
127042930509937601,15.0,41.52588358626198,41.526091586794465,5.013094425201416,41.52588358626198
127242930465170502,0.0,0.0,0.0,0.0,0.0
127342930544319402,0.0,0.0,0.0,0.0,0.0
127442930521046502,4.125,10.550661573223039,73.00612745098039,21.493833541870117,168.8105904261271
127442930526713101,4.55555534362793,15.517585818795723,117.2335396736072,25.873382568359375,279.31653783880864
127542929927508201,4.202381134033203,14.159601751998347,176.9614112458655,119.68132019042969,1189.4065173105998
127742930538769502,0.0,0.0,0.0,0.0,0.0
127842930478658501,0.0,0.0,0.0,0.0,0.0
127942930476460801,0.0,0.0,0.0,0.0,0.0
128042930530738002,0.0,0.0,0.0,0.0,0.0
128042930530834301,2.7089552879333496,8.104694031261117,519.6599075062255,178.5040740966797,1086.0290025238123
128242930475470402,3.5,5.839485640466816,10.593363329583802,2.7590065002441406,11.678970731685883
128242930533241301,0.0,0.0,0.0,0.0,0.0
128342930480027202,0.0,0.0,0.0,0.0,0.0
128442930525819801,0.0,0.0,0.0,0.0,0.0
128442930543538501,4.820512771606445,13.709016818936878,208.13621262458472,69.77251434326172,534.6516471558631
128542930509668001,0.0,0.0,0.0,0.0,0.0
128642930463054502,0.0,0.0,0.0,0.0,0.0
128642930516861302,0.0,0.0,0.0,0.0,0.0
129242930521771901,5.1052632331848145,13.819206633391204,94.22592592592592,27.446348190307617,262.5649261262682
129342929605912602,0.0,0.0,0.0,0.0,0.0
129342930475939201,0.0,0.0,0.0,0.0,0.0
129442930457306502,3.7752809524536133,17.545344955489615,317.7626112759644,125.91646575927734,1561.5357262699115
129542928219724801,0.0,32.17656050191816,0.0,86.87594604492188,1576.6514775893268
129542930532555102,0.0,0.0,0.0,0.0,0.0
129542930538128702,1.6666666269302368,15.512215909090909,374.1752727272727,73.81299591064453,511.9031434027932
129642930544823502,0.0,0.0,0.0,0.0,0.0
129742930546105901,4.679999828338623,7.413479336974001,96.83181452693648,67.70819854736328,370.67395634678024
129742930549689001,0.0,0.0,0.0,0.0,0.0
129942930463915001,0.0,0.0,0.0,0.0,0.0
129942930517119002,0.0,0.0,0.0,0.0,0.0
131242930547233301,0.0,0.0,0.0,0.0,0.0
131342930449411402,3.909090995788574,11.78841884394498,144.11854792966534,51.79665756225586,648.3630642688079
131742930464510202,0.0,0.0,0.0,0.0,0.0
131942930456273702,0.0,0.0,0.0,0.0,0.0
132042930544478501,0.0,0.0,0.0,0.0,0.0
132142930516846102,0.06122449040412903,8.018397814799203,0.2869405272838749,56.64885330200195,392.90149521725374
132142930543892602,0.0,3.828002790813424,18.46790183650252,9.184735298156738,84.21606396210595
132242930544450901,0.0,0.0,0.0,0.0,0.0
132242930546422601,0.0,0.0,0.0,0.0,0.0
132342930477421702,0.0,0.0,0.0,0.0,0.0
132342930525346801,3.7701148986816406,8.82478624394673,158.50060532687652,118.82137298583984,767.7563976066165
132442930316683302,5.345454692840576,19.9490234375,434.76528925619834,107.68144989013672,1097.1963000084743
132642930457432501,2.8222222328186035,11.172436835106383,104.3527659574468,45.96245193481445,502.7596627677755
132642930528427002,0.7049180269241333,16.74409025493421,128.98105263157893,142.48626708984375,1021.3895213558799
133042930530349202,0.0,0.0,0.0,0.0,0.0
133042930549781002,0.0,0.0,0.0,0.0,0.0
133242930477853802,0.0,0.0,0.0,0.0,0.0
133342930526510901,2.0,26.29640490687679,26.29656160458453,2.65527606010437,26.29640490687679
133442929373095001,0.0,0.0,0.0,0.0,0.0
133742930510374501,2.6875,4.318109595070423,29.786854460093895,9.474574089050293,69.0897538707178
133842928067730402,0.0,0.0,0.0,0.0,0.0
133942930515980301,2.830188751220703,13.475886023196844,160.73516153268218,48.236480712890625,714.2219273132279
133942930517455202,6.190476417541504,15.550082654838102,230.91867469879517,79.7419204711914,653.103466579713
133942930519424601,0.0,0.0,0.0,0.0,0.0
134042929268266502,0.0,0.0,0.0,0.0,0.0
134142930456974502,4.869565010070801,27.36178320760122,163.43009931245226,32.99738693237305,629.3209893275437
134342930526904002,0.0,0.0,0.0,0.0,0.0
134342930541890202,0.0,0.0,0.0,0.0,0.0
134442928030278202,6.0,41.207856514084504,108.69215291750503,14.395445823669434,123.62356364751005
134442930530421902,6.384615421295166,43.07387726545842,311.00213219616205,29.23927116394043,559.9603897859292
134542928005472101,2.2330098152160645,11.22347357683121,258.66369426751595,113.01554870605469,1156.0177606199957
134542930452103202,2.1285715103149414,5.4905053797595995,27.733623749596646,69.52470397949219,384.3353980360742
134542930479743002,0.0,0.0,0.0,0.0,0.0
134542930515885601,0.0,0.0,0.0,0.0,0.0
134642930516950001,0.0,0.0,0.0,0.0,0.0
134642930545090501,3.0,3.408428763285582,3.4085027726432533,0.33198821544647217,3.408428763285582
134942930519119102,0.0,0.0,0.0,0.0,0.0
134942930538026601,14.260869979858398,20.666060323383086,282.82960199004975,58.07854461669922,475.319367373642
135042930544385201,4.965517044067383,14.115172795211183,240.42058298631767,57.68476104736328,409.33999595664784
135142930528286501,0.0,0.0,0.0,0.0,0.0
135242929303665102,0.0,0.0,0.0,0.0,0.0
135442930470672302,0.0,9.331191175565944,124.42372047244095,149.1080322265625,1819.5822125246207
135442930477857901,6.0,7.842907989258521,7.842639593908629,0.7819371223449707,7.842907989258521
135442930507917802,0.0,0.0,0.0,0.0,0.0
135442930542827201,0.0,0.0,0.0,0.0,0.0
135542928235893302,0.0,1.509715195952869,0.0,1.5484122037887573,12.077721392522093
135642930479563102,0.0,0.0,0.0,0.0,0.0
135742930519956701,0.0,0.0,0.0,0.0,0.0
135842928236098401,4.0779218673706055,6.642541218969989,107.86782141533901,105.54432678222656,511.47564924536215
135842930536357601,2.4065933227539062,16.499967174369747,227.3795518207283,119.6568603515625,1501.4970055146543
136042930476722802,0.0,0.0,0.0,0.0,0.0
136142930455392102,0.0,0.0,0.0,0.0,0.0
136142930458954702,4.134615421295166,5.088518526607428,94.18759984025559,46.06328582763672,264.6029586963379
136242930459147501,0.0,0.0,0.0,0.0,0.0
136242930477909801,0.0,0.0,0.0,0.0,0.0
136442929721382302,0.0,0.0,0.0,0.0,0.0
136542928086560001,4.599999904632568,36.03410482905052,249.14634146341464,31.940481185913086,360.3410627517966
136542930528454802,4.285714149475098,7.913814072140484,71.2297104888467,23.20305061340332,166.19010393733825
136642929104783902,0.0,3.1168543963186357,0.0,8.086441040039062,43.63596086613152
136642930473633302,0.0,0.0,0.0,0.0,0.0
136642930516789801,0.0,0.0,0.0,0.0,0.0
136642930523848802,0.0,0.0,0.0,0.0,0.0
136642930529001601,4.625,11.304231680661358,67.73407202216066,6.195328235626221,90.43385281126915
136642930529692001,3.7272727489471436,7.5114299246478575,101.41764781435973,33.22227096557617,330.50290520497316
136742930447072601,2.575000047683716,4.746174811570087,58.96914643696163,28.993026733398438,189.84699767373368
136742930524580802,0.0,0.0,0.0,0.0,0.0
136742930529409401,4.288461685180664,11.263973175533234,191.17857142857142,247.91650390625,585.7266014644077
136842930473053701,3.75,21.070653119202227,359.8511131725417,106.37422180175781,758.543485170835
136842930509823702,2.8620688915252686,5.905317134107028,162.74799054373523,61.306705474853516,685.0168200848873
137142930450130801,0.0,0.03577652382698195,0.0,0.018802260980010033,0.03577652382698195
137142930542063202,3.2727272510528564,26.8435938491434,268.7182741116751,19.596052169799805,295.2795227166965
137142930548214702,0.0,0.0,0.0,0.0,0.0
137242930534526902,0.0,0.0,0.0,0.0,0.0
137442928091164701,0.0,0.0,0.0,0.0,0.0
137442930473557502,3.6964285373687744,7.366280576285241,138.58117458683594,44.77642059326172,412.51172007282975
137442930517981002,3.8617022037506104,4.093704022905608,129.6240480036926,63.361480712890625,384.8081781962659
137642930535030001,0.0,0.0,0.0,0.0,0.0
137742930541310502,0.0,0.0,0.0,0.0,0.0
137842930529236702,3.5999999046325684,67.86401493685233,468.7616580310881,30.415678024291992,678.6401544284327
138042930472490102,0.0,0.0,0.0,0.0,0.0
138042930532021202,0.0,0.0,0.0,0.0,0.0
138242930467934502,0.0,113.91601612490402,79.6063475812644,30.002952575683594,113.91601612490402
138242930516299601,2.3684210777282715,4.081987713777863,57.21445042275173,7.626418590545654,77.55776347718177
138542930473712401,3.394230842590332,7.53588995212935,146.5455267757826,111.82866668701172,783.7325675154498
138542930510041202,0.0,0.0,0.0,0.0,0.0
138642930447265701,0.0,0.0,0.0,0.0,0.0
138642930528352101,0.0,0.0,0.0,0.0,0.0
138742930466694401,0.0,0.0,0.0,0.0,0.0
138842930447969802,0.0,0.0,0.0,0.0,0.0
138842930510699801,0.0,0.0,0.0,0.0,0.0
139042930518753001,0.0,0.0,0.0,0.0,0.0
139242929091334801,6.157894611358643,8.392915562220983,318.92857142857144,50.65092468261719,318.9307882973126
139242930528119601,0.0,0.0,0.0,0.0,0.0
139342930529079402,0.0,0.0,0.0,0.0,0.0
139342930536041402,0.0,0.0,0.0,0.0,0.0
139642930470719502,0.0,0.0,0.0,0.0,0.0
139842927994817202,3.4838709831237793,7.642438108549112,90.11213353306228,43.64945983886719,473.8311805169995
139842930508561902,2.3851351737976074,6.134141008070008,251.79569599564152,143.1687774658203,907.8528329604525
139942930542738402,0.0,0.0,0.0,0.0,0.0
141142929230384801,0.0,0.0,0.0,0.0,0.0
141342930533725002,0.0,0.0,0.0,0.0,0.0
141542927945008302,0.0,0.0,0.0,0.0,0.0
141942930527918802,0.0,0.0,0.0,0.0,0.0
142042928242898502,0.0,0.0,0.0,0.0,0.0
142242930521644402,0.0,0.0,0.0,0.0,0.0
142242930527228701,0.0,0.0,0.0,0.0,0.0
142342930479210702,0.0,0.0,0.0,0.0,0.0
142342930543992402,0.0,0.0,0.0,0.0,0.0
142542930456763202,0.0,0.0,0.0,0.0,0.0
142542930510792801,4.846153736114502,6.496567509874535,42.91449814126394,9.290079116821289,84.45537927809553
142542930528712602,0.0,0.0,0.0,0.0,0.0
142642930466984202,0.0,0.0,0.0,0.0,0.0
142742930454799701,3.4285714626312256,3.1535030596410225,6.385518590998043,2.8905694484710693,22.074520641110414
142742930545407002,0.0,0.0,0.0,0.0,0.0
142842930526424402,0.0,0.0,0.0,0.0,0.0
142942930519535801,4.122448921203613,4.2862473589294865,71.88611917363838,40.86191940307617,210.02611941649724
142942930526801701,0.0,0.0,0.0,0.0,0.0
142942930544449401,3.224489688873291,5.752993247552399,108.10176503033645,84.9251937866211,563.7933585055941
143042930462302501,0.0,0.0,0.0,0.0,0.0
143342930519396801,4.199999809265137,6.843836838262999,71.92954031650339,46.50190353393555,273.75345908239
143442930473411701,0.0,0.0,0.0,0.0,0.0
143542930508193002,0.0,0.0,0.0,0.0,0.0
143942930476759202,0.0,345.1251078515962,345.1251078515962,15.515530586242676,345.1251078515962
143942930547024101,0.0,0.0,0.0,0.0,0.0
144042930518784002,0.0,0.0,0.0,0.0,0.0
144142930516627302,1.9801980257034302,9.964877220480668,140.69049111807732,94.3477783203125,1006.4525686336784
144242928758061801,0.0,0.0,0.0,0.0,0.0
144342930516888102,0.0,0.0,0.0,0.0,0.0
144342930536405301,3.9178082942962646,13.220505068865233,387.6725197541703,128.96542358398438,965.096868930311
144342930546083402,0.0,0.0,0.0,0.0,0.0
144442930475711802,0.0,0.0,0.0,0.0,0.0
144542930477317802,3.75268816947937,8.901133777208036,186.32105483465887,155.8365478515625,827.8054123930773
144642930465883002,0.0,0.0,0.0,0.0,0.0
144642930473806401,0.0,0.0,0.0,0.0,0.0
144642930532617302,0.0,0.0,0.0,0.0,0.0
144742930542766901,0.0,0.0,0.0,0.0,0.0
144842930530614201,0.0,0.0,0.0,0.0,0.0
144942930519506501,3.866666555404663,25.188670581539736,445.9205298013245,43.82072067260742,755.6601255682131
145042930473345201,0.0,0.0,0.0,0.0,0.0
145042930516473101,0.0,0.0,0.0,0.0,0.0
145142930461490302,28.0,2.012173892331654,2.0116648992576884,0.17286449670791626,2.012173892331654
145242930530017602,3.7058823108673096,4.364711986166418,73.86095901775344,85.08834838867188,371.0005317546844
145342929703889902,3.411764621734619,12.432570395146236,335.50528935905413,96.84115600585938,1056.7684903124066
145542930449651701,0.0,0.0,0.0,0.0,0.0
145542930461706001,0.0,0.0,0.0,0.0,0.0
145542930537934402,0.0,0.0,0.0,0.0,0.0
145642930539008501,0.0,0.0,0.0,0.0,0.0
145842930447522202,0.0,0.0,0.0,0.0,0.0
145842930541202802,0.0,0.0,0.0,0.0,0.0
145942929820831802,0.0,0.0,0.0,0.0,0.0
146142930450300301,0.0,0.0,0.0,0.0,0.0
146142930463763601,28.200000762939453,4.475169814707512,22.375875447170856,2.5064759254455566,22.375849614787498
146242930520059602,0.0,0.0,0.0,0.0,0.0
146542930451341801,0.0,0.0,0.0,0.0,0.0
146642930536166401,2.6382977962493896,6.339667366464758,35.528434120945136,26.148639678955078,297.9643615123793
146642930542554401,0.0,0.0,0.0,0.0,0.0
146742930476644701,0.0,0.0,0.0,0.0,0.0
146742930509457302,0.0,0.0,0.0,0.0,0.0
146842930530364101,0.0,0.0,0.0,0.0,0.0
146842930542607102,0.0,0.0,0.0,0.0,0.0
146942928726482201,0.0,0.0,0.0,0.0,0.0
147042929295093101,0.5080645084381104,7.9104851839362675,192.75353277764313,88.07875061035156,980.900129699498
147042930517911201,0.0,0.0,0.0,0.0,0.0
147342930463839802,0.0,0.0,0.0,0.0,0.0
147442930452303701,0.7191011309623718,5.7181605385456535,86.9155419987914,75.56695556640625,508.91629389163825
147442930533789501,0.0,0.0,0.0,0.0,0.0
147542930462402502,4.0625,6.5561689148942355,43.915155741515576,28.194786071777344,209.79741210396597
147642929372880402,0.0,0.0,0.0,0.0,0.0
147642930528895902,0.0,0.0,0.0,0.0,0.0
147842930535076502,0.0,0.0,0.0,0.0,0.0
148042930511023901,2.799999952316284,8.11531876695408,44.45456306917264,8.9085054397583,81.15318408619409
148142930539768402,0.0,0.0,0.0,0.0,0.0
148242929249038602,3.6987950801849365,11.727277449693789,133.25844269466316,151.76107788085938,973.3640044957842
148342930537454201,2.473684310913086,3.183413648783986,47.54226684306186,9.49837589263916,60.484859751007775
148542930479380901,0.0,0.0,0.0,0.0,0.0
148642930479971702,0.0,0.0,0.0,0.0,0.0
148942930528636601,0.0,0.0,0.0,0.0,0.0
149042930519576702,0.0,0.0,0.0,0.0,0.0
149242930469838702,4.493333339691162,5.470219947735192,125.91869918699187,47.10946273803711,410.26649342790574
149242930523100401,0.0,0.0,0.0,0.0,0.0
149242930528314001,0.0,0.0,0.0,0.0,0.0
149242930538102502,0.0,0.0,0.0,0.0,0.0
149342930456788201,3.2142856121063232,7.620287698412699,95.02545155993433,68.33645629882812,426.7360987984292
149542928726666202,0.0,0.0,0.0,0.0,0.0
149642928653501701,3.6500000953674316,7.171953383882548,49.43298969072165,34.868343353271484,286.87812961359265
149642930464155901,0.0,0.0,0.0,0.0,0.0
149842930518260702,0.0,0.0,0.0,0.0,0.0
149842930550702801,0.0,0.0,0.0,0.0,0.0
151342930508974301,0.0,0.0,0.0,0.0,0.0
151542930475519001,0.0,0.0,0.0,0.0,0.0
151742927963730101,4.0,3.4098788294583064,14.661265932166774,11.547054290771484,37.50866707129982
151842930448135701,0.0,0.0,0.0,0.0,0.0
151842930463750102,3.5652174949645996,32.28561307335434,433.73389355742296,80.72671508789062,2227.707213607489
151942930544978002,0.0,0.0,0.0,0.0,0.0
152042930464035102,0.0,0.0,0.0,0.0,0.0
152042930477182301,0.0,0.0,0.0,0.0,0.0
152042930531609501,0.0,0.0,0.0,0.0,0.0
152142930534314602,3.0740740299224854,15.603394896119505,125.6201923076923,61.39201736450195,421.2916747711517
152242930543096402,0.0,0.0,0.0,0.0,0.0
152342928770281901,2.222222328186035,6.399126718801682,135.88283797193213,74.0302734375,691.1056728513548
152342930450686901,0.0,0.0,0.0,0.0,0.0
152542930476846501,2.933333396911621,7.389251636348181,149.51173070384223,52.41446304321289,443.35510255430313
153142930542972702,0.375,24.859746787753807,98.20812182741116,12.019685745239258,198.8779658593502
153342930458996002,0.0,0.0,0.0,0.0,0.0
153342930475440202,2.686274528503418,7.652164160864174,82.77489507821443,37.035743713378906,390.26036254288994
153442930467893301,3.2272727489471436,15.276335549406047,105.21382289416847,20.85991859436035,336.07937938657227
153642930449164501,0.0,0.0,0.0,0.0,0.0
153642930516703902,0.0,0.0,0.0,0.0,0.0
153842930524916302,3.91304349899292,7.26974395766036,54.08260267651131,54.15530776977539,334.4082160778292
153942930516129101,2.736842155456543,6.619736063172259,118.92149622732381,90.0982666015625,628.8749200340487
154142928025264602,0.0,0.0,0.0,0.0,0.0
154142930537343902,0.0,0.0,0.0,0.0,0.0
154342930515951901,0.0,0.0,0.0,0.0,0.0
154342930521332601,3.700000047683716,8.469537873275971,170.62526888523345,94.11432647705078,592.8676665290525
154342930532730101,2.817204236984253,12.810981358826178,179.72891023716602,111.56834411621094,1191.4212854134003
154342930544862901,0.0,0.0,0.0,0.0,0.0
154442930342690301,3.3854167461395264,5.655179064224787,111.18304064224787,114.61369323730469,542.8971953779145
154542930547669701,1.5199999809265137,12.375447488132911,309.3867088607595,43.86696243286133,309.38619230729114
154642930450207102,0.0,0.0,0.0,0.0,0.0
154642930453645502,3.382978677749634,8.48081552110771,168.59592795614722,158.07464599609375,797.1966787498345
154742928946604302,0.0,0.0,0.0,0.0,0.0
154842930457094601,0.0,0.0,0.0,0.0,0.0
154942930521003602,3.6842105388641357,8.744036667968281,120.64327766430374,77.72711181640625,830.683472769601
155042930546029701,0.0,0.0,0.0,0.0,0.0
155142930532843201,0.0,0.0,0.0,0.0,0.0
155342930473738501,0.0,0.0,0.0,0.0,0.0
155442928135508801,2.2238805294036865,14.643825974258133,236.70253843403646,265.2635498046875,1962.2726938275298
155442930458741801,0.0,0.0,0.0,0.0,0.0
155442930546716402,3.3478260040283203,6.19288505655143,63.850192061459666,21.10699462890625,142.436355144714
155542930467099901,0.0,0.0,0.0,0.0,0.0
155642930519275401,0.0,0.0,0.0,0.0,0.0
155642930546746501,0.0,0.0,0.0,0.0,0.0
155942930517438602,0.0,0.0,0.0,0.0,0.0
155942930525766602,0.0,0.0,0.0,0.0,0.0
156042930537289702,0.0,0.0,0.0,0.0,0.0
156342930522775202,0.0,0.0,0.0,0.0,0.0
156642929575390702,0.0,0.0,0.0,0.0,0.0
156742930529460202,0.0,0.0,0.0,0.0,0.0
156842930516325302,0.0,0.0,0.0,0.0,0.0
156942930521143101,0.0,0.0,0.0,0.0,0.0
157042928932618502,0.0,0.0,0.0,0.0,0.0
157042930474743902,27.5,2.594845018672618,15.341647227705007,2.118441581726074,20.758760017957677
157242930550208302,0.0,0.0,0.0,0.0,0.0
157342930469553702,4.103448390960693,25.52952566086871,323.1996855345912,106.04314422607422,1480.7124981910179
157442930527548402,0.9156626462936401,6.9490345897276375,50.54569334992396,90.65457153320312,576.7698572117413
157642930523961501,1.2307692766189575,14.577755003936531,92.4937015503876,203.894287109375,947.5541002288345
157742930545228701,0.0,0.0,0.0,0.0,0.0
157842930467986402,0.0,0.0,0.0,0.0,0.0
157842930474296502,0.0,0.0,0.0,0.0,0.0
157842930529640802,0.0,0.0,0.0,0.0,0.0
157942930475444302,0.0,0.0,0.0,0.0,0.0
158042930463092601,1.537500023841858,11.106189386100015,116.31746642922462,65.43648529052734,888.4951469431301
158042930478706402,0.0,0.0,0.0,0.0,0.0
158142929189241902,0.0,0.0,0.0,0.0,0.0
158242927979933702,0.0,0.0,0.0,0.0,0.0
158342930478366301,0.0,0.0,0.0,0.0,0.0
158342930516054701,0.0,0.0,0.0,0.0,0.0
158342930526117801,0.0,0.0,0.0,0.0,0.0
158442930519045901,0.0,0.0,0.0,0.0,0.0
158742930467019501,4.461538314819336,29.54173704954955,120.86872586872587,118.04457092285156,1536.1702676181474
158742930533543501,0.0,0.0,0.0,0.0,0.0
158742930541831501,0.0,0.0,0.0,0.0,0.0
158842930544096501,0.0,0.0,0.0,0.0,0.0
158942930510998002,0.0,0.0,0.0,0.0,0.0
158942930526499202,0.0,0.0,0.0,0.0,0.0
159142928135435302,0.0,0.0,0.0,0.0,0.0
159142930465136102,0.0,0.0,0.0,0.0,0.0
159342930458732502,4.400000095367432,16.798857760567195,195.97254335260115,49.18301773071289,839.9428763913281
159342930525299201,2.5652174949645996,5.506263992537313,70.97432835820895,90.29303741455078,506.5762825649888
159442930509101502,0.0,0.0,0.0,0.0,0.0
159542930515787101,0.0,0.0,0.0,0.0,0.0
159642929166032802,0.5806451439857483,11.525943093456572,44.367370892018776,68.47628784179688,357.3042230024024
159642930549182602,0.0,0.0,0.0,0.0,0.0
159842930524167302,0.0,0.0,0.0,0.0,0.0
161142930541557502,0.0,0.0,0.0,0.0,0.0
161542929309260302,6.666666507720947,14.578395280934343,83.59191919191919,14.97418212890625,174.94074617636323
161542930531648401,4.086419582366943,17.009577484699307,298.5439063331559,144.19264221191406,1377.7757962385729
161642930467750602,0.0,0.0,0.0,0.0,0.0
161642930549932401,3.0196077823638916,18.10680999929058,1466.7854710556187,226.19210815429688,1846.8946155911813
161742930524729901,0.0,0.0,0.0,0.0,0.0
161942930445609901,0.0,0.0,0.0,0.0,0.0
161942930458787802,2.8765432834625244,4.163996442805527,124.20210824300666,44.384273529052734,337.2837044555355
161942930533316402,0.0,0.0,0.0,0.0,0.0
162042930527284502,0.0,0.0,0.0,0.0,0.0
162242930545636301,0.0,0.0,0.0,0.0,0.0
162342930453250801,0.0,0.0,0.0,0.0,0.0
162342930454060301,3.0,15.071031630551577,49.32091690544413,6.728750705718994,60.284126871977975
162442930530754802,3.7931034564971924,11.200639654626109,182.05291508238275,153.33395385742188,974.4556025467596
162442930531321102,3.5735294818878174,17.12305736314141,108.9164677804296,156.8158416748047,1164.3678998423647
162542930549518202,0.0,0.0,0.0,0.0,0.0
162642928676339002,0.0,0.0,0.0,0.0,0.0
162742930541386401,3.65753436088562,11.758232499175461,151.5593667546174,95.50955963134766,858.3510107578892
163342930450908301,0.0,0.0,0.0,0.0,0.0
163342930473979502,0.0,0.0,0.0,0.0,0.0
163442930530935502,0.0,0.0,0.0,0.0,0.0
163442930539694902,0.0,10.406535752770935,0.0,41.37800216674805,478.7006439885482
163942930544633802,0.0,0.0,0.0,0.0,0.0
164042930460051801,0.0,0.0,0.0,0.0,0.0
164142930540465502,0.0,0.0,0.0,0.0,0.0
164242930447341201,0.0,0.0,0.0,0.0,0.0
164442929816278102,2.649350643157959,4.607175925925926,89.80205761316873,64.3216323852539,354.7525505603586
164442930540918602,3.6483516693115234,7.619807976687543,144.88970076548364,69.87844848632812,693.4025499772595
164542930519765302,0.0,0.0,0.0,0.0,0.0
164642930461808702,0.0,0.0,0.0,0.0,0.0
164642930463614001,0.0,0.0,0.0,0.0,0.0
164942930533952001,0.0,0.0,0.0,0.0,0.0
165442928043802902,0.0,0.0,0.0,0.0,0.0
165442930517273502,0.0,0.0,0.0,0.0,0.0
165542930460232502,3.454545497894287,5.064405950015483,25.60280759702725,8.919576644897461,55.70846393815158
165542930549612201,0.0,0.0,0.0,0.0,0.0
165742929341386202,0.0,0.0,0.0,0.0,0.0
165742930508698002,0.0,0.0,0.0,0.0,0.0
165742930532248602,3.7592592239379883,4.656647834433517,65.48410346221205,79.19856262207031,251.45897605594848
165842930012164202,0.0,0.0,0.0,0.0,0.0
165842930455941702,0.0,0.0,0.0,0.0,0.0
165842930518748802,0.0,0.0,0.0,0.0,0.0
166042930524047202,0.0,0.0,0.0,0.0,0.0
166342930527989502,0.0,4.904562114197531,0.0,36.78178024291992,196.18248723058167
166542930474173501,2.473684310913086,2.3076213797835154,20.88905924199681,7.949869632720947,43.8448066201427
166642930509729801,0.0,0.0,0.0,0.0,0.0
166842930477693702,0.0,0.0,0.0,0.0,0.0
166942930446842501,0.0,0.0,0.0,0.0,0.0
166942930516676602,0.0,0.0,0.0,0.0,0.0
167142929091270702,0.0,0.0,0.0,0.0,0.0
167142929091319102,0.0,0.0,0.0,0.0,0.0
167242930473687902,2.4588234424591064,5.703204465988557,100.97711379529561,75.0881576538086,484.7723607465255
167242930550454301,3.2857143878936768,6.759080252987481,101.71699544764795,8.520994186401367,141.94068913322297
167342930453887901,3.4242424964904785,5.335268406194096,77.90071556350627,34.57398223876953,176.06386362290766
167342930476156602,0.0,0.0,0.0,0.0,0.0
167342930531512902,3.5,16.56590728893263,138.10411198600175,43.74712371826172,728.8999310057098
167442930473715802,0.0,0.0,0.0,0.0,0.0
167442930524318301,0.0,0.0,0.0,0.0,0.0
167542929021132401,0.0,0.0,0.0,0.0,0.0
167642929703741002,0.0,0.0,0.0,0.0,0.0
167642929946319602,0.0,0.0,0.0,0.0,0.0
167642930464043701,0.0,0.0,0.0,0.0,0.0
167842930517704901,4.514705657958984,11.797238372093023,242.95896032831737,76.47233581542969,802.2121641756572
167942930451477101,14.0,1120.2538682979489,1084.811802806765,0.0,1120.2538682979489
167942930460089502,0.0,0.0,0.0,0.0,0.0
167942930530333001,3.732558250427246,5.178486328125,117.95112068965517,75.00804138183594,445.349830509712
168142930510642701,4.054054260253906,11.319443202946225,193.60411899313502,55.9354133605957,418.81938332442013
168242930517025502,0.0,0.0,0.0,0.0,0.0
168342929385464201,0.0,0.0,0.0,0.0,0.0
168342930519986502,0.0,0.0,0.0,0.0,0.0
168442927948912302,3.7073171138763428,10.754722515279395,212.48700038804813,87.56471252441406,881.8872462469892
168542929456942701,0.0,0.0,0.0,0.0,0.0
168542930515726001,0.0,0.0,0.0,0.0,0.0
168542930533980102,3.5747127532958984,12.722485364667204,1065.0187869028448,62.690834045410156,1106.8562691648096
168642930529431702,0.0,0.0,0.0,0.0,0.0
168842929687124301,0.0,0.0,0.0,0.0,0.0
168942930531666302,3.846153736114502,6.727832812069203,25.24372759856631,13.512937545776367,87.46182448915913
168942930549296402,0.0,0.0,0.0,0.0,0.0
169242930452916401,0.0,0.0,0.0,0.0,0.0
169442930525777302,0.0,4.942087902714237,0.0,7.920509338378906,54.36296598538502
169542930460793202,0.0,0.0,0.0,0.0,0.0
169542930526167301,0.0,0.0,0.0,0.0,0.0
169542930531102902,0.0,0.0,0.0,0.0,0.0
169642930544551501,4.199999809265137,13.324072406340058,57.288184438040346,19.08258056640625,66.62035912945223
169742930545230402,7.050000190734863,12.616674216396838,110.80572289156626,47.26615524291992,252.33349530093642
169842930460896602,0.0,0.0,0.0,0.0,0.0
169842930525450402,0.0,0.0,0.0,0.0,0.0
169942928779211601,1.840000033378601,7.973868619627054,207.90518331226295,59.620628356933594,398.69343345696745
171242930451390501,0.0,0.0,0.0,0.0,0.0
171442930537661702,0.0,0.0,0.0,0.0,0.0
171542930474857101,4.375,15.11026218220339,81.73075060532688,16.835973739624023,120.88209414724577
171642930528089402,4.153846263885498,9.462785419664884,52.02405427631579,28.1383113861084,246.03241672955062
171642930545331501,0.0,0.0,0.0,0.0,0.0
171642930548872901,0.0,0.0,0.0,0.0,0.0
171742930469562402,0.0,0.0,0.0,0.0,0.0
171742930547131501,0.0,0.0,0.0,0.0,0.0
171842930464726602,0.0,0.0,0.0,0.0,0.0
171842930474320601,0.0,0.0,0.0,0.0,0.0
171942930537327601,0.0,0.0,0.0,0.0,0.0
172242930457255402,0.0,0.0,0.0,0.0,0.0
172342930453413201,12.375,15.966527660472973,79.71891891891892,18.11072540283203,255.46443260811472
172342930526656302,7.0,70.56134563097693,191.58428651790737,46.88608932495117,211.68403194877413
172442930461991502,3.0,17.367645533738937,97.77581120943952,8.643827438354492,156.30880637469104
172442930516550001,0.0,0.0,0.0,0.0,0.0
172442930519165302,0.0,0.0,0.0,0.0,0.0
172442930532392601,0.0,0.0,0.0,0.0,0.0
172542930479622601,0.0,0.0,0.0,0.0,0.0
172642930519336001,0.0,0.0,0.0,0.0,0.0
172742930527843301,4.818181991577148,94.45603448275862,418.1034482758621,42.8787727355957,1039.016395095299
172942930455034402,0.0,0.0,0.0,0.0,0.0
172942930519421902,3.932584285736084,8.962402933461654,150.6002415458937,178.2074432373047,797.6538601278683
173042930533913101,0.0,0.0,0.0,0.0,0.0
173142928932478502,0.0,0.0,0.0,0.0,0.0
173142930531959201,0.0,0.0,0.0,0.0,0.0
173242930458027501,3.530120372772217,8.919438154822014,239.654001514769,174.74781799316406,740.3133264496844
173342930511232501,0.0,0.0,0.0,0.0,0.0
173342930526722801,0.0,0.0,0.0,0.0,0.0
173742930479305901,0.0,0.0,0.0,0.0,0.0
173742930534262602,0.0,0.0,0.0,0.0,0.0
173842930533276002,0.0,0.0,0.0,0.0,0.0
174042930461713401,0.0,0.0,0.0,0.0,0.0
174042930516249201,1.279411792755127,7.542752884013084,184.93541202672606,109.30501556396484,1025.814358538137
174042930548710301,0.0,0.0,0.0,0.0,0.0
174242929514158301,0.0,0.0,0.0,0.0,0.0
174242930538951702,0.0,0.0,0.0,0.0,0.0
174442930054961402,0.0,0.0,0.0,0.0,0.0
174542930452423502,0.0,0.0,0.0,0.0,0.0
174642929385350302,0.0,0.0,0.0,0.0,0.0
174742928236055201,4.337662220001221,13.3704845572281,178.2074857607811,124.08257293701172,1029.5272985157812
174842930469978501,2.252873659133911,13.861431601821192,146.79263245033113,97.21670532226562,1205.9445799139162
174842930478757801,0.0,0.0,0.0,0.0,0.0
174942930455252701,0.0,0.0,0.0,0.0,0.0
174942930529771102,0.0,0.0,0.0,0.0,0.0
175042930541851802,2.588709592819214,8.079244194180191,204.8136541689983,185.8747100830078,1001.8262753958934
175042930546232402,0.0,0.0,0.0,0.0,0.0
175142930455190102,0.0,0.0,0.0,0.0,0.0
175142930480181001,0.0,0.0,0.0,0.0,0.0
175142930529037101,2.720930337905884,4.713996516144472,208.7813777106881,75.2376480102539,608.1055641791584
175342930454055602,0.0,0.0,0.0,0.0,0.0
175342930457543401,1.75,2.31360532640246,3.858719393033682,0.9060351848602295,9.254421210889227
175342930508312801,0.0,0.0,0.0,0.0,0.0
175442930515676102,2.6666667461395264,4.777589052093244,12.917697431018079,1.7256958484649658,14.332767667325761
175442930523935601,3.222222328186035,10.059699828235816,33.88652482269504,8.803119659423828,90.53729611660572
175442930525537602,0.0,0.0,0.0,0.0,0.0
175542930517516502,0.0,0.0,0.0,0.0,0.0
175842930518895102,2.05633807182312,10.990154495789895,83.67869553595295,81.57333374023438,780.3009324898474
175842930522254701,0.0,0.0,0.0,0.0,0.0
176042930544553402,0.0,0.0,0.0,0.0,0.0
176142930480559002,2.25,20.374222307015728,70.48116721854305,19.886821746826172,81.49688710597967
176242930523833802,0.0,0.0,0.0,0.0,0.0
176342929201182702,0.0,0.0,0.0,0.0,0.0
176442928242942002,0.0,0.0,0.0,0.0,0.0
176442930548703702,0.0,0.0,0.0,0.0,0.0
176542930469300802,0.0,0.0,0.0,0.0,0.0
176642930543382501,0.0,0.0,0.0,0.0,0.0
176742930477931002,6.3125,35.34101318359375,334.37,30.141393661499023,565.4562092995643
176942930476904801,0.0,0.0,0.0,0.0,0.0
176942930478602102,0.0,0.0,0.0,0.0,0.0
177042930546702502,0.0,0.0,0.0,0.0,0.0
177342930462158901,0.0,0.0,0.0,0.0,0.0
177342930530273402,0.0,0.0,0.0,0.0,0.0
177342930546684601,0.0,0.0,0.0,0.0,0.0
177542930508507301,0.0,0.0,0.0,0.0,0.0
177642930453702301,1.3043478727340698,5.755778166118421,186.59019736842106,145.97418212890625,1059.0631987928443
177742930456060701,0.0,0.0,0.0,0.0,0.0
177842930460193901,0.0,0.0,0.0,0.0,0.0
178042930479266802,0.0,0.0,0.0,0.0,0.0
178142930462707102,0.0,0.0,0.0,0.0,0.0
178142930528847201,0.0,0.0,0.0,0.0,0.0
178142930543623401,4.040816307067871,6.600948534715253,89.41445057701957,32.69662094116211,323.4464682097179
178542930476543901,4.127272605895996,8.031474388479747,106.83573119410836,37.51460266113281,441.73108886807046
178642930459055902,3.0273971557617188,8.268135802386558,144.42465753424656,153.16183471679688,603.5738973405263
178642930460996501,0.0,0.0,0.0,0.0,0.0
178642930528419301,0.0,0.0,0.0,0.0,0.0
178842928062695402,0.0,0.0,0.0,0.0,0.0
178942930474454801,0.0,0.0,0.0,0.0,0.0
179142930463396901,0.0,0.0,0.0,0.0,0.0
179342928213854001,7.285714149475098,6.805218374128822,26.985161870503596,0.0,47.63652861890176
179342930546197102,0.0,0.0,0.0,0.0,0.0
179542930525133101,0.0,0.0,0.0,0.0,0.0
179842930449428701,0.0,0.0,0.0,0.0,0.0
179842930510259202,4.146341323852539,9.358263927771556,151.0501679731243,89.00791931152344,767.3776079218438
179842930538524902,2.1679999828338623,7.1698053741235235,144.23340697339353,106.19243621826172,896.2256259150583
179942930549169901,0.0,0.0,0.0,0.0,0.0
181142929703907301,0.0,0.0,0.0,0.0,0.0
181142930523877701,2.5,70.76418102297009,139.5982905982906,12.712064743041992,141.52835409050314
181142930527486402,1.6050419807434082,21.176860943611473,214.50325945241198,194.40432739257812,2520.046437197745
181242930509374402,0.0,0.0,0.0,0.0,0.0
181342930521827301,2.838235378265381,4.0476072561761915,114.60302701235238,32.254451751708984,275.2372903876928
181442930476085601,4.379310131072998,9.450370811926105,100.04962833406209,56.524635314941406,274.0607466070111
181442930543003101,0.0,0.0,0.0,0.0,0.0
181642930464002802,0.0,0.0,0.0,0.0,0.0
181742930531711401,0.0,0.0,0.0,0.0,0.0
182242930537956102,0.0,0.0,0.0,0.0,0.0
182342929012808301,0.0,0.0,0.0,0.0,0.0
182342930541689202,0.0,0.0,0.0,0.0,0.0
182442930456071301,0.0,0.0,0.0,0.0,0.0
182942930469857701,0.0,0.0,0.0,0.0,0.0
183042930475213801,4.081632614135742,15.564360423486088,172.36252045826515,79.64189910888672,762.6536479144556
183042930517930602,0.0,0.0,0.0,0.0,0.0
183042930530573402,0.0,0.0,0.0,0.0,0.0
183142930518918701,4.461538314819336,5.360070067025274,81.31557377049181,23.149808883666992,139.36182053362737
183542930509064901,0.0,47.899510806074765,47.899532710280376,3.387058973312378,47.899510806074765
183642930531972901,2.0,9.443906574047888,9.44343891402715,1.251836895942688,9.443906574047888
183742930525710802,3.799999952316284,10.683189936219652,123.74658573596358,63.494197845458984,427.3275836704353
183742930527080001,7.142857074737549,4.2857117213033575,80.36422699811826,23.543638229370117,209.99987169258003
184142930507781401,5.818181991577148,11.119291968291192,102.1468189233279,17.288679122924805,244.62442069497038
184242930458791701,7.354838848114014,23.351213513707823,289.32361963190186,79.31982421875,723.8876375947262
184442930455796202,0.0,0.0,0.0,0.0,0.0
184442930517219702,0.0,0.0,0.0,0.0,0.0
184442930544068301,0.0,0.0,0.0,0.0,0.0
184542930473060602,0.0,0.0,0.0,0.0,0.0
184542930521086801,0.0,0.0,0.0,0.0,0.0
184642930462171501,0.0,0.0,0.0,0.0,0.0
184642930524539701,0.0,0.0,0.0,0.0,0.0
184742929839739802,0.0,0.0,0.0,0.0,0.0
184842929021081301,0.0,0.0,0.0,0.0,0.0
184842930463990202,0.0,0.0,0.0,0.0,0.0
185242930475044302,0.0,9.904408237390351,28.05263157894737,4.022597312927246,79.23526441005238
185242930508862201,0.0,0.0,0.0,0.0,0.0
185242930549979501,0.0,0.0,0.0,0.0,0.0
185342930472893601,1.5545454025268555,11.85005049272017,207.4943181818182,150.02203369140625,1303.5056265050714
185342930542156801,0.0,0.0,0.0,0.0,0.0
185442930539869301,3.7083332538604736,4.747789405548526,59.797741224987114,13.35982894897461,113.9469497119695
185642930527158702,0.0,0.0,0.0,0.0,0.0
185742930316791302,0.0,0.0,0.0,0.0,0.0
185742930531538401,4.0,10.498901004795615,133.36560858643526,34.272552490234375,388.4593398256862
185942930529803701,4.489361763000488,23.0116734375,273.6288,87.55308532714844,1081.5486811401368
186242930525209502,0.0,0.0,0.0,0.0,0.0
186342930457277601,7.0,38.486994408444815,256.02341137123744,33.19828796386719,307.89596151269
186342930526904701,0.0,0.0,0.0,0.0,0.0
186442930519296301,3.1458332538604736,8.816488834566597,99.96670190274841,127.44395446777344,846.3829678823781
186442930549950901,2.0,3.0480441560324825,8.738901778808971,0.7536469101905823,9.144132694678074
186542930507655802,0.0,0.0,0.0,0.0,0.0
186742930451038602,0.0,0.0,0.0,0.0,0.0
186842930478135802,0.0,0.0,0.0,0.0,0.0
187042930475738102,0.0,0.0,0.0,0.0,0.0
187242930521653902,0.0,0.0,0.0,0.0,0.0
187442930519530002,0.0,0.0,0.0,0.0,0.0
187642930455584402,0.0,0.0,0.0,0.0,0.0
187642930527571602,0.0,0.0,0.0,0.0,0.0
187742930446810702,0.0,0.0,0.0,0.0,0.0
187742930459631002,0.0,0.0,0.0,0.0,0.0
187742930522129302,0.0,0.0,0.0,0.0,0.0
187742930531273002,0.0,0.0,0.0,0.0,0.0
187842930460474102,2.8350515365600586,8.101442278334147,131.86394723986322,115.26411437988281,785.839903236542
187842930463290001,0.0,0.0,0.0,0.0,0.0
187942930524637001,0.0,0.0,0.0,0.0,0.0
187942930528980602,0.0,0.0,0.0,0.0,0.0
188242929013166301,0.0,0.0,0.0,0.0,0.0
188242930464850202,78.0,0.3804675677350459,0.7614503816793893,0.05885292962193489,0.7609351354700918
188242930522584702,3.200000047683716,1.8686435041756466,5.275431034482758,1.6275370121002197,9.34321781026906
188342930526586002,0.0,0.0,0.0,0.0,0.0
188442930457576502,7.090909004211426,12.702821400772601,111.02214022140221,24.843233108520508,279.46206285328884
188442930534496402,0.0,0.0,0.0,0.0,0.0
188642929800356701,0.0,0.0,0.0,0.0,0.0
188742928316187402,5.199999809265137,11.94644500572644,105.82722513089006,16.79464340209961,119.46445133548757
188742930515997302,0.0,0.0,0.0,0.0,0.0
189142930445491702,0.0,0.0,0.0,0.0,0.0
189242928087944401,0.0,0.0,0.0,0.0,0.0
189442930529519802,0.0,0.0,0.0,0.0,0.0
189442930532402802,0.0,0.0,0.0,0.0,0.0
189542930532566802,0.0,0.0,0.0,0.0,0.0
189742927986105002,4.776119232177734,8.359634336099585,153.7941908713693,71.16036224365234,560.0955092117499
189742930517890202,0.0,0.0,0.0,0.0,0.0
189942930526846502,0.0,0.0,0.0,0.0,0.0
191142930477001502,0.0,0.0,0.0,0.0,0.0
191242928823204201,0.0,0.0,0.0,0.0,0.0
191342930457253501,0.0,0.0,0.0,0.0,0.0
191342930516577602,0.0,0.0,0.0,0.0,0.0
191342930525032501,0.0,0.0,0.0,0.0,0.0
191342930539983202,0.0,0.0,0.0,0.0,0.0
191342930541755801,0.0,0.0,0.0,0.0,0.0
191442930462855702,0.0,0.0,0.0,0.0,0.0
191442930542916701,2.540740728378296,4.54429202779833,218.00504703519712,102.09510803222656,613.479411423452
191942930462739701,0.0,0.0,0.0,0.0,0.0
191942930517330601,0.0,0.0,0.0,0.0,0.0
192042930472522002,3.6500000953674316,4.081774245909153,56.566811515480715,13.365692138671875,81.63548742850665
192442930528707601,0.0,0.0,0.0,0.0,0.0
192542930545880701,0.0,0.0,0.0,0.0,0.0
192642930462426001,1.5392156839370728,7.98713352733109,97.63350785340315,94.35322570800781,814.6876180340186
192642930466614901,0.0,0.0,0.0,0.0,0.0
192642930517070502,3.56862735748291,26.56179549441268,478.7817047817048,0.0,1354.6515354148564
193142928888081701,3.9540228843688965,7.033308675351953,173.6705267938238,104.12258911132812,611.8978560626994
193142930516186502,0.0,0.0,0.0,0.0,0.0
193242929947863901,0.0,0.0,0.0,0.0,0.0
193242930529969302,0.0,0.0,0.0,0.0,0.0
193442930518696401,0.0,0.0,0.0,0.0,0.0
193842928176142301,0.0,0.0,0.0,0.0,0.0
193842930534095702,0.0,0.0,0.0,0.0,0.0
193942930458399401,0.0,0.0,0.0,0.0,0.0
194042929309310102,0.0,0.0,0.0,0.0,0.0
194242929166198701,0.0,0.0,0.0,0.0,0.0
194242930531402601,0.0,0.0,0.0,0.0,0.0
194342930525935501,4.387499809265137,10.503876934235977,268.64015473887815,71.24169158935547,840.3101765368109
194542930544892701,0.0,0.0,0.0,0.0,0.0
194642930461157702,3.375,13.335086396155736,55.57725374600835,10.55706787109375,106.68069332819024
194642930462519702,0.0,0.0,0.0,0.0,0.0
194642930545150301,0.0,0.0,0.0,0.0,0.0
194642930546396201,0.0,0.0,0.0,0.0,0.0
194742930533156002,4.099999904632568,6.129777182633628,44.898148148148145,6.756617069244385,61.29776999765775
194742930548711401,0.0,0.0,0.0,0.0,0.0
194842930528510301,0.0,0.0,0.0,0.0,0.0
194842930532490002,3.8275861740112305,4.953168238307739,72.60819704826486,26.58192253112793,143.64188292799693
195142930450872301,0.8888888955116272,17.125137414199916,20.696267696267697,29.233993530273438,154.12622918677607
195142930540612502,0.0,0.0,0.0,0.0,0.0
195342928779164901,0.0,0.0,0.0,0.0,0.0
195442930454031802,0.0,0.0,0.0,0.0,0.0
195742929321180801,0.0,0.0,0.0,0.0,0.0
195742929476628902,0.0,0.0,0.0,0.0,0.0
195742930478077902,0.0,0.0,0.0,0.0,0.0
195942930456866702,0.0,0.0,0.0,0.0,0.0
195942930473561901,2.3603603839874268,5.4226039103898565,102.80639666919001,108.79596710205078,601.9090251642858
195942930532109202,0.0,0.0,0.0,0.0,0.0
196042930540599302,4.866666793823242,7.654672592971184,34.3042575285566,15.127741813659668,114.82008612168293
196242930528428102,1.163265347480774,11.52805493906109,132.02106530243756,71.14239501953125,1129.7493394673177
196242930528957301,3.4561402797698975,4.521720445855944,98.49037987173162,46.52157211303711,257.7380599599197
196442930527100201,0.0,0.0,0.0,0.0,0.0
196542930536473202,0.0,0.0,0.0,0.0,0.0
196642930516978601,4.586666584014893,7.01982649728886,510.4613867893526,74.18599700927734,526.4869673249755
196842930540591201,0.0,0.0,0.0,0.0,0.0
196942929885937002,0.0,0.0,0.0,0.0,0.0
197142928135571602,0.0,9.221462001741486,35.972136222910216,18.818429946899414,165.98631637384278
197142930526756002,0.0,0.0,0.0,0.0,0.0
197142930529403302,2.04137921333313,9.508657466262468,182.83004107177783,89.99559020996094,1378.7553194949894
197242930518932201,0.0,0.0,0.0,0.0,0.0
197342930455782501,2.0,1.1278018799710774,1.1279826464208242,0.20718859136104584,1.1278018799710774
197342930462733702,0.0,271.1429981203008,271.143045112782,11.589258193969727,271.1429981203008
197542929575341802,2.7272727489471436,7.494624716992374,145.86352081347314,64.230712890625,329.7634818274368
197642930528232101,0.0,0.0,0.0,0.0,0.0
197742930548902501,0.0,0.0,0.0,0.0,0.0
197942929165986602,0.0,0.0,0.0,0.0,0.0
197942930508734101,0.0,0.0,0.0,0.0,0.0
197942930541585801,0.0,0.0,0.0,0.0,0.0
198142930550292001,0.0,0.0,0.0,0.0,0.0
198542930542434002,0.0,0.0,0.0,0.0,0.0
198742930458981302,0.0,0.0,0.0,0.0,0.0
198942930550515102,0.0,0.0,0.0,0.0,0.0
199042930461844201,0.0,0.0,0.0,0.0,0.0
199042930548544802,0.0,0.0,0.0,0.0,0.0
199142930541839502,6.199999809265137,15.294314451509512,97.09511993382961,14.278376579284668,152.94314310154311
199242930451638001,5.300000190734863,19.836871725975435,68.22218208092485,10.40438461303711,198.3687166423467
199242930462005002,0.0,0.0,0.0,0.0,0.0
199542930509304402,3.5,9.214451834744013,18.428984310487202,1.5471962690353394,18.42890427429552
199542930510230901,3.2574257850646973,7.85356469388354,182.43008922282226,84.36471557617188,793.2099923418004
199642930454548302,0.0,0.0,0.0,0.0,0.0
199742930449773702,0.0,0.0,0.0,0.0,0.0
199842929126793302,0.0,0.0,0.0,0.0,0.0
199942930530867601,0.0,0.0,0.0,0.0,0.0
201242930477969001,0.0,0.0,0.0,0.0,0.0
201442930467818102,0.0,0.0,0.0,0.0,0.0
201542929584070601,0.0,0.0,0.0,0.0,0.0
201542930518523202,0.0,0.0,0.0,0.0,0.0
201842927928402701,0.0,34.07115656407035,34.07035175879397,0.0,34.07115656407035
201942930541697001,3.278350591659546,33.41337932537554,362.44742489270385,147.82130432128906,3241.097871463186
202142930527320702,0.0,0.0,0.0,0.0,0.0
202442930546098002,0.0,0.0,0.0,0.0,0.0
202542927928301302,3.9066667556762695,8.786811916307471,132.79870689655172,69.45427703857422,659.0109092054696
202542930519452201,3.0374999046325684,25.585035165528502,481.249406175772,126.98705291748047,2046.8028814107392
202642928676362302,4.083333492279053,8.633185539667897,85.43321033210331,12.59221363067627,103.59822813364852
202642930461705002,0.0,0.0,0.0,0.0,0.0
202642930475655402,0.0,0.0,0.0,0.0,0.0
202742928043675701,0.0,0.0,0.0,0.0,0.0
202842928570580602,7.0,2.1723456273423722,8.220017636684304,1.016526460647583,8.689382778483933
203042930545739702,0.0,0.0,0.0,0.0,0.0
203442930479279901,0.0,0.0,0.0,0.0,0.0
203542930446366902,0.0,0.0,0.0,0.0,0.0
203542930476118802,0.0,0.0,0.0,0.0,0.0
203642930519858202,3.4814815521240234,25.234392603650292,375.2356917530419,71.50581359863281,681.3285820296134
203742930456700602,6.75,8.781307195293644,33.710378117457765,3.989980459213257,35.125228191937346
203842930508275702,5.519999980926514,15.992577015269886,177.81363636363636,93.72408294677734,399.814431453293
203842930509485801,1.005050539970398,15.513734319493784,1157.1758436944938,121.21669006347656,3071.7194891251215
203842930547535202,0.0,0.0,0.0,0.0,0.0
203942928119349601,0.0,0.0,0.0,0.0,0.0
204042928042145401,0.0,0.0,0.0,0.0,0.0
204042930475363702,0.0,0.0,0.0,0.0,0.0
204042930542899602,0.0,0.0,0.0,0.0,0.0
204342930461193302,0.0,0.0,0.0,0.0,0.0
204542930457014502,0.0,13.84046175007832,0.0,115.68643188476562,1190.2797457807344
204542930524947501,0.0,0.0,0.0,0.0,0.0
204642930475134001,0.0,0.0,0.0,0.0,0.0
204842930342747201,3.259615421295166,137.84649188701923,4787.282051282052,119.00244140625,14336.034589903476
204842930388638301,3.230769157409668,4.678127162984281,20.5102457150143,7.06126070022583,60.8156530743264
204842930534921901,0.0,0.0,0.0,0.0,0.0
205042930456457801,0.0,0.0,0.0,0.0,0.0
205042930531009601,0.0,0.0,0.0,0.0,0.0
205142930518281701,0.0,0.0,0.0,0.0,0.0
205242930462843402,2.605041980743408,7.830507604351688,166.93490230905863,99.28778839111328,931.8304366547092
205242930471668002,0.0,0.0,0.0,0.0,0.0
205242930533677402,0.0,0.0,0.0,0.0,0.0
205242930549818802,1.954545497894287,10.471283671709129,101.64416135881105,131.7265167236328,691.1047118557486
205342930534423002,0.0,0.0,0.0,0.0,0.0
205342930549076202,4.4285712242126465,5.60131923500163,16.51516139550049,4.693108081817627,39.209236714674354
205442930451140102,4.588235378265381,8.373040099197745,213.8460537727667,46.75319290161133,284.6833531027345
205442930526065202,0.0,0.0,0.0,0.0,0.0
205642930474298101,1.9888888597488403,15.318552382927729,475.4376843657817,125.61844635009766,1378.6696797401855
205842928288536202,0.0,0.0,0.0,0.0,0.0
205842928932735101,2.410959005355835,6.7641464794016,501.4510731174973,96.22290802001953,987.5654161595656
205842930534884102,0.0,0.0,0.0,0.0,0.0
205942930459277902,0.0,0.0,0.0,0.0,0.0
206142930464701102,0.0,0.0,0.0,0.0,0.0
206242929321374401,3.450704336166382,13.099799923780488,182.88455284552845,100.4046401977539,930.0858169268787
206242929476530502,5.777777671813965,6.2872433191917425,38.74667599720084,19.31112289428711,113.1703857411197
206242930461224402,9.0,8.07343987728219,31.449071108263933,14.092391967773438,64.58752140335973
206242930528713001,0.0,0.0,0.0,0.0,0.0
206242930529600601,0.0,0.0,0.0,0.0,0.0
206442930526147401,0.0,0.0,0.0,0.0,0.0
206542930541423001,0.0,0.0,0.0,0.0,0.0
206742929927339802,3.95652174949646,17.01816378818469,317.1376404494382,103.963134765625,1174.2533411738577
206842930463599601,0.0,0.0,0.0,0.0,0.0
206842930517947502,0.0,0.0,0.0,0.0,0.0
207142930449579901,0.0,0.0,0.0,0.0,0.0
207142930510244802,0.0,0.0,0.0,0.0,0.0
207442930507714902,0.0,0.0,0.0,0.0,0.0
207542929839789102,5.900000095367432,9.391500602839288,90.51392473848662,25.7131404876709,187.83000220625382
207742930475609901,3.120689630508423,11.647780778580517,158.56125045438023,55.945594787597656,675.5712649817901
207742930533085401,0.0,0.0,0.0,0.0,0.0
208042930515529002,0.7986577153205872,5.678138011750087,72.19951168468782,117.021728515625,846.0425757257457
208042930528313102,0.0,0.0,0.0,0.0,0.0
208042930542384402,0.0,0.0,0.0,0.0,0.0
208142930527700802,0.0,0.0,0.0,0.0,0.0
208342930460922602,0.0,0.0,0.0,0.0,0.0
208442930509150801,85.0,1.3203043113275847,1.3201936376210235,0.18301694095134735,1.3203043113275847
208442930533643502,0.0,0.0,0.0,0.0,0.0
208542930454276302,0.45370370149612427,6.335141813137214,257.4536958368734,130.75743103027344,1368.3906729511011
208642930448971302,1.4404761791229248,3.8408344408437713,967.8909602874065,222.79830932617188,967.8903087956406
208742930459881901,3.628865957260132,7.543026156228988,158.0151762558832,90.62338256835938,731.6735634492782
208742930526452502,3.370370388031006,7.11808917273773,50.93251533742331,25.72410774230957,192.18840381996765
209142930342804001,0.0,0.0,0.0,0.0,0.0
209242930452690302,0.0,0.0,0.0,0.0,0.0
209342930470808201,3.75,9.981825011869821,176.29765193370164,33.067230224609375,479.12760950583777
209642930542527302,0.0,0.0,0.0,0.0,0.0
209742930473717902,0.8765432238578796,16.40200081447188,229.239780521262,109.01850891113281,1328.5620520650605
209742930516270101,0.0,0.0,0.0,0.0,0.0
209942930547042502,0.0,0.0,0.0,0.0,0.0
211142930550015701,4.0,13.75158663214492,250.85450346420322,103.96443176269531,866.3499332806805
211242930465105802,4.09375,28.95934274655963,435.42988204456094,91.57429504394531,926.6989809888687
211542929160935901,0.0,0.0,0.0,0.0,0.0
211642928614409302,0.0,0.0,0.0,0.0,0.0
211642930452905601,0.0,0.0,0.0,0.0,0.0
211642930463091102,0.0,0.0,0.0,0.0,0.0
211642930542496201,0.0,0.0,0.0,0.0,0.0
211742929160847802,0.0,0.0,0.0,0.0,0.0
211742930289750601,0.0,0.0,0.0,0.0,0.0
211742930471091801,0.0,0.0,0.0,0.0,0.0
212042928921270801,0.0,0.0,0.0,0.0,0.0
212342930448223102,0.0,0.0,0.0,0.0,0.0
212442930454093601,0.0,0.0,0.0,0.0,0.0
212542930461335402,0.0,0.0,0.0,0.0,0.0
212642930477761102,0.0,0.0,0.0,0.0,0.0
212842928258040302,0.931506872177124,5.609418666333149,72.13441898978746,59.92378234863281,409.4875708718738
213042930479540402,267.0,16.626333201082897,16.62621359223301,2.6189379692077637,16.626333201082897
213042930480513401,0.0,0.0,0.0,0.0,0.0
213342930450456101,0.0,0.0,0.0,0.0,0.0
213342930472590701,0.0,0.0,0.0,0.0,0.0
213442930525710701,0.0,0.0,0.0,0.0,0.0
213542930520818802,0.0,0.0,0.0,0.0,0.0
213642930525015001,9.5,29.776302589980546,37.12062256809339,7.082449436187744,59.55260517996109
213642930529319202,0.0,0.0,0.0,0.0,0.0
213742930448749601,0.0,0.0,0.0,0.0,0.0
213942930527571901,3.84883713722229,10.702972787633305,136.58162428219853,220.08819580078125,920.4556486295617
213942930549045802,3.0999999046325684,55.13708077138066,359.83957518166574,139.806396484375,551.3707946129123
214042930461938401,3.9772727489471436,4.416234153664545,84.57873126668035,49.78254699707031,194.31429400255098
214042930533285602,0.0,0.0,0.0,0.0,0.0
214242930476777102,2.8481013774871826,3.6684416330126144,110.13611790449221,53.53642654418945,289.8068938425324
214342930528543402,7.25,13.355264692164178,43.120081411126186,10.130416870117188,53.42105852020968
214542930463014801,0.0,0.0,0.0,0.0,0.0
214642930541063701,0.0,0.0,0.0,0.0,0.0
214742930464176902,6.689655303955078,15.81788984892384,263.95761589403975,48.57090759277344,458.7188062048906
214742930518803202,2.8636362552642822,10.70895302925299,85.03676685147359,81.09529876708984,471.19395160146314
214742930529008801,3.8235294818878174,8.489703413794762,168.1569118213323,260.86322021484375,721.624769531767
214942929249151201,3.702702760696411,11.280527132157859,246.23059915984965,59.915733337402344,417.3795070745184
214942930521792701,0.0,0.0,0.0,0.0,0.0
214942930539115801,1.0,51.86807949386245,51.86800067260804,10.092679023742676,51.86807949386245
215242930508075102,0.0,0.0,0.0,0.0,0.0
215242930532660101,0.0,0.0,0.0,0.0,0.0
215342930457772202,0.0,0.0,0.0,0.0,0.0
215342930535908602,0.0,0.0,0.0,0.0,0.0
215642930509549502,3.7058823108673096,11.177819293478262,149.92851879145172,17.416709899902344,190.02293226204117
215742930515530701,0.0,0.0,0.0,0.0,0.0
215842928087914902,0.0,0.0,0.0,0.0,0.0
215842930474952702,4.333333492279053,19.198883975229933,50.17391304347826,3.2125041484832764,57.59665315047555
215942930472937802,0.0,0.0,0.0,0.0,0.0
215942930534226501,3.1666667461395264,13.475556708077514,60.17498081350729,12.743951797485352,80.85334058806976
216042930517885901,0.0,0.0,0.0,0.0,0.0
216042930525548201,0.0,0.0,0.0,0.0,0.0
216042930549546702,0.0,0.0,0.0,0.0,0.0
216142930529762501,0.0,0.0,0.0,0.0,0.0
216142930533879302,0.0,0.0,0.0,0.0,0.0
216242930462445402,3.4237287044525146,8.281833932581266,113.133875106929,49.594905853271484,488.6281942395291
216242930539128802,4.121951103210449,6.369723289531372,113.01013250194856,44.39899444580078,261.15865131178964
216342930464379001,0.0,0.0,0.0,0.0,0.0
216542930527751801,0.0,0.0,0.0,0.0,0.0
216742930473831902,0.0,0.0,0.0,0.0,0.0
216742930527214301,0.0,0.0,0.0,0.0,0.0
217142928739711201,0.0,0.0,0.0,0.0,0.0
217142930464930701,2.4237287044525146,5.187832759818867,137.50502152080344,33.0538444519043,306.08213133517773
217242930462792202,0.0,0.0,0.0,0.0,0.0
217242930523998102,0.0,0.0,0.0,0.0,0.0
217342930452353601,0.0,0.0,0.0,0.0,0.0
217342930461880202,3.0253164768218994,5.123010005326265,193.16845860377546,94.0554428100586,404.7177969550718
217342930474375302,0.0,0.0,0.0,0.0,0.0
217442930510769402,2.7333333492279053,2.746920047278979,10.738543939694505,4.891189098358154,41.20379993428883
217642930478744201,0.0,0.0,0.0,0.0,0.0
217742930478248501,0.0,0.0,0.0,0.0,0.0
217842930542664701,3.1518986225128174,4.279421537801915,95.85925396598542,45.67000198364258,338.0742993256527
218142930548310601,0.0,0.0,0.0,0.0,0.0
218442927995017401,0.0,0.0,0.0,0.0,0.0
218542930447738002,1.0,9.047163828794682,9.047174762376814,0.848298966884613,9.047163828794682
218642930516546502,0.0,0.0,0.0,0.0,0.0
218742928694273101,5.30555534362793,13.156274788019694,133.70984682713348,76.1328353881836,473.6258964288156
218842929013215201,0.0,0.0,0.0,0.0,0.0
218942930515688402,2.859649181365967,4.824142399630216,112.49004226096143,87.21184539794922,549.952219566188
219142930460880402,0.0,0.0,0.0,0.0,0.0
219142930540645401,0.0,0.0,0.0,0.0,0.0
219342930184422702,0.0,0.0,0.0,0.0,0.0
219342930461496201,0.0,0.0,0.0,0.0,0.0
219342930479864602,0.0,0.0,0.0,0.0,0.0
219642930519637602,0.0,0.0,0.0,0.0,0.0
219742930532576901,0.0,0.0,0.0,0.0,0.0
219742930533665601,2.6666667461395264,5.31882262505906,23.30711079612568,16.749736785888672,79.78233750323271
219842930546832202,0.0,0.0,0.0,0.0,0.0
219942930478109202,0.0,0.0,0.0,0.0,0.0
219942930526327501,0.0,0.0,0.0,0.0,0.0
221142930546480202,0.0,0.0,0.0,0.0,0.0
221242930525006201,0.0,0.0,0.0,0.0,0.0
221542930460197101,0.0,0.0,0.0,0.0,0.0
221542930530640802,4.0,10.610687190511243,129.91755888650962,61.86854934692383,360.7633625006012
221542930541745402,0.0,0.0,0.0,0.0,0.0
221642930455184701,0.0,0.0,0.0,0.0,0.0
221642930525763302,0.0,0.0,0.0,0.0,0.0
221742930526945402,0.0,0.0,0.0,0.0,0.0
221742930548772001,0.0,0.0,0.0,0.0,0.0
221842930543068801,0.0,0.0,0.0,0.0,0.0
221842930548629802,0.0,0.0,0.0,0.0,0.0
222242930544009002,3.2577319145202637,33.22090184411337,798.375,150.1638946533203,3222.4273471735246
222342930530148102,0.0,0.0,0.0,0.0,0.0
222442930529814102,4.0,8.614611802359033,63.497123130034524,19.832914352416992,146.44840169364483
222542930509430901,0.0,0.0,0.0,0.0,0.0
222542930542764902,0.0,0.0,0.0,0.0,0.0
222642930457658001,0.0,0.0,0.0,0.0,0.0
222742930520958001,0.0,0.0,0.0,0.0,0.0
222842930519131302,4.07692289352417,6.906585960276968,34.10932944606414,11.970101356506348,89.78561803967891
222942930524801801,0.0,0.0,0.0,0.0,0.0
223042930446533101,2.9279279708862305,7.195595962389381,157.16725663716815,115.8348617553711,798.7111321407082
223142930524586801,0.0,0.0,0.0,0.0,0.0
223242929687182701,0.0,0.0,0.0,0.0,0.0
223242930515474901,0.0,0.0,0.0,0.0,0.0
223242930522271402,3.4494380950927734,6.474965042178617,191.00481386392812,60.164005279541016,576.2718929281677
223542930509711401,0.0,0.0,0.0,0.0,0.0
223542930524943702,3.21052622795105,38.2219158496732,188.61365286855482,37.96623611450195,726.2164001686467
223742929259310802,1.8125,9.405915892891777,83.04344453064391,122.76405334472656,752.4732965296604
223942930510424802,0.0,0.0,0.0,0.0,0.0
224042928592854201,0.0,0.0,0.0,0.0,0.0
224042930519163101,0.0,0.0,0.0,0.0,0.0
224242930455491302,0.0,0.0,0.0,0.0,0.0
224342928021699402,0.0,0.0,0.0,0.0,0.0
224342930465361801,0.3636363744735718,8.10170696564115,106.26808785529715,80.1098403930664,623.8314229063593
224442930059407701,0.0,0.0,0.0,0.0,0.0
224442930465045101,0.0,0.0,0.0,0.0,0.0
224542930521392801,0.0,0.0,0.0,0.0,0.0
224542930535872302,0.0,0.0,0.0,0.0,0.0
224942930459667401,0.0,0.0,0.0,0.0,0.0
225042929800207601,0.0,0.0,0.0,0.0,0.0
225442930536192201,0.0,0.0,0.0,0.0,0.0
225542930526813002,0.0,0.0,0.0,0.0,0.0
225642928823251301,0.0,0.0,0.0,0.0,0.0
225742930542785202,0.0,0.0,0.0,0.0,0.0
225942930518197202,0.0,0.0,0.0,0.0,0.0
226142930510564702,0.0,0.0,0.0,0.0,0.0
226242930530711402,0.0,0.0,0.0,0.0,0.0
226442930530900801,0.0,0.0,0.0,0.0,0.0
226542930518849501,3.952380895614624,8.590783656159768,234.54114533205004,79.55204772949219,721.6258381668252
226642930455066701,0.0,0.0,0.0,0.0,0.0
226642930474481301,0.0,0.0,0.0,0.0,0.0
226642930541254802,0.0,0.0,0.0,0.0,0.0
226942930525434501,0.0,0.0,0.0,0.0,0.0
227042927979772501,4.087719440460205,18.422298120667243,185.39601386481803,157.9463653564453,1050.0710357454454
227042929704188102,2.3333332538604736,3.44301956348316,26.15989828733827,5.944642543792725,51.6452921376019
227042930459882702,3.629213571548462,10.124482582786754,269.6826107822748,85.23321533203125,901.0789470132532
227142930477466802,0.0,0.0,0.0,0.0,0.0
227242929127079502,0.0,0.0,0.0,0.0,0.0
227342929501640302,3.696969747543335,6.7218681469298245,54.10401002506266,46.896881103515625,221.82164472715002
227442930456397101,0.0,0.0,0.0,0.0,0.0
227442930476092802,0.0,0.0,0.0,0.0,0.0
227442930537540601,0.0,0.0,0.0,0.0,0.0
227542930142494701,0.0,0.0,0.0,0.0,0.0
227742929321159702,0.0,0.0,0.0,0.0,0.0
227742930541985201,4.0638298988342285,6.468169417388167,111.993746993747,72.94752502441406,304.0039644658766
227842930515700502,0.0,0.0,0.0,0.0,0.0
228042930508088301,3.4594595432281494,5.211246205979942,121.76306462559384,36.710594177246094,385.6322394847762
228042930509501002,0.0,0.0,0.0,0.0,0.0
228442930532044401,2.448979616165161,17.33222763368373,159.5789152955515,104.69654846191406,849.2791429016373
228442930535190902,0.0,0.0,0.0,0.0,0.0
228542930474401902,0.0,0.0,0.0,0.0,0.0
228742929800041902,0.0,0.0,0.0,0.0,0.0
228742930458562502,3.6626505851745605,5.719386677046264,143.60498220640568,63.585235595703125,474.709104776439
228842930530653801,0.0,0.0,0.0,0.0,0.0
228942930461646102,0.0,0.0,0.0,0.0,0.0
229142930460413102,0.0,0.0,0.0,0.0,0.0
229242929765863102,6.666666507720947,5.600923837965221,11.226881196164472,3.0911355018615723,16.8027711964692
229242930464650702,2.5631067752838135,8.706191697761193,79.08258706467662,121.44721984863281,896.737710227302
229342930448175602,0.0,0.0,0.0,0.0,0.0
229542930477542801,0.0,0.0,0.0,0.0,0.0
229842928130723801,0.0,0.0,0.0,0.0,0.0
229842930473204002,2.318681240081787,31.64778367312834,160.75454545454545,325.0660095214844,2879.94836955249
229942929839807701,0.0,0.0,0.0,0.0,0.0
231142929604407702,0.0,0.0,0.0,0.0,0.0
231242930518258301,0.0,37.05786034084344,37.0577700751011,2.8174569606781006,37.05786034084344
231442930468593002,0.0,0.0,0.0,0.0,0.0
231442930518389502,0.0,0.0,0.0,0.0,0.0
231542930471698101,0.0,0.0,0.0,0.0,0.0
231542930515932502,0.0,0.0,0.0,0.0,0.0
231542930531937402,0.0,0.0,0.0,0.0,0.0
231742930475459301,4.627450942993164,15.76117748330551,340.9332220367279,94.24334716796875,803.8200580011027
231942930516452801,0.0,0.0,0.0,0.0,0.0
231942930527300101,0.0,0.0,0.0,0.0,0.0
232042930546849802,0.0,0.0,0.0,0.0,0.0
232342930480521002,0.0,0.0,0.0,0.0,0.0
232442930455043601,0.0,0.0,0.0,0.0,0.0
232442930532909002,0.0,0.0,0.0,0.0,0.0
232542930522580802,0.0,0.0,0.0,0.0,0.0
232542930530980201,5.523809432983398,3.49780593000695,28.797868643576972,11.612552642822266,73.4539228894682
232742930531694702,0.0,0.0,0.0,0.0,0.0
232942930545939201,2.0405404567718506,17.942682672441194,326.449777495232,219.41294860839844,2655.517002619836
233042930530581602,0.0,0.0,0.0,0.0,0.0
233142930519507601,0.0,0.0,0.0,0.0,0.0
233142930545192801,0.0,0.0,0.0,0.0,0.0
233142930548538502,4.529411792755127,6.600866177779299,34.40306681270537,13.838478088378906,112.21472070668901
233242930448797601,0.0,0.0,0.0,0.0,0.0
233342930543064402,0.0,0.0,0.0,0.0,0.0
233442930516186401,0.0,0.0,0.0,0.0,0.0
233442930543210202,0.0,19.02444045608108,66.58445945945945,11.107878684997559,133.17108236776815
233542930464095302,0.0,0.0,0.0,0.0,0.0
233542930475867401,0.0,0.0,0.0,0.0,0.0
233742930548685602,0.0,0.0,0.0,0.0,0.0
233842930530354701,0.0,0.0,0.0,0.0,0.0
234042930476811801,6.75,4.544647404021281,13.104294478527608,1.9780597686767578,18.178589616085123
234042930480240401,0.0,0.0,0.0,0.0,0.0
234042930480645902,1.4473683834075928,5.237090414045629,28.592432635433294,106.20370483398438,597.0282971216764
234142930463876201,0.0,0.0,0.0,0.0,0.0
234142930516208801,0.0,0.0,0.0,0.0,0.0
234342930459315401,0.0,0.0,0.0,0.0,0.0
234342930534636802,0.0,0.0,0.0,0.0,0.0
234442930519488502,6.484848499298096,12.571903852982954,283.2465909090909,39.80016326904297,414.872840181264
234942930447392501,0.0,0.0,0.0,0.0,0.0
234942930528080102,0.0,14.794914139851485,87.14653465346535,27.759912490844727,872.8999591109776
235042928235935102,0.0,0.0,0.0,0.0,0.0
235042930459852101,0.0,0.0,0.0,0.0,0.0
235142930524357902,0.0,0.0,0.0,0.0,0.0
235142930532587302,0.0,0.0,0.0,0.0,0.0
235142930547606802,0.0,0.0,0.0,0.0,0.0
235442929488789901,0.0,13.087242736077481,0.0,124.84188079833984,785.2345542322734
235442930544367302,0.0,0.0,0.0,0.0,0.0
235542930546451802,3.482142925262451,10.786740941369265,118.10633648943919,58.97432327270508,604.0574792124282
235642930220797901,0.0,0.0,0.0,0.0,0.0
235642930469364202,0.0,0.0,0.0,0.0,0.0
235642930479363401,0.0,0.0,0.0,0.0,0.0
235642930522798702,3.5306122303009033,5.69914530895952,161.51136015677628,80.15606689453125,558.5162571347478
235842929839691602,0.0,0.0,0.0,0.0,0.0
235942930455679801,4.0,56.97301993534483,113.91637931034482,23.255399703979492,113.94603313577586
236042930457786301,2.5,7.254650337297355,11.530716723549489,0.8925376534461975,14.50930067459471
236042930547778101,3.973684310913086,5.8601832716782365,121.57435147972232,79.6080551147461,445.3739422528814
236142930544684002,0.0,0.0,0.0,0.0,0.0
236242930471200901,0.0,0.0,0.0,0.0,0.0
236242930474371601,0.0,0.0,0.0,0.0,0.0
236342930546254302,0.0,0.0,0.0,0.0,0.0
236442930449556802,4.0459771156311035,12.305586003620462,244.78107955614067,144.44264221191406,1070.5860058424144
236642930530457701,0.0,0.0,0.0,0.0,0.0
236642930543830802,3.009345769882202,7.953117074770442,157.38345430695233,117.60660552978516,850.9835040099057
236742930543645202,0.0,0.0,0.0,0.0,0.0
237142930537923602,4.818181991577148,11.177014680835308,53.28909952606635,7.1304612159729,122.94715724963147
237142930541491901,0.0,0.0,0.0,0.0,0.0
237442928235852702,1.0128204822540283,5.427950880914563,110.370381207156,33.84507369995117,423.38017301777893
237642930510191802,4.44444465637207,4.90958380491281,70.3755868544601,62.31352233886719,220.93128005764828
237642930536276402,0.0,0.0,0.0,0.0,0.0
237742930540437102,0.0,0.0,0.0,0.0,0.0
237742930543536302,0.0,0.0,0.0,0.0,0.0
238042929765913402,0.0,0.0,0.0,0.0,0.0
238042930508527402,0.0,0.0,0.0,0.0,0.0
238142930518014401,0.6774193644523621,7.4660464753724005,31.099775154581227,33.956138610839844,231.4474437516884
238242930459729901,4.17391300201416,16.14023806014151,241.77358490566039,89.29629516601562,1113.676450225542
238242930479484202,0.0,0.0,0.0,0.0,0.0
238342930549815502,0.0,0.0,0.0,0.0,0.0
238442930451793002,0.0,0.0,0.0,0.0,0.0
238742930478203001,0.0,0.0,0.0,0.0,0.0
238742930547727901,0.0,0.0,0.0,0.0,0.0
239242930462518401,3.4426229000091553,11.043355473340188,151.84253819036428,72.13638305664062,673.644654508203
239242930463967601,0.0,0.0,0.0,0.0,0.0
239242930528882101,2.4375,11.765161325049213,248.9763779527559,60.260040283203125,1129.4554724415457
239242930549135202,2.090909004211426,4.734221823200149,44.702127659574465,37.21579360961914,260.38219530991785
239342930518492102,5.71999979019165,13.204520512253664,626.533602829712,47.21429443359375,660.226044684242
239442929921990602,6.599999904632568,8.940372856665677,91.03919239904988,21.386003494262695,178.80745985162514
239442930531431601,4.0,7.042890817426108,88.63152709359606,17.374540328979492,176.07227287104564
239542930541650302,0.0,325.55539525261327,96.83275261324042,17.795568466186523,325.55539525261327
239842930456653101,0.3186813294887543,8.849756780660377,76.94272237196766,88.4507827758789,805.3278425755205
239842930527482101,4.0,0.5542188814437611,0.5542806707855251,0.11639737337827682,0.5542188814437611
239942930455010102,0.0,0.0,0.0,0.0,0.0
239942930541439502,0.0,0.0,0.0,0.0,0.0
241142928603062201,0.0,0.0,0.0,0.0,0.0
241142928726332101,0.0,0.0,0.0,0.0,0.0
241142930465417902,0.0,0.0,0.0,0.0,0.0
241142930524075202,0.0,0.0,0.0,0.0,0.0
241242930534408101,0.0,0.0,0.0,0.0,0.0
241442930516032402,0.0,0.0,0.0,0.0,0.0
241442930528886802,0.0,0.0,0.0,0.0,0.0
241542930547557702,0.0,0.0,0.0,0.0,0.0
241742930474208501,0.4864864945411682,8.673457405208804,221.41700587969245,112.38822174072266,962.7537693717838
241842930515814201,0.0,0.0,0.0,0.0,0.0
241942930509935501,0.0,0.0,0.0,0.0,0.0
241942930548691901,0.0,0.0,0.0,0.0,0.0
242242930528340102,0.0,0.0,0.0,0.0,0.0
242342930522564602,0.0,0.0,0.0,0.0,0.0
242542928159125602,3.2285714149475098,14.666267537390231,1341.4829857299671,103.67677307128906,1539.9580959436269
242942930508408802,0.0,0.0,0.0,0.0,0.0
242942930520106201,0.0,0.0,0.0,0.0,0.0
243042930316903701,3.97560977935791,5.217731591692662,124.76013790838942,25.24369239807129,213.92700124417124
243142930454432801,4.653846263885498,10.118214950372208,197.4805624483044,56.57556915283203,526.1471708856209
243342930517752501,0.0,0.0,0.0,0.0,0.0
243342930544502102,0.0,0.0,0.0,0.0,0.0
243442930475280302,0.0,0.0,0.0,0.0,0.0
243442930550673002,0.0,0.0,0.0,0.0,0.0
243542930453927802,2.1473684310913086,5.456660107911405,123.56940307898822,0.0,518.3827220283553
243642930459961602,2.6238532066345215,12.314569057699023,154.94064245810057,100.01022338867188,1342.2880200167608
243642930510568001,0.0,0.0,0.0,0.0,0.0
243742930531152501,0.0,0.0,0.0,0.0,0.0
243842930460171001,0.0,0.0,0.0,0.0,0.0
244042930472452202,0.0,0.0,0.0,0.0,0.0
244042930544339501,7.704545497894287,4.227749476481959,186.01855670103092,19.299161911010742,186.0209879211544
244142930476425802,4.438596725463867,6.059647483387213,132.4102011494253,31.214794158935547,345.39989263161846
244242929462816302,0.0,0.0,0.0,0.0,0.0
244342929341449002,3.427184581756592,16.555095253190444,262.27748691099475,130.75755310058594,1705.1748161016335
244342929801781202,0.0,0.0,0.0,0.0,0.0
244342930459751502,0.0,0.0,0.0,0.0,0.0
244342930460159502,0.0,0.0,0.0,0.0,0.0
244342930474676602,0.0,0.0,0.0,0.0,0.0
244342930520360501,4.199999809265137,8.779940319481998,82.84882121341492,14.277471542358398,131.69910191433303
244442930459439302,0.0,0.0,0.0,0.0,0.0
244442930462294302,0.0,0.0,0.0,0.0,0.0
244442930524266402,0.0,0.0,0.0,0.0,0.0
244542930518141302,2.86956524848938,9.127799267100977,125.65798045602605,41.752357482910156,419.87877144427625
244742928663965702,3.8235294818878174,27.723365913003178,339.74152542372883,45.44708251953125,942.5944113650564
244742930523922102,4.416666507720947,41.172026298415496,245.59154929577466,33.403167724609375,494.06429709850903
244742930529662601,0.0,0.0,0.0,0.0,0.0
244842928789946301,0.0,0.0,0.0,0.0,0.0
244842930462669801,0.0,0.0,0.0,0.0,0.0
244942930458206101,0.0,0.0,0.0,0.0,0.0
244942930480466202,15.0,3.3185599835661463,6.637105294048597,0.9024302959442139,6.637119967132293
245042930448990901,0.0,0.0,0.0,0.0,0.0
245642930524900701,0.0,0.0,0.0,0.0,0.0
245942930459583802,0.0,0.0,0.0,0.0,0.0
245942930474260601,0.0,0.0,0.0,0.0,0.0
246042930508095402,0.0,0.0,0.0,0.0,0.0
246042930546071401,0.0,0.0,0.0,0.0,0.0
246142930548556802,3.691176414489746,16.566948994948795,213.80763908109606,78.17461395263672,1126.5525406605973
246242930453999001,0.0,0.0,0.0,0.0,0.0
246642929820806302,0.0,0.0,0.0,0.0,0.0
246842930535479401,0.0,0.0,0.0,0.0,0.0
246942930453237002,0.0,0.0,0.0,0.0,0.0
246942930525049001,0.0,0.0,0.0,0.0,0.0
247042930471770102,0.0,0.0,0.0,0.0,0.0
247042930477042902,0.0,0.0,0.0,0.0,0.0
247042930548138301,0.0,0.0,0.0,0.0,0.0
247142928726194001,3.0,7.268961195400563,25.94987922705314,4.195992946624756,29.07584556788446
247142930521840402,0.0,0.0,0.0,0.0,0.0
247142930527309001,3.3333332538604736,6.694967333389716,87.38849797023003,43.226036071777344,180.764121259759
247442930516618101,0.0,0.0,0.0,0.0,0.0
247542930455305002,0.0,0.0,0.0,0.0,0.0
247542930525796802,3.857142925262451,3.162710291790767,11.213104988830976,2.8206889629364014,22.138971060882817
247642930515817802,0.0,0.0,0.0,0.0,0.0
247642930526681902,0.0,0.0,0.0,0.0,0.0
247842930455165602,5.0,37.8513861036839,289.6488413547237,52.29785919189453,416.3652534326201
247842930531104201,0.6129032373428345,12.529268731988473,21.7492795389049,38.95882797241211,388.4073503300848
247942930516274002,0.0,0.0,0.0,0.0,0.0
248142930538291001,0.0,0.0,0.0,0.0,0.0
248242930509840102,0.0,0.0,0.0,0.0,0.0
248442930477943401,14.0,11.101154017246099,11.101149739939775,1.2868462800979614,11.101154017246099
248442930530739201,2.623762369155884,7.968801989196517,145.99194873480118,102.30416870117188,804.848992294126
248842930460261002,0.0,0.0,0.0,0.0,0.0
248842930476112602,0.0,0.0,0.0,0.0,0.0
248942930464579101,4.480000019073486,6.034063924120134,112.0200955361555,42.35082244873047,301.7031943946905
249142930461593201,1.4235293865203857,7.759125446129824,1938.79455721615,237.39939880371094,1978.5770317352485
249242930518300002,0.0,0.0,0.0,0.0,0.0
249342930507773402,0.0,0.0,0.0,0.0,0.0
249542930530366302,2.058823585510254,7.741266413136631,954.9578844270324,171.19810485839844,1052.8122633439027
249642930527520802,0.0,0.0,0.0,0.0,0.0
249642930539463702,0.0,0.0,0.0,0.0,0.0
249842929000335401,0.24637681245803833,20.220035676033266,370.2116935483871,204.59059143066406,1395.182425126914
249842930519587202,0.0,0.0,0.0,0.0,0.0
249942930532822402,3.6086957454681396,6.3317272881638305,66.69776501947919,12.69936466217041,145.6297275777085
251242930474606902,4.052631378173828,33.81862071951702,513.2319873317498,384.22064208984375,1927.661409397684
251342928108622702,0.0,0.0,0.0,0.0,0.0
251342930012280301,0.0,0.0,0.0,0.0,0.0
251342930517654102,0.0,0.0,0.0,0.0,0.0
251442930476629802,0.0,0.0,0.0,0.0,0.0
251542930535989801,4.60606050491333,7.08664074783805,58.29245283018868,26.32431983947754,233.8591480683552
251642930546482101,4.0,10.931927926788124,140.11673414304994,21.793729782104492,240.50240825544967
251742930542242702,0.0,0.0,0.0,0.0,0.0
251842930470777901,2.8504672050476074,9.562605023008118,236.64826017269013,141.59954833984375,1023.1987650556541
251942930447639201,0.0,0.0,0.0,0.0,0.0
252342930543445002,0.0,0.0,0.0,0.0,0.0
252442928725940202,0.0,0.0,0.0,0.0,0.0
252442930465818002,5.166666507720947,25.081188893457604,65.7719298245614,5.151907920837402,150.48713559156272
252442930528910601,0.0,0.0,0.0,0.0,0.0
252542928683993102,0.0,0.0,0.0,0.0,0.0
252542930480707601,1.873786449432373,9.312848469699023,315.1908893709328,156.84930419921875,959.2233833684838
252742928030399201,1.9190751314163208,4.086043574585384,500.6821578275925,80.05288696289062,706.8855642439869
252742929118680102,63.400001525878906,8.11962890625,40.59837799717913,2.241480588912964,40.59814565037134
252742930449925801,0.0,0.0,0.0,0.0,0.0
252742930454283301,6.0,4.968356838474026,4.968379446640316,0.6251190900802612,4.968356838474026
252742930548077501,0.0,0.0,0.0,0.0,0.0
252742930549312001,0.0,0.0,0.0,0.0,0.0
252842930457281702,2.9350650310516357,25.431941150311296,336.4494515268307,92.46668243408203,1958.2594331797316
252842930473606302,2.642857074737549,6.537644297463337,101.91954022988506,29.56639289855957,366.1080751449307
252842930515912101,0.0,0.0,0.0,0.0,0.0
253042930460311801,0.0,0.0,0.0,0.0,0.0
253342928921105802,0.0,0.0,0.0,0.0,0.0
253342930478229202,2.080808162689209,10.680797864785532,343.96288230281226,132.89808654785156,1057.3989892177042
253342930533526902,0.0,0.0,0.0,0.0,0.0
253542930460951801,0.0,0.0,0.0,0.0,0.0
253542930473454802,0.0,0.0,0.0,0.0,0.0
253642930474121701,0.0,257.05413900475884,257.0541683802362,39.8058967590332,257.05413900475884
253642930517892002,2.892561912536621,4.9505830001193605,186.44640725710192,88.04132080078125,599.0205191070181
253842930456207201,0.0,0.0,0.0,0.0,0.0
253842930462375002,0.0,0.0,0.0,0.0,0.0
253842930546890301,0.0,0.0,0.0,0.0,0.0
254042930520816602,0.0,0.0,0.0,0.0,0.0
254142930454477502,2.6521739959716797,10.526215874537282,170.20306716023268,37.53657531738281,484.2059532339014
254142930519710602,0.0,0.0,0.0,0.0,0.0
254142930541858601,1.2244898080825806,20.076468211206898,61.5816091954023,97.2288589477539,983.746966587812
254242930466965302,0.0,0.0,0.0,0.0,0.0
254242930530851801,4.758620738983154,6.870036560812114,90.68287037037037,23.93439483642578,199.2310657972171
254342930461275701,0.0,0.0,0.0,0.0,0.0
254442930456754501,3.3636362552642822,7.747324658360129,157.32442037569808,101.52279663085938,681.7645904830233
254442930525539801,0.869918704032898,8.667114033830275,169.30886850152905,178.3135986328125,1066.0550422006427
254642929249216101,0.0,0.0,0.0,0.0,0.0
254642930549295101,0.0,0.0,0.0,0.0,0.0
255042930547075401,0.0,0.0,0.0,0.0,0.0
255142930436090001,4.314285755157471,13.793308301903735,135.55028735632183,54.04846954345703,482.7657748748516
255142930463688201,4.625,9.863339298658934,83.00960492932222,36.307674407958984,473.44028468977154
255242927945047202,4.733333110809326,9.149846716772151,84.22061482820976,18.7991886138916,137.2477019320345
255342929021009101,0.0,0.0,0.0,0.0,0.0
255342930449499902,1.774193525314331,5.916599747430301,729.6807237397916,142.1579132080078,1100.4875059055296
255442930516645202,0.3658536672592163,12.63451836768617,5.427659574468085,77.29767608642578,518.0152537142977
255642930463932702,0.0,0.0,0.0,0.0,0.0
255742930534123101,2.6725664138793945,6.985565878378378,349.96,112.25370025634766,789.3689279865574
256042930518170701,0.0,9.751676119290865,0.0,52.7615966796875,312.05363949751245
256142930528386001,0.0,0.0,0.0,0.0,0.0
256242930463635002,0.0,0.0,0.0,0.0,0.0
256242930532496001,0.0,0.0,0.0,0.0,0.0
256342930459586501,0.0,0.0,0.0,0.0,0.0
256442930546114502,3.8965516090393066,10.29856837912612,214.89963747376456,104.11767578125,895.9754433612791
256742930518989901,5.4666666984558105,5.449985059376928,105.6533004318322,72.12490844726562,326.99911218157234
256742930523892702,0.0,0.0,0.0,0.0,0.0
256742930528824702,1.2000000476837158,3.505471240451702,58.219836400818,67.28353881835938,438.1839043470291
256842928043839301,0.0,0.0,0.0,0.0,0.0
257042928210580802,0.0,0.0,0.0,0.0,0.0
257042930459363701,0.75,68.98706180811809,275.9483394833948,52.926639556884766,275.9482584034825
257042930460144001,3.944444417953491,15.000308331614411,178.63916391639165,66.73729705810547,540.0110905933694
257442930527639402,3.5208332538604736,9.44599723332065,257.4925164890918,108.099609375,906.8157190054822
257542930531992402,0.0,0.0,0.0,0.0,0.0
257642930474949601,0.0,0.0,0.0,0.0,0.0
257742930463712801,0.0,0.0,0.0,0.0,0.0
257742930541837301,0.0,0.0,0.0,0.0,0.0
257842930448633102,0.0,0.0,0.0,0.0,0.0
257842930474322902,2.875,5.981059062088274,118.77364953886693,38.764705657958984,334.9393081494157
257842930525994302,0.0,0.0,0.0,0.0,0.0
257842930534388801,0.0,0.0,0.0,0.0,0.0
258242930521159301,3.67391300201416,9.207193812363105,150.67997079581406,92.76548767089844,847.0617970851657
258242930532428802,0.0,0.0,0.0,0.0,0.0
258342930457933401,3.885714292526245,9.503889309630102,300.365306122449,141.4757843017578,665.272252359819
258542930477109202,0.0,0.0,0.0,0.0,0.0
258542930528680001,0.0,0.0,0.0,0.0,0.0
258642929800141202,0.0,0.0,0.0,0.0,0.0
258742930449263202,0.0,0.0,0.0,0.0,0.0
258842930524132401,0.0,0.0,0.0,0.0,0.0
258942930455643301,0.0,0.0,0.0,0.0,0.0
259142930428343602,0.0,0.0,0.0,0.0,0.0
259242930521374202,0.0,0.0,0.0,0.0,0.0
259242930526590001,0.0,0.0,0.0,0.0,0.0
259242930542989201,0.0,0.0,0.0,0.0,0.0
259342927979570502,2.8924732208251953,12.889855849004425,147.59709931170107,110.7787094116211,1198.7566102387982
259542930549929202,4.363636493682861,14.469910672308416,84.9924776680771,8.784204483032227,159.16901343542474
259642929034814401,0.0,0.0,0.0,0.0,0.0
259642930546744502,3.8674697875976562,18.01665015763463,295.8609406952965,176.1378936767578,1495.3819871212077
259742930544586602,4.5,8.151395052820737,20.85166630363755,7.515208721160889,48.90836861522544
259942930526882402,3.3191490173339844,4.575179730414596,84.68166361496208,32.79179000854492,215.03344927525103
261142930455927801,0.0,0.0,0.0,0.0,0.0
261142930526174002,0.0,0.0,0.0,0.0,0.0
261242930519812601,3.4639174938201904,8.099339514536062,197.75081037277147,82.67922973632812,785.6359431979336
261342930550042501,0.0,0.0,0.0,0.0,0.0
261442930531207501,0.0,0.0,0.0,0.0,0.0
261542929903230801,5.0,27.21532371076233,50.43497757847533,4.699651718139648,54.43064654568386
261542930527398002,0.0,0.0,0.0,0.0,0.0
261642930534151601,5.807692527770996,11.332243907770682,154.3175182481752,36.542999267578125,294.63834921286923
261642930541661902,0.0,0.0,0.0,0.0,0.0
261742928043880601,0.0,0.0,0.0,0.0,0.0
262242930462873701,2.9761905670166016,8.900239963183731,162.30925666199158,97.89871215820312,747.6201625786523
262342930459644301,0.0,0.0,0.0,0.0,0.0
262342930541339301,0.0,0.0,0.0,0.0,0.0
262442930520993002,0.0,0.0,0.0,0.0,0.0
262542930537165501,0.0,0.0,0.0,0.0,0.0
262842930541577902,0.0,0.0,0.0,0.0,0.0
263042930458424401,1.1694915294647217,21.757264805202055,384.5702165661978,516.7127075195312,2567.357314320381
263242930458255702,0.0,0.0,0.0,0.0,0.0
263442930466846301,2.797297239303589,11.348485043174342,207.08157894736843,48.7622184753418,839.7879199178595
263442930521798901,0.0,0.0,0.0,0.0,0.0
263542930524815602,0.0,0.0,0.0,0.0,0.0
263642930517146502,3.7272727489471436,9.918428563191881,175.19926199261994,74.3717269897461,654.616295966539
263742930474811502,3.5,8.028229678354933,28.290133779264213,9.706596374511719,80.28229988378824
263942930474844501,0.0,0.0,0.0,0.0,0.0
264042930457452702,0.0,0.0,0.0,0.0,0.0
264142928135731901,0.0,0.0,0.0,0.0,0.0
264142929197899901,0.0,0.0,0.0,0.0,0.0
264242930469660601,0.0,0.0,0.0,0.0,0.0
264242930472909102,0.0,0.0,0.0,0.0,0.0
264442930528585602,0.0,0.0,0.0,0.0,0.0
264542929991113002,0.0,0.0,0.0,0.0,0.0
264642930550424401,0.0,0.0,0.0,0.0,0.0
264642930550565001,0.0,0.0,0.0,0.0,0.0
264742928243059901,0.0,0.0,0.0,0.0,0.0
264742929373243501,6.333333492279053,14.399144635881697,54.96875,7.977395057678223,86.39486650739397
264742930458813402,0.0,0.0,0.0,0.0,0.0
264842930468130001,0.0,0.0,0.0,0.0,0.0
264842930471898001,0.0,0.0,0.0,0.0,0.0
264942930461356002,0.0,0.0,0.0,0.0,0.0
265142930474007702,0.0,0.0,0.0,0.0,0.0
265342930525067001,0.0,0.0,0.0,0.0,0.0
265342930543016301,0.0,0.0,0.0,0.0,0.0
265842929476646701,0.0,0.0,0.0,0.0,0.0
265842930534545802,3.0,4.167337022883502,5.523516642547033,1.8964210748672485,8.334674399081946
265842930543162202,0.0,0.0,0.0,0.0,0.0
266042930454985302,4.441176414489746,19.717331265133172,357.6935700834006,30.80236053466797,670.38925500079
266042930524204401,2.5999999046325684,8.472614548961568,60.253493788819874,10.96849536895752,84.72614591610358
266042930541519002,0.0,0.0,0.0,0.0,0.0
266142928265489802,0.0,20.63200722308986,0.0,61.80337142944336,412.64014273867593
266442930454746502,0.0,0.0,0.0,0.0,0.0
266442930476981601,2.971153736114502,4.724395694322045,188.2999496411935,56.175472259521484,491.33715653662625
266542930469002501,0.0,0.0,0.0,0.0,0.0
266642930455716702,0.0,0.0,0.0,0.0,0.0
266742930526545901,11.0,9.909719403064106,19.819542502118047,1.7852766513824463,19.81943880612821
266942930451361702,1.4331797361373901,11.423104680493273,2478.8143497757846,242.4735107421875,2478.813756477459
266942930458448002,0.0,0.0,0.0,0.0,0.0
266942930546957102,2.9322032928466797,7.843774734842489,307.2060313439924,103.7149887084961,925.5654393155797
267042930522688401,0.0,0.0,0.0,0.0,0.0
267042930528033102,5.130434989929199,15.935779106326219,100.10518292682927,43.4177131652832,366.52291314194844
267142930451551001,0.0,0.0,0.0,0.0,0.0
267142930480320402,0.0,0.0,0.0,0.0,0.0
267342929197690602,0.0,0.0,0.0,0.0,0.0
267342930470650002,0.0,0.0,0.0,0.0,0.0
267342930528504901,0.0,0.0,0.0,0.0,0.0
267442930449858502,0.0,0.0,0.0,0.0,0.0
267442930519167501,4.116666793823242,71.83014289700255,891.8928571428571,89.49246978759766,4309.808558308348
267542930528558402,0.0,0.0,0.0,0.0,0.0
267542930536388401,0.0,0.0,0.0,0.0,0.0
267642929269363301,0.0,0.0,0.0,0.0,0.0
267742930530602901,0.0,0.0,0.0,0.0,0.0
268042930458333202,0.0,0.0,0.0,0.0,0.0
268142930316798501,3.8809523582458496,10.745972515120165,161.21597962756644,134.9373321533203,451.33085173564825
268242930476680702,0.0,0.0,0.0,0.0,0.0
268642930459538102,0.0,0.0,0.0,0.0,0.0
268742930518171302,0.0,0.0,0.0,0.0,0.0
268842930465034701,0.0,0.0,0.0,0.0,0.0
268842930547504902,3.1666667461395264,7.092813530975073,30.221896383186706,5.342307090759277,85.11376245373738
268942930468831801,3.43137264251709,4.661454724954967,134.66592767077734,77.00029754638672,475.4683868420889
269142930517279701,0.0,0.0,0.0,0.0,0.0
269542930465015202,0.3333333432674408,816.3885480572598,346.7126789366053,116.98507690429688,2449.1656761247446
269642930464550602,0.0,0.0,0.0,0.0,0.0
269742930448412001,3.4594595432281494,4.91447211630124,40.7128217349857,67.56694793701172,181.83546450026725
269742930461248501,0.0,0.0,0.0,0.0,0.0
269942928130694402,2.2162163257598877,6.042426269047324,329.8230921704658,70.13751983642578,447.13954611292445
269942929155481702,0.0,0.0,0.0,0.0,0.0
269942930526785002,0.0,0.0,0.0,0.0,0.0
269942930526875602,0.0,6.980477407468972,67.35017730496453,15.557515144348145,153.57050641377768
269942930529106301,0.0,0.0,0.0,0.0,0.0
271142930462946402,0.0,0.0,0.0,0.0,0.0
271242928684109501,0.0,0.0,0.0,0.0,0.0
271442930543173501,0.0,0.0,0.0,0.0,0.0
271442930548182901,0.0,0.0,0.0,0.0,0.0
271542928099579202,0.0,0.0,0.0,0.0,0.0
271542930519868601,0.0,32.032096016839375,0.0,6.209584712982178,64.06419203367875
271642930459031202,0.0,5.720326424612375,0.0,32.24404525756836,188.7707761690731
271642930462452902,0.0,0.0,0.0,0.0,0.0
271742930475173801,0.0,0.0,0.0,0.0,0.0
271742930508828202,3.5238094329833984,9.226922584852087,70.79793977812996,16.68537712097168,193.76537889257915
271942930459908702,0.0,0.0,0.0,0.0,0.0
272042930519339402,3.384615421295166,4.027107751329145,16.531013371999357,7.848916053771973,52.35240233322839
272042930529516901,1.012195110321045,5.393885924285139,60.820700765203384,42.302162170410156,442.29866692446626
272242928845210701,4.0,14.754405404957582,15.893955461293743,2.1562235355377197,29.50881184550636
272242930476204301,0.0,0.0,0.0,0.0,0.0
272342930526128902,0.0,0.0,0.0,0.0,0.0
272442930461241502,2.8712871074676514,5.812495494088243,85.22109007017207,85.77790069580078,587.0620351188356
272842930460178202,3.1041667461395264,2.94280948478476,41.66476991588323,21.613304138183594,141.25486286760417
272842930531914801,0.0,0.0,0.0,0.0,0.0
272942930522697701,0.0,0.0,0.0,0.0,0.0
273042930515730901,0.0,0.0,0.0,0.0,0.0
273042930524748101,0.0,0.0,0.0,0.0,0.0
273142930470689702,15.0,41.772509701273975,41.772441060184505,9.448118209838867,41.772509701273975
273142930533768001,0.0,0.0,0.0,0.0,0.0
273442930546731802,0.0,0.0,0.0,0.0,0.0
273542929989589602,0.0,0.0,0.0,0.0,0.0
273542930453669902,0.0,0.0,0.0,0.0,0.0
273542930542605502,0.0,0.0,0.0,0.0,0.0
273642930508767101,0.0,0.0,0.0,0.0,0.0
273642930533961901,0.0,0.0,0.0,0.0,0.0
273742930475146401,0.0,0.0,0.0,0.0,0.0
273842930518582102,0.0,0.0,0.0,0.0,0.0
274042928043842102,0.0,0.0,0.0,0.0,0.0
274042930533205801,0.0,0.0,0.0,0.0,0.0
274142930469864701,0.0,0.0,0.0,0.0,0.0
274242930457202402,4.0,8.221176461364777,153.8394380331159,72.75592041015625,517.9341263590658
274242930457849201,0.0,0.0,0.0,0.0,0.0
274242930545682101,0.0,0.0,0.0,0.0,0.0
274342930547205401,0.0,0.0,0.0,0.0,0.0
274542930448087501,0.0,0.0,0.0,0.0,0.0
274642930509549001,3.7191011905670166,7.344270871242449,150.5680908363054,130.9339141845703,653.640094704048
274742930507794401,0.0,0.0,0.0,0.0,0.0
274942930473043401,0.0,0.0,0.0,0.0,0.0
275042928135390702,0.7120000123977661,3.4045766813419718,163.58782782506808,165.491455078125,851.1441609925938
275042930517825101,3.6875,8.17978560216895,184.4253098499674,62.919918060302734,523.506290184464
275242929861334501,13.0,200.1626721170396,200.16282271944922,23.798002243041992,200.1626721170396
275242930464028901,0.0,0.0,0.0,0.0,0.0
275442929613423202,0.0,0.0,0.0,0.0,0.0
275442930464639801,5.0333333015441895,19.726210639312978,242.95419847328245,76.96343231201172,1183.5726391855997
275442930527084202,3.3809523582458496,4.621198737974809,71.63016959238323,14.481646537780762,97.04517026502296
275542930545852601,0.0,0.0,0.0,0.0,0.0
275742930548107602,0.0,0.0,0.0,0.0,0.0
275842928021779401,0.0,0.0,0.0,0.0,0.0
275842930519335401,0.0,0.0,0.0,0.0,0.0
275942930479575502,0.0,0.0,0.0,0.0,0.0
276042930464092201,0.0,0.0,0.0,0.0,0.0
276242930472097402,0.0,0.0,0.0,0.0,0.0
276642928042242301,0.0,0.0,0.0,0.0,0.0
276642929649295001,0.0,0.0,0.0,0.0,0.0
276742930527201601,4.486111164093018,11.06046375373821,144.3669197147458,67.67699432373047,796.3533847528215
276842929104948101,0.0,0.0,0.0,0.0,0.0
276842930525970802,0.0,0.0,0.0,0.0,0.0
276842930549490302,0.0,17.96506601422491,55.61827956989247,5.476626396179199,71.8602668324679
277242930457175502,0.0,0.0,0.0,0.0,0.0
277242930516254902,4.15625,6.127167824548811,194.24077112387204,21.97732162475586,196.06936729609527
277442930454145502,0.2949308753013611,5.840886881539951,122.47722736345492,133.672119140625,1267.4724874517804
277542930456323102,0.0,0.0,0.0,0.0,0.0
277542930473742702,0.0,0.0,0.0,0.0,0.0
277542930531233702,4.189655303955078,29.746484963290662,408.0436746987952,104.66261291503906,1725.2960946559906
277642929969542602,3.3428571224212646,9.612659752983186,252.63347495932018,84.12605285644531,1009.3293067036906
277742930525180201,0.0,0.0,0.0,0.0,0.0
277742930547603701,0.0,0.0,0.0,0.0,0.0
277842930518285201,0.0,0.0,0.0,0.0,0.0
278042930509677102,0.0,0.0,0.0,0.0,0.0
278242930455278201,0.0,0.0,0.0,0.0,0.0
278342928932688301,0.0,0.0,0.0,0.0,0.0
278442930473949402,2.567164182662964,26.31612034847862,256.9144736842105,117.22120666503906,1763.1801118897765
278642930515756102,0.0,0.0,0.0,0.0,0.0
278742930460003702,0.0,0.0,0.0,0.0,0.0
278842930477822401,0.0,0.0,0.0,0.0,0.0
278842930516981202,6.8222222328186035,21.78980783611461,344.3022670025189,61.87859344482422,980.5413556207037
278842930524592002,0.5,37.68980876865672,58.20995024875622,17.27098274230957,150.75923701803484
278942930525158501,2.8974359035491943,4.604109322642413,113.35686931546195,47.79195022583008,359.12051499842914
279142928086601001,0.0,0.0,0.0,0.0,0.0
279442930473480502,0.0,0.0,0.0,0.0,0.0
279642930453807602,5.090909004211426,10.950854252049181,96.85770491803278,19.456729888916016,120.45939208108871
279642930541353202,1.3833333253860474,22.992442591523748,248.2401055408971,82.43710327148438,1379.5465653527694
279742930525071701,8.853658676147461,4.815589703577605,197.4396887159533,24.889141082763672,197.43917612157443
279942930518740602,0.0,0.0,0.0,0.0,0.0
281142929642567301,0.0,0.0,0.0,0.0,0.0
281142930529025802,0.0,0.0,0.0,0.0,0.0
281342929684635902,0.0,0.0,0.0,0.0,0.0
281342930453948401,0.0,0.0,0.0,0.0,0.0
281342930534319302,0.0,9.711223323170731,0.0,56.145511627197266,466.1387198262098
281842930455480101,0.0,0.0,0.0,0.0,0.0
281842930478686702,0.0,0.0,0.0,0.0,0.0
281942930477643701,0.0,6.068807194079583,0.0,35.771236419677734,273.0963248064418
282042930457742102,0.0,0.0,0.0,0.0,0.0
282142930550607302,3.4375,6.353567864117269,119.9266327186434,81.9765396118164,609.9425202072324
282342930530675901,0.0,0.0,0.0,0.0,0.0
282442930450635301,0.0,0.0,0.0,0.0,0.0
282442930508133501,0.0,0.0,0.0,0.0,0.0
282542930524809801,0.0,0.0,0.0,0.0,0.0
282642930469586102,4.789473533630371,6.618421733810241,89.7921686746988,16.506099700927734,125.75001801927966
283142930479193502,0.0,0.0,0.0,0.0,0.0
283242930527502002,0.0,0.0,0.0,0.0,0.0
283342928005313202,0.0,0.0,0.0,0.0,0.0
283342930528881501,1.2000000476837158,18.674488661024306,27.3,13.135194778442383,186.74488813612197
283442930458935102,0.0,0.0,0.0,0.0,0.0
283442930510207402,0.0,0.0,0.0,0.0,0.0
283542930519666102,0.0,0.0,0.0,0.0,0.0
283642928757851802,0.0,0.0,0.0,0.0,0.0
283742930536990002,4.197368621826172,23.278572457735656,483.4385245901639,77.86454010009766,1769.1715142296964
283742930550168602,0.0,0.0,0.0,0.0,0.0
283842930477529801,0.0,0.0,0.0,0.0,0.0
283842930509256702,4.638298034667969,22.40384263029316,240.20586319218242,86.79631042480469,1052.9805549348216
283842930519159102,2.607142925262451,10.714392805772086,116.8166295471418,36.62318801879883,300.0030048721883
283842930532141702,0.0,0.0,0.0,0.0,0.0
284042930450482202,1.8333333730697632,2.8373653215827717,15.028222409435552,1.7999911308288574,17.024191780058196
284142927921591502,0.0,0.0,0.0,0.0,0.0
284142930469310702,2.142857074737549,8.485443395212156,50.067278287461775,8.776464462280273,59.3981050263851
284142930517593401,0.0,0.0,0.0,0.0,0.0
284142930545369602,0.0,0.0,0.0,0.0,0.0
284242930457062102,0.0,0.0,0.0,0.0,0.0
284242930542269101,0.0,0.0,0.0,0.0,0.0
284342929118646901,0.0,0.0,0.0,0.0,0.0
284342930542910402,0.0,0.0,0.0,0.0,0.0
284542930289309602,4.638298034667969,9.741680753061067,241.7241165530068,54.9178352355957,457.85900378242013
284642930462574802,0.0,0.0,0.0,0.0,0.0
284842929331811301,0.0,0.0,0.0,0.0,0.0
284942930474896701,0.0,0.0,0.0,0.0,0.0
284942930526933301,10.833333015441895,6.632556376729203,112.21262080727686,20.78280258178711,159.18135333759713
285042930530335901,0.0,0.0,0.0,0.0,0.0
285242929529038501,0.0,0.0,0.0,0.0,0.0
285342930477471501,0.0,0.0,0.0,0.0,0.0
285342930477479902,0.0,0.0,0.0,0.0,0.0
285642929025477601,0.0,0.0,0.0,0.0,0.0
285642930536209902,1.4814814329147339,6.092502443161394,934.7469446441409,146.68247985839844,1480.4781557558938
285842930543680701,3.5999999046325684,2.5990029549008518,4.8568006388075595,2.427211284637451,12.995014709521394
285942930466952001,0.0,0.0,0.0,0.0,0.0
286042930529533502,0.0,8.550155352011494,0.0,146.64276123046875,1453.5263668371617
286142930461326201,2.5757575035095215,8.610895190491183,42.54754408060453,71.14373016357422,568.3190660220449
286242930509415601,3.545454502105713,6.814637363585048,34.09533366783743,9.038058280944824,74.96101187224131
286342927982837101,0.0,0.0,0.0,0.0,0.0
286342930526716102,0.0,0.0,0.0,0.0,0.0
286542930471697302,4.611111164093018,6.139728568661452,64.70484061393152,79.26780700683594,221.03022362800246
286542930524444701,0.0,0.0,0.0,0.0,0.0
286742930519788302,0.0,0.0,0.0,0.0,0.0
286742930533445401,0.0,0.0,0.0,0.0,0.0
286942928570832201,0.0,0.0,0.0,0.0,0.0
286942928684064701,0.0,0.0,0.0,0.0,0.0
287142930538503402,0.0,0.0,0.0,0.0,0.0
287142930546935102,3.0,6.405437956479749,144.12645620812458,37.11404800415039,371.5153916133812
287242930472712401,6.079999923706055,10.269578685982049,81.10242872228089,32.26139450073242,256.7394757859936
287242930478058801,0.0,0.0,0.0,0.0,0.0
287442929424281301,3.2857143878936768,7.376346130302117,105.94991712499058,34.37706756591797,361.44095440682565
287542930449605602,0.0,0.0,0.0,0.0,0.0
287542930471836801,0.0,0.0,0.0,0.0,0.0
287842930464915402,0.0,0.0,0.0,0.0,0.0
287942929309212902,3.857142925262451,10.684678446888412,52.4343347639485,11.008230209350586,149.58550170112576
287942930465536202,0.0,0.0,0.0,0.0,0.0
288042930543019902,0.0,0.0,0.0,0.0,0.0
288042930543246201,0.0,0.0,0.0,0.0,0.0
288242930469467601,0.0,0.0,0.0,0.0,0.0
288242930547391702,0.0,0.0,0.0,0.0,0.0
288442930541622001,0.0,0.0,0.0,0.0,0.0
288742930522472501,0.131474107503891,7.1445904356060606,178.12361419068736,199.1004638671875,1793.2921791411468
288842930452286102,0.0,0.0,0.0,0.0,0.0
288842930460077201,3.2926828861236572,23.644158957581226,236.94729241877258,90.35523223876953,1938.8209959284923
288842930547629101,0.0,0.0,0.0,0.0,0.0
288842930549622001,0.0,0.0,0.0,0.0,0.0
288942930516013801,0.0,0.0,0.0,0.0,0.0
289042930527326901,0.0,0.0,0.0,0.0,0.0
289042930547054202,0.0,0.0,0.0,0.0,0.0
289142930458890701,2.263157844543457,4.694371068846767,99.8688524590164,26.24961280822754,178.38610600209194
289342930451844602,0.0,0.0,0.0,0.0,0.0
289442930462773001,0.0,0.0,0.0,0.0,0.0
289542930473308102,0.0,0.0,0.0,0.0,0.0
289642930545972401,0.0,0.0,0.0,0.0,0.0
289742930530455002,0.0,0.0,0.0,0.0,0.0
289842930516115902,6.214285850524902,7.730812465067071,52.685084637496004,15.311197280883789,108.23137417954402
289942930511244801,0.8715596199035645,4.189457089930978,78.06211936662606,55.907073974609375,456.650829660181
291542930469697801,0.0,0.0,0.0,0.0,0.0
291642930542641001,0.0,0.0,0.0,0.0,0.0
291742930142600201,0.0,0.0,0.0,0.0,0.0
291942930446774202,0.0,0.0,0.0,0.0,0.0
291942930533612102,0.0,0.0,0.0,0.0,0.0
292042930517688202,0.0,0.0,0.0,0.0,0.0
292142930479925101,1.436170220375061,7.953057748573363,46.47644839926492,58.35740661621094,747.5874636976894
292242930515574002,0.0,0.0,0.0,0.0,0.0
292442930460041502,0.0,0.0,0.0,0.0,0.0
292442930462885501,2.939393997192383,1.9920814234390485,30.4001982160555,11.99971866607666,65.7386853039442
292942929456669102,0.0,0.0,0.0,0.0,0.0
293142930517194901,4.7580647468566895,33.344498540660226,510.1191626409018,155.46510314941406,2067.358821101043
293242930526249502,0.0,0.0,0.0,0.0,0.0
293242930531600502,0.0,0.0,0.0,0.0,0.0
293242930550733201,0.0,0.0,0.0,0.0,0.0
293342930508080601,1.7435897588729858,4.745678213212232,100.78881338212233,64.87760925292969,370.1629175846949
293342930508994302,0.0,0.0,0.0,0.0,0.0
293642930164668102,0.0,0.0,0.0,0.0,0.0
293642930446861002,2.068965435028076,8.756309791561074,156.19006588950836,0.0,761.7989209225138
293742930524691402,0.0,0.0,0.0,0.0,0.0
294142930461696302,0.0,0.0,0.0,0.0,0.0
294342930527502601,0.8461538553237915,10.23681156112183,21.28996692392503,64.85309600830078,399.23566310224356
294742929721498401,3.542553186416626,6.788771049222798,156.00740192450036,91.63245391845703,638.1444694013617
294742930517719501,0.0,0.0,0.0,0.0,0.0
294742930542542101,3.536842107772827,9.650833013326137,230.41149119893723,105.50181579589844,916.8291450664872
294942930446267502,1.8181818723678589,5.444399742693551,40.453280876773924,73.93429565429688,419.2187858116297
294942930455870402,2.7179486751556396,10.165193298315064,169.08607389362567,46.01310348510742,396.44254717127944
294942930531762002,3.858823537826538,15.423774071725092,278.3493234932349,237.66209411621094,1311.0207492739219
295442930453856202,0.1428571492433548,14.881563524217043,235.56081573197378,87.82257080078125,1250.0513737199954
295542928159286201,0.0,0.0,0.0,0.0,0.0
295542930480599701,0.0,0.0,0.0,0.0,0.0
295542930538104301,0.0,0.0,0.0,0.0,0.0
295742930474957402,0.0,0.0,0.0,0.0,0.0
295742930524433702,2.809523820877075,5.172695873147897,127.07899725327866,39.52882385253906,325.87982128739077
295842930532647602,0.0,0.0,0.0,0.0,0.0
295942930515960302,0.0,0.0,0.0,0.0,0.0
295942930516742801,0.0,0.0,0.0,0.0,0.0
296242930455377601,0.0,0.0,0.0,0.0,0.0
296342930508236301,0.0,0.0,0.0,0.0,0.0
296342930517781701,0.0,0.0,0.0,0.0,0.0
296442930519883402,0.75,21.319730589561857,129.74020618556702,26.629751205444336,596.9524520205468
296542930474349602,0.0,0.0,0.0,0.0,0.0
296642929820997201,0.0,0.0,0.0,0.0,0.0
296742927980095501,5.675675868988037,5.176032410150079,42.94628751974724,19.75790023803711,191.51320120403176
296742930529195101,0.0,0.0,0.0,0.0,0.0
296842930458231501,3.855555534362793,8.820314082599007,436.77747391876835,438.0550537109375,793.8282870309374
296842930475425901,0.0,0.0,0.0,0.0,0.0
297142930453227601,0.0,0.0,0.0,0.0,0.0
297142930460015402,3.5161290168762207,12.35727050111454,180.6454046639232,40.953407287597656,766.1508031931434
297142930544064501,0.0,0.0,0.0,0.0,0.0
297142930548160502,0.0,0.0,0.0,0.0,0.0
297242930550572001,0.0,0.0,0.0,0.0,0.0
297442930464887802,2.6507935523986816,9.04613168802525,239.16781381906682,51.82122039794922,1139.8126243741303
297742930468887502,0.0,0.0,0.0,0.0,0.0
297942930447564901,0.0,0.0,0.0,0.0,0.0
297942930472700202,0.0,0.0,0.0,0.0,0.0
297942930473282202,0.0,0.0,0.0,0.0,0.0
298042930524275601,0.0,0.0,0.0,0.0,0.0
298242930477089302,0.0,0.0,0.0,0.0,0.0
298242930510235002,4.199999809265137,10.50160039229672,40.37546362339515,15.79442024230957,105.01600360951988
298342930447643102,0.0,0.0,0.0,0.0,0.0
298342930544433301,0.0,0.0,0.0,0.0,0.0
298342930548585002,2.5916666984558105,4.10034516765286,99.62006903353057,81.7193832397461,492.0414013081989
298542930475335702,0.0,0.0,0.0,0.0,0.0
298542930528293701,0.0,1.5462059469784006,1.5470588235294118,0.25613704323768616,1.5462059469784006
298842930529840402,4.636363506317139,59.700394345238095,400.4,58.28611373901367,656.7043450055803
299042929197945001,0.0,0.0,0.0,0.0,0.0
299242930449084201,0.0,0.0,0.0,0.0,0.0
299442930462151402,0.0,0.0,0.0,0.0,0.0
299542930517598002,0.0,0.0,0.0,0.0,0.0
299642930472921601,5.111111164093018,55.70668683733259,647.0357142857143,185.3859100341797,1504.0804861102786
299642930524834302,3.292452812194824,8.366735426105407,236.7360784538625,108.07196807861328,886.8739817101331
299742930528227402,0.0,0.0,0.0,0.0,0.0
299742930545005402,0.8275862336158752,12.609224010286782,128.9563591022444,133.37742614746094,1097.0024361561361
301242930459796901,0.0,0.0,0.0,0.0,0.0
301542930508533601,1.0,15.747998203878618,15.7483922829582,2.964233636856079,15.747998203878618
301542930528796002,0.0,91.61781427668983,91.61781427668983,57.11501693725586,91.61781427668983
301642930479679501,0.0,0.0,0.0,0.0,0.0
301642930524385402,0.0,0.0,0.0,0.0,0.0
301842930461762701,0.0,0.0,0.0,0.0,0.0
301842930544711402,234.0,1.7626826872575954,1.7627666451195863,0.10874880850315094,1.7626826872575954
301942929839855901,2.801886796951294,5.919160625653083,134.48014629049112,71.9030990600586,627.4310120945814
301942930474861802,3.0642201900482178,11.95657449336442,257.70373027259683,142.72801208496094,1303.2666762090653
302042930474602301,0.0,0.0,0.0,0.0,0.0
302142930528684002,3.885714292526245,7.3093681518193865,175.05876057486495,45.777305603027344,511.6557933981175
302142930534298101,0.0,0.0,0.0,0.0,0.0
302542930466332502,0.0,0.0,0.0,0.0,0.0
302542930541058901,4.023529529571533,19.810934922562318,363.9901026392962,110.03234100341797,1683.9294443924057
302542930544385002,0.0,0.0,0.0,0.0,0.0
302542930550807001,0.0,0.0,0.0,0.0,0.0
302842930457098302,3.6627907752990723,4.593407835712908,82.99031448967779,59.30154800415039,395.0330631780873
302942930517101002,0.0,0.0,0.0,0.0,0.0
303142930474287802,3.3913042545318604,5.636627962055376,108.55780113177042,69.37936401367188,388.9273205543586
303142930522970002,2.75,4.944560870543187,181.8993973886843,79.25270080566406,514.2343444415546
303242930525631102,3.25,49.64330764537351,379.31918505942275,36.15629577636719,595.7196835321968
303442929946432702,0.0,0.0,0.0,0.0,0.0
303642928077879902,0.0,0.0,0.0,0.0,0.0
303742930463339901,0.0,0.0,0.0,0.0,0.0
303742930466476901,0.0,0.0,0.0,0.0,0.0
303742930474687902,5.133333206176758,16.13909532563025,318.62436974789915,105.78748321533203,968.3456792971667
303942927963809701,0.0,0.0,0.0,0.0,0.0
303942930465122701,0.0,0.0,0.0,0.0,0.0
304042930476111801,0.0,0.0,0.0,0.0,0.0
304142930516774902,0.0,0.0,0.0,0.0,0.0
304142930548522101,0.0,0.0,0.0,0.0,0.0
304542929249094801,0.0,0.0,0.0,0.0,0.0
304542930461310101,0.0,0.0,0.0,0.0,0.0
304542930546424301,0.0,0.0,0.0,0.0,0.0
304742930530586601,3.3333332538604736,5.133406700315944,81.22647761424058,13.201013565063477,107.8015379222615
304842930517668701,0.0,0.0,0.0,0.0,0.0
304842930519811202,0.0,0.0,0.0,0.0,0.0
305142930508959602,2.1297709941864014,4.772295632620241,146.3278480065824,0.0,625.170735128852
305442928726076102,0.0,0.0,0.0,0.0,0.0
305442930454598402,0.0,0.0,0.0,0.0,0.0
305442930471191902,0.0,0.0,0.0,0.0,0.0
305542930529910201,0.0,0.0,0.0,0.0,0.0
305742930528768702,0.0,0.0,0.0,0.0,0.0
306242930537512101,4.199999809265137,4.420399533093054,15.334469200524246,6.612879276275635,44.20399491496355
306442930473335602,1.0,0.13313858663403394,0.13320869362000468,0.020094092935323715,0.13313858663403394
306442930517138902,0.0,0.0,0.0,0.0,0.0
306542930533804102,0.0,0.0,0.0,0.0,0.0
306642930462906002,2.125,3.3835748573739783,27.06866485013624,4.533626079559326,27.068599524225135
306642930479796202,0.0,0.0,0.0,0.0,0.0
306842930453555401,0.0,0.0,0.0,0.0,0.0
306842930480406501,0.0,0.0,0.0,0.0,0.0
306942930550479101,0.0,0.0,0.0,0.0,0.0
307042930532334402,3.276315689086914,6.425892412089904,102.9189777052746,84.70553588867188,488.3678129250445
307142929091435101,0.0,0.0,0.0,0.0,0.0
307142930458079601,0.0,0.0,0.0,0.0,0.0
307142930474623902,0.0,5.635404041209492,12.646083184485839,3.7832298278808594,28.177018991262518
307242930515916901,0.0,0.0,0.0,0.0,0.0
307342930509616201,0.0,0.0,0.0,0.0,0.0
307342930534097002,0.0,0.0,0.0,0.0,0.0
307442930479630902,0.0,0.0,0.0,0.0,0.0
307442930509778802,3.529411792755127,8.113289459857082,95.79277007145859,37.93352508544922,413.7777768223664
307542930524280301,2.729729652404785,6.02317849404117,159.70996749729144,103.10986328125,668.5728133704783
307742930544301201,0.0,0.0,0.0,0.0,0.0
307842928636919901,0.0,0.0,0.0,0.0,0.0
308042930455771602,0.0,0.0,0.0,0.0,0.0
308142930466652001,0.0,0.0,0.0,0.0,0.0
308142930478039102,4.083333492279053,6.452438766891892,81.9492863650167,43.45941162109375,232.28779023301084
308142930529668602,0.0,0.0,0.0,0.0,0.0
308142930532520002,5.699999809265137,4.767137639640317,29.757038372908525,7.352156162261963,47.671376298561015
308242930544806301,0.0,4.770036170681551,41.24383078730905,33.711936950683594,190.80144320531682
308342929901445701,2.8648648262023926,15.199763842680609,144.61444866920152,115.98727416992188,1124.7825197633229
308342930080355601,0.0,0.0,0.0,0.0,0.0
308342930546970002,4.902777671813965,13.466497387227363,184.2445472571051,100.48955535888672,969.5878122535196
308542930477019402,5.666666507720947,9.683116208073681,85.51906158357771,14.703450202941895,145.246742584139
308742930465134201,0.0,0.0,0.0,0.0,0.0
308842930547509501,0.0,0.0,0.0,0.0,0.0
308942929843657702,0.0,0.0,0.0,0.0,0.0
308942930464926901,0.0,0.0,0.0,0.0,0.0
308942930541987802,0.0,0.0,0.0,0.0,0.0
309042930531011002,0.0,0.0,0.0,0.0,0.0
309142929118744101,0.0,0.0,0.0,0.0,0.0
309142930464369601,0.0,0.0,0.0,0.0,0.0
309442930462659701,3.5,13.361203301221805,26.18515037593985,3.7537944316864014,26.722405914077186
309542930530726202,3.2410714626312256,7.143836022481888,283.2767249904139,82.05663299560547,800.1096532143068
309742930510620701,0.0,0.0,0.0,0.0,0.0
309942930545580002,0.0,0.0,0.0,0.0,0.0
311442930542281902,3.144444465637207,23.54929461518595,580.4413223140496,115.27182006835938,2119.436567839315
311542930446688901,4.511627674102783,23.86481676773003,229.12733983654098,51.02983856201172,1026.1871561240998
311542930455740902,0.0,0.0,0.0,0.0,0.0
311642930475115902,0.0,0.0,0.0,0.0,0.0
311842930517670502,48.5,5.795006570302234,11.590013140604468,0.7485238313674927,11.590013140604468
311942930455638502,2.8947367668151855,14.09097456375139,139.67074527252504,38.63040542602539,267.7285075458191
312042930480484602,7.4285712242126465,14.30594441042108,66.03336864406779,13.3649263381958,100.14160983845339
312042930543741001,0.0,0.0,0.0,0.0,0.0
312142929704156101,0.0,0.0,0.0,0.0,0.0
312142930446570101,0.0,0.0,0.0,0.0,0.0
312242930543752601,0.0,0.0,0.0,0.0,0.0
312442930454121202,0.0,18.817773908700243,75.83051869722557,21.495317459106445,225.81328600249617
312542930528071701,0.0,0.0,0.0,0.0,0.0
312642930456892002,0.0,4.798832035719394,0.0,4.41621208190918,43.189490556171336
312642930515697601,4.027777671813965,8.570623883082423,123.87013971623524,59.09761047363281,308.54245466118476
312842930542735201,0.0,0.0,0.0,0.0,0.0
313042928021659402,3.4361701011657715,8.170090599090665,211.48729606846751,81.63911437988281,767.9885388143329
313042930517111502,0.0,0.0,0.0,0.0,0.0
313142930516351402,0.0,0.0,0.0,0.0,0.0
313442930521399602,0.0,0.0,0.0,0.0,0.0
313442930533729502,0.0,0.0,0.0,0.0,0.0
313542930477137801,0.0,0.0,0.0,0.0,0.0
313542930525965001,3.6666667461395264,16.84739094664613,37.95224758437194,4.574527740478516,50.54217393397283
313542930540390402,0.0,0.0,0.0,0.0,0.0
313642930460297502,0.0,0.0,0.0,0.0,0.0
313742930453968502,0.0,0.0,0.0,0.0,0.0
313742930525229401,0.0,0.0,0.0,0.0,0.0
313942930475403102,0.0,0.0,0.0,0.0,0.0
314042930466352302,0.0,0.0,0.0,0.0,0.0
314042930543493001,0.0,0.0,0.0,0.0,0.0
314242930527104402,0.0,0.0,0.0,0.0,0.0
314542930452521402,0.0,0.0,0.0,0.0,0.0
314642930525598602,0.0,0.0,0.0,0.0,0.0
314742930457973501,0.0,0.0,0.0,0.0,0.0
314742930461770301,0.0,0.0,0.0,0.0,0.0
314742930543917201,0.0,0.0,0.0,0.0,0.0
314942930524836901,0.0,0.0,0.0,0.0,0.0
315442930531999501,0.0,0.0,0.0,0.0,0.0
315542930519478501,0.0,0.0,0.0,0.0,0.0
315542930529561302,0.0,0.0,0.0,0.0,0.0
315642930530192301,0.0,0.0,0.0,0.0,0.0
315842930530136202,0.0,0.0,0.0,0.0,0.0
316642930462545502,5.27419376373291,12.436333333333334,205.98222222222222,85.20620727539062,771.0526861423916
316642930469409301,2.5481481552124023,7.282828989446754,207.54293867309536,132.04371643066406,983.1818768350034
316642930530285002,0.0,0.0,0.0,0.0,0.0
316742930528486302,36.0,12.121617489680476,12.121617489680476,0.968275249004364,12.121617489680476
316842930524674801,0.0,0.0,0.0,0.0,0.0
316842930534404902,3.0921051502227783,4.548895122837405,83.71586135499413,31.608739852905273,345.71603205998167
317042930448374701,0.0,0.0,0.0,0.0,0.0
317042930461574402,0.0,0.0,0.0,0.0,0.0
317142930448776802,0.0,0.0,0.0,0.0,0.0
317242930351294101,0.0,0.0,0.0,0.0,0.0
317242930448551201,3.0641026496887207,5.392101536987482,420.58635703918725,31.981782913208008,420.58393133257573
317242930509868302,0.0,0.0,0.0,0.0,0.0
317242930541173401,0.0,0.0,0.0,0.0,0.0
317342930545988302,4.155172348022461,18.83334113023952,333.04940119760477,88.53886413574219,1092.3337767309772
317442930478135302,0.0,0.0,0.0,0.0,0.0
317442930515782902,0.0,0.0,0.0,0.0,0.0
317542930447869902,0.0,0.0,0.0,0.0,0.0
317642930460503501,0.0,0.0,0.0,0.0,0.0
317642930516056901,14.0,172.3940154159395,172.3938336242001,32.0011100769043,172.3940154159395
317642930525366102,0.0,0.0,0.0,0.0,0.0
317642930534374702,5.285714149475098,12.73158203125,93.6175,57.273643493652344,534.7264462375641
317742930447601401,0.0,0.0,0.0,0.0,0.0
317742930519615102,4.150000095367432,13.729164421695403,143.82758620689654,79.68450927734375,549.1665789417837
317942930545716001,2.5,4.236602217256598,16.203281027104136,2.022726535797119,16.946409075814547
318042930473003702,4.320000171661377,160.21334635416667,1734.04,80.06554412841797,4005.3337159220378
318042930474158602,0.0,0.0,0.0,0.0,0.0
318142930545846502,4.075471878051758,12.790089574353448,213.46264367816093,51.0019416809082,677.8747845956649
318242930051124302,0.0,0.0,0.0,0.0,0.0
318242930445751301,2.1940298080444336,13.842396866351477,247.84870848708488,87.25824737548828,927.4406082885291
318442930451906402,0.0,0.0,0.0,0.0,0.0
318442930472979202,0.0,0.0,0.0,0.0,0.0
318542929194731901,0.0,0.0,0.0,0.0,0.0
318742930519035401,0.0,0.0,0.0,0.0,0.0
318942930462878702,2.607692241668701,4.480195533353092,214.01276673354002,91.70647430419922,582.4254298748466
319142930459262201,0.0,0.0,0.0,0.0,0.0
319142930473924202,0.0,0.0,0.0,0.0,0.0
319242930541495002,0.0,0.0,0.0,0.0,0.0
319342930472134402,0.0,0.0,0.0,0.0,0.0
319442930529431002,0.0,0.0,0.0,0.0,0.0
319542927897875801,3.2727272510528564,3.858683692458915,17.789097013606643,7.799757957458496,42.44552206230534
319542930476446802,2.3636362552642822,13.350500853381014,1011.8699609882965,41.29109191894531,1027.9885824743576
319742930534511301,0.0,0.0,0.0,0.0,0.0
319942930521968101,0.0,0.0,0.0,0.0,0.0
321142929177982401,2.5,14.777364692366607,20.812101097778914,2.6939992904663086,29.554729384733214
321242930519562901,0.0,0.0,0.0,0.0,0.0
321342930549425202,0.0,0.0,0.0,0.0,0.0
321842930538717302,3.0307693481445312,12.968050586175396,247.14129110840437,115.1014633178711,842.9232703312306
322042930475107601,0.0,0.0,0.0,0.0,0.0
322042930475841301,0.0,0.0,0.0,0.0,0.0
322142930541473402,0.0,0.0,0.0,0.0,0.0
322442930518961301,0.0,0.0,0.0,0.0,0.0
322542930547495002,0.0,0.0,0.0,0.0,0.0
322642929537342401,3.440000057220459,6.331655964067862,209.77392298894395,118.12670135498047,633.16556337486
322742930519716202,2.75,18.97686983778951,983.3760217983652,142.45578002929688,986.7972245515205
322742930530703601,4.44444465637207,21.72742583786232,301.4975845410628,22.215030670166016,586.6405074815243
322842930476696802,0.0,0.0,0.0,0.0,0.0
323042929488733102,0.0,0.0,0.0,0.0,0.0
323042930546015301,1.4404761791229248,4.3435537938485,927.5621759023894,308.40020751953125,1094.5755240319645
323142930521426302,0.0,0.0,0.0,0.0,0.0
323342930509386901,0.0,0.0,0.0,0.0,0.0
323342930527679301,0.0,0.0,0.0,0.0,0.0
323342930528370002,0.0,0.0,0.0,0.0,0.0
323442927975082002,0.0,0.0,0.0,0.0,0.0
323742930456266901,0.0,3.4829869117048693,96.72304353723044,284.90643310546875,780.189073470236
323742930477129001,0.0,0.0,0.0,0.0,0.0
323742930516063802,0.0,0.0,0.0,0.0,0.0
323842930542709901,3.777777671813965,7.267291371139338,139.20259204332967,36.57225799560547,392.4337457534738
323942930517140201,0.0,3.7308376418374816,32.510980966325036,86.2739486694336,511.12475711684476
324042930516101402,2.170454502105713,17.62282696207061,232.4074427480916,85.38644409179688,1550.8088341632872
324142929467067101,0.0,0.0,0.0,0.0,0.0
324342930453507201,0.0,0.0,0.0,0.0,0.0
324442930473115401,0.0,0.0,0.0,0.0,0.0
324442930545607801,0.0,0.0,0.0,0.0,0.0
324542930516684901,0.0,0.0,0.0,0.0,0.0
324542930529308002,2.9473683834075928,4.619307201494921,37.86226282501757,30.517627716064453,175.53367420757783
324742930529490902,0.0,0.0,0.0,0.0,0.0
324842930536416901,0.0,0.0,0.0,0.0,0.0
324942930516603101,0.0,0.0,0.0,0.0,0.0
325842927959121701,0.0,0.0,0.0,0.0,0.0
325942930456155801,0.0,0.0,0.0,0.0,0.0
325942930509005302,4.602941036224365,5.573523029003268,125.06811145510837,75.89250946044922,378.9995590199463
326242929348469101,0.0,5.5019040515075375,0.0,181.35952758789062,1331.4607537787165
326242930475913001,0.0,0.0,0.0,0.0,0.0
326242930479798102,4.681818008422852,5.859683500136166,44.826797385620914,18.35186767578125,128.91303923031344
326242930532815501,8.75,33.99597047220914,62.27508243052284,22.431076049804688,135.9838782089025
326742930545741002,0.0,0.0,0.0,0.0,0.0
326942930462396301,3.8888888359069824,9.484868158643174,70.92230854605994,17.421913146972656,170.72761967497053
327042930518364901,3.200000047683716,10.195585804092442,59.41480889818252,9.257006645202637,152.93378748638352
327042930543509002,0.0,0.0,0.0,0.0,0.0
327142928822976102,4.078125,8.219649201067387,157.8719135802469,168.62205505371094,526.057535681705
327142930531769601,3.2407407760620117,13.747502281021898,72.24233576642335,72.43838500976562,742.3651062227514
327242930480443201,0.0,0.0,0.0,0.0,0.0
327342930519145801,0.0,0.0,0.0,0.0,0.0
327442930468325001,0.0,0.0,0.0,0.0,0.0
327442930518731202,0.0,0.0,0.0,0.0,0.0
327842930545368201,0.0,0.0,0.0,0.0,0.0
327942930472483502,0.0,0.0,0.0,0.0,0.0
328142930525625702,0.0,0.0,0.0,0.0,0.0
328142930530120601,3.3043477535247803,5.482716416544656,22.90710915893932,16.16300392150879,126.10248213247185
328442930531385702,0.0,0.0,0.0,0.0,0.0
328642930476288101,0.0,0.0,0.0,0.0,0.0
328742930447855701,0.0,0.0,0.0,0.0,0.0
328742930516958201,0.0,0.0,0.0,0.0,0.0
328842930458449401,0.0,0.0,0.0,0.0,0.0
329042930528042701,0.0,0.0,0.0,0.0,0.0
329142930476959202,0.0,0.0,0.0,0.0,0.0
329142930539175902,0.0,0.0,0.0,0.0,0.0
329242929307482901,2.5504586696624756,11.618672502150229,206.28669724770643,80.65691375732422,1266.435332668666
329342930450180801,0.0,0.0,0.0,0.0,0.0
329442930539290901,3.0399999618530273,13.005593495321461,1166.530335043767,75.6250228881836,1300.5593581134879
329542930459791702,2.987013101577759,9.235853059848207,140.34455010972934,90.27008056640625,711.1606942702142
329742928108713902,6.0,4.612603954822777,22.68030214991284,10.962041854858398,50.73864272282194
329742930510530302,6.333333492279053,14.760178702218193,43.138392857142854,6.701628684997559,44.28053685597011
331342928577536302,0.0,10.498131984220574,0.0,36.44203567504883,262.45329598617894
331342930530428001,0.0,0.0,0.0,0.0,0.0
331542930458358102,0.0,0.0,0.0,0.0,0.0
331542930518042601,0.0,0.0,0.0,0.0,0.0
331642930342522902,0.0,0.0,0.0,0.0,0.0
331642930475173601,0.0,0.0,0.0,0.0,0.0
331642930515500302,0.7076271176338196,10.43399726849022,439.84260391198046,312.997314453125,2462.423371358431
331742930456837602,0.0,0.0,0.0,0.0,0.0
331842930532015701,3.064814805984497,3.9723685755047495,77.89059847581898,77.39327239990234,429.0158055780441
331942930518709902,0.0,0.0,0.0,0.0,0.0
332042930456928601,0.0,11.508000416586167,0.0,5.715228080749512,92.06400476930406
332342930517243401,0.0,0.0,0.0,0.0,0.0
332542930464905401,4.609755992889404,8.296812233562878,144.88998196425644,43.77122497558594,340.1692937302734
332742930527107102,0.0,0.0,0.0,0.0,0.0
332842930458384002,0.0,0.0,0.0,0.0,0.0
332842930526526402,5.357142925262451,14.388746932435255,101.83625730994152,56.606407165527344,402.8849110870234
333042929921931502,0.0,0.0,0.0,0.0,0.0
333042930525878601,4.1315789222717285,8.378698939984192,134.25112917795843,43.35296630859375,318.3905484469602
333042930526610301,3.940476179122925,11.514708869604783,255.8179927197088,323.0184020996094,967.2355580307578
333142930538263901,14.0,31.293118794759113,26.642252604166668,3.479173421859741,31.293118794759113
333242929703991002,0.0,0.0,0.0,0.0,0.0
333342930544586401,0.0,0.0,0.0,0.0,0.0
333542930452004602,0.0,0.0,0.0,0.0,0.0
333542930532226401,0.0,0.0,0.0,0.0,0.0
333742928623643602,0.0,0.0,0.0,0.0,0.0
333742930447710401,0.0,0.0,0.0,0.0,0.0
333842930525494501,0.0,0.0,0.0,0.0,0.0
334042930480420201,0.0,0.0,0.0,0.0,0.0
334142930518709202,0.0,0.0,0.0,0.0,0.0
334342930517250501,0.0,0.0,0.0,0.0,0.0
334542928757944602,0.0,0.0,0.0,0.0,0.0
334642930463735102,0.0,0.0,0.0,0.0,0.0
334742930464407302,0.0,0.0,0.0,0.0,0.0
334742930550062701,0.0,0.0,0.0,0.0,0.0
334842930540429202,0.0,0.0,0.0,0.0,0.0
334942930519074702,0.0,0.0,0.0,0.0,0.0
335042930456163602,4.824999809265137,14.731128426989578,185.40407389862625,48.65160369873047,589.2451332630789
335242930549567202,2.8151259422302246,8.806531543249584,137.98425911911607,126.0711898803711,1047.9772304929256
335642930473582201,0.0,0.0,0.0,0.0,0.0
335742928811707801,0.0,0.0,0.0,0.0,0.0
335842930479885101,0.0,0.0,0.0,0.0,0.0
335842930547547102,5.133333206176758,88.24489073822464,817.8768115942029,165.44093322753906,3971.0200940560603
336042930529221701,0.0,0.0,0.0,0.0,0.0
336142930480247501,4.8125,5.027648104680493,94.67780269058296,39.48588943481445,241.32710711132785
336342928855703402,0.0,0.0,0.0,0.0,0.0
336342930479111802,4.0,6.4442316795908905,36.62737015663644,7.085463523864746,45.109621253960995
336542928235791602,0.0,0.0,0.0,0.0,0.0
336642930547172801,0.0,0.0,0.0,0.0,0.0
336842928235971801,0.0,0.0,0.0,0.0,0.0
336942930511301301,3.5,3.792839561967043,21.592302373818853,12.292593955993652,53.09975463417055
337042930478901701,0.0,0.0,0.0,0.0,0.0
337042930532277601,4.785714149475098,3.6848115096451948,21.58680675163624,14.263280868530273,51.58736136104992
337142930476072102,1.9333332777023315,9.693493999589716,136.80087527352296,8.20214557647705,145.40240712238872
337342930456181701,0.0,0.0,0.0,0.0,0.0
337442930525066402,0.0,0.0,0.0,0.0,0.0
337542930462685102,0.0,0.0,0.0,0.0,0.0
337642930543341001,0.0,0.0,0.0,0.0,0.0
337742930526684701,0.0,0.0,0.0,0.0,0.0
337842930452940302,0.0,0.0,0.0,0.0,0.0
337842930477414902,0.0,0.0,0.0,0.0,0.0
337942929800508901,0.0,0.0,0.0,0.0,0.0
338042928845019702,0.0,0.0,0.0,0.0,0.0
338042930541162002,0.0,0.0,0.0,0.0,0.0
338242930461890002,4.636363506317139,26.11696091669133,217.34714412548092,56.10667419433594,287.28656126882026
338442930521976001,2.9215686321258545,4.541077759228691,105.52220888355342,31.573686599731445,231.5949697276982
338742930455466002,0.0,0.0,0.0,0.0,0.0
338842930548855501,0.0,0.0,0.0,0.0,0.0
338942930517342702,0.0,0.0,0.0,0.0,0.0
338942930543405802,0.0,0.0,0.0,0.0,0.0
339042930474793701,0.0,0.0,0.0,0.0,0.0
339042930545527902,0.029045643284916878,12.352424135026299,387.91190006574624,249.3533172607422,2976.9342288933326
339242930220743401,0.0,0.0,0.0,0.0,0.0
339442930523968302,0.0,0.0,0.0,0.0,0.0
339642930480766401,5.199999809265137,13.19803461854757,36.508097165991906,10.822561264038086,65.99017408116144
339642930525423102,1.2000000476837158,14.178862904218647,41.60505581089954,5.650277614593506,70.89431568328597
339742930526997301,0.0,0.0,0.0,0.0,0.0
339842927963711401,0.0,0.0,0.0,0.0,0.0
339842930447217001,0.0,0.0,0.0,0.0,0.0
339842930550330402,0.0,0.0,0.0,0.0,0.0
339942930532939901,0.0,0.0,0.0,0.0,0.0
341142929417399601,0.0,0.0,0.0,0.0,0.0
341242930518833102,0.0,0.0,0.0,0.0,0.0
341242930523112101,0.0,0.0,0.0,0.0,0.0
341342930456359501,1.1764706373214722,9.667599154779175,48.31979368149581,81.02615356445312,328.6983798624699
341342930477720902,0.0,0.0,0.0,0.0,0.0
341442930475907401,4.974999904632568,8.6703009071412,80.75817296545328,55.00373077392578,346.81204832675365
341442930519841401,0.0,0.0,0.0,0.0,0.0
341442930538862202,2.5915493965148926,19.324790425450658,81.52612282309808,100.10767364501953,1372.0601201230802
341442930546207101,5.514285564422607,14.552587287808642,222.18765432098766,88.84711456298828,509.34054001231254
341542930550753601,4.188679218292236,9.32005787037037,150.63238095238094,75.50146484375,493.9630515382151
341642930529403602,0.0,0.0,0.0,0.0,0.0
341742930469756902,0.0,0.0,0.0,0.0,0.0
341742930548656502,0.0,0.0,0.0,0.0,0.0
341842930524241201,3.117647171020508,4.355042436206281,44.901498929336185,13.3921537399292,74.03572226149282
341942930459636002,0.0,0.0,0.0,0.0,0.0
342042928560914101,2.2886598110198975,20.974143206854347,182.01346389228885,192.6239471435547,2034.4919432770812
342242930460756801,0.0,0.0,0.0,0.0,0.0
342442930479952501,1.772357702255249,7.355313166785206,83.21743548059338,83.15460968017578,904.7035548003363
342542930456553701,3.5,4.901279025607639,17.399122807017545,1.8152685165405273,19.605116537439894
342542930508067702,0.0,0.0,0.0,0.0,0.0
342642930541899602,0.0,0.0,0.0,0.0,0.0
342642930546268701,0.0,0.0,0.0,0.0,0.0
342742930540958102,0.0,0.0,0.0,0.0,0.0
342842930534602701,0.0,4.567483575070008,0.0,48.003761291503906,260.3465568612053
343042930519223402,0.0,0.0,0.0,0.0,0.0
343142930525678801,0.0,0.0,0.0,0.0,0.0
343242929400142802,0.0,0.0,0.0,0.0,0.0
343242929800157201,2.9819819927215576,14.800138711734695,544.314081632653,0.0,1642.815352211777
343342930464798602,0.0,0.0,0.0,0.0,0.0
343342930466774202,6.363636493682861,14.540770376323751,119.40847201210288,0.0,159.94847160027717
343442930548167501,0.0,0.0,0.0,0.0,0.0
343542930548828801,1.636842131614685,3.620364010989011,605.6510989010989,102.21133422851562,687.8691494150476
343642930531569302,3.0,7.5001353388247285,62.35733695652174,10.531229019165039,67.50121792503025
343642930544262102,4.55555534362793,8.859870892145826,36.81503290613093,10.898581504821777,79.73884050413362
343742928912076802,4.378378391265869,28.75721490205224,560.6055437100213,111.63761138916016,2128.033930225413
343842930527264502,0.0,0.0,0.0,0.0,0.0
343842930546595402,2.9770114421844482,6.315181886254394,72.80335748618982,49.067970275878906,549.4208417679404
343942930548932901,0.0,0.0,0.0,0.0,0.0
344042930455560502,0.0,0.0,0.0,0.0,0.0
344042930528869902,0.0,0.0,0.0,0.0,0.0
344142930479051402,0.0,28.66143134715026,28.661452732427414,5.115077018737793,28.66143134715026
344242930508956602,0.0,0.0,0.0,0.0,0.0
344542930518632701,0.0,0.0,0.0,0.0,0.0
344642930531930701,0.0,0.0,0.0,0.0,0.0
344742930474743902,2.3586206436157227,8.906108401363092,1190.0307070101858,239.1802978515625,1291.3856953460345
344842930453546402,2.96610164642334,5.689077465946525,185.80423438289685,57.78059768676758,671.3111228540326
345142930452588901,4.782608509063721,4.855252564408397,39.32824427480916,18.91831398010254,111.67080679697791
345242930101315801,2.6041667461395264,10.642607790298873,171.08608376761242,41.1370735168457,510.8451922467958
345242930475998202,1.0,26.47392922171409,26.474254742547426,1.9106394052505493,26.47392922171409
345242930478022802,1.9595959186553955,4.957923442876407,77.00223193527388,60.74477767944336,490.8344210693252
345242930535683001,0.0,0.0,0.0,0.0,0.0
345342929544053901,0.0,0.0,0.0,0.0,0.0
345342930466643601,0.0,0.0,0.0,0.0,0.0
345342930478327301,1.7545454502105713,6.472151114116435,128.241885625966,133.42630004882812,711.9366141667629
345842930527032402,0.0,27.180419698098074,0.0,4.45034122467041,81.54126088450963
345842930527886501,3.5,6.574431120860199,12.186400937866354,1.3481842279434204,13.148862456380972
345942929091386401,0.0,0.0,0.0,0.0,0.0
346042930463684402,0.0,0.0,0.0,0.0,0.0
346442930545956501,140.5,0.8949168138327118,1.7900172117039588,0.0,1.7898336276654236
346542930473729001,2.9285714626312256,8.953279862688417,32.39913276894487,6.436275005340576,125.3459136918781
346542930526196101,1.2148760557174683,8.29309057199148,274.26329868174463,62.67733383178711,1003.4639597271638
346542930534670102,0.0,0.0,0.0,0.0,0.0
346542930543801102,0.0,0.0,0.0,0.0,0.0
346742930473292901,0.0,0.0,0.0,0.0,0.0
346842930518058602,3.6666667461395264,6.588093128438426,101.79207222457329,43.16733932495117,237.17135786717594
346942928923773502,0.0,0.0,0.0,0.0,0.0
346942930545787402,0.0,0.0,0.0,0.0,0.0
347042930542852202,0.0,0.0,0.0,0.0,0.0
347142930518996802,1.9213483333587646,5.633926969663227,76.1282508103828,95.2090072631836,501.419492334783
347142930542876001,0.0,0.0,0.0,0.0,0.0
347242930518420401,0.0,0.0,0.0,0.0,0.0
347342930541527202,0.0,0.0,0.0,0.0,0.0
347342930543230401,5.5,6.443431679065136,27.704779756326147,4.647542476654053,38.660590195946305
347942928176065301,3.5,11.426753854897697,97.82564001186122,20.296186447143555,182.82806421521036
347942930470091601,0.0,0.0,0.0,0.0,0.0
348142930525884202,0.0,0.0,0.0,0.0,0.0
348242930472143502,0.0,0.0,0.0,0.0,0.0
348342930459843702,1.3888888359069824,5.136692686151335,55.375638841567294,54.3408317565918,277.38139227430366
348542928242444802,3.1649484634399414,6.676190873799566,100.3204770755886,79.39118194580078,647.5905242781657
348542930458368601,0.0,129.16290358997517,129.1627906976744,9.615105628967285,129.16290358997517
348642930463647301,2.5,3.473521464129842,6.947081287506819,1.1568782329559326,6.947042928259684
348642930474443601,0.0,0.0,0.0,0.0,0.0
348742930550264202,0.0,0.0,0.0,0.0,0.0
348842930446522602,0.0,0.0,0.0,0.0,0.0
348842930448305701,0.0,0.0,0.0,0.0,0.0
349042930522319202,0.0,0.0,0.0,0.0,0.0
349042930528256602,2.4285714626312256,20.118111478365385,100.54663461538462,25.00558853149414,140.8267857331496
349042930539087601,0.0,0.0,0.0,0.0,0.0
349342930462812102,0.0,0.0,0.0,0.0,0.0
349442930516840901,2.757575750350952,11.071980065803496,84.85763000852515,46.99190139770508,365.3753492870802
349442930542073801,0.0,0.0,0.0,0.0,0.0
349542930463037902,0.0,0.0,0.0,0.0,0.0
349542930464233001,0.0,0.0,0.0,0.0,0.0
349742930530005702,5.461538314819336,7.697392086330935,66.40455635491607,27.675430297851562,200.1321911123445
349842930526868801,0.0,0.0,0.0,0.0,0.0
349842930537161802,0.0,0.0,0.0,0.0,0.0
349942930453287002,0.0,0.0,0.0,0.0,0.0
351142930518610302,0.0,0.0,0.0,0.0,0.0
351242929197737002,0.0,0.0,0.0,0.0,0.0
351342930458841902,5.072727203369141,17.221502226142473,229.78924731182795,85.12411499023438,947.1826013867573
351542930472807902,0.0,0.0,0.0,0.0,0.0
351542930542392001,0.0,0.0,0.0,0.0,0.0
351542930542888401,4.470588207244873,6.3536770235968785,61.18454451443076,14.797574043273926,108.01250924048281
351842930473013801,2.8936169147491455,6.497816413974951,144.18182816963304,85.70983123779297,610.7947383018096
351842930516795801,0.0,0.0,0.0,0.0,0.0
351942930478868202,0.0,0.0,0.0,0.0,0.0
352042930457340302,5.25,8.675349226506581,67.9251904871854,14.465384483337402,104.10419360706696
352042930537324302,3.6363637447357178,5.29979505109599,26.125291887413063,8.697097778320312,116.59549181067491
352142930462425302,0.0,0.0,0.0,0.0,0.0
352342930460748201,0.0,0.0,0.0,0.0,0.0
352442930453460201,0.0,0.0,0.0,0.0,0.0
352542930469163501,0.0,0.0,0.0,0.0,0.0
352642930459600202,0.0,0.0,0.0,0.0,0.0
352642930478847701,8.0,15.874907053061548,32.81725888324873,4.791646957397461,47.62472022971526
352642930531604201,2.5652174949645996,16.39418697796659,95.00460829493088,86.46312713623047,1131.1988794001566
352842930534654102,0.0,0.0,0.0,0.0,0.0
352942930524844002,0.0,0.0,0.0,0.0,0.0
353342930537832101,0.0,0.0,0.0,0.0,0.0
353542929613487101,4.134328365325928,4.9398542834866435,142.1990927419355,80.75052642822266,330.9702414726057
353542930462492101,0.0,0.0,0.0,0.0,0.0
353742929989757001,0.0,0.0,0.0,0.0,0.0
353742930449690102,0.0,0.0,0.0,0.0,0.0
353842930476422401,0.0,0.0,0.0,0.0,0.0
354142930466805102,4.714285850524902,1.6309071475280625,5.579545454545454,2.760840892791748,11.416349770488866
354442927929225802,0.0,0.0,0.0,0.0,0.0
354642930520764501,5.714285850524902,11.33519812160787,118.13568521031208,51.20232391357422,396.7319533038819
354742930516887001,3.7857143878936768,5.20222303815624,14.67368751964791,9.723575592041016,72.83112199693984
354742930525620201,0.0,0.0,0.0,0.0,0.0
354842930508660902,2.5,15.81502792150429,31.629984856133266,4.013556480407715,31.63005584300858
354842930519368602,4.712328910827637,8.667768519559353,114.89216127098321,87.03170776367188,632.7471108842525
355142930548645401,0.0,0.0,0.0,0.0,0.0
355242930526529902,0.0,0.0,0.0,0.0,0.0
355342930468737802,0.0,0.0,0.0,0.0,0.0
355442928697224902,0.0,0.0,0.0,0.0,0.0
355642930479523202,0.0,0.0,0.0,0.0,0.0
355942930525937802,5.377777576446533,7.437997310633001,156.94203413940255,49.4558219909668,334.70989276877845
355942930529354002,3.0975608825683594,11.965950520833333,120.89900497512438,125.69464874267578,981.2079237449228
356242930460398301,0.056910570710897446,10.193842516447368,284.48,231.0028076171875,2507.685134192015
356542930508363702,0.0,0.0,0.0,0.0,0.0
356542930547187501,0.0,0.0,0.0,0.0,0.0
356942930453980302,0.0,0.0,0.0,0.0,0.0
357242930474146102,0.0,0.0,0.0,0.0,0.0
357742930453737101,0.0,0.0,0.0,0.0,0.0
357742930516969102,0.0,0.0,0.0,0.0,0.0
357842929626479301,4.9285712242126465,8.218074212627352,62.009404388714735,21.17954444885254,115.05304022044598
357942929642451502,0.0,0.0,0.0,0.0,0.0
357942930184642001,0.0,0.0,0.0,0.0,0.0
357942930530778202,0.0,0.0,0.0,0.0,0.0
358142930544582002,0.08571428805589676,30.201265650869207,272.66887417218544,48.24733352661133,1057.0443267569638
358242930460895502,3.846153736114502,3.1345719179524325,98.32340654898262,26.08030891418457,203.747179433095
358442928258216002,0.0,0.0,0.0,0.0,0.0
358642929321259402,4.627906799316406,7.219275731947816,92.74126213592233,43.146724700927734,310.4288555774874
358742930549587401,0.0,0.0,0.0,0.0,0.0
358842930464104801,3.5333333015441895,10.3718237372856,53.97965696051057,67.96087646484375,466.73207338787336
359042930531360101,0.0,0.0,0.0,0.0,0.0
359042930533227901,11.333333015441895,2.674152427794668,32.089569691300284,2.7537708282470703,32.08982927627492
359242930534008902,3.2475247383117676,12.273513314463955,219.22843499691928,138.92343139648438,1239.6248056477261
359342930547018002,0.0,0.0,0.0,0.0,0.0
359542928823136501,0.0,0.0,0.0,0.0,0.0
359542930510540501,0.0,0.0,0.0,0.0,0.0
359542930546652401,0.0,0.0,0.0,0.0,0.0
359542930547704001,0.0,0.0,0.0,0.0,0.0
359642930460549701,0.0,0.0,0.0,0.0,0.0
359642930474938401,3.83146071434021,6.230798672207817,142.86409520281535,83.05937194824219,554.5410939806765
359642930543976301,0.0,0.0,0.0,0.0,0.0
359742930529177501,0.0,0.0,0.0,0.0,0.0
359942929703939902,3.2173912525177,4.073864353701914,28.869488845951167,11.476054191589355,93.69888081593315
359942930456560502,0.0,0.0,0.0,0.0,0.0
359942930456840101,0.0,0.0,0.0,0.0,0.0
359942930524706101,0.0,0.0,0.0,0.0,0.0
361142927975121802,4.447368621826172,5.762923823210791,113.42200167738328,74.97477722167969,437.982221996381
361342930462349102,0.0,0.0,0.0,0.0,0.0
361342930477354902,0.0,0.0,0.0,0.0,0.0
361342930480586502,0.0,0.0,0.0,0.0,0.0
361542930508297202,0.0,0.0,0.0,0.0,0.0
361642930480458002,0.0,0.0,0.0,0.0,0.0
361642930526437301,0.0,0.0,0.0,0.0,0.0
361942930525512301,3.866666555404663,15.120613234654572,166.3459244532803,43.48190689086914,453.618405624602
361942930530406602,0.0,0.0,0.0,0.0,0.0
361942930532111701,0.0,0.0,0.0,0.0,0.0
362042930544823201,0.0,0.0,0.0,0.0,0.0
362242930460297302,1.8965517282485962,10.170887411794356,95.11129032258064,137.37286376953125,884.8672388062362
362242930547052601,0.0,0.0,0.0,0.0,0.0
362442930465016701,0.0,0.0,0.0,0.0,0.0
362442930549738201,0.0,0.0,0.0,0.0,0.0
362642930463508202,7.083333492279053,21.14979162418434,164.40783034257748,22.511133193969727,253.79750725651255
362642930510624401,0.0,0.0,0.0,0.0,0.0
362742930460187602,3.865384578704834,8.191412692919416,98.40904806786051,29.785289764404297,425.9534383876272
362742930528277302,3.1818182468414307,6.100814850711103,86.49965729952022,255.27838134765625,603.980654715838
362842930531219902,0.0,0.0,0.0,0.0,0.0
363242930533930601,0.0,0.0,0.0,0.0,0.0
363542930480759601,2.3181817531585693,6.629262876107714,104.97973483547435,26.501340866088867,291.68757070803565
363642929704205701,0.0,0.0,0.0,0.0,0.0
363642930533345502,0.0,0.0,0.0,0.0,0.0
363742929725351301,4.243589878082275,7.4959078941454935,145.31927133269414,106.40428161621094,584.680826997254
363742930461833501,0.0,0.0,0.0,0.0,0.0
363842930473755601,0.0,0.0,0.0,0.0,0.0
363942927929319102,0.0,0.0,0.0,0.0,0.0
364142930476434801,0.0,0.0,0.0,0.0,0.0
364242930539775901,0.0,0.0,0.0,0.0,0.0
364242930543965801,0.0,0.0,0.0,0.0,0.0
364442930550625301,0.0,0.0,0.0,0.0,0.0
364542930546529701,0.0,0.0,0.0,0.0,0.0
364742929013050002,4.714285850524902,10.107048629502119,106.1072033898305,62.99433898925781,495.24538469476215
364742930533039701,0.0,0.0,0.0,0.0,0.0
364842930545377702,0.0,2.718007375233209,0.0,0.3267557919025421,2.718007375233209
364942930464560301,0.0,0.0,0.0,0.0,0.0
365342929696795902,0.0,0.0,0.0,0.0,0.0
365442930462918502,4.848484992980957,11.892915533117087,391.32238150047084,47.54583740234375,392.46622182126197
365542930453482901,0.0,0.0,0.0,0.0,0.0
365542930528183702,0.0,0.0,0.0,0.0,0.0
365542930545595702,0.0,0.0,0.0,0.0,0.0
365642930475386902,3.954545497894287,7.5244418226522845,496.6147208121827,59.804378509521484,496.6131628399573
365742929197782602,0.0,0.0,0.0,0.0,0.0
365742930451079301,0.0,0.0,0.0,0.0,0.0
366042930480305402,0.0,0.0,0.0,0.0,0.0
366042930524678302,0.0,0.0,0.0,0.0,0.0
366342929230173202,0.0,0.0,0.0,0.0,0.0
366342930461666002,0.0,0.0,0.0,0.0,0.0
366442930475860401,0.0,0.0,0.0,0.0,0.0
366642930516534001,2.384615421295166,6.699789172021028,174.1945093457944,30.61223602294922,174.1945224298495
366742930548750902,0.0,0.0,0.0,0.0,0.0
366842930476474902,0.0,0.0,0.0,0.0,0.0
366842930544745901,0.0,0.0,0.0,0.0,0.0
366942929424165902,2.1212120056152344,16.475945048663228,194.93808630393997,86.36859130859375,1087.4123421932027
366942930543596502,0.0,0.0,0.0,0.0,0.0
367342930531717502,5.448276042938232,13.011578369140626,255.94821428571427,75.54145050048828,754.6715331486294
367442930453595802,5.02816915512085,48.573383309248555,1069.099710982659,449.1778869628906,3448.7104149636507
367542930545579601,0.0,0.0,0.0,0.0,0.0
367642930538319801,0.0,0.0,0.0,0.0,0.0
367742928043720302,0.0,0.0,0.0,0.0,0.0
367742930529880302,0.0,0.0,0.0,0.0,0.0
367842930518636802,0.0,0.0,0.0,0.0,0.0
368042930532028402,3.1927711963653564,8.311593145430287,93.06715588169891,91.15406036376953,689.8622618868851
368042930542122402,0.0,0.0,0.0,0.0,0.0
368042930549846802,0.0,0.0,0.0,0.0,0.0
368142930457605901,0.0,0.0,0.0,0.0,0.0
368142930529370002,3.7142856121063232,4.641640222931512,24.234956452889943,4.614915370941162,32.49148286531015
368142930530685501,0.0,0.0,0.0,0.0,0.0
368342930525229002,4.615384578704834,8.741248438321936,46.64580045590041,12.707620620727539,113.6362338827803
368442930519901401,0.0,0.0,0.0,0.0,0.0
368542930472747002,0.0,0.0,0.0,0.0,0.0
368542930529988102,4.098591327667236,6.370913727491225,123.40561574851213,74.67330169677734,452.3348795208115
368642929385436301,0.0,0.0,0.0,0.0,0.0
368642930533408402,1.1313130855560303,4.872611628962435,77.92475911185589,148.48690795898438,482.3885365407704
368742930461061301,0.0,0.0,0.0,0.0,0.0
368742930523579301,0.0,0.0,0.0,0.0,0.0
368942929160959801,0.0,0.0,0.0,0.0,0.0
368942930452764802,0.0,0.0,0.0,0.0,0.0
369042930528159301,8.052631378173828,48.321361103995905,597.2008196721312,78.13284301757812,918.1058554727523
369042930543856402,5.740740776062012,12.653860442636196,187.05309325946445,141.9531707763672,683.3084606512322
369442929476744201,3.875,8.125084942616544,52.014781125639566,29.79726219177246,260.0027219274628
369442930454635702,0.0,0.0,0.0,0.0,0.0
369642930447472302,0.0,0.0,0.0,0.0,0.0
369742928305303001,0.0,0.0,0.0,0.0,0.0
369742930529632401,0.0,0.0,0.0,0.0,0.0
369842930184265802,2.2985074520111084,9.193316592261905,569.3155555555555,74.90054321289062,615.9522141508072
369842930519868001,0.0,0.0,0.0,0.0,0.0
369842930530305702,0.0,0.0,0.0,0.0,0.0
369942930462320502,0.0,0.0,0.0,0.0,0.0
371142930531876202,3.277777671813965,11.499772085870116,250.73059360730593,91.41173553466797,1034.9795087222094
371242930477195101,0.0,0.0,0.0,0.0,0.0
371242930527151002,0.0,0.0,0.0,0.0,0.0
371342929649371201,0.0,0.0,0.0,0.0,0.0
371342930447099902,0.0,74.89984642094016,91.78076923076924,14.11184310913086,224.69954594017094
371542930453662501,0.0,0.0,0.0,0.0,0.0
372042929493873702,4.0,6.424890671333257,6.423357664233577,0.4244896173477173,6.424890671333257
372042930465107002,0.0,0.0,0.0,0.0,0.0
372242930460591101,5.046875,7.31918776135006,407.5988318067171,47.50373077392578,468.4280075747765
372242930525378602,0.0,0.0,0.0,0.0,0.0
372442930453370702,0.0,0.0,0.0,0.0,0.0
372542930550452801,0.0,0.0,0.0,0.0,0.0
372642930456949402,0.0,7.21696907080314,140.52737520128824,100.03019714355469,721.6969192891881
372642930549216101,2.065934181213379,9.941392590492391,175.8184616630888,95.89022827148438,904.6667223487726
372842930470223101,0.0,0.0,0.0,0.0,0.0
372842930518254302,0.0,0.0,0.0,0.0,0.0
372842930526986302,4.558823585510254,18.284093353713768,313.6855072463768,42.38529968261719,621.6591736282128
373042929735805402,0.0,0.0,0.0,0.0,0.0
373042930537235601,0.0,0.0,0.0,0.0,0.0
373042930545550402,0.0,0.0,0.0,0.0,0.0
373142930476026202,2.885714292526245,7.638740138067061,53.9585798816568,39.47703552246094,267.3559132159532
373142930520861102,0.0,0.0,0.0,0.0,0.0
373242930529193902,0.0,0.0,0.0,0.0,0.0
373242930533335102,3.156521797180176,7.204672596545307,266.9462021635454,155.90689086914062,828.5373283333871
373642929543954001,0.0,0.0,0.0,0.0,0.0
373642930526412302,5.142857074737549,2.7712342323899604,135.79066686294715,15.23561954498291,135.79047975915003
373742930508176902,0.0,0.0,0.0,0.0,0.0
373742930510758901,0.0,0.0,0.0,0.0,0.0
374042930527670901,0.0,0.0,0.0,0.0,0.0
374142930449654802,2.200000047683716,21.50635286050157,245.17826541274817,269.9168395996094,1505.4446980216287
374142930516963102,0.0,0.0,0.0,0.0,0.0
374242930464914402,0.0,0.0,0.0,0.0,0.0
374442930475103502,7.461538314819336,15.982404689117494,121.51138716356108,23.226829528808594,207.77126171672813
374442930476794701,0.0,0.0,0.0,0.0,0.0
374442930520343301,0.0,0.0,0.0,0.0,0.0
374442930534586502,0.0,5.4448750364975345,44.919024137036075,71.02334594726562,451.9246275598836
374642929424230501,0.0,0.0,0.0,0.0,0.0
374642930521895602,0.0,0.0,0.0,0.0,0.0
374742930449722201,0.0,0.0,0.0,0.0,0.0
374842930429014701,3.8235294818878174,5.716836193632808,51.28724260899575,12.114582061767578,97.18621588153722
374842930550442702,0.0,0.0,0.0,0.0,0.0
374942930517445901,3.5,3.711285227227447,30.093401338858783,38.077999114990234,96.49341424316367
375042930524971302,0.0,0.0,0.0,0.0,0.0
375642928135615002,0.0,0.0,0.0,0.0,0.0
375842930456000201,0.0,0.0,0.0,0.0,0.0
375842930457831501,0.0,0.0,0.0,0.0,0.0
375842930469730202,0.0,13.190565529162104,13.190580503833516,4.412867546081543,26.381131058324208
376242930521159901,3.3289473056793213,9.444384653204144,163.62970069071375,95.14070892333984,717.7732525530542
376342930526305002,0.0,0.0,0.0,0.0,0.0
376542930449361902,0.0,0.0,0.0,0.0,0.0
376542930459222301,0.0,0.0,0.0,0.0,0.0
376542930517808302,0.0,0.0,0.0,0.0,0.0
376642930474478102,0.0,0.0,0.0,0.0,0.0
376642930510212301,0.0,0.0,0.0,0.0,0.0
376842929025362102,2.1818182468414307,7.079214215191036,38.52755326965467,10.268514633178711,77.87135493203527
376842929303779501,0.0,0.0,0.0,0.0,0.0
376842930454741401,0.0,0.0,0.0,0.0,0.0
376942929400309801,2.3428571224212646,5.864169626473532,813.0320284697509,155.6356201171875,820.9837657624716
377042930452844201,0.0,0.0,0.0,0.0,0.0
377342930546095002,0.0,0.0,0.0,0.0,0.0
377642930450262401,0.0,0.0,0.0,0.0,0.0
377742930529740002,0.0,0.0,0.0,0.0,0.0
377842930527632401,0.0,0.0,0.0,0.0,0.0
378042930531933202,5.75,7.334028101679104,158.07164179104478,77.23383331298828,410.7055829574813
378142930534621701,5.75,6.668354028280999,29.871175523349436,15.32851505279541,80.02024922393946
378242930480468501,0.0,0.0,0.0,0.0,0.0
378442927994754502,0.0,0.0,0.0,0.0,0.0
378542930455525302,4.6315789222717285,7.677299024317519,225.98648290485025,207.01968383789062,583.4747235793319
378542930527331202,5.0,11.350365354303728,2.404970760233918,1.4390130043029785,11.350365354303728
378642930517357601,0.0,0.0,0.0,0.0,0.0
378642930548795902,0.9462365508079529,11.585385899423411,204.00935596170584,91.4721450805664,1077.440906498098
378742930508361701,0.0,0.0,0.0,0.0,0.0
378842930534603702,0.0,0.0,0.0,0.0,0.0
379042928021898801,0.0,0.0,0.0,0.0,0.0
379042930529748301,0.0,0.0,0.0,0.0,0.0
379142930462597802,0.0,0.0,0.0,0.0,0.0
379442930464406301,0.0,0.0,0.0,0.0,0.0
379442930525877202,0.0,0.0,0.0,0.0,0.0
379642930518465202,0.0,0.0,0.0,0.0,0.0
379942930458861702,3.0833332538604736,6.6311707912313755,116.61294742250385,83.63111114501953,557.0183469442742
379942930538220701,0.0,0.0,0.0,0.0,0.0
381142928258160401,0.0,0.0,0.0,0.0,0.0
381142930455402501,0.0,0.0,0.0,0.0,0.0
381142930517571901,3.9264705181121826,10.259893642365007,141.06822812505877,56.9514274597168,697.6727777703766
381242930530479402,0.0,0.0,0.0,0.0,0.0
381242930533425301,5.153846263885498,44.07418017841113,329.17594254937165,35.56100845336914,572.9643431959718
381342930464663802,0.0,0.0,0.0,0.0,0.0
381342930537371202,0.0,0.0,0.0,0.0,0.0
381342930545549801,4.705882549285889,14.328458402693705,74.58111380145279,23.703990936279297,243.5837984985647
381442928592554802,0.0,0.0,0.0,0.0,0.0
381542930511082102,4.0740742683410645,8.7897216796875,64.71707317073171,20.51099395751953,237.3224880619747
381642928726286801,0.0,0.0,0.0,0.0,0.0
381642930462800901,0.0,0.0,0.0,0.0,0.0
381842930473491101,0.0,0.0,0.0,0.0,0.0
381842930523905901,5.301587104797363,29.4408649242688,395.5933147632312,271.6177978515625,1854.7745126336397
382042930478418501,0.0,0.0,0.0,0.0,0.0
382242930508843601,0.0,0.0,0.0,0.0,0.0
382342930527765702,4.964912414550781,10.417331457893347,129.56916578669484,70.41024017333984,593.7879203707766
382442929816333701,3.200000047683716,3.917251911569149,13.123959296947271,3.114415168762207,19.586260433002934
382442930542936301,0.0,0.0,0.0,0.0,0.0
382542930547749401,4.75,12.532859331687456,47.001386001386,0.0,50.131435375782
382742930459525601,4.375,5.2798699301861705,34.52468085106383,14.548477172851562,126.71687773278418
382742930529938201,0.0,0.0,0.0,0.0,0.0
382742930543048902,0.0,0.0,0.0,0.0,0.0
382742930545121801,0.0,0.0,0.0,0.0,0.0
382942930452010801,0.0,0.0,0.0,0.0,0.0
382942930519235701,0.0,0.0,0.0,0.0,0.0
382942930527975702,4.478873252868652,24.578537735849057,385.99730458221023,152.58567810058594,1745.0762429826023
383042928022064701,0.0,6.739110287887347,73.89799870884441,99.75896453857422,788.4759107676531
383242928021739302,0.0,0.0,0.0,0.0,0.0
383242930526777101,3.240000009536743,10.842610035804707,243.57335470629653,101.74394226074219,1084.2609995170076
383442930517005701,0.0,0.0,0.0,0.0,0.0
383442930541590302,0.0,0.0,0.0,0.0,0.0
383542930478274501,0.0,0.0,0.0,0.0,0.0
383642930531412502,0.0,0.0,0.0,0.0,0.0
383642930541252702,5.514285564422607,34.116221610314206,495.1256830601093,63.8580436706543,1194.0677752625095
383742930522503801,0.0,0.0,0.0,0.0,0.0
383842929166292701,0.0,0.0,0.0,0.0,0.0
384042930476955701,0.0,0.0,0.0,0.0,0.0
384142930474020702,0.0,0.0,0.0,0.0,0.0
384342930531682701,0.0,0.0,0.0,0.0,0.0
384442930531919902,4.0,12.138836327993962,12.138879570613888,1.681143879890442,12.138836327993962
384542930531852601,3.704545497894287,12.3193359375,89.99847211611917,77.46343231201172,542.050778522302
384642929231919301,0.0,0.0,0.0,0.0,0.0
384742930465311101,0.0,0.0,0.0,0.0,0.0
384942928967210401,0.0,0.0,0.0,0.0,0.0
384942930541042402,0.0,0.0,0.0,0.0,0.0
385042930518965302,0.529411792755127,12.696050347222222,263.36516516516514,233.25271606445312,2589.99419796832
385042930542465302,10.0,31.202077838969903,44.54700589512876,14.603824615478516,93.60623230491778
385242930460781901,0.6666666865348816,35.1429381707702,105.42866161616162,11.559803009033203,105.42881528295652
385342930533430402,9.0,451.1389421540428,451.13902205177374,50.331016540527344,451.1389421540428
385442928043678802,0.0,0.0,0.0,0.0,0.0
385542929501805001,0.0,0.0,0.0,0.0,0.0
385542930518312701,0.0,0.0,0.0,0.0,0.0
385642930453262502,0.2638036906719208,5.297270213227443,87.24986652429259,93.26864624023438,863.455007956681
385842930137776202,2.1034483909606934,5.607499002792182,159.36306342241724,285.9853210449219,650.4699085216575
386042930464980502,3.3883495330810547,9.232450895710178,322.63828087553924,85.99092864990234,950.9424627760878
386142929047985301,0.0,0.0,0.0,0.0,0.0
386142930517200602,0.0,0.0,0.0,0.0,0.0
386142930533884901,3.5853657722473145,5.675405554388912,68.29168416631667,35.20734786987305,232.69162589749686
386342930509658701,0.0,0.0,0.0,0.0,0.0
386342930522489501,0.0,0.0,0.0,0.0,0.0
386642930508954301,0.0,0.0,0.0,0.0,0.0
386642930545910101,5.0,8.455921950849515,8.45631067961165,1.023882269859314,8.455921950849515
386742930517778002,3.415841579437256,10.487101839879788,201.14635169136147,114.82868957519531,1059.1972839986274
386742930524873801,1.485714316368103,7.607666504654177,132.8941322021916,174.4910125732422,1331.3416511569467
386942930516833302,4.4193549156188965,17.84655522365196,141.67075163398692,71.29019927978516,553.2432030447168
386942930535033502,3.1666667461395264,5.149607374070773,40.813047864369594,5.779119491577148,61.795289100988235
387142929070047801,0.0,0.0,0.0,0.0,0.0
387142930545653001,0.0,0.0,0.0,0.0,0.0
387242928779095702,0.0,0.0,0.0,0.0,0.0
387542930460935401,0.0,0.0,0.0,0.0,0.0
387542930517584202,0.0,0.0,0.0,0.0,0.0
387542930524891601,0.0,0.0,0.0,0.0,0.0
387642930454143201,0.0,0.0,0.0,0.0,0.0
387742930508649701,0.0,0.0,0.0,0.0,0.0
387742930547812502,0.0,0.0,0.0,0.0,0.0
387942928025304302,0.0,0.0,0.0,0.0,0.0
388042930518093902,0.0,0.0,0.0,0.0,0.0
388042930524151601,4.402777671813965,8.057924697798894,179.09117151792157,70.38736724853516,580.170609566636
388542930544726801,0.0,0.0,0.0,0.0,0.0
388842930464829801,1.8275861740112305,13.979058394078473,119.06299496040317,101.54943084716797,810.7853995296404
388942930453069001,5.5,4.202836059743954,8.405664037242985,1.0712130069732666,8.405671866917755
388942930480651502,0.0,0.0,0.0,0.0,0.0
389042930537878602,1.076923131942749,11.088320031685463,48.93964430513441,27.069786071777344,432.44448902966735
389142930509577502,4.384615421295166,7.526968474918924,96.17394600513836,54.69340133666992,391.4023507576164
389142930524417401,0.0,0.0,0.0,0.0,0.0
389242929417183102,0.0,0.0,0.0,0.0,0.0
389242930540877902,0.0,0.0,0.0,0.0,0.0
389342930335195702,0.0,0.0,0.0,0.0,0.0
389342930480540002,0.8064516186714172,17.807110426303616,80.02607232968882,42.46723937988281,552.0204446694748
389542930520053202,4.346153736114502,9.35154305517146,324.1875,50.22336959838867,486.2802187478648
389842930524519702,1.923076868057251,8.085798228870738,53.158806818181816,64.70723724365234,315.34612453959204
389942930447477901,2.970149278640747,9.071270402070065,57.320700636942675,70.32453918457031,607.7751108815745
389942930454321801,0.0,0.0,0.0,0.0,0.0
391242930472753802,0.0,0.0,0.0,0.0,0.0
391442930534416501,3.275861978530884,28.648495114306783,485.5467059980334,115.77139282226562,2492.4190712987847
391542930477955601,0.0,0.0,0.0,0.0,0.0
391642930516707901,2.6818182468414307,18.57522586299892,296.7880258899676,257.1848449707031,1634.619907130187
391642930523212602,0.0,0.0,0.0,0.0,0.0
391742930516466402,0.0,0.0,0.0,0.0,0.0
391742930525043601,4.0,3.4223570748216603,7.892866407263295,1.5773169994354248,10.267071477788587
391842930517761402,0.0,0.0,0.0,0.0,0.0
392042929704089602,0.0,0.0,0.0,0.0,0.0
392542930545437602,4.0,13.143131880326704,141.02159090909092,55.53179168701172,933.1623783371665
392642929843823801,3.2164947986602783,8.316790052512118,139.20314303300762,78.02230072021484,806.7286214421251
392642930464602801,0.0,0.0,0.0,0.0,0.0
392642930473037902,3.028571367263794,8.86120504837921,174.04387313120023,108.831787109375,620.2843481801784
392642930477428701,0.0,0.0,0.0,0.0,0.0
392942930516888401,0.0,0.0,0.0,0.0,0.0
393042930517697601,3.6190476417541504,6.086766904117139,174.79754601226995,114.30133819580078,511.2884316459024
393042930542269002,0.31707316637039185,16.984940023208118,428.1692573402418,60.34853744506836,696.3825278665117
393042930546631302,0.0,0.0,0.0,0.0,0.0
393142930544519301,0.0,0.0,0.0,0.0,0.0
393142930547471501,0.0,0.0,0.0,0.0,0.0
393242929766133401,0.0,0.0,0.0,0.0,0.0
393242930467765502,4.048387050628662,6.613507439108456,102.79306722689076,100.4662094116211,410.0374577791751
393242930476399502,0.0,0.0,0.0,0.0,0.0
393342930527369802,0.0,0.0,0.0,0.0,0.0
393542930480018402,0.0,0.0,0.0,0.0,0.0
393742930520197501,0.0,0.0,0.0,0.0,0.0
393742930545799702,0.0,0.0,0.0,0.0,0.0
394042929514211502,0.0,0.0,0.0,0.0,0.0
394042930459453101,0.0,0.0,0.0,0.0,0.0
394442928121460502,3.25,2.3819529326791575,9.435448577680525,0.0,9.527811786365023
394442930510586502,0.0,0.0,0.0,0.0,0.0
394542930458628602,0.0,0.0,0.0,0.0,0.0
394542930461458602,0.0,0.0,0.0,0.0,0.0
394842928269821601,0.0,0.0,0.0,0.0,0.0
394942930455046402,0.0,0.0,0.0,0.0,0.0
395242930457477202,0.0,0.0,0.0,0.0,0.0
395242930527336501,0.0,0.0,0.0,0.0,0.0
395442930465144201,0.0,0.0,0.0,0.0,0.0
395542930452254701,0.0,0.0,0.0,0.0,0.0
395642930474569001,0.0,0.0,0.0,0.0,0.0
395642930479548602,4.777777671813965,16.86662468112245,1062.5975510204082,79.25541687011719,1062.597337858239
395942928191430301,3.200000047683716,19.348949291087962,257.0,94.70626068115234,870.7026745445198
396042929762471102,0.0,0.0,0.0,0.0,0.0
396042930508149701,0.0,0.0,0.0,0.0,0.0
396142929020966702,0.0,0.0,0.0,0.0,0.0
396142930508118401,0.0,0.0,0.0,0.0,0.0
396242930474193301,0.0,0.0,0.0,0.0,0.0
396242930530884601,3.746478796005249,16.75557638888889,318.6020740740741,157.14356994628906,1189.645923019409
396242930540908902,0.0,3.594479260161559,0.0,81.10173797607422,330.6920836614524
396442930549904601,2.6666667461395264,2.327086213138494,8.951026856240127,3.000523090362549,20.943775504435155
396742930534244302,0.8571428656578064,12.810441419431946,118.61867266591676,127.13597106933594,2152.154221146394
396842928607154801,0.0,0.0,0.0,0.0,0.0
396842930527885301,3.411764621734619,8.588706323655986,168.14300847457628,16.396493911743164,292.01601696014404
396942930477809802,0.0,0.0,0.0,0.0,0.0
396942930516506501,1.9821428060531616,16.416936263972485,122.46741186586415,58.05390930175781,919.3484126293547
396942930529685301,0.0,0.0,0.0,0.0,0.0
396942930546900402,0.7333333492279053,19.228767381547968,211.78163625662154,164.48126220703125,2307.452035726555
397042930476226001,0.0,0.0,0.0,0.0,0.0
397242930538647501,0.0,0.0,0.0,0.0,0.0
397642930475479502,0.0,0.0,0.0,0.0,0.0
397842930476469701,0.0,0.0,0.0,0.0,0.0
397842930529378901,0.0,0.0,0.0,0.0,0.0
398342930477370602,1.0,26.090727982954544,20.087272727272726,0.0,26.090727982954544
398342930509659302,0.0,0.0,0.0,0.0,0.0
398542928779258801,0.0,0.0,0.0,0.0,0.0
398642930464486202,0.0,0.0,0.0,0.0,0.0
398742930474713601,3.4945054054260254,10.739844726155768,312.5301957517701,156.4473114013672,977.3258919197536
398742930527440801,0.0,0.0,0.0,0.0,0.0
398942928695745901,0.0,0.0,0.0,0.0,0.0
398942930516805102,0.0,20.09152863465665,0.0,152.32400512695312,1486.7731769790978
399042930516875102,0.0,0.0,0.0,0.0,0.0
399042930533094102,2.9589040279388428,32.87137234446131,249.4317147192716,150.50416564941406,2399.610191495719
399242930463225402,4.733333110809326,8.557039328801226,71.15779394867867,9.70110034942627,128.35559472413138
399342929373145101,3.3913042545318604,7.187553979698781,80.43622389566028,14.172417640686035,165.31374451351707
399642927979893401,0.0,0.0,0.0,0.0,0.0
399642930527611501,0.0,0.0,0.0,0.0,0.0
399742930528621802,0.0,0.0,0.0,0.0,0.0
399742930542355302,0.0,0.0,0.0,0.0,0.0
399842930477787802,0.0,0.0,0.0,0.0,0.0
399842930518555101,0.0,0.0,0.0,0.0,0.0
401442930456696401,4.285714149475098,15.77247754685873,399.54876778896215,130.0485076904297,1214.4807532647135
401442930533792802,0.0,0.0,0.0,0.0,0.0
401542930528130801,2.6222221851348877,8.639799398654052,369.07889125799574,47.379940032958984,388.7909824529818
401642930471936801,0.0,0.0,0.0,0.0,0.0
401742928921383502,0.0,0.0,0.0,0.0,0.0
401942930466958002,0.0,0.0,0.0,0.0,0.0
402142930516212601,3.0,7.1466083076889735,149.47226074895977,104.41346740722656,736.1006325207206
402142930525329602,0.0,0.0,0.0,0.0,0.0
402242930220850201,0.0,0.0,0.0,0.0,0.0
402542930529279302,13.0,20.716786763001313,20.716791592612626,3.369753837585449,20.716786763001313
402642930511105501,0.0,0.0,0.0,0.0,0.0
402742930476771901,0.0,0.0,0.0,0.0,0.0
402742930528567501,0.0,0.0,0.0,0.0,0.0
402742930538104702,0.0,0.0,0.0,0.0,0.0
402842928726872901,2.351351261138916,9.793386982313123,180.7212315306791,67.03620910644531,724.7106154616964
402842930543174502,3.0625,9.641649969692889,186.99299568965517,90.44027709960938,462.7991817942981
403042930510952501,0.0,0.0,0.0,0.0,0.0
403242930464977002,0.0,0.0,0.0,0.0,0.0
403342930479456202,0.8333333134651184,3.6434125033291904,2.221590909090909,2.451686143875122,21.860475702719256
403442928135526702,0.0,0.0,0.0,0.0,0.0
403542930459240401,0.0,0.0,0.0,0.0,0.0
403642930457403402,0.0,0.0,0.0,0.0,0.0
403642930549127701,10.083333015441895,9.443349405452436,65.33410672853829,44.9139518737793,226.64037684464952
404042930534149001,0.0,0.0,0.0,0.0,0.0
404142930516623201,2.3108108043670654,5.460174084771715,70.79777282850779,59.895870208740234,404.05289835090895
404142930543207202,4.037036895751953,11.60486059594461,93.39307616221562,37.64594268798828,313.33124331088493
404342928592736402,3.200000047683716,4.25351854883982,17.41946107784431,5.676427841186523,42.53518585387818
404342929161928001,3.220339059829712,3.9235835746055723,73.79724739845585,35.833377838134766,231.491422255914
404342930530378302,0.0,0.0,0.0,0.0,0.0
404342930530450502,0.0,0.0,0.0,0.0,0.0
404542928009669402,0.0,0.0,0.0,0.0,0.0
404542930516805801,4.42307710647583,6.5070620758984665,98.67243025885901,46.20564651489258,169.18361097145512
404742930534327401,0.0,0.0,0.0,0.0,0.0
404942928243018501,3.558823585510254,21.07473104508197,645.9478390461996,168.4563446044922,2149.622540951012
404942930462232801,12.105262756347656,25.682272811967632,191.94548551959113,52.2725944519043,487.96319299337205
405242929965425402,0.0,0.0,0.0,0.0,0.0
405242930075763902,0.0,0.0,0.0,0.0,0.0
405242930542378301,0.0,0.0,0.0,0.0,0.0
405342930516793902,0.0,0.0,0.0,0.0,0.0
405442930463122202,2.985074520111084,6.072784075108706,64.75032864799272,68.73188781738281,406.8765245600216
405642929034787301,0.0,0.0,0.0,0.0,0.0
405642930454048701,0.0,0.0,0.0,0.0,0.0
405742930435843402,0.0,0.0,0.0,0.0,0.0
405742930547082702,0.0,0.0,0.0,0.0,0.0
405942930463724801,0.0,0.0,0.0,0.0,0.0
406042930527059902,0.0,0.0,0.0,0.0,0.0
406142930253488602,3.2708332538604736,8.241338561286584,191.46295759683184,98.34174346923828,791.1685316140532
406142930465603601,0.0,0.0,0.0,0.0,0.0
406142930480624702,0.0,0.0,0.0,0.0,0.0
406142930519779901,0.0,0.0,0.0,0.0,0.0
406242930448090402,0.0,0.0,0.0,0.0,0.0
406242930457494901,3.651515245437622,5.571614801036616,99.98077244607926,51.97712707519531,367.7265958022242
406242930532467501,0.0,7.980433713873861,139.6366742596811,67.87186431884766,486.80646963217265
406542930547152702,4.0,2.026959492405422,2.0271966527196654,0.27126574516296387,2.026959492405422
406642930549402802,0.0,0.0,0.0,0.0,0.0
406742930453129401,0.0,0.0,0.0,0.0,0.0
406842930476564801,0.0,0.0,0.0,0.0,0.0
406842930550301202,0.0,0.0,0.0,0.0,0.0
407042930462689801,0.0,0.0,0.0,0.0,0.0
407042930516282502,0.0,0.0,0.0,0.0,0.0
407142930456439801,3.1690139770507812,3.053682375933416,130.54791537025514,32.72140121459961,216.81143882460822
407142930461291902,0.0,0.0,0.0,0.0,0.0
407242930448943101,0.0,0.0,0.0,0.0,0.0
407342930458624101,0.0,0.0,0.0,0.0,0.0
407342930463113101,0.0,0.0,0.0,0.0,0.0
407442929091989401,0.0,0.0,0.0,0.0,0.0
407442930545205401,0.0,0.0,0.0,0.0,0.0
407642930469038001,0.0,0.0,0.0,0.0,0.0
407742930465061701,0.0,0.0,0.0,0.0,0.0
407742930544345001,6.166666507720947,8.03733939178719,25.50413223140496,5.99097204208374,48.224034030378355
407942930473018401,0.0,0.0,0.0,0.0,0.0
408042930479169602,0.0,0.0,0.0,0.0,0.0
408242930522563502,0.0,0.0,0.0,0.0,0.0
408242930526666201,0.0,0.0,0.0,0.0,0.0
408342930477095702,0.0,0.0,0.0,0.0,0.0
408342930534809402,0.0,0.0,0.0,0.0,0.0
408842930457682702,0.0,0.0,0.0,0.0,0.0
408842930529595802,43.16666793823242,1.784906638860597,10.709458861039765,1.378604531288147,10.709439562881249
409142930517800302,0.6902654767036438,33.276773939220185,511.58715596330273,407.18115234375,3760.2752932044855
409242930459718201,3.0512821674346924,9.629741949339332,234.16058143346407,79.1574478149414,1126.6798110486063
409242930471121901,0.0,0.0,0.0,0.0,0.0
409242930530387301,0.0,0.0,0.0,0.0,0.0
409242930538171502,0.0,0.0,0.0,0.0,0.0
409342930474059602,3.875,5.432562547685656,46.637029501525944,10.010184288024902,86.92100347012493
409342930526145602,0.0,0.0,0.0,0.0,0.0
409542930342586901,0.0,0.0,0.0,0.0,0.0
409542930472605301,2.0,21.789454091893564,1188.8033209570958,373.2087097167969,2048.2087599121696
409542930532421802,0.0,0.0,0.0,0.0,0.0
409642930479184301,0.0,0.0,0.0,0.0,0.0
409742930518180302,0.0,7.198906923491379,0.0,2.591681480407715,28.79562735721983
411142930479404701,0.0,0.0,0.0,0.0,0.0
411342930458816501,0.0,0.0,0.0,0.0,0.0
411342930550028202,0.0,0.0,0.0,0.0,0.0
411442930515834401,0.0,0.0,0.0,0.0,0.0
411842928042083402,290.0,102.58514567090685,102.58514567090685,21.86491584777832,102.58514567090685
411942928213938501,3.200000047683716,8.592059252064109,164.01437591063623,88.33035278320312,730.3250585844124
412042930449031401,2.860214948654175,6.980569618255915,174.37276399307558,164.57489013671875,649.1929901307949
412142930453103101,0.0,0.0,0.0,0.0,0.0
412142930530157001,3.581395387649536,6.9577569104175545,167.2686940775458,76.27536010742188,598.3670958798136
412242930518214602,0.0,0.0,0.0,0.0,0.0
412342930289588601,0.0,0.0,0.0,0.0,0.0
412342930289643401,0.0,0.0,0.0,0.0,0.0
412342930532782902,0.0,0.0,0.0,0.0,0.0
412442930508733902,0.0,17.9785385624633,0.0,27.882572174072266,575.3132333537094
412542930544672702,0.0,0.0,0.0,0.0,0.0
412642930534747002,0.0,0.0,0.0,0.0,0.0
412742930460627101,0.0,0.0,0.0,0.0,0.0
412942930474369302,0.0,0.0,0.0,0.0,0.0
412942930474631602,0.0,0.0,0.0,0.0,0.0
413042930474117101,0.0,0.0,0.0,0.0,0.0
413042930548763702,3.028301954269409,7.529934183589911,103.13415492957746,76.93193054199219,798.1730036594655
413242930480593002,0.0,0.0,0.0,0.0,0.0
413342930468101401,1.890625,22.59177605680717,3494.0542635658917,272.9482727050781,4337.621139893236
413342930526388702,0.0,0.0,0.0,0.0,0.0
413942928707726702,0.0,7.525154873942324,128.69953375928165,305.5652770996094,1821.087556282693
413942930457365502,5.018181800842285,13.560846387725515,223.60309278350516,84.39017486572266,745.8465707965732
414042930526910902,0.0,0.0,0.0,0.0,0.0
414042930531468302,0.0,0.0,0.0,0.0,0.0
414142930458203501,0.0,0.0,0.0,0.0,0.0
414342930507824901,0.0,0.0,0.0,0.0,0.0
414342930510733001,0.0,0.0,0.0,0.0,0.0
414442930548842301,4.599999904632568,5.6825462693204125,105.38420019627085,49.3073844909668,312.5400491509517
414542930521761901,0.0,0.0,0.0,0.0,0.0
414642930550599801,0.0,0.0,0.0,0.0,0.0
414842930447360602,0.0,0.0,0.0,0.0,0.0
414942930465336301,0.0,0.0,0.0,0.0,0.0
415042930470615302,0.0,0.0,0.0,0.0,0.0
415142930516126502,0.0,0.0,0.0,0.0,0.0
415242930544952501,0.0,0.0,0.0,0.0,0.0
415342928086441102,2.5663716793060303,8.824073859421365,111.81206726013848,113.88031768798828,997.1203019446837
415642930459931101,3.2857143878936768,18.947506192835366,82.30243902439024,19.28272819519043,265.2650950362043
415642930475389902,2.402777671813965,4.6163745612189535,78.23607804489131,26.269742965698242,332.37897693935173
415742930478104002,0.0,0.0,0.0,0.0,0.0
415942930466888101,3.1666667461395264,11.213291405524606,106.53017641597029,106.19613647460938,336.39875333001464
416142930454167201,0.0,0.0,0.0,0.0,0.0
416242930455137601,0.0,0.0,0.0,0.0,0.0
416442929626364102,0.0,8.166520467836257,212.18421052631578,214.80311584472656,1853.8001754091497
416442930473063501,1.0,4.683541654336332,9.366161616161616,1.0136783123016357,9.367083308672663
416842930450242402,3.1372549533843994,7.592158986561334,85.48425839552239,105.49718475341797,774.4002390539468
416842930518543801,0.0,0.0,0.0,0.0,0.0
416842930543259501,0.0,0.0,0.0,0.0,0.0
417042930452964302,4.514705657958984,13.171346380121816,134.44939091915836,81.60676574707031,895.6515672297177
417042930452976501,0.06666667014360428,7.859865559592055,1.4048793494200773,77.3397445678711,471.59193470655737
417042930524389801,0.0,0.0,0.0,0.0,0.0
417142930459672401,0.0,0.0,0.0,0.0,0.0
417342930449522002,0.0,0.0,0.0,0.0,0.0
417542930525139002,0.0,0.0,0.0,0.0,0.0
418042930544336502,0.0,0.0,0.0,0.0,0.0
418342930508967902,3.3378379344940186,10.414565231079209,136.94962851026318,74.47640228271484,770.677840783965
418342930516375702,0.0,0.0,0.0,0.0,0.0
418442930528735301,6.470588207244873,15.219605928308823,118.93529411764706,22.10196304321289,258.73329440846163
418442930530225202,0.0,0.0,0.0,0.0,0.0
418642930452678002,0.0,0.0,0.0,0.0,0.0
418842930480448501,4.0,4.295672216403267,52.73292320746712,20.89249610900879,120.27882698586698
419042930534507802,0.0,0.0,0.0,0.0,0.0
419142930510250002,0.0,0.0,0.0,0.0,0.0
419142930528931202,4.348484992980957,6.938269255609684,90.00560968408621,55.24641799926758,457.9257884612645
419342930464253801,8.399999618530273,7.378651671719841,85.53030513754832,26.102380752563477,221.35953831500905
419342930464733702,0.0,0.0,0.0,0.0,0.0
419342930511050901,0.0,0.0,0.0,0.0,0.0
419442930446618101,0.0,0.0,0.0,0.0,0.0
419442930510332601,3.555555582046509,8.036158804657795,70.14068441064639,15.431794166564941,144.65086480782512
419542930460743402,4.7727274894714355,15.91200039505231,77.97297297297297,26.526931762695312,350.0640169557739
419642928135481802,2.9673912525177,5.672184031730222,90.85714285714286,152.78875732421875,521.8409155040691
419742930510455002,0.9444444179534912,9.42919872465892,27.874315223838934,27.206417083740234,169.725583607605
419742930526312002,0.0,0.0,0.0,0.0,0.0
419742930544479201,3.7204301357269287,13.05678886484687,246.26031957390146,123.29581451416016,1214.2814061330575
419942930519726001,0.0,0.0,0.0,0.0,0.0
419942930534902402,0.0,0.0,0.0,0.0,0.0
421142930524863402,0.0,0.0,0.0,0.0,0.0
421342930476293502,0.0,0.0,0.0,0.0,0.0
421542930478606501,0.0,0.0,0.0,0.0,0.0
421542930542662602,5.736842155456543,16.69580930486284,128.11886949293432,37.35602951049805,317.22037212470127
421742930472103102,2.729323387145996,6.448942940112269,515.3746787501691,211.78700256347656,857.7093996202512
421742930478809101,0.0,0.0,0.0,0.0,0.0
421742930527837001,0.0,0.0,0.0,0.0,0.0
421742930545929201,4.5,6.749178738272839,50.80352199323285,12.747152328491211,80.99014170989004
421842930464510002,0.0,0.0,0.0,0.0,0.0
421842930464512601,0.0,0.0,0.0,0.0,0.0
421842930530493601,13.0,149.58875479539643,149.5888746803069,18.551654815673828,149.58875479539643
421942930525619301,0.0,0.0,0.0,0.0,0.0
422042929012799102,3.4375,9.625921607171733,120.20439844760672,51.470821380615234,462.0442472213607
422242930462962702,3.6022727489471436,7.067612414201469,273.4477958236659,74.85029602050781,621.9498787361434
422242930464839802,3.795454502105713,14.850008479135479,225.84131736526948,59.52110290527344,653.400347675392
422242930519309302,2.3559322357177734,4.279045155574243,166.0505526189332,70.11148834228516,504.9273070093876
422342929348291702,2.2718446254730225,5.6291326222622775,81.46088967487417,45.07225036621094,579.8006588973864
422342930528770702,0.0,38.859443056623114,38.85933897002306,2.1570394039154053,38.859443056623114
422342930536281502,5.297872543334961,11.026710923638596,135.89818479596013,61.57185745239258,518.2554276556049
422442930532646302,0.0,0.0,0.0,0.0,0.0
422542929800558901,0.0,0.0,0.0,0.0,0.0
422642930533379302,0.0,0.0,0.0,0.0,0.0
422842930455013301,4.666666507720947,7.277564845162749,13.661482820976492,2.9234766960144043,21.832694888675405
422942930517743102,0.0,0.0,0.0,0.0,0.0
423042930220628402,0.0,0.0,0.0,0.0,0.0
423142930472510701,4.5,6.775607237085725,24.215145343454914,4.2142438888549805,27.102429309965746
423142930529658201,0.0,0.0,0.0,0.0,0.0
423342930462033501,3.0762712955474854,7.8995712618879885,448.0813666784079,111.48040008544922,932.1494102323504
423342930528595001,5.0,6.085414997147669,113.94588721069216,46.63140869140625,249.50201568802478
423342930541522601,0.0,0.0,0.0,0.0,0.0
423442930510727701,0.0,0.0,0.0,0.0,0.0
423742930476657202,0.0,0.0,0.0,0.0,0.0
423742930532899201,0.0,0.0,0.0,0.0,0.0
423842929307319302,0.0,0.0,0.0,0.0,0.0
423842930008236502,0.0,0.0,0.0,0.0,0.0
423842930456507002,9.878787994384766,12.943170792017227,153.9278846153846,31.800861358642578,427.12464751952734
423842930461862401,0.0,0.0,0.0,0.0,0.0
423942930473588601,0.0,0.0,0.0,0.0,0.0
424042930527942301,0.0,0.0,0.0,0.0,0.0
424442930526962502,0.0,0.0,0.0,0.0,0.0
424542930476618101,3.642857074737549,7.5938996300058035,333.94461487438855,65.22000122070312,744.2021918872846
424542930544796702,0.0,0.0,0.0,0.0,0.0
424842930455850101,3.6190476417541504,5.123324496677092,59.79523064894449,77.00341033935547,322.76944163138273
424842930525167202,0.0,0.0,0.0,0.0,0.0
424842930531682102,0.0,0.0,0.0,0.0,0.0
424942930478216002,0.0,0.0,0.0,0.0,0.0
424942930522432801,1.0,3.2180663052611167,3.218200620475698,0.288028746843338,3.2180663052611167
425042927982774902,1.0760869979858398,6.767201032178588,91.95281469314618,320.29620361328125,622.5825105390567
425042930527812502,0.0,0.0,0.0,0.0,0.0
425142930476491301,0.0,0.0,0.0,0.0,0.0
425142930517641001,6.130434989929199,9.14878277000523,54.64714086471409,24.629619598388672,210.42199842168364
425142930532447901,0.0,0.0,0.0,0.0,0.0
425342930452771101,0.0,0.0,0.0,0.0,0.0
425342930473661602,0.0,0.0,0.0,0.0,0.0
425442930517412402,0.0,0.0,0.0,0.0,0.0
425442930547332502,0.0,0.0,0.0,0.0,0.0
425542930467542701,2.5744681358337402,5.0358272686922145,75.36627361650811,95.86109924316406,473.3677658721012
425942930461917102,2.6764705181121826,6.066627257678438,70.53668241730912,119.94725036621094,618.795992834418
425942930525262001,0.0,0.0,0.0,0.0,0.0
426242930508104501,0.0,0.0,0.0,0.0,0.0
426242930541919002,4.55555534362793,17.852174036711165,94.85922330097087,17.716506958007812,160.66956455267749
426442929249040201,0.0,0.0,0.0,0.0,0.0
426442930508858402,5.0,7.628878522768287,7.628970163618864,1.0236966609954834,7.628878522768287
426542928728354801,0.0,0.0,0.0,0.0,0.0
426542930525179902,3.2537312507629395,19.45290390860589,280.2818371607516,113.86613464355469,1303.3445880264285
426642930476601002,0.0,0.0,0.0,0.0,0.0
426742930534010201,4.333333492279053,7.043124787909638,110.28727942602288,37.969547271728516,253.552504528579
426842928030317302,5.0,5.600352009929034,34.9746015936255,17.555234909057617,84.00528082144687
426842930531351102,5.265305995941162,20.031474304199218,210.4125,87.82723999023438,981.5422172904015
426942930534675001,0.0,0.0,0.0,0.0,0.0
427042929467119401,0.0,0.0,0.0,0.0,0.0
427042930472219801,4.79104471206665,9.05446747017587,183.8845160496864,72.53947448730469,606.6493339515116
427142929346284802,0.0,0.0,0.0,0.0,0.0
427142929816392201,3.0399999618530273,8.383217988568092,185.4105473965287,100.40467071533203,838.32181162223
427142930455661602,0.0,0.0,0.0,0.0,0.0
427142930519082401,0.0,0.0,0.0,0.0,0.0
427242930508481601,0.0,0.0,0.0,0.0,0.0
427242930549574301,4.202702522277832,10.453230800314534,384.070988598139,107.8642349243164,773.5391000233827
427342930454849801,0.0,0.0,0.0,0.0,0.0
427442930475405802,5.733333110809326,7.190199526711618,165.46721991701244,23.596471786499023,215.7059828129052
427542930524283402,0.0,0.0,0.0,0.0,0.0
427642930450569802,0.0,0.0,0.0,0.0,0.0
427642930532071401,3.118279457092285,6.0229647282311065,158.5675428988682,74.14907836914062,560.1356942981819
427642930546508501,0.0,0.0,0.0,0.0,0.0
427842930511054402,0.0,0.0,0.0,0.0,0.0
427942928225066301,2.9696969985961914,3.82003476142818,80.13159515499898,50.93046188354492,252.12228615550072
428042930534754302,0.0,0.0,0.0,0.0,0.0
428342930530081502,0.0,0.0,0.0,0.0,0.0
428442930475850102,0.0,0.0,0.0,0.0,0.0
428442930533635001,0.0,0.0,0.0,0.0,0.0
428542930545389202,0.0,0.0,0.0,0.0,0.0
428742930455226301,0.0,0.0,0.0,0.0,0.0
428842930515464502,3.0841121673583984,8.615165939084832,396.49631166436143,78.80245208740234,921.8227485174845
428942930452187902,2.954545497894287,7.669072331608953,156.80560247747746,232.4733123779297,843.5979843539698
429042930524070901,0.0,95.35918626827717,95.35918626827717,20.023351669311523,95.35918626827717
429142930549347602,0.0,0.0,0.0,0.0,0.0
429342928269818402,6.679999828338623,2.51197674151452,62.45276314177184,9.234333038330078,62.79942144551211
429342929417543301,0.0,0.0,0.0,0.0,0.0
429342930530952502,3.940298557281494,11.043071406320797,251.45355686452197,75.004150390625,739.8857749244127
429442930526423701,0.0,0.0,0.0,0.0,0.0
429542930463343201,0.0,0.0,0.0,0.0,0.0
429542930534678901,0.0,0.0,0.0,0.0,0.0
429742930480276102,2.75,10.251748533635125,25.764018691588785,3.014072895050049,41.00699375425915
429842929411157202,0.0,0.0,0.0,0.0,0.0
431142928242857102,0.0,0.0,0.0,0.0,0.0
431142930528814302,0.0,0.0,0.0,0.0,0.0
431342928188537602,0.5474860072135925,11.127842326238776,160.04190222813435,142.45321655273438,1991.8836690357527
431342930436036701,0.0,0.0,0.0,0.0,0.0
431442930460324301,0.0,0.0,0.0,0.0,0.0
431642930546311502,0.0,0.0,0.0,0.0,0.0
431742930460715902,0.0,0.0,0.0,0.0,0.0
431742930528369702,1.2799999713897705,7.262308690043065,25.68042768042768,43.32735824584961,181.5577165871584
431842930517103301,10.214285850524902,23.16720180738927,294.5008517887564,14.864352226257324,324.3408316981041
431942930461501701,3.155555486679077,13.495008680555555,362.66370370370373,123.23661041259766,1214.5508231966585
432042930475664902,0.0,0.0,0.0,0.0,0.0
432242930450432502,0.0,0.0,0.0,0.0,0.0
432342930529109301,3.78125,4.349169323305622,67.00746794420178,22.577756881713867,139.17341530993235
432442929687010202,0.0,0.0,0.0,0.0,0.0
432642930529775401,0.0,0.0,0.0,0.0,0.0
432642930544091501,5.473684310913086,9.193542635249367,153.39623837700762,19.919029235839844,174.67731150790783
432742930464778202,0.0,0.0,0.0,0.0,0.0
432942928887199501,0.0,0.0,0.0,0.0,0.0
433042930454629101,0.0,0.0,0.0,0.0,0.0
433042930523638701,0.0,0.0,0.0,0.0,0.0
433242930479913101,0.0,0.0,0.0,0.0,0.0
433242930517302902,0.0,0.0,0.0,0.0,0.0
433242930526829102,2.696629285812378,3.8264455447708987,192.59356418328088,69.1999740600586,340.55365623428753
433542930468923802,4.333333492279053,5.833261414894596,36.47086440209887,13.389824867248535,52.49935417242014
433542930546801001,0.0,0.0,0.0,0.0,0.0
433642930456624001,0.0,0.0,0.0,0.0,0.0
433742930524402901,3.909090995788574,15.456825588060463,111.2024456521739,20.762760162353516,170.02508233293244
434242930550216202,3.4166667461395264,14.806420961493309,115.02723644047899,18.813575744628906,177.6770475826008
434342928577579702,0.0,0.0,0.0,0.0,0.0
434442930476749802,3.1481480598449707,14.931145348316619,182.55587392550143,85.94684600830078,806.2818502830884
434542929543902501,0.0,0.0,0.0,0.0,0.0
434542930478188502,0.0,136.78132126567846,136.78135689851769,10.658967971801758,136.78132126567846
434542930516168402,0.0,0.0,0.0,0.0,0.0
434542930534207102,0.0,0.0,0.0,0.0,0.0
434642930525286701,0.0,0.0,0.0,0.0,0.0
434642930537432001,2.8548386096954346,17.621371854541735,323.20458265139115,104.36880493164062,1092.5250172217036
435142930542793802,0.0,0.0,0.0,0.0,0.0
435242930531846502,0.4722222089767456,4.533591529554134,45.033395505817566,51.537452697753906,326.41858420883193
435242930532869402,0.0,0.0,0.0,0.0,0.0
435342929013116401,0.0,0.0,0.0,0.0,0.0
435442930460426002,0.0,0.0,0.0,0.0,0.0
435442930518610701,1.6666666269302368,133.1185553925993,97.41516245487365,34.35818099975586,399.355676754287
435742930543774002,0.0,0.0,0.0,0.0,0.0
435842930478161502,0.0,0.0,0.0,0.0,0.0
435842930510965401,0.0,0.0,0.0,0.0,0.0
435942930527914001,0.0,0.0,0.0,0.0,0.0
436242930547456902,0.0,0.0,0.0,0.0,0.0
436342928726782501,0.0,0.0,0.0,0.0,0.0
436442930475111001,0.0,0.0,0.0,0.0,0.0
436542930542212901,0.0,0.0,0.0,0.0,0.0
436642930516141202,4.666666507720947,45.7567446666051,446.7125969708164,38.91136932373047,960.8916674678424
436842930473132001,0.0,0.0,0.0,0.0,0.0
436942930531863101,0.0,0.0,0.0,0.0,0.0
437142930549638801,13.0,145.82061148086524,145.82029950083194,15.685890197753906,145.82061148086524
437442930458940101,4.190476417541504,5.858802567977935,52.59330250181089,20.867958068847656,123.03485099408609
437642929456777302,0.0,0.0,0.0,0.0,0.0
437642929703857301,1.3703703880310059,16.948012868699884,863.1798396334478,202.30247497558594,1830.385385289242
437642930541280602,6.0,4.63200174712347,4.63195161528249,0.9190627932548523,4.63200174712347
437642930542057902,0.0,0.0,0.0,0.0,0.0
437842930531739502,0.0,0.0,0.0,0.0,0.0
438042930524689201,4.400000095367432,6.695253785810637,16.65878725590956,6.599363327026367,33.47626899178202
438242930467080401,3.2718446254730225,4.916713721061547,117.48517786561264,80.00880432128906,506.4215237721422
438242930510427602,9.100000381469727,2.4177701939119975,15.136116715815614,13.095222473144531,48.35540300079445
438442930516910302,0.0,0.0,0.0,0.0,0.0
438542928614385802,0.0,0.0,0.0,0.0,0.0
438542930008180002,0.0,0.0,0.0,0.0,0.0
438542930528147302,5.666666507720947,12.295217471272421,24.614349775784753,3.3631303310394287,36.885651319016254
438742930529846001,3.4375,4.7787939305294165,77.6737582849194,20.671829223632812,152.92140852879234
439242930508921102,0.0,0.0,0.0,0.0,0.0
439442930530243202,0.0,0.0,0.0,0.0,0.0
439642930518496702,0.0,0.0,0.0,0.0,0.0
439742929704304201,3.4558823108673096,11.50510318227377,188.26288659793815,81.00182342529297,782.347012936591
439742930468869302,0.0,0.0,0.0,0.0,0.0
439742930534365702,0.0,0.0,0.0,0.0,0.0
439942928197140001,0.0,0.0,0.0,0.0,0.0
439942929575556101,4.777777671813965,9.585857846962131,80.30482729920932,20.5844783782959,172.545442962964
441242928932386902,0.0,0.0,0.0,0.0,0.0
441242930516479301,0.0,0.0,0.0,0.0,0.0
441342930455691402,3.830188751220703,15.7898124841692,113.61904761904762,100.07939147949219,836.8600777838126
441342930538665302,4.607142925262451,14.068216990925869,243.53983389726238,102.59739685058594,787.8201710992283
441442930546173402,3.0,16.677729152740643,236.57553475935828,83.75358581542969,1084.0523580153358
441542930528341302,0.0,0.0,0.0,0.0,0.0
441642930543933102,0.0,0.0,0.0,0.0,0.0
441742930543287101,0.0,0.0,0.0,0.0,0.0
441842930450618302,1.7225130796432495,9.466441547439759,1115.3951807228916,156.7310791015625,1808.090299624851
441842930519782902,0.0,0.0,0.0,0.0,0.0
442042930522229201,2.5,3.8165260007600708,39.70798074486952,12.389093399047852,68.69747057929956
442142930450340102,0.0,0.0,0.0,0.0,0.0
442242928232687101,0.0,0.0,0.0,0.0,0.0
442242930456507901,4.349999904632568,5.23593680995142,41.05549830708082,18.44542694091797,104.71873668871132
442342928210699901,0.0,0.0,0.0,0.0,0.0
442442930537131802,11.296296119689941,2.72275390625,27.901923076923076,18.179805755615234,73.51435234424396
442542930464754601,0.0,0.0,0.0,0.0,0.0
442642930472517502,0.0,0.0,0.0,0.0,0.0
442642930516534602,0.0,0.0,0.0,0.0,0.0
442742930521986601,0.0,0.0,0.0,0.0,0.0
442742930541026901,3.0982143878936768,5.759717655617084,148.33430754242937,65.45829772949219,645.0883923819913
442842930460244201,0.0,0.0,0.0,0.0,0.0
443042929544004001,0.0,0.0,0.0,0.0,0.0
443042930544171201,0.0,0.0,0.0,0.0,0.0
443142930530546101,1.3775510787963867,11.002475272712472,115.45734288505373,78.41349029541016,1078.2425785263445
443142930531245401,4.158536434173584,7.169538788647105,139.1607424182749,88.11219787597656,587.9021599473987
443242928932549701,0.0,0.0,0.0,0.0,0.0
443642928242815302,0.0,0.0,0.0,0.0,0.0
443642930533744301,0.0,0.0,0.0,0.0,0.0
443742930527623402,0.0,0.0,0.0,0.0,0.0
443942930454346501,0.0,0.0,0.0,0.0,0.0
443942930515762202,5.800000190734863,5.876560958912998,18.25996677740864,9.301789283752441,58.76561095785857
444042930540957902,0.0,0.0,0.0,0.0,0.0
444042930547155601,0.0,0.0,0.0,0.0,0.0
444142930531489501,5.3684210777282715,15.69037883254717,225.95849056603774,114.0375747680664,894.3516163088241
444342929025526601,0.0,0.0,0.0,0.0,0.0
444342930453038602,0.0,0.0,0.0,0.0,0.0
444442930521385601,0.0,0.0,0.0,0.0,0.0
444642930473703801,0.0,0.0,0.0,0.0,0.0
444642930527844202,2.7119998931884766,6.5621086910642825,130.16283141570784,129.3721923828125,820.2636027190613
444642930534681902,0.0,0.0,0.0,0.0,0.0
445042930530644301,0.0,0.0,0.0,0.0,0.0
445042930538085702,0.0,0.0,0.0,0.0,0.0
445242928258168502,0.0,0.0,0.0,0.0,0.0
445442930509399801,4.039999961853027,6.064688207013575,122.90389140271493,46.934078216552734,303.23440574473386
445442930533671402,0.0,0.0,0.0,0.0,0.0
445542930184431601,1.0,86.35365833768267,172.70772442588728,21.906475067138672,172.70731667536535
445542930521743101,5.20895528793335,9.0209998069154,151.60171102661596,88.43379974365234,604.4069839230962
445642930526329602,0.0,0.0,0.0,0.0,0.0
445742929118695701,2.457831382751465,11.684567914766749,94.11048754822869,119.06353759765625,969.8191595502336
445742930525116902,4.074999809265137,12.809694308790384,168.9398948159279,92.03199005126953,1024.7755493691413
446042930461902202,0.6666666865348816,22.907800758339445,41.0,6.714848041534424,68.72340155906342
446042930480613802,0.0,0.0,0.0,0.0,0.0
446342930516040102,0.0,0.0,0.0,0.0,0.0
446542930079741302,0.0,0.0,0.0,0.0,0.0
446542930454596401,0.0,27.092701000171704,563.0027472527472,63.17444610595703,2302.8796198603873
446642930527472202,0.0,0.0,0.0,0.0,0.0
446942930447130201,0.0,143.010390664004,143.0104842735896,21.85283660888672,143.010390664004
447042928757899402,0.0,0.0,0.0,0.0,0.0
447142930477449802,0.0,0.0,0.0,0.0,0.0
447142930543077802,0.0,0.0,0.0,0.0,0.0
447242930464320602,0.0,2.9923354273222773,0.0,5.164964199066162,29.923354601165336
447242930465702601,3.5342466831207275,7.584316275845358,114.6295498600043,77.62397003173828,553.6551150556733
447342930520081202,0.0,0.0,0.0,0.0,0.0
447342930545466902,0.0,0.0,0.0,0.0,0.0
447442930459006701,3.2352941036224365,8.696436406219103,95.36296223057148,83.38994598388672,591.3576547065601
447742930527213302,0.0,0.0,0.0,0.0,0.0
447842929222943602,7.5,13.64358582645025,27.286976565501345,6.832869529724121,54.5743448064733
447842930509520701,0.0,0.0,0.0,0.0,0.0
447942930459258802,1.917582392692566,4.796767298515377,517.407211028632,201.6253662109375,873.01162311558
448042928636802302,2.25301194190979,5.108171270199173,423.97807841663536,55.40855026245117,423.9782070700841
448242930159026302,4.323529243469238,25.246940888554217,312.0035435861091,77.88953399658203,858.3959466412421
448442930533817702,0.0,9.759366122159092,0.0,90.73004913330078,780.7492927104444
448642930531059601,2.5619046688079834,6.215892920461331,110.44938787697821,92.86750030517578,652.6687584253666
448642930537036702,0.0,0.0,0.0,0.0,0.0
448742930530409801,3.784313678741455,10.123300723293768,90.55786350148368,61.0538330078125,516.2883094634783
448742930542480601,1.0,16.727255773222627,33.454592631032696,4.940704822540283,33.45451053288791
448942929424332001,0.0,0.0,0.0,0.0,0.0
448942930460387202,3.3214285373687744,60.552994266633064,492.23387096774195,141.81387329101562,3390.967661250022
449042930480604502,0.0,0.0,0.0,0.0,0.0
449142930220905101,3.2432432174682617,10.91533309401451,130.5235792019347,70.53655242919922,403.86730958126765
449342930472986802,3.133333444595337,8.690645016498447,83.87461180124224,53.32932662963867,521.4387103356189
449542930529138102,4.153846263885498,7.655866778884715,142.99330913082022,25.87504005432129,298.57881675796546
449542930541325102,0.0,0.0,0.0,0.0,0.0
449842930012267802,0.0,0.0,0.0,0.0,0.0
449942928143339102,0.0,0.0,0.0,0.0,0.0
451342928303933502,3.25,14.656046079813747,95.2492130115425,6.405047416687012,117.24837011955718
451342929091219502,0.0,0.0,0.0,0.0,0.0
451342929118629102,2.471698045730591,5.264734783298803,105.2273608233643,52.52678680419922,279.030944541743
451542930462958501,0.0,0.0,0.0,0.0,0.0
451642930515849801,3.0,7.660982365045942,56.792036753445636,18.487518310546875,245.1514268580111
451642930516655801,0.0,0.0,0.0,0.0,0.0
451742930546667901,3.194444417953491,7.1188824857414446,237.1887452471483,187.15164184570312,768.8393067311334
451842930530890901,0.0,0.0,0.0,0.0,0.0
451842930539712002,0.0,0.0,0.0,0.0,0.0
452042928113086902,0.0,0.0,0.0,0.0,0.0
452042929606028501,0.0,0.0,0.0,0.0,0.0
452042930474775901,0.0,0.0,0.0,0.0,0.0
452042930529364501,3.5932202339172363,7.527711871923367,143.60490487383032,66.10691833496094,444.1350049570324
452142930534008702,3.673469305038452,4.262030946289732,45.32174708438143,33.850467681884766,208.83952100899026
452142930540910401,0.0,0.0,0.0,0.0,0.0
452242930543963002,2.5,3.450999580342672,6.90194489465154,1.3770719766616821,6.901999386793818
452342930452739702,0.0,0.0,0.0,0.0,0.0
452342930540695301,0.0,0.0,0.0,0.0,0.0
452442930519503202,4.0,8.7469450101833,8.74704684317719,1.2761478424072266,8.7469450101833
452542929012692802,0.0,0.0,0.0,0.0,0.0
452842930477818401,3.284090995788574,14.436946731677159,328.58992805755395,102.17074584960938,1270.4513234907774
453142929766029601,2.9137930870056152,12.986449077813678,170.54281098546042,76.79376220703125,753.214071576802
453142930458014602,0.0,0.0,0.0,0.0,0.0
453142930460223101,3.2926828861236572,8.347032750454192,190.22475992732936,139.82257080078125,684.4566737627197
453142930509752902,0.0,0.0,0.0,0.0,0.0
453242930549785802,3.4795918464660645,7.749159180095561,135.734135130716,69.42803955078125,759.4175812865907
453342930528236201,0.0,0.0,0.0,0.0,0.0
453442930510558902,0.0,0.0,0.0,0.0,0.0
453542930451520802,0.0,0.0,0.0,0.0,0.0
453642930536070902,0.0,0.0,0.0,0.0,0.0
453642930550812901,0.0,0.0,0.0,0.0,0.0
453742930460363401,0.0,0.0,0.0,0.0,0.0
453942928878217602,0.0,0.0,0.0,0.0,0.0
454242930477045102,0.0,0.0,0.0,0.0,0.0
454342930542587602,0.0,4.241522178314537,0.0,24.114253997802734,203.593067999473
454442930458915501,4.153846263885498,29.52915291529153,256.9441694169417,71.8445053100586,383.87899709770784
454442930539269601,0.0,0.0,0.0,0.0,0.0
454842930525563501,1.1428571939468384,4.409483220384713,614.6786439817166,139.79067993164062,864.2586969755337
454942930543521201,3.8210525512695312,7.929519326143846,231.77473408745567,72.47765350341797,753.3043130375174
455042930478737701,0.0,0.0,0.0,0.0,0.0
455042930544365902,0.0,0.0,0.0,0.0,0.0
455142930449806501,4.842857360839844,10.429840037889132,155.53304205352268,90.04043579101562,730.0887894039269
455142930473987601,0.0,0.0,0.0,0.0,0.0
455142930475151802,0.0,0.0,0.0,0.0,0.0
455142930517384102,4.470588207244873,27.982471636146496,238.5796178343949,43.321380615234375,475.7020390504485
455242930508988402,0.0,0.0,0.0,0.0,0.0
455242930525565202,0.0,0.0,0.0,0.0,0.0
455542930543803602,0.0,0.0,0.0,0.0,0.0
455642930534616002,0.0,0.0,0.0,0.0,0.0
455742930464265902,0.0,0.0,0.0,0.0,0.0
455842928153642502,0.0,0.0,0.0,0.0,0.0
455842929927453401,4.744680881500244,24.87366732094442,348.0018075011297,44.72241973876953,1169.062373116929
455942930543789701,0.0,0.0,0.0,0.0,0.0
456042930456447502,0.0,0.0,0.0,0.0,0.0
456242929514231701,3.318681240081787,8.11477730021907,363.88459218338255,0.0,738.4447486115156
456342930536247302,0.0,0.0,0.0,0.0,0.0
456342930544849801,0.0,0.0,0.0,0.0,0.0
456442930460584501,4.263157844543457,13.06100910232266,91.2435655994978,75.0940933227539,496.31834983466484
456542930453086802,0.0,0.0,0.0,0.0,0.0
456542930535531102,0.0,0.0,0.0,0.0,0.0
456742929213571201,3.569999933242798,7.202879112054842,149.56505992929206,122.78065490722656,720.287937396866
456842930461438101,0.0,0.0,0.0,0.0,0.0
456842930477211101,0.0,0.0,0.0,0.0,0.0
457142930456083901,0.0,20.309825338375795,0.0,51.3153190612793,832.7028704357755
457142930456139802,0.0,0.0,0.0,0.0,0.0
457142930525741002,3.0714285373687744,21.870127897557328,255.8295114656032,24.353389739990234,306.18179773119607
457242930460414301,0.0,0.0,0.0,0.0,0.0
457542930525267002,1.0,1.7114322883189785,3.4228906886060764,0.0,3.4228645138688027
457742930540380202,0.0,0.0,0.0,0.0,0.0
457842930454640301,0.0,0.0,0.0,0.0,0.0
457842930539063701,4.17391300201416,12.053384541610663,250.07168458781362,50.26961898803711,554.4557034960784
457942930459386202,0.0,0.0,0.0,0.0,0.0
457942930474542201,4.333333492279053,5.760813643292683,27.800082214305288,7.7991743087768555,69.12976335152824
457942930531665701,0.0,0.0,0.0,0.0,0.0
458042930542087302,1.20895516872406,28.194416520979022,292.54125874125873,112.06934356689453,1889.0259365908748
458142930478821701,1.2988505363464355,19.01151448891932,161.64043824701196,81.84264373779297,1654.0017660843112
458242930524238502,0.0,0.0,0.0,0.0,0.0
458342930515579901,2.5999999046325684,6.805681887630378,17.522816166883963,3.7591590881347656,34.02840880154009
458442930457513502,0.0,0.0,0.0,0.0,0.0
458542930454771202,0.0,0.0,0.0,0.0,0.0
458842929605961902,0.0,0.0,0.0,0.0,0.0
458842930456663701,0.0,0.0,0.0,0.0,0.0
459042930546001801,3.384615421295166,6.460024469015921,61.35307438923964,20.214025497436523,167.96063349700518
459142930463034701,3.730769157409668,4.697098416289593,53.60633484162896,23.882226943969727,122.12455439364749
459242930454477302,0.0,0.0,0.0,0.0,0.0
459242930516648702,3.6853933334350586,7.894167084566648,195.655899116906,69.80624389648438,702.5808598830913
459442930468001301,0.0,0.0,0.0,0.0,0.0
459542930463913602,0.0,0.0,0.0,0.0,0.0
459742930530104301,0.02097902074456215,5.826943670897787,128.62867293316557,168.63058471679688,833.25292599675
459742930534620601,0.0,0.0,0.0,0.0,0.0
459842930469084801,0.0,0.0,0.0,0.0,0.0
459842930475160701,4.199999809265137,69.65441610646802,328.6046511627907,5.557948112487793,348.2720858551735
459842930477617001,0.0,0.0,0.0,0.0,0.0
459842930509910101,0.0,0.0,0.0,0.0,0.0
459842930526608101,3.9166667461395264,5.130695936011018,31.472900536033354,7.391196250915527,61.56835057779463
461142930540984802,3.4193549156188965,4.756251226933648,66.75480957989792,36.871490478515625,294.8875809584499
461242930531454902,0.0,0.0,0.0,0.0,0.0
461242930532147401,2.5172414779663086,4.0100975285947715,76.99826388888889,17.895854949951172,116.29282752517003
461442928235811802,0.0,0.0,0.0,0.0,0.0
461742930456999102,0.0,0.0,0.0,0.0,0.0
461742930519807502,5.300000190734863,3.802045500403551,24.599139090664515,0.0,38.02045487267117
461742930549960301,5.064516067504883,14.781986675195993,153.5452961672474,28.822843551635742,458.24157045610275
461842929550832801,0.0,0.0,0.0,0.0,0.0
461842930455301401,0.0,0.0,0.0,0.0,0.0
462042930475984002,0.0,0.0,0.0,0.0,0.0
462342927979813301,0.0,0.0,0.0,0.0,0.0
462342928855343602,3.08695650100708,6.002002677100494,35.368318337346345,17.750139236450195,138.04606241485553
462442930516228901,4.138888835906982,7.631734005059827,58.0173116089613,23.890302658081055,274.742425285386
462542930518806401,0.0,8.501713582604182,0.0,117.93155670166016,459.092527500126
462742930459340401,0.0,0.0,0.0,0.0,0.0
462742930542168801,0.0,0.0,0.0,0.0,0.0
462842930525650701,0.0,0.0,0.0,0.0,0.0
463042930545892301,0.0,0.0,0.0,0.0,0.0
463242930452818801,0.0,0.0,0.0,0.0,0.0
463242930517357101,3.0714285373687744,56.536703051122934,259.5401891252955,80.09187316894531,791.5138390182603
463242930541785001,0.0,0.0,0.0,0.0,0.0
463342928232635702,0.0,0.0,0.0,0.0,0.0
463342930449213002,0.0,0.0,0.0,0.0,0.0
463342930478795301,1.5384615659713745,7.706805997045129,29.563037249283667,21.062389373779297,200.3769532880446
463342930545461902,0.0,0.0,0.0,0.0,0.0
463442930549415502,0.0,0.0,0.0,0.0,0.0
463542928021859501,0.0,0.0,0.0,0.0,0.0
463542928932642301,0.0,0.0,0.0,0.0,0.0
463542930142380002,0.0,6.581717288855351,9.87310606060606,2.3719472885131836,19.745152328953598
463542930468513501,0.0,0.0,0.0,0.0,0.0
463542930515915102,0.0,0.0,0.0,0.0,0.0
463742930457863702,0.0,0.0,0.0,0.0,0.0
463842928091046702,5.1052632331848145,2.7682868219928802,35.061204096927305,8.87385368347168,52.59744904608897
463942928119476901,0.0,0.0,0.0,0.0,0.0
463942929331512802,1.605263113975525,5.953883427461018,41.4200638737554,80.85966491699219,452.49514783120753
463942930540578001,0.0,0.0,0.0,0.0,0.0
464242930478339501,0.0,0.0,0.0,0.0,0.0
464442930451305101,3.452380895614624,5.317342247012897,91.50675063624207,55.764129638671875,446.65675023658986
464742928878383001,0.0,0.0,0.0,0.0,0.0
464842928168330801,2.949367046356201,5.67069623466425,113.34669284863132,31.05950164794922,447.9850081971066
464942930458282102,1.3333333730697632,12.264993288060644,296.36512950094755,146.08892822265625,1950.1339989106111
465042930548323001,290.0,631.3131313131313,631.3131313131313,112.47967529296875,631.3131313131313
465142930459723502,3.307692289352417,21.37720462328767,174.23287671232876,34.28720474243164,555.8073196620157
465242930476132702,0.0,0.0,0.0,0.0,0.0
465342930534731001,0.0,0.0,0.0,0.0,0.0
465442930525456901,1.0,8.659314417816365,159.32064700285443,110.49713134765625,779.3383110533659
465442930545557502,0.0,0.0,0.0,0.0,0.0
465742930536585001,0.0,0.0,0.0,0.0,0.0
465842930460001301,0.0,0.0,0.0,0.0,0.0
465842930528454901,0.0,0.0,0.0,0.0,0.0
466042928166732401,0.0,9.758594719292804,0.0,100.00117492675781,1327.1688605301433
466142930526490301,0.0,0.0,0.0,0.0,0.0
466242930455505001,1.260162591934204,10.014892525383452,106.39072513861885,171.30206298828125,1231.8318345547925
466242930525743701,1.7777777910232544,31.62130500245821,117.93411996066864,23.721643447875977,284.5917370401418
466342930457832802,9.0,135.77423347446052,128.4467358645179,22.129220962524414,135.77423347446052
466342930461729302,3.7011494636535645,25.223717206790123,592.9223985890652,126.95417785644531,2194.46335816089
466542930519226202,5.0,1.9912440833862888,1.9904306220095693,0.19814403355121613,1.9912440833862888
466642930524025601,0.0,0.0,0.0,0.0,0.0
466642930525797101,0.0,0.0,0.0,0.0,0.0
466842930545666201,0.0,0.0,0.0,0.0,0.0
466942930458474701,0.0,0.0,0.0,0.0,0.0
467042930458964601,0.0,0.0,0.0,0.0,0.0
467042930546302601,5.0,44.9367461201598,261.6121696373694,64.46367645263672,494.3041975681373
467142928570715002,0.0,0.0,0.0,0.0,0.0
467142930529166402,0.0,0.0,0.0,0.0,0.0
467142930541650701,0.0,0.0,0.0,0.0,0.0
467142930542033202,0.0,0.0,0.0,0.0,0.0
467142930549650102,0.0,0.0,0.0,0.0,0.0
467542930544167502,0.0,0.0,0.0,0.0,0.0
467642930475072302,0.0,0.0,0.0,0.0,0.0
468042930449809502,0.0,0.0,0.0,0.0,0.0
468042930473361702,0.9239130616188049,9.779047644616266,36.75211912943872,169.1278533935547,899.6723533110384
468042930474736401,0.0,0.0,0.0,0.0,0.0
468042930518820101,0.0,0.0,0.0,0.0,0.0
468042930529448601,0.0,0.0,0.0,0.0,0.0
468242930509685501,0.0,0.0,0.0,0.0,0.0
468342930448583102,0.0,0.0,0.0,0.0,0.0
468442930460274501,0.0,0.0,0.0,0.0,0.0
468442930474428202,0.0,0.0,0.0,0.0,0.0
468642928800830101,5.400000095367432,19.63754063778492,211.33518410286382,102.95279693603516,883.6893290392075
468742929127193901,0.0,0.0,0.0,0.0,0.0
468942930461994101,0.0,0.0,0.0,0.0,0.0
468942930529548902,0.0,0.0,0.0,0.0,0.0
469142930479823702,0.0,0.0,0.0,0.0,0.0
469142930532768202,2.814814805984497,15.580460438829787,293.5468085106383,47.82578659057617,420.67242694611247
469242930456536202,0.0,0.0,0.0,0.0,0.0
469242930464238102,0.0,0.0,0.0,0.0,0.0
469342930460128602,3.7162163257598877,5.656517776849949,84.04604316546762,102.05691528320312,418.5823198120494
469442930476395602,6.5,5.2501916639572,10.067391818396784,1.5005608797073364,10.5003833279144
469442930477083301,0.0,0.0,0.0,0.0,0.0
469542930534434102,0.0,0.0,0.0,0.0,0.0
469542930541619202,0.0,0.0,0.0,0.0,0.0
469642930530191302,0.0,0.0,0.0,0.0,0.0
469742930465097501,0.0,0.0,0.0,0.0,0.0
469742930471751402,0.0,0.0,0.0,0.0,0.0
469742930524778402,0.0,0.0,0.0,0.0,0.0
469842930547519201,0.0,0.0,0.0,0.0,0.0
471142930475783801,0.0,0.0,0.0,0.0,0.0
471142930508056702,0.0,0.0,0.0,0.0,0.0
471242928890508701,4.895522594451904,13.683600747939806,165.77463274811896,76.79452514648438,916.8012252091422
471242930517623201,0.0,2.4733736459871984,5.6846381093057605,1.6902978420257568,12.366868199884216
471442930519177702,0.0,0.0,0.0,0.0,0.0
471442930532511302,0.0,0.0,0.0,0.0,0.0
471642929346172602,0.0,0.0,0.0,0.0,0.0
471642930518281602,3.6935484409332275,14.346686308262711,314.2983050847458,74.86546325683594,889.4945139092914
471642930530253501,4.2727274894714355,5.032368351607191,57.33015527104331,54.41249084472656,276.7802683747909
471742930459609601,4.818181991577148,11.056683119098933,131.39326765188835,35.4453239440918,243.24702820676106
471942930509142702,0.0,0.0,0.0,0.0,0.0
471942930548031302,0.0,0.0,0.0,0.0,0.0
472042930464677601,0.0,0.0,0.0,0.0,0.0
472142930468182101,0.0,0.0,0.0,0.0,0.0
472142930475906602,0.0,0.0,0.0,0.0,0.0
472142930518773901,0.0,0.0,0.0,0.0,0.0
472142930532073701,3.615384578704834,1.8902318965446756,12.904761904761905,3.4090144634246826,24.573014088166065
472242930480688601,3.5,6.692906446747115,13.385099685204617,1.0270771980285645,13.38581289349423
472442929189265702,0.0,0.0,0.0,0.0,0.0
472442930516125302,0.0,0.0,0.0,0.0,0.0
472442930526224901,2.0,6.05694594461901,6.056873527101335,3.2678730487823486,6.05694594461901
472442930533753802,1.7692307233810425,10.032171167941364,79.21733588272785,10.086231231689453,130.41822759507946
472542930523904701,0.0,0.0,0.0,0.0,0.0
472542930528826501,0.0,0.0,0.0,0.0,0.0
472742930528923302,0.0,0.0,0.0,0.0,0.0
472842930524195801,0.0,0.00026888290982777515,0.0002444390124663896,1.86721736099571e-05,0.00026888290982777515
472842930529543301,0.0,0.0,0.0,0.0,0.0
472842930533150401,0.0,0.0,0.0,0.0,0.0
472942930480232901,0.0,0.0,0.0,0.0,0.0
472942930525044502,3.2857143878936768,3.968819583529689,72.23374175306314,34.94627380371094,222.25389349071853
473042930452072501,0.0,0.0,0.0,0.0,0.0
473142930458053402,0.0,16.95123366102812,0.0,133.95077514648438,813.6591930959262
473142930532079502,5.357142925262451,8.40465921516219,114.34746689345158,41.831825256347656,352.9956898546178
473642929189480701,0.0,0.0,0.0,0.0,0.0
473742930453944302,0.0,0.0,0.0,0.0,0.0
473742930525907602,0.0,0.0,0.0,0.0,0.0
474042930462750101,0.0,0.0,0.0,0.0,0.0
474142930476260601,0.0,0.0,0.0,0.0,0.0
474142930545496402,0.0,0.0,0.0,0.0,0.0
474242928759826901,0.0,0.0,0.0,0.0,0.0
474342927929265602,0.0,0.0,0.0,0.0,0.0
474442930463813901,3.2441861629486084,7.027056797055573,202.7781629986936,63.4451789855957,604.3268517996484
474742928592599302,0.0,0.0,0.0,0.0,0.0
474742930523946102,0.0,0.0,0.0,0.0,0.0
474742930545769002,0.0,0.0,0.0,0.0,0.0
474942930448140102,0.0,0.0,0.0,0.0,0.0
474942930480281202,3.8775510787963867,16.147960741611357,126.16666666666667,74.43006896972656,791.2500827825878
474942930522669201,0.0,0.0,0.0,0.0,0.0
475042930549926102,3.9879517555236816,4.61394580961152,109.81274519184767,71.1217041015625,382.95750741298866
475142930465272501,3.4749999046325684,8.403441224542929,63.324693358018976,48.76627731323242,336.1376510175172
475142930527132602,0.0,0.0,0.0,0.0,0.0
475342930533480402,0.0,0.0,0.0,0.0,0.0
475342930545136301,0.0,0.0,0.0,0.0,0.0
475442930472575302,3.095238208770752,24.45027290239726,421.67123287671234,176.27540588378906,2053.8230277074526
475742930461738401,5.523809432983398,12.599800857843137,269.09868562809737,93.0738525390625,793.7874448299922
475942930516528102,0.0,0.0,0.0,0.0,0.0
476142930470075602,0.0,0.0,0.0,0.0,0.0
476142930475967801,0.0,63.87251383882595,63.87229660144181,12.673598289489746,63.87251383882595
476142930527268702,0.0,0.0,0.0,0.0,0.0
476242930528458102,0.0,0.0,0.0,0.0,0.0
476342930515666102,0.0,0.0,0.0,0.0,0.0
476342930519796601,0.0,0.0,0.0,0.0,0.0
476442928043634301,0.0,0.0,0.0,0.0,0.0
476442930537266702,1.8831168413162231,8.921339952368692,102.71884654994851,91.19026184082031,686.9431924142258
476542930460255501,0.0,0.0,0.0,0.0,0.0
476542930469712102,0.0,0.0,0.0,0.0,0.0
476642930454569401,0.0,0.0,0.0,0.0,0.0
476642930543979702,0.0,0.0,0.0,0.0,0.0
476742930465546201,6.0,27.575923742138365,55.62452830188679,25.122644424438477,110.30369865369497
476942930455668701,0.0,0.0,0.0,0.0,0.0
476942930460860902,0.0,0.0,0.0,0.0,0.0
476942930540885102,0.0,0.0,0.0,0.0,0.0
477042930542571901,0.0,0.0,0.0,0.0,0.0
477242930476480602,2.5168540477752686,9.921264482355442,95.1047619047619,227.4823760986328,882.9925396354831
477342930525142301,5.666666507720947,10.26303390645917,64.01070950468541,14.764262199401855,153.9455132746154
477342930528510302,0.0,0.0,0.0,0.0,0.0
477442930476772902,0.0,0.0,0.0,0.0,0.0
477542927917445902,0.0,0.0,0.0,0.0,0.0
477542930455038201,3.70652174949646,4.744390970747414,111.3873398643557,78.84793853759766,436.48398860568926
478042929000168302,0.0,0.0,0.0,0.0,0.0
478142928664127601,0.0,0.0,0.0,0.0,0.0
478142930455427601,3.728813648223877,18.913542258522728,147.42454545454547,117.83902740478516,1115.8989442253112
478142930524314602,0.0,0.0,0.0,0.0,0.0
478242929417495501,2.113821029663086,5.68859612575173,247.2309088846023,116.00469970703125,699.6973217256789
478542930459497102,0.0,0.0,0.0,0.0,0.0
478642930509156802,0.0,0.0,0.0,0.0,0.0
478742930520008402,8.461538314819336,120.94899338942308,1013.8461538461538,47.23619842529297,1572.336925631303
478842930456813102,0.0,0.0,0.0,0.0,0.0
478842930539445902,0.0,0.0,0.0,0.0,0.0
479042929762446002,0.0,0.0,0.0,0.0,0.0
479142930544767301,0.0,0.0,0.0,0.0,0.0
479242928592717301,4.068493366241455,6.9342522006033755,155.42740395631253,144.38685607910156,506.20042565460193
479242930531187502,0.0,0.0,0.0,0.0,0.0
479342930540753401,0.0,0.0,0.0,0.0,0.0
479542930517473801,0.0,0.0,0.0,0.0,0.0
479542930544388701,0.0,0.0,0.0,0.0,0.0
479642929056654202,1.4726368188858032,4.368709467531359,860.0913900503456,119.02336883544922,878.1105778727762
479642930474220501,3.549450635910034,7.404471459101873,159.68799659477867,90.85265350341797,673.8068788703806
481142930475809902,4.0,12.551822024828768,34.87602739726027,5.4882354736328125,37.65546686877943
481242929456826602,0.0,0.0,0.0,0.0,0.0
481242930451908901,0.0,0.0,0.0,0.0,0.0
481242930531757002,0.0,0.0,0.0,0.0,0.0
481342930459210702,0.0,0.0,0.0,0.0,0.0
481442929372930702,0.0,0.0,0.0,0.0,0.0
481442930520024901,0.0,0.0,0.0,0.0,0.0
481542930531340702,4.042253494262695,40.43070707172927,877.9844559585492,121.5233154296875,2870.5802183003007
481642928135551001,0.0,0.0,0.0,0.0,0.0
481642928988313701,4.871794700622559,7.091223612647493,115.83738938053098,47.203311920166016,276.5577197398408
481842928748805202,0.0,0.0,0.0,0.0,0.0
481842930453811401,0.0,0.0,0.0,0.0,0.0
482542930460807101,1.6774193048477173,12.387156883445947,153.98918918918918,31.602121353149414,384.00186438302734
482642930450734601,0.0,0.0,0.0,0.0,0.0
482642930452915102,0.0,0.0,0.0,0.0,0.0
482642930549279601,5.8275861740112305,10.174992843158984,81.52659574468085,29.735233306884766,295.07479640608983
482742930509292102,0.0,0.0,0.0,0.0,0.0
482742930542291101,4.531914710998535,7.0956026582237275,100.67599947909883,51.6917724609375,333.4933183394088
482842928210538302,0.0,0.0,0.0,0.0,0.0
483042929346456101,0.0,0.0,0.0,0.0,0.0
483142930461766602,0.0,0.0,0.0,0.0,0.0
483142930477796401,0.0,0.0,0.0,0.0,0.0
483342930462087002,0.0,0.0,0.0,0.0,0.0
483342930545459401,0.0,0.0,0.0,0.0,0.0
483442930464676302,0.0,0.0,0.0,0.0,0.0
483442930474998302,3.3908045291900635,9.791586773239112,231.36223141445478,79.99406433105469,851.8680604647374
483442930545936002,0.0,0.0,0.0,0.0,0.0
483542930480032801,3.8255813121795654,9.463654496685574,132.66090343743593,82.0586166381836,813.8742970479844
483642930475599001,0.0,0.0,0.0,0.0,0.0
483742930523610901,3.159090995788574,21.958663617886177,513.5821138211383,161.8098907470703,1932.3623068200088
483842930469690901,4.400000095367432,5.530794579383886,13.231753554502369,3.5832042694091797,27.653973649011405
484042930520073202,0.0,0.0,0.0,0.0,0.0
484142928135303102,0.0,0.0,0.0,0.0,0.0
484142930463468802,0.0,0.0,0.0,0.0,0.0
484142930528446901,0.0,0.0,0.0,0.0,0.0
484342930479147702,0.0,0.0,0.0,0.0,0.0
484342930531945101,0.0,0.0,0.0,0.0,0.0
484342930533303902,0.0,0.0,0.0,0.0,0.0
484342930543059601,0.0,0.0,0.0,0.0,0.0
484542928130607802,3.58695650100708,7.700934881860115,212.49020992186766,69.03111267089844,708.486030042121
484542929606003201,0.0,0.0,0.0,0.0,0.0
484542930539665602,0.0,0.0,0.0,0.0,0.0
484842930465435302,1.1653543710708618,4.181069637719808,111.5937419188001,113.13523864746094,530.995853957755
485142930531284002,0.0,0.0,0.0,0.0,0.0
485342930532723502,0.0,0.0,0.0,0.0,0.0
485442930518017002,0.0,0.0,0.0,0.0,0.0
485542930527680002,0.0,0.0,0.0,0.0,0.0
485742930509804102,0.0,0.0,0.0,0.0,0.0
485742930524663902,0.0,15.952443072028252,0.0,122.54585266113281,1052.8612539458122
485942930543984301,3.409090995788574,6.602470283098119,83.68172043010753,22.28094482421875,145.25434768430648
486042928726241301,0.0,0.0,0.0,0.0,0.0
486042930519717701,0.0,0.0,0.0,0.0,0.0
486042930528603402,0.0,0.0,0.0,0.0,0.0
486242930517171402,4.169013977050781,6.568817995469628,121.72256253190403,79.08849334716797,466.38607099532106
486442930534310301,0.0,0.0,0.0,0.0,0.0
486542930464426302,4.400000095367432,7.211500706071196,31.075422626788036,9.816702842712402,72.1150052748979
486542930515998601,0.0,0.0,0.0,0.0,0.0
486942930462033301,0.0,0.0,0.0,0.0,0.0
486942930472886702,0.0,0.0,0.0,0.0,0.0
486942930508703401,3.454545497894287,5.095317443577304,142.48955916473318,99.48970794677734,504.4364356478064
487042930539321401,0.0,0.0,0.0,0.0,0.0
487042930550701502,4.7272725105285645,5.765915157353341,39.50027159152634,19.141841888427734,126.85013584880839
487142930459698301,4.051281929016113,6.035547502678093,102.69291198000357,51.05718994140625,235.3863438138194
487142930510011501,0.0,0.0,0.0,0.0,0.0
487242930477163901,1.9206348657608032,6.401582913561505,1007.452295519367,159.24143981933594,1209.8991846145489
487342930526627602,0.0,0.0,0.0,0.0,0.0
487542930524247701,4.237500190734863,6.9245641895957,168.6204877266164,90.22286987304688,553.9651584830269
487642929606077601,0.1071428582072258,7.982223960811132,55.153663177925786,144.5941162109375,670.5068335789482
488242930530102402,0.0,0.0,0.0,0.0,0.0
488442930479218601,0.0,0.0,0.0,0.0,0.0
488542930464707902,0.0,0.0,0.0,0.0,0.0
488642930527052801,0.0,0.0,0.0,0.0,0.0
488642930543643901,4.5,10.9895263671875,158.1527027027027,25.649084091186523,373.6439029178104
488742930458242901,0.0,0.0,0.0,0.0,0.0
488842930530153101,0.0,0.0,0.0,0.0,0.0
488942930477242701,0.0,0.0,0.0,0.0,0.0
489042930480486501,0.0,0.0,0.0,0.0,0.0
489142930460620301,0.0,0.0,0.0,0.0,0.0
489242930532832001,0.0,0.0,0.0,0.0,0.0
489342930137664202,0.0,0.0,0.0,0.0,0.0
489442930526872502,7.0,7.172869217867231,19.422033898305084,5.601577281951904,28.691476871468925
489542930456386201,0.0,0.0,0.0,0.0,0.0
489542930475798102,0.0,0.0,0.0,0.0,0.0
489642928042122902,3.6666667461395264,4.560734946849461,42.54731730427573,10.701898574829102,82.09322721433205
489942930465090901,15.0,39.40397764718805,35.82688927943761,9.001862525939941,39.40397764718805
489942930509169701,0.0,0.0,0.0,0.0,0.0
491142930509202201,0.0,0.0,0.0,0.0,0.0
491642930546620901,4.0,17.39924568965517,41.342645133129636,26.239927291870117,121.7947198275862
491642930546647202,0.0,0.0,0.0,0.0,0.0
491842930510073702,0.0,0.0,0.0,0.0,0.0
492442930546128301,2.375,4.471394463249516,13.853701424301038,2.7219910621643066,35.771157079743276
492842930316851101,2.0,31.88711332070707,150.93480257116622,12.79241943359375,159.43556884541437
492942928623687402,0.0,0.0,0.0,0.0,0.0
492942929501728001,2.3333332538604736,5.510649461556276,40.81519221861973,40.730037689208984,214.91533579258746
492942930452864802,0.0,3.5729466781720673,0.0,46.68067932128906,296.55457943197746
493042930456094501,4.0,8.372668982692883,24.54007177033493,3.5042524337768555,33.49067577905062
493042930526748301,0.0,0.0,0.0,0.0,0.0
493142930475772302,1.75,17.735141191893423,35.46938775510204,14.133393287658691,70.94056606292725
493142930480139801,0.0,0.0,0.0,0.0,0.0
493142930515680001,0.0,0.0,0.0,0.0,0.0
493142930524205602,4.541666507720947,9.371756002098861,163.5248008224107,104.64535522460938,674.7664258504786
493242928890484801,0.0,0.0,0.0,0.0,0.0
493242929649304202,0.0,0.0,0.0,0.0,0.0
493242930453365101,0.0,0.0,0.0,0.0,0.0
493442930510933301,0.0,0.0,0.0,0.0,0.0
493842930454422501,0.0,0.0,0.0,0.0,0.0
493842930458372701,0.0,0.0,0.0,0.0,0.0
494042930525265502,2.944444417953491,6.804411750351398,180.62993909105106,107.31720733642578,734.8764746835525
494042930533700802,0.0,0.0,0.0,0.0,0.0
494542930520051801,0.0,0.0,0.0,0.0,0.0
494542930526270702,3.5714285373687744,8.096726577504802,33.85531370038412,31.08916664123535,226.70833873870887
494842929189434001,4.434210300445557,10.983773938167557,269.4018691588785,93.38346862792969,834.7668564189102
494842930458101002,0.0,0.0,0.0,0.0,0.0
494942930527841402,0.0,0.0,0.0,0.0,0.0
495042930461272602,0.0,0.0,0.0,0.0,0.0
495242930523127401,0.0,0.0,0.0,0.0,0.0
495242930543124302,0.0,0.0,0.0,0.0,0.0
495342930475809001,0.0,0.0,0.0,0.0,0.0
495442930462856202,3.494252920150757,13.284481723864396,109.7565130260521,143.12088012695312,1155.7499045338245
495542930526511702,0.0,0.0,0.0,0.0,0.0
495742930516585401,0.0,0.0,0.0,0.0,0.0
495842930477300401,0.0,0.0,0.0,0.0,0.0
495842930532802501,0.0,0.0,0.0,0.0,0.0
495942930458591402,0.0,0.0,0.0,0.0,0.0
495942930536112302,0.0,0.0,0.0,0.0,0.0
496042930477707602,0.0,24.33163833058003,24.33186490455213,3.8449838161468506,24.33163833058003
496142929194472102,13.0,46.807699210337404,46.80768126346016,3.8109188079833984,46.807699210337404
496142930477137102,0.0,0.0,0.0,0.0,0.0
496142930536425402,0.0,0.0,0.0,0.0,0.0
496542930515960801,0.0,0.0,0.0,0.0,0.0
496542930526051401,3.8333332538604736,8.597326183431953,50.987692307692306,20.34699249267578,103.16790866106925
496642930459468201,0.0,0.0,0.0,0.0,0.0
496642930543573801,0.0,0.0,0.0,0.0,0.0
496842930471698401,0.0,0.0,0.0,0.0,0.0
497142929704040602,0.0,0.0,0.0,0.0,0.0
497142930458518502,0.0,0.0,0.0,0.0,0.0
497142930465289301,4.194805145263672,10.478209402901786,162.06910714285715,117.33964538574219,806.82212742533
497142930521572401,0.0,3.7020605673694913,9.976915005246589,2.8510360717773438,40.722665428489854
497242930524416802,0.0,0.0,0.0,0.0,0.0
497342930545824601,2.237036943435669,3.805052376614773,84.1841255382577,100.05126190185547,513.682057418899
497442928304094101,0.0,0.0,0.0,0.0,0.0
497442930480371302,0.0,0.0,0.0,0.0,0.0
497542930526277002,0.0,0.0,0.0,0.0,0.0
497642928726688401,4.625,8.664954036348266,42.642434488588336,16.922985076904297,69.31962898879966
497642929013014901,0.0,0.0,0.0,0.0,0.0
497942930474576401,0.0,0.0,0.0,0.0,0.0
498142930526916802,0.0,0.0,0.0,0.0,0.0
498442930448451801,0.0,0.0,0.0,0.0,0.0
498742930476930701,4.400000095367432,13.997973930544969,128.16158536585365,16.15061378479004,209.96960624834387
498742930535870002,4.113636493682861,7.0164367802148035,99.80538302277432,32.80366516113281,308.7232097819232
498942930455821102,1.5166666507720947,9.09862195522539,89.87123509197494,45.29961013793945,545.9173052600593
498942930509485002,0.0,0.0,0.0,0.0,0.0
499042930470319801,0.0,0.0,0.0,0.0,0.0
499142930456531901,0.0,0.0,0.0,0.0,0.0
499242930548738301,0.0,0.0,0.0,0.0,0.0
499342928759319702,3.5050504207611084,4.992584772589141,111.15121555915721,88.90264129638672,494.26588388007116
499342929816166302,0.0,0.0,0.0,0.0,0.0
499442929684697002,13.0,105.20587133135474,102.28986419642054,18.250341415405273,105.20587133135474
499742930529461601,0.0,0.0,0.0,0.0,0.0
499942928726148601,1.1951220035552979,10.05693515052779,40.05127100387764,101.21109008789062,824.6686558088626
499942930478076302,3.527777671813965,9.830977940155512,163.74229380727576,102.03829193115234,707.8304135063164
501242930542373002,0.0,0.0,0.0,0.0,0.0
501342930530242201,0.0,0.0,0.0,0.0,0.0
501442928865230702,0.0,0.0,0.0,0.0,0.0
501442929743318701,5.327272891998291,4.99469529199475,201.4971128608924,35.07828140258789,274.7082345817346
501942928159244701,0.0,0.0,0.0,0.0,0.0
502142930454972402,0.0,0.0,0.0,0.0,0.0
502242930519922101,0.0,0.0,0.0,0.0,0.0
502342930462673302,0.0,0.0,0.0,0.0,0.0
502342930526203701,4.65217399597168,17.75199496888784,271.1442974165091,105.00473022460938,816.591787032384
502442930518077802,4.220930099487305,3.658623099574512,266.28663345786634,28.86456871032715,314.6415958238272
502442930530766202,0.0,0.0,0.0,0.0,0.0
502742930470765201,0.0,0.0,0.0,0.0,0.0
503042929331684901,4.099999904632568,12.035828102635973,60.98091603053435,11.586729049682617,120.35828079340112
503142930507893702,0.0,0.0,0.0,0.0,0.0
503342929284336901,0.0,0.0,0.0,0.0,0.0
503342930510069202,1.3496932983398438,5.372766430549638,124.51881834966625,218.32875061035156,875.7609699562419
503442930457501602,0.0,0.0,0.0,0.0,0.0
503442930542795201,0.0,0.0,0.0,0.0,0.0
503542930544768701,0.0,0.0,0.0,0.0,0.0
503542930548255301,0.0,0.0,0.0,0.0,0.0
503642930289255802,0.0,0.0,0.0,0.0,0.0
503642930453436801,0.0,0.0,0.0,0.0,0.0
503642930474418101,0.0,0.0,0.0,0.0,0.0
503742930525386401,0.0,0.0,0.0,0.0,0.0
503942930478925301,3.8305084705352783,10.353451442988668,145.36203966005667,69.51486206054688,610.8536475335573
503942930528397202,1.4615384340286255,11.731695230335232,78.24890446976336,81.0086669921875,915.0722451581963
503942930549548401,0.0,0.0,0.0,0.0,0.0
504042930542576202,4.1891889572143555,18.916951355618465,124.59494773519164,45.19490051269531,699.9272287282379
504142930451421902,2.5,7.659106521982952,100.89232839838493,32.532386779785156,352.3189041322526
504342930526925301,3.357142925262451,17.866988894293126,193.5953307392996,159.53273010253906,1250.6892388607278
504642930530044501,0.0,0.0,0.0,0.0,0.0
504642930538397802,2.98305082321167,8.553935256140083,226.41135675696387,83.0748291015625,1009.3643375447739
504842930464703201,3.173076868057251,4.786679606067141,146.99683703543957,35.928985595703125,497.8146965142577
504942930451255101,0.0,0.0,0.0,0.0,0.0
504942930544768102,0.0,0.0,0.0,0.0,0.0
505142928247005002,0.0,0.0,0.0,0.0,0.0
505242930517313502,0.0,0.0,0.0,0.0,0.0
505242930543535301,2.5,7.43585323860863,92.97457501220315,141.7841033935547,594.868258912524
505342930478257402,0.0,0.0,0.0,0.0,0.0
505342930532382802,0.0,0.0,0.0,0.0,0.0
505542930457376602,0.0,0.0,0.0,0.0,0.0
505642930531559201,2.3333332538604736,18.983595463267545,56.95175438596491,5.0044026374816895,56.95078853138706
505742930454327802,0.0,0.0,0.0,0.0,0.0
505842930526220202,0.0,0.0,0.0,0.0,0.0
505942930528910001,0.0,0.0,0.0,0.0,0.0
506042929166340601,2.9220778942108154,5.044099236881937,66.04500504540867,66.29997253417969,388.39562989820985
506142930545523801,0.0,0.0,0.0,0.0,0.0
506242930535157402,0.0,0.0,0.0,0.0,0.0
506442930460633701,3.284210443496704,6.075379478132755,118.26788668320927,94.07880401611328,577.1610502411847
506442930463838902,2.74399995803833,4.4647924946379005,110.69715703591555,94.38646697998047,558.099048666802
506442930519662001,4.235294342041016,5.848385095412491,64.73014649190439,20.695016860961914,99.42254379064619
506442930539820501,0.0,0.0,0.0,0.0,0.0
506542929012850302,0.0,0.0,0.0,0.0,0.0
506642930510412501,0.0,0.0,0.0,0.0,0.0
506642930542825801,2.559999942779541,5.608084874280815,37.24319539721177,19.2477970123291,140.202125206593
506742930463954401,2.0199999809265137,10.344167721823311,110.78574176176433,152.12771606445312,1034.4167905201712
506842930476150901,0.0,0.0,0.0,0.0,0.0
506842930543581002,10.0,22.533489338079026,18.84953357404654,2.388073444366455,22.533489338079026
506942930473639902,4.666666507720947,37.52473250679348,417.5157004830918,76.19608306884766,1013.1677477832002
507242930478677602,0.0,0.0,0.0,0.0,0.0
507342930452489501,4.559999942779541,8.043041311919504,84.70975232198143,29.741252899169922,201.07603555271868
507442928025464301,6.160714149475098,15.282583197137061,170.13525698827772,102.32698059082031,855.824681810907
507442930534261702,0.0,0.0,0.0,0.0,0.0
507442930538366402,0.0,0.0,0.0,0.0,0.0
507542930459442602,0.0,0.0,0.0,0.0,0.0
507542930465039802,0.0,0.0,0.0,0.0,0.0
507642930462577801,0.0,0.0,0.0,0.0,0.0
507642930475155102,0.0,0.0,0.0,0.0,0.0
507642930539035801,4.169491291046143,7.507914759816942,123.17819310653823,53.01504898071289,442.9669740336088
507742930453695202,0.0,0.0,0.0,0.0,0.0
507742930476257801,0.0,0.0,0.0,0.0,0.0
507742930522315701,0.0,0.0,0.0,0.0,0.0
507842930477223801,0.0,0.0,0.0,0.0,0.0
507842930515435302,0.0,0.0,0.0,0.0,0.0
507842930520627202,0.0,14.975579331665728,0.0,21.32317543029785,179.70694743847767
507942930524452702,0.0,0.0,0.0,0.0,0.0
508042930460964002,2.6621620655059814,9.519966911400555,92.54041204437401,78.1921157836914,704.4775361576474
508542930520963101,0.0,0.0,0.0,0.0,0.0
508642930461811801,0.0,0.0,0.0,0.0,0.0
508642930477069102,0.0,0.0,0.0,0.0,0.0
508942930526551501,0.0,0.0,0.0,0.0,0.0
509042930526340202,4.270270347595215,15.87554937214612,356.49954337899544,100.86698913574219,1174.7906936105528
509042930533248102,0.0,0.0,0.0,0.0,0.0
509342930474233502,4.464788913726807,20.947256606612797,258.64379947229554,138.66029357910156,1487.25521854612
509342930516309802,0.0,0.0,0.0,0.0,0.0
509542930448255401,0.0,0.0,0.0,0.0,0.0
509542930541584802,0.0,0.0,0.0,0.0,0.0
509542930544989402,3.40816330909729,6.645595366759911,123.3718459495352,48.1911506652832,325.6341673973433
509642928052225901,0.0,0.0,0.0,0.0,0.0
509642930450791502,0.0,0.0,0.0,0.0,0.0
509642930520079401,0.0,0.0,0.0,0.0,0.0
509842930528199402,0.0,0.0,0.0,0.0,0.0
509942930458318801,0.0,0.0,0.0,0.0,0.0
509942930516833901,0.0,0.0,0.0,0.0,0.0
511242929721432102,0.0,0.0,0.0,0.0,0.0
511242930527800702,0.0,0.0,0.0,0.0,0.0
511342929613283702,0.0,0.0,0.0,0.0,0.0
511342930541133801,0.0,0.0,0.0,0.0,0.0
511742930476524002,0.0,0.0,0.0,0.0,0.0
511942930549594601,0.0,0.0,0.0,0.0,0.0
512042930474491802,0.0,0.0,0.0,0.0,0.0
512142930450743102,12.833333015441895,7.816304886751186,28.419928825622776,6.970588207244873,46.89783018933496
512142930510216902,0.0,0.0,0.0,0.0,0.0
512242930456751602,0.0,0.0,0.0,0.0,0.0
512242930517231702,0.0,0.0,0.0,0.0,0.0
512242930532860401,0.0,0.0,0.0,0.0,0.0
512342930524586101,0.0,0.0,0.0,0.0,0.0
512442930533583302,4.659999847412109,16.31677265750805,90.9549114331723,67.26627349853516,815.838628673707
512542930034890302,0.0,0.0,0.0,0.0,0.0
512542930447428101,0.0,0.0,0.0,0.0,0.0
512542930475376202,0.0,4.626072069834963,0.0,206.80699157714844,1124.1355686430243
512642930457716302,0.0,0.0,0.0,0.0,0.0
512742930537291401,0.0,0.0,0.0,0.0,0.0
512942930466301102,0.0,0.0,0.0,0.0,0.0
513042930464313501,0.0,0.0,0.0,0.0,0.0
513142930464625601,0.0,0.0,0.0,0.0,0.0
513242930478886801,3.8470587730407715,7.607978388167342,93.63713820723108,74.7178955078125,646.6781525000025
513242930526360602,4.310344696044922,7.628018613565488,140.591683991684,54.946502685546875,442.4250933958438
513342930456017302,0.0,0.0,0.0,0.0,0.0
513542930532871401,0.0,0.0,0.0,0.0,0.0
513742929664075601,0.0,0.0,0.0,0.0,0.0
513842930529817001,0.0,0.0,0.0,0.0,0.0
513842930547240801,2.112149477005005,9.289645473229342,182.34907251264755,116.99921417236328,993.9920651102549
514042930450771701,0.0,0.0,0.0,0.0,0.0
514042930480452202,0.0,0.0,0.0,0.0,0.0
514142930543922802,0.0,0.0,0.0,0.0,0.0
514242930474094101,0.0,0.0,0.0,0.0,0.0
514242930529829401,0.0,0.0,0.0,0.0,0.0
514342928021819501,5.566666603088379,14.583456234056122,228.41107871720118,56.270999908447266,437.50370273645694
514342930516646901,0.0,0.0,0.0,0.0,0.0
514342930544960202,0.0,0.0,0.0,0.0,0.0
514342930547228702,3.8499999046325684,4.724798547809288,52.538937654737786,20.411170959472656,94.4959723745697
514442930477650702,0.0,0.0,0.0,0.0,0.0
514642930517490501,0.0,0.0,0.0,0.0,0.0
514942930450840302,0.0,0.0,0.0,0.0,0.0
515042930519916902,0.0,0.0,0.0,0.0,0.0
515042930548602902,0.0,0.0,0.0,0.0,0.0
515142930476508902,0.0,0.0,0.0,0.0,0.0
515242930464587302,4.0,4.85155341818244,4.851750547045952,0.48851650953292847,4.85155341818244
515442930527986401,2.5658915042877197,5.475957341269841,203.9255873015873,262.501953125,706.3985065850152
515542930461758002,0.0,0.0,0.0,0.0,0.0
515542930522168902,0.0,13.798151940879146,0.0,17.31507110595703,68.99075970439573
515642930516671402,0.0,0.0,0.0,0.0,0.0
515642930545201102,0.0,0.0,0.0,0.0,0.0
515742929303612002,3.1808509826660156,6.277283024666878,123.8978426395939,65.52275848388672,590.0646164784375
515742930508268002,0.0,0.0,0.0,0.0,0.0
515742930516762801,0.0,0.0,0.0,0.0,0.0
515742930519307902,0.0,0.0,0.0,0.0,0.0
515842930509301901,0.0,0.0,0.0,0.0,0.0
515942930475211801,0.0,0.0,0.0,0.0,0.0
516142930459157302,0.0,0.0,0.0,0.0,0.0
516242929991282201,3.8378379344940186,29.048665364583332,269.7520325203252,66.2762222290039,1074.8006086892228
516242930526581001,0.0,0.0,0.0,0.0,0.0
516342930518380501,0.0,0.0,0.0,0.0,0.0
516542930462044701,0.0,0.0,0.0,0.0,0.0
516542930545901402,0.0,0.0,0.0,0.0,0.0
516642930538134302,0.21621622145175934,12.763155356562702,48.14554905782976,167.3152618408203,1416.7101914205668
516942930536217702,0.0,0.0,0.0,0.0,0.0
517042930456397402,0.0,0.0,0.0,0.0,0.0
517542930447311702,0.0,0.0,0.0,0.0,0.0
517542930543913501,0.0,0.0,0.0,0.0,0.0
517642930456732001,0.0,0.0,0.0,0.0,0.0
517742929083253102,2.5443038940429688,4.918225013258171,87.96134506599623,81.13865661621094,388.53977547914707
517742930459785702,0.0,0.0,0.0,0.0,0.0
517842930545188702,3.8333332538604736,6.131200269507187,15.004876796714578,5.565018653869629,36.78720178414827
517942930509245701,1.0,5.832689183801574,8.98371335504886,5.450685501098633,40.82882256357729
518142930464255502,0.0,0.0,0.0,0.0,0.0
518242929696964301,0.0,0.0,0.0,0.0,0.0
518242930460910601,3.0,46.14189692982456,46.141754385964916,2.8958349227905273,46.14189692982456
518242930480673301,0.0,0.0,0.0,0.0,0.0
518242930524234402,4.125,11.601006230221518,130.89113924050633,29.248380661010742,278.4241394236118
518242930534219002,3.2191781997680664,5.038402809196726,81.12446016534365,105.04039764404297,367.8033984439266
518542930531123101,0.0,0.0,0.0,0.0,0.0
518642930518090401,0.0,0.0,0.0,0.0,0.0
518842930459553101,0.0,0.0,0.0,0.0,0.0
518842930547093602,0.0,0.0,0.0,0.0,0.0
518942930456292602,0.0,0.0,0.0,0.0,0.0
519142930450171602,2.6666667461395264,2.6985797335874855,4.040091638029782,0.8830663561820984,8.095739025976787
519142930454298802,0.0,0.0,0.0,0.0,0.0
519242930535055702,0.0,0.0,0.0,0.0,0.0
519542930470388902,0.0,0.0,0.0,0.0,0.0
519542930528475701,0.0,0.0,0.0,0.0,0.0
519742930461844302,4.75,48.12404662763852,195.5527704485488,39.00904846191406,384.99236818982934
519842930451311602,4.195121765136719,18.894122497725206,278.65241128298453,84.0537109375,774.6590170118351
519842930473770402,0.0,0.0,0.0,0.0,0.0
519842930527443702,0.0,0.0,0.0,0.0,0.0
521242930456422201,0.0,0.0,0.0,0.0,0.0
521342929543705902,0.0,0.0,0.0,0.0,0.0
521442930446384001,0.0,0.0,0.0,0.0,0.0
521442930516243902,0.0,0.0,0.0,0.0,0.0
521442930550695802,0.46875,90.8868427579365,284.437641723356,76.87332153320312,8725.136708958078
521642929820882502,0.0,0.0,0.0,0.0,0.0
521642930466537502,4.94915246963501,21.915747549019606,194.69747899159663,125.96106719970703,1293.029139289001
521642930529911802,1.2957746982574463,18.535671280176416,32.4661095636026,86.50491333007812,1316.0326233016415
521742929248984702,2.3333332538604736,5.539840020676066,14.783303730017762,2.5840203762054443,16.619520062028197
521742930289474802,4.275362491607666,13.298323045516042,125.0641669887901,122.52755737304688,917.5842508080847
521742930476572201,0.0,0.0,0.0,0.0,0.0
521842930464664801,0.0,0.0,0.0,0.0,0.0
521942930518970902,0.0,0.0,0.0,0.0,0.0
522042930476800702,0.0,0.0,0.0,0.0,0.0
522142930469906601,0.0,0.0,0.0,0.0,0.0
522142930516375802,0.0,0.0,0.0,0.0,0.0
522242930459711202,0.0,0.0,0.0,0.0,0.0
522342930544686501,13.0,31.0622328864699,31.06195207481005,4.00993013381958,31.0622328864699
522642930515876402,0.0,0.0,0.0,0.0,0.0
522742930531960302,0.0,0.0,0.0,0.0,0.0
523042930525975001,0.0,0.0,0.0,0.0,0.0
523042930539813501,3.164705991744995,8.735416743237284,156.44575124963245,87.600341796875,742.5104130568557
523242930476453102,0.0,0.0,0.0,0.0,0.0
523242930533811701,0.0,0.0,0.0,0.0,0.0
523242930549913201,0.0,0.0,0.0,0.0,0.0
523342930527468302,0.0,0.0,0.0,0.0,0.0
523442930464798501,0.0,28.299833878226902,0.0,32.480506896972656,282.99833861641264
523442930543257102,0.0,0.0,0.0,0.0,0.0
523542930517232102,5.545454502105713,2.0827365201026766,18.725426857406553,4.832976341247559,22.910101178938966
523542930542853201,0.0,0.0,0.0,0.0,0.0
523742930476968902,3.2659573554992676,9.986959258306381,246.99686366754875,66.8401107788086,938.7741900067066
523742930530552602,4.209677219390869,5.736496538173653,111.66107784431138,67.84384155273438,355.6627971088577
523942930477531001,0.0,0.0,0.0,0.0,0.0
523942930545877502,0.0,0.0,0.0,0.0,0.0
524042930530774101,0.0,0.0,0.0,0.0,0.0
524242930532164301,1.5422885417938232,6.575057492669315,1321.5866439651911,148.95071411132812,1321.5865794841964
524342930456612601,3.7333333492279053,8.884320632745473,179.68648713060057,118.08544921875,666.3240659398278
524442927921789101,1.3823529481887817,8.71708835788281,99.21096363440164,144.9556884765625,1185.5239772436444
524442930457683001,0.0,0.0,0.0,0.0,0.0
524542929644301002,0.0,0.0,0.0,0.0,0.0
524542930448041102,3.4285714626312256,9.585795068851823,36.631497284716836,9.36007022857666,67.10056889121897
524542930453022401,0.0,0.0,0.0,0.0,0.0
524542930510187201,4.732394218444824,19.473239841403903,409.6816816816817,154.579833984375,1382.5999943694553
524542930517113001,0.0,0.0,0.0,0.0,0.0
524642929946600601,0.0,0.0,0.0,0.0,0.0
524642930507929602,0.0,0.0,0.0,0.0,0.0
524742930524493501,0.0,0.0,0.0,0.0,0.0
524742930524888502,0.0,0.0,0.0,0.0,0.0
524842930468636502,120.0,4.475761499297753,13.1833645443196,1.308821678161621,13.427284345495865
524842930525479102,0.0,0.0,0.0,0.0,0.0
524842930532705901,0.0,0.0,0.0,0.0,0.0
524942930528164202,0.0,0.0,0.0,0.0,0.0
525242930456243101,3.25,4.793456957039363,63.94173970312579,22.02497673034668,230.0859357684185
525242930476598501,2.2352941036224365,23.218708728247357,258.1044126786824,119.00346374511719,1578.8721271863333
525542929991226701,0.0,0.0,0.0,0.0,0.0
525542930519128501,0.0,0.0,0.0,0.0,0.0
525642930457580101,2.161616086959839,9.79831712110198,134.59890590540024,83.5853500366211,970.0333743250676
525642930515445502,0.0,0.0,0.0,0.0,0.0
525742930462141902,2.153846263885498,3.7735249442947456,77.86988288941859,23.78179168701172,147.16747221708025
525842930515830002,0.0,0.0,0.0,0.0,0.0
525942929013002102,0.0,0.0,0.0,0.0,0.0
525942930534269801,0.0,0.0,0.0,0.0,0.0
526142930525745102,2.4000000953674316,2.5742243664629765,8.053438773064942,0.9300185441970825,12.871121656800414
526242930448845701,2.7037036418914795,10.129041620460216,200.097033545883,127.65288543701172,1093.9365025185336
526342930527313402,0.0,0.0,0.0,0.0,0.0
526442930528398402,2.9000000953674316,5.330279998385013,92.74935400516796,49.987884521484375,373.1196083009705
526442930545311801,0.0,0.0,0.0,0.0,0.0
526742927905068101,0.0,0.0,0.0,0.0,0.0
526942930453045801,0.0,0.0,0.0,0.0,0.0
526942930507933602,0.0,0.0,0.0,0.0,0.0
527342930456726202,0.0,0.0,0.0,0.0,0.0
527342930533695601,1.7777777910232544,11.651246966019418,173.04349514563106,64.97611999511719,734.0285485232455
527442930528109502,6.25,12.462703797875381,272.5558307926829,83.43901062011719,448.65734896718004
527542930452604902,0.0,0.0,0.0,0.0,0.0
527542930455826401,0.0,0.0,0.0,0.0,0.0
527542930530669502,9.0,79.48694404823651,193.63070539419087,12.440299034118652,238.4608260665197
527742930508942102,0.0,0.0,0.0,0.0,0.0
527742930539602001,3.274193525314331,62.8833857721843,906.0443686006826,74.45944213867188,3898.7698324886196
527842930519336902,9.0,183.40923388993414,183.40921919096897,30.716745376586914,183.40923388993414
527942930509473501,0.0,0.0,0.0,0.0,0.0
527942930519957502,2.1666667461395264,1.0708595329878665,6.425682507583417,0.7523436546325684,6.425156842348429
527942930527946202,0.0,0.0,0.0,0.0,0.0
528042930531882502,3.0,7.676174545179436,189.68826545143833,67.98502349853516,752.2651059273742
528642930532677102,5.416666507720947,11.013295575606922,97.40082644628099,39.38745880126953,264.3190933731962
528842930448825702,0.0,0.0,0.0,0.0,0.0
528842930474056201,0.0,0.0,0.0,0.0,0.0
528842930537470801,0.0,0.0,0.0,0.0,0.0
528942930517857701,0.0,0.0,0.0,0.0,0.0
529042930452799502,0.0,0.0,0.0,0.0,0.0
529142930528514802,0.0,0.0,0.0,0.0,0.0
529242930549000602,4.483870983123779,6.129289632590576,70.60197312468107,29.84004783630371,190.00797514275519
529342930474315402,0.0,0.0,0.0,0.0,0.0
529342930527717402,3.7391304969787598,7.379225684006726,155.1519845111326,134.2788543701172,678.8887519813103
529442930477183002,0.0,0.0,0.0,0.0,0.0
529442930526829101,7.636363506317139,25.638359679580898,125.71539961013646,48.901214599609375,282.02196240936337
529542928990317602,4.324324131011963,9.200398737020766,145.5188498402556,40.32392501831055,340.4147540619579
529642930518469401,0.0,0.0,0.0,0.0,0.0
529742930460107701,6.199999809265137,11.788862689603631,81.24180690876882,36.242061614990234,294.7215628746445
529742930532663702,0.0,0.0,0.0,0.0,0.0
529842928135420501,0.0,0.0,0.0,0.0,0.0
531142929684609602,0.0,0.0,0.0,0.0,0.0
531142930526117402,0.0,0.0,0.0,0.0,0.0
531342930519090202,4.375,10.279672401511398,289.7621407333994,73.38922882080078,822.3738222277577
531342930521353802,3.7586207389831543,5.076510345396344,69.83598866190988,38.57093048095703,294.43759143043735
531342930534825402,0.0,0.0,0.0,0.0,0.0
531442930509846501,2.929577350616455,4.394703946807786,85.5062037699833,66.6041488647461,312.0239713937791
531442930549950602,3.6034483909606934,5.046524758134863,121.40250059475034,39.01004409790039,292.69842468553736
531542930461010801,0.0,0.0,0.0,0.0,0.0
531542930542068501,0.0,0.0,0.0,0.0,0.0
531642930509346502,0.0,0.0,0.0,0.0,0.0
531742930478634302,0.0,0.0,0.0,0.0,0.0
531742930525753001,0.0,0.0,0.0,0.0,0.0
532042930548155202,0.0,0.0,0.0,0.0,0.0
532242930478188602,0.5,151.301513671875,302.60298295454544,36.11394119262695,302.6030380075628
532242930542455601,0.0,0.0,0.0,0.0,0.0
532442930459984001,3.25,8.527638786390472,24.20358306188925,5.134838104248047,34.110554250909765
532442930472851202,0.0,0.0,0.0,0.0,0.0
532542929118531402,4.0,14.320038324909403,71.16154873164218,30.06467628479004,286.40076900979113
532542930543483502,4.5714287757873535,3.8854930228270255,38.83364512879551,17.732135772705078,108.79380626736108
532642930524212001,0.0,0.0,0.0,0.0,0.0
532642930527773702,0.027397260069847107,18.656700809843567,175.81847697756788,160.24490356445312,1361.9391500569855
532742930508593502,0.0,0.0,0.0,0.0,0.0
533042928257856601,0.0,0.0,0.0,0.0,0.0
533042930464310102,0.0,0.0,0.0,0.0,0.0
533242930464522301,5.828571319580078,33.564092339409726,314.25,105.435546875,1174.7432696236503
533342929269151302,4.0,3.5785709945653905,15.885411022216555,3.7283051013946533,25.04999768956263
533342930461618601,0.0,0.0,0.0,0.0,0.0
533442929501754601,0.0,0.0,0.0,0.0,0.0
533642930461272401,7.058823585510254,4.406734787287567,149.8282647584973,18.080495834350586,149.82898018995635
533742930528841102,0.0,0.0,0.0,0.0,0.0
533842930450656002,0.747826099395752,8.65687110631029,186.86173633440515,219.06614685058594,995.5401895995309
533842930532705502,2.0,1.1985348249055368,1.1986428130783466,0.17352688312530518,1.1985348249055368
534142930462567801,0.0,0.0,0.0,0.0,0.0
534142930464536002,0.0,0.0,0.0,0.0,0.0
534242930449890701,0.0,0.0,0.0,0.0,0.0
534342929528923002,0.0,0.0,0.0,0.0,0.0
534342930472965901,0.0,0.0,0.0,0.0,0.0
534442928293182001,0.0,0.0,0.0,0.0,0.0
534642930541733801,0.0,10.209017532336297,0.0,2.3683557510375977,20.418035064672594
534742928716216301,0.0,0.0,0.0,0.0,0.0
534842928887104802,0.0,0.0,0.0,0.0,0.0
534842930454500201,0.0,0.0,0.0,0.0,0.0
534942930460349701,0.0,0.0,0.0,0.0,0.0
535042930544297801,0.0,0.0,0.0,0.0,0.0
535142930542720502,4.764705657958984,17.76487875884434,281.95754716981133,85.96104431152344,906.0088224695913
535442930509897502,0.0,0.0,0.0,0.0,0.0
535642929346340802,20.91666603088379,3.9971272594655214,47.96555918801794,6.297706604003906,47.96552826440498
535742930508737102,0.0,0.0,0.0,0.0,0.0
535742930547538701,5.666666507720947,20.47978288517442,33.51937984496124,5.0497636795043945,61.439348655523254
535842930475256801,0.0,0.0,0.0,0.0,0.0
535942930480358302,0.0,0.0,0.0,0.0,0.0
536042930524260402,0.0,0.0,0.0,0.0,0.0
536242930479479502,0.0,0.0,0.0,0.0,0.0
536242930531045102,0.0,0.0,0.0,0.0,0.0
536442930518004201,0.0,0.0,0.0,0.0,0.0
536642928030238702,0.0,0.0,0.0,0.0,0.0
536742930477969701,0.0,0.0,0.0,0.0,0.0
536842928096602302,0.0,0.0,0.0,0.0,0.0
536842930517065202,4.088889122009277,14.853013265838392,223.1927162367223,51.28437042236328,668.3855643901912
536942930521186501,0.0,0.0,0.0,0.0,0.0
536942930546660802,0.0,0.0,0.0,0.0,0.0
537042930459870402,3.933333396911621,4.718177535540502,29.64249594504341,8.422948837280273,70.77266346792211
537042930475994501,0.0,0.0,0.0,0.0,0.0
537042930515757301,0.0,0.0,0.0,0.0,0.0
537242930472882002,0.0,0.0,0.0,0.0,0.0
537442930462553302,0.0,0.0,0.0,0.0,0.0
537742930537487701,0.0,0.0,0.0,0.0,0.0
537842930472684901,4.85915470123291,8.846026437415198,183.72829036635008,63.764225006103516,628.0678542278191
537842930539585501,0.0,0.0,0.0,0.0,0.0
538242930527708102,0.0,0.0,0.0,0.0,0.0
538742930051294101,0.0,0.0,0.0,0.0,0.0
538742930544730402,0.0,0.0,0.0,0.0,0.0
538842930458550301,0.0,0.0,0.0,0.0,0.0
538942928601996601,0.0,0.0,0.0,0.0,0.0
539142930531965102,2.433823585510254,6.250503387755739,693.8405688622754,114.62590789794922,850.0684571028231
539142930533963502,0.0,0.0,0.0,0.0,0.0
539242930080248202,0.0,0.0,0.0,0.0,0.0
539242930452638301,0.0,0.0,0.0,0.0,0.0
539342930460514101,0.0,0.0,0.0,0.0,0.0
539342930534180401,0.0,0.0,0.0,0.0,0.0
539442930457747202,0.0,0.0,0.0,0.0,0.0
539542930524258101,3.0714285373687744,9.49205069124424,244.84073732718895,106.50321197509766,930.2209575860511
539542930529863002,0.0,0.0,0.0,0.0,0.0
539642930547018201,0.0,0.0,0.0,0.0,0.0
539742930456462402,0.0,0.0,0.0,0.0,0.0
539742930542241701,0.0,0.0,0.0,0.0,0.0
539842930509501001,2.9891304969787598,9.002482545576699,210.33933759442183,125.9989013671875,828.2284000214971
539842930544496001,3.2242989540100098,9.136650359392002,278.4784859375515,78.89360046386719,977.6215360591734
539942928887267601,3.3645832538604736,8.748036317567568,146.34313513513513,185.5785369873047,839.8115042224188
541342930547951202,0.0,0.0,0.0,0.0,0.0
541442930463825901,4.060606002807617,7.190832645007342,55.02589774395942,26.87410545349121,237.29746930040005
541542930479667301,0.0,0.0,0.0,0.0,0.0
541542930538712902,4.333333492279053,28.49508278285908,181.82655826558266,72.89022064208984,1282.2787655621041
541642930526968002,0.6000000238418579,11.930160548054344,75.20563569272056,36.865318298339844,298.25401632212345
541642930549264901,0.9948979616165161,6.443934528374233,162.25639059304703,124.4049301147461,1263.011165115487
541742930456042502,0.0,0.0,0.0,0.0,0.0
541742930475975601,0.0,0.0,0.0,0.0,0.0
541742930544290302,0.0,0.0,0.0,0.0,0.0
541842930473594102,0.0,0.0,0.0,0.0,0.0
541942930465491901,0.5581395626068115,14.104657250558452,135.72002978406553,220.9403076171875,1819.5008315418695
541942930516487601,0.0,0.0,0.0,0.0,0.0
542042930527285602,0.0,0.0,0.0,0.0,0.0
542042930541493402,0.0,0.0,0.0,0.0,0.0
542142930451723601,0.0,0.0,0.0,0.0,0.0
542142930461059702,0.0,0.0,0.0,0.0,0.0
542142930550147302,3.0,4.401043995475032,104.79224495636,58.189327239990234,330.0783015425957
542242930460488801,0.0,0.0,0.0,0.0,0.0
542342930463533802,0.0,0.0,0.0,0.0,0.0
542442930459874901,0.0,0.0,0.0,0.0,0.0
542642930475186901,0.0,0.0,0.0,0.0,0.0
542842930515348302,4.333333492279053,19.530409501763668,101.30776014109347,10.90445327758789,117.18245442708333
542942928269661402,2.2857143878936768,6.59093406423336,18.301901743264658,3.3563475608825684,46.13653772417604
542942930467896902,0.0,14.068497108629375,0.0,1.3897807598114014,14.068497108629375
543042930517155302,0.0,0.0,0.0,0.0,0.0
543142930510592802,0.0,5.851366273400936,114.20811232449297,165.27178955078125,1404.3278739491789
543142930519755302,0.9459459185600281,10.171474485759493,59.0420253164557,140.7091064453125,752.6890817309029
543242930461378502,0.0,0.0,0.0,0.0,0.0
543242930463811702,0.0,0.0,0.0,0.0,0.0
543242930519274302,0.0,0.0,0.0,0.0,0.0
543242930531815101,14.0,55.276270857944475,55.27628470171294,9.833242416381836,55.276270857944475
543242930542042201,4.068965435028076,7.1871722027972025,68.43851981351982,23.783723831176758,208.4279904154353
543442930541462601,0.0,0.0,0.0,0.0,0.0
543542930467923101,0.0,0.0,0.0,0.0,0.0
543742928086481802,0.0,0.0,0.0,0.0,0.0
543742929568598802,0.0,0.0,0.0,0.0,0.0
543842930470748101,0.0,0.0,0.0,0.0,0.0
543942929861115802,0.0,5.52903999449026,0.0,47.04437255859375,276.452003332556
543942930454431102,0.0,0.0,0.0,0.0,0.0
544042930546906902,0.0,0.0,0.0,0.0,0.0
544142930477290902,0.0,0.0,0.0,0.0,0.0
544142930527736401,0.0,0.0,0.0,0.0,0.0
544342930461160202,0.0,0.0,0.0,0.0,0.0
544442930534290402,0.0,0.0,0.0,0.0,0.0
544842929091483101,6.111111164093018,8.43084405637255,93.85577342047931,41.59413146972656,303.51039535090297
544842930472859602,5.265305995941162,8.40802694643335,150.27408993576017,63.891780853271484,411.9933097561626
545142927968949301,0.0,0.0,0.0,0.0,0.0
545142930525857501,0.0,0.0,0.0,0.0,0.0
545242930452170201,0.0,0.0,0.0,0.0,0.0
545442930516399001,0.0,0.0,0.0,0.0,0.0
545442930549864302,0.0,0.0,0.0,0.0,0.0
545542929704005801,0.0,0.0,0.0,0.0,0.0
545542930518725601,2.1454546451568604,13.756871543424825,98.42769356820975,89.10009002685547,756.6279404267871
545742930518330102,0.0,0.0,0.0,0.0,0.0
545842930462759002,3.3333332538604736,4.290136500971153,107.00059947725583,105.92622375488281,411.8531100543412
545842930521406102,0.7439024448394775,10.21930111038537,164.82331809274984,123.87786865234375,837.9826737683555
545842930528948202,0.0,0.0,0.0,0.0,0.0
545942930531461501,0.0,0.0,0.0,0.0,0.0
546142930543021401,3.769230842590332,5.167926054832997,85.03633144043475,55.2404899597168,268.7321544553346
546442930463560202,0.8904109597206116,6.796259449372824,107.11508561072161,50.87614822387695,496.1269293769767
546642930527206702,0.0,0.0,0.0,0.0,0.0
546842930522448401,0.0,0.0,0.0,0.0,0.0
547042930474978302,0.0,0.0,0.0,0.0,0.0
547042930517487202,0.0,0.0,0.0,0.0,0.0
547042930531498801,5.744185924530029,8.891084088853052,82.64002517306481,51.70838928222656,382.31660421574315
547642930532282601,0.0,0.0,0.0,0.0,0.0
547742930526035202,0.0,0.0,0.0,0.0,0.0
547742930538261001,0.0,0.0,0.0,0.0,0.0
548142928074373402,0.0,0.0,0.0,0.0,0.0
548242930550008501,4.0,7.911626771438954,172.16957364341084,62.629276275634766,498.43247244281827
548342930527872802,0.0,0.0,0.0,0.0,0.0
548542928790834402,0.0,0.0,0.0,0.0,0.0
548642929800443002,17.461538314819336,1.71875,12.86203560371517,8.119025230407715,22.34375005905104
548842930519045702,0.0,0.0,0.0,0.0,0.0
548842930524558501,3.5054945945739746,6.750056723824972,150.49430347970494,60.735313415527344,614.2551498086024
548842930531426702,5.333333492279053,11.94239242047951,45.49498519438342,15.90552806854248,107.48153253056644
548942930459670202,0.0,0.0,0.0,0.0,0.0
548942930468881502,0.0,0.0,0.0,0.0,0.0
549842930531368902,0.0,0.0,0.0,0.0,0.0
551142930012217002,0.0,0.0,0.0,0.0,0.0
551142930534783602,0.0,0.0,0.0,0.0,0.0
551142930546057701,0.0,0.0,0.0,0.0,0.0
551242930516939202,3.8591549396514893,10.482943253760473,200.1911652703732,110.22721862792969,744.2889960507628
551242930525237102,0.0,0.0,0.0,0.0,0.0
551342930475628502,0.0,0.0,0.0,0.0,0.0
551342930510981301,0.0,0.0,0.0,0.0,0.0
551442930461046401,0.0,0.0,0.0,0.0,0.0
551542930510651401,0.0,0.0,0.0,0.0,0.0
551642930462492502,0.0,0.0,0.0,0.0,0.0
551742930537219302,0.0,0.0,0.0,0.0,0.0
551842930474095401,0.0,0.0,0.0,0.0,0.0
551942930461508601,0.0,0.0,0.0,0.0,0.0
552042930517985101,0.0,11.877358671756808,280.4871406959153,173.3122100830078,2327.962326674346
552142930517714802,3.5,13.745274983776769,90.73783257624919,34.315860748291016,274.9055092407464
552242928021779802,0.0,0.0,0.0,0.0,0.0
552442930517302801,0.0,0.0,0.0,0.0,0.0
552542930469038101,0.0,0.0,0.0,0.0,0.0
552642930476017702,0.0,0.0,0.0,0.0,0.0
552742930511122301,0.0,0.0,0.0,0.0,0.0
552742930519002501,0.0,0.0,0.0,0.0,0.0
552842930520109302,0.0,0.0,0.0,0.0,0.0
552842930526058302,2.6168224811553955,7.268916316526611,254.09775910364147,148.66165161132812,777.7740316967378
552842930534076701,0.0,0.0,0.0,0.0,0.0
553042930522335502,2.0,1.5414141461860746,1.6162750518313753,0.545814037322998,3.0828282923721493
553142927979773102,0.0,0.0,0.0,0.0,0.0
553142930519641901,0.0,0.0,0.0,0.0,0.0
553142930525095601,0.0,0.0,0.0,0.0,0.0
553442930447528101,0.0,0.0,0.0,0.0,0.0
553442930457344001,0.0,0.0,0.0,0.0,0.0
553642930530697802,0.0,0.0,0.0,0.0,0.0
553742928726828901,4.586666584014893,20.318435754189945,199.6100558659218,126.19986724853516,1523.882648751456
553942930537403801,0.0,0.0,0.0,0.0,0.0
554042930531433001,6.266666889190674,9.684774660716673,69.5074207781789,17.542497634887695,145.27161220688762
554142930459817702,0.0,0.0,0.0,0.0,0.0
554242930542090802,0.0,0.0,0.0,0.0,0.0
554242930543050701,4.735294342041016,7.069522793732542,76.12011173184358,26.686241149902344,240.36377174761043
554342930457428302,0.0,0.0,0.0,0.0,0.0
554442929583904102,2.907407522201538,22.084523823446855,169.19161676646706,97.87501525878906,1192.5642655224144
554442930480398002,0.0,0.0,0.0,0.0,0.0
554542928560706302,0.23529411852359772,6.592265625,8.957142857142857,15.091523170471191,112.06851372037615
554542928683902002,2.611764669418335,37.649346454326924,243.15384615384616,213.3890380859375,3200.1945525155616
554542930523931701,225.0,166.9449081803005,166.9449081803005,15.276618957519531,166.9449081803005
554642930527272401,3.9200000762939453,9.369709781321463,173.5893498856583,88.40072631835938,702.7282255883702
554842930541292702,4.035714149475098,8.048904753079379,157.70164233576642,174.84288024902344,676.1080134350018
554942928088031901,0.0,0.0,0.0,0.0,0.0
554942930477615202,0.0,0.0,0.0,0.0,0.0
554942930525147302,3.2878787517547607,7.814586705498814,183.27293452489513,61.96416091918945,515.7627229111355
555042930460461801,0.0,0.0,0.0,0.0,0.0
555142929726669102,1.9722222089767456,4.789338184217838,63.66574048346763,44.68584060668945,344.8323427896163
555142930521219102,2.7633588314056396,8.512816092915838,272.9818820812344,80.30339050292969,1115.1788921834564
555542929774131802,5.1875,46.142670436878106,200.32773631840797,87.6677017211914,738.282760069738
556042930456816801,0.0,4.967108187553771,0.0,80.50244140625,447.03973190355754
556342930477631501,0.0,0.0,0.0,0.0,0.0
556442930454854102,0.0,0.0,0.0,0.0,0.0
556742930508706002,0.0,0.0,0.0,0.0,0.0
556742930527870101,0.0,0.0,0.0,0.0,0.0
556742930538894801,3.0,7.8173137352635225,39.69717984281091,8.294332504272461,54.72119693694377
556742930544434101,2.602409601211548,12.622876806972789,149.0326530612245,233.71026611328125,1047.6987874297058
556842930548802901,0.0,0.0,0.0,0.0,0.0
557042930543946701,0.0,0.0,0.0,0.0,0.0
557142930527185802,0.0,0.0,0.0,0.0,0.0
557142930548186002,0.0,0.0,0.0,0.0,0.0
557242928726103501,0.0,0.0,0.0,0.0,0.0
557242930515969802,0.0,0.0,0.0,0.0,0.0
557342930519016702,0.0,0.0,0.0,0.0,0.0
557442930461953502,5.5,18.58295305198598,28.300934579439254,4.618820667266846,37.16590610397196
557842930459073502,0.0,0.0,0.0,0.0,0.0
557942930462279901,0.0,0.0,0.0,0.0,0.0
557942930533494001,2.8421051502227783,3.545973957297088,43.66159669937276,5.8528242111206055,67.37350764291025
558042930452454801,0.0,0.0,0.0,0.0,0.0
558142930464202002,3.0204081535339355,7.572700536329471,114.91387409959286,31.796293258666992,371.06233565201774
558142930542231401,1.7549020051956177,13.808003048780488,160.01658536585367,112.16524505615234,1408.4162629364757
558342930459575501,0.0,0.0,0.0,0.0,0.0
558442930469720701,0.0,0.0,0.0,0.0,0.0
558442930509513301,0.0,0.0,0.0,0.0,0.0
558542930457990002,0.0,0.0,0.0,0.0,0.0
558842930447952101,0.0,0.0,0.0,0.0,0.0
558842930527041001,1.0,1.4563286870503598,1.456384892086331,0.19012042880058289,1.4563286870503598
559042929514327501,0.0,0.0,0.0,0.0,0.0
559042930459904901,0.0,0.0,0.0,0.0,0.0
559042930540567602,4.599999904632568,11.443113261159073,80.33798677443056,34.99003601074219,343.29338791263535
559142930449974901,3.417475700378418,5.837958938552708,221.93442132615482,82.91899871826172,601.3097940339084
559342930474453902,0.0,0.0,0.0,0.0,0.0
559442928242647001,0.0,0.0,0.0,0.0,0.0
559442930531483002,0.0,0.0,0.0,0.0,0.0
559542930523324601,0.0,0.0,0.0,0.0,0.0
559642930035056801,0.0,0.0,0.0,0.0,0.0
559642930456132201,4.279069900512695,11.819958062341371,206.5247461928934,70.68895721435547,508.25820873473504
559742930525871201,0.0,0.0,0.0,0.0,0.0
559842930517085602,0.0,0.0,0.0,0.0,0.0
561142930458888302,5.0,22.883121086223507,22.88310854206808,2.6979498863220215,22.883121086223507
561242930460817802,1.43478262424469,4.867976020042949,512.9013958482462,372.9869079589844,1231.5979237733095
561342930508219601,0.0,0.0,0.0,0.0,0.0
561542928897699201,0.0,0.0,0.0,0.0,0.0
561542930473946302,5.642857074737549,6.2468634907768825,45.4507680684966,17.54201889038086,87.45608666524933
561742930458343901,0.0,0.0,0.0,0.0,0.0
561742930527745402,0.0,0.0,0.0,0.0,0.0
561842930508624602,2.454545497894287,14.975494947820572,82.36715867158672,11.45926570892334,164.73044059725265
562142930457999401,0.0,0.0,0.0,0.0,0.0
562242930516762201,2.5,35.00218766604676,50.05207226354941,40.82647705078125,280.0174938043803
562542927901384601,3.1888887882232666,3.332172673169119,73.14721441560589,88.37321472167969,299.8955284083337
562542930524733502,2.296703338623047,11.717647128208354,120.96099647710116,107.90855407714844,1066.3059281304545
562642929859057801,0.0,0.0,0.0,0.0,0.0
562642930533395402,1.7878787517547607,18.920147718147753,182.017130620985,37.570308685302734,624.3648936314552
562742928592805401,0.0,0.0,0.0,0.0,0.0
562842930535224101,4.9268293380737305,9.260465839670198,90.49487354750512,55.81909942626953,379.6790914685451
562942930400107802,0.0,0.0,0.0,0.0,0.0
562942930472538801,2.035398244857788,7.885021628726011,194.33646386280114,101.62271881103516,891.0074520461557
562942930524087901,3.8717949390411377,10.992275645783849,193.43230403800476,82.4203109741211,857.3974606956835
563042930447412502,0.0,0.0,0.0,0.0,0.0
563242930523466202,3.9555554389953613,6.31985037814771,114.27801250633767,30.16529655456543,284.39327923373554
563342930517166701,0.0,0.0,0.0,0.0,0.0
563442930478766302,0.0,0.0,0.0,0.0,0.0
563842930518338801,4.633802890777588,15.898761171283144,290.2386363636364,361.5517578125,1128.812027945663
563842930519687902,0.0,0.0,0.0,0.0,0.0
563942929879951101,0.0,0.0,0.0,0.0,0.0
563942930518265001,0.0,0.0,0.0,0.0,0.0
564042930467698902,2.940298557281494,9.689906070106908,166.9934210526316,64.50672149658203,649.2237149978939
564042930474130202,0.0,0.0,0.0,0.0,0.0
564042930545302301,0.0,0.0,0.0,0.0,0.0
564142930473610102,2.0,6.340636057117912,372.05004135649295,260.48681640625,1014.5017188525948
564142930541405401,2.700000047683716,10.4754531612529,47.84122196442382,18.11424446105957,104.7545363612813
564242930479823502,0.0,0.0,0.0,0.0,0.0
564242930548268301,0.0,0.0,0.0,0.0,0.0
564442930461651601,0.0,0.0,0.0,0.0,0.0
564542930474770502,4.918919086456299,12.102285536983057,172.88522499544544,53.803627014160156,447.7845461208283
564542930518717701,0.0,0.0,0.0,0.0,0.0
564642930546316601,0.0,0.0,0.0,0.0,0.0
564842930451772701,2.25,5.240716988699777,584.7694196428571,73.55479431152344,607.9231847327735
564942930476944301,1.85029935836792,5.23855667689373,874.8382055524912,160.10086059570312,874.8389612216462
564942930510791302,0.0,0.0,0.0,0.0,0.0
564942930545163102,0.0,0.0,0.0,0.0,0.0
565042929230337001,2.25,1.515379424115177,3.829634073185363,0.991554856300354,6.061517667169691
565142930531312102,3.9882352352142334,6.810929162513194,125.21566787850358,97.19239044189453,578.9289654161022
565242929417347501,0.0,0.0,0.0,0.0,0.0
565542930466898901,1.470588207244873,10.083640292553191,47.32482269503546,69.58858489990234,342.8437522195586
565742930510705701,5.978723526000977,25.597068504050927,307.0444444444444,76.53292846679688,1203.062216285423
565742930510970501,0.0,0.0,0.0,0.0,0.0
565742930533556001,0.0,0.0,0.0,0.0,0.0
565842930455500602,0.0,0.0,0.0,0.0,0.0
565942930532283302,0.0,0.0,0.0,0.0,0.0
566042930480045402,0.0,0.0,0.0,0.0,0.0
566242930517841701,0.0,0.0,0.0,0.0,0.0
566342930464201901,2.9589040279388428,12.224486156515256,172.6898371186052,83.41098022460938,892.3875057450618
566342930534237701,0.0,0.0,0.0,0.0,0.0
566842928663876202,0.0,0.0,0.0,0.0,0.0
566842930455650202,1.7285714149475098,3.153376921139849,548.8221991161944,376.92767333984375,662.209136132361
566842930471587602,0.0,0.0,0.0,0.0,0.0
566842930521696602,5.095238208770752,11.880283131318933,283.9227941176471,45.596221923828125,498.9718731746954
566842930527942301,0.0,0.0,0.0,0.0,0.0
566842930546245201,0.0,0.0,0.0,0.0,0.0
566942930474848802,14.533333778381348,4.943559279362586,50.51033644102149,11.944831848144531,74.15338629037203
567042930474703002,0.0,0.0,0.0,0.0,0.0
567242930525117701,0.0,0.0,0.0,0.0,0.0
567242930534208901,0.0,4.404540816000614,0.0,4.753679275512695,44.04541011882043
567242930538634301,0.0,0.0,0.0,0.0,0.0
567342930478576802,3.759999990463257,4.496632392096412,43.29387144992526,18.720012664794922,112.4158066393905
567442929268241802,0.0,0.0,0.0,0.0,0.0
567442930519118001,0.2195121943950653,2.063455215820697,48.301299724300904,32.86936950683594,169.20332781411193
567542930477190301,0.0,0.0,0.0,0.0,0.0
567742930536589701,0.0,0.0,0.0,0.0,0.0
567842930533979901,0.0,9268.404901960785,389.84362745098036,40.679203033447266,9268.404901960785
567942930449203501,3.67391300201416,7.419017923030479,90.56821485274716,28.288122177124023,341.27481768969847
567942930477467801,3.2708332538604736,6.982450257333154,111.09297631862218,38.004146575927734,335.15760538678126
568142930509898301,5.900000095367432,8.666474726095618,56.00379434642383,15.628196716308594,86.66474485243549
568242930474081501,2.0,3.0412898254559186,7.65609150749973,5.970288276672363,27.371607770474196
568542928888035401,0.0,0.0,0.0,0.0,0.0
568642930448284102,4.672727108001709,12.596759137646352,148.45661963374363,106.40879821777344,692.8217597395692
568642930517970701,0.0,0.0,0.0,0.0,0.0
568642930549098001,6.0,15.154734441047705,40.79830917874396,12.019950866699219,121.23787228496754
568742930508158102,0.0,0.0,0.0,0.0,0.0
568842930508896801,3.8499999046325684,3.3472264691328055,60.92097400657305,33.5674934387207,133.8890643910504
568842930526668401,0.0,0.0,0.0,0.0,0.0
568842930535912902,0.0,0.0,0.0,0.0,0.0
568942930521809401,0.0,0.0,0.0,0.0,0.0
569042929989643102,0.0,0.0,0.0,0.0,0.0
569042930474384601,0.0,0.0,0.0,0.0,0.0
569042930522915601,0.0,0.0,0.0,0.0,0.0
569042930532748602,0.0,0.0,0.0,0.0,0.0
569142930524772701,0.0,0.0,0.0,0.0,0.0
569242930448533202,0.0,0.0,0.0,0.0,0.0
569242930518886302,0.0,0.0,0.0,0.0,0.0
569242930520724301,0.0,0.0,0.0,0.0,0.0
569242930544909101,0.0,0.0,0.0,0.0,0.0
569342930546613702,3.75,5.03393680533183,11.131443298969073,2.455482006072998,20.135747653921854
569442930455416802,4.644444465637207,9.76037866423451,84.62416794674859,42.84577560424805,439.2170262803069
569442930534471901,3.375,6.150853579337364,34.773699003492034,6.154912948608398,49.20682855152351
569742930520040302,0.0,0.0,0.0,0.0,0.0
571142930478703301,2.142857074737549,15.884202805240598,111.19469026548673,8.647125244140625,111.18942283107116
571242930462540901,2.81538462638855,8.46876788479666,87.32022623215728,110.36189270019531,550.4699202824435
571442928168238301,4.91304349899292,8.68739943963604,285.17887261429206,82.45654296875,599.4305740073687
571442930518125902,0.0,0.0,0.0,0.0,0.0
571542928191310502,1.709302306175232,16.655668482584865,256.4964639321075,162.0642547607422,1432.3874672669838
571642930517592301,0.0,0.0,0.0,0.0,0.0
571642930525404001,0.0,0.0,0.0,0.0,0.0
571642930529436001,4.5714287757873535,7.259944519276037,165.52780247946853,59.062049865722656,508.19610604203734
571842930449526801,4.03125,6.098271235620378,80.5671322925226,34.41704559326172,195.144675731894
571942930519538402,0.0,0.0,0.0,0.0,0.0
572042930477638502,4.714285850524902,5.8459007369213065,42.10958661591573,20.721385955810547,122.76391679902747
572242930476538501,0.0,0.0,0.0,0.0,0.0
572442930520255801,6.400000095367432,12.585332693538067,44.79526551503519,8.028587341308594,62.92666065609005
572542930519030002,0.0,0.0,0.0,0.0,0.0
572642930456622302,4.106666564941406,19.78310639003538,432.9080188679245,132.8982391357422,1483.7330020418708
572642930468538502,3.692307710647583,9.603716813481034,179.84450621321125,68.74874114990234,873.9382272580623
572742930509858301,0.0,0.0,0.0,0.0,0.0
572742930525592201,0.0,0.0,0.0,0.0,0.0
573042929681101202,0.0,0.0,0.0,0.0,0.0
573042930464326101,1.6666666269302368,4.023899759992163,12.07169065260758,2.300215721130371,12.0716994191276
573242930529251302,0.0,0.0,0.0,0.0,0.0
573342929456888301,4.19444465637207,5.406175001263136,139.11156022635407,75.38838958740234,389.2445891579988
573542930474819301,2.9259259700775146,5.869522971277189,53.08310094813162,29.582984924316406,158.47711865435215
573642930517772902,0.0,0.0,0.0,0.0,0.0
573742930451856301,0.0,0.0,0.0,0.0,0.0
573842929155647901,0.0,0.0,0.0,0.0,0.0
573842930453679001,0.0,0.0,0.0,0.0,0.0
573842930464965301,0.0,0.0,0.0,0.0,0.0
573842930542908001,0.0,0.0,0.0,0.0,0.0
574042930462561401,3.4791667461395264,12.060605405130293,169.80781758957656,64.50601959228516,578.9090754605271
574142930464398002,0.0,0.0,0.0,0.0,0.0
574142930517773901,0.0,0.0,0.0,0.0,0.0
574642930461515002,0.0,0.0,0.0,0.0,0.0
574642930461999801,0.0,0.0,0.0,0.0,0.0
574942930517405201,0.0,0.0,0.0,0.0,0.0
575342930459315802,0.0,0.0,0.0,0.0,0.0
575542930456924902,0.0,0.0,0.0,0.0,0.0
575742929649255602,0.38181817531585693,10.483851060430867,145.01168451801362,96.3887710571289,1153.2235882458692
575742930543431602,0.0,0.0,0.0,0.0,0.0
575942929642387902,0.0,0.0,0.0,0.0,0.0
575942930519477602,4.846153736114502,8.027075222713243,67.61279461279462,15.207893371582031,104.35197734725729
575942930530011001,0.0,0.0,0.0,0.0,0.0
576142929047937501,2.3333332538604736,7.004076944085426,20.913835548990644,4.33803129196167,21.012231012566932
576242930508191701,0.0,0.0,0.0,0.0,0.0
576342929644467501,2.5714285373687744,102.29981932548179,448.91006423982867,24.702375411987305,716.0987424666672
577042930529391901,0.0,0.0,0.0,0.0,0.0
577342930460467902,6.857142925262451,8.09683943288854,30.69513343799058,9.404104232788086,56.67787434384812
577642930456314401,0.0,0.0,0.0,0.0,0.0
577642930542833502,3.5517241954803467,2.9165628565026074,41.428943937418516,13.707963943481445,84.58032396856156
577842930517373302,0.0,0.0,0.0,0.0,0.0
577842930525195102,0.0,0.0,0.0,0.0,0.0
578242930461628901,3.230769157409668,2.5830147274012107,12.519872087711283,6.410152435302734,33.57919071732508
578342930453531001,0.0,0.0,0.0,0.0,0.0
578442930477795202,0.0,0.0,0.0,0.0,0.0
578542930449771801,3.5609755516052246,8.310369108303783,228.0908195429472,96.32345581054688,681.4502634269408
578542930477348802,0.0,0.0,0.0,0.0,0.0
578542930538582801,2.261904716491699,13.708941892080313,197.76333891057817,160.60791015625,1151.551160281554
578642928247046702,0.0,0.0,0.0,0.0,0.0
578642930450407501,0.0,0.0,0.0,0.0,0.0
578742930456531402,4.7014923095703125,5.622094668015587,112.99232613908873,71.94388580322266,376.6803290277934
578842930544158201,0.0,0.0,0.0,0.0,0.0
578942930527274801,0.0,0.0,0.0,0.0,0.0
579142930524604301,0.0,0.0,0.0,0.0,0.0
579142930543145301,4.414285659790039,12.335936445966,242.72450080949812,77.177001953125,863.5155395306064
579342930462972902,0.0,0.0,0.0,0.0,0.0
579342930530210801,0.0,0.0,0.0,0.0,0.0
579542930533839801,1.691176414489746,36.78488448239732,291.162615255658,99.34346771240234,2501.3721152830803
579742930464612902,2.423076868057251,11.40691067442602,116.46377551020409,77.8514175415039,593.1593740718705
579842929543736402,4.599999904632568,4.234910102739726,10.639269406392694,2.3029582500457764,21.17455125689688
581142928021939101,0.0,0.0,0.0,0.0,0.0
581142929514065002,0.0,0.0,0.0,0.0,0.0
581142930456597102,0.0,0.0,0.0,0.0,0.0
581142930550197802,0.0,0.0,0.0,0.0,0.0
581342930458767201,0.0,0.0,0.0,0.0,0.0
581342930517552302,0.0,0.0,0.0,0.0,0.0
581342930542448702,4.166666507720947,28.284298851376487,325.3794642857143,68.50432586669922,1018.2347615105765
581542930464865602,0.2261904776096344,27.09959375,79.672,118.07833862304688,2276.3659405670164
581542930519191201,0.0,0.0,0.0,0.0,0.0
581542930531076401,0.0,18.13830301286591,0.0,6.481800079345703,54.4149108829084
581842930541975902,0.0,0.0,0.0,0.0,0.0
581942930529283101,5.677419185638428,18.53825242881447,204.676217765043,61.219173431396484,574.6858188443334
582142930517224801,0.0,0.0,0.0,0.0,0.0
582142930517408502,3.774193525314331,6.561324779851349,68.06721602843756,37.4034423828125,203.40105999989586
582342930449478601,0.0,0.0,0.0,0.0,0.0
582442930543160701,0.0,0.0,0.0,0.0,0.0
582442930544226302,1.09183669090271,9.442262269614474,149.72539736219142,78.29229736328125,925.3416894929491
582742930465726302,0.0,0.0,0.0,0.0,0.0
582842930220790102,0.0,0.0,0.0,0.0,0.0
582842930527808601,0.0,0.0,0.0,0.0,0.0
582842930538678201,0.0,0.0,0.0,0.0,0.0
582942930480100701,2.4852941036224365,4.048698874080882,73.76470588235294,46.265254974365234,275.31152107404625
582942930527405202,0.0,0.0,0.0,0.0,0.0
583142930542128701,3.5,14.48200705199115,48.72182890855457,4.7260236740112305,57.92802878410767
583242930458535402,0.0,0.9246277885703993,0.0,0.30874598026275635,1.8492555771407986
583342930515495901,0.0,0.0,0.0,0.0,0.0
583442930447834902,0.0,0.0,0.0,0.0,0.0
583442930515472902,1.2173912525177002,8.607023762317764,119.74041576673866,82.99695587158203,791.84617500506
583542930452714702,0.0,0.0,0.0,0.0,0.0
583642930534574102,3.6086957454681396,13.152245846518987,117.01037974683544,85.05377960205078,907.5049578731874
583742930462041502,0.0,0.0,0.0,0.0,0.0
583742930524576502,0.0,0.0,0.0,0.0,0.0
583742930549754102,0.0,0.0,0.0,0.0,0.0
583842930523464402,0.0,0.0,0.0,0.0,0.0
584042930474517201,0.0,0.0,0.0,0.0,0.0
584042930515521701,0.0,0.0,0.0,0.0,0.0
584042930525849001,0.0,0.0,0.0,0.0,0.0
584142930509593402,0.0,0.0,0.0,0.0,0.0
584242930527056502,0.0,0.0,0.0,0.0,0.0
584342929439542302,0.0,0.0,0.0,0.0,0.0
584442930456661802,0.0,0.0,0.0,0.0,0.0
584542930460728101,3.9193549156188965,4.119831542543936,59.62258569688533,49.53215026855469,255.42956609711018
584642929069856702,0.0,0.0,0.0,0.0,0.0
584742930548988402,2.7272727489471436,4.506246663883719,26.53158874411475,13.7750825881958,99.13742623453945
584842930532016401,0.0,0.0,0.0,0.0,0.0
584842930549536902,0.0,0.0,0.0,0.0,0.0
584942929166082202,0.0,0.0,0.0,0.0,0.0
585042929816225002,0.0,0.0,0.0,0.0,0.0
585042930524706102,0.0,0.0,0.0,0.0,0.0
585142929494098001,0.0,0.0,0.0,0.0,0.0
585142930455279902,3.278350591659546,8.115185962491816,348.3657281825835,74.1032943725586,787.1730696442932
585342930476207401,0.0,0.0,0.0,0.0,0.0
585342930525444502,0.0,0.0,0.0,0.0,0.0
585542930470647202,2.2068965435028076,5.701578106083535,63.990799031476996,18.674270629882812,165.3457625419118
585642930015479602,0.0,0.0,0.0,0.0,0.0
585642930507653402,0.0,0.0,0.0,0.0,0.0
585742930455366802,0.0,0.0,0.0,0.0,0.0
585942930469500002,0.0,0.0,0.0,0.0,0.0
586142929321228501,0.0,0.0,0.0,0.0,0.0
586242930528427301,0.0,0.0,0.0,0.0,0.0
586342930521266002,1.4816327095031738,4.711738614304203,1154.3769792935445,230.0061492919922,1154.3759360757729
586342930546496302,2.8305084705352783,3.890632738583188,70.27598456125969,76.1768569946289,229.5473384039566
586442930515845701,2.91304349899292,9.507303522370487,142.12888540031398,78.67951965332031,1093.3398790093008
586442930542132202,5.081632614135742,6.286816912678263,138.61927398444251,49.493812561035156,308.05402140176386
586542930542625602,6.75,46.36326559995994,945.1987179487179,120.3892822265625,1483.624479782887
586642930459044301,5.38095235824585,11.102043199065966,71.71652072387624,23.04827880859375,233.14289908512114
586642930509511902,0.0,0.0,0.0,0.0,0.0
586642930547111102,0.0,0.0,0.0,0.0,0.0
586742930472476902,4.6271185874938965,7.0018756142362415,117.47397978285287,67.7892074584961,413.11066211684727
586742930473877602,0.0,0.0,0.0,0.0,0.0
586742930539668202,3.0,3.775554518845752,9.871518105849582,2.04089617729187,15.102217586591715
586842930526323702,0.0,0.0,0.0,0.0,0.0
587042930509703002,2.2028985023498535,18.299776785714286,205.1203007518797,74.57556915283203,1262.6845969207304
587142930461747102,0.0,0.0,0.0,0.0,0.0
587742928281527002,0.0,0.0,0.0,0.0,0.0
587742930460346402,0.0,0.0,0.0,0.0,0.0
587742930472337201,0.0,0.0,0.0,0.0,0.0
587942929417447601,0.0,0.0,0.0,0.0,0.0
587942930524650302,0.0,0.0,0.0,0.0,0.0
587942930529959002,0.0,0.0,0.0,0.0,0.0
588042929417233502,0.0,0.0,0.0,0.0,0.0
588042930534336502,0.4749999940395355,20.88869042319563,307.00522317188984,159.7620849609375,1671.0952328340506
588142929231894901,3.1500000953674316,9.80762315579641,70.03208556149733,64.46622467041016,588.457398887442
588142930449937102,0.0,0.0,0.0,0.0,0.0
588142930529250001,0.0,0.0,0.0,0.0,0.0
588142930534105601,0.0,0.0,0.0,0.0,0.0
588242930462767202,3.6388888359069824,18.493201104525863,403.4543103448276,42.64748764038086,665.7552123957666
588242930510749901,0.0,0.0,0.0,0.0,0.0
588642930455895302,4.900000095367432,16.85355551484493,82.62481089258699,21.979204177856445,168.53554970918734
588642930473831901,3.369999885559082,4.6006108636593375,100.01184158272862,91.4530258178711,460.06109009675976
588642930543710601,0.0,0.0,0.0,0.0,0.0
588642930546161702,0.0,0.0,0.0,0.0,0.0
588742930541310501,0.0,0.0,0.0,0.0,0.0
588842930526032001,0.0,0.0,0.0,0.0,0.0
588842930530071501,0.0,0.0,0.0,0.0,0.0
588842930531093601,3.7142856121063232,8.074116183659218,108.61117318435754,47.11260986328125,282.594066342828
588942930454522301,3.359375,15.231761686466943,97.12727272727273,171.03567504882812,974.832750872147
588942930460786702,0.0,0.0,0.0,0.0,0.0
588942930509288502,0.0,0.0,0.0,0.0,0.0
589142930533897302,0.0,0.0,0.0,0.0,0.0
589242930509826302,0.0,0.0,0.0,0.0,0.0
589342930458575501,0.0,0.0,0.0,0.0,0.0
589342930543595001,0.0,0.0,0.0,0.0,0.0
589642930477663402,0.0,0.0,0.0,0.0,0.0
589642930522282001,0.0,0.0,0.0,0.0,0.0
589742930477775701,0.0,0.0,0.0,0.0,0.0
589842930532627701,0.0,0.0,0.0,0.0,0.0
589942930461929202,3.7340426445007324,5.922330877392698,213.6263597267898,73.61214447021484,556.6991169002529
591142930517656102,28.0,1.6117377759172204,16.117489042838965,3.46907114982605,16.117378438730885
591242930459409302,0.0,0.0,0.0,0.0,0.0
591242930525928101,0.0,0.0,0.0,0.0,0.0
591442930460881901,0.0,0.0,0.0,0.0,0.0
591442930542682902,0.0,0.0,0.0,0.0,0.0
591542929861064502,3.459183692932129,4.485476353676406,114.20673119616374,67.31342315673828,439.5766791120197
591642929696689202,4.3684210777282715,6.885751532595694,103.96441387559808,59.87844467163086,392.48785007741463
591642930520245202,0.0,0.0,0.0,0.0,0.0
591742930528396801,0.0,0.0,0.0,0.0,0.0
591842930466935302,0.0,171.0354767628205,171.03589743589743,12.2704496383667,171.0354767628205
591942930475826602,0.0,0.0,0.0,0.0,0.0
592142930449312802,3.1844661235809326,14.241836522462563,309.0216306156406,188.03427124023438,1466.9091524815997
592242930477337602,0.0,0.0,0.0,0.0,0.0
592342929488844701,4.849999904632568,14.415703916043876,101.89729990356798,20.646503448486328,288.3140780854478
592342930459708602,0.0,0.0,0.0,0.0,0.0
592442930463877002,0.0,0.0,0.0,0.0,0.0
592542929272083201,0.0,0.0,0.0,0.0,0.0
592542930458683501,5.203125,19.967775918183744,244.30143945808638,158.50531005859375,1277.9376940230613
592542930471919401,0.0,0.0,0.0,0.0,0.0
592542930473120501,2.5,98.43106017821285,183.36546184738955,3.7148444652557373,196.86212427836347
592642930456067102,0.0,0.0,0.0,0.0,0.0
592842930526388301,0.0,0.0,0.0,0.0,0.0
593042930472567801,0.0,0.0,0.0,0.0,0.0
593042930525941702,0.0,0.0,0.0,0.0,0.0
593242930475730801,0.03381642326712608,5.5966792237951095,77.15289648622982,229.7842254638672,1158.5125664115972
593342930477133702,0.0,0.0,0.0,0.0,0.0
593342930550723402,10.25,24.903919110082306,79.50205761316873,6.203423976898193,99.61568045910494
593442930515371502,0.0,0.0,0.0,0.0,0.0
593442930549666501,0.0,0.0,0.0,0.0,0.0
593542929061068602,0.0,0.0,0.0,0.0,0.0
593542930521351902,3.769230842590332,10.35361939928628,109.9091990483743,23.544696807861328,269.19409764143893
593542930527158301,5.230769157409668,6.18467455417655,30.934259573026093,13.718506813049316,80.40076982639718
593742930508002202,0.0,0.0,0.0,0.0,0.0
593742930521614202,0.0,0.0,0.0,0.0,0.0
593942930528641901,2.974576234817505,5.809988129316612,113.13286077789894,103.9458999633789,685.5786039033876
594142930457190501,0.0,0.0,0.0,0.0,0.0
594442930508177201,0.0,2.0510968636775364,11.060144927536232,3.0653014183044434,16.408775220401044
594542930541697702,0.0,0.0,0.0,0.0,0.0
594642930449328501,0.0,0.0,0.0,0.0,0.0
594642930515594001,0.0,0.0,0.0,0.0,0.0
594642930531581601,0.0,0.0,0.0,0.0,0.0
595342930546098901,0.0,0.0,0.0,0.0,0.0
595642930465653401,0.0,0.0,0.0,0.0,0.0
595642930532404801,1.5,6.975858271073575,13.951762221861296,0.0,13.951716224926912
595942930518746201,2.3777778148651123,8.661730877900034,84.48515864892528,89.02891540527344,779.5557548733792
596042930526196402,0.0,0.0,0.0,0.0,0.0
596142930529081401,0.0,0.0,0.0,0.0,0.0
596142930531579402,0.0,0.0,0.0,0.0,0.0
596142930546348202,0.0,0.0,0.0,0.0,0.0
596242930523059101,0.0,0.0,0.0,0.0,0.0
596342928865348301,0.0,0.0,0.0,0.0,0.0
596342930458865101,0.0,0.0,0.0,0.0,0.0
596342930519682902,0.0,0.0,0.0,0.0,0.0
596342930530862902,0.0,0.0,0.0,0.0,0.0
596442930460384102,4.333333492279053,7.863303218412352,59.080984355295,22.90355682373047,212.3091809348731
596442930475623901,0.0,0.0,0.0,0.0,0.0
596542928666175601,0.987500011920929,15.279069392653126,63.09203427483339,86.78675842285156,1222.3255696252807
596542930459563002,0.0,0.0,0.0,0.0,0.0
596542930459823601,0.0,0.0,0.0,0.0,0.0
596542930478696401,2.9827585220336914,5.329019927042138,191.4400654575208,92.16429901123047,618.1663311259022
596842930531387001,0.0,0.0,0.0,0.0,0.0
597042930457165401,0.0,0.0,0.0,0.0,0.0
597242930449725302,0.0,0.0,0.0,0.0,0.0
597542930525509602,0.0,0.0,0.0,0.0,0.0
597542930540997201,4.0,5.657467351079806,10.952517162471397,1.9310002326965332,22.62986860122506
597842927910570102,3.279069662094116,6.769865117521367,74.43386243386243,42.38743591308594,291.10420212534126
598042930480248302,3.7142856121063232,14.778947765700483,81.78099838969405,19.1380558013916,103.45263848174213
598342930464702101,0.0,0.0,0.0,0.0,0.0
598542930461791302,4.269230842590332,17.02372796474359,351.66153846153844,73.89044952392578,885.2338459699582
598542930475870101,262.0,0.033013205282112844,0.033133253301320525,0.005032839719206095,0.033013205282112844
598542930533871601,5.729729652404785,6.608876570807153,83.55340744320928,24.527433395385742,244.52843759646444
598642929013099802,0.0,10.965738241215227,15.016398243045389,178.5403289794922,1381.6830357564143
598642930477505101,4.4285712242126465,4.02980953149841,10.80985691573927,5.135217666625977,28.20866778787634
598742930519103702,0.0,0.0,0.0,0.0,0.0
598742930532516401,0.0,0.0,0.0,0.0,0.0
598942930524473502,0.0,0.0,0.0,0.0,0.0
598942930528649802,0.0,0.0,0.0,0.0,0.0
599242930479376201,3.891566276550293,7.112974954120787,84.74874874874875,63.99786376953125,590.3769316369388
599242930523902202,0.0,0.0,0.0,0.0,0.0
599242930530515602,0.0,0.0,0.0,0.0,0.0
599442930455207201,0.0,0.0,0.0,0.0,0.0
599442930479292302,0.0,0.0,0.0,0.0,0.0
599542930517704302,1.0,12.901184475806451,12.901382488479262,1.7649840116500854,12.901184475806451
599642930529222701,3.8333332538604736,13.338874596094408,87.18165214948019,19.78056526184082,160.06650168388606
599742930537896002,3.569620370864868,22.068321616871703,379.933216168717,120.16490173339844,1743.397380624379
599742930543267201,0.0,0.0,0.0,0.0,0.0
599842930469507701,3.329787254333496,4.467338068181818,123.35723636363636,72.76307678222656,419.9297702331543
599942930477494401,0.0,0.0,0.0,0.0,0.0
599942930517386201,1.9456521272659302,8.139557883522727,78.34954545454545,113.45687866210938,748.8393652629852
601142930530304601,0.0,0.0,0.0,0.0,0.0
601142930532628902,0.0,0.0,0.0,0.0,0.0
601342930534500301,0.0,0.0,0.0,0.0,0.0
601542930548744701,0.0,0.0,0.0,0.0,0.0
601742929704138702,0.0,0.0,0.0,0.0,0.0
601842930531541802,0.0,0.0,0.0,0.0,0.0
601942930477296302,0.0,0.0,0.0,0.0,0.0
601942930545625601,0.0,0.0,0.0,0.0,0.0
602042930459604702,4.0,6.1966836207913785,6.196664568911265,1.246591567993164,6.1966836207913785
602042930533617202,0.0,0.0,0.0,0.0,0.0
602142930459145702,0.0,0.0,0.0,0.0,0.0
602142930463647002,0.0,0.0,0.0,0.0,0.0
602442930461109002,3.104477643966675,5.706335569922851,94.70459632728458,54.602230072021484,382.32448112009456
602442930476369502,0.0,0.0,0.0,0.0,0.0
602442930543862902,0.0,0.0,0.0,0.0,0.0
602542930516182701,5.083333492279053,4.94063768262987,51.647619047619045,14.627028465270996,118.57530618642832
602642930517270801,0.0,0.0,0.0,0.0,0.0
602742928923797302,0.0,0.0,0.0,0.0,0.0
602842930465367401,0.0,0.0,0.0,0.0,0.0
602842930550309601,0.0,0.0,0.0,0.0,0.0
603042930517565201,0.0,1.5728426227211383,1.572843516252259,0.3007148802280426,1.5728426227211383
603042930517800901,0.0,0.0,0.0,0.0,0.0
603142930464879901,0.0,0.0,0.0,0.0,0.0
603142930536135501,0.0,0.0,0.0,0.0,0.0
603242929528873402,0.0,0.0,0.0,0.0,0.0
603242930453273701,0.0,0.0,0.0,0.0,0.0
603442930540543902,1.8571428060531616,51.24757735701519,294.36371760500447,25.453664779663086,358.7330484807864
603542930459425401,0.0,0.0,0.0,0.0,0.0
603542930461122101,0.0,0.0,0.0,0.0,0.0
603642930473938801,0.0,0.0,0.0,0.0,0.0
603742930532254401,0.0,0.0,0.0,0.0,0.0
603942928288395502,0.0,0.0,0.0,0.0,0.0
604042930533456501,1.6237623691558838,16.94937020200062,763.848635235732,136.2054901123047,1711.8863980634042
604442930516714501,0.0,0.0,0.0,0.0,0.0
604442930524119801,0.0,0.0,0.0,0.0,0.0
604542930549186401,0.0,0.0,0.0,0.0,0.0
604742930527736902,4.72580623626709,21.386903762817383,453.54296875,159.2909393310547,1325.9880369454622
604942930455731001,0.0,0.0,0.0,0.0,0.0
604942930518583101,3.0,6.587738077853805,23.34712950600801,2.2931201457977295,32.93869136713535
605042930463498402,0.0,0.0,0.0,0.0,0.0
605142928043599202,0.0,0.0,0.0,0.0,0.0
605242928247165901,0.0,0.0,0.0,0.0,0.0
605242929514279101,0.0,0.0,0.0,0.0,0.0
605442930523496602,0.0,0.0,0.0,0.0,0.0
605542930518208001,0.0,0.0,0.0,0.0,0.0
605642930462346002,0.0,0.0,0.0,0.0,0.0
605842927909613602,2.538461446762085,9.407646472729555,122.42058934287328,57.76419448852539,856.0958011306134
605842929488900701,0.0,0.0,0.0,0.0,0.0
606042930459235902,3.8690476417541504,5.756432903662243,147.59774631180963,124.46866607666016,483.54036996069243
606042930524723102,0.0,0.0,0.0,0.0,0.0
606042930533821802,0.0,0.0,0.0,0.0,0.0
606142930530396101,0.0,0.0,0.0,0.0,0.0
606242930529461702,0.0,0.0,0.0,0.0,0.0
606342930473257802,0.6428571343421936,5.3085833505007605,80.90872210953347,60.289833068847656,445.92102191656164
606342930520935601,0.0,0.0,0.0,0.0,0.0
606342930525324901,3.0888888835906982,3.854416454081633,86.26309037900874,58.09912872314453,346.8974718327425
606442930266044402,0.0,0.0,0.0,0.0,0.0
606442930509031902,3.375,61.27697783607056,278.54014598540147,46.34663009643555,490.21581392682674
606542930474426001,0.0,0.0,0.0,0.0,0.0
606542930508410601,0.0,0.0,0.0,0.0,0.0
606742930451742602,3.7142856121063232,3.2371882946139623,29.083032824780396,17.018695831298828,45.32063486608046
607042929816234301,0.0,0.0,0.0,0.0,0.0
607042930523355301,0.02150537632405758,5.637520131668174,39.01518987341772,47.75160598754883,524.2893696288304
607342928096763401,0.0,6.080738060678506,12.161429872495447,1.9553803205490112,12.161476121357012
607342930517964902,3.25,29.584357650572006,263.32974427994617,132.99435424804688,1183.374302716467
607542930518974101,2.828828811645508,6.232604514871004,239.7553355618411,104.83259582519531,691.8191115350805
607642930454021201,0.0,0.0,0.0,0.0,0.0
607642930463621501,3.0,81.65430809985632,81.65517241379311,7.519665718078613,81.65430809985632
607642930468169701,3.5999999046325684,4.992099001775248,24.19747520288548,5.061816215515137,49.920991806429285
607642930537271102,2.3333332538604736,3.392735187021335,8.322757111597374,1.5042961835861206,10.178205761398216
607742930533867501,0.0,0.0,0.0,0.0,0.0
608142929309521301,0.0,0.0,0.0,0.0,0.0
608242929166128302,2.6194028854370117,6.376465673501756,265.57360371587174,99.1239013671875,854.4463571100957
608342930460180901,0.0,0.0,0.0,0.0,0.0
608342930466842201,0.0,0.0,0.0,0.0,0.0
608442930450561601,3.7941176891326904,3.8795155711270954,31.655094519082155,21.816232681274414,131.90353089594385
608442930544190202,0.0,0.0,0.0,0.0,0.0
608642930550485002,0.0,0.0,0.0,0.0,0.0
608742930527235302,0.0,0.0,0.0,0.0,0.0
608842930448699501,5.1587300300598145,18.641996924556903,216.6007462686567,95.60066986083984,1174.445845575475
608942930519744202,0.0,0.0,0.0,0.0,0.0
609142930478083502,0.0,0.0,0.0,0.0,0.0
609142930545018002,0.0,0.0,0.0,0.0,0.0
609242930475241401,0.0,0.0,0.0,0.0,0.0
609342930519980402,11.75,12.83678693602071,109.37869822485207,32.96586990356445,308.08287126213844
609442929613635201,0.0,0.0,0.0,0.0,0.0
609542928176021402,0.0,0.0,0.0,0.0,0.0
609742930471752701,0.0,0.0,0.0,0.0,0.0
609942930510039901,0.0,0.0,0.0,0.0,0.0
609942930528550401,0.0,0.0,0.0,0.0,0.0
611142930519056902,0.0,0.0,0.0,0.0,0.0
611242930456564601,0.0,0.0,0.0,0.0,0.0
611242930544170802,0.0,0.0,0.0,0.0,0.0
611442929236057902,0.0,0.0,0.0,0.0,0.0
611442930536252502,0.0,0.0,0.0,0.0,0.0
611542928135643301,0.0,0.0,0.0,0.0,0.0
611542930463206002,0.0,0.0,0.0,0.0,0.0
611542930465552501,0.0,0.0,0.0,0.0,0.0
611842930525086802,0.0,0.0,0.0,0.0,0.0
611842930528062002,4.363636493682861,11.714853473086496,243.5588052271313,111.86334991455078,902.0437483606535
611942930458139602,1.9629629850387573,13.7134437960093,48.674544750096864,84.07794952392578,1110.7890044558376
611942930516991901,0.0,0.0,0.0,0.0,0.0
611942930525522002,0.0,0.0,0.0,0.0,0.0
612142929514163102,0.0,0.0,0.0,0.0,0.0
612342928108786601,3.694736957550049,8.430221087621963,323.7970154964607,70.63541412353516,800.871034638613
612342930457889302,4.333333492279053,11.254738136574074,183.5634259259259,49.379520416259766,472.69901147241944
612342930543404502,0.0,0.0,0.0,0.0,0.0
612442930473165602,0.0,0.0,0.0,0.0,0.0
612542928601833902,0.0,0.0,0.0,0.0,0.0
612742930457760601,0.0,0.0,0.0,0.0,0.0
612742930473475701,7.285714149475098,13.291490284670065,29.472103004291846,9.369841575622559,93.04042941510933
612742930509766401,0.0,0.0,0.0,0.0,0.0
612942930464604802,2.9482758045196533,12.936873736948467,1268.4257325698889,182.7556915283203,1500.6772921804065
613142930522255301,0.0,0.0,0.0,0.0,0.0
613142930527786601,0.0,0.0,0.0,0.0,0.0
613142930541713601,0.0,0.0,0.0,0.0,0.0
613242930469281302,0.0,0.0,0.0,0.0,0.0
613342930527812301,0.0,0.0,0.0,0.0,0.0
613642930458178401,0.0,0.0,0.0,0.0,0.0
613742930531180301,0.0,0.0,0.0,0.0,0.0
613842930474030501,0.0,0.0,0.0,0.0,0.0
613842930529166701,0.0,0.0,0.0,0.0,0.0
613842930530935001,0.0,0.0,0.0,0.0,0.0
614042930510485702,0.0,0.0,0.0,0.0,0.0
614142930449855601,2.809523820877075,4.796302538358972,48.654341379927956,23.906797409057617,201.4447008293231
614142930545162802,3.1891891956329346,5.190684635977506,109.1641541038526,27.244203567504883,192.05532735955575
614242930526869301,0.0,0.0,0.0,0.0,0.0
614342930316630702,3.3333332538604736,7.680050607454979,48.358050847457626,8.72884750366211,69.12045556407864
614442930529223002,0.0,0.0,0.0,0.0,0.0
614642930460835202,2.0,5.587683258453535,57.633317569165285,48.827335357666016,502.8915095079647
614942930520133301,0.0,0.0,0.0,0.0,0.0
615042930535854102,0.0,0.0,0.0,0.0,0.0
615242930529026902,0.0,0.0,0.0,0.0,0.0
615242930534894001,0.0,0.0,0.0,0.0,0.0
615542930453514002,0.0,0.0,0.0,0.0,0.0
615542930472245601,2.2898550033569336,7.91541910645502,124.38369781312127,117.59723663330078,546.1639144577042
615542930472598101,3.7073171138763428,12.58976416824931,233.33563535911603,44.563838958740234,516.180334517969
615542930524160001,0.0,0.0,0.0,0.0,0.0
615642928791241702,1.85496187210083,12.712268975733634,276.8916478555305,112.52664947509766,1665.3072456366322
615642930453924201,0.0,0.0,0.0,0.0,0.0
615642930548013602,0.0,18.491299224515682,123.90867158671587,35.274871826171875,388.3172821312373
615742930472569902,3.25,3.2421057594744886,8.551338815095932,1.747157335281372,12.96842293495019
615742930517542101,0.0,0.0,0.0,0.0,0.0
615842930452120801,0.0,0.0,0.0,0.0,0.0
615842930464614501,0.0,0.0,0.0,0.0,0.0
615842930540550801,0.0,0.0,0.0,0.0,0.0
616142930535327501,0.0,0.0,0.0,0.0,0.0
616342928009789001,0.0,0.0,0.0,0.0,0.0
616342930540564901,0.0,0.0,0.0,0.0,0.0
616542930525105801,0.0,0.0,0.0,0.0,0.0
616842929189316902,2.6666667461395264,22.225748038967613,101.40485829959515,15.531132698059082,133.35449391724126
616842930524612002,0.3921568691730499,9.790347615359966,113.17538987395855,107.1899185180664,998.615436890522
616942930507685202,0.0,0.0,0.0,0.0,0.0
617242930472545102,0.0,0.0,0.0,0.0,0.0
617542930461420101,0.0,0.0,0.0,0.0,0.0
617742930535217001,0.0,0.0,0.0,0.0,0.0
617942930460510202,2.0,1.753744402158229,9.364116094986807,1.2326523065567017,10.522466855816601
618042930451043001,0.0,0.0,0.0,0.0,0.0
618042930525354301,0.0,0.0,0.0,0.0,0.0
618342930517732602,2.3499999046325684,11.148357619058585,89.32792925571113,72.13847351074219,1114.835747175561
618442930479187302,0.0,0.0,0.0,0.0,0.0
618642930476813602,0.0,0.0,0.0,0.0,0.0
618842930525478901,0.033195022493600845,4.653597254077472,26.97308868501529,160.18231201171875,1121.5169365434715
619042930458308802,0.0,0.0,0.0,0.0,0.0
619442930456902601,3.6666667461395264,5.89394733436853,90.06169772256729,20.708738327026367,141.45473733905928
619642930461679002,0.0,0.0,0.0,0.0,0.0
619642930467832502,0.0,0.0,0.0,0.0,0.0
619842930518854401,0.0,0.0,0.0,0.0,0.0
621242930519112201,0.0,0.0,0.0,0.0,0.0
621342930458041402,0.0,0.0,0.0,0.0,0.0
621342930460442702,0.0,0.0,0.0,0.0,0.0
621442930509631801,14.0,209.1001461988304,209.10017798118486,21.011911392211914,209.1001461988304
621442930533515701,0.0,0.0,0.0,0.0,0.0
621442930542426801,0.0,0.0,0.0,0.0,0.0
621842928305365001,0.0,0.0,0.0,0.0,0.0
621942930527380301,0.9767441749572754,9.374903842311381,68.09079283887468,86.80293273925781,1209.3626327648797
622142930525597202,3.534883737564087,12.33718408622851,305.0830945558739,0.0,1060.9977931593755
622342930454373401,0.0,0.0,0.0,0.0,0.0
622342930530575101,0.0,0.0,0.0,0.0,0.0
622542930524635402,0.0,0.0,0.0,0.0,0.0
623042930453137202,0.0,0.0,0.0,0.0,0.0
623042930474490501,3.7826087474823,7.018833705357143,147.03571428571428,57.993621826171875,484.29951382422803
623042930476919301,6.166666507720947,9.414995541779891,128.73260869565217,51.28721237182617,395.4298134762308
623142930537296402,0.0,0.0,0.0,0.0,0.0
623342930473502501,2.9456522464752197,15.47863000370645,366.25389177168273,191.40133666992188,1424.0340242491907
623742930507962602,0.0,0.0,0.0,0.0,0.0
623742930536195201,3.7272727489471436,7.39320362397354,47.25547445255474,9.4556884765625,81.32523802597157
623942928258542701,0.0,0.0,0.0,0.0,0.0
623942930530823901,0.0,0.0,0.0,0.0,0.0
624142929684805401,0.0,0.0,0.0,0.0,0.0
624142930451687501,9.0,61.46435066598361,137.2,9.624345779418945,184.3930519979508
624242930455754701,0.0,0.0,0.0,0.0,0.0
624242930475530502,1.3697478771209717,6.6041627436863095,47.1067789100576,75.01173400878906,785.8953302262154
624342930529722402,0.0,0.0,0.0,0.0,0.0
624342930532757901,4.384615421295166,19.433204842572238,228.36683417085428,24.326791763305664,252.63165606685618
624442928726031502,0.0,0.0,0.0,0.0,0.0
624442930464003901,0.0,0.0,0.0,0.0,0.0
624542930530514701,5.6875,7.3115102544132915,67.45777085496712,15.946734428405762,116.98416005230644
624742930142486002,0.0,0.0,0.0,0.0,0.0
624742930530714801,2.4252872467041016,7.500375202031863,101.85222812283537,106.36103820800781,652.5326361423881
624942930479378202,2.6888887882232666,8.17791173357834,134.00446594715297,75.50187683105469,736.0120758635873
624942930509974501,0.0,0.0,0.0,0.0,0.0
625042930475269601,0.0,0.0,0.0,0.0,0.0
625142930460858601,0.0,0.0,0.0,0.0,0.0
625342929466954002,0.0,0.0,0.0,0.0,0.0
625442930530055402,4.196078300476074,4.3587462086670365,57.42795971770676,50.892093658447266,222.29606328711202
625542930533010301,0.0,0.0,0.0,0.0,0.0
625742930470569001,0.0,0.0,0.0,0.0,0.0
625842930518152502,3.8428571224212646,8.799864609301126,142.91831857646352,57.9571647644043,615.9905338060105
626142930480164301,0.0,0.0,0.0,0.0,0.0
626142930540691101,2.1724138259887695,15.204416252260398,141.31681735985532,172.23931884765625,1322.7841613817818
626142930545055902,0.0,0.0,0.0,0.0,0.0
626442930541959602,0.0,0.0,0.0,0.0,0.0
626642930534157502,0.0,0.0,0.0,0.0,0.0
626742930469978402,0.0,0.0,0.0,0.0,0.0
626742930547755901,2.0,3.6521260399959905,10.717722534081796,2.645296335220337,14.608504111038368
626942930531391002,0.0,0.0,0.0,0.0,0.0
626942930550762501,1.0370370149612427,12.784342341048369,244.19435325016414,84.75447845458984,690.3544734680149
627142930477846402,0.0,0.0,0.0,0.0,0.0
627142930519283702,0.0,0.0,0.0,0.0,0.0
627242930521030802,0.0,0.0,0.0,0.0,0.0
627242930530633202,0.0,0.0,0.0,0.0,0.0
627742930535001801,0.0,0.0,0.0,0.0,0.0
627742930542430902,0.0,0.0,0.0,0.0,0.0
627842930454353502,2.098360538482666,4.938246596760461,65.25721699643205,0.0,301.2330414273698
627842930455116302,0.0,0.0,0.0,0.0,0.0
627842930527026502,0.0,0.0,0.0,0.0,0.0
627942930468002802,0.0,0.0,0.0,0.0,0.0
628042930476683502,0.0,0.0,0.0,0.0,0.0
628242930463571801,4.285714149475098,5.785372031491998,55.94407158836689,13.971307754516602,80.99520657128586
628242930528148101,0.0,0.0,0.0,0.0,0.0
628442930546282602,0.0,0.0,0.0,0.0,0.0
628542930529940802,0.0,0.0,0.0,0.0,0.0
628742930447174202,3.2608695030212402,6.946014715969717,64.93031350033027,0.0,159.75833653989383
629142930462199101,4.980391979217529,6.325784434442935,109.10770750988142,60.363887786865234,322.61499604594565
629342930476512301,0.0,0.0,0.0,0.0,0.0
629342930509172202,0.0,0.0,0.0,0.0,0.0
629442930454891802,3.3333332538604736,4.0465853359159185,20.428867403314918,6.835900783538818,36.41926757011624
629442930546221601,0.0,0.0,0.0,0.0,0.0
629542930524103602,1.1739130020141602,9.09705537234785,77.54829704075935,27.2311954498291,209.2322771007425
629942930465575701,0.0,0.0,0.0,0.0,0.0
631342930544564001,3.2020201683044434,9.573006731719367,132.97084980237153,71.01195526123047,947.727649846243
631442930453559201,0.0,0.0,0.0,0.0,0.0
631442930465223901,0.0,0.0,0.0,0.0,0.0
631442930478758802,3.4285714626312256,1.9935995288707666,9.12339196639538,2.6496541500091553,13.955196830286821
631442930534697501,3.0,7.639043308597748,59.445445240532244,66.38734436035156,465.9816240078473
631442930544035201,0.0,0.0,0.0,0.0,0.0
631542930137891201,0.0,0.0,0.0,0.0,0.0
631642930515728402,0.0,0.0,0.0,0.0,0.0
631742929269314901,0.0,0.0,0.0,0.0,0.0
631842930544615602,0.0,0.0,0.0,0.0,0.0
631842930546616102,0.0,0.0,0.0,0.0,0.0
632142929417331502,0.0,0.0,0.0,0.0,0.0
632142930475451901,4.181818008422852,17.042732373564487,62.59540636042403,53.22270965576172,187.4700513644269
632142930529489601,0.0,0.0,0.0,0.0,0.0
632242928242485402,0.0,0.0,0.0,0.0,0.0
632242928726267002,0.0,0.0,0.0,0.0,0.0
632242930528090201,4.375,6.783802965042655,201.97120767795255,78.31269073486328,542.7042315225543
632542930460063802,0.0,0.0,0.0,0.0,0.0
632742928602899402,0.0,0.0,0.0,0.0,0.0
632742930471641102,0.0,0.0,0.0,0.0,0.0
632842930545035902,5.1875,8.516787758356408,63.84335443037975,0.0,136.2686066386066
633042930524124402,0.0,0.0,0.0,0.0,0.0
633142930479439902,3.844444513320923,6.67775235392344,50.126178715761114,43.12137222290039,300.4988556516026
633142930480181601,0.0,0.0,0.0,0.0,0.0
633142930546696501,0.0,0.0,0.0,0.0,0.0
633742930519064501,0.0,0.0,0.0,0.0,0.0
634042930454923601,0.0,0.0,0.0,0.0,0.0
634142930378995901,4.0,11.409459153938906,46.46430868167202,14.855036735534668,125.50404457018689
634242930480300802,0.0,0.0,0.0,0.0,0.0
634342930517827402,0.0,0.0,0.0,0.0,0.0
634342930538918502,9.0,28.843611993752692,21.63377854373115,4.07749080657959,28.843611993752692
634442928570877701,0.0,0.0,0.0,0.0,0.0
634442928601879102,0.0,0.0,0.0,0.0,0.0
634442930509229101,0.0,0.0,0.0,0.0,0.0
634542930516387001,0.0,0.0,0.0,0.0,0.0
634542930518933602,3.677419424057007,8.436488170509351,200.42524408893073,75.1447982788086,784.5933862589006
634542930547167301,0.0,0.0,0.0,0.0,0.0
635042930475778201,4.4347825050354,9.09837984402786,86.8352104327208,32.10807418823242,209.26274293445593
635242930466868001,0.0,0.0,0.0,0.0,0.0
635242930523886601,3.0,3.3461626095285824,22.14200724262804,6.6590423583984375,33.46162633210097
635342930529573401,14.0,154.2239302235929,154.22397841171934,21.476104736328125,154.2239302235929
635442930450110302,0.0,0.0,0.0,0.0,0.0
635442930457627902,3.0487804412841797,6.767701501209883,119.80132450331126,72.0962142944336,554.9515293546921
635542930533071202,1.1515151262283325,4.982593331363278,65.41552403467297,91.2184066772461,493.276731102495
635842930448036901,4.857142925262451,11.270018620277519,65.80223880597015,11.8112211227417,78.8901298579885
635942930457087702,0.0,0.0,0.0,0.0,0.0
636142930528352101,0.0,0.0,0.0,0.0,0.0
636342930526638701,0.0,0.0,0.0,0.0,0.0
636442930460092501,0.0,0.0,0.0,0.0,0.0
636442930520175701,0.0,0.0,0.0,0.0,0.0
636542930536561801,0.0,0.0,0.0,0.0,0.0
636742928865301501,0.0,0.0,0.0,0.0,0.0
636742929020918202,0.0,0.0,0.0,0.0,0.0
636842930510820302,4.900000095367432,7.881433761760753,29.323118279569893,15.88854694366455,78.81433925833754
636842930525655902,4.486486434936523,7.142342314632546,103.95301837270341,50.04624938964844,264.2666638592097
636942930472736801,0.0,0.0,0.0,0.0,0.0
637142930511097902,0.0,0.0,0.0,0.0,0.0
637542930466070001,2.6101694107055664,5.984189118264521,92.55265920223933,54.28642654418945,353.0671459328803
637642930474869901,0.0,0.0,0.0,0.0,0.0
637642930550717001,0.0,0.0,0.0,0.0,0.0
637742930532452802,0.0,0.0,0.0,0.0,0.0
637842928603015501,0.0,0.0,0.0,0.0,0.0
637842930510482502,4.0,4.800162264160331,10.502169326911595,4.054704666137695,19.20064890115631
637942930548982002,0.0,0.0,0.0,0.0,0.0
638042930450992201,0.0,0.0,0.0,0.0,0.0
638042930509034601,0.0,0.0,0.0,0.0,0.0
638042930529760102,0.0,0.0,0.0,0.0,0.0
638042930538055401,4.0,4.253911687430401,54.70304380103935,62.51227951049805,216.94949624072913
638142930447921202,3.8333332538604736,5.970630542652027,93.35078828828829,40.85729217529297,286.59026497333974
638142930450063801,0.0,0.0,0.0,0.0,0.0
638142930455866601,3.4375,77.22992914789789,594.8018018018018,47.776363372802734,1235.678871590096
638142930540569102,3.0,2.6187180583804466,30.004412575841148,7.368955135345459,41.899487065664
638242930455311801,0.0,0.0,0.0,0.0,0.0
638242930533781801,3.848484754562378,9.155301607572115,131.6224358974359,46.985721588134766,302.1249465942383
638542930476079201,0.022727273404598236,3.8069028543043126,19.223894970378137,39.4237060546875,335.0074427445385
638642930519829201,0.0,0.0,0.0,0.0,0.0
638742930527718701,4.115384578704834,12.024853399090096,119.95704057279237,34.28584289550781,312.6461873509719
638842930452336902,0.0,0.0,0.0,0.0,0.0
639042930529309401,0.0,0.0,0.0,0.0,0.0
639142930518547302,0.0,0.0,0.0,0.0,0.0
639142930529139001,0.0,0.0,0.0,0.0,0.0
639342930454898101,0.0,0.0,0.0,0.0,0.0
639342930461614402,0.0,0.0,0.0,0.0,0.0
639342930465207602,0.0,0.0,0.0,0.0,0.0
639442928988290801,0.0,0.0,0.0,0.0,0.0
639442930538235001,0.0,0.0,0.0,0.0,0.0
639542930532563901,0.0,0.0,0.0,0.0,0.0
639642930530084702,0.0,0.0,0.0,0.0,0.0
641142930477278001,0.0,0.0,0.0,0.0,0.0
641242930464771301,0.0,0.0,0.0,0.0,0.0
641242930528742302,0.0,0.0,0.0,0.0,0.0
641242930548136302,8.600000381469727,7.663873919574154,92.33097923474227,40.098777770996094,268.2355990357076
641342930545059402,0.0,0.0,0.0,0.0,0.0
641442929528823102,0.0,0.0,0.0,0.0,0.0
641442930464779301,0.0,0.0,0.0,0.0,0.0
641442930524145502,0.0,0.0,0.0,0.0,0.0
641742930516236501,5.470588207244873,17.372401083669356,160.16532258064515,30.182493209838867,295.3308074705062
641842928570742801,4.137930870056152,47.95068473193473,507.87412587412587,55.18210983276367,1390.5699153090968
641942930474911501,0.0,0.0,0.0,0.0,0.0
641942930534201702,0.0,0.0,0.0,0.0,0.0
642042930525103802,0.0,0.0,0.0,0.0,0.0
642142930542004602,0.0,0.0,0.0,0.0,0.0
642242930456211802,0.0,0.0,0.0,0.0,0.0
642342930453637401,0.0,0.0,0.0,0.0,0.0
642342930457120101,0.0,0.0,0.0,0.0,0.0
642542930456223802,0.0,0.0,0.0,0.0,0.0
642642930474766001,0.0,0.0,0.0,0.0,0.0
642742930526624501,0.0,0.0,0.0,0.0,0.0
643142930459533201,0.0,0.0,0.0,0.0,0.0
643142930519928302,2.730158805847168,7.660853617825457,139.06952743074416,68.9655532836914,482.63377802660773
643242929821047101,0.0,0.0,0.0,0.0,0.0
643442930550034201,0.0,0.0,0.0,0.0,0.0
643742930454947202,0.0,0.0,0.0,0.0,0.0
643742930476853602,4.964285850524902,8.501466130732735,118.10595677385345,27.23863983154297,238.04105222357154
643742930524019802,4.196078300476074,20.11150034037863,223.1701244813278,77.21280670166016,1025.6864904031713
643742930542962201,3.6285715103149414,5.690201736633474,101.97287293741195,27.48552703857422,199.15705719675515
643942930525309802,0.0,0.0,0.0,0.0,0.0
644142930446451802,0.0,0.0,0.0,0.0,0.0
644142930474924401,0.8617021441459656,4.554260273559086,62.94805194805195,74.318359375,428.10044719421313
644642930474099402,5.4666666984558105,17.33159643020073,172.69051094890511,44.9162483215332,259.9739557308002
644642930510593801,3.931506872177124,18.42511763334065,355.46795434591746,126.05245971679688,1345.033610225875
644742929681216001,0.0,0.0,0.0,0.0,0.0
644742930477479302,0.0,0.0,0.0,0.0,0.0
644942930511287101,0.0,0.0,0.0,0.0,0.0
644942930516721002,4.461538314819336,9.091069097653019,157.51778329197683,95.39408111572266,590.9194885960683
645042930468804501,232.0,96.15384615384616,96.15384615384616,10.092056274414062,96.15384615384616
645242930524530001,0.0,0.0,0.0,0.0,0.0
645342930532493602,1.3717948198318481,5.859720314646023,22.586714945686104,171.50314331054688,457.0581885080746
645542930453093001,0.0,0.0,0.0,0.0,0.0
645742930461298301,0.0,0.0,0.0,0.0,0.0
646142930516997802,0.0,0.0,0.0,0.0,0.0
646442930476673001,0.0,0.0,0.0,0.0,0.0
646442930515735902,0.9756097793579102,5.106693481848184,41.24617461746175,90.57979583740234,418.7488883510925
646742928967163401,0.0,0.0,0.0,0.0,0.0
646742930464184902,0.0,0.0,0.0,0.0,0.0
646742930527254501,0.0,0.0,0.0,0.0,0.0
647042929800407201,0.0,0.0,0.0,0.0,0.0
647042930457784202,0.0,0.0,0.0,0.0,0.0
647142930520231302,0.0,0.0,0.0,0.0,0.0
647242930515716702,0.0,0.0,0.0,0.0,0.0
647242930529731001,6.56862735748291,19.02904632835277,401.6083576287658,104.0099868774414,970.4813417744242
647542927963609202,1.43478262424469,8.850086613671145,1048.1288896446183,0.0,2239.0719692014227
647642930462303702,3.0,11.891728615274234,23.783482142857142,3.3895928859710693,23.783455984933035
647942930515080402,3.204545497894287,17.815884764226915,254.7022190408017,199.8214569091797,1567.797854191419
648042930528529302,3.859375,6.261993977093207,124.59178515007899,55.49224853515625,400.7676009685884
648342930459509102,4.448276042938232,4.192871039849873,88.78463406557015,41.70024490356445,243.186522606259
648342930463022901,2.5657894611358643,10.48211064987117,172.39811050672773,91.94713592529297,796.640393335936
648342930527411001,2.3529412746429443,11.629175925925926,74.0482962962963,17.18741798400879,197.6959984085648
648342930534785301,0.0,0.0,0.0,0.0,0.0
648342930547014502,4.25,12.902515332943926,28.878504672897197,8.469216346740723,51.61006122214772
648442930449073502,0.0,0.0,0.0,0.0,0.0
648442930526664902,6.058823585510254,69.41922743055555,627.1944444444445,39.93452835083008,1180.126843939887
648442930547127301,0.0,0.0,0.0,0.0,0.0
648642930531693201,0.0,0.0,0.0,0.0,0.0
648742930454987101,0.0,0.0,0.0,0.0,0.0
648742930478797202,4.933333396911621,7.882222347122302,112.01199040767386,27.649534225463867,236.46667856221003
648742930524846701,0.0,0.0,0.0,0.0,0.0
648842930460023301,0.0,0.0,0.0,0.0,0.0
648942929567799701,0.0,0.0,0.0,0.0,0.0
648942930449110702,0.0,0.0,0.0,0.0,0.0
649042930527078002,0.0,0.0,0.0,0.0,0.0
649142930518226402,1.3434343338012695,7.514789052661039,30.48934185363123,89.84703826904297,743.9641021895061
649342930117707001,0.0,0.0,0.0,0.0,0.0
649442930480047802,0.0,0.0,0.0,0.0,0.0
649642930467947801,0.0,0.0,0.0,0.0,0.0
649742930539647002,3.620689630508423,14.832564581008185,271.42113095238096,149.0181884765625,1290.4330969935372
649942930476139101,0.0,0.0,0.0,0.0,0.0
649942930479236002,0.0,0.0,0.0,0.0,0.0
651142930450359001,3.9473683834075928,4.171283484212722,23.546921364985163,13.526816368103027,79.2543832343127
651342928887918302,5.0,10.08415057588076,18.899006323396566,4.572253704071045,30.25245278624661
651442930479445702,0.0,0.0,0.0,0.0,0.0
651642930515551701,0.0,0.0,0.0,0.0,0.0
651742930533814901,0.0,0.0,0.0,0.0,0.0
651842930526320601,0.0,0.0,0.0,0.0,0.0
651942930454825201,0.0,0.0,0.0,0.0,0.0
651942930478231102,0.0,0.0,0.0,0.0,0.0
652142930447137102,4.77142858505249,18.06988196509797,194.3855843247026,71.21492767333984,632.4458636183101
652142930509584901,0.0,0.0,0.0,0.0,0.0
652442930515802601,1.4104046821594238,18.50242138637943,360.4378040305768,1073.6993408203125,3200.9190073762197
652542930454752501,0.0,0.0,0.0,0.0,0.0
652542930546548902,0.0,0.0,0.0,0.0,0.0
652642930533782602,3.8888888359069824,10.341944553836175,146.64825796886583,81.74127960205078,558.46500488179
652842930516145901,2.989898920059204,25.659649814096348,743.1580989330747,258.81982421875,2540.30530586329
652842930529521401,0.0,0.0,0.0,0.0,0.0
653042927963768501,0.0,0.0,0.0,0.0,0.0
653042930542015202,0.0,0.0,0.0,0.0,0.0
653142930459478902,0.0,0.0,0.0,0.0,0.0
653142930479524002,4.081395149230957,4.9468187889081765,115.9639650424997,77.22988891601562,425.42641991974136
653342930508972101,0.0,0.0,0.0,0.0,0.0
653342930533725301,1.7239264249801636,5.24517376993901,854.9622331691297,180.0327606201172,854.9633522238386
653542930529153902,2.0,96.57846304086539,96.57692307692308,7.75553035736084,96.57846304086539
653642930462867801,0.0,0.0,0.0,0.0,0.0
653742930510384802,0.0,0.0,0.0,0.0,0.0
653842929400256501,0.0,0.0,0.0,0.0,0.0
653842929696743002,0.0,0.0,0.0,0.0,0.0
653842930453388901,4.1875,6.262310275975994,67.54461687681862,24.395387649536133,200.3939287054319
653842930473075901,1.1726619005203247,15.400842120090148,185.93174500965873,112.96517181396484,2140.7170711893154
653942930509065402,0.0,0.0,0.0,0.0,0.0
654042930449629701,0.0,0.0,0.0,0.0,0.0
654042930470916901,5.599999904632568,17.094503377068254,82.11375387797311,9.813332557678223,85.47252160341564
654242930542632701,0.0,0.0,0.0,0.0,0.0
654342930546863601,1.0,16.752587694077057,33.50527122867548,4.346073627471924,33.505175294559855
654542930474824902,4.599999904632568,8.815831960818308,16.312066574202497,3.7472636699676514,44.07915912686373
654542930477661102,0.0,0.0,0.0,0.0,0.0
654642930453465602,0.0,0.0,0.0,0.0,0.0
654642930454790701,8.55555534362793,76.13793103448276,324.2493368700265,64.13291931152344,685.2413764771479
654642930460302701,0.0,0.0,0.0,0.0,0.0
654942930509543701,0.0,0.0,0.0,0.0,0.0
655042930472188302,0.0,0.0,0.0,0.0,0.0
655042930479484502,0.0,0.0,0.0,0.0,0.0
655142928726124202,0.0,0.0,0.0,0.0,0.0
655342930509983701,0.0,0.0,0.0,0.0,0.0
655342930543181102,0.0,0.0,0.0,0.0,0.0
655442930469818502,0.0,0.0,0.0,0.0,0.0
655442930510824702,0.0,0.0,0.0,0.0,0.0
655842928887872002,0.0,0.0,0.0,0.0,0.0
655842930523085001,2.9482758045196533,9.290591700045345,234.9200423216445,81.17366790771484,1077.7086166580182
656042930475018502,0.0,0.0,0.0,0.0,0.0
656242930456953401,3.382978677749634,7.945971236682204,179.27767604461462,135.33253479003906,746.9212704971743
656242930473377402,0.0,0.0,0.0,0.0,0.0
656342930342691002,0.0,0.0,0.0,0.0,0.0
656442930472250401,3.190476179122925,7.884890526944282,88.07571330572424,74.2065200805664,662.3308332805672
656542928592761601,0.0,0.0,0.0,0.0,0.0
656542930543599602,0.0,0.0,0.0,0.0,0.0
656642930474235001,3.442307710647583,7.6896910429079774,97.85931810658722,38.546024322509766,399.8639298178273
656642930517305401,0.0,0.0,0.0,0.0,0.0
656742928789992001,0.0,0.0,0.0,0.0,0.0
656842930475431902,0.0,0.0,0.0,0.0,0.0
657242928887312101,0.0,0.0,0.0,0.0,0.0
657342930541170002,0.0,0.0,0.0,0.0,0.0
657442930477734402,0.04918032884597778,11.975682831661093,4.61371237458194,100.08183288574219,1461.033317276201
657742930465781302,0.0,0.0,0.0,0.0,0.0
657742930474796002,0.0,0.0,0.0,0.0,0.0
657742930532598501,1.840000033378601,6.067094300758965,151.67726161369194,15.975804328918457,151.67735711267156
658142930473567902,0.0,0.0,0.0,0.0,0.0
658142930546394001,0.0,0.0,0.0,0.0,0.0
658642929303719501,5.153846263885498,6.855442276395577,46.04226859283039,12.33211898803711,89.12074767728954
658942930456879602,5.854838848114014,4.89408878602547,282.28596961572833,38.93804931640625,303.43350279320555
658942930479038602,0.0,2.4287573105796088,10.177374301675977,12.330519676208496,63.1476905439153
659142928232753901,0.0,0.0,0.0,0.0,0.0
659142930532505601,0.0,9.52763303360849,272.20943396226414,160.51351928710938,1429.1450176310989
659542930519222201,7.0,16.50521336122135,28.807930208445065,3.502542018890381,33.01042560513426
659742930464854101,0.0,6.306311711245657,0.0,9.927511215209961,81.98205326905943
659742930544352401,0.0,0.0,0.0,0.0,0.0
659842930534373901,0.0,0.0,0.0,0.0,0.0
659942929259428501,0.0,0.0,0.0,0.0,0.0
659942930461469101,19.461538314819336,25.488874304149796,279.8825910931174,17.48313331604004,331.3553785254598
659942930519363301,0.0,0.0,0.0,0.0,0.0
661142930533758202,1.0,65.3455752041917,65.34550778240099,10.040706634521484,65.3455752041917
661242930541930402,0.0,0.0,0.0,0.0,0.0
661342930531787402,4.333333492279053,4.752189115141654,73.77411944869831,22.40361785888672,128.30910888484937
661542930458841401,0.0,0.0,0.0,0.0,0.0
661542930526107101,3.3333332538604736,9.996588921609662,109.67352308060272,84.09264373779297,719.7544112699336
661642928062746602,0.0,0.0,0.0,0.0,0.0
662142928255461701,0.0,0.0,0.0,0.0,0.0
662142930529150601,0.0,0.0,0.0,0.0,0.0
662242930517506301,4.363636493682861,23.67283084335219,266.63083451202266,75.31742095947266,781.2034033622904
662342930463195201,0.0,0.0,0.0,0.0,0.0
662342930464993502,0.0,0.0,0.0,0.0,0.0
662542930461143901,0.0,0.0,0.0,0.0,0.0
662542930525213101,0.0,0.0,0.0,0.0,0.0
662742929621897902,0.0,0.0,0.0,0.0,0.0
662742930474015002,3.920454502105713,5.047290953806672,131.71775876817793,64.49873352050781,444.1616049012901
662942930534037001,1.375,29.32581072022929,234.6050295857988,28.345731735229492,234.6064829036329
663042930479679601,0.0,0.0,0.0,0.0,0.0
663042930524347201,3.2857143878936768,3.124068314712511,15.684256816182938,3.004647731781006,21.86847841771108
663142929839447601,0.0,0.0,0.0,0.0,0.0
663342930451105601,0.0,0.0,0.0,0.0,0.0
663542930529957101,0.0,0.0,0.0,0.0,0.0
663642930480208101,4.230769157409668,22.934314460332104,114.36162361623616,13.101205825805664,298.1461002964522
663742930515497202,3.816666603088379,11.64538020552106,141.23920086393088,75.379150390625,698.7228260024835
663842930455452701,0.0,0.0,0.0,0.0,0.0
664042930448245002,3.299999952316284,11.36710232303946,75.32667828878189,17.113239288330078,113.67102712172782
664042930459310502,0.0,0.0,0.0,0.0,0.0
664042930542970902,0.0,0.0,0.0,0.0,0.0
664242930518346602,3.534482717514038,12.541689895732883,153.71263259402122,58.871299743652344,727.418010980207
664642930528521401,0.0,0.0,0.0,0.0,0.0
664742929309406402,3.9285714626312256,4.183908885027347,26.725311455484654,6.603314399719238,58.574726430451896
664742930179843902,0.0,0.0,0.0,0.0,0.0
664742930518939202,1.1081081628799438,6.386713698270288,19.63853863562884,31.48119354248047,236.3083983802734
664742930532198301,4.019999980926514,14.987768665158372,221.08185931715343,53.094425201416016,749.3884103163825
664942930450522402,0.0,0.0,0.0,0.0,0.0
665142930474649402,0.0,0.0,0.0,0.0,0.0
665242930463609802,0.0,0.0,0.0,0.0,0.0
665342930460685202,5.069767475128174,9.076419331933812,138.82909360335884,49.70037841796875,390.28601234758247
665342930528787802,0.0,0.0,0.0,0.0,0.0
665642930550842201,0.0,0.0,0.0,0.0,0.0
665742930527645201,2.25,19.312908163265305,63.093061224489794,5.04651403427124,77.25163265306122
665842929380279101,0.0,0.0,0.0,0.0,0.0
665842930471889901,0.0,0.0,0.0,0.0,0.0
665842930528854901,0.0,0.0,0.0,0.0,0.0
665942929400362701,5.854838848114014,81.01179832175926,1867.7407407407406,156.83792114257812,5022.731291820385
665942930515546002,0.07246376574039459,29.220468837584082,411.12219730941706,120.9058609008789,2016.2123920243953
665942930524702001,0.0,0.0,0.0,0.0,0.0
665942930543219101,0.0,0.0,0.0,0.0,0.0
666042930475028101,0.0,0.0,0.0,0.0,0.0
666042930525712202,0.0,0.0,0.0,0.0,0.0
666142930462109402,0.0,0.0,0.0,0.0,0.0
666142930464828901,4.75,13.104987435149157,98.73022049286641,19.749555587768555,157.25985682149806
666142930533023602,0.0,0.0,0.0,0.0,0.0
666242928113204401,6.538461685180664,2.783107835419324,36.18016581632653,5.524307727813721,36.180401743674764
666242930516082801,4.916666507720947,12.957943268478687,122.01212358232303,97.59335327148438,621.981246620032
666242930525492302,0.0,0.0,0.0,0.0,0.0
666342930519029801,3.5714285373687744,7.949765775663848,45.8283637442516,9.525362968444824,55.64835946988925
666342930544643602,0.0,0.0,0.0,0.0,0.0
666442930480433801,0.0,0.0,0.0,0.0,0.0
666442930546688702,2.6666667461395264,49.55184408127209,54.57243816254417,4.334857940673828,148.65552706768992
666942930531738801,1.795454502105713,16.14955795995447,502.5676738410596,139.55613708496094,1421.161071771028
667042929885514702,3.625,6.830297629352987,34.908982983775225,7.764319896697998,54.642381228049565
667042930450950202,6.0,15.38506640625,55.888,6.054463863372803,92.31040087890625
667142927966337801,0.0,0.0,0.0,0.0,0.0
667142930518229601,0.0,0.0,0.0,0.0,0.0
667242930457538102,0.0,0.0,0.0,0.0,0.0
667342928113248801,2.0,5.127153200477606,8.834680925620694,1.2412368059158325,10.254306603742975
667442930464212402,0.0,0.0,0.0,0.0,0.0
667442930515645402,0.0,0.0,0.0,0.0,0.0
667442930549503402,5.642857074737549,66.71703496255165,620.2148760330579,170.13925170898438,2802.115538037513
667942930528227902,0.0,0.0,0.0,0.0,0.0
667942930530965901,0.0,0.0,0.0,0.0,0.0
668042928091088502,0.0,0.0,0.0,0.0,0.0
668142930526970101,0.0,0.0,0.0,0.0,0.0
668242930533365502,3.6086957454681396,7.181095150724067,144.7046596394444,31.563800811767578,330.3303894998992
668442930532995202,0.0,0.0,0.0,0.0,0.0
668642930527433401,0.0,0.0,0.0,0.0,0.0
668642930544536701,0.0,0.0,0.0,0.0,0.0
668742928235978602,0.0,0.0,0.0,0.0,0.0
668842930538829901,0.0,0.0,0.0,0.0,0.0
668942930527960502,0.0,0.0,0.0,0.0,0.0
668942930529847002,2.503816843032837,14.124476937071918,177.8760273972603,340.2051696777344,1850.3063936266997
669142930289529202,0.0,0.0,0.0,0.0,0.0
669142930450104201,5.0,3.7546289789469602,34.955334987593055,6.329298973083496,41.30091854123856
669242930527333102,0.0,0.0,0.0,0.0,0.0
669242930529373802,0.0,0.0,0.0,0.0,0.0
669342930526060301,0.0,0.0,0.0,0.0,0.0
669442930474293901,3.2407407760620117,31.565661951013514,436.12432432432433,114.20059967041016,1704.5457972397676
669642930539906702,5.0,10.59607963472113,30.302120974076985,5.3558878898620605,42.38431623748036
669842930542477401,2.9285714626312256,4.697037679584959,37.922667612628594,14.089703559875488,65.75852684299757
671142930534395002,0.0,0.0,0.0,0.0,0.0
671242930455919502,0.0,0.0,0.0,0.0,0.0
671542930478300201,1.5196079015731812,2.909279643523837,593.4925904652498,180.5485382080078,593.4930288802339
671642928739595002,3.7083332538604736,4.580400823398362,60.16955684007707,15.098169326782227,109.92962510507691
671742930528968102,0.0,0.0,0.0,0.0,0.0
671842927929385701,0.0,0.0,0.0,0.0,0.0
671942930546143302,0.0,0.0,0.0,0.0,0.0
672042929801894901,2.8375000953674316,8.51607142857143,80.86542857142857,84.31314086914062,681.2856978258405
672142928726429701,9.0,1033.792267628205,1033.7948717948718,54.936927795410156,1033.792267628205
672142929373030202,0.0,0.0,0.0,0.0,0.0
672442930530787602,1.7027027606964111,3.4266725812639507,42.25982142857143,36.70539474487305,126.78688295951912
672542930080417901,15.4375,3.9111766567024007,16.481400036650175,13.03915023803711,62.578828408645144
672742930531909101,0.0,0.0,0.0,0.0,0.0
673042930517612002,0.0,0.0,0.0,0.0,0.0
673042930529893101,4.764705657958984,15.955318835585986,265.77752089631866,94.16156768798828,542.480835460247
673142930477769301,0.0,0.0,0.0,0.0,0.0
673142930516487402,3.0379745960235596,7.517690266148326,66.97778537252222,50.94095993041992,593.8975480575718
673242930461406401,0.0,0.0,0.0,0.0,0.0
673342930467794802,2.9166667461395264,7.098894974954805,49.089635432359145,12.536548614501953,85.18673877078174
673342930518841002,0.0,0.0,0.0,0.0,0.0
673342930534726802,2.5,2.989161930921883,8.601716304896517,1.3321033716201782,11.956648155031392
673442930531133301,0.8219178318977356,9.333660613738738,23.03099099099099,78.53235626220703,681.3572461463309
673542930463546502,0.0,0.0,0.0,0.0,0.0
673742930533903301,4.1785712242126465,7.520549279916857,180.32792239928733,95.10274505615234,631.726127475745
673842930475061702,0.0,0.0,0.0,0.0,0.0
674042930461682601,0.0,0.0,0.0,0.0,0.0
674142930516069702,0.0,0.0,0.0,0.0,0.0
674242930435870002,4.171428680419922,20.130734551221803,362.50676691729325,103.16666412353516,1409.151375238519
674242930473017302,0.0,0.0,0.0,0.0,0.0
674342930457227401,6.642857074737549,7.064369669178536,66.76084796290162,14.623212814331055,98.901177198139
674342930524419701,0.0,0.0,0.0,0.0,0.0
674542930458635101,0.0,0.0,0.0,0.0,0.0
674542930480126701,2.933333396911621,50.48643199296142,1230.254953076121,82.05313873291016,1514.592956195907
674742930528798301,3.8222222328186035,4.211408282339059,73.34136435980461,69.39665222167969,379.02675194109867
675142930451155701,0.0,0.0,0.0,0.0,0.0
675142930540256901,0.0,0.0,0.0,0.0,0.0
675242928055989402,0.0,0.0,0.0,0.0,0.0
675342930525185901,4.25,6.776671999254473,147.86992331723943,120.75245666503906,569.240446975305
675442930516295301,0.0,0.0,0.0,0.0,0.0
675542930448864102,3.0975608825683594,11.176657853148553,185.03549720398735,83.12384796142578,916.4859372497677
675642929321111502,0.0,0.0,0.0,0.0,0.0
675642930451386202,0.0,0.0,0.0,0.0,0.0
675642930524949302,6.5625,31.555227963979007,233.80152671755727,83.13190460205078,1009.7673179684705
675742930526577702,0.0,0.0,0.0,0.0,0.0
675742930528981401,0.0,0.0,0.0,0.0,0.0
675842930459007402,4.436619758605957,7.079760019976199,144.0833049982999,62.771427154541016,502.6629614183101
675942930475206502,0.0,0.0,0.0,0.0,0.0
676142929194519602,0.0,0.0,0.0,0.0,0.0
676142930524860502,0.0,0.0,0.0,0.0,0.0
676242930220737602,0.0,0.0,0.0,0.0,0.0
676242930469479001,0.0,0.0,0.0,0.0,0.0
676242930473283902,0.0,0.0,0.0,0.0,0.0
676242930542299602,0.0,0.0,0.0,0.0,0.0
676342930012382501,0.0,0.0,0.0,0.0,0.0
676442930461411002,0.0,3.819667013579343,18.746816097809475,17.844675064086914,106.950676395768
676442930464954101,0.0,0.0,0.0,0.0,0.0
676442930546368201,0.0,0.0,0.0,0.0,0.0
676542930477748601,0.0,0.0,0.0,0.0,0.0
676542930517857402,13.0,143.48776736430543,114.08279668813248,9.966835021972656,143.48776736430543
676742930475025802,0.0,0.0,0.0,0.0,0.0
676842930545340301,4.914285659790039,20.391393096061336,299.4001803968731,140.02401733398438,1427.3974972172666
676942930479197201,0.0,0.0,0.0,0.0,0.0
676942930533687801,4.25,7.286154813757885,107.00590767998398,69.00816345214844,466.31392386029574
677042930478874701,0.0,0.0,0.0,0.0,0.0
677142930527521402,4.579999923706055,6.387691095388649,74.27521591610117,60.38409423828125,319.38456980888674
677242928932243302,0.0,0.0,0.0,0.0,0.0
677242928988167902,0.0,0.0,0.0,0.0,0.0
677242930517222601,0.0,0.0,0.0,0.0,0.0
677242930544609802,0.0,0.0,0.0,0.0,0.0
677242930547631701,1.0,4.399667740980321,4.399708454810495,0.6318918466567993,4.399667740980321
677742930447987101,3.1111111640930176,9.072863935073379,162.30605610254506,82.76950073242188,979.8693021313311
677742930519472901,0.0,0.0,0.0,0.0,0.0
677842930461361101,0.0,0.0,0.0,0.0,0.0
677942930525818002,4.785714149475098,8.602776313391649,40.26692179527231,10.843865394592285,120.43886452313079
678142930479964501,0.0,0.0,0.0,0.0,0.0
678142930521363801,0.0,0.0,0.0,0.0,0.0
678242930530196802,0.0,0.0,0.0,0.0,0.0
678542930476045002,0.0,0.0,0.0,0.0,0.0
678642930458165102,0.0,0.0,0.0,0.0,0.0
678742930222068601,0.0,0.0,0.0,0.0,0.0
678742930462308501,0.0,0.0,0.0,0.0,0.0
678742930528119502,0.0,0.0,0.0,0.0,0.0
678842930547371802,0.0,0.0,0.0,0.0,0.0
679042928030516801,0.0,0.0,0.0,0.0,0.0
679142930464344202,3.8235294818878174,9.784416389308262,90.43068899258853,39.580169677734375,332.6701737518269
679242930478303301,0.0,0.0,0.0,0.0,0.0
679342930519642702,0.0,0.0,0.0,0.0,0.0
679442930456249102,3.98305082321167,18.00738982609988,163.47483154974236,142.33265686035156,1062.436018004476
679442930546701301,3.4782607555389404,24.227977184879453,347.5828092243187,68.55240631103516,1114.486968128936
679742929946486602,2.0810811519622803,11.69700448724288,122.02848101265823,104.51077270507812,865.5783459687535
679942930541716201,0.0,0.0,0.0,0.0,0.0
681142930454118401,4.6181817054748535,6.561432772140221,90.71313653136531,94.75689697265625,360.8788003765261
681342930534908101,0.0,0.0,0.0,0.0,0.0
681442930464803501,0.0,0.0,0.0,0.0,0.0
681742930510597001,3.555555582046509,13.60389087818287,120.32716049382717,33.26897430419922,367.3050621174
682042930525009502,0.0,43.87199519230769,43.87179487179487,2.7543718814849854,43.87199519230769
682442928121580101,0.0,0.0,0.0,0.0,0.0
682442930509273402,0.0,0.0,0.0,0.0,0.0
682542930478153201,0.0,0.0,0.0,0.0,0.0
682542930521194702,0.0,0.0,0.0,0.0,0.0
682542930523950602,0.0,0.0,0.0,0.0,0.0
682542930531441302,0.0,0.0,0.0,0.0,0.0
682642930545320202,0.0,0.0,0.0,0.0,0.0
682842928064987401,0.0,0.0,0.0,0.0,0.0
682842930526003901,0.0,0.0,0.0,0.0,0.0
683042930455966702,0.0,0.0,0.0,0.0,0.0
683142930518339501,4.5,5.6577313191758005,48.312056737588655,12.393333435058594,79.20823873080876
683342930517481102,0.0,0.0,0.0,0.0,0.0
683342930549650701,0.0,0.0,0.0,0.0,0.0
683442930464374402,0.0,0.0,0.0,0.0,0.0
683542930530462101,0.0,0.0,0.0,0.0,0.0
683642929780713401,0.0,0.0,0.0,0.0,0.0
683742930461427702,0.0,0.0,0.0,0.0,0.0
683842930531713201,3.6666667461395264,7.204037659920302,13.595637583892618,3.562307357788086,21.612113799024748
684142930516547701,5.318181991577148,23.083689970128678,284.3651960784314,84.34048461914062,1015.6823234558105
684342930519896201,0.0,0.0,0.0,0.0,0.0
684342930526179301,2.5975608825683594,30.170531767306244,176.09179834462,335.8142395019531,2473.9836847263678
684342930538673401,1.9747898578643799,9.799080516898607,809.8151093439363,134.42190551757812,1166.0905245066162
684342930549015902,0.0,0.0,0.0,0.0,0.0
684742928878191202,0.0,0.0,0.0,0.0,0.0
684942930529277701,0.0,0.0,0.0,0.0,0.0
685042930523351301,0.0,0.0,0.0,0.0,0.0
685142930474884601,0.0,0.0,0.0,0.0,0.0
685142930523762602,0.0,0.0,0.0,0.0,0.0
685142930546857301,0.0,0.0,0.0,0.0,0.0
685242928725986102,0.0,0.0,0.0,0.0,0.0
685542930545717101,0.0,0.0,0.0,0.0,0.0
685642930473229702,0.0,7.560983626568904,0.0,72.9626235961914,536.829831582601
685642930480066702,0.0,0.0,0.0,0.0,0.0
686142928159082502,0.0,0.0,0.0,0.0,0.0
686142930516730902,0.0,0.0,0.0,0.0,0.0
686242930478176701,0.0,0.0,0.0,0.0,0.0
686242930534114102,4.079365253448486,18.325721571180555,262.01296296296294,81.99044799804688,1154.5204842850014
686442930474073202,0.0,0.0,0.0,0.0,0.0
686442930536461201,2.9135801792144775,11.468156458817548,158.97646717024986,118.6209716796875,928.9206583553937
686442930544290302,3.06862735748291,20.38742005591299,475.7242647058824,114.28333282470703,2079.516748394452
686542930549153402,0.0,0.0,0.0,0.0,0.0
686642930530558201,0.5666666626930237,22.803486544265592,169.10945674044265,54.5400390625,684.1046198516784
686742930460247802,0.0,0.0,0.0,0.0,0.0
686742930471518302,0.0,0.0,0.0,0.0,0.0
686742930480404201,5.57692289352417,8.094588112580933,110.81089528912703,38.949485778808594,420.91860422797436
686742930530161202,0.0,0.0,0.0,0.0,0.0
686942930508038502,0.0,0.0,0.0,0.0,0.0
687042930454546001,3.1666667461395264,8.485575420673078,33.13576923076923,3.383469581604004,50.913450951209434
687142930472558801,0.0,0.0,0.0,0.0,0.0
687242930525582202,0.0,0.0,0.0,0.0,0.0
687342930521812002,4.0,26.107686605798193,230.79819277108433,35.67901611328125,339.3999378250306
687442930545692702,4.983606338500977,11.731487797129615,220.29002840484378,86.4427719116211,715.6207359201046
687542930516092602,0.0,0.0,0.0,0.0,0.0
687742930448383602,4.599999904632568,13.454707362288136,90.95423728813559,27.890483856201172,201.82060898603018
687842930528045202,0.0,0.0,0.0,0.0,0.0
687942930478920301,25.22222137451172,17.936009700829384,161.42417061611374,9.845934867858887,161.42408441480302
688042930519267601,0.0,0.0,0.0,0.0,0.0
688242930479600701,1.0185185670852661,13.291070385514018,64.89209855564995,50.22172927856445,717.7178225845428
688242930479708301,0.0,0.0,0.0,0.0,0.0
688342930454573002,0.0,0.0,0.0,0.0,0.0
688442930478551502,0.0,0.0,0.0,0.0,0.0
688542930547601101,1.6061947345733643,7.622136896306818,1623.2775119617224,301.01507568359375,1722.6029540035142
688742928087825902,0.0,0.0,0.0,0.0,0.0
688842930462822501,0.0,0.0,0.0,0.0,0.0
689042929230287301,5.892857074737549,30.477054595947266,250.859375,52.80160903930664,853.3575069904327
689142930539934701,0.0,0.0,0.0,0.0,0.0
689242930533588202,0.0,0.0,0.0,0.0,0.0
689442930543590601,0.0,0.0,0.0,0.0,0.0
689542930547519802,0.0,0.0,0.0,0.0,0.0
689642930516857701,68.0,0.04737045630317092,0.09474091260634183,0.008957806043326855,0.09474091260634183
689842929800307001,0.0,0.0,0.0,0.0,0.0
689842930445443202,0.0,0.0,0.0,0.0,0.0
689842930531065801,2.655555486679077,15.543339258067144,392.6916558018253,169.6737060546875,1398.900479645897
691142930454716601,0.0,0.0,0.0,0.0,0.0
691142930459899401,0.0,0.0,0.0,0.0,0.0
691142930477836702,0.0,0.0,0.0,0.0,0.0
691142930520228202,0.0,0.0,0.0,0.0,0.0
691142930545181902,0.0,0.0,0.0,0.0,0.0
691242930471865101,0.0,0.0,0.0,0.0,0.0
691242930519659401,0.0,0.0,0.0,0.0,0.0
691242930521321801,2.3888888359069824,6.762269368436167,96.88578930095176,81.1282958984375,852.045917330627
691242930545521202,0.0,8.050145719877468,62.875425459496256,19.494117736816406,152.95277092130596
691742930461913501,0.0,0.0,0.0,0.0,0.0
691742930480379601,0.0,0.0,0.0,0.0,0.0
691842930446404902,0.0,0.0,0.0,0.0,0.0
691942930460283802,4.196078300476074,4.011123755455538,83.8784506273868,37.66353988647461,204.56730351258156
691942930461252602,3.9390244483947754,9.4097996814569,125.58964274008522,86.79837799072266,771.6035921490025
691942930544112801,0.0,0.0,0.0,0.0,0.0
692042930455091602,0.0,0.0,0.0,0.0,0.0
692042930476840302,0.0,0.0,0.0,0.0,0.0
692042930526194602,0.0,0.0,0.0,0.0,0.0
692142930465080401,0.0,0.0,0.0,0.0,0.0
692242928258200901,0.0,0.0,0.0,0.0,0.0
692242930461896101,0.0,0.0,0.0,0.0,0.0
692242930478049202,0.0,17.071490049939467,0.0,39.84965515136719,324.358308621238
692342930460767302,0.0,0.0,0.0,0.0,0.0
692342930530025502,0.0,0.0,0.0,0.0,0.0
692442930461132602,0.0,0.0,0.0,0.0,0.0
692542930461026101,0.0,0.0,0.0,0.0,0.0
692542930464877602,4.714285850524902,13.135974153133201,43.08103674540683,20.527748107910156,91.95182179528584
692642930474182301,4.941176414489746,15.439513481149568,251.69159456118666,136.1228485107422,787.4151819368228
692742930515987001,0.0,0.0,0.0,0.0,0.0
692942930479854902,0.0,0.0,0.0,0.0,0.0
693342928042043202,0.0,0.0,0.0,0.0,0.0
693342930521784902,0.0,0.0,0.0,0.0,0.0
693442930478861301,0.0,0.0,0.0,0.0,0.0
693642930542975801,1.0,12.381632902184311,12.38265306122449,0.6448022723197937,12.381632902184311
693642930549537501,0.0,0.0,0.0,0.0,0.0
693842930526783301,5.049180507659912,22.55204245038507,253.12322274881515,92.9709243774414,1375.6746440419654
693942930517351702,0.0,0.0,0.0,0.0,0.0
694042930471569902,4.199999809265137,9.383664955070603,38.4598386209426,10.443601608276367,46.91832412616192
694342930515665501,0.0,0.0,0.0,0.0,0.0
694342930533946902,0.0,0.0,0.0,0.0,0.0
694542930474143501,3.902777671813965,11.675286915676653,217.33419421487602,113.4595947265625,840.6206578754095
694542930527930802,0.0,0.0,0.0,0.0,0.0
694642930542427401,5.599999904632568,15.29041451185671,89.23107971745712,15.024468421936035,229.3562150044831
694842928181430002,3.857142925262451,10.823220992011656,97.68167202572347,11.91808032989502,151.5250944585279
694842930547250201,4.5714287757873535,9.802894581401569,112.84450784593437,17.334665298461914,205.86078370212658
694942930509632101,4.777777671813965,5.6999234909665475,29.646067415730336,5.300437927246094,51.29931085759943
695042930476106001,0.0,0.0,0.0,0.0,0.0
695142930529650002,0.0,0.0,0.0,0.0,0.0
695242930446942902,6.400000095367432,33.34435567290941,96.06620209059234,11.017197608947754,166.72177666321863
695242930468155102,0.0,0.0,0.0,0.0,0.0
695342930458421202,0.0,0.0,0.0,0.0,0.0
695642929248923802,4.684210300445557,6.992798522682936,76.97293654453233,15.054950714111328,132.86317634738123
695842930524152402,0.0,0.0,0.0,0.0,0.0
696042930517018501,0.0,0.0,0.0,0.0,0.0
696142928633821702,4.5,1.981502958131068,3.3272491909385113,0.8319620490074158,3.963005916262136
696642930474802301,2.649635076522827,5.701593917233855,775.5597755494363,131.3577117919922,781.1183898358145
696642930541606002,0.0,0.0,0.0,0.0,0.0
696642930544942101,0.0,0.0,0.0,0.0,0.0
696842928030437801,0.0,0.0,0.0,0.0,0.0
696942930473808002,4.929824352264404,17.932150381582755,339.5416666666667,83.50750732421875,1022.132551462562
697042930473910301,0.0,0.0,0.0,0.0,0.0
697242930479552002,0.0,0.0,0.0,0.0,0.0
697342929012746502,0.0,0.0,0.0,0.0,0.0
697342930534528301,0.0,0.0,0.0,0.0,0.0
697442930527780301,0.0,0.0,0.0,0.0,0.0
697642930537356401,4.5,10.44190926422094,29.812860676009894,9.29178524017334,62.65145639040602
697742930508268501,1.5443037748336792,22.125679436007267,352.5970924195223,77.32376098632812,1747.9286806892878
697942930448206801,0.0,0.0,0.0,0.0,0.0
697942930532346202,0.0,0.0,0.0,0.0,0.0
697942930534180601,0.0,0.0,0.0,0.0,0.0
698142930476799201,0.0,0.0,0.0,0.0,0.0
698142930519445901,1.0,2.0102932672285796,2.0102846382269863,0.2153872698545456,2.0102932672285796
698442930520214102,3.3521127700805664,10.912947608350951,231.0470401691332,88.6175537109375,774.819277577874
698542928135348302,0.0,0.0,0.0,0.0,0.0
698542930517150901,3.4901959896087646,4.745676728515212,101.50778572335294,35.17954635620117,242.0295077491663
698642930472207101,0.0,0.0,0.0,0.0,0.0
698642930518661301,0.0,0.0,0.0,0.0,0.0
698642930527561602,0.0,0.0,0.0,0.0,0.0
698842930453783402,0.0,0.0,0.0,0.0,0.0
698942930522124802,2.0,41.38287758667025,41.382961569470574,6.2628936767578125,41.38287758667025
699142928159330601,0.0,0.0,0.0,0.0,0.0
699742930449276401,4.909090995788574,25.557177626108647,162.76274944567626,27.177444458007812,281.1289449129295
699742930529576902,4.75,8.87958402387878,148.9533247649327,112.06598663330078,603.8117486272106
699742930529711202,3.6875,8.308310788427562,64.18374558303887,16.46405029296875,132.93296704684647
699842928265614001,0.0,0.0,0.0,0.0,0.0
699842929800132601,0.0,0.0,0.0,0.0,0.0
699842930526989702,0.0,0.0,0.0,0.0,0.0
699942930472631801,3.090909004211426,5.6153985579215,83.82456697918322,42.93466567993164,247.0775243061138
701442930518355201,2.543689250946045,8.922317845649815,183.89578163771714,135.88092041015625,918.9987484450745
701542930477281501,0.0,0.0,0.0,0.0,0.0
701542930525900501,0.0,0.0,0.0,0.0,0.0
701642928043515102,0.0,0.0,0.0,0.0,0.0
701642930527873402,0.6507936716079712,30.08208099447051,450.4128686327078,113.28044128417969,1895.1710486121217
701742930453720802,0.0,0.0,0.0,0.0,0.0
701742930526291201,0.0,0.0,0.0,0.0,0.0
701742930526811201,0.0,0.0,0.0,0.0,0.0
701942930508392401,5.878787994384766,11.371626336543006,139.09829867674858,37.27964401245117,375.26368214367466
702142930534562902,0.0,0.0,0.0,0.0,0.0
702242930521210002,4.766666889190674,10.932791886929266,173.83907185628743,71.87662506103516,655.9675249539449
702442930463800001,1.4291338920593262,4.1854748499032555,718.1664010926474,209.18687438964844,1063.1106184441219
702542930464549202,0.0,0.0,0.0,0.0,0.0
702542930469787202,0.0,0.0,0.0,0.0,0.0
702742930465685701,0.0,0.0,0.0,0.0,0.0
702742930472798502,0.0,6.0709080866695055,0.0,49.59928512573242,418.89266210455304
702942930457151702,0.0,0.0,0.0,0.0,0.0
703042930532533001,0.0,0.0,0.0,0.0,0.0
703242930461794801,0.0,0.0,0.0,0.0,0.0
703242930527544401,0.0,0.0,0.0,0.0,0.0
703342930472057401,3.3333332538604736,4.53664332166083,13.284142071035518,2.5699353218078613,13.6099296291212
703342930542327302,4.5714287757873535,18.508022924828598,429.6317335945152,138.70498657226562,1166.0054553748346
703542930447435902,0.0,0.0,0.0,0.0,0.0
703542930529683202,0.0,0.0,0.0,0.0,0.0
703642929467003402,0.0,0.0,0.0,0.0,0.0
703742929341560901,1.8482142686843872,7.632753017277443,222.71419009370817,145.99461364746094,854.8683672686976
703842930465284901,0.0,0.0,0.0,0.0,0.0
703942930456878301,0.0,0.0,0.0,0.0,0.0
704042930480086002,0.4444444477558136,3.7640069626534105,14.202265195382207,3.943586587905884,33.87606358855476
704042930516438602,4.567567348480225,9.583779644916143,279.77463312368974,108.7679672241211,709.1997256538903
704142929091942401,2.8373982906341553,10.135022342922484,320.90900337024556,97.20237731933594,1246.6077792553817
704342930462932901,5.583333492279053,20.99950091452534,143.51249107780157,45.868839263916016,503.98801967503766
704342930464054902,0.0,0.0,0.0,0.0,0.0
704442930446654802,0.0,0.0,0.0,0.0,0.0
704542930546364601,0.0,0.0,0.0,0.0,0.0
704842930473832701,0.0,0.0,0.0,0.0,0.0
704842930518386102,0.0,0.0,0.0,0.0,0.0
704842930543354302,0.0,0.0,0.0,0.0,0.0
704942930550367501,0.0,0.0,0.0,0.0,0.0
705042930517986502,0.0,0.0,0.0,0.0,0.0
705042930520388601,0.0,0.0,0.0,0.0,0.0
705042930542945301,0.0,0.0,0.0,0.0,0.0
705142930446317302,0.0,0.0,0.0,0.0,0.0
705142930511073702,0.0,0.0,0.0,0.0,0.0
705142930518615901,3.3333332538604736,7.840948110290811,35.053964922800176,8.031197547912598,70.56853069613638
705342928043798601,0.1139240488409996,31.21380681818182,1623.509090909091,149.4880828857422,2465.890670679266
705342929013067401,0.0,0.0,0.0,0.0,0.0
705342930474395702,0.0,0.0,0.0,0.0,0.0
705542930478356501,4.199999809265137,5.7622412420382165,45.299659309731894,10.773423194885254,86.43362216104703
705542930543915002,0.0,0.0,0.0,0.0,0.0
705642930467932701,0.0,0.0,0.0,0.0,0.0
705642930523995501,0.0,0.0,0.0,0.0,0.0
705842930446977101,0.0,0.0,0.0,0.0,0.0
705842930539803201,0.0,0.0,0.0,0.0,0.0
706142929047821502,0.0,0.0,0.0,0.0,0.0
706342930476820301,0.0,0.0,0.0,0.0,0.0
706542930549790602,2.076923131942749,19.91745522995523,131.41907475240808,26.21302604675293,258.9269194467762
706642929449864401,3.090909004211426,4.166743376358696,17.133804347826086,5.901119232177734,45.83417652959409
706742930461573101,0.0,0.0,0.0,0.0,0.0
706742930509540002,0.0,0.0,0.0,0.0,0.0
706842930534709802,0.0,0.0,0.0,0.0,0.0
706942930524806002,1.0720000267028809,5.8213259736096115,1262.5518358531317,210.2324981689453,1455.3314891185926
707242930509951101,0.0,0.0,0.0,0.0,0.0
707242930533645202,4.785714149475098,7.216487871472349,52.93044469783352,14.214651107788086,101.03083201009301
707342928043758401,0.0,0.0,0.0,0.0,0.0
707342930464718201,0.0,0.0,0.0,0.0,0.0
707442930447015301,0.0,0.0,0.0,0.0,0.0
707542930534451302,0.0,0.0,0.0,0.0,0.0
707642930519538401,0.0,0.0,0.0,0.0,0.0
707642930544005001,0.0,0.0,0.0,0.0,0.0
707742930524510001,0.0,0.0,0.0,0.0,0.0
707842930455442102,0.0,0.0,0.0,0.0,0.0
707842930524286802,3.2293577194213867,6.107681823041015,129.31575383957525,132.33828735351562,665.737310272729
707842930543553902,0.0,0.0,0.0,0.0,0.0
708242930527684101,0.0,0.0,0.0,0.0,0.0
708242930532709102,0.0,0.0,0.0,0.0,0.0
708342930456371102,0.0,0.0,0.0,0.0,0.0
708442930518563602,0.0,0.0,0.0,0.0,0.0
708542929644415901,0.0,0.0,0.0,0.0,0.0
708642930508236301,5.0,19.681582737007716,329.81526593585056,50.661861419677734,806.9449179111532
708742930529787502,0.0,0.0,0.0,0.0,0.0
708942930545115602,5.275000095367432,11.613418886325503,74.2930648769575,46.35417175292969,464.5367450699888
709142930454722902,0.0,0.0,0.0,0.0,0.0
709142930529107902,0.0,0.0,0.0,0.0,0.0
709342930462657202,4.243902206420898,7.502241000566894,109.45918367346938,42.78851318359375,307.59187847269675
709342930463189902,0.0,0.0,0.0,0.0,0.0
709342930523776902,5.108108043670654,10.564131997699386,387.0957055214724,55.719139099121094,390.87290487816
709342930543115601,0.0,0.0,0.0,0.0,0.0
709442929476579602,0.0,0.0,0.0,0.0,0.0
709442930480607601,0.0,0.0,0.0,0.0,0.0
709542928119272102,0.0,0.0,0.0,0.0,0.0
709542930527752701,0.0,0.0,0.0,0.0,0.0
709742929321275401,0.0,0.0,0.0,0.0,0.0
709742930463751901,0.0,0.0,0.0,0.0,0.0
709842930457914302,1.6666666269302368,0.7617994927654482,2.2854034564217334,0.44923344254493713,2.2853984782963446
711142928043716701,5.599999904632568,41.241674160671465,144.45515587529977,24.87967872619629,206.20836912013357
711142928623619902,0.0,0.0,0.0,0.0,0.0
711142930529725002,0.0,0.0,0.0,0.0,0.0
711542930534089201,0.0,0.0,0.0,0.0,0.0
711842930537906902,0.0,25.040553761398176,74.27416413373861,35.15047836303711,250.40553049012158
711942930467776401,0.0,0.0,0.0,0.0,0.0
711942930530934902,0.0,0.0,0.0,0.0,0.0
712142930518571101,0.0,0.0,0.0,0.0,0.0
712142930547855301,2.884615421295166,54.6582249476257,571.5810055865921,134.6496124267578,5684.455580130636
712342930544714301,1.3861385583877563,15.614464305271612,150.72196261682242,180.0186309814453,1577.060932404527
712442930521584402,4.743589878082275,40.11390446087786,614.236641221374,112.43267822265625,1564.4422618021492
712542930529577101,0.0,0.0,0.0,0.0,0.0
712542930531904702,2.318840503692627,6.510128277245157,49.1449814126394,87.49712371826172,449.1988704400015
712542930547080001,3.9777777194976807,17.319574915030213,164.74320241691842,137.729248046875,779.3808911833519
712942929303552002,0.0,0.0,0.0,0.0,0.0
712942930459172101,0.0,0.0,0.0,0.0,0.0
713042930460573101,0.0,0.0,0.0,0.0,0.0
713042930547421102,0.0,0.0,0.0,0.0,0.0
713342930479106802,0.0,0.0,0.0,0.0,0.0
713342930515708601,6.117647171020508,6.979980667804729,73.40175295556462,17.52820587158203,118.65966975013431
713542930457938602,8.0,1909.7612345041323,1909.7603305785124,176.74620056152344,1909.7612345041323
713542930543641801,0.0,0.0,0.0,0.0,0.0
713642930520847002,2.4666666984558105,4.519289121555718,64.82282370153621,74.2762222290039,542.3146745363174
713842928716168701,0.0,0.0,0.0,0.0,0.0
713842930455618501,4.55555534362793,14.706899126838236,71.71960784313725,11.013104438781738,132.36209579916562
713842930546729101,0.0,0.0,0.0,0.0,0.0
714042930508735101,0.0,0.0,0.0,0.0,0.0
714242930509730002,5.800000190734863,9.952605786906108,52.10859728506787,9.123172760009766,99.52606199513194
714242930519201201,0.0,0.0,0.0,0.0,0.0
714342930474663402,0.0,0.0,0.0,0.0,0.0
714442930532459401,0.0,0.0,0.0,0.0,0.0
714542930476876001,3.185185194015503,6.5293867568021495,44.74403762176688,133.23251342773438,528.8803023811471
714542930509917201,0.0,0.0,0.0,0.0,0.0
714642928243104701,0.0,0.0,0.0,0.0,0.0
714742930546759701,0.0,0.0,0.0,0.0,0.0
715042930457003501,0.0,0.0,0.0,0.0,0.0
715042930476333602,0.0,0.0,0.0,0.0,0.0
715042930526729701,3.538461446762085,12.558264229076718,248.00365327133844,83.69734191894531,1142.8020741029738
715242930535188001,0.0,0.0,0.0,0.0,0.0
715242930541662702,4.8378376960754395,33.14853528839648,489.2300405953992,55.19919204711914,1226.4958084207103
715342930530796402,32.25,22.976853823225255,86.97220025549,15.739584922790527,91.90741648100554
715542930516326301,3.3913042545318604,25.466926714992926,345.5120226308345,44.447105407714844,585.739330070528
715642930458588702,0.0,0.0,0.0,0.0,0.0
715842930453973101,5.842105388641357,17.873543294270835,136.98666666666668,29.638172149658203,339.5973275756836
715942930462479201,4.583333492279053,19.396417571444644,119.04950495049505,39.28226852416992,232.7570085499761
715942930517913801,5.5,7.80504384864901,13.121321562332799,3.4328742027282715,15.61008769729802
716042930452054202,4.424657344818115,27.09927087110225,632.597897026831,509.1664733886719,1978.2466706517298
716142930474628101,0.0,0.0,0.0,0.0,0.0
716242930455354902,0.0,0.0,0.0,0.0,0.0
716342930453440202,5.083333492279053,10.519196494533096,139.6682427107959,44.87731170654297,378.69106425367255
716342930547575302,0.0,0.0,0.0,0.0,0.0
716342930548795201,2.526315689086914,5.7205222088096175,450.95368545526213,95.7806625366211,760.8294699615882
716542930524372901,0.0,0.0,0.0,0.0,0.0
716542930538702501,0.0,0.0,0.0,0.0,0.0
716842930527589702,0.0,0.0,0.0,0.0,0.0
716942930510570001,2.909090995788574,26.09666088842452,402.2613981762918,114.87016296386719,2296.5062190155368
716942930548060802,0.0,0.0,0.0,0.0,0.0
717042930524936602,0.800000011920929,1.2793063315090067,10.686380674718867,3.847294330596924,51.172252564070774
717142930142250702,1.0,0.9507191186012407,0.950708980418636,0.19595937430858612,0.9507191186012407
717142930448680702,0.0,0.0,0.0,0.0,0.0
717342930462710901,4.016666889190674,14.631050784966698,248.11474785918173,51.57392883300781,877.8630198354385
717342930516923801,0.0,0.0,0.0,0.0,0.0
717442930526366001,0.0,0.0,0.0,0.0,0.0
717642929528798602,0.0,0.0,0.0,0.0,0.0
717642930474342302,0.0,0.0,0.0,0.0,0.0
717942929704056301,0.39830508828163147,20.5982740752551,312.06058673469386,216.75128173828125,2430.5963692479713
717942930545697601,3.98734188079834,9.399768404150198,157.47061923583664,87.93339538574219,742.5816849528879
718042930542624402,0.0,0.0,0.0,0.0,0.0
718042930542813302,3.4390244483947754,12.678920200892858,104.02895752895753,49.45762252807617,519.8357293486135
718242930547462902,0.0,0.0,0.0,0.0,0.0
718442930464314901,3.316831588745117,8.601453246522585,127.49371821717021,133.3153533935547,868.7468058648595
718942930448650001,0.0,0.0,0.0,0.0,0.0
719042930517652301,0.0,0.0,0.0,0.0,0.0
719042930532077502,2.9540228843688965,8.563263022246337,135.2211068909387,130.01678466796875,745.003863123533
719042930546226002,0.0,0.0,0.0,0.0,0.0
719142930508420101,0.0,0.0,0.0,0.0,0.0
719142930528578601,0.0,0.0,0.0,0.0,0.0
719342929575458001,0.20000000298023224,5.215693916120955,31.183359013867488,47.02907180786133,339.0201153222512
719642930457602102,0.0,0.0,0.0,0.0,0.0
719642930515572502,0.0,0.0,0.0,0.0,0.0
719642930522915302,2.048076868057251,6.940807933538732,467.0995696400626,182.11441040039062,721.8440044082553
719642930529291802,6.254901885986328,12.591317806603774,135.64118412491868,97.28684997558594,642.1571765172458
719742930478003601,0.0,0.0,0.0,0.0,0.0
721342930461532101,2.5999999046325684,4.196374141808712,19.116477272727273,2.489696741104126,20.98187033335368
721342930476968801,0.0,0.0,0.0,0.0,0.0
721642930525564601,0.0,0.0,0.0,0.0,0.0
721742930464967901,0.0,0.0,0.0,0.0,0.0
721942929155598201,0.0,0.0,0.0,0.0,0.0
721942930537211101,0.0,0.0,0.0,0.0,0.0
722042930460960701,0.4588235318660736,13.413275457915395,22.59834278238116,93.84893798828125,1140.1283854082376
722042930532045801,0.0,0.0,0.0,0.0,0.0
722042930545968602,2.9473683834075928,5.659920634920635,83.76476190476191,58.28907012939453,537.6924311398703
722242930463139302,3.2179486751556396,4.407705446497306,105.588298691301,107.2480239868164,343.8010248620295
722542930531607802,0.0,0.0,0.0,0.0,0.0
722742929861282501,1.3982300758361816,6.187717418011587,324.35536933581625,86.73432922363281,699.2120725484509
722742930508588502,0.0,0.0,0.0,0.0,0.0
722842930456337501,0.0,0.0,0.0,0.0,0.0
722942930518085401,0.0,0.0,0.0,0.0,0.0
723042930142431802,4.633802890777588,10.058494247308298,201.87289915966386,68.59098815917969,714.1531119171311
723142929505807502,0.0,0.0,0.0,0.0,0.0
723342930479511702,0.0,0.0,0.0,0.0,0.0
723342930519547602,0.0,0.0,0.0,0.0,0.0
723342930522941101,2.7096774578094482,6.2384219138038075,245.23013245033113,89.5883560180664,773.5642976150344
723342930548142402,0.0,0.0,0.0,0.0,0.0
723442930454249601,0.0,0.0,0.0,0.0,0.0
723442930529973901,1.2564102411270142,14.22044870991984,89.23647294589178,28.121519088745117,554.5975055235899
723642930526466502,0.0,0.0,0.0,0.0,0.0
723742930543772201,3.909090995788574,3.8473650074040995,19.16397141782625,18.64643096923828,42.32101504414455
723942928577741801,0.0,0.0,0.0,0.0,0.0
724042930455904601,0.0,10.8704679184254,0.0,66.86202239990234,945.7306908859334
724142930534294101,0.0,0.0,0.0,0.0,0.0
724142930536224301,0.0,0.0,0.0,0.0,0.0
724242928955424601,0.0,0.0,0.0,0.0,0.0
724242929621924102,0.0,0.0,0.0,0.0,0.0
724242930452538101,5.719298362731934,19.93030674539632,266.69815852682143,159.98895263671875,1136.0274748363145
724242930460547301,0.0,0.0,0.0,0.0,0.0
724342930479595301,2.1666667461395264,11.250866769458705,45.90528201771009,15.820106506347656,202.51560410466485
724542930470416402,3.2117648124694824,9.285977972148874,215.4017351942663,147.97048950195312,789.3081542074673
724542930518199302,0.0,0.0,0.0,0.0,0.0
724542930543143101,4.625,19.44730829505958,105.11221449851043,36.22757339477539,155.5784686636901
724642930518447602,0.0,0.0,0.0,0.0,0.0
724742930510510502,3.1458332538604736,14.16813404037133,348.64075993091535,139.10556030273438,680.0704421700591
724742930541235102,0.0,0.0,0.0,0.0,0.0
724842930543942001,0.0,2.2322344579420172,18.357288689260923,28.440473556518555,162.95311237033798
724942929331638002,0.0,0.0,0.0,0.0,0.0
725042930477408302,7.0,4.7158341586738945,4.716013344453711,0.7049460411071777,4.7158341586738945
725142930454394001,0.0,0.0,0.0,0.0,0.0
725142930518660101,0.0,0.0,0.0,0.0,0.0
725442930528155802,0.0,0.0,0.0,0.0,0.0
725542929230123302,4.692307472229004,6.920035716681199,40.73358374136428,15.053534507751465,89.96046401391095
725542930523879402,3.588235378265381,10.347823638048334,206.340373679935,80.64691162109375,879.5650091295219
725642930527444301,0.0,0.0,0.0,0.0,0.0
725842930474771402,2.74698805809021,5.674201865550505,157.29041832854097,93.05145263671875,470.9587695639072
726042927901222702,0.0,0.0,0.0,0.0,0.0
726042927945167401,0.0,0.0,0.0,0.0,0.0
726042930525993201,0.0,0.0,0.0,0.0,0.0
726042930548509302,0.0,0.0,0.0,0.0,0.0
726142930466752102,0.0,0.0,0.0,0.0,0.0
726342929331582102,0.0,0.0,0.0,0.0,0.0
726342930479757802,0.0,0.0,0.0,0.0,0.0
726442930511203801,11.192307472229004,15.38305705653748,219.93611584327087,54.777034759521484,399.9594673688002
726542930527959101,0.0,0.0,0.0,0.0,0.0
726542930530133101,0.0,0.0,0.0,0.0,0.0
726642930537169902,0.0,0.0,0.0,0.0,0.0
726742930335253302,2.5409836769104004,9.06543559558064,197.66792090895677,57.32964324951172,552.9915679260678
726742930446891001,0.0,0.0,0.0,0.0,0.0
726942930544834401,0.0,0.0,0.0,0.0,0.0
727142930454666401,2.4285714626312256,87.14437739332604,414.52297592997814,43.2067756652832,610.0106187482371
727142930516918701,2.3333332538604736,5.405257947747666,15.390736880268285,1.275713324546814,16.21577355557617
727542928577623102,0.0,0.0,0.0,0.0,0.0
727542930509628102,3.278846263885498,8.775357483317444,405.9270734032412,184.79803466796875,912.6371722720485
727542930526079601,0.0,0.0,0.0,0.0,0.0
727642930520165201,3.4042553901672363,5.755924967203898,70.26461769115443,44.52864074707031,270.5284668752279
727642930524987001,0.0,0.0,0.0,0.0,0.0
727642930544262202,0.0,0.0,0.0,0.0,0.0
727742930458207302,0.0,0.0,0.0,0.0,0.0
727942930478773002,0.0,0.0,0.0,0.0,0.0
728042930518785901,0.0,0.0,0.0,0.0,0.0
728142930541764201,0.0,0.0,0.0,0.0,0.0
728242930448434602,0.0,0.0,0.0,0.0,0.0
728242930519752501,0.0,0.0,0.0,0.0,0.0
728442930520123101,0.0,0.0,0.0,0.0,0.0
728442930529061501,3.343137264251709,4.573997172245804,121.005788153579,60.0399284362793,466.5477087656412
728442930545119902,0.0,0.0,0.0,0.0,0.0
728542930522298301,0.0,0.0,0.0,0.0,0.0
728642930529333901,0.0,0.0,0.0,0.0,0.0
728742930522733101,0.0,0.0,0.0,0.0,0.0
728742930525038602,0.0,0.0,0.0,0.0,0.0
728842930460376401,3.3636362552642822,4.776634998268698,13.123268698060942,5.750951290130615,52.54298486471836
728842930549897002,0.0,0.0,0.0,0.0,0.0
728942930459500901,0.0,0.0,0.0,0.0,0.0
728942930508830501,0.0,0.0,0.0,0.0,0.0
728942930523743302,0.0,0.0,0.0,0.0,0.0
729442928202993902,0.0,3.2187161485688027,0.0,1.070544958114624,9.656148424335555
729642930509316501,0.0,0.0,0.0,0.0,0.0
729742930473396301,0.0,0.0,0.0,0.0,0.0
729842928664038701,3.7142856121063232,6.367625071440235,33.49989113868931,9.539002418518066,44.573376184451455
729942930528741801,0.0,0.0,0.0,0.0,0.0
729942930531735002,2.5,1.5891024371770424,4.344488188976378,0.7174674868583679,6.356409958967074
729942930538749302,0.0,0.0,0.0,0.0,0.0
731342930509055901,0.0,0.0,0.0,0.0,0.0
731342930529588602,3.7166666984558105,5.403527615338388,123.97078402366864,53.40810012817383,324.2116466908269
731542929861231001,0.0,0.0,0.0,0.0,0.0
731642930474993502,0.0,0.0,0.0,0.0,0.0
731842930529884101,5.833333492279053,47.286458333333336,242.2981220657277,24.50702476501465,283.71875745030076
732242930455101101,5.833333492279053,26.80975711994557,144.099533437014,15.23849105834961,160.85855164238677
732342930527132002,0.0,0.0,0.0,0.0,0.0
732442930462972101,0.0,0.0,0.0,0.0,0.0
732542930475142002,0.0,0.0,0.0,0.0,0.0
732642930509335302,0.0,0.0,0.0,0.0,0.0
732742930531854702,6.0,11.398261793202034,69.53748411689962,20.3679141998291,148.1774062451141
732942930460657301,0.0,0.0,0.0,0.0,0.0
733042930527487301,0.0,0.0,0.0,0.0,0.0
733342930510619002,0.0,0.0,0.0,0.0,0.0
733542929012617102,1.3439490795135498,5.527064665248142,167.60752817070247,109.0269546508789,867.7491384239627
733642930466511702,2.0,7.330800873444429,7.330853955085109,1.4173753261566162,7.330800873444429
733642930507971802,0.0,0.0,0.0,0.0,0.0
733742930515525102,4.038461685180664,6.7510914252870196,67.05716963448923,26.41469955444336,175.52838031800977
733742930546339002,4.0652174949646,4.885764178047968,54.270752831445705,48.48704147338867,224.74514953694606
733842929800091802,0.0,0.0,0.0,0.0,0.0
734242930457519401,0.0,0.0,0.0,0.0,0.0
734342930549901602,1.504672884941101,10.34639940137987,227.01623376623377,167.6459197998047,1107.0647211022192
734442930534817002,4.789473533630371,8.013456294221697,82.66981132075472,23.15460968017578,152.25566972696555
734742930076008601,0.0,0.0,0.0,0.0,0.0
734742930543673001,0.0,0.0,0.0,0.0,0.0
734842930479746102,3.3333332538604736,4.6291149232535655,69.14696640077351,67.63520050048828,333.2962609877297
734942930518880301,0.0,0.0,0.0,0.0,0.0
735042930545828002,0.0,0.0,0.0,0.0,0.0
735142930522300602,0.0,0.0,0.0,0.0,0.0
735142930522899001,0.0,0.0,0.0,0.0,0.0
735342930472325001,0.0,0.0,0.0,0.0,0.0
735342930520929801,0.0,0.0,0.0,0.0,0.0
735442929800456501,0.0,0.0,0.0,0.0,0.0
735442930475264201,0.0,0.0,0.0,0.0,0.0
735542930460016202,4.4375,8.55311739394993,148.70951718656866,84.70181274414062,547.3995092427211
735642928015149902,4.800000190734863,37.873707738415945,251.0301724137931,76.53440856933594,946.8427229256465
735742930524567701,0.0,0.0,0.0,0.0,0.0
735742930533007802,0.0,0.0,0.0,0.0,0.0
735942930521494601,0.0,0.0,0.0,0.0,0.0
736042930543201701,0.0,0.0,0.0,0.0,0.0
736142928096645402,3.769230842590332,7.008325522773845,114.70938897168405,24.122652053833008,273.3247028527068
736142930467949601,0.0,0.0,0.0,0.0,0.0
736242930538538202,0.0,0.0,0.0,0.0,0.0
736342930518400701,0.0,0.0,0.0,0.0,0.0
736442930477504102,0.0,0.0,0.0,0.0,0.0
736442930515792202,0.0,41.10462921847247,30.42184724689165,7.095624923706055,41.10462921847247
736442930549875302,0.0,0.0,0.0,0.0,0.0
736642930446691002,0.0,3.1763126028820023,0.0,1.3715108633041382,6.3526252567967445
736742930546638901,0.0,0.0,0.0,0.0,0.0
736942930542401802,3.0,5.421450244539126,24.649543927028326,5.487527370452881,43.37160342871656
737142930543350701,0.0,0.0,0.0,0.0,0.0
737142930549156801,0.0,0.0,0.0,0.0,0.0
737242928633983801,0.0,0.0,0.0,0.0,0.0
737542929476623601,3.9827585220336914,10.377343323553493,202.1513828238719,71.60662841796875,601.8859074244159
737542930531384801,0.0,0.0,0.0,0.0,0.0
737742930453612901,4.892857074737549,21.65988644499663,426.6212938005391,141.25257873535156,1212.9536119856925
737742930526022401,4.400000095367432,8.377516628674469,93.09608056614044,52.28876876831055,376.98825850925436
737942930097616401,1.9450548887252808,11.513317083441306,132.01528893495725,79.13922882080078,1047.7118976570282
738042930527178102,1.7710843086242676,14.132034269588896,138.0080815179199,132.37718200683594,1172.9588853053785
738142930451961401,0.0,0.0,0.0,0.0,0.0
738142930533054302,0.0,0.0,0.0,0.0,0.0
738242930540616501,0.0,0.0,0.0,0.0,0.0
738242930543621201,0.0,3.2411610443200116,43.1371687893427,110.21028900146484,375.97468716221135
738342930473904902,0.0,0.0,0.0,0.0,0.0
738442930524781601,0.0,0.0,0.0,0.0,0.0
738542930474153702,28.090909957885742,30.70132229339455,327.17535545023696,11.352628707885742,337.7145445041747
738642930477169202,0.0,0.0,0.0,0.0,0.0
738642930527516801,0.0,0.0,0.0,0.0,0.0
738742930544018201,0.0,0.0,0.0,0.0,0.0
738842930544021902,0.0,0.0,0.0,0.0,0.0
739042930473663702,0.0,0.0,0.0,0.0,0.0
739142930525380301,2.0,5.742764109141791,25.409850746268656,4.08843994140625,28.71382116517024
739242928653524301,0.0,0.0,0.0,0.0,0.0
739242930475291601,0.0,0.0,0.0,0.0,0.0
739242930521845301,0.0,0.0,0.0,0.0,0.0
739342930534811301,0.0,0.0,0.0,0.0,0.0
739542930518662002,0.0,0.0,0.0,0.0,0.0
739842930528586602,0.0,0.0,0.0,0.0,0.0
739942930474247801,0.0,0.0,0.0,0.0,0.0
739942930475675602,0.0,0.0,0.0,0.0,0.0
739942930509665302,0.0,0.0,0.0,0.0,0.0
741142930450133202,0.0,0.0,0.0,0.0,0.0
741242930464967602,0.0,0.0,0.0,0.0,0.0
741342930471659901,0.0,0.0,0.0,0.0,0.0
741342930507683502,0.0,0.0,0.0,0.0,0.0
741542930473974002,0.0,0.0,0.0,0.0,0.0
741642930526223702,5.567567348480225,13.528774295577906,267.2247765006386,0.0,500.5646420767481
741642930532255502,1.3346939086914062,20.28887066451811,4317.700429711479,317.0074768066406,4970.773228448033
741842930534899702,0.0,0.0,0.0,0.0,0.0
741942930460427001,0.0,0.0,0.0,0.0,0.0
742142927988856202,0.0,0.0,0.0,0.0,0.0
742342930453758302,2.8888888359069824,11.80073706998115,85.52827521206409,39.20573806762695,212.41327136318677
742542930471723202,0.0,0.0,0.0,0.0,0.0
742742930471636501,0.0,0.0,0.0,0.0,0.0
742742930510071001,0.0,0.0,0.0,0.0,0.0
742942930184370202,0.0,0.0,0.0,0.0,0.0
742942930465440001,0.0,0.0,0.0,0.0,0.0
743142930464727701,0.0,0.0,0.0,0.0,0.0
743242930536606001,0.0,0.0,0.0,0.0,0.0
743442930541434601,0.0,0.0,0.0,0.0,0.0
743542930524091302,2.0526316165924072,16.56419707507622,100.65040650406505,22.109411239624023,314.719751854253
743542930544765102,1.481927752494812,17.655520075236034,361.036191974823,121.40132904052734,1465.4082105956988
743542930547574501,0.0,0.0,0.0,0.0,0.0
743842930456424802,0.0,0.0,0.0,0.0,0.0
743942930479775402,0.0,0.0,0.0,0.0,0.0
743942930522308902,0.0,0.0,0.0,0.0,0.0
744042929543889402,3.4642856121063232,13.390290137509197,176.9690949227373,109.93688201904297,1124.7843437573767
744042930532707001,0.0,0.0,0.0,0.0,0.0
744142930521176202,0.0,0.0,0.0,0.0,0.0
744142930534687902,5.454545497894287,9.721773027077065,153.92316593381162,55.60862350463867,427.7580197154855
744642930462634201,3.1111111640930176,4.205822384173351,78.54948321960174,81.60367584228516,416.3764169498826
744742930475299301,0.0,0.0,0.0,0.0,0.0
744842929800342902,0.0,0.0,0.0,0.0,0.0
744942930472424402,0.0,0.0,0.0,0.0,0.0
745042930456188002,4.119999885559082,6.093137896232057,61.39473684210526,18.333667755126953,152.32845082503567
745042930478192601,2.545454502105713,9.901146423128253,42.29882416115862,9.969482421875,108.91261336894806
745242930526604202,2.4761905670166016,4.730400364912929,30.14384036214144,14.309382438659668,99.33840800712684
745342930451956402,0.0,0.0,0.0,0.0,0.0
745442930200242001,2.6181817054748535,8.425755285265879,229.24569177744954,132.52761840820312,926.8330483440693
745642928091208001,0.0,0.0,0.0,0.0,0.0
745642930454699602,0.0,0.0,0.0,0.0,0.0
745842930461008802,0.0,0.0,0.0,0.0,0.0
745842930543313301,0.0,0.0,0.0,0.0,0.0
746042930142328302,3.15315318107605,5.7064480432797025,180.0051757652404,76.0321273803711,633.4157210570057
746042930476625101,6.0,8.488794599260602,8.488839285714286,1.3289217948913574,8.488794599260602
746142930460295001,3.0396039485931396,4.355430864909195,154.8047922411334,55.2732048034668,439.8985141903046
746142930524520202,0.0,0.0,0.0,0.0,0.0
746242930463776001,0.0,0.0,0.0,0.0,0.0
746342930457665402,0.0,0.0,0.0,0.0,0.0
746342930463878801,0.0,0.0,0.0,0.0,0.0
746642927966216502,0.0,0.0,0.0,0.0,0.0
746742929372946401,0.0,0.0,0.0,0.0,0.0
746742930469050901,4.058823585510254,6.776067569400488,109.86029478253006,60.69769287109375,460.77261182828323
746742930477841502,3.3333332538604736,14.990830243644067,142.65923282783228,49.10712814331055,584.6423553548467
746742930530543702,0.0,0.0,0.0,0.0,0.0
746742930543821902,3.4777777194976807,8.844095715835142,207.320715835141,92.3917465209961,795.9686106337901
747042930524642501,0.0,0.0,0.0,0.0,0.0
747242930477155201,0.0,0.0,0.0,0.0,0.0
747442930467088501,4.588235378265381,14.09465797855811,268.3763206960845,69.72787475585938,958.4367234554255
747742930541866701,0.0,0.0,0.0,0.0,0.0
748042930531543202,0.0,0.0,0.0,0.0,0.0
748242930454229802,0.0,0.0,0.0,0.0,0.0
748242930518778501,0.0,0.0,0.0,0.0,0.0
748342928967256601,0.0,0.0,0.0,0.0,0.0
748342930464625102,4.526315689086914,33.16285866477273,161.28363636363636,49.50051498413086,630.0943251731179
748342930546884901,0.0,0.0,0.0,0.0,0.0
748542930454194802,0.0,0.0,0.0,0.0,0.0
748542930459519002,5.754385948181152,15.275140449438203,501.7096629213483,140.35455322265625,870.6829598028204
748542930509083001,0.0,0.0,0.0,0.0,0.0
748542930524919801,0.0,0.0,0.0,0.0,0.0
748942928979759201,0.0,0.0,0.0,0.0,0.0
748942930524024102,0.0,0.0,0.0,0.0,0.0
748942930528259001,5.217391490936279,8.981271608534536,39.84107579462103,22.696393966674805,206.569252527139
749042930535188201,0.0,0.0,0.0,0.0,0.0
749142930533508002,1.0,14.110983809523809,14.110979047619047,1.932249903678894,14.110983809523809
749142930545493601,0.0,0.0,0.0,0.0,0.0
749342928043475002,0.0,0.0,0.0,0.0,0.0
751142930473745402,0.0,0.0,0.0,0.0,0.0
751142930535995802,0.0,0.0,0.0,0.0,0.0
751242930462920302,0.0,0.0,0.0,0.0,0.0
751242930540585502,0.0,0.0,0.0,0.0,0.0
751342930468117401,2.4166667461395264,4.561199963645653,223.96804747681182,71.1845703125,602.0783815736236
751542930516435202,0.0,0.0,0.0,0.0,0.0
751542930536437302,4.164383411407471,10.389189922285022,123.50787242632217,98.50201416015625,758.4108366558135
751742930473859501,0.0,0.0,0.0,0.0,0.0
751842930476377802,3.9166667461395264,2.9094011323273428,20.986074520135492,6.503095626831055,34.91281364535675
752042930469315501,0.0,0.0,0.0,0.0,0.0
752142930526027902,0.0,0.0,0.0,0.0,0.0
752442930525788701,2.0,13.8894572759368,66.665548098434,5.297477722167969,83.33674379216478
752842930473388502,0.0,151.79918213085907,151.79923212286033,21.025278091430664,151.79918213085907
753142930528832802,0.0,0.0,0.0,0.0,0.0
753242927904948402,0.0,0.0,0.0,0.0,0.0
753242930475495502,16.0,100.07034516095318,93.25250836120401,10.879054069519043,100.07034516095318
753242930525301802,0.0,0.0,0.0,0.0,0.0
753342930458410102,4.55555534362793,9.288200509161614,90.95781703137358,17.241453170776367,167.18761141772262
753342930517172002,0.0,0.0,0.0,0.0,0.0
753442930458177702,0.0,0.0,0.0,0.0,0.0
753442930546984902,0.0,0.0,0.0,0.0,0.0
753742930508107502,4.0,7.573767190254113,38.13572267920094,16.49604034423828,121.18027579714352
753842929284173502,0.0,0.0,0.0,0.0,0.0
753942930458126802,0.0,0.0,0.0,0.0,0.0
754042930474411501,0.0,0.0,0.0,0.0,0.0
754142930510380702,0.0,0.0,0.0,0.0,0.0
754242930539056601,2.6111111640930176,13.978851667074764,251.61932745674176,36.6545524597168,251.61932656129045
754242930546328902,2.577777862548828,8.466278831845239,142.74619047619046,107.63065338134766,761.9651139360666
754342930508346001,0.0,0.0,0.0,0.0,0.0
754542930450506301,0.0,0.0,0.0,0.0,0.0
754542930521328001,0.0,0.0,0.0,0.0,0.0
754542930534566901,0.0,0.0,0.0,0.0,0.0
754642930411668402,0.0,0.0,0.0,0.0,0.0
754642930448728702,0.0,0.0,0.0,0.0,0.0
754642930468904202,0.0,0.0,0.0,0.0,0.0
754742930509141001,0.0,0.0,0.0,0.0,0.0
754742930519092101,0.0,0.0,0.0,0.0,0.0
754842929194568002,0.0,0.0,0.0,0.0,0.0
754842930531037201,0.0,0.0,0.0,0.0,0.0
754942929091873102,4.833333492279053,7.720553587846874,21.010030090270813,6.379472255706787,46.32332283308258
754942930510146201,0.0,0.0,0.0,0.0,0.0
754942930519302201,3.087719202041626,11.675753021240235,296.998046875,120.95858001708984,1331.0358242351563
754942930537316102,0.0,0.0,0.0,0.0,0.0
755042930463252802,2.0956521034240723,7.522733492231638,77.88229755178908,129.1536102294922,865.1143600966747
755142930525235801,3.5957446098327637,8.196676825778388,219.73333333333332,167.37701416015625,770.4876138596308
755342930469345301,0.0,0.0,0.0,0.0,0.0
755342930538800701,0.0,0.0,0.0,0.0,0.0
755442930475572701,0.0,0.0,0.0,0.0,0.0
755542930526175202,0.0,0.0,0.0,0.0,0.0
755642930446488302,3.6666667461395264,4.238733407621473,8.174294670846395,1.3217661380767822,12.716200528996865
755842930447690702,0.0,0.0,0.0,0.0,0.0
756242930458599801,0.0,0.0,0.0,0.0,0.0
756442928726364102,3.634408712387085,9.648236291429175,168.28710154105974,130.03366088867188,897.2859551951381
756642930480195101,2.0,18.699105902777777,100.09555555555555,11.580531120300293,149.59285069218387
756742930543284001,0.0,0.0,0.0,0.0,0.0
756942930532631301,2.5,5.179546081367075,18.72550432276657,3.3898723125457764,20.718184480749564
757042930456484001,5.888888835906982,11.690788162294238,191.45679012345678,75.56416320800781,526.0854576142236
757042930526438702,0.0,0.0,0.0,0.0,0.0
757142930515607701,5.0204081535339355,15.825996128600561,114.8338006627581,78.14854431152344,775.4738030512661
757442930466583202,0.0,0.0,0.0,0.0,0.0
757542930529923202,0.0,0.0,0.0,0.0,0.0
757742928757969001,0.0,0.0,0.0,0.0,0.0
757842928258270602,0.0,0.0,0.0,0.0,0.0
758042928602853002,4.285714149475098,9.514689332077053,231.85259631490788,74.92582702636719,599.4254391583432
758042930474086402,0.0,0.0,0.0,0.0,0.0
758142930530827302,0.0,0.0,0.0,0.0,0.0
758242930159219901,0.0,0.0,0.0,0.0,0.0
758242930459609201,3.0,2.747502785656402,2.747487844408428,0.3141445219516754,2.747502785656402
758242930524619902,0.0,0.0,0.0,0.0,0.0
758342930532955101,0.0,0.0,0.0,0.0,0.0
758542930538871101,0.0,0.0,0.0,0.0,0.0
758742930509973401,0.0,0.0,0.0,0.0,0.0
758842930516754702,0.0,0.0,0.0,0.0,0.0
759142930517837001,1.121212124824524,36.461444505899706,232.74483775811208,145.89732360839844,1203.2276418820948
759442928967092902,0.0,0.0,0.0,0.0,0.0
759442930475081701,1.6425338983535767,18.003766209946065,2872.51269035533,206.07528686523438,3978.8323125312777
759742930475779602,0.0,0.0,0.0,0.0,0.0
759742930518516101,0.0,0.0,0.0,0.0,0.0
759742930531826402,2.951612949371338,6.038907595550712,122.57537741866894,64.3319091796875,374.41227352702816
759842930342859001,0.0,0.0,0.0,0.0,0.0
761142930529910401,3.9000000953674316,4.362817367238996,46.293642355943014,12.171648979187012,87.25634370285121
761342929839451902,4.136363506317139,5.153831541373461,61.91574516210103,12.040964126586914,113.38429782941252
761342930534268601,0.0,0.0,0.0,0.0,0.0
761442929901274502,0.0,0.0,0.0,0.0,0.0
761442930456868501,3.1891891956329346,6.588816161066382,190.713440683536,39.15727615356445,487.5723907916984
761442930509005001,0.0,0.0,0.0,0.0,0.0
761642929372779502,2.5,27.622036262203626,51.142956764295675,2.957517385482788,55.24407456742504
761742928878266802,0.0,0.0,0.0,0.0,0.0
761742930516272301,4.333333492279053,14.014480392156862,211.70541176470587,132.10806274414062,1093.1294492315155
761842930539848401,0.0,0.0,0.0,0.0,0.0
762142930519940701,0.0,0.0,0.0,0.0,0.0
762242929309570201,0.0,0.0,0.0,0.0,0.0
762242930460430702,4.3214287757873535,10.932830040678608,236.27295660948536,120.21806335449219,918.3577027720231
762242930536443802,0.0,0.0,0.0,0.0,0.0
762442930475939001,0.0,0.0,0.0,0.0,0.0
762742930459418802,0.0,0.0,0.0,0.0,0.0
762742930459632601,0.0,0.0,0.0,0.0,0.0
762942930455609302,0.0,0.0,0.0,0.0,0.0
762942930549462102,0.0,0.0,0.0,0.0,0.0
763342930012331001,2.6571428775787354,5.445582850531176,113.63355596396073,22.303150177001953,190.59539579880266
763442930459100501,0.0,0.0,0.0,0.0,0.0
763442930520624602,0.0,0.0,0.0,0.0,0.0
763742930468785601,3.0,0.8048014210721671,0.804814677342383,0.16600793600082397,0.8048014210721671
763742930522540202,3.5824174880981445,7.43177472703128,115.57229982293921,194.0251922607422,676.291470244905
763742930549198901,4.857142925262451,29.094020432692307,392.99692307692305,130.0069580078125,1425.6070535160945
763942928739548802,4.131147384643555,9.755818111795774,90.1725352112676,77.23041534423828,595.1049202053251
763942930527556701,0.0,217.2900557297109,217.2901428073842,16.44490623474121,217.2900557297109
764142930542767902,0.0,0.0,0.0,0.0,0.0
764242930531902702,0.0,0.0,0.0,0.0,0.0
764342929735780202,4.166666507720947,4.579649528286354,45.467334035827186,12.199176788330078,82.43369139660271
764642930543133502,0.0,0.0,0.0,0.0,0.0
764742930550657701,0.0,0.0,0.0,0.0,0.0
764842930458088902,0.0,0.0,0.0,0.0,0.0
764842930524609801,0.0,0.0,0.0,0.0,0.0
764942930451690902,0.0,0.0,0.0,0.0,0.0
764942930476892201,0.0,0.0,0.0,0.0,0.0
765242928990481001,0.0,0.0,0.0,0.0,0.0
765342930451224102,4.099999904632568,4.628365841767664,21.34502320783909,8.394841194152832,46.2836596846519
765342930532594302,0.0,0.0,0.0,0.0,0.0
765442930450956601,0.0,0.0,0.0,0.0,0.0
765442930461657301,3.3608248233795166,6.79464698538931,150.4514518217126,83.95262908935547,659.0807241302598
765542930544129601,0.0,0.0,0.0,0.0,0.0
765642929456721202,4.5,17.732881025834516,60.96590909090909,10.427706718444824,177.32880488308993
765642930541715502,0.0,0.0,0.0,0.0,0.0
765742930454226601,6.0,4.230360536317567,4.230630630630631,0.5209529399871826,4.230360536317567
765742930468090501,0.0,0.0,0.0,0.0,0.0
765942930479079402,0.0,0.0,0.0,0.0,0.0
766042930526573601,2.650602340698242,5.9814208037900425,107.69291981228321,169.347412109375,496.45793036469826
766242930524092001,0.0,0.0,0.0,0.0,0.0
766442930461358101,0.0,0.0,0.0,0.0,0.0
766442930542604801,0.0,0.0,0.0,0.0,0.0
766542927975285601,0.0,0.0,0.0,0.0,0.0
766542930525683902,0.0,0.0,0.0,0.0,0.0
766542930544795501,1.5181818008422852,5.760082804700499,94.04891846921797,80.03276062011719,633.6090867228198
766642929456991301,0.0,0.0,0.0,0.0,0.0
766642930533177401,0.0,0.0,0.0,0.0,0.0
766842930480172401,3.4210526943206787,4.944655067740286,78.3836400817996,12.469826698303223,93.94844518868226
766842930546929202,0.0,0.0,0.0,0.0,0.0
766942930532052102,2.641509532928467,30.495449103634577,150.12966601178783,248.6638946533203,1616.2588337971326
766942930533452502,0.0,0.0,0.0,0.0,0.0
767042928789923501,0.0,0.0,0.0,0.0,0.0
767142930545023602,0.0,0.0,0.0,0.0,0.0
767342930474126302,0.0,0.0,0.0,0.0,0.0
767742930527127401,3.25,2.323571448083167,50.01665001665002,19.304807662963867,74.3542887268168
767942930517197501,4.8813557624816895,7.117796829357352,79.93690360272639,51.58595657348633,419.9500109640974
768142928607058202,63.0,0.46604014731621934,0.9320886814469078,0.140797421336174,0.9320802946324387
768142929012910901,6.018518447875977,21.82513093228753,233.4340746624305,68.17849731445312,1178.5570657743738
768142930479507402,0.0,0.0,0.0,0.0,0.0
768342930549072102,0.0,0.0,0.0,0.0,0.0
768442929543790002,7.285714149475098,23.60711612879673,104.9053738317757,15.742559432983398,165.24981689453125
768442930453312102,5.214285850524902,8.558590820678665,111.9756280464942,43.01012420654297,359.46081886248595
768442930516932402,0.0,0.0,0.0,0.0,0.0
768742930459748301,0.0,0.0,0.0,0.0,0.0
768742930519976801,0.0,0.0,0.0,0.0,0.0
768742930532593301,0.0,0.0,0.0,0.0,0.0
768742930546262102,0.0,0.0,0.0,0.0,0.0
768942930477568501,0.0,0.0,0.0,0.0,0.0
769042929721548401,0.0,0.0,0.0,0.0,0.0
769042930454948301,3.2666666507720947,11.249194460842189,40.468713105076745,27.813013076782227,168.73792160256366
769042930510266802,0.0,0.0,0.0,0.0,0.0
769142930524552902,0.0,0.0,0.0,0.0,0.0
769242930465461002,1.486842155456543,9.796385449754547,92.61449610164597,85.28968048095703,744.5252623418972
769342930515814002,3.923076868057251,4.255673982366832,26.333539795602352,0.0,55.323762300030005
769542930449226601,0.0,0.0,0.0,0.0,0.0
769542930478713902,4.026666641235352,10.671275539793005,153.57066381156318,757.4403686523438,800.3456714270712
769742929839403502,2.5740740299224854,6.7997773525677205,91.12821670428895,64.94573974609375,367.18797712304524
769742930524787902,0.0,0.0,0.0,0.0,0.0
769742930529503102,0.0,0.0,0.0,0.0,0.0
769942930533553002,0.0,0.0,0.0,0.0,0.0
771242930517918102,3.0,7.1570227632770065,20.527338563669282,6.792830467224121,28.628091760334943
771242930549734802,0.0,0.0,0.0,0.0,0.0
771442927975242201,0.0,0.0,0.0,0.0,0.0
771442930531741101,0.0,0.0,0.0,0.0,0.0
771542930475690702,3.686274528503418,8.018090712144906,134.28225175918686,46.8631706237793,408.9226160593756
771542930530420301,0.0,0.0,0.0,0.0,0.0
771642929269267201,0.0,0.0,0.0,0.0,0.0
771742930526615202,5.933333396911621,22.641506560711733,171.07296137339057,26.256502151489258,339.62259012639777
771842928932571602,0.0,0.0,0.0,0.0,0.0
772042930518296002,0.0,0.0,0.0,0.0,0.0
772142930460642302,2.8064515590667725,4.153407234700922,49.73450367375117,16.09555435180664,128.75562669125833
772442927901338901,4.146666526794434,7.106197641476641,112.93882091212458,55.60580825805664,532.9648126723106
772442930525244601,0.0,0.0,0.0,0.0,0.0
772442930529133601,3.6363637447357178,7.483084292394714,36.01881720430107,28.036996841430664,82.31392437240983
772842930524188301,0.0,0.0,0.0,0.0,0.0
772842930533471901,2.882352828979492,10.772926446674031,221.55645557191949,159.23471069335938,1098.8384972096192
772842930534651101,0.0,0.0,0.0,0.0,0.0
772842930545597801,0.0,0.0,0.0,0.0,0.0
773042930474939502,0.0,0.0,0.0,0.0,0.0
773042930517042102,0.0,0.0,0.0,0.0,0.0
773142928258122402,0.0,8.928779723152282,8.928571428571429,1.2151308059692383,8.928779723152282
773142930455877401,1.0,22.879122596153845,272.5323076923077,89.9534912109375,1212.5934682253323
773442930476283801,0.0,0.0,0.0,0.0,0.0
773542930466500401,0.0,0.0,0.0,0.0,0.0
773742927963650802,3.454545497894287,5.38904448375262,25.557651991614257,14.47600269317627,118.55897321241207
773842930475318301,0.0,0.0,0.0,0.0,0.0
773842930542881302,0.0,0.0,0.0,0.0,0.0
773942930457397801,3.6627907752990723,18.411977544132917,371.0882658359294,172.48013305664062,1583.4299910912757
773942930524179501,3.8181817531585693,7.6684200920934416,119.2711590296496,17.727270126342773,168.7052371262433
773942930535252001,0.0,0.0,0.0,0.0,0.0
773942930545339702,0.0,0.0,0.0,0.0,0.0
774142930473192902,4.984127044677734,10.772564000324394,120.62283737024221,83.03536987304688,678.6715078749871
774442930473346201,5.064516067504883,37.926375288018434,336.1136712749616,47.07911682128906,1175.7176157618815
774442930516563901,0.0,0.0,0.0,0.0,0.0
774642930478609202,6.75,28.034409926470587,57.6315294117647,10.089451789855957,112.13763648897059
774842930509319202,0.0,0.0,0.0,0.0,0.0
774942930528725202,0.0,0.0,0.0,0.0,0.0
775042930549875901,2.983471155166626,9.873314008997346,270.2673959479578,124.3623275756836,1194.6710183546531
775242930477103701,2.1124260425567627,4.646121530297533,487.39259796806965,123.86265563964844,785.1945247954658
775342930515885902,0.0,0.0,0.0,0.0,0.0
775342930533707102,0.0,0.0,0.0,0.0,0.0
775342930536044501,0.0,0.0,0.0,0.0,0.0
775342930544529802,0.1428571492433548,14.307685082922942,124.84588644264194,95.88117980957031,600.922779775025
775442928247207701,0.0,0.0,0.0,0.0,0.0
775542930509392802,0.0,0.0,0.0,0.0,0.0
775742930451514601,0.0,0.0,0.0,0.0,0.0
775742930469338602,0.0,0.0,0.0,0.0,0.0
775742930531576201,0.0,0.0,0.0,0.0,0.0
775842930545108101,0.0,0.0,0.0,0.0,0.0
776142929439514102,0.0,0.0,0.0,0.0,0.0
776142930543691701,1.529411792755127,3.8548194838578906,310.96712611483747,64.41934204101562,393.19159272478527
776342930466918701,4.470588207244873,7.815442748893669,93.0492966451581,9.798665046691895,132.8625257654701
776342930479367001,0.0,0.0,0.0,0.0,0.0
776342930520595402,0.0,0.0,0.0,0.0,0.0
776342930529182402,3.307692289352417,11.268979665565649,49.61601981833196,22.499366760253906,146.49673257791534
776342930531140302,0.0,0.0,0.0,0.0,0.0
776342930543786801,0.0,0.0,0.0,0.0,0.0
776542930531824101,0.0,0.0,0.0,0.0,0.0
776642928021818302,0.0,0.0,0.0,0.0,0.0
776642930515873301,0.0,0.0,0.0,0.0,0.0
776742930480086601,0.0,2.7114967462039044,0.0,0.27138176560401917,2.7114967462039044
776742930523716602,0.0,0.0,0.0,0.0,0.0
776842930528938501,0.0,0.0,0.0,0.0,0.0
776842930536068502,0.0,0.0,0.0,0.0,0.0
776942930524452701,0.0,0.0,0.0,0.0,0.0
777242930450063302,0.0,0.0,0.0,0.0,0.0
777342930534776602,0.0,0.0,0.0,0.0,0.0
777442930516602301,3.971428632736206,34.91665152616279,124.09302325581395,141.5145263671875,1222.082856459211
777442930527433102,0.0,0.0,0.0,0.0,0.0
777442930530250002,0.0,0.0,0.0,0.0,0.0
777642930519773301,0.0,0.0,0.0,0.0,0.0
777742930479628601,0.0,0.0,0.0,0.0,0.0
777842930472830402,0.0,0.0,0.0,0.0,0.0
777842930516503902,4.730769157409668,21.585476195614643,423.5359116022099,63.18655014038086,1122.4447278067553
777842930526744102,4.597014904022217,17.80648250632475,187.26816927322906,124.90748596191406,1193.0342686152173
778242930531554001,3.846153736114502,2.927233361010964,19.126432240221256,5.838296890258789,38.054033760683474
778242930543394801,0.0,0.0,0.0,0.0,0.0
778342930548631302,0.0,0.0,0.0,0.0,0.0
778442929331751501,0.0,0.0,0.0,0.0,0.0
778442930454922102,0.0,0.0,0.0,0.0,0.0
778542930519394202,3.359999895095825,6.080958031806426,78.87416691534865,54.183921813964844,456.07184571611765
778642930528102201,0.0,17.44339573099793,217.32678386763186,512.9898681640625,3680.5562979556166
778842929946433101,3.25,7.018643219236795,64.07185717241583,86.15650939941406,477.2677338700992
779142928067753302,0.0,0.0,0.0,0.0,0.0
779142930454007402,0.0,0.0,0.0,0.0,0.0
779342930475595301,0.0,0.0,0.0,0.0,0.0
779342930528311502,0.0,0.0,0.0,0.0,0.0
779542930525824701,2.5,4.255273000559284,8.510514541387025,1.7291760444641113,8.510546001118568
779742930518126701,0.0,0.0,0.0,0.0,0.0
779742930550836101,3.6020407676696777,6.558861533306718,158.54283107106193,76.16617584228516,642.7684164274591
779842930528013401,0.0,0.0,0.0,0.0,0.0
779942928242605201,0.0,0.0,0.0,0.0,0.0
779942930525768601,0.0,0.0,0.0,0.0,0.0
781242930528004102,0.9652777910232544,7.553853155339806,503.1075429424944,128.62139892578125,1087.75484327869
781542929613319202,13.857142448425293,6.23226712478185,27.13961605584642,3.566092014312744,43.62587072562173
781742930545603602,0.0,0.0,0.0,0.0,0.0
781842930478569102,0.7222222089767456,5.523208497098149,30.756171025565678,55.9045524597168,397.6710069843015
782042930519983001,0.0,0.0,0.0,0.0,0.0
782142930509565602,0.0,0.0,0.0,0.0,0.0
782242930463891102,3.5333333015441895,56.744107440837375,385.4805825242718,56.462947845458984,851.1616420190311
782342930464471102,0.0,0.0,0.0,0.0,0.0
782642930460611001,0.0,0.0,0.0,0.0,0.0
782642930526694301,0.0,0.0,0.0,0.0,0.0
782742929069883302,0.0,0.0,0.0,0.0,0.0
782742930518665902,0.0,0.0,0.0,0.0,0.0
782742930548055602,0.0,0.0,0.0,0.0,0.0
782842930472211801,2.4941177368164062,5.014818449988517,70.5584807073955,69.89081573486328,426.2595860207805
782842930523338101,3.0487804412841797,19.44411834102349,501.7993288590604,109.46760559082031,1594.4176837933944
782942928855295402,0.0,0.0,0.0,0.0,0.0
782942930550273902,0.0,0.0,0.0,0.0,0.0
783142930475311202,0.0,0.0,0.0,0.0,0.0
783142930524033101,0.0,0.0,0.0,0.0,0.0
783242930435923402,0.0,0.0,0.0,0.0,0.0
783442930457873101,108.0,4.839398734177215,4.840189873417722,0.3434564173221588,4.839398734177215
783442930475894501,0.0,0.0,0.0,0.0,0.0
783442930534528202,3.2261905670166016,4.9132758357113735,112.6836840289755,55.67628860473633,412.7151687929744
783442930546572802,0.0,79.23242083110637,158.46499198289683,11.101383209228516,158.46484166221273
783742930458253801,0.0,0.0,0.0,0.0,0.0
783742930521498701,0.0,0.0,0.0,0.0,0.0
783842930548599002,0.0,0.0,0.0,0.0,0.0
783942930449037902,3.7340426445007324,9.736465729109776,391.02949208083015,98.54600524902344,915.2277478929037
783942930474252402,6.470588207244873,2.9161497471098268,69.51121387283237,18.862321853637695,99.14909355031273
783942930531632201,0.0,0.0,0.0,0.0,0.0
784642929501690802,0.0,0.0,0.0,0.0,0.0
784842930534724801,4.125,18.17488785628434,241.48214285714286,54.62179946899414,726.9954945700509
784842930545061101,0.0,0.0,0.0,0.0,0.0
784942930476591601,0.0,0.0,0.0,0.0,0.0
784942930529549701,0.0,0.0,0.0,0.0,0.0
785042930462606001,0.0,0.0,0.0,0.0,0.0
785242928042281901,0.0,0.0,0.0,0.0,0.0
785342930474536401,0.0,0.0,0.0,0.0,0.0
785342930523919402,0.0,0.0,0.0,0.0,0.0
785342930524892802,6.0,8.5052966294383,49.82887077997672,10.443954467773438,68.04237478964542
785542930528001701,0.0,0.0,0.0,0.0,0.0
785642930532277002,0.0,0.0,0.0,0.0,0.0
785742930184537101,4.666666507720947,31.303272736378204,273.8269230769231,120.9119873046875,1784.2865522458003
785742930184590001,0.0,0.0,0.0,0.0,0.0
785842930446725402,0.0,0.0,0.0,0.0,0.0
785842930465005902,2.8089888095855713,6.046463186717664,124.55883171070931,92.03714752197266,538.1352248806616
785842930519421901,0.0,0.0,0.0,0.0,0.0
785942930548106801,0.0,0.0,0.0,0.0,0.0
786042930549165502,4.5789475440979,11.969079285225197,84.47230675593427,73.27640533447266,682.2374923241553
786442930469601302,0.0,0.0,0.0,0.0,0.0
786442930542702602,0.0,0.0,0.0,0.0,0.0
786542930473755202,2.0,6.283303915591567,6.283196979232222,0.655066967010498,6.283303915591567
786542930544320802,0.0,0.0,0.0,0.0,0.0
786642928135690801,0.0,0.0,0.0,0.0,0.0
786642929800291402,0.0,0.0,0.0,0.0,0.0
786642930474830401,0.0,0.0,0.0,0.0,0.0
786742930477382902,33.0,4.041761208280412,12.125317527519051,2.0973401069641113,12.12528334920971
787142929346398801,0.0,0.0,0.0,0.0,0.0
787442930518450901,0.0,5.339289055016763,52.452107279693486,156.7784881591797,1131.9293045778384
787642930534343202,0.0,0.0,0.0,0.0,0.0
787742928258284701,0.0,0.0,0.0,0.0,0.0
787742930476743501,0.5,5.321052302534084,10.641967990515708,1.2117191553115845,10.642104605068168
787942930463685102,0.0,0.0,0.0,0.0,0.0
788042929331622001,0.0,0.0,0.0,0.0,0.0
788042930545910402,2.8840579986572266,8.089194298567008,65.42069695489334,80.84078216552734,558.1544034256257
788142930480566001,0.0,0.0,0.0,0.0,0.0
788342928988192502,0.0,0.0,0.0,0.0,0.0
788342930516599802,2.6857142448425293,6.847356550715214,65.6537711313394,25.067697525024414,239.65747520734493
788542930530225502,0.0,0.0,0.0,0.0,0.0
788642928099739401,0.0,0.0,0.0,0.0,0.0
788742930545224501,0.0,0.0,0.0,0.0,0.0
788842930457949001,0.0,0.0,0.0,0.0,0.0
789142930474951301,5.800000190734863,5.401900840016593,13.626548672566372,1.7609771490097046,27.009505064297567
789242930473443202,0.0,0.0,0.0,0.0,0.0
789242930510920601,0.0,0.0,0.0,0.0,0.0
789342928664009802,0.0,0.0,0.0,0.0,0.0
789342930530039601,2.147286891937256,6.196331112616682,169.0293586269196,126.97876739501953,799.3266782507018
789542930516170601,3.8529412746429443,6.374364693073057,105.54596157818632,33.67731857299805,216.72839248511184
789642930521356701,5.0923075675964355,15.926177915592783,216.58762886597938,124.94760131835938,1035.2015628460756
789642930546785901,0.0,0.0,0.0,0.0,0.0
789842929761637902,0.0,0.0,0.0,0.0,0.0
791242930459821801,1.9239130020141602,12.947786720850134,154.97412634408602,106.75797271728516,1191.1963685013914
791242930473795302,0.0,0.0,0.0,0.0,0.0
791242930477581001,6.333333492279053,15.364992651608912,92.74405940594059,15.193672180175781,138.2849373147039
791442930527242601,0.0,0.0,0.0,0.0,0.0
791642930550280802,3.9397590160369873,6.93935788117581,135.6004170676933,114.50444793701172,575.9666846443301
791942928759342702,0.0,0.0,0.0,0.0,0.0
791942929346145902,0.0,0.0,0.0,0.0,0.0
791942930464434002,4.5757575035095215,11.973877941548583,140.70647773279353,39.690338134765625,395.1379519046238
791942930477646801,0.0,0.0,0.0,0.0,0.0
792042929389319801,0.0,282.9380126953125,282.9375,18.577348709106445,282.9380126953125
792042930459871802,3.2747251987457275,6.292092477297744,123.11403412217942,108.41973876953125,572.5804108321043
792142930474135901,0.0,0.0,0.0,0.0,0.0
792142930523805202,0.0,0.0,0.0,0.0,0.0
792142930540998802,3.133333444595337,8.8714000041409,91.84452296819788,19.231204986572266,133.07100413966094
792142930544740501,9.833333015441895,0.17437769427374386,0.16822429906542055,0.21884089708328247,2.0925322794617918
792642930463270101,0.0,0.0,0.0,0.0,0.0
792942930475742502,4.839285850524902,12.504167650431732,120.93092282784673,126.62313842773438,700.2333621906706
792942930527241002,2.7477476596832275,6.113018868289213,119.58980702622465,77.18682861328125,678.5450836765124
793042930528322601,3.8378379344940186,6.204985363924051,77.38810126582278,31.014925003051758,229.58445381724684
793142930460010501,0.0,0.0,0.0,0.0,0.0
793542930515407802,0.0,119.25010202415932,63.95788442703232,19.289037704467773,119.25010202415932
793542930531525801,0.0,0.0,0.0,0.0,0.0
793742930479837702,3.444444417953491,6.42368856706246,124.74917445373428,118.62874603271484,635.9451746659529
793742930529081301,0.0,0.0,0.0,0.0,0.0
793842930454257301,0.0,0.0,0.0,0.0,0.0
793842930479910501,2.357142925262451,7.803197685139653,831.2218725413061,149.17037963867188,1201.6924448833572
793942930462395002,4.400000095367432,102.92938187652811,228.06356968215158,46.66136932373047,514.6468855058068
794242930534591401,0.0,0.0,0.0,0.0,0.0
794442930447904801,0.0,0.0,0.0,0.0,0.0
794542930101290201,0.0,0.0,0.0,0.0,0.0
794542930532969201,0.0,0.0,0.0,0.0,0.0
794642930546989801,2.9078948497772217,7.027745425739034,85.0254291163382,78.85123443603516,534.108633231753
794742930479829901,0.0,0.0,0.0,0.0,0.0
794842930529842901,0.0,0.0,0.0,0.0,0.0
794942930516814001,3.7014925479888916,6.544015919032684,126.72499174645097,47.58772659301758,438.4490664067462
795142930524750802,0.0,0.0,0.0,0.0,0.0
795142930526088701,2.5,9.776950428608943,19.55342136854742,2.171725273132324,19.553901150303872
795142930532308602,3.9885058403015137,10.74464772439148,132.22058823529412,96.7261734008789,934.7843486064286
795342930450598901,0.0,0.0,0.0,0.0,0.0
795442928823159701,0.0,0.0,0.0,0.0,0.0
795442930458219802,4.800000190734863,5.359058762649494,23.768721251149955,4.61686372756958,26.79529336404669
795642930464761502,4.714285850524902,9.487501651400388,190.8337149903118,108.7291488647461,730.5376238087985
795742927975326001,3.799999952316284,7.578174266802004,64.1620594333103,119.03943634033203,530.4721866309766
795942930523988901,0.0,0.0,0.0,0.0,0.0
796042929457044501,0.0,0.0,0.0,0.0,0.0
796042930525061902,0.0,0.0,0.0,0.0,0.0
796142930476360402,0.0,0.0,0.0,0.0,0.0
796242929514115302,2.7822580337524414,5.553880941568271,177.27183080316595,66.50186920166016,688.6812561483044
796242930508282101,0.0,0.0,0.0,0.0,0.0
796442930519745301,0.0,0.0,0.0,0.0,0.0
796442930543616402,2.843137264251709,12.540776255224218,271.24884220038405,209.7559051513672,1279.1591464449534
796542930534869402,0.0,0.0,0.0,0.0,0.0
796742930468079202,0.0,0.0,0.0,0.0,0.0
796742930548112102,0.0,0.0,0.0,0.0,0.0
797042930533526401,0.0,0.0,0.0,0.0,0.0
797242930519193302,0.0,0.0,0.0,0.0,0.0
797242930525539302,0.0,0.0,0.0,0.0,0.0
797242930530108302,0.0,0.0,0.0,0.0,0.0
797642930457443801,0.3928571343421936,15.162513044336643,34.74007220216607,122.5488510131836,849.1007626013635
797742930476311902,0.0,0.0,0.0,0.0,0.0
797842930450324201,0.0,0.0,0.0,0.0,0.0
797942930460336502,0.0,0.0,0.0,0.0,0.0
797942930522003401,0.0,0.0,0.0,0.0,0.0
798142929259265402,4.75,2.9779185761219487,6.822410147991543,1.941196084022522,11.911673940834165
798242930543941802,3.028301954269409,7.534316766864209,237.01375665903598,74.49552154541016,798.6375919127479
798342929194635601,5.0638298988342285,26.252135380396936,331.23955431754877,90.58303833007812,1233.8503400542277
798342930447675001,0.0,0.0,0.0,0.0,0.0
798342930545453401,0.9041095972061157,17.281976924668875,168.7635761589404,222.59645080566406,1261.584284619464
798442930529701001,2.8125,5.2664156722892255,230.98429855501195,82.34520721435547,589.8385794599765
798542930460582702,0.0,0.0,0.0,0.0,0.0
798642930517286101,0.0,0.0,0.0,0.0,0.0
798742930289645702,0.0,0.0,0.0,0.0,0.0
798742930477310602,0.20000000298023224,10.654319120159453,138.65654264743102,50.37247848510742,745.8023049092178
798742930519398002,0.0,0.0,0.0,0.0,0.0
798842930464854601,3.57608699798584,4.404193981918471,65.56905197333491,62.865966796875,405.1858285167254
798842930529034001,1.7179486751556396,14.941566051136364,96.1,47.653839111328125,582.7210928483443
798842930532926501,0.0,0.0,0.0,0.0,0.0
799042930536547301,0.0,0.0,0.0,0.0,0.0
799142930461449601,0.0,0.0,0.0,0.0,0.0
799142930464148602,3.6500000953674316,5.245993532892497,92.22547962311272,41.07276153564453,314.7596109619556
799142930508440501,0.0,0.0,0.0,0.0,0.0
799242929055602502,3.0975608825683594,7.326472092651219,79.8916879967668,35.97692108154297,300.38535196704396
799342930542861401,4.807692527770996,3.181646780099556,46.20985532158716,33.269283294677734,165.4456354460083
799442930478913201,0.0,0.0,0.0,0.0,0.0
799542930545858902,4.226415157318115,15.899056359676223,142.77805239742955,67.93025970458984,842.6499781549654
799642930466424101,0.0,0.0,0.0,0.0,0.0
799742930462511801,0.0,0.0,0.0,0.0,0.0
799942929166177302,0.0,0.0,0.0,0.0,0.0
801242930456743501,0.0,0.0,0.0,0.0,0.0
801242930508147801,0.0,0.0,0.0,0.0,0.0
801242930532614201,0.0,0.0,0.0,0.0,0.0
801342930471544502,0.0,0.0,0.0,0.0,0.0
801342930517927201,0.0,0.0,0.0,0.0,0.0
801342930543387302,0.0,0.0,0.0,0.0,0.0
801342930545082102,0.0,0.0,0.0,0.0,0.0
801442930454081002,0.0,0.0,0.0,0.0,0.0
801442930454206002,0.0,0.0,0.0,0.0,0.0
801442930461586702,0.0,0.0,0.0,0.0,0.0
801542930516330302,4.800000190734863,18.92989600708924,125.02585487906589,26.467185974121094,473.24738193413333
801742930476306102,0.0,0.0,0.0,0.0,0.0
801942930454879602,0.0,0.0,0.0,0.0,0.0
801942930517639202,0.0,0.0,0.0,0.0,0.0
801942930532113802,0.0,0.0,0.0,0.0,0.0
801942930533183301,0.0,0.0,0.0,0.0,0.0
802142929118570801,0.0,0.0,0.0,0.0,0.0
802142930472974701,0.0,0.0,0.0,0.0,0.0
802342930544949602,0.0,0.0,0.0,0.0,0.0
803342930510992002,0.0,0.0,0.0,0.0,0.0
803342930534987401,0.0,0.0,0.0,0.0,0.0
803442930521940801,3.944444417953491,6.93423313224256,49.1914669475902,11.906941413879395,124.81620048038702
803542930532680301,0.0,0.0,0.0,0.0,0.0
803742930445520301,3.5542168617248535,7.174922366011778,115.12176473499282,77.2934799194336,595.5185411560569
803742930526737802,0.0,0.0,0.0,0.0,0.0
803742930547269501,0.9056603908538818,6.986312827724678,151.67463162086818,85.64523315429688,740.5491441842903
803842930451807801,3.5333333015441895,4.281040818403909,62.78039087947883,16.08525276184082,128.43122573892921
804042930519203602,4.5,2.2879081217184156,7.743825760031115,4.085744380950928,18.303264593934337
804042930530337202,1.4444444179534912,13.911222856760931,593.2737642585552,218.6637420654297,1878.0150995884558
804042930536220601,0.0,0.0,0.0,0.0,0.0
804242930474631801,1.0729166269302368,7.3552141716631905,42.17309697601669,135.25759887695312,706.1005457757785
804242930529420801,7.0,2.9527702099787363,2.9526123936816524,0.2001291811466217,2.9527702099787363
804342928210622202,0.0,0.0,0.0,0.0,0.0
804342930476485601,9.655172348022461,5.5782358007760235,68.37663901525288,62.26259231567383,161.76884152884784
804642930473426902,0.0,0.0,0.0,0.0,0.0
804642930476514001,3.038461446762085,7.698015264198045,173.62096941959643,38.72294998168945,600.4452154328974
804642930480351502,0.0,0.0,0.0,0.0,0.0
804842930456788302,0.0,0.0,0.0,0.0,0.0
804842930466678301,0.0,0.0,0.0,0.0,0.0
805042930477888801,0.0,0.0,0.0,0.0,0.0
805042930508791002,0.0,0.0,0.0,0.0,0.0
805142930461169201,0.0,6.62659056484187,24.574080440013752,4.849540710449219,53.01272646214553
805142930475602602,0.0,0.0,0.0,0.0,0.0
805142930526343601,0.0,0.0,0.0,0.0,0.0
805242930480563402,0.0,0.0,0.0,0.0,0.0
805242930516737201,2.2705881595611572,13.578778687544824,243.3652880707626,294.93756103515625,1154.1962234218981
805342928242527202,3.8421051502227783,29.176887236445783,280.296686746988,33.29201889038086,554.3608376491501
805342930474260902,6.918919086456299,12.615770211762689,371.2139917695473,64.10945129394531,466.7835201164005
805542930550087701,0.0,0.0,0.0,0.0,0.0
805642927975205602,0.0,0.0,0.0,0.0,0.0
805642930462133301,4.280488014221191,15.82789805237676,453.3544600938967,128.27703857421875,1297.8876584729119
805642930478159602,3.933333396911621,3.1824455144095447,31.2978505629478,9.972838401794434,47.736683094879744
805642930542344202,2.744680881500244,11.81328093762495,160.23990403838465,44.41547393798828,1110.4483924752853
805742930458053401,13.222222328186035,7.697602309905235,69.278880866426,5.008861541748047,69.27841862100126
805842930164781701,5.25,13.090065069720017,38.813932980599645,11.825204849243164,104.72052141892637
805842930477843401,0.0,0.0,0.0,0.0,0.0
805842930509185101,0.0,0.0,0.0,0.0,0.0
805942930516763002,0.0,0.0,0.0,0.0,0.0
806042930470171401,0.0,0.0,0.0,0.0,0.0
806042930547047701,0.0,0.0,0.0,0.0,0.0
806142930528568802,0.0,0.0,0.0,0.0,0.0
806242928025344402,0.0,0.0,0.0,0.0,0.0
806442930184475602,0.0,0.0,0.0,0.0,0.0
806442930453834601,1.9032257795333862,6.2099313053709855,83.46578073089701,75.90959930419922,385.0157407324443
806742930461542102,0.0,0.0,0.0,0.0,0.0
806842928042203701,0.0,0.0,0.0,0.0,0.0
806842930548733102,0.0,0.0,0.0,0.0,0.0
806942930541666101,36.5,71.35335889788382,142.70671779576764,27.69331932067871,142.70671779576764
807142930541357101,0.7906976938247681,20.11608120964022,52.39575645756457,79.30901336669922,864.9914688294224
807242930524016601,0.0,0.0,0.0,0.0,0.0
807442930532775301,0.0,0.0,0.0,0.0,0.0
807642930479770802,0.0,0.0,0.0,0.0,0.0
807642930526525601,4.424657344818115,7.68321853166554,103.30448501239576,83.01084899902344,560.8749490039371
807642930529617301,0.0,0.0,0.0,0.0,0.0
807742930472778202,0.0,0.0,0.0,0.0,0.0
807842928887149302,0.0,0.0,0.0,0.0,0.0
807842929456879002,0.0,0.0,0.0,0.0,0.0
807842929494157501,0.0,0.0,0.0,0.0,0.0
807842929839905601,0.0,0.0,0.0,0.0,0.0
807842930507639202,3.0,16.308633842322397,20.403300462869794,2.342578411102295,32.617267684644794
807942930476863901,0.0,0.0,0.0,0.0,0.0
808042928311037201,3.086538553237915,9.350812716004254,253.03286587797422,95.22879791259766,972.4844834290808
808242930453213402,0.0,0.0,0.0,0.0,0.0
808242930518812602,4.230769157409668,4.944059882135203,38.812098188194035,12.878607749938965,64.2727794665796
808342930525211902,0.0,0.0,0.0,0.0,0.0
808342930526709602,0.0,0.0,0.0,0.0,0.0
808342930542401702,0.0,0.0,0.0,0.0,0.0
808542928633733802,0.0,0.0,0.0,0.0,0.0
808542928726620402,0.0,0.0,0.0,0.0,0.0
808542930524760302,2.385826826095581,9.076475870490444,642.3620211945499,94.6512680053711,1152.712386690078
809142930544794502,0.0,0.0,0.0,0.0,0.0
809242929843198402,0.0,0.0,0.0,0.0,0.0
809242930518498701,0.0,0.0,0.0,0.0,0.0
809542930479730101,0.0,0.0,0.0,0.0,0.0
809742930533538002,2.3333332538604736,1.4131596028715494,3.66167344318425,0.4614173173904419,4.239478926165773
809942929321324301,2.548387050628662,16.84724992911536,184.34607906675308,96.74445343017578,1044.529458194913
809942930526801502,0.0,0.0,0.0,0.0,0.0
811142930462068801,3.2666666507720947,4.081867283950618,15.927418891759977,8.036983489990234,61.22801060508183
811142930472130002,4.25,20.541512728299292,289.3150039277298,49.81098175048828,739.4944709723893
811142930519659602,3.50632905960083,8.799348830324426,244.6792832245956,71.26223754882812,695.1485477811967
811242930531975002,0.0,0.0,0.0,0.0,0.0
811442930463711802,0.0,0.0,0.0,0.0,0.0
811542930534954201,3.2277228832244873,5.796588629012938,137.07091518926688,75.33944702148438,585.4554559609852
811642930476767801,0.0,0.0,0.0,0.0,0.0
811942928166711001,3.4000000953674316,5.466910480349345,68.9271615720524,21.78925895690918,136.67276342000503
812142930460560902,0.0,0.0,0.0,0.0,0.0
812442930464460202,0.0,0.0,0.0,0.0,0.0
812442930527667102,7.349999904632568,20.96874553060641,310.94202898550725,59.03793716430664,838.7498047666455
812642930516099601,0.0,0.0,0.0,0.0,0.0
812942930462104402,4.0,22.921907515954494,110.99167591564928,43.07177734375,343.82859827649185
812942930543424902,3.5,6.013106072973635,14.21516610888907,3.3954100608825684,24.05242301648845
813042930517057001,4.0714287757873535,34.210314520474135,192.06034482758622,66.48866271972656,478.94440118197736
813142930516301902,154.5,47.77210544064748,95.54424460431655,11.546764373779297,95.54421088129496
813342930538496902,0.0,0.0,0.0,0.0,0.0
813442930534812601,0.0,0.0,0.0,0.0,0.0
813742930449674101,3.0194175243377686,5.077661979520846,127.38860699900611,70.32726287841797,522.9991710176153
813842930464787802,0.0,0.0,0.0,0.0,0.0
813842930525574102,4.769230842590332,5.387390793010753,64.28532485233984,36.66611862182617,140.07216112205302
814042930528019102,0.0,0.0,0.0,0.0,0.0
814242928664083701,0.0,0.0,0.0,0.0,0.0
814342930462456201,0.0,0.0,0.0,0.0,0.0
814342930476834602,0.0,21.222287074313623,0.0,162.29693603515625,1676.5606841235378
814442930453336502,5.800000190734863,5.415431928031052,19.40981012658228,4.2347588539123535,27.07716002645372
814742930509403102,3.234693765640259,8.558668650703067,159.46895544192841,84.07744598388672,838.749518979632
814842930510356101,58.0,0.9059009614102672,0.9059166947344784,0.0820513591170311,0.9059009614102672
814842930515938701,0.0,0.0,0.0,0.0,0.0
815042930508138902,0.0,0.0,0.0,0.0,0.0
815042930547570001,0.0,0.0,0.0,0.0,0.0
815142930464010802,0.0,0.0,0.0,0.0,0.0
815142930534968402,0.0,0.0,0.0,0.0,0.0
815442930516584202,0.0,0.0,0.0,0.0,0.0
815442930549748702,5.285714149475098,12.88584713683971,32.01457194899818,6.484230041503906,90.20092817907559
815542930478218101,4.0,6.901772068886861,33.93864051094891,13.345735549926758,96.62481252851278
815742927979933901,2.125,4.430652928466348,68.26995218830453,40.603485107421875,141.7808917707799
815742930455532001,0.0,0.0,0.0,0.0,0.0
815742930542317802,3.5308642387390137,12.631500767843214,303.89313572542903,337.2912292480469,1023.1515764118915
815842930464087702,7.041666507720947,11.492575394947583,92.33343040186372,38.18514633178711,275.82181822344114
815942930474266901,0.0,0.0,0.0,0.0,0.0
816142930464457301,0.7764706015586853,5.477366979823239,69.55576870375445,68.34844970703125,465.57620746751587
816242928108698401,0.0,0.0,0.0,0.0,0.0
816442930400204201,5.515151500701904,17.697339982550762,164.4399323181049,84.47885131835938,584.0121979431049
816542930516310401,0.0,0.0,0.0,0.0,0.0
816642930479262802,0.0,0.0,0.0,0.0,0.0
816742930454170502,0.0,0.0,0.0,0.0,0.0
816742930474717402,0.0,0.0,0.0,0.0,0.0
817142928663921402,0.0,0.0,0.0,0.0,0.0
817242928932412501,0.0,0.0,0.0,0.0,0.0
817242930342472002,0.0,0.0,0.0,0.0,0.0
817342929417378502,6.769230842590332,10.132173459101383,53.055299539170505,20.4305477142334,131.71825025707895
817342930517381702,0.0,0.0,0.0,0.0,0.0
817342930530317902,0.0,0.0,0.0,0.0,0.0
817442930531891001,0.0,0.0,0.0,0.0,0.0
817542930478283502,0.0,0.0,0.0,0.0,0.0
817642930474595001,0.0,0.0,0.0,0.0,0.0
817742928196979602,5.625,42.659163545971076,163.69421487603304,21.126052856445312,341.27330174721965
817742930446571202,3.941176414489746,7.590814081016409,144.00425402613186,78.17330932617188,645.219198839529
817742930534934501,0.0,7.297326106211368,0.0,73.2823257446289,518.1101688158992
817942929493986702,0.0,0.0,0.0,0.0,0.0
817942929800191402,3.965517282485962,7.198253409391097,147.71338000264166,74.19076538085938,626.2480685972597
818142930522942502,0.0,0.0,0.0,0.0,0.0
818242930534831802,4.125,8.786242824812708,119.74528301886792,74.82463073730469,562.3195299070234
818342930518628202,0.0,0.0,0.0,0.0,0.0
818342930529817502,0.0,0.0,0.0,0.0,0.0
818342930532790801,0.0,0.0,0.0,0.0,0.0
818642930446433501,0.0,0.0,0.0,0.0,0.0
819142930541095801,4.684210300445557,3.3223283817220883,31.128525766836763,12.235337257385254,63.12423929379083
819242930453621202,0.0,0.0,0.0,0.0,0.0
819242930531787001,0.0,0.0,0.0,0.0,0.0
819342930534641502,4.545454502105713,6.807442749205904,27.384155455904335,9.85618782043457,74.88186842800077
819442928030479102,4.21875,5.408430304276316,86.88526315789474,20.762094497680664,173.06976192775525
819442930462741302,0.0,0.0,0.0,0.0,0.0
819542930454647602,0.0,0.0,0.0,0.0,0.0
819642930524373201,0.0,0.0,0.0,0.0,0.0
819642930550470702,3.25,5.60925181274098,94.84686654773552,96.04520416259766,493.6141790589893
819742930475517901,0.0,0.0,0.0,0.0,0.0
819742930476177601,0.0,0.0,0.0,0.0,0.0
821242930455582301,0.0,0.0,0.0,0.0,0.0
821542930460498902,0.0,0.0,0.0,0.0,0.0
821642930480059302,0.0,0.0,0.0,0.0,0.0
821942930530217601,0.0,0.0,0.0,0.0,0.0
821942930537341902,0.0,0.0,0.0,0.0,0.0
822042930543471402,4.037036895751953,6.177764051069218,51.74845244794598,27.673002243041992,166.7996288507791
822342930455951801,0.0,0.0,0.0,0.0,0.0
822442928789829102,0.0,0.0,0.0,0.0,0.0
822442930464350402,4.236842155456543,12.452749587782664,145.10050251256283,40.2547607421875,473.2044679807059
822442930533126101,0.0,0.0,0.0,0.0,0.0
822542930518122602,0.0,0.0,0.0,0.0,0.0
822542930550422301,0.0,0.0,0.0,0.0,0.0
822742930537489702,0.0,0.0,0.0,0.0,0.0
822942930517948001,5.769230842590332,5.607756567069365,76.82453637660485,32.58989334106445,145.80167068394377
822942930544325501,0.0,0.0,0.0,0.0,0.0
823142929022556501,0.0,0.0,0.0,0.0,0.0
823342930446736401,3.5762712955474854,4.640825719196671,88.57933779627284,45.500030517578125,273.80871706818164
823342930466729101,0.0,0.0,0.0,0.0,0.0
823442930461957001,0.0,0.0,0.0,0.0,0.0
823542928281571202,0.0,0.0,0.0,0.0,0.0
823542930448997102,5.25,7.401246924030492,23.698638247483718,0.0,29.604988129764283
823642930519878201,0.0,0.0,0.0,0.0,0.0
823742930522802202,0.0,0.0,0.0,0.0,0.0
823842930452734401,0.0,0.0,0.0,0.0,0.0
824242930518683202,0.0,0.0,0.0,0.0,0.0
824442930516415402,0.8666666746139526,5.280780799881012,15.791583166332666,8.905975341796875,79.21171206988409
824442930527155301,154.5,249.6474855567227,499.29411764705884,20.1207332611084,499.2949711134454
824542929380254101,0.0,0.0,0.0,0.0,0.0
824542930464352301,0.0,0.0,0.0,0.0,0.0
824542930550604002,0.0,0.0,0.0,0.0,0.0
824942930461485102,3.799999952316284,6.129667538201403,73.6369739478958,23.47994041442871,183.89002353232465
824942930534355601,0.0,0.0,0.0,0.0,0.0
825042930527969201,4.09375,8.215622028598595,115.91339964891749,63.44635772705078,262.89990091965586
825342930517966301,0.0,0.0,0.0,0.0,0.0
825342930528662702,0.0,0.0,0.0,0.0,0.0
825442930458105101,0.0,0.0,0.0,0.0,0.0
825442930516566802,0.0,0.0,0.0,0.0,0.0
825442930525679301,5.34375,17.871269742970867,196.62059620596207,90.2384033203125,571.880616619658
825542930537831702,1.6393442153930664,5.821903068862276,71.15709756956674,44.48208236694336,355.1360691563686
825642930475638602,3.4356436729431152,10.483801468622284,403.57320194033844,83.74295043945312,1058.8638974507357
825742930478649902,4.333333492279053,10.188641716452207,213.16176470588235,176.82264709472656,825.2799324334836
825942929761688202,2.847222328186035,6.968896951949384,90.88018695850432,78.72624969482422,501.76056960419436
825942930463971702,0.0,0.0,0.0,0.0,0.0
826142928119230302,5.0,14.876647777288733,12.647887323943662,1.7926567792892456,14.876647777288733
826242930510359201,2.6065573692321777,7.161317984873247,82.2782486412527,42.51591873168945,436.840392272904
826342929021034101,2.3563218116760254,5.6745581151484386,72.22028817329078,74.17990112304688,493.6865657747005
826342930475486701,5.5714287757873535,8.08069170673077,23.848615384615385,6.946078300476074,56.564843696007365
826442930515901101,0.0,0.0,0.0,0.0,0.0
826542930464180701,0.0,0.0,0.0,0.0,0.0
826542930469923401,0.0,0.0,0.0,0.0,0.0
826542930479871801,0.0,0.0,0.0,0.0,0.0
827042930522281002,0.0,0.0,0.0,0.0,0.0
827142929604523301,0.0,0.0,0.0,0.0,0.0
827142930530486801,5.94444465637207,11.762409052176192,118.12847404299947,21.66982078552246,211.7233537694954
827242928197098401,3.3043477535247803,40.13937431469298,500.3070175438597,35.167781829833984,923.2056149850812
827442930457227302,0.0,0.0,0.0,0.0,0.0
827642930544739202,0.0,0.0,0.0,0.0,0.0
827842930517436002,0.0,0.0,0.0,0.0,0.0
828042930452839902,3.7536232471466064,9.480068855201434,341.6423841059603,71.05391693115234,654.124774886546
828242930549987701,3.215686321258545,4.7995024968478335,115.31439821266618,58.076534271240234,489.5492624471053
828442930466467401,2.7642276287078857,6.092616670329955,164.49565577161772,226.42617797851562,749.3918275663465
828442930476132101,3.0,46.65924407623626,456.6978021978022,73.12664794921875,1119.8219089508057
828542930452138102,2.7903225421905518,6.209255576513039,202.8167295391176,74.73526763916016,769.9476827978403
828542930528993801,0.0,0.0,0.0,0.0,0.0
828642930475053801,0.0,0.0,0.0,0.0,0.0
828642930480325302,4.820000171661377,6.211389751552795,293.247950310559,35.839988708496094,310.5694972987205
828842930531300102,0.0,0.0,0.0,0.0,0.0
829042930475597601,0.0,0.0,0.0,0.0,0.0
829342930536253801,0.0,0.0,0.0,0.0,0.0
829342930545907002,0.0,0.0,0.0,0.0,0.0
829442930452869901,0.0,0.0,0.0,0.0,0.0
829442930508923701,0.0,0.0,0.0,0.0,0.0
829442930534169102,16.0,61.51231242785687,61.51231242785687,10.526154518127441,61.51231242785687
829742930529086402,0.0,0.0,0.0,0.0,0.0
829742930530184901,0.0,0.0,0.0,0.0,0.0
829842928213735102,0.0,0.0,0.0,0.0,0.0
831142930289817501,1.5252101421356201,5.86304907455683,1120.3989833159542,135.22206115722656,1395.405702728176
831242930453786301,0.0,0.0,0.0,0.0,0.0
831242930531796201,0.0,0.0,0.0,0.0,0.0
831542930518419202,0.0,0.0,0.0,0.0,0.0
832042930511109702,2.961538553237915,10.44635466293473,163.8037160552644,54.26404571533203,543.2104378450997
832242930474068801,3.3333332538604736,4.821961005483755,16.66760208022244,4.995347023010254,28.931767038579373
832342930523521702,0.0,0.0,0.0,0.0,0.0
832442929613539201,0.0,0.0,0.0,0.0,0.0
832642930475823402,0.0,0.0,0.0,0.0,0.0
832642930520792801,0.0,0.0,0.0,0.0,0.0
832742930459978602,3.161764621734619,8.291004560539443,173.5814449987317,63.38545608520508,563.788295585869
833042929126817802,0.0,0.0,0.0,0.0,0.0
833042930525249402,2.200000047683716,1.8118150994145377,8.632603406326034,2.020034074783325,18.11815115657166
833142930542841402,4.224999904632568,10.265479119985061,221.2005975245412,104.37798309326172,821.2383333205464
833342930544656502,0.0,0.0,0.0,0.0,0.0
833442930527530001,0.0,0.0,0.0,0.0,0.0
833542930446907502,0.0,0.0,0.0,0.0,0.0
833642930474043501,0.0,0.0,0.0,0.0,0.0
833642930479236101,0.0,0.0,0.0,0.0,0.0
833742930509863801,0.0,0.0,0.0,0.0,0.0
833742930539239902,0.0,0.0,0.0,0.0,0.0
833742930547538101,0.0,0.0,0.0,0.0,0.0
833842930476862502,1.893203854560852,4.642610484467456,287.30591715976334,96.1727294921875,478.18888610862416
833942930463710902,9.0,136.17975116414436,136.17986030267753,16.428556442260742,136.17975116414436
834042930458153801,4.909090995788574,6.060531232122425,62.41266209000763,16.183080673217773,133.3316861885727
834242929800241602,3.680000066757202,11.319367358429858,112.86486486486487,134.64321899414062,848.95254379135
834442927928420801,0.0,14.904203643305015,0.0,124.7598876953125,1818.3127867504231
834442930515364402,0.0,0.0,0.0,0.0,0.0
834442930517835102,3.555555582046509,16.379518612132355,79.37352941176471,13.989974975585938,147.4156641702091
834442930525675402,0.0,0.0,0.0,0.0,0.0
834442930531819002,3.82608699798584,3.9469087533753378,56.473447344734474,20.115341186523438,90.77890113878637
834742930532099001,0.0,0.0,0.0,0.0,0.0
834842930542858001,7.666666507720947,9.790188048719056,19.151986183074268,7.499133110046387,58.74112555153012
834942930526462301,0.0,0.0,0.0,0.0,0.0
835042930480274002,0.0,0.0,0.0,0.0,0.0
835242930450010401,3.7826087474823,6.290887584637584,91.47079587079587,25.780691146850586,289.3808169044497
835242930522282001,3.200000047683716,8.08785151580245,84.61566049013747,39.22178268432617,323.5140615441595
835342930450913802,0.0,0.0,0.0,0.0,0.0
835342930524987902,0.0,0.0,0.0,0.0,0.0
835342930541093701,0.0,0.0,0.0,0.0,0.0
835542930480626901,0.0,0.0,0.0,0.0,0.0
836042929800256801,0.0,0.0,0.0,0.0,0.0
836042930522772702,5.25,5.260895981474551,32.539520958083834,10.765713691711426,63.13075462843844
836042930528204101,0.0,0.0,0.0,0.0,0.0
836142930474183802,0.0,0.0,0.0,0.0,0.0
836342930524210302,6.222222328186035,13.770471028250304,84.65613608748481,19.128633499145508,123.93424236904806
836642930454674902,11.600000381469727,3.4863423251194434,46.22476111341919,11.740260124206543,69.72684675596243
836642930477249101,0.0,0.0,0.0,0.0,0.0
836642930530434802,0.0,0.0,0.0,0.0,0.0
836642930545490301,0.0,0.0,0.0,0.0,0.0
836842928015410501,3.720588207244873,6.4421437856475565,128.7825744911004,54.29372024536133,438.0657871474042
836842930525650601,0.0,0.0,0.0,0.0,0.0
837042930479968701,0.0,0.0,0.0,0.0,0.0
837242930518141601,4.0,5.355072585133575,72.98416886543535,29.40083122253418,171.36232209882496
837442930528264801,1.0,2.5782800990664514,2.5782749701290686,0.3304910957813263,2.5782800990664514
837442930529264402,0.0,0.0,0.0,0.0,0.0
837542930542795001,0.0,0.0,0.0,0.0,0.0
837742928967046502,2.4848484992980957,9.701812199099239,230.54728995185587,63.76654052734375,640.3196024390403
837742930470022902,0.0,0.0,0.0,0.0,0.0
837942928676524701,0.0,0.0,0.0,0.0,0.0
837942930464892901,0.0,0.0,0.0,0.0,0.0
837942930529605302,0.0,0.0,0.0,0.0,0.0
838042928665736602,1.0,4.738394940651183,9.083639570777597,2.8709328174591064,23.691974469989113
838142930465161002,0.0,0.0,0.0,0.0,0.0
838142930515602502,0.0,0.0,0.0,0.0,0.0
838242930470782301,5.363636493682861,10.708509145292846,85.64465408805032,14.600608825683594,117.79359915871291
838542930519555902,0.0,0.0,0.0,0.0,0.0
838642930475790101,0.0,0.0,0.0,0.0,0.0
838642930477805401,0.0,0.0,0.0,0.0,0.0
838942930465195502,2.4000000953674316,7.272653896837349,120.39469879518072,172.65225219726562,654.5388464465773
839142930463661901,0.0,0.0,0.0,0.0,0.0
839242928607176801,1.9883720874786377,5.005684559364087,98.92262451755192,49.80398941040039,430.48885669403273
839442930521478501,0.0,0.0,0.0,0.0,0.0
839542930008406001,0.0,7.352870264775882,122.0122967076557,128.35133361816406,1507.3383737277152
839542930289421302,0.0,0.0,0.0,0.0,0.0
839542930463726301,0.0,0.0,0.0,0.0,0.0
839542930526547302,0.0,26.585265790343914,26.58531746031746,2.1223931312561035,26.585265790343914
839642930467637102,0.0,0.0,0.0,0.0,0.0
839842930462171301,6.370370388031006,5.383322116885144,66.61704119850187,28.691129684448242,290.69939007324524
841342928096721201,0.0,9.718342840608466,0.0,32.1463737487793,456.76213610613786
841442930507801702,0.0,0.0,0.0,0.0,0.0
841442930526434201,0.0,0.0,0.0,0.0,0.0
841542930529205201,0.0,0.0,0.0,0.0,0.0
841642930459290601,0.0,0.0,0.0,0.0,0.0
841642930524385902,3.0,4.913240768843313,119.37092524668078,75.69974517822266,456.93137824508887
841942929428305502,0.0,0.0,0.0,0.0,0.0
841942930480076802,6.0,6.941030398359288,34.10493140526511,8.21129322052002,62.46927376627966
842042928932295402,3.660377264022827,4.711360625166135,111.12679425837321,51.47579574584961,249.70210697725693
842142930477007101,0.0,0.0,0.0,0.0,0.0
842142930521528501,8.354838371276855,16.087140721450616,166.66728395061727,56.11593246459961,498.7013556115421
842142930548550901,0.0,0.0,0.0,0.0,0.0
842242930533564601,2.831932783126831,6.351670122294068,155.3504357604723,89.715576171875,755.8487651054196
842342930459389101,0.0,0.0,0.0,0.0,0.0
842442930479262601,0.0,0.0,0.0,0.0,0.0
842542930543771002,4.1132073402404785,7.22522502535497,81.41460446247464,70.32429504394531,382.9369417852127
842642929946490901,1.0,61.96568985084306,61.96562905317769,6.517776012420654,61.96568985084306
842642930459093802,0.0,0.0,0.0,0.0,0.0
842742930518445901,0.0,0.0,0.0,0.0,0.0
842742930545257801,2.5999999046325684,4.593118475018643,25.568381804623414,11.57730770111084,45.93118467736298
842842930548514102,6.5,6.630570191817254,38.59487030020402,9.204933166503906,66.30570134891431
842942930546835001,0.0,0.0,0.0,0.0,0.0
843042930523606401,0.0,0.0,0.0,0.0,0.0
843142930469340002,0.0,0.0,0.0,0.0,0.0
843242930459766502,2.494736909866333,7.244092730413549,166.1936824605154,99.0145263671875,688.1887800806478
843242930476303802,0.0,0.0,0.0,0.0,0.0
843342930541339502,0.0,0.0,0.0,0.0,0.0
843642930529697002,5.189655303955078,8.771973841398665,135.0421723300971,81.27568817138672,508.77447031076673
843842930515847702,0.0,0.0,0.0,0.0,0.0
843942930509736802,0.0,0.0,0.0,0.0,0.0
844142930547098901,0.0,0.0,0.0,0.0,0.0
844542930527015502,0.0,0.0,0.0,0.0,0.0
844842930546514402,0.0,0.0,0.0,0.0,0.0
844942928645857101,0.0,0.0,0.0,0.0,0.0
845142930520139101,0.0,0.0,0.0,0.0,0.0
845142930544417302,14.0,172.06409006105835,172.06411126187245,36.007476806640625,172.06409006105835
845342930460613302,4.78125,5.039910409964767,99.58302696078431,63.93907928466797,322.55425280946145
845442929613374502,0.0,0.0,0.0,0.0,0.0
845542930480631502,5.483870983123779,10.316686586807048,92.57155135367425,42.4965705871582,319.8172836729934
845542930518553602,0.0,0.0,0.0,0.0,0.0
845542930524548902,4.753846168518066,14.409956380898727,173.85047720042417,93.94023132324219,936.6471594891996
845542930534184502,0.0,0.0,0.0,0.0,0.0
845642930546189602,0.0,0.0,0.0,0.0,0.0
845842930543021502,0.0,0.0,0.0,0.0,0.0
845942930457810901,2.939393997192383,4.251467233380914,52.36345840130506,39.21439743041992,140.29841434671673
845942930464815502,0.0,0.0,0.0,0.0,0.0
845942930476179902,0.0,0.0,0.0,0.0,0.0
846042930508914502,0.0,0.0,0.0,0.0,0.0
846042930519367002,0.0,0.0,0.0,0.0,0.0
846142930457038902,4.653846263885498,7.3292618858623,46.17540106951871,22.10116958618164,190.560812328971
846142930469593202,5.266666889190674,9.443637602662136,103.71226281506655,34.13554382324219,283.30913255681264
846242930519827402,0.0,0.0,0.0,0.0,0.0
846342930455537002,0.0,0.0,0.0,0.0,0.0
846442930470857401,1.454545497894287,3.985928218707507,35.75889214914478,43.21876907348633,131.535629463462
846442930475489401,0.0,0.0,0.0,0.0,0.0
846942930475716502,0.0,0.0,0.0,0.0,0.0
847042930473780002,0.0,0.0,0.0,0.0,0.0
847142930522181302,0.0,0.0,0.0,0.0,0.0
847142930526473901,0.0,0.0,0.0,0.0,0.0
847242930461347501,3.935483932495117,7.163862894089857,129.26995757809487,28.401750564575195,222.07973858016456
847342928979715101,0.0,0.0,0.0,0.0,0.0
847342930454310101,0.0,0.0,0.0,0.0,0.0
847342930461386002,3.2857143878936768,13.926394842367257,172.12389380530973,76.16340637207031,584.9085801111913
847642930531798302,0.0,0.0,0.0,0.0,0.0
847642930532420301,2.5,19.942013091553516,34.99041533546326,6.190930366516113,39.88402618310703
847642930549235901,0.0,0.0,0.0,0.0,0.0
847742930520009601,0.0,0.0,0.0,0.0,0.0
847842930548089302,3.8181817531585693,17.512992616939748,269.14904862579283,128.3565673828125,963.2146373692325
847942930474001102,3.490000009536743,6.068160253415859,162.25948849702206,70.5288314819336,606.8160261508114
847942930550687401,0.0,0.0,0.0,0.0,0.0
848142930518599101,0.0,0.0,0.0,0.0,0.0
848142930546877402,0.0,0.0,0.0,0.0,0.0
848542929272107001,0.0,0.0,0.0,0.0,0.0
848642930474098702,0.0,0.0,0.0,0.0,0.0
848642930515458801,0.0,0.0,0.0,0.0,0.0
848742930474465301,1.3387097120285034,8.558804284606436,58.734910171901255,82.53533172607422,530.645868514634
848742930527002601,0.0,0.0,0.0,0.0,0.0
848842929417283102,0.0,0.0,0.0,0.0,0.0
848842930453571002,0.0,0.0,0.0,0.0,0.0
848842930523664101,0.0,0.0,0.0,0.0,0.0
849142930453075102,0.0,0.0,0.0,0.0,0.0
849342930509788702,0.9239130616188049,11.233452750136314,20.99563794983642,121.5887451171875,1033.477630332356
849342930543236502,0.0,0.0,0.0,0.0,0.0
849442930515789602,7.0,22.229078688063062,196.83333333333334,23.91234016418457,288.9780168962908
849442930516675901,0.0,0.0,0.0,0.0,0.0
849442930530919102,0.0,0.0,0.0,0.0,0.0
849542930508064101,3.4137930870056152,14.86121566473782,236.54422060294328,125.00667572021484,1292.9257304571343
849542930508937701,2.307692289352417,9.47768728648121,187.7755002440215,127.15084075927734,616.0496844733384
849642928281688101,0.0,0.0,0.0,0.0,0.0
849642930510091802,4.769230842590332,7.042530229243897,36.617891865426316,11.632904052734375,91.55289537086014
849742928232592202,0.0,0.0,0.0,0.0,0.0
849742930465173101,0.0,0.0,0.0,0.0,0.0
849942930541466401,0.0,0.0,0.0,0.0,0.0
851142930456979301,0.0,0.0,0.0,0.0,0.0
851142930516500302,0.0,0.0,0.0,0.0,0.0
851242930464994401,0.0,0.0,0.0,0.0,0.0
851342930532811802,0.0,0.0,0.0,0.0,0.0
851342930533843601,0.0,0.0,0.0,0.0,0.0
851442928197867501,0.0,0.0,0.0,0.0,0.0
851442930517556402,0.0,0.0,0.0,0.0,0.0
851442930541819701,0.0,0.0,0.0,0.0,0.0
851542930473554901,0.0,0.0,0.0,0.0,0.0
851542930479652201,0.0,0.0,0.0,0.0,0.0
851642929800393702,0.0,0.0,0.0,0.0,0.0
851842930548226801,3.4772727489471436,10.499695244378156,154.2501147315282,61.03693771362305,461.986606902516
851942928168167902,0.0,0.0,0.0,0.0,0.0
851942930524132701,2.0,5.8412234211866565,8.029029793735676,2.9386661052703857,11.682446593694296
852042930451607302,0.0,0.0,0.0,0.0,0.0
852042930472169702,0.0,0.0,0.0,0.0,0.0
852042930473437401,0.0,0.0,0.0,0.0,0.0
852042930475570301,4.074626922607422,12.708622774271346,177.38095238095238,131.40777587890625,851.4777405054502
852242930460969701,2.8333332538604736,4.948940277673334,68.74184087832757,11.458598136901855,89.08092540202239
852342929373045201,0.05025125667452812,11.886393229166666,152.41010101010102,158.68003845214844,2365.3922821497076
852542930473401302,5.38095235824585,10.330613694749436,90.51801801801801,15.397788047790527,216.9428806648598
852542930524117702,0.0,0.0,0.0,0.0,0.0
852642930524078902,0.0,0.0,0.0,0.0,0.0
852742930511203801,0.0,0.0,0.0,0.0,0.0
852842930459571501,3.6210527420043945,8.434006279205608,171.29429906542057,114.07220458984375,801.2306193642304
852842930525394302,0.0,0.0,0.0,0.0,0.0
852942930473536101,0.0,0.0,0.0,0.0,0.0
852942930478392801,0.0,0.0,0.0,0.0,0.0
852942930509739101,0.0,0.0,0.0,0.0,0.0
852942930530305401,5.510638236999512,22.425902787254365,309.63100436681225,76.6259765625,1054.0174163335275
853042930509911702,3.580246925354004,21.824292068561,354.7090719499479,121.28521728515625,1767.7677103943572
853342930477740601,0.0,0.0,0.0,0.0,0.0
853342930477883601,3.1234567165374756,9.450430634144947,119.66666666666667,114.49617767333984,765.4848765938806
853442930200179101,5.5714287757873535,10.608174709970736,28.010033444816052,11.135124206542969,74.25722511317021
853442930517536102,2.1578948497772217,9.056606012658229,73.85171790235081,70.75247192382812,688.3020303929693
853442930544397802,5.487179279327393,15.528065557065217,213.5,57.7053108215332,605.5945472979892
853442930546952402,0.0,0.0,0.0,0.0,0.0
853542930075840502,2.058823585510254,11.056089508629357,100.98056300268097,104.38536834716797,563.8605376191177
853642930526406301,0.0,0.0,0.0,0.0,0.0
853842928633866502,0.0,0.0,0.0,0.0,0.0
853842930523791502,0.0,0.0,0.0,0.0,0.0
854042930477061502,0.0,0.0,0.0,0.0,0.0
854042930520187702,159.0,3.1556065859751894,6.311164713990351,1.278767466545105,6.311213171950379
854242930547722102,0.0,0.0,0.0,0.0,0.0
854442930534463402,0.0,0.0,-14.868580808212396,0.0,0.0
854642928000561902,0.0,0.0,0.0,0.0,0.0
854742930470528401,3.25,3.3002750355939097,31.03998140399814,12.513813972473145,79.20660131357815
854742930534326101,0.0,0.0,0.0,0.0,0.0
854742930541679401,0.0,0.0,0.0,0.0,0.0
854742930547269101,0.0,0.0,0.0,0.0,0.0
855042930479722302,3.3203883171081543,7.3169903440139095,145.08850803113097,80.78489685058594,753.6499792807425
855142930531636301,0.0,0.0,0.0,0.0,0.0
855442930454874201,0.0,0.0,0.0,0.0,0.0
855742929922100201,5.744680881500244,6.499347546095445,95.80718245360328,79.2539291381836,305.4693385280739
855842930526750501,0.0,0.0,0.0,0.0,0.0
856242927949032701,0.0,0.0,0.0,0.0,0.0
856442930545553601,0.0,0.0,0.0,0.0,0.0
856542930530007901,0.0,0.0,0.0,0.0,0.0
856642930519891202,0.0,0.0,0.0,0.0,0.0
856742930458761302,2.0,11.924873560855263,38.473684210526315,1.5991535186767578,47.69949527138158
856742930465409602,0.0,0.0,0.0,0.0,0.0
857242930476276902,0.0,0.0,0.0,0.0,0.0
857242930508670402,0.0,0.0,0.0,0.0,0.0
857242930524371102,0.0,0.0,0.0,0.0,0.0
857442930518866601,3.5517241954803467,9.522838014119092,108.69674647022714,24.466638565063477,276.1623070859119
857542930465260501,0.0,0.0,0.0,0.0,0.0
857742930525646702,0.46341463923454285,7.502773386393371,55.36764064544265,102.13822174072266,922.8411383568539
857742930530769201,0.0,0.0,0.0,0.0,0.0
857842930460536701,0.0,0.0,0.0,0.0,0.0
858042929155550101,3.625,9.936158531063214,51.08657851838435,5.576291561126709,79.48926966355732
858042930462066802,1.75,3.666774123674172,66.00334946036472,96.81352996826172,352.0103145708681
858342930463483402,0.0,0.0,0.0,0.0,0.0
858342930472058502,5.457627296447754,10.320359017743728,608.9002858050175,69.62403869628906,608.901196714506
858542930464169701,0.0,0.0,0.0,0.0,0.0
858542930468014502,4.769230842590332,16.457253797310756,88.85577689243028,10.254928588867188,213.9442969819939
858642929649204902,0.0,0.0,0.0,0.0,0.0
858742929303831001,0.0,0.0,0.0,0.0,0.0
858742929493932302,0.0,0.0,0.0,0.0,0.0
858742930449379501,3.2592592239379883,7.561725482515491,67.51990598960188,29.21442222595215,204.1665943961615
858842930455930602,0.0,0.0,0.0,0.0,0.0
858842930477463802,0.0,0.0,0.0,0.0,0.0
858842930522413401,5.482142925262451,5.491768953623087,153.6996208397697,106.88032531738281,307.53907080544394
859042930546815401,0.0,0.0,0.0,0.0,0.0
859142930456578101,3.615384578704834,14.596168572595467,68.19634470083724,19.215728759765625,189.75018227039513
859142930459286302,4.212766170501709,9.111608636262266,124.54148082069581,63.78562545776367,428.24562471280876
859342930455322901,0.0,5.628303947263919,11.256611865618298,3.4537863731384277,22.51321554086252
859442930540607101,0.0,0.0,0.0,0.0,0.0
859642930457644301,5.714285850524902,9.857499175461742,63.79111697449429,13.517927169799805,138.00498935897411
861342930509458601,0.0,0.0,0.0,0.0,0.0
861342930510892602,3.7402596473693848,8.535131266877487,137.89880613985218,134.83554077148438,657.205091575115
861642930478205701,1.5629630088806152,8.364050247249532,102.23455056179775,113.00921630859375,1129.1468177109623
861942928636897801,3.7272727489471436,24.307252193210132,365.1794019933555,145.62234497070312,1604.278645238211
862242930534647301,0.0,0.0,0.0,0.0,0.0
862242930535062302,0.0,0.0,0.0,0.0,0.0
862342930473319301,2.256880760192871,8.254074318828792,181.27751118340788,81.87355041503906,899.694071570137
862542930542401601,0.0,0.0,0.0,0.0,0.0
862642930449976702,0.0,7.980525139435696,0.0,79.68946838378906,654.4030379717118
862742930526496102,0.0,0.0,0.0,0.0,0.0
863042930476428201,3.642857074737549,6.25062435300207,34.71863354037267,5.058036804199219,87.50874246146614
863242930524324202,0.0,0.0,0.0,0.0,0.0
863242930531653402,0.0,0.0,0.0,0.0,0.0
863742930468804801,5.4285712242126465,13.024719533137077,79.60929951690821,24.579702377319336,182.34607997882193
864042930479321901,0.0,0.0,0.0,0.0,0.0
864242930548351701,0.0,0.0,0.0,0.0,0.0
864342930509826301,3.65625,6.4346043232051775,120.68189546426808,46.939727783203125,411.8146655144893
864342930530677902,1.4852941036224365,5.782416214907426,52.20064399275508,60.380226135253906,393.2043044746078
864542930477405101,3.2018349170684814,5.9449627628504675,196.69383177570094,94.42890930175781,648.000936410494
864842930448018302,0.0,0.0,0.0,0.0,0.0
864942930448335102,0.0,0.0,0.0,0.0,0.0
865242930471612302,0.0,0.0,0.0,0.0,0.0
865342930446606702,0.0,0.0,0.0,0.0,0.0
865342930530172102,4.125,10.593258298729237,276.1220732439464,144.92144775390625,932.2067189295816
865542930459456602,0.0,0.0,0.0,0.0,0.0
865742930528998502,0.0,0.0,0.0,0.0,0.0
865942930463814801,3.2166666984558105,7.857484079790823,172.8037786774629,76.2093734741211,471.4490534567479
865942930470030902,5.043478488922119,11.63152923678505,314.3126161470163,75.25975036621094,802.5755395560429
866042927917644201,0.0,0.0,0.0,0.0,0.0
866042928912051802,0.0,0.0,0.0,0.0,0.0
866042930464056401,3.942857027053833,5.901257487601577,77.55162523900573,26.35004997253418,206.544004669153
866042930532465602,0.0,0.0,0.0,0.0,0.0
866242930525769601,0.0,0.0,0.0,0.0,0.0
866442929761753701,3.747126340866089,16.399932349860336,355.53790901835595,91.69718170166016,1426.7941445048484
866442930517624802,0.0,5.522970432467228,80.44625468164794,291.1750793457031,1248.1913091269269
866442930545178801,1.545454502105713,14.82233932783019,198.42967409948542,123.25814056396484,2119.594475071658
866542930528633702,0.0,0.0,0.0,0.0,0.0
866642930533055601,5.25,6.158704822803913,59.36552872606161,19.892122268676758,123.17409637984785
867142930454378502,0.0,0.0,0.0,0.0,0.0
867142930510401702,0.0,0.0,0.0,0.0,0.0
867142930546069701,0.0,0.0,0.0,0.0,0.0
867342928255449102,0.0,0.0,0.0,0.0,0.0
867342930518913702,0.0,0.0,0.0,0.0,0.0
867342930524194302,0.0,0.0,0.0,0.0,0.0
867342930538873202,0.0,0.0,0.0,0.0,0.0
867542930474478802,8.5,19.148270044571316,132.7596153846154,30.25975799560547,229.77924217321933
867642930516478102,3.349397659301758,5.941640830560285,122.465872156013,91.4094467163086,493.1562102836936
867642930541363401,0.0,0.0,0.0,0.0,0.0
867842930461437102,0.0,0.0,0.0,0.0,0.0
867942930533916401,3.9375,12.383225945017182,153.33127147766322,48.96326446533203,594.3948594634066
868042930470817501,0.0,0.0,0.0,0.0,0.0
868242930531074002,2.857142925262451,13.48586781487052,57.800941668846455,6.133071422576904,94.40107269247196
868342930477434601,4.285714149475098,6.752059956715924,80.88906043228937,13.304694175720215,94.52883974402604
868442930461389001,5.857142925262451,13.800610099871134,97.21305841924399,40.7249870300293,193.20854134739878
868542930547589402,0.0,0.0,0.0,0.0,0.0
868642930515771301,0.0,0.0,0.0,0.0,0.0
868842930528247102,0.0,0.0,0.0,0.0,0.0
868942930452894801,3.090909004211426,8.825643887362638,65.00156985871271,73.41087341308594,582.4924930710246
868942930460670501,2.923076868057251,8.943486682474909,130.41579353700232,78.92725372314453,581.3266409339855
869542930478570501,0.0,0.0,0.0,0.0,0.0
869542930509071702,0.0,0.0,0.0,0.0,0.0
869542930530863101,4.833333492279053,7.279769156743022,26.861650485436893,12.917840003967285,87.35723287619433
869542930542513401,3.945945978164673,5.861922482144376,78.73505654281098,97.34069061279297,433.7822810717053
869642930468064501,3.4000000953674316,6.61954052478415,111.96608078939254,35.041439056396484,297.8793178797136
869642930541881202,0.0,0.0,0.0,0.0,0.0
869642930544401701,3.4285714626312256,11.912619963515228,43.612521150592215,9.662656784057617,83.38834239101249
869742930542034002,4.836734771728516,14.829068730453479,261.15715402658327,106.40872955322266,726.6243648693094
869842930517944101,0.0,0.0,0.0,0.0,0.0
869942930464423201,0.0,0.0,0.0,0.0,0.0
869942930529109802,0.0,0.0,0.0,0.0,0.0
869942930543346502,0.0,0.0,0.0,0.0,0.0
871142930450013702,1.7881773710250854,8.778577449203897,1702.0532319391634,167.13011169433594,1782.0512929581416
871142930480719401,0.0,0.0,0.0,0.0,0.0
871242930523367401,0.0,0.0,0.0,0.0,0.0
871342930521539001,3.0,19.034696548854136,256.7798079900898,43.267581939697266,399.7286345055687
871342930525209801,3.180555582046509,8.632258854615088,223.18255499807023,50.78445053100586,621.522668264592
871342930534708502,3.2142856121063232,5.9268551813143855,106.57542310522443,42.285430908203125,248.92791190017576
871442930450821301,0.0,0.0,0.0,0.0,0.0
871542929309376301,0.0,0.0,0.0,0.0,0.0
871542930475100402,0.0,0.0,0.0,0.0,0.0
871842930471544702,0.0,0.0,0.0,0.0,0.0
871842930473777201,2.8481013774871826,7.600967684659091,69.30330578512397,103.07667541503906,600.4764201645023
871842930477164102,0.0,0.0,0.0,0.0,0.0
871842930546587302,0.0,0.0,0.0,0.0,0.0
871942930522152902,0.0,0.0,0.0,0.0,0.0
872042930531248002,0.0,0.0,0.0,0.0,0.0
872142928191352102,4.157894611358643,8.807080669931928,99.92893906691017,0.0,334.66906935508
872142930517248702,0.0,0.0,0.0,0.0,0.0
872142930525374001,0.0,0.0,0.0,0.0,0.0
872242930535099602,4.742856979370117,16.64245033432803,196.51016799292663,77.27108764648438,1164.971581470007
872542930526772802,0.0,0.0,0.0,0.0,0.0
872642930471804901,0.0,0.0,0.0,0.0,0.0
872842930463802702,0.0,0.0,0.0,0.0,0.0
872942930518030701,0.0,0.0,0.0,0.0,0.0
873042930475504502,0.0,0.0,0.0,0.0,0.0
873142929400229701,0.0,0.0,0.0,0.0,0.0
873142930528481601,1.6526315212249756,6.2156358490742125,56.45789159325071,90.25179290771484,590.4853780428314
873442930525416502,3.5,27.96301686183733,216.79883805374,54.72383499145508,727.0384547635967
873442930531294301,4.320000171661377,5.467481426164215,71.22712418300654,19.770952224731445,136.68703534161926
873542930530923201,0.0,0.0,0.0,0.0,0.0
873842930463851302,0.0,0.0,0.0,0.0,0.0
873942930478273401,5.3125,11.643060675249414,135.71713615023475,25.93428611755371,186.28896666020856
873942930524006502,0.0,0.0,0.0,0.0,0.0
873942930524909502,0.0,0.0,0.0,0.0,0.0
873942930528998602,0.0,0.0,0.0,0.0,0.0
874042930452220201,0.0,0.0,0.0,0.0,0.0
874042930472430802,0.0,0.0,0.0,0.0,0.0
874042930508878001,3.441176414489746,5.199813697926114,50.395610375476146,24.00113296508789,176.79366890321268
874142930549247501,13.0,20.214101418357934,20.214022140221402,2.2940664291381836,20.214101418357934
874242930457617401,0.0,0.0,0.0,0.0,0.0
874242930461871701,0.0,0.0,0.0,0.0,0.0
874242930524490802,0.0,0.0,0.0,0.0,0.0
874542930051179802,3.752941131591797,10.1809968575419,170.41527001862198,172.84278869628906,865.3847191216115
874642930467125901,0.0,0.0,0.0,0.0,0.0
874642930524115201,3.0,11.515428997349824,146.59151943462896,121.57450866699219,909.718914603513
874842928176254401,0.0,0.0,0.0,0.0,0.0
874842930456115302,2.457364320755005,16.859693105197696,376.00078554595444,283.0139465332031,2174.9003515000054
874842930531525802,0.0,0.0,0.0,0.0,0.0
875142928823088002,0.0,0.0,0.0,0.0,0.0
875142930518232402,3.513157844543457,18.760063036792015,251.44846796657382,132.88424682617188,1425.7648560108692
875242929166244901,0.0,0.0,0.0,0.0,0.0
875242930265176101,0.0,0.0,0.0,0.0,0.0
875442930534879301,0.0,0.0,0.0,0.0,0.0
875542930476089902,2.904761791229248,9.045266707700522,132.468438538206,69.82440948486328,569.8517870058876
875642930535245501,3.807692289352417,6.290408402141071,58.22504688476766,14.198884010314941,163.55062250008953
875942930532537202,0.0,0.0,0.0,0.0,0.0
876042930516405702,0.0,0.0,0.0,0.0,0.0
876142930516358702,0.0,0.0,0.0,0.0,0.0
876142930520974101,0.0,0.0,0.0,0.0,0.0
876142930526299101,0.0,0.0,0.0,0.0,0.0
876242930517852801,3.797297239303589,11.408440549193658,127.29787234042553,257.6664123535156,844.2246261495354
876242930524959801,0.0,0.0,0.0,0.0,0.0
876342929194683901,0.0,0.0,0.0,0.0,0.0
876342930533438402,0.0,0.0,0.0,0.0,0.0
876642928623805201,0.0,0.0,0.0,0.0,0.0
876642930527818202,0.0,0.0,0.0,0.0,0.0
876642930532431701,0.0,0.0,0.0,0.0,0.0
876942930455630201,4.818181991577148,23.636014400043553,451.66550522648083,0.0,1299.9808054335856
876942930476500202,4.531645774841309,14.01616478771097,225.50773558368496,139.26438903808594,1107.2770356702738
877042930520595202,0.0,0.0,0.0,0.0,0.0
877242930452789102,0.0,0.0,0.0,0.0,0.0
877342930533611101,0.0,0.0,0.0,0.0,0.0
877442930517084701,0.0,0.0,0.0,0.0,0.0
877442930517549801,0.0,0.0,0.0,0.0,0.0
877442930541810301,0.0,0.0,0.0,0.0,0.0
877642930474762901,1.8554216623306274,8.042055633608369,109.48960498960498,116.76326751708984,667.4906317728597
877642930509111001,0.0,0.0,0.0,0.0,0.0
877642930536051902,3.1578948497772217,7.388760537434683,67.13291966035271,35.85009002685547,280.7728904609506
877842930530796501,0.0,0.0,0.0,0.0,0.0
877942930509116701,0.0,0.0,0.0,0.0,0.0
878042930550394601,3.378378391265869,20.29151398082875,175.51650618982117,102.8008041381836,1501.5720286284056
878142930522432301,0.0,0.0,0.0,0.0,0.0
878242930289535201,4.483333110809326,12.227620587255773,317.5932504440497,77.59200286865234,733.6572325432915
878342930534037002,0.0,0.0,0.0,0.0,0.0
878442930457568501,0.0,0.0,0.0,0.0,0.0
878442930464591201,0.0,0.0,0.0,0.0,0.0
878542930093539401,0.0,0.0,0.0,0.0,0.0
878642930453062702,0.0,0.0,0.0,0.0,0.0
878642930472689301,0.0,0.0,0.0,0.0,0.0
878642930541630601,6.111111164093018,11.359850143637892,109.37668161434978,25.3774356842041,204.477311335337
878742929309357202,0.0,0.0,0.0,0.0,0.0
878742930447545202,0.0,0.0,0.0,0.0,0.0
878742930461545401,2.5999999046325684,28.658482926615168,148.82865168539325,84.2489013671875,859.7544723842921
878842930547963502,4.861111164093018,13.622746128318584,152.56371681415928,101.1490249633789,490.41885369815657
878942930477741302,3.911764621734619,19.034719669117646,277.31960784313725,124.35009002685547,1294.3609088635912
879142929012644202,0.0,0.0,0.0,0.0,0.0
879142929861272302,3.2941176891326904,2.450009417378202,25.58507031642391,8.328811645507812,41.650158045340994
879142930545722802,4.789473533630371,10.035154422372115,64.613849033063,28.926292419433594,190.66793634292117
879242930473936201,0.0,0.0,0.0,0.0,0.0
879242930525474302,0.0,0.0,0.0,0.0,0.0
879342930550665702,0.0,0.0,0.0,0.0,0.0
879542930447227302,3.0,50.24798613901165,105.07223784652471,24.842769622802734,150.7439634391322
879542930471811501,4.02439022064209,8.07108158242727,81.17117249485747,34.557350158691406,330.91435417020597
879542930542044901,0.0,0.0,0.0,0.0,0.0
879742930524472601,0.0,0.0,0.0,0.0,0.0
879742930530521802,0.0,0.0,0.0,0.0,0.0
879842930460504202,3.4077670574188232,8.675143250648127,330.2823473957106,92.9386215209961,893.5397263058733
879942930446940201,0.0,0.0,0.0,0.0,0.0
879942930459835002,2.3684210777282715,37.347488668283965,255.19407558733403,61.460330963134766,709.6022788370228
881242930450290802,4.880000114440918,29.54688225170173,249.8910891089109,31.411001205444336,738.6720733642578
881342930524302201,0.0,0.0,0.0,0.0,0.0
881342930534866401,0.0,0.0,0.0,0.0,0.0
881442930538844801,0.0,0.0,0.0,0.0,0.0
881542930448893901,3.0864198207855225,5.306669685073526,111.0817247212944,34.06535339355469,429.8402393810848
881542930537459101,0.0,0.0,0.0,0.0,0.0
881642930453490402,0.0,0.0,0.0,0.0,0.0
881842930548693302,53.0,0.6653247423600533,3.9919268849961917,0.7263144254684448,3.991948244976616
881942930458473002,0.0,0.0,0.0,0.0,0.0
882042930451587001,4.014705657958984,5.870192375436816,103.40266035396235,64.69261169433594,399.17307887390706
882042930460138902,0.0,0.0,0.0,0.0,0.0
882042930518036902,6.599999904632568,36.58783735795455,137.15818181818182,21.57008934020996,182.93918212890625
882242927979733302,0.0,0.0,0.0,0.0,0.0
882342930532789302,0.0,0.0,0.0,0.0,0.0
882442930534443801,0.0,0.0,0.0,0.0,0.0
882742928832350602,0.0,0.0,0.0,0.0,0.0
882742930474333401,3.539682626724243,6.884262410740046,134.9712925562608,46.82551956176758,433.70852344158544
882742930476653301,3.460317373275757,5.814054067494638,138.27163910606794,68.70272827148438,366.2853942461462
882742930480113002,0.0,0.0,0.0,0.0,0.0
882842930517036602,0.0,0.0,0.0,0.0,0.0
882842930530281801,0.0,0.0,0.0,0.0,0.0
882942930528952802,0.0,0.0,0.0,0.0,0.0
883042927979653202,0.0,0.0,0.0,0.0,0.0
883042930464210701,0.0,0.0,0.0,0.0,0.0
883042930533976102,0.0,64.6687114710504,98.17466457149764,36.90899658203125,258.67483832950563
883142928108880501,0.0,0.0,0.0,0.0,0.0
883142930540240101,0.0,0.0,0.0,0.0,0.0
883342928845045702,2.375,9.198115069869832,57.14509954058193,12.4601411819458,73.58491905177351
883342930516084201,0.0,0.0,0.0,0.0,0.0
883342930522943101,2.8181817531585693,4.322722523702595,38.091417165668666,9.249292373657227,47.549948150573854
883542930509244801,0.0,0.0,0.0,0.0,0.0
883842928634028901,4.666666507720947,54.627858013188074,120.28440366972477,6.559807777404785,163.8835773992976
883842930530746501,3.475409746170044,4.41523586404066,87.63354510800508,52.491981506347656,269.3293747820727
883942930520327901,0.0,0.0,0.0,0.0,0.0
884242930530802101,0.0,0.0,0.0,0.0,0.0
884442928697249802,0.0,0.0,0.0,0.0,0.0
884542930508371602,0.0,0.0,0.0,0.0,0.0
884642930472927902,0.0,0.0,0.0,0.0,0.0
884642930550779101,5.0,1.3258330501060769,1.3257900897385877,0.1840668022632599,1.3258330501060769
884742930528071801,3.951612949371338,20.917687153419593,429.9778188539741,145.98275756835938,1296.8966021370316
884842930528175701,0.0,0.0,0.0,0.0,0.0
884942928726710702,0.0,0.0,0.0,0.0,0.0
885042930464006301,3.240963935852051,9.648146462912088,107.43824175824176,113.02919006347656,800.7961324326022
885142930477436202,0.0,0.0,0.0,0.0,0.0
885242930520068101,3.0307693481445312,9.540035271075984,80.68478461822887,76.45155334472656,620.1023028693373
885442929543839302,0.0,0.0,0.0,0.0,0.0
885642930511258901,50.0,10.77489158302422,21.549785438941015,2.2176034450531006,21.54978316604844
885742929613518902,0.0,0.0,0.0,0.0,0.0
885942928726169702,0.0,0.0,0.0,0.0,0.0
885942930450228701,0.0,0.0,0.0,0.0,0.0
885942930460737202,0.0,0.0,0.0,0.0,0.0
886142930477536701,5.0,10.943591479356241,18.973516229797635,3.8222906589508057,32.83077443806872
886242930534854202,0.0,0.0,0.0,0.0,0.0
886242930541392601,0.0,0.0,0.0,0.0,0.0
886342930547993002,4.65217399597168,17.50062741795624,187.4845250800427,37.39741516113281,402.514412585801
886442930461291402,5.139534950256348,27.480046778549383,329.5379188712522,95.64260864257812,1181.6419912233976
886442930479641201,0.0,0.0,0.0,0.0,0.0
886442930526393201,0.0,0.0,0.0,0.0,0.0
886542930453863001,4.465517044067383,12.366066869456116,147.27964519140988,100.00452423095703,717.2318769253714
886742930453000701,2.279069662094116,6.641209683487159,280.9689673622258,54.401710510253906,285.57202233752827
886742930479942201,4.222222328186035,47.926809210526315,274.66736842105263,46.55058670043945,431.3412664473684
886742930509750502,0.0,0.0,0.0,0.0,0.0
886742930516418501,0.0,0.0,0.0,0.0,0.0
886942930525439601,0.0,0.0,0.0,0.0,0.0
887042930519802501,0.0,0.0,0.0,0.0,0.0
887142927963846701,3.307692289352417,10.438359161543715,254.52459016393442,119.31934356689453,1085.589364918985
887342930475309002,0.0,0.0,0.0,0.0,0.0
887542930532755102,0.0,0.0,0.0,0.0,0.0
887642930460145701,0.0,0.0,0.0,0.0,0.0
887842930519240601,0.0,0.0,0.0,0.0,0.0
887842930521675302,0.0,0.0,0.0,0.0,0.0
887842930524419802,0.0,0.0,0.0,0.0,0.0
887942930461968101,0.0,0.0,0.0,0.0,0.0
888042930480079302,2.5,19.600763164014054,55.48945845390657,15.395650863647461,117.6045814063146
888142930464421702,2.5308642387390137,10.917531696132139,108.34926958831342,84.5351791381836,884.3200641647278
888442930544244301,2.8181817531585693,3.772786220813572,16.140824516599782,7.663938045501709,41.500649199404016
888542928602970201,3.076923131942749,16.823155587182075,364.5360389312276,49.05197525024414,437.40203567515306
888542929372994801,0.0,0.0,0.0,0.0,0.0
888742930460589802,0.0,0.0,0.0,0.0,0.0
888742930515417702,0.0,0.0,0.0,0.0,0.0
888842930523174002,4.300000190734863,6.433188599888915,128.92516370439662,27.969385147094727,192.99565928131761
888842930525252101,0.0,0.0,0.0,0.0,0.0
888842930534199202,0.0,0.0,0.0,0.0,0.0
888942930456231601,0.0,0.0,0.0,0.0,0.0
889142930540539802,3.190476179122925,3.663779195901034,44.59261447562777,12.803609848022461,76.93936549514929
889342930468765601,3.976470470428467,14.384140068950177,238.7473309608541,184.09725952148438,1222.6518908308192
889342930477304901,6.818181991577148,13.685315677845065,145.17458866544789,55.66670227050781,451.61541282193537
889742930527794902,0.0,0.0,0.0,0.0,0.0
889742930538694302,0.0,0.0,0.0,0.0,0.0
891142929197828702,0.0,0.0,0.0,0.0,0.0
891142930524308901,0.0,0.0,0.0,0.0,0.0
891142930524983002,0.0,0.0,0.0,0.0,0.0
891142930526397302,3.5789473056793213,15.706597940811259,148.1067880794702,23.475305557250977,298.4253716626704
891142930533040802,0.0,0.0,0.0,0.0,0.0
891242930480126701,0.0,0.0,0.0,0.0,0.0
891342930518678402,0.0,0.0,0.0,0.0,0.0
891442930474265002,0.0,0.0,0.0,0.0,0.0
891442930519394501,0.0,0.0,0.0,0.0,0.0
891642928099619102,7.440000057220459,22.034034090909092,179.64,63.00771713256836,550.850868508599
891642930545936502,0.0,0.0,0.0,0.0,0.0
891742930542655002,4.833333492279053,171.9064287757437,876.9862700228833,55.05897903442383,2062.87718305435
891842930529493501,0.0,0.0,0.0,0.0,0.0
891842930536029501,0.0,0.0,0.0,0.0,0.0
891942928074491401,4.0,5.605420336652277,105.40741772269415,53.710227966308594,353.14147959984825
891942930534585101,0.0,0.0,0.0,0.0,0.0
892342930479133402,2.9594595432281494,9.062985417430351,257.65450879765393,112.61662292480469,670.6609269534388
892442930459069701,0.0,0.0,0.0,0.0,0.0
892442930528126802,0.0,0.0,0.0,0.0,0.0
892442930545085002,3.3333332538604736,47.649524006622514,109.3112582781457,35.11319351196289,285.89714080608445
892742930547903302,0.0,0.0,0.0,0.0,0.0
893142927975166402,0.0,0.0,0.0,0.0,0.0
893142930455255102,0.0,0.0,0.0,0.0,0.0
893342930528780001,0.0,0.0,0.0,0.0,0.0
893442930545531201,5.375,7.9625350486317945,57.75949367088607,10.384689331054688,127.40056464109328
893642928077920702,0.2211538404226303,8.134609972704814,67.25733184571246,139.43882751464844,845.99943278966
893642929424116302,0.0,0.0,0.0,0.0,0.0
893742930463306101,0.0,0.0,0.0,0.0,0.0
893842930527186101,0.0,0.0,0.0,0.0,0.0
894042930477690402,0.0,0.0,0.0,0.0,0.0
894342930184380301,0.0,0.0,0.0,0.0,0.0
894442930463609702,0.0,0.0,0.0,0.0,0.0
894742930518898001,0.0,0.0,0.0,0.0,0.0
894742930521856602,1.0,0.3959765481809018,0.39589442815249265,0.05033693090081215,0.3959765481809018
894942928210492902,0.0,0.0,0.0,0.0,0.0
895042930546773801,0.0,0.0,0.0,0.0,0.0
895342927982896301,0.0,0.0,0.0,0.0,0.0
895542930447808001,0.0,0.0,0.0,0.0,0.0
895742930457228602,0.0,0.0,0.0,0.0,0.0
895742930530491102,4.208333492279053,5.617363974154657,62.2335088691796,19.263525009155273,134.81673767085616
896042930535044301,0.0,0.0,0.0,0.0,0.0
896142930453359302,2.40816330909729,7.268534552190721,84.22551546391753,105.0860595703125,712.3164003423809
896242930449464402,0.0,0.0,0.0,0.0,0.0
896242930528754401,4.175000190734863,6.7171445425341165,167.4149815718697,80.66400146484375,537.3715929791728
896242930539614902,0.0,0.0,0.0,0.0,0.0
896342930538899601,0.0,0.0,0.0,0.0,0.0
896342930546451101,0.0,0.0,0.0,0.0,0.0
896442930459265001,0.0,0.0,0.0,0.0,0.0
896542928119391301,2.813084125518799,17.3561669193097,348.3537313432836,141.41038513183594,1857.109858294432
896642930521106401,4.375,15.31517658390411,217.4227397260274,115.94550323486328,980.1713341156424
896742927944985902,0.0,0.0,0.0,0.0,0.0
896842930460665702,0.0,0.0,0.0,0.0,0.0
896842930522097502,0.0,0.0,0.0,0.0,0.0
896842930529787402,4.25,7.176568511237851,20.7829373650108,3.727578639984131,28.706274835903752
897042930455342701,0.0,0.0,0.0,0.0,0.0
897042930460206502,0.0,0.0,0.0,0.0,0.0
897242930545432902,2.9487178325653076,5.741855579214921,162.27713439267438,60.060428619384766,447.86474285901414
897242930547626402,0.0,0.0,0.0,0.0,0.0
897642930523595201,0.0,0.0,0.0,0.0,0.0
897842930459772701,0.0,0.0,0.0,0.0,0.0
897942929946658301,4.0,3.743952658324115,3.743362831858407,0.6952438354492188,3.743952658324115
897942930478722601,0.0,0.0,0.0,0.0,0.0
898142930472063702,0.0,0.0,0.0,0.0,0.0
898242929118597101,3.5,3.1738224506101105,44.30520046484602,15.997224807739258,82.51938223963488
898542930460696001,0.0,0.0,0.0,0.0,0.0
898642928878430201,5.857142925262451,2.923942750861189,10.23373309517734,3.572593927383423,20.467599000514664
898642929269102702,4.057142734527588,11.208314683206664,148.53639286758258,32.93642807006836,392.2910130558499
898642930457963402,1.9583333730697632,16.853366464510334,48.84097035040431,37.712120056152344,404.48079789016873
898642930464550601,0.0,0.0,0.0,0.0,0.0
898642930515610702,0.0,0.0,0.0,0.0,0.0
898642930525899401,3.5999999046325684,5.152024023226807,360.6415857605178,62.613216400146484,360.6416856602172
898642930526253401,3.838709592819214,6.144298691320081,164.6001090566599,101.5778579711914,571.4197883205067
898742930527914001,4.44444465637207,5.003032595098866,53.63853387991319,13.404616355895996,90.05458858463314
898942930534781701,0.0,0.0,0.0,0.0,0.0
899142930458916502,0.0,0.0,0.0,0.0,0.0
899142930520949702,0.0,0.0,0.0,0.0,0.0
899442930477602002,0.0,0.0,0.0,0.0,0.0
899542930479072802,0.0,0.0,0.0,0.0,0.0
899542930518010302,4.44444465637207,10.567574765816953,75.75020475020474,24.88895606994629,190.2163488839514
899542930529210902,0.0,0.0,0.0,0.0,0.0
899642929259359502,0.0,0.0,0.0,0.0,0.0
899642930538859901,0.0,0.0,0.0,0.0,0.0
899742929012951802,3.1919190883636475,9.297076959100844,134.70071807680299,93.13839721679688,920.4105824518457
899742930519645701,0.0,0.0,0.0,0.0,0.0
901242928823042002,0.0,0.0,0.0,0.0,0.0
901242930509448502,0.0,0.0,0.0,0.0,0.0
901342930543043201,0.0,0.0,0.0,0.0,0.0
901442928087989501,0.0,0.0,0.0,0.0,0.0
901542930540856402,0.0,0.0,0.0,0.0,0.0
901742930453905802,0.0,0.0,0.0,0.0,0.0
901842930462787701,0.0,0.0,0.0,0.0,0.0
901942928175981702,4.150943279266357,14.578196510297483,216.1862700228833,90.32038116455078,772.6443920772736
902042930476478901,0.0,0.0,0.0,0.0,0.0
902442930542582601,0.0,0.0,0.0,0.0,0.0
902542930463173102,0.0,0.0,0.0,0.0,0.0
902642930517698402,0.0,0.0,0.0,0.0,0.0
902742928109525001,7.25,6.272061975990853,17.29711751662971,2.6929750442504883,25.088248174629296
902742930453899501,3.5135135650634766,2.6831534772182253,26.988753824526587,25.70623779296875,99.2766766032007
902742930519255402,4.222222328186035,7.456621882891414,152.60016835016836,57.83714294433594,402.65757445775296
902842930524465902,0.0,0.0,0.0,0.0,0.0
903142930518312801,0.0,0.0,0.0,0.0,0.0
903142930518862702,0.0,0.0,0.0,0.0,0.0
903342930466703601,27.636363983154297,9.822835286458334,108.0548245614035,5.229154586791992,108.05118386787281
903442930527707601,0.0,0.0,0.0,0.0,0.0
903542930447094901,0.0,0.0,0.0,0.0,0.0
903742929488676902,0.0,0.0,0.0,0.0,0.0
903842930509351502,5.0,7.105147497555786,16.95813204508857,3.658977746963501,21.315442829645445
903942930475834401,0.0,0.0,0.0,0.0,0.0
904042929922159801,0.0,0.0,0.0,0.0,0.0
904042930465200202,0.0,0.0,0.0,0.0,0.0
904042930548901001,0.0,0.0,0.0,0.0,0.0
904142929735970401,0.0,0.0,0.0,0.0,0.0
904142930515785701,0.0,0.0,0.0,0.0,0.0
904342930466563902,0.0,0.0,0.0,0.0,0.0
904642930462924201,0.0,0.0,0.0,0.0,0.0
904642930524324701,0.0,0.0,0.0,0.0,0.0
904642930526554502,0.0,0.0,0.0,0.0,0.0
904742930459111701,0.0,0.0,0.0,0.0,0.0
904742930527109901,1.0,9.825207959932932,9.825161887141535,0.810082197189331,9.825207959932932
905042930460852201,2.53125,9.825715115968363,169.69025224454896,215.31936645507812,1257.6914987095201
905142930446820001,0.0,0.0,0.0,0.0,0.0
905242930463572302,0.0,0.0,0.0,0.0,0.0
905342930475284702,5.592592716217041,9.342151988636363,69.21495327102804,39.768428802490234,252.23810268359966
905342930518946001,4.25,4.8259990512773046,29.87547821794397,5.277884006500244,38.607990963994816
905542930510527201,17.799999237060547,24.37540224542334,243.75400457665904,13.266615867614746,243.754026801417
906042928191142702,3.1132075786590576,7.586726748589636,153.73129962390306,94.71804809570312,804.193041695843
906142930464080001,0.0,0.0,0.0,0.0,0.0
906142930467844802,1.43478262424469,12.664876814714567,1086.0842519685038,107.97647857666016,2912.921677952113
906142930530048102,0.0,0.0,0.0,0.0,0.0
906142930545816502,0.0,0.0,0.0,0.0,0.0
906242930524307702,0.7596899271011353,6.340856842269327,174.09943890274315,160.08029174804688,817.9705499107775
906342930525706801,3.4146342277526855,12.75168719951923,208.41076923076923,41.95685958862305,522.8192007057484
906442930220683002,4.333333492279053,8.517637346860644,60.72057172026544,12.34317398071289,127.76456444016398
906442930517855702,0.0,0.0,0.0,0.0,0.0
906542930532165101,0.0,0.0,0.0,0.0,0.0
906642930533847202,0.0,0.0,0.0,0.0,0.0
906642930543050002,3.8333332538604736,17.345900088692634,249.16425120772948,65.08181762695312,312.2262071987281
906742930466029301,0.0,0.0,0.0,0.0,0.0
906742930543871702,5.099999904632568,11.962688654119319,64.03352272727273,12.069313049316406,119.62689104947177
906842930453354501,0.0,0.0,0.0,0.0,0.0
906942930459183502,0.0,0.0,0.0,0.0,0.0
907042930546299502,0.0,0.0,0.0,0.0,0.0
907142930530076001,3.1666667461395264,10.738663866742597,43.15717539863326,11.566309928894043,64.4319823662621
907442930509708802,8.0,74.61309438384998,74.61308840413318,10.553519248962402,74.61309438384998
907542930479797202,3.6607143878936768,6.453974802050882,80.00865351332641,72.80767059326172,361.42257437123357
907542930542775001,0.0,0.0,0.0,0.0,0.0
907842929230221302,0.0,0.0,0.0,0.0,0.0
907942930456347202,0.0,0.0,0.0,0.0,0.0
908142930480102102,0.0,0.0,0.0,0.0,0.0
908142930527591102,0.0,0.0,0.0,0.0,0.0
908342930476180501,0.0,0.0,0.0,0.0,0.0
908342930535016301,4.328571319580078,22.19891598062276,509.9605734767025,124.72803497314453,1553.9241750163417
908442930453832802,4.5,8.36232123940678,21.028545941123998,2.3631014823913574,33.449285828780106
908642930541948102,0.0,0.0,0.0,0.0,0.0
908742930473883801,0.0,0.0,0.0,0.0,0.0
908942930479161202,2.9909090995788574,6.771963589231355,121.40563165905631,180.9247589111328,744.9160067477727
909342930456023901,5.0,5.064398548765098,41.49327564449252,7.44235897064209,65.83717903012045
909342930459358202,4.455882549285889,10.842529296875,165.60363636363635,78.21308135986328,737.2919787667014
909742930342632902,0.0,0.0,0.0,0.0,0.0
909942930476421402,3.5217392444610596,18.472952008928573,69.63428571428571,116.02427673339844,849.7558241453625
911142930462634802,0.0,0.0,0.0,0.0,0.0
911242929047773602,3.2580645084381104,8.361339445369342,166.8732889382168,45.27381134033203,518.4030313250727
911242930462622402,0.0,0.0,0.0,0.0,0.0
911342930462867102,0.0,0.0,0.0,0.0,0.0
911342930475753101,0.0,0.0,0.0,0.0,0.0
911342930517880701,0.0,0.0,0.0,0.0,0.0
911442930448484202,0.0,0.0,0.0,0.0,0.0
911442930460199502,0.0,0.0,0.0,0.0,0.0
911442930475919801,0.0,0.0,0.0,0.0,0.0
911542930517724801,0.0,0.0,0.0,0.0,0.0
911642930475045702,0.0,0.0,0.0,0.0,0.0
911742928832515201,0.0,0.0,0.0,0.0,0.0
911742930457471501,0.0,0.0,0.0,0.0,0.0
911842930461864202,3.200000047683716,8.425499335274752,227.09676500379842,81.67176055908203,884.6774698872299
911942930472953102,0.0,0.0,0.0,0.0,0.0
911942930516869201,0.0,0.0,0.0,0.0,0.0
912142928726384801,0.0,0.0,0.0,0.0,0.0
912242930548239401,1.188118815422058,6.68361728372162,97.24585250037097,93.0612564086914,675.0453594315882
912342930525341802,0.0,0.0,0.0,0.0,0.0
912442929400197302,4.91304349899292,12.417068497558079,323.6998416050686,96.23182678222656,856.7777240273819
912542929861386501,0.0,3.4350561104378574,0.0,1.908091425895691,20.61033628916028
912542930515904602,0.0,0.0,0.0,0.0,0.0
912742930455090201,1.136986255645752,16.377603560200278,107.53563111318118,138.54339599609375,1195.5650699617256
912742930532192501,3.4464285373687744,10.446916693421803,103.11729452054794,63.69712448120117,585.0273433667884
913042930509519302,2.3082191944122314,16.73644191576087,799.4278260869565,242.71051025390625,2443.5204360547273
913142929197853301,0.0,0.0,0.0,0.0,0.0
913142930480500101,0.0,0.0,0.0,0.0,0.0
913442930530963902,0.0,0.0,0.0,0.0,0.0
913642930448600901,0.0,0.0,0.0,0.0,0.0
913842930478057302,0.0,0.0,0.0,0.0,0.0
914142930517074001,0.0,0.0,0.0,0.0,0.0
914242930473594801,0.0,0.0,0.0,0.0,0.0
914542930547475602,0.0,0.0,0.0,0.0,0.0
914642930227350201,0.0,0.0,0.0,0.0,0.0
914642930476804802,0.39534884691238403,30.02684061940966,700.2701252236136,145.5520477294922,2582.308383306152
914742930547647501,0.0,0.0,0.0,0.0,0.0
914842930520222101,0.0,0.0,0.0,0.0,0.0
915042930475554401,103.0,1.60540813754712,3.2108354519154907,0.5862776041030884,3.21081627509424
915142930544348802,0.0,0.0,0.0,0.0,0.0
915242928305203602,0.0,4.673639240506329,0.0,11.736587524414062,74.77822886020323
915242930480492201,0.0,0.0,0.0,0.0,0.0
915242930508811001,0.0,0.0,0.0,0.0,0.0
915242930509816702,4.888888835906982,4.707458531232009,27.899424294761083,6.2600321769714355,42.367127905512376
915442929269199002,0.0,0.0,0.0,0.0,0.0
915542930465206901,6.833333492279053,3.78414089880257,24.925233644859812,4.323131561279297,45.40968871905796
915542930529604401,0.0,0.0,0.0,0.0,0.0
915642927968928601,0.0,0.0,0.0,0.0,0.0
915942930477582201,0.0,0.0,0.0,0.0,0.0
916042928932341102,0.0,0.0,0.0,0.0,0.0
916142930544186502,0.0,0.0,0.0,0.0,0.0
916442930465386302,0.0,0.0,0.0,0.0,0.0
916442930477521901,0.1666666716337204,9.448520079149848,7.39757820383451,34.95256805419922,226.76448938079125
916442930519516402,3.9473683834075928,10.574680210167253,115.3169014084507,20.75946617126465,200.91892969104606
916442930531058302,0.0,0.0,0.0,0.0,0.0
916542930458707102,10.0,14.736267889841942,14.736314572089437,1.9794871807098389,14.736267889841942
916942930453882902,0.0,0.0,0.0,0.0,0.0
916942930466486402,0.0,0.0,0.0,0.0,0.0
917142930472598802,0.0,0.0,0.0,0.0,0.0
917142930530393302,2.7142856121063232,12.857012107365163,46.46018781707624,0.0,89.99908475155615
917342928932595901,0.0,0.0,0.0,0.0,0.0
917342930463979101,4.0886077880859375,15.913948795596905,284.4605747973471,88.90856170654297,1257.201970318265
917642930465328001,2.943925142288208,5.679860222138554,111.96313253012048,95.92893981933594,607.7450671988797
917842930548096601,1.56521737575531,60.91175183572405,1049.6857923497269,168.5269775390625,1400.9702978082041
918142929012861401,4.210526466369629,49.17235903532609,675.895652173913,71.07779693603516,1868.5496629134468
918142930253656501,0.0,0.0,0.0,0.0,0.0
918242930474581902,0.0,0.0,0.0,0.0,0.0
918342927979693102,0.0,0.0,0.0,0.0,0.0
918342930454501102,3.857142925262451,6.943797986331806,203.0494136175718,118.51107025146484,631.8856089963424
918342930520974002,0.0,0.0,0.0,0.0,0.0
918442930455977001,0.0,0.0,0.0,0.0,0.0
918542929467168701,0.0,0.0,0.0,0.0,0.0
918542930475106301,0.0,0.0,0.0,0.0,0.0
918542930542991502,0.0,12.398346623323702,0.0,13.657979011535645,247.9669357224059
918642929197993601,0.0,0.0,0.0,0.0,0.0
918642930549125002,0.0,0.0,0.0,0.0,0.0
918642930550643602,5.2727274894714355,5.405722063140007,34.0850988700565,7.038741588592529,59.462940884175275
918742930460371302,0.0,0.0,0.0,0.0,0.0
918742930508026202,4.333333492279053,21.213580364947553,117.65384615384616,25.221782684326172,254.56297259564167
918742930531152201,0.0,0.0,0.0,0.0,0.0
918942930478364602,0.0746268630027771,12.763667698681397,0.2879543834640057,181.181396484375,855.1657689339929
919042930469010301,0.0,0.0,0.0,0.0,0.0
919242930520752401,0.0,0.0,0.0,0.0,0.0
919242930531509301,0.0,0.0,0.0,0.0,0.0
919442930472211202,0.0,0.0,0.0,0.0,0.0
919442930509887001,0.0,0.0,0.0,0.0,0.0
919642928043962401,0.0,0.0,0.0,0.0,0.0
921142929091778602,0.0,0.0,0.0,0.0,0.0
921142929389126502,3.5333333015441895,4.693247783409977,25.390189520624304,11.25393295288086,70.39871760169532
921242930458500401,0.0,0.0,0.0,0.0,0.0
921242930530092101,0.0,0.0,0.0,0.0,0.0
921642928078039601,6.589743614196777,17.47369323113952,288.67171717171715,63.037696838378906,681.4740558971058
921642930446965202,0.0,0.0,0.0,0.0,0.0
921642930450707002,0.28947368264198303,7.044503743797259,39.063090737240074,50.231605529785156,267.6911471498486
921642930518061601,0.0,0.0,0.0,0.0,0.0
921642930540510502,0.0,0.0,0.0,0.0,0.0
921742930454453502,0.0,0.0,0.0,0.0,0.0
921742930463066401,0.0,7.0168705966381895,0.0,83.14833068847656,645.552081495044
921742930540525702,0.0,0.0,0.0,0.0,0.0
921842930461837502,1.25,49.06641871865025,87.80255357957137,23.303009033203125,196.2656784370725
921842930472659001,0.0,0.0,0.0,0.0,0.0
921942930550317201,0.0,0.0,0.0,0.0,0.0
922142929348263902,0.0,0.0,0.0,0.0,0.0
922142930517340901,0.0,0.0,0.0,0.0,0.0
922142930526841101,0.0,0.0,0.0,0.0,0.0
922342930469190301,4.0,5.5294150552137955,5.529245663574022,1.5670065879821777,5.5294150552137955
922442930460481302,0.0,0.0,0.0,0.0,0.0
922642930534558601,0.0,0.0,0.0,0.0,0.0
922842930454476201,0.0,0.0,0.0,0.0,0.0
923342930520845202,3.7750000953674316,4.255381252167129,50.874479889042995,28.914457321166992,170.21525074230868
923542930532841602,3.2608695030212402,4.739555295155003,108.10079821793205,71.80638885498047,436.03908786239043
923642929013263801,3.403225898742676,26.198783912468905,246.5752487562189,196.17662048339844,1624.3245648056713
923642929649319001,0.0,0.0,0.0,0.0,0.0
923642930464565102,0.0,0.0,0.0,0.0,0.0
923742930532311502,0.0,0.0,0.0,0.0,0.0
923742930549712601,0.0,0.0,0.0,0.0,0.0
924042930457907601,0.0,0.0,0.0,0.0,0.0
924042930534125702,2.857142925262451,7.95490972835689,21.73286219081272,4.087026119232178,55.68436810389003
924042930545163801,1.5510203838348389,8.925635718923518,200.30628694250402,111.55658721923828,874.7122689991384
924142930176829802,0.0,0.0,0.0,0.0,0.0
924442930537866702,0.0,0.0,0.0,0.0,0.0
924742930448499801,3.345794439315796,7.657089726439403,233.84180709803113,81.01861572265625,819.3085987300014
924842930521817802,4.857142925262451,13.722244914396171,84.00920471281296,14.054790496826172,96.05571168160755
925142930462707702,4.135802268981934,9.9930790995152,200.76415094339623,154.67201232910156,809.4394058131572
925142930521019702,0.0,0.0,0.0,0.0,0.0
925142930525855502,0.0,0.0,0.0,0.0,0.0
925242930472946001,3.444444417953491,7.944244290348917,51.42901340666896,9.08420467376709,71.49820037558547
925342930480199601,0.0,0.0,0.0,0.0,0.0
925442930508489802,0.0,60.79096536262023,60.79100597868469,6.217375755310059,60.79096536262023
925542930447262202,0.0,0.0,0.0,0.0,0.0
925542930462223801,0.0,0.0,0.0,0.0,0.0
925542930542927902,2.1666667461395264,16.56828627900449,138.9880239520958,202.23440551757812,894.6874381814174
925642930507931001,0.0,0.0,0.0,0.0,0.0
925642930529789801,3.680000066757202,5.3960488756481855,74.44834463502194,17.198091506958008,134.90121973659302
925742930478150301,3.109090805053711,5.600486783888932,89.6275459607903,0.0,308.02677175434695
926142928130770801,0.0,0.0,0.0,0.0,0.0
926142929531151402,0.0,0.0,0.0,0.0,0.0
926142930519148602,2.8043477535247803,3.537009920354161,91.02803776102205,52.122737884521484,325.4049205905338
926142930521247202,1.8611111640930176,9.991766543741036,159.00819504199958,133.71876525878906,1079.1107680604634
926242930469504601,0.0,0.0,0.0,0.0,0.0
926242930478959302,0.0,0.0,0.0,0.0,0.0
926342930528966201,3.7586207389831543,16.69203385645303,117.96488147497806,34.01030349731445,484.0690046650365
926542930526227901,0.0,0.0,0.0,0.0,0.0
926642929118794501,0.0,0.0,0.0,0.0,0.0
926642930455989802,0.0,0.0,0.0,0.0,0.0
926842928979692001,0.0,0.0,0.0,0.0,0.0
926842930544877601,2.5714285373687744,5.610718734621063,17.30708661417323,3.801304340362549,39.2750329045173
926942930478740102,0.0,0.0,0.0,0.0,0.0
927042930528664701,3.3043477535247803,4.654766274757781,48.04192746291692,28.40760040283203,107.05962314718555
927142930480317501,0.0,0.0,0.0,0.0,0.0
927142930546284601,0.0,0.0,0.0,0.0,0.0
927242930159107402,4.26086950302124,4.545933838245263,43.29816972788018,97.93253326416016,209.11295982589138
927342928726214702,0.0,0.0,0.0,0.0,0.0
927342930526498301,3.064814805984497,5.890773791278405,94.17533104462971,91.1041030883789,636.2035410795138
927342930534838401,0.0,0.0,0.0,0.0,0.0
927442930542870102,0.0,2.3525858937591284,5.4664070107108085,2.0787270069122314,16.468101523751294
927542930445557601,0.0,0.0,0.0,0.0,0.0
927642930476937502,0.0,0.0,0.0,0.0,0.0
927742930528484302,0.0,0.0,0.0,0.0,0.0
927742930541695301,0.0,0.0,0.0,0.0,0.0
927842930453178501,0.0,0.0,0.0,0.0,0.0
927842930459752401,0.0,0.0,0.0,0.0,0.0
927942930457708901,2.5789473056793213,3.8123709433532778,426.5098855359001,60.0435791015625,434.6102955394266
928142930460844002,0.0,0.0,0.0,0.0,0.0
928242928932525602,23.0,1.1368324085475734,6.7703027390677555,1.5663388967514038,11.368324084009247
928242930479349501,0.0,0.0,0.0,0.0,0.0
928642928932432602,0.0,6.115073543558566,24.1697706633831,7.096011638641357,55.03566167595681
928742929613586801,0.0,0.0,0.0,0.0,0.0
928742930455807701,0.0,0.0,0.0,0.0,0.0
928842930532139901,0.0,0.0,0.0,0.0,0.0
928942930531496402,0.0,0.0,0.0,0.0,0.0
929042929321017602,3.7931034564971924,13.712388187112452,203.24786324786325,100.15550994873047,1192.977813472655
929042930543566302,3.200000047683716,5.433029366337605,14.196652719665272,3.3530101776123047,27.165146281030886
929242930464682202,0.0,0.0,0.0,0.0,0.0
929242930542184601,0.0,0.0,0.0,0.0,0.0
929342930454829702,93.0,0.46929970165971596,1.4084761045987375,0.09906689822673798,1.4078990602622277
929342930526001302,5.340909004211426,19.70791780673963,212.24366359447004,103.21347045898438,867.1483825736332
929542930516026601,4.79104471206665,7.611723230081747,248.9385065885798,57.21978759765625,509.98544686849436
929542930534858701,0.0,0.0,0.0,0.0,0.0
929642929389152602,0.0,0.0,0.0,0.0,0.0
929642930525318801,3.125,18.217402908963024,94.04099678456592,13.974964141845703,145.73921954286826
929642930528741302,0.5,49.91491109913793,83.21379310344828,27.010345458984375,99.8298199533046
929742930465057902,1.6062500476837158,8.07656526812483,265.2849550286181,158.58566284179688,1292.2504463601288
929842930458129101,0.0,0.0,0.0,0.0,0.0
931242930476050402,0.0,0.0,0.0,0.0,0.0
931442930515638602,3.1724138259887695,6.220919131863883,83.0656096932199,58.081024169921875,180.40665989064715
931742930463661702,0.0,17.443122933621567,0.0,192.43270874023438,1500.1085609400138
931842930528286902,0.0,0.0,0.0,0.0,0.0
931942928791257601,7.125,11.484101089823145,40.17964629227428,13.382255554199219,91.87281246818522
932042927963688202,0.0,49.842578125,39.628461538461536,5.41206169128418,49.842578125
932042930457131901,14.0,138.4652524571972,138.46544071020926,21.124876022338867,138.4652524571972
932042930480780201,4.842857360839844,19.247306474673202,437.51706608569356,78.67321014404297,1347.3114374115057
932342930459475501,2.5,13.649597413393133,27.299412310547478,2.2811715602874756,27.29919361854315
932442928716053102,0.0,0.0,0.0,0.0,0.0
932542928932360901,0.0,0.0,0.0,0.0,0.0
932542930527348602,0.0,21.259007399644307,27.962059620596207,111.10333251953125,1913.3106459776561
932642930454303502,1.7999999523162842,6.733693132496843,33.303030303030305,12.233275413513184,168.34232451056792
932742930455556601,179.0,2.3593953429116254,2.3593897948448186,0.28142863512039185,2.3593953429116254
932742930519252302,0.0,0.0,0.0,0.0,0.0
932942930550179502,0.0,0.0,0.0,0.0,0.0
933042928956248401,4.133333206176758,7.380234972178507,62.94964028776978,8.826860427856445,110.70352503550139
933042930457014801,0.0,0.0,0.0,0.0,0.0
933142930540993801,3.4642856121063232,3.216516855937041,40.70592073071277,22.002941131591797,90.0624701332412
933242930449161502,0.0,0.0,0.0,0.0,0.0
933242930537963601,0.0,0.0,0.0,0.0,0.0
933342930525591301,0.0,0.0,0.0,0.0,0.0
933342930527377502,0.0,0.0,0.0,0.0,0.0
933442930530951801,0.0,0.0,0.0,0.0,0.0
933542929696803401,0.0,0.0,0.0,0.0,0.0
933642930454959501,0.0,0.0,0.0,0.0,0.0
933742930472953802,0.0,0.0,0.0,0.0,0.0
933742930528937901,3.4166667461395264,4.567099761767715,24.516628293681247,11.309012413024902,54.80519540805773
933742930538047201,0.0,0.0,0.0,0.0,0.0
933842930474197002,4.404761791229248,5.7007655152900965,94.76053215077606,38.43245315551758,239.4321441142892
933842930518159301,6.607142925262451,14.288163034539474,106.77960526315789,56.35574722290039,400.0685576765161
933842930524928301,1.1124999523162842,5.949376024110487,134.32883895131087,80.63999938964844,475.9500855353441
933942929839568101,2.056910514831543,6.424300550322648,226.19941715237303,97.2537612915039,790.1889492073822
933942930509091501,0.0,0.0,0.0,0.0,0.0
934142930518525302,0.0,0.0,0.0,0.0,0.0
934142930530981902,0.0,0.0,0.0,0.0,0.0
934342930531028502,118.0,0.2387774594078319,0.2387774594078319,0.029014738276600838,0.2387774594078319
934542929155433302,0.0,0.0,0.0,0.0,0.0
934542930517681201,3.5999999046325684,5.096445016440035,77.38341506910388,19.98288345336914,127.41112959135125
934642930477461301,0.0,0.0,0.0,0.0,0.0
935142930463786502,0.0,0.0,0.0,0.0,0.0
935142930541222702,0.0,0.0,0.0,0.0,0.0
935242930460078602,0.0,0.0,0.0,0.0,0.0
935342927959101101,0.0,0.0,0.0,0.0,0.0
935442928592643802,0.0,0.0,0.0,0.0,0.0
935642930452402301,0.0,0.0,0.0,0.0,0.0
935642930515567401,0.0,0.0,0.0,0.0,0.0
935742930520382601,0.0,0.0,0.0,0.0,0.0
935742930541781601,0.0,0.0,0.0,0.0,0.0
935842928811545302,0.0,0.0,0.0,0.0,0.0
935842930460463801,0.0,0.0,0.0,0.0,0.0
935842930534066701,0.0,0.0,0.0,0.0,0.0
935942929514180801,0.0,0.0,0.0,0.0,0.0
936042930546719001,4.0740742683410645,9.793550294979411,131.5134621476085,117.55399322509766,793.2775547630545
936142930476343402,6.0,4.746906945522774,4.746997929606625,0.8784168362617493,4.746906945522774
936342930527599201,0.0,0.0,0.0,0.0,0.0
936442930525946601,0.0,0.0,0.0,0.0,0.0
936542930457068901,0.0,0.0,0.0,0.0,0.0
936642930544230002,0.0,0.0,0.0,0.0,0.0
936842930526253202,0.0,0.0,0.0,0.0,0.0
936942930523966801,0.0,0.0,0.0,0.0,0.0
937042930527302401,0.0,0.0,0.0,0.0,0.0
937142930544141601,0.0,0.0,0.0,0.0,0.0
937342929197877702,0.0,0.0,0.0,0.0,0.0
937342930480526801,0.0,0.0,0.0,0.0,0.0
937442928855459801,0.0,0.0,0.0,0.0,0.0
937442930453112102,4.440678119659424,22.853643128709198,461.0519287833828,97.91793823242188,1348.3649751538692
937442930475637001,4.666666507720947,6.050981721205282,99.90504847876964,24.40108871459961,181.5294523299717
937442930516024602,5.3947367668151855,19.080313113012206,193.3783783783784,83.12145233154297,725.0518984782145
937442930542739702,0.0,0.0,0.0,0.0,0.0
937542930526897101,1.7290639877319336,18.80590927863436,3815.224669603524,292.3962707519531,3817.5997406417578
937542930526985101,0.0,0.0,0.0,0.0,0.0
937642930454191101,0.0,0.0,0.0,0.0,0.0
937642930473170801,0.0,0.0,0.0,0.0,0.0
937742928592898001,0.0,0.0,0.0,0.0,0.0
937842930459924202,0.0,0.0,0.0,0.0,0.0
937842930461638902,0.0,0.0,0.0,0.0,0.0
938142930515723001,0.0,0.0,0.0,0.0,0.0
938142930526940802,0.0,0.0,0.0,0.0,0.0
938242928197772002,2.3255813121795654,10.944925159466512,99.32038271962888,113.57649993896484,941.2635253033592
938342929816265001,3.25,8.19534640842014,51.16414141414141,10.113164901733398,98.34415990656072
938442930454105402,0.0,0.0,0.0,0.0,0.0
938542930462120901,0.0,0.0,0.0,0.0,0.0
938742930518999702,0.0,0.0,0.0,0.0,0.0
938842930474976401,0.0,0.0,0.0,0.0,0.0
938842930543152902,3.1864407062530518,8.044875924690759,212.6434634974533,64.81483459472656,474.6476790386295
939042930548332801,0.0,0.0,0.0,0.0,0.0
939242930446771801,5.5714287757873535,30.496877468404424,148.5750394944708,40.91578674316406,426.9562693711894
939242930479992301,0.0,0.0,0.0,0.0,0.0
939242930509041702,0.0,0.0,0.0,0.0,0.0
939242930548211701,0.0,0.0,0.0,0.0,0.0
939242930548652701,0.0,0.0,0.0,0.0,0.0
939342929765966202,0.0,0.0,0.0,0.0,0.0
939342930473934202,2.909090995788574,5.229022797131147,56.6272131147541,9.672234535217285,57.51925001300749
939342930523241902,0.0,0.0,0.0,0.0,0.0
939442930452957201,4.166666507720947,8.868268127639702,191.75990903183884,102.32772064208984,691.724912342892
939442930528608801,0.0,0.0,0.0,0.0,0.0
939542930451272102,0.0,0.0,0.0,0.0,0.0
939642930451471602,0.0,0.0,0.0,0.0,0.0
939842929704106701,4.967741966247559,4.778328125,69.6871724137931,46.55487823486328,296.25633462208714
939842930507810401,0.0,0.0,0.0,0.0,0.0
939842930517522401,0.0,0.0,0.0,0.0,0.0
939942930476165701,0.0,0.0,0.0,0.0,0.0
939942930542289402,4.043478488922119,8.88787734938208,142.43460350154479,46.31774139404297,408.84237878821045
941142930534431501,0.0,6.845476111158872,0.0,67.4851303100586,403.883085577054
941142930545872602,0.0,0.0,0.0,0.0,0.0
941142930548990301,0.0,0.0,0.0,0.0,0.0
941242930474424202,0.0,0.0,0.0,0.0,0.0
941342930461458301,0.0,0.0,0.0,0.0,0.0
941442930479692801,2.972972869873047,14.729178857031402,207.05012677979326,75.78036499023438,1089.959250863635
941542928255482301,0.0,0.0,0.0,0.0,0.0
941542930462060502,0.0,0.0,0.0,0.0,0.0
941542930470118401,3.2121212482452393,22.043280480295568,223.29901477832513,102.4700927734375,727.4282819813695
941542930529255201,2.3333332538604736,12.335919094720067,36.8617655210643,0.0,37.00775599849726
941942927910731901,0.0,0.0,0.0,0.0,0.0
941942930461589102,0.0,0.0,0.0,0.0,0.0
942042930032274901,0.0,0.0,0.0,0.0,0.0
942142930447592902,0.0,0.0,0.0,0.0,0.0
942342930518833601,0.0,0.0,0.0,0.0,0.0
942442930453329401,0.0,0.0,0.0,0.0,0.0
942442930457807202,4.17391300201416,4.42062022450206,49.34615384615385,15.44379997253418,101.67426494975666
942442930460632602,3.7727272510528564,4.051360531796592,71.33112183353438,14.348974227905273,89.12993271877164
942642929012902302,0.0,0.0,0.0,0.0,0.0
942742930466822802,0.0,0.0,0.0,0.0,0.0
942742930519720902,0.0,0.0,0.0,0.0,0.0
942842930477915801,0.5882353186607361,10.915828418354742,43.394268774703555,89.9023208618164,742.2763291046082
942942930547137602,14.0,113.45218805114638,113.45208700764256,19.133012771606445,113.45218805114638
943142930509444401,3.6666667461395264,5.403518483865602,77.91778348065773,13.151161193847656,145.89499820578337
943342930509329501,2.376923084259033,6.363008921984507,171.15012910365178,97.62965393066406,827.1911869154607
943342930544199401,0.0,0.0,0.0,0.0,0.0
943542930464139501,0.0,0.0,0.0,0.0,0.0
943642930479213902,0.0,236.32429487179488,236.32410256410256,4.0327301025390625,236.32429487179488
943742928087871102,0.0,0.0,0.0,0.0,0.0
943842930529052702,4.0,8.354645299515235,56.57285318559557,0.0,100.25574493830884
944142930542121701,0.03125,22.47132724389098,25.664160401002505,127.35592651367188,719.0824724618057
944242930342578102,0.0,0.0,0.0,0.0,0.0
944242930445392502,0.0,0.0,0.0,0.0,0.0
944242930472298301,0.0,0.0,0.0,0.0,0.0
944242930474047102,0.0,0.0,0.0,0.0,0.0
944442930542017101,4.372093200683594,9.301437132125155,182.78686493184634,72.48503112792969,399.9617924075735
944542930529336601,98.0,0.3535234799592391,0.35339130434782606,0.030789440497756004,0.3535234799592391
944642929346227102,0.0,0.0,0.0,0.0,0.0
944742930546665502,0.0,0.0,0.0,0.0,0.0
944842930465235601,0.0,0.0,0.0,0.0,0.0
944942930520025202,0.0,0.0,0.0,0.0,0.0
944942930538226902,2.3333332538604736,8.925638144504749,15.398962977321187,2.639618158340454,26.776913297756348
945242930518057601,0.0,0.0,0.0,0.0,0.0
945342928042164101,0.0,0.0,0.0,0.0,0.0
945442930461182102,3.0,3.989298872180451,17.625744360902257,2.7691433429718018,23.935792645676692
945442930518184901,0.0,0.0,0.0,0.0,0.0
945542930463901201,0.0,0.0,0.0,0.0,0.0
945542930546254701,0.023255813866853714,18.505971210378323,281.57055214723925,102.38634490966797,2387.2702739575157
945642930159053002,0.0,0.0,0.0,0.0,0.0
945642930478660402,0.0,0.0,0.0,0.0,0.0
945842930451087302,0.0,0.0,0.0,0.0,0.0
945842930476731902,0.0,0.0,0.0,0.0,0.0
945942930521806602,0.0,0.0,0.0,0.0,0.0
945942930526366102,4.1875,5.669512161683316,47.73974082073434,16.089723587036133,90.71219855817296
946042930519863902,6.363636493682861,66.18065448835785,458.30882352941177,34.62809753417969,727.9872035606235
946142930477236001,0.0,0.0,0.0,0.0,0.0
946242930509212701,15.933333396911621,78.06701272281065,508.1867734435546,150.15499877929688,1171.00516965093
946242930531513302,0.0,0.0,0.0,0.0,0.0
946542930465158901,4.50684928894043,13.194670981549201,279.33045212765956,143.3076629638672,963.2109872476851
946842930473857801,0.0,0.0,0.0,0.0,0.0
946842930476230701,0.0,0.0,0.0,0.0,0.0
946942930530661002,0.13684210181236267,12.774618391660463,3.4527177959791513,127.19844818115234,1213.5887490284595
946942930537237702,0.0,0.0,0.0,0.0,0.0
947242930475971002,4.447761058807373,10.599950536473974,161.11836836836838,185.94224548339844,710.1966861929144
947842930527354601,0.0,0.0,0.0,0.0,0.0
947942930473102701,0.0,0.0,0.0,0.0,0.0
948042930467962102,0.0,38.914217288112276,16.11392405063291,36.42885208129883,272.3995073115885
948042930532359001,0.0,0.0,0.0,0.0,0.0
948042930532892601,0.0,0.0,0.0,0.0,0.0
948142930480739001,0.0,0.0,0.0,0.0,0.0
948242930452569402,0.0,0.0,0.0,0.0,0.0
948442928758016001,2.6666667461395264,5.547327579740584,21.064254062038405,3.4985873699188232,33.28396579398714
948442930476324001,3.034883737564087,14.73223820529168,137.99489958559133,94.698486328125,1266.972508905646
948442930547843002,2.7407407760620117,11.627610723920863,256.9369304556355,108.57427215576172,1255.7819438586703
948542930465223801,0.0,0.0,0.0,0.0,0.0
948642930510240601,0.0,0.0,0.0,0.0,0.0
948842930479969002,0.0,0.0,0.0,0.0,0.0
948942928932458401,0.0,0.0,0.0,0.0,0.0
948942930516425501,0.0,0.0,0.0,0.0,0.0
949042929022389002,5.261904716491699,28.870450994318183,448.5072727272727,110.1845703125,1212.5589618418433
949042930521017201,4.367088794708252,17.381393499249455,328.85207423580783,120.39036560058594,1373.1301191946304
949142930529305901,0.0,0.0,0.0,0.0,0.0
949242930460437801,0.0,0.0,0.0,0.0,0.0
949242930517862002,4.230769157409668,4.685979542189132,36.089515848136536,6.631342887878418,60.91773520177019
949342930517533902,3.2253520488739014,11.23606453361092,285.1456043956044,120.36506652832031,797.760561455737
949442930530844502,0.0,0.0,0.0,0.0,0.0
949642930473528401,0.0,0.0,0.0,0.0,0.0
949642930475075602,4.0740742683410645,15.906840623027147,152.32323232323233,38.611637115478516,429.4846981703633
949742930475932202,0.0,0.0,0.0,0.0,0.0
951142930454404802,0.0,0.0,0.0,0.0,0.0
951242930522972602,0.0,0.0,0.0,0.0,0.0
951342930534067702,3.7142856121063232,4.575841621152852,20.02775112554432,6.5475311279296875,32.03089200126191
951642928153700201,0.0,9.259388055756137,177.69692593356714,99.25131225585938,972.2357226482538
951642930545898901,0.0,0.0,0.0,0.0,0.0
951742930547731801,337.0,0.01372495196266813,0.01372495196266813,0.002027672715485096,0.01372495196266813
951742930548683601,0.0,0.0,0.0,0.0,0.0
951842928005351602,0.0,0.0,0.0,0.0,0.0
951842930480654401,0.0,0.0,0.0,0.0,0.0
951942930531831401,0.0,0.0,0.0,0.0,0.0
952042930529873001,0.0,0.0,0.0,0.0,0.0
952042930534458201,0.0,0.0,0.0,0.0,0.0
952342928832402902,0.0,0.0,0.0,0.0,0.0
952442930522661301,0.0,0.0,0.0,0.0,0.0
952642930466446201,0.0,0.0,0.0,0.0,0.0
952742930519006401,0.0,0.0,0.0,0.0,0.0
953042930474364501,0.26530611515045166,40.67300880561441,7.27542372881356,132.28451538085938,1992.977469182368
953042930529477401,0.0,0.0,0.0,0.0,0.0
953142930462837201,0.0,0.0,0.0,0.0,0.0
953242930538614501,0.0,6.577931175095206,22.2921146953405,6.275238037109375,46.04551811628444
953342930524863801,0.0,0.0,0.0,0.0,0.0
953442930451189902,0.0,0.0,0.0,0.0,0.0
953442930515440001,3.577777862548828,6.220287199641222,186.87544257187366,89.34320068359375,559.8258382806875
953542930454383101,3.4941177368164062,29.59565810616135,949.5709219858156,148.4437255859375,2515.6309499098056
953542930455845302,5.097560882568359,13.41963710419735,89.59351988217968,54.03175354003906,550.2051418119046
953642930540523101,0.0,0.0,0.0,0.0,0.0
953942930458602702,0.0,0.0,0.0,0.0,0.0
954042930521132401,0.0,0.0,0.0,0.0,0.0
954142930453395402,5.666666507720947,30.923693003144653,138.32117400419287,20.639986038208008,185.54216620807128
954242929843369301,2.0,5.23618274414265,10.472320132697492,1.7849833965301514,10.472365285804997
954242930528200102,0.0,0.0,0.0,0.0,0.0
954342930467802401,14.0,88.8034479621543,88.80349344978166,8.709723472595215,88.8034479621543
954442930547976801,0.0,0.0,0.0,0.0,0.0
954542930452237002,0.9883720874786377,5.564021149879252,24.656671362447174,113.18827056884766,478.50580267273796
954542930480346202,0.0,0.0,0.0,0.0,0.0
954542930546452101,0.0,0.0,0.0,0.0,0.0
955342928159200301,0.0,0.0,0.0,0.0,0.0
955342930473324302,0.0,0.0,0.0,0.0,0.0
955542930480227901,0.0,0.0,0.0,0.0,0.0
955642930531170101,4.037036895751953,7.586501212792012,151.59344385832705,72.8672866821289,614.5066248441694
955742930539644702,0.0,0.0,0.0,0.0,0.0
956042929141354202,0.0,0.0,0.0,0.0,0.0
956142929309425801,3.6666667461395264,6.329362782921811,199.74833808167142,74.05469512939453,531.666457183152
956342930479677001,2.799999952316284,9.078994541952055,74.60616438356165,127.15867614746094,499.3446966719954
956542930473319301,0.0,0.0,0.0,0.0,0.0
956542930525395202,0.0,0.0,0.0,0.0,0.0
956542930541439401,0.0,0.0,0.0,0.0,0.0
956842930450876002,0.0,0.0,0.0,0.0,0.0
956842930527651202,4.545454502105713,4.0502642377662745,12.21875465514673,6.3465776443481445,44.552907688294866
956842930532920901,0.0,0.0,0.0,0.0,0.0
956942928043638902,0.0,42.48629967909158,42.48629967909158,10.064245223999023,84.97259935818316
956942930479612601,0.0,0.0,0.0,0.0,0.0
956942930526853301,3.1666667461395264,31.866525750411185,96.26315789473684,18.634843826293945,191.19916112799393
957142930548126201,0.0,0.0,0.0,0.0,0.0
957442930455747502,2.510791301727295,8.87717604037907,247.88284576294464,166.75152587890625,1233.9274814340083
957642928954607202,2.9438202381134033,14.36678428516986,163.0261324041812,119.3448257446289,1278.643827179583
957842930530259601,4.461538314819336,12.081107814045499,192.77151335311572,97.6285629272461,942.326433046305
957942930479052102,14.0,80.8826226248343,75.65355722492266,11.334689140319824,80.8826226248343
958242930542525701,0.0,0.0,0.0,0.0,0.0
958442930462254801,4.307692527770996,11.69919819944234,151.65993265993265,47.13163757324219,304.17915904240976
958542928258080802,0.0,0.0,0.0,0.0,0.0
958742930518895201,0.0,0.0,0.0,0.0,0.0
958942930527515102,0.0,0.0,0.0,0.0,0.0
959042930526136701,0.0,0.0,0.0,0.0,0.0
959442930546133502,0.0,0.0,0.0,0.0,0.0
959742930537123502,4.704545497894287,4.5191462997343885,57.95901994796184,44.53406524658203,198.84243496347798
959942930543369201,0.0,0.0,0.0,0.0,0.0
961142930351069302,0.0,0.0,0.0,0.0,0.0
961142930461546202,0.0,0.0,0.0,0.0,0.0
961142930517747501,0.0,0.0,0.0,0.0,0.0
961242930455161301,0.0,0.0,0.0,0.0,0.0
961242930464261901,0.0,0.0,0.0,0.0,0.0
961442930467759901,0.0,0.0,0.0,0.0,0.0
961442930518773602,0.0,0.0,0.0,0.0,0.0
961442930532689401,0.0,0.0,0.0,0.0,0.0
961542929346340301,0.0,0.0,0.0,0.0,0.0
961942929839471701,0.0,0.0,0.0,0.0,0.0
961942930515553502,0.0,0.0,0.0,0.0,0.0
962142930530993302,0.6363636255264282,15.33911022341629,86.07918552036199,46.79877471923828,337.46043083570663
962342930452810602,2.767676830291748,6.88281990702511,78.78172309386183,60.69374084472656,681.399177480102
962342930468882301,0.0,0.0,0.0,0.0,0.0
962342930508053501,7.0,12.172309452462493,12.172211350293543,1.2633476257324219,12.172309452462493
962442928210611301,0.0,0.0,0.0,0.0,0.0
962542930463322701,3.507936477661133,6.373661238262911,143.5761502347418,54.990169525146484,401.54063986048453
962642930469208602,0.0,0.0,0.0,0.0,0.0
962742929456836401,0.0,0.0,0.0,0.0,0.0
962842930531880501,0.0,0.0,0.0,0.0,0.0
962942927979853501,0.0,0.0,0.0,0.0,0.0
962942930460668301,0.0,0.0,0.0,0.0,0.0
963042930532763301,0.0,0.0,0.0,0.0,0.0
963342928043761402,0.0,0.0,0.0,0.0,0.0
963342930518326502,6.166666507720947,8.021135766806722,68.28806722689076,44.61246109008789,240.63406636726955
963442928683947202,0.0,0.0,0.0,0.0,0.0
963442930510408502,0.0,0.0,0.0,0.0,0.0
963442930516942101,10.714285850524902,3.2721706346298776,13.123094958968347,6.824631690979004,45.81038702442665
963642929658219501,0.0,0.0,0.0,0.0,0.0
963642930509821701,4.0625,9.111775384776763,104.92811778841569,28.17545509338379,291.57681654072223
963742930449124201,2.5,11.13123046875,13.025217391304349,2.9275543689727783,22.26246051290761
963842930450989202,0.0,0.0,0.0,0.0,0.0
963842930527426602,0.0,0.0,0.0,0.0,0.0
963842930531766301,0.0,0.0,0.0,0.0,0.0
963842930546998002,0.0,0.0,0.0,0.0,0.0
963942930460038501,0.0,0.0,0.0,0.0,0.0
964042930464943902,5.75,29.75253563596491,51.02870813397129,3.97088360786438,119.0101441013756
964142930516904502,2.7073171138763428,9.69466486947979,190.04341317365268,84.27412414550781,794.9625426930581
964142930517458502,0.0,0.0,0.0,0.0,0.0
964242930529017801,4.866666793823242,6.6771329087346025,44.422172452407615,13.27439022064209,100.1569975610543
964342930516445401,0.0,0.0,0.0,0.0,0.0
964442930451204401,0.0,0.0,0.0,0.0,0.0
964442930468841802,4.818181991577148,15.112635445997586,126.71520514883346,36.22618865966797,332.4779864040384
964442930516029901,0.0,0.0,0.0,0.0,0.0
964542930534829601,4.529411792755127,18.66832308556091,178.17966695880807,54.13731002807617,634.7229733017847
964642930447303601,0.0,0.0,0.0,0.0,0.0
964642930508199002,4.263157844543457,10.2390182553677,117.23846074058707,20.358495712280273,194.54134416773093
964742928265489001,0.0,0.0,0.0,0.0,0.0
965042930523449702,0.0,0.0,0.0,0.0,0.0
965042930527584901,0.0,0.0,0.0,0.0,0.0
965242930478938802,0.0,0.0,0.0,0.0,0.0
965242930545341502,0.0,0.0,0.0,0.0,0.0
965442929269076802,0.0,0.0,0.0,0.0,0.0
965442930466459402,0.0,0.0,0.0,0.0,0.0
965542930518402902,0.0,0.0,0.0,0.0,0.0
965542930519327801,0.0,0.0,0.0,0.0,0.0
965642930507931901,0.0,0.0,0.0,0.0,0.0
965642930550576402,0.0,0.0,0.0,0.0,0.0
965842930462978301,0.0,0.0,0.0,0.0,0.0
965942930456290901,0.0,10.908190385097843,231.3768188660311,203.76092529296875,1745.3104309372966
965942930479991401,6.629629611968994,16.25361049943778,101.13343328335831,32.90599822998047,438.84749453428805
966042930523863102,0.0,0.0,0.0,0.0,0.0
966242930458293601,6.875,7.828186085390946,22.930041152263374,11.357442855834961,62.625489738056196
966242930507778301,0.0,0.0,0.0,0.0,0.0
966242930537487801,0.0,0.0,0.0,0.0,0.0
966542930452374102,0.0,0.0,0.0,0.0,0.0
966642930509129402,0.0,0.0,0.0,0.0,0.0
966842930546828601,2.75,9.778851178901313,96.35858045697618,56.97580337524414,391.1540541685375
967142930464488001,0.0,0.0,0.0,0.0,0.0
967142930547103301,0.0,0.0,0.0,0.0,0.0
967242930460534302,0.1325301229953766,9.206754018025226,6.981927710843373,86.95492553710938,764.1605737324221
967242930472745001,0.0,0.0,0.0,0.0,0.0
967342930528042701,0.0,0.0,0.0,0.0,0.0
967442930520025701,0.0,0.0,0.0,0.0,0.0
967842930463013002,0.0,0.0,0.0,0.0,0.0
967842930542203001,0.0,0.0,0.0,0.0,0.0
968142930475744302,5.404255390167236,8.765289177874472,111.05836849507736,70.83122253417969,411.96857694902167
968142930477114302,0.0,0.0,0.0,0.0,0.0
968242930522030001,0.0,0.0,0.0,0.0,0.0
968342930475811501,0.0,17.82786041969477,91.64186046511628,105.60079956054688,820.0815569323163
968442930465095302,2.75,1.61614619636772,6.4646840148698885,0.6513223648071289,6.464584760260158
968542930461923801,0.0,0.0,0.0,0.0,0.0
968542930529489202,0.0,0.0,0.0,0.0,0.0
968542930532377101,3.5212767124176025,7.860918095801301,176.97131874630395,125.55941009521484,738.9263109577118
968642930464498502,4.25,14.012794715010317,87.62173314993123,21.860973358154297,168.15353219741968
968742929476694201,0.0,0.0,0.0,0.0,0.0
969142928602042001,0.0,0.0,0.0,0.0,0.0
969242930522298301,0.0,0.0,0.0,0.0,0.0
969342930519945302,0.0,0.0,0.0,0.0,0.0
969342930533498502,0.0,0.0,0.0,0.0,0.0
969442928865184902,3.857142925262451,3.93668220766129,39.44241935483871,13.101724624633789,82.67032928282215
969542928213898601,0.0,0.0,0.0,0.0,0.0
969742930530626001,0.0,0.0,0.0,0.0,0.0
969842930524830001,3.28125,24.47476806640625,348.67857142857144,35.28337860107422,783.1926007952009
969942930469259302,0.0,0.0,0.0,0.0,0.0
971242930533584501,0.0,0.0,0.0,0.0,0.0
971542930543396901,0.0,0.0,0.0,0.0,0.0
971642930528796401,0.0,0.0,0.0,0.0,0.0
971842928119434301,4.176470756530762,6.427787521258503,109.10997732426304,42.3116569519043,327.8171590342273
971942930462817402,0.0,0.0,0.0,0.0,0.0
972142930534486401,0.0,0.0,0.0,0.0,0.0
972242930466527502,0.0,0.0,0.0,0.0,0.0
972342930456637902,0.0,0.0,0.0,0.0,0.0
972442930463760402,0.9629629850387573,7.061207381285748,76.23403241182078,17.74496841430664,190.65260140389006
972542928779048802,0.0,0.0,0.0,0.0,0.0
972642928168076602,0.0,0.0,0.0,0.0,0.0
972842930545512801,0.0,0.0,0.0,0.0,0.0
973142930549041502,0.0,0.0,0.0,0.0,0.0
973242930455705001,5.941176414489746,15.005064821981424,114.28730650154799,16.38975715637207,255.0860930061931
973242930523546102,0.0,0.0,0.0,0.0,0.0
973342930468039502,0.0,0.0,0.0,0.0,0.0
973442930476837301,0.0,0.0,0.0,0.0,0.0
973542930517808201,0.0,0.0,0.0,0.0,0.0
973642930459367202,4.34782600402832,11.91654244076093,86.77881855601291,41.85930633544922,274.0804634252954
973742930459430801,0.0,0.0,0.0,0.0,0.0
973742930459958501,0.0,0.0,0.0,0.0,0.0
973842930533953702,0.0,0.0,0.0,0.0,0.0
974142930460705201,0.0,0.0,0.0,0.0,0.0
974342930474992301,0.0,0.0,0.0,0.0,0.0
974342930526845102,0.0,0.0,0.0,0.0,0.0
974342930550376201,91.66666412353516,0.9037173146844102,2.7111979765463325,0.3376476466655731,2.711151944053231
974542928135600801,0.0,0.0,0.0,0.0,0.0
974642930459633401,3.3118278980255127,6.027833674065421,94.50803738317757,277.90679931640625,560.5885160570947
974742930478575402,0.0,0.0,0.0,0.0,0.0
974742930529994401,0.0,0.0,0.0,0.0,0.0
974742930550060201,0.0,0.0,0.0,0.0,0.0
974942930457040201,0.0,0.0,0.0,0.0,0.0
974942930543725101,0.0,183.76749308118082,72.60664206642066,17.46164321899414,183.76749308118082
975042930510541501,0.0,0.0,0.0,0.0,0.0
975242930453297801,0.0,0.0,0.0,0.0,0.0
975242930461071801,0.0,0.0,0.0,0.0,0.0
975842928932504301,0.0,0.0,0.0,0.0,0.0
975842929372830602,5.028571605682373,8.640238731412639,122.91440520446096,66.80024719238281,302.4083625878543
975842930459401601,0.0,0.0,0.0,0.0,0.0
975942930550236302,124.0,5.195396619188534,10.391329150028522,1.2595255374908447,10.390793238377068
976042930510456402,0.0,0.0,0.0,0.0,0.0
976142930517873802,0.0,0.0,0.0,0.0,0.0
976342930474245901,0.0,0.0,0.0,0.0,0.0
976542930455330202,0.0,0.0,0.0,0.0,0.0
976642928236013301,0.0,2.4360881749348033,0.0,12.930044174194336,73.08264820719285
976642930525848502,0.0,0.0,0.0,0.0,0.0
976742930515539501,0.0,0.0,0.0,0.0,0.0
976842930528358801,0.0,0.0,0.0,0.0,0.0
976942929166149801,0.0,0.0,0.0,0.0,0.0
976942929649420101,0.0,0.0,0.0,0.0,0.0
976942930517612501,0.0,0.0,0.0,0.0,0.0
976942930544036701,3.873563289642334,7.57572811313306,142.79174342971012,65.82637786865234,659.0883562151336
977042929761804101,0.0,32.39683110240228,135.11400651465797,20.90594482421875,583.1429684915449
977042929766082001,0.0,0.0,0.0,0.0,0.0
977042930453187802,6.636363506317139,31.63003127639358,136.77702702702703,38.68622589111328,347.9303329055374
977042930455229602,0.0,0.0,0.0,0.0,0.0
977042930520193801,0.0,0.0,0.0,0.0,0.0
977242930456572102,5.599999904632568,14.619352564823142,76.121103117506,10.462118148803711,146.19352623370054
977442930530523401,0.0,0.0,0.0,0.0,0.0
977542929575506301,2.8181817531585693,21.70927443010392,120.56972846128059,34.21105194091797,238.8020194626238
977542930452687101,0.0,0.0,0.0,0.0,0.0
977542930475079801,0.0,0.0,0.0,0.0,0.0
977742930517508802,45.0,26.123697916666668,52.03041216486594,3.2035510540008545,52.24739619969081
977842930530993101,0.0,0.0,0.0,0.0,0.0
978042930473153201,2.8840579986572266,5.964703338206627,97.69247563352826,67.57435607910156,411.5645491250914
978042930477375602,0.0,0.0,0.0,0.0,0.0
978042930534141902,0.0,0.0,0.0,0.0,0.0
978242930518591502,0.0,0.0,0.0,0.0,0.0
978342930537191602,3.0612244606018066,3.706963180220116,61.72898196270254,49.86988067626953,181.64119166738942
978442930517492601,3.454545497894287,5.631749035756904,247.79713603818615,33.82119369506836,247.79695448759998
978542930508391901,3.5730338096618652,9.054019383430123,182.68527538403896,121.84384155273438,805.8077024027131
978842930400230701,5.699999809265137,8.68456844371412,65.8448290207172,28.757978439331055,173.6913637351212
978842930528686002,0.0,0.0,0.0,0.0,0.0
978942930532049202,0.0,0.0,0.0,0.0,0.0
979142930452654002,0.0,0.0,0.0,0.0,0.0
979242930527183501,0.0,0.0,0.0,0.0,0.0
979442930462990301,0.0,0.0,0.0,0.0,0.0
979442930509263301,3.5,4.115249627517469,87.23578572407179,28.384511947631836,197.53197791887027
979442930524665801,3.8888888359069824,8.634521234997447,196.69969356486212,75.3174057006836,543.9748447791305
979442930525011102,3.125,6.456337484500191,32.78700877527661,7.031841278076172,51.65069802395946
979542928748781302,0.0,0.0,0.0,0.0,0.0
979542930454523202,0.0,0.0,0.0,0.0,0.0
979642930533659501,0.0,0.0,0.0,0.0,0.0
979642930535500002,0.0,0.0,0.0,0.0,0.0
979742930142546301,0.0,0.0,0.0,0.0,0.0
979742930523962802,0.0,0.0,0.0,0.0,0.0
979842930522363902,0.0,0.0,0.0,0.0,0.0
979942930544406401,0.0,0.0,0.0,0.0,0.0
981142928030358901,0.0,0.0,0.0,0.0,0.0
981242930533902402,0.0,0.0,0.0,0.0,0.0
981342928887221701,0.0,0.0,0.0,0.0,0.0
981542930534375901,0.0,0.0,0.0,0.0,0.0
981742930459941402,5.639999866485596,5.965131026582423,50.67213114754098,26.784515380859375,149.12827794365109
981742930548355901,0.0,0.0,0.0,0.0,0.0
981942930469934001,0.0,7.846381705976711,0.0,47.9625244140625,337.3943973512817
981942930529053301,0.0,0.0,0.0,0.0,0.0
982142930455207302,3.7916667461395264,9.050874792128603,71.03325942350332,24.580726623535156,217.22098920079222
982142930544994001,0.0,0.0,0.0,0.0,0.0
982242930289696801,4.169811248779297,8.190751142312637,151.9808963997061,81.05762481689453,434.1098182112044
982242930460539502,0.0,0.0,0.0,0.0,0.0
982542930479890101,0.0,0.0,0.0,0.0,0.0
982642930544558602,0.0,0.0,0.0,0.0,0.0
983042930460799001,0.0,0.0,0.0,0.0,0.0
983042930466731102,0.0,0.0,0.0,0.0,0.0
983242930451643002,0.0,0.0,0.0,0.0,0.0
983342929259477301,0.0,0.0,0.0,0.0,0.0
983342930459033601,0.0,5.770274931020891,79.13638155301537,118.50499725341797,744.3654801790104
983542930453502302,0.0,0.0,0.0,0.0,0.0
983642928131153402,0.0,0.0,0.0,0.0,0.0
983842930526950101,7.916666507720947,20.754811190337602,141.22467986030267,24.569976806640625,249.0577427538782
984142929194564701,0.0,0.0,0.0,0.0,0.0
984142930475337102,0.0,0.0,0.0,0.0,0.0
984142930540765001,2.7415730953216553,6.291478889943074,189.13214963404718,41.98291778564453,559.9416303192577
984342930458719601,0.0,0.0,0.0,0.0,0.0
984442930473622301,0.0,0.0,0.0,0.0,0.0
984442930508716301,0.0,0.0,0.0,0.0,0.0
984742930461979802,0.0,0.0,0.0,0.0,0.0
984742930524745701,0.0,0.0,0.0,0.0,0.0
984842930464541401,0.0,0.0,0.0,0.0,0.0
984842930522944902,0.0,0.0,0.0,0.0,0.0
984942930471672501,5.0,14.755715684604905,128.87602179836512,21.0986385345459,236.09144546550365
985042930200071502,0.0,0.0,0.0,0.0,0.0
985142928043557302,0.0,0.0,0.0,0.0,0.0
985142930453584501,4.117647171020508,8.434582565064428,61.94879620210241,28.07029151916504,286.77580166542157
985242928800758901,2.986666679382324,7.202721031134826,92.66178007591176,44.96883773803711,540.2040927076348
985242930524502401,0.0,0.0,0.0,0.0,0.0
985342930474563601,0.0,0.0,0.0,0.0,0.0
985442927963764302,0.0,0.0,0.0,0.0,0.0
985442930524342302,0.0,0.0,0.0,0.0,0.0
985542930469752901,3.8275861740112305,5.024772801795083,107.5818331447382,71.25212860107422,437.1552233712171
985642930461590101,0.0,0.0,0.0,0.0,0.0
985642930550518002,0.0,0.0,0.0,0.0,0.0
985742930534538501,0.0,0.0,0.0,0.0,0.0
986042930008347601,1.7714285850524902,10.686532050330733,1496.1187245590231,155.56869506835938,1496.1145087239538
986042930528538801,2.3636362552642822,9.793241222993828,39.36296296296296,6.852004051208496,107.72565541208526
986142929613470602,0.0,0.0,0.0,0.0,0.0
986142930459552302,6.416666507720947,11.686124145701267,79.02060221870047,43.242130279541016,140.23348873277473
986442929331698002,0.0,0.0,0.0,0.0,0.0
986642930473804201,3.777777671813965,7.338922019476687,154.01943734015344,73.53577423095703,660.5029939491261
986642930473913701,0.0,0.0,0.0,0.0,0.0
986742930540662901,1.4404761791229248,6.967287985225956,1755.7543453070684,213.60910034179688,1755.7565955816026
986942930538931002,0.0,0.0,0.0,0.0,0.0
987142928113131802,3.3977272510528564,25.188713203924916,428.02474402730377,336.55340576171875,2216.606728636771
987242930522519402,0.0,0.0,0.0,0.0,0.0
987342930447013802,3.0,9.204076850984068,31.53045923149016,2.9964101314544678,46.02038425492034
987342930543887301,3.9069766998291016,9.465992821266111,125.32448824867323,37.01508331298828,407.0376819208592
987342930546530302,0.0,0.0,0.0,0.0,0.0
987442930540724001,0.0,0.0,0.0,0.0,0.0
987542930462842201,0.0,0.0,0.0,0.0,0.0
987642930463086101,0.0,0.0,0.0,0.0,0.0
987842930520131102,4.583333492279053,5.096385490444499,38.07900842593723,23.7056884765625,122.31324615087217
987842930521523001,0.0,0.0,0.0,0.0,0.0
987942930516014102,0.0,0.0,0.0,0.0,0.0
988342930518856902,4.111111164093018,4.29927992211745,25.552041059918835,6.4193854331970215,38.6935212460188
988442930454093302,3.238095283508301,7.7964344941956885,179.50272447287372,86.86329650878906,818.6256685254699
988442930541634602,5.014925479888916,17.23808164491758,209.73626373626374,103.81510162353516,1154.95146955553
988542930526469502,6.257143020629883,24.9337744140625,221.51333333333332,61.103023529052734,872.6821296437581
988542930534748501,0.0,0.0,0.0,0.0,0.0
988842930463926802,0.0,0.0,0.0,0.0,0.0
988842930464065702,0.0,0.0,0.0,0.0,0.0
988842930532545401,0.0,0.0,0.0,0.0,0.0
988942930454690401,0.0,0.0,0.0,0.0,0.0
989242930473765001,0.0,0.0,0.0,0.0,0.0
989542930524500402,0.0,0.0,0.0,0.0,0.0
989542930533468702,0.0,0.0,0.0,0.0,0.0
989842930461754501,0.0,0.0,0.0,0.0,0.0
989842930464132602,0.0,0.0,0.0,0.0,0.0
989942930456260802,0.0,0.0,0.0,0.0,0.0
991242930479098802,0.0,0.0,0.0,0.0,0.0
991342930540098101,5.0,8.425335654317697,16.29353233830846,2.5506844520568848,25.27600626887882
991542930463664001,0.0,0.0,0.0,0.0,0.0
991542930518643601,2.2608695030212402,3.3043582830241482,18.013913321605628,29.197423934936523,152.00048462333783
991742930463945202,0.0,0.0,0.0,0.0,0.0
991842928825498401,0.0,0.0,0.0,0.0,0.0
991842930537303401,0.0,0.0,0.0,0.0,0.0
991942930511125502,0.0,0.0,0.0,0.0,0.0
992342930480155301,0.0,0.0,0.0,0.0,0.0
992542930480099201,0.0,0.0,0.0,0.0,0.0
992542930525733701,0.0,0.0,0.0,0.0,0.0
992642930459466402,0.0,0.0,0.0,0.0,0.0
992642930477821202,0.0,0.0,0.0,0.0,0.0
993042930464585401,0.0,0.0,0.0,0.0,0.0
993042930510029501,4.1621623039245605,10.584798580955335,76.48200992555832,101.87732696533203,783.2750874488585
993042930544697301,0.0,0.0,0.0,0.0,0.0
993142930475756501,0.0,0.0,0.0,0.0,0.0
993142930522642001,0.0,0.0,0.0,0.0,0.0
993142930528831101,0.0,0.0,0.0,0.0,0.0
993242930533153901,0.0,0.0,0.0,0.0,0.0
993242930550348701,2.5966386795043945,5.150706821652931,250.00688721111175,61.64442825317383,612.9341325639517
993342927924660101,5.085714340209961,5.920622855823364,93.61388693408398,31.314579010009766,207.22180719932646
993442930474715502,0.0,0.0,0.0,0.0,0.0
993542929118579602,0.0,0.0,0.0,0.0,0.0
993542930477441201,0.0,0.0,0.0,0.0,0.0
993642930516157402,0.0,0.0,0.0,0.0,0.0
993842929550806601,0.0,0.0,0.0,0.0,0.0
993842930464478901,1.377049207687378,14.757299950298211,23.50854870775348,92.4436264038086,900.1952661715255
994042930473777501,0.0,0.0,0.0,0.0,0.0
994142930447787902,4.214285850524902,19.85161617166555,158.91957104557642,48.45553207397461,555.8452532975348
994142930465080302,0.11538461595773697,5.38199560193048,0.04891304347826087,13.8607177734375,139.93188395016435
994142930528868802,0.0,0.0,0.0,0.0,0.0
994342929861219802,0.0,0.0,0.0,0.0,0.0
994442929341356902,7.363636493682861,36.694419377966774,311.0506329113924,18.854225158691406,403.6386008745507
994442930527397301,2.3764705657958984,21.3131097142072,217.11459192085738,234.01210021972656,1811.6143241003995
994742930545699501,3.875,9.66571873179965,50.59405940594059,5.721979141235352,77.32575344470051
994842930524179102,0.0,0.0,0.0,0.0,0.0
994942930459951601,0.0,0.0,0.0,0.0,0.0
994942930515618002,1.0,11.076923451120797,11.077210460772104,0.6476054191589355,11.076923451120797
995042930164891701,0.0,0.0,0.0,0.0,0.0
995242930475545801,0.0,0.0,0.0,0.0,0.0
995242930476650102,5.0625,9.789940360095482,43.750116441546346,17.939743041992188,156.63904823477344
995342930544702302,0.0,0.0,0.0,0.0,0.0
995442930480700601,0.0,0.0,0.0,0.0,0.0
995642930452472602,2.779411792755127,3.549527875893072,80.75596050413422,44.4327392578125,241.36790499320102
995642930542493302,3.2162163257598877,7.721864070103407,61.38248175182482,29.55506706237793,285.708969413219
995842930518515201,0.0,0.0,0.0,0.0,0.0
995842930539241201,0.0,0.0,0.0,0.0,0.0
995942930477593501,0.0,0.0,0.0,0.0,0.0
995942930529939201,3.9642856121063232,4.421529710217179,57.26949711758094,11.084388732910156,123.80283483371988
996042930476708302,7.0,25.90619968951242,212.36614535418585,85.61511993408203,699.4673716274006
996142930517008302,0.0,0.0,0.0,0.0,0.0
996142930534753101,3.1666667461395264,9.732692563965886,98.49013859275053,31.377622604370117,291.9807783960534
996242930516143801,0.0,0.0,0.0,0.0,0.0
996642930531987401,0.0,0.0,0.0,0.0,0.0
996742930528624701,0.0,0.0,0.0,0.0,0.0
996842930454202601,0.0,0.0,0.0,0.0,0.0
996842930527901802,0.0,0.0,0.0,0.0,0.0
996942930456686002,5.333333492279053,5.574339290019286,20.917671166827386,8.983202934265137,66.89207112708685
997042930525912602,0.0,0.0,0.0,0.0,0.0
997042930535548801,0.0,0.0,0.0,0.0,0.0
997042930547202501,0.0,0.0,0.0,0.0,0.0
997142930448340801,0.0,9.964915758705052,0.0,68.98076629638672,528.140543217761
997142930533991201,0.0,0.0,0.0,0.0,0.0
997442930528682401,6.769230842590332,14.350849338686034,104.17803837953092,25.241361618041992,186.5610360672225
997442930541550202,3.095238208770752,5.617584486203257,46.774427020506636,17.241926193237305,117.96927001364125
997542927924780301,0.0,0.0,0.0,0.0,0.0
997542930465068602,0.0,0.0,0.0,0.0,0.0
997542930480726001,0.0,0.0,0.0,0.0,0.0
997642930458651301,0.0,0.0,0.0,0.0,0.0
998242930519613301,0.0,0.0,0.0,0.0,0.0
998242930520997601,0.0,0.0,0.0,0.0,0.0
998342930480337001,0.0,0.0,0.0,0.0,0.0
998342930516629202,0.0,0.0,0.0,0.0,0.0
998542930468052601,0.0,0.0,0.0,0.0,0.0
998542930473876202,0.0,0.0,0.0,0.0,0.0
998642930289367002,0.0,0.0,0.0,0.0,0.0
998642930455141602,2.9743590354919434,4.3891302972230255,112.4162568701186,21.274127960205078,171.17607604080038
998642930528189201,0.0,0.0,0.0,0.0,0.0
998642930550792801,0.0,0.0,0.0,0.0,0.0
998742930477922401,0.0,0.0,0.0,0.0,0.0
998942930519365201,3.3809523582458496,15.84387960200815,174.38998835855645,113.51390838623047,998.1644017238417
998942930542691102,0.0,0.0,0.0,0.0,0.0
999142930447758201,3.4102563858032227,4.928994048066797,166.1174966150143,69.5261001586914,384.46152825640326
999142930478783801,0.0,0.0,0.0,0.0,0.0
999242930508250202,0.0,0.0,0.0,0.0,0.0
999342930468853301,0.0,0.0,0.0,0.0,0.0
999442928311744002,0.0,0.0,0.0,0.0,0.0
999442930549845202,0.0,0.0,0.0,0.0,0.0
999542930479245001,0.0,0.0,0.0,0.0,0.0
999742930289423701,0.0,0.0,0.0,0.0,0.0
999842928912241201,0.0,0.0,0.0,0.0,0.0
999842930521939101,0.0,0.0,0.0,0.0,0.0
999842930529623202,0.0,0.0,0.0,0.0,0.0
999942930461543701,0.0,0.0,0.0,0.0,0.0
999942930462720301,4.125,5.000171015750134,13.991857981847303,7.084253311157227,40.0013676942254
999942930526263601,2.683333396911621,7.525538766217565,279.8820359281437,52.97647476196289,451.5323208441515
