BDAP,A1,A2,A3,A4,A5
111142930451558302,3.0,13.728799337492989,13.728547392035894,0.5373387336730957,13.728799337492989
111142930456078402,0.0,0.0,0.0,0.0,0.0
111142930549694901,0.0,0.0,0.0,0.0,0.0
111242928159168602,0.0,0.0,0.0,0.0,0.0
111342928035516202,0.0,0.0,0.0,0.0,0.0
111442929417157902,0.0,0.0,0.0,0.0,0.0
111642930521380602,0.0,0.0,0.0,0.0,0.0
111742930520228201,2.8888888359069824,7.804918895388153,47.10765485528807,13.085805892944336,140.4885408599086
111742930546032201,0.0,0.0,0.0,0.0,0.0
111842930472913601,0.0,0.0,0.0,0.0,0.0
111942930075789802,0.0,0.0,0.0,0.0,0.0
111942930475464201,0.0,0.0,0.0,0.0,0.0
112242929589459502,0.0,0.0,0.0,0.0,0.0
112442930475351402,0.0,0.0,0.0,0.0,0.0
112442930547500901,0.0,0.0,0.0,0.0,0.0
112542930549591602,0.0,0.0,0.0,0.0,0.0
112642930518447902,0.0,0.0,0.0,0.0,0.0
112642930527384301,0.0,0.0,0.0,0.0,0.0
112942930456488402,3.6666667461395264,11.048340161434613,98.6896551724138,20.861574172973633,198.8701125810731
112942930511152602,0.0,0.0,0.0,0.0,0.0
112942930520095401,0.0,0.0,0.0,0.0,0.0
112942930526084102,0.0,0.0,0.0,0.0,0.0
112942930546542602,0.0,0.0,0.0,0.0,0.0
113042930446652901,0.0,0.0,0.0,0.0,0.0
113042930459198201,0.0,0.0,0.0,0.0,0.0
113242929494046101,0.0,0.0,0.0,0.0,0.0
113242929989809401,0.0,0.0,0.0,0.0,0.0
113242930525412901,0.0,0.0,0.0,0.0,0.0
113342930540408502,0.0,0.0,0.0,0.0,0.0
113442928800667002,0.0,0.0,0.0,0.0,0.0
113642930452986502,0.0,0.0,0.0,0.0,0.0
113742928592687902,0.0,0.0,0.0,0.0,0.0
113842930528713802,0.0,0.0,0.0,0.0,0.0
113942930453012402,0.0,0.0,0.0,0.0,0.0
113942930543093902,0.0,0.0,0.0,0.0,0.0
114042930544217902,0.0,0.0,0.0,0.0,0.0
114242930474451702,0.0,0.0,0.0,0.0,0.0
114342930531636602,0.0,0.0,0.0,0.0,0.0
114442930473232502,0.0,0.0,0.0,0.0,0.0
114542930460128001,0.0,0.0,0.0,0.0,0.0
114642930550556102,0.0,0.0,0.0,0.0,0.0
114742930453726801,0.0,0.0,0.0,0.0,0.0
114742930536446301,0.0,0.0,0.0,0.0,0.0
114842930517178501,0.0,0.0,0.0,0.0,0.0
115042930473371901,0.0,0.0,0.0,0.0,0.0
115142930468670302,5.25,23.028955432808715,127.5995157384988,17.500375747680664,184.23164570879993
115142930475433101,0.0,0.0,0.0,0.0,0.0
115242928210658501,0.0,0.0,0.0,0.0,0.0
115242930059291902,0.0,0.0,0.0,0.0,0.0
115242930541272802,2.8481013774871826,7.549249149388016,59.38290098648155,99.03194427490234,596.3906902707664
115242930543567601,0.0,0.0,0.0,0.0,0.0
115642930548436401,0.0,0.0,0.0,0.0,0.0
115742928293162401,0.0,0.0,0.0,0.0,0.0
115742930529898402,0.0,0.0,0.0,0.0,0.0
116142930549453302,0.0,0.0,0.0,0.0,0.0
116242928577698301,0.0,0.0,0.0,0.0,0.0
116242930137942201,0.0,0.0,0.0,0.0,0.0
116242930508328601,0.0,0.0,0.0,0.0,0.0
116342930537140702,0.0,0.0,0.0,0.0,0.0
116442929000220902,0.0,0.0,0.0,0.0,0.0
116442930516457902,0.0,0.0,0.0,0.0,0.0
116542930525090302,0.0,0.0,0.0,0.0,0.0
116542930529336002,0.0,0.0,0.0,0.0,0.0
116642930529136802,0.0,0.0,0.0,0.0,0.0
116642930539090401,0.0,0.0,0.0,0.0,0.0
116742928739525602,0.0,0.0,0.0,0.0,0.0
116742930532472902,0.0,0.0,0.0,0.0,0.0
116742930546334201,0.0,0.0,0.0,0.0,0.0
116842930454465301,0.0,0.0,0.0,0.0,0.0
117042930453153601,0.0,0.0,0.0,0.0,0.0
117042930548083602,0.0,0.0,0.0,0.0,0.0
117142930529346502,0.0,0.0,0.0,0.0,0.0
117242930542099701,0.0,0.0,0.0,0.0,0.0
117442930538907902,0.0,0.0,0.0,0.0,0.0
117642930521238202,0.0,0.0,0.0,0.0,0.0
117742930508207301,0.0,0.0,0.0,0.0,0.0
117742930530612302,0.0,0.0,0.0,0.0,0.0
117842930473510401,2.616161584854126,6.444480445421367,80.04203301260783,0.0,638.0035754896444
118242930535103802,0.0,0.0,0.0,0.0,0.0
118742929012963801,0.0,0.0,0.0,0.0,0.0
118742929424205701,0.0,0.0,0.0,0.0,0.0
118742930461810902,4.980769157409668,32.79521967290522,377.2802197802198,113.87158966064453,1705.3514032259093
118742930524063701,0.0,0.0,0.0,0.0,0.0
118742930527891202,0.0,0.0,0.0,0.0,0.0
118742930530890402,0.0,0.0,0.0,0.0,0.0
118742930533556102,0.0,0.0,0.0,0.0,0.0
118742930534065002,0.0,0.0,0.0,0.0,0.0
118842930455593301,0.0,0.0,0.0,0.0,0.0
119042929528989701,0.0,0.0,0.0,0.0,0.0
119142930531415701,0.0,0.0,0.0,0.0,0.0
119242930463926601,0.0,0.0,0.0,0.0,0.0
119442930526684402,0.0,0.0,0.0,0.0,0.0
119542930473450501,0.0,0.0,0.0,0.0,0.0
119642930460902801,0.0,0.0,0.0,0.0,0.0
119642930474784802,0.0,0.0,0.0,0.0,0.0
119642930543451002,0.0,0.0,0.0,0.0,0.0
119742930531276501,0.0,0.0,0.0,0.0,0.0
119942930518238201,0.0,0.0,0.0,0.0,0.0
119942930529966301,0.0,0.0,0.0,0.0,0.0
121242929321210202,0.0,0.0,0.0,0.0,0.0
121242930508820902,2.465909004211426,10.634444786741776,77.77839251584348,86.29351043701172,935.8311306023163
121242930520578002,0.0,185.79454313370917,222.96330177640675,19.12216567993164,371.58908626741834
121342930459339902,0.0,0.0,0.0,0.0,0.0
121342930532867601,0.0,0.0,0.0,0.0,0.0
121642928932197502,3.4225351810455322,8.073631138846611,278.00166795238,0.0,573.2278097729452
121642930531710102,0.0,0.0,0.0,0.0,0.0
121742928857169102,0.0,0.0,0.0,0.0,0.0
121942930532691902,4.5,13.502310338944495,129.9444949954504,70.90397644042969,675.1155314423802
122042930453747502,0.0,0.0,0.0,0.0,0.0
122142930476059801,0.0,0.0,0.0,0.0,0.0
122142930524050702,0.0,0.0,0.0,0.0,0.0
122242930516823202,0.0,0.0,0.0,0.0,0.0
122242930542103301,0.0,0.0,0.0,0.0,0.0
122342929604572701,0.0,0.0,0.0,0.0,0.0
122342930478315301,0.0,0.0,0.0,0.0,0.0
122342930518922302,0.0,0.0,0.0,0.0,0.0
122342930519827402,0.0,0.0,0.0,0.0,0.0
122642930459111602,0.0,0.0,0.0,0.0,0.0
122642930550255802,0.0,0.0,0.0,0.0,0.0
122742930457734301,0.0,0.0,0.0,0.0,0.0
122742930471847401,0.0,0.0,0.0,0.0,0.0
122842930473415802,0.0,0.0,0.0,0.0,0.0
122842930534949401,0.0,0.0,0.0,0.0,0.0
122842930544924201,0.0,0.0,0.0,0.0,0.0
122942929194588301,0.0,0.0,0.0,0.0,0.0
123042930475944402,0.0,0.0,0.0,0.0,0.0
123142930463041001,0.0,0.0,0.0,0.0,0.0
123142930474506401,0.0,0.0,0.0,0.0,0.0
123242929642362602,0.0,0.0,0.0,0.0,0.0
123442930527137401,0.0,0.0,0.0,0.0,0.0
123442930543516602,0.0,0.0,-0.13234826819192883,0.0,0.0
123542930548721902,0.0,0.0,0.0,0.0,0.0
123642930526093702,3.17391300201416,12.78898543368872,245.05460342766042,47.78688430786133,588.2933440985743
123642930543678502,0.0,6.248262017346139,25.35593884751078,17.157825469970703,124.96523669821194
123742930477029802,0.0,0.0,0.0,0.0,0.0
123742930480013402,0.0,0.0,0.0,0.0,0.0
123842930472867801,0.0,0.0,0.0,0.0,0.0
123942930458498402,0.0,0.0,0.0,0.0,0.0
124242930458525101,0.0,0.0,0.0,0.0,0.0
124242930509420702,0.0,0.0,0.0,0.0,0.0
124342930525826602,0.0,0.0,0.0,0.0,0.0
124342930527986701,0.0,0.0,0.0,0.0,0.0
124542930520334001,0.0,0.0,0.0,0.0,0.0
124742930477121702,0.0,0.0,0.0,0.0,0.0
124942927917484702,0.0,0.0,0.0,0.0,0.0
125042930526270701,0.0,0.0,0.0,0.0,0.0
125042930531186701,0.0,0.0,0.0,0.0,0.0
125142930542024401,3.440000057220459,16.804508428837952,143.8454157782516,40.36284637451172,420.112707792823
125242930523820602,4.800000190734863,31.54718723426871,221.7925170068027,24.559720993041992,315.47186694502017
125342930454820802,0.0,0.0,0.0,0.0,0.0
125442929568624202,0.0,0.0,0.0,0.0,0.0
125442929765978601,0.0,0.0,0.0,0.0,0.0
125442930529058102,0.0,0.0,0.0,0.0,0.0
125442930531011902,0.0,0.0,0.0,0.0,0.0
125742930453762001,0.0,0.0,0.0,0.0,0.0
125742930530905702,0.0,0.0,0.0,0.0,0.0
126142928602946801,0.0,0.0,0.0,0.0,0.0
126142930532118001,0.0,0.0,0.0,0.0,0.0
126442930456035301,0.0,0.0,0.0,0.0,0.0
126442930459684102,0.0,0.0,0.0,0.0,0.0
126542930458708001,0.0,0.0,0.0,0.0,0.0
126542930517020901,0.0,0.0,0.0,0.0,0.0
126542930526631202,0.0,0.0,0.0,0.0,0.0
126742930534060501,1.3333333730697632,1.9762499634001471,5.190871369294606,0.5889970660209656,5.928749890200442
126842930458679802,0.0,0.0,0.0,0.0,0.0
127042930509937601,7.333333492279053,29.029128903797865,70.9654739485248,8.283236503601074,87.08738793746076
127242930465170502,0.0,0.0,0.0,0.0,0.0
127342930544319402,0.0,0.0,0.0,0.0,0.0
127442930521046502,0.0,0.0,0.0,0.0,0.0
127442930526713101,0.0,0.0,0.0,0.0,0.0
127542929927508201,4.6533331871032715,15.64906865085194,291.0599294947121,88.9863052368164,1173.6801265017266
127742930538769502,0.0,0.0,0.0,0.0,0.0
127842930478658501,0.0,0.0,0.0,0.0,0.0
127942930476460801,0.0,0.0,0.0,0.0,0.0
128042930530738002,0.0,0.0,0.0,0.0,0.0
128042930530834301,0.0,0.0,0.0,0.0,0.0
128242930475470402,0.0,0.0,0.0,0.0,0.0
128242930533241301,0.0,0.0,0.0,0.0,0.0
128342930480027202,0.0,0.0,0.0,0.0,0.0
128442930525819801,0.0,0.0,0.0,0.0,0.0
128442930543538501,0.0,0.0,0.0,0.0,0.0
128542930509668001,0.0,0.0,0.0,0.0,0.0
128642930463054502,0.0,0.0,0.0,0.0,0.0
128642930516861302,0.0,0.0,0.0,0.0,0.0
129242930521771901,0.0,0.0,0.0,0.0,0.0
129342929605912602,0.0,0.0,0.0,0.0,0.0
129342930475939201,0.0,0.0,0.0,0.0,0.0
129442930457306502,0.7113401889801025,15.576181105269377,108.88374291115312,81.90980529785156,1510.8894952925482
129542928219724801,0.0,0.0,0.0,0.0,0.0
129542930532555102,0.0,0.0,0.0,0.0,0.0
129542930538128702,3.357142925262451,17.353017210318985,97.5903151421983,26.132110595703125,242.94223437650126
129642930544823502,0.0,0.0,0.0,0.0,0.0
129742930546105901,0.0,0.0,0.0,0.0,0.0
129742930549689001,0.0,0.0,0.0,0.0,0.0
129942930463915001,0.0,0.0,0.0,0.0,0.0
129942930517119002,0.0,0.0,0.0,0.0,0.0
131242930547233301,0.0,0.0,0.0,0.0,0.0
131342930449411402,0.0,0.0,0.0,0.0,0.0
131742930464510202,4.333333492279053,12.309382805182642,26.762722447705276,1.3206489086151123,36.92814902532782
131942930456273702,0.0,0.0,0.0,0.0,0.0
132042930544478501,0.0,0.0,0.0,0.0,0.0
132142930516846102,0.0,0.0,0.0,0.0,0.0
132142930543892602,4.222222328186035,6.578829813410956,29.177249120455688,6.2641282081604,59.2094694659386
132242930544450901,0.0,0.0,0.0,0.0,0.0
132242930546422601,0.0,0.0,0.0,0.0,0.0
132342930477421702,0.0,0.0,0.0,0.0,0.0
132342930525346801,3.3814432621002197,7.973369586770304,159.9739847715736,85.27470397949219,773.4168285466693
132442930316683302,7.0,5.659236505681818,5.66,0.4399794638156891,5.659236505681818
132642930457432501,0.0,0.0,0.0,0.0,0.0
132642930528427002,0.0,0.0,0.0,0.0,0.0
133042930530349202,0.0,0.0,0.0,0.0,0.0
133042930549781002,0.0,0.0,0.0,0.0,0.0
133242930477853802,3.5,54.24668653921955,75.0149783208514,3.4080326557159424,108.49336999901459
133342930526510901,0.0,0.0,0.0,0.0,0.0
133442929373095001,0.0,0.0,0.0,0.0,0.0
133742930510374501,0.0,0.0,0.0,0.0,0.0
133842928067730402,5.0,52.53916648582176,52.53703703703704,2.557884454727173,52.53916648582176
133942930515980301,0.0,543.8504892172524,543.8506389776358,34.097415924072266,543.8504892172524
133942930517455202,0.0,0.0,0.0,0.0,0.0
133942930519424601,0.0,0.0,0.0,0.0,0.0
134042929268266502,0.0,0.0,0.0,0.0,0.0
134142930456974502,0.0,0.0,0.0,0.0,0.0
134342930526904002,0.0,0.0,0.0,0.0,0.0
134342930541890202,0.0,0.0,0.0,0.0,0.0
134442928030278202,0.0,0.0,0.0,0.0,0.0
134442930530421902,0.0,0.0,0.0,0.0,0.0
134542928005472101,3.563218355178833,15.41876625096302,256.8031587057011,115.66605377197266,1341.4326433296012
134542930452103202,0.0,0.0,0.0,0.0,0.0
134542930479743002,0.0,0.0,0.0,0.0,0.0
134542930515885601,0.0,0.0,0.0,0.0,0.0
134642930516950001,0.0,0.0,0.0,0.0,0.0
134642930545090501,0.0,0.0,0.0,0.0,0.0
134942930519119102,0.0,0.0,0.0,0.0,0.0
134942930538026601,4.6315789222717285,9.10564601732337,109.51684782608696,36.66031265258789,346.0145467924035
135042930544385201,0.0,0.0,0.0,0.0,0.0
135142930528286501,0.0,0.0,0.0,0.0,0.0
135242929303665102,0.0,0.0,0.0,0.0,0.0
135442930470672302,0.0,0.0,0.0,0.0,0.0
135442930477857901,0.0,0.0,0.0,0.0,0.0
135442930507917802,0.0,0.0,0.0,0.0,0.0
135442930542827201,0.0,0.0,0.0,0.0,0.0
135542928235893302,2.7083332538604736,9.643757243154377,134.92238033635186,24.396440505981445,231.45018158353778
135642930479563102,3.232142925262451,8.310073569433927,191.38167360848163,51.323665618896484,465.3641265022714
135742930519956701,0.0,0.0,0.0,0.0,0.0
135842928236098401,0.0,0.0,0.0,0.0,0.0
135842930536357601,0.0,0.0,0.0,0.0,0.0
136042930476722802,0.0,0.0,0.0,0.0,0.0
136142930455392102,0.0,0.0,0.0,0.0,0.0
136142930458954702,0.0,0.0,0.0,0.0,0.0
136242930459147501,0.0,0.0,0.0,0.0,0.0
136242930477909801,0.0,0.0,0.0,0.0,0.0
136442929721382302,2.0,12.681133386345751,12.681007345225604,1.0197525024414062,12.681133386345751
136542928086560001,3.185185194015503,40.026634579613095,375.6170634920635,54.26006317138672,1080.719095986987
136542930528454802,0.0,0.0,0.0,0.0,0.0
136642929104783902,0.0,0.0,0.0,0.0,0.0
136642930473633302,0.0,0.0,0.0,0.0,0.0
136642930516789801,0.0,0.0,0.0,0.0,0.0
136642930523848802,0.0,0.0,0.0,0.0,0.0
136642930529001601,0.0,0.0,0.0,0.0,0.0
136642930529692001,0.0,0.0,0.0,0.0,0.0
136742930447072601,0.0,0.0,0.0,0.0,0.0
136742930524580802,0.0,0.0,0.0,0.0,0.0
136742930529409401,0.0,0.0,0.0,0.0,0.0
136842930473053701,0.0,0.0,0.0,0.0,0.0
136842930509823702,3.0090091228485107,7.913210004785938,248.69650626522798,70.9031982421875,878.3662906912117
137142930450130801,0.0,0.0,0.0,0.0,0.0
137142930542063202,0.0,0.0,0.0,0.0,0.0
137142930548214702,0.0,0.0,0.0,0.0,0.0
137242930534526902,0.0,0.0,0.0,0.0,0.0
137442928091164701,0.0,0.0,0.0,0.0,0.0
137442930473557502,0.0,0.0,0.0,0.0,0.0
137442930517981002,0.0,0.0,0.0,0.0,0.0
137642930535030001,0.0,0.0,0.0,0.0,0.0
137742930541310502,0.0,0.0,0.0,0.0,0.0
137842930529236702,0.0,0.0,0.0,0.0,0.0
138042930472490102,0.0,0.0,0.0,0.0,0.0
138042930532021202,0.0,0.0,0.0,0.0,0.0
138242930467934502,0.0,0.0,0.0,0.0,0.0
138242930516299601,0.0,0.0,0.0,0.0,0.0
138542930473712401,2.237623691558838,7.6567432001343185,86.33529214237744,67.5152816772461,773.3310322758333
138542930510041202,0.0,0.0,0.0,0.0,0.0
138642930447265701,5.590909004211426,13.825154622395834,84.01296296296296,32.6583251953125,304.1534078774629
138642930528352101,0.0,0.0,0.0,0.0,0.0
138742930466694401,0.0,0.0,0.0,0.0,0.0
138842930447969802,0.0,0.0,0.0,0.0,0.0
138842930510699801,0.0,0.0,0.0,0.0,0.0
139042930518753001,0.0,0.0,0.0,0.0,0.0
139242929091334801,5.375,15.05553486746109,111.89494163424125,11.878388404846191,120.44427720303665
139242930528119601,0.0,0.0,0.0,0.0,0.0
139342930529079402,0.0,0.0,0.0,0.0,0.0
139342930536041402,0.0,0.0,0.0,0.0,0.0
139642930470719502,0.0,0.0,0.0,0.0,0.0
139842927994817202,3.2592592239379883,11.052852265028331,255.8260655333826,83.09126281738281,1193.708047232448
139842930508561902,3.7419354915618896,10.030244180978823,269.484375,64.41606903076172,932.8126811153633
139942930542738402,0.0,0.0,0.0,0.0,0.0
141142929230384801,0.0,0.0,0.0,0.0,0.0
141342930533725002,0.0,0.0,0.0,0.0,0.0
141542927945008302,0.0,0.0,0.0,0.0,0.0
141942930527918802,0.0,0.0,0.0,0.0,0.0
142042928242898502,0.0,0.0,0.0,0.0,0.0
142242930521644402,0.0,0.0,0.0,0.0,0.0
142242930527228701,0.0,0.0,0.0,0.0,0.0
142342930479210702,0.0,0.0,0.0,0.0,0.0
142342930543992402,0.0,0.0,0.0,0.0,0.0
142542930456763202,0.0,0.0,0.0,0.0,0.0
142542930510792801,1.4259259700775146,13.509806474673203,65.76862745098039,80.74845886230469,729.5295686809067
142542930528712602,0.0,0.0,0.0,0.0,0.0
142642930466984202,0.0,0.0,0.0,0.0,0.0
142742930454799701,0.0,0.0,0.0,0.0,0.0
142742930545407002,0.0,0.0,0.0,0.0,0.0
142842930526424402,0.0,0.0,0.0,0.0,0.0
142942930519535801,0.0,0.0,0.0,0.0,0.0
142942930526801701,0.0,0.0,0.0,0.0,0.0
142942930544449401,0.0,0.0,0.0,0.0,0.0
143042930462302501,0.0,0.0,0.0,0.0,0.0
143342930519396801,4.609375,9.523305183478909,115.90754154239454,69.2904052734375,609.4915135907376
143442930473411701,0.0,0.0,0.0,0.0,0.0
143542930508193002,0.0,0.0,0.0,0.0,0.0
143942930476759202,0.0,0.0,0.0,0.0,0.0
143942930547024101,0.0,0.0,0.0,0.0,0.0
144042930518784002,0.0,0.0,0.0,0.0,0.0
144142930516627302,0.0,0.0,0.0,0.0,0.0
144242928758061801,0.0,0.0,0.0,0.0,0.0
144342930516888102,0.0,0.0,0.0,0.0,0.0
144342930536405301,4.0,7.9243936446870675,69.75543328748279,16.856374740600586,150.56347292778085
144342930546083402,0.0,0.0,0.0,0.0,0.0
144442930475711802,0.0,0.0,0.0,0.0,0.0
144542930477317802,0.0,0.0,0.0,0.0,0.0
144642930465883002,0.0,0.0,0.0,0.0,0.0
144642930473806401,0.0,0.0,0.0,0.0,0.0
144642930532617302,0.0,0.0,0.0,0.0,0.0
144742930542766901,0.0,0.0,0.0,0.0,0.0
144842930530614201,0.0,0.0,0.0,0.0,0.0
144942930519506501,0.0,0.0,0.0,0.0,0.0
145042930473345201,0.0,0.0,0.0,0.0,0.0
145042930516473101,5.279069900512695,17.58637222782258,257.741935483871,82.33856201171875,756.2140288937476
145142930461490302,0.1875,11.39197205660636,6.035087719298246,54.46100616455078,546.8146801329495
145242930530017602,0.0,0.0,0.0,0.0,0.0
145342929703889902,213.0,10.761740355365044,10.761799410029498,0.6602194309234619,10.761740355365044
145542930449651701,0.0,0.0,0.0,0.0,0.0
145542930461706001,0.0,0.0,0.0,0.0,0.0
145542930537934402,0.0,0.0,0.0,0.0,0.0
145642930539008501,0.0,0.0,0.0,0.0,0.0
145842930447522202,0.0,0.0,0.0,0.0,0.0
145842930541202802,0.0,0.0,0.0,0.0,0.0
145942929820831802,0.0,0.0,0.0,0.0,0.0
146142930450300301,1.4013605117797852,21.31556476053259,545.191573926868,204.90106201171875,3133.3880705810693
146142930463763601,0.0,0.0,0.0,0.0,0.0
146242930520059602,0.0,0.0,0.0,0.0,0.0
146542930451341801,0.0,0.0,0.0,0.0,0.0
146642930536166401,0.0,0.0,0.0,0.0,0.0
146642930542554401,3.5999999046325684,12.007238676665674,50.37482740883125,12.71657657623291,120.07239029620959
146742930476644701,0.0,0.0,0.0,0.0,0.0
146742930509457302,0.0,0.0,0.0,0.0,0.0
146842930530364101,0.0,0.0,0.0,0.0,0.0
146842930542607102,0.0,0.0,0.0,0.0,0.0
146942928726482201,0.0,0.0,0.0,0.0,0.0
147042929295093101,0.0,0.0,0.0,0.0,0.0
147042930517911201,0.0,0.0,0.0,0.0,0.0
147342930463839802,3.9487178325653076,5.462601645493375,99.059139196145,29.59326171875,213.04145882673038
147442930452303701,0.0,0.0,0.0,0.0,0.0
147442930533789501,0.0,0.0,0.0,0.0,0.0
147542930462402502,0.0,0.0,0.0,0.0,0.0
147642929372880402,0.0,0.0,0.0,0.0,0.0
147642930528895902,0.0,0.0,0.0,0.0,0.0
147842930535076502,0.0,0.0,0.0,0.0,0.0
148042930511023901,0.0,0.0,0.0,0.0,0.0
148142930539768402,0.0,0.0,0.0,0.0,0.0
148242929249038602,0.0,0.0,0.0,0.0,0.0
148342930537454201,0.0,0.0,0.0,0.0,0.0
148542930479380901,0.0,0.0,0.0,0.0,0.0
148642930479971702,0.0,0.0,0.0,0.0,0.0
148942930528636601,0.0,0.0,0.0,0.0,0.0
149042930519576702,0.0,0.0,0.0,0.0,0.0
149242930469838702,3.4100000858306885,8.377335665679364,388.05578884223155,104.17113494873047,837.7335587737799
149242930523100401,0.0,0.0,0.0,0.0,0.0
149242930528314001,0.0,0.0,0.0,0.0,0.0
149242930538102502,0.0,0.0,0.0,0.0,0.0
149342930456788201,0.0,0.0,0.0,0.0,0.0
149542928726666202,0.0,0.0,0.0,0.0,0.0
149642928653501701,5.454545497894287,10.310872395833334,68.66666666666667,11.920465469360352,113.41960001065068
149642930464155901,0.0,0.0,0.0,0.0,0.0
149842930518260702,0.0,0.0,0.0,0.0,0.0
149842930550702801,0.0,0.0,0.0,0.0,0.0
151342930508974301,0.0,0.0,0.0,0.0,0.0
151542930475519001,0.0,0.0,0.0,0.0,0.0
151742927963730101,0.0,0.0,0.0,0.0,0.0
151842930448135701,0.0,0.0,0.0,0.0,0.0
151842930463750102,0.0,0.0,0.0,0.0,0.0
151942930544978002,0.0,0.0,0.0,0.0,0.0
152042930464035102,0.0,0.0,0.0,0.0,0.0
152042930477182301,0.0,0.0,0.0,0.0,0.0
152042930531609501,0.0,0.0,0.0,0.0,0.0
152142930534314602,0.0,0.0,0.0,0.0,0.0
152242930543096402,0.0,0.0,0.0,0.0,0.0
152342928770281901,3.0,11.208955014749263,23.198961651917404,7.9067254066467285,100.88059725294985
152342930450686901,0.0,0.0,0.0,0.0,0.0
152542930476846501,0.0,0.0,0.0,0.0,0.0
153142930542972702,0.0,0.0,0.0,0.0,0.0
153342930458996002,0.0,0.0,0.0,0.0,0.0
153342930475440202,0.0,0.0,0.0,0.0,0.0
153442930467893301,0.0,0.0,0.0,0.0,0.0
153642930449164501,0.0,0.0,0.0,0.0,0.0
153642930516703902,0.0,0.0,0.0,0.0,0.0
153842930524916302,0.0,0.0,0.0,0.0,0.0
153942930516129101,0.0,0.0,0.0,0.0,0.0
154142928025264602,0.0,0.0,0.0,0.0,0.0
154142930537343902,0.0,0.0,0.0,0.0,0.0
154342930515951901,0.0,0.0,0.0,0.0,0.0
154342930521332601,3.8636362552642822,10.955962556546254,216.4593522585721,77.13711547851562,964.1247065926837
154342930532730101,2.200000047683716,1.9878788584286404,4.929123711340206,0.7991229891777039,9.9393943757126
154342930544862901,7.0,43.329406133972775,293.3168316831683,18.720726013183594,346.6352508847076
154442930342690301,0.0,0.0,0.0,0.0,0.0
154542930547669701,0.0,0.0,0.0,0.0,0.0
154642930450207102,0.0,0.0,0.0,0.0,0.0
154642930453645502,4.2833333015441895,8.499961118980659,119.99772529881302,73.64779663085938,509.99766742617635
154742928946604302,0.0,0.0,0.0,0.0,0.0
154842930457094601,0.0,0.0,0.0,0.0,0.0
154942930521003602,4.628571510314941,8.945722515425679,66.3196062118691,26.119415283203125,313.1002850820803
155042930546029701,0.0,0.0,0.0,0.0,0.0
155142930532843201,0.0,0.0,0.0,0.0,0.0
155342930473738501,0.0,0.0,0.0,0.0,0.0
155442928135508801,0.0,0.0,0.0,0.0,0.0
155442930458741801,0.0,0.0,0.0,0.0,0.0
155442930546716402,3.6666667461395264,7.486881645862228,36.74133148404993,6.0159735679626465,44.92128931081686
155542930467099901,0.0,0.0,0.0,0.0,0.0
155642930519275401,0.0,0.0,0.0,0.0,0.0
155642930546746501,0.0,0.0,0.0,0.0,0.0
155942930517438602,0.0,0.0,0.0,0.0,0.0
155942930525766602,0.0,0.0,0.0,0.0,0.0
156042930537289702,6.0,42.34923604124749,42.34909456740443,2.8473849296569824,42.34923604124749
156342930522775202,0.0,0.0,0.0,0.0,0.0
156642929575390702,0.0,0.0,0.0,0.0,0.0
156742930529460202,0.0,0.0,0.0,0.0,0.0
156842930516325302,0.0,0.0,0.0,0.0,0.0
156942930521143101,0.0,0.0,0.0,0.0,0.0
157042928932618502,0.0,0.0,0.0,0.0,0.0
157042930474743902,0.0,0.0,0.0,0.0,0.0
157242930550208302,0.0,0.0,0.0,0.0,0.0
157342930469553702,0.0,0.0,0.0,0.0,0.0
157442930527548402,3.799999952316284,6.30664431511471,54.575438596491225,33.399658203125,315.33221256806945
157642930523961501,0.0,0.0,0.0,0.0,0.0
157742930545228701,0.0,0.0,0.0,0.0,0.0
157842930467986402,0.0,0.0,0.0,0.0,0.0
157842930474296502,0.0,0.0,0.0,0.0,0.0
157842930529640802,0.0,0.0,0.0,0.0,0.0
157942930475444302,0.0,0.0,0.0,0.0,0.0
158042930463092601,0.0,0.0,0.0,0.0,0.0
158042930478706402,0.0,0.0,0.0,0.0,0.0
158142929189241902,0.0,0.0,0.0,0.0,0.0
158242927979933702,0.0,0.0,0.0,0.0,0.0
158342930478366301,0.0,0.0,0.0,0.0,0.0
158342930516054701,0.0,0.0,0.0,0.0,0.0
158342930526117801,0.0,0.0,0.0,0.0,0.0
158442930519045901,0.0,0.0,0.0,0.0,0.0
158742930467019501,6.345454692840576,23.008893555977544,379.2113606340819,97.15889739990234,1265.489111432941
158742930533543501,0.0,0.0,0.0,0.0,0.0
158742930541831501,0.0,0.0,0.0,0.0,0.0
158842930544096501,0.0,0.0,0.0,0.0,0.0
158942930510998002,0.0,0.0,0.0,0.0,0.0
158942930526499202,0.0,0.0,0.0,0.0,0.0
159142928135435302,0.0,0.0,0.0,0.0,0.0
159142930465136102,0.0,0.0,0.0,0.0,0.0
159342930458732502,0.0,0.0,0.0,0.0,0.0
159342930525299201,0.0,0.0,0.0,0.0,0.0
159442930509101502,0.0,0.0,0.0,0.0,0.0
159542930515787101,0.0,0.0,0.0,0.0,0.0
159642929166032802,0.0,0.0,0.0,0.0,0.0
159642930549182602,0.0,0.0,0.0,0.0,0.0
159842930524167302,0.0,0.0,0.0,0.0,0.0
161142930541557502,0.0,0.0,0.0,0.0,0.0
161542929309260302,0.0,0.0,0.0,0.0,0.0
161542930531648401,0.0,0.0,0.0,0.0,0.0
161642930467750602,0.0,0.0,0.0,0.0,0.0
161642930549932401,2.8064515590667725,16.583357545626722,767.763085399449,145.26956176757812,2056.336354187369
161742930524729901,0.0,0.0,0.0,0.0,0.0
161942930445609901,0.0,0.0,0.0,0.0,0.0
161942930458787802,0.0,0.0,0.0,0.0,0.0
161942930533316402,0.0,0.0,0.0,0.0,0.0
162042930527284502,0.0,0.0,0.0,0.0,0.0
162242930545636301,0.0,0.0,0.0,0.0,0.0
162342930453250801,0.0,0.0,0.0,0.0,0.0
162342930454060301,3.3333332538604736,11.90167374834531,84.19969742813919,11.147834777832031,107.11506664374232
162442930530754802,1.0,32.08850676838102,32.08837377761681,2.6927435398101807,32.08850676838102
162442930531321102,0.0,0.0,0.0,0.0,0.0
162542930549518202,0.0,0.0,0.0,0.0,0.0
162642928676339002,0.0,0.0,0.0,0.0,0.0
162742930541386401,0.0,0.0,0.0,0.0,0.0
163342930450908301,0.0,0.0,0.0,0.0,0.0
163342930473979502,0.0,0.0,0.0,0.0,0.0
163442930530935502,0.0,0.0,0.0,0.0,0.0
163442930539694902,0.0,0.0,0.0,0.0,0.0
163942930544633802,0.0,0.0,0.0,0.0,0.0
164042930460051801,0.0,0.0,0.0,0.0,0.0
164142930540465502,0.0,0.0,0.0,0.0,0.0
164242930447341201,0.0,0.0,0.0,0.0,0.0
164442929816278102,0.0,0.0,0.0,0.0,0.0
164442930540918602,3.735849142074585,10.516497635073677,82.837183918501,64.740966796875,557.3743821953087
164542930519765302,0.0,0.0,0.0,0.0,0.0
164642930461808702,0.0,0.0,0.0,0.0,0.0
164642930463614001,0.0,0.0,0.0,0.0,0.0
164942930533952001,3.2761905193328857,12.185694640405735,283.7936241610738,104.08961486816406,1279.4979416275257
165442928043802902,0.0,0.0,0.0,0.0,0.0
165442930517273502,0.0,0.0,0.0,0.0,0.0
165542930460232502,0.0,0.0,0.0,0.0,0.0
165542930549612201,0.0,0.0,0.0,0.0,0.0
165742929341386202,0.0,0.0,0.0,0.0,0.0
165742930508698002,0.0,0.0,0.0,0.0,0.0
165742930532248602,0.0,0.0,0.0,0.0,0.0
165842930012164202,0.0,0.0,0.0,0.0,0.0
165842930455941702,0.0,0.0,0.0,0.0,0.0
165842930518748802,2.6666667461395264,17.952273320492512,53.45161290322581,3.754812002182007,53.85681883640553
166042930524047202,0.0,0.0,0.0,0.0,0.0
166342930527989502,0.0,0.0,0.0,0.0,0.0
166542930474173501,0.0,0.0,0.0,0.0,0.0
166642930509729801,0.0,0.0,0.0,0.0,0.0
166842930477693702,0.0,0.0,0.0,0.0,0.0
166942930446842501,0.0,0.0,0.0,0.0,0.0
166942930516676602,0.0,0.0,0.0,0.0,0.0
167142929091270702,0.0,0.0,0.0,0.0,0.0
167142929091319102,4.333333492279053,7.310534230266434,25.340637450199203,3.0969903469085693,43.863206840606324
167242930473687902,0.0,0.0,0.0,0.0,0.0
167242930550454301,0.0,0.0,0.0,0.0,0.0
167342930453887901,0.0,0.0,0.0,0.0,0.0
167342930476156602,0.0,0.0,0.0,0.0,0.0
167342930531512902,0.0,0.0,0.0,0.0,0.0
167442930473715802,0.0,0.0,0.0,0.0,0.0
167442930524318301,0.0,0.0,0.0,0.0,0.0
167542929021132401,0.0,0.0,0.0,0.0,0.0
167642929703741002,0.0,0.0,0.0,0.0,0.0
167642929946319602,0.0,0.0,0.0,0.0,0.0
167642930464043701,0.0,0.0,0.0,0.0,0.0
167842930517704901,0.0,0.0,0.0,0.0,0.0
167942930451477101,0.0,0.0,0.0,0.0,0.0
167942930460089502,0.0,0.0,0.0,0.0,0.0
167942930530333001,186.0,0.05612441111431593,0.05614844726468609,0.00832543894648552,0.05612441111431593
168142930510642701,0.0,0.0,0.0,0.0,0.0
168242930517025502,0.0,0.0,0.0,0.0,0.0
168342929385464201,0.0,0.0,0.0,0.0,0.0
168342930519986502,0.0,0.0,0.0,0.0,0.0
168442927948912302,3.5999999046325684,8.950100727201258,121.52955974842767,32.7598876953125,358.00402170497165
168542929456942701,0.0,0.0,0.0,0.0,0.0
168542930515726001,0.0,0.0,0.0,0.0,0.0
168542930533980102,0.0,0.0,0.0,0.0,0.0
168642930529431702,0.0,0.0,0.0,0.0,0.0
168842929687124301,0.0,0.0,0.0,0.0,0.0
168942930531666302,0.0,0.0,0.0,0.0,0.0
168942930549296402,0.0,0.0,0.0,0.0,0.0
169242930452916401,0.0,0.0,0.0,0.0,0.0
169442930525777302,0.0,0.0,0.0,0.0,0.0
169542930460793202,0.0,0.0,0.0,0.0,0.0
169542930526167301,0.0,0.0,0.0,0.0,0.0
169542930531102902,0.0,0.0,0.0,0.0,0.0
169642930544551501,0.0,0.0,0.0,0.0,0.0
169742930545230402,0.0,0.0,0.0,0.0,0.0
169842930460896602,0.0,0.0,0.0,0.0,0.0
169842930525450402,0.0,0.0,0.0,0.0,0.0
169942928779211601,0.0,0.0,0.0,0.0,0.0
171242930451390501,5.44444465637207,26.72631576764862,253.35562632696391,35.985076904296875,721.6105302620339
171442930537661702,0.0,0.0,0.0,0.0,0.0
171542930474857101,0.0,0.0,0.0,0.0,0.0
171642930528089402,0.0,0.0,0.0,0.0,0.0
171642930545331501,0.0,0.0,0.0,0.0,0.0
171642930548872901,0.0,0.0,0.0,0.0,0.0
171742930469562402,0.0,0.0,0.0,0.0,0.0
171742930547131501,0.0,0.0,0.0,0.0,0.0
171842930464726602,0.0,0.0,0.0,0.0,0.0
171842930474320601,0.0,0.0,0.0,0.0,0.0
171942930537327601,0.0,0.0,0.0,0.0,0.0
172242930457255402,0.0,0.0,0.0,0.0,0.0
172342930453413201,0.0,0.0,0.0,0.0,0.0
172342930526656302,0.0,0.0,0.0,0.0,0.0
172442930461991502,0.0,0.0,0.0,0.0,0.0
172442930516550001,0.0,0.0,0.0,0.0,0.0
172442930519165302,0.0,0.0,0.0,0.0,0.0
172442930532392601,0.0,0.0,0.0,0.0,0.0
172542930479622601,0.0,0.0,0.0,0.0,0.0
172642930519336001,0.0,0.0,0.0,0.0,0.0
172742930527843301,0.0,0.0,0.0,0.0,0.0
172942930455034402,0.0,0.0,0.0,0.0,0.0
172942930519421902,4.666666507720947,6.618306024692263,18.60023446658851,2.3994598388671875,19.85491778786269
173042930533913101,0.0,0.0,0.0,0.0,0.0
173142928932478502,0.0,0.0,0.0,0.0,0.0
173142930531959201,0.0,0.0,0.0,0.0,0.0
173242930458027501,3.694117546081543,7.8122248103562,227.03271767810025,80.05670928955078,664.03909264718
173342930511232501,0.0,0.0,0.0,0.0,0.0
173342930526722801,0.0,0.0,0.0,0.0,0.0
173742930479305901,0.0,0.0,0.0,0.0,0.0
173742930534262602,0.0,0.0,0.0,0.0,0.0
173842930533276002,0.0,0.0,0.0,0.0,0.0
174042930461713401,0.0,0.0,0.0,0.0,0.0
174042930516249201,5.789473533630371,16.69557825307377,170.6655737704918,30.120325088500977,317.2159793499389
174042930548710301,0.0,0.0,0.0,0.0,0.0
174242929514158301,0.0,0.0,0.0,0.0,0.0
174242930538951702,0.0,0.0,0.0,0.0,0.0
174442930054961402,0.0,0.0,0.0,0.0,0.0
174542930452423502,0.0,0.0,0.0,0.0,0.0
174642929385350302,0.0,0.0,0.0,0.0,0.0
174742928236055201,0.0,0.0,0.0,0.0,0.0
174842930469978501,0.0,0.0,0.0,0.0,0.0
174842930478757801,0.0,0.0,0.0,0.0,0.0
174942930455252701,0.0,0.0,0.0,0.0,0.0
174942930529771102,0.0,0.0,0.0,0.0,0.0
175042930541851802,0.0,0.0,0.0,0.0,0.0
175042930546232402,0.0,0.0,0.0,0.0,0.0
175142930455190102,0.0,0.0,0.0,0.0,0.0
175142930480181001,0.0,0.0,0.0,0.0,0.0
175142930529037101,3.1909091472625732,6.1686100210566615,224.1967840735069,75.09454345703125,678.5471215638048
175342930454055602,0.0,0.0,0.0,0.0,0.0
175342930457543401,0.0,0.0,0.0,0.0,0.0
175342930508312801,0.0,0.0,0.0,0.0,0.0
175442930515676102,0.0,0.0,0.0,0.0,0.0
175442930523935601,0.0,0.0,0.0,0.0,0.0
175442930525537602,0.0,0.0,0.0,0.0,0.0
175542930517516502,0.0,0.0,0.0,0.0,0.0
175842930518895102,0.0,0.0,0.0,0.0,0.0
175842930522254701,0.0,0.0,0.0,0.0,0.0
176042930544553402,0.0,0.0,0.0,0.0,0.0
176142930480559002,0.0,0.0,0.0,0.0,0.0
176242930523833802,0.0,0.0,0.0,0.0,0.0
176342929201182702,0.0,0.0,0.0,0.0,0.0
176442928242942002,0.0,0.0,0.0,0.0,0.0
176442930548703702,0.0,0.0,0.0,0.0,0.0
176542930469300802,0.0,0.0,0.0,0.0,0.0
176642930543382501,0.0,0.0,0.0,0.0,0.0
176742930477931002,4.714285850524902,103.0688143643466,677.2159090909091,23.804697036743164,721.4817182367498
176942930476904801,0.0,0.0,0.0,0.0,0.0
176942930478602102,0.0,0.0,0.0,0.0,0.0
177042930546702502,0.0,0.0,0.0,0.0,0.0
177342930462158901,0.0,0.0,0.0,0.0,0.0
177342930530273402,0.0,0.0,0.0,0.0,0.0
177342930546684601,1.9666666984558105,11.781628156787093,69.35005261311821,52.72970962524414,706.8977013102584
177542930508507301,0.0,0.0,0.0,0.0,0.0
177642930453702301,0.0,0.0,0.0,0.0,0.0
177742930456060701,0.0,0.0,0.0,0.0,0.0
177842930460193901,0.0,0.0,0.0,0.0,0.0
178042930479266802,0.0,0.0,0.0,0.0,0.0
178142930462707102,0.0,0.0,0.0,0.0,0.0
178142930528847201,0.0,0.0,0.0,0.0,0.0
178142930543623401,0.0,0.0,0.0,0.0,0.0
178542930476543901,0.0,0.0,0.0,0.0,0.0
178642930459055902,0.0,0.0,0.0,0.0,0.0
178642930460996501,0.0,0.0,0.0,0.0,0.0
178642930528419301,0.0,0.0,0.0,0.0,0.0
178842928062695402,0.0,0.0,0.0,0.0,0.0
178942930474454801,0.0,0.0,0.0,0.0,0.0
179142930463396901,0.0,0.0,0.0,0.0,0.0
179342928213854001,0.0,0.0,0.0,0.0,0.0
179342930546197102,0.0,0.0,0.0,0.0,0.0
179542930525133101,0.0,0.0,0.0,0.0,0.0
179842930449428701,0.0,0.0,0.0,0.0,0.0
179842930510259202,3.029411792755127,10.756567599592033,118.98752099832014,71.9083023071289,731.4465830203067
179842930538524902,0.0,0.0,0.0,0.0,0.0
179942930549169901,0.0,0.0,0.0,0.0,0.0
181142929703907301,0.0,0.0,0.0,0.0,0.0
181142930523877701,0.0,0.0,0.0,0.0,0.0
181142930527486402,3.0,17.716425433317283,239.68993740972556,41.28001403808594,921.2541342105898
181242930509374402,0.0,0.0,0.0,0.0,0.0
181342930521827301,4.380281925201416,7.7574172967146415,98.3763891419202,55.0732307434082,550.776613537207
181442930476085601,0.0,0.0,0.0,0.0,0.0
181442930543003101,0.0,0.0,0.0,0.0,0.0
181642930464002802,0.0,0.0,0.0,0.0,0.0
181742930531711401,0.0,0.0,0.0,0.0,0.0
182242930537956102,0.0,0.0,0.0,0.0,0.0
182342929012808301,0.0,0.0,0.0,0.0,0.0
182342930541689202,0.0,0.0,0.0,0.0,0.0
182442930456071301,0.0,0.0,0.0,0.0,0.0
182942930469857701,0.0,0.0,0.0,0.0,0.0
183042930475213801,0.0,0.0,0.0,0.0,0.0
183042930517930602,0.0,0.0,0.0,0.0,0.0
183042930530573402,0.0,0.0,0.0,0.0,0.0
183142930518918701,0.0,0.0,0.0,0.0,0.0
183542930509064901,0.0,0.0,0.0,0.0,0.0
183642930531972901,0.0,0.0,0.0,0.0,0.0
183742930525710802,0.0,0.0,0.0,0.0,0.0
183742930527080001,0.0,0.0,0.0,0.0,0.0
184142930507781401,0.0,0.0,0.0,0.0,0.0
184242930458791701,0.0,0.0,0.0,0.0,0.0
184442930455796202,0.0,0.0,0.0,0.0,0.0
184442930517219702,0.0,0.0,0.0,0.0,0.0
184442930544068301,0.0,0.0,0.0,0.0,0.0
184542930473060602,0.0,0.0,0.0,0.0,0.0
184542930521086801,5.666666507720947,24.78661139279801,73.45033112582782,8.293717384338379,74.35983660363203
184642930462171501,0.0,0.0,0.0,0.0,0.0
184642930524539701,2.5,2.8944514658806995,12.65534041224235,5.644830703735352,34.73341643162477
184742929839739802,0.0,0.0,0.0,0.0,0.0
184842929021081301,0.0,0.0,0.0,0.0,0.0
184842930463990202,0.0,0.0,0.0,0.0,0.0
185242930475044302,0.0,0.0,0.0,0.0,0.0
185242930508862201,0.0,0.0,0.0,0.0,0.0
185242930549979501,0.0,0.0,0.0,0.0,0.0
185342930472893601,4.333333492279053,12.58486877019462,70.30507965133755,0.0,113.26382498573462
185342930542156801,0.0,0.0,0.0,0.0,0.0
185442930539869301,0.0,0.0,0.0,0.0,0.0
185642930527158702,0.0,0.0,0.0,0.0,0.0
185742930316791302,0.0,0.0,0.0,0.0,0.0
185742930531538401,3.3465347290039062,11.722704954109906,240.5069268067421,76.87989044189453,1183.9932094777437
185942930529803701,0.0,0.0,0.0,0.0,0.0
186242930525209502,0.0,0.0,0.0,0.0,0.0
186342930457277601,0.0,0.0,0.0,0.0,0.0
186342930526904701,0.0,0.0,0.0,0.0,0.0
186442930519296301,3.0487804412841797,7.475947773663295,114.22080924855491,32.864288330078125,306.5138576000412
186442930549950901,0.0,0.0,0.0,0.0,0.0
186542930507655802,0.0,0.0,0.0,0.0,0.0
186742930451038602,0.0,0.0,0.0,0.0,0.0
186842930478135802,0.0,0.0,0.0,0.0,0.0
187042930475738102,0.0,0.0,0.0,0.0,0.0
187242930521653902,0.0,0.0,0.0,0.0,0.0
187442930519530002,0.0,0.0,0.0,0.0,0.0
187642930455584402,0.0,0.0,0.0,0.0,0.0
187642930527571602,0.0,0.0,0.0,0.0,0.0
187742930446810702,0.0,0.0,0.0,0.0,0.0
187742930459631002,0.0,0.0,0.0,0.0,0.0
187742930522129302,0.0,0.0,0.0,0.0,0.0
187742930531273002,0.0,0.0,0.0,0.0,0.0
187842930460474102,3.1578948497772217,8.147910264049171,133.20697441043652,77.26870727539062,774.0514603005662
187842930463290001,0.0,0.0,0.0,0.0,0.0
187942930524637001,0.0,0.0,0.0,0.0,0.0
187942930528980602,0.0,0.0,0.0,0.0,0.0
188242929013166301,5.0,15.73797177596831,15.738028169014084,1.7327543497085571,15.73797177596831
188242930464850202,0.0,0.0,0.0,0.0,0.0
188242930522584702,0.0,0.0,0.0,0.0,0.0
188342930526586002,0.0,0.0,0.0,0.0,0.0
188442930457576502,0.0,0.0,0.0,0.0,0.0
188442930534496402,0.0,0.0,0.0,0.0,0.0
188642929800356701,0.0,0.0,0.0,0.0,0.0
188742928316187402,0.0,0.0,0.0,0.0,0.0
188742930515997302,0.0,0.0,0.0,0.0,0.0
189142930445491702,0.0,0.0,0.0,0.0,0.0
189242928087944401,0.0,0.0,0.0,0.0,0.0
189442930529519802,0.0,0.0,0.0,0.0,0.0
189442930532402802,0.0,0.0,0.0,0.0,0.0
189542930532566802,0.0,0.0,0.0,0.0,0.0
189742927986105002,3.0,12.38694131147097,12.38734835355286,1.3641009330749512,12.38694131147097
189742930517890202,0.0,0.0,0.0,0.0,0.0
189942930526846502,0.0,0.0,0.0,0.0,0.0
191142930477001502,0.0,0.0,0.0,0.0,0.0
191242928823204201,0.0,0.0,0.0,0.0,0.0
191342930457253501,0.0,0.0,0.0,0.0,0.0
191342930516577602,0.0,0.0,0.0,0.0,0.0
191342930525032501,4.095238208770752,35.594478777985074,264.2761194029851,67.2113037109375,747.4840167600718
191342930539983202,0.0,0.0,0.0,0.0,0.0
191342930541755801,0.0,0.0,0.0,0.0,0.0
191442930462855702,0.0,0.0,0.0,0.0,0.0
191442930542916701,2.7333333492279053,7.389548915758264,106.42462878366729,34.8985595703125,443.37292583047196
191942930462739701,0.0,0.0,0.0,0.0,0.0
191942930517330601,0.0,0.0,0.0,0.0,0.0
192042930472522002,0.0,0.0,0.0,0.0,0.0
192442930528707601,0.0,0.0,0.0,0.0,0.0
192542930545880701,0.0,0.0,0.0,0.0,0.0
192642930462426001,0.0,0.0,0.0,0.0,0.0
192642930466614901,0.0,0.0,0.0,0.0,0.0
192642930517070502,0.0,0.0,0.0,0.0,0.0
193142928888081701,0.0,0.0,0.0,0.0,0.0
193142930516186502,0.0,0.0,0.0,0.0,0.0
193242929947863901,0.0,0.0,0.0,0.0,0.0
193242930529969302,0.0,0.0,0.0,0.0,0.0
193442930518696401,0.0,0.0,0.0,0.0,0.0
193842928176142301,0.0,0.0,0.0,0.0,0.0
193842930534095702,0.0,0.0,0.0,0.0,0.0
193942930458399401,0.0,0.0,0.0,0.0,0.0
194042929309310102,0.0,0.0,0.0,0.0,0.0
194242929166198701,0.0,0.0,0.0,0.0,0.0
194242930531402601,3.75,4.877106715815728,7.873239436619718,1.794265866279602,19.508427221450447
194342930525935501,0.0,0.0,0.0,0.0,0.0
194542930544892701,0.0,0.0,0.0,0.0,0.0
194642930461157702,0.0,0.0,0.0,0.0,0.0
194642930462519702,0.0,0.0,0.0,0.0,0.0
194642930545150301,0.0,0.0,0.0,0.0,0.0
194642930546396201,0.0,0.0,0.0,0.0,0.0
194742930533156002,0.0,0.0,0.0,0.0,0.0
194742930548711401,0.0,0.0,0.0,0.0,0.0
194842930528510301,0.0,0.0,0.0,0.0,0.0
194842930532490002,0.0,0.0,0.0,0.0,0.0
195142930450872301,4.859649181365967,5.681371670663257,153.01170988532178,52.53642654418945,323.8381960191663
195142930540612502,0.0,0.0,0.0,0.0,0.0
195342928779164901,0.0,0.0,0.0,0.0,0.0
195442930454031802,0.0,0.0,0.0,0.0,0.0
195742929321180801,0.0,0.0,0.0,0.0,0.0
195742929476628902,0.0,0.0,0.0,0.0,0.0
195742930478077902,0.0,0.0,0.0,0.0,0.0
195942930456866702,0.0,0.0,0.0,0.0,0.0
195942930473561901,0.0,0.0,0.0,0.0,0.0
195942930532109202,0.0,0.0,0.0,0.0,0.0
196042930540599302,4.561403274536133,12.674329954564373,240.55160932297449,77.33538055419922,722.436830811707
196242930528428102,0.0,0.0,0.0,0.0,0.0
196242930528957301,0.0,0.0,0.0,0.0,0.0
196442930527100201,0.0,0.0,0.0,0.0,0.0
196542930536473202,0.0,0.0,0.0,0.0,0.0
196642930516978601,0.0,0.0,0.0,0.0,0.0
196842930540591201,0.0,0.0,0.0,0.0,0.0
196942929885937002,0.0,0.0,0.0,0.0,0.0
197142928135571602,0.0,0.0,0.0,0.0,0.0
197142930526756002,0.0,0.0,0.0,0.0,0.0
197142930529403302,0.0,0.0,0.0,0.0,0.0
197242930518932201,0.0,0.0,0.0,0.0,0.0
197342930455782501,0.0,0.0,0.0,0.0,0.0
197342930462733702,0.0,0.0,0.0,0.0,0.0
197542929575341802,0.0,0.0,0.0,0.0,0.0
197642930528232101,0.0,0.0,0.0,0.0,0.0
197742930548902501,0.0,0.0,0.0,0.0,0.0
197942929165986602,0.0,0.0,0.0,0.0,0.0
197942930508734101,0.0,0.0,0.0,0.0,0.0
197942930541585801,0.0,0.0,0.0,0.0,0.0
198142930550292001,0.0,0.0,0.0,0.0,0.0
198542930542434002,0.0,0.0,0.0,0.0,0.0
198742930458981302,0.0,0.0,0.0,0.0,0.0
198942930550515102,0.0,0.0,0.0,0.0,0.0
199042930461844201,0.0,0.0,0.0,0.0,0.0
199042930548544802,0.0,0.0,0.0,0.0,0.0
199142930541839502,0.0,0.0,0.0,0.0,0.0
199242930451638001,0.0,0.0,0.0,0.0,0.0
199242930462005002,0.0,0.0,0.0,0.0,0.0
199542930509304402,0.0,0.0,0.0,0.0,0.0
199542930510230901,0.0,0.0,0.0,0.0,0.0
199642930454548302,0.0,0.0,0.0,0.0,0.0
199742930449773702,0.0,0.0,0.0,0.0,0.0
199842929126793302,0.0,0.0,0.0,0.0,0.0
199942930530867601,0.0,0.0,0.0,0.0,0.0
201242930477969001,0.0,0.0,0.0,0.0,0.0
201442930467818102,0.0,0.0,0.0,0.0,0.0
201542929584070601,0.0,0.0,0.0,0.0,0.0
201542930518523202,0.0,0.0,0.0,0.0,0.0
201842927928402701,5.800000190734863,32.32116268382353,189.30756302521007,68.05447387695312,808.0290817645417
201942930541697001,0.0,0.0,0.0,0.0,0.0
202142930527320702,0.0,0.0,0.0,0.0,0.0
202442930546098002,0.0,0.0,0.0,0.0,0.0
202542927928301302,0.0,0.0,0.0,0.0,0.0
202542930519452201,3.9814815521240234,23.251499628957784,318.9525065963061,59.88977813720703,1255.580928791167
202642928676362302,4.029411792755127,8.43359148057371,110.73188090050836,31.75722885131836,286.7421056211384
202642930461705002,0.0,0.0,0.0,0.0,0.0
202642930475655402,0.0,0.0,0.0,0.0,0.0
202742928043675701,0.0,0.0,0.0,0.0,0.0
202842928570580602,0.0,0.0,0.0,0.0,0.0
203042930545739702,0.0,0.0,0.0,0.0,0.0
203442930479279901,0.0,0.0,0.0,0.0,0.0
203542930446366902,0.0,0.0,0.0,0.0,0.0
203542930476118802,0.0,0.0,0.0,0.0,0.0
203642930519858202,0.0,0.0,0.0,0.0,0.0
203742930456700602,0.0,0.0,0.0,0.0,0.0
203842930508275702,0.0,0.0,0.0,0.0,0.0
203842930509485801,0.0,0.0,0.0,0.0,0.0
203842930547535202,0.0,0.0,0.0,0.0,0.0
203942928119349601,5.117647171020508,133.39309210526315,1353.157894736842,38.65769577026367,2267.6826304385536
204042928042145401,0.0,0.0,0.0,0.0,0.0
204042930475363702,0.0,0.0,0.0,0.0,0.0
204042930542899602,0.0,0.0,0.0,0.0,0.0
204342930461193302,0.0,0.0,0.0,0.0,0.0
204542930457014502,0.0,0.0,0.0,0.0,0.0
204542930524947501,0.0,0.0,0.0,0.0,0.0
204642930475134001,0.0,0.0,0.0,0.0,0.0
204842930342747201,0.0,0.0,0.0,0.0,0.0
204842930388638301,0.0,0.0,0.0,0.0,0.0
204842930534921901,0.0,0.0,0.0,0.0,0.0
205042930456457801,283.0,16.770262757490638,16.77028714107366,1.1096899509429932,16.770262757490638
205042930531009601,0.0,0.0,0.0,0.0,0.0
205142930518281701,0.0,0.0,0.0,0.0,0.0
205242930462843402,0.0,0.0,0.0,0.0,0.0
205242930471668002,0.0,0.0,0.0,0.0,0.0
205242930533677402,0.0,0.0,0.0,0.0,0.0
205242930549818802,0.0,0.0,0.0,0.0,0.0
205342930534423002,0.0,0.0,0.0,0.0,0.0
205342930549076202,0.0,0.0,0.0,0.0,0.0
205442930451140102,0.0,0.0,0.0,0.0,0.0
205442930526065202,0.0,0.0,0.0,0.0,0.0
205642930474298101,3.7083332538604736,12.30503020917953,77.70308692120227,22.663057327270508,295.32071776781305
205842928288536202,0.0,0.0,0.0,0.0,0.0
205842928932735101,0.0,0.0,0.0,0.0,0.0
205842930534884102,0.0,0.0,0.0,0.0,0.0
205942930459277902,0.0,0.0,0.0,0.0,0.0
206142930464701102,0.0,0.0,0.0,0.0,0.0
206242929321374401,0.0,0.0,0.0,0.0,0.0
206242929476530502,0.0,0.0,0.0,0.0,0.0
206242930461224402,0.0,0.0,0.0,0.0,0.0
206242930528713001,0.0,0.0,0.0,0.0,0.0
206242930529600601,0.0,0.0,0.0,0.0,0.0
206442930526147401,0.0,0.0,0.0,0.0,0.0
206542930541423001,0.0,0.0,0.0,0.0,0.0
206742929927339802,0.0,0.0,0.0,0.0,0.0
206842930463599601,4.139999866485596,11.66567090188014,159.10599294947122,47.59886169433594,583.2835593522785
206842930517947502,0.0,0.0,0.0,0.0,0.0
207142930449579901,0.0,0.0,0.0,0.0,0.0
207142930510244802,0.0,0.0,0.0,0.0,0.0
207442930507714902,0.0,0.0,0.0,0.0,0.0
207542929839789102,0.0,0.0,0.0,0.0,0.0
207742930475609901,0.0,0.0,0.0,0.0,0.0
207742930533085401,0.0,0.0,0.0,0.0,0.0
208042930515529002,0.0,0.0,0.0,0.0,0.0
208042930528313102,0.0,0.0,0.0,0.0,0.0
208042930542384402,0.0,0.0,0.0,0.0,0.0
208142930527700802,0.0,0.0,0.0,0.0,0.0
208342930460922602,0.0,0.0,0.0,0.0,0.0
208442930509150801,0.0,0.0,0.0,0.0,0.0
208442930533643502,0.0,0.0,0.0,0.0,0.0
208542930454276302,0.0,0.0,0.0,0.0,0.0
208642930448971302,0.0,0.0,0.0,0.0,0.0
208742930459881901,0.0,0.0,0.0,0.0,0.0
208742930526452502,6.666666507720947,21.56972004000464,159.96660482374767,26.22879981994629,323.5458062531112
209142930342804001,0.0,0.0,0.0,0.0,0.0
209242930452690302,0.0,0.0,0.0,0.0,0.0
209342930470808201,0.0,0.0,0.0,0.0,0.0
209642930542527302,0.0,0.0,0.0,0.0,0.0
209742930473717902,2.8064515590667725,10.897180812429138,409.16524943310657,86.6716079711914,1351.2504395551962
209742930516270101,0.0,0.0,0.0,0.0,0.0
209942930547042502,0.0,0.0,0.0,0.0,0.0
211142930550015701,0.0,0.0,0.0,0.0,0.0
211242930465105802,2.6666667461395264,16.149069299055828,45.052545155993435,2.620968818664551,48.447208298055216
211542929160935901,0.0,0.0,0.0,0.0,0.0
211642928614409302,0.0,0.0,0.0,0.0,0.0
211642930452905601,0.0,0.0,0.0,0.0,0.0
211642930463091102,0.0,0.0,0.0,0.0,0.0
211642930542496201,0.0,0.0,0.0,0.0,0.0
211742929160847802,0.0,0.0,0.0,0.0,0.0
211742930289750601,0.0,0.0,0.0,0.0,0.0
211742930471091801,0.0,0.0,0.0,0.0,0.0
212042928921270801,4.4285712242126465,9.631115962009805,142.51830065359476,76.1620864868164,539.3424920574512
212342930448223102,0.0,0.0,0.0,0.0,0.0
212442930454093601,0.0,0.0,0.0,0.0,0.0
212542930461335402,0.0,0.0,0.0,0.0,0.0
212642930477761102,0.0,0.0,0.0,0.0,0.0
212842928258040302,0.0,0.0,0.0,0.0,0.0
213042930479540402,0.0,0.0,0.0,0.0,0.0
213042930480513401,0.0,0.0,0.0,0.0,0.0
213342930450456101,0.0,0.0,0.0,0.0,0.0
213342930472590701,0.0,0.0,0.0,0.0,0.0
213442930525710701,0.0,0.0,0.0,0.0,0.0
213542930520818802,0.0,0.0,0.0,0.0,0.0
213642930525015001,0.0,0.0,0.0,0.0,0.0
213642930529319202,0.0,0.0,0.0,0.0,0.0
213742930448749601,0.0,0.0,0.0,0.0,0.0
213942930527571901,3.440000057220459,3.7996251894349427,33.97510283611171,12.876067161560059,94.99062916767446
213942930549045802,0.0,0.0,0.0,0.0,0.0
214042930461938401,0.0,0.0,0.0,0.0,0.0
214042930533285602,0.0,0.0,0.0,0.0,0.0
214242930476777102,0.0,0.0,0.0,0.0,0.0
214342930528543402,4.041095733642578,13.194438618568233,256.28933631618196,104.62586975097656,963.1940400609323
214542930463014801,0.0,0.0,0.0,0.0,0.0
214642930541063701,0.0,0.0,0.0,0.0,0.0
214742930464176902,0.0,0.0,0.0,0.0,0.0
214742930518803202,4.5428571701049805,8.700512443621134,117.85921391752578,31.515382766723633,304.51793279352876
214742930529008801,0.0,0.0,0.0,0.0,0.0
214942929249151201,0.0,0.0,0.0,0.0,0.0
214942930521792701,0.0,0.0,0.0,0.0,0.0
214942930539115801,6.0,4.088865521579666,4.088877516206073,0.6645095348358154,4.088865521579666
215242930508075102,0.0,0.0,0.0,0.0,0.0
215242930532660101,0.0,0.0,0.0,0.0,0.0
215342930457772202,0.0,0.0,0.0,0.0,0.0
215342930535908602,0.0,0.0,0.0,0.0,0.0
215642930509549502,0.0,0.0,0.0,0.0,0.0
215742930515530701,0.0,0.0,0.0,0.0,0.0
215842928087914902,0.0,0.0,0.0,0.0,0.0
215842930474952702,0.0,0.0,0.0,0.0,0.0
215942930472937802,0.0,0.0,0.0,0.0,0.0
215942930534226501,0.0,0.0,0.0,0.0,0.0
216042930517885901,0.0,0.0,0.0,0.0,0.0
216042930525548201,0.0,0.0,0.0,0.0,0.0
216042930549546702,0.0,0.0,0.0,0.0,0.0
216142930529762501,0.0,0.0,0.0,0.0,0.0
216142930533879302,0.0,0.0,0.0,0.0,0.0
216242930462445402,0.0,0.0,0.0,0.0,0.0
216242930539128802,0.0,0.0,0.0,0.0,0.0
216342930464379001,0.0,0.0,0.0,0.0,0.0
216542930527751801,0.0,0.0,0.0,0.0,0.0
216742930473831902,0.0,0.0,0.0,0.0,0.0
216742930527214301,0.0,0.0,0.0,0.0,0.0
217142928739711201,0.0,0.0,0.0,0.0,0.0
217142930464930701,0.0,0.0,0.0,0.0,0.0
217242930462792202,0.0,0.0,0.0,0.0,0.0
217242930523998102,0.0,0.0,0.0,0.0,0.0
217342930452353601,0.0,0.0,0.0,0.0,0.0
217342930461880202,0.0,0.0,0.0,0.0,0.0
217342930474375302,0.0,0.0,0.0,0.0,0.0
217442930510769402,0.0,0.0,0.0,0.0,0.0
217642930478744201,0.0,0.0,0.0,0.0,0.0
217742930478248501,0.0,0.0,0.0,0.0,0.0
217842930542664701,2.6111111640930176,3.9684229661524424,28.745330633893182,8.43490982055664,71.43161550710742
218142930548310601,0.0,0.0,0.0,0.0,0.0
218442927995017401,0.0,0.0,0.0,0.0,0.0
218542930447738002,0.0,0.0,0.0,0.0,0.0
218642930516546502,0.0,0.0,0.0,0.0,0.0
218742928694273101,0.0,0.0,0.0,0.0,0.0
218842929013215201,0.0,0.0,0.0,0.0,0.0
218942930515688402,0.0,0.0,0.0,0.0,0.0
219142930460880402,0.0,0.0,0.0,0.0,0.0
219142930540645401,0.0,0.0,0.0,0.0,0.0
219342930184422702,0.0,0.0,0.0,0.0,0.0
219342930461496201,0.0,0.0,0.0,0.0,0.0
219342930479864602,0.0,0.0,0.0,0.0,0.0
219642930519637602,0.0,0.0,0.0,0.0,0.0
219742930532576901,0.0,0.0,0.0,0.0,0.0
219742930533665601,0.0,0.0,0.0,0.0,0.0
219842930546832202,0.0,0.0,0.0,0.0,0.0
219942930478109202,0.0,0.0,0.0,0.0,0.0
219942930526327501,0.0,0.0,0.0,0.0,0.0
221142930546480202,0.0,0.0,0.0,0.0,0.0
221242930525006201,0.0,0.0,0.0,0.0,0.0
221542930460197101,3.8202247619628906,11.906452367131063,456.39545923632613,80.05177307128906,1059.6742455418512
221542930530640802,3.7765958309173584,6.674860856527619,155.09111617312072,85.7518081665039,627.4369111158853
221542930541745402,0.0,0.0,0.0,0.0,0.0
221642930455184701,0.0,0.0,0.0,0.0,0.0
221642930525763302,0.0,0.0,0.0,0.0,0.0
221742930526945402,0.0,0.0,0.0,0.0,0.0
221742930548772001,0.0,0.0,0.0,0.0,0.0
221842930543068801,0.0,0.0,0.0,0.0,0.0
221842930548629802,0.0,0.0,0.0,0.0,0.0
222242930544009002,0.0,0.0,0.0,0.0,0.0
222342930530148102,0.0,0.0,0.0,0.0,0.0
222442930529814102,0.0,0.0,0.0,0.0,0.0
222542930509430901,0.0,0.0,0.0,0.0,0.0
222542930542764902,0.0,0.0,0.0,0.0,0.0
222642930457658001,0.0,0.0,0.0,0.0,0.0
222742930520958001,5.950819492340088,13.37412301041168,156.64911440880803,104.33463287353516,815.8215202305978
222842930519131302,0.0,0.0,0.0,0.0,0.0
222942930524801801,0.0,0.0,0.0,0.0,0.0
223042930446533101,0.0,0.0,0.0,0.0,0.0
223142930524586801,0.0,0.0,0.0,0.0,0.0
223242929687182701,0.0,0.0,0.0,0.0,0.0
223242930515474901,0.0,0.0,0.0,0.0,0.0
223242930522271402,0.0,0.0,0.0,0.0,0.0
223542930509711401,0.0,0.0,0.0,0.0,0.0
223542930524943702,2.830188751220703,40.87741055951464,238.0115562403698,82.87832641601562,2166.5027131725715
223742929259310802,0.0,0.0,0.0,0.0,0.0
223942930510424802,0.0,0.0,0.0,0.0,0.0
224042928592854201,0.0,0.0,0.0,0.0,0.0
224042930519163101,0.0,0.0,0.0,0.0,0.0
224242930455491302,0.0,0.0,0.0,0.0,0.0
224342928021699402,5.412698268890381,19.398937792854355,216.99648574775478,153.57870483398438,1222.133107275853
224342930465361801,0.0,0.0,0.0,0.0,0.0
224442930059407701,0.0,0.0,0.0,0.0,0.0
224442930465045101,0.0,0.0,0.0,0.0,0.0
224542930521392801,0.0,0.0,0.0,0.0,0.0
224542930535872302,0.0,0.0,0.0,0.0,0.0
224942930459667401,0.0,0.0,0.0,0.0,0.0
225042929800207601,0.0,0.0,0.0,0.0,0.0
225442930536192201,0.0,0.0,0.0,0.0,0.0
225542930526813002,0.0,0.0,0.0,0.0,0.0
225642928823251301,0.0,0.0,0.0,0.0,0.0
225742930542785202,0.0,0.0,0.0,0.0,0.0
225942930518197202,0.0,0.0,0.0,0.0,0.0
226142930510564702,0.0,0.0,0.0,0.0,0.0
226242930530711402,0.0,0.0,0.0,0.0,0.0
226442930530900801,0.0,0.0,0.0,0.0,0.0
226542930518849501,5.161764621734619,12.701754869938794,202.2424670433145,75.44696044921875,863.7193455130367
226642930455066701,0.0,0.0,0.0,0.0,0.0
226642930474481301,0.0,0.0,0.0,0.0,0.0
226642930541254802,0.0,0.0,0.0,0.0,0.0
226942930525434501,0.0,0.0,0.0,0.0,0.0
227042927979772501,5.0,9.208188044373824,15.515065913370998,1.2671258449554443,18.416375399084863
227042929704188102,0.0,0.0,0.0,0.0,0.0
227042930459882702,0.0,0.0,0.0,0.0,0.0
227142930477466802,0.0,0.0,0.0,0.0,0.0
227242929127079502,0.0,0.0,0.0,0.0,0.0
227342929501640302,0.0,0.0,0.0,0.0,0.0
227442930456397101,0.0,0.0,0.0,0.0,0.0
227442930476092802,0.0,0.0,0.0,0.0,0.0
227442930537540601,0.0,0.0,0.0,0.0,0.0
227542930142494701,0.0,0.0,0.0,0.0,0.0
227742929321159702,0.0,0.0,0.0,0.0,0.0
227742930541985201,0.0,0.0,0.0,0.0,0.0
227842930515700502,3.0,36.05943839015969,165.70565386275356,18.050134658813477,216.35663034095813
228042930508088301,0.0,0.0,0.0,0.0,0.0
228042930509501002,0.0,0.0,0.0,0.0,0.0
228442930532044401,4.142857074737549,16.414653959728422,231.65029761904762,44.98500061035156,689.4154572486877
228442930535190902,0.0,0.0,0.0,0.0,0.0
228542930474401902,0.0,0.0,0.0,0.0,0.0
228742929800041902,0.0,0.0,0.0,0.0,0.0
228742930458562502,2.5,7.152127640678287,10.636099532651256,1.570760726928711,14.304255034656435
228842930530653801,0.0,0.0,0.0,0.0,0.0
228942930461646102,0.0,0.0,0.0,0.0,0.0
229142930460413102,0.0,0.0,0.0,0.0,0.0
229242929765863102,0.0,0.0,0.0,0.0,0.0
229242930464650702,0.0,0.0,0.0,0.0,0.0
229342930448175602,0.0,0.0,0.0,0.0,0.0
229542930477542801,3.1666667461395264,8.640056999362244,27.98843537414966,5.688903331756592,51.84034366737418
229842928130723801,0.0,0.0,0.0,0.0,0.0
229842930473204002,4.383333206176758,29.78769402369526,807.7090581883623,128.5694122314453,1787.2616443142035
229942929839807701,0.0,0.0,0.0,0.0,0.0
231142929604407702,0.0,0.0,0.0,0.0,0.0
231242930518258301,0.0,0.0,0.0,0.0,0.0
231442930468593002,3.5,1.4000465897406962,1.8004814926271442,0.39342737197875977,2.8000931794813924
231442930518389502,0.0,0.0,0.0,0.0,0.0
231542930471698101,0.0,0.0,0.0,0.0,0.0
231542930515932502,0.0,0.0,0.0,0.0,0.0
231542930531937402,0.0,0.0,0.0,0.0,0.0
231742930475459301,0.0,0.0,0.0,0.0,0.0
231942930516452801,0.0,0.0,0.0,0.0,0.0
231942930527300101,0.0,0.0,0.0,0.0,0.0
232042930546849802,3.799999952316284,9.236852761209379,73.39284245166598,11.73917293548584,92.36852412221855
232342930480521002,0.0,0.0,0.0,0.0,0.0
232442930455043601,0.0,0.0,0.0,0.0,0.0
232442930532909002,0.0,0.0,0.0,0.0,0.0
232542930522580802,0.0,0.0,0.0,0.0,0.0
232542930530980201,0.0,0.0,0.0,0.0,0.0
232742930531694702,0.0,0.0,0.0,0.0,0.0
232942930545939201,0.0,0.0,0.0,0.0,0.0
233042930530581602,0.0,0.0,0.0,0.0,0.0
233142930519507601,0.0,0.0,0.0,0.0,0.0
233142930545192801,0.0,0.0,0.0,0.0,0.0
233142930548538502,0.0,0.0,0.0,0.0,0.0
233242930448797601,0.0,0.0,0.0,0.0,0.0
233342930543064402,0.0,0.0,0.0,0.0,0.0
233442930516186401,0.0,0.0,0.0,0.0,0.0
233442930543210202,0.0,0.0,0.0,0.0,0.0
233542930464095302,0.0,0.0,0.0,0.0,0.0
233542930475867401,0.0,0.0,0.0,0.0,0.0
233742930548685602,0.0,0.0,0.0,0.0,0.0
233842930530354701,0.0,0.0,0.0,0.0,0.0
234042930476811801,0.0,0.0,0.0,0.0,0.0
234042930480240401,0.0,0.0,0.0,0.0,0.0
234042930480645902,3.6067416667938232,9.110006431290719,205.75114289810287,0.0,810.7905933965466
234142930463876201,0.0,0.0,0.0,0.0,0.0
234142930516208801,0.0,0.0,0.0,0.0,0.0
234342930459315401,0.0,0.0,0.0,0.0,0.0
234342930534636802,0.0,0.0,0.0,0.0,0.0
234442930519488502,0.0,0.0,0.0,0.0,0.0
234942930447392501,0.0,0.0,0.0,0.0,0.0
234942930528080102,0.0,0.0,0.0,0.0,0.0
235042928235935102,0.0,0.0,0.0,0.0,0.0
235042930459852101,0.0,0.0,0.0,0.0,0.0
235142930524357902,0.0,0.0,0.0,0.0,0.0
235142930532587302,0.0,0.0,0.0,0.0,0.0
235142930547606802,0.0,0.0,0.0,0.0,0.0
235442929488789901,4.857142925262451,15.839361583184258,82.54651162790698,8.823668479919434,110.87552878937696
235442930544367302,0.0,0.0,0.0,0.0,0.0
235542930546451802,0.0,0.0,0.0,0.0,0.0
235642930220797901,0.0,0.0,0.0,0.0,0.0
235642930469364202,0.0,0.0,0.0,0.0,0.0
235642930479363401,0.0,0.0,0.0,0.0,0.0
235642930522798702,2.804877996444702,5.005310343868239,60.452958570474706,18.307308197021484,205.21773206299582
235842929839691602,0.0,0.0,0.0,0.0,0.0
235942930455679801,3.4000000953674316,13.38861926879285,45.959843290891286,5.216888904571533,66.94309510353379
236042930457786301,0.0,0.0,0.0,0.0,0.0
236042930547778101,3.1012659072875977,9.665900507677067,163.37407132243686,99.05192565917969,763.6061514202116
236142930544684002,0.0,0.0,0.0,0.0,0.0
236242930471200901,0.0,0.0,0.0,0.0,0.0
236242930474371601,0.0,0.0,0.0,0.0,0.0
236342930546254302,0.0,0.0,0.0,0.0,0.0
236442930449556802,2.944444417953491,10.797566400542685,65.95470674180756,14.849226951599121,194.35619233063133
236642930530457701,0.0,0.0,0.0,0.0,0.0
236642930543830802,0.0,0.0,0.0,0.0,0.0
236742930543645202,0.0,0.0,0.0,0.0,0.0
237142930537923602,0.0,0.0,0.0,0.0,0.0
237142930541491901,0.0,0.0,0.0,0.0,0.0
237442928235852702,0.0,0.0,0.0,0.0,0.0
237642930510191802,0.0,0.0,0.0,0.0,0.0
237642930536276402,0.0,0.0,0.0,0.0,0.0
237742930540437102,0.0,0.0,0.0,0.0,0.0
237742930543536302,0.0,0.0,0.0,0.0,0.0
238042929765913402,0.0,0.0,0.0,0.0,0.0
238042930508527402,0.0,0.0,0.0,0.0,0.0
238142930518014401,0.0,0.0,0.0,0.0,0.0
238242930459729901,1.482758641242981,20.60621816334707,193.29166666666666,93.11443328857422,1792.7410075917785
238242930479484202,0.0,0.0,0.0,0.0,0.0
238342930549815502,0.0,0.0,0.0,0.0,0.0
238442930451793002,0.0,0.0,0.0,0.0,0.0
238742930478203001,0.0,0.0,0.0,0.0,0.0
238742930547727901,0.0,0.0,0.0,0.0,0.0
239242930462518401,0.0,0.0,0.0,0.0,0.0
239242930463967601,0.0,0.0,0.0,0.0,0.0
239242930528882101,0.0,0.0,0.0,0.0,0.0
239242930549135202,0.0,0.0,0.0,0.0,0.0
239342930518492102,0.0,0.0,0.0,0.0,0.0
239442929921990602,0.0,0.0,0.0,0.0,0.0
239442930531431601,0.0,0.0,0.0,0.0,0.0
239542930541650302,0.0,0.0,0.0,0.0,0.0
239842930456653101,0.0,0.0,0.0,0.0,0.0
239842930527482101,0.0,0.0,0.0,0.0,0.0
239942930455010102,0.0,0.0,0.0,0.0,0.0
239942930541439502,0.0,0.0,0.0,0.0,0.0
241142928603062201,0.0,0.0,0.0,0.0,0.0
241142928726332101,0.0,0.0,0.0,0.0,0.0
241142930465417902,0.0,0.0,0.0,0.0,0.0
241142930524075202,0.0,0.0,0.0,0.0,0.0
241242930534408101,0.0,0.0,0.0,0.0,0.0
241442930516032402,0.0,0.0,0.0,0.0,0.0
241442930528886802,0.0,0.0,0.0,0.0,0.0
241542930547557702,0.0,0.0,0.0,0.0,0.0
241742930474208501,3.795698881149292,9.646975293670355,287.766217420945,0.0,897.1687144313438
241842930515814201,0.0,0.0,0.0,0.0,0.0
241942930509935501,0.0,0.0,0.0,0.0,0.0
241942930548691901,0.0,0.0,0.0,0.0,0.0
242242930528340102,0.0,0.0,0.0,0.0,0.0
242342930522564602,0.0,0.0,0.0,0.0,0.0
242542928159125602,0.0,0.0,0.0,0.0,0.0
242942930508408802,0.0,0.0,0.0,0.0,0.0
242942930520106201,0.0,0.0,0.0,0.0,0.0
243042930316903701,0.0,0.0,0.0,0.0,0.0
243142930454432801,0.0,0.0,0.0,0.0,0.0
243342930517752501,0.0,0.0,0.0,0.0,0.0
243342930544502102,0.0,0.0,0.0,0.0,0.0
243442930475280302,0.0,0.0,0.0,0.0,0.0
243442930550673002,0.0,0.0,0.0,0.0,0.0
243542930453927802,2.3606557846069336,7.856018502310601,104.04047052233581,47.51445007324219,479.2171143529707
243642930459961602,7.5,9.824651548237329,16.25915433847445,1.1167480945587158,19.649302737858694
243642930510568001,0.0,0.0,0.0,0.0,0.0
243742930531152501,0.0,0.0,0.0,0.0,0.0
243842930460171001,0.0,0.0,0.0,0.0,0.0
244042930472452202,0.0,0.0,0.0,0.0,0.0
244042930544339501,6.416666507720947,13.225500383947649,95.34188034188034,17.782520294189453,158.70600434653778
244142930476425802,1.0,5.346642766422495,5.346691871455577,0.43164682388305664,5.346642766422495
244242929462816302,0.0,0.0,0.0,0.0,0.0
244342929341449002,3.9583332538604736,26.75752032092318,307.57142857142856,79.38201141357422,1284.3609957219455
244342929801781202,0.0,0.0,0.0,0.0,0.0
244342930459751502,0.0,0.0,0.0,0.0,0.0
244342930460159502,0.0,0.0,0.0,0.0,0.0
244342930474676602,0.0,0.0,0.0,0.0,0.0
244342930520360501,0.0,0.0,0.0,0.0,0.0
244442930459439302,0.0,0.0,0.0,0.0,0.0
244442930462294302,0.0,0.0,0.0,0.0,0.0
244442930524266402,0.0,0.0,0.0,0.0,0.0
244542930518141302,0.0,0.0,0.0,0.0,0.0
244742928663965702,0.0,0.0,0.0,0.0,0.0
244742930523922102,0.0,0.0,0.0,0.0,0.0
244742930529662601,0.0,0.0,0.0,0.0,0.0
244842928789946301,0.0,0.0,0.0,0.0,0.0
244842930462669801,0.0,0.0,0.0,0.0,0.0
244942930458206101,0.0,0.0,0.0,0.0,0.0
244942930480466202,0.0,0.0,0.0,0.0,0.0
245042930448990901,0.0,0.0,0.0,0.0,0.0
245642930524900701,0.0,0.0,0.0,0.0,0.0
245942930459583802,4.199999809265137,9.635530263879515,120.6819946000675,12.838338851928711,144.5329576660321
245942930474260601,0.0,0.0,0.0,0.0,0.0
246042930508095402,0.0,0.0,0.0,0.0,0.0
246042930546071401,4.217391490936279,10.521848103916358,74.76663585951941,34.616825103759766,242.0024996209277
246142930548556802,0.0,0.0,0.0,0.0,0.0
246242930453999001,0.0,0.0,0.0,0.0,0.0
246642929820806302,0.0,0.0,0.0,0.0,0.0
246842930535479401,0.0,0.0,0.0,0.0,0.0
246942930453237002,0.0,0.0,0.0,0.0,0.0
246942930525049001,0.0,0.0,0.0,0.0,0.0
247042930471770102,0.0,0.0,0.0,0.0,0.0
247042930477042902,0.0,0.0,0.0,0.0,0.0
247042930548138301,0.0,0.0,0.0,0.0,0.0
247142928726194001,3.3529412746429443,7.937821936661942,309.4911152294778,81.8738784790039,809.6578757322355
247142930521840402,0.0,0.0,0.0,0.0,0.0
247142930527309001,0.0,0.0,0.0,0.0,0.0
247442930516618101,0.0,0.0,0.0,0.0,0.0
247542930455305002,0.0,0.0,0.0,0.0,0.0
247542930525796802,0.0,0.0,0.0,0.0,0.0
247642930515817802,0.0,0.0,0.0,0.0,0.0
247642930526681902,0.0,0.0,0.0,0.0,0.0
247842930455165602,3.5,8.363444112460815,218.646394984326,37.56843185424805,384.718427384236
247842930531104201,0.0,0.0,0.0,0.0,0.0
247942930516274002,4.121951103210449,9.815051863107822,168.36715997181113,51.340858459472656,402.417131000543
248142930538291001,3.3636362552642822,7.229222326599559,66.71814671814671,10.338189125061035,79.52144646789247
248242930509840102,0.0,0.0,0.0,0.0,0.0
248442930477943401,0.0,0.0,0.0,0.0,0.0
248442930530739201,4.1315789222717285,12.617700311697837,142.25724239090576,80.59341430664062,958.9452561099406
248842930460261002,0.0,0.0,0.0,0.0,0.0
248842930476112602,0.0,0.0,0.0,0.0,0.0
248942930464579101,0.0,0.0,0.0,0.0,0.0
249142930461593201,0.0,0.0,0.0,0.0,0.0
249242930518300002,0.0,0.0,0.0,0.0,0.0
249342930507773402,0.0,0.0,0.0,0.0,0.0
249542930530366302,0.0,0.0,0.0,0.0,0.0
249642930527520802,0.0,0.0,0.0,0.0,0.0
249642930539463702,0.0,0.0,0.0,0.0,0.0
249842929000335401,3.9555554389953613,14.933683465879092,164.51742344244985,50.8519401550293,672.0157734791354
249842930519587202,0.0,0.0,0.0,0.0,0.0
249942930532822402,3.941176414489746,12.178768715091023,108.00144807612743,17.850128173828125,207.03907386359964
251242930474606902,0.0,0.0,0.0,0.0,0.0
251342928108622702,0.0,0.0,0.0,0.0,0.0
251342930012280301,0.0,0.0,0.0,0.0,0.0
251342930517654102,0.0,0.0,0.0,0.0,0.0
251442930476629802,0.0,0.0,0.0,0.0,0.0
251542930535989801,0.0,0.0,0.0,0.0,0.0
251642930546482101,3.125,8.340318895320907,97.40122982321292,13.779693603515625,200.1676460166421
251742930542242702,0.0,0.0,0.0,0.0,0.0
251842930470777901,0.0,0.0,0.0,0.0,0.0
251942930447639201,0.0,0.0,0.0,0.0,0.0
252342930543445002,3.6666667461395264,35.06028556034483,105.18068965517242,14.355912208557129,105.1808526400862
252442928725940202,0.0,0.0,0.0,0.0,0.0
252442930465818002,4.205479621887207,42.455349392361114,878.8169934640523,113.52910614013672,3099.2404599657248
252442930528910601,0.0,0.0,0.0,0.0,0.0
252542928683993102,0.0,0.0,0.0,0.0,0.0
252542930480707601,0.0,0.0,0.0,0.0,0.0
252742928030399201,0.0,0.0,0.0,0.0,0.0
252742929118680102,0.0,0.0,0.0,0.0,0.0
252742930449925801,0.0,0.0,0.0,0.0,0.0
252742930454283301,0.0,0.0,0.0,0.0,0.0
252742930548077501,0.0,0.0,0.0,0.0,0.0
252742930549312001,0.0,0.0,0.0,0.0,0.0
252842930457281702,1.902438998222351,17.892062386961527,212.7806642551792,68.86257934570312,1467.1491094148305
252842930473606302,0.0,0.0,0.0,0.0,0.0
252842930515912101,0.0,0.0,0.0,0.0,0.0
253042930460311801,0.0,0.0,0.0,0.0,0.0
253342928921105802,0.0,0.0,0.0,0.0,0.0
253342930478229202,1.384615421295166,6.482012690497535,23.683998207082027,73.48494720458984,589.8631498889931
253342930533526902,0.0,0.0,0.0,0.0,0.0
253542930460951801,0.0,0.0,0.0,0.0,0.0
253542930473454802,0.0,0.0,0.0,0.0,0.0
253642930474121701,0.0,0.0,0.0,0.0,0.0
253642930517892002,0.0,0.0,0.0,0.0,0.0
253842930456207201,0.0,0.0,0.0,0.0,0.0
253842930462375002,0.0,0.0,0.0,0.0,0.0
253842930546890301,0.0,0.0,0.0,0.0,0.0
254042930520816602,0.0,0.0,0.0,0.0,0.0
254142930454477502,0.0,0.0,0.0,0.0,0.0
254142930519710602,4.8947367668151855,38.80088876146789,333.7889908256881,133.8010711669922,1474.4337427448424
254142930541858601,3.8181817531585693,16.255626482046072,301.45257452574526,32.9971923828125,536.4356935289171
254242930466965302,0.0,0.0,0.0,0.0,0.0
254242930530851801,0.0,0.0,0.0,0.0,0.0
254342930461275701,0.0,0.0,0.0,0.0,0.0
254442930456754501,2.2857143878936768,9.197422029647292,149.50422890048588,106.03498077392578,901.3473863394029
254442930525539801,4.392857074737549,18.656453773261134,167.071995118975,63.770530700683594,522.3806938837039
254642929249216101,0.0,0.0,0.0,0.0,0.0
254642930549295101,0.0,0.0,0.0,0.0,0.0
255042930547075401,0.0,0.0,0.0,0.0,0.0
255142930436090001,0.0,0.0,0.0,0.0,0.0
255142930463688201,0.0,0.0,0.0,0.0,0.0
255242927945047202,0.0,0.0,0.0,0.0,0.0
255342929021009101,0.0,0.0,0.0,0.0,0.0
255342930449499902,3.1327433586120605,7.26993337229955,301.6866028708134,71.41940307617188,821.5024995520372
255442930516645202,0.0,0.0,0.0,0.0,0.0
255642930463932702,0.0,0.0,0.0,0.0,0.0
255742930534123101,4.857142925262451,12.657415371339619,63.777376708929296,9.84202766418457,88.60190422857775
256042930518170701,0.0,0.0,0.0,0.0,0.0
256142930528386001,0.0,0.0,0.0,0.0,0.0
256242930463635002,0.0,0.0,0.0,0.0,0.0
256242930532496001,0.0,0.0,0.0,0.0,0.0
256342930459586501,0.0,0.0,0.0,0.0,0.0
256442930546114502,3.642857074737549,18.474628651796287,160.11389656533754,55.5368537902832,517.2896118284542
256742930518989901,0.0,0.0,0.0,0.0,0.0
256742930523892702,0.0,0.0,0.0,0.0,0.0
256742930528824702,0.7291666865348816,6.99441345568078,17.261407249466952,0.0,671.4636824562242
256842928043839301,0.0,0.0,0.0,0.0,0.0
257042928210580802,0.0,0.0,0.0,0.0,0.0
257042930459363701,0.0,4.013111372086013,14.666800643086816,17.0945987701416,136.4457827135681
257042930460144001,0.0,0.0,0.0,0.0,0.0
257442930527639402,0.0,0.0,0.0,0.0,0.0
257542930531992402,0.0,0.0,0.0,0.0,0.0
257642930474949601,0.0,0.0,0.0,0.0,0.0
257742930463712801,0.0,0.0,0.0,0.0,0.0
257742930541837301,0.0,0.0,0.0,0.0,0.0
257842930448633102,0.0,0.0,0.0,0.0,0.0
257842930474322902,0.0,0.0,0.0,0.0,0.0
257842930525994302,0.0,0.0,0.0,0.0,0.0
257842930534388801,0.0,0.0,0.0,0.0,0.0
258242930521159301,2.2571427822113037,6.335710896640517,58.54178674351585,38.959686279296875,443.49975812577236
258242930532428802,0.0,0.0,0.0,0.0,0.0
258342930457933401,0.0,0.0,0.0,0.0,0.0
258542930477109202,0.0,0.0,0.0,0.0,0.0
258542930528680001,0.0,0.0,0.0,0.0,0.0
258642929800141202,0.0,0.0,0.0,0.0,0.0
258742930449263202,0.0,0.0,0.0,0.0,0.0
258842930524132401,0.0,0.0,0.0,0.0,0.0
258942930455643301,0.0,0.0,0.0,0.0,0.0
259142930428343602,0.0,0.0,0.0,0.0,0.0
259242930521374202,0.0,0.0,0.0,0.0,0.0
259242930526590001,0.0,0.0,0.0,0.0,0.0
259242930542989201,0.0,0.0,0.0,0.0,0.0
259342927979570502,0.0,0.0,0.0,0.0,0.0
259542930549929202,0.0,0.0,0.0,0.0,0.0
259642929034814401,0.0,0.0,0.0,0.0,0.0
259642930546744502,0.0,0.0,0.0,0.0,0.0
259742930544586602,3.450000047683716,12.479116273174972,42.96964078794902,32.008670806884766,249.5823229457108
259942930526882402,0.0,0.0,0.0,0.0,0.0
261142930455927801,0.0,0.0,0.0,0.0,0.0
261142930526174002,0.0,0.0,0.0,0.0,0.0
261242930519812601,4.357142925262451,27.67965000545375,164.27705061082025,30.126834869384766,387.5150941113111
261342930550042501,0.0,0.0,0.0,0.0,0.0
261442930531207501,0.0,0.0,0.0,0.0,0.0
261542929903230801,0.0,0.0,0.0,0.0,0.0
261542930527398002,0.0,0.0,0.0,0.0,0.0
261642930534151601,7.4285712242126465,39.48928112566313,347.6657824933687,116.50836181640625,1105.699835577441
261642930541661902,0.0,0.0,0.0,0.0,0.0
261742928043880601,0.0,0.0,0.0,0.0,0.0
262242930462873701,0.0,0.0,0.0,0.0,0.0
262342930459644301,0.0,0.0,0.0,0.0,0.0
262342930541339301,0.0,0.0,0.0,0.0,0.0
262442930520993002,0.0,0.0,0.0,0.0,0.0
262542930537165501,0.0,0.0,0.0,0.0,0.0
262842930541577902,0.0,0.0,0.0,0.0,0.0
263042930458424401,2.6666667461395264,10.157807405682348,34.717745691662785,3.8246850967407227,60.94684511636877
263242930458255702,0.0,0.0,0.0,0.0,0.0
263442930466846301,0.0,0.0,0.0,0.0,0.0
263442930521798901,0.0,0.0,0.0,0.0,0.0
263542930524815602,0.0,0.0,0.0,0.0,0.0
263642930517146502,0.0,0.0,0.0,0.0,0.0
263742930474811502,0.0,0.0,0.0,0.0,0.0
263942930474844501,0.0,0.0,0.0,0.0,0.0
264042930457452702,0.0,0.0,0.0,0.0,0.0
264142928135731901,0.0,0.0,0.0,0.0,0.0
264142929197899901,0.0,0.0,0.0,0.0,0.0
264242930469660601,0.0,0.0,0.0,0.0,0.0
264242930472909102,0.0,0.0,0.0,0.0,0.0
264442930528585602,0.0,0.0,0.0,0.0,0.0
264542929991113002,0.0,0.0,0.0,0.0,0.0
264642930550424401,0.0,0.0,0.0,0.0,0.0
264642930550565001,0.0,0.0,0.0,0.0,0.0
264742928243059901,0.0,0.0,0.0,0.0,0.0
264742929373243501,0.0,0.0,0.0,0.0,0.0
264742930458813402,0.0,0.0,0.0,0.0,0.0
264842930468130001,0.0,0.0,0.0,0.0,0.0
264842930471898001,0.0,0.0,0.0,0.0,0.0
264942930461356002,0.0,0.0,0.0,0.0,0.0
265142930474007702,0.0,0.0,0.0,0.0,0.0
265342930525067001,0.0,0.0,0.0,0.0,0.0
265342930543016301,0.0,0.0,0.0,0.0,0.0
265842929476646701,0.0,0.0,0.0,0.0,0.0
265842930534545802,0.0,0.0,0.0,0.0,0.0
265842930543162202,0.0,0.0,0.0,0.0,0.0
266042930454985302,0.0,0.0,0.0,0.0,0.0
266042930524204401,0.0,0.0,0.0,0.0,0.0
266042930541519002,0.0,0.0,0.0,0.0,0.0
266142928265489802,0.0,0.0,0.0,0.0,0.0
266442930454746502,0.0,0.0,0.0,0.0,0.0
266442930476981601,0.0,0.0,0.0,0.0,0.0
266542930469002501,0.0,0.0,0.0,0.0,0.0
266642930455716702,0.0,0.0,0.0,0.0,0.0
266742930526545901,0.0,0.0,0.0,0.0,0.0
266942930451361702,2.0526316165924072,10.217535743218916,83.7273163706193,27.776132583618164,388.26637468782116
266942930458448002,1.1794872283935547,16.752567115514903,72.5750677506775,28.61496925354004,653.3501084738631
266942930546957102,2.4000000953674316,5.709037735042231,82.53100080215165,63.20798110961914,627.9941820789857
267042930522688401,0.0,0.0,0.0,0.0,0.0
267042930528033102,0.0,0.0,0.0,0.0,0.0
267142930451551001,0.0,0.0,0.0,0.0,0.0
267142930480320402,0.0,0.0,0.0,0.0,0.0
267342929197690602,0.0,0.0,0.0,0.0,0.0
267342930470650002,0.0,0.0,0.0,0.0,0.0
267342930528504901,0.0,0.0,0.0,0.0,0.0
267442930449858502,0.0,0.0,0.0,0.0,0.0
267442930519167501,0.0,0.0,0.0,0.0,0.0
267542930528558402,0.0,0.0,0.0,0.0,0.0
267542930536388401,0.0,0.0,0.0,0.0,0.0
267642929269363301,0.0,0.0,0.0,0.0,0.0
267742930530602901,0.0,0.0,0.0,0.0,0.0
268042930458333202,0.0,0.0,0.0,0.0,0.0
268142930316798501,0.0,0.0,0.0,0.0,0.0
268242930476680702,0.0,0.0,0.0,0.0,0.0
268642930459538102,0.0,0.0,0.0,0.0,0.0
268742930518171302,2.763157844543457,27.430270056591212,226.19573901464713,40.261802673339844,1042.3502514225825
268842930465034701,0.0,0.0,0.0,0.0,0.0
268842930547504902,0.0,0.0,0.0,0.0,0.0
268942930468831801,2.689655065536499,4.044673166391843,48.97442455242967,40.013099670410156,234.59104735605135
269142930517279701,0.0,0.0,0.0,0.0,0.0
269542930465015202,0.0,0.0,0.0,0.0,0.0
269642930464550602,0.0,0.0,0.0,0.0,0.0
269742930448412001,2.8805971145629883,9.159098698936765,289.0635702294348,68.87550354003906,613.6595899619266
269742930461248501,3.540816307067871,9.97543694665534,155.53590592022894,0.0,977.5928002215736
269942928130694402,0.0,0.0,0.0,0.0,0.0
269942929155481702,0.0,0.0,0.0,0.0,0.0
269942930526785002,0.0,0.0,0.0,0.0,0.0
269942930526875602,0.0,0.0,0.0,0.0,0.0
269942930529106301,0.0,0.0,0.0,0.0,0.0
271142930462946402,0.0,0.0,0.0,0.0,0.0
271242928684109501,0.0,0.0,0.0,0.0,0.0
271442930543173501,0.0,0.0,0.0,0.0,0.0
271442930548182901,0.0,0.0,0.0,0.0,0.0
271542928099579202,0.0,0.0,0.0,0.0,0.0
271542930519868601,4.916666507720947,30.367742149575243,166.74332524271844,27.6301326751709,364.41290460975426
271642930459031202,0.0,0.0,0.0,0.0,0.0
271642930462452902,0.0,0.0,0.0,0.0,0.0
271742930475173801,0.0,0.0,0.0,0.0,0.0
271742930508828202,3.7142856121063232,9.284662708718066,58.65004616805171,9.614745140075684,129.98527702033317
271942930459908702,0.0,0.0,0.0,0.0,0.0
272042930519339402,0.0,0.0,0.0,0.0,0.0
272042930529516901,0.0,0.0,0.0,0.0,0.0
272242928845210701,0.0,0.0,0.0,0.0,0.0
272242930476204301,0.0,0.0,0.0,0.0,0.0
272342930526128902,0.0,0.0,0.0,0.0,0.0
272442930461241502,3.875,7.965498581421514,57.39245707577166,9.587468147277832,127.4479727526499
272842930460178202,0.0,0.0,0.0,0.0,0.0
272842930531914801,0.0,0.0,0.0,0.0,0.0
272942930522697701,0.0,0.0,0.0,0.0,0.0
273042930515730901,0.0,0.0,0.0,0.0,0.0
273042930524748101,0.0,0.0,0.0,0.0,0.0
273142930470689702,0.0,0.0,0.0,0.0,0.0
273142930533768001,0.0,0.0,0.0,0.0,0.0
273442930546731802,0.0,0.0,0.0,0.0,0.0
273542929989589602,0.0,0.0,0.0,0.0,0.0
273542930453669902,0.0,0.0,0.0,0.0,0.0
273542930542605502,0.0,0.0,0.0,0.0,0.0
273642930508767101,0.0,0.0,0.0,0.0,0.0
273642930533961901,0.0,0.0,0.0,0.0,0.0
273742930475146401,0.0,0.0,0.0,0.0,0.0
273842930518582102,0.0,0.0,0.0,0.0,0.0
274042928043842102,0.0,0.0,0.0,0.0,0.0
274042930533205801,0.0,0.0,0.0,0.0,0.0
274142930469864701,0.0,0.0,0.0,0.0,0.0
274242930457202402,4.431818008422852,5.131890050054112,44.687012987012984,27.459684371948242,225.80316851397097
274242930457849201,0.0,0.0,0.0,0.0,0.0
274242930545682101,0.0,0.0,0.0,0.0,0.0
274342930547205401,0.0,0.0,0.0,0.0,0.0
274542930448087501,0.0,0.0,0.0,0.0,0.0
274642930509549001,0.0,0.0,0.0,0.0,0.0
274742930507794401,0.0,0.0,0.0,0.0,0.0
274942930473043401,0.0,0.0,0.0,0.0,0.0
275042928135390702,3.314814805984497,5.545042630380879,124.84362424291695,46.01946258544922,299.4323149616314
275042930517825101,0.0,0.0,0.0,0.0,0.0
275242929861334501,2.8888888359069824,9.187584404028675,21.79886914378029,6.053975582122803,82.6882594390524
275242930464028901,0.0,0.0,0.0,0.0,0.0
275442929613423202,0.0,0.0,0.0,0.0,0.0
275442930464639801,5.4285712242126465,44.10110877403846,180.2276923076923,24.185474395751953,308.7077587890625
275442930527084202,1.5,2.8111672604295745,5.622366790582404,0.7596105337142944,5.622334520859149
275542930545852601,0.0,0.0,0.0,0.0,0.0
275742930548107602,0.0,0.0,0.0,0.0,0.0
275842928021779401,0.0,0.0,0.0,0.0,0.0
275842930519335401,0.0,0.0,0.0,0.0,0.0
275942930479575502,0.0,0.0,0.0,0.0,0.0
276042930464092201,0.0,0.0,0.0,0.0,0.0
276242930472097402,0.0,0.0,0.0,0.0,0.0
276642928042242301,0.0,0.0,0.0,0.0,0.0
276642929649295001,0.0,0.0,0.0,0.0,0.0
276742930527201601,0.0,0.0,0.0,0.0,0.0
276842929104948101,0.0,0.0,0.0,0.0,0.0
276842930525970802,0.0,0.0,0.0,0.0,0.0
276842930549490302,0.0,0.0,0.0,0.0,0.0
277242930457175502,0.0,0.0,0.0,0.0,0.0
277242930516254902,0.0,0.0,0.0,0.0,0.0
277442930454145502,0.0,0.0,0.0,0.0,0.0
277542930456323102,0.0,0.0,0.0,0.0,0.0
277542930473742702,0.0,0.0,0.0,0.0,0.0
277542930531233702,0.0,0.0,0.0,0.0,0.0
277642929969542602,0.0,0.0,0.0,0.0,0.0
277742930525180201,0.0,0.0,0.0,0.0,0.0
277742930547603701,0.0,0.0,0.0,0.0,0.0
277842930518285201,0.0,0.0,0.0,0.0,0.0
278042930509677102,0.0,0.0,0.0,0.0,0.0
278242930455278201,0.0,0.0,0.0,0.0,0.0
278342928932688301,0.0,0.0,0.0,0.0,0.0
278442930473949402,0.0,0.0,0.0,0.0,0.0
278642930515756102,0.0,0.0,0.0,0.0,0.0
278742930460003702,0.0,0.0,0.0,0.0,0.0
278842930477822401,0.0,0.0,0.0,0.0,0.0
278842930516981202,0.0,0.0,0.0,0.0,0.0
278842930524592002,8.714285850524902,20.584564488962155,221.8256880733945,29.104259490966797,288.18389423670027
278942930525158501,0.0,0.0,0.0,0.0,0.0
279142928086601001,0.0,0.0,0.0,0.0,0.0
279442930473480502,0.0,0.0,0.0,0.0,0.0
279642930453807602,0.0,0.0,0.0,0.0,0.0
279642930541353202,3.3333332538604736,20.056260436545802,47.39847328244275,2.9456968307495117,60.16877981870229
279742930525071701,1.6727272272109985,2.303593898034107,103.41496920890573,15.331599235534668,126.69766953114592
279942930518740602,0.0,0.0,0.0,0.0,0.0
281142929642567301,0.0,0.0,0.0,0.0,0.0
281142930529025802,0.0,0.0,0.0,0.0,0.0
281342929684635902,0.0,0.0,0.0,0.0,0.0
281342930453948401,0.0,0.0,0.0,0.0,0.0
281342930534319302,2.0,13.061058302765238,26.121896162528216,0.7551306486129761,26.122116605530476
281842930455480101,0.0,0.0,0.0,0.0,0.0
281842930478686702,0.0,0.0,0.0,0.0,0.0
281942930477643701,0.0,0.0,0.0,0.0,0.0
282042930457742102,0.0,0.0,0.0,0.0,0.0
282142930550607302,0.0,0.0,0.0,0.0,0.0
282342930530675901,0.0,0.0,0.0,0.0,0.0
282442930450635301,0.0,0.0,0.0,0.0,0.0
282442930508133501,0.0,0.0,0.0,0.0,0.0
282542930524809801,3.7604167461395264,7.9457930143160125,280.11205372923297,105.62921905517578,762.7961338942613
282642930469586102,0.0,0.0,0.0,0.0,0.0
283142930479193502,0.0,0.0,0.0,0.0,0.0
283242930527502002,0.0,0.0,0.0,0.0,0.0
283342928005313202,0.0,0.0,0.0,0.0,0.0
283342930528881501,0.0,0.0,0.0,0.0,0.0
283442930458935102,0.0,0.0,0.0,0.0,0.0
283442930510207402,0.0,0.0,0.0,0.0,0.0
283542930519666102,0.0,0.0,0.0,0.0,0.0
283642928757851802,0.0,0.0,0.0,0.0,0.0
283742930536990002,3.9692306518554688,25.18777396776018,560.5859728506788,58.82099533081055,1637.2053343300365
283742930550168602,0.0,0.0,0.0,0.0,0.0
283842930477529801,0.0,0.0,0.0,0.0,0.0
283842930509256702,2.01694917678833,30.707889020537124,63.62243285939969,103.90558624267578,1811.7655331399203
283842930519159102,0.0,0.0,0.0,0.0,0.0
283842930532141702,0.0,0.0,0.0,0.0,0.0
284042930450482202,0.0,0.0,0.0,0.0,0.0
284142927921591502,0.0,0.0,0.0,0.0,0.0
284142930469310702,0.0,0.0,0.0,0.0,0.0
284142930517593401,0.0,0.0,0.0,0.0,0.0
284142930545369602,0.0,0.0,0.0,0.0,0.0
284242930457062102,0.0,0.0,0.0,0.0,0.0
284242930542269101,0.0,0.0,0.0,0.0,0.0
284342929118646901,5.0625,8.375575795644892,58.91178112786153,17.660520553588867,134.00920877717581
284342930542910402,0.0,0.0,0.0,0.0,0.0
284542930289309602,0.0,0.0,0.0,0.0,0.0
284642930462574802,0.0,0.0,0.0,0.0,0.0
284842929331811301,0.0,0.0,0.0,0.0,0.0
284942930474896701,0.0,0.0,0.0,0.0,0.0
284942930526933301,0.0,0.0,0.0,0.0,0.0
285042930530335901,0.0,0.0,0.0,0.0,0.0
285242929529038501,0.0,0.0,0.0,0.0,0.0
285342930477471501,2.0,6.957693579889113,6.958064516129032,0.6113563179969788,6.957693579889113
285342930477479902,0.0,0.0,0.0,0.0,0.0
285642929025477601,0.0,0.0,0.0,0.0,0.0
285642930536209902,3.0,4.459736877705628,5.565656565656566,1.0277307033538818,8.919473403115981
285842930543680701,0.0,0.0,0.0,0.0,0.0
285942930466952001,0.0,0.0,0.0,0.0,0.0
286042930529533502,4.0,9.988401588818705,30.46121453900709,4.750024318695068,59.93040931647551
286142930461326201,0.0,0.0,0.0,0.0,0.0
286242930509415601,2.0,5.222745583274148,19.107386363636362,0.7660487294197083,20.890982229059393
286342927982837101,0.0,0.0,0.0,0.0,0.0
286342930526716102,0.0,0.0,0.0,0.0,0.0
286542930471697302,0.0,0.0,0.0,0.0,0.0
286542930524444701,0.0,0.0,0.0,0.0,0.0
286742930519788302,0.0,0.0,0.0,0.0,0.0
286742930533445401,0.0,0.0,0.0,0.0,0.0
286942928570832201,0.0,0.0,0.0,0.0,0.0
286942928684064701,0.0,0.0,0.0,0.0,0.0
287142930538503402,0.0,0.0,0.0,0.0,0.0
287142930546935102,0.0,0.0,0.0,0.0,0.0
287242930472712401,0.0,0.0,0.0,0.0,0.0
287242930478058801,0.0,0.0,0.0,0.0,0.0
287442929424281301,3.3255813121795654,6.596670977524082,68.24505698781381,25.342220306396484,283.65684695424426
287542930449605602,0.0,0.0,0.0,0.0,0.0
287542930471836801,0.0,0.0,0.0,0.0,0.0
287842930464915402,0.0,0.0,0.0,0.0,0.0
287942929309212902,0.0,0.0,0.0,0.0,0.0
287942930465536202,0.0,0.0,0.0,0.0,0.0
288042930543019902,0.0,0.0,0.0,0.0,0.0
288042930543246201,0.0,0.0,0.0,0.0,0.0
288242930469467601,0.0,0.0,0.0,0.0,0.0
288242930547391702,0.0,0.0,0.0,0.0,0.0
288442930541622001,0.0,0.0,0.0,0.0,0.0
288742930522472501,0.0,0.0,0.0,0.0,0.0
288842930452286102,0.0,0.0,0.0,0.0,0.0
288842930460077201,2.575000047683716,14.77942897848887,270.85188356164383,22.102540969848633,591.1771573171224
288842930547629101,0.0,0.0,0.0,0.0,0.0
288842930549622001,0.0,0.0,0.0,0.0,0.0
288942930516013801,0.0,0.0,0.0,0.0,0.0
289042930527326901,0.0,0.0,0.0,0.0,0.0
289042930547054202,3.299999952316284,4.961443660772668,20.984851787271143,6.997727870941162,49.614434938173034
289142930458890701,0.0,0.0,0.0,0.0,0.0
289342930451844602,0.0,0.0,0.0,0.0,0.0
289442930462773001,0.0,0.0,0.0,0.0,0.0
289542930473308102,0.0,0.0,0.0,0.0,0.0
289642930545972401,0.0,0.0,0.0,0.0,0.0
289742930530455002,0.0,0.0,0.0,0.0,0.0
289842930516115902,0.0,0.0,0.0,0.0,0.0
289942930511244801,0.0,0.0,0.0,0.0,0.0
291542930469697801,0.0,0.0,0.0,0.0,0.0
291642930542641001,5.5,0.2467025980020689,0.49345650500384913,0.07518503069877625,0.4934051960041378
291742930142600201,0.0,0.0,0.0,0.0,0.0
291942930446774202,0.0,0.0,0.0,0.0,0.0
291942930533612102,0.0,0.0,0.0,0.0,0.0
292042930517688202,0.0,0.0,0.0,0.0,0.0
292142930479925101,2.7234041690826416,8.205292805406213,131.01135005973717,24.97220230102539,385.6487583204457
292242930515574002,7.099999904632568,11.189111802184467,75.7366504854369,14.666003227233887,111.89111393400766
292442930460041502,0.0,0.0,0.0,0.0,0.0
292442930462885501,0.0,0.0,0.0,0.0,0.0
292942929456669102,0.0,0.0,0.0,0.0,0.0
293142930517194901,0.0,0.0,0.0,0.0,0.0
293242930526249502,0.0,0.0,0.0,0.0,0.0
293242930531600502,0.0,0.0,0.0,0.0,0.0
293242930550733201,0.0,0.0,0.0,0.0,0.0
293342930508080601,0.0,0.0,0.0,0.0,0.0
293342930508994302,0.0,0.0,0.0,0.0,0.0
293642930164668102,0.0,0.0,0.0,0.0,0.0
293642930446861002,0.0,0.0,0.0,0.0,0.0
293742930524691402,0.0,0.0,0.0,0.0,0.0
294142930461696302,0.0,0.0,0.0,0.0,0.0
294342930527502601,0.0,0.0,0.0,0.0,0.0
294742929721498401,0.0,0.0,0.0,0.0,0.0
294742930517719501,0.0,0.0,0.0,0.0,0.0
294742930542542101,0.0,0.0,0.0,0.0,0.0
294942930446267502,0.0,0.0,0.0,0.0,0.0
294942930455870402,0.0,0.0,0.0,0.0,0.0
294942930531762002,0.0,0.0,0.0,0.0,0.0
295442930453856202,0.0,0.0,0.0,0.0,0.0
295542928159286201,0.0,0.0,0.0,0.0,0.0
295542930480599701,0.0,0.0,0.0,0.0,0.0
295542930538104301,0.0,0.0,0.0,0.0,0.0
295742930474957402,0.0,0.0,0.0,0.0,0.0
295742930524433702,0.0,0.0,0.0,0.0,0.0
295842930532647602,0.0,0.0,0.0,0.0,0.0
295942930515960302,0.0,0.0,0.0,0.0,0.0
295942930516742801,0.0,0.0,0.0,0.0,0.0
296242930455377601,0.0,0.0,0.0,0.0,0.0
296342930508236301,0.0,0.0,0.0,0.0,0.0
296342930517781701,0.0,0.0,0.0,0.0,0.0
296442930519883402,0.0,0.0,0.0,0.0,0.0
296542930474349602,0.0,0.0,0.0,0.0,0.0
296642929820997201,0.0,0.0,0.0,0.0,0.0
296742927980095501,3.632652997970581,11.609914375759416,235.00233292831106,77.11732482910156,1137.7716513608466
296742930529195101,0.0,0.0,0.0,0.0,0.0
296842930458231501,0.0,0.0,0.0,0.0,0.0
296842930475425901,0.0,0.0,0.0,0.0,0.0
297142930453227601,0.0,0.0,0.0,0.0,0.0
297142930460015402,0.0,0.0,0.0,0.0,0.0
297142930544064501,0.0,0.0,0.0,0.0,0.0
297142930548160502,0.0,0.0,0.0,0.0,0.0
297242930550572001,0.0,0.0,0.0,0.0,0.0
297442930464887802,0.0,0.0,0.0,0.0,0.0
297742930468887502,0.0,0.0,0.0,0.0,0.0
297942930447564901,0.0,0.0,0.0,0.0,0.0
297942930472700202,0.0,0.0,0.0,0.0,0.0
297942930473282202,0.0,0.0,0.0,0.0,0.0
298042930524275601,0.0,0.0,0.0,0.0,0.0
298242930477089302,0.0,0.0,0.0,0.0,0.0
298242930510235002,0.0,0.0,0.0,0.0,0.0
298342930447643102,0.0,0.0,0.0,0.0,0.0
298342930544433301,0.0,0.0,0.0,0.0,0.0
298342930548585002,86.25,5.535700968298504,22.065015479876163,2.4891586303710938,22.142803873194016
298542930475335702,0.0,0.0,0.0,0.0,0.0
298542930528293701,0.0,0.0,0.0,0.0,0.0
298842930529840402,0.0,0.0,0.0,0.0,0.0
299042929197945001,0.0,0.0,0.0,0.0,0.0
299242930449084201,0.0,0.0,0.0,0.0,0.0
299442930462151402,0.0,0.0,0.0,0.0,0.0
299542930517598002,0.0,0.0,0.0,0.0,0.0
299642930472921601,0.0,0.0,0.0,0.0,0.0
299642930524834302,0.0,0.0,0.0,0.0,0.0
299742930528227402,0.0,0.0,0.0,0.0,0.0
299742930545005402,0.0,0.0,0.0,0.0,0.0
301242930459796901,0.0,0.0,0.0,0.0,0.0
301542930508533601,0.0,0.0,0.0,0.0,0.0
301542930528796002,0.0,0.0,0.0,0.0,0.0
301642930479679501,0.0,0.0,0.0,0.0,0.0
301642930524385402,0.0,0.0,0.0,0.0,0.0
301842930461762701,0.0,0.0,0.0,0.0,0.0
301842930544711402,0.0,0.0,0.0,0.0,0.0
301942929839855901,0.0,0.0,0.0,0.0,0.0
301942930474861802,0.0,0.0,0.0,0.0,0.0
302042930474602301,0.0,0.0,0.0,0.0,0.0
302142930528684002,0.0,0.0,0.0,0.0,0.0
302142930534298101,0.0,0.0,0.0,0.0,0.0
302542930466332502,0.0,0.0,0.0,0.0,0.0
302542930541058901,0.0,0.0,0.0,0.0,0.0
302542930544385002,0.0,0.0,0.0,0.0,0.0
302542930550807001,0.0,0.0,0.0,0.0,0.0
302842930457098302,0.0,0.0,0.0,0.0,0.0
302942930517101002,0.0,0.0,0.0,0.0,0.0
303142930474287802,0.0,0.0,0.0,0.0,0.0
303142930522970002,12.814814567565918,9.74435431411324,87.8391340549542,30.429170608520508,263.09757036372685
303242930525631102,0.0,0.0,0.0,0.0,0.0
303442929946432702,0.0,0.0,0.0,0.0,0.0
303642928077879902,0.0,0.0,0.0,0.0,0.0
303742930463339901,0.0,0.0,0.0,0.0,0.0
303742930466476901,0.0,0.0,0.0,0.0,0.0
303742930474687902,0.0,0.0,0.0,0.0,0.0
303942927963809701,0.0,0.0,0.0,0.0,0.0
303942930465122701,0.0,0.0,0.0,0.0,0.0
304042930476111801,0.0,0.0,0.0,0.0,0.0
304142930516774902,0.0,0.0,0.0,0.0,0.0
304142930548522101,0.0,0.0,0.0,0.0,0.0
304542929249094801,0.0,0.0,0.0,0.0,0.0
304542930461310101,0.0,0.0,0.0,0.0,0.0
304542930546424301,0.0,0.0,0.0,0.0,0.0
304742930530586601,0.0,0.0,0.0,0.0,0.0
304842930517668701,0.0,0.0,0.0,0.0,0.0
304842930519811202,0.0,0.0,0.0,0.0,0.0
305142930508959602,2.892857074737549,8.907898457966182,69.29038659998412,0.0,498.8423127545869
305442928726076102,0.0,0.0,0.0,0.0,0.0
305442930454598402,0.0,0.0,0.0,0.0,0.0
305442930471191902,0.0,0.0,0.0,0.0,0.0
305542930529910201,0.0,0.0,0.0,0.0,0.0
305742930528768702,3.133333444595337,14.036540207069901,150.91238429620174,86.37018585205078,1052.7405565823756
306242930537512101,0.0,0.0,0.0,0.0,0.0
306442930473335602,0.0,0.0,0.0,0.0,0.0
306442930517138902,0.0,0.0,0.0,0.0,0.0
306542930533804102,0.0,0.0,0.0,0.0,0.0
306642930462906002,0.0,0.0,0.0,0.0,0.0
306642930479796202,0.0,0.0,0.0,0.0,0.0
306842930453555401,2.0,7.492155288614018,14.984459245163336,2.0433835983276367,14.984310538512428
306842930480406501,0.0,0.0,0.0,0.0,0.0
306942930550479101,0.0,0.0,0.0,0.0,0.0
307042930532334402,0.0,0.0,0.0,0.0,0.0
307142929091435101,0.0,0.0,0.0,0.0,0.0
307142930458079601,0.0,0.0,0.0,0.0,0.0
307142930474623902,0.0,0.0,0.0,0.0,0.0
307242930515916901,0.0,0.0,0.0,0.0,0.0
307342930509616201,0.0,0.0,0.0,0.0,0.0
307342930534097002,0.0,0.0,0.0,0.0,0.0
307442930479630902,0.0,0.0,0.0,0.0,0.0
307442930509778802,0.0,0.0,0.0,0.0,0.0
307542930524280301,0.0,0.0,0.0,0.0,0.0
307742930544301201,0.0,0.0,0.0,0.0,0.0
307842928636919901,0.0,0.0,0.0,0.0,0.0
308042930455771602,0.0,0.0,0.0,0.0,0.0
308142930466652001,0.0,0.0,0.0,0.0,0.0
308142930478039102,0.0,0.0,0.0,0.0,0.0
308142930529668602,0.0,0.0,0.0,0.0,0.0
308142930532520002,0.0,0.0,0.0,0.0,0.0
308242930544806301,0.0,0.0,0.0,0.0,0.0
308342929901445701,0.0,0.0,0.0,0.0,0.0
308342930080355601,0.0,0.0,0.0,0.0,0.0
308342930546970002,0.0,0.0,0.0,0.0,0.0
308542930477019402,0.0,0.0,0.0,0.0,0.0
308742930465134201,0.0,0.0,0.0,0.0,0.0
308842930547509501,0.0,0.0,0.0,0.0,0.0
308942929843657702,0.0,0.0,0.0,0.0,0.0
308942930464926901,0.0,0.0,0.0,0.0,0.0
308942930541987802,0.0,0.0,0.0,0.0,0.0
309042930531011002,0.0,0.0,0.0,0.0,0.0
309142929118744101,6.0,1.91668701171875,1.917933130699088,0.18317392468452454,1.91668701171875
309142930464369601,0.0,0.0,0.0,0.0,0.0
309442930462659701,5.548387050628662,16.744646726733578,297.71076642335765,126.81005859375,1038.1680581378241
309542930530726202,0.0,0.0,0.0,0.0,0.0
309742930510620701,0.0,0.0,0.0,0.0,0.0
309942930545580002,0.0,0.0,0.0,0.0,0.0
311442930542281902,5.907407283782959,50.205950275157235,483.7789757412399,115.13375854492188,2711.1213707388356
311542930446688901,0.0,0.0,0.0,0.0,0.0
311542930455740902,0.0,0.0,0.0,0.0,0.0
311642930475115902,0.0,0.0,0.0,0.0,0.0
311842930517670502,0.0,0.0,0.0,0.0,0.0
311942930455638502,0.0,0.0,0.0,0.0,0.0
312042930480484602,0.0,0.0,0.0,0.0,0.0
312042930543741001,0.0,0.0,0.0,0.0,0.0
312142929704156101,0.0,0.0,0.0,0.0,0.0
312142930446570101,0.0,0.0,0.0,0.0,0.0
312242930543752601,0.0,0.0,0.0,0.0,0.0
312442930454121202,4.5,14.040334551757276,161.2081274025261,69.59947204589844,898.5813849018145
312542930528071701,0.0,0.0,0.0,0.0,0.0
312642930456892002,0.0,0.0,0.0,0.0,0.0
312642930515697601,0.0,0.0,0.0,0.0,0.0
312842930542735201,0.0,0.0,0.0,0.0,0.0
313042928021659402,4.566666603088379,7.953941078132332,42.33186297512905,22.510831832885742,238.61823339225091
313042930517111502,0.0,0.0,0.0,0.0,0.0
313142930516351402,0.0,0.0,0.0,0.0,0.0
313442930521399602,0.0,0.0,0.0,0.0,0.0
313442930533729502,0.0,0.0,0.0,0.0,0.0
313542930477137801,0.0,0.0,0.0,0.0,0.0
313542930525965001,3.8888888359069824,9.834453998983001,198.00631991864012,76.23395538330078,885.1008599145665
313542930540390402,0.0,0.0,0.0,0.0,0.0
313642930460297502,0.0,0.0,0.0,0.0,0.0
313742930453968502,0.0,0.0,0.0,0.0,0.0
313742930525229401,0.0,0.0,0.0,0.0,0.0
313942930475403102,0.0,0.0,0.0,0.0,0.0
314042930466352302,0.0,0.0,0.0,0.0,0.0
314042930543493001,0.0,0.0,0.0,0.0,0.0
314242930527104402,0.0,0.0,0.0,0.0,0.0
314542930452521402,0.0,0.0,0.0,0.0,0.0
314642930525598602,0.0,0.0,0.0,0.0,0.0
314742930457973501,0.0,0.0,0.0,0.0,0.0
314742930461770301,0.0,0.0,0.0,0.0,0.0
314742930543917201,0.0,0.0,0.0,0.0,0.0
314942930524836901,0.0,0.0,0.0,0.0,0.0
315442930531999501,0.0,0.0,0.0,0.0,0.0
315542930519478501,0.0,0.0,0.0,0.0,0.0
315542930529561302,0.0,0.0,0.0,0.0,0.0
315642930530192301,0.0,0.0,0.0,0.0,0.0
315842930530136202,0.0,0.0,0.0,0.0,0.0
316642930462545502,0.0,0.0,0.0,0.0,0.0
316642930469409301,0.0,0.0,0.0,0.0,0.0
316642930530285002,0.0,0.0,0.0,0.0,0.0
316742930528486302,0.0,0.0,0.0,0.0,0.0
316842930524674801,0.0,0.0,0.0,0.0,0.0
316842930534404902,0.0,0.0,0.0,0.0,0.0
317042930448374701,0.0,0.0,0.0,0.0,0.0
317042930461574402,0.0,0.0,0.0,0.0,0.0
317142930448776802,0.0,0.0,0.0,0.0,0.0
317242930351294101,0.0,0.0,0.0,0.0,0.0
317242930448551201,0.0,0.0,0.0,0.0,0.0
317242930509868302,0.0,1.6651847288780606,5.133376288659794,4.471078395843506,29.97332466263132
317242930541173401,0.0,0.0,0.0,0.0,0.0
317342930545988302,2.8181817531585693,28.18762627963362,106.88275862068966,16.03887367248535,310.0638946007038
317442930478135302,0.0,0.0,0.0,0.0,0.0
317442930515782902,0.0,0.0,0.0,0.0,0.0
317542930447869902,0.0,0.0,0.0,0.0,0.0
317642930460503501,0.0,0.0,0.0,0.0,0.0
317642930516056901,4.528571605682373,22.4028729751386,426.6860706860707,133.08206176757812,1568.2011097189625
317642930525366102,0.0,0.0,0.0,0.0,0.0
317642930534374702,0.0,0.0,0.0,0.0,0.0
317742930447601401,0.0,0.0,0.0,0.0,0.0
317742930519615102,0.0,0.0,0.0,0.0,0.0
317942930545716001,0.0,0.0,0.0,0.0,0.0
318042930473003702,4.461538314819336,132.64454838267545,1478.6140350877192,140.2418212890625,8621.895459493002
318042930474158602,0.0,0.0,0.0,0.0,0.0
318142930545846502,0.0,0.0,0.0,0.0,0.0
318242930051124302,0.0,0.0,0.0,0.0,0.0
318242930445751301,0.0,0.0,0.0,0.0,0.0
318442930451906402,0.0,0.0,0.0,0.0,0.0
318442930472979202,0.0,0.0,0.0,0.0,0.0
318542929194731901,0.0,0.0,0.0,0.0,0.0
318742930519035401,0.0,0.0,0.0,0.0,0.0
318942930462878702,3.6914894580841064,6.172013606542229,167.82138236924783,71.13055419921875,580.1693032567326
319142930459262201,0.0,0.0,0.0,0.0,0.0
319142930473924202,0.0,0.0,0.0,0.0,0.0
319242930541495002,0.0,0.0,0.0,0.0,0.0
319342930472134402,0.0,0.0,0.0,0.0,0.0
319442930529431002,0.0,0.0,0.0,0.0,0.0
319542927897875801,0.0,0.0,0.0,0.0,0.0
319542930476446802,0.0,24.77102893778027,0.0,50.1134033203125,990.8412099020007
319742930534511301,0.0,0.0,0.0,0.0,0.0
319942930521968101,0.0,0.0,0.0,0.0,0.0
321142929177982401,0.0,0.0,0.0,0.0,0.0
321242930519562901,0.0,0.0,0.0,0.0,0.0
321342930549425202,0.0,0.0,0.0,0.0,0.0
321842930538717302,0.0,0.0,0.0,0.0,0.0
322042930475107601,0.0,0.0,0.0,0.0,0.0
322042930475841301,0.0,0.0,0.0,0.0,0.0
322142930541473402,0.0,0.0,0.0,0.0,0.0
322442930518961301,0.0,0.0,0.0,0.0,0.0
322542930547495002,0.0,0.0,0.0,0.0,0.0
322642929537342401,0.0,0.0,0.0,0.0,0.0
322742930519716202,3.049999952316284,28.65144628602025,470.98753894080994,77.70748901367188,2292.1158013982563
322742930530703601,4.636363506317139,33.484658277671755,512.6513994910941,55.53536605834961,1473.324983310457
322842930476696802,0.0,0.0,0.0,0.0,0.0
323042929488733102,0.0,0.0,0.0,0.0,0.0
323042930546015301,1.6931818723678589,6.463174626365833,41.22599285564194,76.75764465332031,568.759354450092
323142930521426302,0.0,0.0,0.0,0.0,0.0
323342930509386901,0.0,0.0,0.0,0.0,0.0
323342930527679301,5.160714149475098,15.728299709915612,284.73839662447256,106.52237701416016,880.7847871353857
323342930528370002,0.0,0.0,0.0,0.0,0.0
323442927975082002,0.0,0.0,0.0,0.0,0.0
323742930456266901,0.0,0.0,0.0,0.0,0.0
323742930477129001,0.0,0.0,0.0,0.0,0.0
323742930516063802,0.0,0.0,0.0,0.0,0.0
323842930542709901,0.0,0.0,0.0,0.0,0.0
323942930517140201,0.0,0.0,0.0,0.0,0.0
324042930516101402,0.0,0.0,0.0,0.0,0.0
324142929467067101,0.0,0.0,0.0,0.0,0.0
324342930453507201,0.0,0.0,0.0,0.0,0.0
324442930473115401,0.0,0.0,0.0,0.0,0.0
324442930545607801,0.0,0.0,0.0,0.0,0.0
324542930516684901,0.0,0.0,0.0,0.0,0.0
324542930529308002,0.0,0.0,0.0,0.0,0.0
324742930529490902,0.0,0.0,0.0,0.0,0.0
324842930536416901,0.0,0.0,0.0,0.0,0.0
324942930516603101,0.0,0.0,0.0,0.0,0.0
325842927959121701,0.0,0.0,0.0,0.0,0.0
325942930456155801,0.0,0.0,0.0,0.0,0.0
325942930509005302,1.0,6.0353420333889085,6.035275535275535,0.8048737049102783,6.0353420333889085
326242929348469101,0.0,0.0,0.0,0.0,0.0
326242930475913001,0.0,0.0,0.0,0.0,0.0
326242930479798102,0.0,0.0,0.0,0.0,0.0
326242930532815501,3.642857074737549,4.5785744287634405,36.31344086021505,7.260600566864014,64.10004375826928
326742930545741002,0.0,0.0,0.0,0.0,0.0
326942930462396301,3.736842155456543,15.538854104919976,136.40071132187316,82.62834167480469,885.7146957388416
327042930518364901,0.0,0.0,0.0,0.0,0.0
327042930543509002,0.0,0.0,0.0,0.0,0.0
327142928822976102,0.0,0.0,0.0,0.0,0.0
327142930531769601,5.314285755157471,11.654168474723367,134.48763289216748,39.652462005615234,407.89588526847643
327242930480443201,0.0,0.0,0.0,0.0,0.0
327342930519145801,0.0,0.0,0.0,0.0,0.0
327442930468325001,0.0,0.0,0.0,0.0,0.0
327442930518731202,0.0,0.0,0.0,0.0,0.0
327842930545368201,0.0,0.0,0.0,0.0,0.0
327942930472483502,0.0,0.0,0.0,0.0,0.0
328142930525625702,0.0,0.0,0.0,0.0,0.0
328142930530120601,0.0,0.0,0.0,0.0,0.0
328442930531385702,0.0,0.0,0.0,0.0,0.0
328642930476288101,0.0,0.0,0.0,0.0,0.0
328742930447855701,0.0,0.0,0.0,0.0,0.0
328742930516958201,0.0,0.0,0.0,0.0,0.0
328842930458449401,0.0,0.0,0.0,0.0,0.0
329042930528042701,0.0,0.0,0.0,0.0,0.0
329142930476959202,0.0,0.0,0.0,0.0,0.0
329142930539175902,0.0,0.0,0.0,0.0,0.0
329242929307482901,0.0,0.0,0.0,0.0,0.0
329342930450180801,0.0,0.0,0.0,0.0,0.0
329442930539290901,0.0,0.0,0.0,0.0,0.0
329542930459791702,0.0,0.0,0.0,0.0,0.0
329742928108713902,0.0,0.0,0.0,0.0,0.0
329742930510530302,0.0,0.0,0.0,0.0,0.0
331342928577536302,0.0,0.0,0.0,0.0,0.0
331342930530428001,0.0,0.0,0.0,0.0,0.0
331542930458358102,0.0,0.0,0.0,0.0,0.0
331542930518042601,0.0,0.0,0.0,0.0,0.0
331642930342522902,0.0,0.0,0.0,0.0,0.0
331642930475173601,0.0,0.0,0.0,0.0,0.0
331642930515500302,2.6458332538604736,15.129186468489568,109.58145868511356,0.0,1452.4019497721222
331742930456837602,0.0,0.0,0.0,0.0,0.0
331842930532015701,0.0,0.0,0.0,0.0,0.0
331942930518709902,0.0,0.0,0.0,0.0,0.0
332042930456928601,0.0,0.0,0.0,0.0,0.0
332342930517243401,0.0,0.0,0.0,0.0,0.0
332542930464905401,8.333333015441895,14.54079481317816,43.62233111655583,5.216413497924805,43.62238375590655
332742930527107102,0.0,0.0,0.0,0.0,0.0
332842930458384002,0.0,0.0,0.0,0.0,0.0
332842930526526402,0.0,0.0,0.0,0.0,0.0
333042929921931502,0.0,0.0,0.0,0.0,0.0
333042930525878601,0.0,0.0,0.0,0.0,0.0
333042930526610301,0.0,0.0,0.0,0.0,0.0
333142930538263901,0.0,0.0,0.0,0.0,0.0
333242929703991002,0.0,0.0,0.0,0.0,0.0
333342930544586401,0.0,0.0,0.0,0.0,0.0
333542930452004602,0.0,0.0,0.0,0.0,0.0
333542930532226401,4.25,13.16539145415684,60.826650943396224,13.615716934204102,105.32312931429665
333742928623643602,0.0,0.0,0.0,0.0,0.0
333742930447710401,0.0,0.0,0.0,0.0,0.0
333842930525494501,0.0,0.0,0.0,0.0,0.0
334042930480420201,0.0,0.0,0.0,0.0,0.0
334142930518709202,0.0,0.0,0.0,0.0,0.0
334342930517250501,0.0,0.0,0.0,0.0,0.0
334542928757944602,0.0,0.0,0.0,0.0,0.0
334642930463735102,0.0,0.0,0.0,0.0,0.0
334742930464407302,0.0,0.0,0.0,0.0,0.0
334742930550062701,5.0,1.5859364666005291,1.5860317460317461,0.18854054808616638,1.5859364666005291
334842930540429202,0.0,0.0,0.0,0.0,0.0
334942930519074702,0.0,0.0,0.0,0.0,0.0
335042930456163602,0.0,0.0,0.0,0.0,0.0
335242930549567202,0.0,0.0,0.0,0.0,0.0
335642930473582201,0.0,0.0,0.0,0.0,0.0
335742928811707801,0.0,0.0,0.0,0.0,0.0
335842930479885101,0.0,0.0,0.0,0.0,0.0
335842930547547102,92.0,225.61129662298387,451.2258064516129,9.729236602783203,451.22259324596774
336042930529221701,0.0,0.0,0.0,0.0,0.0
336142930480247501,2.5714285373687744,9.452325695113144,33.027443428021186,7.834867000579834,66.16628280441292
336342928855703402,0.0,0.0,0.0,0.0,0.0
336342930479111802,0.0,0.0,0.0,0.0,0.0
336542928235791602,0.0,0.0,0.0,0.0,0.0
336642930547172801,0.0,0.0,0.0,0.0,0.0
336842928235971801,0.0,0.0,0.0,0.0,0.0
336942930511301301,0.0,0.0,0.0,0.0,0.0
337042930478901701,0.0,0.0,0.0,0.0,0.0
337042930532277601,0.0,0.0,0.0,0.0,0.0
337142930476072102,0.0,0.0,0.0,0.0,0.0
337342930456181701,0.0,0.0,0.0,0.0,0.0
337442930525066402,0.0,0.0,0.0,0.0,0.0
337542930462685102,0.0,0.0,0.0,0.0,0.0
337642930543341001,0.0,0.0,0.0,0.0,0.0
337742930526684701,3.722222328186035,11.210340888526963,244.62902642055735,106.90104675292969,1008.930686163721
337842930452940302,0.0,0.0,0.0,0.0,0.0
337842930477414902,0.0,0.0,0.0,0.0,0.0
337942929800508901,0.0,0.0,0.0,0.0,0.0
338042928845019702,3.142857074737549,8.955309991841595,48.56817780913742,18.690380096435547,125.37434100549589
338042930541162002,0.0,0.0,0.0,0.0,0.0
338242930461890002,0.0,0.0,0.0,0.0,0.0
338442930521976001,0.0,0.0,0.0,0.0,0.0
338742930455466002,0.0,0.0,0.0,0.0,0.0
338842930548855501,0.0,0.0,0.0,0.0,0.0
338942930517342702,0.0,0.0,0.0,0.0,0.0
338942930543405802,0.0,0.0,0.0,0.0,0.0
339042930474793701,0.0,0.0,0.0,0.0,0.0
339042930545527902,0.0,0.0,0.0,0.0,0.0
339242930220743401,0.0,0.0,0.0,0.0,0.0
339442930523968302,0.0,0.0,0.0,0.0,0.0
339642930480766401,0.0,0.0,0.0,0.0,0.0
339642930525423102,0.0,0.0,0.0,0.0,0.0
339742930526997301,0.0,0.0,0.0,0.0,0.0
339842927963711401,0.0,0.0,0.0,0.0,0.0
339842930447217001,0.0,0.0,0.0,0.0,0.0
339842930550330402,0.0,0.0,0.0,0.0,0.0
339942930532939901,0.0,0.0,0.0,0.0,0.0
341142929417399601,0.0,0.0,0.0,0.0,0.0
341242930518833102,0.0,0.0,0.0,0.0,0.0
341242930523112101,0.0,0.0,0.0,0.0,0.0
341342930456359501,0.0,0.0,0.0,0.0,0.0
341342930477720902,0.0,0.0,0.0,0.0,0.0
341442930475907401,0.0,0.0,0.0,0.0,0.0
341442930519841401,0.0,0.0,0.0,0.0,0.0
341442930538862202,0.0,0.0,0.0,0.0,0.0
341442930546207101,0.0,0.0,0.0,0.0,0.0
341542930550753601,3.5199999809265137,7.523592423383345,68.53756687601768,21.6700496673584,188.08981042841086
341642930529403602,0.0,0.0,0.0,0.0,0.0
341742930469756902,0.0,0.0,0.0,0.0,0.0
341742930548656502,0.0,0.0,0.0,0.0,0.0
341842930524241201,0.0,0.0,0.0,0.0,0.0
341942930459636002,0.0,0.0,0.0,0.0,0.0
342042928560914101,0.0,0.0,0.0,0.0,0.0
342242930460756801,0.0,0.0,0.0,0.0,0.0
342442930479952501,0.0,0.0,0.0,0.0,0.0
342542930456553701,0.0,0.0,0.0,0.0,0.0
342542930508067702,0.0,0.0,0.0,0.0,0.0
342642930541899602,0.0,0.0,0.0,0.0,0.0
342642930546268701,0.0,0.0,0.0,0.0,0.0
342742930540958102,0.0,0.0,0.0,0.0,0.0
342842930534602701,0.0,0.0,0.0,0.0,0.0
343042930519223402,0.0,0.0,0.0,0.0,0.0
343142930525678801,0.0,0.0,0.0,0.0,0.0
343242929400142802,0.0,0.0,0.0,0.0,0.0
343242929800157201,0.0,0.0,0.0,0.0,0.0
343342930464798602,64.33333587646484,1.7956834098783996,5.387029288702929,0.2538701891899109,5.387050229635198
343342930466774202,0.0,0.0,0.0,0.0,0.0
343442930548167501,0.0,0.0,0.0,0.0,0.0
343542930548828801,0.0,0.0,0.0,0.0,0.0
343642930531569302,0.0,0.0,0.0,0.0,0.0
343642930544262102,0.0,0.0,0.0,0.0,0.0
343742928912076802,2.200000047683716,18.22455512152778,83.73522458628841,6.664139270782471,182.24555467826536
343842930527264502,0.0,0.0,0.0,0.0,0.0
343842930546595402,0.0,0.0,0.0,0.0,0.0
343942930548932901,0.0,0.0,0.0,0.0,0.0
344042930455560502,0.0,0.0,0.0,0.0,0.0
344042930528869902,0.0,0.0,0.0,0.0,0.0
344142930479051402,3.2162163257598877,5.248620452974606,67.14258652467745,22.344741821289062,194.1989618098665
344242930508956602,0.0,0.0,0.0,0.0,0.0
344542930518632701,0.0,0.0,0.0,0.0,0.0
344642930531930701,0.0,0.0,0.0,0.0,0.0
344742930474743902,0.0,0.0,0.0,0.0,0.0
344842930453546402,0.0,0.0,0.0,0.0,0.0
345142930452588901,3.25,12.680343569015443,85.76254826254826,12.541717529296875,101.44274572423987
345242930101315801,3.0444445610046387,9.07307121661721,223.98952789160504,58.349403381347656,816.5764055704708
345242930475998202,0.0,0.0,0.0,0.0,0.0
345242930478022802,0.0,0.0,0.0,0.0,0.0
345242930535683001,0.0,0.0,0.0,0.0,0.0
345342929544053901,0.0,0.0,0.0,0.0,0.0
345342930466643601,0.0,0.0,0.0,0.0,0.0
345342930478327301,0.0,0.0,0.0,0.0,0.0
345842930527032402,0.0,0.0,0.0,0.0,0.0
345842930527886501,0.0,0.0,0.0,0.0,0.0
345942929091386401,0.0,0.0,0.0,0.0,0.0
346042930463684402,0.0,0.0,0.0,0.0,0.0
346442930545956501,0.0,0.0,0.0,0.0,0.0
346542930473729001,0.0,0.0,0.0,0.0,0.0
346542930526196101,0.0,0.0,0.0,0.0,0.0
346542930534670102,0.0,0.0,0.0,0.0,0.0
346542930543801102,0.0,0.0,0.0,0.0,0.0
346742930473292901,0.0,0.0,0.0,0.0,0.0
346842930518058602,0.0,0.0,0.0,0.0,0.0
346942928923773502,0.0,0.0,0.0,0.0,0.0
346942930545787402,0.0,0.0,0.0,0.0,0.0
347042930542852202,0.0,0.0,0.0,0.0,0.0
347142930518996802,0.0,0.0,0.0,0.0,0.0
347142930542876001,0.0,0.0,0.0,0.0,0.0
347242930518420401,0.0,0.0,0.0,0.0,0.0
347342930541527202,0.0,0.0,0.0,0.0,0.0
347342930543230401,0.0,0.0,0.0,0.0,0.0
347942928176065301,0.0,6.731340399451172e-05,9.899029895070283e-05,4.157188868703088e-06,6.731340399451172e-05
347942930470091601,0.0,0.0,0.0,0.0,0.0
348142930525884202,0.0,0.0,0.0,0.0,0.0
348242930472143502,0.0,0.0,0.0,0.0,0.0
348342930459843702,0.0,0.0,0.0,0.0,0.0
348542928242444802,0.0,0.0,0.0,0.0,0.0
348542930458368601,2.0,28.6844052094522,28.684425349087004,1.9998085498809814,28.6844052094522
348642930463647301,0.0,0.0,0.0,0.0,0.0
348642930474443601,0.0,0.0,0.0,0.0,0.0
348742930550264202,0.0,0.0,0.0,0.0,0.0
348842930446522602,0.0,0.0,0.0,0.0,0.0
348842930448305701,0.0,0.0,0.0,0.0,0.0
349042930522319202,0.0,0.0,0.0,0.0,0.0
349042930528256602,0.0,0.0,0.0,0.0,0.0
349042930539087601,0.0,0.0,0.0,0.0,0.0
349342930462812102,0.0,0.0,0.0,0.0,0.0
349442930516840901,0.0,0.0,0.0,0.0,0.0
349442930542073801,0.0,0.0,0.0,0.0,0.0
349542930463037902,0.0,0.0,0.0,0.0,0.0
349542930464233001,0.0,0.0,0.0,0.0,0.0
349742930530005702,0.0,0.0,0.0,0.0,0.0
349842930526868801,0.0,0.0,0.0,0.0,0.0
349842930537161802,0.0,0.0,0.0,0.0,0.0
349942930453287002,0.0,0.0,0.0,0.0,0.0
351142930518610302,0.0,0.0,0.0,0.0,0.0
351242929197737002,0.0,0.0,0.0,0.0,0.0
351342930458841902,0.0,0.0,0.0,0.0,0.0
351542930472807902,0.0,0.0,0.0,0.0,0.0
351542930542392001,0.0,0.0,0.0,0.0,0.0
351542930542888401,0.0,0.0,0.0,0.0,0.0
351842930473013801,0.0,0.0,0.0,0.0,0.0
351842930516795801,0.0,0.0,0.0,0.0,0.0
351942930478868202,0.0,0.0,0.0,0.0,0.0
352042930457340302,0.0,0.0,0.0,0.0,0.0
352042930537324302,0.0,0.0,0.0,0.0,0.0
352142930462425302,0.0,0.0,0.0,0.0,0.0
352342930460748201,0.0,0.0,0.0,0.0,0.0
352442930453460201,0.0,0.0,0.0,0.0,0.0
352542930469163501,0.0,0.0,0.0,0.0,0.0
352642930459600202,0.0,0.0,0.0,0.0,0.0
352642930478847701,0.0,0.0,0.0,0.0,0.0
352642930531604201,0.0,0.0,0.0,0.0,0.0
352842930534654102,0.0,0.0,0.0,0.0,0.0
352942930524844002,0.0,0.0,0.0,0.0,0.0
353342930537832101,0.0,0.0,0.0,0.0,0.0
353542929613487101,0.0,0.0,0.0,0.0,0.0
353542930462492101,0.0,0.0,0.0,0.0,0.0
353742929989757001,0.0,0.0,0.0,0.0,0.0
353742930449690102,0.0,0.0,0.0,0.0,0.0
353842930476422401,0.0,0.0,0.0,0.0,0.0
354142930466805102,0.0,0.0,0.0,0.0,0.0
354442927929225802,0.0,0.0,0.0,0.0,0.0
354642930520764501,0.0,0.0,0.0,0.0,0.0
354742930516887001,0.0,0.0,0.0,0.0,0.0
354742930525620201,0.0,0.0,0.0,0.0,0.0
354842930508660902,0.0,0.0,0.0,0.0,0.0
354842930519368602,0.0,0.0,0.0,0.0,0.0
355142930548645401,0.0,0.0,0.0,0.0,0.0
355242930526529902,0.0,0.0,0.0,0.0,0.0
355342930468737802,0.0,0.0,0.0,0.0,0.0
355442928697224902,0.0,0.0,0.0,0.0,0.0
355642930479523202,0.0,0.0,0.0,0.0,0.0
355942930525937802,0.0,0.0,0.0,0.0,0.0
355942930529354002,0.0,0.0,0.0,0.0,0.0
356242930460398301,0.0,0.0,0.0,0.0,0.0
356542930508363702,0.0,0.0,0.0,0.0,0.0
356542930547187501,0.0,0.0,0.0,0.0,0.0
356942930453980302,0.0,0.0,0.0,0.0,0.0
357242930474146102,0.0,0.0,0.0,0.0,0.0
357742930453737101,2.5806450843811035,12.92565000763592,206.65699450213805,113.38372802734375,1202.085407273392
357742930516969102,0.0,0.0,0.0,0.0,0.0
357842929626479301,0.0,0.0,0.0,0.0,0.0
357942929642451502,0.0,0.0,0.0,0.0,0.0
357942930184642001,0.0,0.0,0.0,0.0,0.0
357942930530778202,0.0,0.0,0.0,0.0,0.0
358142930544582002,0.0,0.0,0.0,0.0,0.0
358242930460895502,0.0,0.0,0.0,0.0,0.0
358442928258216002,0.0,0.0,0.0,0.0,0.0
358642929321259402,0.0,0.0,0.0,0.0,0.0
358742930549587401,0.0,0.0,0.0,0.0,0.0
358842930464104801,0.021276595070958138,16.55381847692822,7.564868479714668,127.1044692993164,1556.0589454703388
359042930531360101,0.0,0.0,0.0,0.0,0.0
359042930533227901,0.0,0.0,0.0,0.0,0.0
359242930534008902,1.5,24.99859266743649,113.99715757683425,12.829529762268066,149.99156099239153
359342930547018002,0.0,0.0,0.0,0.0,0.0
359542928823136501,0.0,0.0,0.0,0.0,0.0
359542930510540501,0.0,0.0,0.0,0.0,0.0
359542930546652401,0.0,0.0,0.0,0.0,0.0
359542930547704001,0.0,0.0,0.0,0.0,0.0
359642930460549701,0.0,0.0,0.0,0.0,0.0
359642930474938401,0.0,0.0,0.0,0.0,0.0
359642930543976301,0.0,0.0,0.0,0.0,0.0
359742930529177501,0.0,0.0,0.0,0.0,0.0
359942929703939902,0.0,0.0,0.0,0.0,0.0
359942930456560502,0.0,0.0,0.0,0.0,0.0
359942930456840101,0.0,0.0,0.0,0.0,0.0
359942930524706101,0.0,0.0,0.0,0.0,0.0
361142927975121802,0.0,0.0,0.0,0.0,0.0
361342930462349102,0.0,0.0,0.0,0.0,0.0
361342930477354902,0.0,0.0,0.0,0.0,0.0
361342930480586502,0.0,0.0,0.0,0.0,0.0
361542930508297202,0.0,0.0,0.0,0.0,0.0
361642930480458002,0.0,0.0,0.0,0.0,0.0
361642930526437301,0.0,0.0,0.0,0.0,0.0
361942930525512301,0.0,0.0,0.0,0.0,0.0
361942930530406602,0.0,0.0,0.0,0.0,0.0
361942930532111701,0.0,0.0,0.0,0.0,0.0
362042930544823201,0.0,0.0,0.0,0.0,0.0
362242930460297302,4.38095235824585,14.461284366461749,411.60109289617486,104.4463119506836,911.06094161018
362242930547052601,0.0,0.0,0.0,0.0,0.0
362442930465016701,0.0,0.0,0.0,0.0,0.0
362442930549738201,0.0,0.0,0.0,0.0,0.0
362642930463508202,0.0,0.0,0.0,0.0,0.0
362642930510624401,0.0,0.0,0.0,0.0,0.0
362742930460187602,2.5,67.59873766447369,189.03157894736842,16.135080337524414,270.39495476973684
362742930528277302,0.0,0.0,0.0,0.0,0.0
362842930531219902,0.0,0.0,0.0,0.0,0.0
363242930533930601,0.0,0.0,0.0,0.0,0.0
363542930480759601,0.0,0.0,0.0,0.0,0.0
363642929704205701,0.0,0.0,0.0,0.0,0.0
363642930533345502,0.0,0.0,0.0,0.0,0.0
363742929725351301,0.0,0.0,0.0,0.0,0.0
363742930461833501,0.0,0.0,0.0,0.0,0.0
363842930473755601,0.0,0.0,0.0,0.0,0.0
363942927929319102,0.0,0.0,0.0,0.0,0.0
364142930476434801,0.0,0.0,0.0,0.0,0.0
364242930539775901,0.0,0.0,0.0,0.0,0.0
364242930543965801,0.0,0.0,0.0,0.0,0.0
364442930550625301,0.0,0.0,0.0,0.0,0.0
364542930546529701,0.0,0.0,0.0,0.0,0.0
364742929013050002,0.0,0.0,0.0,0.0,0.0
364742930533039701,0.0,0.0,0.0,0.0,0.0
364842930545377702,0.0,0.0,0.0,0.0,0.0
364942930464560301,0.0,0.0,0.0,0.0,0.0
365342929696795902,0.0,0.0,0.0,0.0,0.0
365442930462918502,0.0,0.0,0.0,0.0,0.0
365542930453482901,0.0,0.0,0.0,0.0,0.0
365542930528183702,0.0,0.0,0.0,0.0,0.0
365542930545595702,0.0,0.0,0.0,0.0,0.0
365642930475386902,0.0,0.0,0.0,0.0,0.0
365742929197782602,0.0,0.0,0.0,0.0,0.0
365742930451079301,0.0,0.0,0.0,0.0,0.0
366042930480305402,4.666666507720947,14.85840353970742,65.05747126436782,7.650826930999756,89.15042557512082
366042930524678302,0.0,0.0,0.0,0.0,0.0
366342929230173202,0.0,0.0,0.0,0.0,0.0
366342930461666002,0.0,0.0,0.0,0.0,0.0
366442930475860401,0.0,0.0,0.0,0.0,0.0
366642930516534001,0.0,0.0,0.0,0.0,0.0
366742930548750902,0.0,0.0,0.0,0.0,0.0
366842930476474902,0.0,0.0,0.0,0.0,0.0
366842930544745901,0.0,0.0,0.0,0.0,0.0
366942929424165902,0.0,0.0,0.0,0.0,0.0
366942930543596502,0.0,0.0,0.0,0.0,0.0
367342930531717502,5.375,15.577029460587232,185.05847953216374,87.0887680053711,996.9298678132293
367442930453595802,0.0,0.0,0.0,0.0,0.0
367542930545579601,0.0,0.0,0.0,0.0,0.0
367642930538319801,0.0,0.0,0.0,0.0,0.0
367742928043720302,0.0,0.0,0.0,0.0,0.0
367742930529880302,0.0,0.0,0.0,0.0,0.0
367842930518636802,0.0,0.0,0.0,0.0,0.0
368042930532028402,0.47311827540397644,8.042248755177491,12.07167588907226,74.37982940673828,747.9291033774439
368042930542122402,0.0,0.0,0.0,0.0,0.0
368042930549846802,0.0,0.0,0.0,0.0,0.0
368142930457605901,0.0,0.0,0.0,0.0,0.0
368142930529370002,0.0,0.0,0.0,0.0,0.0
368142930530685501,0.0,0.0,0.0,0.0,0.0
368342930525229002,6.0,56.115051165434906,56.11502747773356,6.326691627502441,56.115051165434906
368442930519901401,0.0,0.0,0.0,0.0,0.0
368542930472747002,5.800000190734863,55.168972439236114,176.80902777777777,38.073055267333984,551.6897262467278
368542930529988102,0.0,0.0,0.0,0.0,0.0
368642929385436301,0.0,0.0,0.0,0.0,0.0
368642930533408402,0.0,0.0,0.0,0.0,0.0
368742930461061301,0.0,0.0,0.0,0.0,0.0
368742930523579301,0.0,0.0,0.0,0.0,0.0
368942929160959801,0.0,0.0,0.0,0.0,0.0
368942930452764802,0.0,0.0,0.0,0.0,0.0
369042930528159301,0.0,0.0,0.0,0.0,0.0
369042930543856402,1.9393939971923828,8.542785945197044,35.360591133004924,39.85762405395508,281.911931332755
369442929476744201,0.0,0.0,0.0,0.0,0.0
369442930454635702,0.0,0.0,0.0,0.0,0.0
369642930447472302,0.0,0.0,0.0,0.0,0.0
369742928305303001,0.0,0.0,0.0,0.0,0.0
369742930529632401,0.0,0.0,0.0,0.0,0.0
369842930184265802,0.0,0.0,0.0,0.0,0.0
369842930519868001,0.0,0.0,0.0,0.0,0.0
369842930530305702,0.0,0.0,0.0,0.0,0.0
369942930462320502,0.0,0.0,0.0,0.0,0.0
371142930531876202,3.7941176891326904,21.90563856689309,203.8044890726521,52.44594955444336,744.7916839473429
371242930477195101,0.0,0.0,0.0,0.0,0.0
371242930527151002,0.0,0.0,0.0,0.0,0.0
371342929649371201,0.0,0.0,0.0,0.0,0.0
371342930447099902,0.0,0.0,0.0,0.0,0.0
371542930453662501,0.0,0.0,0.0,0.0,0.0
372042929493873702,0.0,0.0,0.0,0.0,0.0
372042930465107002,0.0,0.0,0.0,0.0,0.0
372242930460591101,0.0,0.0,0.0,0.0,0.0
372242930525378602,0.0,0.0,0.0,0.0,0.0
372442930453370702,0.0,0.0,0.0,0.0,0.0
372542930550452801,0.0,0.0,0.0,0.0,0.0
372642930456949402,0.0,0.0,0.0,0.0,0.0
372642930549216101,0.0,0.0,0.0,0.0,0.0
372842930470223101,0.0,0.0,0.0,0.0,0.0
372842930518254302,0.0,0.0,0.0,0.0,0.0
372842930526986302,0.0,0.0,0.0,0.0,0.0
373042929735805402,0.0,0.0,0.0,0.0,0.0
373042930537235601,0.0,0.0,0.0,0.0,0.0
373042930545550402,0.0,0.0,0.0,0.0,0.0
373142930476026202,0.0,0.0,0.0,0.0,0.0
373142930520861102,0.0,0.0,0.0,0.0,0.0
373242930529193902,0.0,0.0,0.0,0.0,0.0
373242930533335102,3.764045000076294,7.662186577579569,227.27958162217658,76.35269165039062,681.9346263893331
373642929543954001,0.0,0.0,0.0,0.0,0.0
373642930526412302,0.0,0.0,0.0,0.0,0.0
373742930508176902,0.0,0.0,0.0,0.0,0.0
373742930510758901,0.0,0.0,0.0,0.0,0.0
374042930527670901,0.0,0.0,0.0,0.0,0.0
374142930449654802,0.0,0.0,0.0,0.0,0.0
374142930516963102,0.0,0.0,0.0,0.0,0.0
374242930464914402,0.0,0.0,0.0,0.0,0.0
374442930475103502,0.0,0.0,0.0,0.0,0.0
374442930476794701,0.0,0.0,0.0,0.0,0.0
374442930520343301,0.0,0.0,0.0,0.0,0.0
374442930534586502,0.0,0.0,0.0,0.0,0.0
374642929424230501,0.0,0.0,0.0,0.0,0.0
374642930521895602,0.0,0.0,0.0,0.0,0.0
374742930449722201,0.0,0.0,0.0,0.0,0.0
374842930429014701,0.0,0.0,0.0,0.0,0.0
374842930550442702,0.0,0.0,0.0,0.0,0.0
374942930517445901,3.8333332538604736,3.8947234144140364,13.90732034922767,3.631728172302246,23.368341265307567
375042930524971302,0.0,0.0,0.0,0.0,0.0
375642928135615002,0.0,0.0,0.0,0.0,0.0
375842930456000201,0.0,0.0,0.0,0.0,0.0
375842930457831501,0.0,0.0,0.0,0.0,0.0
375842930469730202,0.0,0.0,0.0,0.0,0.0
376242930521159901,0.0,0.0,0.0,0.0,0.0
376342930526305002,0.0,0.0,0.0,0.0,0.0
376542930449361902,0.0,0.0,0.0,0.0,0.0
376542930459222301,0.0,0.0,0.0,0.0,0.0
376542930517808302,0.0,0.0,0.0,0.0,0.0
376642930474478102,0.0,0.0,0.0,0.0,0.0
376642930510212301,0.0,0.0,0.0,0.0,0.0
376842929025362102,0.0,0.0,0.0,0.0,0.0
376842929303779501,0.0,0.0,0.0,0.0,0.0
376842930454741401,0.0,0.0,0.0,0.0,0.0
376942929400309801,0.0,0.0,0.0,0.0,0.0
377042930452844201,0.0,0.0,0.0,0.0,0.0
377342930546095002,0.0,0.0,0.0,0.0,0.0
377642930450262401,0.0,0.0,0.0,0.0,0.0
377742930529740002,0.0,0.0,0.0,0.0,0.0
377842930527632401,0.0,0.0,0.0,0.0,0.0
378042930531933202,0.0,0.0,0.0,0.0,0.0
378142930534621701,4.567567348480225,7.804026305332294,127.39731285988483,36.4696159362793,288.74897318014484
378242930480468501,0.0,0.0,0.0,0.0,0.0
378442927994754502,0.0,0.0,0.0,0.0,0.0
378542930455525302,0.0,0.0,0.0,0.0,0.0
378542930527331202,12.166666984558105,54.23548704954955,370.23423423423424,39.91749954223633,976.2387713870487
378642930517357601,0.0,0.0,0.0,0.0,0.0
378642930548795902,0.03448275849223137,18.37442182831533,35.394621925994024,123.03958129882812,1598.5747724528478
378742930508361701,0.0,0.0,0.0,0.0,0.0
378842930534603702,0.0,0.0,0.0,0.0,0.0
379042928021898801,0.0,0.0,0.0,0.0,0.0
379042930529748301,0.0,0.0,0.0,0.0,0.0
379142930462597802,0.0,0.0,0.0,0.0,0.0
379442930464406301,0.0,0.0,0.0,0.0,0.0
379442930525877202,0.0,0.0,0.0,0.0,0.0
379642930518465202,0.0,0.0,0.0,0.0,0.0
379942930458861702,0.0,0.0,0.0,0.0,0.0
379942930538220701,0.0,0.0,0.0,0.0,0.0
381142928258160401,0.0,0.0,0.0,0.0,0.0
381142930455402501,0.0,0.0,0.0,0.0,0.0
381142930517571901,0.0,0.0,0.0,0.0,0.0
381242930530479402,0.0,0.0,0.0,0.0,0.0
381242930533425301,3.5,51.93837316176471,244.49607843137255,19.224515914916992,311.6302429342971
381342930464663802,0.0,0.0,0.0,0.0,0.0
381342930537371202,0.0,0.0,0.0,0.0,0.0
381342930545549801,0.0,0.0,0.0,0.0,0.0
381442928592554802,0.0,0.0,0.0,0.0,0.0
381542930511082102,0.0,0.0,0.0,0.0,0.0
381642928726286801,0.0,0.0,0.0,0.0,0.0
381642930462800901,0.0,0.0,0.0,0.0,0.0
381842930473491101,0.0,0.0,0.0,0.0,0.0
381842930523905901,2.952380895614624,22.766378175714838,138.09428129829985,34.7139892578125,478.0939570479268
382042930478418501,0.0,0.0,0.0,0.0,0.0
382242930508843601,0.0,0.0,0.0,0.0,0.0
382342930527765702,0.0,0.0,0.0,0.0,0.0
382442929816333701,0.0,0.0,0.0,0.0,0.0
382442930542936301,0.0,0.0,0.0,0.0,0.0
382542930547749401,3.555555582046509,12.503664244715743,84.62755102040816,13.266446113586426,112.53297784655156
382742930459525601,0.0,0.0,0.0,0.0,0.0
382742930529938201,0.0,0.0,0.0,0.0,0.0
382742930543048902,0.0,0.0,0.0,0.0,0.0
382742930545121801,0.0,0.0,0.0,0.0,0.0
382942930452010801,0.0,0.0,0.0,0.0,0.0
382942930519235701,0.0,0.0,0.0,0.0,0.0
382942930527975702,0.0,0.0,0.0,0.0,0.0
383042928022064701,0.0,0.0,0.0,0.0,0.0
383242928021739302,0.0,0.0,0.0,0.0,0.0
383242930526777101,0.0,0.0,0.0,0.0,0.0
383442930517005701,0.0,0.0,0.0,0.0,0.0
383442930541590302,0.0,0.0,0.0,0.0,0.0
383542930478274501,2.297297239303589,29.595861398287386,100.25730994152046,103.12911224365234,1095.0468546039579
383642930531412502,0.0,0.0,0.0,0.0,0.0
383642930541252702,7.0,79.65929383116882,266.3084415584416,17.64031982421875,398.296458058543
383742930522503801,0.0,0.0,0.0,0.0,0.0
383842929166292701,0.0,0.0,0.0,0.0,0.0
384042930476955701,0.0,0.0,0.0,0.0,0.0
384142930474020702,0.0,0.0,0.0,0.0,0.0
384342930531682701,0.0,0.0,0.0,0.0,0.0
384442930531919902,0.0,0.0,0.0,0.0,0.0
384542930531852601,0.0,0.0,0.0,0.0,0.0
384642929231919301,0.0,0.0,0.0,0.0,0.0
384742930465311101,0.0,0.0,0.0,0.0,0.0
384942928967210401,0.0,0.0,0.0,0.0,0.0
384942930541042402,0.0,0.0,0.0,0.0,0.0
385042930518965302,0.0,0.0,0.0,0.0,0.0
385042930542465302,0.0,0.0,0.0,0.0,0.0
385242930460781901,0.0,0.0,0.0,0.0,0.0
385342930533430402,0.0,0.0,0.0,0.0,0.0
385442928043678802,0.0,0.0,0.0,0.0,0.0
385542929501805001,0.0,0.0,0.0,0.0,0.0
385542930518312701,0.0,0.0,0.0,0.0,0.0
385642930453262502,3.4000000953674316,3.4930260870475873,14.822520107238606,2.6342170238494873,17.46513102431719
385842930137776202,3.3644859790802,5.5834992637626515,157.02305899285076,96.50503540039062,597.434429060862
386042930464980502,0.0,0.0,0.0,0.0,0.0
386142929047985301,0.0,0.0,0.0,0.0,0.0
386142930517200602,0.0,0.0,0.0,0.0,0.0
386142930533884901,4.019999980926514,9.50241107214429,97.79453644130366,56.689109802246094,475.12055097422433
386342930509658701,0.0,0.0,0.0,0.0,0.0
386342930522489501,0.0,0.0,0.0,0.0,0.0
386642930508954301,0.0,0.0,0.0,0.0,0.0
386642930545910101,0.0,0.0,0.0,0.0,0.0
386742930517778002,3.222222328186035,13.427294965640872,53.64774424858082,9.078936576843262,120.8456594320707
386742930524873801,0.0,0.0,0.0,0.0,0.0
386942930516833302,0.0,0.0,0.0,0.0,0.0
386942930535033502,0.0,0.0,0.0,0.0,0.0
387142929070047801,0.0,0.0,0.0,0.0,0.0
387142930545653001,0.0,0.0,0.0,0.0,0.0
387242928779095702,0.0,0.0,0.0,0.0,0.0
387542930460935401,0.0,0.0,0.0,0.0,0.0
387542930517584202,0.0,0.0,0.0,0.0,0.0
387542930524891601,0.0,0.0,0.0,0.0,0.0
387642930454143201,0.0,0.0,0.0,0.0,0.0
387742930508649701,0.0,0.0,0.0,0.0,0.0
387742930547812502,0.0,0.0,0.0,0.0,0.0
387942928025304302,0.0,0.0,0.0,0.0,0.0
388042930518093902,0.0,0.0,0.0,0.0,0.0
388042930524151601,0.0,0.0,0.0,0.0,0.0
388542930544726801,0.0,0.0,0.0,0.0,0.0
388842930464829801,0.0,0.0,0.0,0.0,0.0
388942930453069001,0.0,0.0,0.0,0.0,0.0
388942930480651502,0.0,0.0,0.0,0.0,0.0
389042930537878602,0.0,0.0,0.0,0.0,0.0
389142930509577502,0.0,0.0,0.0,0.0,0.0
389142930524417401,0.0,0.0,0.0,0.0,0.0
389242929417183102,0.0,0.0,0.0,0.0,0.0
389242930540877902,0.0,0.0,0.0,0.0,0.0
389342930335195702,0.0,0.0,0.0,0.0,0.0
389342930480540002,0.0,0.0,0.0,0.0,0.0
389542930520053202,0.0,0.0,0.0,0.0,0.0
389842930524519702,0.0,0.0,0.0,0.0,0.0
389942930447477901,0.0,0.0,0.0,0.0,0.0
389942930454321801,0.0,0.0,0.0,0.0,0.0
391242930472753802,0.0,0.0,0.0,0.0,0.0
391442930534416501,0.0,0.0,0.0,0.0,0.0
391542930477955601,0.0,0.0,0.0,0.0,0.0
391642930516707901,3.385964870452881,9.822245966548254,126.02368265245707,41.15569305419922,559.868013353726
391642930523212602,0.0,0.0,0.0,0.0,0.0
391742930516466402,0.0,0.0,0.0,0.0,0.0
391742930525043601,3.8809523582458496,4.477925921405907,59.96802538442763,23.465076446533203,188.07288990574753
391842930517761402,0.0,0.0,0.0,0.0,0.0
392042929704089602,0.0,0.0,0.0,0.0,0.0
392542930545437602,2.450000047683716,8.144007148889962,89.3925353925354,5.542971134185791,162.8801404101201
392642929843823801,0.0,0.0,0.0,0.0,0.0
392642930464602801,0.0,0.0,0.0,0.0,0.0
392642930473037902,2.799999952316284,5.843948782871357,86.04776119402985,73.04405975341797,525.955413128623
392642930477428701,0.0,0.0,0.0,0.0,0.0
392942930516888401,0.0,0.0,0.0,0.0,0.0
393042930517697601,0.0,0.0,0.0,0.0,0.0
393042930542269002,0.0,0.0,0.0,0.0,0.0
393042930546631302,0.0,0.0,0.0,0.0,0.0
393142930544519301,0.0,0.0,0.0,0.0,0.0
393142930547471501,0.0,0.0,0.0,0.0,0.0
393242929766133401,0.0,0.0,0.0,0.0,0.0
393242930467765502,0.0,0.0,0.0,0.0,0.0
393242930476399502,0.0,0.0,0.0,0.0,0.0
393342930527369802,0.0,0.0,0.0,0.0,0.0
393542930480018402,0.0,0.0,0.0,0.0,0.0
393742930520197501,0.0,0.0,0.0,0.0,0.0
393742930545799702,4.474359035491943,9.595222594246032,169.63756613756613,90.1123046875,748.4273837498256
394042929514211502,0.0,0.0,0.0,0.0,0.0
394042930459453101,0.0,0.0,0.0,0.0,0.0
394442928121460502,0.0,0.0,0.0,0.0,0.0
394442930510586502,0.0,0.0,0.0,0.0,0.0
394542930458628602,0.0,0.0,0.0,0.0,0.0
394542930461458602,0.0,0.0,0.0,0.0,0.0
394842928269821601,0.0,0.0,0.0,0.0,0.0
394942930455046402,0.0,0.0,0.0,0.0,0.0
395242930457477202,0.0,0.0,0.0,0.0,0.0
395242930527336501,0.0,0.0,0.0,0.0,0.0
395442930465144201,0.0,0.0,0.0,0.0,0.0
395542930452254701,0.0,0.0,0.0,0.0,0.0
395642930474569001,0.0,0.0,0.0,0.0,0.0
395642930479548602,0.0,0.0,0.0,0.0,0.0
395942928191430301,0.0,0.0,0.0,0.0,0.0
396042929762471102,0.0,0.0,0.0,0.0,0.0
396042930508149701,0.0,0.0,0.0,0.0,0.0
396142929020966702,0.0,0.0,0.0,0.0,0.0
396142930508118401,0.0,0.0,0.0,0.0,0.0
396242930474193301,0.0,0.0,0.0,0.0,0.0
396242930530884601,0.0,0.0,0.0,0.0,0.0
396242930540908902,0.0,0.0,0.0,0.0,0.0
396442930549904601,0.0,0.0,0.0,0.0,0.0
396742930534244302,3.0128204822540283,28.218238218582886,554.9959893048128,91.85917663574219,2201.0225233961555
396842928607154801,0.0,0.0,0.0,0.0,0.0
396842930527885301,0.0,0.0,0.0,0.0,0.0
396942930477809802,0.0,0.0,0.0,0.0,0.0
396942930516506501,0.0,0.0,0.0,0.0,0.0
396942930529685301,0.0,0.0,0.0,0.0,0.0
396942930546900402,0.0,0.0,0.0,0.0,0.0
397042930476226001,0.0,0.0,0.0,0.0,0.0
397242930538647501,0.0,0.0,0.0,0.0,0.0
397642930475479502,0.0,0.0,0.0,0.0,0.0
397842930476469701,0.0,0.0,0.0,0.0,0.0
397842930529378901,0.0,0.0,0.0,0.0,0.0
398342930477370602,0.0,0.0,0.0,0.0,0.0
398342930509659302,0.0,0.0,0.0,0.0,0.0
398542928779258801,0.0,0.0,0.0,0.0,0.0
398642930464486202,0.0,0.0,0.0,0.0,0.0
398742930474713601,4.199999809265137,11.901087074978204,144.16085440278988,111.34188079833984,952.0869751309143
398742930527440801,0.0,0.0,0.0,0.0,0.0
398942928695745901,0.0,0.0,0.0,0.0,0.0
398942930516805102,7.75,72.99933510638297,192.04521276595744,14.872496604919434,291.99735081449467
399042930516875102,0.0,0.0,0.0,0.0,0.0
399042930533094102,0.0,0.0,0.0,0.0,0.0
399242930463225402,0.0,0.0,0.0,0.0,0.0
399342929373145101,0.0,0.0,0.0,0.0,0.0
399642927979893401,0.0,0.0,0.0,0.0,0.0
399642930527611501,0.0,0.0,0.0,0.0,0.0
399742930528621802,0.0,0.0,0.0,0.0,0.0
399742930542355302,0.0,0.0,0.0,0.0,0.0
399842930477787802,0.0,0.0,0.0,0.0,0.0
399842930518555101,0.0,0.0,0.0,0.0,0.0
401442930456696401,5.75,26.137523595883327,99.59081505999173,5.224200248718262,104.55009256535736
401442930533792802,0.0,0.0,0.0,0.0,0.0
401542930528130801,0.0,0.0,0.0,0.0,0.0
401642930471936801,0.0,0.0,0.0,0.0,0.0
401742928921383502,0.0,0.0,0.0,0.0,0.0
401942930466958002,0.0,0.0,0.0,0.0,0.0
402142930516212601,2.9137930870056152,9.062357885457198,224.55155642023345,84.5328598022461,1051.2334850981078
402142930525329602,0.0,0.0,0.0,0.0,0.0
402242930220850201,0.0,0.0,0.0,0.0,0.0
402542930529279302,0.0,0.0,0.0,0.0,0.0
402642930511105501,0.0,0.0,0.0,0.0,0.0
402742930476771901,0.0,0.0,0.0,0.0,0.0
402742930528567501,0.0,0.0,0.0,0.0,0.0
402742930538104702,3.142857074737549,18.02309354497583,103.82872928176796,15.739118576049805,252.32331687969398
402842928726872901,0.0,0.0,0.0,0.0,0.0
402842930543174502,0.0,0.0,0.0,0.0,0.0
403042930510952501,0.0,0.0,0.0,0.0,0.0
403242930464977002,0.0,0.0,0.0,0.0,0.0
403342930479456202,0.0,0.0,0.0,0.0,0.0
403442928135526702,0.0,0.0,0.0,0.0,0.0
403542930459240401,0.0,0.0,0.0,0.0,0.0
403642930457403402,0.0,0.0,0.0,0.0,0.0
403642930549127701,0.0,0.0,0.0,0.0,0.0
404042930534149001,0.0,0.0,0.0,0.0,0.0
404142930516623201,3.452054738998413,10.89030531152468,224.73737140215005,66.89410400390625,794.99226667426
404142930543207202,0.0,0.0,0.0,0.0,0.0
404342928592736402,0.0,0.0,0.0,0.0,0.0
404342929161928001,0.0,0.0,0.0,0.0,0.0
404342930530378302,0.0,0.0,0.0,0.0,0.0
404342930530450502,0.0,0.0,0.0,0.0,0.0
404542928009669402,0.0,0.0,0.0,0.0,0.0
404542930516805801,0.0,0.0,0.0,0.0,0.0
404742930534327401,0.0,0.0,0.0,0.0,0.0
404942928243018501,3.15238094329834,21.434384057971016,335.32695652173913,107.1620864868164,2250.6103940283733
404942930462232801,0.0,0.0,0.0,0.0,0.0
405242929965425402,0.0,0.0,0.0,0.0,0.0
405242930075763902,0.0,0.0,0.0,0.0,0.0
405242930542378301,0.0,0.0,0.0,0.0,0.0
405342930516793902,0.0,0.0,0.0,0.0,0.0
405442930463122202,3.064516067504883,11.90736780212964,49.89486198697405,52.3221435546875,369.1284006221901
405642929034787301,3.3333332538604736,17.95252565870098,62.44313725490196,6.08902645111084,107.71515778186274
405642930454048701,0.0,0.0,0.0,0.0,0.0
405742930435843402,0.0,0.0,0.0,0.0,0.0
405742930547082702,0.0,0.0,0.0,0.0,0.0
405942930463724801,0.0,0.0,0.0,0.0,0.0
406042930527059902,0.0,0.0,0.0,0.0,0.0
406142930253488602,0.0,0.0,0.0,0.0,0.0
406142930465603601,0.0,0.0,0.0,0.0,0.0
406142930480624702,0.0,0.0,0.0,0.0,0.0
406142930519779901,3.799999952316284,5.311411306106471,21.484342379958246,1.9318650960922241,26.557056348500875
406242930448090402,3.3333332538604736,7.740204410054075,19.04602615694165,3.560490608215332,23.220613602421412
406242930457494901,0.0,0.0,0.0,0.0,0.0
406242930532467501,0.0,0.0,0.0,0.0,0.0
406542930547152702,0.0,0.0,0.0,0.0,0.0
406642930549402802,0.0,0.0,0.0,0.0,0.0
406742930453129401,4.25,3.1054042329724205,6.659658137583893,1.3346188068389893,12.42161662466574
406842930476564801,0.0,0.0,0.0,0.0,0.0
406842930550301202,0.0,0.0,0.0,0.0,0.0
407042930462689801,0.0,0.0,0.0,0.0,0.0
407042930516282502,0.0,0.0,0.0,0.0,0.0
407142930456439801,2.5853657722473145,5.828010340226818,83.0907271514343,23.140222549438477,238.9484220763061
407142930461291902,0.0,0.0,0.0,0.0,0.0
407242930448943101,0.0,0.0,0.0,0.0,0.0
407342930458624101,0.0,0.0,0.0,0.0,0.0
407342930463113101,0.0,0.0,0.0,0.0,0.0
407442929091989401,0.0,0.0,0.0,0.0,0.0
407442930545205401,0.0,0.0,0.0,0.0,0.0
407642930469038001,0.0,0.0,0.0,0.0,0.0
407742930465061701,0.0,0.0,0.0,0.0,0.0
407742930544345001,0.0,0.0,0.0,0.0,0.0
407942930473018401,0.0,0.0,0.0,0.0,0.0
408042930479169602,0.0,0.0,0.0,0.0,0.0
408242930522563502,0.0,0.0,0.0,0.0,0.0
408242930526666201,0.0,0.0,0.0,0.0,0.0
408342930477095702,0.0,0.0,0.0,0.0,0.0
408342930534809402,0.0,0.0,0.0,0.0,0.0
408842930457682702,0.0,0.0,0.0,0.0,0.0
408842930529595802,0.0,0.0,0.0,0.0,0.0
409142930517800302,3.0,25.93111232069672,391.56908665105385,22.95973014831543,440.8288988028533
409242930459718201,0.0,0.0,0.0,0.0,0.0
409242930471121901,0.0,0.0,0.0,0.0,0.0
409242930530387301,0.0,0.0,0.0,0.0,0.0
409242930538171502,0.0,0.0,0.0,0.0,0.0
409342930474059602,0.0,0.0,0.0,0.0,0.0
409342930526145602,0.0,0.0,0.0,0.0,0.0
409542930342586901,0.0,0.0,0.0,0.0,0.0
409542930472605301,4.0,7.65168819981563,9.15055310729382,1.1901785135269165,15.30337639963126
409542930532421802,6.800000190734863,4.518869487587326,10.428393213572853,3.545274019241333,22.59434859528989
409642930479184301,0.0,0.0,0.0,0.0,0.0
409742930518180302,0.0,0.0,0.0,0.0,0.0
411142930479404701,0.0,0.0,0.0,0.0,0.0
411342930458816501,0.0,0.0,0.0,0.0,0.0
411342930550028202,0.0,0.0,0.0,0.0,0.0
411442930515834401,0.0,0.0,0.0,0.0,0.0
411842928042083402,0.0,0.0,0.0,0.0,0.0
411942928213938501,0.0,0.0,0.0,0.0,0.0
412042930449031401,0.0,0.0,0.0,0.0,0.0
412142930453103101,0.0,0.0,0.0,0.0,0.0
412142930530157001,0.0,0.0,0.0,0.0,0.0
412242930518214602,0.0,0.0,0.0,0.0,0.0
412342930289588601,0.0,0.0,0.0,0.0,0.0
412342930289643401,0.0,0.0,0.0,0.0,0.0
412342930532782902,0.0,0.0,0.0,0.0,0.0
412442930508733902,0.0,0.0,0.0,0.0,0.0
412542930544672702,0.0,0.0,0.0,0.0,0.0
412642930534747002,0.0,0.0,0.0,0.0,0.0
412742930460627101,0.0,0.0,0.0,0.0,0.0
412942930474369302,0.0,0.0,0.0,0.0,0.0
412942930474631602,0.0,0.0,0.0,0.0,0.0
413042930474117101,0.0,0.0,0.0,0.0,0.0
413042930548763702,0.0,0.0,0.0,0.0,0.0
413242930480593002,0.0,0.0,0.0,0.0,0.0
413342930468101401,0.0,0.0,0.0,0.0,0.0
413342930526388702,0.0,0.0,0.0,0.0,0.0
413942928707726702,8.0,36.31178416695264,36.3117707618394,2.3891823291778564,36.31178416695264
413942930457365502,0.0,0.0,0.0,0.0,0.0
414042930526910902,0.0,0.0,0.0,0.0,0.0
414042930531468302,0.0,0.0,0.0,0.0,0.0
414142930458203501,0.0,0.0,0.0,0.0,0.0
414342930507824901,3.875,5.420635468549165,43.6629177377892,14.733139038085938,130.09525432439574
414342930510733001,4.263157844543457,10.137513626453488,100.93674418604651,16.520662307739258,192.61275335267533
414442930548842301,0.0,0.0,0.0,0.0,0.0
414542930521761901,0.0,0.0,0.0,0.0,0.0
414642930550599801,0.0,0.0,0.0,0.0,0.0
414842930447360602,0.0,0.0,0.0,0.0,0.0
414942930465336301,0.0,0.0,0.0,0.0,0.0
415042930470615302,0.0,0.0,0.0,0.0,0.0
415142930516126502,0.0,0.0,0.0,0.0,0.0
415242930544952501,0.0,0.0,0.0,0.0,0.0
415342928086441102,0.0,0.0,0.0,0.0,0.0
415642930459931101,0.0,0.0,0.0,0.0,0.0
415642930475389902,0.0,0.0,0.0,0.0,0.0
415742930478104002,4.642857074737549,36.636702714490966,204.7528735632184,28.76255989074707,512.9138561931542
415942930466888101,0.0,0.0,0.0,0.0,0.0
416142930454167201,0.0,0.0,0.0,0.0,0.0
416242930455137601,5.454545497894287,16.29660898937386,81.62431444241317,37.968544006347656,358.5253857154079
416442929626364102,84.75,25.012120656588447,92.92358604091456,8.977635383605957,100.04848622529802
416442930473063501,0.0,0.0,0.0,0.0,0.0
416842930450242402,3.7422680854797363,8.129042638182034,187.30488815244408,81.67671203613281,788.5171465418271
416842930518543801,0.0,0.0,0.0,0.0,0.0
416842930543259501,0.0,0.0,0.0,0.0,0.0
417042930452964302,0.0,0.0,0.0,0.0,0.0
417042930452976501,0.0,0.0,0.0,0.0,0.0
417042930524389801,3.8918919563293457,8.938068755219934,99.74596325167037,35.66761779785156,330.7085524646105
417142930459672401,0.0,0.0,0.0,0.0,0.0
417342930449522002,0.0,0.0,0.0,0.0,0.0
417542930525139002,0.0,0.0,0.0,0.0,0.0
418042930544336502,0.0,0.0,0.0,0.0,0.0
418342930508967902,0.0,0.0,0.0,0.0,0.0
418342930516375702,0.0,0.0,0.0,0.0,0.0
418442930528735301,0.0,0.0,0.0,0.0,0.0
418442930530225202,0.0,0.0,0.0,0.0,0.0
418642930452678002,0.0,0.0,0.0,0.0,0.0
418842930480448501,3.95652174949646,6.441756716525335,122.60531825795645,62.798377990722656,444.4812186750735
419042930534507802,0.0,0.0,0.0,0.0,0.0
419142930510250002,0.0,0.0,0.0,0.0,0.0
419142930528931202,0.0,0.0,0.0,0.0,0.0
419342930464253801,0.0,0.0,0.0,0.0,0.0
419342930464733702,0.0,0.0,0.0,0.0,0.0
419342930511050901,0.0,0.0,0.0,0.0,0.0
419442930446618101,0.0,0.0,0.0,0.0,0.0
419442930510332601,0.0,0.0,0.0,0.0,0.0
419542930460743402,0.0,0.0,0.0,0.0,0.0
419642928135481802,0.0,0.0,0.0,0.0,0.0
419742930510455002,0.0,0.0,0.0,0.0,0.0
419742930526312002,3.0521738529205322,6.04612207434603,107.84161063112317,59.65167999267578,695.3040483027532
419742930544479201,4.405405521392822,10.840322094787576,214.85433773652267,85.81684875488281,802.1838381235108
419942930519726001,0.0,0.0,0.0,0.0,0.0
419942930534902402,0.0,0.0,0.0,0.0,0.0
421142930524863402,0.0,0.0,0.0,0.0,0.0
421342930476293502,0.0,0.0,0.0,0.0,0.0
421542930478606501,0.0,0.0,0.0,0.0,0.0
421542930542662602,0.0,0.0,0.0,0.0,0.0
421742930472103102,0.0,0.0,0.0,0.0,0.0
421742930478809101,2.375,15.714318531411918,95.26217616580311,9.83445930480957,125.71454976926813
421742930527837001,0.0,0.0,0.0,0.0,0.0
421742930545929201,0.0,0.0,0.0,0.0,0.0
421842930464510002,0.0,0.0,0.0,0.0,0.0
421842930464512601,0.0,0.0,0.0,0.0,0.0
421842930530493601,0.0,0.0,0.0,0.0,0.0
421942930525619301,0.0,0.0,0.0,0.0,0.0
422042929012799102,0.0,0.0,0.0,0.0,0.0
422242930462962702,0.0,0.0,0.0,0.0,0.0
422242930464839802,0.0,0.0,0.0,0.0,0.0
422242930519309302,0.0,0.0,0.0,0.0,0.0
422342929348291702,3.239436626434326,6.9184220158151275,100.11039029350914,0.0,491.20796002370844
422342930528770702,0.0,0.0,0.0,0.0,0.0
422342930536281502,0.0,0.0,0.0,0.0,0.0
422442930532646302,0.0,0.0,0.0,0.0,0.0
422542929800558901,0.0,0.0,0.0,0.0,0.0
422642930533379302,0.0,0.0,0.0,0.0,0.0
422842930455013301,0.0,0.0,0.0,0.0,0.0
422942930517743102,0.0,0.0,0.0,0.0,0.0
423042930220628402,0.0,0.0,0.0,0.0,0.0
423142930472510701,0.0,0.0,0.0,0.0,0.0
423142930529658201,0.0,0.0,0.0,0.0,0.0
423342930462033501,0.0,0.0,0.0,0.0,0.0
423342930528595001,0.0,0.0,0.0,0.0,0.0
423342930541522601,0.0,0.0,0.0,0.0,0.0
423442930510727701,0.0,0.0,0.0,0.0,0.0
423742930476657202,0.0,0.0,0.0,0.0,0.0
423742930532899201,0.0,0.0,0.0,0.0,0.0
423842929307319302,0.0,0.0,0.0,0.0,0.0
423842930008236502,0.0,0.0,0.0,0.0,0.0
423842930456507002,0.0,0.0,0.0,0.0,0.0
423842930461862401,0.0,0.0,0.0,0.0,0.0
423942930473588601,0.0,0.0,0.0,0.0,0.0
424042930527942301,0.0,0.0,0.0,0.0,0.0
424442930526962502,0.0,0.0,0.0,0.0,0.0
424542930476618101,0.0,0.0,0.0,0.0,0.0
424542930544796702,0.0,0.0,0.0,0.0,0.0
424842930455850101,2.6742424964904785,7.504784119133265,354.9555498458376,79.77297973632812,990.6315167156872
424842930525167202,0.0,0.0,0.0,0.0,0.0
424842930531682102,0.0,0.0,0.0,0.0,0.0
424942930478216002,0.0,0.0,0.0,0.0,0.0
424942930522432801,0.0,0.0,0.0,0.0,0.0
425042927982774902,3.350515365600586,7.4452681781861765,141.16795844986018,96.40438079833984,722.1910221211109
425042930527812502,0.0,0.0,0.0,0.0,0.0
425142930476491301,0.0,0.0,0.0,0.0,0.0
425142930517641001,0.0,0.0,0.0,0.0,0.0
425142930532447901,0.0,0.0,0.0,0.0,0.0
425342930452771101,0.0,0.0,0.0,0.0,0.0
425342930473661602,0.0,0.0,0.0,0.0,0.0
425442930517412402,0.0,0.0,0.0,0.0,0.0
425442930547332502,0.0,0.0,0.0,0.0,0.0
425542930467542701,0.0,0.0,0.0,0.0,0.0
425942930461917102,0.0,0.0,0.0,0.0,0.0
425942930525262001,0.0,0.0,0.0,0.0,0.0
426242930508104501,0.0,0.0,0.0,0.0,0.0
426242930541919002,0.0,0.0,0.0,0.0,0.0
426442929249040201,2.0,14.135124259159483,28.270689655172415,1.4830313920974731,28.2702497811153
426442930508858402,2.310344934463501,7.439515414964418,72.88824459673168,30.005155563354492,215.7459455056761
426542928728354801,0.0,0.0,0.0,0.0,0.0
426542930525179902,0.0,0.0,0.0,0.0,0.0
426642930476601002,0.0,0.0,0.0,0.0,0.0
426742930534010201,0.0,0.0,0.0,0.0,0.0
426842928030317302,0.0,0.0,0.0,0.0,0.0
426842930531351102,0.0,0.0,0.0,0.0,0.0
426942930534675001,0.0,0.0,0.0,0.0,0.0
427042929467119401,0.0,0.0,0.0,0.0,0.0
427042930472219801,6.039215564727783,14.047911716146155,164.19824712998394,69.24595642089844,716.4434861316312
427142929346284802,0.0,0.0,0.0,0.0,0.0
427142929816392201,0.0,0.0,0.0,0.0,0.0
427142930455661602,0.0,0.0,0.0,0.0,0.0
427142930519082401,0.0,0.0,0.0,0.0,0.0
427242930508481601,0.0,0.0,0.0,0.0,0.0
427242930549574301,0.0,0.0,0.0,0.0,0.0
427342930454849801,0.0,0.0,0.0,0.0,0.0
427442930475405802,0.0,0.0,0.0,0.0,0.0
427542930524283402,0.0,0.0,0.0,0.0,0.0
427642930450569802,0.0,0.0,0.0,0.0,0.0
427642930532071401,0.0,0.0,0.0,0.0,0.0
427642930546508501,0.0,0.0,0.0,0.0,0.0
427842930511054402,0.0,0.0,0.0,0.0,0.0
427942928225066301,0.0,0.0,0.0,0.0,0.0
428042930534754302,0.0,0.0,0.0,0.0,0.0
428342930530081502,0.0,0.0,0.0,0.0,0.0
428442930475850102,0.0,0.0,0.0,0.0,0.0
428442930533635001,0.0,0.0,0.0,0.0,0.0
428542930545389202,0.0,0.0,0.0,0.0,0.0
428742930455226301,0.0,0.0,0.0,0.0,0.0
428842930515464502,2.573770523071289,5.6971771682518115,110.9228778467909,31.659507751464844,347.5278024456269
428942930452187902,0.0,0.0,0.0,0.0,0.0
429042930524070901,0.0,0.0,0.0,0.0,0.0
429142930549347602,5.2727274894714355,59.81651666057505,733.3732943469786,31.08306312561035,1315.9633574309173
429342928269818402,0.0,0.0,0.0,0.0,0.0
429342929417543301,0.0,0.0,0.0,0.0,0.0
429342930530952502,0.0,0.0,0.0,0.0,0.0
429442930526423701,0.0,0.0,0.0,0.0,0.0
429542930463343201,0.0,0.0,0.0,0.0,0.0
429542930534678901,0.0,0.0,0.0,0.0,0.0
429742930480276102,0.0,0.0,0.0,0.0,0.0
429842929411157202,0.0,0.0,0.0,0.0,0.0
431142928242857102,0.0,0.0,0.0,0.0,0.0
431142930528814302,0.0,0.0,0.0,0.0,0.0
431342928188537602,0.0,0.0,0.0,0.0,0.0
431342930436036701,0.0,0.0,0.0,0.0,0.0
431442930460324301,0.0,0.0,0.0,0.0,0.0
431642930546311502,0.0,0.0,0.0,0.0,0.0
431742930460715902,0.0,0.0,0.0,0.0,0.0
431742930528369702,3.2727272510528564,13.904832268370606,73.91661341853035,15.954022407531738,152.9531561367047
431842930517103301,0.0,0.0,0.0,0.0,0.0
431942930461501701,3.0303030014038086,20.180026951419215,100.31965065502183,93.98739624023438,1331.8817636614804
432042930475664902,0.0,0.0,0.0,0.0,0.0
432242930450432502,0.0,0.0,0.0,0.0,0.0
432342930529109301,0.0,0.0,0.0,0.0,0.0
432442929687010202,0.0,0.0,0.0,0.0,0.0
432642930529775401,0.0,0.0,0.0,0.0,0.0
432642930544091501,0.0,0.0,0.0,0.0,0.0
432742930464778202,0.0,0.0,0.0,0.0,0.0
432942928887199501,0.0,0.0,0.0,0.0,0.0
433042930454629101,0.0,0.0,0.0,0.0,0.0
433042930523638701,0.0,0.0,0.0,0.0,0.0
433242930479913101,0.0,0.0,0.0,0.0,0.0
433242930517302902,0.0,0.0,0.0,0.0,0.0
433242930526829102,0.0,0.0,0.0,0.0,0.0
433542930468923802,0.0,0.0,0.0,0.0,0.0
433542930546801001,0.0,0.0,0.0,0.0,0.0
433642930456624001,0.0,0.0,0.0,0.0,0.0
433742930524402901,0.0,0.0,0.0,0.0,0.0
434242930550216202,3.4375,17.041340049235554,187.215859030837,55.362083435058594,817.9843646719469
434342928577579702,0.0,0.0,0.0,0.0,0.0
434442930476749802,1.5,10.189051584331338,20.377245508982035,1.1821928024291992,20.378103655969312
434542929543902501,0.0,0.0,0.0,0.0,0.0
434542930478188502,0.0,0.0,0.0,0.0,0.0
434542930516168402,4.113636493682861,17.199402953330093,269.4764219737482,75.03524017333984,756.7737451385512
434542930534207102,0.0,0.0,0.0,0.0,0.0
434642930525286701,0.0,0.0,0.0,0.0,0.0
434642930537432001,3.642857074737549,11.502595862563776,183.4345238095238,32.36176300048828,483.1090369321862
435142930542793802,0.0,0.0,0.0,0.0,0.0
435242930531846502,2.0374999046325684,8.87812164839421,15.397187630340227,0.0,710.249740144241
435242930532869402,0.0,0.0,0.0,0.0,0.0
435342929013116401,0.0,0.0,0.0,0.0,0.0
435442930460426002,0.0,0.0,0.0,0.0,0.0
435442930518610701,1.299559473991394,20.530894021077,1535.692007797271,258.03936767578125,4660.512919807295
435742930543774002,0.0,0.0,0.0,0.0,0.0
435842930478161502,0.0,0.0,0.0,0.0,0.0
435842930510965401,0.0,0.0,0.0,0.0,0.0
435942930527914001,0.0,0.0,0.0,0.0,0.0
436242930547456902,0.0,0.0,0.0,0.0,0.0
436342928726782501,0.0,0.0,0.0,0.0,0.0
436442930475111001,0.0,0.0,0.0,0.0,0.0
436542930542212901,0.0,0.0,0.0,0.0,0.0
436642930516141202,3.3333332538604736,7.878911127586514,41.82946842668569,6.317195892333984,94.54693324796395
436842930473132001,0.0,0.0,0.0,0.0,0.0
436942930531863101,0.0,0.0,0.0,0.0,0.0
437142930549638801,4.3125,10.290564838296248,121.84293193717278,24.934873580932617,329.29808008483565
437442930458940101,0.0,0.0,0.0,0.0,0.0
437642929456777302,0.0,0.0,0.0,0.0,0.0
437642929703857301,0.0,0.0,0.0,0.0,0.0
437642930541280602,0.0,0.0,0.0,0.0,0.0
437642930542057902,0.0,0.0,0.0,0.0,0.0
437842930531739502,0.0,0.0,0.0,0.0,0.0
438042930524689201,0.0,0.0,0.0,0.0,0.0
438242930467080401,0.0,0.0,0.0,0.0,0.0
438242930510427602,3.4285714626312256,11.014482479731837,66.65980667290303,10.801249504089355,77.10137446528103
438442930516910302,0.0,0.0,0.0,0.0,0.0
438542928614385802,0.0,0.0,0.0,0.0,0.0
438542930008180002,0.0,0.0,0.0,0.0,0.0
438542930528147302,0.0,0.0,0.0,0.0,0.0
438742930529846001,0.0,0.0,0.0,0.0,0.0
439242930508921102,0.0,0.0,0.0,0.0,0.0
439442930530243202,0.0,0.0,0.0,0.0,0.0
439642930518496702,0.0,0.0,0.0,0.0,0.0
439742929704304201,0.0,0.0,0.0,0.0,0.0
439742930468869302,0.0,0.0,0.0,0.0,0.0
439742930534365702,0.0,0.0,0.0,0.0,0.0
439942928197140001,6.5,64.68798253676471,281.67058823529413,16.213056564331055,388.12788373161766
439942929575556101,0.0,0.0,0.0,0.0,0.0
441242928932386902,0.0,0.0,0.0,0.0,0.0
441242930516479301,0.0,0.0,0.0,0.0,0.0
441342930455691402,0.0,0.0,0.0,0.0,0.0
441342930538665302,0.0,0.0,0.0,0.0,0.0
441442930546173402,0.0,0.0,0.0,0.0,0.0
441542930528341302,3.1111111640930176,13.041449055272578,42.49339207048458,8.086289405822754,117.37303870785078
441642930543933102,0.0,0.0,0.0,0.0,0.0
441742930543287101,0.0,0.0,0.0,0.0,0.0
441842930450618302,0.0,0.0,0.0,0.0,0.0
441842930519782902,0.0,0.0,0.0,0.0,0.0
442042930522229201,0.0,0.0,0.0,0.0,0.0
442142930450340102,0.0,0.0,0.0,0.0,0.0
442242928232687101,0.0,0.0,0.0,0.0,0.0
442242930456507901,3.3125,7.923345120788302,66.9791799109981,15.1474609375,126.77351714059644
442342928210699901,0.0,0.0,0.0,0.0,0.0
442442930537131802,0.0,0.0,0.0,0.0,0.0
442542930464754601,0.0,0.0,0.0,0.0,0.0
442642930472517502,0.0,0.0,0.0,0.0,0.0
442642930516534602,0.0,0.0,0.0,0.0,0.0
442742930521986601,0.364705890417099,7.631877517885671,34.6323539626311,71.15799713134766,648.7095855651419
442742930541026901,0.0,0.0,0.0,0.0,0.0
442842930460244201,0.0,0.0,0.0,0.0,0.0
443042929544004001,0.0,0.0,0.0,0.0,0.0
443042930544171201,0.0,0.0,0.0,0.0,0.0
443142930530546101,3.86956524848938,15.439162093151381,242.04119342261401,63.43113327026367,1065.3022005320768
443142930531245401,0.0,0.0,0.0,0.0,0.0
443242928932549701,0.0,0.0,0.0,0.0,0.0
443642928242815302,0.0,0.0,0.0,0.0,0.0
443642930533744301,0.0,0.0,0.0,0.0,0.0
443742930527623402,0.0,0.0,0.0,0.0,0.0
443942930454346501,0.0,0.0,0.0,0.0,0.0
443942930515762202,0.0,0.0,0.0,0.0,0.0
444042930540957902,0.0,0.0,0.0,0.0,0.0
444042930547155601,0.0,0.0,0.0,0.0,0.0
444142930531489501,0.0,0.0,0.0,0.0,0.0
444342929025526601,0.0,0.0,0.0,0.0,0.0
444342930453038602,0.0,0.0,0.0,0.0,0.0
444442930521385601,0.0,0.0,0.0,0.0,0.0
444642930473703801,0.0,0.0,0.0,0.0,0.0
444642930527844202,0.0,0.0,0.0,0.0,0.0
444642930534681902,0.0,0.0,0.0,0.0,0.0
445042930530644301,0.0,0.0,0.0,0.0,0.0
445042930538085702,0.0,0.0,0.0,0.0,0.0
445242928258168502,0.0,0.0,0.0,0.0,0.0
445442930509399801,0.0,0.0,0.0,0.0,0.0
445442930533671402,0.0,0.0,0.0,0.0,0.0
445542930184431601,0.0,0.0,0.0,0.0,0.0
445542930521743101,0.0,0.0,0.0,0.0,0.0
445642930526329602,0.0,0.0,0.0,0.0,0.0
445742929118695701,3.545454502105713,11.758824892661982,196.13231850117097,57.18215560913086,517.3883083531114
445742930525116902,4.432432651519775,10.368098705009727,165.40933852140077,42.98407745361328,383.61965004293836
446042930461902202,0.0,0.0,0.0,0.0,0.0
446042930480613802,0.0,0.0,0.0,0.0,0.0
446342930516040102,0.0,0.0,0.0,0.0,0.0
446542930079741302,0.0,0.0,0.0,0.0,0.0
446542930454596401,0.0,0.0,0.0,0.0,0.0
446642930527472202,0.0,0.0,0.0,0.0,0.0
446942930447130201,0.0,0.0,0.0,0.0,0.0
447042928757899402,0.0,0.0,0.0,0.0,0.0
447142930477449802,0.0,0.0,0.0,0.0,0.0
447142930543077802,0.0,0.0,0.0,0.0,0.0
447242930464320602,0.0,0.0,0.0,0.0,0.0
447242930465702601,3.82608699798584,6.034454672931235,29.350815850815852,14.998708724975586,138.7924587898877
447342930520081202,2.7272727489471436,145.2420661407767,1268.073786407767,26.360944747924805,1597.6627951020175
447342930545466902,0.0,0.0,0.0,0.0,0.0
447442930459006701,0.0,0.0,0.0,0.0,0.0
447742930527213302,0.0,0.0,0.0,0.0,0.0
447842929222943602,0.0,0.0,0.0,0.0,0.0
447842930509520701,0.0,0.0,0.0,0.0,0.0
447942930459258802,4.400000095367432,5.392449801642539,44.999628804751296,0.0,107.84899802657526
448042928636802302,0.0,0.0,0.0,0.0,0.0
448242930159026302,4.513157844543457,18.20579594017094,388.6461538461538,97.1562728881836,1383.6404731880905
448442930533817702,3.5,10.475903398670335,101.23062815222374,62.85671615600586,670.4578254696208
448642930531059601,0.0,0.0,0.0,0.0,0.0
448642930537036702,0.0,0.0,0.0,0.0,0.0
448742930530409801,0.0,0.0,0.0,0.0,0.0
448742930542480601,0.0,0.0,0.0,0.0,0.0
448942929424332001,0.0,0.0,0.0,0.0,0.0
448942930460387202,3.7567567825317383,71.76344381549401,806.5808383233533,87.44849395751953,2655.2473606863423
449042930480604502,0.0,0.0,0.0,0.0,0.0
449142930220905101,0.0,0.0,0.0,0.0,0.0
449342930472986802,0.0,0.0,0.0,0.0,0.0
449542930529138102,0.0,0.0,0.0,0.0,0.0
449542930541325102,0.0,0.0,0.0,0.0,0.0
449842930012267802,3.655914068222046,7.482813379786036,182.67117117117118,98.6529541015625,695.9016395039984
449942928143339102,0.0,0.0,0.0,0.0,0.0
451342928303933502,0.0,0.0,0.0,0.0,0.0
451342929091219502,0.0,0.0,0.0,0.0,0.0
451342929118629102,0.5859375,10.158250768931627,277.73958848900514,59.782012939453125,1300.2560911516418
451542930462958501,0.0,0.0,0.0,0.0,0.0
451642930515849801,0.0,0.0,0.0,0.0,0.0
451642930516655801,3.7272727489471436,9.874305234419465,104.82128628343767,9.522882461547852,108.61735440657502
451742930546667901,3.279069662094116,5.243053141374446,104.31979040709392,54.96024703979492,450.90256136756227
451842930530890901,0.0,0.0,0.0,0.0,0.0
451842930539712002,0.0,0.0,0.0,0.0,0.0
452042928113086902,0.0,0.0,0.0,0.0,0.0
452042929606028501,0.0,0.0,0.0,0.0,0.0
452042930474775901,0.0,0.0,0.0,0.0,0.0
452042930529364501,0.0,0.0,0.0,0.0,0.0
452142930534008702,4.133333206176758,9.663735762266356,60.15911214953271,19.37627601623535,144.95603098646504
452142930540910401,0.0,0.0,0.0,0.0,0.0
452242930543963002,0.0,0.0,0.0,0.0,0.0
452342930452739702,0.0,0.0,0.0,0.0,0.0
452342930540695301,0.0,0.0,0.0,0.0,0.0
452442930519503202,0.0,0.0,0.0,0.0,0.0
452542929012692802,0.0,0.0,0.0,0.0,0.0
452842930477818401,0.0,0.0,0.0,0.0,0.0
453142929766029601,2.5999999046325684,10.770653121580963,49.5082056892779,4.3980937004089355,53.853267110411394
453142930458014602,0.0,0.0,0.0,0.0,0.0
453142930460223101,0.0,0.0,0.0,0.0,0.0
453142930509752902,0.0,0.0,0.0,0.0,0.0
453242930549785802,0.0,0.0,0.0,0.0,0.0
453342930528236201,0.0,0.0,0.0,0.0,0.0
453442930510558902,0.0,0.0,0.0,0.0,0.0
453542930451520802,0.0,0.0,0.0,0.0,0.0
453642930536070902,0.0,0.0,0.0,0.0,0.0
453642930550812901,0.0,0.0,0.0,0.0,0.0
453742930460363401,0.0,0.0,0.0,0.0,0.0
453942928878217602,0.0,0.0,0.0,0.0,0.0
454242930477045102,0.0,0.0,0.0,0.0,0.0
454342930542587602,0.0,0.0,0.0,0.0,0.0
454442930458915501,0.0,0.0,0.0,0.0,0.0
454442930539269601,0.0,0.0,0.0,0.0,0.0
454842930525563501,4.694915294647217,9.475236991736141,100.6227877724148,69.69331359863281,559.0389704880736
454942930543521201,0.0,0.0,0.0,0.0,0.0
455042930478737701,0.0,0.0,0.0,0.0,0.0
455042930544365902,0.0,0.0,0.0,0.0,0.0
455142930449806501,3.933333396911621,8.313385315280868,78.62680756395996,42.52241897583008,374.10233166856943
455142930473987601,0.0,0.0,0.0,0.0,0.0
455142930475151802,0.0,0.0,0.0,0.0,0.0
455142930517384102,0.0,0.0,0.0,0.0,0.0
455242930508988402,0.0,0.0,0.0,0.0,0.0
455242930525565202,0.0,0.0,0.0,0.0,0.0
455542930543803602,0.0,0.0,0.0,0.0,0.0
455642930534616002,0.0,0.0,0.0,0.0,0.0
455742930464265902,0.0,0.0,0.0,0.0,0.0
455842928153642502,0.0,0.0,0.0,0.0,0.0
455842929927453401,0.0,0.0,0.0,0.0,0.0
455942930543789701,0.0,0.0,0.0,0.0,0.0
456042930456447502,0.0,0.0,0.0,0.0,0.0
456242929514231701,0.0,0.0,0.0,0.0,0.0
456342930536247302,0.0,0.0,0.0,0.0,0.0
456342930544849801,0.0,0.0,0.0,0.0,0.0
456442930460584501,0.2571428716182709,10.886410396722004,20.685118759088702,61.90663146972656,762.0487150183939
456542930453086802,0.0,0.0,0.0,0.0,0.0
456542930535531102,0.0,0.0,0.0,0.0,0.0
456742929213571201,3.0,2.9833888982669365,11.308620301598019,2.985076427459717,20.883722595585752
456842930461438101,254.0,0.16001969473165928,0.16001969473165928,0.014880663715302944,0.16001969473165928
456842930477211101,0.0,0.0,0.0,0.0,0.0
457142930456083901,7.25,53.34363301595052,128.86458333333334,11.224292755126953,213.37453063329062
457142930456139802,0.0,0.0,0.0,0.0,0.0
457142930525741002,0.0,0.0,0.0,0.0,0.0
457242930460414301,0.0,0.0,0.0,0.0,0.0
457542930525267002,0.0,0.0,0.0,0.0,0.0
457742930540380202,0.0,0.0,0.0,0.0,0.0
457842930454640301,0.0,0.0,0.0,0.0,0.0
457842930539063701,0.0,0.0,0.0,0.0,0.0
457942930459386202,0.0,0.0,0.0,0.0,0.0
457942930474542201,0.0,0.0,0.0,0.0,0.0
457942930531665701,0.0,0.0,0.0,0.0,0.0
458042930542087302,0.0,0.0,0.0,0.0,0.0
458142930478821701,0.0,0.0,0.0,0.0,0.0
458242930524238502,0.0,0.0,0.0,0.0,0.0
458342930515579901,0.0,0.0,0.0,0.0,0.0
458442930457513502,0.0,0.0,0.0,0.0,0.0
458542930454771202,0.0,0.0,0.0,0.0,0.0
458842929605961902,0.0,0.0,0.0,0.0,0.0
458842930456663701,0.0,0.0,0.0,0.0,0.0
459042930546001801,0.0,0.0,0.0,0.0,0.0
459142930463034701,0.0,0.0,0.0,0.0,0.0
459242930454477302,0.0,0.0,0.0,0.0,0.0
459242930516648702,4.333333492279053,7.545552054240776,55.02810034788574,10.107775688171387,113.18328480905329
459442930468001301,0.0,0.0,0.0,0.0,0.0
459542930463913602,0.0,0.0,0.0,0.0,0.0
459742930530104301,0.0,0.0,0.0,0.0,0.0
459742930534620601,0.0,0.0,0.0,0.0,0.0
459842930469084801,0.0,0.0,0.0,0.0,0.0
459842930475160701,0.0,0.0,0.0,0.0,0.0
459842930477617001,0.0,0.0,0.0,0.0,0.0
459842930509910101,0.0,0.0,0.0,0.0,0.0
459842930526608101,0.0,0.0,0.0,0.0,0.0
461142930540984802,0.0,0.0,0.0,0.0,0.0
461242930531454902,0.0,0.0,0.0,0.0,0.0
461242930532147401,0.0,0.0,0.0,0.0,0.0
461442928235811802,0.0,0.0,0.0,0.0,0.0
461742930456999102,0.0,0.0,0.0,0.0,0.0
461742930519807502,0.0,0.0,0.0,0.0,0.0
461742930549960301,4.31944465637207,33.2347346761242,625.4967880085653,125.56644439697266,2392.900908396637
461842929550832801,0.0,0.0,0.0,0.0,0.0
461842930455301401,0.0,0.0,0.0,0.0,0.0
462042930475984002,0.0,0.0,0.0,0.0,0.0
462342927979813301,0.0,0.0,0.0,0.0,0.0
462342928855343602,0.0,0.0,0.0,0.0,0.0
462442930516228901,0.0,0.0,0.0,0.0,0.0
462542930518806401,0.0,1.7147797254049593,0.0,0.35402607917785645,3.429559413324793
462742930459340401,0.0,0.0,0.0,0.0,0.0
462742930542168801,0.0,0.0,0.0,0.0,0.0
462842930525650701,0.0,0.0,0.0,0.0,0.0
463042930545892301,0.0,0.0,0.0,0.0,0.0
463242930452818801,0.0,0.0,0.0,0.0,0.0
463242930517357101,0.0,0.0,0.0,0.0,0.0
463242930541785001,0.0,0.0,0.0,0.0,0.0
463342928232635702,0.0,0.0,0.0,0.0,0.0
463342930449213002,0.0,0.0,0.0,0.0,0.0
463342930478795301,0.0,0.0,0.0,0.0,0.0
463342930545461902,0.0,0.0,0.0,0.0,0.0
463442930549415502,0.0,0.0,0.0,0.0,0.0
463542928021859501,0.0,0.0,0.0,0.0,0.0
463542928932642301,0.0,0.0,0.0,0.0,0.0
463542930142380002,0.0,0.0,0.0,0.0,0.0
463542930468513501,0.0,0.0,0.0,0.0,0.0
463542930515915102,0.0,0.0,0.0,0.0,0.0
463742930457863702,0.0,0.0,0.0,0.0,0.0
463842928091046702,3.670731782913208,6.556400081290286,82.01289134438306,82.65721130371094,537.6247948765974
463942928119476901,0.0,0.0,0.0,0.0,0.0
463942929331512802,4.733333110809326,9.130633435089974,156.0235317381847,95.08393096923828,684.7975347593224
463942930540578001,0.0,0.0,0.0,0.0,0.0
464242930478339501,0.0,0.0,0.0,0.0,0.0
464442930451305101,2.2799999713897705,8.856557661648203,201.7029026001775,100.74571228027344,885.6557567325704
464742928878383001,3.545454502105713,12.379773272156084,78.13333333333334,37.20457458496094,272.3550110832093
464842928168330801,0.0,0.0,0.0,0.0,0.0
464942930458282102,0.0,0.0,0.0,0.0,0.0
465042930548323001,0.0,0.0,0.0,0.0,0.0
465142930459723502,0.0,0.0,0.0,0.0,0.0
465242930476132702,0.0,0.0,0.0,0.0,0.0
465342930534731001,2.21052622795105,5.245896419910557,55.002771478961954,9.111361503601074,99.67203171687513
465442930525456901,4.666666507720947,13.07683202704521,86.76426264800861,18.066715240478516,196.1524768578865
465442930545557502,0.0,0.0,0.0,0.0,0.0
465742930536585001,0.0,0.0,0.0,0.0,0.0
465842930460001301,0.0,0.0,0.0,0.0,0.0
465842930528454901,0.0,0.0,0.0,0.0,0.0
466042928166732401,3.0,363.91457703927495,363.91480362537766,19.95720100402832,363.91457703927495
466142930526490301,0.0,0.0,0.0,0.0,0.0
466242930455505001,0.0,0.0,0.0,0.0,0.0
466242930525743701,0.0,0.0,0.0,0.0,0.0
466342930457832802,4.25,3.814497908191568,8.326923076923077,2.20823073387146,15.257991271611502
466342930461729302,1.0,17.07841348349426,17.079331941544886,0.5395493507385254,17.07841348349426
466542930519226202,0.0,0.0,0.0,0.0,0.0
466642930524025601,0.0,0.0,0.0,0.0,0.0
466642930525797101,0.0,0.0,0.0,0.0,0.0
466842930545666201,0.0,0.0,0.0,0.0,0.0
466942930458474701,0.0,0.0,0.0,0.0,0.0
467042930458964601,0.0,0.0,0.0,0.0,0.0
467042930546302601,2.7319588661193848,14.02385565575133,143.77260638297872,123.20362854003906,1360.3140341423928
467142928570715002,0.0,0.0,0.0,0.0,0.0
467142930529166402,0.0,0.0,0.0,0.0,0.0
467142930541650701,0.0,0.0,0.0,0.0,0.0
467142930542033202,0.0,0.0,0.0,0.0,0.0
467142930549650102,0.0,0.0,0.0,0.0,0.0
467542930544167502,0.0,0.0,0.0,0.0,0.0
467642930475072302,0.0,0.0,0.0,0.0,0.0
468042930449809502,0.0,0.0,0.0,0.0,0.0
468042930473361702,0.0,0.0,0.0,0.0,0.0
468042930474736401,0.0,0.0,0.0,0.0,0.0
468042930518820101,0.0,0.0,0.0,0.0,0.0
468042930529448601,0.0,0.0,0.0,0.0,0.0
468242930509685501,0.0,0.0,0.0,0.0,0.0
468342930448583102,0.0,0.0,0.0,0.0,0.0
468442930460274501,0.0,0.0,0.0,0.0,0.0
468442930474428202,0.0,0.0,0.0,0.0,0.0
468642928800830101,0.0,0.0,0.0,0.0,0.0
468742929127193901,0.0,0.0,0.0,0.0,0.0
468942930461994101,0.0,0.0,0.0,0.0,0.0
468942930529548902,1.5,28.945000320184427,57.89344262295082,2.7424755096435547,57.89000164094519
469142930479823702,0.0,0.0,0.0,0.0,0.0
469142930532768202,0.0,0.0,0.0,0.0,0.0
469242930456536202,0.0,0.0,0.0,0.0,0.0
469242930464238102,0.0,0.0,0.0,0.0,0.0
469342930460128602,0.0,0.0,0.0,0.0,0.0
469442930476395602,0.0,0.0,0.0,0.0,0.0
469442930477083301,0.0,0.0,0.0,0.0,0.0
469542930534434102,0.0,0.0,0.0,0.0,0.0
469542930541619202,0.0,0.0,0.0,0.0,0.0
469642930530191302,0.0,0.0,0.0,0.0,0.0
469742930465097501,0.0,0.0,0.0,0.0,0.0
469742930471751402,0.0,0.0,0.0,0.0,0.0
469742930524778402,0.0,0.0,0.0,0.0,0.0
469842930547519201,0.0,0.0,0.0,0.0,0.0
471142930475783801,0.0,0.0,0.0,0.0,0.0
471142930508056702,0.0,0.0,0.0,0.0,0.0
471242928890508701,0.0,0.0,0.0,0.0,0.0
471242930517623201,0.0,0.0,0.0,0.0,0.0
471442930519177702,0.0,0.0,0.0,0.0,0.0
471442930532511302,0.0,0.0,0.0,0.0,0.0
471642929346172602,0.0,0.0,0.0,0.0,0.0
471642930518281602,0.0,0.0,0.0,0.0,0.0
471642930530253501,0.0,0.0,0.0,0.0,0.0
471742930459609601,0.0,0.0,0.0,0.0,0.0
471942930509142702,0.0,0.0,0.0,0.0,0.0
471942930548031302,0.0,0.0,0.0,0.0,0.0
472042930464677601,0.0,0.0,0.0,0.0,0.0
472142930468182101,0.0,0.0,0.0,0.0,0.0
472142930475906602,0.0,0.0,0.0,0.0,0.0
472142930518773901,0.0,0.0,0.0,0.0,0.0
472142930532073701,3.677419424057007,12.29914176551095,279.37539103232535,124.89901733398438,1143.8201532294281
472242930480688601,0.0,0.0,0.0,0.0,0.0
472442929189265702,0.0,0.0,0.0,0.0,0.0
472442930516125302,0.0,0.0,0.0,0.0,0.0
472442930526224901,2.25,32.992750461402665,84.31230942063874,12.777812004089355,131.9710026292429
472442930533753802,0.0,0.0,0.0,0.0,0.0
472542930523904701,0.0,0.0,0.0,0.0,0.0
472542930528826501,0.0,0.0,0.0,0.0,0.0
472742930528923302,0.0,0.0,0.0,0.0,0.0
472842930524195801,0.0,0.0,0.0,0.0,0.0
472842930529543301,0.0,0.0,0.0,0.0,0.0
472842930533150401,0.0,0.0,0.0,0.0,0.0
472942930480232901,0.0,0.0,0.0,0.0,0.0
472942930525044502,0.0,0.0,0.0,0.0,0.0
473042930452072501,0.0,0.0,0.0,0.0,0.0
473142930458053402,0.0,0.0,0.0,0.0,0.0
473142930532079502,0.0,0.0,0.0,0.0,0.0
473642929189480701,0.0,0.0,0.0,0.0,0.0
473742930453944302,0.0,0.0,0.0,0.0,0.0
473742930525907602,0.0,0.0,0.0,0.0,0.0
474042930462750101,0.0,0.0,0.0,0.0,0.0
474142930476260601,0.0,0.0,0.0,0.0,0.0
474142930545496402,0.0,0.0,0.0,0.0,0.0
474242928759826901,0.0,0.0,0.0,0.0,0.0
474342927929265602,0.0,0.0,0.0,0.0,0.0
474442930463813901,2.7407407760620117,7.459799221102238,91.64437753632674,17.98564910888672,201.41458137952654
474742928592599302,0.0,0.0,0.0,0.0,0.0
474742930523946102,0.0,0.0,0.0,0.0,0.0
474742930545769002,0.0,0.0,0.0,0.0,0.0
474942930448140102,0.0,0.0,0.0,0.0,0.0
474942930480281202,0.0,0.0,0.0,0.0,0.0
474942930522669201,0.0,0.0,0.0,0.0,0.0
475042930549926102,0.0,0.0,0.0,0.0,0.0
475142930465272501,0.0,0.0,0.0,0.0,0.0
475142930527132602,0.0,0.0,0.0,0.0,0.0
475342930533480402,0.0,0.0,0.0,0.0,0.0
475342930545136301,0.0,0.0,0.0,0.0,0.0
475442930472575302,5.269841194152832,19.397635289634145,252.6380487804878,74.3608627319336,1222.0510025708268
475742930461738401,0.0,0.0,0.0,0.0,0.0
475942930516528102,0.0,0.0,0.0,0.0,0.0
476142930470075602,0.0,0.0,0.0,0.0,0.0
476142930475967801,0.0,0.0,0.0,0.0,0.0
476142930527268702,0.0,0.0,0.0,0.0,0.0
476242930528458102,0.0,0.0,0.0,0.0,0.0
476342930515666102,0.0,0.0,0.0,0.0,0.0
476342930519796601,0.0,0.0,0.0,0.0,0.0
476442928043634301,0.0,0.0,0.0,0.0,0.0
476442930537266702,0.0,0.0,0.0,0.0,0.0
476542930460255501,0.0,0.0,0.0,0.0,0.0
476542930469712102,0.0,0.0,0.0,0.0,0.0
476642930454569401,0.0,0.0,0.0,0.0,0.0
476642930543979702,0.0,0.0,0.0,0.0,0.0
476742930465546201,1.0,1.3966521189960464,1.3967025572005383,0.12766133248806,1.3966521189960464
476942930455668701,0.0,0.0,0.0,0.0,0.0
476942930460860902,0.0,0.0,0.0,0.0,0.0
476942930540885102,0.0,0.0,0.0,0.0,0.0
477042930542571901,0.0,0.0,0.0,0.0,0.0
477242930476480602,0.0,0.0,0.0,0.0,0.0
477342930525142301,0.0,0.0,0.0,0.0,0.0
477342930528510302,0.0,0.0,0.0,0.0,0.0
477442930476772902,0.0,0.0,0.0,0.0,0.0
477542927917445902,0.0,0.0,0.0,0.0,0.0
477542930455038201,3.75,11.917947558770344,84.98828209764919,84.30601501464844,762.7486302342337
478042929000168302,0.0,0.0,0.0,0.0,0.0
478142928664127601,2.5616438388824463,7.246024889823718,157.49626068376068,38.79826354980469,528.959819968949
478142930455427601,0.0,0.0,0.0,0.0,0.0
478142930524314602,0.0,0.0,0.0,0.0,0.0
478242929417495501,0.0,0.0,0.0,0.0,0.0
478542930459497102,0.0,0.0,0.0,0.0,0.0
478642930509156802,0.0,0.0,0.0,0.0,0.0
478742930520008402,0.0,0.0,0.0,0.0,0.0
478842930456813102,0.0,0.0,0.0,0.0,0.0
478842930539445902,0.0,0.0,0.0,0.0,0.0
479042929762446002,0.0,0.0,0.0,0.0,0.0
479142930544767301,0.0,0.0,0.0,0.0,0.0
479242928592717301,0.0,0.0,0.0,0.0,0.0
479242930531187502,5.416666507720947,23.372136104689563,138.9689564068692,34.22356414794922,280.4656455116826
479342930540753401,1.0,2.2391178334486703,2.239138283788663,0.35094118118286133,2.2391178334486703
479542930517473801,0.0,0.0,0.0,0.0,0.0
479542930544388701,0.0,0.0,0.0,0.0,0.0
479642929056654202,1.1764706373214722,5.467372166688435,22.973990596313158,38.41051483154297,557.6719744782171
479642930474220501,1.3164557218551636,7.5737687963285,31.95595939395257,78.67035675048828,598.3277567834814
481142930475809902,0.0,0.0,0.0,0.0,0.0
481242929456826602,0.0,0.0,0.0,0.0,0.0
481242930451908901,0.0,0.0,0.0,0.0,0.0
481242930531757002,0.0,0.0,0.0,0.0,0.0
481342930459210702,0.0,0.0,0.0,0.0,0.0
481442929372930702,0.0,0.0,0.0,0.0,0.0
481442930520024901,0.0,0.0,0.0,0.0,0.0
481542930531340702,6.301886558532715,66.28256623641305,946.776397515528,99.32257843017578,3512.9760599077117
481642928135551001,0.0,0.0,0.0,0.0,0.0
481642928988313701,2.5,12.936405642023347,25.872656526353026,3.392691135406494,25.872811629487973
481842928748805202,0.0,0.0,0.0,0.0,0.0
481842930453811401,0.0,0.0,0.0,0.0,0.0
482542930460807101,4.599999904632568,26.29453416511194,112.69402985074628,30.97442626953125,525.8907020682719
482642930450734601,0.0,0.0,0.0,0.0,0.0
482642930452915102,0.0,0.0,0.0,0.0,0.0
482642930549279601,0.0,0.0,0.0,0.0,0.0
482742930509292102,0.0,0.0,0.0,0.0,0.0
482742930542291101,4.166666507720947,6.1343659274193545,27.05941935483871,4.22015380859375,36.806194808467744
482842928210538302,0.0,0.0,0.0,0.0,0.0
483042929346456101,0.0,0.0,0.0,0.0,0.0
483142930461766602,0.0,0.0,0.0,0.0,0.0
483142930477796401,0.0,0.0,0.0,0.0,0.0
483342930462087002,0.0,0.0,0.0,0.0,0.0
483342930545459401,0.0,0.0,0.0,0.0,0.0
483442930464676302,0.0,0.0,0.0,0.0,0.0
483442930474998302,0.0,0.0,0.0,0.0,0.0
483442930545936002,0.0,0.0,0.0,0.0,0.0
483542930480032801,3.0,9.119995084178845,49.165336186322115,15.645742416381836,191.51989334059624
483642930475599001,0.0,0.0,0.0,0.0,0.0
483742930523610901,0.5,9.905054260699906,24.36203211214396,24.722999572753906,376.3920594695288
483842930469690901,0.0,0.0,0.0,0.0,0.0
484042930520073202,0.0,0.0,0.0,0.0,0.0
484142928135303102,0.0,0.0,0.0,0.0,0.0
484142930463468802,0.0,0.0,0.0,0.0,0.0
484142930528446901,0.0,0.20977554017201594,0.20977554017201594,0.026376919820904732,0.20977554017201594
484342930479147702,0.0,0.0,0.0,0.0,0.0
484342930531945101,0.0,0.0,0.0,0.0,0.0
484342930533303902,0.0,0.0,0.0,0.0,0.0
484342930543059601,0.0,0.0,0.0,0.0,0.0
484542928130607802,4.0,7.686741767764298,62.89844957609256,18.44426155090332,169.10831926819245
484542929606003201,0.0,0.0,0.0,0.0,0.0
484542930539665602,0.0,0.0,0.0,0.0,0.0
484842930465435302,0.0,0.0,0.0,0.0,0.0
485142930531284002,0.0,0.0,0.0,0.0,0.0
485342930532723502,0.0,0.0,0.0,0.0,0.0
485442930518017002,0.0,0.0,0.0,0.0,0.0
485542930527680002,0.0,0.0,0.0,0.0,0.0
485742930509804102,0.0,0.0,0.0,0.0,0.0
485742930524663902,0.0,0.0,0.0,0.0,0.0
485942930543984301,0.0,0.0,0.0,0.0,0.0
486042928726241301,0.0,0.0,0.0,0.0,0.0
486042930519717701,3.0,13.808141794171712,21.991349480968857,5.719727516174316,69.04070897085856
486042930528603402,0.0,0.0,0.0,0.0,0.0
486242930517171402,0.0,0.0,0.0,0.0,0.0
486442930534310301,0.0,0.0,0.0,0.0,0.0
486542930464426302,0.0,0.0,0.0,0.0,0.0
486542930515998601,0.0,0.0,0.0,0.0,0.0
486942930462033301,0.0,0.0,0.0,0.0,0.0
486942930472886702,0.0,0.0,0.0,0.0,0.0
486942930508703401,3.9420289993286133,7.1100873987555655,121.81431368342005,53.441463470458984,490.59605192210944
487042930539321401,0.0,0.0,0.0,0.0,0.0
487042930550701502,0.0,0.0,0.0,0.0,0.0
487142930459698301,1.5,6.373432544177617,71.25690983235161,72.2712631225586,573.608913621224
487142930510011501,0.0,0.0,0.0,0.0,0.0
487242930477163901,3.6736841201782227,7.6830193225628785,140.14264732880486,86.95158386230469,729.8868239996126
487342930526627602,0.0,0.0,0.0,0.0,0.0
487542930524247701,0.0,0.0,0.0,0.0,0.0
487642929606077601,0.0,0.0,0.0,0.0,0.0
488242930530102402,0.0,0.0,0.0,0.0,0.0
488442930479218601,0.0,0.0,0.0,0.0,0.0
488542930464707902,0.0,0.0,0.0,0.0,0.0
488642930527052801,5.967741966247559,21.691871820494185,211.12790697674419,58.27103042602539,672.4480209128801
488642930543643901,0.0,0.0,0.0,0.0,0.0
488742930458242901,0.0,0.0,0.0,0.0,0.0
488842930530153101,4.629629611968994,7.678444748933095,108.59443832599119,30.2391414642334,207.31800388554643
488942930477242701,0.0,0.0,0.0,0.0,0.0
489042930480486501,0.0,0.0,0.0,0.0,0.0
489142930460620301,0.0,0.0,0.0,0.0,0.0
489242930532832001,0.0,0.0,0.0,0.0,0.0
489342930137664202,0.0,0.0,0.0,0.0,0.0
489442930526872502,0.0,0.0,0.0,0.0,0.0
489542930456386201,0.0,0.0,0.0,0.0,0.0
489542930475798102,0.0,0.0,0.0,0.0,0.0
489642928042122902,0.0,0.0,0.0,0.0,0.0
489942930465090901,0.0,0.0,0.0,0.0,0.0
489942930509169701,5.090909004211426,10.000353335697596,72.43791722296395,15.318974494934082,110.00388601529741
491142930509202201,0.0,0.0,0.0,0.0,0.0
491642930546620901,0.0,0.0,0.0,0.0,0.0
491642930546647202,0.0,0.0,0.0,0.0,0.0
491842930510073702,0.0,0.0,0.0,0.0,0.0
492442930546128301,0.0,0.0,0.0,0.0,0.0
492842930316851101,0.0,0.0,0.0,0.0,0.0
492942928623687402,0.0,0.0,0.0,0.0,0.0
492942929501728001,0.0,0.0,0.0,0.0,0.0
492942930452864802,0.0,0.0,0.0,0.0,0.0
493042930456094501,6.0,18.76005567964955,18.759888965995835,1.636523962020874,18.76005567964955
493042930526748301,0.0,0.0,0.0,0.0,0.0
493142930475772302,0.0,0.0,0.0,0.0,0.0
493142930480139801,0.0,0.0,0.0,0.0,0.0
493142930515680001,0.0,0.0,0.0,0.0,0.0
493142930524205602,0.0,0.0,0.0,0.0,0.0
493242928890484801,0.0,0.0,0.0,0.0,0.0
493242929649304202,0.0,0.0,0.0,0.0,0.0
493242930453365101,0.0,0.0,0.0,0.0,0.0
493442930510933301,0.0,0.0,0.0,0.0,0.0
493842930454422501,0.0,0.0,0.0,0.0,0.0
493842930458372701,0.0,0.0,0.0,0.0,0.0
494042930525265502,3.534653425216675,6.230027842963761,185.36839270600908,69.14714813232422,629.2328090680933
494042930533700802,0.0,0.0,0.0,0.0,0.0
494542930520051801,0.0,0.0,0.0,0.0,0.0
494542930526270702,0.0,0.0,0.0,0.0,0.0
494842929189434001,1.954545497894287,19.894732723252343,131.09718670076725,116.755859375,1313.0523621802236
494842930458101002,0.0,0.0,0.0,0.0,0.0
494942930527841402,0.0,0.0,0.0,0.0,0.0
495042930461272602,0.0,0.0,0.0,0.0,0.0
495242930523127401,0.0,0.0,0.0,0.0,0.0
495242930543124302,6.599999904632568,23.940123638654097,108.51690507152145,13.145241737365723,119.70061501848993
495342930475809001,2.5362319946289062,35.855915495037806,590.7221172022685,86.96697235107422,2474.0582653399
495442930462856202,0.0,0.0,0.0,0.0,0.0
495542930526511702,0.0,0.0,0.0,0.0,0.0
495742930516585401,0.0,0.0,0.0,0.0,0.0
495842930477300401,5.880000114440918,43.488839285714285,378.9484126984127,106.77458953857422,1087.2209832289861
495842930532802501,0.0,0.0,0.0,0.0,0.0
495942930458591402,0.0,0.0,0.0,0.0,0.0
495942930536112302,0.0,0.0,0.0,0.0,0.0
496042930477707602,0.0,0.0,0.0,0.0,0.0
496142929194472102,0.0,0.0,0.0,0.0,0.0
496142930477137102,0.0,0.0,0.0,0.0,0.0
496142930536425402,0.0,0.0,0.0,0.0,0.0
496542930515960801,0.0,0.0,0.0,0.0,0.0
496542930526051401,0.0,0.0,0.0,0.0,0.0
496642930459468201,0.0,0.0,0.0,0.0,0.0
496642930543573801,0.0,0.0,0.0,0.0,0.0
496842930471698401,5.0333333015441895,22.83203553082192,221.01479452054795,109.01081848144531,1369.9221099268248
497142929704040602,0.0,0.0,0.0,0.0,0.0
497142930458518502,0.0,0.0,0.0,0.0,0.0
497142930465289301,0.0,0.0,0.0,0.0,0.0
497142930521572401,0.0,0.0,0.0,0.0,0.0
497242930524416802,0.0,0.0,0.0,0.0,0.0
497342930545824601,3.1666667461395264,6.204548865910607,39.22143651323104,8.489599227905273,74.454587085835
497442928304094101,0.0,0.0,0.0,0.0,0.0
497442930480371302,0.0,0.0,0.0,0.0,0.0
497542930526277002,0.0,0.0,0.0,0.0,0.0
497642928726688401,0.0,0.0,0.0,0.0,0.0
497642929013014901,0.0,0.0,0.0,0.0,0.0
497942930474576401,0.0,0.0,0.0,0.0,0.0
498142930526916802,0.0,0.0,0.0,0.0,0.0
498442930448451801,0.0,0.0,0.0,0.0,0.0
498742930476930701,0.0,0.0,0.0,0.0,0.0
498742930535870002,0.0,0.0,0.0,0.0,0.0
498942930455821102,0.0,0.0,0.0,0.0,0.0
498942930509485002,0.0,0.0,0.0,0.0,0.0
499042930470319801,0.0,0.0,0.0,0.0,0.0
499142930456531901,0.0,0.0,0.0,0.0,0.0
499242930548738301,0.0,0.0,0.0,0.0,0.0
499342928759319702,0.0,0.0,0.0,0.0,0.0
499342929816166302,0.0,0.0,0.0,0.0,0.0
499442929684697002,5.0,0.007324504863471229,0.014649009726942459,0.002167308935895562,0.014649009950468608
499742930529461601,0.0,0.0,0.0,0.0,0.0
499942928726148601,0.0,0.0,0.0,0.0,0.0
499942930478076302,0.0,0.0,0.0,0.0,0.0
501242930542373002,0.0,0.0,0.0,0.0,0.0
501342930530242201,0.0,0.0,0.0,0.0,0.0
501442928865230702,0.0,0.0,0.0,0.0,0.0
501442929743318701,0.0,0.0,0.0,0.0,0.0
501942928159244701,0.0,0.0,0.0,0.0,0.0
502142930454972402,0.0,0.0,0.0,0.0,0.0
502242930519922101,0.0,0.0,0.0,0.0,0.0
502342930462673302,0.0,0.0,0.0,0.0,0.0
502342930526203701,0.0,0.0,0.0,0.0,0.0
502442930518077802,0.0,0.0,0.0,0.0,0.0
502442930530766202,0.0,0.0,0.0,0.0,0.0
502742930470765201,0.0,0.0,0.0,0.0,0.0
503042929331684901,0.0,0.0,0.0,0.0,0.0
503142930507893702,0.0,0.0,0.0,0.0,0.0
503342929284336901,0.0,0.0,0.0,0.0,0.0
503342930510069202,0.0,0.0,0.0,0.0,0.0
503442930457501602,5.239999771118164,35.06552556818182,308.00545454545454,39.875709533691406,876.6381455022638
503442930542795201,0.0,0.0,0.0,0.0,0.0
503542930544768701,0.0,0.0,0.0,0.0,0.0
503542930548255301,3.6666667461395264,30.663487608451156,133.2120822622108,15.358322143554688,183.98092753353953
503642930289255802,0.0,0.0,0.0,0.0,0.0
503642930453436801,0.0,0.0,0.0,0.0,0.0
503642930474418101,0.0,0.0,0.0,0.0,0.0
503742930525386401,0.0,0.0,0.0,0.0,0.0
503942930478925301,0.0,0.0,0.0,0.0,0.0
503942930528397202,0.0,0.0,0.0,0.0,0.0
503942930549548401,0.0,0.0,0.0,0.0,0.0
504042930542576202,0.0,0.0,0.0,0.0,0.0
504142930451421902,0.0,0.0,0.0,0.0,0.0
504342930526925301,0.0,0.0,0.0,0.0,0.0
504642930530044501,0.0,0.0,0.0,0.0,0.0
504642930538397802,0.0,0.0,0.0,0.0,0.0
504842930464703201,0.0,0.0,0.0,0.0,0.0
504942930451255101,0.0,0.0,0.0,0.0,0.0
504942930544768102,0.0,0.0,0.0,0.0,0.0
505142928247005002,0.0,0.0,0.0,0.0,0.0
505242930517313502,0.0,0.0,0.0,0.0,0.0
505242930543535301,0.0,0.0,0.0,0.0,0.0
505342930478257402,0.0,0.0,0.0,0.0,0.0
505342930532382802,0.0,0.0,0.0,0.0,0.0
505542930457376602,0.0,0.0,0.0,0.0,0.0
505642930531559201,0.0,0.0,0.0,0.0,0.0
505742930454327802,0.0,0.0,0.0,0.0,0.0
505842930526220202,0.0,0.0,0.0,0.0,0.0
505942930528910001,0.0,0.0,0.0,0.0,0.0
506042929166340601,0.0,0.0,0.0,0.0,0.0
506142930545523801,0.0,0.0,0.0,0.0,0.0
506242930535157402,0.0,0.0,0.0,0.0,0.0
506442930460633701,2.795454502105713,12.815487845068239,129.1928246484698,103.37454223632812,1127.7629581937324
506442930463838902,3.2547168731689453,5.330680783614636,146.5399712154913,59.6491813659668,565.0521758387022
506442930519662001,0.0,0.0,0.0,0.0,0.0
506442930539820501,0.0,0.0,0.0,0.0,0.0
506542929012850302,0.0,0.0,0.0,0.0,0.0
506642930510412501,0.0,0.0,0.0,0.0,0.0
506642930542825801,29.5,4.120510504402756,8.240939254721797,0.8933470845222473,8.241021008805513
506742930463954401,0.0,0.0,0.0,0.0,0.0
506842930476150901,0.0,0.0,0.0,0.0,0.0
506842930543581002,2.86956524848938,8.394028246413544,117.90901487373071,13.259339332580566,193.06265808887122
506942930473639902,0.0,0.0,0.0,0.0,0.0
507242930478677602,0.0,0.0,0.0,0.0,0.0
507342930452489501,0.0,0.0,0.0,0.0,0.0
507442928025464301,3.6666667461395264,8.810145697948522,26.15086646279307,4.893457412719727,52.86087667638252
507442930534261702,0.0,0.0,0.0,0.0,0.0
507442930538366402,0.0,0.0,0.0,0.0,0.0
507542930459442602,0.0,0.0,0.0,0.0,0.0
507542930465039802,0.0,0.0,0.0,0.0,0.0
507642930462577801,0.0,0.0,0.0,0.0,0.0
507642930475155102,0.0,0.0,0.0,0.0,0.0
507642930539035801,0.0,0.0,0.0,0.0,0.0
507742930453695202,0.0,0.0,0.0,0.0,0.0
507742930476257801,0.0,0.0,0.0,0.0,0.0
507742930522315701,0.0,0.0,0.0,0.0,0.0
507842930477223801,0.0,0.0,0.0,0.0,0.0
507842930515435302,0.0,0.0,0.0,0.0,0.0
507842930520627202,0.0,0.0,0.0,0.0,0.0
507942930524452702,0.0,0.0,0.0,0.0,0.0
508042930460964002,0.0,0.0,0.0,0.0,0.0
508542930520963101,0.0,0.0,0.0,0.0,0.0
508642930461811801,0.0,0.0,0.0,0.0,0.0
508642930477069102,0.0,0.0,0.0,0.0,0.0
508942930526551501,0.0,0.0,0.0,0.0,0.0
509042930526340202,0.0,0.0,0.0,0.0,0.0
509042930533248102,0.0,0.0,0.0,0.0,0.0
509342930474233502,313.0,1.6501650165016502,1.6501650165016502,0.0879124253988266,1.6501650165016502
509342930516309802,0.0,0.0,0.0,0.0,0.0
509542930448255401,0.0,0.0,0.0,0.0,0.0
509542930541584802,0.0,0.0,0.0,0.0,0.0
509542930544989402,0.0,0.0,0.0,0.0,0.0
509642928052225901,0.0,0.0,0.0,0.0,0.0
509642930450791502,0.0,0.0,0.0,0.0,0.0
509642930520079401,0.0,0.0,0.0,0.0,0.0
509842930528199402,0.0,0.0,0.0,0.0,0.0
509942930458318801,0.0,0.0,0.0,0.0,0.0
509942930516833901,0.0,0.0,0.0,0.0,0.0
511242929721432102,0.0,0.0,0.0,0.0,0.0
511242930527800702,0.0,0.0,0.0,0.0,0.0
511342929613283702,0.0,0.0,0.0,0.0,0.0
511342930541133801,0.0,0.0,0.0,0.0,0.0
511742930476524002,0.0,0.0,0.0,0.0,0.0
511942930549594601,0.0,0.0,0.0,0.0,0.0
512042930474491802,0.0,0.0,0.0,0.0,0.0
512142930450743102,0.0,0.0,0.0,0.0,0.0
512142930510216902,0.0,0.0,0.0,0.0,0.0
512242930456751602,0.0,0.0,0.0,0.0,0.0
512242930517231702,0.0,0.0,0.0,0.0,0.0
512242930532860401,0.0,0.0,0.0,0.0,0.0
512342930524586101,0.0,0.0,0.0,0.0,0.0
512442930533583302,4.536585330963135,17.385390763152078,131.96640141467728,56.24936294555664,712.8010025091871
512542930034890302,0.0,0.0,0.0,0.0,0.0
512542930447428101,0.0,0.0,0.0,0.0,0.0
512542930475376202,0.0,0.0,0.0,0.0,0.0
512642930457716302,0.0,0.0,0.0,0.0,0.0
512742930537291401,0.0,0.0,0.0,0.0,0.0
512942930466301102,0.0,0.0,0.0,0.0,0.0
513042930464313501,0.0,0.0,0.0,0.0,0.0
513142930464625601,0.0,0.0,0.0,0.0,0.0
513242930478886801,0.0,0.0,0.0,0.0,0.0
513242930526360602,0.0,0.0,0.0,0.0,0.0
513342930456017302,0.0,0.0,0.0,0.0,0.0
513542930532871401,0.0,0.0,0.0,0.0,0.0
513742929664075601,0.0,0.0,0.0,0.0,0.0
513842930529817001,0.0,0.0,0.0,0.0,0.0
513842930547240801,3.2916667461395264,7.496845590764132,115.36343171585793,28.97370147705078,359.848579835033
514042930450771701,0.0,0.0,0.0,0.0,0.0
514042930480452202,0.0,0.0,0.0,0.0,0.0
514142930543922802,0.0,0.0,0.0,0.0,0.0
514242930474094101,0.0,0.0,0.0,0.0,0.0
514242930529829401,0.0,0.0,0.0,0.0,0.0
514342928021819501,0.0,0.0,0.0,0.0,0.0
514342930516646901,0.0,0.0,0.0,0.0,0.0
514342930544960202,0.0,0.0,0.0,0.0,0.0
514342930547228702,0.0,0.0,0.0,0.0,0.0
514442930477650702,0.0,0.0,0.0,0.0,0.0
514642930517490501,0.0,0.0,0.0,0.0,0.0
514942930450840302,0.0,0.0,0.0,0.0,0.0
515042930519916902,0.0,0.0,0.0,0.0,0.0
515042930548602902,0.0,0.0,0.0,0.0,0.0
515142930476508902,5.0,5.120355012265834,5.12042818911686,0.4668225049972534,5.120355012265834
515242930464587302,0.0,0.0,0.0,0.0,0.0
515442930527986401,3.0,6.506073638326278,142.45435034263647,0.0,741.6923698903568
515542930461758002,0.0,0.0,0.0,0.0,0.0
515542930522168902,0.0,0.0,0.0,0.0,0.0
515642930516671402,0.0,0.0,0.0,0.0,0.0
515642930545201102,0.0,0.0,0.0,0.0,0.0
515742929303612002,1.7941176891326904,10.92432660982625,96.34843860061048,31.435104370117188,371.4270963791979
515742930508268002,0.0,0.0,0.0,0.0,0.0
515742930516762801,0.0,0.0,0.0,0.0,0.0
515742930519307902,0.0,0.0,0.0,0.0,0.0
515842930509301901,0.0,0.0,0.0,0.0,0.0
515942930475211801,0.0,0.0,0.0,0.0,0.0
516142930459157302,0.0,0.0,0.0,0.0,0.0
516242929991282201,0.0,0.0,0.0,0.0,0.0
516242930526581001,0.0,0.0,0.0,0.0,0.0
516342930518380501,0.0,0.0,0.0,0.0,0.0
516542930462044701,0.0,0.0,0.0,0.0,0.0
516542930545901402,0.0,0.0,0.0,0.0,0.0
516642930538134302,0.0,0.0,0.0,0.0,0.0
516942930536217702,0.0,0.0,0.0,0.0,0.0
517042930456397402,0.0,0.0,0.0,0.0,0.0
517542930447311702,0.0,0.0,0.0,0.0,0.0
517542930543913501,0.0,0.0,0.0,0.0,0.0
517642930456732001,0.0,0.0,0.0,0.0,0.0
517742929083253102,4.25,8.791835086935327,112.92362690932727,67.82846069335938,422.0080816487736
517742930459785702,0.0,0.0,0.0,0.0,0.0
517842930545188702,3.116279125213623,5.106260349140361,88.77536640360766,26.64284896850586,219.56919163557336
517942930509245701,0.0,0.0,0.0,0.0,0.0
518142930464255502,0.0,0.0,0.0,0.0,0.0
518242929696964301,0.0,0.0,0.0,0.0,0.0
518242930460910601,0.0,0.0,0.0,0.0,0.0
518242930480673301,0.0,0.0,0.0,0.0,0.0
518242930524234402,0.0,0.0,0.0,0.0,0.0
518242930534219002,2.4000000953674316,4.2190735596166,9.08186222877607,2.660541534423828,21.095368061423276
518542930531123101,0.0,0.0,0.0,0.0,0.0
518642930518090401,0.0,0.0,0.0,0.0,0.0
518842930459553101,0.0,0.0,0.0,0.0,0.0
518842930547093602,0.0,0.0,0.0,0.0,0.0
518942930456292602,0.0,0.0,0.0,0.0,0.0
519142930450171602,0.0,0.0,0.0,0.0,0.0
519142930454298802,0.0,0.0,0.0,0.0,0.0
519242930535055702,0.0,0.0,0.0,0.0,0.0
519542930470388902,0.0,0.0,0.0,0.0,0.0
519542930528475701,0.0,0.0,0.0,0.0,0.0
519742930461844302,0.0,0.0,0.0,0.0,0.0
519842930451311602,6.0,31.004317757468552,233.84696016771488,39.8951301574707,434.06044476587067
519842930473770402,0.0,0.0,0.0,0.0,0.0
519842930527443702,0.0,0.0,0.0,0.0,0.0
521242930456422201,0.0,0.0,0.0,0.0,0.0
521342929543705902,0.0,0.0,0.0,0.0,0.0
521442930446384001,0.0,0.0,0.0,0.0,0.0
521442930516243902,0.0,0.0,0.0,0.0,0.0
521442930550695802,0.0,0.0,0.0,0.0,0.0
521642929820882502,0.0,0.0,0.0,0.0,0.0
521642930466537502,0.0,0.0,0.0,0.0,0.0
521642930529911802,4.44444465637207,17.460826981707317,179.27609756097561,0.0,314.29488132383767
521742929248984702,0.0,0.0,0.0,0.0,0.0
521742930289474802,3.0568182468414307,12.839619467703349,168.39188881294143,85.04989624023438,1129.8865157744694
521742930476572201,0.0,0.0,0.0,0.0,0.0
521842930464664801,0.0,0.0,0.0,0.0,0.0
521942930518970902,0.0,0.0,0.0,0.0,0.0
522042930476800702,0.0,0.0,0.0,0.0,0.0
522142930469906601,0.0,0.0,0.0,0.0,0.0
522142930516375802,0.0,0.0,0.0,0.0,0.0
522242930459711202,0.0,0.0,0.0,0.0,0.0
522342930544686501,0.0,0.0,0.0,0.0,0.0
522642930515876402,0.0,0.0,0.0,0.0,0.0
522742930531960302,0.0,0.0,0.0,0.0,0.0
523042930525975001,0.0,0.0,0.0,0.0,0.0
523042930539813501,4.166666507720947,14.789974281230625,119.16336019838809,15.83678913116455,177.47969440192963
523242930476453102,0.0,0.0,0.0,0.0,0.0
523242930533811701,0.0,0.0,0.0,0.0,0.0
523242930549913201,0.0,0.0,0.0,0.0,0.0
523342930527468302,0.0,0.0,0.0,0.0,0.0
523442930464798501,4.956521511077881,27.343036602069805,426.0487012987013,41.97443771362305,628.8898382806159
523442930543257102,0.0,0.0,0.0,0.0,0.0
523542930517232102,0.0,0.0,0.0,0.0,0.0
523542930542853201,0.0,0.0,0.0,0.0,0.0
523742930476968902,0.0,0.0,0.0,0.0,0.0
523742930530552602,0.0,0.0,0.0,0.0,0.0
523942930477531001,0.0,0.0,0.0,0.0,0.0
523942930545877502,0.0,0.0,0.0,0.0,0.0
524042930530774101,0.0,0.0,0.0,0.0,0.0
524242930532164301,0.0,0.0,0.0,0.0,0.0
524342930456612601,3.40625,5.795942143633267,109.49089627628334,60.03506851196289,556.4104642515161
524442927921789101,0.0,0.0,0.0,0.0,0.0
524442930457683001,0.0,0.0,0.0,0.0,0.0
524542929644301002,0.0,0.0,0.0,0.0,0.0
524542930448041102,0.0,0.0,0.0,0.0,0.0
524542930453022401,0.0,0.0,0.0,0.0,0.0
524542930510187201,0.0,0.0,0.0,0.0,0.0
524542930517113001,0.0,0.0,0.0,0.0,0.0
524642929946600601,0.0,0.0,0.0,0.0,0.0
524642930507929602,0.0,0.0,0.0,0.0,0.0
524742930524493501,0.0,0.0,0.0,0.0,0.0
524742930524888502,0.0,0.0,0.0,0.0,0.0
524842930468636502,0.0,0.0,0.0,0.0,0.0
524842930525479102,0.0,0.0,0.0,0.0,0.0
524842930532705901,0.0,0.0,0.0,0.0,0.0
524942930528164202,0.0,0.0,0.0,0.0,0.0
525242930456243101,0.0,0.0,0.0,0.0,0.0
525242930476598501,0.0,0.0,0.0,0.0,0.0
525542929991226701,0.0,0.0,0.0,0.0,0.0
525542930519128501,0.0,0.0,0.0,0.0,0.0
525642930457580101,0.0,0.0,0.0,0.0,0.0
525642930515445502,0.0,0.0,0.0,0.0,0.0
525742930462141902,0.0,0.0,0.0,0.0,0.0
525842930515830002,0.0,0.0,0.0,0.0,0.0
525942929013002102,0.0,0.0,0.0,0.0,0.0
525942930534269801,0.0,0.0,0.0,0.0,0.0
526142930525745102,0.0,0.0,0.0,0.0,0.0
526242930448845701,0.0,0.0,0.0,0.0,0.0
526342930527313402,0.0,0.0,0.0,0.0,0.0
526442930528398402,0.0,0.0,0.0,0.0,0.0
526442930545311801,0.0,0.0,0.0,0.0,0.0
526742927905068101,0.0,0.0,0.0,0.0,0.0
526942930453045801,0.0,0.0,0.0,0.0,0.0
526942930507933602,7.666666507720947,67.4121282914649,408.0629539951574,27.614837646484375,606.7091405097278
527342930456726202,0.0,0.0,0.0,0.0,0.0
527342930533695601,0.0,0.0,0.0,0.0,0.0
527442930528109502,2.4375,6.270295636780503,61.4817592217268,46.26200866699219,300.9741937423168
527542930452604902,0.0,0.0,0.0,0.0,0.0
527542930455826401,0.0,0.0,0.0,0.0,0.0
527542930530669502,0.0,0.0,0.0,0.0,0.0
527742930508942102,0.0,0.0,0.0,0.0,0.0
527742930539602001,0.0,0.0,0.0,0.0,0.0
527842930519336902,4.029411792755127,14.509196156843824,210.7125890736342,32.60508728027344,493.3126679916563
527942930509473501,0.0,0.0,0.0,0.0,0.0
527942930519957502,0.0,0.0,0.0,0.0,0.0
527942930527946202,0.0,0.0,0.0,0.0,0.0
528042930531882502,0.0,0.0,0.0,0.0,0.0
528642930532677102,0.0,0.0,0.0,0.0,0.0
528842930448825702,0.0,0.0,0.0,0.0,0.0
528842930474056201,0.0,0.0,0.0,0.0,0.0
528842930537470801,0.0,0.0,0.0,0.0,0.0
528942930517857701,0.0,0.0,0.0,0.0,0.0
529042930452799502,3.4000000953674316,16.665484204505457,342.58852516719463,75.72642517089844,833.2742183501349
529142930528514802,0.0,0.0,0.0,0.0,0.0
529242930549000602,0.0,0.0,0.0,0.0,0.0
529342930474315402,0.0,0.0,0.0,0.0,0.0
529342930527717402,0.0,0.0,0.0,0.0,0.0
529442930477183002,0.0,0.0,0.0,0.0,0.0
529442930526829101,0.0,0.0,0.0,0.0,0.0
529542928990317602,0.0,0.0,0.0,0.0,0.0
529642930518469401,0.0,0.0,0.0,0.0,0.0
529742930460107701,0.0,0.0,0.0,0.0,0.0
529742930532663702,0.0,0.0,0.0,0.0,0.0
529842928135420501,0.0,0.0,0.0,0.0,0.0
531142929684609602,0.0,0.0,0.0,0.0,0.0
531142930526117402,0.0,0.0,0.0,0.0,0.0
531342930519090202,0.0,0.0,0.0,0.0,0.0
531342930521353802,2.7878787517547607,6.717549098659866,76.91419141914191,28.375444412231445,221.67911431035682
531342930534825402,0.0,0.0,0.0,0.0,0.0
531442930509846501,0.0,0.0,0.0,0.0,0.0
531442930549950602,0.0,0.0,0.0,0.0,0.0
531542930461010801,0.0,0.0,0.0,0.0,0.0
531542930542068501,0.0,0.0,0.0,0.0,0.0
531642930509346502,0.0,0.0,0.0,0.0,0.0
531742930478634302,0.0,0.0,0.0,0.0,0.0
531742930525753001,0.0,0.0,0.0,0.0,0.0
532042930548155202,0.0,0.0,0.0,0.0,0.0
532242930478188602,0.0,0.0,0.0,0.0,0.0
532242930542455601,0.0,0.0,0.0,0.0,0.0
532442930459984001,5.309091091156006,28.048328257415253,490.4822033898305,83.64028930664062,1542.6580689511056
532442930472851202,0.0,0.0,0.0,0.0,0.0
532542929118531402,0.0,0.0,0.0,0.0,0.0
532542930543483502,0.0,0.0,0.0,0.0,0.0
532642930524212001,0.0,0.0,0.0,0.0,0.0
532642930527773702,3.3235294818878174,13.354105282157352,275.5326256634405,94.2546157836914,1362.1187134360732
532742930508593502,0.0,0.0,0.0,0.0,0.0
533042928257856601,0.0,0.0,0.0,0.0,0.0
533042930464310102,0.0,0.0,0.0,0.0,0.0
533242930464522301,0.0,0.0,0.0,0.0,0.0
533342929269151302,0.0,0.0,0.0,0.0,0.0
533342930461618601,0.0,0.0,0.0,0.0,0.0
533442929501754601,0.0,0.0,0.0,0.0,0.0
533642930461272401,0.0,0.0,0.0,0.0,0.0
533742930528841102,0.0,0.0,0.0,0.0,0.0
533842930450656002,1.4619289636611938,7.977729310835669,123.4989488437281,152.61727905273438,1571.6127162150094
533842930532705502,0.0,0.0,0.0,0.0,0.0
534142930462567801,0.0,0.0,0.0,0.0,0.0
534142930464536002,0.0,0.0,0.0,0.0,0.0
534242930449890701,0.0,0.0,0.0,0.0,0.0
534342929528923002,0.0,0.0,0.0,0.0,0.0
534342930472965901,0.0,0.0,0.0,0.0,0.0
534442928293182001,0.0,0.0,0.0,0.0,0.0
534642930541733801,5.4285712242126465,14.081933758989003,225.8181049069374,43.22471237182617,492.867697339776
534742928716216301,0.0,0.0,0.0,0.0,0.0
534842928887104802,0.0,0.0,0.0,0.0,0.0
534842930454500201,0.0,0.0,0.0,0.0,0.0
534942930460349701,0.0,0.0,0.0,0.0,0.0
535042930544297801,0.0,0.0,0.0,0.0,0.0
535142930542720502,3.6973683834075928,24.91567559428663,561.2742053343077,88.4280014038086,1893.5913282874558
535442930509897502,0.0,0.0,0.0,0.0,0.0
535642929346340802,0.0,0.0,0.0,0.0,0.0
535742930508737102,0.0,0.0,0.0,0.0,0.0
535742930547538701,0.0,0.0,0.0,0.0,0.0
535842930475256801,0.0,0.0,0.0,0.0,0.0
535942930480358302,0.0,0.0,0.0,0.0,0.0
536042930524260402,0.0,0.0,0.0,0.0,0.0
536242930479479502,0.0,0.0,0.0,0.0,0.0
536242930531045102,0.0,0.0,0.0,0.0,0.0
536442930518004201,0.0,0.0,0.0,0.0,0.0
536642928030238702,0.0,0.0,0.0,0.0,0.0
536742930477969701,0.0,0.0,0.0,0.0,0.0
536842928096602302,0.0,0.0,0.0,0.0,0.0
536842930517065202,0.0,0.0,0.0,0.0,0.0
536942930521186501,0.0,0.0,0.0,0.0,0.0
536942930546660802,0.0,0.0,0.0,0.0,0.0
537042930459870402,0.0,0.0,0.0,0.0,0.0
537042930475994501,0.0,0.0,0.0,0.0,0.0
537042930515757301,3.355769157409668,10.038224098516219,245.1446974925236,88.62089538574219,1043.9752667862874
537242930472882002,0.0,0.0,0.0,0.0,0.0
537442930462553302,0.0,0.0,0.0,0.0,0.0
537742930537487701,0.0,0.0,0.0,0.0,0.0
537842930472684901,4.763157844543457,14.6663236234837,174.13722517058378,49.9345588684082,557.320315183881
537842930539585501,0.0,0.0,0.0,0.0,0.0
538242930527708102,0.0,0.0,0.0,0.0,0.0
538742930051294101,0.0,0.0,0.0,0.0,0.0
538742930544730402,0.0,0.0,0.0,0.0,0.0
538842930458550301,0.0,0.0,0.0,0.0,0.0
538942928601996601,0.0,0.0,0.0,0.0,0.0
539142930531965102,0.0,0.0,-0.3850596842510589,0.0,0.0
539142930533963502,0.0,0.0,0.0,0.0,0.0
539242930080248202,0.0,0.0,0.0,0.0,0.0
539242930452638301,0.0,0.0,0.0,0.0,0.0
539342930460514101,0.0,0.0,0.0,0.0,0.0
539342930534180401,0.0,0.0,0.0,0.0,0.0
539442930457747202,0.0,0.0,0.0,0.0,0.0
539542930524258101,3.0,8.768417297560282,204.08448832352383,38.95142364501953,438.42087260735696
539542930529863002,0.0,0.0,0.0,0.0,0.0
539642930547018201,0.0,0.0,0.0,0.0,0.0
539742930456462402,0.0,0.0,0.0,0.0,0.0
539742930542241701,0.0,0.0,0.0,0.0,0.0
539842930509501001,0.0,0.0,0.0,0.0,0.0
539842930544496001,2.5566036701202393,7.02475838401659,145.95567729854372,61.947330474853516,744.6243913052099
539942928887267601,3.090909004211426,4.081283434889576,31.044055383911203,6.084055423736572,44.89411925047292
541342930547951202,0.0,0.0,0.0,0.0,0.0
541442930463825901,0.0,0.0,0.0,0.0,0.0
541542930479667301,0.0,0.0,0.0,0.0,0.0
541542930538712902,0.0,0.0,0.0,0.0,0.0
541642930526968002,2.9795918464660645,16.27518402231616,348.0849390483681,83.71665954589844,1594.9679694796378
541642930549264901,0.0,0.0,0.0,0.0,0.0
541742930456042502,0.0,0.0,0.0,0.0,0.0
541742930475975601,0.0,0.0,0.0,0.0,0.0
541742930544290302,0.0,0.0,0.0,0.0,0.0
541842930473594102,0.0,0.0,0.0,0.0,0.0
541942930465491901,0.0,0.0,0.0,0.0,0.0
541942930516487601,0.0,0.0,0.0,0.0,0.0
542042930527285602,0.0,0.0,0.0,0.0,0.0
542042930541493402,0.0,0.0,0.0,0.0,0.0
542142930451723601,0.0,0.0,0.0,0.0,0.0
542142930461059702,0.0,0.0,0.0,0.0,0.0
542142930550147302,4.5,6.174415883386826,55.97417086963167,17.160064697265625,172.88363807441516
542242930460488801,0.0,0.0,0.0,0.0,0.0
542342930463533802,0.0,0.0,0.0,0.0,0.0
542442930459874901,0.0,0.0,0.0,0.0,0.0
542642930475186901,0.0,0.0,0.0,0.0,0.0
542842930515348302,2.8333332538604736,18.11116784947519,161.456106870229,17.652963638305664,217.33400659342757
542942928269661402,0.0,0.0,0.0,0.0,0.0
542942930467896902,0.0,0.0,0.0,0.0,0.0
543042930517155302,0.0,0.0,0.0,0.0,0.0
543142930510592802,4.5333333015441895,10.225649071526822,54.47696011004127,14.8134126663208,153.38473941010656
543142930519755302,0.0,0.0,0.0,0.0,0.0
543242930461378502,0.0,0.0,0.0,0.0,0.0
543242930463811702,0.0,0.0,0.0,0.0,0.0
543242930519274302,0.0,0.0,0.0,0.0,0.0
543242930531815101,0.0,0.0,0.0,0.0,0.0
543242930542042201,0.0,0.0,0.0,0.0,0.0
543442930541462601,0.0,0.0,0.0,0.0,0.0
543542930467923101,0.0,0.0,0.0,0.0,0.0
543742928086481802,0.0,0.0,0.0,0.0,0.0
543742929568598802,0.0,0.0,0.0,0.0,0.0
543842930470748101,0.0,0.0,0.0,0.0,0.0
543942929861115802,0.0,0.0,0.0,0.0,0.0
543942930454431102,0.0,0.0,0.0,0.0,0.0
544042930546906902,0.0,0.0,0.0,0.0,0.0
544142930477290902,0.0,0.0,0.0,0.0,0.0
544142930527736401,0.0,0.0,0.0,0.0,0.0
544342930461160202,0.0,0.0,0.0,0.0,0.0
544442930534290402,0.0,0.0,0.0,0.0,0.0
544842929091483101,0.0,0.0,0.0,0.0,0.0
544842930472859602,4.4285712242126465,31.803054793625915,107.55381400208987,30.734683990478516,222.62138904025437
545142927968949301,0.0,0.0,0.0,0.0,0.0
545142930525857501,0.0,0.0,0.0,0.0,0.0
545242930452170201,4.019999980926514,10.994538120288945,129.49748743718592,44.27035903930664,549.7268845639636
545442930516399001,0.0,0.0,0.0,0.0,0.0
545442930549864302,0.0,0.0,0.0,0.0,0.0
545542929704005801,0.0,0.0,0.0,0.0,0.0
545542930518725601,3.3636362552642822,18.00898455071975,198.02024291497975,104.504150390625,1386.6917549387272
545742930518330102,0.0,0.0,0.0,0.0,0.0
545842930462759002,0.0,0.0,0.0,0.0,0.0
545842930521406102,4.460526466369629,7.911251949514788,184.26201478743067,79.98201751708984,601.255132098148
545842930528948202,0.0,0.0,0.0,0.0,0.0
545942930531461501,0.0,0.0,0.0,0.0,0.0
546142930543021401,0.0,0.0,0.0,0.0,0.0
546442930463560202,2.2988505363464355,10.359509596748143,83.01351351351352,84.68758392333984,901.2773413380368
546642930527206702,0.0,0.0,0.0,0.0,0.0
546842930522448401,0.0,0.0,0.0,0.0,0.0
547042930474978302,0.0,0.0,0.0,0.0,0.0
547042930517487202,0.0,0.0,0.0,0.0,0.0
547042930531498801,10.75,15.505033249020888,31.075065274151434,8.359593391418457,62.0201310837549
547642930532282601,0.0,0.0,0.0,0.0,0.0
547742930526035202,0.0,0.0,0.0,0.0,0.0
547742930538261001,2.0,16.050206135228738,16.051546391752577,0.9136270880699158,16.050206135228738
548142928074373402,0.0,0.0,0.0,0.0,0.0
548242930550008501,0.0,0.0,0.0,0.0,0.0
548342930527872802,0.0,0.0,0.0,0.0,0.0
548542928790834402,0.0,0.0,0.0,0.0,0.0
548642929800443002,0.0,0.0,0.0,0.0,0.0
548842930519045702,0.0,0.0,0.0,0.0,0.0
548842930524558501,0.0,0.0,0.0,0.0,0.0
548842930531426702,0.0,0.0,0.0,0.0,0.0
548942930459670202,0.0,0.0,0.0,0.0,0.0
548942930468881502,0.0,0.0,0.0,0.0,0.0
549842930531368902,0.0,0.0,0.0,0.0,0.0
551142930012217002,0.0,0.0,0.0,0.0,0.0
551142930534783602,0.0,0.0,0.0,0.0,0.0
551142930546057701,0.0,0.0,0.0,0.0,0.0
551242930516939202,0.0,0.0,0.0,0.0,0.0
551242930525237102,0.0,0.0,0.0,0.0,0.0
551342930475628502,0.0,0.0,0.0,0.0,0.0
551342930510981301,0.0,0.0,0.0,0.0,0.0
551442930461046401,0.0,0.0,0.0,0.0,0.0
551542930510651401,0.0,0.0,0.0,0.0,0.0
551642930462492502,3.3333332538604736,10.889836916909621,94.77998056365404,8.375497817993164,130.67804127684835
551742930537219302,0.0,0.0,0.0,0.0,0.0
551842930474095401,0.0,0.0,0.0,0.0,0.0
551942930461508601,0.0,0.0,0.0,0.0,0.0
552042930517985101,0.0,0.0,0.0,0.0,0.0
552142930517714802,0.0,0.0,0.0,0.0,0.0
552242928021779802,4.666666507720947,28.7627381263048,74.87640918580375,10.028658866882324,86.28821743704331
552442930517302801,0.0,0.0,0.0,0.0,0.0
552542930469038101,0.0,0.0,0.0,0.0,0.0
552642930476017702,0.0,0.0,0.0,0.0,0.0
552742930511122301,0.0,0.0,0.0,0.0,0.0
552742930519002501,0.0,0.0,0.0,0.0,0.0
552842930520109302,0.0,0.0,0.0,0.0,0.0
552842930526058302,0.0,0.0,0.0,0.0,0.0
552842930534076701,0.0,0.0,0.0,0.0,0.0
553042930522335502,0.0,0.0,0.0,0.0,0.0
553142927979773102,0.0,0.0,0.0,0.0,0.0
553142930519641901,0.0,0.0,0.0,0.0,0.0
553142930525095601,0.0,0.0,0.0,0.0,0.0
553442930447528101,0.0,0.0,0.0,0.0,0.0
553442930457344001,0.0,0.0,0.0,0.0,0.0
553642930530697802,0.0,0.0,0.0,0.0,0.0
553742928726828901,4.199999809265137,26.81486124067164,490.21924162968935,138.9089813232422,2011.1145571216837
553942930537403801,0.0,0.0,0.0,0.0,0.0
554042930531433001,0.0,0.0,0.0,0.0,0.0
554142930459817702,0.0,0.0,0.0,0.0,0.0
554242930542090802,4.0,137.58013916015625,268.17578125,10.747056007385254,412.7404251098633
554242930543050701,0.0,0.0,0.0,0.0,0.0
554342930457428302,0.0,0.0,0.0,0.0,0.0
554442929583904102,0.0,0.0,0.0,0.0,0.0
554442930480398002,0.0,0.0,0.0,0.0,0.0
554542928560706302,5.0,27.000167643229165,269.61333333333334,38.587425231933594,459.00284141540527
554542928683902002,0.0,0.0,0.0,0.0,0.0
554542930523931701,0.0,0.0,0.0,0.0,0.0
554642930527272401,0.0,0.0,0.0,0.0,0.0
554842930541292702,0.0,0.0,0.0,0.0,0.0
554942928088031901,0.0,0.0,0.0,0.0,0.0
554942930477615202,0.0,0.0,0.0,0.0,0.0
554942930525147302,0.6164383292198181,8.72650249852304,43.17516738873572,64.55810546875,637.0347059301712
555042930460461801,0.0,0.0,0.0,0.0,0.0
555142929726669102,3.4237287044525146,9.42417333652995,83.24786072587784,52.830230712890625,556.0262262564418
555142930521219102,0.0,0.0,0.0,0.0,0.0
555542929774131802,0.0,0.0,0.0,0.0,0.0
556042930456816801,0.0,0.0,0.0,0.0,0.0
556342930477631501,0.0,0.0,0.0,0.0,0.0
556442930454854102,0.0,0.0,0.0,0.0,0.0
556742930508706002,0.0,0.0,0.0,0.0,0.0
556742930527870101,0.0,0.0,0.0,0.0,0.0
556742930538894801,0.0,0.0,0.0,0.0,0.0
556742930544434101,0.0,0.0,0.0,0.0,0.0
556842930548802901,0.0,0.0,0.0,0.0,0.0
557042930543946701,0.0,0.0,0.0,0.0,0.0
557142930527185802,0.0,0.0,0.0,0.0,0.0
557142930548186002,0.0,0.0,0.0,0.0,0.0
557242928726103501,0.0,0.0,0.0,0.0,0.0
557242930515969802,0.0,0.0,0.0,0.0,0.0
557342930519016702,0.0,0.0,0.0,0.0,0.0
557442930461953502,0.0,0.0,0.0,0.0,0.0
557842930459073502,0.0,0.0,0.0,0.0,0.0
557942930462279901,0.0,0.0,0.0,0.0,0.0
557942930533494001,0.0,0.0,0.0,0.0,0.0
558042930452454801,0.0,0.0,0.0,0.0,0.0
558142930464202002,0.0,0.0,0.0,0.0,0.0
558142930542231401,0.0,0.0,0.0,0.0,0.0
558342930459575501,0.0,0.0,0.0,0.0,0.0
558442930469720701,0.0,0.0,0.0,0.0,0.0
558442930509513301,0.0,0.0,0.0,0.0,0.0
558542930457990002,0.0,0.0,0.0,0.0,0.0
558842930447952101,0.0,0.0,0.0,0.0,0.0
558842930527041001,0.0,0.0,0.0,0.0,0.0
559042929514327501,0.0,0.0,0.0,0.0,0.0
559042930459904901,0.0,0.0,0.0,0.0,0.0
559042930540567602,0.0,0.0,0.0,0.0,0.0
559142930449974901,0.0,0.0,0.0,0.0,0.0
559342930474453902,0.0,0.0,0.0,0.0,0.0
559442928242647001,0.0,0.0,0.0,0.0,0.0
559442930531483002,0.0,0.0,0.0,0.0,0.0
559542930523324601,0.0,0.0,0.0,0.0,0.0
559642930035056801,0.0,0.0,0.0,0.0,0.0
559642930456132201,0.0,0.0,0.0,0.0,0.0
559742930525871201,0.0,0.0,0.0,0.0,0.0
559842930517085602,0.0,0.0,0.0,0.0,0.0
561142930458888302,0.0,0.0,0.0,0.0,0.0
561242930460817802,0.0,0.0,0.0,0.0,0.0
561342930508219601,0.0,0.0,0.0,0.0,0.0
561542928897699201,0.0,0.0,0.0,0.0,0.0
561542930473946302,0.0,0.0,0.0,0.0,0.0
561742930458343901,0.0,0.0,0.0,0.0,0.0
561742930527745402,0.0,0.0,0.0,0.0,0.0
561842930508624602,0.0,0.0,0.0,0.0,0.0
562142930457999401,0.0,0.0,0.0,0.0,0.0
562242930516762201,2.5999999046325684,7.370486001508137,36.137485970819306,3.941906452178955,36.85243009530869
562542927901384601,4.176470756530762,4.733888547518727,32.86159346271706,14.529714584350586,80.47610594425065
562542930524733502,0.0,0.0,0.0,0.0,0.0
562642929859057801,0.0,0.0,0.0,0.0,0.0
562642930533395402,2.931506872177124,37.04993907683486,690.6794724770642,112.52130126953125,2704.6454713278954
562742928592805401,0.0,0.0,0.0,0.0,0.0
562842930535224101,0.0,0.0,0.0,0.0,0.0
562942930400107802,3.0,5.986200573979592,11.97278911564626,1.7802122831344604,11.97240072237391
562942930472538801,3.4193549156188965,6.862544270148567,36.63647120694189,24.707902908325195,212.7388655055425
562942930524087901,2.8913042545318604,18.90763421606671,123.15918097754293,68.49121856689453,869.7511642435898
563042930447412502,0.0,0.0,0.0,0.0,0.0
563242930523466202,0.0,0.0,0.0,0.0,0.0
563342930517166701,0.0,0.0,0.0,0.0,0.0
563442930478766302,0.0,0.0,0.0,0.0,0.0
563842930518338801,0.0,0.0,0.0,0.0,0.0
563842930519687902,0.0,0.0,0.0,0.0,0.0
563942929879951101,0.0,0.0,0.0,0.0,0.0
563942930518265001,0.0,0.0,0.0,0.0,0.0
564042930467698902,0.0,0.0,0.0,0.0,0.0
564042930474130202,0.0,0.0,0.0,0.0,0.0
564042930545302301,0.0,0.0,0.0,0.0,0.0
564142930473610102,3.0450451374053955,6.023004831048256,249.41270183988524,0.0,668.5535281050096
564142930541405401,3.75,5.848432153438491,69.18544483391754,15.352472305297852,140.3623715704579
564242930479823502,0.0,0.0,0.0,0.0,0.0
564242930548268301,0.0,0.0,0.0,0.0,0.0
564442930461651601,0.0,0.0,0.0,0.0,0.0
564542930474770502,0.0,0.0,0.0,0.0,0.0
564542930518717701,0.0,0.0,0.0,0.0,0.0
564642930546316601,0.0,0.0,0.0,0.0,0.0
564842930451772701,0.0,0.0,0.0,0.0,0.0
564942930476944301,3.373737335205078,14.565746510468594,210.00398803589232,107.47215270996094,1442.0088465195236
564942930510791302,0.0,0.0,0.0,0.0,0.0
564942930545163102,0.0,0.0,0.0,0.0,0.0
565042929230337001,0.0,0.0,0.0,0.0,0.0
565142930531312102,0.0,0.0,0.0,0.0,0.0
565242929417347501,0.0,0.0,0.0,0.0,0.0
565542930466898901,5.5,10.48139329892846,63.71667191931925,8.429576873779297,83.85114233267635
565742930510705701,0.0,0.0,0.0,0.0,0.0
565742930510970501,0.0,0.0,0.0,0.0,0.0
565742930533556001,0.0,0.0,0.0,0.0,0.0
565842930455500602,0.0,0.0,0.0,0.0,0.0
565942930532283302,0.0,0.0,0.0,0.0,0.0
566042930480045402,0.0,0.0,0.0,0.0,0.0
566242930517841701,0.0,0.0,0.0,0.0,0.0
566342930464201901,3.930232524871826,11.51373500413679,133.83877551020407,39.62828063964844,495.0906038829817
566342930534237701,0.0,0.0,0.0,0.0,0.0
566842928663876202,0.0,0.0,0.0,0.0,0.0
566842930455650202,0.0,0.0,0.0,0.0,0.0
566842930471587602,0.0,0.0,0.0,0.0,0.0
566842930521696602,0.0,0.0,0.0,0.0,0.0
566842930527942301,0.0,0.0,0.0,0.0,0.0
566842930546245201,0.0,0.0,0.0,0.0,0.0
566942930474848802,0.0,0.0,0.0,0.0,0.0
567042930474703002,0.0,0.0,0.0,0.0,0.0
567242930525117701,0.0,0.0,0.0,0.0,0.0
567242930534208901,0.0,0.0,0.0,0.0,0.0
567242930538634301,0.0,0.0,0.0,0.0,0.0
567342930478576802,0.0,0.0,0.0,0.0,0.0
567442929268241802,0.0,0.0,0.0,0.0,0.0
567442930519118001,0.0,0.0,0.0,0.0,0.0
567542930477190301,0.0,0.0,0.0,0.0,0.0
567742930536589701,0.0,0.0,0.0,0.0,0.0
567842930533979901,0.0,2523.542387060792,0.0,27.740596771240234,2523.542387060792
567942930449203501,0.0,0.0,0.0,0.0,0.0
567942930477467801,0.0,0.0,0.0,0.0,0.0
568142930509898301,0.0,0.0,0.0,0.0,0.0
568242930474081501,0.0,0.0,0.0,0.0,0.0
568542928888035401,0.0,0.0,0.0,0.0,0.0
568642930448284102,0.0,0.0,0.0,0.0,0.0
568642930517970701,0.0,0.0,0.0,0.0,0.0
568642930549098001,0.0,0.0,0.0,0.0,0.0
568742930508158102,0.0,0.0,0.0,0.0,0.0
568842930508896801,0.0,0.0,0.0,0.0,0.0
568842930526668401,0.0,0.0,0.0,0.0,0.0
568842930535912902,0.0,0.0,0.0,0.0,0.0
568942930521809401,0.0,0.0,0.0,0.0,0.0
569042929989643102,0.0,0.0,0.0,0.0,0.0
569042930474384601,0.0,0.0,0.0,0.0,0.0
569042930522915601,0.0,0.0,0.0,0.0,0.0
569042930532748602,0.0,0.0,0.0,0.0,0.0
569142930524772701,0.0,0.0,0.0,0.0,0.0
569242930448533202,0.0,0.0,0.0,0.0,0.0
569242930518886302,0.0,0.0,0.0,0.0,0.0
569242930520724301,0.0,0.0,0.0,0.0,0.0
569242930544909101,0.0,0.0,0.0,0.0,0.0
569342930546613702,0.0,0.0,0.0,0.0,0.0
569442930455416802,26.0,4.5748454882571075,9.149567367119902,0.818288266658783,9.149690976514215
569442930534471901,0.0,0.0,0.0,0.0,0.0
569742930520040302,0.0,0.0,0.0,0.0,0.0
571142930478703301,0.0,0.0,0.0,0.0,0.0
571242930462540901,0.0,0.0,0.0,0.0,0.0
571442928168238301,0.0,0.0,0.0,0.0,0.0
571442930518125902,0.0,0.0,0.0,0.0,0.0
571542928191310502,3.1666667461395264,47.107787907210835,391.1200585651537,41.31965637207031,565.293450999225
571642930517592301,0.0,0.0,0.0,0.0,0.0
571642930525404001,38.25,0.791452635852696,3.1656615821213197,0.4905189275741577,3.165810554236459
571642930529436001,0.0,0.0,0.0,0.0,0.0
571842930449526801,0.0,0.0,0.0,0.0,0.0
571942930519538402,0.0,0.0,0.0,0.0,0.0
572042930477638502,0.0,0.0,0.0,0.0,0.0
572242930476538501,0.0,0.0,0.0,0.0,0.0
572442930520255801,0.0,0.0,0.0,0.0,0.0
572542930519030002,0.0,0.0,0.0,0.0,0.0
572642930456622302,0.0,0.0,0.0,0.0,0.0
572642930468538502,0.0,0.0,0.0,0.0,0.0
572742930509858301,0.0,0.0,0.0,0.0,0.0
572742930525592201,0.0,0.0,0.0,0.0,0.0
573042929681101202,0.0,0.0,0.0,0.0,0.0
573042930464326101,0.0,0.0,0.0,0.0,0.0
573242930529251302,0.0,0.0,0.0,0.0,0.0
573342929456888301,2.3333332538604736,4.653643332364537,28.724423776789326,8.678833961486816,69.80464973866192
573542930474819301,0.0,0.0,0.0,0.0,0.0
573642930517772902,0.0,0.0,0.0,0.0,0.0
573742930451856301,0.0,0.0,0.0,0.0,0.0
573842929155647901,0.0,0.0,0.0,0.0,0.0
573842930453679001,0.0,0.0,0.0,0.0,0.0
573842930464965301,0.0,0.0,0.0,0.0,0.0
573842930542908001,0.0,0.0,0.0,0.0,0.0
574042930462561401,1.5,74.46893623930318,446.81418092909536,54.80097579956055,446.8136048631738
574142930464398002,0.0,0.0,0.0,0.0,0.0
574142930517773901,0.0,0.0,0.0,0.0,0.0
574642930461515002,0.0,0.0,0.0,0.0,0.0
574642930461999801,3.0,11.472078518907564,91.7577964519141,20.324993133544922,172.08118274165136
574942930517405201,0.0,0.0,0.0,0.0,0.0
575342930459315802,0.0,0.0,0.0,0.0,0.0
575542930456924902,0.0,0.0,0.0,0.0,0.0
575742929649255602,0.0,0.0,0.0,0.0,0.0
575742930543431602,0.0,0.0,0.0,0.0,0.0
575942929642387902,0.0,0.0,0.0,0.0,0.0
575942930519477602,0.0,0.0,0.0,0.0,0.0
575942930530011001,5.0,4.837245244565217,34.20985507246377,9.051977157592773,58.04694554850675
576142929047937501,0.0,0.0,0.0,0.0,0.0
576242930508191701,0.0,0.0,0.0,0.0,0.0
576342929644467501,0.0,0.0,0.0,0.0,0.0
577042930529391901,0.0,0.0,0.0,0.0,0.0
577342930460467902,0.0,0.0,0.0,0.0,0.0
577642930456314401,0.0,0.0,0.0,0.0,0.0
577642930542833502,0.0,0.0,0.0,0.0,0.0
577842930517373302,0.0,0.0,0.0,0.0,0.0
577842930525195102,0.0,0.0,0.0,0.0,0.0
578242930461628901,0.0,0.0,0.0,0.0,0.0
578342930453531001,0.0,0.0,0.0,0.0,0.0
578442930477795202,0.0,0.0,0.0,0.0,0.0
578542930449771801,0.0,0.0,0.0,0.0,0.0
578542930477348802,0.0,0.0,0.0,0.0,0.0
578542930538582801,0.0,0.0,0.0,0.0,0.0
578642928247046702,0.0,0.0,0.0,0.0,0.0
578642930450407501,0.0,0.0,0.0,0.0,0.0
578742930456531402,0.0,0.0,0.0,0.0,0.0
578842930544158201,0.0,0.0,0.0,0.0,0.0
578942930527274801,0.0,0.0,0.0,0.0,0.0
579142930524604301,0.0,0.0,0.0,0.0,0.0
579142930543145301,0.0,0.0,0.0,0.0,0.0
579342930462972902,0.0,0.0,0.0,0.0,0.0
579342930530210801,0.0,0.0,0.0,0.0,0.0
579542930533839801,1.8139535188674927,41.11272787970274,306.2935438922434,67.12357330322266,1767.8473524349654
579742930464612902,0.0,0.0,0.0,0.0,0.0
579842929543736402,0.0,0.0,0.0,0.0,0.0
581142928021939101,0.0,0.0,0.0,0.0,0.0
581142929514065002,0.0,0.0,0.0,0.0,0.0
581142930456597102,0.0,0.0,0.0,0.0,0.0
581142930550197802,0.0,0.0,0.0,0.0,0.0
581342930458767201,0.0,0.0,0.0,0.0,0.0
581342930517552302,0.0,0.0,0.0,0.0,0.0
581342930542448702,0.0,0.0,0.0,0.0,0.0
581542930464865602,0.0,0.0,0.0,0.0,0.0
581542930519191201,0.0,0.0,0.0,0.0,0.0
581542930531076401,0.0,0.0,0.0,0.0,0.0
581842930541975902,0.0,0.0,0.0,0.0,0.0
581942930529283101,0.0,0.0,0.0,0.0,0.0
582142930517224801,0.0,0.0,0.0,0.0,0.0
582142930517408502,0.0,0.0,0.0,0.0,0.0
582342930449478601,0.0,0.0,0.0,0.0,0.0
582442930543160701,0.0,0.0,0.0,0.0,0.0
582442930544226302,0.0,0.0,0.0,0.0,0.0
582742930465726302,0.0,0.0,0.0,0.0,0.0
582842930220790102,3.0714285373687744,5.421384079391892,66.57837837837837,19.742294311523438,151.7987564293114
582842930527808601,0.0,0.0,0.0,0.0,0.0
582842930538678201,0.0,0.0,0.0,0.0,0.0
582942930480100701,0.0,0.0,0.0,0.0,0.0
582942930527405202,0.0,0.0,0.0,0.0,0.0
583142930542128701,0.0,0.0,0.0,0.0,0.0
583242930458535402,0.0,0.0,0.0,0.0,0.0
583342930515495901,4.0,30.311256764391057,30.311132254995243,3.6393110752105713,30.311256764391057
583442930447834902,0.0,0.0,0.0,0.0,0.0
583442930515472902,2.6265060901641846,7.956679745731129,84.43190134164522,0.0,660.4044043668516
583542930452714702,0.0,0.0,0.0,0.0,0.0
583642930534574102,2.799999952316284,8.189338913585887,20.543997750913693,3.2077503204345703,40.9466944306561
583742930462041502,0.0,0.0,0.0,0.0,0.0
583742930524576502,0.0,0.0,0.0,0.0,0.0
583742930549754102,0.0,0.0,0.0,0.0,0.0
583842930523464402,0.0,0.0,0.0,0.0,0.0
584042930474517201,0.0,0.0,0.0,0.0,0.0
584042930515521701,0.0,0.0,0.0,0.0,0.0
584042930525849001,0.0,0.0,0.0,0.0,0.0
584142930509593402,0.0,0.0,0.0,0.0,0.0
584242930527056502,3.6666667461395264,12.57587890625,124.72839506172839,21.56206512451172,188.63818705052506
584342929439542302,0.0,0.0,0.0,0.0,0.0
584442930456661802,0.0,0.0,0.0,0.0,0.0
584542930460728101,3.933333396911621,7.3504957571661516,168.8256093374528,80.99165344238281,661.5445986262229
584642929069856702,0.0,0.0,0.0,0.0,0.0
584742930548988402,0.0,0.0,0.0,0.0,0.0
584842930532016401,0.0,0.0,0.0,0.0,0.0
584842930549536902,0.0,0.0,0.0,0.0,0.0
584942929166082202,0.0,0.0,0.0,0.0,0.0
585042929816225002,0.0,0.0,0.0,0.0,0.0
585042930524706102,0.0,0.0,0.0,0.0,0.0
585142929494098001,0.0,0.0,0.0,0.0,0.0
585142930455279902,0.0,0.0,0.0,0.0,0.0
585342930476207401,0.0,0.0,0.0,0.0,0.0
585342930525444502,0.0,0.0,0.0,0.0,0.0
585542930470647202,0.0,0.0,0.0,0.0,0.0
585642930015479602,0.0,0.0,0.0,0.0,0.0
585642930507653402,0.0,0.0,0.0,0.0,0.0
585742930455366802,0.0,0.0,0.0,0.0,0.0
585942930469500002,0.0,0.0,0.0,0.0,0.0
586142929321228501,0.0,0.0,0.0,0.0,0.0
586242930528427301,0.0,0.0,0.0,0.0,0.0
586342930521266002,3.896103858947754,6.503803385416667,105.61466666666666,0.0,500.7928753000895
586342930546496302,0.0,0.0,0.0,0.0,0.0
586442930515845701,2.9173552989959717,11.055542765975673,415.38975501113583,87.91452026367188,1337.720666503547
586442930542132202,0.0,0.0,0.0,0.0,0.0
586542930542625602,0.0,0.0,0.0,0.0,0.0
586642930459044301,0.0,0.0,0.0,0.0,0.0
586642930509511902,0.0,0.0,0.0,0.0,0.0
586642930547111102,0.0,0.0,0.0,0.0,0.0
586742930472476902,0.0,0.0,0.0,0.0,0.0
586742930473877602,0.0,0.0,0.0,0.0,0.0
586742930539668202,0.0,0.0,0.0,0.0,0.0
586842930526323702,0.0,0.0,0.0,0.0,0.0
587042930509703002,0.0,0.0,0.0,0.0,0.0
587142930461747102,0.0,0.0,0.0,0.0,0.0
587742928281527002,0.0,0.0,0.0,0.0,0.0
587742930460346402,0.0,0.0,0.0,0.0,0.0
587742930472337201,0.0,0.0,0.0,0.0,0.0
587942929417447601,0.0,0.0,0.0,0.0,0.0
587942930524650302,0.0,0.0,0.0,0.0,0.0
587942930529959002,0.0,0.0,0.0,0.0,0.0
588042929417233502,0.0,0.0,0.0,0.0,0.0
588042930534336502,4.125,16.709526003382894,372.93067156698964,79.37174987792969,1470.4382437969823
588142929231894901,0.0,0.0,0.0,0.0,0.0
588142930449937102,0.0,0.0,0.0,0.0,0.0
588142930529250001,0.0,0.0,0.0,0.0,0.0
588142930534105601,0.0,0.0,0.0,0.0,0.0
588242930462767202,4.771929740905762,19.569692489871304,468.44804575786463,103.97860717773438,1115.4725047094237
588242930510749901,0.0,0.0,0.0,0.0,0.0
588642930455895302,0.0,0.0,0.0,0.0,0.0
588642930473831901,0.10526315867900848,4.465819805194805,5.068398268398268,0.0,169.70115787008854
588642930543710601,0.0,0.0,0.0,0.0,0.0
588642930546161702,0.0,0.0,0.0,0.0,0.0
588742930541310501,0.0,0.5089058524173028,0.5089058524173028,0.04957656189799309,0.5089058524173028
588842930526032001,0.0,0.0,0.0,0.0,0.0
588842930530071501,0.0,0.0,0.0,0.0,0.0
588842930531093601,0.0,0.0,0.0,0.0,0.0
588942930454522301,0.0,0.0,0.0,0.0,0.0
588942930460786702,0.0,0.0,0.0,0.0,0.0
588942930509288502,0.0,0.0,0.0,0.0,0.0
589142930533897302,0.0,0.0,0.0,0.0,0.0
589242930509826302,0.0,0.0,0.0,0.0,0.0
589342930458575501,0.0,0.0,0.0,0.0,0.0
589342930543595001,0.0,0.0,0.0,0.0,0.0
589642930477663402,0.0,0.0,0.0,0.0,0.0
589642930522282001,0.0,0.0,0.0,0.0,0.0
589742930477775701,0.0,0.0,0.0,0.0,0.0
589842930532627701,0.0,0.0,0.0,0.0,0.0
589942930461929202,3.1978023052215576,19.556840335315332,329.7344770445462,161.00535583496094,1779.6725214749868
591142930517656102,0.0,0.0,0.0,0.0,0.0
591242930459409302,0.0,0.0,0.0,0.0,0.0
591242930525928101,0.0,0.0,0.0,0.0,0.0
591442930460881901,0.0,0.0,0.0,0.0,0.0
591442930542682902,0.0,0.0,0.0,0.0,0.0
591542929861064502,4.19767427444458,7.038584672363349,230.17006455208286,71.38124084472656,605.3182584443427
591642929696689202,0.0,0.0,0.0,0.0,0.0
591642930520245202,0.0,0.0,0.0,0.0,0.0
591742930528396801,0.0,0.0,0.0,0.0,0.0
591842930466935302,0.0,0.0,0.0,0.0,0.0
591942930475826602,0.0,0.0,0.0,0.0,0.0
592142930449312802,4.802816867828369,24.76253285293438,310.6645101663586,128.40066528320312,1758.139849142755
592242930477337602,0.0,0.0,0.0,0.0,0.0
592342929488844701,0.0,0.0,0.0,0.0,0.0
592342930459708602,0.0,0.0,0.0,0.0,0.0
592442930463877002,0.0,0.0,0.0,0.0,0.0
592542929272083201,0.0,0.0,0.0,0.0,0.0
592542930458683501,1.4803920984268188,16.87320233874657,158.77676120768527,143.14878845214844,1721.0666606096859
592542930471919401,0.0,0.0,0.0,0.0,0.0
592542930473120501,0.0,0.0,0.0,0.0,0.0
592642930456067102,0.0,0.0,0.0,0.0,0.0
592842930526388301,0.0,0.0,0.0,0.0,0.0
593042930472567801,0.0,0.0,0.0,0.0,0.0
593042930525941702,0.0,0.0,0.0,0.0,0.0
593242930475730801,4.355555534362793,10.724140091022608,162.41561514195584,46.852909088134766,482.5862830449855
593342930477133702,0.0,0.0,0.0,0.0,0.0
593342930550723402,0.0,0.0,0.0,0.0,0.0
593442930515371502,0.0,0.0,0.0,0.0,0.0
593442930549666501,0.0,0.0,0.0,0.0,0.0
593542929061068602,0.0,0.0,0.0,0.0,0.0
593542930521351902,0.0,0.0,0.0,0.0,0.0
593542930527158301,0.0,0.0,0.0,0.0,0.0
593742930508002202,0.0,0.0,0.0,0.0,0.0
593742930521614202,0.0,0.0,0.0,0.0,0.0
593942930528641901,3.4554455280303955,6.686861292580494,149.58114792347178,84.63750457763672,675.3729864322522
594142930457190501,0.0,0.0,0.0,0.0,0.0
594442930508177201,0.0,0.0,0.0,0.0,0.0
594542930541697702,0.0,0.0,0.0,0.0,0.0
594642930449328501,0.0,0.0,0.0,0.0,0.0
594642930515594001,0.0,0.0,0.0,0.0,0.0
594642930531581601,0.0,0.0,0.0,0.0,0.0
595342930546098901,0.0,0.0,0.0,0.0,0.0
595642930465653401,0.0,0.0,0.0,0.0,0.0
595642930532404801,0.0,0.0,0.0,0.0,0.0
595942930518746201,0.0,0.0,0.0,0.0,0.0
596042930526196402,0.0,0.0,0.0,0.0,0.0
596142930529081401,0.0,0.0,0.0,0.0,0.0
596142930531579402,0.0,0.0,0.0,0.0,0.0
596142930546348202,0.0,0.0,0.0,0.0,0.0
596242930523059101,0.0,0.0,0.0,0.0,0.0
596342928865348301,0.0,0.0,0.0,0.0,0.0
596342930458865101,0.0,0.0,0.0,0.0,0.0
596342930519682902,0.0,0.0,0.0,0.0,0.0
596342930530862902,0.0,0.0,0.0,0.0,0.0
596442930460384102,0.0,0.0,0.0,0.0,0.0
596442930475623901,1.5263158082962036,8.216819898084479,51.076620825147344,20.81825828552246,156.11958458381457
596542928666175601,3.230769157409668,13.754709132055378,65.87717429889953,9.996718406677246,178.81122235672925
596542930459563002,0.0,0.0,0.0,0.0,0.0
596542930459823601,0.0,0.0,0.0,0.0,0.0
596542930478696401,2.6111111640930176,4.804937299287908,47.55920134040771,9.812409400939941,86.48887575474973
596842930531387001,0.0,0.0,0.0,0.0,0.0
597042930457165401,0.0,0.0,0.0,0.0,0.0
597242930449725302,4.800000190734863,13.90469951923077,41.79923076923077,5.378900051116943,69.52350116436298
597542930525509602,0.0,0.0,0.0,0.0,0.0
597542930540997201,0.0,0.0,0.0,0.0,0.0
597842927910570102,0.0,0.0,0.0,0.0,0.0
598042930480248302,6.300000190734863,26.289035866477274,188.1509090909091,25.715105056762695,262.8903604403409
598342930464702101,0.0,0.0,0.0,0.0,0.0
598542930461791302,0.0,0.0,0.0,0.0,0.0
598542930475870101,0.0,0.0,0.0,0.0,0.0
598542930533871601,0.0,0.0,0.0,0.0,0.0
598642929013099802,0.0,0.0,0.0,0.0,0.0
598642930477505101,0.0,0.0,0.0,0.0,0.0
598742930519103702,0.0,0.0,0.0,0.0,0.0
598742930532516401,0.0,0.0,0.0,0.0,0.0
598942930524473502,0.0,0.0,0.0,0.0,0.0
598942930528649802,0.0,0.0,0.0,0.0,0.0
599242930479376201,0.5299999713897705,7.322269693696474,57.34935575958645,65.5611572265625,732.2269838879242
599242930523902202,0.0,0.0,0.0,0.0,0.0
599242930530515602,0.0,0.0,0.0,0.0,0.0
599442930455207201,0.0,0.0,0.0,0.0,0.0
599442930479292302,0.0,0.0,0.0,0.0,0.0
599542930517704302,0.0,0.0,0.0,0.0,0.0
599642930529222701,3.4749999046325684,12.184716033183035,216.18782584190504,54.44668960571289,487.38865096807245
599742930537896002,0.0,0.0,0.0,0.0,0.0
599742930543267201,0.0,0.0,0.0,0.0,0.0
599842930469507701,4.701754570007324,13.929758877587437,232.86509635974303,126.30989074707031,793.9962274914891
599942930477494401,0.0,0.0,0.0,0.0,0.0
599942930517386201,0.0,0.0,0.0,0.0,0.0
601142930530304601,0.0,0.0,0.0,0.0,0.0
601142930532628902,0.0,0.0,0.0,0.0,0.0
601342930534500301,0.0,0.0,0.0,0.0,0.0
601542930548744701,0.0,0.0,0.0,0.0,0.0
601742929704138702,0.0,0.0,0.0,0.0,0.0
601842930531541802,0.0,0.0,0.0,0.0,0.0
601942930477296302,0.0,0.0,0.0,0.0,0.0
601942930545625601,3.9285714626312256,6.379779361263736,36.60131868131868,9.751365661621094,89.31691044398717
602042930459604702,0.0,0.0,0.0,0.0,0.0
602042930533617202,0.0,0.0,0.0,0.0,0.0
602142930459145702,0.0,0.0,0.0,0.0,0.0
602142930463647002,0.0,0.0,0.0,0.0,0.0
602442930461109002,0.0,0.0,0.0,0.0,0.0
602442930476369502,0.0,0.0,0.0,0.0,0.0
602442930543862902,0.0,0.0,0.0,0.0,0.0
602542930516182701,0.0,0.0,0.0,0.0,0.0
602642930517270801,0.0,0.0,0.0,0.0,0.0
602742928923797302,0.0,0.0,0.0,0.0,0.0
602842930465367401,0.0,0.0,0.0,0.0,0.0
602842930550309601,0.0,0.0,0.0,0.0,0.0
603042930517565201,0.0,0.0,0.0,0.0,0.0
603042930517800901,0.0,0.0,0.0,0.0,0.0
603142930464879901,0.0,0.0,0.0,0.0,0.0
603142930536135501,0.0,0.0,0.0,0.0,0.0
603242929528873402,0.0,0.0,0.0,0.0,0.0
603242930453273701,0.0,0.0,0.0,0.0,0.0
603442930540543902,0.0,0.0,0.0,0.0,0.0
603542930459425401,0.0,0.0,0.0,0.0,0.0
603542930461122101,0.0,0.0,0.0,0.0,0.0
603642930473938801,0.0,0.0,0.0,0.0,0.0
603742930532254401,0.0,0.0,0.0,0.0,0.0
603942928288395502,0.0,0.0,0.0,0.0,0.0
604042930533456501,0.0,0.0,0.0,0.0,0.0
604442930516714501,0.0,0.0,0.0,0.0,0.0
604442930524119801,0.0,0.0,0.0,0.0,0.0
604542930549186401,0.0,0.0,0.0,0.0,0.0
604742930527736902,0.0,0.0,0.0,0.0,0.0
604942930455731001,0.0,0.0,0.0,0.0,0.0
604942930518583101,3.875,9.402975739993273,25.561385805583587,3.81596040725708,75.22380821928607
605042930463498402,0.0,0.0,0.0,0.0,0.0
605142928043599202,0.0,0.0,0.0,0.0,0.0
605242928247165901,0.0,0.0,0.0,0.0,0.0
605242929514279101,0.0,0.0,0.0,0.0,0.0
605442930523496602,0.0,0.0,0.0,0.0,0.0
605542930518208001,0.0,0.0,0.0,0.0,0.0
605642930462346002,0.0,0.0,0.0,0.0,0.0
605842927909613602,0.0,0.0,0.0,0.0,0.0
605842929488900701,0.0,0.0,0.0,0.0,0.0
606042930459235902,3.8152174949645996,6.780924625996091,140.4451210344309,69.52738952636719,623.8450560660815
606042930524723102,0.0,0.0,0.0,0.0,0.0
606042930533821802,0.0,0.0,0.0,0.0,0.0
606142930530396101,1.2916666269302368,13.36432606686828,641.497311827957,59.36235046386719,641.4876342896492
606242930529461702,0.0,0.0,0.0,0.0,0.0
606342930473257802,0.0,0.0,0.0,0.0,0.0
606342930520935601,0.0,0.0,0.0,0.0,0.0
606342930525324901,0.0,0.0,0.0,0.0,0.0
606442930266044402,0.0,0.0,0.0,0.0,0.0
606442930509031902,2.313131332397461,21.313320035460993,242.04964539007094,115.53771209716797,2110.0186173249645
606542930474426001,0.0,0.0,0.0,0.0,0.0
606542930508410601,0.0,0.0,0.0,0.0,0.0
606742930451742602,0.0,0.0,0.0,0.0,0.0
607042929816234301,0.0,0.0,0.0,0.0,0.0
607042930523355301,0.0,0.0,0.0,0.0,0.0
607342928096763401,0.0,0.0,0.0,0.0,0.0
607342930517964902,0.0,0.0,0.0,0.0,0.0
607542930518974101,0.0,0.0,0.0,0.0,0.0
607642930454021201,0.0,0.0,0.0,0.0,0.0
607642930463621501,0.0,0.0,0.0,0.0,0.0
607642930468169701,0.0,0.0,0.0,0.0,0.0
607642930537271102,3.6666667461395264,25.214083942422434,193.28758949880668,21.33624267578125,226.92674754286153
607742930533867501,0.0,0.0,0.0,0.0,0.0
608142929309521301,0.0,0.0,0.0,0.0,0.0
608242929166128302,0.0,0.0,0.0,0.0,0.0
608342930460180901,0.0,0.0,0.0,0.0,0.0
608342930466842201,4.199999809265137,26.49752417745044,336.1200440528634,159.0069122314453,1589.8514420555553
608442930450561601,0.0,0.0,0.0,0.0,0.0
608442930544190202,0.0,0.0,0.0,0.0,0.0
608642930550485002,0.0,0.0,0.0,0.0,0.0
608742930527235302,0.0,0.0,0.0,0.0,0.0
608842930448699501,3.9473683834075928,24.825527117519304,261.3339768339768,67.28020477294922,943.3700022605395
608942930519744202,6.0,8.606160304857337,45.141304347826086,13.907069206237793,146.304724386464
609142930478083502,0.0,0.0,0.0,0.0,0.0
609142930545018002,0.0,0.0,0.0,0.0,0.0
609242930475241401,0.0,0.0,0.0,0.0,0.0
609342930519980402,11.5,117.72901785714286,230.46428571428572,18.087947845458984,235.45804268973214
609442929613635201,0.0,0.0,0.0,0.0,0.0
609542928176021402,0.0,0.0,0.0,0.0,0.0
609742930471752701,0.0,0.0,0.0,0.0,0.0
609942930510039901,0.0,0.0,0.0,0.0,0.0
609942930528550401,0.0,0.0,0.0,0.0,0.0
611142930519056902,0.0,0.0,0.0,0.0,0.0
611242930456564601,0.0,0.0,0.0,0.0,0.0
611242930544170802,0.0,0.0,0.0,0.0,0.0
611442929236057902,0.0,0.0,0.0,0.0,0.0
611442930536252502,0.0,0.0,0.0,0.0,0.0
611542928135643301,0.0,0.0,0.0,0.0,0.0
611542930463206002,0.0,0.0,0.0,0.0,0.0
611542930465552501,0.0,0.0,0.0,0.0,0.0
611842930525086802,0.0,0.0,0.0,0.0,0.0
611842930528062002,1.0,0.3045030326920639,0.30425963488843816,0.04406797140836716,0.3045030326920639
611942930458139602,3.7272727489471436,11.036650757089598,354.9066740007334,64.79525756835938,971.2252363669028
611942930516991901,0.0,0.0,0.0,0.0,0.0
611942930525522002,0.0,0.0,0.0,0.0,0.0
612142929514163102,0.0,0.0,0.0,0.0,0.0
612342928108786601,5.684210300445557,14.313844812160207,255.33109085931085,0.0,815.88917214986
612342930457889302,0.0,0.0,0.0,0.0,0.0
612342930543404502,0.0,0.0,0.0,0.0,0.0
612442930473165602,0.0,0.0,0.0,0.0,0.0
612542928601833902,0.0,0.0,0.0,0.0,0.0
612742930457760601,0.0,0.0,0.0,0.0,0.0
612742930473475701,0.0,0.0,0.0,0.0,0.0
612742930509766401,0.0,0.0,0.0,0.0,0.0
612942930464604802,0.7593985199928284,13.118670441782104,208.0767502807937,98.45256042480469,1744.7830857063045
613142930522255301,0.0,0.0,0.0,0.0,0.0
613142930527786601,0.0,0.0,0.0,0.0,0.0
613142930541713601,0.0,0.0,0.0,0.0,0.0
613242930469281302,0.0,0.0,0.0,0.0,0.0
613342930527812301,0.0,0.0,0.0,0.0,0.0
613642930458178401,0.0,0.0,0.0,0.0,0.0
613742930531180301,0.0,0.0,0.0,0.0,0.0
613842930474030501,0.0,0.0,0.0,0.0,0.0
613842930529166701,0.0,0.0,0.0,0.0,0.0
613842930530935001,0.0,0.0,0.0,0.0,0.0
614042930510485702,0.0,0.0,0.0,0.0,0.0
614142930449855601,0.0,0.0,0.0,0.0,0.0
614142930545162802,0.0,0.0,0.0,0.0,0.0
614242930526869301,0.0,0.0,0.0,0.0,0.0
614342930316630702,0.0,0.0,0.0,0.0,0.0
614442930529223002,0.0,0.0,0.0,0.0,0.0
614642930460835202,0.0,0.0,0.0,0.0,0.0
614942930520133301,4.333333492279053,15.101534733441033,38.573828756058155,5.300174713134766,45.30460427920537
615042930535854102,0.0,0.0,0.0,0.0,0.0
615242930529026902,0.0,0.0,0.0,0.0,0.0
615242930534894001,0.0,0.0,0.0,0.0,0.0
615542930453514002,0.0,0.0,0.0,0.0,0.0
615542930472245601,0.0,0.0,0.0,0.0,0.0
615542930472598101,2.2686567306518555,15.29539813701923,290.9646153846154,76.58953094482422,1024.7916838425856
615542930524160001,0.0,0.0,0.0,0.0,0.0
615642928791241702,0.0,0.0,0.0,0.0,0.0
615642930453924201,0.0,0.0,0.0,0.0,0.0
615642930548013602,0.0,0.0,0.0,0.0,0.0
615742930472569902,0.0,0.0,0.0,0.0,0.0
615742930517542101,0.0,0.0,0.0,0.0,0.0
615842930452120801,0.0,0.0,0.0,0.0,0.0
615842930464614501,0.0,0.0,0.0,0.0,0.0
615842930540550801,0.0,0.0,0.0,0.0,0.0
616142930535327501,0.0,0.0,0.0,0.0,0.0
616342928009789001,0.0,0.0,0.0,0.0,0.0
616342930540564901,0.0,0.0,0.0,0.0,0.0
616542930525105801,0.0,0.0,0.0,0.0,0.0
616842929189316902,0.0,0.0,0.0,0.0,0.0
616842930524612002,0.0,0.0,0.0,0.0,0.0
616942930507685202,0.0,0.0,0.0,0.0,0.0
617242930472545102,0.0,0.0,0.0,0.0,0.0
617542930461420101,0.0,0.0,0.0,0.0,0.0
617742930535217001,0.0,0.0,0.0,0.0,0.0
617942930460510202,0.0,0.0,0.0,0.0,0.0
618042930451043001,0.0,0.0,0.0,0.0,0.0
618042930525354301,0.0,0.0,0.0,0.0,0.0
618342930517732602,3.5567009449005127,16.36292996852518,452.2742805755396,85.94986724853516,1587.2041326495382
618442930479187302,0.0,0.0,0.0,0.0,0.0
618642930476813602,0.0,0.0,0.0,0.0,0.0
618842930525478901,0.0,0.0,0.0,0.0,0.0
619042930458308802,0.0,0.0,0.0,0.0,0.0
619442930456902601,0.0,0.0,0.0,0.0,0.0
619642930461679002,0.0,0.0,0.0,0.0,0.0
619642930467832502,0.0,0.0,0.0,0.0,0.0
619842930518854401,0.0,0.0,0.0,0.0,0.0
621242930519112201,0.0,0.0,0.0,0.0,0.0
621342930458041402,0.0,0.0,0.0,0.0,0.0
621342930460442702,0.0,0.0,0.0,0.0,0.0
621442930509631801,0.0,0.0,0.0,0.0,0.0
621442930533515701,0.0,0.0,0.0,0.0,0.0
621442930542426801,0.0,0.0,0.0,0.0,0.0
621842928305365001,0.0,0.0,0.0,0.0,0.0
621942930527380301,0.0,0.0,0.0,0.0,0.0
622142930525597202,0.0,0.0,0.0,0.0,0.0
622342930454373401,0.0,0.0,0.0,0.0,0.0
622342930530575101,0.0,0.0,0.0,0.0,0.0
622542930524635402,0.0,0.0,0.0,0.0,0.0
623042930453137202,0.0,0.0,0.0,0.0,0.0
623042930474490501,0.0,0.0,0.0,0.0,0.0
623042930476919301,0.0,0.0,0.0,0.0,0.0
623142930537296402,0.0,0.0,0.0,0.0,0.0
623342930473502501,2.2835819721221924,13.204011564015763,180.4062247372676,84.03392791748047,884.6687546076076
623742930507962602,0.0,0.0,0.0,0.0,0.0
623742930536195201,0.0,0.0,0.0,0.0,0.0
623942928258542701,0.0,0.0,0.0,0.0,0.0
623942930530823901,0.0,0.0,0.0,0.0,0.0
624142929684805401,0.0,0.0,0.0,0.0,0.0
624142930451687501,0.0,0.0,0.0,0.0,0.0
624242930455754701,0.0,0.0,0.0,0.0,0.0
624242930475530502,0.0,0.0,0.0,0.0,0.0
624342930529722402,3.2857143878936768,12.852169307828907,32.97529339098209,9.668177604675293,89.96518771835431
624342930532757901,0.0,0.0,0.0,0.0,0.0
624442928726031502,0.0,0.0,0.0,0.0,0.0
624442930464003901,0.0,0.0,0.0,0.0,0.0
624542930530514701,3.2439024448394775,6.799046033918794,73.21851667496267,26.61510467529297,278.7608951508113
624742930142486002,0.0,0.0,0.0,0.0,0.0
624742930530714801,0.0,0.0,0.0,0.0,0.0
624942930479378202,0.0,0.0,0.0,0.0,0.0
624942930509974501,0.0,0.0,0.0,0.0,0.0
625042930475269601,0.0,0.0,0.0,0.0,0.0
625142930460858601,0.0,0.0,0.0,0.0,0.0
625342929466954002,0.0,0.0,0.0,0.0,0.0
625442930530055402,0.0,0.0,0.0,0.0,0.0
625542930533010301,0.0,0.0,0.0,0.0,0.0
625742930470569001,0.0,0.0,0.0,0.0,0.0
625842930518152502,0.0,0.0,0.0,0.0,0.0
626142930480164301,0.0,0.0,0.0,0.0,0.0
626142930540691101,0.0,0.0,0.0,0.0,0.0
626142930545055902,4.199999809265137,15.14293591011323,39.14968202264619,9.32943058013916,75.71468220138728
626442930541959602,0.0,0.0,0.0,0.0,0.0
626642930534157502,0.0,0.0,0.0,0.0,0.0
626742930469978402,0.0,0.0,0.0,0.0,0.0
626742930547755901,0.0,0.0,0.0,0.0,0.0
626942930531391002,0.0,0.0,0.0,0.0,0.0
626942930550762501,0.0,0.0,0.0,0.0,0.0
627142930477846402,0.0,0.0,0.0,0.0,0.0
627142930519283702,0.0,0.0,0.0,0.0,0.0
627242930521030802,0.0,0.0,0.0,0.0,0.0
627242930530633202,0.0,0.0,0.0,0.0,0.0
627742930535001801,0.0,0.0,0.0,0.0,0.0
627742930542430902,0.0,0.0,0.0,0.0,0.0
627842930454353502,0.0,0.0,0.0,0.0,0.0
627842930455116302,2.0,3.6695758469400874,11.632296220107998,1.9263166189193726,14.678303011097004
627842930527026502,0.0,0.0,0.0,0.0,0.0
627942930468002802,0.0,0.0,0.0,0.0,0.0
628042930476683502,0.0,0.0,0.0,0.0,0.0
628242930463571801,0.0,0.0,0.0,0.0,0.0
628242930528148101,0.0,0.0,0.0,0.0,0.0
628442930546282602,0.0,0.0,0.0,0.0,0.0
628542930529940802,0.0,0.0,0.0,0.0,0.0
628742930447174202,0.0,0.0,0.0,0.0,0.0
629142930462199101,0.0,0.0,0.0,0.0,0.0
629342930476512301,0.0,0.0,0.0,0.0,0.0
629342930509172202,0.0,0.0,0.0,0.0,0.0
629442930454891802,0.0,0.0,0.0,0.0,0.0
629442930546221601,0.0,0.0,0.0,0.0,0.0
629542930524103602,0.0,0.0,0.0,0.0,0.0
629942930465575701,0.0,0.0,0.0,0.0,0.0
631342930544564001,2.9634146690368652,16.449469150641026,228.62974358974358,101.411865234375,1348.8564886371294
631442930453559201,0.0,0.0,0.0,0.0,0.0
631442930465223901,0.0,0.0,0.0,0.0,0.0
631442930478758802,0.0,0.0,0.0,0.0,0.0
631442930534697501,0.0,0.0,0.0,0.0,0.0
631442930544035201,0.0,0.0,0.0,0.0,0.0
631542930137891201,0.0,0.0,0.0,0.0,0.0
631642930515728402,8.0,15.64922087506182,15.649109792284866,2.2001841068267822,15.64922087506182
631742929269314901,0.0,0.0,0.0,0.0,0.0
631842930544615602,0.0,0.0,0.0,0.0,0.0
631842930546616102,3.538461446762085,7.907222843185958,82.18579234972678,12.609521865844727,102.7938927569755
632142929417331502,0.0,0.0,0.0,0.0,0.0
632142930475451901,0.0,0.0,0.0,0.0,0.0
632142930529489601,0.0,0.0,0.0,0.0,0.0
632242928242485402,0.0,0.0,0.0,0.0,0.0
632242928726267002,0.0,0.0,0.0,0.0,0.0
632242930528090201,0.0,0.0,0.0,0.0,0.0
632542930460063802,10.0,0.25559758715877723,0.25559758715877723,0.030408194288611412,0.25559758715877723
632742928602899402,0.0,0.0,0.0,0.0,0.0
632742930471641102,0.0,0.0,0.0,0.0,0.0
632842930545035902,0.0,0.0,0.0,0.0,0.0
633042930524124402,0.0,0.0,0.0,0.0,0.0
633142930479439902,0.0,0.0,0.0,0.0,0.0
633142930480181601,0.0,0.0,0.0,0.0,0.0
633142930546696501,0.0,0.0,0.0,0.0,0.0
633742930519064501,0.0,0.0,0.0,0.0,0.0
634042930454923601,0.0,0.0,0.0,0.0,0.0
634142930378995901,5.050000190734863,13.621178493026859,118.89669421487604,87.65727996826172,817.2706841765685
634242930480300802,0.0,0.0,0.0,0.0,0.0
634342930517827402,0.0,0.0,0.0,0.0,0.0
634342930538918502,0.0,0.0,0.0,0.0,0.0
634442928570877701,0.0,0.0,0.0,0.0,0.0
634442928601879102,0.0,0.0,0.0,0.0,0.0
634442930509229101,0.0,0.0,0.0,0.0,0.0
634542930516387001,4.109589099884033,13.556487397568512,309.38850080601827,110.34381866455078,989.6235854340009
634542930518933602,0.0,0.0,0.0,0.0,0.0
634542930547167301,0.0,0.0,0.0,0.0,0.0
635042930475778201,0.0,0.0,0.0,0.0,0.0
635242930466868001,0.0,0.0,0.0,0.0,0.0
635242930523886601,0.0,0.0,0.0,0.0,0.0
635342930529573401,0.0,0.0,0.0,0.0,0.0
635442930450110302,0.0,0.0,0.0,0.0,0.0
635442930457627902,0.0,0.0,0.0,0.0,0.0
635542930533071202,4.172839641571045,6.040177030018685,114.14209115281501,65.41177368164062,489.25435644563976
635842930448036901,0.0,0.0,0.0,0.0,0.0
635942930457087702,0.0,0.0,0.0,0.0,0.0
636142930528352101,0.0,0.0,0.0,0.0,0.0
636342930526638701,0.0,0.0,0.0,0.0,0.0
636442930460092501,0.0,0.0,0.0,0.0,0.0
636442930520175701,0.0,0.0,0.0,0.0,0.0
636542930536561801,0.0,0.0,0.0,0.0,0.0
636742928865301501,0.0,0.0,0.0,0.0,0.0
636742929020918202,0.0,0.0,0.0,0.0,0.0
636842930510820302,0.0,0.0,0.0,0.0,0.0
636842930525655902,0.0,0.0,0.0,0.0,0.0
636942930472736801,0.0,0.0,0.0,0.0,0.0
637142930511097902,0.0,0.0,0.0,0.0,0.0
637542930466070001,0.0,0.0,0.0,0.0,0.0
637642930474869901,0.0,0.0,0.0,0.0,0.0
637642930550717001,0.0,0.0,0.0,0.0,0.0
637742930532452802,0.0,0.0,0.0,0.0,0.0
637842928603015501,0.0,0.0,0.0,0.0,0.0
637842930510482502,0.0,0.0,0.0,0.0,0.0
637942930548982002,0.0,0.0,0.0,0.0,0.0
638042930450992201,0.0,0.0,0.0,0.0,0.0
638042930509034601,172.5,0.23408910141945757,0.4681110772047605,0.06806791573762894,0.46817821178779684
638042930529760102,0.0,0.0,0.0,0.0,0.0
638042930538055401,0.0,0.0,0.0,0.0,0.0
638142930447921202,0.0,0.0,0.0,0.0,0.0
638142930450063801,3.0431034564971924,18.77923977712008,571.956873640976,86.41614532470703,2178.391915925259
638142930455866601,0.0,0.0,0.0,0.0,0.0
638142930540569102,0.0,0.0,0.0,0.0,0.0
638242930455311801,0.0,0.0,0.0,0.0,0.0
638242930533781801,4.095238208770752,20.618107891545392,190.03534303534303,93.68856811523438,1298.9407763094516
638542930476079201,0.0,0.0,0.0,0.0,0.0
638642930519829201,0.0,0.0,0.0,0.0,0.0
638742930527718701,4.545454502105713,36.71096661161924,238.5420054200542,31.25958824157715,403.82064711821437
638842930452336902,0.0,0.0,0.0,0.0,0.0
639042930529309401,0.0,0.0,0.0,0.0,0.0
639142930518547302,0.0,0.0,0.0,0.0,0.0
639142930529139001,0.0,0.0,0.0,0.0,0.0
639342930454898101,0.0,0.0,0.0,0.0,0.0
639342930461614402,0.0,0.0,0.0,0.0,0.0
639342930465207602,0.0,0.0,0.0,0.0,0.0
639442928988290801,0.0,0.0,0.0,0.0,0.0
639442930538235001,0.0,0.0,0.0,0.0,0.0
639542930532563901,4.0,5.404933837278765,9.438708240691973,1.0009676218032837,10.809867287938182
639642930530084702,0.0,0.0,0.0,0.0,0.0
641142930477278001,0.0,0.0,0.0,0.0,0.0
641242930464771301,0.0,0.0,0.0,0.0,0.0
641242930528742302,0.0,0.0,0.0,0.0,0.0
641242930548136302,0.0,0.0,0.0,0.0,0.0
641342930545059402,0.0,0.0,0.0,0.0,0.0
641442929528823102,0.0,0.0,0.0,0.0,0.0
641442930464779301,0.0,0.0,0.0,0.0,0.0
641442930524145502,0.0,0.0,0.0,0.0,0.0
641742930516236501,0.0,0.0,0.0,0.0,0.0
641842928570742801,0.0,0.0,0.0,0.0,0.0
641942930474911501,0.0,0.0,0.0,0.0,0.0
641942930534201702,0.0,0.0,0.0,0.0,0.0
642042930525103802,1.5,8.253626368067286,16.50900900900901,0.9964255094528198,16.50725273613457
642142930542004602,0.0,0.0,0.0,0.0,0.0
642242930456211802,0.0,0.0,0.0,0.0,0.0
642342930453637401,0.0,0.0,0.0,0.0,0.0
642342930457120101,0.0,0.0,0.0,0.0,0.0
642542930456223802,0.0,0.0,0.0,0.0,0.0
642642930474766001,0.0,0.0,0.0,0.0,0.0
642742930526624501,0.0,0.0,0.0,0.0,0.0
643142930459533201,0.0,0.0,0.0,0.0,0.0
643142930519928302,170.0,79.93966868267702,138.39431396786156,12.292206764221191,159.87933736535405
643242929821047101,0.0,0.0,0.0,0.0,0.0
643442930550034201,0.0,0.0,0.0,0.0,0.0
643742930454947202,0.0,0.0,0.0,0.0,0.0
643742930476853602,4.857142925262451,15.505905575473093,127.06859846244825,30.31700897216797,325.62400599050494
643742930524019802,0.0,0.0,0.0,0.0,0.0
643742930542962201,0.0,0.0,0.0,0.0,0.0
643942930525309802,0.0,0.0,0.0,0.0,0.0
644142930446451802,0.0,0.0,0.0,0.0,0.0
644142930474924401,2.7699999809265137,6.953604666421836,128.42675854855332,103.22772979736328,695.3604562433768
644642930474099402,0.0,0.0,0.0,0.0,0.0
644642930510593801,3.684931516647339,22.69844786828136,329.9912408759125,99.05696868896484,1656.9866317860406
644742929681216001,0.0,0.0,0.0,0.0,0.0
644742930477479302,0.0,0.0,0.0,0.0,0.0
644942930511287101,5.130434989929199,21.834567344224926,209.67477203647417,65.06150817871094,502.19507201406367
644942930516721002,0.0,0.0,0.0,0.0,0.0
645042930468804501,0.0,0.0,0.0,0.0,0.0
645242930524530001,0.0,0.0,0.0,0.0,0.0
645342930532493602,0.0,0.0,0.0,0.0,0.0
645542930453093001,0.0,0.0,0.0,0.0,0.0
645742930461298301,0.0,0.0,0.0,0.0,0.0
646142930516997802,0.0,0.0,0.0,0.0,0.0
646442930476673001,4.415384769439697,19.055514479622538,227.26039387308535,81.42464447021484,1238.608442571544
646442930515735902,0.0,0.0,0.0,0.0,0.0
646742928967163401,0.0,0.0,0.0,0.0,0.0
646742930464184902,0.0,0.0,0.0,0.0,0.0
646742930527254501,0.0,0.0,0.0,0.0,0.0
647042929800407201,0.0,0.0,0.0,0.0,0.0
647042930457784202,0.0,0.0,0.0,0.0,0.0
647142930520231302,0.0,0.0,0.0,0.0,0.0
647242930515716702,0.0,0.0,0.0,0.0,0.0
647242930529731001,0.0,0.0,0.0,0.0,0.0
647542927963609202,0.0,0.0,0.0,0.0,0.0
647642930462303702,0.0,0.0,0.0,0.0,0.0
647942930515080402,0.0,0.0,0.0,0.0,0.0
648042930528529302,0.0,0.0,0.0,0.0,0.0
648342930459509102,0.0,0.0,0.0,0.0,0.0
648342930463022901,0.0,0.0,0.0,0.0,0.0
648342930527411001,0.0,0.0,0.0,0.0,0.0
648342930534785301,0.0,0.0,0.0,0.0,0.0
648342930547014502,0.0,0.0,0.0,0.0,0.0
648442930449073502,0.0,0.0,0.0,0.0,0.0
648442930526664902,0.0,0.0,0.0,0.0,0.0
648442930547127301,0.0,0.0,0.0,0.0,0.0
648642930531693201,0.0,0.0,0.0,0.0,0.0
648742930454987101,0.0,0.0,0.0,0.0,0.0
648742930478797202,0.0,0.0,0.0,0.0,0.0
648742930524846701,0.0,0.0,0.0,0.0,0.0
648842930460023301,0.0,0.0,0.0,0.0,0.0
648942929567799701,0.0,0.0,0.0,0.0,0.0
648942930449110702,0.0,0.0,0.0,0.0,0.0
649042930527078002,0.0,0.0,0.0,0.0,0.0
649142930518226402,4.05747127532959,12.942913493922976,263.76575389271244,79.93406677246094,1126.0334160553796
649342930117707001,0.0,0.0,0.0,0.0,0.0
649442930480047802,0.0,0.0,0.0,0.0,0.0
649642930467947801,0.0,0.0,0.0,0.0,0.0
649742930539647002,3.448979616165161,10.088901343899046,197.5262321144674,34.379390716552734,494.3561682041574
649942930476139101,0.0,0.0,0.0,0.0,0.0
649942930479236002,0.0,0.0,0.0,0.0,0.0
651142930450359001,2.84375,4.466405947834074,49.61419454650938,17.88378143310547,142.92498740345798
651342928887918302,6.115384578704834,16.189364394415513,199.52594720775724,38.87079620361328,420.9234676953598
651442930479445702,0.0,0.0,0.0,0.0,0.0
651642930515551701,0.0,0.0,0.0,0.0,0.0
651742930533814901,0.0,0.0,0.0,0.0,0.0
651842930526320601,0.0,0.0,0.0,0.0,0.0
651942930454825201,6.5,21.69082474167886,74.16532553035844,12.200275421142578,86.76329896671544
651942930478231102,0.0,0.0,0.0,0.0,0.0
652142930447137102,0.0,0.0,0.0,0.0,0.0
652142930509584901,0.0,0.0,0.0,0.0,0.0
652442930515802601,0.0,0.0,0.0,0.0,0.0
652542930454752501,0.0,0.0,0.0,0.0,0.0
652542930546548902,0.0,0.0,0.0,0.0,0.0
652642930533782602,0.0,0.0,0.0,0.0,0.0
652842930516145901,2.8681318759918213,13.807212386050912,229.47746818025456,90.39642333984375,1256.4563145960653
652842930529521401,3.4558823108673096,9.221321985899873,128.47993240388678,91.96440887451172,627.0498845270025
653042927963768501,0.0,0.0,0.0,0.0,0.0
653042930542015202,0.0,0.0,0.0,0.0,0.0
653142930459478902,0.0,0.0,0.0,0.0,0.0
653142930479524002,0.0,0.0,0.0,0.0,0.0
653342930508972101,0.0,0.0,0.0,0.0,0.0
653342930533725301,3.4285714626312256,7.245602822580645,109.77032258064516,56.74658203125,456.4729822328629
653542930529153902,49.0,167.20311414930555,167.2,4.918066024780273,167.20311414930555
653642930462867801,0.0,0.0,0.0,0.0,0.0
653742930510384802,0.0,0.0,0.0,0.0,0.0
653842929400256501,0.0,0.0,0.0,0.0,0.0
653842929696743002,0.0,0.0,0.0,0.0,0.0
653842930453388901,0.0,0.0,0.0,0.0,0.0
653842930473075901,0.0,0.0,0.0,0.0,0.0
653942930509065402,0.0,0.0,0.0,0.0,0.0
654042930449629701,0.0,0.0,0.0,0.0,0.0
654042930470916901,0.0,0.0,0.0,0.0,0.0
654242930542632701,0.0,0.0,0.0,0.0,0.0
654342930546863601,0.0,0.0,0.0,0.0,0.0
654542930474824902,0.0,0.0,0.0,0.0,0.0
654542930477661102,0.0,0.0,0.0,0.0,0.0
654642930453465602,0.0,0.0,0.0,0.0,0.0
654642930454790701,0.0,0.0,0.0,0.0,0.0
654642930460302701,0.0,0.0,0.0,0.0,0.0
654942930509543701,0.0,0.0,0.0,0.0,0.0
655042930472188302,0.0,0.0,0.0,0.0,0.0
655042930479484502,0.0,0.0,0.0,0.0,0.0
655142928726124202,0.0,0.0,0.0,0.0,0.0
655342930509983701,0.0,0.0,0.0,0.0,0.0
655342930543181102,0.0,0.0,0.0,0.0,0.0
655442930469818502,0.0,0.0,0.0,0.0,0.0
655442930510824702,0.0,0.0,0.0,0.0,0.0
655842928887872002,0.0,0.0,0.0,0.0,0.0
655842930523085001,0.5400000214576721,11.639094095764975,124.04128195345288,73.73445129394531,1163.9094464956645
656042930475018502,0.0,0.0,0.0,0.0,0.0
656242930456953401,0.0,0.0,0.0,0.0,0.0
656242930473377402,0.0,0.0,0.0,0.0,0.0
656342930342691002,2.0,1.7667998151436446,4.932471112053429,0.8626920580863953,5.3003995489571185
656442930472250401,0.0,0.0,0.0,0.0,0.0
656542928592761601,3.9066667556762695,21.509885204081634,287.0025510204082,99.88048553466797,1613.2413700064835
656542930543599602,0.0,0.0,0.0,0.0,0.0
656642930474235001,0.0,0.0,0.0,0.0,0.0
656642930517305401,4.699999809265137,31.376128216911766,283.2035294117647,15.534564018249512,313.76129279641543
656742928789992001,0.0,0.0,0.0,0.0,0.0
656842930475431902,0.0,0.0,0.0,0.0,0.0
657242928887312101,0.0,0.0,0.0,0.0,0.0
657342930541170002,0.0,0.0,0.0,0.0,0.0
657442930477734402,0.0,0.0,0.0,0.0,0.0
657742930465781302,3.6764705181121826,11.445726445895522,162.34776119402986,32.19282531738281,389.15470180226794
657742930474796002,0.0,0.0,0.0,0.0,0.0
657742930532598501,0.0,0.0,0.0,0.0,0.0
658142930473567902,0.0,0.0,0.0,0.0,0.0
658142930546394001,0.0,0.0,0.0,0.0,0.0
658642929303719501,2.96875,9.081959825636192,145.59057492931197,85.34326934814453,871.8681187477795
658942930456879602,0.0,0.0,0.0,0.0,0.0
658942930479038602,0.0,0.0,0.0,0.0,0.0
659142928232753901,0.0,0.0,0.0,0.0,0.0
659142930532505601,0.0,0.0,0.0,0.0,0.0
659542930519222201,3.4324324131011963,7.242013094849177,93.00058078333151,23.010000228881836,267.9544804683246
659742930464854101,0.0,0.0,0.0,0.0,0.0
659742930544352401,0.0,0.0,0.0,0.0,0.0
659842930534373901,0.0,0.0,0.0,0.0,0.0
659942929259428501,0.0,0.0,0.0,0.0,0.0
659942930461469101,0.0,0.0,0.0,0.0,0.0
659942930519363301,0.0,0.0,0.0,0.0,0.0
661142930533758202,0.0,0.0,0.0,0.0,0.0
661242930541930402,0.0,0.0,0.0,0.0,0.0
661342930531787402,0.0,0.0,0.0,0.0,0.0
661542930458841401,0.0,0.0,0.0,0.0,0.0
661542930526107101,0.0,0.0,0.0,0.0,0.0
661642928062746602,0.0,0.0,0.0,0.0,0.0
662142928255461701,0.0,0.0,0.0,0.0,0.0
662142930529150601,0.0,0.0,0.0,0.0,0.0
662242930517506301,0.0,0.0,0.0,0.0,0.0
662342930463195201,0.0,0.0,0.0,0.0,0.0
662342930464993502,0.0,0.0,0.0,0.0,0.0
662542930461143901,0.0,0.0,0.0,0.0,0.0
662542930525213101,0.0,0.0,0.0,0.0,0.0
662742929621897902,0.0,0.0,0.0,0.0,0.0
662742930474015002,0.0,0.0,0.0,0.0,0.0
662942930534037001,5.5,56.53055735822684,182.93130990415335,21.014345169067383,226.12222114538613
663042930479679601,0.0,0.0,0.0,0.0,0.0
663042930524347201,2.5,3.2494441632005255,3.9929947460595447,0.8641961216926575,6.498888112617666
663142929839447601,0.0,0.0,0.0,0.0,0.0
663342930451105601,0.0,0.0,0.0,0.0,0.0
663542930529957101,0.0,0.0,0.0,0.0,0.0
663642930480208101,3.0,22.731898893559645,152.37309644670052,7.480813026428223,159.12328528389713
663742930515497202,0.0,0.0,0.0,0.0,0.0
663842930455452701,0.0,0.0,0.0,0.0,0.0
664042930448245002,0.0,0.0,0.0,0.0,0.0
664042930459310502,0.0,0.0,0.0,0.0,0.0
664042930542970902,0.0,0.0,0.0,0.0,0.0
664242930518346602,0.0,0.0,0.0,0.0,0.0
664642930528521401,0.0,0.0,0.0,0.0,0.0
664742929309406402,0.0,0.0,0.0,0.0,0.0
664742930179843902,0.0,0.0,0.0,0.0,0.0
664742930518939202,0.0,0.0,0.0,0.0,0.0
664742930532198301,0.0,0.0,0.0,0.0,0.0
664942930450522402,0.0,0.0,0.0,0.0,0.0
665142930474649402,0.0,0.0,0.0,0.0,0.0
665242930463609802,0.0,0.0,0.0,0.0,0.0
665342930460685202,0.0,0.0,0.0,0.0,0.0
665342930528787802,0.0,0.0,0.0,0.0,0.0
665642930550842201,0.0,0.0,0.0,0.0,0.0
665742930527645201,0.0,0.0,0.0,0.0,0.0
665842929380279101,0.0,0.0,0.0,0.0,0.0
665842930471889901,0.0,0.0,0.0,0.0,0.0
665842930528854901,0.0,0.0,0.0,0.0,0.0
665942929400362701,0.0,0.0,0.0,0.0,0.0
665942930515546002,2.6666667461395264,14.500535086908284,122.26863905325443,13.42945671081543,217.50802045291698
665942930524702001,0.0,0.0,0.0,0.0,0.0
665942930543219101,0.0,0.0,0.0,0.0,0.0
666042930475028101,0.0,0.0,0.0,0.0,0.0
666042930525712202,0.0,0.0,0.0,0.0,0.0
666142930462109402,0.0,0.0,0.0,0.0,0.0
666142930464828901,0.0,0.0,0.0,0.0,0.0
666142930533023602,3.905660390853882,23.851754245148403,381.5334855403349,57.494590759277344,1264.1429665041478
666242928113204401,0.0,0.0,0.0,0.0,0.0
666242930516082801,0.0,0.0,0.0,0.0,0.0
666242930525492302,0.0,0.0,0.0,0.0,0.0
666342930519029801,3.950000047683716,10.287252241035857,131.05370517928287,50.56391143798828,411.49008812406623
666342930544643602,0.0,0.0,0.0,0.0,0.0
666442930480433801,0.0,0.0,0.0,0.0,0.0
666442930546688702,0.0,0.0,0.0,0.0,0.0
666942930531738801,1.0,12.73829022238463,53.085821674671124,47.44828414916992,471.3167234441885
667042929885514702,0.0,0.0,0.0,0.0,0.0
667042930450950202,0.0,0.0,0.0,0.0,0.0
667142927966337801,0.0,0.0,0.0,0.0,0.0
667142930518229601,0.0,0.0,0.0,0.0,0.0
667242930457538102,0.0,0.0,0.0,0.0,0.0
667342928113248801,0.0,0.0,0.0,0.0,0.0
667442930464212402,0.0,0.0,0.0,0.0,0.0
667442930515645402,0.0,0.0,0.0,0.0,0.0
667442930549503402,0.0,0.0,0.0,0.0,0.0
667942930528227902,0.0,0.0,0.0,0.0,0.0
667942930530965901,0.0,0.0,0.0,0.0,0.0
668042928091088502,0.0,0.0,0.0,0.0,0.0
668142930526970101,0.0,0.0,0.0,0.0,0.0
668242930533365502,0.0,0.0,0.0,0.0,0.0
668442930532995202,0.0,0.0,0.0,0.0,0.0
668642930527433401,0.0,0.0,0.0,0.0,0.0
668642930544536701,0.0,0.0,0.0,0.0,0.0
668742928235978602,5.222222328186035,17.957038771662386,338.25545571245186,80.91704559326172,969.6801145208357
668842930538829901,0.0,0.0,0.0,0.0,0.0
668942930527960502,162.0,1042.752867570386,1042.752867570386,29.04831314086914,1042.752867570386
668942930529847002,0.0,0.0,0.0,0.0,0.0
669142930289529202,0.0,0.0,0.0,0.0,0.0
669142930450104201,0.0,0.0,0.0,0.0,0.0
669242930527333102,0.0,0.0,0.0,0.0,0.0
669242930529373802,0.0,0.0,0.0,0.0,0.0
669342930526060301,0.0,0.0,0.0,0.0,0.0
669442930474293901,0.0,0.0,0.0,0.0,0.0
669642930539906702,0.0,0.0,0.0,0.0,0.0
669842930542477401,0.0,0.0,0.0,0.0,0.0
671142930534395002,0.0,0.0,0.0,0.0,0.0
671242930455919502,0.0,0.0,0.0,0.0,0.0
671542930478300201,0.0,0.0,0.0,0.0,0.0
671642928739595002,0.0,0.0,0.0,0.0,0.0
671742930528968102,0.0,0.0,0.0,0.0,0.0
671842927929385701,0.0,0.0,0.0,0.0,0.0
671942930546143302,0.0,0.0,0.0,0.0,0.0
672042929801894901,9.0,26.55303037163141,26.553172993335266,2.6963589191436768,26.55303037163141
672142928726429701,0.0,0.0,0.0,0.0,0.0
672142929373030202,0.0,0.0,0.0,0.0,0.0
672442930530787602,0.0,0.0,0.0,0.0,0.0
672542930080417901,0.0,0.0,0.0,0.0,0.0
672742930531909101,0.0,0.0,0.0,0.0,0.0
673042930517612002,0.0,0.0,0.0,0.0,0.0
673042930529893101,3.4000000953674316,9.304504130218257,84.4036029793868,96.48657989501953,837.4053516820752
673142930477769301,0.0,0.0,0.0,0.0,0.0
673142930516487402,1.0,8.478913124043611,58.22647283856159,58.60363006591797,491.7769730399379
673242930461406401,0.0,0.0,0.0,0.0,0.0
673342930467794802,0.0,0.0,0.0,0.0,0.0
673342930518841002,0.0,0.0,0.0,0.0,0.0
673342930534726802,0.0,0.0,0.0,0.0,0.0
673442930531133301,0.0,0.0,0.0,0.0,0.0
673542930463546502,0.0,0.0,0.0,0.0,0.0
673742930533903301,3.4838709831237793,6.898244314894473,65.3658843357734,18.726768493652344,213.84557222636892
673842930475061702,0.0,0.0,0.0,0.0,0.0
674042930461682601,0.0,0.0,0.0,0.0,0.0
674142930516069702,0.0,0.0,0.0,0.0,0.0
674242930435870002,0.0,0.0,0.0,0.0,0.0
674242930473017302,0.0,0.0,0.0,0.0,0.0
674342930457227401,0.0,0.0,0.0,0.0,0.0
674342930524419701,0.0,0.0,0.0,0.0,0.0
674542930458635101,0.0,0.0,0.0,0.0,0.0
674542930480126701,3.1034483909606934,24.312490229193514,290.9040400212234,25.496301651000977,705.0622001265699
674742930528798301,0.0,0.0,0.0,0.0,0.0
675142930451155701,0.0,0.0,0.0,0.0,0.0
675142930540256901,0.0,0.0,0.0,0.0,0.0
675242928055989402,0.0,0.0,0.0,0.0,0.0
675342930525185901,0.0,0.0,0.0,0.0,0.0
675442930516295301,0.0,0.0,0.0,0.0,0.0
675542930448864102,1.0747663974761963,8.456882266547737,71.9498031496063,62.85805130004883,904.8863579907755
675642929321111502,0.0,0.0,0.0,0.0,0.0
675642930451386202,0.0,0.0,0.0,0.0,0.0
675642930524949302,0.0,0.0,0.0,0.0,0.0
675742930526577702,0.0,0.0,0.0,0.0,0.0
675742930528981401,0.0,0.0,0.0,0.0,0.0
675842930459007402,4.870967864990234,10.147157375227895,135.1999772105743,36.35447311401367,314.56186767133016
675942930475206502,0.0,0.0,0.0,0.0,0.0
676142929194519602,0.0,0.0,0.0,0.0,0.0
676142930524860502,0.0,0.0,0.0,0.0,0.0
676242930220737602,0.0,0.0,0.0,0.0,0.0
676242930469479001,0.0,0.0,0.0,0.0,0.0
676242930473283902,0.0,0.0,0.0,0.0,0.0
676242930542299602,0.0,0.0,0.0,0.0,0.0
676342930012382501,0.0,0.0,0.0,0.0,0.0
676442930461411002,0.0,0.0,0.0,0.0,0.0
676442930464954101,0.0,0.0,0.0,0.0,0.0
676442930546368201,0.0,0.0,0.0,0.0,0.0
676542930477748601,0.0,0.0,0.0,0.0,0.0
676542930517857402,0.0,0.0,0.0,0.0,0.0
676742930475025802,0.0,0.0,0.0,0.0,0.0
676842930545340301,0.0,0.0,0.0,0.0,0.0
676942930479197201,0.0,0.0,0.0,0.0,0.0
676942930533687801,0.0,0.0,0.0,0.0,0.0
677042930478874701,0.0,0.0,0.0,0.0,0.0
677142930527521402,0.0,0.0,0.0,0.0,0.0
677242928932243302,0.0,0.0,0.0,0.0,0.0
677242928988167902,0.0,0.0,0.0,0.0,0.0
677242930517222601,0.0,0.0,0.0,0.0,0.0
677242930544609802,0.0,0.0,0.0,0.0,0.0
677242930547631701,0.0,0.0,0.0,0.0,0.0
677742930447987101,0.0,0.0,0.0,0.0,0.0
677742930519472901,0.0,0.0,0.0,0.0,0.0
677842930461361101,0.0,0.0,0.0,0.0,0.0
677942930525818002,0.0,0.0,0.0,0.0,0.0
678142930479964501,0.0,0.0,0.0,0.0,0.0
678142930521363801,0.0,0.0,0.0,0.0,0.0
678242930530196802,0.0,0.0,0.0,0.0,0.0
678542930476045002,0.0,0.0,0.0,0.0,0.0
678642930458165102,4.454545497894287,7.811718266553218,22.265346534653464,10.426116943359375,85.928903470181
678742930222068601,0.0,0.0,0.0,0.0,0.0
678742930462308501,0.0,0.0,0.0,0.0,0.0
678742930528119502,0.0,0.0,0.0,0.0,0.0
678842930547371802,0.0,0.0,0.0,0.0,0.0
679042928030516801,0.0,0.0,0.0,0.0,0.0
679142930464344202,4.04878044128418,17.57409248273582,209.95592124595944,62.963191986083984,720.5377939040962
679242930478303301,0.0,0.0,0.0,0.0,0.0
679342930519642702,0.0,0.0,0.0,0.0,0.0
679442930456249102,0.0,0.0,0.0,0.0,0.0
679442930546701301,113.0,1.0775862068965518,1.0775862068965518,0.06239371374249458,1.0775862068965518
679742929946486602,0.0,0.0,0.0,0.0,0.0
679942930541716201,0.0,0.0,0.0,0.0,0.0
681142930454118401,0.0,0.0,0.0,0.0,0.0
681342930534908101,0.0,0.0,0.0,0.0,0.0
681442930464803501,0.0,0.0,0.0,0.0,0.0
681742930510597001,0.0,0.0,0.0,0.0,0.0
682042930525009502,0.0,0.0,0.0,0.0,0.0
682442928121580101,0.0,0.0,0.0,0.0,0.0
682442930509273402,0.0,0.0,0.0,0.0,0.0
682542930478153201,0.0,0.0,0.0,0.0,0.0
682542930521194702,0.0,0.0,0.0,0.0,0.0
682542930523950602,0.0,0.0,0.0,0.0,0.0
682542930531441302,2.75,6.102048083563536,21.19060773480663,3.0628509521484375,24.408192334254142
682642930545320202,0.0,0.0,0.0,0.0,0.0
682842928064987401,0.0,0.0,0.0,0.0,0.0
682842930526003901,0.0,0.0,0.0,0.0,0.0
683042930455966702,0.0,0.0,0.0,0.0,0.0
683142930518339501,0.0,0.0,0.0,0.0,0.0
683342930517481102,0.0,0.0,0.0,0.0,0.0
683342930549650701,0.0,0.0,0.0,0.0,0.0
683442930464374402,0.0,0.0,0.0,0.0,0.0
683542930530462101,0.0,0.0,0.0,0.0,0.0
683642929780713401,0.0,0.0,0.0,0.0,0.0
683742930461427702,0.0,0.0,0.0,0.0,0.0
683842930531713201,0.0,0.0,0.0,0.0,0.0
684142930516547701,0.0,0.0,0.0,0.0,0.0
684342930519896201,0.0,0.0,0.0,0.0,0.0
684342930526179301,0.0,0.0,0.0,0.0,0.0
684342930538673401,0.0,0.0,0.0,0.0,0.0
684342930549015902,0.0,0.0,0.0,0.0,0.0
684742928878191202,0.0,0.0,0.0,0.0,0.0
684942930529277701,32.33333206176758,8.902970000811337,42.29943747295543,3.6851420402526855,53.41781942383235
685042930523351301,0.0,0.0,0.0,0.0,0.0
685142930474884601,0.0,0.0,0.0,0.0,0.0
685142930523762602,0.0,0.0,0.0,0.0,0.0
685142930546857301,0.0,0.0,0.0,0.0,0.0
685242928725986102,144.0,1.4284911913435494,1.4285714285714286,0.15447090566158295,1.4284911913435494
685542930545717101,0.0,0.0,0.0,0.0,0.0
685642930473229702,3.753246784210205,14.60414291390271,246.59701492537314,131.94642639160156,1124.5190414504625
685642930480066702,0.0,0.0,0.0,0.0,0.0
686142928159082502,0.0,0.0,0.0,0.0,0.0
686142930516730902,0.0,0.0,0.0,0.0,0.0
686242930478176701,0.0,0.0,0.0,0.0,0.0
686242930534114102,0.0,0.0,0.0,0.0,0.0
686442930474073202,0.0,0.0,0.0,0.0,0.0
686442930536461201,0.0,0.0,0.0,0.0,0.0
686442930544290302,0.0,0.0,0.0,0.0,0.0
686542930549153402,3.5799999237060547,8.562059039769048,93.72393697388301,36.096622467041016,428.1029531675257
686642930530558201,0.0,0.0,0.0,0.0,0.0
686742930460247802,0.0,0.0,0.0,0.0,0.0
686742930471518302,0.0,0.0,0.0,0.0,0.0
686742930480404201,3.25,11.828317353219697,77.19081439393939,17.355422973632812,236.5663520784089
686742930530161202,0.0,0.0,0.0,0.0,0.0
686942930508038502,0.0,0.0,0.0,0.0,0.0
687042930454546001,0.0,0.0,0.0,0.0,0.0
687142930472558801,0.0,0.0,0.0,0.0,0.0
687242930525582202,0.0,0.0,0.0,0.0,0.0
687342930521812002,0.0,0.0,0.0,0.0,0.0
687442930545692702,0.0,0.0,0.0,0.0,0.0
687542930516092602,0.0,0.0,0.0,0.0,0.0
687742930448383602,0.0,0.0,0.0,0.0,0.0
687842930528045202,0.0,0.0,0.0,0.0,0.0
687942930478920301,0.0,0.0,0.0,0.0,0.0
688042930519267601,0.0,0.0,0.0,0.0,0.0
688242930479600701,0.0,0.0,0.0,0.0,0.0
688242930479708301,0.0,0.0,0.0,0.0,0.0
688342930454573002,0.0,0.0,0.0,0.0,0.0
688442930478551502,0.0,0.0,0.0,0.0,0.0
688542930547601101,0.0,0.0,0.0,0.0,0.0
688742928087825902,0.0,0.0,0.0,0.0,0.0
688842930462822501,0.0,0.0,0.0,0.0,0.0
689042929230287301,0.0,0.0,0.0,0.0,0.0
689142930539934701,0.0,0.0,0.0,0.0,0.0
689242930533588202,0.0,0.0,0.0,0.0,0.0
689442930543590601,0.0,0.0,0.0,0.0,0.0
689542930547519802,0.0,0.0,0.0,0.0,0.0
689642930516857701,0.0,0.0,0.0,0.0,0.0
689842929800307001,0.0,0.0,0.0,0.0,0.0
689842930445443202,0.0,0.0,0.0,0.0,0.0
689842930531065801,3.8690476417541504,10.67436974789916,175.28081232492997,94.4933853149414,896.6470512859628
691142930454716601,0.0,0.0,0.0,0.0,0.0
691142930459899401,0.0,0.0,0.0,0.0,0.0
691142930477836702,0.0,0.0,0.0,0.0,0.0
691142930520228202,0.0,0.0,0.0,0.0,0.0
691142930545181902,0.0,0.0,0.0,0.0,0.0
691242930471865101,0.0,0.0,0.0,0.0,0.0
691242930519659401,0.0,0.0,0.0,0.0,0.0
691242930521321801,3.266055107116699,9.125668227900313,156.48732198680096,101.361572265625,994.6978216181202
691242930545521202,0.0,0.0,0.0,0.0,0.0
691742930461913501,0.0,0.0,0.0,0.0,0.0
691742930480379601,0.0,0.0,0.0,0.0,0.0
691842930446404902,0.0,0.0,0.0,0.0,0.0
691942930460283802,0.0,0.0,0.0,0.0,0.0
691942930461252602,0.0,0.0,0.0,0.0,0.0
691942930544112801,0.0,0.0,0.0,0.0,0.0
692042930455091602,0.0,0.0,0.0,0.0,0.0
692042930476840302,0.0,0.0,0.0,0.0,0.0
692042930526194602,0.0,0.0,0.0,0.0,0.0
692142930465080401,0.0,0.0,0.0,0.0,0.0
692242928258200901,0.0,0.0,0.0,0.0,0.0
692242930461896101,0.0,0.0,0.0,0.0,0.0
692242930478049202,0.0,0.0,0.0,0.0,0.0
692342930460767302,0.0,0.0,0.0,0.0,0.0
692342930530025502,0.0,0.0,0.0,0.0,0.0
692442930461132602,0.0,0.0,0.0,0.0,0.0
692542930461026101,0.0,0.0,0.0,0.0,0.0
692542930464877602,0.0,0.0,0.0,0.0,0.0
692642930474182301,0.0,0.0,0.0,0.0,0.0
692742930515987001,0.0,0.0,0.0,0.0,0.0
692942930479854902,0.0,0.0,0.0,0.0,0.0
693342928042043202,0.0,0.0,0.0,0.0,0.0
693342930521784902,0.0,0.0,0.0,0.0,0.0
693442930478861301,0.0,0.0,0.0,0.0,0.0
693642930542975801,0.0,0.0,0.0,0.0,0.0
693642930549537501,0.0,0.0,0.0,0.0,0.0
693842930526783301,0.0,0.0,0.0,0.0,0.0
693942930517351702,0.0,0.0,0.0,0.0,0.0
694042930471569902,0.0,0.0,0.0,0.0,0.0
694342930515665501,0.0,0.0,0.0,0.0,0.0
694342930533946902,0.0,0.0,0.0,0.0,0.0
694542930474143501,0.0,0.0,0.0,0.0,0.0
694542930527930802,0.0,0.0,0.0,0.0,0.0
694642930542427401,0.0,0.0,0.0,0.0,0.0
694842928181430002,0.0,0.0,0.0,0.0,0.0
694842930547250201,0.0,0.0,0.0,0.0,0.0
694942930509632101,0.0,0.0,0.0,0.0,0.0
695042930476106001,0.0,0.0,0.0,0.0,0.0
695142930529650002,0.0,0.0,0.0,0.0,0.0
695242930446942902,0.0,0.0,0.0,0.0,0.0
695242930468155102,0.0,0.0,0.0,0.0,0.0
695342930458421202,0.0,0.0,0.0,0.0,0.0
695642929248923802,0.0,0.0,0.0,0.0,0.0
695842930524152402,0.0,0.0,0.0,0.0,0.0
696042930517018501,0.0,0.0,0.0,0.0,0.0
696142928633821702,0.0,0.0,0.0,0.0,0.0
696642930474802301,0.0,0.0,0.0,0.0,0.0
696642930541606002,0.0,0.0,0.0,0.0,0.0
696642930544942101,0.0,0.0,0.0,0.0,0.0
696842928030437801,0.0,0.0,0.0,0.0,0.0
696942930473808002,3.351351261138916,25.580959314821182,296.8390646492435,46.04586410522461,946.4954699236885
697042930473910301,0.0,0.0,0.0,0.0,0.0
697242930479552002,0.0,0.0,0.0,0.0,0.0
697342929012746502,0.0,0.0,0.0,0.0,0.0
697342930534528301,0.0,0.0,0.0,0.0,0.0
697442930527780301,0.0,0.0,0.0,0.0,0.0
697642930537356401,0.0,0.0,0.0,0.0,0.0
697742930508268501,0.0,0.0,0.0,0.0,0.0
697942930448206801,0.0,0.0,0.0,0.0,0.0
697942930532346202,0.0,0.0,0.0,0.0,0.0
697942930534180601,0.0,0.0,0.0,0.0,0.0
698142930476799201,0.0,0.0,0.0,0.0,0.0
698142930519445901,0.0,0.0,0.0,0.0,0.0
698442930520214102,3.153846263885498,11.838226425438597,266.0485380116959,116.11605072021484,1231.1756016469142
698542928135348302,0.0,0.0,0.0,0.0,0.0
698542930517150901,0.0,0.0,0.0,0.0,0.0
698642930472207101,0.0,0.0,0.0,0.0,0.0
698642930518661301,0.0,0.0,0.0,0.0,0.0
698642930527561602,0.0,0.0,0.0,0.0,0.0
698842930453783402,0.0,0.0,0.0,0.0,0.0
698942930522124802,4.357142925262451,8.025604776380874,52.826875515251444,11.654012680053711,112.35846777504766
699142928159330601,0.0,0.0,0.0,0.0,0.0
699742930449276401,0.0,0.0,0.0,0.0,0.0
699742930529576902,0.0,0.0,0.0,0.0,0.0
699742930529711202,0.0,0.0,0.0,0.0,0.0
699842928265614001,0.0,0.0,0.0,0.0,0.0
699842929800132601,0.0,0.0,0.0,0.0,0.0
699842930526989702,0.0,0.0,0.0,0.0,0.0
699942930472631801,2.654761791229248,7.032145088179415,158.83627953081117,60.51170349121094,590.7002021490829
701442930518355201,0.0,0.0,0.0,0.0,0.0
701542930477281501,0.0,0.0,0.0,0.0,0.0
701542930525900501,247.0,0.2403846153846154,0.2403846153846154,0.02652950957417488,0.2403846153846154
701642928043515102,0.0,0.0,0.0,0.0,0.0
701642930527873402,0.0,0.0,0.0,0.0,0.0
701742930453720802,0.0,0.0,0.0,0.0,0.0
701742930526291201,0.0,0.0,0.0,0.0,0.0
701742930526811201,0.0,0.0,0.0,0.0,0.0
701942930508392401,0.0,0.0,0.0,0.0,0.0
702142930534562902,0.0,0.0,0.0,0.0,0.0
702242930521210002,0.0,0.0,0.0,0.0,0.0
702442930463800001,7.0,13.962283962849364,13.962274988225293,0.0,13.962283962849364
702542930464549202,0.0,0.0,0.0,0.0,0.0
702542930469787202,0.0,0.0,0.0,0.0,0.0
702742930465685701,0.0,0.0,0.0,0.0,0.0
702742930472798502,0.0,0.0,0.0,0.0,0.0
702942930457151702,0.0,0.0,0.0,0.0,0.0
703042930532533001,0.0,0.0,0.0,0.0,0.0
703242930461794801,0.0,0.0,0.0,0.0,0.0
703242930527544401,0.0,0.0,0.0,0.0,0.0
703342930472057401,0.0,0.0,0.0,0.0,0.0
703342930542327302,0.0,0.0,0.0,0.0,0.0
703542930447435902,0.0,0.0,0.0,0.0,0.0
703542930529683202,0.0,0.0,0.0,0.0,0.0
703642929467003402,0.0,0.0,0.0,0.0,0.0
703742929341560901,0.0,0.0,0.0,0.0,0.0
703842930465284901,30.0,120.76615084947517,120.76615084947517,15.64228630065918,120.76615084947517
703942930456878301,0.0,0.0,0.0,0.0,0.0
704042930480086002,0.0,0.0,0.0,0.0,0.0
704042930516438602,0.0,0.0,0.0,0.0,0.0
704142929091942401,0.0,0.0,0.0,0.0,0.0
704342930462932901,0.0,0.0,0.0,0.0,0.0
704342930464054902,0.0,0.0,0.0,0.0,0.0
704442930446654802,0.0,0.0,0.0,0.0,0.0
704542930546364601,0.0,0.0,0.0,0.0,0.0
704842930473832701,0.0,0.0,0.0,0.0,0.0
704842930518386102,0.0,0.0,0.0,0.0,0.0
704842930543354302,0.0,0.0,0.0,0.0,0.0
704942930550367501,0.0,0.0,0.0,0.0,0.0
705042930517986502,0.0,0.0,0.0,0.0,0.0
705042930520388601,0.0,0.0,0.0,0.0,0.0
705042930542945301,0.0,0.0,0.0,0.0,0.0
705142930446317302,0.0,0.0,0.0,0.0,0.0
705142930511073702,0.0,0.0,0.0,0.0,0.0
705142930518615901,0.0,0.0,0.0,0.0,0.0
705342928043798601,0.0,0.0,0.0,0.0,0.0
705342929013067401,0.0,0.0,0.0,0.0,0.0
705342930474395702,0.0,0.0,0.0,0.0,0.0
705542930478356501,0.0,0.0,0.0,0.0,0.0
705542930543915002,0.0,0.0,0.0,0.0,0.0
705642930467932701,0.0,0.0,0.0,0.0,0.0
705642930523995501,0.0,0.0,0.0,0.0,0.0
705842930446977101,0.0,0.0,0.0,0.0,0.0
705842930539803201,0.0,0.0,0.0,0.0,0.0
706142929047821502,0.0,0.0,0.0,0.0,0.0
706342930476820301,0.0,0.0,0.0,0.0,0.0
706542930549790602,0.0,0.0,0.0,0.0,0.0
706642929449864401,0.0,0.0,0.0,0.0,0.0
706742930461573101,4.852941036224365,18.59361300022482,299.87529976019187,75.3090591430664,1264.3656493994258
706742930509540002,0.0,0.0,0.0,0.0,0.0
706842930534709802,0.0,0.0,0.0,0.0,0.0
706942930524806002,0.0,0.0,0.0,0.0,0.0
707242930509951101,1.0,3.4089186941623395,3.408979841172877,0.4179857075214386,3.4089186941623395
707242930533645202,3.617021322250366,6.981600427804388,290.8714462299135,82.97077178955078,656.2704583160368
707342928043758401,0.0,0.0,0.0,0.0,0.0
707342930464718201,0.0,0.0,0.0,0.0,0.0
707442930447015301,0.0,0.0,0.0,0.0,0.0
707542930534451302,0.0,0.0,0.0,0.0,0.0
707642930519538401,0.0,0.0,0.0,0.0,0.0
707642930544005001,0.0,0.0,0.0,0.0,0.0
707742930524510001,0.0,0.0,0.0,0.0,0.0
707842930455442102,0.0,0.0,0.0,0.0,0.0
707842930524286802,2.4375,5.906467405447605,103.22158223455934,12.204216003417969,189.00695632098038
707842930543553902,0.0,0.0,0.0,0.0,0.0
708242930527684101,0.0,0.0,0.0,0.0,0.0
708242930532709102,6.125,25.326893610585017,86.81481481481481,13.064835548400879,202.6151527892861
708342930456371102,0.0,0.0,0.0,0.0,0.0
708442930518563602,0.0,0.0,0.0,0.0,0.0
708542929644415901,0.0,0.0,0.0,0.0,0.0
708642930508236301,47.57143020629883,0.35995599954280033,2.519917864476386,0.12424123287200928,2.5196919451014463
708742930529787502,0.0,0.0,0.0,0.0,0.0
708942930545115602,0.0,0.0,0.0,0.0,0.0
709142930454722902,6.018181800842285,10.345118091831889,214.0008310578179,50.317569732666016,568.9815031756107
709142930529107902,0.0,0.0,0.0,0.0,0.0
709342930462657202,0.0,0.0,0.0,0.0,0.0
709342930463189902,15.0,0.43431053203040176,0.43431053203040176,0.05001406744122505,0.43431053203040176
709342930523776902,0.0,0.0,0.0,0.0,0.0
709342930543115601,0.0,0.0,0.0,0.0,0.0
709442929476579602,3.4571428298950195,13.654112803507195,162.70071942446043,41.75298309326172,477.8939687605384
709442930480607601,0.0,0.0,0.0,0.0,0.0
709542928119272102,0.0,0.0,0.0,0.0,0.0
709542930527752701,0.0,0.0,0.0,0.0,0.0
709742929321275401,0.0,0.0,0.0,0.0,0.0
709742930463751901,0.0,0.0,0.0,0.0,0.0
709842930457914302,0.0,0.0,0.0,0.0,0.0
711142928043716701,3.5,23.21214740044248,34.0591814159292,4.160714626312256,46.42429696142146
711142928623619902,0.0,0.0,0.0,0.0,0.0
711142930529725002,0.0,0.0,0.0,0.0,0.0
711542930534089201,0.0,0.0,0.0,0.0,0.0
711842930537906902,0.0,0.0,0.0,0.0,0.0
711942930467776401,0.0,0.0,0.0,0.0,0.0
711942930530934902,0.0,0.0,0.0,0.0,0.0
712142930518571101,0.0,0.0,0.0,0.0,0.0
712142930547855301,4.25,98.95294225146199,735.7485380116959,36.76102066040039,1187.4353400796479
712342930544714301,0.0,0.0,0.0,0.0,0.0
712442930521584402,0.0,0.0,0.0,0.0,0.0
712542930529577101,0.0,0.0,0.0,0.0,0.0
712542930531904702,0.0,0.0,0.0,0.0,0.0
712542930547080001,0.0,0.0,0.0,0.0,0.0
712942929303552002,0.0,0.0,0.0,0.0,0.0
712942930459172101,0.0,0.0,0.0,0.0,0.0
713042930460573101,0.0,0.0,0.0,0.0,0.0
713042930547421102,0.0,0.0,0.0,0.0,0.0
713342930479106802,0.0,0.0,0.0,0.0,0.0
713342930515708601,0.0,0.0,0.0,0.0,0.0
713542930457938602,0.0,0.0,0.0,0.0,0.0
713542930543641801,0.0,0.0,0.0,0.0,0.0
713642930520847002,3.0168068408966064,6.320705644176275,191.54773304670707,90.1890640258789,752.1639541210736
713842928716168701,0.0,0.0,0.0,0.0,0.0
713842930455618501,0.0,0.0,0.0,0.0,0.0
713842930546729101,0.0,0.0,0.0,0.0,0.0
714042930508735101,0.0,0.0,0.0,0.0,0.0
714242930509730002,0.0,0.0,0.0,0.0,0.0
714242930519201201,0.0,0.0,0.0,0.0,0.0
714342930474663402,0.0,0.0,0.0,0.0,0.0
714442930532459401,0.0,0.0,0.0,0.0,0.0
714542930476876001,2.4461538791656494,5.139987244897959,66.60060718502277,51.73746871948242,334.0991697036349
714542930509917201,0.0,0.0,0.0,0.0,0.0
714642928243104701,0.0,0.0,0.0,0.0,0.0
714742930546759701,0.0,0.0,0.0,0.0,0.0
715042930457003501,0.0,0.0,0.0,0.0,0.0
715042930476333602,0.0,0.0,0.0,0.0,0.0
715042930526729701,3.5641026496887207,10.405399119875224,183.04563279857396,30.77771759033203,405.81055272522246
715242930535188001,0.0,0.0,0.0,0.0,0.0
715242930541662702,0.0,0.0,0.0,0.0,0.0
715342930530796402,241.0,1.2428425124488185,1.2428345986522222,0.1660201996564865,1.2428425124488185
715542930516326301,0.0,0.0,0.0,0.0,0.0
715642930458588702,0.0,0.0,0.0,0.0,0.0
715842930453973101,0.0,0.0,0.0,0.0,0.0
715942930462479201,5.222222328186035,10.334367081925675,56.414092664092664,12.018411636352539,93.00930797915662
715942930517913801,0.0,0.0,0.0,0.0,0.0
716042930452054202,4.318181991577148,15.248165696292777,223.31254752851711,70.27372741699219,670.9193195531577
716142930474628101,0.0,0.0,0.0,0.0,0.0
716242930455354902,0.0,0.0,0.0,0.0,0.0
716342930453440202,0.0,0.0,0.0,0.0,0.0
716342930547575302,0.0,0.0,0.0,0.0,0.0
716342930548795201,0.0,0.0,0.0,0.0,0.0
716542930524372901,0.0,0.0,0.0,0.0,0.0
716542930538702501,0.0,0.0,0.0,0.0,0.0
716842930527589702,0.0,0.0,0.0,0.0,0.0
716942930510570001,0.0,0.0,0.0,0.0,0.0
716942930548060802,0.0,0.0,0.0,0.0,0.0
717042930524936602,0.0,0.0,0.0,0.0,0.0
717142930142250702,0.0,0.0,0.0,0.0,0.0
717142930448680702,0.0,0.0,0.0,0.0,0.0
717342930462710901,3.3333332538604736,132.14587069137278,374.9511854951185,21.224349975585938,396.4376151872883
717342930516923801,0.0,0.0,0.0,0.0,0.0
717442930526366001,0.0,0.0,0.0,0.0,0.0
717642929528798602,0.0,0.0,0.0,0.0,0.0
717642930474342302,5.909090995788574,24.043758470184947,177.59821428571428,24.54837417602539,264.48133959089006
717942929704056301,0.0,0.0,0.0,0.0,0.0
717942930545697601,5.037735939025879,14.914965600493755,146.00580888759802,63.870391845703125,790.4931742557079
718042930542624402,0.0,0.0,0.0,0.0,0.0
718042930542813302,4.111111164093018,17.8909665779148,181.32399103139014,30.302452087402344,483.05608775049046
718242930547462902,0.0,0.0,0.0,0.0,0.0
718442930464314901,0.0,0.0,0.0,0.0,0.0
718942930448650001,0.0,0.0,0.0,0.0,0.0
719042930517652301,0.0,0.0,0.0,0.0,0.0
719042930532077502,3.8433735370635986,11.770091716580453,173.41001905799075,85.0184326171875,976.917571796113
719042930546226002,0.0,0.0,0.0,0.0,0.0
719142930508420101,0.0,0.0,0.0,0.0,0.0
719142930528578601,0.0,0.0,0.0,0.0,0.0
719342929575458001,1.90625,14.182810582037643,90.73731587561375,97.75389099121094,907.6999179415538
719642930457602102,0.0,0.0,0.0,0.0,0.0
719642930515572502,0.0,0.0,0.0,0.0,0.0
719642930522915302,4.0,13.265248483547529,190.24662087303346,116.78047180175781,1021.4241068066817
719642930529291802,0.0,0.0,0.0,0.0,0.0
719742930478003601,0.0,0.0,0.0,0.0,0.0
721342930461532101,0.0,0.0,0.0,0.0,0.0
721342930476968801,0.0,0.0,0.0,0.0,0.0
721642930525564601,0.0,0.0,0.0,0.0,0.0
721742930464967901,0.0,0.0,0.0,0.0,0.0
721942929155598201,0.0,0.0,0.0,0.0,0.0
721942930537211101,0.0,0.0,0.0,0.0,0.0
722042930460960701,0.0,0.0,0.0,0.0,0.0
722042930532045801,0.0,0.0,0.0,0.0,0.0
722042930545968602,0.0,0.0,0.0,0.0,0.0
722242930463139302,0.0,0.0,0.0,0.0,0.0
722542930531607802,0.0,0.0,0.0,0.0,0.0
722742929861282501,0.0,0.0,0.0,0.0,0.0
722742930508588502,0.0,0.0,0.0,0.0,0.0
722842930456337501,0.0,0.0,0.0,0.0,0.0
722942930518085401,0.0,0.0,0.0,0.0,0.0
723042930142431802,0.0,0.0,0.0,0.0,0.0
723142929505807502,0.0,0.0,0.0,0.0,0.0
723342930479511702,0.0,0.0,0.0,0.0,0.0
723342930519547602,0.0,0.0,0.0,0.0,0.0
723342930522941101,0.0,0.0,0.0,0.0,0.0
723342930548142402,0.0,0.0,0.0,0.0,0.0
723442930454249601,0.0,0.0,0.0,0.0,0.0
723442930529973901,0.0,0.0,0.0,0.0,0.0
723642930526466502,0.0,0.0,0.0,0.0,0.0
723742930543772201,0.0,0.0,0.0,0.0,0.0
723942928577741801,0.0,0.0,0.0,0.0,0.0
724042930455904601,0.0,0.0,0.0,0.0,0.0
724142930534294101,0.0,0.0,0.0,0.0,0.0
724142930536224301,0.0,0.0,0.0,0.0,0.0
724242928955424601,0.0,0.0,0.0,0.0,0.0
724242929621924102,0.0,0.0,0.0,0.0,0.0
724242930452538101,0.0,0.0,0.0,0.0,0.0
724242930460547301,2.461538553237915,5.757659890723546,50.48843728100911,7.8720245361328125,74.84957861950453
724342930479595301,0.0,0.0,0.0,0.0,0.0
724542930470416402,1.1882352828979492,9.91099497765548,274.54909587453966,96.92390441894531,842.4345780001747
724542930518199302,0.0,0.0,0.0,0.0,0.0
724542930543143101,0.0,0.0,0.0,0.0,0.0
724642930518447602,0.0,0.0,0.0,0.0,0.0
724742930510510502,11.733333587646484,22.391731031013258,252.77651515151516,60.93100357055664,671.7519286322323
724742930541235102,0.0,0.0,0.0,0.0,0.0
724842930543942001,0.0,0.0,0.0,0.0,0.0
724942929331638002,0.0,0.0,0.0,0.0,0.0
725042930477408302,0.0,0.0,0.0,0.0,0.0
725142930454394001,0.0,0.0,0.0,0.0,0.0
725142930518660101,0.0,0.0,0.0,0.0,0.0
725442930528155802,0.0,0.0,0.0,0.0,0.0
725542929230123302,0.0,0.0,0.0,0.0,0.0
725542930523879402,3.7142856121063232,10.614856896033654,84.78557692307692,26.840106964111328,297.2159982607915
725642930527444301,0.0,0.0,0.0,0.0,0.0
725842930474771402,0.0,0.0,0.0,0.0,0.0
726042927901222702,0.0,0.0,0.0,0.0,0.0
726042927945167401,0.0,0.0,0.0,0.0,0.0
726042930525993201,0.0,0.0,0.0,0.0,0.0
726042930548509302,0.0,0.0,0.0,0.0,0.0
726142930466752102,0.0,0.0,0.0,0.0,0.0
726342929331582102,0.0,0.0,0.0,0.0,0.0
726342930479757802,0.0,0.0,0.0,0.0,0.0
726442930511203801,0.0,0.0,0.0,0.0,0.0
726542930527959101,3.642857074737549,6.400088915931583,60.561101549053355,10.992637634277344,89.60124717604067
726542930530133101,0.0,0.0,0.0,0.0,0.0
726642930537169902,0.0,0.0,0.0,0.0,0.0
726742930335253302,1.923076868057251,13.337776850728156,82.0219963592233,9.069944381713867,173.39110468892218
726742930446891001,0.0,0.0,0.0,0.0,0.0
726942930544834401,0.0,0.0,0.0,0.0,0.0
727142930454666401,0.0,0.0,0.0,0.0,0.0
727142930516918701,0.0,0.0,0.0,0.0,0.0
727542928577623102,0.0,0.0,0.0,0.0,0.0
727542930509628102,3.4639174938201904,5.923745577548289,145.46366418053165,70.30364990234375,574.603324520996
727542930526079601,0.0,0.0,0.0,0.0,0.0
727642930520165201,0.0,0.0,0.0,0.0,0.0
727642930524987001,0.0,0.0,0.0,0.0,0.0
727642930544262202,0.0,0.0,0.0,0.0,0.0
727742930458207302,5.407407283782959,24.85889862804878,225.80836236933797,33.286617279052734,671.1902762290077
727942930478773002,6.8947367668151855,37.48695505401235,209.76131687242798,60.59447479248047,712.2521134992686
728042930518785901,0.0,0.0,0.0,0.0,0.0
728142930541764201,0.0,0.0,0.0,0.0,0.0
728242930448434602,0.0,0.0,0.0,0.0,0.0
728242930519752501,0.0,0.0,0.0,0.0,0.0
728442930520123101,0.0,0.0,0.0,0.0,0.0
728442930529061501,0.0,0.0,0.0,0.0,0.0
728442930545119902,0.0,0.0,0.0,0.0,0.0
728542930522298301,0.0,0.0,0.0,0.0,0.0
728642930529333901,0.0,0.0,0.0,0.0,0.0
728742930522733101,0.0,0.0,0.0,0.0,0.0
728742930525038602,3.200000047683716,12.149392769031955,53.186466165413535,10.963253021240234,60.74696311090226
728842930460376401,0.0,0.0,0.0,0.0,0.0
728842930549897002,0.0,0.0,0.0,0.0,0.0
728942930459500901,0.0,0.0,0.0,0.0,0.0
728942930508830501,0.0,0.0,0.0,0.0,0.0
728942930523743302,0.0,0.0,0.0,0.0,0.0
729442928202993902,0.0,0.0,0.0,0.0,0.0
729642930509316501,0.0,0.0,0.0,0.0,0.0
729742930473396301,7.0,8.911837521114865,8.911711711711712,0.524655818939209,8.911837521114865
729842928664038701,0.0,0.0,0.0,0.0,0.0
729942930528741801,0.0,0.0,0.0,0.0,0.0
729942930531735002,0.0,0.0,0.0,0.0,0.0
729942930538749302,0.0,0.0,0.0,0.0,0.0
731342930509055901,0.0,0.0,0.0,0.0,0.0
731342930529588602,0.0,0.0,0.0,0.0,0.0
731542929861231001,0.0,0.0,0.0,0.0,0.0
731642930474993502,0.0,0.0,0.0,0.0,0.0
731842930529884101,0.0,0.0,0.0,0.0,0.0
732242930455101101,0.0,0.0,0.0,0.0,0.0
732342930527132002,0.0,0.0,0.0,0.0,0.0
732442930462972101,0.0,0.0,0.0,0.0,0.0
732542930475142002,0.0,0.0,0.0,0.0,0.0
732642930509335302,0.0,0.0,0.0,0.0,0.0
732742930531854702,2.6666667461395264,14.5294920842147,92.3146483342147,22.924989700317383,217.94238468454603
732942930460657301,0.0,0.0,0.0,0.0,0.0
733042930527487301,0.0,0.0,0.0,0.0,0.0
733342930510619002,0.0,0.0,0.0,0.0,0.0
733542929012617102,0.0,0.0,0.0,0.0,0.0
733642930466511702,0.0,0.0,0.0,0.0,0.0
733642930507971802,0.0,0.0,0.0,0.0,0.0
733742930515525102,0.0,0.0,0.0,0.0,0.0
733742930546339002,0.0,0.0,0.0,0.0,0.0
733842929800091802,0.0,0.0,0.0,0.0,0.0
734242930457519401,0.0,0.0,0.0,0.0,0.0
734342930549901602,1.5,21.127158090724443,126.76235612728503,16.30555534362793,126.76294986670617
734442930534817002,0.0,0.0,0.0,0.0,0.0
734742930076008601,0.0,0.0,0.0,0.0,0.0
734742930543673001,0.0,0.0,0.0,0.0,0.0
734842930479746102,0.0,0.0,0.0,0.0,0.0
734942930518880301,0.0,0.0,0.0,0.0,0.0
735042930545828002,0.0,0.0,0.0,0.0,0.0
735142930522300602,0.0,0.0,0.0,0.0,0.0
735142930522899001,0.0,0.0,0.0,0.0,0.0
735342930472325001,0.0,0.0,0.0,0.0,0.0
735342930520929801,0.0,0.0,0.0,0.0,0.0
735442929800456501,0.0,0.0,0.0,0.0,0.0
735442930475264201,0.0,0.0,0.0,0.0,0.0
735542930460016202,0.0,0.0,0.0,0.0,0.0
735642928015149902,2.9787232875823975,62.35147538879108,278.36619718309856,143.78500366210938,2930.5194251548514
735742930524567701,0.0,0.0,0.0,0.0,0.0
735742930533007802,0.0,0.0,0.0,0.0,0.0
735942930521494601,0.0,0.0,0.0,0.0,0.0
736042930543201701,0.0,0.0,0.0,0.0,0.0
736142928096645402,0.0,0.0,0.0,0.0,0.0
736142930467949601,0.0,0.0,0.0,0.0,0.0
736242930538538202,0.0,0.0,0.0,0.0,0.0
736342930518400701,0.0,0.0,0.0,0.0,0.0
736442930477504102,0.0,0.0,0.0,0.0,0.0
736442930515792202,1.6692308187484741,10.054551947551523,167.46573894662674,128.9593963623047,1307.0917638322092
736442930549875302,0.0,0.0,0.0,0.0,0.0
736642930446691002,0.0,0.0,0.0,0.0,0.0
736742930546638901,0.0,0.0,0.0,0.0,0.0
736942930542401802,0.0,0.0,0.0,0.0,0.0
737142930543350701,0.0,0.0,0.0,0.0,0.0
737142930549156801,0.0,0.0,0.0,0.0,0.0
737242928633983801,0.0,0.0,0.0,0.0,0.0
737542929476623601,0.0,0.0,0.0,0.0,0.0
737542930531384801,0.0,0.0,0.0,0.0,0.0
737742930453612901,0.0,0.0,0.0,0.0,0.0
737742930526022401,0.0,0.0,0.0,0.0,0.0
737942930097616401,0.0,0.0,0.0,0.0,0.0
738042930527178102,2.8709676265716553,10.797822014466718,241.74659606656581,75.98653411865234,669.4649787879748
738142930451961401,0.0,0.0,0.0,0.0,0.0
738142930533054302,0.0,0.0,0.0,0.0,0.0
738242930540616501,0.0,0.0,0.0,0.0,0.0
738242930543621201,5.181818008422852,7.10539311442293,41.21939320018296,23.121150970458984,156.3186500061938
738342930473904902,0.0,0.0,0.0,0.0,0.0
738442930524781601,2.8888888359069824,8.136817441684338,165.80878521660102,41.26860809326172,292.92542863653415
738542930474153702,0.0,0.0,0.0,0.0,0.0
738642930477169202,0.0,0.0,0.0,0.0,0.0
738642930527516801,0.0,0.0,0.0,0.0,0.0
738742930544018201,0.0,0.0,0.0,0.0,0.0
738842930544021902,0.0,0.0,0.0,0.0,0.0
739042930473663702,0.0,0.0,0.0,0.0,0.0
739142930525380301,0.0,0.0,0.0,0.0,0.0
739242928653524301,0.0,0.0,0.0,0.0,0.0
739242930475291601,0.0,0.0,0.0,0.0,0.0
739242930521845301,3.2580645084381104,18.47222988337536,378.06340057636885,31.874563217163086,572.639107205167
739342930534811301,0.0,0.0,0.0,0.0,0.0
739542930518662002,0.0,0.0,0.0,0.0,0.0
739842930528586602,0.0,0.0,0.0,0.0,0.0
739942930474247801,0.0,0.0,0.0,0.0,0.0
739942930475675602,0.0,0.0,0.0,0.0,0.0
739942930509665302,0.0,0.0,0.0,0.0,0.0
741142930450133202,0.0,0.0,0.0,0.0,0.0
741242930464967602,0.0,0.0,0.0,0.0,0.0
741342930471659901,0.0,0.0,0.0,0.0,0.0
741342930507683502,0.0,0.0,0.0,0.0,0.0
741542930473974002,0.0,0.0,0.0,0.0,0.0
741642930526223702,0.0,0.0,0.0,0.0,0.0
741642930532255502,0.0,0.0,0.0,0.0,0.0
741842930534899702,0.0,0.0,0.0,0.0,0.0
741942930460427001,0.0,0.0,0.0,0.0,0.0
742142927988856202,0.0,0.0,0.0,0.0,0.0
742342930453758302,0.0,0.0,0.0,0.0,0.0
742542930471723202,0.0,0.0,0.0,0.0,0.0
742742930471636501,0.0,0.0,0.0,0.0,0.0
742742930510071001,0.0,0.0,0.0,0.0,0.0
742942930184370202,0.0,0.0,0.0,0.0,0.0
742942930465440001,0.0,0.0,0.0,0.0,0.0
743142930464727701,0.0,0.0,0.0,0.0,0.0
743242930536606001,0.0,0.0,0.0,0.0,0.0
743442930541434601,0.0,0.0,0.0,0.0,0.0
743542930524091302,0.0,0.0,0.0,0.0,0.0
743542930544765102,0.0,0.0,0.0,0.0,0.0
743542930547574501,0.0,0.0,0.0,0.0,0.0
743842930456424802,0.0,0.0,0.0,0.0,0.0
743942930479775402,0.0,0.0,0.0,0.0,0.0
743942930522308902,0.0,0.0,0.0,0.0,0.0
744042929543889402,0.0,0.0,0.0,0.0,0.0
744042930532707001,0.0,0.0,0.0,0.0,0.0
744142930521176202,0.0,0.0,0.0,0.0,0.0
744142930534687902,0.0,0.0,0.0,0.0,0.0
744642930462634201,0.0,0.0,0.0,0.0,0.0
744742930475299301,0.0,0.0,0.0,0.0,0.0
744842929800342902,0.0,0.0,0.0,0.0,0.0
744942930472424402,0.0,0.0,0.0,0.0,0.0
745042930456188002,0.0,0.0,0.0,0.0,0.0
745042930478192601,0.0,0.0,0.0,0.0,0.0
745242930526604202,0.0,0.0,0.0,0.0,0.0
745342930451956402,0.0,0.0,0.0,0.0,0.0
745442930200242001,3.5714285373687744,11.6072053305841,148.03136830719308,48.885223388671875,568.7530735834926
745642928091208001,0.0,0.0,0.0,0.0,0.0
745642930454699602,0.0,0.0,0.0,0.0,0.0
745842930461008802,0.0,0.0,0.0,0.0,0.0
745842930543313301,0.0,0.0,0.0,0.0,0.0
746042930142328302,0.0,0.0,0.0,0.0,0.0
746042930476625101,5.833333492279053,16.17013528058195,58.49406175771971,11.327881813049316,97.02080878395932
746142930460295001,3.2242989540100098,5.212630246596141,120.54246253305907,60.910858154296875,557.7514496611876
746142930524520202,0.0,0.0,0.0,0.0,0.0
746242930463776001,0.0,0.0,0.0,0.0,0.0
746342930457665402,0.0,0.0,0.0,0.0,0.0
746342930463878801,0.0,0.0,0.0,0.0,0.0
746642927966216502,0.0,0.0,0.0,0.0,0.0
746742929372946401,0.0,0.0,0.0,0.0,0.0
746742930469050901,0.0,0.0,0.0,0.0,0.0
746742930477841502,3.857142925262451,23.86412689651268,100.10054347826087,8.98792839050293,167.04888694873753
746742930530543702,0.0,0.0,0.0,0.0,0.0
746742930543821902,0.0,0.0,0.0,0.0,0.0
747042930524642501,0.0,0.0,0.0,0.0,0.0
747242930477155201,0.0,0.0,0.0,0.0,0.0
747442930467088501,4.181818008422852,6.968114621469665,36.459902370990235,5.500170707702637,76.64926174062731
747742930541866701,0.0,0.0,0.0,0.0,0.0
748042930531543202,0.0,0.0,0.0,0.0,0.0
748242930454229802,0.0,0.0,0.0,0.0,0.0
748242930518778501,0.0,0.0,0.0,0.0,0.0
748342928967256601,0.0,0.0,0.0,0.0,0.0
748342930464625102,0.0,0.0,0.0,0.0,0.0
748342930546884901,0.0,0.0,0.0,0.0,0.0
748542930454194802,0.0,0.0,0.0,0.0,0.0
748542930459519002,0.0,0.0,0.0,0.0,0.0
748542930509083001,0.0,0.0,0.0,0.0,0.0
748542930524919801,0.0,0.0,0.0,0.0,0.0
748942928979759201,0.0,0.0,0.0,0.0,0.0
748942930524024102,0.0,0.0,0.0,0.0,0.0
748942930528259001,0.0,0.0,0.0,0.0,0.0
749042930535188201,0.0,0.0,0.0,0.0,0.0
749142930533508002,0.0,0.0,0.0,0.0,0.0
749142930545493601,0.0,0.0,0.0,0.0,0.0
749342928043475002,0.0,0.0,0.0,0.0,0.0
751142930473745402,0.0,0.0,0.0,0.0,0.0
751142930535995802,0.0,0.0,0.0,0.0,0.0
751242930462920302,0.0,0.0,0.0,0.0,0.0
751242930540585502,0.0,0.0,0.0,0.0,0.0
751342930468117401,0.0,0.0,0.0,0.0,0.0
751542930516435202,0.0,0.0,0.0,0.0,0.0
751542930536437302,0.0,0.0,0.0,0.0,0.0
751742930473859501,0.0,0.0,0.0,0.0,0.0
751842930476377802,0.0,0.0,0.0,0.0,0.0
752042930469315501,0.0,0.0,0.0,0.0,0.0
752142930526027902,0.0,0.0,0.0,0.0,0.0
752442930525788701,0.0,0.0,0.0,0.0,0.0
752842930473388502,0.0,7.06869378101737,0.0,64.3006820678711,600.8389783059397
753142930528832802,0.0,0.0,0.0,0.0,0.0
753242927904948402,0.0,0.0,0.0,0.0,0.0
753242930475495502,0.0,0.0,0.0,0.0,0.0
753242930525301802,0.0,0.0,0.0,0.0,0.0
753342930458410102,3.6382977962493896,13.870548277643204,235.48731832430892,51.438316345214844,651.9157595086825
753342930517172002,0.0,0.0,0.0,0.0,0.0
753442930458177702,0.0,0.0,0.0,0.0,0.0
753442930546984902,0.0,0.0,0.0,0.0,0.0
753742930508107502,0.0,0.0,0.0,0.0,0.0
753842929284173502,0.0,0.0,0.0,0.0,0.0
753942930458126802,0.0,0.0,0.0,0.0,0.0
754042930474411501,0.0,0.0,0.0,0.0,0.0
754142930510380702,0.0,0.0,0.0,0.0,0.0
754242930539056601,3.545454502105713,11.417290609137055,143.75905245346868,27.112184524536133,251.18038554441708
754242930546328902,0.0,0.0,0.0,0.0,0.0
754342930508346001,0.0,0.0,0.0,0.0,0.0
754542930450506301,0.0,0.0,0.0,0.0,0.0
754542930521328001,0.0,0.0,0.0,0.0,0.0
754542930534566901,0.0,0.0,0.0,0.0,0.0
754642930411668402,0.0,0.0,0.0,0.0,0.0
754642930448728702,0.0,0.0,0.0,0.0,0.0
754642930468904202,0.0,0.0,0.0,0.0,0.0
754742930509141001,0.0,0.0,0.0,0.0,0.0
754742930519092101,0.0,0.0,0.0,0.0,0.0
754842929194568002,0.0,0.0,0.0,0.0,0.0
754842930531037201,0.0,0.0,0.0,0.0,0.0
754942929091873102,0.0,0.0,0.0,0.0,0.0
754942930510146201,0.0,0.0,0.0,0.0,0.0
754942930519302201,3.805555582046509,9.1499267578125,171.5146551724138,93.3755874633789,658.794732939786
754942930537316102,0.0,0.0,0.0,0.0,0.0
755042930463252802,0.0,0.0,0.0,0.0,0.0
755142930525235801,0.0,0.0,0.0,0.0,0.0
755342930469345301,0.0,0.0,0.0,0.0,0.0
755342930538800701,0.0,0.0,0.0,0.0,0.0
755442930475572701,0.0,0.0,0.0,0.0,0.0
755542930526175202,0.0,0.0,0.0,0.0,0.0
755642930446488302,0.0,0.0,0.0,0.0,0.0
755842930447690702,0.0,0.0,0.0,0.0,0.0
756242930458599801,0.0,0.0,0.0,0.0,0.0
756442928726364102,4.199999809265137,10.547645830064335,120.25830848893771,65.81838989257812,685.5970038394398
756642930480195101,0.0,0.0,0.0,0.0,0.0
756742930543284001,0.0,0.0,0.0,0.0,0.0
756942930532631301,0.0,0.0,0.0,0.0,0.0
757042930456484001,0.0,0.0,0.0,0.0,0.0
757042930526438702,0.0,0.0,0.0,0.0,0.0
757142930515607701,0.0,0.0,0.0,0.0,0.0
757442930466583202,0.0,0.0,0.0,0.0,0.0
757542930529923202,0.0,0.0,0.0,0.0,0.0
757742928757969001,0.0,0.0,0.0,0.0,0.0
757842928258270602,0.0,0.0,0.0,0.0,0.0
758042928602853002,4.300000190734863,9.124117150928905,38.10532475131656,8.578655242919922,91.24117115214946
758042930474086402,0.0,0.0,0.0,0.0,0.0
758142930530827302,0.0,0.0,0.0,0.0,0.0
758242930159219901,0.0,0.0,0.0,0.0,0.0
758242930459609201,4.0,14.295466747059601,49.086229681511824,5.475394248962402,57.1818659557949
758242930524619902,0.0,0.0,0.0,0.0,0.0
758342930532955101,1.0,14.49693883055236,14.497123130034522,1.4379909038543701,14.49693883055236
758542930538871101,0.0,0.0,0.0,0.0,0.0
758742930509973401,0.0,0.0,0.0,0.0,0.0
758842930516754702,0.0,0.0,0.0,0.0,0.0
759142930517837001,0.0,0.0,0.0,0.0,0.0
759442928967092902,0.0,0.0,0.0,0.0,0.0
759442930475081701,0.0,0.0,0.0,0.0,0.0
759742930475779602,0.0,0.0,0.0,0.0,0.0
759742930518516101,0.0,0.0,0.0,0.0,0.0
759742930531826402,4.0625,8.698994038483402,79.01477944520236,39.3052864074707,278.3678038607082
759842930342859001,0.0,0.0,0.0,0.0,0.0
761142930529910401,0.0,0.0,0.0,0.0,0.0
761342929839451902,0.0,0.0,0.0,0.0,0.0
761342930534268601,0.0,0.0,0.0,0.0,0.0
761442929901274502,0.0,0.0,0.0,0.0,0.0
761442930456868501,0.0,0.0,0.0,0.0,0.0
761442930509005001,0.0,0.0,0.0,0.0,0.0
761642929372779502,0.0,0.0,0.0,0.0,0.0
761742928878266802,6.222222328186035,18.650509856468023,112.5360465116279,42.0556640625,335.7091741184856
761742930516272301,0.0,0.0,0.0,0.0,0.0
761842930539848401,0.0,0.0,0.0,0.0,0.0
762142930519940701,0.0,0.0,0.0,0.0,0.0
762242929309570201,0.0,0.0,0.0,0.0,0.0
762242930460430702,0.4736842215061188,10.47073422571656,52.92144373673036,53.5460205078125,596.8318351304233
762242930536443802,0.0,0.0,0.0,0.0,0.0
762442930475939001,0.0,0.0,0.0,0.0,0.0
762742930459418802,3.805555582046509,6.697656785050387,74.55415321397123,30.056276321411133,241.1156452530903
762742930459632601,0.0,0.0,0.0,0.0,0.0
762942930455609302,0.0,0.0,0.0,0.0,0.0
762942930549462102,0.0,0.0,0.0,0.0,0.0
763342930012331001,0.0,0.0,0.0,0.0,0.0
763442930459100501,0.0,0.0,0.0,0.0,0.0
763442930520624602,0.0,0.0,0.0,0.0,0.0
763742930468785601,0.0,0.0,0.0,0.0,0.0
763742930522540202,2.0,6.5933376781426185,8.661307162246816,2.3649790287017822,13.186675356285237
763742930549198901,0.0,0.0,0.0,0.0,0.0
763942928739548802,4.513157844543457,10.875803489439853,175.97826752372208,84.69361877441406,826.5610612087524
763942930527556701,0.0,0.0,0.0,0.0,0.0
764142930542767902,0.0,0.0,0.0,0.0,0.0
764242930531902702,0.0,0.0,0.0,0.0,0.0
764342929735780202,0.0,0.0,0.0,0.0,0.0
764642930543133502,0.0,0.0,0.0,0.0,0.0
764742930550657701,0.0,0.0,0.0,0.0,0.0
764842930458088902,4.7272725105285645,6.128527917395105,37.39300699300699,15.446619987487793,134.82760766102717
764842930524609801,0.0,0.0,0.0,0.0,0.0
764942930451690902,0.0,0.0,0.0,0.0,0.0
764942930476892201,0.0,0.0,0.0,0.0,0.0
765242928990481001,0.0,0.0,0.0,0.0,0.0
765342930451224102,0.0,0.0,0.0,0.0,0.0
765342930532594302,0.0,0.0,0.0,0.0,0.0
765442930450956601,0.0,0.0,0.0,0.0,0.0
765442930461657301,0.0,0.0,0.0,0.0,0.0
765542930544129601,0.0,0.0,0.0,0.0,0.0
765642929456721202,0.0,0.0,0.0,0.0,0.0
765642930541715502,0.0,0.0,0.0,0.0,0.0
765742930454226601,0.0,0.0,0.0,0.0,0.0
765742930468090501,0.0,0.0,0.0,0.0,0.0
765942930479079402,0.0,0.0,0.0,0.0,0.0
766042930526573601,0.0,0.0,0.0,0.0,0.0
766242930524092001,0.0,0.0,0.0,0.0,0.0
766442930461358101,0.0,0.0,0.0,0.0,0.0
766442930542604801,0.0,0.0,0.0,0.0,0.0
766542927975285601,0.0,0.0,0.0,0.0,0.0
766542930525683902,0.0,0.0,0.0,0.0,0.0
766542930544795501,0.0,0.0,0.0,0.0,0.0
766642929456991301,0.0,0.0,0.0,0.0,0.0
766642930533177401,0.0,0.0,0.0,0.0,0.0
766842930480172401,0.0,0.0,0.0,0.0,0.0
766842930546929202,1.384615421295166,7.562601284065465,110.55180177394016,82.66681671142578,688.1967465505824
766942930532052102,0.0,0.0,0.0,0.0,0.0
766942930533452502,0.0,0.0,0.0,0.0,0.0
767042928789923501,0.0,0.0,0.0,0.0,0.0
767142930545023602,0.0,0.0,0.0,0.0,0.0
767342930474126302,0.0,0.0,0.0,0.0,0.0
767742930527127401,0.0,0.0,0.0,0.0,0.0
767942930517197501,3.4597702026367188,8.381413328071758,115.72399278412507,84.17870330810547,729.1829886406833
768142928607058202,0.0,0.0,0.0,0.0,0.0
768142929012910901,0.0,0.0,0.0,0.0,0.0
768142930479507402,0.0,0.0,0.0,0.0,0.0
768342930549072102,0.0,0.0,0.0,0.0,0.0
768442929543790002,0.0,0.0,0.0,0.0,0.0
768442930453312102,0.0,0.0,0.0,0.0,0.0
768442930516932402,0.0,0.0,0.0,0.0,0.0
768742930459748301,0.0,0.0,0.0,0.0,0.0
768742930519976801,0.0,0.0,0.0,0.0,0.0
768742930532593301,0.0,0.0,0.0,0.0,0.0
768742930546262102,0.0,0.0,0.0,0.0,0.0
768942930477568501,0.0,0.0,0.0,0.0,0.0
769042929721548401,0.0,0.0,0.0,0.0,0.0
769042930454948301,5.058823585510254,11.850933451295585,154.55201535508638,60.97159194946289,604.3975984188966
769042930510266802,0.0,0.0,0.0,0.0,0.0
769142930524552902,0.0,0.0,0.0,0.0,0.0
769242930465461002,0.0,0.0,0.0,0.0,0.0
769342930515814002,0.0,0.0,0.0,0.0,0.0
769542930449226601,0.0,0.0,0.0,0.0,0.0
769542930478713902,0.0,0.0,0.0,0.0,0.0
769742929839403502,0.0,0.0,0.0,0.0,0.0
769742930524787902,0.0,0.0,0.0,0.0,0.0
769742930529503102,0.0,0.0,0.0,0.0,0.0
769942930533553002,0.0,0.0,0.0,0.0,0.0
771242930517918102,0.0,0.0,0.0,0.0,0.0
771242930549734802,0.0,0.0,0.0,0.0,0.0
771442927975242201,0.0,0.0,0.0,0.0,0.0
771442930531741101,0.0,0.0,0.0,0.0,0.0
771542930475690702,2.4883720874786377,10.176205751472162,65.47537473233405,46.43935775756836,437.57683189931214
771542930530420301,0.0,0.0,0.0,0.0,0.0
771642929269267201,21.5,18.67110167572464,37.342608695652174,4.782492160797119,37.34220335144928
771742930526615202,0.0,0.0,0.0,0.0,0.0
771842928932571602,0.0,0.0,0.0,0.0,0.0
772042930518296002,0.0,0.0,0.0,0.0,0.0
772142930460642302,0.0,0.0,0.0,0.0,0.0
772442927901338901,2.3469388484954834,10.80930112407293,109.57323856613102,39.257537841796875,529.6557824166655
772442930525244601,0.0,0.0,0.0,0.0,0.0
772442930529133601,4.275862216949463,12.334129050925926,174.47830687830688,33.633018493652344,357.6897570090319
772842930524188301,0.0,0.0,0.0,0.0,0.0
772842930533471901,0.0,0.0,0.0,0.0,0.0
772842930534651101,0.0,0.0,0.0,0.0,0.0
772842930545597801,0.0,0.0,0.0,0.0,0.0
773042930474939502,0.0,0.0,0.0,0.0,0.0
773042930517042102,0.0,0.0,0.0,0.0,0.0
773142928258122402,0.0,0.0,0.0,0.0,0.0
773142930455877401,0.0,0.0,0.0,0.0,0.0
773442930476283801,0.0,0.0,0.0,0.0,0.0
773542930466500401,0.0,0.0,0.0,0.0,0.0
773742927963650802,0.0,0.0,0.0,0.0,0.0
773842930475318301,0.0,0.0,0.0,0.0,0.0
773842930542881302,0.0,0.0,0.0,0.0,0.0
773942930457397801,0.0,0.0,0.0,0.0,0.0
773942930524179501,0.0,0.0,0.0,0.0,0.0
773942930535252001,6.0,2.7845883043894326,2.784136546184739,0.3812134861946106,2.7845883043894326
773942930545339702,0.0,0.0,0.0,0.0,0.0
774142930473192902,0.0,0.0,0.0,0.0,0.0
774442930473346201,7.75,93.23314473976869,290.1316725978648,9.065682411193848,372.9325759181773
774442930516563901,0.0,0.0,0.0,0.0,0.0
774642930478609202,0.0,0.0,0.0,0.0,0.0
774842930509319202,0.0,0.0,0.0,0.0,0.0
774942930528725202,0.0,0.0,0.0,0.0,0.0
775042930549875901,3.2123894691467285,9.88629899238337,384.9938432243732,88.22692108154297,1117.1517472596745
775242930477103701,0.0,0.0,0.0,0.0,0.0
775342930515885902,0.0,0.0,0.0,0.0,0.0
775342930533707102,0.0,0.0,0.0,0.0,0.0
775342930536044501,0.0,0.0,0.0,0.0,0.0
775342930544529802,7.117647171020508,7.628999876744539,389.08009708737865,43.87222671508789,389.078988366914
775442928247207701,0.0,0.0,0.0,0.0,0.0
775542930509392802,0.0,0.0,0.0,0.0,0.0
775742930451514601,0.0,0.0,0.0,0.0,0.0
775742930469338602,0.0,0.0,0.0,0.0,0.0
775742930531576201,0.0,0.0,0.0,0.0,0.0
775842930545108101,0.0,0.0,0.0,0.0,0.0
776142929439514102,0.0,0.0,0.0,0.0,0.0
776142930543691701,0.0,0.0,0.0,0.0,0.0
776342930466918701,0.0,0.0,0.0,0.0,0.0
776342930479367001,0.0,0.0,0.0,0.0,0.0
776342930520595402,0.0,0.0,0.0,0.0,0.0
776342930529182402,0.0,0.0,0.0,0.0,0.0
776342930531140302,3.8333332538604736,17.961251023751025,197.2170352170352,70.5700912475586,646.6050260877336
776342930543786801,0.0,0.0,0.0,0.0,0.0
776542930531824101,0.0,0.0,0.0,0.0,0.0
776642928021818302,0.0,0.0,0.0,0.0,0.0
776642930515873301,0.0,0.0,0.0,0.0,0.0
776742930480086601,0.0,0.0,0.0,0.0,0.0
776742930523716602,0.0,0.0,0.0,0.0,0.0
776842930528938501,0.0,0.0,0.0,0.0,0.0
776842930536068502,0.0,0.0,0.0,0.0,0.0
776942930524452701,0.0,0.0,0.0,0.0,0.0
777242930450063302,0.0,0.0,0.0,0.0,0.0
777342930534776602,0.0,0.0,0.0,0.0,0.0
777442930516602301,0.0,0.0,0.0,0.0,0.0
777442930527433102,0.0,0.0,0.0,0.0,0.0
777442930530250002,0.0,0.0,0.0,0.0,0.0
777642930519773301,0.0,0.0,0.0,0.0,0.0
777742930479628601,0.0,0.0,0.0,0.0,0.0
777842930472830402,0.0,0.0,0.0,0.0,0.0
777842930516503902,0.0,0.0,0.0,0.0,0.0
777842930526744102,4.469387531280518,22.089477246888464,232.16036381043563,0.0,1082.3844265132043
778242930531554001,0.0,0.0,0.0,0.0,0.0
778242930543394801,0.0,0.0,0.0,0.0,0.0
778342930548631302,0.0,0.0,0.0,0.0,0.0
778442929331751501,0.0,0.0,0.0,0.0,0.0
778442930454922102,0.0,0.0,0.0,0.0,0.0
778542930519394202,0.0,0.0,0.0,0.0,0.0
778642930528102201,3.7878787517547607,16.19912986089464,373.8715710723192,35.51553726196289,534.5712848387454
778842929946433101,0.0,0.0,0.0,0.0,0.0
779142928067753302,2.6666667461395264,12.245343952192668,31.02731847591661,4.719207286834717,36.7360308034912
779142930454007402,0.0,0.0,0.0,0.0,0.0
779342930475595301,0.0,0.0,0.0,0.0,0.0
779342930528311502,0.0,0.0,0.0,0.0,0.0
779542930525824701,0.0,0.0,0.0,0.0,0.0
779742930518126701,0.0,0.0,0.0,0.0,0.0
779742930550836101,3.3333332538604736,5.902851989229164,11.832576408493924,1.678931713104248,17.708556207422976
779842930528013401,0.0,0.0,0.0,0.0,0.0
779942928242605201,0.0,0.0,0.0,0.0,0.0
779942930525768601,0.0,0.0,0.0,0.0,0.0
781242930528004102,3.5399999618530273,31.03584730585548,521.1121262458472,104.10257720947266,1551.7924219682764
781542929613319202,0.0,0.0,0.0,0.0,0.0
781742930545603602,0.0,0.0,0.0,0.0,0.0
781842930478569102,0.0,0.0,0.0,0.0,0.0
782042930519983001,0.0,0.0,0.0,0.0,0.0
782142930509565602,0.0,0.0,0.0,0.0,0.0
782242930463891102,0.0,0.0,0.0,0.0,0.0
782342930464471102,0.0,0.0,0.0,0.0,0.0
782642930460611001,0.0,0.0,0.0,0.0,0.0
782642930526694301,0.0,0.0,0.0,0.0,0.0
782742929069883302,0.0,0.0,0.0,0.0,0.0
782742930518665902,0.0,0.0,0.0,0.0,0.0
782742930548055602,0.0,0.0,0.0,0.0,0.0
782842930472211801,0.0,0.0,0.0,0.0,0.0
782842930523338101,0.0,0.0,0.0,0.0,0.0
782942928855295402,0.0,0.0,0.0,0.0,0.0
782942930550273902,0.0,0.0,0.0,0.0,0.0
783142930475311202,0.0,0.0,0.0,0.0,0.0
783142930524033101,0.0,0.0,0.0,0.0,0.0
783242930435923402,0.0,0.0,0.0,0.0,0.0
783442930457873101,0.0,0.0,0.0,0.0,0.0
783442930475894501,0.0,0.0,0.0,0.0,0.0
783442930534528202,0.0,0.0,0.0,0.0,0.0
783442930546572802,0.0,0.0,0.0,0.0,0.0
783742930458253801,0.0,0.0,0.0,0.0,0.0
783742930521498701,4.0,41.75913783482143,46.98529411764706,3.1206095218658447,83.51827566964286
783842930548599002,0.0,0.0,0.0,0.0,0.0
783942930449037902,0.0,0.0,0.0,0.0,0.0
783942930474252402,3.866666555404663,10.756012761780104,106.10759162303665,53.10356903076172,484.0205561932469
783942930531632201,0.0,0.0,0.0,0.0,0.0
784642929501690802,0.0,0.0,0.0,0.0,0.0
784842930534724801,0.0,0.0,0.0,0.0,0.0
784842930545061101,0.0,0.0,0.0,0.0,0.0
784942930476591601,0.0,0.0,0.0,0.0,0.0
784942930529549701,0.0,0.0,0.0,0.0,0.0
785042930462606001,0.0,0.0,0.0,0.0,0.0
785242928042281901,0.0,0.0,0.0,0.0,0.0
785342930474536401,0.0,0.0,0.0,0.0,0.0
785342930523919402,0.0,0.0,0.0,0.0,0.0
785342930524892802,0.0,0.0,0.0,0.0,0.0
785542930528001701,0.0,0.0,0.0,0.0,0.0
785642930532277002,0.0,0.0,0.0,0.0,0.0
785742930184537101,0.0,0.0,0.0,0.0,0.0
785742930184590001,0.0,0.0,0.0,0.0,0.0
785842930446725402,0.0,0.0,0.0,0.0,0.0
785842930465005902,0.0,0.0,0.0,0.0,0.0
785842930519421901,0.0,0.0,0.0,0.0,0.0
785942930548106801,0.0,0.0,0.0,0.0,0.0
786042930549165502,0.0,0.0,0.0,0.0,0.0
786442930469601302,0.0,0.0,0.0,0.0,0.0
786442930542702602,0.0,0.0,0.0,0.0,0.0
786542930473755202,0.0,0.0,0.0,0.0,0.0
786542930544320802,0.0,0.0,0.0,0.0,0.0
786642928135690801,0.0,0.0,0.0,0.0,0.0
786642929800291402,0.0,0.0,0.0,0.0,0.0
786642930474830401,0.0,0.0,0.0,0.0,0.0
786742930477382902,0.7884615659713745,7.41519479728717,123.01618705035972,122.91773223876953,771.1802725345968
787142929346398801,0.0,0.0,0.0,0.0,0.0
787442930518450901,0.0,0.0,0.0,0.0,0.0
787642930534343202,0.0,0.0,0.0,0.0,0.0
787742928258284701,0.0,0.0,0.0,0.0,0.0
787742930476743501,0.0,0.0,0.0,0.0,0.0
787942930463685102,4.117647171020508,21.019765441320533,110.43025078369907,26.81604766845703,357.3360138896117
788042929331622001,0.0,0.0,0.0,0.0,0.0
788042930545910402,0.0,0.0,0.0,0.0,0.0
788142930480566001,0.0,0.0,0.0,0.0,0.0
788342928988192502,0.0,0.0,0.0,0.0,0.0
788342930516599802,0.0,0.0,0.0,0.0,0.0
788542930530225502,0.7669903039932251,15.004679592611335,117.74251012145749,78.15779876708984,1545.4820377025528
788642928099739401,0.0,0.0,0.0,0.0,0.0
788742930545224501,0.0,0.0,0.0,0.0,0.0
788842930457949001,0.0,0.0,0.0,0.0,0.0
789142930474951301,0.0,0.0,0.0,0.0,0.0
789242930473443202,0.0,0.0,0.0,0.0,0.0
789242930510920601,0.0,0.0,0.0,0.0,0.0
789342928664009802,0.0,0.0,0.0,0.0,0.0
789342930530039601,0.0,0.0,0.0,0.0,0.0
789542930516170601,0.0,0.0,0.0,0.0,0.0
789642930521356701,0.0,0.0,0.0,0.0,0.0
789642930546785901,0.0,0.0,0.0,0.0,0.0
789842929761637902,0.0,0.0,0.0,0.0,0.0
791242930459821801,0.0,0.0,0.0,0.0,0.0
791242930473795302,0.0,0.0,0.0,0.0,0.0
791242930477581001,0.0,0.0,0.0,0.0,0.0
791442930527242601,0.0,0.0,0.0,0.0,0.0
791642930550280802,3.5217392444610596,5.856515549360305,91.3813969571231,78.87605285644531,538.7994431695008
791942928759342702,0.0,0.0,0.0,0.0,0.0
791942929346145902,0.0,0.0,0.0,0.0,0.0
791942930464434002,0.0,0.0,0.0,0.0,0.0
791942930477646801,0.0,0.0,0.0,0.0,0.0
792042929389319801,0.0,178.67050982011747,178.67107195301028,11.431302070617676,178.67050982011747
792042930459871802,0.0,0.0,0.0,0.0,0.0
792142930474135901,0.0,0.0,0.0,0.0,0.0
792142930523805202,0.0,0.0,0.0,0.0,0.0
792142930540998802,0.0,0.0,0.0,0.0,0.0
792142930544740501,0.0,0.0,0.0,0.0,0.0
792642930463270101,0.0,0.0,0.0,0.0,0.0
792942930475742502,0.0,0.0,0.0,0.0,0.0
792942930527241002,2.3333332538604736,8.154565815462753,15.699272636067219,2.1450657844543457,24.463696956514923
793042930528322601,0.0,0.0,0.0,0.0,0.0
793142930460010501,0.0,0.0,0.0,0.0,0.0
793542930515407802,0.0,0.0,0.0,0.0,0.0
793542930531525801,0.0,0.0,0.0,0.0,0.0
793742930479837702,0.0,0.0,0.0,0.0,0.0
793742930529081301,0.0,0.0,0.0,0.0,0.0
793842930454257301,0.0,0.0,0.0,0.0,0.0
793842930479910501,0.0,0.0,0.0,0.0,0.0
793942930462395002,0.0,0.0,0.0,0.0,0.0
794242930534591401,0.0,0.0,0.0,0.0,0.0
794442930447904801,0.0,0.0,0.0,0.0,0.0
794542930101290201,0.0,0.0,0.0,0.0,0.0
794542930532969201,0.0,0.0,0.0,0.0,0.0
794642930546989801,0.0,0.0,0.0,0.0,0.0
794742930479829901,0.0,0.0,0.0,0.0,0.0
794842930529842901,0.0,0.0,0.0,0.0,0.0
794942930516814001,0.0,0.0,0.0,0.0,0.0
795142930524750802,0.0,0.0,0.0,0.0,0.0
795142930526088701,0.0,0.0,0.0,0.0,0.0
795142930532308602,2.309859037399292,14.541843089788733,104.96845070422535,41.17461013793945,1032.4708650830767
795342930450598901,0.0,0.0,0.0,0.0,0.0
795442928823159701,0.0,0.0,0.0,0.0,0.0
795442930458219802,0.0,0.0,0.0,0.0,0.0
795642930464761502,0.0,0.0,0.0,0.0,0.0
795742927975326001,3.0,3.5634862314356437,5.949352627570449,0.6940445899963379,7.126972462871287
795942930523988901,0.0,0.0,0.0,0.0,0.0
796042929457044501,0.0,0.0,0.0,0.0,0.0
796042930525061902,0.0,0.0,0.0,0.0,0.0
796142930476360402,0.0,0.0,0.0,0.0,0.0
796242929514115302,0.0,0.0,0.0,0.0,0.0
796242930508282101,0.0,0.0,0.0,0.0,0.0
796442930519745301,0.0,0.0,0.0,0.0,0.0
796442930543616402,2.931506872177124,7.796808027394707,131.3404149583799,37.2229118347168,569.1670024813533
796542930534869402,0.0,0.0,0.0,0.0,0.0
796742930468079202,0.0,0.0,0.0,0.0,0.0
796742930548112102,0.0,0.0,0.0,0.0,0.0
797042930533526401,0.0,0.0,0.0,0.0,0.0
797242930519193302,0.0,0.0,0.0,0.0,0.0
797242930525539302,0.0,0.0,0.0,0.0,0.0
797242930530108302,0.0,0.0,0.0,0.0,0.0
797642930457443801,4.861111164093018,43.28469730013251,320.886925795053,115.50267028808594,1558.2491087087894
797742930476311902,0.0,0.0,0.0,0.0,0.0
797842930450324201,0.0,0.0,0.0,0.0,0.0
797942930460336502,0.0,0.0,0.0,0.0,0.0
797942930522003401,0.0,0.0,0.0,0.0,0.0
798142929259265402,0.0,0.0,0.0,0.0,0.0
798242930543941802,0.0,0.0,0.0,0.0,0.0
798342929194635601,0.0,0.0,0.0,0.0,0.0
798342930447675001,0.0,0.0,0.0,0.0,0.0
798342930545453401,4.5757575035095215,11.986086151303624,112.17381656804734,44.047306060791016,395.54085080299154
798442930529701001,0.4893617033958435,6.329418748898937,23.011039990604264,57.77132034301758,594.9653676035988
798542930460582702,0.0,0.0,0.0,0.0,0.0
798642930517286101,0.0,0.0,0.0,0.0,0.0
798742930289645702,0.0,0.0,-0.542513316235944,0.0,0.0
798742930477310602,0.0,0.0,0.0,0.0,0.0
798742930519398002,0.0,0.0,0.0,0.0,0.0
798842930464854601,0.0,0.0,0.0,0.0,0.0
798842930529034001,4.375,14.105206591616698,162.49446494464945,15.220132827758789,225.68330010276878
798842930532926501,0.0,0.0,0.0,0.0,0.0
799042930536547301,0.0,0.0,0.0,0.0,0.0
799142930461449601,0.0,0.0,0.0,0.0,0.0
799142930464148602,0.0,0.0,0.0,0.0,0.0
799142930508440501,0.0,0.0,0.0,0.0,0.0
799242929055602502,0.0,0.0,0.0,0.0,0.0
799342930542861401,4.916666507720947,5.578088907717358,35.48258103604968,10.999566078186035,66.93706439647195
799442930478913201,0.0,0.0,0.0,0.0,0.0
799542930545858902,0.0,0.0,0.0,0.0,0.0
799642930466424101,0.0,0.0,0.0,0.0,0.0
799742930462511801,0.0,0.0,0.0,0.0,0.0
799942929166177302,0.0,0.0,0.0,0.0,0.0
801242930456743501,0.0,0.0,0.0,0.0,0.0
801242930508147801,0.0,0.0,0.0,0.0,0.0
801242930532614201,0.0,0.0,0.0,0.0,0.0
801342930471544502,0.0,0.0,0.0,0.0,0.0
801342930517927201,0.0,0.0,0.0,0.0,0.0
801342930543387302,0.0,0.0,0.0,0.0,0.0
801342930545082102,0.0,0.0,0.0,0.0,0.0
801442930454081002,0.0,0.0,0.0,0.0,0.0
801442930454206002,0.0,0.0,0.0,0.0,0.0
801442930461586702,0.0,0.0,0.0,0.0,0.0
801542930516330302,3.202380895614624,29.22632099484789,592.7085377821394,108.93109893798828,2455.011011342656
801742930476306102,0.0,0.0,0.0,0.0,0.0
801942930454879602,0.0,0.0,0.0,0.0,0.0
801942930517639202,0.0,0.0,0.0,0.0,0.0
801942930532113802,0.0,0.0,0.0,0.0,0.0
801942930533183301,0.0,0.0,0.0,0.0,0.0
802142929118570801,0.0,0.0,0.0,0.0,0.0
802142930472974701,0.0,0.0,0.0,0.0,0.0
802342930544949602,0.0,0.0,0.0,0.0,0.0
803342930510992002,0.0,0.0,0.0,0.0,0.0
803342930534987401,0.0,0.0,0.0,0.0,0.0
803442930521940801,0.0,0.0,0.0,0.0,0.0
803542930532680301,0.0,0.0,0.0,0.0,0.0
803742930445520301,0.0,0.0,0.0,0.0,0.0
803742930526737802,0.0,0.0,0.0,0.0,0.0
803742930547269501,2.3565218448638916,8.34517399037747,119.14043691484619,96.63663482666016,959.6950141905604
803842930451807801,0.0,0.0,0.0,0.0,0.0
804042930519203602,0.0,0.0,0.0,0.0,0.0
804042930530337202,0.0,0.0,0.0,0.0,0.0
804042930536220601,0.0,0.0,0.0,0.0,0.0
804242930474631801,3.8181817531585693,8.379836868629116,134.65159435441714,72.80665588378906,737.4256602764378
804242930529420801,0.0,0.0,0.0,0.0,0.0
804342928210622202,0.0,0.0,0.0,0.0,0.0
804342930476485601,0.0,0.0,0.0,0.0,0.0
804642930473426902,0.0,0.0,0.0,0.0,0.0
804642930476514001,0.0,0.0,0.0,0.0,0.0
804642930480351502,0.0,0.0,0.0,0.0,0.0
804842930456788302,0.0,0.0,0.0,0.0,0.0
804842930466678301,0.0,0.0,0.0,0.0,0.0
805042930477888801,0.0,0.0,0.0,0.0,0.0
805042930508791002,0.0,0.0,0.0,0.0,0.0
805142930461169201,0.0,9.886640530188107,69.52629449838187,17.903600692749023,257.05265656258297
805142930475602602,0.0,0.0,0.0,0.0,0.0
805142930526343601,0.0,0.0,0.0,0.0,0.0
805242930480563402,0.0,0.0,0.0,0.0,0.0
805242930516737201,3.2857143878936768,12.696896582616628,172.86786551993745,77.52137756347656,533.2696764540603
805342928242527202,0.0,0.0,0.0,0.0,0.0
805342930474260902,0.0,0.0,0.0,0.0,0.0
805542930550087701,0.0,0.0,0.0,0.0,0.0
805642927975205602,0.0,0.0,0.0,0.0,0.0
805642930462133301,0.0,0.0,0.0,0.0,0.0
805642930478159602,0.0,0.0,0.0,0.0,0.0
805642930542344202,0.0,0.0,0.0,0.0,0.0
805742930458053401,0.0,0.0,0.0,0.0,0.0
805842930164781701,0.0,0.0,0.0,0.0,0.0
805842930477843401,0.0,0.0,0.0,0.0,0.0
805842930509185101,0.0,0.0,0.0,0.0,0.0
805942930516763002,0.0,0.0,0.0,0.0,0.0
806042930470171401,0.0,0.0,0.0,0.0,0.0
806042930547047701,0.0,0.0,0.0,0.0,0.0
806142930528568802,0.0,0.0,0.0,0.0,0.0
806242928025344402,0.0,0.0,0.0,0.0,0.0
806442930184475602,0.0,0.0,0.0,0.0,0.0
806442930453834601,8.0,23.357917605755894,23.357836338418863,2.9859726428985596,23.357917605755894
806742930461542102,0.0,0.0,0.0,0.0,0.0
806842928042203701,0.0,0.0,0.0,0.0,0.0
806842930548733102,0.0,0.0,0.0,0.0,0.0
806942930541666101,0.0,0.0,0.0,0.0,0.0
807142930541357101,0.0,0.0,0.0,0.0,0.0
807242930524016601,0.0,0.0,0.0,0.0,0.0
807442930532775301,0.0,0.0,0.0,0.0,0.0
807642930479770802,0.0,0.0,0.0,0.0,0.0
807642930526525601,0.0,0.0,0.0,0.0,0.0
807642930529617301,0.0,0.0,0.0,0.0,0.0
807742930472778202,0.0,0.0,0.0,0.0,0.0
807842928887149302,0.0,0.0,0.0,0.0,0.0
807842929456879002,0.0,0.0,0.0,0.0,0.0
807842929494157501,0.0,0.0,0.0,0.0,0.0
807842929839905601,0.0,0.0,0.0,0.0,0.0
807842930507639202,0.0,0.0,0.0,0.0,0.0
807942930476863901,0.0,0.0,0.0,0.0,0.0
808042928311037201,0.0,0.0,0.0,0.0,0.0
808242930453213402,0.0,0.0,0.0,0.0,0.0
808242930518812602,0.0,0.0,0.0,0.0,0.0
808342930525211902,6.0,2.9368853777560133,6.397230320699708,0.525416374206543,8.810655955322977
808342930526709602,0.0,0.0,0.0,0.0,0.0
808342930542401702,0.0,0.0,0.0,0.0,0.0
808542928633733802,0.0,0.0,0.0,0.0,0.0
808542928726620402,0.0,0.0,0.0,0.0,0.0
808542930524760302,0.0,0.0,0.0,0.0,0.0
809142930544794502,0.0,0.0,0.0,0.0,0.0
809242929843198402,4.0,26.220375768029815,457.7203867848509,60.912872314453125,839.0520335281212
809242930518498701,0.0,0.0,0.0,0.0,0.0
809542930479730101,0.0,0.0,0.0,0.0,0.0
809742930533538002,0.0,0.0,0.0,0.0,0.0
809942929321324301,0.0,0.0,0.0,0.0,0.0
809942930526801502,0.0,0.0,0.0,0.0,0.0
811142930462068801,0.0,0.0,0.0,0.0,0.0
811142930472130002,0.0,0.0,0.0,0.0,0.0
811142930519659602,0.0,0.1395433957084687,0.1395433957084687,0.015331562608480453,0.1395433957084687
811242930531975002,3.25,4.644980618006278,12.993449781659388,4.790042400360107,37.159846943018216
811442930463711802,0.0,0.0,0.0,0.0,0.0
811542930534954201,0.0,0.0,0.0,0.0,0.0
811642930476767801,0.0,0.0,0.0,0.0,0.0
811942928166711001,0.0,0.0,0.0,0.0,0.0
812142930460560902,0.0,0.0,0.0,0.0,0.0
812442930464460202,0.0,0.0,0.0,0.0,0.0
812442930527667102,16.16666603088379,7.009252127347418,42.055399061032865,2.2070281505584717,42.05551138864437
812642930516099601,0.0,0.0,0.0,0.0,0.0
812942930462104402,0.0,0.0,0.0,0.0,0.0
812942930543424902,0.0,0.0,0.0,0.0,0.0
813042930517057001,0.0,0.0,0.0,0.0,0.0
813142930516301902,0.0,0.0,0.0,0.0,0.0
813342930538496902,0.0,0.0,0.0,0.0,0.0
813442930534812601,0.0,0.0,0.0,0.0,0.0
813742930449674101,0.0,0.0,0.0,0.0,0.0
813842930464787802,0.0,0.0,0.0,0.0,0.0
813842930525574102,2.5,3.158900098145198,11.458807464724625,2.129483461380005,12.635600392580791
814042930528019102,0.0,0.0,0.0,0.0,0.0
814242928664083701,0.0,0.0,0.0,0.0,0.0
814342930462456201,0.0,0.0,0.0,0.0,0.0
814342930476834602,0.0,0.0,0.0,0.0,0.0
814442930453336502,0.0,0.0,0.0,0.0,0.0
814742930509403102,0.0,0.0,0.0,0.0,0.0
814842930510356101,0.0,0.0,0.0,0.0,0.0
814842930515938701,0.0,0.0,0.0,0.0,0.0
815042930508138902,0.0,0.0,0.0,0.0,0.0
815042930547570001,0.0,0.0,0.0,0.0,0.0
815142930464010802,0.0,0.0,0.0,0.0,0.0
815142930534968402,0.0,0.0,0.0,0.0,0.0
815442930516584202,4.0,9.83518756240194,51.52945371558979,16.401784896850586,98.35187381324883
815442930549748702,0.0,0.0,0.0,0.0,0.0
815542930478218101,0.0,0.0,0.0,0.0,0.0
815742927979933901,0.0,0.0,0.0,0.0,0.0
815742930455532001,0.0,0.0,0.0,0.0,0.0
815742930542317802,0.0,0.0,0.0,0.0,0.0
815842930464087702,0.0,0.0,0.0,0.0,0.0
815942930474266901,0.0,0.0,0.0,0.0,0.0
816142930464457301,0.0,0.0,0.0,0.0,0.0
816242928108698401,0.0,0.0,0.0,0.0,0.0
816442930400204201,5.5625,16.802483931260756,85.45438898450946,32.20500564575195,268.8397541144629
816542930516310401,0.0,0.0,0.0,0.0,0.0
816642930479262802,0.0,0.0,0.0,0.0,0.0
816742930454170502,0.0,0.0,0.0,0.0,0.0
816742930474717402,0.0,0.0,0.0,0.0,0.0
817142928663921402,0.0,0.0,0.0,0.0,0.0
817242928932412501,0.0,0.0,0.0,0.0,0.0
817242930342472002,0.0,0.0,0.0,0.0,0.0
817342929417378502,5.333333492279053,31.59137799413071,117.40609137055837,14.527092933654785,189.54827292195432
817342930517381702,0.0,0.0,0.0,0.0,0.0
817342930530317902,0.0,0.0,0.0,0.0,0.0
817442930531891001,0.0,0.0,0.0,0.0,0.0
817542930478283502,0.0,0.0,0.0,0.0,0.0
817642930474595001,0.0,0.0,0.0,0.0,0.0
817742928196979602,0.0,0.0,0.0,0.0,0.0
817742930446571202,2.3589744567871094,9.669687844747115,53.18295994568907,39.504425048828125,377.1178386556155
817742930534934501,2.6666667461395264,3.4631427796197247,10.389507620164126,1.451797366142273,10.389428338859174
817942929493986702,0.0,0.0,0.0,0.0,0.0
817942929800191402,0.0,0.0,0.0,0.0,0.0
818142930522942502,0.0,0.0,0.0,0.0,0.0
818242930534831802,0.0,0.0,0.0,0.0,0.0
818342930518628202,0.0,0.0,0.0,0.0,0.0
818342930529817502,0.0,0.0,0.0,0.0,0.0
818342930532790801,0.0,0.0,0.0,0.0,0.0
818642930446433501,0.0,0.0,0.0,0.0,0.0
819142930541095801,0.0,0.0,0.0,0.0,0.0
819242930453621202,0.0,0.0,0.0,0.0,0.0
819242930531787001,0.0,0.0,0.0,0.0,0.0
819342930534641502,0.0,0.0,0.0,0.0,0.0
819442928030479102,0.0,0.0,0.0,0.0,0.0
819442930462741302,0.0,0.0,0.0,0.0,0.0
819542930454647602,0.0,0.0,0.0,0.0,0.0
819642930524373201,0.0,0.0,0.0,0.0,0.0
819642930550470702,107.0,2.908299994967794,5.816639828234031,0.8033618927001953,5.816599989935588
819742930475517901,0.0,0.0,0.0,0.0,0.0
819742930476177601,0.0,0.0,0.0,0.0,0.0
821242930455582301,0.0,0.0,0.0,0.0,0.0
821542930460498902,0.0,0.0,0.0,0.0,0.0
821642930480059302,0.0,0.0,0.0,0.0,0.0
821942930530217601,0.0,0.0,0.0,0.0,0.0
821942930537341902,0.0,0.0,0.0,0.0,0.0
822042930543471402,0.0,0.0,0.0,0.0,0.0
822342930455951801,0.0,0.0,0.0,0.0,0.0
822442928789829102,0.0,0.0,0.0,0.0,0.0
822442930464350402,0.0,0.0,0.0,0.0,0.0
822442930533126101,0.0,0.0,0.0,0.0,0.0
822542930518122602,0.0,0.0,0.0,0.0,0.0
822542930550422301,0.0,0.0,0.0,0.0,0.0
822742930537489702,0.0,0.0,0.0,0.0,0.0
822942930517948001,0.0,0.0,0.0,0.0,0.0
822942930544325501,0.0,0.0,0.0,0.0,0.0
823142929022556501,0.0,0.0,0.0,0.0,0.0
823342930446736401,0.0,0.0,0.0,0.0,0.0
823342930466729101,0.0,0.0,0.0,0.0,0.0
823442930461957001,0.0,0.0,0.0,0.0,0.0
823542928281571202,0.0,0.0,0.0,0.0,0.0
823542930448997102,0.0,0.0,0.0,0.0,0.0
823642930519878201,0.0,0.0,0.0,0.0,0.0
823742930522802202,4.440000057220459,22.53462033524311,187.12418705481574,37.899574279785156,563.3655329350164
823842930452734401,0.0,0.0,0.0,0.0,0.0
824242930518683202,0.0,0.0,0.0,0.0,0.0
824442930516415402,0.0,0.0,0.0,0.0,0.0
824442930527155301,0.0,0.0,0.0,0.0,0.0
824542929380254101,0.0,0.0,0.0,0.0,0.0
824542930464352301,0.0,0.0,0.0,0.0,0.0
824542930550604002,0.0,0.0,0.0,0.0,0.0
824942930461485102,0.0,0.0,0.0,0.0,0.0
824942930534355601,0.0,0.0,0.0,0.0,0.0
825042930527969201,0.0,0.0,0.0,0.0,0.0
825342930517966301,0.0,0.0,0.0,0.0,0.0
825342930528662702,0.0,0.0,0.0,0.0,0.0
825442930458105101,0.0,0.0,0.0,0.0,0.0
825442930516566802,0.0,0.0,0.0,0.0,0.0
825442930525679301,5.25,13.234970290939529,56.103896103896105,11.965818405151367,158.81964108851048
825542930537831702,0.0,0.0,0.0,0.0,0.0
825642930475638602,2.75,6.159301328502416,55.397584541062805,5.199191570281982,73.91161496074879
825742930478649902,0.0,0.0,0.0,0.0,0.0
825942929761688202,0.0,0.0,0.0,0.0,0.0
825942930463971702,0.0,0.0,0.0,0.0,0.0
826142928119230302,0.0,0.0,0.0,0.0,0.0
826242930510359201,0.0,0.0,0.0,0.0,0.0
826342929021034101,2.9629628658294678,5.9947930123501445,88.01963621331129,56.246402740478516,485.57823080068385
826342930475486701,0.0,0.0,0.0,0.0,0.0
826442930515901101,0.0,0.0,0.0,0.0,0.0
826542930464180701,1.5,4.412957419427037,8.673008057296329,1.0865552425384521,8.825915016440696
826542930469923401,5.6315789222717285,10.231183073704614,114.2571860816944,18.6938419342041,194.39248408492142
826542930479871801,0.0,0.0,0.0,0.0,0.0
827042930522281002,0.0,0.0,0.0,0.0,0.0
827142929604523301,0.0,0.0,0.0,0.0,0.0
827142930530486801,0.0,0.0,0.0,0.0,0.0
827242928197098401,0.0,0.0,0.0,0.0,0.0
827442930457227302,0.0,0.0,0.0,0.0,0.0
827642930544739202,0.0,0.0,0.0,0.0,0.0
827842930517436002,0.0,0.0,0.0,0.0,0.0
828042930452839902,4.4347825050354,16.716739887267906,283.2480106100796,62.100433349609375,768.9700528302623
828242930549987701,2.83695650100708,5.746814349182623,135.88067952641944,56.043487548828125,528.7069112845728
828442930466467401,0.0,0.0,0.0,0.0,0.0
828442930476132101,0.0,0.0,0.0,0.0,0.0
828542930452138102,0.0,0.0,0.0,0.0,0.0
828542930528993801,0.0,0.0,0.0,0.0,0.0
828642930475053801,0.0,0.0,0.0,0.0,0.0
828642930480325302,4.909090995788574,10.121343386157827,56.11125485122898,10.206793785095215,111.33477495003487
828842930531300102,0.0,0.0,0.0,0.0,0.0
829042930475597601,0.0,0.0,0.0,0.0,0.0
829342930536253801,0.0,0.0,0.0,0.0,0.0
829342930545907002,0.0,0.0,0.0,0.0,0.0
829442930452869901,0.0,0.0,0.0,0.0,0.0
829442930508923701,0.0,0.0,0.0,0.0,0.0
829442930534169102,0.0,0.0,0.0,0.0,0.0
829742930529086402,0.0,0.0,0.0,0.0,0.0
829742930530184901,0.0,0.0,0.0,0.0,0.0
829842928213735102,0.0,0.0,0.0,0.0,0.0
831142930289817501,0.0,0.0,0.0,0.0,0.0
831242930453786301,0.0,0.0,0.0,0.0,0.0
831242930531796201,0.0,0.0,0.0,0.0,0.0
831542930518419202,0.0,0.0,0.0,0.0,0.0
832042930511109702,3.690476179122925,21.25405136768448,207.8468193384224,48.79943084716797,892.6701666989702
832242930474068801,0.0,0.0,0.0,0.0,0.0
832342930523521702,0.0,0.0,0.0,0.0,0.0
832442929613539201,0.0,0.0,0.0,0.0,0.0
832642930475823402,0.0,0.0,0.0,0.0,0.0
832642930520792801,0.0,0.0,0.0,0.0,0.0
832742930459978602,0.0,0.0,0.0,0.0,0.0
833042929126817802,0.0,0.0,0.0,0.0,0.0
833042930525249402,0.0,0.0,0.0,0.0,0.0
833142930542841402,0.0,0.0,0.0,0.0,0.0
833342930544656502,0.0,0.0,0.0,0.0,0.0
833442930527530001,0.0,0.0,0.0,0.0,0.0
833542930446907502,3.076923131942749,14.222531138790035,86.9306049822064,9.652410507202148,184.89290298516215
833642930474043501,0.0,0.0,0.0,0.0,0.0
833642930479236101,0.0,0.0,0.0,0.0,0.0
833742930509863801,0.0,0.0,0.0,0.0,0.0
833742930539239902,0.0,0.0,0.0,0.0,0.0
833742930547538101,0.0,0.0,0.0,0.0,0.0
833842930476862502,4.199999809265137,24.061597637101716,126.49632352941177,28.649812698364258,240.61597367828966
833942930463710902,0.0,0.0,0.0,0.0,0.0
834042930458153801,0.0,0.0,0.0,0.0,0.0
834242929800241602,0.0,0.0,0.0,0.0,0.0
834442927928420801,4.5,43.53128190222323,366.3030852994555,47.607791900634766,1044.7507942324326
834442930515364402,0.0,0.0,0.0,0.0,0.0
834442930517835102,0.0,0.0,0.0,0.0,0.0
834442930525675402,0.0,0.0,0.0,0.0,0.0
834442930531819002,0.0,0.0,0.0,0.0,0.0
834742930532099001,0.0,0.0,0.0,0.0,0.0
834842930542858001,0.0,0.0,0.0,0.0,0.0
834942930526462301,0.0,0.0,0.0,0.0,0.0
835042930480274002,0.0,0.0,0.0,0.0,0.0
835242930450010401,0.0,0.0,0.0,0.0,0.0
835242930522282001,0.0,0.0,0.0,0.0,0.0
835342930450913802,0.0,0.0,0.0,0.0,0.0
835342930524987902,0.0,0.0,0.0,0.0,0.0
835342930541093701,0.0,0.0,0.0,0.0,0.0
835542930480626901,0.0,0.0,0.0,0.0,0.0
836042929800256801,0.0,0.0,0.0,0.0,0.0
836042930522772702,0.0,0.0,0.0,0.0,0.0
836042930528204101,0.0,0.0,0.0,0.0,0.0
836142930474183802,0.0,0.0,0.0,0.0,0.0
836342930524210302,0.0,0.0,0.0,0.0,0.0
836642930454674902,0.0,0.0,0.0,0.0,0.0
836642930477249101,0.0,0.0,0.0,0.0,0.0
836642930530434802,0.0,0.0,0.0,0.0,0.0
836642930545490301,0.0,0.0,0.0,0.0,0.0
836842928015410501,0.4038461446762085,9.297821569920844,329.92,85.0833740234375,966.9734769047155
836842930525650601,0.0,0.0,0.0,0.0,0.0
837042930479968701,0.0,0.0,0.0,0.0,0.0
837242930518141601,0.0,0.0,0.0,0.0,0.0
837442930528264801,0.0,0.0,0.0,0.0,0.0
837442930529264402,0.0,0.0,0.0,0.0,0.0
837542930542795001,0.0,0.0,0.0,0.0,0.0
837742928967046502,0.0,0.0,0.0,0.0,0.0
837742930470022902,0.0,0.0,0.0,0.0,0.0
837942928676524701,0.0,0.0,0.0,0.0,0.0
837942930464892901,5.0,106.97864200367647,189.97058823529412,11.894207954406738,213.9572940602022
837942930529605302,0.0,0.0,0.0,0.0,0.0
838042928665736602,0.0,0.0,0.0,0.0,0.0
838142930465161002,0.0,0.0,0.0,0.0,0.0
838142930515602502,0.0,0.0,0.0,0.0,0.0
838242930470782301,0.0,0.0,0.0,0.0,0.0
838542930519555902,0.0,0.0,0.0,0.0,0.0
838642930475790101,0.0,0.0,0.0,0.0,0.0
838642930477805401,0.0,0.0,0.0,0.0,0.0
838942930465195502,0.0,0.0,0.0,0.0,0.0
839142930463661901,0.0,0.0,0.0,0.0,0.0
839242928607176801,0.0,0.0,0.0,0.0,0.0
839442930521478501,0.0,0.0,0.0,0.0,0.0
839542930008406001,0.0,0.0,0.0,0.0,0.0
839542930289421302,0.0,0.0,0.0,0.0,0.0
839542930463726301,0.0,0.0,0.0,0.0,0.0
839542930526547302,0.0,0.0,0.0,0.0,0.0
839642930467637102,0.0,0.0,0.0,0.0,0.0
839842930462171301,0.0,0.0,0.0,0.0,0.0
841342928096721201,0.0,0.0,0.0,0.0,0.0
841442930507801702,0.0,0.0,0.0,0.0,0.0
841442930526434201,0.0,0.0,0.0,0.0,0.0
841542930529205201,0.0,0.0,0.0,0.0,0.0
841642930459290601,0.0,0.0,0.0,0.0,0.0
841642930524385902,102.5,2.0487221769247923,4.0974521937893735,0.4961889088153839,4.097444353849585
841942929428305502,0.0,0.0,0.0,0.0,0.0
841942930480076802,0.0,0.0,0.0,0.0,0.0
842042928932295402,0.0,0.0,0.0,0.0,0.0
842142930477007101,0.0,0.0,0.0,0.0,0.0
842142930521528501,4.527027130126953,20.099382329197823,441.41400407885794,127.67310333251953,1487.3542931697386
842142930548550901,0.0,0.0,0.0,0.0,0.0
842242930533564601,3.819277048110962,13.322494412762023,160.35064734895192,92.64846801757812,1105.7670621272227
842342930459389101,0.0,0.0,0.0,0.0,0.0
842442930479262601,0.0,0.0,0.0,0.0,0.0
842542930543771002,0.0,0.0,0.0,0.0,0.0
842642929946490901,0.0,0.0,0.0,0.0,0.0
842642930459093802,0.0,0.0,0.0,0.0,0.0
842742930518445901,0.0,0.0,0.0,0.0,0.0
842742930545257801,0.0,0.0,0.0,0.0,0.0
842842930548514102,3.6666667461395264,11.128361363100849,183.89758089852342,58.046207427978516,567.5464001223235
842942930546835001,8.454545021057129,7.994526404460878,99.32633587786259,25.85488510131836,263.8193687555444
843042930523606401,3.126760482788086,9.231482154392765,180.56175710594314,74.7431640625,655.4352162851536
843142930469340002,0.0,0.0,0.0,0.0,0.0
843242930459766502,0.0,0.0,0.0,0.0,0.0
843242930476303802,0.0,0.0,0.0,0.0,0.0
843342930541339502,0.0,0.0,0.0,0.0,0.0
843642930529697002,0.0,0.0,0.0,0.0,0.0
843842930515847702,0.0,0.0,0.0,0.0,0.0
843942930509736802,0.0,0.0,0.0,0.0,0.0
844142930547098901,19.538461685180664,16.293984755832174,92.75905292479109,19.15492057800293,211.8217992649769
844542930527015502,0.0,0.0,0.0,0.0,0.0
844842930546514402,0.0,0.0,0.0,0.0,0.0
844942928645857101,0.0,0.0,0.0,0.0,0.0
845142930520139101,0.0,0.0,0.0,0.0,0.0
845142930544417302,0.0,0.0,0.0,0.0,0.0
845342930460613302,4.636363506317139,14.736891092369136,236.45751189666893,105.24454498291016,810.5290103707486
845442929613374502,0.0,0.0,0.0,0.0,0.0
845542930480631502,0.0,0.0,0.0,0.0,0.0
845542930518553602,0.0,0.0,0.0,0.0,0.0
845542930524548902,0.0,0.0,0.0,0.0,0.0
845542930534184502,0.0,0.0,0.0,0.0,0.0
845642930546189602,0.0,0.0,0.0,0.0,0.0
845842930543021502,0.0,0.0,0.0,0.0,0.0
845942930457810901,0.0,0.0,0.0,0.0,0.0
845942930464815502,0.0,0.0,0.0,0.0,0.0
845942930476179902,0.0,0.0,0.0,0.0,0.0
846042930508914502,0.0,0.0,0.0,0.0,0.0
846042930519367002,0.0,0.0,0.0,0.0,0.0
846142930457038902,0.0,0.0,0.0,0.0,0.0
846142930469593202,0.0,0.0,0.0,0.0,0.0
846242930519827402,0.0,0.0,0.0,0.0,0.0
846342930455537002,0.0,0.0,0.0,0.0,0.0
846442930470857401,0.0,0.0,0.0,0.0,0.0
846442930475489401,0.0,0.0,0.0,0.0,0.0
846942930475716502,0.0,0.0,0.0,0.0,0.0
847042930473780002,0.0,0.0,0.0,0.0,0.0
847142930522181302,0.0,0.0,0.0,0.0,0.0
847142930526473901,0.0,0.0,0.0,0.0,0.0
847242930461347501,0.0,0.0,0.0,0.0,0.0
847342928979715101,0.0,0.0,0.0,0.0,0.0
847342930454310101,0.0,0.0,0.0,0.0,0.0
847342930461386002,4.5,39.45863478842413,283.1712062256809,16.774410247802734,552.4208896503375
847642930531798302,0.0,0.0,0.0,0.0,0.0
847642930532420301,0.0,0.0,0.0,0.0,0.0
847642930549235901,0.0,0.0,0.0,0.0,0.0
847742930520009601,0.0,0.0,0.0,0.0,0.0
847842930548089302,0.0,23.510276766956782,0.0,25.1347713470459,329.1438662379014
847942930474001102,0.0,0.0,0.0,0.0,0.0
847942930550687401,4.19444465637207,6.305752677613428,122.74494175352544,33.38440704345703,227.00710210368575
848142930518599101,0.0,0.0,0.0,0.0,0.0
848142930546877402,0.0,0.0,0.0,0.0,0.0
848542929272107001,3.2857143878936768,14.449170325413224,243.59814049586777,82.09931182861328,910.2977302882297
848642930474098702,0.0,0.0,0.0,0.0,0.0
848642930515458801,0.0,0.0,0.0,0.0,0.0
848742930474465301,0.0,0.0,0.0,0.0,0.0
848742930527002601,0.0,0.0,0.0,0.0,0.0
848842929417283102,0.0,0.0,0.0,0.0,0.0
848842930453571002,0.0,0.0,0.0,0.0,0.0
848842930523664101,0.0,0.0,0.0,0.0,0.0
849142930453075102,0.0,0.0,0.0,0.0,0.0
849342930509788702,2.8518519401550293,17.808148704988195,322.21841794569065,70.14942932128906,961.6400228633228
849342930543236502,0.0,0.0,0.0,0.0,0.0
849442930515789602,0.0,0.0,0.0,0.0,0.0
849442930516675901,2.6956522464752197,31.314349295079023,324.13721264367814,0.0,1440.4601114536154
849442930530919102,0.0,0.0,0.0,0.0,0.0
849542930508064101,0.0,0.0,0.0,0.0,0.0
849542930508937701,0.0,0.0,0.0,0.0,0.0
849642928281688101,0.0,0.0,0.0,0.0,0.0
849642930510091802,0.0,0.0,0.0,0.0,0.0
849742928232592202,0.0,0.0,0.0,0.0,0.0
849742930465173101,0.0,0.0,0.0,0.0,0.0
849942930541466401,0.0,0.0,0.0,0.0,0.0
851142930456979301,0.0,0.0,0.0,0.0,0.0
851142930516500302,0.0,0.0,0.0,0.0,0.0
851242930464994401,0.0,0.0,0.0,0.0,0.0
851342930532811802,0.0,0.0,0.0,0.0,0.0
851342930533843601,0.0,0.0,0.0,0.0,0.0
851442928197867501,0.0,0.0,0.0,0.0,0.0
851442930517556402,0.0,0.0,0.0,0.0,0.0
851442930541819701,0.0,0.0,0.0,0.0,0.0
851542930473554901,0.0,0.0,0.0,0.0,0.0
851542930479652201,0.0,0.0,0.0,0.0,0.0
851642929800393702,0.0,0.0,0.0,0.0,0.0
851842930548226801,0.0,0.0,0.0,0.0,0.0
851942928168167902,0.0,0.0,0.0,0.0,0.0
851942930524132701,0.8260869383811951,9.558936088786835,15.818344176553131,57.54402160644531,439.71107776640383
852042930451607302,0.0,0.0,0.0,0.0,0.0
852042930472169702,0.0,0.0,0.0,0.0,0.0
852042930473437401,0.0,0.0,0.0,0.0,0.0
852042930475570301,0.0,0.0,0.0,0.0,0.0
852242930460969701,0.0,0.0,0.0,0.0,0.0
852342929373045201,0.0,0.0,0.0,0.0,0.0
852542930473401302,4.454545497894287,93.64986224335749,451.7487922705314,51.1226806640625,1030.1484554862054
852542930524117702,0.0,0.0,0.0,0.0,0.0
852642930524078902,0.0,0.0,0.0,0.0,0.0
852742930511203801,0.0,0.0,0.0,0.0,0.0
852842930459571501,6.724137783050537,12.636958355505032,134.68933823529412,35.95942687988281,366.47178609747635
852842930525394302,0.0,0.0,0.0,0.0,0.0
852942930473536101,0.0,0.0,0.0,0.0,0.0
852942930478392801,0.0,0.0,0.0,0.0,0.0
852942930509739101,0.0,0.0,0.0,0.0,0.0
852942930530305401,4.833333492279053,17.911380222865514,52.74330357142857,9.751949310302734,107.46828324454171
853042930509911702,0.0,0.0,0.0,0.0,0.0
853342930477740601,0.0,0.0,0.0,0.0,0.0
853342930477883601,0.0,0.0,0.0,0.0,0.0
853442930200179101,0.0,0.0,0.0,0.0,0.0
853442930517536102,0.0,0.0,0.0,0.0,0.0
853442930544397802,0.0,0.0,0.0,0.0,0.0
853442930546952402,0.0,0.0,0.0,0.0,0.0
853542930075840502,1.2705882787704468,8.661139722998138,150.5001862197393,93.07857513427734,736.1968513645052
853642930526406301,0.0,0.0,0.0,0.0,0.0
853842928633866502,0.0,0.0,0.0,0.0,0.0
853842930523791502,0.0,0.0,0.0,0.0,0.0
854042930477061502,0.0,0.0,0.0,0.0,0.0
854042930520187702,0.0,0.0,0.0,0.0,0.0
854242930547722102,0.0,0.0,0.0,0.0,0.0
854442930534463402,0.0,0.0,0.0,0.0,0.0
854642928000561902,0.0,0.0,0.0,0.0,0.0
854742930470528401,0.0,0.0,0.0,0.0,0.0
854742930534326101,0.0,0.0,0.0,0.0,0.0
854742930541679401,0.0,0.0,0.0,0.0,0.0
854742930547269101,0.0,0.0,0.0,0.0,0.0
855042930479722302,0.0,0.0,0.0,0.0,0.0
855142930531636301,0.0,0.0,0.0,0.0,0.0
855442930454874201,0.0,0.0,0.0,0.0,0.0
855742929922100201,0.0,0.0,0.0,0.0,0.0
855842930526750501,0.0,0.0,0.0,0.0,0.0
856242927949032701,0.0,0.0,0.0,0.0,0.0
856442930545553601,0.0,0.0,0.0,0.0,0.0
856542930530007901,0.0,0.0,0.0,0.0,0.0
856642930519891202,0.0,0.0,0.0,0.0,0.0
856742930458761302,0.0,0.0,0.0,0.0,0.0
856742930465409602,0.0,0.0,0.0,0.0,0.0
857242930476276902,0.0,0.0,0.0,0.0,0.0
857242930508670402,0.0,0.0,0.0,0.0,0.0
857242930524371102,0.0,0.0,0.0,0.0,0.0
857442930518866601,0.0,0.0,0.0,0.0,0.0
857542930465260501,0.0,0.0,0.0,0.0,0.0
857742930525646702,0.0,0.0,0.0,0.0,0.0
857742930530769201,0.0,0.0,0.0,0.0,0.0
857842930460536701,0.0,0.0,0.0,0.0,0.0
858042929155550101,0.0,0.0,0.0,0.0,0.0
858042930462066802,0.0,0.0,0.0,0.0,0.0
858342930463483402,0.0,0.0,0.0,0.0,0.0
858342930472058502,0.0,0.0,0.0,0.0,0.0
858542930464169701,0.0,0.0,0.0,0.0,0.0
858542930468014502,0.0,0.0,0.0,0.0,0.0
858642929649204902,0.0,0.0,0.0,0.0,0.0
858742929303831001,0.0,0.0,0.0,0.0,0.0
858742929493932302,0.0,0.0,0.0,0.0,0.0
858742930449379501,0.0,0.0,0.0,0.0,0.0
858842930455930602,0.0,0.0,0.0,0.0,0.0
858842930477463802,0.0,0.0,0.0,0.0,0.0
858842930522413401,0.0,0.0,0.0,0.0,0.0
859042930546815401,0.0,0.0,0.0,0.0,0.0
859142930456578101,0.0,0.0,0.0,0.0,0.0
859142930459286302,4.222222328186035,18.158702256944444,82.53981481481482,17.015920639038086,163.42831683158875
859342930455322901,0.0,0.0,0.0,0.0,0.0
859442930540607101,0.0,0.0,0.0,0.0,0.0
859642930457644301,1.0,9.479858800930288,9.479981158737635,0.8595043420791626,9.479858800930288
861342930509458601,0.0,0.0,0.0,0.0,0.0
861342930510892602,0.0,0.0,0.0,0.0,0.0
861642930478205701,0.0,0.0,0.0,0.0,0.0
861942928636897801,0.0,0.0,0.0,0.0,0.0
862242930534647301,0.0,0.0,0.0,0.0,0.0
862242930535062302,0.0,0.0,0.0,0.0,0.0
862342930473319301,0.0,0.0,0.0,0.0,0.0
862542930542401601,0.0,0.0,0.0,0.0,0.0
862642930449976702,0.5049505233764648,10.01573309481823,51.08717670464822,82.40418243408203,1011.5890310642452
862742930526496102,0.0,0.0,0.0,0.0,0.0
863042930476428201,0.0,0.0,0.0,0.0,0.0
863242930524324202,0.0,0.0,0.0,0.0,0.0
863242930531653402,0.0,0.0,0.0,0.0,0.0
863742930468804801,0.0,0.0,0.0,0.0,0.0
864042930479321901,0.0,0.0,0.0,0.0,0.0
864242930548351701,0.0,0.0,0.0,0.0,0.0
864342930509826301,0.0,0.0,0.0,0.0,0.0
864342930530677902,0.0,0.0,0.0,0.0,0.0
864542930477405101,4.333333492279053,7.225362297232825,46.80152671755725,12.6983003616333,108.38043694241357
864842930448018302,0.0,0.0,0.0,0.0,0.0
864942930448335102,0.0,0.0,0.0,0.0,0.0
865242930471612302,0.0,0.0,0.0,0.0,0.0
865342930446606702,0.0,0.0,0.0,0.0,0.0
865342930530172102,2.7088608741760254,17.49197449745841,181.55822550831792,115.41667175292969,1381.8660371374622
865542930459456602,0.0,0.0,0.0,0.0,0.0
865742930528998502,0.0,0.0,0.0,0.0,0.0
865942930463814801,0.0,0.0,0.0,0.0,0.0
865942930470030902,3.0714285373687744,7.215029441815444,65.6194880619488,18.806781768798828,202.0208224720995
866042927917644201,0.0,0.0,0.0,0.0,0.0
866042928912051802,0.0,0.0,0.0,0.0,0.0
866042930464056401,3.857142925262451,5.95077621617268,25.26701030927835,9.01851749420166,83.31086693203326
866042930532465602,0.0,0.0,0.0,0.0,0.0
866242930525769601,0.0,0.0,0.0,0.0,0.0
866442929761753701,2.60606050491333,12.674194450989633,300.0,83.6007308959961,1254.7452675929956
866442930517624802,0.0,0.0,0.0,0.0,0.0
866442930545178801,0.0,0.0,0.0,0.0,0.0
866542930528633702,0.0,0.0,0.0,0.0,0.0
866642930533055601,0.0,0.0,0.0,0.0,0.0
867142930454378502,0.0,0.0,0.0,0.0,0.0
867142930510401702,0.0,0.0,0.0,0.0,0.0
867142930546069701,0.0,0.0,0.0,0.0,0.0
867342928255449102,0.0,0.0,0.0,0.0,0.0
867342930518913702,0.0,0.0,0.0,0.0,0.0
867342930524194302,5.0,6.067335104783494,6.067357512953368,0.7302675843238831,6.067335104783494
867342930538873202,0.0,0.0,0.0,0.0,0.0
867542930474478802,0.0,0.0,0.0,0.0,0.0
867642930516478102,0.0,0.0,0.0,0.0,0.0
867642930541363401,0.0,0.0,0.0,0.0,0.0
867842930461437102,0.0,0.0,0.0,0.0,0.0
867942930533916401,0.0,0.0,0.0,0.0,0.0
868042930470817501,0.0,0.0,0.0,0.0,0.0
868242930531074002,12.0,11.916681010740843,11.916551914073258,0.6222954988479614,11.916681010740843
868342930477434601,4.333333492279053,7.9858592899891185,51.36953210010881,19.45164680480957,143.74546180700193
868442930461389001,0.0,0.0,0.0,0.0,0.0
868542930547589402,0.0,0.0,0.0,0.0,0.0
868642930515771301,0.0,0.0,0.0,0.0,0.0
868842930528247102,0.0,0.0,0.0,0.0,0.0
868942930452894801,0.0,0.0,0.0,0.0,0.0
868942930460670501,7.0,22.48073538264238,137.89195979899498,29.201786041259766,224.80735423536956
869542930478570501,0.0,0.0,0.0,0.0,0.0
869542930509071702,0.0,0.0,0.0,0.0,0.0
869542930530863101,0.0,0.0,0.0,0.0,0.0
869542930542513401,0.0,0.0,0.0,0.0,0.0
869642930468064501,0.0,0.0,0.0,0.0,0.0
869642930541881202,0.0,0.0,0.0,0.0,0.0
869642930544401701,0.0,0.0,0.0,0.0,0.0
869742930542034002,0.0,0.0,0.0,0.0,0.0
869842930517944101,0.0,0.0,0.0,0.0,0.0
869942930464423201,0.0,0.0,0.0,0.0,0.0
869942930529109802,0.0,0.0,0.0,0.0,0.0
869942930543346502,0.0,0.0,0.0,0.0,0.0
871142930450013702,4.606557369232178,37.082736545138886,551.0821256038647,132.30467224121094,2262.046933796095
871142930480719401,0.0,0.0,0.0,0.0,0.0
871242930523367401,0.0,0.0,0.0,0.0,0.0
871342930521539001,5.0,18.580485090272298,18.580505130228886,1.1334309577941895,18.580485090272298
871342930525209801,3.47560977935791,10.520269496544916,305.2712497532083,49.397464752197266,862.6621155062315
871342930534708502,5.285714149475098,14.807861892829607,75.80493446414803,11.630456924438477,103.65503532039081
871442930450821301,0.0,0.0,0.0,0.0,0.0
871542929309376301,0.0,0.0,0.0,0.0,0.0
871542930475100402,4.4285712242126465,23.81314730862959,98.5493119266055,7.879725456237793,166.6920322103238
871842930471544702,0.0,0.0,0.0,0.0,0.0
871842930473777201,0.0,0.0,0.0,0.0,0.0
871842930477164102,0.0,0.0,0.0,0.0,0.0
871842930546587302,0.0,0.0,0.0,0.0,0.0
871942930522152902,0.0,0.0,0.0,0.0,0.0
872042930531248002,0.0,0.0,0.0,0.0,0.0
872142928191352102,0.0,0.0,0.0,0.0,0.0
872142930517248702,3.6363637447357178,4.8528278402410345,34.25955320399765,8.251347541809082,53.381106242651384
872142930525374001,0.0,0.0,0.0,0.0,0.0
872242930535099602,0.0,0.0,0.0,0.0,0.0
872542930526772802,0.0,0.0,0.0,0.0,0.0
872642930471804901,0.0,0.0,0.0,0.0,0.0
872842930463802702,0.0,0.0,0.0,0.0,0.0
872942930518030701,0.0,0.0,0.0,0.0,0.0
873042930475504502,0.0,0.0,0.0,0.0,0.0
873142929400229701,0.0,0.0,0.0,0.0,0.0
873142930528481601,0.0,0.0,0.0,0.0,0.0
873442930525416502,0.0,0.0,0.0,0.0,0.0
873442930531294301,1.3333333730697632,9.622767705502717,17.941032608695654,4.065424919128418,28.868302055027176
873542930530923201,0.0,0.0,0.0,0.0,0.0
873842930463851302,0.0,0.0,0.0,0.0,0.0
873942930478273401,0.0,0.0,0.0,0.0,0.0
873942930524006502,0.0,0.0,0.0,0.0,0.0
873942930524909502,0.0,0.0,0.0,0.0,0.0
873942930528998602,0.0,0.0,0.0,0.0,0.0
874042930452220201,0.0,0.0,0.0,0.0,0.0
874042930472430802,0.0,0.0,0.0,0.0,0.0
874042930508878001,0.0,0.0,0.0,0.0,0.0
874142930549247501,0.0,0.0,0.0,0.0,0.0
874242930457617401,0.0,0.0,0.0,0.0,0.0
874242930461871701,0.0,0.0,0.0,0.0,0.0
874242930524490802,0.0,0.0,0.0,0.0,0.0
874542930051179802,0.0,0.0,0.0,0.0,0.0
874642930467125901,0.0,0.0,0.0,0.0,0.0
874642930524115201,0.0,0.0,0.0,0.0,0.0
874842928176254401,0.0,0.0,0.0,0.0,0.0
874842930456115302,3.218181848526001,15.051300254243488,454.8887913374305,116.54288482666016,1655.6430384786918
874842930531525802,0.0,0.0,0.0,0.0,0.0
875142928823088002,0.0,0.0,0.0,0.0,0.0
875142930518232402,0.0,0.0,0.0,0.0,0.0
875242929166244901,5.5,19.726984082536838,90.29769016328156,15.2431640625,118.36190857881572
875242930265176101,0.0,0.0,0.0,0.0,0.0
875442930534879301,0.0,0.0,0.0,0.0,0.0
875542930476089902,0.0,0.0,0.0,0.0,0.0
875642930535245501,0.0,0.0,0.0,0.0,0.0
875942930532537202,0.0,0.0,0.0,0.0,0.0
876042930516405702,0.0,0.0,0.0,0.0,0.0
876142930516358702,0.0,0.0,0.0,0.0,0.0
876142930520974101,0.0,0.0,0.0,0.0,0.0
876142930526299101,0.0,0.0,0.0,0.0,0.0
876242930517852801,2.5,9.91345275471832,56.2007946643962,49.83894348144531,356.88428324632685
876242930524959801,0.0,0.0,0.0,0.0,0.0
876342929194683901,0.0,0.0,0.0,0.0,0.0
876342930533438402,0.0,0.0,0.0,0.0,0.0
876642928623805201,0.0,0.0,0.0,0.0,0.0
876642930527818202,0.0,0.0,0.0,0.0,0.0
876642930532431701,0.0,0.0,0.0,0.0,0.0
876942930455630201,0.0,0.0,0.0,0.0,0.0
876942930476500202,2.8888888359069824,10.619347731038292,45.34094256259205,11.575484275817871,95.57413160186454
877042930520595202,0.0,0.0,0.0,0.0,0.0
877242930452789102,0.0,0.0,0.0,0.0,0.0
877342930533611101,0.0,0.0,0.0,0.0,0.0
877442930517084701,0.0,0.0,0.0,0.0,0.0
877442930517549801,0.0,0.0,0.0,0.0,0.0
877442930541810301,0.0,0.0,0.0,0.0,0.0
877642930474762901,0.0,0.0,0.0,0.0,0.0
877642930509111001,0.0,0.0,0.0,0.0,0.0
877642930536051902,0.0,0.0,0.0,0.0,0.0
877842930530796501,0.0,0.0,0.0,0.0,0.0
877942930509116701,0.0,0.0,0.0,0.0,0.0
878042930550394601,0.0,0.0,0.0,0.0,0.0
878142930522432301,0.0,0.0,0.0,0.0,0.0
878242930289535201,0.0,0.0,0.0,0.0,0.0
878342930534037002,0.0,0.0,0.0,0.0,0.0
878442930457568501,0.0,0.0,0.0,0.0,0.0
878442930464591201,0.0,0.0,0.0,0.0,0.0
878542930093539401,0.0,0.0,0.0,0.0,0.0
878642930453062702,0.0,0.0,0.0,0.0,0.0
878642930472689301,0.0,0.0,0.0,0.0,0.0
878642930541630601,0.0,0.0,0.0,0.0,0.0
878742929309357202,0.0,0.0,0.0,0.0,0.0
878742930447545202,0.0,0.0,0.0,0.0,0.0
878742930461545401,3.75,28.80319626266892,259.6081081081081,85.31609344482422,1267.3406784882416
878842930547963502,0.0,0.0,0.0,0.0,0.0
878942930477741302,0.0,0.0,0.0,0.0,0.0
879142929012644202,0.0,0.0,0.0,0.0,0.0
879142929861272302,0.0,0.0,0.0,0.0,0.0
879142930545722802,3.633333444595337,11.598926036227153,90.40241514360314,42.355186462402344,347.9677830987437
879242930473936201,0.0,0.0,0.0,0.0,0.0
879242930525474302,0.0,0.0,0.0,0.0,0.0
879342930550665702,0.0,0.0,0.0,0.0,0.0
879542930447227302,0.0,0.0,0.0,0.0,0.0
879542930471811501,0.0,0.0,0.0,0.0,0.0
879542930542044901,0.0,0.0,0.0,0.0,0.0
879742930524472601,0.0,0.0,0.0,0.0,0.0
879742930530521802,0.0,0.0,0.0,0.0,0.0
879842930460504202,2.388235330581665,10.503487443637274,134.75926853707415,86.7110366821289,892.7964660581463
879942930446940201,0.0,0.0,0.0,0.0,0.0
879942930459835002,0.0,0.0,0.0,0.0,0.0
881242930450290802,0.0,0.0,0.0,0.0,0.0
881342930524302201,100.0,0.5666364460562103,0.5666364460562103,0.032645825296640396,0.5666364460562103
881342930534866401,0.0,0.0,0.0,0.0,0.0
881442930538844801,0.0,0.0,0.0,0.0,0.0
881542930448893901,0.0,0.0,0.0,0.0,0.0
881542930537459101,0.0,0.0,0.0,0.0,0.0
881642930453490402,4.259259223937988,10.289027592360506,151.4516129032258,23.657638549804688,277.80373929912565
881842930548693302,4.0,7.848273360123397,9.646533528170158,1.2335741519927979,15.696546720246793
881942930458473002,0.0,0.0,0.0,0.0,0.0
882042930451587001,0.0,0.0,0.0,0.0,0.0
882042930460138902,0.0,0.0,0.0,0.0,0.0
882042930518036902,0.0,0.0,0.0,0.0,0.0
882242927979733302,0.0,0.0,0.0,0.0,0.0
882342930532789302,2.4583332538604736,15.023996407372696,185.31208997188378,23.054157257080078,360.5759064931491
882442930534443801,0.0,0.0,0.0,0.0,0.0
882742928832350602,0.0,0.0,0.0,0.0,0.0
882742930474333401,0.0,0.0,0.0,0.0,0.0
882742930476653301,0.0,0.0,0.0,0.0,0.0
882742930480113002,0.0,0.0,0.0,0.0,0.0
882842930517036602,6.75,90.24872901119403,307.78805970149256,22.726333618164062,360.99492333255597
882842930530281801,0.0,0.0,0.0,0.0,0.0
882942930528952802,0.0,0.0,0.0,0.0,0.0
883042927979653202,0.0,0.0,0.0,0.0,0.0
883042930464210701,0.0,0.0,0.0,0.0,0.0
883042930533976102,0.0,0.0,0.0,0.0,0.0
883142928108880501,0.0,0.0,0.0,0.0,0.0
883142930540240101,0.0,0.0,0.0,0.0,0.0
883342928845045702,0.0,0.0,0.0,0.0,0.0
883342930516084201,0.0,0.0,0.0,0.0,0.0
883342930522943101,0.0,0.0,0.0,0.0,0.0
883542930509244801,0.0,0.0,0.0,0.0,0.0
883842928634028901,5.318181991577148,109.7667987530048,579.0865384615385,96.32083129882812,2414.8695030212402
883842930530746501,0.0,0.0,0.0,0.0,0.0
883942930520327901,0.0,0.0,0.0,0.0,0.0
884242930530802101,0.0,0.0,0.0,0.0,0.0
884442928697249802,0.0,0.0,0.0,0.0,0.0
884542930508371602,0.0,0.0,0.0,0.0,0.0
884642930472927902,0.0,0.0,0.0,0.0,0.0
884642930550779101,0.0,0.0,0.0,0.0,0.0
884742930528071801,0.0,0.0,0.0,0.0,0.0
884842930528175701,0.0,0.0,0.0,0.0,0.0
884942928726710702,0.0,0.0,0.0,0.0,0.0
885042930464006301,242.0,0.40796503156872266,0.40796503156872266,0.0498226135969162,0.40796503156872266
885142930477436202,0.0,0.0,0.0,0.0,0.0
885242930520068101,0.0,0.0,0.0,0.0,0.0
885442929543839302,0.0,0.0,0.0,0.0,0.0
885642930511258901,0.0,0.0,0.0,0.0,0.0
885742929613518902,0.0,0.0,0.0,0.0,0.0
885942928726169702,0.0,0.0,0.0,0.0,0.0
885942930450228701,3.82608699798584,7.063460691334992,124.16384742951907,62.795066833496094,487.3788072475351
885942930460737202,0.0,0.0,0.0,0.0,0.0
886142930477536701,3.3333332538604736,13.671886681369617,25.747458133971293,3.7177391052246094,41.01566121224581
886242930534854202,0.0,0.0,0.0,0.0,0.0
886242930541392601,0.0,0.0,0.0,0.0,0.0
886342930547993002,0.0,0.0,0.0,0.0,0.0
886442930461291402,0.0,0.0,0.0,0.0,0.0
886442930479641201,0.0,0.0,0.0,0.0,0.0
886442930526393201,0.0,0.0,0.0,0.0,0.0
886542930453863001,3.875,8.844915933935361,80.87289516567083,17.530864715576172,141.51865305322983
886742930453000701,0.0,0.0,0.0,0.0,0.0
886742930479942201,0.0,0.0,0.0,0.0,0.0
886742930509750502,0.0,0.0,0.0,0.0,0.0
886742930516418501,0.0,0.0,0.0,0.0,0.0
886942930525439601,0.0,0.0,0.0,0.0,0.0
887042930519802501,0.0,0.0,0.0,0.0,0.0
887142927963846701,2.865384578704834,12.194147762666113,90.83167220376522,56.39609909057617,634.0956757599333
887342930475309002,0.0,0.0,0.0,0.0,0.0
887542930532755102,0.0,0.0,0.0,0.0,0.0
887642930460145701,0.0,0.0,0.0,0.0,0.0
887842930519240601,0.0,0.0,0.0,0.0,0.0
887842930521675302,0.0,0.0,0.0,0.0,0.0
887842930524419802,0.0,0.0,0.0,0.0,0.0
887942930461968101,0.0,0.0,0.0,0.0,0.0
888042930480079302,0.0,0.0,0.0,0.0,0.0
888142930464421702,0.0,0.0,0.0,0.0,0.0
888442930544244301,5.309091091156006,11.577539246533854,189.52927715708708,88.79301452636719,636.7646319483953
888542928602970201,3.2201833724975586,7.082222640912559,302.3774167736653,71.27391815185547,771.9622471484726
888542929372994801,0.0,0.0,0.0,0.0,0.0
888742930460589802,0.0,0.0,0.0,0.0,0.0
888742930515417702,0.0,0.0,0.0,0.0,0.0
888842930523174002,3.7142856121063232,13.699905585451244,66.76141078838174,8.401979446411133,95.89933829089912
888842930525252101,0.0,0.0,0.0,0.0,0.0
888842930534199202,0.0,0.0,0.0,0.0,0.0
888942930456231601,0.0,0.0,0.0,0.0,0.0
889142930540539802,0.0,0.0,0.0,0.0,0.0
889342930468765601,0.0,0.0,0.0,0.0,0.0
889342930477304901,0.0,0.0,0.0,0.0,0.0
889742930527794902,0.0,0.0,0.0,0.0,0.0
889742930538694302,0.0,0.0,0.0,0.0,0.0
891142929197828702,0.0,0.0,0.0,0.0,0.0
891142930524308901,0.0,0.0,0.0,0.0,0.0
891142930524983002,0.0,0.0,0.0,0.0,0.0
891142930526397302,0.0,0.0,0.0,0.0,0.0
891142930533040802,0.0,0.0,0.0,0.0,0.0
891242930480126701,0.0,0.0,0.0,0.0,0.0
891342930518678402,0.0,0.0,0.0,0.0,0.0
891442930474265002,0.0,0.0,0.0,0.0,0.0
891442930519394501,3.0744681358337402,6.946409529230125,190.8338305333124,65.08135986328125,652.9625302949294
891642928099619102,0.0,0.0,0.0,0.0,0.0
891642930545936502,0.0,0.0,0.0,0.0,0.0
891742930542655002,0.0,0.0,0.0,0.0,0.0
891842930529493501,0.0,0.0,0.0,0.0,0.0
891842930536029501,0.0,0.0,0.0,0.0,0.0
891942928074491401,0.0,0.0,0.0,0.0,0.0
891942930534585101,4.366666793823242,7.1557812213722976,59.87138145840967,35.409706115722656,214.67343478064782
892342930479133402,2.1212120056152344,5.298508210425064,33.63017588860389,21.180917739868164,174.85077647526825
892442930459069701,0.0,0.0,0.0,0.0,0.0
892442930528126802,0.0,0.0,0.0,0.0,0.0
892442930545085002,4.210526466369629,33.77076964447464,291.68840579710144,25.486591339111328,641.6446284694948
892742930547903302,0.0,0.0,0.0,0.0,0.0
893142927975166402,0.0,0.0,0.0,0.0,0.0
893142930455255102,0.0,0.0,0.0,0.0,0.0
893342930528780001,0.0,0.0,0.0,0.0,0.0
893442930545531201,0.0,0.0,0.0,0.0,0.0
893642928077920702,0.0,0.0,0.0,0.0,0.0
893642929424116302,0.0,0.0,0.0,0.0,0.0
893742930463306101,0.0,0.0,0.0,0.0,0.0
893842930527186101,5.767441749572754,9.330242172060277,225.58234519104084,45.82985305786133,401.20040616184986
894042930477690402,0.0,0.0,0.0,0.0,0.0
894342930184380301,0.0,0.0,0.0,0.0,0.0
894442930463609702,0.0,0.0,0.0,0.0,0.0
894742930518898001,0.0,0.0,0.0,0.0,0.0
894742930521856602,0.0,0.0,0.0,0.0,0.0
894942928210492902,0.0,0.0,0.0,0.0,0.0
895042930546773801,0.0,0.0,0.0,0.0,0.0
895342927982896301,0.0,0.0,0.0,0.0,0.0
895542930447808001,0.0,0.0,0.0,0.0,0.0
895742930457228602,0.0,0.0,0.0,0.0,0.0
895742930530491102,0.0,0.0,0.0,0.0,0.0
896042930535044301,0.0,0.0,0.0,0.0,0.0
896142930453359302,0.0,0.0,0.0,0.0,0.0
896242930449464402,0.0,0.0,0.0,0.0,0.0
896242930528754401,3.588235378265381,5.949667276407192,92.05914802329146,20.665220260620117,202.28869082090108
896242930539614902,0.0,0.0,0.0,0.0,0.0
896342930538899601,0.0,0.0,0.0,0.0,0.0
896342930546451101,0.0,0.0,0.0,0.0,0.0
896442930459265001,0.0,0.0,0.0,0.0,0.0
896542928119391301,0.0,0.0,0.0,0.0,0.0
896642930521106401,4.611111164093018,14.701764267695232,195.72155601052938,84.61747741699219,1058.527026310062
896742927944985902,0.0,0.0,0.0,0.0,0.0
896842930460665702,0.0,0.0,0.0,0.0,0.0
896842930522097502,0.0,0.0,0.0,0.0,0.0
896842930529787402,0.0,0.0,0.0,0.0,0.0
897042930455342701,0.0,0.0,0.0,0.0,0.0
897042930460206502,2.799999952316284,15.745875138070693,53.22164948453608,5.907783031463623,78.72937353299889
897242930545432902,0.0,0.0,0.0,0.0,0.0
897242930547626402,0.0,0.0,0.0,0.0,0.0
897642930523595201,0.0,0.0,0.0,0.0,0.0
897842930459772701,0.0,0.0,0.0,0.0,0.0
897942929946658301,0.0,0.0,0.0,0.0,0.0
897942930478722601,0.0,0.0,0.0,0.0,0.0
898142930472063702,0.0,0.0,0.0,0.0,0.0
898242929118597101,0.0,0.0,0.0,0.0,0.0
898542930460696001,0.0,0.0,0.0,0.0,0.0
898642928878430201,0.0,0.0,0.0,0.0,0.0
898642929269102702,0.0,0.0,0.0,0.0,0.0
898642930457963402,0.0,0.0,0.0,0.0,0.0
898642930464550601,0.0,0.0,0.0,0.0,0.0
898642930515610702,0.0,0.0,0.0,0.0,0.0
898642930525899401,3.7701148986816406,8.81078150451337,285.280982760961,72.26944732666016,766.5379753594356
898642930526253401,2.948453664779663,4.152995923913044,46.75053708439898,59.40616989135742,402.8405982249228
898742930527914001,0.0,0.0,0.0,0.0,0.0
898942930534781701,0.0,0.0,0.0,0.0,0.0
899142930458916502,0.0,0.0,0.0,0.0,0.0
899142930520949702,0.0,0.0,0.0,0.0,0.0
899442930477602002,3.9200000762939453,5.910235463181073,101.37136419500204,55.640193939208984,295.5117642032665
899542930479072802,0.0,0.0,0.0,0.0,0.0
899542930518010302,3.8181817531585693,11.689170483534323,252.1113172541744,51.32451248168945,514.3235068259302
899542930529210902,0.0,0.0,0.0,0.0,0.0
899642929259359502,0.0,0.0,0.0,0.0,0.0
899642930538859901,5.333333492279053,48.11950891132148,304.8624420401855,33.21773910522461,577.4340918421561
899742929012951802,3.25,8.055658978583196,121.50313014827019,66.90365600585938,741.1206387887166
899742930519645701,0.0,0.0,0.0,0.0,0.0
901242928823042002,0.0,0.0,0.0,0.0,0.0
901242930509448502,3.427184581756592,14.77821202090052,309.09104440585463,128.39093017578125,1522.1558081757132
901342930543043201,0.0,0.0,0.0,0.0,0.0
901442928087989501,0.0,0.0,0.0,0.0,0.0
901542930540856402,0.0,0.0,0.0,0.0,0.0
901742930453905802,0.0,0.0,0.0,0.0,0.0
901842930462787701,0.0,0.0,0.0,0.0,0.0
901942928175981702,0.0,0.0,0.0,0.0,0.0
902042930476478901,0.0,0.0,0.0,0.0,0.0
902442930542582601,0.0,0.0,0.0,0.0,0.0
902542930463173102,0.0,0.0,0.0,0.0,0.0
902642930517698402,0.0,0.0,0.0,0.0,0.0
902742928109525001,0.0,0.0,0.0,0.0,0.0
902742930453899501,3.1020407676696777,6.644376170034214,145.036558862135,0.0,325.57443779651163
902742930519255402,0.0,0.0,0.0,0.0,0.0
902842930524465902,0.0,0.0,0.0,0.0,0.0
903142930518312801,0.0,0.0,0.0,0.0,0.0
903142930518862702,0.0,0.0,0.0,0.0,0.0
903342930466703601,0.0,0.0,0.0,0.0,0.0
903442930527707601,0.0,0.0,0.0,0.0,0.0
903542930447094901,0.0,0.0,0.0,0.0,0.0
903742929488676902,0.0,0.0,0.0,0.0,0.0
903842930509351502,4.56862735748291,8.329464754433038,109.63485767615492,57.2537841796875,424.80268553320735
903942930475834401,0.0,0.0,0.0,0.0,0.0
904042929922159801,0.0,0.0,0.0,0.0,0.0
904042930465200202,0.0,0.0,0.0,0.0,0.0
904042930548901001,0.0,0.0,0.0,0.0,0.0
904142929735970401,0.0,0.0,0.0,0.0,0.0
904142930515785701,0.0,0.0,0.0,0.0,0.0
904342930466563902,0.0,0.0,0.0,0.0,0.0
904642930462924201,0.0,0.0,0.0,0.0,0.0
904642930524324701,0.0,0.0,0.0,0.0,0.0
904642930526554502,0.0,0.0,0.0,0.0,0.0
904742930459111701,0.0,0.0,0.0,0.0,0.0
904742930527109901,0.0,0.0,0.0,0.0,0.0
905042930460852201,0.0,0.0,0.0,0.0,0.0
905142930446820001,0.0,0.0,0.0,0.0,0.0
905242930463572302,0.0,0.0,0.0,0.0,0.0
905342930475284702,0.0,0.0,0.0,0.0,0.0
905342930518946001,0.0,0.0,0.0,0.0,0.0
905542930510527201,0.0,0.0,0.0,0.0,0.0
906042928191142702,2.299999952316284,2.9953636118953915,19.284964636094,4.099011421203613,29.95363656456765
906142930464080001,0.0,0.0,0.0,0.0,0.0
906142930467844802,11.285714149475098,9.584271433717579,75.16467682173734,13.043164253234863,134.17979590084977
906142930530048102,0.0,0.0,0.0,0.0,0.0
906142930545816502,0.0,0.0,0.0,0.0,0.0
906242930524307702,0.378947377204895,6.848334036271615,33.727709827077184,81.79997253417969,650.5917576095617
906342930525706801,0.0,0.0,0.0,0.0,0.0
906442930220683002,0.0,0.0,0.0,0.0,0.0
906442930517855702,0.0,0.0,0.0,0.0,0.0
906542930532165101,0.0,0.0,0.0,0.0,0.0
906642930533847202,0.0,0.0,0.0,0.0,0.0
906642930543050002,0.0,0.0,0.0,0.0,0.0
906742930466029301,0.0,0.0,0.0,0.0,0.0
906742930543871702,0.0,0.0,0.0,0.0,0.0
906842930453354501,0.0,0.0,0.0,0.0,0.0
906942930459183502,0.0,0.0,0.0,0.0,0.0
907042930546299502,0.0,0.0,0.0,0.0,0.0
907142930530076001,2.2727272510528564,13.44192923751532,147.86274509803923,19.05453872680664,147.86122333302217
907442930509708802,0.0,0.0,0.0,0.0,0.0
907542930479797202,1.0,5.898030929649981,5.898042113040266,0.9317014217376709,5.898030929649981
907542930542775001,0.0,0.0,0.0,0.0,0.0
907842929230221302,0.0,0.0,0.0,0.0,0.0
907942930456347202,1.6440677642822266,9.382808668840722,46.410357002746174,71.18860626220703,553.5857147899222
908142930480102102,0.0,0.0,0.0,0.0,0.0
908142930527591102,0.0,0.0,0.0,0.0,0.0
908342930476180501,4.04878044128418,8.049147227112677,94.56569416498994,37.76247787475586,330.0150345431967
908342930535016301,4.217391490936279,12.31747528359855,122.7055301717347,0.0,283.3019249681527
908442930453832802,0.0,0.0,0.0,0.0,0.0
908642930541948102,0.0,0.0,0.0,0.0,0.0
908742930473883801,0.0,0.0,0.0,0.0,0.0
908942930479161202,0.0,0.0,0.0,0.0,0.0
909342930456023901,0.0,0.0,0.0,0.0,0.0
909342930459358202,0.0,0.0,0.0,0.0,0.0
909742930342632902,0.0,0.0,0.0,0.0,0.0
909942930476421402,3.2874999046325684,19.51785745706644,192.04617117117118,102.45695495605469,1561.4285982836475
911142930462634802,0.0,0.0,0.0,0.0,0.0
911242929047773602,3.3333332538604736,8.969781858129316,72.94130571249215,12.309274673461914,161.4560792088434
911242930462622402,0.0,0.0,0.0,0.0,0.0
911342930462867102,0.0,0.0,0.0,0.0,0.0
911342930475753101,0.0,0.0,0.0,0.0,0.0
911342930517880701,0.0,0.0,0.0,0.0,0.0
911442930448484202,0.0,0.0,0.0,0.0,0.0
911442930460199502,0.0,0.0,0.0,0.0,0.0
911442930475919801,0.0,0.0,0.0,0.0,0.0
911542930517724801,0.0,0.0,0.0,0.0,0.0
911642930475045702,0.0,0.0,0.0,0.0,0.0
911742928832515201,0.0,0.0,0.0,0.0,0.0
911742930457471501,0.0,0.0,0.0,0.0,0.0
911842930461864202,31.33333396911621,25.885701220554548,77.65708229341175,6.851212501525879,77.65710192549318
911942930472953102,0.0,0.0,0.0,0.0,0.0
911942930516869201,0.0,0.0,0.0,0.0,0.0
912142928726384801,4.455696105957031,12.44266933450489,204.4741238793806,91.56510162353516,982.9708631277667
912242930548239401,0.0,0.0,0.0,0.0,0.0
912342930525341802,0.0,0.0,0.0,0.0,0.0
912442929400197302,0.0,0.0,0.0,0.0,0.0
912542929861386501,0.0,0.0,0.0,0.0,0.0
912542930515904602,0.0,0.0,0.0,0.0,0.0
912742930455090201,0.0,0.0,0.0,0.0,0.0
912742930532192501,0.0,0.0,0.0,0.0,0.0
913042930509519302,0.0,0.0,0.0,0.0,0.0
913142929197853301,0.0,0.0,0.0,0.0,0.0
913142930480500101,0.0,0.0,0.0,0.0,0.0
913442930530963902,0.0,0.0,0.0,0.0,0.0
913642930448600901,0.0,0.0,0.0,0.0,0.0
913842930478057302,0.0,0.0,0.0,0.0,0.0
914142930517074001,0.0,0.0,0.0,0.0,0.0
914242930473594801,0.0,0.0,0.0,0.0,0.0
914542930547475602,0.0,0.0,0.0,0.0,0.0
914642930227350201,0.0,0.0,0.0,0.0,0.0
914642930476804802,4.3108110427856445,42.22671217873832,1004.0467289719626,115.80103302001953,3124.7767084567345
914742930547647501,0.0,0.0,0.0,0.0,0.0
914842930520222101,0.0,0.0,0.0,0.0,0.0
915042930475554401,0.0,0.0,0.0,0.0,0.0
915142930544348802,0.0,0.0,0.0,0.0,0.0
915242928305203602,0.0,0.0,0.0,0.0,0.0
915242930480492201,0.0,0.0,0.0,0.0,0.0
915242930508811001,0.0,0.0,0.0,0.0,0.0
915242930509816702,0.0,0.0,0.0,0.0,0.0
915442929269199002,0.0,0.0,0.0,0.0,0.0
915542930465206901,0.0,0.0,0.0,0.0,0.0
915542930529604401,0.0,0.0,0.0,0.0,0.0
915642927968928601,0.0,0.0,0.0,0.0,0.0
915942930477582201,0.0,0.0,0.0,0.0,0.0
916042928932341102,0.0,0.0,0.0,0.0,0.0
916142930544186502,0.0,0.0,0.0,0.0,0.0
916442930465386302,0.0,0.0,0.0,0.0,0.0
916442930477521901,4.277777671813965,9.984484925739057,106.51904491188175,19.15495491027832,179.72073372932508
916442930519516402,0.0,0.0,0.0,0.0,0.0
916442930531058302,0.0,0.0,0.0,0.0,0.0
916542930458707102,4.865384578704834,16.79562098422897,312.8345794392523,84.90096282958984,873.3722673246793
916942930453882902,0.0,0.0,0.0,0.0,0.0
916942930466486402,0.0,0.0,0.0,0.0,0.0
917142930472598802,0.0,0.0,0.0,0.0,0.0
917142930530393302,0.0,0.0,0.0,0.0,0.0
917342928932595901,0.0,0.0,0.0,0.0,0.0
917342930463979101,4.518518447875977,20.251291124713084,231.628156082632,34.19634246826172,546.7848470026788
917642930465328001,3.3214285373687744,9.190573604397548,63.0697948597029,64.0065689086914,772.0082055082638
917842930548096601,0.0,0.0,0.0,0.0,0.0
918142929012861401,0.0,0.0,0.0,0.0,0.0
918142930253656501,0.0,0.0,0.0,0.0,0.0
918242930474581902,0.0,0.0,0.0,0.0,0.0
918342927979693102,0.0,0.0,0.0,0.0,0.0
918342930454501102,0.0,0.0,0.0,0.0,0.0
918342930520974002,0.0,0.0,0.0,0.0,0.0
918442930455977001,21.0,27.541913821373456,27.54320987654321,3.1199862957000732,27.541913821373456
918542929467168701,0.0,0.0,0.0,0.0,0.0
918542930475106301,0.0,0.0,0.0,0.0,0.0
918542930542991502,0.0,0.0,0.0,0.0,0.0
918642929197993601,0.0,0.0,0.0,0.0,0.0
918642930549125002,0.0,0.0,0.0,0.0,0.0
918642930550643602,0.0,0.0,0.0,0.0,0.0
918742930460371302,0.0,0.0,0.0,0.0,0.0
918742930508026202,0.0,0.0,0.0,0.0,0.0
918742930531152201,0.0,0.0,0.0,0.0,0.0
918942930478364602,0.0,0.0,0.0,0.0,0.0
919042930469010301,0.0,0.0,0.0,0.0,0.0
919242930520752401,0.0,0.0,0.0,0.0,0.0
919242930531509301,0.0,0.0,0.0,0.0,0.0
919442930472211202,0.0,0.0,0.0,0.0,0.0
919442930509887001,0.0,0.0,0.0,0.0,0.0
919642928043962401,0.0,0.0,0.0,0.0,0.0
921142929091778602,0.0,0.0,0.0,0.0,0.0
921142929389126502,0.0,0.0,0.0,0.0,0.0
921242930458500401,0.0,0.0,0.0,0.0,0.0
921242930530092101,0.0,0.0,0.0,0.0,0.0
921642928078039601,0.0,0.0,0.0,0.0,0.0
921642930446965202,0.0,0.0,0.0,0.0,0.0
921642930450707002,0.0,0.0,0.0,0.0,0.0
921642930518061601,0.0,0.0,0.0,0.0,0.0
921642930540510502,0.0,0.0,0.0,0.0,0.0
921742930454453502,0.0,0.0,0.0,0.0,0.0
921742930463066401,0.0,0.0,0.0,0.0,0.0
921742930540525702,0.0,0.0,0.0,0.0,0.0
921842930461837502,0.0,0.0,0.0,0.0,0.0
921842930472659001,0.0,0.0,0.0,0.0,0.0
921942930550317201,0.0,0.0,0.0,0.0,0.0
922142929348263902,4.400000095367432,9.838530860995851,36.590397154712505,10.164945602416992,98.38530920240112
922142930517340901,0.0,0.0,0.0,0.0,0.0
922142930526841101,0.0,0.0,0.0,0.0,0.0
922342930469190301,0.0,0.0,0.0,0.0,0.0
922442930460481302,0.0,0.0,0.0,0.0,0.0
922642930534558601,0.0,0.0,0.0,0.0,0.0
922842930454476201,0.0,0.0,0.0,0.0,0.0
923342930520845202,0.0,0.0,0.0,0.0,0.0
923542930532841602,0.0,0.0,0.0,0.0,0.0
923642929013263801,0.0,0.0,0.0,0.0,0.0
923642929649319001,0.0,0.0,0.0,0.0,0.0
923642930464565102,0.0,0.0,0.0,0.0,0.0
923742930532311502,0.0,0.0,0.0,0.0,0.0
923742930549712601,0.0,0.0,0.0,0.0,0.0
924042930457907601,0.0,0.0,0.0,0.0,0.0
924042930534125702,0.0,0.0,0.0,0.0,0.0
924042930545163801,3.5185184478759766,5.27793306938968,66.60689182238985,11.519149780273438,142.50419035175335
924142930176829802,0.0,0.0,0.0,0.0,0.0
924442930537866702,2.6447367668151855,10.371479922120676,144.14858490566039,115.9435806274414,788.2324563219862
924742930448499801,0.0,0.0,0.0,0.0,0.0
924842930521817802,0.0,0.0,0.0,0.0,0.0
925142930462707702,0.0,0.0,0.0,0.0,0.0
925142930521019702,0.0,0.0,0.0,0.0,0.0
925142930525855502,0.0,0.0,0.0,0.0,0.0
925242930472946001,0.0,0.0,0.0,0.0,0.0
925342930480199601,0.0,0.0,0.0,0.0,0.0
925442930508489802,0.0,16.12960774003111,59.87697963800905,10.364456176757812,161.2960815958308
925542930447262202,0.0,0.0,0.0,0.0,0.0
925542930462223801,0.0,0.0,0.0,0.0,0.0
925542930542927902,0.0,0.0,0.0,0.0,0.0
925642930507931001,0.0,0.0,0.0,0.0,0.0
925642930529789801,0.0,0.0,0.0,0.0,0.0
925742930478150301,0.0,0.0,0.0,0.0,0.0
926142928130770801,0.0,0.0,0.0,0.0,0.0
926142929531151402,0.0,0.0,0.0,0.0,0.0
926142930519148602,0.0,0.0,0.0,0.0,0.0
926142930521247202,2.697674512863159,10.468492917508986,506.0914195867026,99.89323425292969,1350.4356417300353
926242930469504601,0.0,0.0,0.0,0.0,0.0
926242930478959302,0.0,0.0,0.0,0.0,0.0
926342930528966201,0.0,0.0,0.0,0.0,0.0
926542930526227901,0.0,0.0,0.0,0.0,0.0
926642929118794501,0.0,0.0,0.0,0.0,0.0
926642930455989802,0.0,0.0,0.0,0.0,0.0
926842928979692001,0.0,0.0,0.0,0.0,0.0
926842930544877601,0.0,0.0,0.0,0.0,0.0
926942930478740102,0.0,0.0,0.0,0.0,0.0
927042930528664701,0.0,0.0,0.0,0.0,0.0
927142930480317501,0.0,0.0,0.0,0.0,0.0
927142930546284601,0.0,0.0,0.0,0.0,0.0
927242930159107402,1.7999999523162842,3.2552503504127084,24.849338109328766,5.162598609924316,32.55250295660723
927342928726214702,0.0,0.0,0.0,0.0,0.0
927342930526498301,2.329896926879883,6.660961072198276,125.83060344827587,57.9594841003418,646.1132428399447
927342930534838401,0.0,0.0,0.0,0.0,0.0
927442930542870102,0.0,0.0,0.0,0.0,0.0
927542930445557601,0.0,0.0,0.0,0.0,0.0
927642930476937502,0.0,0.0,0.0,0.0,0.0
927742930528484302,0.0,0.0,0.0,0.0,0.0
927742930541695301,0.0,0.0,0.0,0.0,0.0
927842930453178501,4.566666603088379,9.753241135497873,141.87597448618,67.21775817871094,585.1944583254786
927842930459752401,0.0,0.0,0.0,0.0,0.0
927942930457708901,0.0,0.0,0.0,0.0,0.0
928142930460844002,0.0,0.0,0.0,0.0,0.0
928242928932525602,0.0,0.0,0.0,0.0,0.0
928242930479349501,0.0,0.0,0.0,0.0,0.0
928642928932432602,0.0,0.0,0.0,0.0,0.0
928742929613586801,0.0,0.0,0.0,0.0,0.0
928742930455807701,0.0,0.0,0.0,0.0,0.0
928842930532139901,0.0,0.0,0.0,0.0,0.0
928942930531496402,0.0,0.0,0.0,0.0,0.0
929042929321017602,3.5999999046325684,19.44801323765377,402.5323587092173,53.28449630737305,777.9205554697598
929042930543566302,0.0,0.0,0.0,0.0,0.0
929242930464682202,0.0,0.0,0.0,0.0,0.0
929242930542184601,0.0,0.0,0.0,0.0,0.0
929342930454829702,0.0,0.0,0.0,0.0,0.0
929342930526001302,4.089552402496338,12.806624681122448,261.71720116618076,68.44355010986328,858.0438279933206
929542930516026601,0.0,0.0,0.0,0.0,0.0
929542930534858701,0.0,0.0,0.0,0.0,0.0
929642929389152602,0.0,0.0,0.0,0.0,0.0
929642930525318801,2.2857143878936768,37.07204081969377,201.46145723336852,13.730302810668945,259.5042872846819
929642930528741302,0.0,0.0,0.0,0.0,0.0
929742930465057902,3.0363636016845703,8.72300574204947,100.27519434628975,50.21112823486328,479.7653252462111
929842930458129101,0.0,0.0,0.0,0.0,0.0
931242930476050402,0.0,0.0,0.0,0.0,0.0
931442930515638602,0.0,0.0,0.0,0.0,0.0
931742930463661702,4.3378376960754395,22.81024538590604,408.12080536912754,94.41675567626953,1687.9581572598793
931842930528286902,0.0,0.0,0.0,0.0,0.0
931942928791257601,0.0,0.0,0.0,0.0,0.0
932042927963688202,0.0,0.0,0.0,0.0,0.0
932042930457131901,2.0,135.2336062023562,267.56618156618157,28.37860679626465,270.4672069906445
932042930480780201,5.0,48.48884829436259,431.17053171044205,21.833080291748047,484.8884738411375
932342930459475501,0.0,0.0,0.0,0.0,0.0
932442928716053102,0.0,0.0,0.0,0.0,0.0
932542928932360901,0.0,0.0,0.0,0.0,0.0
932542930527348602,0.0,0.0,0.0,0.0,0.0
932642930454303502,0.0,0.0,0.0,0.0,0.0
932742930455556601,0.0,0.0,0.0,0.0,0.0
932742930519252302,0.0,0.0,0.0,0.0,0.0
932942930550179502,0.0,0.0,0.0,0.0,0.0
933042928956248401,0.0,0.0,0.0,0.0,0.0
933042930457014801,0.0,0.0,0.0,0.0,0.0
933142930540993801,0.0,0.0,0.0,0.0,0.0
933242930449161502,0.0,0.0,0.0,0.0,0.0
933242930537963601,0.0,0.0,0.0,0.0,0.0
933342930525591301,0.0,0.0,0.0,0.0,0.0
933342930527377502,0.0,0.0,0.0,0.0,0.0
933442930530951801,0.0,0.0,0.0,0.0,0.0
933542929696803401,0.0,0.0,0.0,0.0,0.0
933642930454959501,0.0,0.0,0.0,0.0,0.0
933742930472953802,0.0,0.0,0.0,0.0,0.0
933742930528937901,0.0,0.0,0.0,0.0,0.0
933742930538047201,0.0,0.0,0.0,0.0,0.0
933842930474197002,0.0,0.0,0.0,0.0,0.0
933842930518159301,0.0,0.0,0.0,0.0,0.0
933842930524928301,4.4782609939575195,11.026310452719407,122.19695096827358,20.666677474975586,253.60514624697416
933942929839568101,0.0,0.0,0.0,0.0,0.0
933942930509091501,0.0,0.0,0.0,0.0,0.0
934142930518525302,0.0,0.0,0.0,0.0,0.0
934142930530981902,0.0,0.0,0.0,0.0,0.0
934342930531028502,0.0,0.0,0.0,0.0,0.0
934542929155433302,0.0,0.0,0.0,0.0,0.0
934542930517681201,0.0,0.0,0.0,0.0,0.0
934642930477461301,0.0,0.0,0.0,0.0,0.0
935142930463786502,0.0,0.0,0.0,0.0,0.0
935142930541222702,0.0,0.0,0.0,0.0,0.0
935242930460078602,0.0,0.0,0.0,0.0,0.0
935342927959101101,0.0,0.0,0.0,0.0,0.0
935442928592643802,0.0,0.0,0.0,0.0,0.0
935642930452402301,0.0,0.0,0.0,0.0,0.0
935642930515567401,0.0,0.0,0.0,0.0,0.0
935742930520382601,2.904761791229248,26.1493168383573,198.84070796460176,19.00071907043457,549.1356692082059
935742930541781601,0.0,0.0,0.0,0.0,0.0
935842928811545302,0.0,0.0,0.0,0.0,0.0
935842930460463801,0.0,0.0,0.0,0.0,0.0
935842930534066701,0.0,0.0,0.0,0.0,0.0
935942929514180801,0.0,0.0,0.0,0.0,0.0
936042930546719001,2.670588254928589,8.523058852621167,64.03165182987142,81.793212890625,724.4600082432678
936142930476343402,0.0,0.0,0.0,0.0,0.0
936342930527599201,0.0,0.0,0.0,0.0,0.0
936442930525946601,0.0,0.0,0.0,0.0,0.0
936542930457068901,5.0,5.8169742133159446,5.81701444622793,0.7308447360992432,5.8169742133159446
936642930544230002,0.0,0.0,0.0,0.0,0.0
936842930526253202,0.0,0.0,0.0,0.0,0.0
936942930523966801,0.0,0.0,0.0,0.0,0.0
937042930527302401,0.0,0.0,0.0,0.0,0.0
937142930544141601,0.0,0.0,0.0,0.0,0.0
937342929197877702,0.0,0.0,0.0,0.0,0.0
937342930480526801,0.0,0.0,0.0,0.0,0.0
937442928855459801,0.0,0.0,0.0,0.0,0.0
937442930453112102,2.7142856121063232,18.23312664947217,57.896353166986565,8.685039520263672,127.63188010305453
937442930475637001,0.0,0.0,0.0,0.0,0.0
937442930516024602,0.0,0.0,0.0,0.0,0.0
937442930542739702,0.0,0.0,0.0,0.0,0.0
937542930526897101,4.44444465637207,28.262848984771573,171.751269035533,11.460356712341309,254.36564039820948
937542930526985101,0.0,0.0,0.0,0.0,0.0
937642930454191101,0.0,0.0,0.0,0.0,0.0
937642930473170801,0.0,0.0,0.0,0.0,0.0
937742928592898001,0.0,0.0,0.0,0.0,0.0
937842930459924202,0.0,0.0,0.0,0.0,0.0
937842930461638902,0.0,0.0,0.0,0.0,0.0
938142930515723001,0.0,0.0,0.0,0.0,0.0
938142930526940802,0.0,0.0,0.0,0.0,0.0
938242928197772002,0.0,0.0,0.0,0.0,0.0
938342929816265001,2.0,6.721224409662045,37.5896013864818,3.9510443210601807,47.04856980983265
938442930454105402,0.0,0.0,0.0,0.0,0.0
938542930462120901,0.0,0.0,0.0,0.0,0.0
938742930518999702,0.0,0.0,0.0,0.0,0.0
938842930474976401,0.0,0.0,0.0,0.0,0.0
938842930543152902,0.0,0.0,0.0,0.0,0.0
939042930548332801,0.0,0.0,0.0,0.0,0.0
939242930446771801,0.0,0.0,0.0,0.0,0.0
939242930479992301,0.0,0.0,0.0,0.0,0.0
939242930509041702,0.0,0.0,0.0,0.0,0.0
939242930548211701,0.0,0.0,0.0,0.0,0.0
939242930548652701,0.0,0.0,0.0,0.0,0.0
939342929765966202,0.0,0.0,0.0,0.0,0.0
939342930473934202,0.0,0.0,0.0,0.0,0.0
939342930523241902,0.0,0.0,0.0,0.0,0.0
939442930452957201,4.679999828338623,10.890529960348013,170.02155836156453,109.67877197265625,816.7897258790266
939442930528608801,0.0,0.0,0.0,0.0,0.0
939542930451272102,0.0,0.0,0.0,0.0,0.0
939642930451471602,0.0,0.0,0.0,0.0,0.0
939842929704106701,0.0,0.0,0.0,0.0,0.0
939842930507810401,0.0,0.0,0.0,0.0,0.0
939842930517522401,0.0,0.0,0.0,0.0,0.0
939942930476165701,0.0,0.0,0.0,0.0,0.0
939942930542289402,0.0,0.0,0.0,0.0,0.0
941142930534431501,0.0,0.0,0.0,0.0,0.0
941142930545872602,0.0,0.0,0.0,0.0,0.0
941142930548990301,0.0,0.0,0.0,0.0,0.0
941242930474424202,0.0,0.0,0.0,0.0,0.0
941342930461458301,0.0,0.0,0.0,0.0,0.0
941442930479692801,0.0,0.0,0.0,0.0,0.0
941542928255482301,0.0,0.0,0.0,0.0,0.0
941542930462060502,0.0,0.0,0.0,0.0,0.0
941542930470118401,0.0,0.0,0.0,0.0,0.0
941542930529255201,0.0,0.0,0.0,0.0,0.0
941942927910731901,0.0,0.0,0.0,0.0,0.0
941942930461589102,0.0,0.0,0.0,0.0,0.0
942042930032274901,0.0,0.0,0.0,0.0,0.0
942142930447592902,0.0,0.0,0.0,0.0,0.0
942342930518833601,0.0,0.0,0.0,0.0,0.0
942442930453329401,0.0,0.0,0.0,0.0,0.0
942442930457807202,0.0,0.0,0.0,0.0,0.0
942442930460632602,0.0,0.0,0.0,0.0,0.0
942642929012902302,0.0,0.0,0.0,0.0,0.0
942742930466822802,0.0,0.0,0.0,0.0,0.0
942742930519720902,0.0,0.0,0.0,0.0,0.0
942842930477915801,0.0,0.0,0.0,0.0,0.0
942942930547137602,0.0,0.0,0.0,0.0,0.0
943142930509444401,3.9390244483947754,13.295186871859297,329.4820255121763,108.51074981689453,1090.2053828466155
943342930509329501,2.9000000953674316,13.581703629032258,130.20725806451614,27.313831329345703,271.6340723591466
943342930544199401,0.0,0.0,0.0,0.0,0.0
943542930464139501,0.0,0.0,0.0,0.0,0.0
943642930479213902,0.0,0.0,0.0,0.0,0.0
943742928087871102,0.0,0.0,0.0,0.0,0.0
943842930529052702,0.0,0.0,0.0,0.0,0.0
944142930542121701,4.0,29.8867364826524,67.36575875486382,7.293393135070801,89.66020691472114
944242930342578102,0.0,0.0,0.0,0.0,0.0
944242930445392502,0.0,0.0,0.0,0.0,0.0
944242930472298301,0.0,0.0,0.0,0.0,0.0
944242930474047102,0.0,0.0,0.0,0.0,0.0
944442930542017101,0.0,0.0,0.0,0.0,0.0
944542930529336601,0.0,0.0,0.0,0.0,0.0
944642929346227102,0.0,0.0,0.0,0.0,0.0
944742930546665502,346.0,0.7423909895147042,0.7422137038811691,0.08699559420347214,0.7423909895147042
944842930465235601,0.0,0.0,0.0,0.0,0.0
944942930520025202,0.0,0.0,0.0,0.0,0.0
944942930538226902,0.0,0.0,0.0,0.0,0.0
945242930518057601,0.0,0.0,0.0,0.0,0.0
945342928042164101,0.0,0.0,0.0,0.0,0.0
945442930461182102,0.0,0.0,0.0,0.0,0.0
945442930518184901,0.0,0.0,0.0,0.0,0.0
945542930463901201,0.0,0.0,0.0,0.0,0.0
945542930546254701,0.0,0.0,0.0,0.0,0.0
945642930159053002,0.0,0.0,0.0,0.0,0.0
945642930478660402,0.0,0.0,0.0,0.0,0.0
945842930451087302,0.0,0.0,0.0,0.0,0.0
945842930476731902,0.0,0.0,0.0,0.0,0.0
945942930521806602,0.0,0.0,0.0,0.0,0.0
945942930526366102,8.058823585510254,8.171737577908587,69.3606648199446,19.916242599487305,138.91953922599308
946042930519863902,0.0,0.0,0.0,0.0,0.0
946142930477236001,0.0,0.0,0.0,0.0,0.0
946242930509212701,2.6764705181121826,4.565903016741418,154.85849056603777,36.07665252685547,310.4813910900828
946242930531513302,0.0,0.0,0.0,0.0,0.0
946542930465158901,4.447368621826172,20.4814039154795,334.3509381514941,107.97434997558594,1556.5867381039554
946842930473857801,4.0,113.1382537939297,225.65921192758253,25.253976821899414,226.27650160784412
946842930476230701,0.0,0.0,0.0,0.0,0.0
946942930530661002,3.7727272510528564,27.17679510911925,268.29773967264225,127.31494140625,2391.557925086791
946942930537237702,0.0,0.0,0.0,0.0,0.0
947242930475971002,0.0,0.0,0.0,0.0,0.0
947842930527354601,0.0,0.0,0.0,0.0,0.0
947942930473102701,0.0,0.0,0.0,0.0,0.0
948042930467962102,0.0,0.0,0.0,0.0,0.0
948042930532359001,0.0,0.0,0.0,0.0,0.0
948042930532892601,0.0,0.0,0.0,0.0,0.0
948142930480739001,0.0,0.0,0.0,0.0,0.0
948242930452569402,0.0,0.0,0.0,0.0,0.0
948442928758016001,0.0,0.0,0.0,0.0,0.0
948442930476324001,0.0,0.0,0.0,0.0,0.0
948442930547843002,0.0,0.0,0.0,0.0,0.0
948542930465223801,0.0,0.0,0.0,0.0,0.0
948642930510240601,0.0,0.0,0.0,0.0,0.0
948842930479969002,0.0,0.0,0.0,0.0,0.0
948942928932458401,0.0,0.0,0.0,0.0,0.0
948942930516425501,0.0,0.0,0.0,0.0,0.0
949042929022389002,0.0,0.0,0.0,0.0,0.0
949042930521017201,0.0,0.0,0.0,0.0,0.0
949142930529305901,0.0,0.0,0.0,0.0,0.0
949242930460437801,0.0,0.0,0.0,0.0,0.0
949242930517862002,0.0,0.0,0.0,0.0,0.0
949342930517533902,0.0,0.0,0.0,0.0,0.0
949442930530844502,0.0,0.0,0.0,0.0,0.0
949642930473528401,0.0,0.0,0.0,0.0,0.0
949642930475075602,2.9285714626312256,42.068684895833336,344.81388888888887,39.883670806884766,588.9615982903374
949742930475932202,0.0,0.0,0.0,0.0,0.0
951142930454404802,0.0,0.0,0.0,0.0,0.0
951242930522972602,4.5,55.479306891025644,101.93846153846154,11.285052299499512,110.95861378205129
951342930534067702,0.0,0.0,0.0,0.0,0.0
951642928153700201,2.0,1.340700043610091,4.022100235260568,0.0,4.022100261368142
951642930545898901,0.0,0.0,0.0,0.0,0.0
951742930547731801,3.875,8.339630345672752,37.69682217714672,6.435131549835205,66.71704322758198
951742930548683601,0.0,0.0,0.0,0.0,0.0
951842928005351602,0.0,0.0,0.0,0.0,0.0
951842930480654401,0.0,0.0,0.0,0.0,0.0
951942930531831401,0.0,0.0,0.0,0.0,0.0
952042930529873001,0.0,0.0,0.0,0.0,0.0
952042930534458201,0.0,0.0,0.0,0.0,0.0
952342928832402902,0.0,0.0,0.0,0.0,0.0
952442930522661301,0.0,0.0,0.0,0.0,0.0
952642930466446201,0.0,0.0,0.0,0.0,0.0
952742930519006401,5.333333492279053,20.775398758179655,55.048780487804876,4.182427406311035,62.32619685548037
953042930474364501,2.0,26.91222905177696,105.88235294117646,4.758519649505615,107.64892039579503
953042930529477401,0.0,0.0,0.0,0.0,0.0
953142930462837201,0.0,0.0,0.0,0.0,0.0
953242930538614501,0.0,0.0,0.0,0.0,0.0
953342930524863801,0.0,0.0,0.0,0.0,0.0
953442930451189902,0.0,0.0,0.0,0.0,0.0
953442930515440001,0.0,0.0,0.0,0.0,0.0
953542930454383101,0.0,0.0,0.0,0.0,0.0
953542930455845302,0.0,0.0,0.0,0.0,0.0
953642930540523101,0.0,0.0,0.0,0.0,0.0
953942930458602702,0.0,0.0,0.0,0.0,0.0
954042930521132401,0.0,0.0,0.0,0.0,0.0
954142930453395402,0.0,0.0,0.0,0.0,0.0
954242929843369301,3.2448978424072266,6.191182367030296,186.37372823875197,91.47174072265625,606.7358518286094
954242930528200102,0.0,0.0,0.0,0.0,0.0
954342930467802401,0.0,0.0,0.0,0.0,0.0
954442930547976801,0.0,0.0,0.0,0.0,0.0
954542930452237002,0.0,0.0,0.0,0.0,0.0
954542930480346202,0.0,0.0,0.0,0.0,0.0
954542930546452101,0.0,0.0,0.0,0.0,0.0
955342928159200301,0.0,0.0,0.0,0.0,0.0
955342930473324302,0.0,0.0,0.0,0.0,0.0
955542930480227901,0.0,0.0,0.0,0.0,0.0
955642930531170101,0.0,0.0,0.0,0.0,0.0
955742930539644702,0.0,0.0,0.0,0.0,0.0
956042929141354202,0.0,0.0,0.0,0.0,0.0
956142929309425801,0.0,0.0,0.0,0.0,0.0
956342930479677001,0.0,0.0,0.0,0.0,0.0
956542930473319301,0.0,0.0,0.0,0.0,0.0
956542930525395202,0.0,0.0,0.0,0.0,0.0
956542930541439401,0.0,0.0,0.0,0.0,0.0
956842930450876002,0.0,0.0,0.0,0.0,0.0
956842930527651202,0.0,0.0,0.0,0.0,0.0
956842930532920901,0.0,0.0,0.0,0.0,0.0
956942928043638902,0.0,0.0,0.0,0.0,0.0
956942930479612601,0.0,0.0,0.0,0.0,0.0
956942930526853301,2.164705991744995,10.314164179541198,507.29213483146066,67.1624984741211,876.703981824582
957142930548126201,0.0,0.0,0.0,0.0,0.0
957442930455747502,2.875,7.713424210695877,144.11370527592481,94.86153411865234,863.9035399872437
957642928954607202,0.0,0.0,0.0,0.0,0.0
957842930530259601,6.25,5.502843443725365,11.445190156599553,2.175034284591675,22.011373878934965
957942930479052102,0.0,0.0,0.0,0.0,0.0
958242930542525701,0.0,0.0,0.0,0.0,0.0
958442930462254801,0.0,0.0,0.0,0.0,0.0
958542928258080802,0.0,0.0,0.0,0.0,0.0
958742930518895201,0.0,0.0,0.0,0.0,0.0
958942930527515102,0.0,0.0,0.0,0.0,0.0
959042930526136701,0.0,0.0,0.0,0.0,0.0
959442930546133502,0.0,0.0,0.0,0.0,0.0
959742930537123502,0.0,0.0,0.0,0.0,0.0
959942930543369201,0.0,0.0,0.0,0.0,0.0
961142930351069302,0.0,0.0,0.0,0.0,0.0
961142930461546202,0.0,0.0,0.0,0.0,0.0
961142930517747501,0.0,0.0,0.0,0.0,0.0
961242930455161301,0.0,0.0,0.0,0.0,0.0
961242930464261901,0.0,0.0,0.0,0.0,0.0
961442930467759901,0.0,0.0,0.0,0.0,0.0
961442930518773602,0.0,0.0,0.0,0.0,0.0
961442930532689401,2.0,13.303278372990146,13.302904564315353,1.1421458721160889,13.303278372990146
961542929346340301,0.0,0.0,0.0,0.0,0.0
961942929839471701,0.0,0.0,0.0,0.0,0.0
961942930515553502,0.0,0.0,0.0,0.0,0.0
962142930530993302,8.0,442.44080528846155,442.4423076923077,34.49717330932617,442.44080528846155
962342930452810602,4.75,4.552294049808309,9.72533740610292,1.694837212562561,18.209176062259413
962342930468882301,0.0,0.0,0.0,0.0,0.0
962342930508053501,0.0,0.0,0.0,0.0,0.0
962442928210611301,0.0,0.0,0.0,0.0,0.0
962542930463322701,0.0,0.0,0.0,0.0,0.0
962642930469208602,0.0,0.0,0.0,0.0,0.0
962742929456836401,0.0,0.0,0.0,0.0,0.0
962842930531880501,0.0,0.0,0.0,0.0,0.0
962942927979853501,0.0,0.0,0.0,0.0,0.0
962942930460668301,3.451612949371338,7.97280627824061,134.41570177915844,34.660484313964844,247.15699240192455
963042930532763301,0.0,0.0,0.0,0.0,0.0
963342928043761402,0.0,0.0,0.0,0.0,0.0
963342930518326502,0.0,0.0,0.0,0.0,0.0
963442928683947202,0.0,0.0,0.0,0.0,0.0
963442930510408502,0.0,0.0,0.0,0.0,0.0
963442930516942101,0.0,0.0,0.0,0.0,0.0
963642929658219501,0.0,0.0,0.0,0.0,0.0
963642930509821701,0.0,0.0,0.0,0.0,0.0
963742930449124201,6.25,20.906663751734506,55.64199814986124,7.150798797607422,83.62665229677383
963842930450989202,0.0,0.0,0.0,0.0,0.0
963842930527426602,0.0,0.0,0.0,0.0,0.0
963842930531766301,0.0,0.0,0.0,0.0,0.0
963842930546998002,0.0,0.0,0.0,0.0,0.0
963942930460038501,0.0,0.0,0.0,0.0,0.0
964042930464943902,0.0,0.0,0.0,0.0,0.0
964142930516904502,3.576923131942749,9.623669541197355,106.0994123408423,0.0,250.21541795970333
964142930517458502,0.0,0.0,0.0,0.0,0.0
964242930529017801,0.0,0.0,0.0,0.0,0.0
964342930516445401,0.0,0.0,0.0,0.0,0.0
964442930451204401,0.0,0.0,0.0,0.0,0.0
964442930468841802,0.0,0.0,0.0,0.0,0.0
964442930516029901,0.0,0.0,0.0,0.0,0.0
964542930534829601,4.0,5.808726415094339,10.728301886792453,0.852422297000885,11.617453290831367
964642930447303601,0.0,0.0,0.0,0.0,0.0
964642930508199002,0.0,0.0,0.0,0.0,0.0
964742928265489001,3.0,15.875439597729516,31.714461994077,4.135869026184082,31.750880159489142
965042930523449702,0.0,0.0,0.0,0.0,0.0
965042930527584901,0.0,0.0,0.0,0.0,0.0
965242930478938802,0.0,0.0,0.0,0.0,0.0
965242930545341502,0.0,0.0,0.0,0.0,0.0
965442929269076802,0.0,0.0,0.0,0.0,0.0
965442930466459402,0.0,0.0,0.0,0.0,0.0
965542930518402902,0.0,0.0,0.0,0.0,0.0
965542930519327801,0.0,0.0,0.0,0.0,0.0
965642930507931901,0.0,0.0,0.0,0.0,0.0
965642930550576402,0.0,0.0,0.0,0.0,0.0
965842930462978301,0.0,0.0,0.0,0.0,0.0
965942930456290901,0.0,0.0,0.0,0.0,0.0
965942930479991401,0.0,0.0,0.0,0.0,0.0
966042930523863102,0.0,0.0,0.0,0.0,0.0
966242930458293601,0.0,0.0,0.0,0.0,0.0
966242930507778301,0.0,0.0,0.0,0.0,0.0
966242930537487801,0.0,0.0,0.0,0.0,0.0
966542930452374102,3.1500000953674316,12.501537983074241,269.3630684294639,103.20304870605469,1250.1537985429677
966642930509129402,0.0,0.0,0.0,0.0,0.0
966842930546828601,0.0,0.0,0.0,0.0,0.0
967142930464488001,0.0,0.0,0.0,0.0,0.0
967142930547103301,0.0,0.0,0.0,0.0,0.0
967242930460534302,0.0,0.0,0.0,0.0,0.0
967242930472745001,0.0,0.0,0.0,0.0,0.0
967342930528042701,0.0,0.0,0.0,0.0,0.0
967442930520025701,0.0,0.0,0.0,0.0,0.0
967842930463013002,0.0,0.0,0.0,0.0,0.0
967842930542203001,0.0,0.0,0.0,0.0,0.0
968142930475744302,0.0,10.000940556809631,0.0,9.043582916259766,70.00658408136992
968142930477114302,0.0,0.0,0.0,0.0,0.0
968242930522030001,0.0,0.0,0.0,0.0,0.0
968342930475811501,0.0,0.0,0.0,0.0,0.0
968442930465095302,0.0,0.0,0.0,0.0,0.0
968542930461923801,0.0,0.0,0.0,0.0,0.0
968542930529489202,0.0,0.0,0.0,0.0,0.0
968542930532377101,0.0,0.0,0.0,0.0,0.0
968642930464498502,3.6666667461395264,8.86384181457704,65.75528700906344,18.662975311279297,186.1406808259624
968742929476694201,0.0,0.0,0.0,0.0,0.0
969142928602042001,0.0,0.0,0.0,0.0,0.0
969242930522298301,6.0,8.749003655952873,8.749069863579992,1.10727059841156,8.749003655952873
969342930519945302,0.0,0.0,0.0,0.0,0.0
969342930533498502,0.0,0.0,0.0,0.0,0.0
969442928865184902,0.0,0.0,0.0,0.0,0.0
969542928213898601,0.0,0.0,0.0,0.0,0.0
969742930530626001,0.0,0.0,0.0,0.0,0.0
969842930524830001,0.0,0.0,0.0,0.0,0.0
969942930469259302,0.0,0.0,0.0,0.0,0.0
971242930533584501,0.0,0.0,0.0,0.0,0.0
971542930543396901,0.0,0.0,0.0,0.0,0.0
971642930528796401,0.0,0.0,0.0,0.0,0.0
971842928119434301,0.0,0.0,0.0,0.0,0.0
971942930462817402,0.0,0.0,0.0,0.0,0.0
972142930534486401,0.0,0.0,0.0,0.0,0.0
972242930466527502,0.0,0.0,0.0,0.0,0.0
972342930456637902,0.0,0.0,0.0,0.0,0.0
972442930463760402,0.0,0.0,0.0,0.0,0.0
972542928779048802,0.0,0.0,0.0,0.0,0.0
972642928168076602,0.0,0.0,0.0,0.0,0.0
972842930545512801,0.0,0.0,0.0,0.0,0.0
973142930549041502,0.0,0.0,0.0,0.0,0.0
973242930455705001,0.0,0.0,0.0,0.0,0.0
973242930523546102,0.0,0.0,0.0,0.0,0.0
973342930468039502,0.0,0.0,0.0,0.0,0.0
973442930476837301,0.0,0.0,0.0,0.0,0.0
973542930517808201,0.0,0.0,0.0,0.0,0.0
973642930459367202,0.0,0.0,0.0,0.0,0.0
973742930459430801,0.0,0.0,0.0,0.0,0.0
973742930459958501,0.0,0.0,0.0,0.0,0.0
973842930533953702,0.0,0.0,0.0,0.0,0.0
974142930460705201,0.0,0.0,0.0,0.0,0.0
974342930474992301,0.0,0.0,0.0,0.0,0.0
974342930526845102,0.0,0.0,0.0,0.0,0.0
974342930550376201,0.0,0.0,0.0,0.0,0.0
974542928135600801,0.0,0.0,0.0,0.0,0.0
974642930459633401,2.5,8.849922830432737,86.48447789275635,30.055788040161133,194.6983091826273
974742930478575402,0.0,0.0,0.0,0.0,0.0
974742930529994401,0.0,0.0,0.0,0.0,0.0
974742930550060201,9.800000190734863,52.170981197033896,214.22033898305085,10.403236389160156,260.85491564044844
974942930457040201,0.0,0.0,0.0,0.0,0.0
974942930543725101,0.0,0.0,0.0,0.0,0.0
975042930510541501,0.0,0.0,0.0,0.0,0.0
975242930453297801,0.0,0.0,0.0,0.0,0.0
975242930461071801,0.0,0.0,0.0,0.0,0.0
975842928932504301,0.0,0.0,0.0,0.0,0.0
975842929372830602,4.5,10.032708390301705,21.781606052319752,3.720695734024048,40.13083213699754
975842930459401601,0.0,0.0,0.0,0.0,0.0
975942930550236302,0.0,0.0,0.0,0.0,0.0
976042930510456402,0.0,0.0,0.0,0.0,0.0
976142930517873802,0.0,0.0,0.0,0.0,0.0
976342930474245901,0.0,0.0,0.0,0.0,0.0
976542930455330202,0.0,0.0,0.0,0.0,0.0
976642928236013301,0.0,0.0,0.0,0.0,0.0
976642930525848502,0.0,0.0,0.0,0.0,0.0
976742930515539501,0.0,0.0,0.0,0.0,0.0
976842930528358801,0.0,0.0,0.0,0.0,0.0
976942929166149801,0.0,0.0,0.0,0.0,0.0
976942929649420101,0.0,0.0,0.0,0.0,0.0
976942930517612501,0.0,0.0,0.0,0.0,0.0
976942930544036701,0.0,0.0,0.0,0.0,0.0
977042929761804101,0.0,0.0,0.0,0.0,0.0
977042929766082001,0.0,0.0,0.0,0.0,0.0
977042930453187802,0.0,0.0,0.0,0.0,0.0
977042930455229602,0.0,0.0,0.0,0.0,0.0
977042930520193801,0.0,0.0,0.0,0.0,0.0
977242930456572102,0.782608687877655,17.350295076438847,83.41294964028776,24.733505249023438,399.0567776247752
977442930530523401,0.0,0.0,0.0,0.0,0.0
977542929575506301,0.0,0.0,0.0,0.0,0.0
977542930452687101,0.0,0.0,0.0,0.0,0.0
977542930475079801,0.0,0.0,0.0,0.0,0.0
977742930517508802,0.0,0.0,0.0,0.0,0.0
977842930530993101,0.0,0.0,0.0,0.0,0.0
978042930473153201,0.0,0.0,0.0,0.0,0.0
978042930477375602,0.0,0.0,0.0,0.0,0.0
978042930534141902,7.0,11.741166038074713,11.741379310344827,1.1436585187911987,11.741166038074713
978242930518591502,0.0,0.0,0.0,0.0,0.0
978342930537191602,0.0,0.0,0.0,0.0,0.0
978442930517492601,3.096774101257324,13.606489939275422,193.7521613832853,63.98672103881836,843.6023654898482
978542930508391901,0.0,0.0,0.0,0.0,0.0
978842930400230701,0.0,0.0,0.0,0.0,0.0
978842930528686002,1.5,15.536969350517369,29.540280857354027,3.5417680740356445,31.073940144586103
978942930532049202,0.0,0.0,0.0,0.0,0.0
979142930452654002,0.0,0.0,0.0,0.0,0.0
979242930527183501,0.0,0.0,0.0,0.0,0.0
979442930462990301,0.0,0.0,0.0,0.0,0.0
979442930509263301,0.0,0.0,0.0,0.0,0.0
979442930524665801,0.0,0.0,0.0,0.0,0.0
979442930525011102,0.0,0.0,0.0,0.0,0.0
979542928748781302,0.0,0.0,0.0,0.0,0.0
979542930454523202,0.0,0.0,0.0,0.0,0.0
979642930533659501,0.0,0.0,0.0,0.0,0.0
979642930535500002,0.0,0.0,0.0,0.0,0.0
979742930142546301,0.0,0.0,0.0,0.0,0.0
979742930523962802,0.0,0.0,0.0,0.0,0.0
979842930522363902,0.0,0.0,0.0,0.0,0.0
979942930544406401,0.0,0.0,0.0,0.0,0.0
981142928030358901,0.0,0.0,0.0,0.0,0.0
981242930533902402,0.0,0.0,0.0,0.0,0.0
981342928887221701,0.0,0.0,0.0,0.0,0.0
981542930534375901,0.0,0.0,0.0,0.0,0.0
981742930459941402,0.0,0.0,0.0,0.0,0.0
981742930548355901,0.0,0.0,0.0,0.0,0.0
981942930469934001,0.0,0.0,0.0,0.0,0.0
981942930529053301,0.0,0.0,0.0,0.0,0.0
982142930455207302,5.199999809265137,27.997185501264315,136.47687044474193,27.094684600830078,279.9718503644206
982142930544994001,0.0,0.0,0.0,0.0,0.0
982242930289696801,0.0,0.0,0.0,0.0,0.0
982242930460539502,0.0,0.0,0.0,0.0,0.0
982542930479890101,0.0,0.0,0.0,0.0,0.0
982642930544558602,0.0,0.0,0.0,0.0,0.0
983042930460799001,0.0,0.0,0.0,0.0,0.0
983042930466731102,0.0,0.0,0.0,0.0,0.0
983242930451643002,0.0,0.0,0.0,0.0,0.0
983342929259477301,0.0,0.0,0.0,0.0,0.0
983342930459033601,0.0,0.0,0.0,0.0,0.0
983542930453502302,0.0,0.0,0.0,0.0,0.0
983642928131153402,0.0,0.0,0.0,0.0,0.0
983842930526950101,0.0,0.0,0.0,0.0,0.0
984142929194564701,0.0,0.0,0.0,0.0,0.0
984142930475337102,0.0,0.0,0.0,0.0,0.0
984142930540765001,3.8433735370635986,17.31019476553384,376.1992415402567,101.1475601196289,1436.7461715039462
984342930458719601,0.0,0.0,0.0,0.0,0.0
984442930473622301,0.0,0.0,0.0,0.0,0.0
984442930508716301,0.0,0.0,0.0,0.0,0.0
984742930461979802,0.0,0.0,0.0,0.0,0.0
984742930524745701,0.0,0.0,0.0,0.0,0.0
984842930464541401,0.0,0.0,0.0,0.0,0.0
984842930522944902,0.0,0.0,0.0,0.0,0.0
984942930471672501,5.5,64.25810142381657,128.5147928994083,14.331714630126953,128.5162014481584
985042930200071502,0.0,0.0,0.0,0.0,0.0
985142928043557302,0.0,0.0,0.0,0.0,0.0
985142930453584501,0.0,0.0,0.0,0.0,0.0
985242928800758901,0.0,0.0,0.0,0.0,0.0
985242930524502401,0.0,0.0,0.0,0.0,0.0
985342930474563601,0.0,0.0,0.0,0.0,0.0
985442927963764302,0.0,0.0,0.0,0.0,0.0
985442930524342302,0.0,0.0,0.0,0.0,0.0
985542930469752901,2.9000000953674316,4.0397088216307475,15.796206177376105,5.902661323547363,40.39708756012954
985642930461590101,0.0,0.0,0.0,0.0,0.0
985642930550518002,0.0,0.0,0.0,0.0,0.0
985742930534538501,0.0,0.0,0.0,0.0,0.0
986042930008347601,3.6666667461395264,7.047314955710609,38.695961995249405,7.141180038452148,84.56778372117478
986042930528538801,0.0,0.0,0.0,0.0,0.0
986142929613470602,0.0,0.0,0.0,0.0,0.0
986142930459552302,0.0,0.0,0.0,0.0,0.0
986442929331698002,0.0,0.0,0.0,0.0,0.0
986642930473804201,0.0,0.0,0.0,0.0,0.0
986642930473913701,0.0,0.0,0.0,0.0,0.0
986742930540662901,0.0,0.0,0.0,0.0,0.0
986942930538931002,0.0,0.0,0.0,0.0,0.0
987142928113131802,0.0,0.0,0.0,0.0,0.0
987242930522519402,3.736842155456543,8.185153793238994,44.930817610062896,18.019132614135742,155.51792000024824
987342930447013802,0.0,0.0,0.0,0.0,0.0
987342930543887301,0.0,0.0,0.0,0.0,0.0
987342930546530302,0.0,0.0,0.0,0.0,0.0
987442930540724001,0.0,0.0,0.0,0.0,0.0
987542930462842201,0.0,0.0,0.0,0.0,0.0
987642930463086101,0.0,0.0,0.0,0.0,0.0
987842930520131102,0.0,0.0,0.0,0.0,0.0
987842930521523001,0.0,0.0,0.0,0.0,0.0
987942930516014102,0.0,0.0,0.0,0.0,0.0
988342930518856902,0.0,0.0,0.0,0.0,0.0
988442930454093302,0.9759036302566528,7.487390000148774,57.9019281123542,63.834564208984375,621.4533657118469
988442930541634602,0.0,0.0,0.0,0.0,0.0
988542930526469502,0.0,0.0,0.0,0.0,0.0
988542930534748501,0.0,0.0,0.0,0.0,0.0
988842930463926802,0.0,0.0,0.0,0.0,0.0
988842930464065702,0.0,0.0,0.0,0.0,0.0
988842930532545401,0.0,0.0,0.0,0.0,0.0
988942930454690401,0.0,0.0,0.0,0.0,0.0
989242930473765001,0.0,0.0,0.0,0.0,0.0
989542930524500402,0.0,0.0,0.0,0.0,0.0
989542930533468702,0.0,0.0,0.0,0.0,0.0
989842930461754501,0.0,0.0,0.0,0.0,0.0
989842930464132602,0.0,0.0,0.0,0.0,0.0
989942930456260802,0.0,0.0,0.0,0.0,0.0
991242930479098802,0.0,0.0,0.0,0.0,0.0
991342930540098101,0.0,0.0,0.0,0.0,0.0
991542930463664001,0.0,0.0,0.0,0.0,0.0
991542930518643601,0.0,0.0,0.0,0.0,0.0
991742930463945202,0.0,0.0,0.0,0.0,0.0
991842928825498401,0.0,0.0,0.0,0.0,0.0
991842930537303401,0.0,0.0,0.0,0.0,0.0
991942930511125502,0.0,0.0,0.0,0.0,0.0
992342930480155301,2.588235378265381,5.203988349666389,34.237281067556296,8.241729736328125,88.46779990176343
992542930480099201,3.8399999141693115,31.419339321627476,247.25742574257427,39.773033142089844,785.4834635517385
992542930525733701,0.0,0.0,0.0,0.0,0.0
992642930459466402,0.0,0.0,0.0,0.0,0.0
992642930477821202,0.0,0.0,0.0,0.0,0.0
993042930464585401,0.0,0.0,0.0,0.0,0.0
993042930510029501,2.344827651977539,13.90659147540234,75.32699341623994,115.72413635253906,1209.87351725759
993042930544697301,0.0,0.0,0.0,0.0,0.0
993142930475756501,0.0,0.0,0.0,0.0,0.0
993142930522642001,0.0,0.0,0.0,0.0,0.0
993142930528831101,0.0,0.0,0.0,0.0,0.0
993242930533153901,0.0,0.0,0.0,0.0,0.0
993242930550348701,0.0,0.0,0.0,0.0,0.0
993342927924660101,4.764705657958984,10.745418225304554,96.98755296610169,49.79497146606445,365.3442040823274
993442930474715502,0.0,0.0,0.0,0.0,0.0
993542929118579602,0.0,0.0,0.0,0.0,0.0
993542930477441201,0.0,0.0,0.0,0.0,0.0
993642930516157402,0.0,0.0,0.0,0.0,0.0
993842929550806601,0.0,0.0,0.0,0.0,0.0
993842930464478901,2.866666555404663,2.707076991580311,23.065699481865284,4.140902519226074,40.60615546824401
994042930473777501,0.0,0.0,0.0,0.0,0.0
994142930447787902,0.0,0.0,0.0,0.0,0.0
994142930465080302,0.0,0.0,0.0,0.0,0.0
994142930528868802,0.0,0.0,0.0,0.0,0.0
994342929861219802,0.0,0.0,0.0,0.0,0.0
994442929341356902,0.0,0.0,0.0,0.0,0.0
994442930527397301,3.3925232887268066,19.750058821834664,733.520590043024,88.27375793457031,2113.2563320434233
994742930545699501,0.0,0.0,0.0,0.0,0.0
994842930524179102,0.0,0.0,0.0,0.0,0.0
994942930459951601,2.170731782913208,46.91079336564171,99.81818181818181,144.94705200195312,1923.3425630335023
994942930515618002,0.0,0.0,0.0,0.0,0.0
995042930164891701,0.0,0.0,0.0,0.0,0.0
995242930475545801,0.0,0.0,0.0,0.0,0.0
995242930476650102,4.375,10.253647581905534,39.38550590414448,8.284290313720703,82.02918223800359
995342930544702302,0.0,0.0,0.0,0.0,0.0
995442930480700601,5.436363697052002,23.59079569327731,391.63655462184875,104.44927978515625,1297.4937337366473
995642930452472602,0.0,0.0,0.0,0.0,0.0
995642930542493302,0.0,0.0,0.0,0.0,0.0
995842930518515201,0.0,0.0,0.0,0.0,0.0
995842930539241201,0.0,0.0,0.0,0.0,0.0
995942930477593501,0.0,0.0,0.0,0.0,0.0
995942930529939201,0.0,0.0,0.0,0.0,0.0
996042930476708302,0.0,0.0,0.0,0.0,0.0
996142930517008302,0.0,0.0,0.0,0.0,0.0
996142930534753101,0.0,0.0,0.0,0.0,0.0
996242930516143801,0.0,0.0,0.0,0.0,0.0
996642930531987401,0.0,0.0,0.0,0.0,0.0
996742930528624701,0.0,0.0,0.0,0.0,0.0
996842930454202601,0.0,0.0,0.0,0.0,0.0
996842930527901802,0.0,0.0,0.0,0.0,0.0
996942930456686002,0.0,0.0,0.0,0.0,0.0
997042930525912602,0.0,0.0,0.0,0.0,0.0
997042930535548801,0.0,0.0,0.0,0.0,0.0
997042930547202501,0.0,0.0,0.0,0.0,0.0
997142930448340801,0.0,0.0,0.0,0.0,0.0
997142930533991201,0.0,0.0,0.0,0.0,0.0
997442930528682401,0.0,0.0,0.0,0.0,0.0
997442930541550202,0.0,0.0,0.0,0.0,0.0
997542927924780301,0.0,0.0,0.0,0.0,0.0
997542930465068602,0.0,0.0,0.0,0.0,0.0
997542930480726001,0.0,0.0,0.0,0.0,0.0
997642930458651301,0.0,0.0,0.0,0.0,0.0
998242930519613301,0.0,0.0,0.0,0.0,0.0
998242930520997601,0.0,0.0,0.0,0.0,0.0
998342930480337001,0.0,0.0,0.0,0.0,0.0
998342930516629202,0.0,0.0,0.0,0.0,0.0
998542930468052601,0.0,0.0,0.0,0.0,0.0
998542930473876202,0.0,0.0,0.0,0.0,0.0
998642930289367002,0.0,0.0,0.0,0.0,0.0
998642930455141602,0.0,0.0,0.0,0.0,0.0
998642930528189201,0.0,0.0,0.0,0.0,0.0
998642930550792801,0.0,0.0,0.0,0.0,0.0
998742930477922401,0.0,0.0,0.0,0.0,0.0
998942930519365201,0.0,0.0,0.0,0.0,0.0
998942930542691102,0.0,0.0,0.0,0.0,0.0
999142930447758201,0.0,0.0,0.0,0.0,0.0
999142930478783801,0.0,0.0,0.0,0.0,0.0
999242930508250202,0.0,0.0,0.0,0.0,0.0
999342930468853301,0.0,0.0,0.0,0.0,0.0
999442928311744002,0.0,0.0,0.0,0.0,0.0
999442930549845202,7.0,3.299751033560311,3.2997665369649805,0.4794710874557495,3.299751033560311
999542930479245001,0.0,0.0,0.0,0.0,0.0
999742930289423701,0.0,0.0,0.0,0.0,0.0
999842928912241201,0.0,0.0,0.0,0.0,0.0
999842930521939101,0.0,0.0,0.0,0.0,0.0
999842930529623202,0.0,0.0,0.0,0.0,0.0
999942930461543701,0.0,0.0,0.0,0.0,0.0
999942930462720301,3.13043475151062,7.938494484786808,84.15606457844625,26.010255813598633,182.5853791308597
999942930526263601,0.0,0.0,0.0,0.0,0.0
